path,score_full,score_causal,score_spurious,label
FakeVideo-FakeAudio/Asian (South)/men/id06354/00021_id00032_AQMDc6SKNXs_id07463_wavtolip.npz,-3.350144147872925,-3.350144147872925,4.755692481994629,1
FakeVideo-FakeAudio/Asian (South)/men/id06354/00021_id00033_wavtolip.npz,2.936781167984009,2.936781167984009,4.618334770202637,1
FakeVideo-FakeAudio/Asian (South)/men/id06354/00021_id00103_qpTVaP4y5DQ_id03945_wavtolip.npz,-5.357484817504883,-5.357484817504883,4.622204780578613,1
FakeVideo-FakeAudio/Asian (South)/men/id06354/00021_id00350_75IFJNFAMIM_id04562_wavtolip.npz,-0.6773953437805176,-0.6773953437805176,4.78045654296875,1
FakeVideo-FakeAudio/Asian (South)/men/id06354/00021_id00685_wavtolip.npz,-6.323431968688965,-6.323431968688965,4.685335159301758,1
FakeVideo-FakeAudio/Asian (South)/men/id06354/00021_id00732_wavtolip.npz,-6.272286415100098,-6.272286415100098,4.7677321434021,1
FakeVideo-FakeAudio/Asian (South)/men/id06354/00021_id00773_2j3lUETJ57I_id00459_wavtolip.npz,-1.5095006227493286,-1.5095006227493286,4.7229838371276855,1
FakeVideo-FakeAudio/Asian (South)/men/id06354/00021_id00816_wavtolip.npz,-6.388374328613281,-6.388374328613281,4.667802810668945,1
FakeVideo-FakeAudio/Asian (South)/men/id06354/00021_id04599_Q60DPi5Nhmk_id03599_wavtolip.npz,-0.965341329574585,-0.965341329574585,4.643180847167969,1
FakeVideo-FakeAudio/Asian (South)/men/id06354/00021_id06355_wavtolip.npz,-1.3193742036819458,-1.3193742036819458,4.613933563232422,1
FakeVideo-FakeAudio/Asian (South)/men/id06354/00021_id07058_JXJTxhrICl0_id07165_wavtolip.npz,-3.4058926105499268,-3.4058926105499268,4.727148056030273,1
FakeVideo-FakeAudio/Asian (South)/men/id06354/00021_id07108_qwfQPcvjGRY_id07233_wavtolip.npz,-2.482011556625366,-2.482011556625366,4.675356388092041,1
FakeVideo-FakeAudio/Asian (South)/men/id06354/00021_id07108_wavtolip.npz,-6.21978759765625,-6.21978759765625,4.668160438537598,1
FakeVideo-FakeAudio/Asian (South)/men/id06354/00021_id07179_wavtolip.npz,-3.7641053199768066,-3.7641053199768066,4.63128137588501,1
FakeVideo-FakeAudio/Asian (South)/men/id06354/00021_id07194_NDJaiff98Fo_faceswap_id03945_wavtolip.npz,-4.243702411651611,-4.243702411651611,4.600255966186523,1
FakeVideo-FakeAudio/Asian (South)/men/id06354/00021_id07194_NDJaiff98Fo_faceswap_id04537_wavtolip.npz,-1.2273379564285278,-1.2273379564285278,4.563060760498047,1
FakeVideo-FakeAudio/Asian (South)/men/id06354/00021_id07194_NDJaiff98Fo_faceswap_id04601_wavtolip.npz,-1.221795678138733,-1.221795678138733,4.108056545257568,1
FakeVideo-FakeAudio/Asian (South)/men/id06354/00021_id07194_NDJaiff98Fo_faceswap_id07200_wavtolip.npz,2.4625744819641113,2.4625744819641113,4.597718238830566,1
FakeVideo-FakeAudio/Asian (South)/men/id06354/00021_id07194_NDJaiff98Fo_faceswap_id07768_wavtolip.npz,-5.168483734130859,-5.168483734130859,4.669445514678955,1
FakeVideo-FakeAudio/Asian (South)/men/id06354/00021_id07194_NDJaiff98Fo_id00857_wavtolip.npz,-0.5284237265586853,-0.5284237265586853,4.529974937438965,1
FakeVideo-FakeAudio/Asian (South)/men/id06354/00021_id07210_wavtolip.npz,5.136037826538086,5.136037826538086,4.700465679168701,1
FakeVideo-FakeAudio/Asian (South)/men/id06354/00021_id08314_wavtolip.npz,-2.49906849861145,-2.49906849861145,4.6852827072143555,1
FakeVideo-FakeAudio/Asian (South)/men/id08314/00028_id00078_9CoVxzTOAhk_faceswap_id00459_wavtolip.npz,-1.019119143486023,-1.019119143486023,5.529613971710205,1
FakeVideo-FakeAudio/Asian (South)/men/id08314/00028_id00078_9CoVxzTOAhk_faceswap_id00685_wavtolip.npz,-2.295685291290283,-2.295685291290283,5.100610256195068,1
FakeVideo-FakeAudio/Asian (South)/men/id08314/00028_id00078_9CoVxzTOAhk_faceswap_id00745_wavtolip.npz,-1.1793179512023926,-1.1793179512023926,4.6362810134887695,1
FakeVideo-FakeAudio/Asian (South)/men/id08314/00028_id00078_9CoVxzTOAhk_faceswap_id00857_wavtolip.npz,-0.11818593740463257,-0.11818593740463257,4.456745147705078,1
FakeVideo-FakeAudio/Asian (South)/men/id08314/00028_id00078_9CoVxzTOAhk_faceswap_id04599_wavtolip.npz,-4.280789852142334,-4.280789852142334,4.585709095001221,1
FakeVideo-FakeAudio/Asian (South)/men/id08314/00028_id00078_9CoVxzTOAhk_id03180_wavtolip.npz,-3.2023420333862305,-3.2023420333862305,5.024296760559082,1
FakeVideo-FakeAudio/Asian (South)/men/id08314/00028_id00078_wavtolip.npz,-6.098690986633301,-6.098690986633301,5.020051956176758,1
FakeVideo-FakeAudio/Asian (South)/men/id08314/00028_id00103_qpTVaP4y5DQ_id07233_wavtolip.npz,-2.3005905151367188,-2.3005905151367188,4.679792404174805,1
FakeVideo-FakeAudio/Asian (South)/men/id08314/00028_id00459_wavtolip.npz,-1.2657710313796997,-1.2657710313796997,5.570060729980469,1
FakeVideo-FakeAudio/Asian (South)/men/id08314/00028_id00732_amGRpH0AJCs_id04928_wavtolip.npz,-1.7946144342422485,-1.7946144342422485,4.868534564971924,1
FakeVideo-FakeAudio/Asian (South)/men/id08314/00028_id00745_wavtolip.npz,-0.9633707404136658,-0.9633707404136658,4.650424957275391,1
FakeVideo-FakeAudio/Asian (South)/men/id08314/00028_id00773_2j3lUETJ57I_id00082_wavtolip.npz,-0.9280915260314941,-0.9280915260314941,5.185286521911621,1
FakeVideo-FakeAudio/Asian (South)/men/id08314/00028_id00816_wavtolip.npz,-1.527693510055542,-1.527693510055542,4.79072904586792,1
FakeVideo-FakeAudio/Asian (South)/men/id08314/00028_id03344_wavtolip.npz,-1.6421656608581543,-1.6421656608581543,4.919747352600098,1
FakeVideo-FakeAudio/Asian (South)/men/id08314/00028_id04599_wavtolip.npz,-3.4934816360473633,-3.4934816360473633,4.567654132843018,1
FakeVideo-FakeAudio/Asian (South)/men/id08314/00028_id04601_wavtolip.npz,-0.9069159030914307,-0.9069159030914307,4.127476692199707,1
FakeVideo-FakeAudio/Asian (South)/men/id08314/00028_id06753_wavtolip.npz,-4.075284957885742,-4.075284957885742,5.4560465812683105,1
FakeVideo-FakeAudio/Asian (South)/men/id08314/00028_id07163_wavtolip.npz,4.555391311645508,4.555391311645508,4.064209938049316,1
FakeVideo-FakeAudio/Asian (South)/men/id08314/00028_id07194_NDJaiff98Fo_id07210_wavtolip.npz,-1.5924351215362549,-1.5924351215362549,4.601522445678711,1
FakeVideo-FakeAudio/Asian (South)/men/id08314/00028_id07195_wXqfHGtaBn4_id06355_wavtolip.npz,-1.8153049945831299,-1.8153049945831299,4.6121931076049805,1
FakeVideo-FakeAudio/Asian (South)/men/id08314/00028_id08457_wavtolip.npz,-2.797145128250122,-2.797145128250122,4.879815101623535,1
FakeVideo-FakeAudio/Asian (South)/men/id07233/00010_id00032_wavtolip.npz,-6.241601467132568,-6.241601467132568,4.95476770401001,1
FakeVideo-FakeAudio/Asian (South)/men/id07233/00010_id00078_wavtolip.npz,-4.609602451324463,-4.609602451324463,4.9763946533203125,1
FakeVideo-FakeAudio/Asian (South)/men/id07233/00010_id00082_wavtolip.npz,-1.511398196220398,-1.511398196220398,4.914012908935547,1
FakeVideo-FakeAudio/Asian (South)/men/id07233/00010_id00685_wavtolip.npz,-6.192863941192627,-6.192863941192627,4.843533515930176,1
FakeVideo-FakeAudio/Asian (South)/men/id07233/00010_id00732_wavtolip.npz,-5.534427642822266,-5.534427642822266,4.884795188903809,1
FakeVideo-FakeAudio/Asian (South)/men/id07233/00010_id00769_BqHVSZdoVpM_id07165_wavtolip.npz,-4.189239978790283,-4.189239978790283,4.981329917907715,1
FakeVideo-FakeAudio/Asian (South)/men/id07233/00010_id00773_wavtolip.npz,0.600714385509491,0.600714385509491,4.384490013122559,1
FakeVideo-FakeAudio/Asian (South)/men/id07233/00010_id00816_wavtolip.npz,-2.383401393890381,-2.383401393890381,4.824150085449219,1
FakeVideo-FakeAudio/Asian (South)/men/id07233/00010_id03945_8gN6kSKpLRg_id07768_wavtolip.npz,-6.277968406677246,-6.277968406677246,4.730832576751709,1
FakeVideo-FakeAudio/Asian (South)/men/id07233/00010_id04537_G1e1UFopjfI_id04928_wavtolip.npz,-1.8417644500732422,-1.8417644500732422,4.764725208282471,1
FakeVideo-FakeAudio/Asian (South)/men/id07233/00010_id04554_8rSKsBhAaDo_id04599_wavtolip.npz,-2.763672113418579,-2.763672113418579,4.556119441986084,1
FakeVideo-FakeAudio/Asian (South)/men/id07233/00010_id04562_qio_Gs7wjvY_id07463_wavtolip.npz,-6.226524353027344,-6.226524353027344,4.969252586364746,1
FakeVideo-FakeAudio/Asian (South)/men/id07233/00010_id07161_wavtolip.npz,1.8653137683868408,1.8653137683868408,4.718549728393555,1
FakeVideo-FakeAudio/Asian (South)/men/id07233/00010_id07165_oJ_iy16IBTM_id07161_wavtolip.npz,1.7034540176391602,1.7034540176391602,4.748527526855469,1
FakeVideo-FakeAudio/Asian (South)/men/id07233/00010_id07195_wavtolip.npz,-2.524181365966797,-2.524181365966797,4.8070878982543945,1
FakeVideo-FakeAudio/Asian (South)/men/id07233/00010_id07200_quCElxMhW6g_faceswap_id00103_wavtolip.npz,4.822751045227051,4.822751045227051,4.406558036804199,1
FakeVideo-FakeAudio/Asian (South)/men/id07233/00010_id07200_quCElxMhW6g_faceswap_id00773_wavtolip.npz,2.2490012645721436,2.2490012645721436,4.356863975524902,1
FakeVideo-FakeAudio/Asian (South)/men/id07233/00010_id07200_quCElxMhW6g_faceswap_id06753_wavtolip.npz,-6.210609436035156,-6.210609436035156,4.8163862228393555,1
FakeVideo-FakeAudio/Asian (South)/men/id07233/00010_id07200_quCElxMhW6g_faceswap_id07195_wavtolip.npz,-2.042232036590576,-2.042232036590576,4.769418716430664,1
FakeVideo-FakeAudio/Asian (South)/men/id07233/00010_id07200_quCElxMhW6g_faceswap_id07463_wavtolip.npz,-6.22222900390625,-6.22222900390625,4.951498031616211,1
FakeVideo-FakeAudio/Asian (South)/men/id07233/00010_id07200_quCElxMhW6g_id04562_wavtolip.npz,4.445444583892822,4.445444583892822,4.876216888427734,1
FakeVideo-FakeAudio/Asian (South)/men/id07179/00206_id00078_wavtolip.npz,-6.029203414916992,-6.029203414916992,5.0300517082214355,1
FakeVideo-FakeAudio/Asian (South)/men/id07179/00206_id00082_wavtolip.npz,-0.5794493556022644,-0.5794493556022644,5.105116844177246,1
FakeVideo-FakeAudio/Asian (South)/men/id07179/00206_id00459_ubskcDDe7kM_id00103_wavtolip.npz,4.8334479331970215,4.8334479331970215,4.3202948570251465,1
FakeVideo-FakeAudio/Asian (South)/men/id07179/00206_id00685_wavtolip.npz,2.8574466705322266,2.8574466705322266,5.102105617523193,1
FakeVideo-FakeAudio/Asian (South)/men/id07179/00206_id00857_wavtolip.npz,-0.4638582468032837,-0.4638582468032837,4.400589466094971,1
FakeVideo-FakeAudio/Asian (South)/men/id07179/00206_id03344_wavtolip.npz,-0.6052771806716919,-0.6052771806716919,4.9722723960876465,1
FakeVideo-FakeAudio/Asian (South)/men/id07179/00206_id03599_wavtolip.npz,3.4996023178100586,3.4996023178100586,5.0739006996154785,1
FakeVideo-FakeAudio/Asian (South)/men/id07179/00206_id04526_dHGXa49tzWI_id00860_wavtolip.npz,-2.2273056507110596,-2.2273056507110596,4.661606311798096,1
FakeVideo-FakeAudio/Asian (South)/men/id07179/00206_id06334_EMORdZRY1r0_id04537_wavtolip.npz,2.203894853591919,2.203894853591919,4.822473526000977,1
FakeVideo-FakeAudio/Asian (South)/men/id07179/00206_id06753_wavtolip.npz,-4.065311908721924,-4.065311908721924,5.1656084060668945,1
FakeVideo-FakeAudio/Asian (South)/men/id07179/00206_id07163_aO7f_YmkQnc_id00816_wavtolip.npz,-1.9599884748458862,-1.9599884748458862,4.824631214141846,1
FakeVideo-FakeAudio/Asian (South)/men/id07179/00206_id07165_oJ_iy16IBTM_faceswap_id00032_wavtolip.npz,-4.639222621917725,-4.639222621917725,5.050843238830566,1
FakeVideo-FakeAudio/Asian (South)/men/id07179/00206_id07165_oJ_iy16IBTM_faceswap_id00082_wavtolip.npz,-0.8202025890350342,-0.8202025890350342,5.140615463256836,1
FakeVideo-FakeAudio/Asian (South)/men/id07179/00206_id07165_oJ_iy16IBTM_faceswap_id03180_wavtolip.npz,-2.6508262157440186,-2.6508262157440186,4.964710712432861,1
FakeVideo-FakeAudio/Asian (South)/men/id07179/00206_id07165_oJ_iy16IBTM_faceswap_id04928_wavtolip.npz,-1.4630241394042969,-1.4630241394042969,4.7478742599487305,1
FakeVideo-FakeAudio/Asian (South)/men/id07179/00206_id07165_oJ_iy16IBTM_faceswap_id07233_wavtolip.npz,-2.778095245361328,-2.778095245361328,4.618847370147705,1
FakeVideo-FakeAudio/Asian (South)/men/id07179/00206_id07165_oJ_iy16IBTM_id07058_wavtolip.npz,3.4525043964385986,3.4525043964385986,4.644228935241699,1
FakeVideo-FakeAudio/Asian (South)/men/id07179/00206_id07195_wavtolip.npz,-1.1931989192962646,-1.1931989192962646,4.701357841491699,1
FakeVideo-FakeAudio/Asian (South)/men/id07179/00206_id07210_wavtolip.npz,-1.8169116973876953,-1.8169116973876953,4.719333171844482,1
FakeVideo-FakeAudio/Asian (South)/men/id07179/00206_id07768_mD6x-0ihLOI_id08313_wavtolip.npz,-2.2474420070648193,-2.2474420070648193,5.034417152404785,1
FakeVideo-FakeAudio/Asian (South)/men/id07179/00206_id08314_66ufcsq8IWA_id00078_wavtolip.npz,-6.089296340942383,-6.089296340942383,5.070089817047119,1
FakeVideo-FakeAudio/Asian (South)/men/id07179/00206_id08314_wavtolip.npz,-2.0021448135375977,-2.0021448135375977,5.0997633934021,1
FakeVideo-FakeAudio/Asian (South)/men/id00860/00154_id00033_gduDuRWhnlQ_id00860_wavtolip.npz,-1.0950169563293457,-1.0950169563293457,4.826791763305664,1
FakeVideo-FakeAudio/Asian (South)/men/id00860/00154_id00033_wavtolip.npz,0.6697413921356201,0.6697413921356201,4.5465312004089355,1
FakeVideo-FakeAudio/Asian (South)/men/id00860/00154_id00082_wavtolip.npz,-1.293683409690857,-1.293683409690857,4.791484832763672,1
FakeVideo-FakeAudio/Asian (South)/men/id00860/00154_id00414_d3N2NrpGSp0_id06334_wavtolip.npz,-2.7328789234161377,-2.7328789234161377,4.745931148529053,1
FakeVideo-FakeAudio/Asian (South)/men/id00860/00154_id00459_ubskcDDe7kM_id00078_wavtolip.npz,-2.9562690258026123,-2.9562690258026123,4.9878315925598145,1
FakeVideo-FakeAudio/Asian (South)/men/id00860/00154_id00459_wavtolip.npz,-6.191109657287598,-6.191109657287598,4.765575408935547,1
FakeVideo-FakeAudio/Asian (South)/men/id00860/00154_id00773_wavtolip.npz,2.4876279830932617,2.4876279830932617,4.319077491760254,1
FakeVideo-FakeAudio/Asian (South)/men/id00860/00154_id03180_6wNTK7NkOd8_id00459_wavtolip.npz,-4.472372531890869,-4.472372531890869,4.778915882110596,1
FakeVideo-FakeAudio/Asian (South)/men/id00860/00154_id04537_G1e1UFopjfI_faceswap_id00860_wavtolip.npz,-2.0853238105773926,-2.0853238105773926,4.863354682922363,1
FakeVideo-FakeAudio/Asian (South)/men/id00860/00154_id04537_G1e1UFopjfI_faceswap_id04554_wavtolip.npz,-2.6131253242492676,-2.6131253242492676,4.769805431365967,1
FakeVideo-FakeAudio/Asian (South)/men/id00860/00154_id04537_G1e1UFopjfI_faceswap_id04928_wavtolip.npz,-1.8358715772628784,-1.8358715772628784,4.826174736022949,1
FakeVideo-FakeAudio/Asian (South)/men/id00860/00154_id04537_G1e1UFopjfI_faceswap_id07108_wavtolip.npz,-2.111053705215454,-2.111053705215454,4.794827461242676,1
FakeVideo-FakeAudio/Asian (South)/men/id00860/00154_id04537_G1e1UFopjfI_faceswap_id07233_wavtolip.npz,-2.2649435997009277,-2.2649435997009277,4.656416893005371,1
FakeVideo-FakeAudio/Asian (South)/men/id00860/00154_id04554_wavtolip.npz,-2.376879930496216,-2.376879930496216,4.648185729980469,1
FakeVideo-FakeAudio/Asian (South)/men/id00860/00154_id06753_wavtolip.npz,-4.114314079284668,-4.114314079284668,4.741570949554443,1
FakeVideo-FakeAudio/Asian (South)/men/id00860/00154_id07165_oJ_iy16IBTM_id00773_wavtolip.npz,2.1698575019836426,2.1698575019836426,4.342160224914551,1
FakeVideo-FakeAudio/Asian (South)/men/id00860/00154_id07165_wavtolip.npz,-3.155474901199341,-3.155474901199341,4.637081623077393,1
FakeVideo-FakeAudio/Asian (South)/men/id00860/00154_id07195_wXqfHGtaBn4_id07768_wavtolip.npz,-6.2388458251953125,-6.2388458251953125,4.749217987060547,1
FakeVideo-FakeAudio/Asian (South)/men/id00860/00154_id07200_quCElxMhW6g_id04562_wavtolip.npz,4.302067756652832,4.302067756652832,4.836733818054199,1
FakeVideo-FakeAudio/Asian (South)/men/id00860/00154_id07210_wavtolip.npz,-2.680328369140625,-2.680328369140625,4.720186233520508,1
FakeVideo-FakeAudio/Asian (South)/men/id00860/00154_id08457_wavtolip.npz,-6.225893020629883,-6.225893020629883,4.8120198249816895,1
FakeVideo-FakeAudio/Asian (South)/men/id07768/00143_id00033_gduDuRWhnlQ_id00816_wavtolip.npz,-2.5750861167907715,-2.5750861167907715,4.969423294067383,1
FakeVideo-FakeAudio/Asian (South)/men/id07768/00143_id00033_wavtolip.npz,3.2659661769866943,3.2659661769866943,4.496706962585449,1
FakeVideo-FakeAudio/Asian (South)/men/id07768/00143_id00078_wavtolip.npz,-6.09906530380249,-6.09906530380249,5.002242565155029,1
FakeVideo-FakeAudio/Asian (South)/men/id07768/00143_id00103_qpTVaP4y5DQ_id07768_wavtolip.npz,-5.647988796234131,-5.647988796234131,4.816424369812012,1
FakeVideo-FakeAudio/Asian (South)/men/id07768/00143_id00459_wavtolip.npz,-3.895357370376587,-3.895357370376587,5.0685715675354,1
FakeVideo-FakeAudio/Asian (South)/men/id07768/00143_id00685_wavtolip.npz,-5.994217872619629,-5.994217872619629,5.0406317710876465,1
FakeVideo-FakeAudio/Asian (South)/men/id07768/00143_id00732_amGRpH0AJCs_faceswap_id00459_wavtolip.npz,-4.188919544219971,-4.188919544219971,5.057797431945801,1
FakeVideo-FakeAudio/Asian (South)/men/id07768/00143_id00732_amGRpH0AJCs_faceswap_id00769_wavtolip.npz,-0.4975794553756714,-0.4975794553756714,4.528675079345703,1
FakeVideo-FakeAudio/Asian (South)/men/id07768/00143_id00732_amGRpH0AJCs_faceswap_id04562_wavtolip.npz,-0.9438297748565674,-0.9438297748565674,4.94984769821167,1
FakeVideo-FakeAudio/Asian (South)/men/id07768/00143_id00732_amGRpH0AJCs_faceswap_id07210_wavtolip.npz,-2.2043380737304688,-2.2043380737304688,4.752726078033447,1
FakeVideo-FakeAudio/Asian (South)/men/id07768/00143_id00732_amGRpH0AJCs_faceswap_id08314_wavtolip.npz,-3.176034450531006,-3.176034450531006,5.089145660400391,1
FakeVideo-FakeAudio/Asian (South)/men/id07768/00143_id00857_yJ7bbvwL4kU_id07179_wavtolip.npz,2.453855276107788,2.453855276107788,4.979722023010254,1
FakeVideo-FakeAudio/Asian (South)/men/id07768/00143_id03344_vyNnOo6lU0o_id06753_wavtolip.npz,-5.672816753387451,-5.672816753387451,4.977232933044434,1
FakeVideo-FakeAudio/Asian (South)/men/id07768/00143_id04560_wavtolip.npz,-2.6816115379333496,-2.6816115379333496,4.744729042053223,1
FakeVideo-FakeAudio/Asian (South)/men/id07768/00143_id04562_wavtolip.npz,1.38835608959198,1.38835608959198,4.9560160636901855,1
FakeVideo-FakeAudio/Asian (South)/men/id07768/00143_id06354_PmWLmcJNUhM_id04526_wavtolip.npz,-2.762824058532715,-2.762824058532715,4.910707950592041,1
FakeVideo-FakeAudio/Asian (South)/men/id07768/00143_id07058_wavtolip.npz,3.5753307342529297,3.5753307342529297,4.631043910980225,1
FakeVideo-FakeAudio/Asian (South)/men/id07768/00143_id07108_wavtolip.npz,-1.5495696067810059,-1.5495696067810059,4.697705268859863,1
FakeVideo-FakeAudio/Asian (South)/men/id07768/00143_id07161_wavtolip.npz,1.259027361869812,1.259027361869812,4.692751884460449,1
FakeVideo-FakeAudio/Asian (South)/men/id07768/00143_id07163_aO7f_YmkQnc_id04537_wavtolip.npz,0.06470371782779694,0.06470371782779694,4.959780693054199,1
FakeVideo-FakeAudio/Asian (South)/men/id07768/00143_id08313_wavtolip.npz,-2.9238672256469727,-2.9238672256469727,4.928372383117676,1
FakeVideo-FakeAudio/Asian (South)/men/id00078/00114_id00103_qpTVaP4y5DQ_faceswap_id03945_wavtolip.npz,-1.5108875036239624,-1.5108875036239624,4.908866882324219,1
FakeVideo-FakeAudio/Asian (South)/men/id00078/00114_id00103_qpTVaP4y5DQ_faceswap_id04560_wavtolip.npz,-1.917412519454956,-1.917412519454956,4.800797939300537,1
FakeVideo-FakeAudio/Asian (South)/men/id00078/00114_id00103_qpTVaP4y5DQ_faceswap_id07194_wavtolip.npz,-1.7360366582870483,-1.7360366582870483,4.677961826324463,1
FakeVideo-FakeAudio/Asian (South)/men/id00078/00114_id00103_qpTVaP4y5DQ_faceswap_id07768_wavtolip.npz,-6.272759914398193,-6.272759914398193,4.5984110832214355,1
FakeVideo-FakeAudio/Asian (South)/men/id00078/00114_id00103_qpTVaP4y5DQ_id00816_wavtolip.npz,-3.623623847961426,-3.623623847961426,4.832603931427002,1
FakeVideo-FakeAudio/Asian (South)/men/id00078/00114_id00350_75IFJNFAMIM_id00033_wavtolip.npz,1.8101649284362793,1.8101649284362793,4.622508525848389,1
FakeVideo-FakeAudio/Asian (South)/men/id00078/00114_id00685_wavtolip.npz,-6.0740766525268555,-6.0740766525268555,4.801449775695801,1
FakeVideo-FakeAudio/Asian (South)/men/id00078/00114_id00732_wavtolip.npz,-5.9093098640441895,-5.9093098640441895,4.9461283683776855,1
FakeVideo-FakeAudio/Asian (South)/men/id00078/00114_id00857_wavtolip.npz,-0.20809930562973022,-0.20809930562973022,4.4766950607299805,1
FakeVideo-FakeAudio/Asian (South)/men/id00078/00114_id00857_yJ7bbvwL4kU_id00816_wavtolip.npz,-2.5527398586273193,-2.5527398586273193,4.875769138336182,1
FakeVideo-FakeAudio/Asian (South)/men/id00078/00114_id03180_wavtolip.npz,-2.194002628326416,-2.194002628326416,4.924952983856201,1
FakeVideo-FakeAudio/Asian (South)/men/id00078/00114_id03344_vyNnOo6lU0o_id00773_wavtolip.npz,2.167534589767456,2.167534589767456,4.388756275177002,1
FakeVideo-FakeAudio/Asian (South)/men/id00078/00114_id03599_wavtolip.npz,-0.7893868684768677,-0.7893868684768677,5.012162208557129,1
FakeVideo-FakeAudio/Asian (South)/men/id00078/00114_id03599_y27BDmRUqMQ_id07161_wavtolip.npz,0.9450885057449341,0.9450885057449341,4.635573863983154,1
FakeVideo-FakeAudio/Asian (South)/men/id00078/00114_id04537_wavtolip.npz,0.5987457633018494,0.5987457633018494,4.8386616706848145,1
FakeVideo-FakeAudio/Asian (South)/men/id00078/00114_id04560_wavtolip.npz,-2.075352191925049,-2.075352191925049,4.840912342071533,1
FakeVideo-FakeAudio/Asian (South)/men/id00078/00114_id06354_PmWLmcJNUhM_id06334_wavtolip.npz,-2.2195703983306885,-2.2195703983306885,4.7571940422058105,1
FakeVideo-FakeAudio/Asian (South)/men/id00078/00114_id07058_JXJTxhrICl0_id07058_wavtolip.npz,3.501899480819702,3.501899480819702,4.574839115142822,1
FakeVideo-FakeAudio/Asian (South)/men/id00078/00114_id07058_wavtolip.npz,3.4803519248962402,3.4803519248962402,4.641866683959961,1
FakeVideo-FakeAudio/Asian (South)/men/id00078/00114_id07163_wavtolip.npz,4.5942769050598145,4.5942769050598145,4.018226146697998,1
FakeVideo-FakeAudio/Asian (South)/men/id00078/00114_id07210_0160kET2rUM_id04562_wavtolip.npz,1.7307568788528442,1.7307568788528442,4.8989176750183105,1
FakeVideo-FakeAudio/Asian (South)/men/id00078/00114_id08313_wavtolip.npz,-4.880639553070068,-4.880639553070068,4.980671405792236,1
FakeVideo-FakeAudio/Asian (South)/men/id03599/00072_id00032_wavtolip.npz,-3.013856887817383,-3.013856887817383,5.16502046585083,1
FakeVideo-FakeAudio/Asian (South)/men/id03599/00072_id00033_wavtolip.npz,0.0006052255630493164,0.0006052255630493164,4.63145637512207,1
FakeVideo-FakeAudio/Asian (South)/men/id03599/00072_id00103_qpTVaP4y5DQ_id00032_wavtolip.npz,-5.976474285125732,-5.976474285125732,5.171750545501709,1
FakeVideo-FakeAudio/Asian (South)/men/id03599/00072_id00350_75IFJNFAMIM_id07195_wavtolip.npz,-3.5215072631835938,-3.5215072631835938,4.783209800720215,1
FakeVideo-FakeAudio/Asian (South)/men/id03599/00072_id00773_2j3lUETJ57I_id07233_wavtolip.npz,-2.5514609813690186,-2.5514609813690186,4.719142913818359,1
FakeVideo-FakeAudio/Asian (South)/men/id03599/00072_id00857_wavtolip.npz,-0.6696900129318237,-0.6696900129318237,4.637434005737305,1
FakeVideo-FakeAudio/Asian (South)/men/id03599/00072_id00857_yJ7bbvwL4kU_id00860_wavtolip.npz,-1.7808253765106201,-1.7808253765106201,4.734139442443848,1
FakeVideo-FakeAudio/Asian (South)/men/id03599/00072_id03344_wavtolip.npz,-1.6544616222381592,-1.6544616222381592,5.025077819824219,1
FakeVideo-FakeAudio/Asian (South)/men/id03599/00072_id04526_wavtolip.npz,-2.0169880390167236,-2.0169880390167236,4.919223785400391,1
FakeVideo-FakeAudio/Asian (South)/men/id03599/00072_id04554_wavtolip.npz,-0.5569235682487488,-0.5569235682487488,5.253131866455078,1
FakeVideo-FakeAudio/Asian (South)/men/id03599/00072_id04562_qio_Gs7wjvY_id04537_wavtolip.npz,-0.44693809747695923,-0.44693809747695923,4.906094074249268,1
FakeVideo-FakeAudio/Asian (South)/men/id03599/00072_id06334_wavtolip.npz,-1.0002882480621338,-1.0002882480621338,4.84177303314209,1
FakeVideo-FakeAudio/Asian (South)/men/id03599/00072_id06753_BRg5r4jHC3I_id07210_wavtolip.npz,-1.7874505519866943,-1.7874505519866943,4.635290145874023,1
FakeVideo-FakeAudio/Asian (South)/men/id03599/00072_id07108_wavtolip.npz,-1.9518959522247314,-1.9518959522247314,4.8239006996154785,1
FakeVideo-FakeAudio/Asian (South)/men/id03599/00072_id07210_wavtolip.npz,-1.8398265838623047,-1.8398265838623047,4.789923667907715,1
FakeVideo-FakeAudio/Asian (South)/men/id03599/00072_id08313_t6WZ9KCaXBM_faceswap_id04601_wavtolip.npz,-0.5405321717262268,-0.5405321717262268,4.209927082061768,1
FakeVideo-FakeAudio/Asian (South)/men/id03599/00072_id08313_t6WZ9KCaXBM_faceswap_id07163_wavtolip.npz,4.6077494621276855,4.6077494621276855,4.033135890960693,1
FakeVideo-FakeAudio/Asian (South)/men/id03599/00072_id08313_t6WZ9KCaXBM_faceswap_id07165_wavtolip.npz,-4.090242385864258,-4.090242385864258,5.25844144821167,1
FakeVideo-FakeAudio/Asian (South)/men/id03599/00072_id08313_t6WZ9KCaXBM_faceswap_id07210_wavtolip.npz,-1.0015203952789307,-1.0015203952789307,4.67948579788208,1
FakeVideo-FakeAudio/Asian (South)/men/id03599/00072_id08313_t6WZ9KCaXBM_id06355_wavtolip.npz,-1.8714287281036377,-1.8714287281036377,4.565936088562012,1
FakeVideo-FakeAudio/Asian (South)/men/id03599/00072_id08457_vFyjAJwQulM_id07194_wavtolip.npz,-0.001050710678100586,-0.001050710678100586,4.650932312011719,1
FakeVideo-FakeAudio/Asian (South)/men/id00745/00165_id00032_wavtolip.npz,-6.343301296234131,-6.343301296234131,4.8300018310546875,1
FakeVideo-FakeAudio/Asian (South)/men/id00745/00165_id00033_gduDuRWhnlQ_faceswap_id00032_wavtolip.npz,-6.336918830871582,-6.336918830871582,4.782966613769531,1
FakeVideo-FakeAudio/Asian (South)/men/id00745/00165_id00033_gduDuRWhnlQ_faceswap_id03599_wavtolip.npz,-1.7804298400878906,-1.7804298400878906,4.729034423828125,1
FakeVideo-FakeAudio/Asian (South)/men/id00745/00165_id00033_gduDuRWhnlQ_faceswap_id04554_wavtolip.npz,-2.0217931270599365,-2.0217931270599365,4.692525863647461,1
FakeVideo-FakeAudio/Asian (South)/men/id00745/00165_id00033_gduDuRWhnlQ_faceswap_id04562_wavtolip.npz,-1.1946039199829102,-1.1946039199829102,4.686098098754883,1
FakeVideo-FakeAudio/Asian (South)/men/id00745/00165_id00033_gduDuRWhnlQ_faceswap_id07182_wavtolip.npz,3.636536121368408,3.636536121368408,4.721599578857422,1
FakeVideo-FakeAudio/Asian (South)/men/id00745/00165_id00033_gduDuRWhnlQ_id04554_wavtolip.npz,-2.7326154708862305,-2.7326154708862305,4.773515701293945,1
FakeVideo-FakeAudio/Asian (South)/men/id00745/00165_id00082_wavtolip.npz,-0.41947782039642334,-0.41947782039642334,4.675697326660156,1
FakeVideo-FakeAudio/Asian (South)/men/id00745/00165_id00103_wavtolip.npz,4.825007438659668,4.825007438659668,4.365415096282959,1
FakeVideo-FakeAudio/Asian (South)/men/id00745/00165_id00857_yJ7bbvwL4kU_id07179_wavtolip.npz,-5.754745006561279,-5.754745006561279,4.70933723449707,1
FakeVideo-FakeAudio/Asian (South)/men/id00745/00165_id03945_wavtolip.npz,-6.275007247924805,-6.275007247924805,4.673414707183838,1
FakeVideo-FakeAudio/Asian (South)/men/id00745/00165_id04537_wavtolip.npz,-1.3726277351379395,-1.3726277351379395,4.617074966430664,1
FakeVideo-FakeAudio/Asian (South)/men/id00745/00165_id04561_tU_UYY5hSvc_id04599_wavtolip.npz,-3.8164491653442383,-3.8164491653442383,4.643857002258301,1
FakeVideo-FakeAudio/Asian (South)/men/id00745/00165_id04599_wavtolip.npz,-1.9942208528518677,-1.9942208528518677,4.51496696472168,1
FakeVideo-FakeAudio/Asian (South)/men/id00745/00165_id04928_wavtolip.npz,-6.327796459197998,-6.327796459197998,4.613111972808838,1
FakeVideo-FakeAudio/Asian (South)/men/id00745/00165_id06354_PmWLmcJNUhM_id00033_wavtolip.npz,2.1652276515960693,2.1652276515960693,4.559331893920898,1
FakeVideo-FakeAudio/Asian (South)/men/id00745/00165_id07108_qwfQPcvjGRY_id00769_wavtolip.npz,-1.4466322660446167,-1.4466322660446167,4.573955059051514,1
FakeVideo-FakeAudio/Asian (South)/men/id00745/00165_id07161_OYWKr82Zu38_id04537_wavtolip.npz,-1.8984839916229248,-1.8984839916229248,4.684486389160156,1
FakeVideo-FakeAudio/Asian (South)/men/id00745/00165_id07165_wavtolip.npz,0.036173149943351746,0.036173149943351746,4.695615768432617,1
FakeVideo-FakeAudio/Asian (South)/men/id00745/00165_id07195_wXqfHGtaBn4_id00732_wavtolip.npz,-2.540309190750122,-2.540309190750122,4.774960994720459,1
FakeVideo-FakeAudio/Asian (South)/men/id00745/00165_id07210_wavtolip.npz,-2.0978424549102783,-2.0978424549102783,4.749124526977539,1
FakeVideo-FakeAudio/Asian (South)/men/id00745/00165_id08314_wavtolip.npz,-4.542019367218018,-4.542019367218018,4.81592321395874,1
FakeVideo-FakeAudio/Asian (South)/men/id07161/00159_id00082_wavtolip.npz,-0.7281078100204468,-0.7281078100204468,4.8803815841674805,1
FakeVideo-FakeAudio/Asian (South)/men/id07161/00159_id00103_wavtolip.npz,4.840878009796143,4.840878009796143,4.38745641708374,1
FakeVideo-FakeAudio/Asian (South)/men/id07161/00159_id00414_d3N2NrpGSp0_id04554_wavtolip.npz,-1.3723013401031494,-1.3723013401031494,4.697798728942871,1
FakeVideo-FakeAudio/Asian (South)/men/id07161/00159_id00459_wavtolip.npz,-6.066780090332031,-6.066780090332031,4.815471172332764,1
FakeVideo-FakeAudio/Asian (South)/men/id07161/00159_id00745_eODND1ul7vE_id03945_wavtolip.npz,-6.287662506103516,-6.287662506103516,4.709333419799805,1
FakeVideo-FakeAudio/Asian (South)/men/id07161/00159_id00816_wavtolip.npz,-6.311062335968018,-6.311062335968018,4.842720985412598,1
FakeVideo-FakeAudio/Asian (South)/men/id07161/00159_id03344_vyNnOo6lU0o_id00103_wavtolip.npz,4.864199638366699,4.864199638366699,4.380891799926758,1
FakeVideo-FakeAudio/Asian (South)/men/id07161/00159_id04601_x4Apx8z6nOg_id04601_wavtolip.npz,-0.6976245045661926,-0.6976245045661926,4.222885608673096,1
FakeVideo-FakeAudio/Asian (South)/men/id07161/00159_id04928_wavtolip.npz,-6.30422306060791,-6.30422306060791,4.824493408203125,1
FakeVideo-FakeAudio/Asian (South)/men/id07161/00159_id06354_PmWLmcJNUhM_id00685_wavtolip.npz,-6.263706207275391,-6.263706207275391,4.822641372680664,1
FakeVideo-FakeAudio/Asian (South)/men/id07161/00159_id06355_wavtolip.npz,-0.9449851512908936,-0.9449851512908936,4.630317211151123,1
FakeVideo-FakeAudio/Asian (South)/men/id07161/00159_id07108_qwfQPcvjGRY_id07195_wavtolip.npz,-6.258533954620361,-6.258533954620361,4.748910427093506,1
FakeVideo-FakeAudio/Asian (South)/men/id07161/00159_id07165_wavtolip.npz,-5.564626216888428,-5.564626216888428,4.817555904388428,1
FakeVideo-FakeAudio/Asian (South)/men/id07161/00159_id07194_NDJaiff98Fo_id07161_wavtolip.npz,1.3894262313842773,1.3894262313842773,4.788972854614258,1
FakeVideo-FakeAudio/Asian (South)/men/id07161/00159_id07195_wXqfHGtaBn4_faceswap_id00103_wavtolip.npz,4.8368730545043945,4.8368730545043945,4.438175201416016,1
FakeVideo-FakeAudio/Asian (South)/men/id07161/00159_id07195_wXqfHGtaBn4_faceswap_id00732_wavtolip.npz,-6.231075763702393,-6.231075763702393,4.840023517608643,1
FakeVideo-FakeAudio/Asian (South)/men/id07161/00159_id07195_wXqfHGtaBn4_faceswap_id06355_wavtolip.npz,-1.174495816230774,-1.174495816230774,4.634720325469971,1
FakeVideo-FakeAudio/Asian (South)/men/id07161/00159_id07195_wXqfHGtaBn4_faceswap_id07179_wavtolip.npz,-5.5064826011657715,-5.5064826011657715,4.742865085601807,1
FakeVideo-FakeAudio/Asian (South)/men/id07161/00159_id07195_wXqfHGtaBn4_faceswap_id07200_wavtolip.npz,-1.9766950607299805,-1.9766950607299805,4.8307204246521,1
FakeVideo-FakeAudio/Asian (South)/men/id07161/00159_id07195_wXqfHGtaBn4_id04526_wavtolip.npz,-6.29101037979126,-6.29101037979126,4.9746599197387695,1
FakeVideo-FakeAudio/Asian (South)/men/id07161/00159_id07195_wavtolip.npz,-6.2756452560424805,-6.2756452560424805,4.74763298034668,1
FakeVideo-FakeAudio/Asian (South)/men/id07161/00159_id08314_wavtolip.npz,-3.3753933906555176,-3.3753933906555176,4.889463901519775,1
FakeVideo-FakeAudio/Asian (South)/men/id04561/00248_id00033_gduDuRWhnlQ_id00032_wavtolip.npz,-6.293203830718994,-6.293203830718994,4.915915489196777,1
FakeVideo-FakeAudio/Asian (South)/men/id04561/00248_id00078_wavtolip.npz,-2.2060577869415283,-2.2060577869415283,4.935307502746582,1
FakeVideo-FakeAudio/Asian (South)/men/id04561/00248_id00103_qpTVaP4y5DQ_id04928_wavtolip.npz,-2.0334835052490234,-2.0334835052490234,4.818135738372803,1
FakeVideo-FakeAudio/Asian (South)/men/id04561/00248_id00769_BqHVSZdoVpM_id00773_wavtolip.npz,3.2770473957061768,3.2770473957061768,4.5253496170043945,1
FakeVideo-FakeAudio/Asian (South)/men/id04561/00248_id00773_2j3lUETJ57I_id08313_wavtolip.npz,-4.914308071136475,-4.914308071136475,4.895522117614746,1
FakeVideo-FakeAudio/Asian (South)/men/id04561/00248_id00857_yJ7bbvwL4kU_id07768_wavtolip.npz,-5.103607177734375,-5.103607177734375,4.722930908203125,1
FakeVideo-FakeAudio/Asian (South)/men/id04561/00248_id03344_vyNnOo6lU0o_id00816_wavtolip.npz,-6.25792121887207,-6.25792121887207,4.794172763824463,1
FakeVideo-FakeAudio/Asian (South)/men/id04561/00248_id03945_wavtolip.npz,-5.764761924743652,-5.764761924743652,4.647548198699951,1
FakeVideo-FakeAudio/Asian (South)/men/id04561/00248_id04562_wavtolip.npz,4.6901631355285645,4.6901631355285645,4.787926197052002,1
FakeVideo-FakeAudio/Asian (South)/men/id04561/00248_id04599_wavtolip.npz,-1.4788709878921509,-1.4788709878921509,4.655653953552246,1
FakeVideo-FakeAudio/Asian (South)/men/id04561/00248_id04601_wavtolip.npz,-0.6140475273132324,-0.6140475273132324,4.2240824699401855,1
FakeVideo-FakeAudio/Asian (South)/men/id04561/00248_id06753_wavtolip.npz,-6.24271821975708,-6.24271821975708,4.803174018859863,1
FakeVideo-FakeAudio/Asian (South)/men/id04561/00248_id07163_wavtolip.npz,4.612465858459473,4.612465858459473,4.0898966789245605,1
FakeVideo-FakeAudio/Asian (South)/men/id04561/00248_id07233_wavtolip.npz,-1.7938063144683838,-1.7938063144683838,4.670501708984375,1
FakeVideo-FakeAudio/Asian (South)/men/id04561/00248_id07768_wavtolip.npz,-5.146083831787109,-5.146083831787109,4.775721073150635,1
FakeVideo-FakeAudio/Asian (South)/men/id07463/00028_id00032_wavtolip.npz,-5.986975193023682,-5.986975193023682,4.997774600982666,1
FakeVideo-FakeAudio/Asian (South)/men/id07463/00028_id00033_wavtolip.npz,0.8962801694869995,0.8962801694869995,4.604263782501221,1
FakeVideo-FakeAudio/Asian (South)/men/id07463/00028_id00414_wavtolip.npz,-0.6705358028411865,-0.6705358028411865,4.970251560211182,1
FakeVideo-FakeAudio/Asian (South)/men/id07463/00028_id00745_wavtolip.npz,-0.07264840602874756,-0.07264840602874756,4.700830459594727,1
FakeVideo-FakeAudio/Asian (South)/men/id07463/00028_id00769_wavtolip.npz,-1.7691662311553955,-1.7691662311553955,4.615542411804199,1
FakeVideo-FakeAudio/Asian (South)/men/id07463/00028_id00773_2j3lUETJ57I_id00033_wavtolip.npz,0.46657586097717285,0.46657586097717285,4.556410789489746,1
FakeVideo-FakeAudio/Asian (South)/men/id07463/00028_id03180_6wNTK7NkOd8_id04560_wavtolip.npz,0.29289984703063965,0.29289984703063965,4.811720848083496,1
FakeVideo-FakeAudio/Asian (South)/men/id07463/00028_id03599_y27BDmRUqMQ_id03599_wavtolip.npz,-0.026253700256347656,-0.026253700256347656,5.071864604949951,1
FakeVideo-FakeAudio/Asian (South)/men/id07463/00028_id04562_qio_Gs7wjvY_faceswap_id00773_wavtolip.npz,2.797471523284912,2.797471523284912,4.333329677581787,1
FakeVideo-FakeAudio/Asian (South)/men/id07463/00028_id04562_qio_Gs7wjvY_faceswap_id00860_wavtolip.npz,-1.2739111185073853,-1.2739111185073853,4.730339050292969,1
FakeVideo-FakeAudio/Asian (South)/men/id07463/00028_id04562_qio_Gs7wjvY_faceswap_id07058_wavtolip.npz,3.5878825187683105,3.5878825187683105,4.623322486877441,1
FakeVideo-FakeAudio/Asian (South)/men/id07463/00028_id04562_qio_Gs7wjvY_faceswap_id07233_wavtolip.npz,-2.743978500366211,-2.743978500366211,4.625940799713135,1
FakeVideo-FakeAudio/Asian (South)/men/id07463/00028_id04562_qio_Gs7wjvY_faceswap_id08313_wavtolip.npz,-2.1687209606170654,-2.1687209606170654,5.0265092849731445,1
FakeVideo-FakeAudio/Asian (South)/men/id07463/00028_id04562_qio_Gs7wjvY_id04554_wavtolip.npz,-0.25533053278923035,-0.25533053278923035,5.116528511047363,1
FakeVideo-FakeAudio/Asian (South)/men/id07463/00028_id04599_wavtolip.npz,-2.0647475719451904,-2.0647475719451904,4.700920104980469,1
FakeVideo-FakeAudio/Asian (South)/men/id07463/00028_id06753_wavtolip.npz,-3.0997910499572754,-3.0997910499572754,5.092839241027832,1
FakeVideo-FakeAudio/Asian (South)/men/id07463/00028_id07182_717IRon_OIQ_id07179_wavtolip.npz,1.3855832815170288,1.3855832815170288,4.934125900268555,1
FakeVideo-FakeAudio/Asian (South)/men/id07463/00028_id07182_wavtolip.npz,-1.2309696674346924,-1.2309696674346924,4.709860324859619,1
FakeVideo-FakeAudio/Asian (South)/men/id07463/00028_id07194_NDJaiff98Fo_id00732_wavtolip.npz,-2.8449769020080566,-2.8449769020080566,5.057706832885742,1
FakeVideo-FakeAudio/Asian (South)/men/id07463/00028_id07768_wavtolip.npz,-2.2990975379943848,-2.2990975379943848,4.703297138214111,1
FakeVideo-FakeAudio/Asian (South)/men/id07182/00040_id00032_AQMDc6SKNXs_id04526_wavtolip.npz,-6.165080547332764,-6.165080547332764,5.003958702087402,1
FakeVideo-FakeAudio/Asian (South)/men/id07182/00040_id00103_qpTVaP4y5DQ_id00773_wavtolip.npz,2.5778942108154297,2.5778942108154297,4.345002174377441,1
FakeVideo-FakeAudio/Asian (South)/men/id07182/00040_id00732_amGRpH0AJCs_id00032_wavtolip.npz,-6.186851501464844,-6.186851501464844,4.968105316162109,1
FakeVideo-FakeAudio/Asian (South)/men/id07182/00040_id00769_wavtolip.npz,-1.2129855155944824,-1.2129855155944824,4.600377082824707,1
FakeVideo-FakeAudio/Asian (South)/men/id07182/00040_id03180_wavtolip.npz,-2.0812716484069824,-2.0812716484069824,4.885870933532715,1
FakeVideo-FakeAudio/Asian (South)/men/id07182/00040_id03344_wavtolip.npz,-4.194986820220947,-4.194986820220947,4.8538947105407715,1
FakeVideo-FakeAudio/Asian (South)/men/id07182/00040_id04537_wavtolip.npz,-0.9092949628829956,-0.9092949628829956,4.781217098236084,1
FakeVideo-FakeAudio/Asian (South)/men/id07182/00040_id04562_qio_Gs7wjvY_faceswap_id00078_wavtolip.npz,-1.053382396697998,-1.053382396697998,4.884153366088867,1
FakeVideo-FakeAudio/Asian (South)/men/id07182/00040_id04562_qio_Gs7wjvY_faceswap_id00860_wavtolip.npz,-1.6279056072235107,-1.6279056072235107,4.767261028289795,1
FakeVideo-FakeAudio/Asian (South)/men/id07182/00040_id04562_qio_Gs7wjvY_faceswap_id03945_wavtolip.npz,-5.872364044189453,-5.872364044189453,4.804193019866943,1
FakeVideo-FakeAudio/Asian (South)/men/id07182/00040_id04562_qio_Gs7wjvY_faceswap_id07463_wavtolip.npz,-4.157344818115234,-4.157344818115234,4.919217109680176,1
FakeVideo-FakeAudio/Asian (South)/men/id07182/00040_id04562_qio_Gs7wjvY_faceswap_id08457_wavtolip.npz,-6.173853397369385,-6.173853397369385,4.855685710906982,1
FakeVideo-FakeAudio/Asian (South)/men/id07182/00040_id04562_qio_Gs7wjvY_id00773_wavtolip.npz,2.8830058574676514,2.8830058574676514,4.373220920562744,1
FakeVideo-FakeAudio/Asian (South)/men/id07182/00040_id04599_wavtolip.npz,-1.0171157121658325,-1.0171157121658325,4.597191333770752,1
FakeVideo-FakeAudio/Asian (South)/men/id07182/00040_id06753_wavtolip.npz,-5.2007222175598145,-5.2007222175598145,4.859284400939941,1
FakeVideo-FakeAudio/Asian (South)/men/id07182/00040_id07058_wavtolip.npz,3.469913959503174,3.469913959503174,4.6367506980896,1
FakeVideo-FakeAudio/Asian (South)/men/id07182/00040_id07163_wavtolip.npz,4.646235466003418,4.646235466003418,4.051296710968018,1
FakeVideo-FakeAudio/Asian (South)/men/id07182/00040_id07194_NDJaiff98Fo_id07161_wavtolip.npz,1.8408921957015991,1.8408921957015991,4.6672515869140625,1
FakeVideo-FakeAudio/Asian (South)/men/id07182/00040_id07463_AAYjDglMf2Q_id07768_wavtolip.npz,-6.298460483551025,-6.298460483551025,4.777858257293701,1
FakeVideo-FakeAudio/Asian (South)/men/id07182/00040_id08314_wavtolip.npz,-2.281034469604492,-2.281034469604492,4.852792739868164,1
FakeVideo-FakeAudio/Asian (South)/men/id07182/00040_id08457_vFyjAJwQulM_id07210_wavtolip.npz,-1.7997260093688965,-1.7997260093688965,4.658322334289551,1
FakeVideo-FakeAudio/Asian (South)/men/id00459/00382_id00032_wavtolip.npz,-2.272498846054077,-2.272498846054077,5.159994602203369,1
FakeVideo-FakeAudio/Asian (South)/men/id00459/00382_id00414_wavtolip.npz,-0.7301860451698303,-0.7301860451698303,4.980953216552734,1
FakeVideo-FakeAudio/Asian (South)/men/id00459/00382_id00769_BqHVSZdoVpM_faceswap_id03344_wavtolip.npz,-1.466253399848938,-1.466253399848938,4.97602653503418,1
FakeVideo-FakeAudio/Asian (South)/men/id00459/00382_id00769_BqHVSZdoVpM_faceswap_id04554_wavtolip.npz,-0.6623985767364502,-0.6623985767364502,5.792342185974121,1
FakeVideo-FakeAudio/Asian (South)/men/id00459/00382_id00769_BqHVSZdoVpM_faceswap_id04560_wavtolip.npz,-1.7656638622283936,-1.7656638622283936,4.796590805053711,1
FakeVideo-FakeAudio/Asian (South)/men/id00459/00382_id00769_BqHVSZdoVpM_faceswap_id07195_wavtolip.npz,-1.9242708683013916,-1.9242708683013916,4.798088073730469,1
FakeVideo-FakeAudio/Asian (South)/men/id00459/00382_id00769_BqHVSZdoVpM_faceswap_id08457_wavtolip.npz,-3.401092052459717,-3.401092052459717,4.998578071594238,1
FakeVideo-FakeAudio/Asian (South)/men/id00459/00382_id00769_BqHVSZdoVpM_id00082_wavtolip.npz,-0.22027349472045898,-0.22027349472045898,5.149077415466309,1
FakeVideo-FakeAudio/Asian (South)/men/id00459/00382_id00816_wavtolip.npz,-0.6762019395828247,-0.6762019395828247,4.808775901794434,1
FakeVideo-FakeAudio/Asian (South)/men/id00459/00382_id00857_wavtolip.npz,-0.6140125393867493,-0.6140125393867493,4.483713150024414,1
FakeVideo-FakeAudio/Asian (South)/men/id00459/00382_id03344_vyNnOo6lU0o_id07161_wavtolip.npz,1.7574889659881592,1.7574889659881592,4.7708916664123535,1
FakeVideo-FakeAudio/Asian (South)/men/id00459/00382_id04562_wavtolip.npz,2.52325177192688,2.52325177192688,5.467830181121826,1
FakeVideo-FakeAudio/Asian (South)/men/id00459/00382_id06354_PmWLmcJNUhM_id03945_wavtolip.npz,-1.9320472478866577,-1.9320472478866577,4.971168041229248,1
FakeVideo-FakeAudio/Asian (South)/men/id00459/00382_id06355_wavtolip.npz,-1.4525465965270996,-1.4525465965270996,4.540184020996094,1
FakeVideo-FakeAudio/Asian (South)/men/id00459/00382_id07108_qwfQPcvjGRY_id00082_wavtolip.npz,-0.4459192752838135,-0.4459192752838135,5.102593898773193,1
FakeVideo-FakeAudio/Asian (South)/men/id00459/00382_id07161_wavtolip.npz,1.6600812673568726,1.6600812673568726,4.6014933586120605,1
FakeVideo-FakeAudio/Asian (South)/men/id00459/00382_id07165_oJ_iy16IBTM_id00459_wavtolip.npz,-1.7099008560180664,-1.7099008560180664,5.819346904754639,1
FakeVideo-FakeAudio/Asian (South)/men/id00459/00382_id07194_NDJaiff98Fo_id04560_wavtolip.npz,-1.99711275100708,-1.99711275100708,4.929769992828369,1
FakeVideo-FakeAudio/Asian (South)/men/id00459/00382_id07195_wavtolip.npz,-0.9473204016685486,-0.9473204016685486,4.841435432434082,1
FakeVideo-FakeAudio/Asian (South)/men/id00459/00382_id07200_quCElxMhW6g_id00685_wavtolip.npz,-2.3925657272338867,-2.3925657272338867,4.98681640625,1
FakeVideo-FakeAudio/Asian (South)/men/id00459/00382_id07210_wavtolip.npz,-1.1113284826278687,-1.1113284826278687,4.64113187789917,1
FakeVideo-FakeAudio/Asian (South)/men/id04928/00027_id00032_AQMDc6SKNXs_id00816_wavtolip.npz,-0.7962042093276978,-0.7962042093276978,4.85995626449585,1
FakeVideo-FakeAudio/Asian (South)/men/id04928/00027_id00033_gduDuRWhnlQ_id00857_wavtolip.npz,-0.6150804758071899,-0.6150804758071899,4.563615798950195,1
FakeVideo-FakeAudio/Asian (South)/men/id04928/00027_id00350_75IFJNFAMIM_id07768_wavtolip.npz,-3.0154528617858887,-3.0154528617858887,4.666837215423584,1
FakeVideo-FakeAudio/Asian (South)/men/id04928/00027_id00414_wavtolip.npz,0.33817771077156067,0.33817771077156067,4.95490026473999,1
FakeVideo-FakeAudio/Asian (South)/men/id04928/00027_id00685_wavtolip.npz,-1.9944512844085693,-1.9944512844085693,4.972743988037109,1
FakeVideo-FakeAudio/Asian (South)/men/id04928/00027_id00732_amGRpH0AJCs_id04601_wavtolip.npz,-0.7737594246864319,-0.7737594246864319,4.27741813659668,1
FakeVideo-FakeAudio/Asian (South)/men/id04928/00027_id00769_wavtolip.npz,-1.3369596004486084,-1.3369596004486084,4.704722881317139,1
FakeVideo-FakeAudio/Asian (South)/men/id04928/00027_id00816_wavtolip.npz,0.5965107083320618,0.5965107083320618,4.850842475891113,1
FakeVideo-FakeAudio/Asian (South)/men/id04928/00027_id03344_vyNnOo6lU0o_id04928_wavtolip.npz,-1.9448708295822144,-1.9448708295822144,4.738362789154053,1
FakeVideo-FakeAudio/Asian (South)/men/id04928/00027_id03945_wavtolip.npz,-2.321810245513916,-2.321810245513916,4.95095682144165,1
FakeVideo-FakeAudio/Asian (South)/men/id04928/00027_id04537_wavtolip.npz,1.4789749383926392,1.4789749383926392,4.959034442901611,1
FakeVideo-FakeAudio/Asian (South)/men/id04928/00027_id04560_RlpdjaEmxXQ_faceswap_id04560_wavtolip.npz,-2.1434102058410645,-2.1434102058410645,4.688363552093506,1
FakeVideo-FakeAudio/Asian (South)/men/id04928/00027_id04560_RlpdjaEmxXQ_faceswap_id04599_wavtolip.npz,-1.0057491064071655,-1.0057491064071655,4.581221103668213,1
FakeVideo-FakeAudio/Asian (South)/men/id04928/00027_id04560_RlpdjaEmxXQ_faceswap_id04928_wavtolip.npz,-2.7718722820281982,-2.7718722820281982,4.7838454246521,1
FakeVideo-FakeAudio/Asian (South)/men/id04928/00027_id04560_RlpdjaEmxXQ_faceswap_id08313_wavtolip.npz,-3.058480978012085,-3.058480978012085,5.11973237991333,1
FakeVideo-FakeAudio/Asian (South)/men/id04928/00027_id04560_RlpdjaEmxXQ_id07194_wavtolip.npz,0.3733654022216797,0.3733654022216797,4.6155595779418945,1
FakeVideo-FakeAudio/Asian (South)/men/id04928/00027_id04560_wavtolip.npz,-3.3272476196289062,-3.3272476196289062,4.726762771606445,1
FakeVideo-FakeAudio/Asian (South)/men/id04928/00027_id06355_wavtolip.npz,-1.7300257682800293,-1.7300257682800293,4.654024124145508,1
FakeVideo-FakeAudio/Asian (South)/men/id04928/00027_id07210_wavtolip.npz,-2.635974407196045,-2.635974407196045,4.666516304016113,1
FakeVideo-FakeAudio/Asian (South)/men/id04928/00027_id07768_wavtolip.npz,-3.5865678787231445,-3.5865678787231445,4.597514629364014,1
FakeVideo-FakeAudio/Asian (South)/men/id04928/00027_id08457_vFyjAJwQulM_id07182_wavtolip.npz,-3.407484292984009,-3.407484292984009,4.76261568069458,1
FakeVideo-FakeAudio/Asian (South)/men/id00032/00028_0_id00860_wavtolip.npz,-0.979971170425415,-0.979971170425415,4.796810626983643,1
FakeVideo-FakeAudio/Asian (South)/men/id00032/00028_0_id04601_wavtolip.npz,-0.6622489094734192,-0.6622489094734192,4.169347763061523,1
FakeVideo-FakeAudio/Asian (South)/men/id00032/00028_0_id06355_wavtolip.npz,-0.9527857303619385,-0.9527857303619385,4.633999824523926,1
FakeVideo-FakeAudio/Asian (South)/men/id00032/00028_0_id07108_wavtolip.npz,-1.8464210033416748,-1.8464210033416748,4.705173015594482,1
FakeVideo-FakeAudio/Asian (South)/men/id00032/00028_0_id07463_wavtolip.npz,4.5711750984191895,4.5711750984191895,4.964748859405518,1
FakeVideo-FakeAudio/Asian (South)/men/id00032/00028_1_id04601_wavtolip.npz,-0.6482466459274292,-0.6482466459274292,4.179904937744141,1
FakeVideo-FakeAudio/Asian (South)/men/id00032/00028_1_id06354_wavtolip.npz,3.669196605682373,3.669196605682373,4.688296794891357,1
FakeVideo-FakeAudio/Asian (South)/men/id00032/00028_1_id07108_wavtolip.npz,-1.7824065685272217,-1.7824065685272217,4.710825443267822,1
FakeVideo-FakeAudio/Asian (South)/men/id00032/00028_1_id07463_wavtolip.npz,-3.211125373840332,-3.211125373840332,4.816710472106934,1
FakeVideo-FakeAudio/Asian (South)/men/id00032/00028_2_id03599_wavtolip.npz,-1.633419394493103,-1.633419394493103,4.890509605407715,1
FakeVideo-FakeAudio/Asian (South)/men/id00032/00028_2_id04537_wavtolip.npz,0.941163182258606,0.941163182258606,4.783812522888184,1
FakeVideo-FakeAudio/Asian (South)/men/id00032/00028_2_id04554_wavtolip.npz,-0.3935527205467224,-0.3935527205467224,4.8724446296691895,1
FakeVideo-FakeAudio/Asian (South)/men/id00032/00028_2_id07179_wavtolip.npz,1.7746596336364746,1.7746596336364746,4.8508501052856445,1
FakeVideo-FakeAudio/Asian (South)/men/id00032/00028_3_id00769_wavtolip.npz,-0.6535326242446899,-0.6535326242446899,4.564023971557617,1
FakeVideo-FakeAudio/Asian (South)/men/id00032/00028_3_id00860_wavtolip.npz,-1.4232161045074463,-1.4232161045074463,4.650643348693848,1
FakeVideo-FakeAudio/Asian (South)/men/id00032/00028_3_id03180_wavtolip.npz,-2.264141798019409,-2.264141798019409,4.868544578552246,1
FakeVideo-FakeAudio/Asian (South)/men/id00032/00028_3_id03344_wavtolip.npz,-0.7855753898620605,-0.7855753898620605,5.019822120666504,1
FakeVideo-FakeAudio/Asian (South)/men/id00032/00028_3_id07768_wavtolip.npz,-1.7458739280700684,-1.7458739280700684,4.6942524909973145,1
FakeVideo-FakeAudio/Asian (South)/men/id00032/00028_id00033_gduDuRWhnlQ_id00082_wavtolip.npz,-2.0279409885406494,-2.0279409885406494,5.078160285949707,1
FakeVideo-FakeAudio/Asian (South)/men/id00032/00028_id00033_wavtolip.npz,-0.04384791851043701,-0.04384791851043701,4.536759853363037,1
FakeVideo-FakeAudio/Asian (South)/men/id00032/00028_id00745_eODND1ul7vE_id07179_wavtolip.npz,0.8167772889137268,0.8167772889137268,4.834255695343018,1
FakeVideo-FakeAudio/Asian (South)/men/id00032/00028_id00769_BqHVSZdoVpM_id00732_wavtolip.npz,-0.7612851858139038,-0.7612851858139038,5.072299003601074,1
FakeVideo-FakeAudio/Asian (South)/men/id00032/00028_id00816_wavtolip.npz,-2.9197583198547363,-2.9197583198547363,4.714727401733398,1
FakeVideo-FakeAudio/Asian (South)/men/id00032/00028_id00860_wavtolip.npz,-1.4645774364471436,-1.4645774364471436,4.615570068359375,1
FakeVideo-FakeAudio/Asian (South)/men/id00032/00028_id03344_vyNnOo6lU0o_id00459_wavtolip.npz,-1.2502983808517456,-1.2502983808517456,5.1386003494262695,1
FakeVideo-FakeAudio/Asian (South)/men/id00032/00028_id04560_RlpdjaEmxXQ_id00032_wavtolip.npz,-5.95640230178833,-5.95640230178833,5.126864910125732,1
FakeVideo-FakeAudio/Asian (South)/men/id00032/00028_id04562_wavtolip.npz,-1.5217716693878174,-1.5217716693878174,5.003486156463623,1
FakeVideo-FakeAudio/Asian (South)/men/id00032/00028_id04599_Q60DPi5Nhmk_id03945_wavtolip.npz,-1.78946852684021,-1.78946852684021,4.892604351043701,1
FakeVideo-FakeAudio/Asian (South)/men/id00032/00028_id04928_wavtolip.npz,-0.8320678472518921,-0.8320678472518921,4.75480318069458,1
FakeVideo-FakeAudio/Asian (South)/men/id00032/00028_id06354_PmWLmcJNUhM_id07058_wavtolip.npz,3.358670711517334,3.358670711517334,4.676113605499268,1
FakeVideo-FakeAudio/Asian (South)/men/id00032/00028_id07058_wavtolip.npz,3.004577398300171,3.004577398300171,4.663663387298584,1
FakeVideo-FakeAudio/Asian (South)/men/id00032/00028_id07194_NDJaiff98Fo_id00745_wavtolip.npz,-1.9188048839569092,-1.9188048839569092,4.712373733520508,1
FakeVideo-FakeAudio/Asian (South)/men/id00032/00028_id07194_wavtolip.npz,-0.23887884616851807,-0.23887884616851807,4.485528469085693,1
FakeVideo-FakeAudio/Asian (South)/men/id00032/00028_id07200_wavtolip.npz,2.156193256378174,2.156193256378174,5.0739336013793945,1
FakeVideo-FakeAudio/Asian (South)/men/id00032/00028_id07768_wavtolip.npz,-3.0098986625671387,-3.0098986625671387,4.657687664031982,1
FakeVideo-FakeAudio/Asian (South)/women/id04070/00072_id01026_wavtolip.npz,-0.4451916217803955,-0.4451916217803955,4.430209636688232,1
FakeVideo-FakeAudio/Asian (South)/women/id04070/00072_id02310_wavtolip.npz,-1.3224468231201172,-1.3224468231201172,4.915537357330322,1
FakeVideo-FakeAudio/Asian (South)/women/id04070/00072_id02310_zA-8Pw0SvZg_id04583_wavtolip.npz,-5.225149154663086,-5.225149154663086,4.6887102127075195,1
FakeVideo-FakeAudio/Asian (South)/women/id04070/00072_id03559_wavtolip.npz,-1.749920129776001,-1.749920129776001,4.84733772277832,1
FakeVideo-FakeAudio/Asian (South)/women/id04070/00072_id03897_wavtolip.npz,4.52136754989624,4.52136754989624,4.484481334686279,1
FakeVideo-FakeAudio/Asian (South)/women/id04070/00072_id04070_wavtolip.npz,-5.7272419929504395,-5.7272419929504395,4.980186939239502,1
FakeVideo-FakeAudio/Asian (South)/women/id04070/00072_id04927_wavtolip.npz,4.378208160400391,4.378208160400391,4.412288665771484,1
FakeVideo-FakeAudio/Asian (South)/women/id04070/00072_id05920_LuLTJu54joo_id03985_wavtolip.npz,4.260288715362549,4.260288715362549,4.398630142211914,1
FakeVideo-FakeAudio/Asian (South)/women/id04070/00072_id05931_wavtolip.npz,4.600913047790527,4.600913047790527,4.262602806091309,1
FakeVideo-FakeAudio/Asian (South)/women/id04070/00072_id06254_8VSfI86Fua4_id03897_wavtolip.npz,4.5335493087768555,4.5335493087768555,4.441727638244629,1
FakeVideo-FakeAudio/Asian (South)/women/id04070/00072_id06343__Tf30YR4M3w_id00739_wavtolip.npz,-0.5414378643035889,-0.5414378643035889,4.952747821807861,1
FakeVideo-FakeAudio/Asian (South)/women/id04070/00072_id06428_A9nvRKd1afA_id06254_wavtolip.npz,-0.7310193777084351,-0.7310193777084351,4.64461612701416,1
FakeVideo-FakeAudio/Asian (South)/women/id04070/00072_id06752_PYYIloTJiH0_id07049_wavtolip.npz,-1.4370837211608887,-1.4370837211608887,4.66112756729126,1
FakeVideo-FakeAudio/Asian (South)/women/id04070/00072_id07008_wavtolip.npz,-0.8491799831390381,-0.8491799831390381,4.878312110900879,1
FakeVideo-FakeAudio/Asian (South)/women/id04070/00072_id07051_wavtolip.npz,-3.669565200805664,-3.669565200805664,5.063756942749023,1
FakeVideo-FakeAudio/Asian (South)/women/id04070/00072_id07078_sLVbTD3Dtgw_faceswap_id00488_wavtolip.npz,-6.03217887878418,-6.03217887878418,4.931492328643799,1
FakeVideo-FakeAudio/Asian (South)/women/id04070/00072_id07078_sLVbTD3Dtgw_faceswap_id03815_wavtolip.npz,2.9546828269958496,2.9546828269958496,4.8179521560668945,1
FakeVideo-FakeAudio/Asian (South)/women/id04070/00072_id07078_sLVbTD3Dtgw_faceswap_id06428_wavtolip.npz,-0.4280897378921509,-0.4280897378921509,4.783537864685059,1
FakeVideo-FakeAudio/Asian (South)/women/id04070/00072_id07078_sLVbTD3Dtgw_faceswap_id07377_wavtolip.npz,-5.987900733947754,-5.987900733947754,4.990294933319092,1
FakeVideo-FakeAudio/Asian (South)/women/id04070/00072_id07078_sLVbTD3Dtgw_id06343_wavtolip.npz,-0.33300095796585083,-0.33300095796585083,4.308145523071289,1
FakeVideo-FakeAudio/Asian (South)/women/id04070/00072_id07236_wavtolip.npz,4.387282848358154,4.387282848358154,4.415916442871094,1
FakeVideo-FakeAudio/Asian (South)/women/id03985/00005_id00080_wavtolip.npz,-3.4603796005249023,-3.4603796005249023,4.450404167175293,1
FakeVideo-FakeAudio/Asian (South)/women/id03985/00005_id00149_s2evR-nUhVY_id06438_wavtolip.npz,-1.9078705310821533,-1.9078705310821533,4.525177478790283,1
FakeVideo-FakeAudio/Asian (South)/women/id03985/00005_id01026_rM4ZERt7oM0_id04490_wavtolip.npz,-0.7576360702514648,-0.7576360702514648,4.630953788757324,1
FakeVideo-FakeAudio/Asian (South)/women/id03985/00005_id02619_wavtolip.npz,-1.2160027027130127,-1.2160027027130127,4.421912670135498,1
FakeVideo-FakeAudio/Asian (South)/women/id03985/00005_id04070_wavtolip.npz,-4.764467239379883,-4.764467239379883,4.47325325012207,1
FakeVideo-FakeAudio/Asian (South)/women/id03985/00005_id04490_wavtolip.npz,0.9801702499389648,0.9801702499389648,4.505320072174072,1
FakeVideo-FakeAudio/Asian (South)/women/id03985/00005_id04529_S92uo-UShxE_id03815_wavtolip.npz,-1.7006609439849854,-1.7006609439849854,4.705677032470703,1
FakeVideo-FakeAudio/Asian (South)/women/id03985/00005_id04530_W5-PTTL9HzU_id06438_wavtolip.npz,-2.0269930362701416,-2.0269930362701416,4.513253688812256,1
FakeVideo-FakeAudio/Asian (South)/women/id03985/00005_id04564_wavtolip.npz,-2.8513095378875732,-2.8513095378875732,4.549856662750244,1
FakeVideo-FakeAudio/Asian (South)/women/id03985/00005_id04583_wavtolip.npz,-6.30936336517334,-6.30936336517334,4.567465305328369,1
FakeVideo-FakeAudio/Asian (South)/women/id03985/00005_id04927_wavtolip.npz,4.395327568054199,4.395327568054199,4.420943260192871,1
FakeVideo-FakeAudio/Asian (South)/women/id03985/00005_id05845_wavtolip.npz,-2.5957796573638916,-2.5957796573638916,4.5461907386779785,1
FakeVideo-FakeAudio/Asian (South)/women/id03985/00005_id06428_A9nvRKd1afA_id04582_wavtolip.npz,-6.3850507736206055,-6.3850507736206055,4.65509557723999,1
FakeVideo-FakeAudio/Asian (South)/women/id03985/00005_id06438_wavtolip.npz,-1.8983442783355713,-1.8983442783355713,4.418895244598389,1
FakeVideo-FakeAudio/Asian (South)/women/id03985/00005_id07051_d1c0Pl2aP_4_id05845_wavtolip.npz,-2.963611602783203,-2.963611602783203,4.60107421875,1
FakeVideo-FakeAudio/Asian (South)/women/id03985/00005_id07051_wavtolip.npz,-6.264167785644531,-6.264167785644531,4.553770065307617,1
FakeVideo-FakeAudio/Asian (South)/women/id03985/00005_id07377_FGNavKcGANA_id00235_wavtolip.npz,-1.1017098426818848,-1.1017098426818848,4.314436912536621,1
FakeVideo-FakeAudio/Asian (South)/women/id03985/00005_id07686_lwSGz24c1Bs_faceswap_id00149_wavtolip.npz,-4.563689708709717,-4.563689708709717,4.612304210662842,1
FakeVideo-FakeAudio/Asian (South)/women/id03985/00005_id07686_lwSGz24c1Bs_faceswap_id01026_wavtolip.npz,-1.7387045621871948,-1.7387045621871948,4.3729567527771,1
FakeVideo-FakeAudio/Asian (South)/women/id03985/00005_id07686_lwSGz24c1Bs_faceswap_id07049_wavtolip.npz,-1.556087613105774,-1.556087613105774,4.584465503692627,1
FakeVideo-FakeAudio/Asian (South)/women/id03985/00005_id07686_lwSGz24c1Bs_faceswap_id07689_wavtolip.npz,-2.6554689407348633,-2.6554689407348633,4.666434288024902,1
FakeVideo-FakeAudio/Asian (South)/women/id03985/00005_id07686_lwSGz24c1Bs_id04070_wavtolip.npz,-4.9351067543029785,-4.9351067543029785,4.584299087524414,1
FakeVideo-FakeAudio/Asian (South)/women/id00747/00053_id00235_F7aHtfdzytQ_id04070_wavtolip.npz,-5.401503562927246,-5.401503562927246,4.942123889923096,1
FakeVideo-FakeAudio/Asian (South)/women/id00747/00053_id00488_wavtolip.npz,-1.5090888738632202,-1.5090888738632202,5.111361980438232,1
FakeVideo-FakeAudio/Asian (South)/women/id00747/00053_id00739_wavtolip.npz,-0.5717304944992065,-0.5717304944992065,4.933767318725586,1
FakeVideo-FakeAudio/Asian (South)/women/id00747/00053_id02089_wavtolip.npz,-4.755865097045898,-4.755865097045898,5.1364593505859375,1
FakeVideo-FakeAudio/Asian (South)/women/id00747/00053_id02310_zA-8Pw0SvZg_faceswap_id02619_wavtolip.npz,-0.3813655376434326,-0.3813655376434326,4.440633296966553,1
FakeVideo-FakeAudio/Asian (South)/women/id00747/00053_id02310_zA-8Pw0SvZg_faceswap_id06268_wavtolip.npz,-1.7773176431655884,-1.7773176431655884,5.045721530914307,1
FakeVideo-FakeAudio/Asian (South)/women/id00747/00053_id02310_zA-8Pw0SvZg_faceswap_id06437_wavtolip.npz,1.0287526845932007,1.0287526845932007,4.853928565979004,1
FakeVideo-FakeAudio/Asian (South)/women/id00747/00053_id02310_zA-8Pw0SvZg_faceswap_id06752_wavtolip.npz,-1.3194406032562256,-1.3194406032562256,4.976665019989014,1
FakeVideo-FakeAudio/Asian (South)/women/id00747/00053_id02310_zA-8Pw0SvZg_id06343_wavtolip.npz,-1.2722363471984863,-1.2722363471984863,4.439431190490723,1
FakeVideo-FakeAudio/Asian (South)/women/id00747/00053_id02619_6AKIR2gTCNU_id03559_wavtolip.npz,-1.501464605331421,-1.501464605331421,5.139014720916748,1
FakeVideo-FakeAudio/Asian (South)/women/id00747/00053_id04564_xUz03LwKRtQ_id07051_wavtolip.npz,-1.3190042972564697,-1.3190042972564697,5.110845565795898,1
FakeVideo-FakeAudio/Asian (South)/women/id00747/00053_id04582_Pm9dX-TxNx0_id04490_wavtolip.npz,3.4848599433898926,3.4848599433898926,4.611100196838379,1
FakeVideo-FakeAudio/Asian (South)/women/id00747/00053_id04582_wavtolip.npz,-5.869634628295898,-5.869634628295898,5.178449630737305,1
FakeVideo-FakeAudio/Asian (South)/women/id00747/00053_id04583_wavtolip.npz,-6.101980209350586,-6.101980209350586,4.776457786560059,1
FakeVideo-FakeAudio/Asian (South)/women/id00747/00053_id04927_8MD618FRyfA_id04582_wavtolip.npz,3.3896865844726562,3.3896865844726562,5.147488117218018,1
FakeVideo-FakeAudio/Asian (South)/women/id00747/00053_id05845_wavtolip.npz,-1.6676089763641357,-1.6676089763641357,4.84788179397583,1
FakeVideo-FakeAudio/Asian (South)/women/id00747/00053_id06268_h9p-Na_iA1s_id07051_wavtolip.npz,-2.176913022994995,-2.176913022994995,5.1860761642456055,1
FakeVideo-FakeAudio/Asian (South)/women/id00747/00053_id06343_wavtolip.npz,-1.3007113933563232,-1.3007113933563232,4.352701663970947,1
FakeVideo-FakeAudio/Asian (South)/women/id00747/00053_id06752_wavtolip.npz,-2.204155683517456,-2.204155683517456,5.000412940979004,1
FakeVideo-FakeAudio/Asian (South)/women/id00747/00053_id07049_wavtolip.npz,-1.5721107721328735,-1.5721107721328735,4.710001468658447,1
FakeVideo-FakeAudio/Asian (South)/women/id00747/00053_id07236_Fe0sdHw3sc4_id06343_wavtolip.npz,-0.29525285959243774,-0.29525285959243774,4.372914791107178,1
FakeVideo-FakeAudio/Asian (South)/women/id00747/00053_id07686_wavtolip.npz,-1.0330649614334106,-1.0330649614334106,4.856164455413818,1
FakeVideo-FakeAudio/Asian (South)/women/id07689/00028_1_id00235_wavtolip.npz,-0.13166451454162598,-0.13166451454162598,4.394181728363037,1
FakeVideo-FakeAudio/Asian (South)/women/id07689/00028_1_id03897_wavtolip.npz,4.4322829246521,4.4322829246521,4.469377517700195,1
FakeVideo-FakeAudio/Asian (South)/women/id07689/00028_1_id04582_wavtolip.npz,5.361089706420898,5.361089706420898,5.376518249511719,1
FakeVideo-FakeAudio/Asian (South)/women/id07689/00028_1_id05435_wavtolip.npz,4.1358962059021,4.1358962059021,4.5079803466796875,1
FakeVideo-FakeAudio/Asian (South)/women/id07689/00028_1_id07136_wavtolip.npz,-0.3837276101112366,-0.3837276101112366,4.746048927307129,1
FakeVideo-FakeAudio/Asian (South)/women/id07689/00028_2_id00043_wavtolip.npz,-6.350003719329834,-6.350003719329834,4.578683376312256,1
FakeVideo-FakeAudio/Asian (South)/women/id07689/00028_2_id03559_wavtolip.npz,-1.842657446861267,-1.842657446861267,4.620148658752441,1
FakeVideo-FakeAudio/Asian (South)/women/id07689/00028_2_id05435_wavtolip.npz,4.3807454109191895,4.3807454109191895,4.526341438293457,1
FakeVideo-FakeAudio/Asian (South)/women/id07689/00028_2_id06439_wavtolip.npz,-4.150521278381348,-4.150521278381348,4.631777763366699,1
FakeVideo-FakeAudio/Asian (South)/women/id07689/00028_2_id07686_wavtolip.npz,-4.846312522888184,-4.846312522888184,4.607033729553223,1
FakeVideo-FakeAudio/Asian (South)/women/id07689/00028_3_id00235_wavtolip.npz,-0.786981463432312,-0.786981463432312,4.33976411819458,1
FakeVideo-FakeAudio/Asian (South)/women/id07689/00028_3_id04564_wavtolip.npz,-2.764169216156006,-2.764169216156006,4.743910312652588,1
FakeVideo-FakeAudio/Asian (South)/women/id07689/00028_3_id06438_wavtolip.npz,0.36155399680137634,0.36155399680137634,4.472209930419922,1
FakeVideo-FakeAudio/Asian (South)/women/id07689/00028_3_id07686_wavtolip.npz,-1.3173991441726685,-1.3173991441726685,4.759945392608643,1
FakeVideo-FakeAudio/Asian (South)/women/id07689/00028_3_id07689_wavtolip.npz,-0.9390040040016174,-0.9390040040016174,4.670431613922119,1
FakeVideo-FakeAudio/Asian (South)/women/id07689/00028_id00747_wavtolip.npz,-5.727015018463135,-5.727015018463135,5.058815002441406,1
FakeVideo-FakeAudio/Asian (South)/women/id07689/00028_id02310_wavtolip.npz,-2.2017900943756104,-2.2017900943756104,4.9650750160217285,1
FakeVideo-FakeAudio/Asian (South)/women/id07689/00028_id03985_01aVtyjfVFM_faceswap_id04529_wavtolip.npz,4.849367618560791,4.849367618560791,4.756600856781006,1
FakeVideo-FakeAudio/Asian (South)/women/id07689/00028_id03985_01aVtyjfVFM_faceswap_id06254_wavtolip.npz,-0.8847631216049194,-0.8847631216049194,4.556090354919434,1
FakeVideo-FakeAudio/Asian (South)/women/id07689/00028_id03985_01aVtyjfVFM_faceswap_id06343_wavtolip.npz,-0.5938644409179688,-0.5938644409179688,4.289371967315674,1
FakeVideo-FakeAudio/Asian (South)/women/id07689/00028_id03985_01aVtyjfVFM_faceswap_id06437_wavtolip.npz,-2.7094407081604004,-2.7094407081604004,4.762559413909912,1
FakeVideo-FakeAudio/Asian (South)/women/id07689/00028_id03985_01aVtyjfVFM_faceswap_id07236_wavtolip.npz,4.404491901397705,4.404491901397705,4.424551010131836,1
FakeVideo-FakeAudio/Asian (South)/women/id07689/00028_id03985_01aVtyjfVFM_id06438_wavtolip.npz,-1.0076316595077515,-1.0076316595077515,4.496801853179932,1
FakeVideo-FakeAudio/Asian (South)/women/id07689/00028_id04070_wavtolip.npz,-4.251029968261719,-4.251029968261719,4.85299015045166,1
FakeVideo-FakeAudio/Asian (South)/women/id07689/00028_id04530_wavtolip.npz,4.254663944244385,4.254663944244385,4.446352005004883,1
FakeVideo-FakeAudio/Asian (South)/women/id07689/00028_id05434_6p7kCmdOjDQ_id06428_wavtolip.npz,-1.315484642982483,-1.315484642982483,4.827528476715088,1
FakeVideo-FakeAudio/Asian (South)/women/id07689/00028_id05435_OvX-Jv_whcU_id05435_wavtolip.npz,4.093003273010254,4.093003273010254,4.561922550201416,1
FakeVideo-FakeAudio/Asian (South)/women/id07689/00028_id05845_XfMHm6CEwPw_id06232_wavtolip.npz,2.548953056335449,2.548953056335449,4.350524425506592,1
FakeVideo-FakeAudio/Asian (South)/women/id07689/00028_id05920_LuLTJu54joo_id07051_wavtolip.npz,-4.466679096221924,-4.466679096221924,5.0775322914123535,1
FakeVideo-FakeAudio/Asian (South)/women/id07689/00028_id06254_wavtolip.npz,-1.5589607954025269,-1.5589607954025269,4.699828147888184,1
FakeVideo-FakeAudio/Asian (South)/women/id07689/00028_id06343_wavtolip.npz,-0.29654836654663086,-0.29654836654663086,4.120168209075928,1
FakeVideo-FakeAudio/Asian (South)/women/id07689/00028_id06438_vf3xBVgYqYA_id06232_wavtolip.npz,2.966254711151123,2.966254711151123,4.336099147796631,1
FakeVideo-FakeAudio/Asian (South)/women/id07689/00028_id07008_wavtolip.npz,-1.0614490509033203,-1.0614490509033203,4.882487773895264,1
FakeVideo-FakeAudio/Asian (South)/women/id07689/00028_id07136_4e43eS5p3_M_id04582_wavtolip.npz,4.581977844238281,4.581977844238281,5.087265491485596,1
FakeVideo-FakeAudio/Asian (South)/women/id07689/00028_id07377_wavtolip.npz,-5.68043851852417,-5.68043851852417,5.024938583374023,1
FakeVideo-FakeAudio/Asian (South)/women/id07689/00028_id07686_wavtolip.npz,-0.9622337818145752,-0.9622337818145752,4.7020583152771,1
FakeVideo-FakeAudio/Asian (South)/women/id05920/00161_id00461_wavtolip.npz,-2.3578107357025146,-2.3578107357025146,4.777900695800781,1
FakeVideo-FakeAudio/Asian (South)/women/id05920/00161_id00488_wavtolip.npz,-6.153724670410156,-6.153724670410156,4.919876575469971,1
FakeVideo-FakeAudio/Asian (South)/women/id05920/00161_id02089_wavtolip.npz,-4.78613805770874,-4.78613805770874,4.766721725463867,1
FakeVideo-FakeAudio/Asian (South)/women/id05920/00161_id03559_wavtolip.npz,-1.755756139755249,-1.755756139755249,4.901657581329346,1
FakeVideo-FakeAudio/Asian (South)/women/id05920/00161_id04927_8MD618FRyfA_id04070_wavtolip.npz,-4.500164031982422,-4.500164031982422,4.905529499053955,1
FakeVideo-FakeAudio/Asian (South)/women/id05920/00161_id05478_wavtolip.npz,-6.140053749084473,-6.140053749084473,4.932145118713379,1
FakeVideo-FakeAudio/Asian (South)/women/id05920/00161_id05845_XfMHm6CEwPw_faceswap_id00043_wavtolip.npz,-2.082704544067383,-2.082704544067383,4.9671406745910645,1
FakeVideo-FakeAudio/Asian (South)/women/id05920/00161_id05845_XfMHm6CEwPw_faceswap_id00747_wavtolip.npz,-4.949324131011963,-4.949324131011963,4.925994396209717,1
FakeVideo-FakeAudio/Asian (South)/women/id05920/00161_id05845_XfMHm6CEwPw_faceswap_id05845_wavtolip.npz,-1.3200476169586182,-1.3200476169586182,4.828519821166992,1
FakeVideo-FakeAudio/Asian (South)/women/id05920/00161_id05845_XfMHm6CEwPw_faceswap_id06439_wavtolip.npz,3.492525577545166,3.492525577545166,4.7717742919921875,1
FakeVideo-FakeAudio/Asian (South)/women/id05920/00161_id05845_XfMHm6CEwPw_faceswap_id06752_wavtolip.npz,-4.5184454917907715,-4.5184454917907715,4.934201717376709,1
FakeVideo-FakeAudio/Asian (South)/women/id05920/00161_id05845_XfMHm6CEwPw_id04070_wavtolip.npz,-4.608644485473633,-4.608644485473633,4.9521260261535645,1
FakeVideo-FakeAudio/Asian (South)/women/id05920/00161_id05931_bFqu86NV3hk_id07051_wavtolip.npz,-4.888888835906982,-4.888888835906982,4.757626533508301,1
FakeVideo-FakeAudio/Asian (South)/women/id05920/00161_id06428_A9nvRKd1afA_id00739_wavtolip.npz,-0.8544086217880249,-0.8544086217880249,4.885900974273682,1
FakeVideo-FakeAudio/Asian (South)/women/id05920/00161_id06437_wavtolip.npz,-2.502739429473877,-2.502739429473877,4.861773490905762,1
FakeVideo-FakeAudio/Asian (South)/women/id05920/00161_id06438_wavtolip.npz,-2.5903143882751465,-2.5903143882751465,4.520371913909912,1
FakeVideo-FakeAudio/Asian (South)/women/id05920/00161_id07008_wavtolip.npz,-1.287472128868103,-1.287472128868103,4.7651166915893555,1
FakeVideo-FakeAudio/Asian (South)/women/id05920/00161_id07049_BiljgZcyWI4_id07689_wavtolip.npz,-2.2642593383789062,-2.2642593383789062,4.729758262634277,1
FakeVideo-FakeAudio/Asian (South)/women/id05920/00161_id07049_wavtolip.npz,-1.3476804494857788,-1.3476804494857788,4.685516834259033,1
FakeVideo-FakeAudio/Asian (South)/women/id05920/00161_id07078_sLVbTD3Dtgw_id06232_wavtolip.npz,1.183282732963562,1.183282732963562,4.306884288787842,1
FakeVideo-FakeAudio/Asian (South)/women/id05920/00161_id07377_FGNavKcGANA_id06343_wavtolip.npz,-0.9097225666046143,-0.9097225666046143,4.289981842041016,1
FakeVideo-FakeAudio/Asian (South)/women/id05920/00161_id07689_2ie0g83JkgA_id00747_wavtolip.npz,-4.349025249481201,-4.349025249481201,4.911051273345947,1
FakeVideo-FakeAudio/Asian (South)/women/id06254/00043_id00417_GhIZam3v09g_id06437_wavtolip.npz,-1.9834004640579224,-1.9834004640579224,4.995540142059326,1
FakeVideo-FakeAudio/Asian (South)/women/id06254/00043_id00488_wavtolip.npz,-6.135608673095703,-6.135608673095703,4.892795562744141,1
FakeVideo-FakeAudio/Asian (South)/women/id06254/00043_id00747_wavtolip.npz,-5.1535258293151855,-5.1535258293151855,4.8806915283203125,1
FakeVideo-FakeAudio/Asian (South)/women/id06254/00043_id02310_wavtolip.npz,-3.0657455921173096,-3.0657455921173096,4.993326187133789,1
FakeVideo-FakeAudio/Asian (South)/women/id06254/00043_id03559_wavtolip.npz,-1.9368219375610352,-1.9368219375610352,4.8295207023620605,1
FakeVideo-FakeAudio/Asian (South)/women/id06254/00043_id04529_wavtolip.npz,4.683184623718262,4.683184623718262,4.874229431152344,1
FakeVideo-FakeAudio/Asian (South)/women/id06254/00043_id04530_wavtolip.npz,4.212681770324707,4.212681770324707,4.098499774932861,1
FakeVideo-FakeAudio/Asian (South)/women/id06254/00043_id04564_xUz03LwKRtQ_id00739_wavtolip.npz,-0.4154277741909027,-0.4154277741909027,4.953094005584717,1
FakeVideo-FakeAudio/Asian (South)/women/id06254/00043_id04582_Pm9dX-TxNx0_id05920_wavtolip.npz,-0.9076731204986572,-0.9076731204986572,4.73372220993042,1
FakeVideo-FakeAudio/Asian (South)/women/id06254/00043_id04927_wavtolip.npz,4.367237091064453,4.367237091064453,4.473980903625488,1
FakeVideo-FakeAudio/Asian (South)/women/id06254/00043_id05845_XfMHm6CEwPw_id06232_wavtolip.npz,2.6869897842407227,2.6869897842407227,4.31173849105835,1
FakeVideo-FakeAudio/Asian (South)/women/id06254/00043_id05931_bFqu86NV3hk_faceswap_id00043_wavtolip.npz,-2.0954599380493164,-2.0954599380493164,4.98411750793457,1
FakeVideo-FakeAudio/Asian (South)/women/id06254/00043_id05931_bFqu86NV3hk_faceswap_id04530_wavtolip.npz,4.430479049682617,4.430479049682617,4.210773468017578,1
FakeVideo-FakeAudio/Asian (South)/women/id06254/00043_id05931_bFqu86NV3hk_faceswap_id05435_wavtolip.npz,4.1019439697265625,4.1019439697265625,4.589458465576172,1
FakeVideo-FakeAudio/Asian (South)/women/id06254/00043_id05931_bFqu86NV3hk_faceswap_id05920_wavtolip.npz,-1.1859750747680664,-1.1859750747680664,4.7943806648254395,1
FakeVideo-FakeAudio/Asian (South)/women/id06254/00043_id05931_bFqu86NV3hk_faceswap_id06428_wavtolip.npz,-1.027790904045105,-1.027790904045105,4.875051975250244,1
FakeVideo-FakeAudio/Asian (South)/women/id06254/00043_id05931_bFqu86NV3hk_id00417_wavtolip.npz,0.8683828115463257,0.8683828115463257,4.6878862380981445,1
FakeVideo-FakeAudio/Asian (South)/women/id06254/00043_id06343_wavtolip.npz,-0.48378872871398926,-0.48378872871398926,4.334153175354004,1
FakeVideo-FakeAudio/Asian (South)/women/id06254/00043_id06428_wavtolip.npz,-0.5094507336616516,-0.5094507336616516,4.820969104766846,1
FakeVideo-FakeAudio/Asian (South)/women/id06254/00043_id06439_wavtolip.npz,3.435084581375122,3.435084581375122,4.81390380859375,1
FakeVideo-FakeAudio/Asian (South)/women/id06254/00043_id07136_4e43eS5p3_M_id06254_wavtolip.npz,-1.074059247970581,-1.074059247970581,4.627151966094971,1
FakeVideo-FakeAudio/Asian (South)/women/id06254/00043_id07236_Fe0sdHw3sc4_id00235_wavtolip.npz,-0.9662215709686279,-0.9662215709686279,4.39482307434082,1
FakeVideo-FakeAudio/Asian (South)/women/id00417/00069_id00235_F7aHtfdzytQ_id06752_wavtolip.npz,-3.7254576683044434,-3.7254576683044434,4.763624668121338,1
FakeVideo-FakeAudio/Asian (South)/women/id00417/00069_id00461_wavtolip.npz,-1.7199922800064087,-1.7199922800064087,4.760946273803711,1
FakeVideo-FakeAudio/Asian (South)/women/id00417/00069_id00488_wavtolip.npz,-6.296031951904297,-6.296031951904297,4.748605728149414,1
FakeVideo-FakeAudio/Asian (South)/women/id00417/00069_id00739_CT-6UmfLiU0_faceswap_id04490_wavtolip.npz,3.943284511566162,3.943284511566162,4.535650253295898,1
FakeVideo-FakeAudio/Asian (South)/women/id00417/00069_id00739_CT-6UmfLiU0_faceswap_id04564_wavtolip.npz,-2.6302342414855957,-2.6302342414855957,4.754551887512207,1
FakeVideo-FakeAudio/Asian (South)/women/id00417/00069_id00739_CT-6UmfLiU0_faceswap_id05435_wavtolip.npz,4.111019611358643,4.111019611358643,4.517331123352051,1
FakeVideo-FakeAudio/Asian (South)/women/id00417/00069_id00739_CT-6UmfLiU0_id06439_wavtolip.npz,3.942502737045288,3.942502737045288,4.732464790344238,1
FakeVideo-FakeAudio/Asian (South)/women/id00417/00069_id00747_wavtolip.npz,-4.971719264984131,-4.971719264984131,4.54782772064209,1
FakeVideo-FakeAudio/Asian (South)/women/id00417/00069_id01026_wavtolip.npz,-1.8923463821411133,-1.8923463821411133,4.4300761222839355,1
FakeVideo-FakeAudio/Asian (South)/women/id00417/00069_id03559_pgetxl1qbzM_id04529_wavtolip.npz,-0.795892059803009,-0.795892059803009,4.818785667419434,1
FakeVideo-FakeAudio/Asian (South)/women/id00417/00069_id04529_wavtolip.npz,-0.5952839255332947,-0.5952839255332947,4.731622219085693,1
FakeVideo-FakeAudio/Asian (South)/women/id00417/00069_id04530_W5-PTTL9HzU_id07049_wavtolip.npz,-1.7038660049438477,-1.7038660049438477,4.564609527587891,1
FakeVideo-FakeAudio/Asian (South)/women/id00417/00069_id04582_wavtolip.npz,-6.262476921081543,-6.262476921081543,4.74920129776001,1
FakeVideo-FakeAudio/Asian (South)/women/id00417/00069_id04583_M10zZFjuAb0_id06343_wavtolip.npz,-1.0266855955123901,-1.0266855955123901,4.282298564910889,1
FakeVideo-FakeAudio/Asian (South)/women/id00417/00069_id05434_6p7kCmdOjDQ_id07008_wavtolip.npz,-2.133862257003784,-2.133862257003784,4.7840094566345215,1
FakeVideo-FakeAudio/Asian (South)/women/id00417/00069_id05478_VJkjRzPt-Jw_id02619_wavtolip.npz,-1.9372025728225708,-1.9372025728225708,4.496590614318848,1
FakeVideo-FakeAudio/Asian (South)/women/id00417/00069_id05845_XfMHm6CEwPw_id01026_wavtolip.npz,-1.636791706085205,-1.636791706085205,4.439793586730957,1
FakeVideo-FakeAudio/Asian (South)/women/id00417/00069_id06254_wavtolip.npz,-2.861788511276245,-2.861788511276245,4.505394458770752,1
FakeVideo-FakeAudio/Asian (South)/women/id00417/00069_id06438_wavtolip.npz,-1.9591562747955322,-1.9591562747955322,4.404513835906982,1
FakeVideo-FakeAudio/Asian (South)/women/id00417/00069_id07051_wavtolip.npz,-6.086872577667236,-6.086872577667236,4.689904689788818,1
FakeVideo-FakeAudio/Asian (South)/women/id05478/00135_id00080_wavtolip.npz,-2.198096990585327,-2.198096990585327,4.985660552978516,1
FakeVideo-FakeAudio/Asian (South)/women/id05478/00135_id00149_wavtolip.npz,-5.429992198944092,-5.429992198944092,5.093530178070068,1
FakeVideo-FakeAudio/Asian (South)/women/id05478/00135_id00488_F3YxmZ9CYFw_id03559_wavtolip.npz,-1.9240719079971313,-1.9240719079971313,5.080454349517822,1
FakeVideo-FakeAudio/Asian (South)/women/id05478/00135_id02089_wavtolip.npz,-5.86836051940918,-5.86836051940918,5.058435916900635,1
FakeVideo-FakeAudio/Asian (South)/women/id05478/00135_id03559_pgetxl1qbzM_id06268_wavtolip.npz,-1.5570147037506104,-1.5570147037506104,4.998383045196533,1
FakeVideo-FakeAudio/Asian (South)/women/id05478/00135_id03559_wavtolip.npz,-2.227811574935913,-2.227811574935913,5.085095405578613,1
FakeVideo-FakeAudio/Asian (South)/women/id05478/00135_id04070_wavtolip.npz,-6.031803607940674,-6.031803607940674,4.928833484649658,1
FakeVideo-FakeAudio/Asian (South)/women/id05478/00135_id04583_M10zZFjuAb0_id06752_wavtolip.npz,-1.9427998065948486,-1.9427998065948486,4.947909355163574,1
FakeVideo-FakeAudio/Asian (South)/women/id05478/00135_id04927_8MD618FRyfA_id07236_wavtolip.npz,4.279156684875488,4.279156684875488,4.513123512268066,1
FakeVideo-FakeAudio/Asian (South)/women/id05478/00135_id05435_OvX-Jv_whcU_id03897_wavtolip.npz,4.114536285400391,4.114536285400391,4.576181888580322,1
FakeVideo-FakeAudio/Asian (South)/women/id05478/00135_id05845_XfMHm6CEwPw_faceswap_id02310_wavtolip.npz,-1.6440445184707642,-1.6440445184707642,5.001631259918213,1
FakeVideo-FakeAudio/Asian (South)/women/id05478/00135_id05845_XfMHm6CEwPw_faceswap_id05845_wavtolip.npz,-0.9690259695053101,-0.9690259695053101,4.741244792938232,1
FakeVideo-FakeAudio/Asian (South)/women/id05478/00135_id05845_XfMHm6CEwPw_faceswap_id06752_wavtolip.npz,-2.266045570373535,-2.266045570373535,5.025603771209717,1
FakeVideo-FakeAudio/Asian (South)/women/id05478/00135_id05845_XfMHm6CEwPw_faceswap_id07051_wavtolip.npz,-5.8348894119262695,-5.8348894119262695,5.046666622161865,1
FakeVideo-FakeAudio/Asian (South)/women/id05478/00135_id05845_XfMHm6CEwPw_faceswap_id07686_wavtolip.npz,-2.613598108291626,-2.613598108291626,4.7617902755737305,1
FakeVideo-FakeAudio/Asian (South)/women/id05478/00135_id05845_XfMHm6CEwPw_id04529_wavtolip.npz,4.416921138763428,4.416921138763428,4.885644912719727,1
FakeVideo-FakeAudio/Asian (South)/women/id05478/00135_id06268_wavtolip.npz,-1.4820902347564697,-1.4820902347564697,4.989450931549072,1
FakeVideo-FakeAudio/Asian (South)/women/id05478/00135_id06437_wavtolip.npz,-2.7098140716552734,-2.7098140716552734,4.8704094886779785,1
FakeVideo-FakeAudio/Asian (South)/women/id05478/00135_id06438_vf3xBVgYqYA_id04564_wavtolip.npz,-2.655405282974243,-2.655405282974243,4.595199108123779,1
FakeVideo-FakeAudio/Asian (South)/women/id05478/00135_id07377_wavtolip.npz,-5.799699783325195,-5.799699783325195,5.017659664154053,1
FakeVideo-FakeAudio/Asian (South)/women/id06445/00150_id00043_DxY87QyzDN8_id03897_wavtolip.npz,4.416560649871826,4.416560649871826,4.427443981170654,1
FakeVideo-FakeAudio/Asian (South)/women/id06445/00150_id00080_wavtolip.npz,-1.087939739227295,-1.087939739227295,4.922632694244385,1
FakeVideo-FakeAudio/Asian (South)/women/id06445/00150_id00235_wavtolip.npz,0.027966022491455078,0.027966022491455078,4.527590274810791,1
FakeVideo-FakeAudio/Asian (South)/women/id06445/00150_id00417_wavtolip.npz,2.647913932800293,2.647913932800293,4.551767826080322,1
FakeVideo-FakeAudio/Asian (South)/women/id06445/00150_id00461_Ort9NW3SJU4_id07236_wavtolip.npz,4.382748603820801,4.382748603820801,4.438581943511963,1
FakeVideo-FakeAudio/Asian (South)/women/id06445/00150_id00461_wavtolip.npz,-1.4528441429138184,-1.4528441429138184,4.824962139129639,1
FakeVideo-FakeAudio/Asian (South)/women/id06445/00150_id03897_wavtolip.npz,4.394703388214111,4.394703388214111,4.478029727935791,1
FakeVideo-FakeAudio/Asian (South)/women/id06445/00150_id04530_wavtolip.npz,4.338229656219482,4.338229656219482,4.207184314727783,1
FakeVideo-FakeAudio/Asian (South)/women/id06445/00150_id04582_Pm9dX-TxNx0_faceswap_id00417_wavtolip.npz,2.24076771736145,2.24076771736145,4.507594108581543,1
FakeVideo-FakeAudio/Asian (South)/women/id06445/00150_id04582_Pm9dX-TxNx0_faceswap_id00488_wavtolip.npz,-1.69914972782135,-1.69914972782135,4.886100769042969,1
FakeVideo-FakeAudio/Asian (South)/women/id06445/00150_id04582_Pm9dX-TxNx0_faceswap_id06438_wavtolip.npz,-0.7696874141693115,-0.7696874141693115,4.468884468078613,1
FakeVideo-FakeAudio/Asian (South)/women/id06445/00150_id04582_Pm9dX-TxNx0_faceswap_id07051_wavtolip.npz,-1.9483084678649902,-1.9483084678649902,5.120081901550293,1
FakeVideo-FakeAudio/Asian (South)/women/id06445/00150_id04582_Pm9dX-TxNx0_faceswap_id07377_wavtolip.npz,-2.691746950149536,-2.691746950149536,4.964907646179199,1
FakeVideo-FakeAudio/Asian (South)/women/id06445/00150_id04582_Pm9dX-TxNx0_id00080_wavtolip.npz,-1.074215054512024,-1.074215054512024,5.012043476104736,1
FakeVideo-FakeAudio/Asian (South)/women/id06445/00150_id05434_6p7kCmdOjDQ_id01026_wavtolip.npz,-1.1123230457305908,-1.1123230457305908,4.450508117675781,1
FakeVideo-FakeAudio/Asian (South)/women/id06445/00150_id05435_wavtolip.npz,4.2308669090271,4.2308669090271,4.546060562133789,1
FakeVideo-FakeAudio/Asian (South)/women/id06445/00150_id06343__Tf30YR4M3w_id07686_wavtolip.npz,-1.9426318407058716,-1.9426318407058716,4.742679119110107,1
FakeVideo-FakeAudio/Asian (South)/women/id06445/00150_id06343_wavtolip.npz,-0.5434515476226807,-0.5434515476226807,4.314131259918213,1
FakeVideo-FakeAudio/Asian (South)/women/id06445/00150_id07008_wavtolip.npz,-1.2434260845184326,-1.2434260845184326,4.814332962036133,1
FakeVideo-FakeAudio/Asian (South)/women/id06445/00150_id07078_sLVbTD3Dtgw_id07051_wavtolip.npz,-1.0845801830291748,-1.0845801830291748,5.038435935974121,1
FakeVideo-FakeAudio/Asian (South)/women/id06445/00150_id07136_4e43eS5p3_M_id07686_wavtolip.npz,-1.529510259628296,-1.529510259628296,4.820189476013184,1
FakeVideo-FakeAudio/Asian (South)/women/id06445/00150_id07377_FGNavKcGANA_id01026_wavtolip.npz,-1.0617541074752808,-1.0617541074752808,4.424281120300293,1
FakeVideo-FakeAudio/Asian (South)/women/id04582/00180_id00043_DxY87QyzDN8_id06439_wavtolip.npz,3.818542003631592,3.818542003631592,4.608957767486572,1
FakeVideo-FakeAudio/Asian (South)/women/id04582/00180_id00235_F7aHtfdzytQ_id06439_wavtolip.npz,3.8408093452453613,3.8408093452453613,4.690681457519531,1
FakeVideo-FakeAudio/Asian (South)/women/id04582/00180_id00417_GhIZam3v09g_id06439_wavtolip.npz,3.7746875286102295,3.7746875286102295,4.581594944000244,1
FakeVideo-FakeAudio/Asian (South)/women/id04582/00180_id00417_wavtolip.npz,2.6375341415405273,2.6375341415405273,4.521237373352051,1
FakeVideo-FakeAudio/Asian (South)/women/id04582/00180_id00739_wavtolip.npz,-1.1854045391082764,-1.1854045391082764,4.803383827209473,1
FakeVideo-FakeAudio/Asian (South)/women/id04582/00180_id01026_wavtolip.npz,-1.2533559799194336,-1.2533559799194336,4.346821308135986,1
FakeVideo-FakeAudio/Asian (South)/women/id04582/00180_id02089_ZC5FjKDazrM_id06428_wavtolip.npz,-1.7005290985107422,-1.7005290985107422,4.798880100250244,1
FakeVideo-FakeAudio/Asian (South)/women/id04582/00180_id03559_wavtolip.npz,2.36606502532959,2.36606502532959,5.09789514541626,1
FakeVideo-FakeAudio/Asian (South)/women/id04582/00180_id04583_wavtolip.npz,-6.331026077270508,-6.331026077270508,4.609095096588135,1
FakeVideo-FakeAudio/Asian (South)/women/id04582/00180_id05931_wavtolip.npz,4.6510186195373535,4.6510186195373535,4.157001495361328,1
FakeVideo-FakeAudio/Asian (South)/women/id04582/00180_id06254_8VSfI86Fua4_id04564_wavtolip.npz,-3.4994406700134277,-3.4994406700134277,4.725416660308838,1
FakeVideo-FakeAudio/Asian (South)/women/id04582/00180_id06268_wavtolip.npz,-1.7737692594528198,-1.7737692594528198,4.834590911865234,1
FakeVideo-FakeAudio/Asian (South)/women/id04582/00180_id06428_wavtolip.npz,-1.1000750064849854,-1.1000750064849854,4.756711483001709,1
FakeVideo-FakeAudio/Asian (South)/women/id04582/00180_id06445_NWtdqOxEbDY_faceswap_id00461_wavtolip.npz,-1.9518004655838013,-1.9518004655838013,4.819572925567627,1
FakeVideo-FakeAudio/Asian (South)/women/id04582/00180_id06445_NWtdqOxEbDY_faceswap_id02310_wavtolip.npz,-1.4356662034988403,-1.4356662034988403,4.909492492675781,1
FakeVideo-FakeAudio/Asian (South)/women/id04582/00180_id06445_NWtdqOxEbDY_faceswap_id02619_wavtolip.npz,-1.4542944431304932,-1.4542944431304932,4.478496551513672,1
FakeVideo-FakeAudio/Asian (South)/women/id04582/00180_id06445_NWtdqOxEbDY_faceswap_id05478_wavtolip.npz,-2.1840529441833496,-2.1840529441833496,4.8473286628723145,1
FakeVideo-FakeAudio/Asian (South)/women/id04582/00180_id06445_NWtdqOxEbDY_faceswap_id07689_wavtolip.npz,-2.2832236289978027,-2.2832236289978027,4.42397928237915,1
FakeVideo-FakeAudio/Asian (South)/women/id04582/00180_id06445_NWtdqOxEbDY_id04530_wavtolip.npz,4.263800144195557,4.263800144195557,4.219946384429932,1
FakeVideo-FakeAudio/Asian (South)/women/id04582/00180_id07136_4e43eS5p3_M_id03815_wavtolip.npz,0.7630777359008789,0.7630777359008789,4.694852352142334,1
FakeVideo-FakeAudio/Asian (South)/women/id04582/00180_id07236_Fe0sdHw3sc4_id00235_wavtolip.npz,-2.4321088790893555,-2.4321088790893555,4.374079704284668,1
FakeVideo-FakeAudio/Asian (South)/women/id04582/00180_id07689_wavtolip.npz,-2.481511116027832,-2.481511116027832,4.562505722045898,1
FakeVideo-FakeAudio/Asian (South)/women/id02089/00092_id00739_wavtolip.npz,-1.9053983688354492,-1.9053983688354492,4.8278279304504395,1
FakeVideo-FakeAudio/Asian (South)/women/id02089/00092_id01026_wavtolip.npz,-0.954094648361206,-0.954094648361206,4.4226155281066895,1
FakeVideo-FakeAudio/Asian (South)/women/id02089/00092_id02310_wavtolip.npz,-1.411884069442749,-1.411884069442749,4.8641486167907715,1
FakeVideo-FakeAudio/Asian (South)/women/id02089/00092_id03559_pgetxl1qbzM_id00747_wavtolip.npz,-4.404699325561523,-4.404699325561523,5.057003974914551,1
FakeVideo-FakeAudio/Asian (South)/women/id02089/00092_id03897_wavtolip.npz,4.495553493499756,4.495553493499756,4.438777923583984,1
FakeVideo-FakeAudio/Asian (South)/women/id02089/00092_id04529_S92uo-UShxE_faceswap_id00235_wavtolip.npz,-0.4559820890426636,-0.4559820890426636,4.40116548538208,1
FakeVideo-FakeAudio/Asian (South)/women/id02089/00092_id04529_S92uo-UShxE_faceswap_id00417_wavtolip.npz,1.2513374090194702,1.2513374090194702,4.425629615783691,1
FakeVideo-FakeAudio/Asian (South)/women/id02089/00092_id04529_S92uo-UShxE_faceswap_id00739_wavtolip.npz,-1.6988743543624878,-1.6988743543624878,4.9477996826171875,1
FakeVideo-FakeAudio/Asian (South)/women/id02089/00092_id04529_S92uo-UShxE_faceswap_id04529_wavtolip.npz,4.388747692108154,4.388747692108154,4.837451934814453,1
FakeVideo-FakeAudio/Asian (South)/women/id02089/00092_id04529_S92uo-UShxE_faceswap_id07049_wavtolip.npz,-0.5466231107711792,-0.5466231107711792,4.598293304443359,1
FakeVideo-FakeAudio/Asian (South)/women/id02089/00092_id04529_S92uo-UShxE_id07686_wavtolip.npz,-1.728055477142334,-1.728055477142334,4.796611309051514,1
FakeVideo-FakeAudio/Asian (South)/women/id02089/00092_id04529_wavtolip.npz,4.37455415725708,4.37455415725708,4.867716312408447,1
FakeVideo-FakeAudio/Asian (South)/women/id02089/00092_id04564_xUz03LwKRtQ_id00461_wavtolip.npz,-1.2275949716567993,-1.2275949716567993,4.823548793792725,1
FakeVideo-FakeAudio/Asian (South)/women/id02089/00092_id04582_Pm9dX-TxNx0_id00080_wavtolip.npz,-0.6974878907203674,-0.6974878907203674,4.999027252197266,1
FakeVideo-FakeAudio/Asian (South)/women/id02089/00092_id04927_8MD618FRyfA_id04529_wavtolip.npz,4.503771781921387,4.503771781921387,4.793137073516846,1
FakeVideo-FakeAudio/Asian (South)/women/id02089/00092_id04927_wavtolip.npz,4.207444190979004,4.207444190979004,4.440855026245117,1
FakeVideo-FakeAudio/Asian (South)/women/id02089/00092_id05434_6p7kCmdOjDQ_id01026_wavtolip.npz,-0.8842794895172119,-0.8842794895172119,4.344766139984131,1
FakeVideo-FakeAudio/Asian (South)/women/id02089/00092_id06254_8VSfI86Fua4_id03985_wavtolip.npz,4.092295169830322,4.092295169830322,4.387109279632568,1
FakeVideo-FakeAudio/Asian (South)/women/id02089/00092_id06428_wavtolip.npz,-1.142798662185669,-1.142798662185669,4.722213268280029,1
FakeVideo-FakeAudio/Asian (South)/women/id02089/00092_id06445_NWtdqOxEbDY_id07236_wavtolip.npz,4.346801280975342,4.346801280975342,4.433508396148682,1
FakeVideo-FakeAudio/Asian (South)/women/id02089/00092_id07051_wavtolip.npz,-2.4050474166870117,-2.4050474166870117,5.044119834899902,1
FakeVideo-FakeAudio/Asian (South)/women/id02089/00092_id07686_wavtolip.npz,-3.06901216506958,-3.06901216506958,4.7840118408203125,1
FakeVideo-FakeAudio/Asian (South)/women/id00149/00284_id00461_Ort9NW3SJU4_id04927_wavtolip.npz,4.347949028015137,4.347949028015137,4.461606502532959,1
FakeVideo-FakeAudio/Asian (South)/women/id00149/00284_id00747_wavtolip.npz,-4.335731029510498,-4.335731029510498,5.108641624450684,1
FakeVideo-FakeAudio/Asian (South)/women/id00149/00284_id01026_wavtolip.npz,-1.001482605934143,-1.001482605934143,4.439362525939941,1
FakeVideo-FakeAudio/Asian (South)/women/id00149/00284_id02310_zA-8Pw0SvZg_id07686_wavtolip.npz,-1.5418100357055664,-1.5418100357055664,4.811349868774414,1
FakeVideo-FakeAudio/Asian (South)/women/id00149/00284_id03559_pgetxl1qbzM_id06752_wavtolip.npz,-1.4447978734970093,-1.4447978734970093,4.931764125823975,1
FakeVideo-FakeAudio/Asian (South)/women/id00149/00284_id04490_wavtolip.npz,3.4102909564971924,3.4102909564971924,4.520238399505615,1
FakeVideo-FakeAudio/Asian (South)/women/id00149/00284_id04530_W5-PTTL9HzU_id04582_wavtolip.npz,1.0986580848693848,1.0986580848693848,5.2189040184021,1
FakeVideo-FakeAudio/Asian (South)/women/id00149/00284_id04583_M10zZFjuAb0_id06343_wavtolip.npz,-0.919714093208313,-0.919714093208313,4.415253639221191,1
FakeVideo-FakeAudio/Asian (South)/women/id00149/00284_id04583_wavtolip.npz,-6.331275939941406,-6.331275939941406,4.6340508460998535,1
FakeVideo-FakeAudio/Asian (South)/women/id00149/00284_id05435_wavtolip.npz,4.104108810424805,4.104108810424805,4.505656719207764,1
FakeVideo-FakeAudio/Asian (South)/women/id00149/00284_id05478_wavtolip.npz,-1.272710919380188,-1.272710919380188,4.981566429138184,1
FakeVideo-FakeAudio/Asian (South)/women/id00149/00284_id06232_wavtolip.npz,2.56847882270813,2.56847882270813,4.262076377868652,1
FakeVideo-FakeAudio/Asian (South)/women/id00149/00284_id06254_wavtolip.npz,-2.4448559284210205,-2.4448559284210205,4.570027828216553,1
FakeVideo-FakeAudio/Asian (South)/women/id00149/00284_id06439_wavtolip.npz,3.6216137409210205,3.6216137409210205,4.653990268707275,1
FakeVideo-FakeAudio/Asian (South)/women/id00149/00284_id07051_wavtolip.npz,-1.6270142793655396,-1.6270142793655396,5.105720043182373,1
FakeVideo-FakeAudio/Asian (South)/women/id00149/00284_id07136_4e43eS5p3_M_faceswap_id02310_wavtolip.npz,-1.132392406463623,-1.132392406463623,4.912635326385498,1
FakeVideo-FakeAudio/Asian (South)/women/id00149/00284_id07136_4e43eS5p3_M_faceswap_id05920_wavtolip.npz,-0.6253056526184082,-0.6253056526184082,4.765131950378418,1
FakeVideo-FakeAudio/Asian (South)/women/id00149/00284_id07136_4e43eS5p3_M_faceswap_id06428_wavtolip.npz,-0.7662332057952881,-0.7662332057952881,4.813961029052734,1
FakeVideo-FakeAudio/Asian (South)/women/id00149/00284_id07136_4e43eS5p3_M_id00747_wavtolip.npz,-4.578269004821777,-4.578269004821777,5.142302513122559,1
FakeVideo-FakeAudio/Asian (South)/women/id00149/00284_id07377_FGNavKcGANA_id00417_wavtolip.npz,2.5495283603668213,2.5495283603668213,4.457766056060791,1
FakeVideo-FakeAudio/Asian (South)/women/id00149/00284_id07689_2ie0g83JkgA_id04530_wavtolip.npz,4.3939290046691895,4.3939290046691895,4.32403039932251,1
FakeVideo-FakeAudio/Asian (South)/women/id06439/00118_id00417_GhIZam3v09g_faceswap_id00235_wavtolip.npz,-1.2622933387756348,-1.2622933387756348,4.413797855377197,1
FakeVideo-FakeAudio/Asian (South)/women/id06439/00118_id00417_GhIZam3v09g_faceswap_id03815_wavtolip.npz,3.993251085281372,3.993251085281372,4.756601333618164,1
FakeVideo-FakeAudio/Asian (South)/women/id06439/00118_id00417_GhIZam3v09g_faceswap_id04564_wavtolip.npz,-2.115152597427368,-2.115152597427368,4.718290328979492,1
FakeVideo-FakeAudio/Asian (South)/women/id06439/00118_id00417_GhIZam3v09g_faceswap_id05931_wavtolip.npz,4.571152210235596,4.571152210235596,4.227126598358154,1
FakeVideo-FakeAudio/Asian (South)/women/id06439/00118_id00417_GhIZam3v09g_faceswap_id07049_wavtolip.npz,-0.6505151987075806,-0.6505151987075806,4.613009452819824,1
FakeVideo-FakeAudio/Asian (South)/women/id06439/00118_id00417_GhIZam3v09g_id00488_wavtolip.npz,-2.0915517807006836,-2.0915517807006836,4.932987213134766,1
FakeVideo-FakeAudio/Asian (South)/women/id06439/00118_id01026_wavtolip.npz,-1.4370222091674805,-1.4370222091674805,4.468227863311768,1
FakeVideo-FakeAudio/Asian (South)/women/id06439/00118_id03897_wavtolip.npz,4.46425199508667,4.46425199508667,4.445774555206299,1
FakeVideo-FakeAudio/Asian (South)/women/id06439/00118_id04070_wavtolip.npz,-3.9646220207214355,-3.9646220207214355,4.863428592681885,1
FakeVideo-FakeAudio/Asian (South)/women/id06439/00118_id04529_wavtolip.npz,5.192927360534668,5.192927360534668,4.767801284790039,1
FakeVideo-FakeAudio/Asian (South)/women/id06439/00118_id04583_wavtolip.npz,-4.831688404083252,-4.831688404083252,4.689476490020752,1
FakeVideo-FakeAudio/Asian (South)/women/id06439/00118_id04927_wavtolip.npz,4.300333023071289,4.300333023071289,4.438303470611572,1
FakeVideo-FakeAudio/Asian (South)/women/id06439/00118_id05478_VJkjRzPt-Jw_id00461_wavtolip.npz,-1.2661852836608887,-1.2661852836608887,4.854667663574219,1
FakeVideo-FakeAudio/Asian (South)/women/id06439/00118_id05478_wavtolip.npz,-1.759792685508728,-1.759792685508728,4.853765487670898,1
FakeVideo-FakeAudio/Asian (South)/women/id06439/00118_id06254_wavtolip.npz,-1.2620112895965576,-1.2620112895965576,4.583174228668213,1
FakeVideo-FakeAudio/Asian (South)/women/id06439/00118_id06428_A9nvRKd1afA_id05845_wavtolip.npz,-0.7076040506362915,-0.7076040506362915,4.81159782409668,1
FakeVideo-FakeAudio/Asian (South)/women/id06439/00118_id06438_wavtolip.npz,-0.5677403211593628,-0.5677403211593628,4.485053062438965,1
FakeVideo-FakeAudio/Asian (South)/women/id06439/00118_id06445_NWtdqOxEbDY_id00417_wavtolip.npz,2.2918577194213867,2.2918577194213867,4.583159446716309,1
FakeVideo-FakeAudio/Asian (South)/women/id06439/00118_id07049_wavtolip.npz,-0.7202165126800537,-0.7202165126800537,4.614391326904297,1
FakeVideo-FakeAudio/Asian (South)/women/id06439/00118_id07136_4e43eS5p3_M_id04070_wavtolip.npz,-3.480438709259033,-3.480438709259033,4.93784236907959,1
FakeVideo-FakeAudio/Asian (South)/women/id06439/00118_id07377_FGNavKcGANA_id03985_wavtolip.npz,4.158036708831787,4.158036708831787,4.33197546005249,1
FakeVideo-FakeAudio/Asian (South)/women/id06439/00118_id07689_2ie0g83JkgA_id00739_wavtolip.npz,-1.0196034908294678,-1.0196034908294678,4.932038307189941,1
FakeVideo-FakeAudio/Asian (South)/women/id05931/00013_id00488_wavtolip.npz,-6.2270731925964355,-6.2270731925964355,4.7913899421691895,1
FakeVideo-FakeAudio/Asian (South)/women/id05931/00013_id00747_wavtolip.npz,-4.595781326293945,-4.595781326293945,4.806652069091797,1
FakeVideo-FakeAudio/Asian (South)/women/id05931/00013_id01026_rM4ZERt7oM0_faceswap_id04070_wavtolip.npz,-3.783370018005371,-3.783370018005371,4.853365898132324,1
FakeVideo-FakeAudio/Asian (South)/women/id05931/00013_id01026_rM4ZERt7oM0_faceswap_id05931_wavtolip.npz,4.681262969970703,4.681262969970703,4.2672648429870605,1
FakeVideo-FakeAudio/Asian (South)/women/id05931/00013_id01026_rM4ZERt7oM0_faceswap_id06232_wavtolip.npz,4.474255084991455,4.474255084991455,4.342807292938232,1
FakeVideo-FakeAudio/Asian (South)/women/id05931/00013_id01026_rM4ZERt7oM0_faceswap_id07008_wavtolip.npz,-1.9739439487457275,-1.9739439487457275,4.6876325607299805,1
FakeVideo-FakeAudio/Asian (South)/women/id05931/00013_id01026_rM4ZERt7oM0_id07049_wavtolip.npz,-1.2388688325881958,-1.2388688325881958,4.739452838897705,1
FakeVideo-FakeAudio/Asian (South)/women/id05931/00013_id02089_wavtolip.npz,-3.3217203617095947,-3.3217203617095947,4.792062759399414,1
FakeVideo-FakeAudio/Asian (South)/women/id05931/00013_id02619_wavtolip.npz,-1.2391794919967651,-1.2391794919967651,4.61695671081543,1
FakeVideo-FakeAudio/Asian (South)/women/id05931/00013_id03559_pgetxl1qbzM_id03559_wavtolip.npz,-1.8009623289108276,-1.8009623289108276,4.742451190948486,1
FakeVideo-FakeAudio/Asian (South)/women/id05931/00013_id03815_wavtolip.npz,-0.24561679363250732,-0.24561679363250732,4.772937297821045,1
FakeVideo-FakeAudio/Asian (South)/women/id05931/00013_id03985_wavtolip.npz,4.1294636726379395,4.1294636726379395,4.563103675842285,1
FakeVideo-FakeAudio/Asian (South)/women/id05931/00013_id04927_8MD618FRyfA_id05434_wavtolip.npz,4.561827659606934,4.561827659606934,3.8547611236572266,1
FakeVideo-FakeAudio/Asian (South)/women/id05931/00013_id05435_OvX-Jv_whcU_id05435_wavtolip.npz,4.010530948638916,4.010530948638916,4.592711448669434,1
FakeVideo-FakeAudio/Asian (South)/women/id05931/00013_id05478_wavtolip.npz,-6.263065338134766,-6.263065338134766,4.804352283477783,1
FakeVideo-FakeAudio/Asian (South)/women/id05931/00013_id05845_XfMHm6CEwPw_id00488_wavtolip.npz,-6.253132343292236,-6.253132343292236,4.8263421058654785,1
FakeVideo-FakeAudio/Asian (South)/women/id05931/00013_id06438_wavtolip.npz,-1.0134501457214355,-1.0134501457214355,4.5938568115234375,1
FakeVideo-FakeAudio/Asian (South)/women/id05931/00013_id07049_BiljgZcyWI4_id06752_wavtolip.npz,-5.183556079864502,-5.183556079864502,4.765649795532227,1
FakeVideo-FakeAudio/Asian (South)/women/id05931/00013_id07049_wavtolip.npz,-1.7560845613479614,-1.7560845613479614,4.705810546875,1
FakeVideo-FakeAudio/Asian (South)/women/id05931/00013_id07136_4e43eS5p3_M_id06232_wavtolip.npz,4.518064498901367,4.518064498901367,4.351984977722168,1
FakeVideo-FakeAudio/Asian (South)/women/id05931/00013_id07236_wavtolip.npz,4.131501197814941,4.131501197814941,4.491330146789551,1
FakeVideo-FakeAudio/Asian (South)/women/id07051/00083_id00461_Ort9NW3SJU4_id07689_wavtolip.npz,-1.5472946166992188,-1.5472946166992188,4.613156318664551,1
FakeVideo-FakeAudio/Asian (South)/women/id07051/00083_id00461_wavtolip.npz,-1.7537801265716553,-1.7537801265716553,4.790715217590332,1
FakeVideo-FakeAudio/Asian (South)/women/id07051/00083_id02089_wavtolip.npz,-2.1361541748046875,-2.1361541748046875,5.163306713104248,1
FakeVideo-FakeAudio/Asian (South)/women/id07051/00083_id03559_pgetxl1qbzM_id05931_wavtolip.npz,4.818442344665527,4.818442344665527,4.1924214363098145,1
FakeVideo-FakeAudio/Asian (South)/women/id07051/00083_id03815_wavtolip.npz,4.161661624908447,4.161661624908447,4.831689357757568,1
FakeVideo-FakeAudio/Asian (South)/women/id07051/00083_id04529_wavtolip.npz,4.515666484832764,4.515666484832764,4.790744781494141,1
FakeVideo-FakeAudio/Asian (South)/women/id07051/00083_id04530_W5-PTTL9HzU_id04582_wavtolip.npz,-2.8639070987701416,-2.8639070987701416,5.31234884262085,1
FakeVideo-FakeAudio/Asian (South)/women/id07051/00083_id04530_wavtolip.npz,4.191883563995361,4.191883563995361,4.150405406951904,1
FakeVideo-FakeAudio/Asian (South)/women/id07051/00083_id04564_xUz03LwKRtQ_id00043_wavtolip.npz,-2.534407138824463,-2.534407138824463,4.870245933532715,1
FakeVideo-FakeAudio/Asian (South)/women/id07051/00083_id04583_M10zZFjuAb0_id00080_wavtolip.npz,-0.6856959462165833,-0.6856959462165833,5.041791915893555,1
FakeVideo-FakeAudio/Asian (South)/women/id07051/00083_id05435_OvX-Jv_whcU_id00488_wavtolip.npz,-1.663022756576538,-1.663022756576538,5.0096516609191895,1
FakeVideo-FakeAudio/Asian (South)/women/id07051/00083_id06254_wavtolip.npz,-1.980838656425476,-1.980838656425476,4.627668380737305,1
FakeVideo-FakeAudio/Asian (South)/women/id07051/00083_id06428_A9nvRKd1afA_faceswap_id00488_wavtolip.npz,-2.0383808612823486,-2.0383808612823486,5.026669025421143,1
FakeVideo-FakeAudio/Asian (South)/women/id07051/00083_id06428_A9nvRKd1afA_faceswap_id03559_wavtolip.npz,-0.1517699658870697,-0.1517699658870697,5.354348182678223,1
FakeVideo-FakeAudio/Asian (South)/women/id07051/00083_id06428_A9nvRKd1afA_faceswap_id04070_wavtolip.npz,-5.572790145874023,-5.572790145874023,4.815009593963623,1
FakeVideo-FakeAudio/Asian (South)/women/id07051/00083_id06428_A9nvRKd1afA_faceswap_id05434_wavtolip.npz,4.541564464569092,4.541564464569092,3.8346188068389893,1
FakeVideo-FakeAudio/Asian (South)/women/id07051/00083_id06428_A9nvRKd1afA_faceswap_id06428_wavtolip.npz,-0.42200738191604614,-0.42200738191604614,4.770545959472656,1
FakeVideo-FakeAudio/Asian (South)/women/id07051/00083_id06428_A9nvRKd1afA_id00417_wavtolip.npz,2.7275888919830322,2.7275888919830322,4.499151706695557,1
FakeVideo-FakeAudio/Asian (South)/women/id07051/00083_id06428_wavtolip.npz,-1.0634552240371704,-1.0634552240371704,4.765143394470215,1
FakeVideo-FakeAudio/Asian (South)/women/id07051/00083_id07008_wavtolip.npz,-1.4130351543426514,-1.4130351543426514,4.810998916625977,1
FakeVideo-FakeAudio/Asian (South)/women/id07051/00083_id07136_4e43eS5p3_M_id00488_wavtolip.npz,-2.4884939193725586,-2.4884939193725586,5.04648494720459,1
FakeVideo-FakeAudio/Asian (South)/women/id07051/00083_id07236_wavtolip.npz,4.426403522491455,4.426403522491455,4.500339984893799,1
FakeVideo-FakeAudio/African/men/id01835/00130_id00173_UHoMXLSjlDo_id01610_wavtolip.npz,-1.5721626281738281,-1.5721626281738281,4.764329433441162,1
FakeVideo-FakeAudio/African/men/id01835/00130_id00173_wavtolip.npz,-0.8378929495811462,-0.8378929495811462,5.131657600402832,1
FakeVideo-FakeAudio/African/men/id01835/00130_id00366_RSOgEoek8WM_id01691_wavtolip.npz,3.1709988117218018,3.1709988117218018,5.284529209136963,1
FakeVideo-FakeAudio/African/men/id01835/00130_id00701_lW6uzLIOwd0_id00391_wavtolip.npz,-2.2366445064544678,-2.2366445064544678,5.278770446777344,1
FakeVideo-FakeAudio/African/men/id01835/00130_id00761_QtTNFhCCgzw_faceswap_id00391_wavtolip.npz,-2.5897324085235596,-2.5897324085235596,5.238982200622559,1
FakeVideo-FakeAudio/African/men/id01835/00130_id00761_QtTNFhCCgzw_faceswap_id00518_wavtolip.npz,-2.376765012741089,-2.376765012741089,4.499189376831055,1
FakeVideo-FakeAudio/African/men/id01835/00130_id00761_QtTNFhCCgzw_faceswap_id01170_wavtolip.npz,-0.563103199005127,-0.563103199005127,4.890800952911377,1
FakeVideo-FakeAudio/African/men/id01835/00130_id00761_QtTNFhCCgzw_faceswap_id02051_wavtolip.npz,-1.36020827293396,-1.36020827293396,4.582525253295898,1
FakeVideo-FakeAudio/African/men/id01835/00130_id00761_QtTNFhCCgzw_faceswap_id02494_wavtolip.npz,4.553741455078125,4.553741455078125,3.795846462249756,1
FakeVideo-FakeAudio/African/men/id01835/00130_id00761_QtTNFhCCgzw_id02296_wavtolip.npz,-4.573789119720459,-4.573789119720459,4.813833236694336,1
FakeVideo-FakeAudio/African/men/id01835/00130_id00761_wavtolip.npz,3.180467128753662,3.180467128753662,4.867682456970215,1
FakeVideo-FakeAudio/African/men/id01835/00130_id00781_wavtolip.npz,4.511941909790039,4.511941909790039,3.981522798538208,1
FakeVideo-FakeAudio/African/men/id01835/00130_id00830_rfl3Teg9uew_id01392_wavtolip.npz,0.3819475769996643,0.3819475769996643,5.063716888427734,1
FakeVideo-FakeAudio/African/men/id01835/00130_id00944_DiW5D62667U_id01392_wavtolip.npz,-2.1748993396759033,-2.1748993396759033,5.09101676940918,1
FakeVideo-FakeAudio/African/men/id01835/00130_id01036_AohKaMtIHxA_id02342_wavtolip.npz,-2.1752424240112305,-2.1752424240112305,4.8594970703125,1
FakeVideo-FakeAudio/African/men/id01835/00130_id01036_wavtolip.npz,4.355747699737549,4.355747699737549,5.400153160095215,1
FakeVideo-FakeAudio/African/men/id01835/00130_id01076_wavtolip.npz,4.629103183746338,4.629103183746338,4.283862113952637,1
FakeVideo-FakeAudio/African/men/id01835/00130_id01236_wavtolip.npz,5.075267791748047,5.075267791748047,4.3219499588012695,1
FakeVideo-FakeAudio/African/men/id01835/00130_id01528_wavtolip.npz,-2.4259347915649414,-2.4259347915649414,5.125807762145996,1
FakeVideo-FakeAudio/African/men/id01835/00130_id02268_irA9myDvW-I_id01179_wavtolip.npz,-2.4811415672302246,-2.4811415672302246,4.811870098114014,1
FakeVideo-FakeAudio/African/men/id01835/00130_id02296_wavtolip.npz,-5.422214508056641,-5.422214508056641,4.854310035705566,1
FakeVideo-FakeAudio/African/men/id01835/00130_id04727_wavtolip.npz,3.3965439796447754,3.3965439796447754,4.486990928649902,1
FakeVideo-FakeAudio/African/men/id02040/00476_id00391_TjJgUZaenWI_id00944_wavtolip.npz,-3.8695733547210693,-3.8695733547210693,4.69916296005249,1
FakeVideo-FakeAudio/African/men/id02040/00476_id00476_wavtolip.npz,3.9454615116119385,3.9454615116119385,4.669541835784912,1
FakeVideo-FakeAudio/African/men/id02040/00476_id00761_wavtolip.npz,3.9466843605041504,3.9466843605041504,4.648299217224121,1
FakeVideo-FakeAudio/African/men/id02040/00476_id00944_wavtolip.npz,-3.385780096054077,-3.385780096054077,4.5625457763671875,1
FakeVideo-FakeAudio/African/men/id02040/00476_id01392_fF-g0KFJ7lg_id01036_wavtolip.npz,2.5285441875457764,2.5285441875457764,4.750707149505615,1
FakeVideo-FakeAudio/African/men/id02040/00476_id01392_wavtolip.npz,-5.742978096008301,-5.742978096008301,4.615289211273193,1
FakeVideo-FakeAudio/African/men/id02040/00476_id01452_wavtolip.npz,4.712569713592529,4.712569713592529,4.410365581512451,1
FakeVideo-FakeAudio/African/men/id02040/00476_id01528_wavtolip.npz,-4.609579563140869,-4.609579563140869,4.61480712890625,1
FakeVideo-FakeAudio/African/men/id02040/00476_id01530_8kiAt_4gQGI_id02005_wavtolip.npz,-1.575827717781067,-1.575827717781067,4.72489070892334,1
FakeVideo-FakeAudio/African/men/id02040/00476_id01530_wavtolip.npz,-5.460239887237549,-5.460239887237549,4.657510757446289,1
FakeVideo-FakeAudio/African/men/id02040/00476_id01691_IVtS5z8Jrrk_id01717_wavtolip.npz,4.157130241394043,4.157130241394043,4.353193283081055,1
FakeVideo-FakeAudio/African/men/id02040/00476_id01717_wavtolip.npz,4.366113662719727,4.366113662719727,4.321431636810303,1
FakeVideo-FakeAudio/African/men/id02040/00476_id01995_wavtolip.npz,-4.120882034301758,-4.120882034301758,4.578436851501465,1
FakeVideo-FakeAudio/African/men/id02040/00476_id02051_wavtolip.npz,-0.23800188302993774,-0.23800188302993774,4.502965450286865,1
FakeVideo-FakeAudio/African/men/id01392/00167_2_id00166_wavtolip.npz,-0.49307072162628174,-0.49307072162628174,4.817688465118408,1
FakeVideo-FakeAudio/African/men/id01392/00167_2_id00475_wavtolip.npz,-1.8343561887741089,-1.8343561887741089,4.88378381729126,1
FakeVideo-FakeAudio/African/men/id01392/00167_2_id00478_wavtolip.npz,-0.5920088291168213,-0.5920088291168213,4.798830986022949,1
FakeVideo-FakeAudio/African/men/id01392/00167_2_id01207_wavtolip.npz,0.8813480138778687,0.8813480138778687,4.658833026885986,1
FakeVideo-FakeAudio/African/men/id01392/00167_2_id01521_wavtolip.npz,4.478437423706055,4.478437423706055,4.301821708679199,1
FakeVideo-FakeAudio/African/men/id01392/00167_3_id00830_wavtolip.npz,-6.013393402099609,-6.013393402099609,4.89506196975708,1
FakeVideo-FakeAudio/African/men/id01392/00167_3_id01392_wavtolip.npz,-2.6133689880371094,-2.6133689880371094,4.9946112632751465,1
FakeVideo-FakeAudio/African/men/id01392/00167_3_id01610_wavtolip.npz,1.3962124586105347,1.3962124586105347,4.645588397979736,1
FakeVideo-FakeAudio/African/men/id01392/00167_3_id01933_wavtolip.npz,-5.308592319488525,-5.308592319488525,4.83892297744751,1
FakeVideo-FakeAudio/African/men/id01392/00167_3_id02040_wavtolip.npz,1.4072859287261963,1.4072859287261963,3.855302333831787,1
FakeVideo-FakeAudio/African/men/id01392/00167_id00366_wavtolip.npz,0.4506882131099701,0.4506882131099701,5.156118869781494,1
FakeVideo-FakeAudio/African/men/id01392/00167_id00391_TjJgUZaenWI_id01598_wavtolip.npz,2.516663074493408,2.516663074493408,4.700099945068359,1
FakeVideo-FakeAudio/African/men/id01392/00167_id00475_wavtolip.npz,0.6185755133628845,0.6185755133628845,5.396793365478516,1
FakeVideo-FakeAudio/African/men/id01392/00167_id00701_wavtolip.npz,-2.1127283573150635,-2.1127283573150635,5.351483345031738,1
FakeVideo-FakeAudio/African/men/id01392/00167_id00761_wavtolip.npz,3.279499053955078,3.279499053955078,4.992035865783691,1
FakeVideo-FakeAudio/African/men/id01392/00167_id01179_RnqLJMrWELw_id02268_wavtolip.npz,-1.631296157836914,-1.631296157836914,4.972780227661133,1
FakeVideo-FakeAudio/African/men/id01392/00167_id01207_mt129WTRSII_id01691_wavtolip.npz,-1.384962797164917,-1.384962797164917,5.359145164489746,1
FakeVideo-FakeAudio/African/men/id01392/00167_id01207_wavtolip.npz,-0.5489225387573242,-0.5489225387573242,4.732028484344482,1
FakeVideo-FakeAudio/African/men/id01392/00167_id01521_wavtolip.npz,4.405198097229004,4.405198097229004,4.382809638977051,1
FakeVideo-FakeAudio/African/men/id01392/00167_id01597_52WEZxe4_GE_id01920_wavtolip.npz,-0.15446244180202484,-0.15446244180202484,4.992924690246582,1
FakeVideo-FakeAudio/African/men/id01392/00167_id01610_wavtolip.npz,-1.6639716625213623,-1.6639716625213623,4.845774173736572,1
FakeVideo-FakeAudio/African/men/id01392/00167_id01920_w9C_knCPD94_id02040_wavtolip.npz,2.7447140216827393,2.7447140216827393,3.8804521560668945,1
FakeVideo-FakeAudio/African/men/id01392/00167_id01972_wavtolip.npz,2.259444236755371,2.259444236755371,4.464440822601318,1
FakeVideo-FakeAudio/African/men/id01392/00167_id02005_wavtolip.npz,-0.9921151399612427,-0.9921151399612427,4.845611095428467,1
FakeVideo-FakeAudio/African/men/id01392/00167_id02494_wavtolip.npz,4.500785827636719,4.500785827636719,3.858198404312134,1
FakeVideo-FakeAudio/African/men/id01717/00005_id00166_wavtolip.npz,-6.261794090270996,-6.261794090270996,4.717148780822754,1
FakeVideo-FakeAudio/African/men/id01717/00005_id00366_RSOgEoek8WM_id02268_wavtolip.npz,-6.283144474029541,-6.283144474029541,4.690844535827637,1
FakeVideo-FakeAudio/African/men/id01717/00005_id00366_wavtolip.npz,-6.23378849029541,-6.23378849029541,4.767675876617432,1
FakeVideo-FakeAudio/African/men/id01717/00005_id00518_wavtolip.npz,-2.0683751106262207,-2.0683751106262207,4.6077446937561035,1
FakeVideo-FakeAudio/African/men/id01717/00005_id00701_lW6uzLIOwd0_id01207_wavtolip.npz,4.524775505065918,4.524775505065918,4.765122890472412,1
FakeVideo-FakeAudio/African/men/id01717/00005_id00761_wavtolip.npz,-0.07610554248094559,-0.07610554248094559,4.761070728302002,1
FakeVideo-FakeAudio/African/men/id01717/00005_id00781_wavtolip.npz,4.240358829498291,4.240358829498291,4.061935901641846,1
FakeVideo-FakeAudio/African/men/id01717/00005_id00987_wavtolip.npz,-2.378485679626465,-2.378485679626465,4.80466365814209,1
FakeVideo-FakeAudio/African/men/id01717/00005_id01171_wavtolip.npz,-1.917622447013855,-1.917622447013855,4.667843818664551,1
FakeVideo-FakeAudio/African/men/id01717/00005_id01392_wavtolip.npz,-5.642281532287598,-5.642281532287598,4.809054374694824,1
FakeVideo-FakeAudio/African/men/id01717/00005_id01452_4MqeoSxSy3w_id01856_wavtolip.npz,-5.201703071594238,-5.201703071594238,4.564793109893799,1
FakeVideo-FakeAudio/African/men/id01717/00005_id01544_wavtolip.npz,1.3853113651275635,1.3853113651275635,4.540321350097656,1
FakeVideo-FakeAudio/African/men/id01717/00005_id01920_w9C_knCPD94_id01598_wavtolip.npz,-2.15535044670105,-2.15535044670105,4.676328182220459,1
FakeVideo-FakeAudio/African/men/id01717/00005_id02005_7_Egh9mW5y4_faceswap_id01170_wavtolip.npz,-5.576047897338867,-5.576047897338867,4.828720569610596,1
FakeVideo-FakeAudio/African/men/id01717/00005_id02005_7_Egh9mW5y4_faceswap_id01392_wavtolip.npz,-2.964772939682007,-2.964772939682007,4.799841403961182,1
FakeVideo-FakeAudio/African/men/id01717/00005_id02005_7_Egh9mW5y4_faceswap_id01691_wavtolip.npz,4.698646068572998,4.698646068572998,4.655019760131836,1
FakeVideo-FakeAudio/African/men/id01717/00005_id02005_7_Egh9mW5y4_faceswap_id01779_wavtolip.npz,-1.201906681060791,-1.201906681060791,4.7440714836120605,1
FakeVideo-FakeAudio/African/men/id01717/00005_id02005_7_Egh9mW5y4_faceswap_id04727_wavtolip.npz,3.7610738277435303,3.7610738277435303,4.563179969787598,1
FakeVideo-FakeAudio/African/men/id01717/00005_id02005_7_Egh9mW5y4_id01076_wavtolip.npz,4.506053924560547,4.506053924560547,4.2907233238220215,1
FakeVideo-FakeAudio/African/men/id01717/00005_id02316_yrrNcmZ-xmI_id01544_wavtolip.npz,1.9260445833206177,1.9260445833206177,4.656115531921387,1
FakeVideo-FakeAudio/African/men/id01717/00005_id04727_wavtolip.npz,3.2062313556671143,3.2062313556671143,4.551530838012695,1
FakeVideo-FakeAudio/African/men/id01779/00010_id00475_wavtolip.npz,-2.6408607959747314,-2.6408607959747314,5.065920829772949,1
FakeVideo-FakeAudio/African/men/id01779/00010_id00518_wavtolip.npz,-1.8417783975601196,-1.8417783975601196,4.6046247482299805,1
FakeVideo-FakeAudio/African/men/id01779/00010_id00701_lW6uzLIOwd0_id00366_wavtolip.npz,-2.7693662643432617,-2.7693662643432617,4.960892677307129,1
FakeVideo-FakeAudio/African/men/id01779/00010_id00781_wavtolip.npz,4.558056831359863,4.558056831359863,3.9002768993377686,1
FakeVideo-FakeAudio/African/men/id01779/00010_id01036_AohKaMtIHxA_id01637_wavtolip.npz,-1.282697081565857,-1.282697081565857,4.830775737762451,1
FakeVideo-FakeAudio/African/men/id01779/00010_id01036_wavtolip.npz,0.22723475098609924,0.22723475098609924,5.031056880950928,1
FakeVideo-FakeAudio/African/men/id01779/00010_id01076_wavtolip.npz,4.522763252258301,4.522763252258301,4.142985820770264,1
FakeVideo-FakeAudio/African/men/id01779/00010_id01171_XSINMRoTb0E_id01076_wavtolip.npz,4.565665245056152,4.565665245056152,4.30457878112793,1
FakeVideo-FakeAudio/African/men/id01779/00010_id01528_wavtolip.npz,-5.715597629547119,-5.715597629547119,4.9641242027282715,1
FakeVideo-FakeAudio/African/men/id01779/00010_id01530_wavtolip.npz,-4.55910587310791,-4.55910587310791,4.592380523681641,1
FakeVideo-FakeAudio/African/men/id01779/00010_id01544_wavtolip.npz,1.8246392011642456,1.8246392011642456,4.528915882110596,1
FakeVideo-FakeAudio/African/men/id01779/00010_id01637_5VjcPZm8knM_id01972_wavtolip.npz,-0.19204401969909668,-0.19204401969909668,4.455428600311279,1
FakeVideo-FakeAudio/African/men/id01779/00010_id01691_IVtS5z8Jrrk_faceswap_id00173_wavtolip.npz,4.494088172912598,4.494088172912598,5.144772529602051,1
FakeVideo-FakeAudio/African/men/id01779/00010_id01691_IVtS5z8Jrrk_faceswap_id00478_wavtolip.npz,-1.4180067777633667,-1.4180067777633667,5.0306196212768555,1
FakeVideo-FakeAudio/African/men/id01779/00010_id01691_IVtS5z8Jrrk_faceswap_id00701_wavtolip.npz,-5.930338382720947,-5.930338382720947,5.152719974517822,1
FakeVideo-FakeAudio/African/men/id01779/00010_id01691_IVtS5z8Jrrk_faceswap_id01170_wavtolip.npz,-0.3441401720046997,-0.3441401720046997,5.020241737365723,1
FakeVideo-FakeAudio/African/men/id01779/00010_id01691_IVtS5z8Jrrk_faceswap_id01779_wavtolip.npz,3.3553175926208496,3.3553175926208496,4.9217047691345215,1
FakeVideo-FakeAudio/African/men/id01779/00010_id01691_IVtS5z8Jrrk_id00391_wavtolip.npz,-3.2134275436401367,-3.2134275436401367,4.914133548736572,1
FakeVideo-FakeAudio/African/men/id01779/00010_id01779_wavtolip.npz,3.6720588207244873,3.6720588207244873,4.840327739715576,1
FakeVideo-FakeAudio/African/men/id01779/00010_id01856_6Q2f3b1QNRM_id00830_wavtolip.npz,-5.998863220214844,-5.998863220214844,5.1530256271362305,1
FakeVideo-FakeAudio/African/men/id01779/00010_id02268_irA9myDvW-I_id01452_wavtolip.npz,4.766421794891357,4.766421794891357,4.414157390594482,1
FakeVideo-FakeAudio/African/men/id01779/00010_id02268_wavtolip.npz,-1.924124002456665,-1.924124002456665,4.963672161102295,1
FakeVideo-FakeAudio/African/men/id01779/00010_id02494_lObg47hQleE_id01076_wavtolip.npz,4.394250392913818,4.394250392913818,4.317809581756592,1
FakeVideo-FakeAudio/African/men/id01179/00160_id00166_PQV2ZbJBLNk_id01544_wavtolip.npz,2.9262359142303467,2.9262359142303467,4.526932239532471,1
FakeVideo-FakeAudio/African/men/id01179/00160_id00173_wavtolip.npz,-1.1817963123321533,-1.1817963123321533,4.8585052490234375,1
FakeVideo-FakeAudio/African/men/id01179/00160_id00391_TjJgUZaenWI_id01171_wavtolip.npz,2.344283103942871,2.344283103942871,4.606794834136963,1
FakeVideo-FakeAudio/African/men/id01179/00160_id00476_UgdYVJ6xPYg_id01856_wavtolip.npz,-6.258194446563721,-6.258194446563721,4.548164367675781,1
FakeVideo-FakeAudio/African/men/id01179/00160_id00518_wavtolip.npz,-1.6728438138961792,-1.6728438138961792,4.6573028564453125,1
FakeVideo-FakeAudio/African/men/id01179/00160_id01170_7eoTTk4xyNo_id01856_wavtolip.npz,-1.76681649684906,-1.76681649684906,4.587040901184082,1
FakeVideo-FakeAudio/African/men/id01179/00160_id01171_wavtolip.npz,2.059596538543701,2.059596538543701,4.595556259155273,1
FakeVideo-FakeAudio/African/men/id01179/00160_id01207_mt129WTRSII_id01171_wavtolip.npz,-0.7036699652671814,-0.7036699652671814,4.603329658508301,1
FakeVideo-FakeAudio/African/men/id01179/00160_id01207_wavtolip.npz,-0.42843344807624817,-0.42843344807624817,4.700380325317383,1
FakeVideo-FakeAudio/African/men/id01179/00160_id01392_wavtolip.npz,-4.170624256134033,-4.170624256134033,4.897482872009277,1
FakeVideo-FakeAudio/African/men/id01179/00160_id01544_wavtolip.npz,3.0199058055877686,3.0199058055877686,4.546511173248291,1
FakeVideo-FakeAudio/African/men/id01179/00160_id01598_wavtolip.npz,-0.5421199798583984,-0.5421199798583984,4.611379623413086,1
FakeVideo-FakeAudio/African/men/id01179/00160_id01637_5VjcPZm8knM_id01995_wavtolip.npz,-0.8378307819366455,-0.8378307819366455,4.816195011138916,1
FakeVideo-FakeAudio/African/men/id01179/00160_id01691_wavtolip.npz,-0.5041218400001526,-0.5041218400001526,4.7461419105529785,1
FakeVideo-FakeAudio/African/men/id01179/00160_id01717_wavtolip.npz,4.484379291534424,4.484379291534424,4.331289768218994,1
FakeVideo-FakeAudio/African/men/id01179/00160_id02005_7_Egh9mW5y4_faceswap_id01528_wavtolip.npz,-5.694472312927246,-5.694472312927246,5.028221607208252,1
FakeVideo-FakeAudio/African/men/id01179/00160_id02005_7_Egh9mW5y4_faceswap_id01779_wavtolip.npz,-1.252368688583374,-1.252368688583374,4.86501932144165,1
FakeVideo-FakeAudio/African/men/id01179/00160_id02005_7_Egh9mW5y4_faceswap_id01835_wavtolip.npz,-0.9482622146606445,-0.9482622146606445,4.886954307556152,1
FakeVideo-FakeAudio/African/men/id01179/00160_id02005_7_Egh9mW5y4_faceswap_id01972_wavtolip.npz,2.3699731826782227,2.3699731826782227,4.493311405181885,1
FakeVideo-FakeAudio/African/men/id01179/00160_id02005_7_Egh9mW5y4_faceswap_id02316_wavtolip.npz,4.521543979644775,4.521543979644775,4.4748077392578125,1
FakeVideo-FakeAudio/African/men/id01179/00160_id02005_7_Egh9mW5y4_id00366_wavtolip.npz,-6.192803382873535,-6.192803382873535,4.895129203796387,1
FakeVideo-FakeAudio/African/men/id01179/00160_id02342_RJPBPhJB8TA_id01779_wavtolip.npz,-1.6084933280944824,-1.6084933280944824,4.763151168823242,1
FakeVideo-FakeAudio/African/men/id01179/00160_id02342_wavtolip.npz,-0.8020226955413818,-0.8020226955413818,4.807674407958984,1
FakeVideo-FakeAudio/African/men/id01528/00017_id00173_wavtolip.npz,-0.9429720640182495,-0.9429720640182495,5.057551383972168,1
FakeVideo-FakeAudio/African/men/id01528/00017_id00518_qm7oQcDg4oI_id00781_wavtolip.npz,4.415217876434326,4.415217876434326,4.183441638946533,1
FakeVideo-FakeAudio/African/men/id01528/00017_id00944_DiW5D62667U_id02296_wavtolip.npz,1.4248740673065186,1.4248740673065186,4.889923572540283,1
FakeVideo-FakeAudio/African/men/id01528/00017_id00944_wavtolip.npz,-0.5448060035705566,-0.5448060035705566,4.941584587097168,1
FakeVideo-FakeAudio/African/men/id01528/00017_id00987_wavtolip.npz,-1.3561038970947266,-1.3561038970947266,5.257277965545654,1
FakeVideo-FakeAudio/African/men/id01528/00017_id01076_wavtolip.npz,4.490559101104736,4.490559101104736,4.227596759796143,1
FakeVideo-FakeAudio/African/men/id01528/00017_id01171_wavtolip.npz,-1.5736284255981445,-1.5736284255981445,4.610391616821289,1
FakeVideo-FakeAudio/African/men/id01528/00017_id01207_mt129WTRSII_id01207_wavtolip.npz,-0.23326629400253296,-0.23326629400253296,4.709179878234863,1
FakeVideo-FakeAudio/African/men/id01528/00017_id01236_7WdumGR5-JM_id02342_wavtolip.npz,-0.23644134402275085,-0.23644134402275085,4.805200576782227,1
FakeVideo-FakeAudio/African/men/id01528/00017_id01236_wavtolip.npz,4.737281322479248,4.737281322479248,4.284666061401367,1
FakeVideo-FakeAudio/African/men/id01528/00017_id01452_4MqeoSxSy3w_faceswap_id00701_wavtolip.npz,-5.8872175216674805,-5.8872175216674805,5.11545991897583,1
FakeVideo-FakeAudio/African/men/id01528/00017_id01452_4MqeoSxSy3w_faceswap_id01076_wavtolip.npz,4.509200096130371,4.509200096130371,4.272897720336914,1
FakeVideo-FakeAudio/African/men/id01528/00017_id01452_4MqeoSxSy3w_faceswap_id01610_wavtolip.npz,-1.6637306213378906,-1.6637306213378906,4.736213684082031,1
FakeVideo-FakeAudio/African/men/id01528/00017_id01452_4MqeoSxSy3w_faceswap_id02005_wavtolip.npz,-0.32745295763015747,-0.32745295763015747,4.718828201293945,1
FakeVideo-FakeAudio/African/men/id01528/00017_id01452_4MqeoSxSy3w_faceswap_id02494_wavtolip.npz,4.533211708068848,4.533211708068848,3.8011279106140137,1
FakeVideo-FakeAudio/African/men/id01528/00017_id01452_4MqeoSxSy3w_id04727_wavtolip.npz,3.8398420810699463,3.8398420810699463,4.373220443725586,1
FakeVideo-FakeAudio/African/men/id01528/00017_id01597_52WEZxe4_GE_id00476_wavtolip.npz,1.6785320043563843,1.6785320043563843,5.1969170570373535,1
FakeVideo-FakeAudio/African/men/id01528/00017_id01598_wavtolip.npz,-1.3720588684082031,-1.3720588684082031,4.608710765838623,1
FakeVideo-FakeAudio/African/men/id01528/00017_id01933_I5XXxgK7QpE_id00391_wavtolip.npz,-2.8220202922821045,-2.8220202922821045,5.013801574707031,1
FakeVideo-FakeAudio/African/men/id01528/00017_id01972_hBYoeQTm8ZQ_id01610_wavtolip.npz,-0.503896176815033,-0.503896176815033,4.804555416107178,1
FakeVideo-FakeAudio/African/men/id01528/00017_id02005_wavtolip.npz,-0.857327938079834,-0.857327938079834,4.83439826965332,1
FakeVideo-FakeAudio/African/men/id01528/00017_id02040_wavtolip.npz,1.5948868989944458,1.5948868989944458,3.9231162071228027,1
FakeVideo-FakeAudio/African/men/id01528/00017_id02296_wavtolip.npz,-0.34422463178634644,-0.34422463178634644,4.863316535949707,1
FakeVideo-FakeAudio/African/men/id00076/00109_10_id00476_wavtolip.npz,3.114940643310547,3.114940643310547,4.70405912399292,1
FakeVideo-FakeAudio/African/men/id00076/00109_10_id01076_wavtolip.npz,4.489320755004883,4.489320755004883,4.239827632904053,1
FakeVideo-FakeAudio/African/men/id00076/00109_10_id01179_wavtolip.npz,-5.533149242401123,-5.533149242401123,4.675786972045898,1
FakeVideo-FakeAudio/African/men/id00076/00109_10_id02005_wavtolip.npz,-0.757003664970398,-0.757003664970398,4.629062175750732,1
FakeVideo-FakeAudio/African/men/id00076/00109_10_id02342_wavtolip.npz,-2.4283509254455566,-2.4283509254455566,4.708136558532715,1
FakeVideo-FakeAudio/African/men/id00076/00109_12_id00518_wavtolip.npz,-4.149706840515137,-4.149706840515137,4.551238059997559,1
FakeVideo-FakeAudio/African/men/id00076/00109_12_id00761_wavtolip.npz,-6.186789512634277,-6.186789512634277,4.715043544769287,1
FakeVideo-FakeAudio/African/men/id00076/00109_12_id00987_wavtolip.npz,-0.269447922706604,-0.269447922706604,4.747215270996094,1
FakeVideo-FakeAudio/African/men/id00076/00109_12_id01856_wavtolip.npz,-6.377707004547119,-6.377707004547119,4.568572998046875,1
FakeVideo-FakeAudio/African/men/id00076/00109_12_id02296_wavtolip.npz,-4.263796806335449,-4.263796806335449,4.6427083015441895,1
FakeVideo-FakeAudio/African/men/id00076/00109_2_id00166_wavtolip.npz,-6.091867446899414,-6.091867446899414,4.586984634399414,1
FakeVideo-FakeAudio/African/men/id00076/00109_2_id00701_wavtolip.npz,3.4355340003967285,3.4355340003967285,4.624238014221191,1
FakeVideo-FakeAudio/African/men/id00076/00109_2_id01236_wavtolip.npz,4.716712474822998,4.716712474822998,4.264163970947266,1
FakeVideo-FakeAudio/African/men/id00076/00109_2_id01521_wavtolip.npz,4.486849308013916,4.486849308013916,4.286516189575195,1
FakeVideo-FakeAudio/African/men/id00076/00109_2_id01598_wavtolip.npz,-4.1005449295043945,-4.1005449295043945,4.575630187988281,1
FakeVideo-FakeAudio/African/men/id00076/00109_4_id01392_wavtolip.npz,-2.4061758518218994,-2.4061758518218994,5.032377243041992,1
FakeVideo-FakeAudio/African/men/id00076/00109_4_id01528_wavtolip.npz,-5.966354846954346,-5.966354846954346,4.995284080505371,1
FakeVideo-FakeAudio/African/men/id00076/00109_4_id01691_wavtolip.npz,-1.4468848705291748,-1.4468848705291748,4.9158034324646,1
FakeVideo-FakeAudio/African/men/id00076/00109_4_id01995_wavtolip.npz,4.382050514221191,4.382050514221191,4.981568336486816,1
FakeVideo-FakeAudio/African/men/id00076/00109_4_id02296_wavtolip.npz,-2.2822349071502686,-2.2822349071502686,4.818053722381592,1
FakeVideo-FakeAudio/African/men/id00076/00109_7_id00166_wavtolip.npz,-1.3794794082641602,-1.3794794082641602,4.74261474609375,1
FakeVideo-FakeAudio/African/men/id00076/00109_7_id00478_wavtolip.npz,-0.34745585918426514,-0.34745585918426514,4.929337501525879,1
FakeVideo-FakeAudio/African/men/id00076/00109_7_id01452_wavtolip.npz,5.256129741668701,5.256129741668701,4.320460319519043,1
FakeVideo-FakeAudio/African/men/id00076/00109_7_id01717_wavtolip.npz,4.62782621383667,4.62782621383667,4.512363910675049,1
FakeVideo-FakeAudio/African/men/id00076/00109_7_id01995_wavtolip.npz,4.612115383148193,4.612115383148193,4.858425617218018,1
FakeVideo-FakeAudio/African/men/id00076/00109_8_id00166_wavtolip.npz,-0.7955852746963501,-0.7955852746963501,4.7599592208862305,1
FakeVideo-FakeAudio/African/men/id00076/00109_8_id00701_wavtolip.npz,-4.316379547119141,-4.316379547119141,4.888248443603516,1
FakeVideo-FakeAudio/African/men/id00076/00109_8_id00761_wavtolip.npz,2.917961835861206,2.917961835861206,4.876659393310547,1
FakeVideo-FakeAudio/African/men/id00076/00109_8_id01170_wavtolip.npz,-6.175450325012207,-6.175450325012207,5.0203857421875,1
FakeVideo-FakeAudio/African/men/id00076/00109_8_id02005_wavtolip.npz,-1.1301229000091553,-1.1301229000091553,5.0208868980407715,1
FakeVideo-FakeAudio/African/men/id00076/00109_9_id00076_wavtolip.npz,-6.3914265632629395,-6.3914265632629395,4.455166339874268,1
FakeVideo-FakeAudio/African/men/id00076/00109_9_id01036_wavtolip.npz,-0.8318058252334595,-0.8318058252334595,4.478860378265381,1
FakeVideo-FakeAudio/African/men/id00076/00109_9_id01452_wavtolip.npz,4.802199363708496,4.802199363708496,4.352736949920654,1
FakeVideo-FakeAudio/African/men/id00076/00109_9_id01528_wavtolip.npz,-5.192935466766357,-5.192935466766357,4.480648517608643,1
FakeVideo-FakeAudio/African/men/id00076/00109_9_id02005_wavtolip.npz,4.381834506988525,4.381834506988525,4.506731033325195,1
FakeVideo-FakeAudio/African/men/id00076/00109_id00173_UHoMXLSjlDo_id00475_wavtolip.npz,-0.8819785118103027,-0.8819785118103027,5.39781379699707,1
FakeVideo-FakeAudio/African/men/id00076/00109_id00366_RSOgEoek8WM_id01995_wavtolip.npz,4.327337741851807,4.327337741851807,4.9414448738098145,1
FakeVideo-FakeAudio/African/men/id00076/00109_id00391_wavtolip.npz,-4.1370415687561035,-4.1370415687561035,5.430022716522217,1
FakeVideo-FakeAudio/African/men/id00076/00109_id00475_wavtolip.npz,1.1365840435028076,1.1365840435028076,5.304023742675781,1
FakeVideo-FakeAudio/African/men/id00076/00109_id00476_wavtolip.npz,-2.6263506412506104,-2.6263506412506104,5.351083278656006,1
FakeVideo-FakeAudio/African/men/id00076/00109_id00701_wavtolip.npz,-2.315749168395996,-2.315749168395996,5.216343879699707,1
FakeVideo-FakeAudio/African/men/id00076/00109_id00830_rfl3Teg9uew_id01544_wavtolip.npz,2.9605751037597656,2.9605751037597656,4.677183151245117,1
FakeVideo-FakeAudio/African/men/id00076/00109_id01036_AohKaMtIHxA_id00476_wavtolip.npz,-1.4286675453186035,-1.4286675453186035,5.388272762298584,1
FakeVideo-FakeAudio/African/men/id00076/00109_id01207_mt129WTRSII_id02316_wavtolip.npz,4.089338779449463,4.089338779449463,4.434469699859619,1
FakeVideo-FakeAudio/African/men/id00076/00109_id01207_wavtolip.npz,0.8021062612533569,0.8021062612533569,4.564926624298096,1
FakeVideo-FakeAudio/African/men/id00076/00109_id01544_uBo9585VW2A_id01779_wavtolip.npz,2.8775317668914795,2.8775317668914795,4.881968021392822,1
FakeVideo-FakeAudio/African/men/id00076/00109_id01637_wavtolip.npz,-1.5290675163269043,-1.5290675163269043,4.792013645172119,1
FakeVideo-FakeAudio/African/men/id00076/00109_id01691_wavtolip.npz,0.27559009194374084,0.27559009194374084,5.254186153411865,1
FakeVideo-FakeAudio/African/men/id00076/00109_id01920_wavtolip.npz,-2.220942497253418,-2.220942497253418,5.017487049102783,1
FakeVideo-FakeAudio/African/men/id00076/00109_id01995_YUR9wTypwIo_id01691_wavtolip.npz,-0.8556757569313049,-0.8556757569313049,5.317929744720459,1
FakeVideo-FakeAudio/African/men/id00076/00109_id02005_7_Egh9mW5y4_id01972_wavtolip.npz,-0.23996323347091675,-0.23996323347091675,4.561796188354492,1
FakeVideo-FakeAudio/African/men/id00076/00109_id02005_wavtolip.npz,-1.2633795738220215,-1.2633795738220215,4.830142021179199,1
FakeVideo-FakeAudio/African/men/id00076/00109_id02316_wavtolip.npz,4.133001327514648,4.133001327514648,4.41536283493042,1
FakeVideo-FakeAudio/African/men/id00076/00109_id02342_RJPBPhJB8TA_id00166_wavtolip.npz,-2.0105648040771484,-2.0105648040771484,4.834917068481445,1
FakeVideo-FakeAudio/African/men/id00076/00109_id04727_AAnyugIAXao_id00391_wavtolip.npz,-3.8097822666168213,-3.8097822666168213,5.4653496742248535,1
FakeVideo-FakeAudio/African/men/id02268/00036_id00076_wavtolip.npz,-5.783614158630371,-5.783614158630371,5.255958557128906,1
FakeVideo-FakeAudio/African/men/id02268/00036_id00166_wavtolip.npz,-0.7282077074050903,-0.7282077074050903,4.843917369842529,1
FakeVideo-FakeAudio/African/men/id02268/00036_id00173_wavtolip.npz,-1.606850028038025,-1.606850028038025,5.1048808097839355,1
FakeVideo-FakeAudio/African/men/id02268/00036_id00781_wavtolip.npz,4.551140785217285,4.551140785217285,3.987501859664917,1
FakeVideo-FakeAudio/African/men/id02268/00036_id01236_7WdumGR5-JM_id01597_wavtolip.npz,-1.1163607835769653,-1.1163607835769653,4.856037139892578,1
FakeVideo-FakeAudio/African/men/id02268/00036_id01521_jthjSmLdLOg_id01597_wavtolip.npz,-0.7583794593811035,-0.7583794593811035,4.8647003173828125,1
FakeVideo-FakeAudio/African/men/id02268/00036_id01530_wavtolip.npz,-3.8677618503570557,-3.8677618503570557,4.71252965927124,1
FakeVideo-FakeAudio/African/men/id02268/00036_id01691_IVtS5z8Jrrk_id00944_wavtolip.npz,-1.1954110860824585,-1.1954110860824585,4.831461429595947,1
FakeVideo-FakeAudio/African/men/id02268/00036_id01717_wavtolip.npz,4.361758232116699,4.361758232116699,4.371070861816406,1
FakeVideo-FakeAudio/African/men/id02268/00036_id01835_UZbWA0QfXXA_id01856_wavtolip.npz,-4.07613468170166,-4.07613468170166,4.551314353942871,1
FakeVideo-FakeAudio/African/men/id02268/00036_id01856_6Q2f3b1QNRM_id01207_wavtolip.npz,-1.0187671184539795,-1.0187671184539795,4.7279372215271,1
FakeVideo-FakeAudio/African/men/id02268/00036_id01920_wavtolip.npz,-2.819547653198242,-2.819547653198242,5.162619113922119,1
FakeVideo-FakeAudio/African/men/id02268/00036_id02040_wavtolip.npz,0.7427225112915039,0.7427225112915039,3.9700725078582764,1
FakeVideo-FakeAudio/African/men/id02268/00036_id02268_wavtolip.npz,-2.237605571746826,-2.237605571746826,4.965085029602051,1
FakeVideo-FakeAudio/African/men/id02268/00036_id02296_IAgOrCuY8vU_id01598_wavtolip.npz,-1.2193620204925537,-1.2193620204925537,4.658369064331055,1
FakeVideo-FakeAudio/African/men/id02268/00036_id02316_wavtolip.npz,3.1904244422912598,3.1904244422912598,4.52846097946167,1
FakeVideo-FakeAudio/African/men/id02268/00036_id02494_lObg47hQleE_id00391_wavtolip.npz,-4.474115371704102,-4.474115371704102,5.166619300842285,1
FakeVideo-FakeAudio/African/men/id01170/00021_id00166_wavtolip.npz,-0.47627532482147217,-0.47627532482147217,4.733404636383057,1
FakeVideo-FakeAudio/African/men/id01170/00021_id00391_TjJgUZaenWI_id01598_wavtolip.npz,-1.9222679138183594,-1.9222679138183594,4.686527252197266,1
FakeVideo-FakeAudio/African/men/id01170/00021_id00761_wavtolip.npz,4.056735038757324,4.056735038757324,4.862293243408203,1
FakeVideo-FakeAudio/African/men/id01170/00021_id00830_rfl3Teg9uew_id01170_wavtolip.npz,-0.6566890478134155,-0.6566890478134155,4.992428302764893,1
FakeVideo-FakeAudio/African/men/id01170/00021_id01076_wavtolip.npz,4.463541507720947,4.463541507720947,4.240184783935547,1
FakeVideo-FakeAudio/African/men/id01170/00021_id01170_wavtolip.npz,-1.3756784200668335,-1.3756784200668335,4.965654373168945,1
FakeVideo-FakeAudio/African/men/id01170/00021_id01171_XSINMRoTb0E_id02342_wavtolip.npz,-0.6861245632171631,-0.6861245632171631,4.827836036682129,1
FakeVideo-FakeAudio/African/men/id01170/00021_id01392_fF-g0KFJ7lg_id00478_wavtolip.npz,-0.24690811336040497,-0.24690811336040497,5.351429462432861,1
FakeVideo-FakeAudio/African/men/id01170/00021_id01392_wavtolip.npz,-2.4355907440185547,-2.4355907440185547,5.021050930023193,1
FakeVideo-FakeAudio/African/men/id01170/00021_id01452_wavtolip.npz,4.72618293762207,4.72618293762207,4.447371482849121,1
FakeVideo-FakeAudio/African/men/id01170/00021_id01544_wavtolip.npz,2.105849504470825,2.105849504470825,4.5243425369262695,1
FakeVideo-FakeAudio/African/men/id01170/00021_id01597_52WEZxe4_GE_id01076_wavtolip.npz,4.405295372009277,4.405295372009277,4.322811603546143,1
FakeVideo-FakeAudio/African/men/id01170/00021_id01610_l8zb_iaDJJA_id01856_wavtolip.npz,-6.3461713790893555,-6.3461713790893555,4.510729789733887,1
FakeVideo-FakeAudio/African/men/id01170/00021_id01691_wavtolip.npz,-1.9911608695983887,-1.9911608695983887,5.191901206970215,1
FakeVideo-FakeAudio/African/men/id01170/00021_id01779_wavtolip.npz,1.3368462324142456,1.3368462324142456,4.899246692657471,1
FakeVideo-FakeAudio/African/men/id01170/00021_id01920_wavtolip.npz,-2.4486935138702393,-2.4486935138702393,5.016781330108643,1
FakeVideo-FakeAudio/African/men/id01170/00021_id01933_I5XXxgK7QpE_faceswap_id00478_wavtolip.npz,-1.0092411041259766,-1.0092411041259766,5.233036041259766,1
FakeVideo-FakeAudio/African/men/id01170/00021_id01933_I5XXxgK7QpE_faceswap_id01597_wavtolip.npz,-1.5850862264633179,-1.5850862264633179,4.869047164916992,1
FakeVideo-FakeAudio/African/men/id01170/00021_id01933_I5XXxgK7QpE_faceswap_id01637_wavtolip.npz,-1.9829180240631104,-1.9829180240631104,4.800070285797119,1
FakeVideo-FakeAudio/African/men/id01170/00021_id01933_I5XXxgK7QpE_faceswap_id01856_wavtolip.npz,-6.330081939697266,-6.330081939697266,4.459295749664307,1
FakeVideo-FakeAudio/African/men/id01170/00021_id01933_I5XXxgK7QpE_id00781_wavtolip.npz,4.056678771972656,4.056678771972656,4.036275386810303,1
FakeVideo-FakeAudio/African/men/id01170/00021_id04727_AAnyugIAXao_id01392_wavtolip.npz,-2.667149782180786,-2.667149782180786,4.975088596343994,1
FakeVideo-FakeAudio/African/men/id01637/00002_1_id01598_wavtolip.npz,-2.660907506942749,-2.660907506942749,4.558579921722412,1
FakeVideo-FakeAudio/African/men/id01637/00002_1_id01610_wavtolip.npz,-3.7057931423187256,-3.7057931423187256,4.692684650421143,1
FakeVideo-FakeAudio/African/men/id01637/00002_1_id01920_wavtolip.npz,-6.284025192260742,-6.284025192260742,4.591391563415527,1
FakeVideo-FakeAudio/African/men/id01637/00002_1_id02296_wavtolip.npz,-2.952075958251953,-2.952075958251953,4.584223747253418,1
FakeVideo-FakeAudio/African/men/id01637/00002_1_id02342_wavtolip.npz,-0.7588711380958557,-0.7588711380958557,4.604743957519531,1
FakeVideo-FakeAudio/African/men/id01637/00002_2_id00701_wavtolip.npz,-4.402643203735352,-4.402643203735352,4.923076152801514,1
FakeVideo-FakeAudio/African/men/id01637/00002_2_id00761_wavtolip.npz,3.3107142448425293,3.3107142448425293,4.808029651641846,1
FakeVideo-FakeAudio/African/men/id01637/00002_2_id00944_wavtolip.npz,-3.5974743366241455,-3.5974743366241455,4.907177925109863,1
FakeVideo-FakeAudio/African/men/id01637/00002_2_id01392_wavtolip.npz,-3.0158958435058594,-3.0158958435058594,4.879457950592041,1
FakeVideo-FakeAudio/African/men/id01637/00002_2_id01452_wavtolip.npz,4.861545085906982,4.861545085906982,4.3735737800598145,1
FakeVideo-FakeAudio/African/men/id01637/00002_id00076_wavtolip.npz,-6.007978916168213,-6.007978916168213,4.988344192504883,1
FakeVideo-FakeAudio/African/men/id01637/00002_id00166_PQV2ZbJBLNk_id04727_wavtolip.npz,3.3584866523742676,3.3584866523742676,4.599461078643799,1
FakeVideo-FakeAudio/African/men/id01637/00002_id00366_RSOgEoek8WM_id02268_wavtolip.npz,-1.7647091150283813,-1.7647091150283813,4.861555576324463,1
FakeVideo-FakeAudio/African/men/id01637/00002_id00391_wavtolip.npz,-2.5082290172576904,-2.5082290172576904,4.89388370513916,1
FakeVideo-FakeAudio/African/men/id01637/00002_id00761_wavtolip.npz,4.367570400238037,4.367570400238037,4.92924165725708,1
FakeVideo-FakeAudio/African/men/id01637/00002_id00944_DiW5D62667U_id01856_wavtolip.npz,-6.373260498046875,-6.373260498046875,4.661272048950195,1
FakeVideo-FakeAudio/African/men/id01637/00002_id01170_7eoTTk4xyNo_id01452_wavtolip.npz,4.743149280548096,4.743149280548096,4.389061450958252,1
FakeVideo-FakeAudio/African/men/id01637/00002_id01170_wavtolip.npz,-2.8794069290161133,-2.8794069290161133,4.921597480773926,1
FakeVideo-FakeAudio/African/men/id01637/00002_id01171_wavtolip.npz,-0.7393877506256104,-0.7393877506256104,4.5524373054504395,1
FakeVideo-FakeAudio/African/men/id01637/00002_id01236_wavtolip.npz,4.722815036773682,4.722815036773682,4.2435102462768555,1
FakeVideo-FakeAudio/African/men/id01637/00002_id01392_wavtolip.npz,-2.0295255184173584,-2.0295255184173584,4.966830253601074,1
FakeVideo-FakeAudio/African/men/id01637/00002_id01610_l8zb_iaDJJA_id01236_wavtolip.npz,4.810689926147461,4.810689926147461,4.2153239250183105,1
FakeVideo-FakeAudio/African/men/id01637/00002_id01691_wavtolip.npz,-0.20066989958286285,-0.20066989958286285,4.883477210998535,1
FakeVideo-FakeAudio/African/men/id01637/00002_id01920_w9C_knCPD94_id00076_wavtolip.npz,-5.945667266845703,-5.945667266845703,5.055389404296875,1
FakeVideo-FakeAudio/African/men/id01637/00002_id02005_7_Egh9mW5y4_id01392_wavtolip.npz,-3.047098159790039,-3.047098159790039,4.953941822052002,1
FakeVideo-FakeAudio/African/men/id01637/00002_id02051_wavtolip.npz,-2.259920120239258,-2.259920120239258,4.661105632781982,1
FakeVideo-FakeAudio/African/men/id01637/00002_id02316_wavtolip.npz,3.9578757286071777,3.9578757286071777,4.419100761413574,1
FakeVideo-FakeAudio/African/men/id01637/00002_id02494_lObg47hQleE_id01530_wavtolip.npz,-4.348738193511963,-4.348738193511963,4.642083644866943,1
FakeVideo-FakeAudio/African/men/id02051/00015_id00076_wavtolip.npz,-6.26055383682251,-6.26055383682251,4.743569374084473,1
FakeVideo-FakeAudio/African/men/id02051/00015_id00166_wavtolip.npz,-5.1308913230896,-5.1308913230896,4.7167840003967285,1
FakeVideo-FakeAudio/African/men/id02051/00015_id00173_UHoMXLSjlDo_id01691_wavtolip.npz,-1.2261368036270142,-1.2261368036270142,4.655838489532471,1
FakeVideo-FakeAudio/African/men/id02051/00015_id00173_wavtolip.npz,-1.2274354696273804,-1.2274354696273804,4.6830596923828125,1
FakeVideo-FakeAudio/African/men/id02051/00015_id00701_lW6uzLIOwd0_id01779_wavtolip.npz,-1.7643613815307617,-1.7643613815307617,4.709409236907959,1
FakeVideo-FakeAudio/African/men/id02051/00015_id00987_wavtolip.npz,-3.564107894897461,-3.564107894897461,4.7589521408081055,1
FakeVideo-FakeAudio/African/men/id02051/00015_id01236_wavtolip.npz,4.747092247009277,4.747092247009277,4.287374019622803,1
FakeVideo-FakeAudio/African/men/id02051/00015_id01521_jthjSmLdLOg_id00761_wavtolip.npz,4.680284023284912,4.680284023284912,4.710987567901611,1
FakeVideo-FakeAudio/African/men/id02051/00015_id01530_wavtolip.npz,-6.275554656982422,-6.275554656982422,4.7284955978393555,1
FakeVideo-FakeAudio/African/men/id02051/00015_id01610_l8zb_iaDJJA_id01717_wavtolip.npz,4.47560977935791,4.47560977935791,4.387588024139404,1
FakeVideo-FakeAudio/African/men/id02051/00015_id01691_wavtolip.npz,-1.4757169485092163,-1.4757169485092163,4.661809921264648,1
FakeVideo-FakeAudio/African/men/id02051/00015_id01835_UZbWA0QfXXA_id00944_wavtolip.npz,-3.024960517883301,-3.024960517883301,4.758427143096924,1
FakeVideo-FakeAudio/African/men/id02051/00015_id01835_wavtolip.npz,-4.206834316253662,-4.206834316253662,4.735161304473877,1
FakeVideo-FakeAudio/African/men/id02051/00015_id01995_YUR9wTypwIo_id00476_wavtolip.npz,-1.4771394729614258,-1.4771394729614258,4.784538745880127,1
FakeVideo-FakeAudio/African/men/id02051/00015_id02040_wl6EVkamZFQ_id00781_wavtolip.npz,4.39420747756958,4.39420747756958,4.003990650177002,1
FakeVideo-FakeAudio/African/men/id02051/00015_id02316_wavtolip.npz,4.468761444091797,4.468761444091797,4.4981255531311035,1
FakeVideo-FakeAudio/African/men/id02051/00015_id02342_wavtolip.npz,-1.9286444187164307,-1.9286444187164307,4.704683303833008,1
FakeVideo-FakeAudio/African/men/id00366/00118_id00076_Isiq7cA-DNE_faceswap_id01170_wavtolip.npz,-0.9577459096908569,-0.9577459096908569,5.021245002746582,1
FakeVideo-FakeAudio/African/men/id00366/00118_id00076_Isiq7cA-DNE_faceswap_id01779_wavtolip.npz,1.1406244039535522,1.1406244039535522,4.936328887939453,1
FakeVideo-FakeAudio/African/men/id00366/00118_id00076_Isiq7cA-DNE_faceswap_id02316_wavtolip.npz,4.082057476043701,4.082057476043701,4.441281795501709,1
FakeVideo-FakeAudio/African/men/id00366/00118_id00076_Isiq7cA-DNE_faceswap_id02342_wavtolip.npz,-1.382885456085205,-1.382885456085205,4.895617485046387,1
FakeVideo-FakeAudio/African/men/id00366/00118_id00076_Isiq7cA-DNE_faceswap_id02494_wavtolip.npz,4.516256809234619,4.516256809234619,3.8893768787384033,1
FakeVideo-FakeAudio/African/men/id00366/00118_id00076_Isiq7cA-DNE_id00944_wavtolip.npz,-1.2665131092071533,-1.2665131092071533,5.104863166809082,1
FakeVideo-FakeAudio/African/men/id00366/00118_id00476_UgdYVJ6xPYg_id00076_wavtolip.npz,-1.903029203414917,-1.903029203414917,5.375771522521973,1
FakeVideo-FakeAudio/African/men/id00366/00118_id00781_fvsSae9yc0A_id01597_wavtolip.npz,-1.810856580734253,-1.810856580734253,4.791102409362793,1
FakeVideo-FakeAudio/African/men/id00366/00118_id00781_wavtolip.npz,4.5943827629089355,4.5943827629089355,4.0157999992370605,1
FakeVideo-FakeAudio/African/men/id00366/00118_id01170_wavtolip.npz,-1.5455223321914673,-1.5455223321914673,5.043097019195557,1
FakeVideo-FakeAudio/African/men/id00366/00118_id01207_mt129WTRSII_id02316_wavtolip.npz,4.0605621337890625,4.0605621337890625,4.523352146148682,1
FakeVideo-FakeAudio/African/men/id00366/00118_id01236_wavtolip.npz,4.76922607421875,4.76922607421875,4.307022571563721,1
FakeVideo-FakeAudio/African/men/id00366/00118_id01528_wavtolip.npz,-2.8774843215942383,-2.8774843215942383,5.174060821533203,1
FakeVideo-FakeAudio/African/men/id00366/00118_id01544_uBo9585VW2A_id02342_wavtolip.npz,-1.389455795288086,-1.389455795288086,4.8895673751831055,1
FakeVideo-FakeAudio/African/men/id00366/00118_id01598_wavtolip.npz,-1.8595361709594727,-1.8595361709594727,4.663886070251465,1
FakeVideo-FakeAudio/African/men/id00366/00118_id01637_5VjcPZm8knM_id01835_wavtolip.npz,-0.10633289813995361,-0.10633289813995361,5.293109893798828,1
FakeVideo-FakeAudio/African/men/id00366/00118_id01691_IVtS5z8Jrrk_id01597_wavtolip.npz,-2.6612343788146973,-2.6612343788146973,4.958847999572754,1
FakeVideo-FakeAudio/African/men/id00366/00118_id01717_JDW6p8yU13A_id01856_wavtolip.npz,-6.370790958404541,-6.370790958404541,4.598292350769043,1
FakeVideo-FakeAudio/African/men/id00366/00118_id01717_wavtolip.npz,4.395626068115234,4.395626068115234,4.38520622253418,1
FakeVideo-FakeAudio/African/men/id00366/00118_id01835_wavtolip.npz,0.08031749725341797,0.08031749725341797,5.303694248199463,1
FakeVideo-FakeAudio/African/men/id00366/00118_id01856_wavtolip.npz,-6.259640693664551,-6.259640693664551,4.735103130340576,1
FakeVideo-FakeAudio/African/men/id00366/00118_id01920_w9C_knCPD94_id01170_wavtolip.npz,-1.3083068132400513,-1.3083068132400513,5.0849385261535645,1
FakeVideo-FakeAudio/African/men/id00366/00118_id02005_7_Egh9mW5y4_id01544_wavtolip.npz,1.576687216758728,1.576687216758728,4.692649841308594,1
FakeVideo-FakeAudio/African/men/id00366/00118_id02005_wavtolip.npz,0.3918589949607849,0.3918589949607849,4.936676502227783,1
FakeVideo-FakeAudio/African/men/id00366/00118_id02268_wavtolip.npz,-2.9071717262268066,-2.9071717262268066,4.973961353302002,1
FakeVideo-FakeAudio/African/women/id00359/00053_id00460_wavtolip.npz,-3.855616569519043,-3.855616569519043,4.481636047363281,1
FakeVideo-FakeAudio/African/women/id00359/00053_id01178_wavtolip.npz,-3.7322425842285156,-3.7322425842285156,4.531302452087402,1
FakeVideo-FakeAudio/African/women/id00359/00053_id01838_q_lUk55OrL0_faceswap_id00568_wavtolip.npz,0.9756688475608826,0.9756688475608826,4.412481307983398,1
FakeVideo-FakeAudio/African/women/id00359/00053_id01838_q_lUk55OrL0_faceswap_id03658_wavtolip.npz,-3.668886661529541,-3.668886661529541,4.502209663391113,1
FakeVideo-FakeAudio/African/women/id00359/00053_id01838_q_lUk55OrL0_faceswap_id04736_wavtolip.npz,-6.427402973175049,-6.427402973175049,4.490528106689453,1
FakeVideo-FakeAudio/African/women/id00359/00053_id01838_q_lUk55OrL0_faceswap_id05106_wavtolip.npz,-2.121048927307129,-2.121048927307129,4.560527324676514,1
FakeVideo-FakeAudio/African/women/id00359/00053_id01838_q_lUk55OrL0_faceswap_id05252_wavtolip.npz,-3.7645273208618164,-3.7645273208618164,4.479639053344727,1
FakeVideo-FakeAudio/African/women/id00359/00053_id01838_wavtolip.npz,-5.19533109664917,-5.19533109664917,4.511643409729004,1
FakeVideo-FakeAudio/African/women/id00359/00053_id02071_cHuDh9F87vA_id02948_wavtolip.npz,-4.267604351043701,-4.267604351043701,4.524270534515381,1
FakeVideo-FakeAudio/African/women/id00359/00053_id02508_wavtolip.npz,-6.318506717681885,-6.318506717681885,4.447558879852295,1
FakeVideo-FakeAudio/African/women/id00359/00053_id02586_dEYzYDsbAeo_id01907_wavtolip.npz,-6.406477928161621,-6.406477928161621,4.519852161407471,1
FakeVideo-FakeAudio/African/women/id00359/00053_id02721_wavtolip.npz,-6.4092817306518555,-6.4092817306518555,4.545624732971191,1
FakeVideo-FakeAudio/African/women/id00359/00053_id02838_kaCQlSGlLe8_id04689_wavtolip.npz,-4.724121570587158,-4.724121570587158,4.408086776733398,1
FakeVideo-FakeAudio/African/women/id00359/00053_id02948_wavtolip.npz,-4.331138610839844,-4.331138610839844,4.443000793457031,1
FakeVideo-FakeAudio/African/women/id00359/00053_id04376_wavtolip.npz,-4.938992023468018,-4.938992023468018,4.570939064025879,1
FakeVideo-FakeAudio/African/women/id00359/00053_id04437_wavtolip.npz,3.5287294387817383,3.5287294387817383,4.543270587921143,1
FakeVideo-FakeAudio/African/women/id00359/00053_id04547_3Qy2g2M47Aw_id03747_wavtolip.npz,1.1131845712661743,1.1131845712661743,4.440394401550293,1
FakeVideo-FakeAudio/African/women/id00359/00053_id04736_wavtolip.npz,-6.4297099113464355,-6.4297099113464355,4.528944492340088,1
FakeVideo-FakeAudio/African/women/id00359/00053_id04820_64ybrA1atlM_id00577_wavtolip.npz,-6.394053936004639,-6.394053936004639,4.530603885650635,1
FakeVideo-FakeAudio/African/women/id00359/00053_id05106_ZnnDdjlABM4_id03569_wavtolip.npz,2.7437126636505127,2.7437126636505127,4.3130574226379395,1
FakeVideo-FakeAudio/African/women/id00359/00053_id05980_bbg4HtuM_jo_id00829_wavtolip.npz,-4.443245887756348,-4.443245887756348,4.550631999969482,1
FakeVideo-FakeAudio/African/women/id00359/00053_id05980_wavtolip.npz,-2.7186665534973145,-2.7186665534973145,4.573373317718506,1
FakeVideo-FakeAudio/African/women/id01907/00148_id00220_WlHLlTQKj8g_id00359_wavtolip.npz,2.7407493591308594,2.7407493591308594,4.083320617675781,1
FakeVideo-FakeAudio/African/women/id01907/00148_id00371_t20i0HtPwW0_id00832_wavtolip.npz,4.1403374671936035,4.1403374671936035,4.3443217277526855,1
FakeVideo-FakeAudio/African/women/id01907/00148_id00829_aMEvVaUBq2Y_id00592_wavtolip.npz,-1.757167100906372,-1.757167100906372,4.666335105895996,1
FakeVideo-FakeAudio/African/women/id01907/00148_id00832_Jr4-dXRChME_id00577_wavtolip.npz,-2.2209510803222656,-2.2209510803222656,4.668088436126709,1
FakeVideo-FakeAudio/African/women/id01907/00148_id01532_XnlWp_s_f7Q_id02301_wavtolip.npz,4.22451639175415,4.22451639175415,4.398773670196533,1
FakeVideo-FakeAudio/African/women/id01907/00148_id01838_wavtolip.npz,-4.345621585845947,-4.345621585845947,4.7984161376953125,1
FakeVideo-FakeAudio/African/women/id01907/00148_id02586_wavtolip.npz,4.675296306610107,4.675296306610107,4.4353346824646,1
FakeVideo-FakeAudio/African/women/id01907/00148_id03569_wavtolip.npz,2.715409517288208,2.715409517288208,4.348654747009277,1
FakeVideo-FakeAudio/African/women/id01907/00148_id03747_wavtolip.npz,-3.063171625137329,-3.063171625137329,4.743884086608887,1
FakeVideo-FakeAudio/African/women/id01907/00148_id04055_wavtolip.npz,4.2650017738342285,4.2650017738342285,4.2667436599731445,1
FakeVideo-FakeAudio/African/women/id01907/00148_id04705_wavtolip.npz,-3.2934584617614746,-3.2934584617614746,4.701564788818359,1
FakeVideo-FakeAudio/African/women/id01907/00148_id04705_ziJ9JsYr4R0_id01838_wavtolip.npz,-3.950648069381714,-3.950648069381714,4.777690887451172,1
FakeVideo-FakeAudio/African/women/id01907/00148_id04736_wavtolip.npz,-6.201975345611572,-6.201975345611572,4.770467281341553,1
FakeVideo-FakeAudio/African/women/id01907/00148_id04820_wavtolip.npz,-6.21491003036499,-6.21491003036499,4.657737731933594,1
FakeVideo-FakeAudio/African/women/id01907/00148_id04939_wavtolip.npz,4.70284366607666,4.70284366607666,4.399901390075684,1
FakeVideo-FakeAudio/African/women/id01907/00148_id05235_ASy8lP3SRtw_faceswap_id00371_wavtolip.npz,-1.7074165344238281,-1.7074165344238281,4.864831924438477,1
FakeVideo-FakeAudio/African/women/id01907/00148_id05235_ASy8lP3SRtw_faceswap_id03656_wavtolip.npz,-6.2225728034973145,-6.2225728034973145,4.685540199279785,1
FakeVideo-FakeAudio/African/women/id01907/00148_id05235_ASy8lP3SRtw_faceswap_id04437_wavtolip.npz,-1.5266172885894775,-1.5266172885894775,4.669480323791504,1
FakeVideo-FakeAudio/African/women/id01907/00148_id05235_ASy8lP3SRtw_faceswap_id05251_wavtolip.npz,3.9010555744171143,3.9010555744171143,4.267652988433838,1
FakeVideo-FakeAudio/African/women/id01907/00148_id05235_ASy8lP3SRtw_faceswap_id05252_wavtolip.npz,-0.4325070381164551,-0.4325070381164551,4.6143798828125,1
FakeVideo-FakeAudio/African/women/id01907/00148_id05235_ASy8lP3SRtw_id02838_wavtolip.npz,-4.392164707183838,-4.392164707183838,4.71925687789917,1
FakeVideo-FakeAudio/African/women/id01907/00148_id05252_CMxIX3absYM_id00832_wavtolip.npz,4.069033622741699,4.069033622741699,4.414424896240234,1
FakeVideo-FakeAudio/African/women/id01661/00059_id00371_t20i0HtPwW0_id05980_wavtolip.npz,-0.3501324951648712,-0.3501324951648712,4.47752046585083,1
FakeVideo-FakeAudio/African/women/id01661/00059_id00371_wavtolip.npz,-6.373505592346191,-6.373505592346191,4.507022380828857,1
FakeVideo-FakeAudio/African/women/id01661/00059_id00577_wavtolip.npz,-6.350207328796387,-6.350207328796387,4.516858100891113,1
FakeVideo-FakeAudio/African/women/id01661/00059_id00592_wavtolip.npz,-0.40178459882736206,-0.40178459882736206,4.604021072387695,1
FakeVideo-FakeAudio/African/women/id01661/00059_id00832_wavtolip.npz,3.9678380489349365,3.9678380489349365,4.349180698394775,1
FakeVideo-FakeAudio/African/women/id01661/00059_id01178_wavtolip.npz,-3.8070762157440186,-3.8070762157440186,4.429181098937988,1
FakeVideo-FakeAudio/African/women/id01661/00059_id01661_wavtolip.npz,-0.06104230880737305,-0.06104230880737305,4.444191932678223,1
FakeVideo-FakeAudio/African/women/id01661/00059_id01783_WBUM0bHzWNA_id04376_wavtolip.npz,-2.769517183303833,-2.769517183303833,4.553666114807129,1
FakeVideo-FakeAudio/African/women/id01661/00059_id01838_wavtolip.npz,-6.163321495056152,-6.163321495056152,4.597048282623291,1
FakeVideo-FakeAudio/African/women/id01661/00059_id01907_LBcRkuRq0uY_id02808_wavtolip.npz,-4.49989652633667,-4.49989652633667,4.559007167816162,1
FakeVideo-FakeAudio/African/women/id01661/00059_id02071_wavtolip.npz,3.3659329414367676,3.3659329414367676,3.330843687057495,1
FakeVideo-FakeAudio/African/women/id01661/00059_id02508_wavtolip.npz,-5.978494644165039,-5.978494644165039,4.47352409362793,1
FakeVideo-FakeAudio/African/women/id01661/00059_id02586_wavtolip.npz,4.516146659851074,4.516146659851074,4.417185306549072,1
FakeVideo-FakeAudio/African/women/id01661/00059_id03656_wavtolip.npz,-6.393840312957764,-6.393840312957764,4.423591136932373,1
FakeVideo-FakeAudio/African/women/id01661/00059_id03713_wavtolip.npz,-0.15269100666046143,-0.15269100666046143,4.257525444030762,1
FakeVideo-FakeAudio/African/women/id01661/00059_id04055_0qrzF4HLXHY_id04055_wavtolip.npz,4.453603744506836,4.453603744506836,4.138713359832764,1
FakeVideo-FakeAudio/African/women/id01661/00059_id04055_wavtolip.npz,4.510382175445557,4.510382175445557,4.148025035858154,1
FakeVideo-FakeAudio/African/women/id01661/00059_id04939_i4v2cXo9HIQ_id02071_wavtolip.npz,3.474672317504883,3.474672317504883,3.4761276245117188,1
FakeVideo-FakeAudio/African/women/id01661/00059_id05252_CMxIX3absYM_id00592_wavtolip.npz,0.7295607924461365,0.7295607924461365,4.526428699493408,1
FakeVideo-FakeAudio/African/women/id03747/00273_id00220_WlHLlTQKj8g_id05251_wavtolip.npz,3.795020580291748,3.795020580291748,4.2648468017578125,1
FakeVideo-FakeAudio/African/women/id03747/00273_id00220_wavtolip.npz,4.1837639808654785,4.1837639808654785,4.173750877380371,1
FakeVideo-FakeAudio/African/women/id03747/00273_id00359_RZMQan-7me4_id00592_wavtolip.npz,-1.1150891780853271,-1.1150891780853271,4.763279438018799,1
FakeVideo-FakeAudio/African/women/id03747/00273_id00577_wavtolip.npz,-1.8436932563781738,-1.8436932563781738,4.7085371017456055,1
FakeVideo-FakeAudio/African/women/id03747/00273_id00707_wavtolip.npz,-0.8603631258010864,-0.8603631258010864,4.265439033508301,1
FakeVideo-FakeAudio/African/women/id03747/00273_id01907_wavtolip.npz,-6.199563026428223,-6.199563026428223,4.699147701263428,1
FakeVideo-FakeAudio/African/women/id03747/00273_id02071_cHuDh9F87vA_id02071_wavtolip.npz,3.822206974029541,3.822206974029541,3.356337308883667,1
FakeVideo-FakeAudio/African/women/id03747/00273_id02617_wavtolip.npz,-1.5817101001739502,-1.5817101001739502,4.703378677368164,1
FakeVideo-FakeAudio/African/women/id03747/00273_id02808_wavtolip.npz,-2.289217472076416,-2.289217472076416,5.264429092407227,1
FakeVideo-FakeAudio/African/women/id03747/00273_id02824_glBy_mYcXZw_faceswap_id01661_wavtolip.npz,-0.5934644937515259,-0.5934644937515259,4.4573073387146,1
FakeVideo-FakeAudio/African/women/id03747/00273_id02824_glBy_mYcXZw_faceswap_id04055_wavtolip.npz,4.4804534912109375,4.4804534912109375,4.253390789031982,1
FakeVideo-FakeAudio/African/women/id03747/00273_id02824_glBy_mYcXZw_faceswap_id04374_wavtolip.npz,2.3891704082489014,2.3891704082489014,2.919105052947998,1
FakeVideo-FakeAudio/African/women/id03747/00273_id02824_glBy_mYcXZw_faceswap_id04547_wavtolip.npz,-0.02823740243911743,-0.02823740243911743,3.9765126705169678,1
FakeVideo-FakeAudio/African/women/id03747/00273_id02824_glBy_mYcXZw_faceswap_id05235_wavtolip.npz,-1.6573519706726074,-1.6573519706726074,4.717251777648926,1
FakeVideo-FakeAudio/African/women/id03747/00273_id02824_glBy_mYcXZw_id00592_wavtolip.npz,-1.4378710985183716,-1.4378710985183716,4.769586086273193,1
FakeVideo-FakeAudio/African/women/id03747/00273_id02838_wavtolip.npz,-2.441469192504883,-2.441469192504883,5.144616603851318,1
FakeVideo-FakeAudio/African/women/id03747/00273_id03569_wavtolip.npz,2.821159839630127,2.821159839630127,4.3278608322143555,1
FakeVideo-FakeAudio/African/women/id03747/00273_id04374_SWltOOZmlWM_id05252_wavtolip.npz,-1.8354947566986084,-1.8354947566986084,4.503317832946777,1
FakeVideo-FakeAudio/African/women/id03747/00273_id04689_0YqK1ksKjLg_id00359_wavtolip.npz,2.4999849796295166,2.4999849796295166,4.280229091644287,1
FakeVideo-FakeAudio/African/women/id03747/00273_id05231_wavtolip.npz,-1.6584511995315552,-1.6584511995315552,4.389970779418945,1
FakeVideo-FakeAudio/African/women/id03747/00273_id05231_wfbM5puT6eQ_id02948_wavtolip.npz,-4.205103874206543,-4.205103874206543,4.508655071258545,1
FakeVideo-FakeAudio/African/women/id03747/00273_id05235_ASy8lP3SRtw_id05251_wavtolip.npz,3.982222318649292,3.982222318649292,4.260112762451172,1
FakeVideo-FakeAudio/African/women/id03747/00273_id05235_wavtolip.npz,-1.351266622543335,-1.351266622543335,4.725653171539307,1
FakeVideo-FakeAudio/African/women/id03713/00249_id00371_t20i0HtPwW0_id04689_wavtolip.npz,-3.516601800918579,-3.516601800918579,4.766001224517822,1
FakeVideo-FakeAudio/African/women/id03713/00249_id00371_wavtolip.npz,-6.3343119621276855,-6.3343119621276855,4.7558746337890625,1
FakeVideo-FakeAudio/African/women/id03713/00249_id00577_wavtolip.npz,-6.307360649108887,-6.307360649108887,4.659823894500732,1
FakeVideo-FakeAudio/African/women/id03713/00249_id01532_XnlWp_s_f7Q_id05106_wavtolip.npz,-2.110542058944702,-2.110542058944702,4.748420238494873,1
FakeVideo-FakeAudio/African/women/id03713/00249_id01661_wavtolip.npz,-1.6457135677337646,-1.6457135677337646,4.661632061004639,1
FakeVideo-FakeAudio/African/women/id03713/00249_id01783_wavtolip.npz,-6.352493762969971,-6.352493762969971,4.694967746734619,1
FakeVideo-FakeAudio/African/women/id03713/00249_id02508_wavtolip.npz,-6.272270679473877,-6.272270679473877,4.790195465087891,1
FakeVideo-FakeAudio/African/women/id03713/00249_id02586_wavtolip.npz,4.11417293548584,4.11417293548584,4.435458660125732,1
FakeVideo-FakeAudio/African/women/id03713/00249_id02617_4EZjRXC4fLk_faceswap_id00220_wavtolip.npz,4.244251251220703,4.244251251220703,4.304629325866699,1
FakeVideo-FakeAudio/African/women/id03713/00249_id02617_4EZjRXC4fLk_faceswap_id00832_wavtolip.npz,4.027897357940674,4.027897357940674,4.511857032775879,1
FakeVideo-FakeAudio/African/women/id03713/00249_id02617_4EZjRXC4fLk_faceswap_id01178_wavtolip.npz,-4.855166435241699,-4.855166435241699,4.606876850128174,1
FakeVideo-FakeAudio/African/women/id03713/00249_id02617_4EZjRXC4fLk_faceswap_id01532_wavtolip.npz,-6.094395637512207,-6.094395637512207,4.575119495391846,1
FakeVideo-FakeAudio/African/women/id03713/00249_id02617_4EZjRXC4fLk_faceswap_id04245_wavtolip.npz,-3.5702743530273438,-3.5702743530273438,4.72071647644043,1
FakeVideo-FakeAudio/African/women/id03713/00249_id02721_wavtolip.npz,-6.334715843200684,-6.334715843200684,4.684627056121826,1
FakeVideo-FakeAudio/African/women/id03713/00249_id02824_glBy_mYcXZw_id04437_wavtolip.npz,-0.8374684453010559,-0.8374684453010559,4.708052635192871,1
FakeVideo-FakeAudio/African/women/id03713/00249_id03103_wiCYm3THQPw_id04820_wavtolip.npz,-6.314746856689453,-6.314746856689453,4.634889602661133,1
FakeVideo-FakeAudio/African/women/id03713/00249_id03658_8Wtu9VXKqjY_id05235_wavtolip.npz,-5.339184761047363,-5.339184761047363,4.7493486404418945,1
FakeVideo-FakeAudio/African/women/id03713/00249_id04736__D2k4fMhEfQ_id00829_wavtolip.npz,-2.6909306049346924,-2.6909306049346924,4.690505504608154,1
FakeVideo-FakeAudio/African/women/id03713/00249_id04736_wavtolip.npz,-6.336447238922119,-6.336447238922119,4.6626129150390625,1
FakeVideo-FakeAudio/African/women/id02721/00424_id00359_wavtolip.npz,1.5205317735671997,1.5205317735671997,4.03900146484375,1
FakeVideo-FakeAudio/African/women/id02721/00424_id00371_t20i0HtPwW0_id04939_wavtolip.npz,4.477210521697998,4.477210521697998,4.423520088195801,1
FakeVideo-FakeAudio/African/women/id02721/00424_id00568_gakhcJXnJZ8_id04939_wavtolip.npz,4.515170574188232,4.515170574188232,4.5179548263549805,1
FakeVideo-FakeAudio/African/women/id02721/00424_id00707_wavtolip.npz,-1.7707456350326538,-1.7707456350326538,4.268496990203857,1
FakeVideo-FakeAudio/African/women/id02721/00424_id01178_wavtolip.npz,-1.7066609859466553,-1.7066609859466553,4.666532516479492,1
FakeVideo-FakeAudio/African/women/id02721/00424_id01661_wavtolip.npz,-0.993011474609375,-0.993011474609375,4.60767126083374,1
FakeVideo-FakeAudio/African/women/id02721/00424_id01783_wavtolip.npz,-6.1467390060424805,-6.1467390060424805,4.895753383636475,1
FakeVideo-FakeAudio/African/women/id02721/00424_id02071_wavtolip.npz,3.7277274131774902,3.7277274131774902,3.4014339447021484,1
FakeVideo-FakeAudio/African/women/id02721/00424_id02586_dEYzYDsbAeo_id04939_wavtolip.npz,4.513238430023193,4.513238430023193,4.492165565490723,1
FakeVideo-FakeAudio/African/women/id02721/00424_id02617_wavtolip.npz,-3.0642895698547363,-3.0642895698547363,4.956332683563232,1
FakeVideo-FakeAudio/African/women/id02721/00424_id02721_wavtolip.npz,-6.121246814727783,-6.121246814727783,4.86679220199585,1
FakeVideo-FakeAudio/African/women/id02721/00424_id02808_nZtvxh6Eesc_id00371_wavtolip.npz,-2.353630304336548,-2.353630304336548,4.792990207672119,1
FakeVideo-FakeAudio/African/women/id02721/00424_id02824_wavtolip.npz,-2.215041399002075,-2.215041399002075,4.718903541564941,1
FakeVideo-FakeAudio/African/women/id02721/00424_id02948__ZEDGNWjuFE_id05235_wavtolip.npz,-0.7642770409584045,-0.7642770409584045,4.819469451904297,1
FakeVideo-FakeAudio/African/women/id02721/00424_id03658_8Wtu9VXKqjY_faceswap_id00371_wavtolip.npz,-2.6017582416534424,-2.6017582416534424,4.806304454803467,1
FakeVideo-FakeAudio/African/women/id02721/00424_id03658_8Wtu9VXKqjY_faceswap_id02824_wavtolip.npz,-2.2602217197418213,-2.2602217197418213,4.767374038696289,1
FakeVideo-FakeAudio/African/women/id02721/00424_id03658_8Wtu9VXKqjY_faceswap_id02838_wavtolip.npz,-6.142438888549805,-6.142438888549805,4.894094467163086,1
FakeVideo-FakeAudio/African/women/id02721/00424_id03658_8Wtu9VXKqjY_faceswap_id02948_wavtolip.npz,-4.994600772857666,-4.994600772857666,4.667550563812256,1
FakeVideo-FakeAudio/African/women/id02721/00424_id03658_8Wtu9VXKqjY_faceswap_id04820_wavtolip.npz,-6.247331619262695,-6.247331619262695,4.757530212402344,1
FakeVideo-FakeAudio/African/women/id02721/00424_id03658_8Wtu9VXKqjY_id02808_wavtolip.npz,-6.093021869659424,-6.093021869659424,4.865777015686035,1
FakeVideo-FakeAudio/African/women/id02721/00424_id03658_wavtolip.npz,-6.127617359161377,-6.127617359161377,4.890801429748535,1
FakeVideo-FakeAudio/African/women/id02721/00424_id04705_ziJ9JsYr4R0_id05980_wavtolip.npz,-3.714663028717041,-3.714663028717041,4.9088239669799805,1
FakeVideo-FakeAudio/African/women/id02721/00424_id05231_wfbM5puT6eQ_id00568_wavtolip.npz,-6.0988688468933105,-6.0988688468933105,4.747403144836426,1
FakeVideo-FakeAudio/African/women/id04547/00052_2_id00832_wavtolip.npz,4.353646278381348,4.353646278381348,4.447103977203369,1
FakeVideo-FakeAudio/African/women/id04547/00052_2_id02617_wavtolip.npz,-4.091269493103027,-4.091269493103027,4.859697341918945,1
FakeVideo-FakeAudio/African/women/id04547/00052_2_id02808_wavtolip.npz,-5.826651096343994,-5.826651096343994,5.242743492126465,1
FakeVideo-FakeAudio/African/women/id04547/00052_2_id02824_wavtolip.npz,-3.518717050552368,-3.518717050552368,4.68399715423584,1
FakeVideo-FakeAudio/African/women/id04547/00052_2_id05251_wavtolip.npz,3.7293362617492676,3.7293362617492676,4.30507755279541,1
FakeVideo-FakeAudio/African/women/id04547/00052_id00568_wavtolip.npz,-5.150609493255615,-5.150609493255615,4.937036991119385,1
FakeVideo-FakeAudio/African/women/id04547/00052_id00829_aMEvVaUBq2Y_id04540_wavtolip.npz,3.8979949951171875,3.8979949951171875,4.122867584228516,1
FakeVideo-FakeAudio/African/women/id04547/00052_id00832_wavtolip.npz,4.335676193237305,4.335676193237305,4.431553840637207,1
FakeVideo-FakeAudio/African/women/id04547/00052_id01532_wavtolip.npz,1.1095160245895386,1.1095160245895386,4.869586944580078,1
FakeVideo-FakeAudio/African/women/id04547/00052_id01783_wavtolip.npz,-6.180266857147217,-6.180266857147217,4.9664435386657715,1
FakeVideo-FakeAudio/African/women/id04547/00052_id02586_dEYzYDsbAeo_id02586_wavtolip.npz,4.140803813934326,4.140803813934326,4.580037593841553,1
FakeVideo-FakeAudio/African/women/id04547/00052_id02721_wavtolip.npz,-6.162880897521973,-6.162880897521973,4.975156307220459,1
FakeVideo-FakeAudio/African/women/id04547/00052_id03103_wiCYm3THQPw_id00460_wavtolip.npz,-0.679184079170227,-0.679184079170227,4.91165018081665,1
FakeVideo-FakeAudio/African/women/id04547/00052_id03656_draVIyyqLtk_id02808_wavtolip.npz,-6.121438980102539,-6.121438980102539,4.908091068267822,1
FakeVideo-FakeAudio/African/women/id04547/00052_id03713_wavtolip.npz,0.25080227851867676,0.25080227851867676,4.391902446746826,1
FakeVideo-FakeAudio/African/women/id04547/00052_id04374_SWltOOZmlWM_id04939_wavtolip.npz,4.673100471496582,4.673100471496582,4.432258129119873,1
FakeVideo-FakeAudio/African/women/id04547/00052_id04540_9KNIjew03AQ_id01661_wavtolip.npz,-0.9534863233566284,-0.9534863233566284,4.632996082305908,1
FakeVideo-FakeAudio/African/women/id04547/00052_id04540_wavtolip.npz,3.8622965812683105,3.8622965812683105,4.1587395668029785,1
FakeVideo-FakeAudio/African/women/id04547/00052_id04689_wavtolip.npz,-5.381457328796387,-5.381457328796387,4.914055824279785,1
FakeVideo-FakeAudio/African/women/id00220/00027_id00220_wavtolip.npz,4.0835676193237305,4.0835676193237305,4.308950424194336,1
FakeVideo-FakeAudio/African/women/id00220/00027_id00707_wavtolip.npz,-0.5331531763076782,-0.5331531763076782,4.166764259338379,1
FakeVideo-FakeAudio/African/women/id00220/00027_id01178_6XpgYMiKxhc_id05235_wavtolip.npz,-6.241302967071533,-6.241302967071533,4.695577144622803,1
FakeVideo-FakeAudio/African/women/id00220/00027_id01907_LBcRkuRq0uY_id04705_wavtolip.npz,-3.6639087200164795,-3.6639087200164795,4.53511905670166,1
FakeVideo-FakeAudio/African/women/id00220/00027_id02586_wavtolip.npz,4.538604736328125,4.538604736328125,4.386831283569336,1
FakeVideo-FakeAudio/African/women/id00220/00027_id02617_wavtolip.npz,-2.320545196533203,-2.320545196533203,4.526060104370117,1
FakeVideo-FakeAudio/African/women/id00220/00027_id02824_glBy_mYcXZw_id04437_wavtolip.npz,-0.295621395111084,-0.295621395111084,4.653962135314941,1
FakeVideo-FakeAudio/African/women/id00220/00027_id02838_wavtolip.npz,-6.350742816925049,-6.350742816925049,4.503078937530518,1
FakeVideo-FakeAudio/African/women/id00220/00027_id02948_wavtolip.npz,-4.877251625061035,-4.877251625061035,4.713813304901123,1
FakeVideo-FakeAudio/African/women/id00220/00027_id03569_YO0EpPm9p-8_id04376_wavtolip.npz,-3.517317771911621,-3.517317771911621,4.578122615814209,1
FakeVideo-FakeAudio/African/women/id00220/00027_id03569_wavtolip.npz,2.4961745738983154,2.4961745738983154,4.394654750823975,1
FakeVideo-FakeAudio/African/women/id00220/00027_id03658_wavtolip.npz,-6.375990867614746,-6.375990867614746,4.536376476287842,1
FakeVideo-FakeAudio/African/women/id00220/00027_id04376_wavtolip.npz,-3.3854873180389404,-3.3854873180389404,4.554166316986084,1
FakeVideo-FakeAudio/African/women/id00220/00027_id04939_i4v2cXo9HIQ_id00707_wavtolip.npz,-0.5240672826766968,-0.5240672826766968,4.237270832061768,1
FakeVideo-FakeAudio/African/women/id00220/00027_id05251_wavtolip.npz,4.071319580078125,4.071319580078125,4.310439586639404,1
FakeVideo-FakeAudio/African/women/id00220/00027_id05252_wavtolip.npz,-1.9758660793304443,-1.9758660793304443,4.526889801025391,1
FakeVideo-FakeAudio/African/women/id04820/00015_id00220_wavtolip.npz,4.249197483062744,4.249197483062744,4.28547477722168,1
FakeVideo-FakeAudio/African/women/id04820/00015_id00359_wavtolip.npz,2.4865269660949707,2.4865269660949707,3.9781274795532227,1
FakeVideo-FakeAudio/African/women/id04820/00015_id01178_wavtolip.npz,-1.319096565246582,-1.319096565246582,4.614091396331787,1
FakeVideo-FakeAudio/African/women/id04820/00015_id01783_wavtolip.npz,-6.274208068847656,-6.274208068847656,4.634167671203613,1
FakeVideo-FakeAudio/African/women/id04820/00015_id02617_wavtolip.npz,-3.2867891788482666,-3.2867891788482666,4.624907970428467,1
FakeVideo-FakeAudio/African/women/id04820/00015_id02824_wavtolip.npz,-3.5542380809783936,-3.5542380809783936,4.6818318367004395,1
FakeVideo-FakeAudio/African/women/id04820/00015_id02948__ZEDGNWjuFE_faceswap_id00568_wavtolip.npz,-3.0115766525268555,-3.0115766525268555,4.697783470153809,1
FakeVideo-FakeAudio/African/women/id04820/00015_id02948__ZEDGNWjuFE_faceswap_id01783_wavtolip.npz,-6.26558780670166,-6.26558780670166,4.699264049530029,1
FakeVideo-FakeAudio/African/women/id04820/00015_id02948__ZEDGNWjuFE_faceswap_id02721_wavtolip.npz,-6.238131999969482,-6.238131999969482,4.80966329574585,1
FakeVideo-FakeAudio/African/women/id04820/00015_id02948__ZEDGNWjuFE_faceswap_id04376_wavtolip.npz,-3.2419002056121826,-3.2419002056121826,4.854134559631348,1
FakeVideo-FakeAudio/African/women/id04820/00015_id02948__ZEDGNWjuFE_faceswap_id04689_wavtolip.npz,-4.473510265350342,-4.473510265350342,4.737432956695557,1
FakeVideo-FakeAudio/African/women/id04820/00015_id02948__ZEDGNWjuFE_id04939_wavtolip.npz,4.495335102081299,4.495335102081299,4.564638614654541,1
FakeVideo-FakeAudio/African/women/id04820/00015_id03747_wavtolip.npz,-6.105947494506836,-6.105947494506836,4.682985305786133,1
FakeVideo-FakeAudio/African/women/id04820/00015_id04055_wavtolip.npz,4.28480863571167,4.28480863571167,4.293582916259766,1
FakeVideo-FakeAudio/African/women/id04820/00015_id05106_wavtolip.npz,-2.0332436561584473,-2.0332436561584473,4.586008071899414,1
FakeVideo-FakeAudio/African/women/id04736/00083_id00359_wavtolip.npz,2.7997794151306152,2.7997794151306152,4.113348484039307,1
FakeVideo-FakeAudio/African/women/id04736/00083_id01661_wavtolip.npz,-1.786241054534912,-1.786241054534912,4.528990268707275,1
FakeVideo-FakeAudio/African/women/id04736/00083_id02071_wavtolip.npz,4.715590000152588,4.715590000152588,3.230130195617676,1
FakeVideo-FakeAudio/African/women/id04736/00083_id02508_wavtolip.npz,-6.006002902984619,-6.006002902984619,5.020668983459473,1
FakeVideo-FakeAudio/African/women/id04736/00083_id04055_wavtolip.npz,4.271953105926514,4.271953105926514,4.299597263336182,1
FakeVideo-FakeAudio/African/women/id04736/00083_id04689_wavtolip.npz,-1.4546618461608887,-1.4546618461608887,4.93561315536499,1
FakeVideo-FakeAudio/African/women/id04736/00083_id05235_ASy8lP3SRtw_faceswap_id00592_wavtolip.npz,-1.4020072221755981,-1.4020072221755981,4.812633514404297,1
FakeVideo-FakeAudio/African/women/id04736/00083_id05235_ASy8lP3SRtw_faceswap_id01907_wavtolip.npz,-6.201958656311035,-6.201958656311035,4.989429950714111,1
FakeVideo-FakeAudio/African/women/id04736/00083_id05235_ASy8lP3SRtw_faceswap_id02721_wavtolip.npz,-6.042723178863525,-6.042723178863525,4.963502407073975,1
FakeVideo-FakeAudio/African/women/id04736/00083_id05235_ASy8lP3SRtw_faceswap_id04245_wavtolip.npz,-3.6819894313812256,-3.6819894313812256,4.990574836730957,1
FakeVideo-FakeAudio/African/women/id04736/00083_id05235_ASy8lP3SRtw_id05231_wavtolip.npz,-2.6542367935180664,-2.6542367935180664,4.6119160652160645,1
FakeVideo-FakeAudio/African/women/id04736/00083_id05251_wavtolip.npz,3.808509588241577,3.808509588241577,4.381832599639893,1
FakeVideo-FakeAudio/African/women/id04736/00083_id05252_wavtolip.npz,-0.541959285736084,-0.541959285736084,4.660134792327881,1
FakeVideo-FakeAudio/African/women/id04376/00181_id00220_WlHLlTQKj8g_id04547_wavtolip.npz,-0.505859375,-0.505859375,4.112037181854248,1
FakeVideo-FakeAudio/African/women/id04376/00181_id00220_wavtolip.npz,4.042496204376221,4.042496204376221,4.453253746032715,1
FakeVideo-FakeAudio/African/women/id04376/00181_id00829_aMEvVaUBq2Y_id02948_wavtolip.npz,-4.4186577796936035,-4.4186577796936035,4.668374061584473,1
FakeVideo-FakeAudio/African/women/id04376/00181_id00829_wavtolip.npz,-6.148415565490723,-6.148415565490723,4.900266170501709,1
FakeVideo-FakeAudio/African/women/id04376/00181_id01661_wavtolip.npz,-1.4391329288482666,-1.4391329288482666,4.611745357513428,1
FakeVideo-FakeAudio/African/women/id04376/00181_id01783_wavtolip.npz,-6.169483661651611,-6.169483661651611,4.8859477043151855,1
FakeVideo-FakeAudio/African/women/id04376/00181_id02301_wavtolip.npz,4.253135681152344,4.253135681152344,4.518759250640869,1
FakeVideo-FakeAudio/African/women/id04376/00181_id02508_wavtolip.npz,-6.091289520263672,-6.091289520263672,4.769774913787842,1
FakeVideo-FakeAudio/African/women/id04376/00181_id02586_dEYzYDsbAeo_id05106_wavtolip.npz,-2.5589826107025146,-2.5589826107025146,4.632574081420898,1
FakeVideo-FakeAudio/African/women/id04376/00181_id02838_kaCQlSGlLe8_id05231_wavtolip.npz,-2.52284574508667,-2.52284574508667,4.633655071258545,1
FakeVideo-FakeAudio/African/women/id04376/00181_id03656_wavtolip.npz,-6.202200889587402,-6.202200889587402,4.689546585083008,1
FakeVideo-FakeAudio/African/women/id04376/00181_id03658_8Wtu9VXKqjY_id02586_wavtolip.npz,4.454947471618652,4.454947471618652,4.47520112991333,1
FakeVideo-FakeAudio/African/women/id04376/00181_id04055_wavtolip.npz,4.430545330047607,4.430545330047607,4.320103645324707,1
FakeVideo-FakeAudio/African/women/id04376/00181_id04374_SWltOOZmlWM_id01838_wavtolip.npz,-4.747480869293213,-4.747480869293213,4.780279636383057,1
FakeVideo-FakeAudio/African/women/id04376/00181_id04437_2csrqaF55pk_faceswap_id00371_wavtolip.npz,-1.6192476749420166,-1.6192476749420166,4.842052936553955,1
FakeVideo-FakeAudio/African/women/id04376/00181_id04437_2csrqaF55pk_faceswap_id00460_wavtolip.npz,-3.9849324226379395,-3.9849324226379395,4.770071983337402,1
FakeVideo-FakeAudio/African/women/id04376/00181_id04437_2csrqaF55pk_faceswap_id00577_wavtolip.npz,-1.697075366973877,-1.697075366973877,4.853652000427246,1
FakeVideo-FakeAudio/African/women/id04376/00181_id04437_2csrqaF55pk_faceswap_id01838_wavtolip.npz,-3.0941600799560547,-3.0941600799560547,4.855195999145508,1
FakeVideo-FakeAudio/African/women/id04376/00181_id04437_2csrqaF55pk_faceswap_id02721_wavtolip.npz,-6.176007270812988,-6.176007270812988,4.857451915740967,1
FakeVideo-FakeAudio/African/women/id04376/00181_id05106_wavtolip.npz,-2.4201717376708984,-2.4201717376708984,4.621950626373291,1
FakeVideo-FakeAudio/African/women/id04374/00032_id00359_wavtolip.npz,2.573298692703247,2.573298692703247,4.185542106628418,1
FakeVideo-FakeAudio/African/women/id04374/00032_id00592_wavtolip.npz,-1.7142529487609863,-1.7142529487609863,4.649932384490967,1
FakeVideo-FakeAudio/African/women/id04374/00032_id00707_feeHCIlo6jg_id04055_wavtolip.npz,4.344536304473877,4.344536304473877,4.335875988006592,1
FakeVideo-FakeAudio/African/women/id04374/00032_id00832_wavtolip.npz,4.193703651428223,4.193703651428223,4.452434062957764,1
FakeVideo-FakeAudio/African/women/id04374/00032_id02617_wavtolip.npz,-3.9807844161987305,-3.9807844161987305,4.835528373718262,1
FakeVideo-FakeAudio/African/women/id04374/00032_id02721_wavtolip.npz,-4.821527481079102,-4.821527481079102,4.8901872634887695,1
FakeVideo-FakeAudio/African/women/id04374/00032_id02824_wavtolip.npz,-2.3583593368530273,-2.3583593368530273,4.671114921569824,1
FakeVideo-FakeAudio/African/women/id04374/00032_id02838_kaCQlSGlLe8_id01783_wavtolip.npz,-1.7164644002914429,-1.7164644002914429,4.974208831787109,1
FakeVideo-FakeAudio/African/women/id04374/00032_id03656_draVIyyqLtk_id04437_wavtolip.npz,-1.9173734188079834,-1.9173734188079834,4.703299522399902,1
FakeVideo-FakeAudio/African/women/id04374/00032_id04547_3Qy2g2M47Aw_id02301_wavtolip.npz,4.27645206451416,4.27645206451416,4.407854080200195,1
FakeVideo-FakeAudio/African/women/id04374/00032_id04689_0YqK1ksKjLg_faceswap_id00371_wavtolip.npz,-2.0214903354644775,-2.0214903354644775,4.729432106018066,1
FakeVideo-FakeAudio/African/women/id04374/00032_id04689_0YqK1ksKjLg_faceswap_id01532_wavtolip.npz,-1.696762204170227,-1.696762204170227,4.873430252075195,1
FakeVideo-FakeAudio/African/women/id04374/00032_id04689_0YqK1ksKjLg_faceswap_id04689_wavtolip.npz,-0.9036557078361511,-0.9036557078361511,4.871574401855469,1
FakeVideo-FakeAudio/African/women/id04374/00032_id04689_0YqK1ksKjLg_faceswap_id05231_wavtolip.npz,-2.4339945316314697,-2.4339945316314697,4.502152919769287,1
FakeVideo-FakeAudio/African/women/id04374/00032_id04820_wavtolip.npz,-6.241591453552246,-6.241591453552246,4.654633045196533,1
FakeVideo-FakeAudio/African/women/id04374/00032_id04939_wavtolip.npz,4.44554328918457,4.44554328918457,4.394207954406738,1
FakeVideo-FakeAudio/African/women/id04374/00032_id05106_wavtolip.npz,-2.4988043308258057,-2.4988043308258057,4.612197399139404,1
FakeVideo-FakeAudio/African/women/id04374/00032_id05231_wfbM5puT6eQ_id03569_wavtolip.npz,2.9546046257019043,2.9546046257019043,4.443880558013916,1
FakeVideo-FakeAudio/African/women/id02824/00130_id00359_wavtolip.npz,2.459756374359131,2.459756374359131,4.0139617919921875,1
FakeVideo-FakeAudio/African/women/id02824/00130_id00568_wavtolip.npz,-4.2726521492004395,-4.2726521492004395,4.752084732055664,1
FakeVideo-FakeAudio/African/women/id02824/00130_id00829_wavtolip.npz,-6.147692680358887,-6.147692680358887,4.7476019859313965,1
FakeVideo-FakeAudio/African/women/id02824/00130_id00832_Jr4-dXRChME_id04939_wavtolip.npz,4.697680950164795,4.697680950164795,4.276749134063721,1
FakeVideo-FakeAudio/African/women/id02824/00130_id00832_wavtolip.npz,4.055650234222412,4.055650234222412,4.482385158538818,1
FakeVideo-FakeAudio/African/women/id02824/00130_id01532_wavtolip.npz,-1.5946555137634277,-1.5946555137634277,4.705914497375488,1
FakeVideo-FakeAudio/African/women/id02824/00130_id01661_SdP_Monh-_4_id00568_wavtolip.npz,-3.9857490062713623,-3.9857490062713623,4.759755611419678,1
FakeVideo-FakeAudio/African/women/id02824/00130_id02301_wavtolip.npz,3.849743604660034,3.849743604660034,4.414681911468506,1
FakeVideo-FakeAudio/African/women/id02824/00130_id02824_wavtolip.npz,-2.138774871826172,-2.138774871826172,4.660775184631348,1
FakeVideo-FakeAudio/African/women/id02824/00130_id03656_draVIyyqLtk_id04437_wavtolip.npz,0.11349713802337646,0.11349713802337646,4.593682765960693,1
FakeVideo-FakeAudio/African/women/id02824/00130_id03747_wQOOhZvnrq4_faceswap_id01783_wavtolip.npz,-6.17836332321167,-6.17836332321167,4.823398113250732,1
FakeVideo-FakeAudio/African/women/id02824/00130_id03747_wQOOhZvnrq4_faceswap_id02617_wavtolip.npz,-3.4808812141418457,-3.4808812141418457,4.759369850158691,1
FakeVideo-FakeAudio/African/women/id02824/00130_id03747_wQOOhZvnrq4_faceswap_id04245_wavtolip.npz,-4.087605953216553,-4.087605953216553,4.877687931060791,1
FakeVideo-FakeAudio/African/women/id02824/00130_id03747_wQOOhZvnrq4_faceswap_id05106_wavtolip.npz,-3.1689834594726562,-3.1689834594726562,4.594290733337402,1
FakeVideo-FakeAudio/African/women/id02824/00130_id03747_wQOOhZvnrq4_faceswap_id05231_wavtolip.npz,-2.87961483001709,-2.87961483001709,4.54496955871582,1
FakeVideo-FakeAudio/African/women/id02824/00130_id03747_wQOOhZvnrq4_id03713_wavtolip.npz,-0.44580960273742676,-0.44580960273742676,4.278424263000488,1
FakeVideo-FakeAudio/African/women/id02824/00130_id04437_wavtolip.npz,1.919893741607666,1.919893741607666,4.60239315032959,1
FakeVideo-FakeAudio/African/women/id02824/00130_id04705_ziJ9JsYr4R0_id02948_wavtolip.npz,-4.284748554229736,-4.284748554229736,4.522929668426514,1
FakeVideo-FakeAudio/African/women/id02824/00130_id05106_wavtolip.npz,-2.7644922733306885,-2.7644922733306885,4.499628067016602,1
FakeVideo-FakeAudio/African/women/id02824/00130_id05231_wfbM5puT6eQ_id02721_wavtolip.npz,-6.101293087005615,-6.101293087005615,4.87997579574585,1
FakeVideo-FakeAudio/African/women/id02824/00130_id05252_CMxIX3absYM_id02721_wavtolip.npz,-6.148772716522217,-6.148772716522217,4.820797443389893,1
FakeVideo-FakeAudio/African/women/id02824/00130_id05252_wavtolip.npz,-0.9010593295097351,-0.9010593295097351,4.646143913269043,1
FakeVideo-FakeAudio/Caucasian (American)/men/id04216/00470_id00018_sap-FjURHlc_id00777_wavtolip.npz,-6.097577095031738,-6.097577095031738,4.9884138107299805,1
FakeVideo-FakeAudio/Caucasian (American)/men/id04216/00470_id00029_TGpCGl036qk_faceswap_id00029_wavtolip.npz,-1.6992883682250977,-1.6992883682250977,4.875068187713623,1
FakeVideo-FakeAudio/Caucasian (American)/men/id04216/00470_id00029_TGpCGl036qk_faceswap_id00087_wavtolip.npz,4.658421516418457,4.658421516418457,4.878658771514893,1
FakeVideo-FakeAudio/Caucasian (American)/men/id04216/00470_id00029_TGpCGl036qk_faceswap_id01042_wavtolip.npz,4.796055793762207,4.796055793762207,4.472624778747559,1
FakeVideo-FakeAudio/Caucasian (American)/men/id04216/00470_id00029_TGpCGl036qk_faceswap_id01163_wavtolip.npz,-0.6504273414611816,-0.6504273414611816,4.8371663093566895,1
FakeVideo-FakeAudio/Caucasian (American)/men/id04216/00470_id00029_TGpCGl036qk_faceswap_id01175_wavtolip.npz,-0.97426438331604,-0.97426438331604,4.486758708953857,1
FakeVideo-FakeAudio/Caucasian (American)/men/id04216/00470_id00029_TGpCGl036qk_id01192_wavtolip.npz,-3.4092066287994385,-3.4092066287994385,4.897161960601807,1
FakeVideo-FakeAudio/Caucasian (American)/men/id04216/00470_id00052_wavtolip.npz,-3.6625607013702393,-3.6625607013702393,4.862882137298584,1
FakeVideo-FakeAudio/Caucasian (American)/men/id04216/00470_id00062_bctnrIvZHTs_id00184_wavtolip.npz,-1.3182530403137207,-1.3182530403137207,4.972419261932373,1
FakeVideo-FakeAudio/Caucasian (American)/men/id04216/00470_id00062_wavtolip.npz,-5.959041595458984,-5.959041595458984,5.012451648712158,1
FakeVideo-FakeAudio/Caucasian (American)/men/id04216/00470_id00169__V1xAwwG29U_id03678_wavtolip.npz,2.213433265686035,2.213433265686035,4.6283721923828125,1
FakeVideo-FakeAudio/Caucasian (American)/men/id04216/00470_id00179_Ux9OYyipQi8_id04073_wavtolip.npz,-2.6940910816192627,-2.6940910816192627,4.987473964691162,1
FakeVideo-FakeAudio/Caucasian (American)/men/id04216/00470_id00529_wavtolip.npz,-2.0936574935913086,-2.0936574935913086,4.9173173904418945,1
FakeVideo-FakeAudio/Caucasian (American)/men/id04216/00470_id00708_wavtolip.npz,-3.0546042919158936,-3.0546042919158936,4.508584976196289,1
FakeVideo-FakeAudio/Caucasian (American)/men/id04216/00470_id00775_wavtolip.npz,4.645394325256348,4.645394325256348,4.211028575897217,1
FakeVideo-FakeAudio/Caucasian (American)/men/id04216/00470_id00945_wavtolip.npz,-2.1899895668029785,-2.1899895668029785,4.827302932739258,1
FakeVideo-FakeAudio/Caucasian (American)/men/id04216/00470_id01044_yL58R6zBNf4_id01192_wavtolip.npz,-2.8072919845581055,-2.8072919845581055,5.017761707305908,1
FakeVideo-FakeAudio/Caucasian (American)/men/id04216/00470_id01048_wavtolip.npz,4.556596279144287,4.556596279144287,4.308422088623047,1
FakeVideo-FakeAudio/Caucasian (American)/men/id04216/00470_id01105_qxMlGJlyfA8_id01172_wavtolip.npz,-1.7112804651260376,-1.7112804651260376,4.609570503234863,1
FakeVideo-FakeAudio/Caucasian (American)/men/id04216/00470_id01163_QSMeUEH3lJM_id00169_wavtolip.npz,-2.0943784713745117,-2.0943784713745117,4.794394493103027,1
FakeVideo-FakeAudio/Caucasian (American)/men/id04216/00470_id01175_wavtolip.npz,-1.1823359727859497,-1.1823359727859497,4.55029296875,1
FakeVideo-FakeAudio/Caucasian (American)/men/id04216/00470_id01239_gJvquKo7kbA_id04073_wavtolip.npz,-2.576047897338867,-2.576047897338867,5.012707710266113,1
FakeVideo-FakeAudio/Caucasian (American)/men/id04216/00470_id03668_wavtolip.npz,-6.100409507751465,-6.100409507751465,5.029956340789795,1
FakeVideo-FakeAudio/Caucasian (American)/men/id04216/00470_id03678_wavtolip.npz,1.4954357147216797,1.4954357147216797,4.6977715492248535,1
FakeVideo-FakeAudio/Caucasian (American)/men/id04216/00470_id04073_KT7B07WFWyM_id01175_wavtolip.npz,-1.3477827310562134,-1.3477827310562134,4.50839376449585,1
FakeVideo-FakeAudio/Caucasian (American)/men/id03525/00048_0_id00060_wavtolip.npz,-1.5311685800552368,-1.5311685800552368,4.615267753601074,1
FakeVideo-FakeAudio/Caucasian (American)/men/id03525/00048_0_id00945_wavtolip.npz,-2.1309189796447754,-2.1309189796447754,4.775956153869629,1
FakeVideo-FakeAudio/Caucasian (American)/men/id03525/00048_0_id01168_wavtolip.npz,4.4670209884643555,4.4670209884643555,4.5965166091918945,1
FakeVideo-FakeAudio/Caucasian (American)/men/id03525/00048_0_id01182_wavtolip.npz,-0.17845666408538818,-0.17845666408538818,5.077993869781494,1
FakeVideo-FakeAudio/Caucasian (American)/men/id03525/00048_0_id01201_wavtolip.npz,4.7446818351745605,4.7446818351745605,4.980949401855469,1
FakeVideo-FakeAudio/Caucasian (American)/men/id03525/00048_1_id00179_wavtolip.npz,3.4534265995025635,3.4534265995025635,4.420461654663086,1
FakeVideo-FakeAudio/Caucasian (American)/men/id03525/00048_1_id00696_wavtolip.npz,1.642040491104126,1.642040491104126,4.758302688598633,1
FakeVideo-FakeAudio/Caucasian (American)/men/id03525/00048_1_id01048_wavtolip.npz,4.652606964111328,4.652606964111328,4.195930480957031,1
FakeVideo-FakeAudio/Caucasian (American)/men/id03525/00048_1_id03757_wavtolip.npz,-0.8262856006622314,-0.8262856006622314,4.674022674560547,1
FakeVideo-FakeAudio/Caucasian (American)/men/id03525/00048_1_id04216_wavtolip.npz,4.49807071685791,4.49807071685791,4.643731117248535,1
FakeVideo-FakeAudio/Caucasian (American)/men/id03525/00048_2_id00020_wavtolip.npz,-6.344552040100098,-6.344552040100098,4.610745429992676,1
FakeVideo-FakeAudio/Caucasian (American)/men/id03525/00048_2_id00777_wavtolip.npz,-6.326738357543945,-6.326738357543945,4.598535537719727,1
FakeVideo-FakeAudio/Caucasian (American)/men/id03525/00048_2_id01105_wavtolip.npz,-2.305665969848633,-2.305665969848633,4.669382572174072,1
FakeVideo-FakeAudio/Caucasian (American)/men/id03525/00048_2_id01192_wavtolip.npz,-2.7164669036865234,-2.7164669036865234,4.611690521240234,1
FakeVideo-FakeAudio/Caucasian (American)/men/id03525/00048_2_id04219_wavtolip.npz,-4.921510219573975,-4.921510219573975,4.711954116821289,1
FakeVideo-FakeAudio/Caucasian (American)/men/id03525/00048_id00060_gZ4RkcQ0SXE_id01182_wavtolip.npz,-0.24375496804714203,-0.24375496804714203,5.1123948097229,1
FakeVideo-FakeAudio/Caucasian (American)/men/id03525/00048_id00062_bctnrIvZHTs_id01210_wavtolip.npz,4.5009589195251465,4.5009589195251465,4.357633113861084,1
FakeVideo-FakeAudio/Caucasian (American)/men/id03525/00048_id00087_0ZbOp9FgZf8_id00062_wavtolip.npz,-4.222151756286621,-4.222151756286621,5.055508136749268,1
FakeVideo-FakeAudio/Caucasian (American)/men/id03525/00048_id00087_wavtolip.npz,4.1383585929870605,4.1383585929870605,4.8957977294921875,1
FakeVideo-FakeAudio/Caucasian (American)/men/id03525/00048_id00169_wavtolip.npz,-2.1927738189697266,-2.1927738189697266,4.696046352386475,1
FakeVideo-FakeAudio/Caucasian (American)/men/id03525/00048_id00529_xtx2GeQN-DQ_id01172_wavtolip.npz,-2.2464520931243896,-2.2464520931243896,4.71799898147583,1
FakeVideo-FakeAudio/Caucasian (American)/men/id03525/00048_id00777_wavtolip.npz,-4.1880645751953125,-4.1880645751953125,5.071266174316406,1
FakeVideo-FakeAudio/Caucasian (American)/men/id03525/00048_id00945_V-rSeF8o5pc_id00264_wavtolip.npz,3.7689335346221924,3.7689335346221924,4.766096115112305,1
FakeVideo-FakeAudio/Caucasian (American)/men/id03525/00048_id00971_wavtolip.npz,-5.773612022399902,-5.773612022399902,5.159958362579346,1
FakeVideo-FakeAudio/Caucasian (American)/men/id03525/00048_id01035_wavtolip.npz,-3.396862030029297,-3.396862030029297,4.6445512771606445,1
FakeVideo-FakeAudio/Caucasian (American)/men/id03525/00048_id01044_wavtolip.npz,2.4756019115448,2.4756019115448,5.0674238204956055,1
FakeVideo-FakeAudio/Caucasian (American)/men/id03525/00048_id01044_yL58R6zBNf4_id00087_wavtolip.npz,3.99426007270813,3.99426007270813,4.874078750610352,1
FakeVideo-FakeAudio/Caucasian (American)/men/id03525/00048_id01124_wavtolip.npz,-1.3389829397201538,-1.3389829397201538,5.151054382324219,1
FakeVideo-FakeAudio/Caucasian (American)/men/id03525/00048_id01163_QSMeUEH3lJM_id04219_wavtolip.npz,-4.300792217254639,-4.300792217254639,4.844801425933838,1
FakeVideo-FakeAudio/Caucasian (American)/men/id03525/00048_id01201_wavtolip.npz,4.676856994628906,4.676856994628906,5.0068535804748535,1
FakeVideo-FakeAudio/Caucasian (American)/men/id03525/00048_id01210_sMdOO7NqsGY_id00529_wavtolip.npz,-1.1975970268249512,-1.1975970268249512,4.844466209411621,1
FakeVideo-FakeAudio/Caucasian (American)/men/id03525/00048_id03757_L-M-XbdFLQM_id01168_wavtolip.npz,4.157545566558838,4.157545566558838,4.58894681930542,1
FakeVideo-FakeAudio/Caucasian (American)/men/id03525/00048_id03757_wavtolip.npz,-0.7101926803588867,-0.7101926803588867,4.714166164398193,1
FakeVideo-FakeAudio/Caucasian (American)/men/id03525/00048_id04219_wavtolip.npz,-6.046308994293213,-6.046308994293213,4.765727996826172,1
FakeVideo-FakeAudio/Caucasian (American)/men/id03525/00048_id04221_5XfsCrxGvj4_faceswap_id00029_wavtolip.npz,-5.449213981628418,-5.449213981628418,5.1981916427612305,1
FakeVideo-FakeAudio/Caucasian (American)/men/id03525/00048_id04221_5XfsCrxGvj4_faceswap_id00087_wavtolip.npz,4.099523544311523,4.099523544311523,4.860530853271484,1
FakeVideo-FakeAudio/Caucasian (American)/men/id03525/00048_id04221_5XfsCrxGvj4_faceswap_id00943_wavtolip.npz,-1.3557164669036865,-1.3557164669036865,5.10926628112793,1
FakeVideo-FakeAudio/Caucasian (American)/men/id03525/00048_id04221_5XfsCrxGvj4_faceswap_id01172_wavtolip.npz,-1.697828769683838,-1.697828769683838,4.586555480957031,1
FakeVideo-FakeAudio/Caucasian (American)/men/id03525/00048_id04221_5XfsCrxGvj4_faceswap_id03757_wavtolip.npz,-0.9126384258270264,-0.9126384258270264,4.696429252624512,1
FakeVideo-FakeAudio/Caucasian (American)/men/id03525/00048_id04221_5XfsCrxGvj4_id00708_wavtolip.npz,-2.7199981212615967,-2.7199981212615967,4.442866802215576,1
FakeVideo-FakeAudio/Caucasian (American)/men/id03757/00149_0_id00018_wavtolip.npz,-6.284847259521484,-6.284847259521484,4.717879772186279,1
FakeVideo-FakeAudio/Caucasian (American)/men/id03757/00149_0_id00169_wavtolip.npz,-0.9753057956695557,-0.9753057956695557,4.661089897155762,1
FakeVideo-FakeAudio/Caucasian (American)/men/id03757/00149_0_id01048_wavtolip.npz,4.587688446044922,4.587688446044922,4.237432956695557,1
FakeVideo-FakeAudio/Caucasian (American)/men/id03757/00149_0_id01124_wavtolip.npz,1.1893786191940308,1.1893786191940308,5.334724426269531,1
FakeVideo-FakeAudio/Caucasian (American)/men/id03757/00149_0_id04219_wavtolip.npz,-4.593987941741943,-4.593987941741943,4.698841094970703,1
FakeVideo-FakeAudio/Caucasian (American)/men/id03757/00149_1_id00052_wavtolip.npz,1.6474237442016602,1.6474237442016602,4.7436323165893555,1
FakeVideo-FakeAudio/Caucasian (American)/men/id03757/00149_1_id00062_wavtolip.npz,-5.10132360458374,-5.10132360458374,4.787496089935303,1
FakeVideo-FakeAudio/Caucasian (American)/men/id03757/00149_1_id00264_wavtolip.npz,4.0937819480896,4.0937819480896,4.6639885902404785,1
FakeVideo-FakeAudio/Caucasian (American)/men/id03757/00149_1_id00777_wavtolip.npz,-6.083096027374268,-6.083096027374268,4.784073352813721,1
FakeVideo-FakeAudio/Caucasian (American)/men/id03757/00149_1_id01035_wavtolip.npz,-2.703643560409546,-2.703643560409546,4.634417533874512,1
FakeVideo-FakeAudio/Caucasian (American)/men/id03757/00149_3_id00087_wavtolip.npz,4.047287464141846,4.047287464141846,4.867040157318115,1
FakeVideo-FakeAudio/Caucasian (American)/men/id03757/00149_3_id00775_wavtolip.npz,4.585526466369629,4.585526466369629,4.193258762359619,1
FakeVideo-FakeAudio/Caucasian (American)/men/id03757/00149_3_id01048_wavtolip.npz,4.598745346069336,4.598745346069336,4.19284725189209,1
FakeVideo-FakeAudio/Caucasian (American)/men/id03757/00149_3_id01172_wavtolip.npz,-1.8683685064315796,-1.8683685064315796,4.686758995056152,1
FakeVideo-FakeAudio/Caucasian (American)/men/id03757/00149_3_id04219_wavtolip.npz,-4.82681941986084,-4.82681941986084,4.796983242034912,1
FakeVideo-FakeAudio/Caucasian (American)/men/id03757/00149_id00018_sap-FjURHlc_id00777_wavtolip.npz,-6.340437889099121,-6.340437889099121,4.574497222900391,1
FakeVideo-FakeAudio/Caucasian (American)/men/id03757/00149_id00020_VXYAbbQWyQM_id00169_wavtolip.npz,-6.2837018966674805,-6.2837018966674805,4.685138702392578,1
FakeVideo-FakeAudio/Caucasian (American)/men/id03757/00149_id00052_wavtolip.npz,-5.065491676330566,-5.065491676330566,4.530665874481201,1
FakeVideo-FakeAudio/Caucasian (American)/men/id03757/00149_id00088_wavtolip.npz,-1.3057596683502197,-1.3057596683502197,4.546255111694336,1
FakeVideo-FakeAudio/Caucasian (American)/men/id03757/00149_id00169__V1xAwwG29U_id00021_wavtolip.npz,-0.6588222980499268,-0.6588222980499268,4.739658832550049,1
FakeVideo-FakeAudio/Caucasian (American)/men/id03757/00149_id00184_wavtolip.npz,-3.2975783348083496,-3.2975783348083496,4.536707401275635,1
FakeVideo-FakeAudio/Caucasian (American)/men/id03757/00149_id00345_wavtolip.npz,4.77430534362793,4.77430534362793,4.4848222732543945,1
FakeVideo-FakeAudio/Caucasian (American)/men/id03757/00149_id00708_wavtolip.npz,-5.834619522094727,-5.834619522094727,4.579894065856934,1
FakeVideo-FakeAudio/Caucasian (American)/men/id03757/00149_id00775_yeCUxHgUHxc_id04216_wavtolip.npz,4.377174377441406,4.377174377441406,4.686271667480469,1
FakeVideo-FakeAudio/Caucasian (American)/men/id03757/00149_id00945_wavtolip.npz,-6.3296427726745605,-6.3296427726745605,4.644355297088623,1
FakeVideo-FakeAudio/Caucasian (American)/men/id03757/00149_id00971_edWrVVn-rC4_id01211_wavtolip.npz,-5.102818012237549,-5.102818012237549,4.73582649230957,1
FakeVideo-FakeAudio/Caucasian (American)/men/id03757/00149_id01105_wavtolip.npz,-1.9963643550872803,-1.9963643550872803,4.626644611358643,1
FakeVideo-FakeAudio/Caucasian (American)/men/id03757/00149_id01124_wavtolip.npz,-1.4501208066940308,-1.4501208066940308,4.641472339630127,1
FakeVideo-FakeAudio/Caucasian (American)/men/id03757/00149_id01168_Uz7M0nTbgWM_faceswap_id00062_wavtolip.npz,-4.872533798217773,-4.872533798217773,4.558256149291992,1
FakeVideo-FakeAudio/Caucasian (American)/men/id03757/00149_id01168_Uz7M0nTbgWM_faceswap_id00945_wavtolip.npz,-6.3243513107299805,-6.3243513107299805,4.594817161560059,1
FakeVideo-FakeAudio/Caucasian (American)/men/id03757/00149_id01168_Uz7M0nTbgWM_faceswap_id01044_wavtolip.npz,1.7319793701171875,1.7319793701171875,4.628783702850342,1
FakeVideo-FakeAudio/Caucasian (American)/men/id03757/00149_id01168_Uz7M0nTbgWM_faceswap_id01192_wavtolip.npz,-2.358903408050537,-2.358903408050537,4.5163798332214355,1
FakeVideo-FakeAudio/Caucasian (American)/men/id03757/00149_id01168_Uz7M0nTbgWM_faceswap_id03757_wavtolip.npz,4.572498798370361,4.572498798370361,4.681253433227539,1
FakeVideo-FakeAudio/Caucasian (American)/men/id03757/00149_id01168_Uz7M0nTbgWM_id04221_wavtolip.npz,-6.348047256469727,-6.348047256469727,4.780970573425293,1
FakeVideo-FakeAudio/Caucasian (American)/men/id03757/00149_id01172_8f8sdrQatpw_id01105_wavtolip.npz,-1.958324909210205,-1.958324909210205,4.660609245300293,1
FakeVideo-FakeAudio/Caucasian (American)/men/id03757/00149_id01201_Q8XWfmNiWYA_id03525_wavtolip.npz,-4.370532989501953,-4.370532989501953,4.835727214813232,1
FakeVideo-FakeAudio/Caucasian (American)/men/id03757/00149_id03757_wavtolip.npz,4.558495998382568,4.558495998382568,4.672381401062012,1
FakeVideo-FakeAudio/Caucasian (American)/men/id03757/00149_id04034_8ZeJXbjFa_o_id01042_wavtolip.npz,4.649936676025391,4.649936676025391,4.456797122955322,1
FakeVideo-FakeAudio/Caucasian (American)/men/id03757/00149_id04216_wavtolip.npz,4.6043701171875,4.6043701171875,4.621805667877197,1
FakeVideo-FakeAudio/Caucasian (American)/men/id00169/00021_id00018_sap-FjURHlc_id00088_wavtolip.npz,-1.198955774307251,-1.198955774307251,4.692706108093262,1
FakeVideo-FakeAudio/Caucasian (American)/men/id00169/00021_id00020_wavtolip.npz,-6.2112274169921875,-6.2112274169921875,4.838043689727783,1
FakeVideo-FakeAudio/Caucasian (American)/men/id00169/00021_id00049_wavtolip.npz,-6.136226177215576,-6.136226177215576,4.806662559509277,1
FakeVideo-FakeAudio/Caucasian (American)/men/id00169/00021_id00052_wavtolip.npz,-4.894057273864746,-4.894057273864746,4.853905200958252,1
FakeVideo-FakeAudio/Caucasian (American)/men/id00169/00021_id00179_Ux9OYyipQi8_faceswap_id00169_wavtolip.npz,-1.5321341753005981,-1.5321341753005981,4.724813461303711,1
FakeVideo-FakeAudio/Caucasian (American)/men/id00169/00021_id00179_Ux9OYyipQi8_faceswap_id00529_wavtolip.npz,-1.4588384628295898,-1.4588384628295898,4.780481815338135,1
FakeVideo-FakeAudio/Caucasian (American)/men/id00169/00021_id00179_Ux9OYyipQi8_faceswap_id00943_wavtolip.npz,-6.057427883148193,-6.057427883148193,4.819933891296387,1
FakeVideo-FakeAudio/Caucasian (American)/men/id00169/00021_id00179_Ux9OYyipQi8_faceswap_id03668_wavtolip.npz,-6.105290412902832,-6.105290412902832,4.898676872253418,1
FakeVideo-FakeAudio/Caucasian (American)/men/id00169/00021_id00179_Ux9OYyipQi8_faceswap_id03757_wavtolip.npz,-0.8498557806015015,-0.8498557806015015,4.716703414916992,1
FakeVideo-FakeAudio/Caucasian (American)/men/id00169/00021_id00179_Ux9OYyipQi8_id03678_wavtolip.npz,1.7483562231063843,1.7483562231063843,4.636534214019775,1
FakeVideo-FakeAudio/Caucasian (American)/men/id00169/00021_id00243_wavtolip.npz,-5.978628158569336,-5.978628158569336,4.779663562774658,1
FakeVideo-FakeAudio/Caucasian (American)/men/id00169/00021_id00529_wavtolip.npz,-1.9510962963104248,-1.9510962963104248,4.799452304840088,1
FakeVideo-FakeAudio/Caucasian (American)/men/id00169/00021_id00696_7PrURACjhqU_id00021_wavtolip.npz,0.35314011573791504,0.35314011573791504,4.696171760559082,1
FakeVideo-FakeAudio/Caucasian (American)/men/id00169/00021_id00943_wavtolip.npz,-6.149837493896484,-6.149837493896484,4.858126640319824,1
FakeVideo-FakeAudio/Caucasian (American)/men/id00169/00021_id00945_wavtolip.npz,-1.979943871498108,-1.979943871498108,4.783824920654297,1
FakeVideo-FakeAudio/Caucasian (American)/men/id00169/00021_id01042_wavtolip.npz,4.700018882751465,4.700018882751465,4.490899562835693,1
FakeVideo-FakeAudio/Caucasian (American)/men/id00169/00021_id01048_keflA4viWt8_id00529_wavtolip.npz,-1.7247843742370605,-1.7247843742370605,4.844259262084961,1
FakeVideo-FakeAudio/Caucasian (American)/men/id00169/00021_id01096_wavtolip.npz,-5.323110103607178,-5.323110103607178,4.935644626617432,1
FakeVideo-FakeAudio/Caucasian (American)/men/id00169/00021_id01163_QSMeUEH3lJM_id00243_wavtolip.npz,-5.982941627502441,-5.982941627502441,4.858788013458252,1
FakeVideo-FakeAudio/Caucasian (American)/men/id00169/00021_id01182_wavtolip.npz,0.49968859553337097,0.49968859553337097,4.879358768463135,1
FakeVideo-FakeAudio/Caucasian (American)/men/id00169/00021_id01192_kAht8HG7-1s_id04073_wavtolip.npz,-3.1905956268310547,-3.1905956268310547,4.935113430023193,1
FakeVideo-FakeAudio/Caucasian (American)/men/id00169/00021_id01201_Q8XWfmNiWYA_id04219_wavtolip.npz,-5.700137138366699,-5.700137138366699,4.762419700622559,1
FakeVideo-FakeAudio/Caucasian (American)/men/id00169/00021_id03668_mjurT3_7DpE_id00088_wavtolip.npz,-2.1872177124023438,-2.1872177124023438,4.6821722984313965,1
FakeVideo-FakeAudio/Caucasian (American)/men/id00169/00021_id03678_dsfCxodI9i8_id03678_wavtolip.npz,2.2695119380950928,2.2695119380950928,4.628084182739258,1
FakeVideo-FakeAudio/Caucasian (American)/men/id00169/00021_id04216_uDwxIsHkBIM_id03668_wavtolip.npz,-6.179080009460449,-6.179080009460449,4.970175743103027,1
FakeVideo-FakeAudio/Caucasian (American)/men/id00184/00241_id00018_sap-FjURHlc_id00945_wavtolip.npz,-1.62788987159729,-1.62788987159729,4.8165059089660645,1
FakeVideo-FakeAudio/Caucasian (American)/men/id00184/00241_id00020_wavtolip.npz,-6.042376518249512,-6.042376518249512,5.056281566619873,1
FakeVideo-FakeAudio/Caucasian (American)/men/id00184/00241_id00021_wavtolip.npz,-1.2591538429260254,-1.2591538429260254,4.767673015594482,1
FakeVideo-FakeAudio/Caucasian (American)/men/id00184/00241_id00060_wavtolip.npz,-1.4285876750946045,-1.4285876750946045,4.725249290466309,1
FakeVideo-FakeAudio/Caucasian (American)/men/id00184/00241_id00062_bctnrIvZHTs_id01168_wavtolip.npz,4.335846900939941,4.335846900939941,4.625326633453369,1
FakeVideo-FakeAudio/Caucasian (American)/men/id00184/00241_id00087_0ZbOp9FgZf8_faceswap_id00088_wavtolip.npz,-1.239829659461975,-1.239829659461975,4.633678913116455,1
FakeVideo-FakeAudio/Caucasian (American)/men/id00184/00241_id00087_0ZbOp9FgZf8_faceswap_id00184_wavtolip.npz,-3.0424399375915527,-3.0424399375915527,4.947201251983643,1
FakeVideo-FakeAudio/Caucasian (American)/men/id00184/00241_id00087_0ZbOp9FgZf8_faceswap_id00264_wavtolip.npz,3.4841487407684326,3.4841487407684326,4.750218868255615,1
FakeVideo-FakeAudio/Caucasian (American)/men/id00184/00241_id00087_0ZbOp9FgZf8_faceswap_id00777_wavtolip.npz,-4.999053001403809,-4.999053001403809,4.998411655426025,1
FakeVideo-FakeAudio/Caucasian (American)/men/id00184/00241_id00087_0ZbOp9FgZf8_faceswap_id01035_wavtolip.npz,-3.784032106399536,-3.784032106399536,4.741572380065918,1
FakeVideo-FakeAudio/Caucasian (American)/men/id00184/00241_id00087_0ZbOp9FgZf8_id00020_wavtolip.npz,-6.046653747558594,-6.046653747558594,5.046271800994873,1
FakeVideo-FakeAudio/Caucasian (American)/men/id00184/00241_id00184_wavtolip.npz,-2.618119716644287,-2.618119716644287,4.920894145965576,1
FakeVideo-FakeAudio/Caucasian (American)/men/id00184/00241_id00243_wavtolip.npz,-1.507964015007019,-1.507964015007019,4.930870532989502,1
FakeVideo-FakeAudio/Caucasian (American)/men/id00184/00241_id00708_wavtolip.npz,-3.197965621948242,-3.197965621948242,4.6047844886779785,1
FakeVideo-FakeAudio/Caucasian (American)/men/id00184/00241_id01042_afqWPqWwJIY_id01201_wavtolip.npz,-2.66066837310791,-2.66066837310791,5.020236015319824,1
FakeVideo-FakeAudio/Caucasian (American)/men/id00184/00241_id01048_keflA4viWt8_id00169_wavtolip.npz,-2.0991485118865967,-2.0991485118865967,4.887160301208496,1
FakeVideo-FakeAudio/Caucasian (American)/men/id00184/00241_id01105_wavtolip.npz,4.3463664054870605,4.3463664054870605,4.931161880493164,1
FakeVideo-FakeAudio/Caucasian (American)/men/id00184/00241_id01201_Q8XWfmNiWYA_id01044_wavtolip.npz,0.984426736831665,0.984426736831665,4.962887763977051,1
FakeVideo-FakeAudio/Caucasian (American)/men/id00184/00241_id01201_wavtolip.npz,-4.920826435089111,-4.920826435089111,5.0011677742004395,1
FakeVideo-FakeAudio/Caucasian (American)/men/id00184/00241_id01239_wavtolip.npz,-2.7527525424957275,-2.7527525424957275,5.101800918579102,1
FakeVideo-FakeAudio/Caucasian (American)/men/id00184/00241_id03757_L-M-XbdFLQM_id00264_wavtolip.npz,3.591066837310791,3.591066837310791,4.726071357727051,1
FakeVideo-FakeAudio/Caucasian (American)/men/id00184/00241_id04034_wavtolip.npz,-5.906002998352051,-5.906002998352051,5.0321431159973145,1
FakeVideo-FakeAudio/Caucasian (American)/men/id00184/00241_id04216_uDwxIsHkBIM_id00264_wavtolip.npz,3.60788631439209,3.60788631439209,4.710014343261719,1
FakeVideo-FakeAudio/Caucasian (American)/men/id00184/00241_id04219_9llHvP-jYDg_id01172_wavtolip.npz,-0.8906735181808472,-0.8906735181808472,4.588117599487305,1
FakeVideo-FakeAudio/Caucasian (American)/men/id00184/00241_id04221_5XfsCrxGvj4_id01168_wavtolip.npz,4.412583351135254,4.412583351135254,4.549439430236816,1
FakeVideo-FakeAudio/Caucasian (American)/men/id00021/00010_id00018_sap-FjURHlc_id01182_wavtolip.npz,-1.739813208580017,-1.739813208580017,4.946476459503174,1
FakeVideo-FakeAudio/Caucasian (American)/men/id00021/00010_id00021_wavtolip.npz,-1.2574509382247925,-1.2574509382247925,4.6647820472717285,1
FakeVideo-FakeAudio/Caucasian (American)/men/id00021/00010_id00052_NK_leX996Yk_id00708_wavtolip.npz,-3.5796780586242676,-3.5796780586242676,4.537763595581055,1
FakeVideo-FakeAudio/Caucasian (American)/men/id00021/00010_id00062_wavtolip.npz,-6.131414413452148,-6.131414413452148,4.870518207550049,1
FakeVideo-FakeAudio/Caucasian (American)/men/id00021/00010_id00088_6WIDWxr8vuU_faceswap_id00062_wavtolip.npz,-5.7414350509643555,-5.7414350509643555,4.762898921966553,1
FakeVideo-FakeAudio/Caucasian (American)/men/id00021/00010_id00088_6WIDWxr8vuU_faceswap_id00088_wavtolip.npz,-1.2959725856781006,-1.2959725856781006,4.769020080566406,1
FakeVideo-FakeAudio/Caucasian (American)/men/id00021/00010_id00088_6WIDWxr8vuU_faceswap_id00775_wavtolip.npz,4.581095218658447,4.581095218658447,4.140103340148926,1
FakeVideo-FakeAudio/Caucasian (American)/men/id00021/00010_id00088_6WIDWxr8vuU_faceswap_id01182_wavtolip.npz,-4.513891696929932,-4.513891696929932,4.8615312576293945,1
FakeVideo-FakeAudio/Caucasian (American)/men/id00021/00010_id00088_6WIDWxr8vuU_faceswap_id04216_wavtolip.npz,4.428738117218018,4.428738117218018,4.756155490875244,1
FakeVideo-FakeAudio/Caucasian (American)/men/id00021/00010_id00088_6WIDWxr8vuU_id00529_wavtolip.npz,-1.9540430307388306,-1.9540430307388306,4.964871883392334,1
FakeVideo-FakeAudio/Caucasian (American)/men/id00021/00010_id00179_Ux9OYyipQi8_id01044_wavtolip.npz,-1.5550074577331543,-1.5550074577331543,4.8426103591918945,1
FakeVideo-FakeAudio/Caucasian (American)/men/id00021/00010_id00696_wavtolip.npz,0.9587355852127075,0.9587355852127075,4.813104629516602,1
FakeVideo-FakeAudio/Caucasian (American)/men/id00021/00010_id00775_wavtolip.npz,4.547352313995361,4.547352313995361,4.143306255340576,1
FakeVideo-FakeAudio/Caucasian (American)/men/id00021/00010_id00943_LxSv2rnBGA8_id01175_wavtolip.npz,-0.801232099533081,-0.801232099533081,4.591447830200195,1
FakeVideo-FakeAudio/Caucasian (American)/men/id00021/00010_id01035_6EWG3Ywu3jg_id04221_wavtolip.npz,-6.248819828033447,-6.248819828033447,4.974671840667725,1
FakeVideo-FakeAudio/Caucasian (American)/men/id00021/00010_id01035_wavtolip.npz,-1.4453582763671875,-1.4453582763671875,4.719931602478027,1
FakeVideo-FakeAudio/Caucasian (American)/men/id00021/00010_id01048_wavtolip.npz,4.569495677947998,4.569495677947998,4.294920444488525,1
FakeVideo-FakeAudio/Caucasian (American)/men/id00021/00010_id01105_wavtolip.npz,-3.7350404262542725,-3.7350404262542725,4.7781805992126465,1
FakeVideo-FakeAudio/Caucasian (American)/men/id00021/00010_id01124_wavtolip.npz,-1.2552566528320312,-1.2552566528320312,4.852924346923828,1
FakeVideo-FakeAudio/Caucasian (American)/men/id00021/00010_id01175_Q_36xlWL6_o_id04073_wavtolip.npz,-0.717915415763855,-0.717915415763855,4.832941055297852,1
FakeVideo-FakeAudio/Caucasian (American)/men/id00021/00010_id01182_wavtolip.npz,-4.052002429962158,-4.052002429962158,4.9280009269714355,1
FakeVideo-FakeAudio/Caucasian (American)/men/id00021/00010_id01192_kAht8HG7-1s_id04221_wavtolip.npz,-6.247459888458252,-6.247459888458252,4.981575965881348,1
FakeVideo-FakeAudio/Caucasian (American)/men/id00021/00010_id04073_KT7B07WFWyM_id00529_wavtolip.npz,-1.818811297416687,-1.818811297416687,4.975677490234375,1
FakeVideo-FakeAudio/Caucasian (American)/men/id00021/00010_id04216_uDwxIsHkBIM_id00775_wavtolip.npz,4.562591075897217,4.562591075897217,4.145429611206055,1
FakeVideo-FakeAudio/Caucasian (American)/men/id00021/00010_id04219_wavtolip.npz,-5.0817670822143555,-5.0817670822143555,4.762154579162598,1
FakeVideo-FakeAudio/Caucasian (American)/men/id01163/00195_id00018_sap-FjURHlc_faceswap_id00087_wavtolip.npz,-2.3252596855163574,-2.3252596855163574,4.741544246673584,1
FakeVideo-FakeAudio/Caucasian (American)/men/id01163/00195_id00018_sap-FjURHlc_faceswap_id01096_wavtolip.npz,-4.579293727874756,-4.579293727874756,4.88162088394165,1
FakeVideo-FakeAudio/Caucasian (American)/men/id01163/00195_id00018_sap-FjURHlc_faceswap_id03678_wavtolip.npz,2.8104190826416016,2.8104190826416016,4.490838050842285,1
FakeVideo-FakeAudio/Caucasian (American)/men/id01163/00195_id00018_sap-FjURHlc_faceswap_id04073_wavtolip.npz,-0.5097694396972656,-0.5097694396972656,4.825396537780762,1
FakeVideo-FakeAudio/Caucasian (American)/men/id01163/00195_id00018_sap-FjURHlc_faceswap_id04219_wavtolip.npz,-4.407307147979736,-4.407307147979736,4.673502445220947,1
FakeVideo-FakeAudio/Caucasian (American)/men/id01163/00195_id00018_sap-FjURHlc_id00179_wavtolip.npz,-2.8415136337280273,-2.8415136337280273,4.55640172958374,1
FakeVideo-FakeAudio/Caucasian (American)/men/id01163/00195_id00021_wavtolip.npz,-0.13427335023880005,-0.13427335023880005,4.65189790725708,1
FakeVideo-FakeAudio/Caucasian (American)/men/id01163/00195_id00060_gZ4RkcQ0SXE_id01211_wavtolip.npz,-4.422469615936279,-4.422469615936279,4.892075061798096,1
FakeVideo-FakeAudio/Caucasian (American)/men/id01163/00195_id00062_bctnrIvZHTs_id00943_wavtolip.npz,-6.109395980834961,-6.109395980834961,4.8707380294799805,1
FakeVideo-FakeAudio/Caucasian (American)/men/id01163/00195_id00062_wavtolip.npz,-5.368073463439941,-5.368073463439941,4.774318218231201,1
FakeVideo-FakeAudio/Caucasian (American)/men/id01163/00195_id00088_6WIDWxr8vuU_id01211_wavtolip.npz,-6.159998893737793,-6.159998893737793,5.020288467407227,1
FakeVideo-FakeAudio/Caucasian (American)/men/id01163/00195_id00179_Ux9OYyipQi8_id01042_wavtolip.npz,4.783690452575684,4.783690452575684,4.40914249420166,1
FakeVideo-FakeAudio/Caucasian (American)/men/id01163/00195_id00529_xtx2GeQN-DQ_id00169_wavtolip.npz,-1.2046034336090088,-1.2046034336090088,4.804531574249268,1
FakeVideo-FakeAudio/Caucasian (American)/men/id01163/00195_id00696_wavtolip.npz,1.19155752658844,1.19155752658844,4.7921342849731445,1
FakeVideo-FakeAudio/Caucasian (American)/men/id01163/00195_id00775_wavtolip.npz,4.62944221496582,4.62944221496582,4.2427167892456055,1
FakeVideo-FakeAudio/Caucasian (American)/men/id01163/00195_id00945_wavtolip.npz,-1.6687829494476318,-1.6687829494476318,4.720937728881836,1
FakeVideo-FakeAudio/Caucasian (American)/men/id01163/00195_id01105_wavtolip.npz,-2.7336578369140625,-2.7336578369140625,4.8928632736206055,1
FakeVideo-FakeAudio/Caucasian (American)/men/id01163/00195_id01124_Lnf2oGSM00s_id00243_wavtolip.npz,-4.935049533843994,-4.935049533843994,4.740723609924316,1
FakeVideo-FakeAudio/Caucasian (American)/men/id01163/00195_id01172_wavtolip.npz,-0.91754150390625,-0.91754150390625,4.525198936462402,1
FakeVideo-FakeAudio/Caucasian (American)/men/id01163/00195_id01192_kAht8HG7-1s_id04073_wavtolip.npz,-1.2665157318115234,-1.2665157318115234,4.8277812004089355,1
FakeVideo-FakeAudio/Caucasian (American)/men/id01163/00195_id04073_wavtolip.npz,1.8166999816894531,1.8166999816894531,4.690677642822266,1
FakeVideo-FakeAudio/Caucasian (American)/men/id01163/00195_id04216_uDwxIsHkBIM_id00529_wavtolip.npz,-2.3860771656036377,-2.3860771656036377,4.886378765106201,1
FakeVideo-FakeAudio/Caucasian (American)/men/id01163/00195_id04219_wavtolip.npz,-3.90251088142395,-3.90251088142395,4.708420753479004,1
FakeVideo-FakeAudio/Caucasian (American)/men/id01163/00195_id04221_wavtolip.npz,-6.210122585296631,-6.210122585296631,4.904566764831543,1
FakeVideo-FakeAudio/Caucasian (American)/men/id00088/00005_id00018_sap-FjURHlc_id00529_wavtolip.npz,-1.7630726099014282,-1.7630726099014282,4.896798133850098,1
FakeVideo-FakeAudio/Caucasian (American)/men/id00088/00005_id00020_wavtolip.npz,-6.2065887451171875,-6.2065887451171875,4.918863773345947,1
FakeVideo-FakeAudio/Caucasian (American)/men/id00088/00005_id00021_6uNNej-JZ-c_faceswap_id00020_wavtolip.npz,-6.21198844909668,-6.21198844909668,4.848049163818359,1
FakeVideo-FakeAudio/Caucasian (American)/men/id00088/00005_id00021_6uNNej-JZ-c_faceswap_id00029_wavtolip.npz,-3.090358257293701,-3.090358257293701,4.8732590675354,1
FakeVideo-FakeAudio/Caucasian (American)/men/id00088/00005_id00021_6uNNej-JZ-c_faceswap_id00060_wavtolip.npz,-1.4166672229766846,-1.4166672229766846,4.747199058532715,1
FakeVideo-FakeAudio/Caucasian (American)/men/id00088/00005_id00021_6uNNej-JZ-c_faceswap_id00179_wavtolip.npz,-0.8899409174919128,-0.8899409174919128,4.533418655395508,1
FakeVideo-FakeAudio/Caucasian (American)/men/id00088/00005_id00021_6uNNej-JZ-c_faceswap_id04219_wavtolip.npz,-5.69461727142334,-5.69461727142334,4.755549430847168,1
FakeVideo-FakeAudio/Caucasian (American)/men/id00088/00005_id00021_6uNNej-JZ-c_id00345_wavtolip.npz,4.74022102355957,4.74022102355957,4.477696418762207,1
FakeVideo-FakeAudio/Caucasian (American)/men/id00088/00005_id00029_wavtolip.npz,-2.717559337615967,-2.717559337615967,4.753548622131348,1
FakeVideo-FakeAudio/Caucasian (American)/men/id00088/00005_id00049_S_EHTUF-mQY_id00049_wavtolip.npz,-4.465599536895752,-4.465599536895752,4.932424068450928,1
FakeVideo-FakeAudio/Caucasian (American)/men/id00088/00005_id00052_wavtolip.npz,-3.8370895385742188,-3.8370895385742188,4.778589248657227,1
FakeVideo-FakeAudio/Caucasian (American)/men/id00088/00005_id00060_gZ4RkcQ0SXE_id00029_wavtolip.npz,-3.466618537902832,-3.466618537902832,4.866062641143799,1
FakeVideo-FakeAudio/Caucasian (American)/men/id00088/00005_id00060_wavtolip.npz,-2.0382046699523926,-2.0382046699523926,4.735972881317139,1
FakeVideo-FakeAudio/Caucasian (American)/men/id00088/00005_id00062_wavtolip.npz,-5.941628456115723,-5.941628456115723,4.825190544128418,1
FakeVideo-FakeAudio/Caucasian (American)/men/id00088/00005_id00243_oWwEIXM3oZQ_id00049_wavtolip.npz,-4.996110439300537,-4.996110439300537,4.858280658721924,1
FakeVideo-FakeAudio/Caucasian (American)/men/id00088/00005_id00264_wavtolip.npz,3.8011765480041504,3.8011765480041504,4.785867214202881,1
FakeVideo-FakeAudio/Caucasian (American)/men/id00088/00005_id00345_wavtolip.npz,4.71599817276001,4.71599817276001,4.522564888000488,1
FakeVideo-FakeAudio/Caucasian (American)/men/id00088/00005_id01042_wavtolip.npz,4.706857204437256,4.706857204437256,4.473725318908691,1
FakeVideo-FakeAudio/Caucasian (American)/men/id00088/00005_id01096_wavtolip.npz,-4.5258049964904785,-4.5258049964904785,4.974885940551758,1
FakeVideo-FakeAudio/Caucasian (American)/men/id00088/00005_id01124_Lnf2oGSM00s_id00169_wavtolip.npz,-1.3041731119155884,-1.3041731119155884,4.6451849937438965,1
FakeVideo-FakeAudio/Caucasian (American)/men/id00088/00005_id01124_wavtolip.npz,-1.534859538078308,-1.534859538078308,4.890661239624023,1
FakeVideo-FakeAudio/Caucasian (American)/men/id00088/00005_id01163_QSMeUEH3lJM_id00087_wavtolip.npz,-2.978261709213257,-2.978261709213257,4.909573078155518,1
FakeVideo-FakeAudio/Caucasian (American)/men/id00088/00005_id01182_zca-PHR_U40_id00018_wavtolip.npz,-6.305825233459473,-6.305825233459473,4.73964262008667,1
FakeVideo-FakeAudio/Caucasian (American)/men/id00088/00005_id01201_Q8XWfmNiWYA_id01239_wavtolip.npz,-4.374875545501709,-4.374875545501709,4.885464191436768,1
FakeVideo-FakeAudio/Caucasian (American)/men/id00264/00257_0_id00018_wavtolip.npz,-6.297130584716797,-6.297130584716797,4.658987998962402,1
FakeVideo-FakeAudio/Caucasian (American)/men/id00264/00257_0_id00943_wavtolip.npz,-6.037533283233643,-6.037533283233643,4.74439811706543,1
FakeVideo-FakeAudio/Caucasian (American)/men/id00264/00257_0_id01096_wavtolip.npz,-4.233302593231201,-4.233302593231201,4.750807762145996,1
FakeVideo-FakeAudio/Caucasian (American)/men/id00264/00257_0_id01182_wavtolip.npz,-3.3364200592041016,-3.3364200592041016,4.701014518737793,1
FakeVideo-FakeAudio/Caucasian (American)/men/id00264/00257_0_id03678_wavtolip.npz,3.78852915763855,3.78852915763855,4.639502048492432,1
FakeVideo-FakeAudio/Caucasian (American)/men/id00264/00257_1_id00169_wavtolip.npz,-6.3419318199157715,-6.3419318199157715,4.562943935394287,1
FakeVideo-FakeAudio/Caucasian (American)/men/id00264/00257_1_id00243_wavtolip.npz,-4.462989807128906,-4.462989807128906,4.6575798988342285,1
FakeVideo-FakeAudio/Caucasian (American)/men/id00264/00257_1_id00943_wavtolip.npz,-3.870851993560791,-3.870851993560791,4.644852638244629,1
FakeVideo-FakeAudio/Caucasian (American)/men/id00264/00257_1_id01048_wavtolip.npz,4.635380268096924,4.635380268096924,4.227571487426758,1
FakeVideo-FakeAudio/Caucasian (American)/men/id00264/00257_1_id01163_wavtolip.npz,-2.5120275020599365,-2.5120275020599365,4.690635681152344,1
FakeVideo-FakeAudio/Caucasian (American)/men/id00264/00257_2_id00021_wavtolip.npz,-0.7773800492286682,-0.7773800492286682,4.694862365722656,1
FakeVideo-FakeAudio/Caucasian (American)/men/id00264/00257_2_id01124_wavtolip.npz,2.848984479904175,2.848984479904175,5.583950519561768,1
FakeVideo-FakeAudio/Caucasian (American)/men/id00264/00257_2_id01172_wavtolip.npz,-0.8670639991760254,-0.8670639991760254,4.474824905395508,1
FakeVideo-FakeAudio/Caucasian (American)/men/id00264/00257_2_id01210_wavtolip.npz,4.432526111602783,4.432526111602783,4.349221706390381,1
FakeVideo-FakeAudio/Caucasian (American)/men/id00264/00257_2_id04221_wavtolip.npz,-2.263789415359497,-2.263789415359497,5.188902854919434,1
FakeVideo-FakeAudio/Caucasian (American)/men/id00264/00257_3_id00021_wavtolip.npz,-0.6656366586685181,-0.6656366586685181,4.663862228393555,1
FakeVideo-FakeAudio/Caucasian (American)/men/id00264/00257_3_id00060_wavtolip.npz,-2.3614418506622314,-2.3614418506622314,4.721318244934082,1
FakeVideo-FakeAudio/Caucasian (American)/men/id00264/00257_3_id00062_wavtolip.npz,-4.7620849609375,-4.7620849609375,5.305184364318848,1
FakeVideo-FakeAudio/Caucasian (American)/men/id00264/00257_3_id00777_wavtolip.npz,-4.25618839263916,-4.25618839263916,5.473830699920654,1
FakeVideo-FakeAudio/Caucasian (American)/men/id00264/00257_3_id03678_wavtolip.npz,2.8961212635040283,2.8961212635040283,4.4992852210998535,1
FakeVideo-FakeAudio/Caucasian (American)/men/id00264/00257_id00018_sap-FjURHlc_id00169_wavtolip.npz,-1.0446208715438843,-1.0446208715438843,4.782922267913818,1
FakeVideo-FakeAudio/Caucasian (American)/men/id00264/00257_id00018_wavtolip.npz,-5.179446220397949,-5.179446220397949,4.604925155639648,1
FakeVideo-FakeAudio/Caucasian (American)/men/id00264/00257_id00021_wavtolip.npz,-0.08600437641143799,-0.08600437641143799,4.635743141174316,1
FakeVideo-FakeAudio/Caucasian (American)/men/id00264/00257_id00049_S_EHTUF-mQY_id00179_wavtolip.npz,-4.422866344451904,-4.422866344451904,4.422558784484863,1
FakeVideo-FakeAudio/Caucasian (American)/men/id00264/00257_id00052_NK_leX996Yk_id01210_wavtolip.npz,4.500522613525391,4.500522613525391,4.369800090789795,1
FakeVideo-FakeAudio/Caucasian (American)/men/id00264/00257_id00052_wavtolip.npz,-4.410464286804199,-4.410464286804199,4.829692840576172,1
FakeVideo-FakeAudio/Caucasian (American)/men/id00264/00257_id00169_wavtolip.npz,-1.1345348358154297,-1.1345348358154297,4.693165302276611,1
FakeVideo-FakeAudio/Caucasian (American)/men/id00264/00257_id00184_wavtolip.npz,-3.4491477012634277,-3.4491477012634277,4.6484880447387695,1
FakeVideo-FakeAudio/Caucasian (American)/men/id00264/00257_id00243_wavtolip.npz,-5.464914321899414,-5.464914321899414,4.779573440551758,1
FakeVideo-FakeAudio/Caucasian (American)/men/id00264/00257_id00345_wavtolip.npz,4.7905988693237305,4.7905988693237305,4.450002670288086,1
FakeVideo-FakeAudio/Caucasian (American)/men/id00264/00257_id00529_xtx2GeQN-DQ_id01124_wavtolip.npz,-1.500374674797058,-1.500374674797058,4.780830383300781,1
FakeVideo-FakeAudio/Caucasian (American)/men/id00264/00257_id00696_7PrURACjhqU_id01210_wavtolip.npz,4.492814540863037,4.492814540863037,4.389493942260742,1
FakeVideo-FakeAudio/Caucasian (American)/men/id00264/00257_id00945_V-rSeF8o5pc_id01210_wavtolip.npz,4.410542964935303,4.410542964935303,4.378983497619629,1
FakeVideo-FakeAudio/Caucasian (American)/men/id00264/00257_id00945_wavtolip.npz,-1.3964406251907349,-1.3964406251907349,4.751032829284668,1
FakeVideo-FakeAudio/Caucasian (American)/men/id00264/00257_id00971_wavtolip.npz,-6.046386241912842,-6.046386241912842,4.931640148162842,1
FakeVideo-FakeAudio/Caucasian (American)/men/id00264/00257_id01182_zca-PHR_U40_id04034_wavtolip.npz,-6.203975677490234,-6.203975677490234,4.905808925628662,1
FakeVideo-FakeAudio/Caucasian (American)/men/id00264/00257_id01201_Q8XWfmNiWYA_id00020_wavtolip.npz,-6.241548538208008,-6.241548538208008,4.882499694824219,1
FakeVideo-FakeAudio/Caucasian (American)/men/id00264/00257_id03678_wavtolip.npz,4.041922569274902,4.041922569274902,4.591542720794678,1
FakeVideo-FakeAudio/Caucasian (American)/men/id00264/00257_id03757_L-M-XbdFLQM_id00943_wavtolip.npz,-5.942459583282471,-5.942459583282471,4.75390100479126,1
FakeVideo-FakeAudio/Caucasian (American)/men/id00264/00257_id04073_KT7B07WFWyM_id00062_wavtolip.npz,-6.177702903747559,-6.177702903747559,4.81312894821167,1
FakeVideo-FakeAudio/Caucasian (American)/men/id00529/00409_id00018_sap-FjURHlc_id01124_wavtolip.npz,-1.4746779203414917,-1.4746779203414917,4.9528326988220215,1
FakeVideo-FakeAudio/Caucasian (American)/men/id00529/00409_id00020_wavtolip.npz,-6.136233806610107,-6.136233806610107,4.946066379547119,1
FakeVideo-FakeAudio/Caucasian (American)/men/id00529/00409_id00029_wavtolip.npz,-4.936369895935059,-4.936369895935059,4.930176734924316,1
FakeVideo-FakeAudio/Caucasian (American)/men/id00529/00409_id00049_S_EHTUF-mQY_id00943_wavtolip.npz,-5.703883171081543,-5.703883171081543,4.9215312004089355,1
FakeVideo-FakeAudio/Caucasian (American)/men/id00529/00409_id00060_gZ4RkcQ0SXE_id01105_wavtolip.npz,4.465097427368164,4.465097427368164,4.9296674728393555,1
FakeVideo-FakeAudio/Caucasian (American)/men/id00529/00409_id00060_wavtolip.npz,-1.2897601127624512,-1.2897601127624512,4.684986114501953,1
FakeVideo-FakeAudio/Caucasian (American)/men/id00529/00409_id00169_wavtolip.npz,-1.2543922662734985,-1.2543922662734985,4.766122817993164,1
FakeVideo-FakeAudio/Caucasian (American)/men/id00529/00409_id00184_wavtolip.npz,-2.2181758880615234,-2.2181758880615234,4.871306896209717,1
FakeVideo-FakeAudio/Caucasian (American)/men/id00529/00409_id00243_oWwEIXM3oZQ_id01239_wavtolip.npz,-3.9744625091552734,-3.9744625091552734,5.022003650665283,1
FakeVideo-FakeAudio/Caucasian (American)/men/id00529/00409_id00243_wavtolip.npz,-1.6683005094528198,-1.6683005094528198,4.844498634338379,1
FakeVideo-FakeAudio/Caucasian (American)/men/id00529/00409_id00777_wavtolip.npz,-6.1053667068481445,-6.1053667068481445,5.010322093963623,1
FakeVideo-FakeAudio/Caucasian (American)/men/id00529/00409_id01105_wavtolip.npz,4.545088768005371,4.545088768005371,4.851472854614258,1
FakeVideo-FakeAudio/Caucasian (American)/men/id00529/00409_id01163_QSMeUEH3lJM_id00777_wavtolip.npz,-6.1087646484375,-6.1087646484375,5.045071601867676,1
FakeVideo-FakeAudio/Caucasian (American)/men/id00529/00409_id01168_Uz7M0nTbgWM_id00088_wavtolip.npz,-2.6960952281951904,-2.6960952281951904,4.736156463623047,1
FakeVideo-FakeAudio/Caucasian (American)/men/id00529/00409_id01172_8f8sdrQatpw_id01042_wavtolip.npz,4.564618110656738,4.564618110656738,4.566673278808594,1
FakeVideo-FakeAudio/Caucasian (American)/men/id00529/00409_id01182_wavtolip.npz,-3.1431267261505127,-3.1431267261505127,4.960248947143555,1
FakeVideo-FakeAudio/Caucasian (American)/men/id00529/00409_id01239_wavtolip.npz,-4.599194049835205,-4.599194049835205,4.899077892303467,1
FakeVideo-FakeAudio/Caucasian (American)/men/id00529/00409_id03668_mjurT3_7DpE_id01172_wavtolip.npz,-2.741081714630127,-2.741081714630127,4.607188701629639,1
FakeVideo-FakeAudio/Caucasian (American)/men/id00529/00409_id03678_dsfCxodI9i8_faceswap_id00021_wavtolip.npz,-0.5409973859786987,-0.5409973859786987,4.735772132873535,1
FakeVideo-FakeAudio/Caucasian (American)/men/id00529/00409_id03678_dsfCxodI9i8_faceswap_id00243_wavtolip.npz,-1.677199125289917,-1.677199125289917,4.759479999542236,1
FakeVideo-FakeAudio/Caucasian (American)/men/id00529/00409_id03678_dsfCxodI9i8_faceswap_id01042_wavtolip.npz,4.7155256271362305,4.7155256271362305,4.490855693817139,1
FakeVideo-FakeAudio/Caucasian (American)/men/id00529/00409_id03678_dsfCxodI9i8_faceswap_id01201_wavtolip.npz,-1.5571110248565674,-1.5571110248565674,4.909361839294434,1
FakeVideo-FakeAudio/Caucasian (American)/men/id00529/00409_id03678_dsfCxodI9i8_faceswap_id04034_wavtolip.npz,-1.5334858894348145,-1.5334858894348145,4.910823822021484,1
FakeVideo-FakeAudio/Caucasian (American)/men/id00529/00409_id03678_dsfCxodI9i8_id00708_wavtolip.npz,-2.734834909439087,-2.734834909439087,4.65382719039917,1
FakeVideo-FakeAudio/Caucasian (American)/men/id00529/00409_id04034_8ZeJXbjFa_o_id01175_wavtolip.npz,-0.8445165157318115,-0.8445165157318115,4.585002899169922,1
FakeVideo-FakeAudio/Caucasian (American)/men/id00943/00304_id00021_6uNNej-JZ-c_faceswap_id00018_wavtolip.npz,-6.3038225173950195,-6.3038225173950195,4.810443878173828,1
FakeVideo-FakeAudio/Caucasian (American)/men/id00943/00304_id00021_6uNNej-JZ-c_faceswap_id00029_wavtolip.npz,-2.456120252609253,-2.456120252609253,5.340602874755859,1
FakeVideo-FakeAudio/Caucasian (American)/men/id00943/00304_id00021_6uNNej-JZ-c_faceswap_id00087_wavtolip.npz,-0.7270016670227051,-0.7270016670227051,4.907688617706299,1
FakeVideo-FakeAudio/Caucasian (American)/men/id00943/00304_id00021_6uNNej-JZ-c_faceswap_id00179_wavtolip.npz,-1.2291290760040283,-1.2291290760040283,4.501698970794678,1
FakeVideo-FakeAudio/Caucasian (American)/men/id00943/00304_id00021_6uNNej-JZ-c_faceswap_id00184_wavtolip.npz,-1.5504891872406006,-1.5504891872406006,4.821203231811523,1
FakeVideo-FakeAudio/Caucasian (American)/men/id00943/00304_id00021_6uNNej-JZ-c_id04073_wavtolip.npz,-3.947629690170288,-3.947629690170288,5.417471408843994,1
FakeVideo-FakeAudio/Caucasian (American)/men/id00943/00304_id00049_S_EHTUF-mQY_id04221_wavtolip.npz,-2.7815046310424805,-2.7815046310424805,5.22114372253418,1
FakeVideo-FakeAudio/Caucasian (American)/men/id00943/00304_id00052_NK_leX996Yk_id01172_wavtolip.npz,-2.2384772300720215,-2.2384772300720215,4.678061485290527,1
FakeVideo-FakeAudio/Caucasian (American)/men/id00943/00304_id00060_gZ4RkcQ0SXE_id04221_wavtolip.npz,-3.376791477203369,-3.376791477203369,5.23228645324707,1
FakeVideo-FakeAudio/Caucasian (American)/men/id00943/00304_id00088_wavtolip.npz,-0.839555025100708,-0.839555025100708,4.620756149291992,1
FakeVideo-FakeAudio/Caucasian (American)/men/id00943/00304_id00179_Ux9OYyipQi8_id00179_wavtolip.npz,-5.566007614135742,-5.566007614135742,4.503179550170898,1
FakeVideo-FakeAudio/Caucasian (American)/men/id00943/00304_id00179_wavtolip.npz,3.432734489440918,3.432734489440918,4.490805149078369,1
FakeVideo-FakeAudio/Caucasian (American)/men/id00943/00304_id00184_wavtolip.npz,-1.6633554697036743,-1.6633554697036743,4.858391761779785,1
FakeVideo-FakeAudio/Caucasian (American)/men/id00943/00304_id00529_wavtolip.npz,-0.9567888975143433,-0.9567888975143433,4.887059688568115,1
FakeVideo-FakeAudio/Caucasian (American)/men/id00943/00304_id00529_xtx2GeQN-DQ_id00169_wavtolip.npz,-1.4502050876617432,-1.4502050876617432,4.753788948059082,1
FakeVideo-FakeAudio/Caucasian (American)/men/id00943/00304_id00777_wavtolip.npz,-5.622584342956543,-5.622584342956543,5.4621195793151855,1
FakeVideo-FakeAudio/Caucasian (American)/men/id00943/00304_id00945_V-rSeF8o5pc_id04216_wavtolip.npz,3.33245849609375,3.33245849609375,4.677525043487549,1
FakeVideo-FakeAudio/Caucasian (American)/men/id00943/00304_id01044_yL58R6zBNf4_id00169_wavtolip.npz,-1.1626280546188354,-1.1626280546188354,4.733223915100098,1
FakeVideo-FakeAudio/Caucasian (American)/men/id00943/00304_id01192_wavtolip.npz,-1.8212149143218994,-1.8212149143218994,5.156707763671875,1
FakeVideo-FakeAudio/Caucasian (American)/men/id00943/00304_id01210_wavtolip.npz,4.477755069732666,4.477755069732666,4.3742594718933105,1
FakeVideo-FakeAudio/Caucasian (American)/men/id00943/00304_id01211_wavtolip.npz,-3.868494987487793,-3.868494987487793,5.035255432128906,1
FakeVideo-FakeAudio/Caucasian (American)/men/id00943/00304_id03525_wavtolip.npz,0.21403253078460693,0.21403253078460693,5.086482524871826,1
FakeVideo-FakeAudio/Caucasian (American)/men/id00943/00304_id03757_wavtolip.npz,-0.6868458986282349,-0.6868458986282349,4.8335371017456055,1
FakeVideo-FakeAudio/Caucasian (American)/men/id01096/00037_id00020_wavtolip.npz,-2.9543910026550293,-2.9543910026550293,5.473116397857666,1
FakeVideo-FakeAudio/Caucasian (American)/men/id01096/00037_id00029_TGpCGl036qk_id00696_wavtolip.npz,0.6027603149414062,0.6027603149414062,4.812158107757568,1
FakeVideo-FakeAudio/Caucasian (American)/men/id01096/00037_id00029_wavtolip.npz,-3.139403820037842,-3.139403820037842,5.378952503204346,1
FakeVideo-FakeAudio/Caucasian (American)/men/id01096/00037_id00052_wavtolip.npz,-3.717679977416992,-3.717679977416992,5.249632835388184,1
FakeVideo-FakeAudio/Caucasian (American)/men/id01096/00037_id00087_0ZbOp9FgZf8_id03757_wavtolip.npz,-1.1620278358459473,-1.1620278358459473,4.723570823669434,1
FakeVideo-FakeAudio/Caucasian (American)/men/id01096/00037_id00179_Ux9OYyipQi8_id01105_wavtolip.npz,4.552741050720215,4.552741050720215,4.786162376403809,1
FakeVideo-FakeAudio/Caucasian (American)/men/id01096/00037_id00696_wavtolip.npz,1.962604284286499,1.962604284286499,4.7225341796875,1
FakeVideo-FakeAudio/Caucasian (American)/men/id01096/00037_id00708_Dzmb0FH1xBc_id00179_wavtolip.npz,-4.011820316314697,-4.011820316314697,4.4888596534729,1
FakeVideo-FakeAudio/Caucasian (American)/men/id01096/00037_id00775_yeCUxHgUHxc_faceswap_id00018_wavtolip.npz,-6.320165157318115,-6.320165157318115,4.704115867614746,1
FakeVideo-FakeAudio/Caucasian (American)/men/id01096/00037_id00775_yeCUxHgUHxc_faceswap_id00696_wavtolip.npz,2.1243014335632324,2.1243014335632324,4.701788425445557,1
FakeVideo-FakeAudio/Caucasian (American)/men/id01096/00037_id00775_yeCUxHgUHxc_faceswap_id00943_wavtolip.npz,-0.3593207597732544,-0.3593207597732544,5.132759094238281,1
FakeVideo-FakeAudio/Caucasian (American)/men/id01096/00037_id00775_yeCUxHgUHxc_faceswap_id01124_wavtolip.npz,2.677553176879883,2.677553176879883,5.552831649780273,1
FakeVideo-FakeAudio/Caucasian (American)/men/id01096/00037_id00775_yeCUxHgUHxc_faceswap_id03757_wavtolip.npz,-0.8218088150024414,-0.8218088150024414,4.6581807136535645,1
FakeVideo-FakeAudio/Caucasian (American)/men/id01096/00037_id00775_yeCUxHgUHxc_id01211_wavtolip.npz,-4.2382636070251465,-4.2382636070251465,4.999073028564453,1
FakeVideo-FakeAudio/Caucasian (American)/men/id01096/00037_id00777_wavtolip.npz,-2.2981607913970947,-2.2981607913970947,5.41010856628418,1
FakeVideo-FakeAudio/Caucasian (American)/men/id01096/00037_id00943_LxSv2rnBGA8_id01042_wavtolip.npz,4.636512756347656,4.636512756347656,4.453159809112549,1
FakeVideo-FakeAudio/Caucasian (American)/men/id01096/00037_id00943_wavtolip.npz,-0.36478668451309204,-0.36478668451309204,5.167858600616455,1
FakeVideo-FakeAudio/Caucasian (American)/men/id01096/00037_id00971_wavtolip.npz,-2.063755750656128,-2.063755750656128,5.305441856384277,1
FakeVideo-FakeAudio/Caucasian (American)/men/id01096/00037_id01042_afqWPqWwJIY_id03525_wavtolip.npz,-1.8846821784973145,-1.8846821784973145,5.046634197235107,1
FakeVideo-FakeAudio/Caucasian (American)/men/id01096/00037_id01048_keflA4viWt8_id01182_wavtolip.npz,-1.1582351922988892,-1.1582351922988892,5.108884811401367,1
FakeVideo-FakeAudio/Caucasian (American)/men/id01096/00037_id01210_wavtolip.npz,4.455641269683838,4.455641269683838,4.298949718475342,1
FakeVideo-FakeAudio/Caucasian (American)/men/id01096/00037_id01239_gJvquKo7kbA_id01182_wavtolip.npz,-2.925318717956543,-2.925318717956543,5.177826404571533,1
FakeVideo-FakeAudio/Caucasian (American)/men/id01096/00037_id03678_wavtolip.npz,2.204007387161255,2.204007387161255,4.590559482574463,1
FakeVideo-FakeAudio/Caucasian (American)/men/id01096/00037_id03757_wavtolip.npz,-1.2644407749176025,-1.2644407749176025,4.74039363861084,1
FakeVideo-FakeAudio/Caucasian (American)/men/id01096/00037_id04221_5XfsCrxGvj4_id00018_wavtolip.npz,-6.313764572143555,-6.313764572143555,4.746152400970459,1
FakeVideo-FakeAudio/Caucasian (American)/men/id00345/00243_id00060_wavtolip.npz,3.3904531002044678,3.3904531002044678,4.654226779937744,1
FakeVideo-FakeAudio/Caucasian (American)/men/id00345/00243_id00062_wavtolip.npz,-4.735130786895752,-4.735130786895752,4.555039882659912,1
FakeVideo-FakeAudio/Caucasian (American)/men/id00345/00243_id00087_wavtolip.npz,-1.6917623281478882,-1.6917623281478882,4.6306657791137695,1
FakeVideo-FakeAudio/Caucasian (American)/men/id00345/00243_id00088_6WIDWxr8vuU_id03668_wavtolip.npz,-6.295766830444336,-6.295766830444336,4.752552032470703,1
FakeVideo-FakeAudio/Caucasian (American)/men/id00345/00243_id00179_Ux9OYyipQi8_faceswap_id00945_wavtolip.npz,-6.236835956573486,-6.236835956573486,4.509350776672363,1
FakeVideo-FakeAudio/Caucasian (American)/men/id00345/00243_id00179_Ux9OYyipQi8_faceswap_id01168_wavtolip.npz,4.677111625671387,4.677111625671387,4.655475616455078,1
FakeVideo-FakeAudio/Caucasian (American)/men/id00345/00243_id00179_Ux9OYyipQi8_faceswap_id01175_wavtolip.npz,-1.213754415512085,-1.213754415512085,4.525200843811035,1
FakeVideo-FakeAudio/Caucasian (American)/men/id00345/00243_id00179_Ux9OYyipQi8_faceswap_id01201_wavtolip.npz,-1.5115156173706055,-1.5115156173706055,4.703638076782227,1
FakeVideo-FakeAudio/Caucasian (American)/men/id00345/00243_id00179_Ux9OYyipQi8_faceswap_id04073_wavtolip.npz,-2.155404567718506,-2.155404567718506,4.656453609466553,1
FakeVideo-FakeAudio/Caucasian (American)/men/id00345/00243_id00179_Ux9OYyipQi8_id01201_wavtolip.npz,-1.2660397291183472,-1.2660397291183472,4.695638656616211,1
FakeVideo-FakeAudio/Caucasian (American)/men/id00345/00243_id00184_wavtolip.npz,-0.8821960687637329,-0.8821960687637329,4.476436614990234,1
FakeVideo-FakeAudio/Caucasian (American)/men/id00345/00243_id00696_7PrURACjhqU_id01239_wavtolip.npz,-4.452953338623047,-4.452953338623047,4.702008247375488,1
FakeVideo-FakeAudio/Caucasian (American)/men/id00345/00243_id00696_wavtolip.npz,0.9339472055435181,0.9339472055435181,4.601564407348633,1
FakeVideo-FakeAudio/Caucasian (American)/men/id00345/00243_id00777_wavtolip.npz,-6.39443302154541,-6.39443302154541,4.673674583435059,1
FakeVideo-FakeAudio/Caucasian (American)/men/id00345/00243_id01105_wavtolip.npz,0.019377872347831726,0.019377872347831726,4.613763332366943,1
FakeVideo-FakeAudio/Caucasian (American)/men/id00345/00243_id01124_Lnf2oGSM00s_id01035_wavtolip.npz,-2.659616231918335,-2.659616231918335,4.678132057189941,1
FakeVideo-FakeAudio/Caucasian (American)/men/id00345/00243_id01182_zca-PHR_U40_id00052_wavtolip.npz,-4.06331729888916,-4.06331729888916,4.596615791320801,1
FakeVideo-FakeAudio/Caucasian (American)/men/id00345/00243_id01201_wavtolip.npz,-1.7111693620681763,-1.7111693620681763,4.726181507110596,1
FakeVideo-FakeAudio/Caucasian (American)/men/id00345/00243_id01210_sMdOO7NqsGY_id00049_wavtolip.npz,-6.363430500030518,-6.363430500030518,4.624340534210205,1
FakeVideo-FakeAudio/Caucasian (American)/men/id00345/00243_id01211_ALJX69-RDG8_id00049_wavtolip.npz,-6.363966941833496,-6.363966941833496,4.614656448364258,1
FakeVideo-FakeAudio/Caucasian (American)/men/id00345/00243_id01239_gJvquKo7kbA_id01096_wavtolip.npz,-4.145478248596191,-4.145478248596191,4.604254245758057,1
FakeVideo-FakeAudio/Caucasian (American)/men/id00345/00243_id03525_wavtolip.npz,-3.127279043197632,-3.127279043197632,4.628736972808838,1
FakeVideo-FakeAudio/Caucasian (American)/men/id00345/00243_id04073_KT7B07WFWyM_id00052_wavtolip.npz,-4.133912086486816,-4.133912086486816,4.581450939178467,1
FakeVideo-FakeAudio/Caucasian (American)/men/id00345/00243_id04216_wavtolip.npz,4.508309364318848,4.508309364318848,4.632010459899902,1
FakeVideo-FakeAudio/Caucasian (American)/men/id01192/00217_id00029_wavtolip.npz,-4.4269633293151855,-4.4269633293151855,5.076713562011719,1
FakeVideo-FakeAudio/Caucasian (American)/men/id01192/00217_id00052_wavtolip.npz,-3.7465927600860596,-3.7465927600860596,5.145556449890137,1
FakeVideo-FakeAudio/Caucasian (American)/men/id01192/00217_id00062_bctnrIvZHTs_id04216_wavtolip.npz,2.151486873626709,2.151486873626709,4.661736488342285,1
FakeVideo-FakeAudio/Caucasian (American)/men/id01192/00217_id00087_wavtolip.npz,3.941375494003296,3.941375494003296,4.88482141494751,1
FakeVideo-FakeAudio/Caucasian (American)/men/id01192/00217_id00088_wavtolip.npz,-3.0232620239257812,-3.0232620239257812,4.555091857910156,1
FakeVideo-FakeAudio/Caucasian (American)/men/id01192/00217_id00169__V1xAwwG29U_id00345_wavtolip.npz,4.742753982543945,4.742753982543945,4.485778331756592,1
FakeVideo-FakeAudio/Caucasian (American)/men/id01192/00217_id00169_wavtolip.npz,-1.537531852722168,-1.537531852722168,4.816368103027344,1
FakeVideo-FakeAudio/Caucasian (American)/men/id01192/00217_id00775_wavtolip.npz,4.544471740722656,4.544471740722656,4.234919548034668,1
FakeVideo-FakeAudio/Caucasian (American)/men/id01192/00217_id00775_yeCUxHgUHxc_id01201_wavtolip.npz,-4.309427261352539,-4.309427261352539,5.009922981262207,1
FakeVideo-FakeAudio/Caucasian (American)/men/id01192/00217_id00943_wavtolip.npz,-5.893832683563232,-5.893832683563232,5.055534362792969,1
FakeVideo-FakeAudio/Caucasian (American)/men/id01192/00217_id01035_wavtolip.npz,-2.7585015296936035,-2.7585015296936035,4.643962860107422,1
FakeVideo-FakeAudio/Caucasian (American)/men/id01192/00217_id01042_afqWPqWwJIY_id00529_wavtolip.npz,-1.8869831562042236,-1.8869831562042236,4.855726718902588,1
FakeVideo-FakeAudio/Caucasian (American)/men/id01192/00217_id01044_yL58R6zBNf4_id03757_wavtolip.npz,-1.3259568214416504,-1.3259568214416504,4.77347469329834,1
FakeVideo-FakeAudio/Caucasian (American)/men/id01192/00217_id01096_wavtolip.npz,-5.55898904800415,-5.55898904800415,5.136314392089844,1
FakeVideo-FakeAudio/Caucasian (American)/men/id01192/00217_id01105_qxMlGJlyfA8_faceswap_id00021_wavtolip.npz,-1.2203046083450317,-1.2203046083450317,4.623841762542725,1
FakeVideo-FakeAudio/Caucasian (American)/men/id01192/00217_id01105_qxMlGJlyfA8_faceswap_id00029_wavtolip.npz,-2.564568042755127,-2.564568042755127,5.031031608581543,1
FakeVideo-FakeAudio/Caucasian (American)/men/id01192/00217_id01105_qxMlGJlyfA8_faceswap_id00087_wavtolip.npz,3.943300724029541,3.943300724029541,4.912825584411621,1
FakeVideo-FakeAudio/Caucasian (American)/men/id01192/00217_id01105_qxMlGJlyfA8_faceswap_id00529_wavtolip.npz,-1.0094541311264038,-1.0094541311264038,4.816029071807861,1
FakeVideo-FakeAudio/Caucasian (American)/men/id01192/00217_id01105_qxMlGJlyfA8_faceswap_id00943_wavtolip.npz,-5.765428066253662,-5.765428066253662,5.058213710784912,1
FakeVideo-FakeAudio/Caucasian (American)/men/id01192/00217_id01105_qxMlGJlyfA8_id01192_wavtolip.npz,-0.9829189777374268,-0.9829189777374268,4.947901725769043,1
FakeVideo-FakeAudio/Caucasian (American)/men/id01192/00217_id01163_QSMeUEH3lJM_id04219_wavtolip.npz,-5.548114776611328,-5.548114776611328,4.699470520019531,1
FakeVideo-FakeAudio/Caucasian (American)/men/id01192/00217_id01239_gJvquKo7kbA_id03668_wavtolip.npz,-5.98468017578125,-5.98468017578125,5.127890586853027,1
FakeVideo-FakeAudio/Caucasian (American)/men/id01192/00217_id04073_KT7B07WFWyM_id01168_wavtolip.npz,4.509654521942139,4.509654521942139,4.61364221572876,1
FakeVideo-FakeAudio/Caucasian (American)/men/id01192/00217_id04219_wavtolip.npz,-4.145659923553467,-4.145659923553467,4.855974197387695,1
FakeVideo-FakeAudio/Caucasian (American)/men/id01192/00217_id04221_5XfsCrxGvj4_id01239_wavtolip.npz,-5.482021331787109,-5.482021331787109,5.054128170013428,1
FakeVideo-FakeAudio/Caucasian (American)/men/id03678/00078_id00018_sap-FjURHlc_id03668_wavtolip.npz,-6.207162857055664,-6.207162857055664,4.814182281494141,1
FakeVideo-FakeAudio/Caucasian (American)/men/id03678/00078_id00049_S_EHTUF-mQY_id00345_wavtolip.npz,4.745247840881348,4.745247840881348,4.483853340148926,1
FakeVideo-FakeAudio/Caucasian (American)/men/id03678/00078_id00049_wavtolip.npz,-6.18262243270874,-6.18262243270874,4.8554534912109375,1
FakeVideo-FakeAudio/Caucasian (American)/men/id03678/00078_id00060_wavtolip.npz,-1.0829988718032837,-1.0829988718032837,4.625774383544922,1
FakeVideo-FakeAudio/Caucasian (American)/men/id03678/00078_id00169__V1xAwwG29U_id00243_wavtolip.npz,-5.835322856903076,-5.835322856903076,4.836723327636719,1
FakeVideo-FakeAudio/Caucasian (American)/men/id03678/00078_id00243_oWwEIXM3oZQ_id00087_wavtolip.npz,-2.444077968597412,-2.444077968597412,4.8846282958984375,1
FakeVideo-FakeAudio/Caucasian (American)/men/id03678/00078_id00264_wavtolip.npz,3.724320650100708,3.724320650100708,4.779695510864258,1
FakeVideo-FakeAudio/Caucasian (American)/men/id03678/00078_id00345_wavtolip.npz,4.7732062339782715,4.7732062339782715,4.465185165405273,1
FakeVideo-FakeAudio/Caucasian (American)/men/id03678/00078_id00529_wavtolip.npz,-1.8595497608184814,-1.8595497608184814,4.874702453613281,1
FakeVideo-FakeAudio/Caucasian (American)/men/id03678/00078_id00529_xtx2GeQN-DQ_id00264_wavtolip.npz,3.7203967571258545,3.7203967571258545,4.786662578582764,1
FakeVideo-FakeAudio/Caucasian (American)/men/id03678/00078_id00696_7PrURACjhqU_id01239_wavtolip.npz,-2.9121885299682617,-2.9121885299682617,4.8445844650268555,1
FakeVideo-FakeAudio/Caucasian (American)/men/id03678/00078_id00777_wavtolip.npz,-6.217777252197266,-6.217777252197266,4.894577980041504,1
FakeVideo-FakeAudio/Caucasian (American)/men/id03678/00078_id00971_wavtolip.npz,-6.187265396118164,-6.187265396118164,4.940104961395264,1
FakeVideo-FakeAudio/Caucasian (American)/men/id03678/00078_id01124_Lnf2oGSM00s_id00777_wavtolip.npz,-6.19521427154541,-6.19521427154541,4.895233631134033,1
FakeVideo-FakeAudio/Caucasian (American)/men/id03678/00078_id01163_QSMeUEH3lJM_id00062_wavtolip.npz,-5.980385780334473,-5.980385780334473,4.846097469329834,1
FakeVideo-FakeAudio/Caucasian (American)/men/id03678/00078_id01172_8f8sdrQatpw_id03525_wavtolip.npz,-2.9864871501922607,-2.9864871501922607,4.922422885894775,1
FakeVideo-FakeAudio/Caucasian (American)/men/id03678/00078_id01182_wavtolip.npz,-3.030381679534912,-3.030381679534912,4.852208614349365,1
FakeVideo-FakeAudio/Caucasian (American)/men/id03678/00078_id01192_wavtolip.npz,-2.78174090385437,-2.78174090385437,4.76286506652832,1
FakeVideo-FakeAudio/Caucasian (American)/men/id03678/00078_id03668_mjurT3_7DpE_faceswap_id00021_wavtolip.npz,-0.26200926303863525,-0.26200926303863525,4.604846954345703,1
FakeVideo-FakeAudio/Caucasian (American)/men/id03678/00078_id03668_mjurT3_7DpE_faceswap_id00184_wavtolip.npz,-2.794224500656128,-2.794224500656128,4.722148895263672,1
FakeVideo-FakeAudio/Caucasian (American)/men/id03678/00078_id03668_mjurT3_7DpE_faceswap_id01172_wavtolip.npz,-1.099554181098938,-1.099554181098938,4.542348384857178,1
FakeVideo-FakeAudio/Caucasian (American)/men/id03678/00078_id03668_mjurT3_7DpE_faceswap_id01192_wavtolip.npz,-2.6242516040802,-2.6242516040802,4.7710466384887695,1
FakeVideo-FakeAudio/Caucasian (American)/men/id03678/00078_id03668_mjurT3_7DpE_faceswap_id01239_wavtolip.npz,-3.4731528759002686,-3.4731528759002686,4.883105754852295,1
FakeVideo-FakeAudio/Caucasian (American)/men/id03678/00078_id03668_mjurT3_7DpE_id00088_wavtolip.npz,-1.7139145135879517,-1.7139145135879517,4.71862268447876,1
FakeVideo-FakeAudio/Caucasian (American)/men/id03678/00078_id04034_wavtolip.npz,-6.18133544921875,-6.18133544921875,4.8259711265563965,1
FakeVideo-FakeAudio/Caucasian (American)/men/id00018/00181_id00029_wavtolip.npz,-0.7553873658180237,-0.7553873658180237,4.794643402099609,1
FakeVideo-FakeAudio/Caucasian (American)/men/id00018/00181_id00052_wavtolip.npz,-3.9561736583709717,-3.9561736583709717,4.740668773651123,1
FakeVideo-FakeAudio/Caucasian (American)/men/id00018/00181_id00088_6WIDWxr8vuU_id01096_wavtolip.npz,-3.306413412094116,-3.306413412094116,4.87986421585083,1
FakeVideo-FakeAudio/Caucasian (American)/men/id00018/00181_id00169__V1xAwwG29U_id01210_wavtolip.npz,4.456708908081055,4.456708908081055,4.33622932434082,1
FakeVideo-FakeAudio/Caucasian (American)/men/id00018/00181_id00243_oWwEIXM3oZQ_id00945_wavtolip.npz,-1.5053706169128418,-1.5053706169128418,4.766779899597168,1
FakeVideo-FakeAudio/Caucasian (American)/men/id00018/00181_id00264_wavtolip.npz,3.8607654571533203,3.8607654571533203,4.711076259613037,1
FakeVideo-FakeAudio/Caucasian (American)/men/id00018/00181_id00529_wavtolip.npz,-1.3337703943252563,-1.3337703943252563,4.731086730957031,1
FakeVideo-FakeAudio/Caucasian (American)/men/id00018/00181_id00696_7PrURACjhqU_id00021_wavtolip.npz,-1.039506435394287,-1.039506435394287,4.6942644119262695,1
FakeVideo-FakeAudio/Caucasian (American)/men/id00018/00181_id00696_wavtolip.npz,1.3973015546798706,1.3973015546798706,4.773012161254883,1
FakeVideo-FakeAudio/Caucasian (American)/men/id00018/00181_id01048_wavtolip.npz,4.600348949432373,4.600348949432373,4.195737361907959,1
FakeVideo-FakeAudio/Caucasian (American)/men/id00018/00181_id01124_Lnf2oGSM00s_id00243_wavtolip.npz,-4.808082103729248,-4.808082103729248,4.795040130615234,1
FakeVideo-FakeAudio/Caucasian (American)/men/id00018/00181_id01163_QSMeUEH3lJM_id00696_wavtolip.npz,1.5011789798736572,1.5011789798736572,4.751454830169678,1
FakeVideo-FakeAudio/Caucasian (American)/men/id00018/00181_id01175_wavtolip.npz,-1.2579600811004639,-1.2579600811004639,4.496844291687012,1
FakeVideo-FakeAudio/Caucasian (American)/men/id00018/00181_id01201_Q8XWfmNiWYA_faceswap_id00243_wavtolip.npz,-5.114447593688965,-5.114447593688965,4.829727649688721,1
FakeVideo-FakeAudio/Caucasian (American)/men/id00018/00181_id01201_Q8XWfmNiWYA_faceswap_id00777_wavtolip.npz,-6.197019100189209,-6.197019100189209,4.848817825317383,1
FakeVideo-FakeAudio/Caucasian (American)/men/id00018/00181_id01201_Q8XWfmNiWYA_faceswap_id00945_wavtolip.npz,-2.055025577545166,-2.055025577545166,4.816591739654541,1
FakeVideo-FakeAudio/Caucasian (American)/men/id00018/00181_id01201_Q8XWfmNiWYA_faceswap_id01239_wavtolip.npz,-3.9582784175872803,-3.9582784175872803,4.971196174621582,1
FakeVideo-FakeAudio/Caucasian (American)/men/id00018/00181_id01201_Q8XWfmNiWYA_faceswap_id03678_wavtolip.npz,3.9680724143981934,3.9680724143981934,4.647010326385498,1
FakeVideo-FakeAudio/Caucasian (American)/men/id00018/00181_id01201_Q8XWfmNiWYA_id00777_wavtolip.npz,-6.199380874633789,-6.199380874633789,4.89876651763916,1
FakeVideo-FakeAudio/Caucasian (American)/men/id00018/00181_id03678_dsfCxodI9i8_id00021_wavtolip.npz,-1.1445955038070679,-1.1445955038070679,4.750392436981201,1
FakeVideo-FakeAudio/Caucasian (American)/men/id00018/00181_id03757_L-M-XbdFLQM_id00088_wavtolip.npz,-2.5923311710357666,-2.5923311710357666,4.577023983001709,1
FakeVideo-FakeAudio/Caucasian (American)/men/id00018/00181_id03757_wavtolip.npz,-1.1527142524719238,-1.1527142524719238,4.673369884490967,1
FakeVideo-FakeAudio/Caucasian (American)/men/id00018/00181_id04216_wavtolip.npz,4.397093296051025,4.397093296051025,4.6529316902160645,1
FakeVideo-FakeAudio/Caucasian (American)/men/id00018/00181_id04219_9llHvP-jYDg_id01048_wavtolip.npz,4.6321845054626465,4.6321845054626465,4.236139297485352,1
FakeVideo-FakeAudio/Caucasian (American)/men/id00049/00118_id00018_sap-FjURHlc_id00345_wavtolip.npz,4.7589850425720215,4.7589850425720215,4.445729732513428,1
FakeVideo-FakeAudio/Caucasian (American)/men/id00049/00118_id00020_VXYAbbQWyQM_id01042_wavtolip.npz,4.767765522003174,4.767765522003174,4.411148548126221,1
FakeVideo-FakeAudio/Caucasian (American)/men/id00049/00118_id00052_wavtolip.npz,-3.243459939956665,-3.243459939956665,5.0553297996521,1
FakeVideo-FakeAudio/Caucasian (American)/men/id00049/00118_id00087_wavtolip.npz,3.3617749214172363,3.3617749214172363,5.012673854827881,1
FakeVideo-FakeAudio/Caucasian (American)/men/id00049/00118_id00169__V1xAwwG29U_id01048_wavtolip.npz,4.623781204223633,4.623781204223633,4.225121021270752,1
FakeVideo-FakeAudio/Caucasian (American)/men/id00049/00118_id00243_wavtolip.npz,-3.0765373706817627,-3.0765373706817627,4.84393310546875,1
FakeVideo-FakeAudio/Caucasian (American)/men/id00049/00118_id00345_wavtolip.npz,4.813308238983154,4.813308238983154,4.438589096069336,1
FakeVideo-FakeAudio/Caucasian (American)/men/id00049/00118_id00529_xtx2GeQN-DQ_id04221_wavtolip.npz,-2.207859754562378,-2.207859754562378,5.2672319412231445,1
FakeVideo-FakeAudio/Caucasian (American)/men/id00049/00118_id00696_7PrURACjhqU_id03757_wavtolip.npz,-1.248657464981079,-1.248657464981079,4.689450740814209,1
FakeVideo-FakeAudio/Caucasian (American)/men/id00049/00118_id00775_yeCUxHgUHxc_faceswap_id00062_wavtolip.npz,-4.24738073348999,-4.24738073348999,5.018011093139648,1
FakeVideo-FakeAudio/Caucasian (American)/men/id00049/00118_id00775_yeCUxHgUHxc_faceswap_id00696_wavtolip.npz,2.092001438140869,2.092001438140869,4.800619125366211,1
FakeVideo-FakeAudio/Caucasian (American)/men/id00049/00118_id00775_yeCUxHgUHxc_faceswap_id01163_wavtolip.npz,-0.8493411540985107,-0.8493411540985107,4.775556564331055,1
FakeVideo-FakeAudio/Caucasian (American)/men/id00049/00118_id00775_yeCUxHgUHxc_faceswap_id03678_wavtolip.npz,2.6428334712982178,2.6428334712982178,4.526514053344727,1
FakeVideo-FakeAudio/Caucasian (American)/men/id00049/00118_id00775_yeCUxHgUHxc_faceswap_id04216_wavtolip.npz,3.4474616050720215,3.4474616050720215,4.616235256195068,1
FakeVideo-FakeAudio/Caucasian (American)/men/id00049/00118_id00775_yeCUxHgUHxc_id00169_wavtolip.npz,-1.8147226572036743,-1.8147226572036743,4.75351619720459,1
FakeVideo-FakeAudio/Caucasian (American)/men/id00049/00118_id00943_LxSv2rnBGA8_id01124_wavtolip.npz,-1.2525607347488403,-1.2525607347488403,5.209814548492432,1
FakeVideo-FakeAudio/Caucasian (American)/men/id00049/00118_id00943_wavtolip.npz,-2.100538730621338,-2.100538730621338,5.220973014831543,1
FakeVideo-FakeAudio/Caucasian (American)/men/id00049/00118_id01035_wavtolip.npz,-2.6856062412261963,-2.6856062412261963,4.614116191864014,1
FakeVideo-FakeAudio/Caucasian (American)/men/id00049/00118_id01048_wavtolip.npz,4.631239414215088,4.631239414215088,4.240108013153076,1
FakeVideo-FakeAudio/Caucasian (American)/men/id00049/00118_id01096_wavtolip.npz,-4.470578670501709,-4.470578670501709,5.19403076171875,1
FakeVideo-FakeAudio/Caucasian (American)/men/id00049/00118_id01211_wavtolip.npz,-4.9117045402526855,-4.9117045402526855,5.083649158477783,1
FakeVideo-FakeAudio/Caucasian (American)/men/id00049/00118_id03525_wavtolip.npz,-1.7653090953826904,-1.7653090953826904,5.0664472579956055,1
FakeVideo-FakeAudio/Caucasian (American)/men/id00049/00118_id03668_mjurT3_7DpE_id01048_wavtolip.npz,4.632802486419678,4.632802486419678,4.235769748687744,1
FakeVideo-FakeAudio/Caucasian (American)/men/id00049/00118_id03678_dsfCxodI9i8_id01096_wavtolip.npz,-4.718390941619873,-4.718390941619873,5.1978278160095215,1
FakeVideo-FakeAudio/Caucasian (American)/men/id00049/00118_id04219_9llHvP-jYDg_id00945_wavtolip.npz,-1.2927913665771484,-1.2927913665771484,4.720987319946289,1
FakeVideo-FakeAudio/Caucasian (American)/men/id00087/00002_id00060_wavtolip.npz,-1.0906312465667725,-1.0906312465667725,4.602680683135986,1
FakeVideo-FakeAudio/Caucasian (American)/men/id00087/00002_id00062_wavtolip.npz,-5.312747001647949,-5.312747001647949,5.084529399871826,1
FakeVideo-FakeAudio/Caucasian (American)/men/id00087/00002_id00184_WaTN0ry04Qs_id04073_wavtolip.npz,-2.2449326515197754,-2.2449326515197754,5.14759635925293,1
FakeVideo-FakeAudio/Caucasian (American)/men/id00087/00002_id00529_wavtolip.npz,-2.097290515899658,-2.097290515899658,4.871632099151611,1
FakeVideo-FakeAudio/Caucasian (American)/men/id00087/00002_id00708_Dzmb0FH1xBc_id00943_wavtolip.npz,-1.5733671188354492,-1.5733671188354492,5.136658668518066,1
FakeVideo-FakeAudio/Caucasian (American)/men/id00087/00002_id00775_yeCUxHgUHxc_faceswap_id00018_wavtolip.npz,-6.3031392097473145,-6.3031392097473145,4.679022789001465,1
FakeVideo-FakeAudio/Caucasian (American)/men/id00087/00002_id00775_yeCUxHgUHxc_faceswap_id00264_wavtolip.npz,3.9630095958709717,3.9630095958709717,4.666317939758301,1
FakeVideo-FakeAudio/Caucasian (American)/men/id00087/00002_id00775_yeCUxHgUHxc_faceswap_id01124_wavtolip.npz,-1.4084622859954834,-1.4084622859954834,5.120599269866943,1
FakeVideo-FakeAudio/Caucasian (American)/men/id00087/00002_id00775_yeCUxHgUHxc_faceswap_id03757_wavtolip.npz,-0.42273879051208496,-0.42273879051208496,4.664912223815918,1
FakeVideo-FakeAudio/Caucasian (American)/men/id00087/00002_id00775_yeCUxHgUHxc_faceswap_id04034_wavtolip.npz,-5.813726425170898,-5.813726425170898,5.225114345550537,1
FakeVideo-FakeAudio/Caucasian (American)/men/id00087/00002_id00775_yeCUxHgUHxc_id01239_wavtolip.npz,-2.9617886543273926,-2.9617886543273926,5.167540073394775,1
FakeVideo-FakeAudio/Caucasian (American)/men/id00087/00002_id00943_LxSv2rnBGA8_id00021_wavtolip.npz,-0.9855496883392334,-0.9855496883392334,4.7649993896484375,1
FakeVideo-FakeAudio/Caucasian (American)/men/id00087/00002_id00945_V-rSeF8o5pc_id04219_wavtolip.npz,-5.601292610168457,-5.601292610168457,4.852060317993164,1
FakeVideo-FakeAudio/Caucasian (American)/men/id00087/00002_id01035_wavtolip.npz,-3.752713203430176,-3.752713203430176,4.656351566314697,1
FakeVideo-FakeAudio/Caucasian (American)/men/id00087/00002_id01042_afqWPqWwJIY_id00943_wavtolip.npz,-1.04941725730896,-1.04941725730896,5.1616973876953125,1
FakeVideo-FakeAudio/Caucasian (American)/men/id00087/00002_id01044_yL58R6zBNf4_id03668_wavtolip.npz,-5.877269744873047,-5.877269744873047,5.2593159675598145,1
FakeVideo-FakeAudio/Caucasian (American)/men/id00087/00002_id01096_GHuYIC1WDks_id04216_wavtolip.npz,1.9340574741363525,1.9340574741363525,4.75320291519165,1
FakeVideo-FakeAudio/Caucasian (American)/men/id00087/00002_id01105_wavtolip.npz,4.445925712585449,4.445925712585449,4.902825355529785,1
FakeVideo-FakeAudio/Caucasian (American)/men/id00087/00002_id01172_wavtolip.npz,-1.8821048736572266,-1.8821048736572266,4.557367324829102,1
FakeVideo-FakeAudio/Caucasian (American)/men/id00087/00002_id01210_wavtolip.npz,4.437073230743408,4.437073230743408,4.345554828643799,1
FakeVideo-FakeAudio/Caucasian (American)/men/id00087/00002_id03525_5qVmWkkCk3k_id00088_wavtolip.npz,-1.7701544761657715,-1.7701544761657715,4.633101940155029,1
FakeVideo-FakeAudio/Caucasian (American)/men/id00087/00002_id03757_L-M-XbdFLQM_id03678_wavtolip.npz,2.942162036895752,2.942162036895752,4.584736347198486,1
FakeVideo-FakeAudio/Caucasian (American)/men/id00087/00002_id03757_wavtolip.npz,-0.6925003528594971,-0.6925003528594971,4.629692554473877,1
FakeVideo-FakeAudio/Caucasian (American)/men/id00087/00002_id04073_wavtolip.npz,-0.9435945749282837,-0.9435945749282837,5.150501251220703,1
FakeVideo-FakeAudio/Caucasian (American)/men/id00087/00002_id04221_wavtolip.npz,-2.5864052772521973,-2.5864052772521973,5.206201076507568,1
FakeVideo-FakeAudio/Caucasian (American)/women/id01216/00025_id00025_PjSeVtbvSjA_id00848_wavtolip.npz,-2.119142770767212,-2.119142770767212,5.2102274894714355,1
FakeVideo-FakeAudio/Caucasian (American)/women/id01216/00025_id00097_PchMB8-P1lw_id01216_wavtolip.npz,-2.8144681453704834,-2.8144681453704834,5.557682514190674,1
FakeVideo-FakeAudio/Caucasian (American)/women/id01216/00025_id00180_wavtolip.npz,-0.32227981090545654,-0.32227981090545654,4.653970241546631,1
FakeVideo-FakeAudio/Caucasian (American)/women/id01216/00025_id00272_VLY1boTtbRM_id00180_wavtolip.npz,-1.7756521701812744,-1.7756521701812744,4.628259658813477,1
FakeVideo-FakeAudio/Caucasian (American)/women/id01216/00025_id00381_wavtolip.npz,-6.025156497955322,-6.025156497955322,4.932778358459473,1
FakeVideo-FakeAudio/Caucasian (American)/women/id01216/00025_id00458_wavtolip.npz,-2.4414806365966797,-2.4414806365966797,5.101044654846191,1
FakeVideo-FakeAudio/Caucasian (American)/women/id01216/00025_id00462_EMnGfAq9gg4_id00618_wavtolip.npz,-1.1996304988861084,-1.1996304988861084,4.372978210449219,1
FakeVideo-FakeAudio/Caucasian (American)/women/id01216/00025_id00618_wavtolip.npz,-0.7664997577667236,-0.7664997577667236,4.372705459594727,1
FakeVideo-FakeAudio/Caucasian (American)/women/id01216/00025_id00835_wavtolip.npz,3.970367670059204,3.970367670059204,4.394964694976807,1
FakeVideo-FakeAudio/Caucasian (American)/women/id01216/00025_id01075_MtJUiHspdT0_id00616_wavtolip.npz,-0.6124078631401062,-0.6124078631401062,5.340764999389648,1
FakeVideo-FakeAudio/Caucasian (American)/women/id01216/00025_id01075_wavtolip.npz,-4.722740650177002,-4.722740650177002,5.450310707092285,1
FakeVideo-FakeAudio/Caucasian (American)/women/id01216/00025_id01091_wavtolip.npz,-1.1936724185943604,-1.1936724185943604,4.591591835021973,1
FakeVideo-FakeAudio/Caucasian (American)/women/id01216/00025_id01217_7lVC4xEK_6E_id00428_wavtolip.npz,5.028039932250977,5.028039932250977,4.862638473510742,1
FakeVideo-FakeAudio/Caucasian (American)/women/id01216/00025_id01223_TO3ym8Gwp7k_id01227_wavtolip.npz,4.847141742706299,4.847141742706299,4.784032821655273,1
FakeVideo-FakeAudio/Caucasian (American)/women/id01216/00025_id01225_WuzuZoM84Ws_id00555_wavtolip.npz,-1.8901729583740234,-1.8901729583740234,4.834598064422607,1
FakeVideo-FakeAudio/Caucasian (American)/women/id01216/00025_id01225_wavtolip.npz,-1.0609774589538574,-1.0609774589538574,4.912014007568359,1
FakeVideo-FakeAudio/Caucasian (American)/women/id01216/00025_id01231_XXpYdOHUF-g_id03781_wavtolip.npz,3.314932107925415,3.314932107925415,4.472260475158691,1
FakeVideo-FakeAudio/Caucasian (American)/women/id01216/00025_id03696_wavtolip.npz,0.7408223152160645,0.7408223152160645,4.543036460876465,1
FakeVideo-FakeAudio/Caucasian (American)/women/id01216/00025_id03707_pwNcRPQ5qdo_faceswap_id00291_wavtolip.npz,-2.072909116744995,-2.072909116744995,4.7702836990356445,1
FakeVideo-FakeAudio/Caucasian (American)/women/id01216/00025_id03707_pwNcRPQ5qdo_faceswap_id00618_wavtolip.npz,-0.6578632593154907,-0.6578632593154907,4.443338871002197,1
FakeVideo-FakeAudio/Caucasian (American)/women/id01216/00025_id03707_pwNcRPQ5qdo_faceswap_id01005_wavtolip.npz,-1.1245347261428833,-1.1245347261428833,4.932871341705322,1
FakeVideo-FakeAudio/Caucasian (American)/women/id01216/00025_id03707_pwNcRPQ5qdo_faceswap_id01225_wavtolip.npz,-1.456863284111023,-1.456863284111023,4.877816200256348,1
FakeVideo-FakeAudio/Caucasian (American)/women/id01216/00025_id03707_pwNcRPQ5qdo_faceswap_id01245_wavtolip.npz,-0.6436880826950073,-0.6436880826950073,5.2013163566589355,1
FakeVideo-FakeAudio/Caucasian (American)/women/id03781/00113_id00025_PjSeVtbvSjA_id00100_wavtolip.npz,-1.9449477195739746,-1.9449477195739746,4.9864277839660645,1
FakeVideo-FakeAudio/Caucasian (American)/women/id03781/00113_id00025_wavtolip.npz,-5.4884352684021,-5.4884352684021,4.919564723968506,1
FakeVideo-FakeAudio/Caucasian (American)/women/id03781/00113_id00100_wavtolip.npz,-1.732828140258789,-1.732828140258789,4.94696044921875,1
FakeVideo-FakeAudio/Caucasian (American)/women/id03781/00113_id00180_wavtolip.npz,-1.810495138168335,-1.810495138168335,4.677441596984863,1
FakeVideo-FakeAudio/Caucasian (American)/women/id03781/00113_id00381_wavtolip.npz,-6.167867660522461,-6.167867660522461,4.9925761222839355,1
FakeVideo-FakeAudio/Caucasian (American)/women/id03781/00113_id00428_Kr7n-68JWww_id02464_wavtolip.npz,-3.720823049545288,-3.720823049545288,4.015450954437256,1
FakeVideo-FakeAudio/Caucasian (American)/women/id03781/00113_id00431_wavtolip.npz,-6.3800950050354,-6.3800950050354,4.7041168212890625,1
FakeVideo-FakeAudio/Caucasian (American)/women/id03781/00113_id00458_wavtolip.npz,-2.7101809978485107,-2.7101809978485107,4.977804660797119,1
FakeVideo-FakeAudio/Caucasian (American)/women/id03781/00113_id00462_EMnGfAq9gg4_id00398_wavtolip.npz,-1.8879088163375854,-1.8879088163375854,4.896580696105957,1
FakeVideo-FakeAudio/Caucasian (American)/women/id03781/00113_id00848_o1_9Cu3YMN0_id00383_wavtolip.npz,3.4768729209899902,3.4768729209899902,4.695021629333496,1
FakeVideo-FakeAudio/Caucasian (American)/women/id03781/00113_id01004_867Wlj7Gw68_id01245_wavtolip.npz,-1.2101788520812988,-1.2101788520812988,4.965778827667236,1
FakeVideo-FakeAudio/Caucasian (American)/women/id03781/00113_id01075_wavtolip.npz,-4.469363212585449,-4.469363212585449,4.958721160888672,1
FakeVideo-FakeAudio/Caucasian (American)/women/id03781/00113_id01217_wavtolip.npz,-4.260644912719727,-4.260644912719727,4.941204071044922,1
FakeVideo-FakeAudio/Caucasian (American)/women/id03781/00113_id01227_wavtolip.npz,4.7973456382751465,4.7973456382751465,4.8775634765625,1
FakeVideo-FakeAudio/Caucasian (American)/women/id03781/00113_id01245_7pYBPczR_z0_id00618_wavtolip.npz,4.168694972991943,4.168694972991943,4.615192890167236,1
FakeVideo-FakeAudio/Caucasian (American)/women/id03781/00113_id02464_1hxJsZYV7mI_id00428_wavtolip.npz,4.421929359436035,4.421929359436035,4.835555076599121,1
FakeVideo-FakeAudio/Caucasian (American)/women/id03781/00113_id02466_VOgaA7O5yWY_id01245_wavtolip.npz,-1.141476035118103,-1.141476035118103,4.929564476013184,1
FakeVideo-FakeAudio/Caucasian (American)/women/id03781/00113_id02466_wavtolip.npz,-3.0415802001953125,-3.0415802001953125,4.913909435272217,1
FakeVideo-FakeAudio/Caucasian (American)/women/id03781/00113_id03605_JGZt9DAhBRs_id00025_wavtolip.npz,-5.869117736816406,-5.869117736816406,4.94979190826416,1
FakeVideo-FakeAudio/Caucasian (American)/women/id00398/00016_id00025_PjSeVtbvSjA_id01225_wavtolip.npz,-2.389155387878418,-2.389155387878418,4.917497634887695,1
FakeVideo-FakeAudio/Caucasian (American)/women/id00398/00016_id00100_sZ0Ex4WUEgM_id00180_wavtolip.npz,-0.7644116878509521,-0.7644116878509521,4.798172950744629,1
FakeVideo-FakeAudio/Caucasian (American)/women/id00398/00016_id00100_wavtolip.npz,4.527467727661133,4.527467727661133,4.970800876617432,1
FakeVideo-FakeAudio/Caucasian (American)/women/id00398/00016_id00385_oqf8cNi7lOI_id03707_wavtolip.npz,-0.7036340236663818,-0.7036340236663818,5.0039963722229,1
FakeVideo-FakeAudio/Caucasian (American)/women/id00398/00016_id00428_wavtolip.npz,-1.0867193937301636,-1.0867193937301636,5.035369396209717,1
FakeVideo-FakeAudio/Caucasian (American)/women/id00398/00016_id00431_wavtolip.npz,-6.328210830688477,-6.328210830688477,4.6134796142578125,1
FakeVideo-FakeAudio/Caucasian (American)/women/id00398/00016_id00575_iPfJcAJQ84Y_id01004_wavtolip.npz,-0.6914314031600952,-0.6914314031600952,4.266757011413574,1
FakeVideo-FakeAudio/Caucasian (American)/women/id00398/00016_id00616_wavtolip.npz,-3.595825672149658,-3.595825672149658,4.957981109619141,1
FakeVideo-FakeAudio/Caucasian (American)/women/id00398/00016_id00618__TwV2SmUIlY_faceswap_id00190_wavtolip.npz,-0.5258312225341797,-0.5258312225341797,4.545968532562256,1
FakeVideo-FakeAudio/Caucasian (American)/women/id00398/00016_id00618__TwV2SmUIlY_faceswap_id00272_wavtolip.npz,2.515069007873535,2.515069007873535,4.893225193023682,1
FakeVideo-FakeAudio/Caucasian (American)/women/id00398/00016_id00618__TwV2SmUIlY_faceswap_id00383_wavtolip.npz,3.419908285140991,3.419908285140991,4.608885288238525,1
FakeVideo-FakeAudio/Caucasian (American)/women/id00398/00016_id00618__TwV2SmUIlY_faceswap_id01217_wavtolip.npz,-2.846400737762451,-2.846400737762451,4.953338623046875,1
FakeVideo-FakeAudio/Caucasian (American)/women/id00398/00016_id00618__TwV2SmUIlY_faceswap_id02464_wavtolip.npz,-2.848299264907837,-2.848299264907837,3.993419885635376,1
FakeVideo-FakeAudio/Caucasian (American)/women/id00398/00016_id00835_zWTp4szbb5k_id00231_wavtolip.npz,-5.743538856506348,-5.743538856506348,4.9629130363464355,1
FakeVideo-FakeAudio/Caucasian (American)/women/id00398/00016_id01004_wavtolip.npz,-0.9510543346405029,-0.9510543346405029,4.218166351318359,1
FakeVideo-FakeAudio/Caucasian (American)/women/id00398/00016_id01091_wavtolip.npz,-1.301866888999939,-1.301866888999939,4.690802574157715,1
FakeVideo-FakeAudio/Caucasian (American)/women/id00398/00016_id01216_wavtolip.npz,-5.973610877990723,-5.973610877990723,4.9944562911987305,1
FakeVideo-FakeAudio/Caucasian (American)/women/id00398/00016_id01223_wavtolip.npz,-6.030954360961914,-6.030954360961914,5.021890163421631,1
FakeVideo-FakeAudio/Caucasian (American)/women/id00398/00016_id01225_WuzuZoM84Ws_id00842_wavtolip.npz,4.6922149658203125,4.6922149658203125,4.528401851654053,1
FakeVideo-FakeAudio/Caucasian (American)/women/id00398/00016_id01227_wavtolip.npz,4.897768974304199,4.897768974304199,4.696921348571777,1
FakeVideo-FakeAudio/Caucasian (American)/women/id00398/00016_id01231_XXpYdOHUF-g_id01217_wavtolip.npz,-2.6449832916259766,-2.6449832916259766,5.097062587738037,1
FakeVideo-FakeAudio/Caucasian (American)/women/id00398/00016_id01238_VPdv2sexRy0_id00145_wavtolip.npz,-2.0404186248779297,-2.0404186248779297,4.960299015045166,1
FakeVideo-FakeAudio/Caucasian (American)/women/id00398/00016_id03707_wavtolip.npz,-0.7488818168640137,-0.7488818168640137,5.003746509552002,1
FakeVideo-FakeAudio/Caucasian (American)/women/id00616/00305_id00098_Rs_fnQ0tnqQ_id01004_wavtolip.npz,-0.4718172550201416,-0.4718172550201416,4.217024803161621,1
FakeVideo-FakeAudio/Caucasian (American)/women/id00616/00305_id00180_wavtolip.npz,-1.453182339668274,-1.453182339668274,4.691301345825195,1
FakeVideo-FakeAudio/Caucasian (American)/women/id00616/00305_id00231_wavtolip.npz,-5.832167148590088,-5.832167148590088,5.1986613273620605,1
FakeVideo-FakeAudio/Caucasian (American)/women/id00616/00305_id00261_gYQ5Scz5FnA_id00190_wavtolip.npz,-0.5884854793548584,-0.5884854793548584,4.555505752563477,1
FakeVideo-FakeAudio/Caucasian (American)/women/id00616/00305_id00272_wavtolip.npz,-0.45649468898773193,-0.45649468898773193,5.108306884765625,1
FakeVideo-FakeAudio/Caucasian (American)/women/id00616/00305_id00291_L_SLT-j82Ms_id00428_wavtolip.npz,5.140633583068848,5.140633583068848,5.023541450500488,1
FakeVideo-FakeAudio/Caucasian (American)/women/id00616/00305_id00431_DyRvPN6rEfU_id00261_wavtolip.npz,0.0006996989250183105,0.0006996989250183105,4.705813884735107,1
FakeVideo-FakeAudio/Caucasian (American)/women/id00616/00305_id00752_wavtolip.npz,-5.636567115783691,-5.636567115783691,5.436394691467285,1
FakeVideo-FakeAudio/Caucasian (American)/women/id00616/00305_id00842_wavtolip.npz,4.604599952697754,4.604599952697754,4.5600104331970215,1
FakeVideo-FakeAudio/Caucasian (American)/women/id00616/00305_id01004_wavtolip.npz,-0.6380263566970825,-0.6380263566970825,4.219418048858643,1
FakeVideo-FakeAudio/Caucasian (American)/women/id00616/00305_id01225_WuzuZoM84Ws_id00616_wavtolip.npz,-0.5256677865982056,-0.5256677865982056,5.3724212646484375,1
FakeVideo-FakeAudio/Caucasian (American)/women/id00616/00305_id01227_eNr-P3gIrgo_id03781_wavtolip.npz,3.606266975402832,3.606266975402832,4.492430210113525,1
FakeVideo-FakeAudio/Caucasian (American)/women/id00616/00305_id01231_wavtolip.npz,-1.2494155168533325,-1.2494155168533325,5.19792366027832,1
FakeVideo-FakeAudio/Caucasian (American)/women/id00616/00305_id01245_7pYBPczR_z0_id01004_wavtolip.npz,-0.5390101671218872,-0.5390101671218872,4.280551910400391,1
FakeVideo-FakeAudio/Caucasian (American)/women/id00616/00305_id02464_wavtolip.npz,-3.1017727851867676,-3.1017727851867676,3.9964027404785156,1
FakeVideo-FakeAudio/Caucasian (American)/women/id00616/00305_id02466_wavtolip.npz,-1.2357823848724365,-1.2357823848724365,5.279548645019531,1
FakeVideo-FakeAudio/Caucasian (American)/women/id00616/00305_id03605_JGZt9DAhBRs_id00190_wavtolip.npz,-0.6914815306663513,-0.6914815306663513,4.544895648956299,1
FakeVideo-FakeAudio/Caucasian (American)/women/id00616/00305_id03696_Kz45DNXKLXI_id00458_wavtolip.npz,-1.6632683277130127,-1.6632683277130127,5.036921501159668,1
FakeVideo-FakeAudio/Caucasian (American)/women/id00145/00043_id00025_PjSeVtbvSjA_id01075_wavtolip.npz,-3.1825814247131348,-3.1825814247131348,5.158535480499268,1
FakeVideo-FakeAudio/Caucasian (American)/women/id00145/00043_id00025_wavtolip.npz,-3.9678633213043213,-3.9678633213043213,5.174544334411621,1
FakeVideo-FakeAudio/Caucasian (American)/women/id00145/00043_id00097_wavtolip.npz,-5.297084808349609,-5.297084808349609,4.619726181030273,1
FakeVideo-FakeAudio/Caucasian (American)/women/id00145/00043_id00180_lkeAa8Od_tg_id00458_wavtolip.npz,-1.7460427284240723,-1.7460427284240723,5.132655620574951,1
FakeVideo-FakeAudio/Caucasian (American)/women/id00145/00043_id00261_wavtolip.npz,-0.45988523960113525,-0.45988523960113525,4.843735218048096,1
FakeVideo-FakeAudio/Caucasian (American)/women/id00145/00043_id00428_Kr7n-68JWww_id00835_wavtolip.npz,3.9262773990631104,3.9262773990631104,4.43935489654541,1
FakeVideo-FakeAudio/Caucasian (American)/women/id00145/00043_id00458_K4t1pQZL7ck_id00431_wavtolip.npz,-6.3387861251831055,-6.3387861251831055,4.697506427764893,1
FakeVideo-FakeAudio/Caucasian (American)/women/id00145/00043_id00458_wavtolip.npz,-1.3940764665603638,-1.3940764665603638,5.109014511108398,1
FakeVideo-FakeAudio/Caucasian (American)/women/id00145/00043_id00618__TwV2SmUIlY_id00616_wavtolip.npz,-2.5975325107574463,-2.5975325107574463,5.170428276062012,1
FakeVideo-FakeAudio/Caucasian (American)/women/id00145/00043_id00618_wavtolip.npz,-0.5960898399353027,-0.5960898399353027,4.459649085998535,1
FakeVideo-FakeAudio/Caucasian (American)/women/id00145/00043_id00680_wavtolip.npz,-0.9573878049850464,-0.9573878049850464,4.782999038696289,1
FakeVideo-FakeAudio/Caucasian (American)/women/id00145/00043_id01004_867Wlj7Gw68_faceswap_id00097_wavtolip.npz,-5.726626873016357,-5.726626873016357,4.612552642822266,1
FakeVideo-FakeAudio/Caucasian (American)/women/id00145/00043_id01004_867Wlj7Gw68_faceswap_id00291_wavtolip.npz,-1.7121787071228027,-1.7121787071228027,4.750599384307861,1
FakeVideo-FakeAudio/Caucasian (American)/women/id00145/00043_id01004_867Wlj7Gw68_faceswap_id00458_wavtolip.npz,-1.6967992782592773,-1.6967992782592773,5.089704990386963,1
FakeVideo-FakeAudio/Caucasian (American)/women/id00145/00043_id01004_867Wlj7Gw68_faceswap_id00616_wavtolip.npz,-2.6656646728515625,-2.6656646728515625,5.211902618408203,1
FakeVideo-FakeAudio/Caucasian (American)/women/id00145/00043_id01004_867Wlj7Gw68_faceswap_id03707_wavtolip.npz,-1.093036413192749,-1.093036413192749,4.985295295715332,1
FakeVideo-FakeAudio/Caucasian (American)/women/id00145/00043_id01004_867Wlj7Gw68_id00428_wavtolip.npz,4.233575344085693,4.233575344085693,4.934838771820068,1
FakeVideo-FakeAudio/Caucasian (American)/women/id00145/00043_id01005_wavtolip.npz,-0.6610108613967896,-0.6610108613967896,5.080535411834717,1
FakeVideo-FakeAudio/Caucasian (American)/women/id00145/00043_id01223_TO3ym8Gwp7k_id00835_wavtolip.npz,4.001684665679932,4.001684665679932,4.415534019470215,1
FakeVideo-FakeAudio/Caucasian (American)/women/id00145/00043_id01231_wavtolip.npz,-2.0370357036590576,-2.0370357036590576,5.111596584320068,1
FakeVideo-FakeAudio/Caucasian (American)/women/id00145/00043_id01248_2y-HnTO8WrQ_id00555_wavtolip.npz,-2.015653133392334,-2.015653133392334,4.862905502319336,1
FakeVideo-FakeAudio/Caucasian (American)/women/id00145/00043_id02464_wavtolip.npz,-3.097302198410034,-3.097302198410034,4.041601181030273,1
FakeVideo-FakeAudio/Caucasian (American)/women/id00145/00043_id03605_JGZt9DAhBRs_id00383_wavtolip.npz,3.5719780921936035,3.5719780921936035,4.59649133682251,1
FakeVideo-FakeAudio/Caucasian (American)/women/id00145/00043_id03781_wavtolip.npz,4.014907360076904,4.014907360076904,4.646791458129883,1
FakeVideo-FakeAudio/Caucasian (American)/women/id00261/00048_id00100_sZ0Ex4WUEgM_id01231_wavtolip.npz,-3.647247314453125,-3.647247314453125,4.992959976196289,1
FakeVideo-FakeAudio/Caucasian (American)/women/id00261/00048_id00190_oZUSqqG9wu4_id01075_wavtolip.npz,-3.845264196395874,-3.845264196395874,5.083961009979248,1
FakeVideo-FakeAudio/Caucasian (American)/women/id00261/00048_id00231_wavtolip.npz,-6.0509490966796875,-6.0509490966796875,4.980400085449219,1
FakeVideo-FakeAudio/Caucasian (American)/women/id00261/00048_id00272_wavtolip.npz,-0.32378554344177246,-0.32378554344177246,5.031924247741699,1
FakeVideo-FakeAudio/Caucasian (American)/women/id00261/00048_id00383_wavtolip.npz,2.8971831798553467,2.8971831798553467,4.773545742034912,1
FakeVideo-FakeAudio/Caucasian (American)/women/id00261/00048_id00385_oqf8cNi7lOI_id00848_wavtolip.npz,-2.9464962482452393,-2.9464962482452393,4.986172199249268,1
FakeVideo-FakeAudio/Caucasian (American)/women/id00261/00048_id00398_wavtolip.npz,-2.0739800930023193,-2.0739800930023193,4.780503273010254,1
FakeVideo-FakeAudio/Caucasian (American)/women/id00261/00048_id00428_Kr7n-68JWww_id03605_wavtolip.npz,-0.7733243703842163,-0.7733243703842163,4.755706310272217,1
FakeVideo-FakeAudio/Caucasian (American)/women/id00261/00048_id00462_wavtolip.npz,-0.8795442581176758,-0.8795442581176758,4.441197872161865,1
FakeVideo-FakeAudio/Caucasian (American)/women/id00261/00048_id00618__TwV2SmUIlY_id00261_wavtolip.npz,3.0801987648010254,3.0801987648010254,4.89467191696167,1
FakeVideo-FakeAudio/Caucasian (American)/women/id00261/00048_id01005_wavtolip.npz,-2.601459264755249,-2.601459264755249,4.926144123077393,1
FakeVideo-FakeAudio/Caucasian (American)/women/id00261/00048_id01075_MtJUiHspdT0_id03605_wavtolip.npz,-0.8916544318199158,-0.8916544318199158,4.69191312789917,1
FakeVideo-FakeAudio/Caucasian (American)/women/id00261/00048_id01227_eNr-P3gIrgo_id01005_wavtolip.npz,-3.194422483444214,-3.194422483444214,4.939343452453613,1
FakeVideo-FakeAudio/Caucasian (American)/women/id00261/00048_id01231_XXpYdOHUF-g_id00272_wavtolip.npz,0.09108072519302368,0.09108072519302368,5.0348405838012695,1
FakeVideo-FakeAudio/Caucasian (American)/women/id00261/00048_id01245_wavtolip.npz,-0.7507372498512268,-0.7507372498512268,5.030790328979492,1
FakeVideo-FakeAudio/Caucasian (American)/women/id00261/00048_id02466_wavtolip.npz,-5.891895294189453,-5.891895294189453,5.036165237426758,1
FakeVideo-FakeAudio/Caucasian (American)/women/id00261/00048_id03556_wavtolip.npz,-0.2963171899318695,-0.2963171899318695,5.016646862030029,1
FakeVideo-FakeAudio/Caucasian (American)/women/id00261/00048_id03605_JGZt9DAhBRs_faceswap_id00428_wavtolip.npz,4.711219310760498,4.711219310760498,5.02649450302124,1
FakeVideo-FakeAudio/Caucasian (American)/women/id00261/00048_id03605_JGZt9DAhBRs_faceswap_id00462_wavtolip.npz,-1.1397731304168701,-1.1397731304168701,4.415578365325928,1
FakeVideo-FakeAudio/Caucasian (American)/women/id00261/00048_id03605_JGZt9DAhBRs_faceswap_id01216_wavtolip.npz,-6.044137001037598,-6.044137001037598,5.040912628173828,1
FakeVideo-FakeAudio/Caucasian (American)/women/id00261/00048_id03605_JGZt9DAhBRs_faceswap_id03707_wavtolip.npz,-1.2200274467468262,-1.2200274467468262,4.934216499328613,1
FakeVideo-FakeAudio/Caucasian (American)/women/id00261/00048_id03605_JGZt9DAhBRs_id01217_wavtolip.npz,-3.795790433883667,-3.795790433883667,4.939063549041748,1
FakeVideo-FakeAudio/Caucasian (American)/women/id00261/00048_id03696_Kz45DNXKLXI_id00431_wavtolip.npz,-6.37345027923584,-6.37345027923584,4.586676597595215,1
FakeVideo-FakeAudio/Caucasian (American)/women/id00752/00340_id00097_PchMB8-P1lw_id01245_wavtolip.npz,-0.6853471994400024,-0.6853471994400024,5.358968734741211,1
FakeVideo-FakeAudio/Caucasian (American)/women/id00752/00340_id00097_wavtolip.npz,-5.394776344299316,-5.394776344299316,4.595364093780518,1
FakeVideo-FakeAudio/Caucasian (American)/women/id00752/00340_id00098_Rs_fnQ0tnqQ_id02464_wavtolip.npz,-2.5518341064453125,-2.5518341064453125,3.9453306198120117,1
FakeVideo-FakeAudio/Caucasian (American)/women/id00752/00340_id00100_sZ0Ex4WUEgM_id00145_wavtolip.npz,1.4541587829589844,1.4541587829589844,5.120603561401367,1
FakeVideo-FakeAudio/Caucasian (American)/women/id00752/00340_id00272_VLY1boTtbRM_id03556_wavtolip.npz,0.5862705111503601,0.5862705111503601,4.862452983856201,1
FakeVideo-FakeAudio/Caucasian (American)/women/id00752/00340_id00381_wavtolip.npz,-6.011254787445068,-6.011254787445068,5.053957939147949,1
FakeVideo-FakeAudio/Caucasian (American)/women/id00752/00340_id00398_wavtolip.npz,-1.314843773841858,-1.314843773841858,4.795982837677002,1
FakeVideo-FakeAudio/Caucasian (American)/women/id00752/00340_id00428_Kr7n-68JWww_id00842_wavtolip.npz,4.43455696105957,4.43455696105957,4.555920600891113,1
FakeVideo-FakeAudio/Caucasian (American)/women/id00752/00340_id00428_wavtolip.npz,2.2035281658172607,2.2035281658172607,4.951204776763916,1
FakeVideo-FakeAudio/Caucasian (American)/women/id00752/00340_id00555_4DWmIb1tFZQ_id00458_wavtolip.npz,-1.9295156002044678,-1.9295156002044678,5.126555442810059,1
FakeVideo-FakeAudio/Caucasian (American)/women/id00752/00340_id00618_wavtolip.npz,-0.23155736923217773,-0.23155736923217773,4.434761047363281,1
FakeVideo-FakeAudio/Caucasian (American)/women/id00752/00340_id00680_wavtolip.npz,-0.5673691034317017,-0.5673691034317017,4.780574798583984,1
FakeVideo-FakeAudio/Caucasian (American)/women/id00752/00340_id00848_wavtolip.npz,-0.19142794609069824,-0.19142794609069824,5.250605583190918,1
FakeVideo-FakeAudio/Caucasian (American)/women/id00752/00340_id01217_wavtolip.npz,3.4021759033203125,3.4021759033203125,5.0045952796936035,1
FakeVideo-FakeAudio/Caucasian (American)/women/id00752/00340_id01223_wavtolip.npz,-5.955779075622559,-5.955779075622559,5.1054606437683105,1
FakeVideo-FakeAudio/Caucasian (American)/women/id00752/00340_id01227_eNr-P3gIrgo_faceswap_id00180_wavtolip.npz,0.3239239454269409,0.3239239454269409,4.795335292816162,1
FakeVideo-FakeAudio/Caucasian (American)/women/id00752/00340_id01227_eNr-P3gIrgo_faceswap_id00841_wavtolip.npz,-1.087683916091919,-1.087683916091919,4.660173416137695,1
FakeVideo-FakeAudio/Caucasian (American)/women/id00752/00340_id01227_eNr-P3gIrgo_faceswap_id01231_wavtolip.npz,-0.2795534133911133,-0.2795534133911133,5.217842102050781,1
FakeVideo-FakeAudio/Caucasian (American)/women/id00752/00340_id01227_eNr-P3gIrgo_faceswap_id03605_wavtolip.npz,-1.0796231031417847,-1.0796231031417847,4.712336540222168,1
FakeVideo-FakeAudio/Caucasian (American)/women/id00752/00340_id01227_eNr-P3gIrgo_id01231_wavtolip.npz,-0.6228762269020081,-0.6228762269020081,5.261665344238281,1
FakeVideo-FakeAudio/Caucasian (American)/women/id00752/00340_id01238_wavtolip.npz,3.0992376804351807,3.0992376804351807,4.502718925476074,1
FakeVideo-FakeAudio/Caucasian (American)/women/id00752/00340_id02464_1hxJsZYV7mI_id03696_wavtolip.npz,0.052670836448669434,0.052670836448669434,4.736628532409668,1
FakeVideo-FakeAudio/Caucasian (American)/women/id00752/00340_id03707_pwNcRPQ5qdo_id00848_wavtolip.npz,-1.4723386764526367,-1.4723386764526367,5.286105155944824,1
FakeVideo-FakeAudio/Caucasian (American)/women/id00752/00340_id03781_jbHfYGVNqTg_id00398_wavtolip.npz,-1.5340040922164917,-1.5340040922164917,4.748038291931152,1
FakeVideo-FakeAudio/Caucasian (American)/women/id00098/00004_id00180_lkeAa8Od_tg_id01231_wavtolip.npz,-2.518951892852783,-2.518951892852783,4.641140937805176,1
FakeVideo-FakeAudio/Caucasian (American)/women/id00098/00004_id00291_wavtolip.npz,-6.362637519836426,-6.362637519836426,4.550516128540039,1
FakeVideo-FakeAudio/Caucasian (American)/women/id00098/00004_id00428_Kr7n-68JWww_id00842_wavtolip.npz,4.640239238739014,4.640239238739014,4.652414798736572,1
FakeVideo-FakeAudio/Caucasian (American)/women/id00098/00004_id00428_wavtolip.npz,-5.837803840637207,-5.837803840637207,4.694295406341553,1
FakeVideo-FakeAudio/Caucasian (American)/women/id00098/00004_id00458_K4t1pQZL7ck_id00100_wavtolip.npz,-1.3451770544052124,-1.3451770544052124,4.741441249847412,1
FakeVideo-FakeAudio/Caucasian (American)/women/id00098/00004_id00555_4DWmIb1tFZQ_id00097_wavtolip.npz,-6.259455680847168,-6.259455680847168,4.556952476501465,1
FakeVideo-FakeAudio/Caucasian (American)/women/id00098/00004_id00616_xT51pPmksJw_faceswap_id00025_wavtolip.npz,-6.193057537078857,-6.193057537078857,4.557953357696533,1
FakeVideo-FakeAudio/Caucasian (American)/women/id00098/00004_id00616_xT51pPmksJw_faceswap_id00097_wavtolip.npz,-3.324338436126709,-3.324338436126709,4.567091941833496,1
FakeVideo-FakeAudio/Caucasian (American)/women/id00098/00004_id00616_xT51pPmksJw_faceswap_id00098_wavtolip.npz,-1.0098669528961182,-1.0098669528961182,4.631147861480713,1
FakeVideo-FakeAudio/Caucasian (American)/women/id00098/00004_id00616_xT51pPmksJw_faceswap_id01223_wavtolip.npz,-6.32406759262085,-6.32406759262085,4.668442249298096,1
FakeVideo-FakeAudio/Caucasian (American)/women/id00098/00004_id00616_xT51pPmksJw_faceswap_id02466_wavtolip.npz,-4.190030097961426,-4.190030097961426,4.618960857391357,1
FakeVideo-FakeAudio/Caucasian (American)/women/id00098/00004_id00618_wavtolip.npz,4.164957046508789,4.164957046508789,4.4577741622924805,1
FakeVideo-FakeAudio/Caucasian (American)/women/id00098/00004_id01004_867Wlj7Gw68_id00458_wavtolip.npz,-3.4267871379852295,-3.4267871379852295,4.645251274108887,1
FakeVideo-FakeAudio/Caucasian (American)/women/id00098/00004_id01091_oM2XdIGMM2c_id03556_wavtolip.npz,-1.9007809162139893,-1.9007809162139893,4.657902717590332,1
FakeVideo-FakeAudio/Caucasian (American)/women/id00098/00004_id01216_wavtolip.npz,-5.261662483215332,-5.261662483215332,4.730101585388184,1
FakeVideo-FakeAudio/Caucasian (American)/women/id00098/00004_id01225_WuzuZoM84Ws_id00616_wavtolip.npz,-3.339545249938965,-3.339545249938965,4.714146614074707,1
FakeVideo-FakeAudio/Caucasian (American)/women/id00098/00004_id01231_wavtolip.npz,-3.096768856048584,-3.096768856048584,4.542130947113037,1
FakeVideo-FakeAudio/Caucasian (American)/women/id00098/00004_id01245_7pYBPczR_z0_id01245_wavtolip.npz,-0.877907931804657,-0.877907931804657,4.699476718902588,1
FakeVideo-FakeAudio/Caucasian (American)/women/id00098/00004_id01245_wavtolip.npz,-1.17400324344635,-1.17400324344635,4.66303014755249,1
FakeVideo-FakeAudio/Caucasian (American)/women/id00098/00004_id02464_wavtolip.npz,-3.196010112762451,-3.196010112762451,4.065310001373291,1
FakeVideo-FakeAudio/Caucasian (American)/women/id01217/00005_id00097_PchMB8-P1lw_id00190_wavtolip.npz,-0.17922604084014893,-0.17922604084014893,4.56911039352417,1
FakeVideo-FakeAudio/Caucasian (American)/women/id01217/00005_id00190_wavtolip.npz,-0.24895107746124268,-0.24895107746124268,4.528913974761963,1
FakeVideo-FakeAudio/Caucasian (American)/women/id01217/00005_id00383_n6i0VWqGcKI_id00835_wavtolip.npz,4.02773904800415,4.02773904800415,4.259130954742432,1
FakeVideo-FakeAudio/Caucasian (American)/women/id01217/00005_id00462_EMnGfAq9gg4_id03556_wavtolip.npz,1.4371109008789062,1.4371109008789062,4.925485134124756,1
FakeVideo-FakeAudio/Caucasian (American)/women/id01217/00005_id00616_wavtolip.npz,-2.9805245399475098,-2.9805245399475098,5.164852619171143,1
FakeVideo-FakeAudio/Caucasian (American)/women/id01217/00005_id00835_zWTp4szbb5k_id03696_wavtolip.npz,0.4628788232803345,0.4628788232803345,4.718935012817383,1
FakeVideo-FakeAudio/Caucasian (American)/women/id01217/00005_id01075_wavtolip.npz,-3.249983310699463,-3.249983310699463,5.129306316375732,1
FakeVideo-FakeAudio/Caucasian (American)/women/id01217/00005_id01091_oM2XdIGMM2c_id00842_wavtolip.npz,4.631185531616211,4.631185531616211,4.484138488769531,1
FakeVideo-FakeAudio/Caucasian (American)/women/id01217/00005_id01216_IRxEWpT_lZs_id01225_wavtolip.npz,-2.035367250442505,-2.035367250442505,5.059335708618164,1
FakeVideo-FakeAudio/Caucasian (American)/women/id01217/00005_id01223_TO3ym8Gwp7k_id00100_wavtolip.npz,4.3336334228515625,4.3336334228515625,5.044063091278076,1
FakeVideo-FakeAudio/Caucasian (American)/women/id01217/00005_id01225_WuzuZoM84Ws_id03696_wavtolip.npz,1.3101470470428467,1.3101470470428467,4.614006042480469,1
FakeVideo-FakeAudio/Caucasian (American)/women/id01217/00005_id01227_wavtolip.npz,4.884861946105957,4.884861946105957,4.760929584503174,1
FakeVideo-FakeAudio/Caucasian (American)/women/id01217/00005_id01248_2y-HnTO8WrQ_faceswap_id00145_wavtolip.npz,-2.588655710220337,-2.588655710220337,5.0353312492370605,1
FakeVideo-FakeAudio/Caucasian (American)/women/id01217/00005_id01248_2y-HnTO8WrQ_faceswap_id00261_wavtolip.npz,-0.052789926528930664,-0.052789926528930664,4.906661510467529,1
FakeVideo-FakeAudio/Caucasian (American)/women/id01217/00005_id01248_2y-HnTO8WrQ_faceswap_id00383_wavtolip.npz,3.1416220664978027,3.1416220664978027,4.572935104370117,1
FakeVideo-FakeAudio/Caucasian (American)/women/id01217/00005_id01248_2y-HnTO8WrQ_faceswap_id00385_wavtolip.npz,0.3019355535507202,0.3019355535507202,5.135298252105713,1
FakeVideo-FakeAudio/Caucasian (American)/women/id01217/00005_id01248_2y-HnTO8WrQ_faceswap_id00431_wavtolip.npz,-6.303285121917725,-6.303285121917725,4.560044288635254,1
FakeVideo-FakeAudio/Caucasian (American)/women/id01217/00005_id01248_2y-HnTO8WrQ_id00752_wavtolip.npz,-5.831363201141357,-5.831363201141357,5.135176658630371,1
FakeVideo-FakeAudio/Caucasian (American)/women/id01217/00005_id01248_wavtolip.npz,-1.5367660522460938,-1.5367660522460938,4.622817516326904,1
FakeVideo-FakeAudio/Caucasian (American)/women/id01217/00005_id02466_VOgaA7O5yWY_id03556_wavtolip.npz,0.5239012837409973,0.5239012837409973,4.901224136352539,1
FakeVideo-FakeAudio/Caucasian (American)/women/id01217/00005_id03556_wavtolip.npz,1.6696186065673828,1.6696186065673828,4.923032760620117,1
FakeVideo-FakeAudio/Caucasian (American)/women/id01217/00005_id03707_wavtolip.npz,-1.0533902645111084,-1.0533902645111084,4.955836296081543,1
FakeVideo-FakeAudio/Caucasian (American)/women/id01091/00236_id00025_PjSeVtbvSjA_id00428_wavtolip.npz,-5.437653064727783,-5.437653064727783,4.913569450378418,1
FakeVideo-FakeAudio/Caucasian (American)/women/id01091/00236_id00097_wavtolip.npz,-6.035697937011719,-6.035697937011719,4.546387672424316,1
FakeVideo-FakeAudio/Caucasian (American)/women/id01091/00236_id00180_lkeAa8Od_tg_id01005_wavtolip.npz,-3.747786045074463,-3.747786045074463,4.887881278991699,1
FakeVideo-FakeAudio/Caucasian (American)/women/id01091/00236_id00231_Pi8vVHrPQMU_id00100_wavtolip.npz,-1.4973564147949219,-1.4973564147949219,4.8316216468811035,1
FakeVideo-FakeAudio/Caucasian (American)/women/id01091/00236_id00261_wavtolip.npz,2.456460952758789,2.456460952758789,4.723718643188477,1
FakeVideo-FakeAudio/Caucasian (American)/women/id01091/00236_id00428_Kr7n-68JWww_id03707_wavtolip.npz,-3.7029340267181396,-3.7029340267181396,4.8634843826293945,1
FakeVideo-FakeAudio/Caucasian (American)/women/id01091/00236_id00555_4DWmIb1tFZQ_id01005_wavtolip.npz,-3.149974822998047,-3.149974822998047,4.895258903503418,1
FakeVideo-FakeAudio/Caucasian (American)/women/id01091/00236_id00618_wavtolip.npz,4.281247615814209,4.281247615814209,4.505451679229736,1
FakeVideo-FakeAudio/Caucasian (American)/women/id01091/00236_id00752_wavtolip.npz,-4.915233612060547,-4.915233612060547,4.799436569213867,1
FakeVideo-FakeAudio/Caucasian (American)/women/id01091/00236_id00835_zWTp4szbb5k_id00618_wavtolip.npz,4.202227592468262,4.202227592468262,4.607895851135254,1
FakeVideo-FakeAudio/Caucasian (American)/women/id01091/00236_id00842__jwlpdZvqus_id00848_wavtolip.npz,-5.231123924255371,-5.231123924255371,4.816024303436279,1
FakeVideo-FakeAudio/Caucasian (American)/women/id01091/00236_id01004_867Wlj7Gw68_id03696_wavtolip.npz,0.08367955684661865,0.08367955684661865,4.685338497161865,1
FakeVideo-FakeAudio/Caucasian (American)/women/id01091/00236_id01217_7lVC4xEK_6E_id01005_wavtolip.npz,-2.1441850662231445,-2.1441850662231445,4.860090732574463,1
FakeVideo-FakeAudio/Caucasian (American)/women/id01091/00236_id01238_wavtolip.npz,3.0967578887939453,3.0967578887939453,4.499260425567627,1
FakeVideo-FakeAudio/Caucasian (American)/women/id01091/00236_id01245_wavtolip.npz,-0.1593272089958191,-0.1593272089958191,4.780245304107666,1
FakeVideo-FakeAudio/Caucasian (American)/women/id01091/00236_id02466_wavtolip.npz,-4.248215675354004,-4.248215675354004,4.860415458679199,1
FakeVideo-FakeAudio/Caucasian (American)/women/id01091/00236_id03556_wavtolip.npz,-0.9966201186180115,-0.9966201186180115,4.907132625579834,1
FakeVideo-FakeAudio/Caucasian (American)/women/id01091/00236_id03696_Kz45DNXKLXI_faceswap_id00575_wavtolip.npz,0.7802228331565857,0.7802228331565857,4.540159702301025,1
FakeVideo-FakeAudio/Caucasian (American)/women/id01091/00236_id03696_Kz45DNXKLXI_faceswap_id01217_wavtolip.npz,-4.308938503265381,-4.308938503265381,4.835925579071045,1
FakeVideo-FakeAudio/Caucasian (American)/women/id01091/00236_id03696_Kz45DNXKLXI_faceswap_id01231_wavtolip.npz,-2.2546322345733643,-2.2546322345733643,4.810741424560547,1
FakeVideo-FakeAudio/Caucasian (American)/women/id01091/00236_id03696_Kz45DNXKLXI_faceswap_id01248_wavtolip.npz,-1.6970033645629883,-1.6970033645629883,4.544428825378418,1
FakeVideo-FakeAudio/Caucasian (American)/women/id01091/00236_id03696_Kz45DNXKLXI_faceswap_id03781_wavtolip.npz,3.2143046855926514,3.2143046855926514,4.613453388214111,1
FakeVideo-FakeAudio/Caucasian (American)/women/id01091/00236_id03696_Kz45DNXKLXI_id00381_wavtolip.npz,-6.1608476638793945,-6.1608476638793945,4.822938442230225,1
FakeVideo-FakeAudio/Caucasian (American)/women/id01091/00236_id03781_wavtolip.npz,3.1063809394836426,3.1063809394836426,4.5292582511901855,1
FakeVideo-FakeAudio/Caucasian (American)/women/id03605/00048_0_id00100_wavtolip.npz,-1.4748533964157104,-1.4748533964157104,4.918544292449951,1
FakeVideo-FakeAudio/Caucasian (American)/women/id03605/00048_0_id01227_wavtolip.npz,4.897785186767578,4.897785186767578,4.674551010131836,1
FakeVideo-FakeAudio/Caucasian (American)/women/id03605/00048_0_id01238_wavtolip.npz,2.8226373195648193,2.8226373195648193,4.565393924713135,1
FakeVideo-FakeAudio/Caucasian (American)/women/id03605/00048_0_id01245_wavtolip.npz,-1.3500049114227295,-1.3500049114227295,4.811000347137451,1
FakeVideo-FakeAudio/Caucasian (American)/women/id03605/00048_0_id03556_wavtolip.npz,2.0618250370025635,2.0618250370025635,4.835066318511963,1
FakeVideo-FakeAudio/Caucasian (American)/women/id03605/00048_1_id00145_wavtolip.npz,-2.583667755126953,-2.583667755126953,5.027553558349609,1
FakeVideo-FakeAudio/Caucasian (American)/women/id03605/00048_1_id00180_wavtolip.npz,-1.068770408630371,-1.068770408630371,4.679194927215576,1
FakeVideo-FakeAudio/Caucasian (American)/women/id03605/00048_1_id00385_wavtolip.npz,-0.8542242050170898,-0.8542242050170898,5.114822864532471,1
FakeVideo-FakeAudio/Caucasian (American)/women/id03605/00048_1_id01248_wavtolip.npz,-1.1608861684799194,-1.1608861684799194,4.5477094650268555,1
FakeVideo-FakeAudio/Caucasian (American)/women/id03605/00048_1_id03696_wavtolip.npz,3.724104881286621,3.724104881286621,4.673779010772705,1
FakeVideo-FakeAudio/Caucasian (American)/women/id03605/00048_2_id00100_wavtolip.npz,4.287206172943115,4.287206172943115,4.953616142272949,1
FakeVideo-FakeAudio/Caucasian (American)/women/id03605/00048_2_id00835_wavtolip.npz,4.024955749511719,4.024955749511719,4.432538032531738,1
FakeVideo-FakeAudio/Caucasian (American)/women/id03605/00048_2_id01075_wavtolip.npz,-5.501543998718262,-5.501543998718262,5.388579845428467,1
FakeVideo-FakeAudio/Caucasian (American)/women/id03605/00048_2_id01227_wavtolip.npz,4.893772602081299,4.893772602081299,4.7537431716918945,1
FakeVideo-FakeAudio/Caucasian (American)/women/id03605/00048_2_id01245_wavtolip.npz,-0.34730064868927,-0.34730064868927,5.3099517822265625,1
FakeVideo-FakeAudio/Caucasian (American)/women/id03605/00048_3_id00190_wavtolip.npz,-1.1847432851791382,-1.1847432851791382,4.526004791259766,1
FakeVideo-FakeAudio/Caucasian (American)/women/id03605/00048_3_id00381_wavtolip.npz,-6.010565757751465,-6.010565757751465,4.896676063537598,1
FakeVideo-FakeAudio/Caucasian (American)/women/id03605/00048_3_id00575_wavtolip.npz,-0.6380473375320435,-0.6380473375320435,4.484070777893066,1
FakeVideo-FakeAudio/Caucasian (American)/women/id03605/00048_3_id00618_wavtolip.npz,-0.890854001045227,-0.890854001045227,4.510493755340576,1
FakeVideo-FakeAudio/Caucasian (American)/women/id03605/00048_3_id01227_wavtolip.npz,4.861698150634766,4.861698150634766,4.686584949493408,1
FakeVideo-FakeAudio/Caucasian (American)/women/id03605/00048_id00025_wavtolip.npz,-6.111960411071777,-6.111960411071777,5.053656578063965,1
FakeVideo-FakeAudio/Caucasian (American)/women/id03605/00048_id00100_sZ0Ex4WUEgM_id00398_wavtolip.npz,-1.3983403444290161,-1.3983403444290161,4.7014360427856445,1
FakeVideo-FakeAudio/Caucasian (American)/women/id03605/00048_id00145_JveyoCdoCuI_id00231_wavtolip.npz,-6.110230922698975,-6.110230922698975,4.883496284484863,1
FakeVideo-FakeAudio/Caucasian (American)/women/id03605/00048_id00231_Pi8vVHrPQMU_id01216_wavtolip.npz,-6.116771221160889,-6.116771221160889,4.788606643676758,1
FakeVideo-FakeAudio/Caucasian (American)/women/id03605/00048_id00272_wavtolip.npz,-0.23489481210708618,-0.23489481210708618,4.790082931518555,1
FakeVideo-FakeAudio/Caucasian (American)/women/id03605/00048_id00428_Kr7n-68JWww_id01227_wavtolip.npz,4.856271743774414,4.856271743774414,4.695164203643799,1
FakeVideo-FakeAudio/Caucasian (American)/women/id03605/00048_id00431_wavtolip.npz,-6.326141357421875,-6.326141357421875,4.494020938873291,1
FakeVideo-FakeAudio/Caucasian (American)/women/id03605/00048_id00462_wavtolip.npz,-1.3479444980621338,-1.3479444980621338,4.431437015533447,1
FakeVideo-FakeAudio/Caucasian (American)/women/id03605/00048_id00842_wavtolip.npz,4.686362266540527,4.686362266540527,4.487369060516357,1
FakeVideo-FakeAudio/Caucasian (American)/women/id03605/00048_id00848_wavtolip.npz,-6.084653377532959,-6.084653377532959,4.835780143737793,1
FakeVideo-FakeAudio/Caucasian (American)/women/id03605/00048_id01004_867Wlj7Gw68_id00841_wavtolip.npz,-2.1201465129852295,-2.1201465129852295,4.528778076171875,1
FakeVideo-FakeAudio/Caucasian (American)/women/id03605/00048_id01238_VPdv2sexRy0_id00398_wavtolip.npz,-0.7259515523910522,-0.7259515523910522,4.780476093292236,1
FakeVideo-FakeAudio/Caucasian (American)/women/id03605/00048_id01248_2y-HnTO8WrQ_id01217_wavtolip.npz,-4.937831878662109,-4.937831878662109,4.961763381958008,1
FakeVideo-FakeAudio/Caucasian (American)/women/id03605/00048_id02464_wavtolip.npz,-2.8202826976776123,-2.8202826976776123,3.8853812217712402,1
FakeVideo-FakeAudio/Caucasian (American)/women/id03605/00048_id03707_wavtolip.npz,-3.6403417587280273,-3.6403417587280273,4.892804145812988,1
FakeVideo-FakeAudio/Caucasian (American)/women/id03605/00048_id03781_jbHfYGVNqTg_id00835_wavtolip.npz,3.9019908905029297,3.9019908905029297,4.3554792404174805,1
FakeVideo-FakeAudio/Caucasian (American)/women/id03556/00043_id00097_wavtolip.npz,-6.044784069061279,-6.044784069061279,4.6196088790893555,1
FakeVideo-FakeAudio/Caucasian (American)/women/id03556/00043_id00145_wavtolip.npz,-1.583625316619873,-1.583625316619873,5.055044651031494,1
FakeVideo-FakeAudio/Caucasian (American)/women/id03556/00043_id00272_VLY1boTtbRM_id00180_wavtolip.npz,-1.267173171043396,-1.267173171043396,4.799230098724365,1
FakeVideo-FakeAudio/Caucasian (American)/women/id03556/00043_id00291_L_SLT-j82Ms_id01225_wavtolip.npz,-1.1082819700241089,-1.1082819700241089,5.012875556945801,1
FakeVideo-FakeAudio/Caucasian (American)/women/id03556/00043_id00431_wavtolip.npz,-6.374231815338135,-6.374231815338135,4.601542949676514,1
FakeVideo-FakeAudio/Caucasian (American)/women/id03556/00043_id00616_wavtolip.npz,-1.5518977642059326,-1.5518977642059326,5.311133861541748,1
FakeVideo-FakeAudio/Caucasian (American)/women/id03556/00043_id00618_wavtolip.npz,-2.6230599880218506,-2.6230599880218506,4.605675220489502,1
FakeVideo-FakeAudio/Caucasian (American)/women/id03556/00043_id01004_867Wlj7Gw68_id00458_wavtolip.npz,-1.5658568143844604,-1.5658568143844604,5.05804443359375,1
FakeVideo-FakeAudio/Caucasian (American)/women/id03556/00043_id01005_lJZrqhcRFSA_id03707_wavtolip.npz,-0.9804708957672119,-0.9804708957672119,4.955300807952881,1
FakeVideo-FakeAudio/Caucasian (American)/women/id03556/00043_id01091_oM2XdIGMM2c_id01216_wavtolip.npz,-2.411766529083252,-2.411766529083252,5.478339672088623,1
FakeVideo-FakeAudio/Caucasian (American)/women/id03556/00043_id01217_wavtolip.npz,3.207873821258545,3.207873821258545,5.072042942047119,1
FakeVideo-FakeAudio/Caucasian (American)/women/id03556/00043_id01225_WuzuZoM84Ws_id00381_wavtolip.npz,-6.0146894454956055,-6.0146894454956055,4.909226417541504,1
FakeVideo-FakeAudio/Caucasian (American)/women/id03556/00043_id01227_wavtolip.npz,4.8096022605896,4.8096022605896,4.813388824462891,1
FakeVideo-FakeAudio/Caucasian (American)/women/id03556/00043_id01231_wavtolip.npz,-1.1158524751663208,-1.1158524751663208,5.202404022216797,1
FakeVideo-FakeAudio/Caucasian (American)/women/id03556/00043_id02464_1hxJsZYV7mI_faceswap_id00428_wavtolip.npz,-1.75931715965271,-1.75931715965271,5.011945724487305,1
FakeVideo-FakeAudio/Caucasian (American)/women/id03556/00043_id02464_1hxJsZYV7mI_faceswap_id00462_wavtolip.npz,-0.5780458450317383,-0.5780458450317383,4.342645645141602,1
FakeVideo-FakeAudio/Caucasian (American)/women/id03556/00043_id02464_1hxJsZYV7mI_faceswap_id00835_wavtolip.npz,3.938300609588623,3.938300609588623,4.395127773284912,1
FakeVideo-FakeAudio/Caucasian (American)/women/id03556/00043_id02464_1hxJsZYV7mI_faceswap_id00842_wavtolip.npz,4.55787467956543,4.55787467956543,4.485360145568848,1
FakeVideo-FakeAudio/Caucasian (American)/women/id03556/00043_id02464_1hxJsZYV7mI_faceswap_id01005_wavtolip.npz,-0.6615065932273865,-0.6615065932273865,4.974616050720215,1
FakeVideo-FakeAudio/Caucasian (American)/women/id03556/00043_id02464_1hxJsZYV7mI_id00616_wavtolip.npz,-0.9186223149299622,-0.9186223149299622,5.3186540603637695,1
FakeVideo-FakeAudio/Caucasian (American)/women/id03556/00043_id02466_VOgaA7O5yWY_id00431_wavtolip.npz,-6.3840131759643555,-6.3840131759643555,4.73540735244751,1
FakeVideo-FakeAudio/Caucasian (American)/women/id03556/00043_id03781_jbHfYGVNqTg_id00097_wavtolip.npz,-6.32023811340332,-6.32023811340332,4.669814109802246,1
FakeVideo-FakeAudio/Caucasian (American)/women/id03556/00043_id03781_wavtolip.npz,2.274031162261963,2.274031162261963,4.6871442794799805,1
FakeVideo-FakeAudio/Caucasian (American)/women/id01004/00028_id00025_PjSeVtbvSjA_id00100_wavtolip.npz,0.2681204080581665,0.2681204080581665,4.703057289123535,1
FakeVideo-FakeAudio/Caucasian (American)/women/id01004/00028_id00145_JveyoCdoCuI_id03605_wavtolip.npz,-4.843560695648193,-4.843560695648193,4.692257404327393,1
FakeVideo-FakeAudio/Caucasian (American)/women/id01004/00028_id00190_wavtolip.npz,3.7008402347564697,3.7008402347564697,4.558327674865723,1
FakeVideo-FakeAudio/Caucasian (American)/women/id01004/00028_id00231_Pi8vVHrPQMU_id03556_wavtolip.npz,-1.4522374868392944,-1.4522374868392944,4.678145885467529,1
FakeVideo-FakeAudio/Caucasian (American)/women/id01004/00028_id00428_Kr7n-68JWww_faceswap_id00428_wavtolip.npz,2.6486473083496094,2.6486473083496094,4.692499160766602,1
FakeVideo-FakeAudio/Caucasian (American)/women/id01004/00028_id00428_Kr7n-68JWww_faceswap_id00462_wavtolip.npz,-0.8339964747428894,-0.8339964747428894,4.361588954925537,1
FakeVideo-FakeAudio/Caucasian (American)/women/id01004/00028_id00428_Kr7n-68JWww_faceswap_id01248_wavtolip.npz,-2.3912036418914795,-2.3912036418914795,4.617063522338867,1
FakeVideo-FakeAudio/Caucasian (American)/women/id01004/00028_id00428_Kr7n-68JWww_faceswap_id02464_wavtolip.npz,-2.799614906311035,-2.799614906311035,3.9841530323028564,1
FakeVideo-FakeAudio/Caucasian (American)/women/id01004/00028_id00428_Kr7n-68JWww_id00261_wavtolip.npz,-2.5380442142486572,-2.5380442142486572,4.729078769683838,1
FakeVideo-FakeAudio/Caucasian (American)/women/id01004/00028_id00458_wavtolip.npz,-4.357093811035156,-4.357093811035156,4.75999116897583,1
FakeVideo-FakeAudio/Caucasian (American)/women/id01004/00028_id00462_EMnGfAq9gg4_id00100_wavtolip.npz,-0.8467113971710205,-0.8467113971710205,4.668387413024902,1
FakeVideo-FakeAudio/Caucasian (American)/women/id01004/00028_id00680_wavtolip.npz,-4.417279243469238,-4.417279243469238,4.698556900024414,1
FakeVideo-FakeAudio/Caucasian (American)/women/id01004/00028_id00835_wavtolip.npz,4.029201984405518,4.029201984405518,4.382022380828857,1
FakeVideo-FakeAudio/Caucasian (American)/women/id01004/00028_id00841_wavtolip.npz,-1.9830759763717651,-1.9830759763717651,4.700842380523682,1
FakeVideo-FakeAudio/Caucasian (American)/women/id01004/00028_id00848_wavtolip.npz,-6.313014984130859,-6.313014984130859,4.606718063354492,1
FakeVideo-FakeAudio/Caucasian (American)/women/id01004/00028_id01005_lJZrqhcRFSA_id03781_wavtolip.npz,3.438838481903076,3.438838481903076,4.6746602058410645,1
FakeVideo-FakeAudio/Caucasian (American)/women/id01004/00028_id01091_oM2XdIGMM2c_id00555_wavtolip.npz,-6.26242733001709,-6.26242733001709,4.7491607666015625,1
FakeVideo-FakeAudio/Caucasian (American)/women/id01004/00028_id01231_wavtolip.npz,-2.262205123901367,-2.262205123901367,4.844632148742676,1
FakeVideo-FakeAudio/Caucasian (American)/women/id01004/00028_id01248_2y-HnTO8WrQ_id00555_wavtolip.npz,-5.477035999298096,-5.477035999298096,4.832616329193115,1
FakeVideo-FakeAudio/Caucasian (American)/women/id01004/00028_id03556_wavtolip.npz,-1.1998462677001953,-1.1998462677001953,4.6507391929626465,1
FakeVideo-FakeAudio/Caucasian (American)/women/id01004/00028_id03781_jbHfYGVNqTg_id03707_wavtolip.npz,-2.818528413772583,-2.818528413772583,4.722104549407959,1
FakeVideo-FakeAudio/Caucasian (American)/women/id00841/00078_0_id00462_wavtolip.npz,-1.270707368850708,-1.270707368850708,4.405209541320801,1
FakeVideo-FakeAudio/Caucasian (American)/women/id00841/00078_0_id00616_wavtolip.npz,-3.9296839237213135,-3.9296839237213135,4.767669200897217,1
FakeVideo-FakeAudio/Caucasian (American)/women/id00841/00078_0_id01005_wavtolip.npz,-3.451127290725708,-3.451127290725708,4.9404730796813965,1
FakeVideo-FakeAudio/Caucasian (American)/women/id00841/00078_0_id01245_wavtolip.npz,-0.8377581834793091,-0.8377581834793091,4.809366226196289,1
FakeVideo-FakeAudio/Caucasian (American)/women/id00841/00078_0_id03781_wavtolip.npz,4.106616973876953,4.106616973876953,4.556995391845703,1
FakeVideo-FakeAudio/Caucasian (American)/women/id00841/00078_1_id00098_wavtolip.npz,-0.9898923635482788,-0.9898923635482788,4.599926471710205,1
FakeVideo-FakeAudio/Caucasian (American)/women/id00841/00078_1_id00418_wavtolip.npz,-0.9633111953735352,-0.9633111953735352,4.631396770477295,1
FakeVideo-FakeAudio/Caucasian (American)/women/id00841/00078_1_id00462_wavtolip.npz,-0.5344374179840088,-0.5344374179840088,4.3707404136657715,1
FakeVideo-FakeAudio/Caucasian (American)/women/id00841/00078_1_id01217_wavtolip.npz,3.0816266536712646,3.0816266536712646,5.094578742980957,1
FakeVideo-FakeAudio/Caucasian (American)/women/id00841/00078_1_id01245_wavtolip.npz,-0.08194410800933838,-0.08194410800933838,5.300280570983887,1
FakeVideo-FakeAudio/Caucasian (American)/women/id00841/00078_2_id00025_wavtolip.npz,-3.0526583194732666,-3.0526583194732666,5.3983635902404785,1
FakeVideo-FakeAudio/Caucasian (American)/women/id00841/00078_2_id00428_wavtolip.npz,1.0050747394561768,1.0050747394561768,5.042302131652832,1
FakeVideo-FakeAudio/Caucasian (American)/women/id00841/00078_2_id00842_wavtolip.npz,4.618959426879883,4.618959426879883,4.520688533782959,1
FakeVideo-FakeAudio/Caucasian (American)/women/id00841/00078_2_id01217_wavtolip.npz,2.959805727005005,2.959805727005005,5.16499662399292,1
FakeVideo-FakeAudio/Caucasian (American)/women/id00841/00078_2_id03605_wavtolip.npz,-1.2536044120788574,-1.2536044120788574,4.805782794952393,1
FakeVideo-FakeAudio/Caucasian (American)/women/id00841/00078_id00097_wavtolip.npz,-6.243277549743652,-6.243277549743652,4.485938549041748,1
FakeVideo-FakeAudio/Caucasian (American)/women/id00841/00078_id00100_sZ0Ex4WUEgM_id01248_wavtolip.npz,-2.235523223876953,-2.235523223876953,4.664860725402832,1
FakeVideo-FakeAudio/Caucasian (American)/women/id00841/00078_id00145_JveyoCdoCuI_id01216_wavtolip.npz,-5.9488205909729,-5.9488205909729,5.092979907989502,1
FakeVideo-FakeAudio/Caucasian (American)/women/id00841/00078_id00145_wavtolip.npz,3.3873491287231445,3.3873491287231445,5.06713342666626,1
FakeVideo-FakeAudio/Caucasian (American)/women/id00841/00078_id00180_lkeAa8Od_tg_id00431_wavtolip.npz,-6.382225036621094,-6.382225036621094,4.59732723236084,1
FakeVideo-FakeAudio/Caucasian (American)/women/id00841/00078_id00272_wavtolip.npz,-2.583462953567505,-2.583462953567505,5.111320495605469,1
FakeVideo-FakeAudio/Caucasian (American)/women/id00841/00078_id00428_Kr7n-68JWww_id03781_wavtolip.npz,2.4131836891174316,2.4131836891174316,4.604930400848389,1
FakeVideo-FakeAudio/Caucasian (American)/women/id00841/00078_id00618_wavtolip.npz,-1.0306727886199951,-1.0306727886199951,4.520240306854248,1
FakeVideo-FakeAudio/Caucasian (American)/women/id00841/00078_id00680_wavtolip.npz,-1.054797649383545,-1.054797649383545,4.714991092681885,1
FakeVideo-FakeAudio/Caucasian (American)/women/id00841/00078_id01005_lJZrqhcRFSA_id03781_wavtolip.npz,3.2061548233032227,3.2061548233032227,4.551307678222656,1
FakeVideo-FakeAudio/Caucasian (American)/women/id00841/00078_id01075_MtJUiHspdT0_faceswap_id00180_wavtolip.npz,-0.6663378477096558,-0.6663378477096558,4.624094009399414,1
FakeVideo-FakeAudio/Caucasian (American)/women/id00841/00078_id01075_MtJUiHspdT0_faceswap_id00261_wavtolip.npz,-0.2970470190048218,-0.2970470190048218,4.828733921051025,1
FakeVideo-FakeAudio/Caucasian (American)/women/id00841/00078_id01075_MtJUiHspdT0_faceswap_id00462_wavtolip.npz,-1.147708773612976,-1.147708773612976,4.357237815856934,1
FakeVideo-FakeAudio/Caucasian (American)/women/id00841/00078_id01075_MtJUiHspdT0_faceswap_id00848_wavtolip.npz,-4.678374290466309,-4.678374290466309,5.054683685302734,1
FakeVideo-FakeAudio/Caucasian (American)/women/id00841/00078_id01075_MtJUiHspdT0_id01216_wavtolip.npz,-5.951167106628418,-5.951167106628418,5.106602191925049,1
FakeVideo-FakeAudio/Caucasian (American)/women/id00841/00078_id01216_wavtolip.npz,-5.951607704162598,-5.951607704162598,4.991318702697754,1
FakeVideo-FakeAudio/Caucasian (American)/women/id00841/00078_id01227_eNr-P3gIrgo_id01005_wavtolip.npz,-1.7309266328811646,-1.7309266328811646,5.075936317443848,1
FakeVideo-FakeAudio/Caucasian (American)/women/id00841/00078_id01238_VPdv2sexRy0_id00025_wavtolip.npz,-5.934709548950195,-5.934709548950195,4.908280372619629,1
FakeVideo-FakeAudio/Caucasian (American)/women/id00841/00078_id01238_wavtolip.npz,2.8917958736419678,2.8917958736419678,4.6064324378967285,1
FakeVideo-FakeAudio/Caucasian (American)/women/id00841/00078_id01245_7pYBPczR_z0_id01225_wavtolip.npz,-2.183086395263672,-2.183086395263672,5.0411224365234375,1
FakeVideo-FakeAudio/Caucasian (American)/women/id00841/00078_id01248_wavtolip.npz,-2.270354986190796,-2.270354986190796,4.661291599273682,1
FakeVideo-FakeAudio/Caucasian (American)/women/id00841/00078_id03556_wavtolip.npz,1.9112404584884644,1.9112404584884644,4.67886209487915,1
FakeVideo-FakeAudio/Caucasian (American)/women/id00841/00078_id03696_wavtolip.npz,0.8546698093414307,0.8546698093414307,4.597634315490723,1
FakeVideo-FakeAudio/Caucasian (American)/women/id00841/00078_id03707_pwNcRPQ5qdo_id01216_wavtolip.npz,-5.9482293128967285,-5.9482293128967285,5.128928184509277,1
FakeVideo-FakeAudio/Caucasian (American)/women/id03707/00055_id00025_PjSeVtbvSjA_id00145_wavtolip.npz,-3.201002597808838,-3.201002597808838,5.048104286193848,1
FakeVideo-FakeAudio/Caucasian (American)/women/id03707/00055_id00025_wavtolip.npz,-5.956058502197266,-5.956058502197266,5.067075729370117,1
FakeVideo-FakeAudio/Caucasian (American)/women/id03707/00055_id00100_wavtolip.npz,4.4499688148498535,4.4499688148498535,4.984969139099121,1
FakeVideo-FakeAudio/Caucasian (American)/women/id03707/00055_id00145_JveyoCdoCuI_id01004_wavtolip.npz,-0.7665714025497437,-0.7665714025497437,4.147923469543457,1
FakeVideo-FakeAudio/Caucasian (American)/women/id03707/00055_id00145_wavtolip.npz,1.4807475805282593,1.4807475805282593,4.932592868804932,1
FakeVideo-FakeAudio/Caucasian (American)/women/id03707/00055_id00190_oZUSqqG9wu4_id01091_wavtolip.npz,-2.7495739459991455,-2.7495739459991455,4.751016139984131,1
FakeVideo-FakeAudio/Caucasian (American)/women/id03707/00055_id00272_VLY1boTtbRM_id01091_wavtolip.npz,-2.8832814693450928,-2.8832814693450928,4.72491979598999,1
FakeVideo-FakeAudio/Caucasian (American)/women/id03707/00055_id00272_wavtolip.npz,-0.5598697662353516,-0.5598697662353516,4.913330078125,1
FakeVideo-FakeAudio/Caucasian (American)/women/id03707/00055_id00291_wavtolip.npz,-2.355367422103882,-2.355367422103882,4.720831871032715,1
FakeVideo-FakeAudio/Caucasian (American)/women/id03707/00055_id00458_wavtolip.npz,-3.2705466747283936,-3.2705466747283936,5.028557777404785,1
FakeVideo-FakeAudio/Caucasian (American)/women/id03707/00055_id00835_zWTp4szbb5k_id01216_wavtolip.npz,-5.754926681518555,-5.754926681518555,5.154070854187012,1
FakeVideo-FakeAudio/Caucasian (American)/women/id03707/00055_id01091_wavtolip.npz,-1.5052454471588135,-1.5052454471588135,4.657449245452881,1
FakeVideo-FakeAudio/Caucasian (American)/women/id03707/00055_id01216_IRxEWpT_lZs_id03605_wavtolip.npz,-1.4928436279296875,-1.4928436279296875,4.73486328125,1
FakeVideo-FakeAudio/Caucasian (American)/women/id03707/00055_id01227_eNr-P3gIrgo_id00752_wavtolip.npz,-5.593601226806641,-5.593601226806641,4.993890285491943,1
FakeVideo-FakeAudio/Caucasian (American)/women/id03707/00055_id01231_wavtolip.npz,-3.7943193912506104,-3.7943193912506104,5.022327899932861,1
FakeVideo-FakeAudio/Caucasian (American)/women/id03707/00055_id01238_wavtolip.npz,2.840463161468506,2.840463161468506,4.491838455200195,1
FakeVideo-FakeAudio/Caucasian (American)/women/id03707/00055_id01248_2y-HnTO8WrQ_id03605_wavtolip.npz,-1.2639899253845215,-1.2639899253845215,4.6053924560546875,1
FakeVideo-FakeAudio/Caucasian (American)/women/id03707/00055_id02466_VOgaA7O5yWY_faceswap_id00097_wavtolip.npz,-4.776575565338135,-4.776575565338135,4.608524799346924,1
FakeVideo-FakeAudio/Caucasian (American)/women/id03707/00055_id02466_VOgaA7O5yWY_faceswap_id00231_wavtolip.npz,-5.974607467651367,-5.974607467651367,4.999138355255127,1
FakeVideo-FakeAudio/Caucasian (American)/women/id03707/00055_id02466_VOgaA7O5yWY_faceswap_id00458_wavtolip.npz,-3.208908796310425,-3.208908796310425,5.093255996704102,1
FakeVideo-FakeAudio/Caucasian (American)/women/id03707/00055_id02466_VOgaA7O5yWY_faceswap_id02464_wavtolip.npz,-3.141205072402954,-3.141205072402954,3.9636435508728027,1
FakeVideo-FakeAudio/Caucasian (American)/women/id03707/00055_id02466_VOgaA7O5yWY_faceswap_id03696_wavtolip.npz,1.0928354263305664,1.0928354263305664,4.574127674102783,1
FakeVideo-FakeAudio/Caucasian (American)/women/id03707/00055_id02466_VOgaA7O5yWY_id00383_wavtolip.npz,3.0729973316192627,3.0729973316192627,4.6212158203125,1
FakeVideo-FakeAudio/Caucasian (American)/women/id00383/00171_id00100_sZ0Ex4WUEgM_id00398_wavtolip.npz,-2.0150046348571777,-2.0150046348571777,4.873087406158447,1
FakeVideo-FakeAudio/Caucasian (American)/women/id00383/00171_id00100_wavtolip.npz,4.444599151611328,4.444599151611328,4.933698654174805,1
FakeVideo-FakeAudio/Caucasian (American)/women/id00383/00171_id00180_wavtolip.npz,-1.2161521911621094,-1.2161521911621094,4.76690149307251,1
FakeVideo-FakeAudio/Caucasian (American)/women/id00383/00171_id00190_wavtolip.npz,-0.6344237327575684,-0.6344237327575684,4.602921485900879,1
FakeVideo-FakeAudio/Caucasian (American)/women/id00383/00171_id00231_Pi8vVHrPQMU_id00555_wavtolip.npz,-0.8348615169525146,-0.8348615169525146,4.906854152679443,1
FakeVideo-FakeAudio/Caucasian (American)/women/id00383/00171_id00261_wavtolip.npz,1.053833246231079,1.053833246231079,4.798098564147949,1
FakeVideo-FakeAudio/Caucasian (American)/women/id00383/00171_id00272_VLY1boTtbRM_id00261_wavtolip.npz,-0.1809653639793396,-0.1809653639793396,4.8756489753723145,1
FakeVideo-FakeAudio/Caucasian (American)/women/id00383/00171_id00291_wavtolip.npz,-1.6419085264205933,-1.6419085264205933,4.761756896972656,1
FakeVideo-FakeAudio/Caucasian (American)/women/id00383/00171_id00462_wavtolip.npz,-0.368367075920105,-0.368367075920105,4.3489885330200195,1
FakeVideo-FakeAudio/Caucasian (American)/women/id00383/00171_id00575_iPfJcAJQ84Y_id00180_wavtolip.npz,-1.524463415145874,-1.524463415145874,4.727483749389648,1
FakeVideo-FakeAudio/Caucasian (American)/women/id00383/00171_id00841_wavtolip.npz,-1.5146245956420898,-1.5146245956420898,4.5739216804504395,1
FakeVideo-FakeAudio/Caucasian (American)/women/id00383/00171_id00848_wavtolip.npz,-5.474301338195801,-5.474301338195801,4.983555793762207,1
FakeVideo-FakeAudio/Caucasian (American)/women/id00383/00171_id01004_867Wlj7Gw68_id00100_wavtolip.npz,4.361663341522217,4.361663341522217,5.074451446533203,1
FakeVideo-FakeAudio/Caucasian (American)/women/id00383/00171_id01005_lJZrqhcRFSA_id00383_wavtolip.npz,3.378763198852539,3.378763198852539,4.736225605010986,1
FakeVideo-FakeAudio/Caucasian (American)/women/id00383/00171_id01091_wavtolip.npz,-1.3136409521102905,-1.3136409521102905,4.619236469268799,1
FakeVideo-FakeAudio/Caucasian (American)/women/id00383/00171_id01217_7lVC4xEK_6E_faceswap_id00383_wavtolip.npz,3.3197128772735596,3.3197128772735596,4.563187599182129,1
FakeVideo-FakeAudio/Caucasian (American)/women/id00383/00171_id01217_7lVC4xEK_6E_faceswap_id00842_wavtolip.npz,4.641534328460693,4.641534328460693,4.497619152069092,1
FakeVideo-FakeAudio/Caucasian (American)/women/id00383/00171_id01217_7lVC4xEK_6E_faceswap_id01075_wavtolip.npz,-5.8265380859375,-5.8265380859375,5.133454322814941,1
FakeVideo-FakeAudio/Caucasian (American)/women/id00383/00171_id01217_7lVC4xEK_6E_faceswap_id01227_wavtolip.npz,4.918635368347168,4.918635368347168,4.673133850097656,1
FakeVideo-FakeAudio/Caucasian (American)/women/id00383/00171_id01217_7lVC4xEK_6E_faceswap_id03556_wavtolip.npz,1.4677504301071167,1.4677504301071167,5.079521656036377,1
FakeVideo-FakeAudio/Caucasian (American)/women/id00383/00171_id01217_7lVC4xEK_6E_id01216_wavtolip.npz,-5.929546356201172,-5.929546356201172,5.157915115356445,1
FakeVideo-FakeAudio/Caucasian (American)/women/id00383/00171_id01225_wavtolip.npz,-1.5051226615905762,-1.5051226615905762,5.066677093505859,1
FakeVideo-FakeAudio/Caucasian (American)/women/id00383/00171_id01248_2y-HnTO8WrQ_id00383_wavtolip.npz,3.2228803634643555,3.2228803634643555,4.6531500816345215,1
FakeVideo-FakeAudio/Caucasian (American)/women/id00383/00171_id02466_VOgaA7O5yWY_id01223_wavtolip.npz,-5.950415134429932,-5.950415134429932,5.0952301025390625,1
FakeVideo-FakeAudio/Caucasian (American)/women/id00097/00162_id00025_PjSeVtbvSjA_id03556_wavtolip.npz,-2.2289767265319824,-2.2289767265319824,4.679065704345703,1
FakeVideo-FakeAudio/Caucasian (American)/women/id00097/00162_id00097_wavtolip.npz,-6.1274824142456055,-6.1274824142456055,4.665651798248291,1
FakeVideo-FakeAudio/Caucasian (American)/women/id00097/00162_id00100_sZ0Ex4WUEgM_id01231_wavtolip.npz,-3.4897146224975586,-3.4897146224975586,4.814399719238281,1
FakeVideo-FakeAudio/Caucasian (American)/women/id00097/00162_id00180_lkeAa8Od_tg_id00231_wavtolip.npz,-6.29258918762207,-6.29258918762207,4.77520227432251,1
FakeVideo-FakeAudio/Caucasian (American)/women/id00097/00162_id00261_wavtolip.npz,-5.563411712646484,-5.563411712646484,4.642952919006348,1
FakeVideo-FakeAudio/Caucasian (American)/women/id00097/00162_id00272_VLY1boTtbRM_id00190_wavtolip.npz,-1.2937767505645752,-1.2937767505645752,4.695276737213135,1
FakeVideo-FakeAudio/Caucasian (American)/women/id00097/00162_id00291_wavtolip.npz,-6.326041221618652,-6.326041221618652,4.7038774490356445,1
FakeVideo-FakeAudio/Caucasian (American)/women/id00097/00162_id00428_wavtolip.npz,-6.227635860443115,-6.227635860443115,4.7067413330078125,1
FakeVideo-FakeAudio/Caucasian (American)/women/id00097/00162_id00680_wavtolip.npz,-5.838693618774414,-5.838693618774414,4.714944362640381,1
FakeVideo-FakeAudio/Caucasian (American)/women/id00097/00162_id00842_wavtolip.npz,4.610631465911865,4.610631465911865,4.5622453689575195,1
FakeVideo-FakeAudio/Caucasian (American)/women/id00097/00162_id01217_7lVC4xEK_6E_id01005_wavtolip.npz,-4.267866134643555,-4.267866134643555,4.61598539352417,1
FakeVideo-FakeAudio/Caucasian (American)/women/id00097/00162_id01225_WuzuZoM84Ws_id00097_wavtolip.npz,-6.323359966278076,-6.323359966278076,4.737022399902344,1
FakeVideo-FakeAudio/Caucasian (American)/women/id00097/00162_id01231_XXpYdOHUF-g_id00097_wavtolip.npz,-6.334670543670654,-6.334670543670654,4.717233657836914,1
FakeVideo-FakeAudio/Caucasian (American)/women/id00097/00162_id01238_VPdv2sexRy0_id00462_wavtolip.npz,-1.748224139213562,-1.748224139213562,4.488492965698242,1
FakeVideo-FakeAudio/Caucasian (American)/women/id00097/00162_id01248_wavtolip.npz,-3.0307960510253906,-3.0307960510253906,4.639806747436523,1
FakeVideo-FakeAudio/Caucasian (American)/women/id00097/00162_id03605_JGZt9DAhBRs_id03781_wavtolip.npz,2.8326761722564697,2.8326761722564697,4.571133613586426,1
FakeVideo-FakeAudio/Caucasian (American)/women/id00097/00162_id03707_wavtolip.npz,-4.323261260986328,-4.323261260986328,4.721004009246826,1
FakeVideo-FakeAudio/Caucasian (American)/women/id00842/00043_id00025_wavtolip.npz,-5.930654525756836,-5.930654525756836,4.920513153076172,1
FakeVideo-FakeAudio/Caucasian (American)/women/id00842/00043_id00145_wavtolip.npz,-3.585740804672241,-3.585740804672241,5.032902240753174,1
FakeVideo-FakeAudio/Caucasian (American)/women/id00842/00043_id00180_wavtolip.npz,-1.2656183242797852,-1.2656183242797852,4.65238618850708,1
FakeVideo-FakeAudio/Caucasian (American)/women/id00842/00043_id00231_wavtolip.npz,-5.957006454467773,-5.957006454467773,5.069302558898926,1
FakeVideo-FakeAudio/Caucasian (American)/women/id00842/00043_id00383_wavtolip.npz,3.1929593086242676,3.1929593086242676,4.50659704208374,1
FakeVideo-FakeAudio/Caucasian (American)/women/id00842/00043_id00385_oqf8cNi7lOI_id00381_wavtolip.npz,-6.013621807098389,-6.013621807098389,4.974645137786865,1
FakeVideo-FakeAudio/Caucasian (American)/women/id00842/00043_id00398_wavtolip.npz,-2.471412181854248,-2.471412181854248,4.685959815979004,1
FakeVideo-FakeAudio/Caucasian (American)/women/id00842/00043_id00418_KSTOz7H0OuQ_id03707_wavtolip.npz,-1.5903388261795044,-1.5903388261795044,5.078526973724365,1
FakeVideo-FakeAudio/Caucasian (American)/women/id00842/00043_id00428_Kr7n-68JWww_id01004_wavtolip.npz,-0.6150965690612793,-0.6150965690612793,4.176033973693848,1
FakeVideo-FakeAudio/Caucasian (American)/women/id00842/00043_id00431_DyRvPN6rEfU_id01004_wavtolip.npz,-0.5743817090988159,-0.5743817090988159,4.219730377197266,1
FakeVideo-FakeAudio/Caucasian (American)/women/id00842/00043_id00680_wavtolip.npz,-1.5641719102859497,-1.5641719102859497,4.864376068115234,1
FakeVideo-FakeAudio/Caucasian (American)/women/id00842/00043_id01005_lJZrqhcRFSA_id01091_wavtolip.npz,-1.2773083448410034,-1.2773083448410034,4.6469407081604,1
FakeVideo-FakeAudio/Caucasian (American)/women/id00842/00043_id01075_MtJUiHspdT0_id01005_wavtolip.npz,-1.0745580196380615,-1.0745580196380615,5.050119876861572,1
FakeVideo-FakeAudio/Caucasian (American)/women/id00842/00043_id01075_wavtolip.npz,-3.159865140914917,-3.159865140914917,5.062123775482178,1
FakeVideo-FakeAudio/Caucasian (American)/women/id00842/00043_id01091_oM2XdIGMM2c_id01238_wavtolip.npz,2.965604066848755,2.965604066848755,4.499851703643799,1
FakeVideo-FakeAudio/Caucasian (American)/women/id00842/00043_id01223_TO3ym8Gwp7k_id01216_wavtolip.npz,-5.972445011138916,-5.972445011138916,5.148034572601318,1
FakeVideo-FakeAudio/Caucasian (American)/women/id00842/00043_id02464_1hxJsZYV7mI_id01248_wavtolip.npz,-1.5928221940994263,-1.5928221940994263,4.698544979095459,1
FakeVideo-FakeAudio/Caucasian (American)/women/id00842/00043_id02466_wavtolip.npz,-4.895967960357666,-4.895967960357666,5.021234035491943,1
FakeVideo-FakeAudio/Caucasian (American)/women/id00842/00043_id03781_wavtolip.npz,2.905097484588623,2.905097484588623,4.649652481079102,1
FakeVideo-FakeAudio/Caucasian (American)/women/id02466/00136_id00190_wavtolip.npz,-0.44955384731292725,-0.44955384731292725,4.471517086029053,1
FakeVideo-FakeAudio/Caucasian (American)/women/id02466/00136_id00231_Pi8vVHrPQMU_id01227_wavtolip.npz,4.870633125305176,4.870633125305176,4.724088668823242,1
FakeVideo-FakeAudio/Caucasian (American)/women/id02466/00136_id00272_wavtolip.npz,1.4692192077636719,1.4692192077636719,5.116607666015625,1
FakeVideo-FakeAudio/Caucasian (American)/women/id02466/00136_id00383_n6i0VWqGcKI_id00752_wavtolip.npz,-5.4178242683410645,-5.4178242683410645,5.5747480392456055,1
FakeVideo-FakeAudio/Caucasian (American)/women/id02466/00136_id00458_wavtolip.npz,-1.8877198696136475,-1.8877198696136475,5.029021263122559,1
FakeVideo-FakeAudio/Caucasian (American)/women/id02466/00136_id00462_EMnGfAq9gg4_id00190_wavtolip.npz,-0.8259044885635376,-0.8259044885635376,4.719172954559326,1
FakeVideo-FakeAudio/Caucasian (American)/women/id02466/00136_id00618__TwV2SmUIlY_id01005_wavtolip.npz,-0.8269606828689575,-0.8269606828689575,5.066313743591309,1
FakeVideo-FakeAudio/Caucasian (American)/women/id02466/00136_id00680_wavtolip.npz,-0.8062491416931152,-0.8062491416931152,4.670057773590088,1
FakeVideo-FakeAudio/Caucasian (American)/women/id02466/00136_id00752_wavtolip.npz,-5.414923667907715,-5.414923667907715,5.553565502166748,1
FakeVideo-FakeAudio/Caucasian (American)/women/id02466/00136_id00835_wavtolip.npz,3.8265552520751953,3.8265552520751953,4.387632369995117,1
FakeVideo-FakeAudio/Caucasian (American)/women/id02466/00136_id00848_o1_9Cu3YMN0_id00291_wavtolip.npz,-2.3679850101470947,-2.3679850101470947,4.779853343963623,1
FakeVideo-FakeAudio/Caucasian (American)/women/id02466/00136_id01004_867Wlj7Gw68_id00841_wavtolip.npz,-2.4369993209838867,-2.4369993209838867,4.693428993225098,1
FakeVideo-FakeAudio/Caucasian (American)/women/id02466/00136_id01005_lJZrqhcRFSA_id00428_wavtolip.npz,4.612658500671387,4.612658500671387,5.028631210327148,1
FakeVideo-FakeAudio/Caucasian (American)/women/id02466/00136_id01227_wavtolip.npz,4.922551155090332,4.922551155090332,4.699765682220459,1
FakeVideo-FakeAudio/Caucasian (American)/women/id02466/00136_id01231_wavtolip.npz,-0.4470043182373047,-0.4470043182373047,5.116790771484375,1
FakeVideo-FakeAudio/Caucasian (American)/women/id02466/00136_id01248_2y-HnTO8WrQ_id00383_wavtolip.npz,3.1669445037841797,3.1669445037841797,4.706264019012451,1
FakeVideo-FakeAudio/Caucasian (American)/women/id02466/00136_id01248_wavtolip.npz,-1.772244930267334,-1.772244930267334,4.533980369567871,1
FakeVideo-FakeAudio/Caucasian (American)/women/id02466/00136_id03707_pwNcRPQ5qdo_faceswap_id00616_wavtolip.npz,-0.1698603630065918,-0.1698603630065918,5.371593952178955,1
FakeVideo-FakeAudio/Caucasian (American)/women/id02466/00136_id03707_pwNcRPQ5qdo_faceswap_id00835_wavtolip.npz,4.025712013244629,4.025712013244629,4.3786139488220215,1
FakeVideo-FakeAudio/Caucasian (American)/women/id02466/00136_id03707_pwNcRPQ5qdo_faceswap_id03605_wavtolip.npz,-1.2590175867080688,-1.2590175867080688,4.672708034515381,1
FakeVideo-FakeAudio/Caucasian (American)/women/id02466/00136_id03707_pwNcRPQ5qdo_faceswap_id03781_wavtolip.npz,3.9286906719207764,3.9286906719207764,4.620944976806641,1
FakeVideo-FakeAudio/Caucasian (American)/women/id02466/00136_id03781_jbHfYGVNqTg_id03707_wavtolip.npz,-1.6303858757019043,-1.6303858757019043,5.01715612411499,1
FakeVideo-FakeAudio/Caucasian (American)/women/id00462/00143_id00100_sZ0Ex4WUEgM_id01238_wavtolip.npz,2.00779128074646,2.00779128074646,4.6078948974609375,1
FakeVideo-FakeAudio/Caucasian (American)/women/id00462/00143_id00272_wavtolip.npz,0.08198961615562439,0.08198961615562439,4.7777628898620605,1
FakeVideo-FakeAudio/Caucasian (American)/women/id00462/00143_id00381_79zqA0CZh8s_id01227_wavtolip.npz,4.521404266357422,4.521404266357422,4.624777793884277,1
FakeVideo-FakeAudio/Caucasian (American)/women/id00462/00143_id00398_wavtolip.npz,-6.259795188903809,-6.259795188903809,4.646336078643799,1
FakeVideo-FakeAudio/Caucasian (American)/women/id00462/00143_id00835_wavtolip.npz,3.954245090484619,3.954245090484619,4.394758701324463,1
FakeVideo-FakeAudio/Caucasian (American)/women/id00462/00143_id00835_zWTp4szbb5k_faceswap_id00385_wavtolip.npz,1.7591720819473267,1.7591720819473267,4.8189377784729,1
FakeVideo-FakeAudio/Caucasian (American)/women/id00462/00143_id00835_zWTp4szbb5k_faceswap_id00431_wavtolip.npz,-6.360523223876953,-6.360523223876953,4.652376174926758,1
FakeVideo-FakeAudio/Caucasian (American)/women/id00462/00143_id00835_zWTp4szbb5k_faceswap_id00848_wavtolip.npz,-6.120771408081055,-6.120771408081055,4.679662704467773,1
FakeVideo-FakeAudio/Caucasian (American)/women/id00462/00143_id00835_zWTp4szbb5k_faceswap_id01091_wavtolip.npz,-1.1775877475738525,-1.1775877475738525,4.7270827293396,1
FakeVideo-FakeAudio/Caucasian (American)/women/id00462/00143_id00835_zWTp4szbb5k_faceswap_id01223_wavtolip.npz,-6.253696918487549,-6.253696918487549,4.780752182006836,1
FakeVideo-FakeAudio/Caucasian (American)/women/id00462/00143_id00835_zWTp4szbb5k_id00383_wavtolip.npz,3.076542615890503,3.076542615890503,4.6156415939331055,1
FakeVideo-FakeAudio/Caucasian (American)/women/id00462/00143_id00848_wavtolip.npz,-6.183462142944336,-6.183462142944336,4.731405258178711,1
FakeVideo-FakeAudio/Caucasian (American)/women/id00462/00143_id01004_867Wlj7Gw68_id00431_wavtolip.npz,-6.39785099029541,-6.39785099029541,4.652821063995361,1
FakeVideo-FakeAudio/Caucasian (American)/women/id00462/00143_id01075_wavtolip.npz,-2.2867672443389893,-2.2867672443389893,4.6991496086120605,1
FakeVideo-FakeAudio/Caucasian (American)/women/id00462/00143_id01217_7lVC4xEK_6E_id00555_wavtolip.npz,-5.745630741119385,-5.745630741119385,4.543832778930664,1
FakeVideo-FakeAudio/Caucasian (American)/women/id00462/00143_id01223_TO3ym8Gwp7k_id01091_wavtolip.npz,-1.4695408344268799,-1.4695408344268799,4.731828212738037,1
FakeVideo-FakeAudio/Caucasian (American)/women/id00462/00143_id01227_eNr-P3gIrgo_id00616_wavtolip.npz,-3.34611439704895,-3.34611439704895,4.691557884216309,1
FakeVideo-FakeAudio/Caucasian (American)/women/id00462/00143_id01231_XXpYdOHUF-g_id00261_wavtolip.npz,-5.295052528381348,-5.295052528381348,4.64728307723999,1
FakeVideo-FakeAudio/Caucasian (American)/women/id00462/00143_id01238_VPdv2sexRy0_id00381_wavtolip.npz,-6.26576042175293,-6.26576042175293,4.663249492645264,1
FakeVideo-FakeAudio/Caucasian (American)/women/id00462/00143_id01245_wavtolip.npz,-1.9354321956634521,-1.9354321956634521,4.622970104217529,1
FakeVideo-FakeAudio/Caucasian (American)/women/id00462/00143_id02466_VOgaA7O5yWY_id00555_wavtolip.npz,-6.10164737701416,-6.10164737701416,4.608383655548096,1
FakeVideo-FakeAudio/Caucasian (American)/women/id00462/00143_id02466_wavtolip.npz,-4.427969932556152,-4.427969932556152,4.735748767852783,1
FakeVideo-FakeAudio/Caucasian (American)/women/id00462/00143_id03605_wavtolip.npz,-1.4432373046875,-1.4432373046875,4.7087297439575195,1
FakeVideo-FakeAudio/Caucasian (American)/women/id00462/00143_id03707_wavtolip.npz,-2.221850872039795,-2.221850872039795,4.790921688079834,1
FakeVideo-FakeAudio/Caucasian (American)/women/id01248/00005_id00025_wavtolip.npz,-6.243932723999023,-6.243932723999023,4.660461902618408,1
FakeVideo-FakeAudio/Caucasian (American)/women/id01248/00005_id00180_lkeAa8Od_tg_id00097_wavtolip.npz,-6.332484722137451,-6.332484722137451,4.5993852615356445,1
FakeVideo-FakeAudio/Caucasian (American)/women/id01248/00005_id00231_wavtolip.npz,-6.275934219360352,-6.275934219360352,4.646962642669678,1
FakeVideo-FakeAudio/Caucasian (American)/women/id01248/00005_id00261_wavtolip.npz,-4.504746913909912,-4.504746913909912,4.733036994934082,1
FakeVideo-FakeAudio/Caucasian (American)/women/id01248/00005_id00381_79zqA0CZh8s_id00458_wavtolip.npz,-2.5029497146606445,-2.5029497146606445,4.757015228271484,1
FakeVideo-FakeAudio/Caucasian (American)/women/id01248/00005_id00428_wavtolip.npz,-4.725208759307861,-4.725208759307861,4.737901210784912,1
FakeVideo-FakeAudio/Caucasian (American)/women/id01248/00005_id00458_wavtolip.npz,-3.393462896347046,-3.393462896347046,4.789498805999756,1
FakeVideo-FakeAudio/Caucasian (American)/women/id01248/00005_id00835_zWTp4szbb5k_id00145_wavtolip.npz,-4.155731678009033,-4.155731678009033,4.709451198577881,1
FakeVideo-FakeAudio/Caucasian (American)/women/id01248/00005_id00842_wavtolip.npz,4.72414493560791,4.72414493560791,4.516605854034424,1
FakeVideo-FakeAudio/Caucasian (American)/women/id01248/00005_id01004_867Wlj7Gw68_id01217_wavtolip.npz,-4.295956134796143,-4.295956134796143,4.679103851318359,1
FakeVideo-FakeAudio/Caucasian (American)/women/id01248/00005_id01075_MtJUiHspdT0_id01227_wavtolip.npz,4.6989054679870605,4.6989054679870605,4.74270486831665,1
FakeVideo-FakeAudio/Caucasian (American)/women/id01248/00005_id01091_wavtolip.npz,-2.058497428894043,-2.058497428894043,4.619611740112305,1
FakeVideo-FakeAudio/Caucasian (American)/women/id01248/00005_id01217_7lVC4xEK_6E_id00841_wavtolip.npz,-2.2651021480560303,-2.2651021480560303,4.5928263664245605,1
FakeVideo-FakeAudio/Caucasian (American)/women/id01248/00005_id01223_TO3ym8Gwp7k_id01231_wavtolip.npz,-2.0456788539886475,-2.0456788539886475,4.71976900100708,1
FakeVideo-FakeAudio/Caucasian (American)/women/id01248/00005_id01225_wavtolip.npz,-3.3257157802581787,-3.3257157802581787,4.802200794219971,1
FakeVideo-FakeAudio/Caucasian (American)/women/id01248/00005_id02466_VOgaA7O5yWY_id00291_wavtolip.npz,-3.275378704071045,-3.275378704071045,4.805897235870361,1
FakeVideo-FakeAudio/Caucasian (American)/women/id01248/00005_id03605_wavtolip.npz,-2.090193748474121,-2.090193748474121,4.800509452819824,1
FakeVideo-FakeAudio/Caucasian (American)/women/id01248/00005_id03707_pwNcRPQ5qdo_id00680_wavtolip.npz,-6.238091468811035,-6.238091468811035,4.783719062805176,1
FakeVideo-FakeAudio/Asian (East)/men/id06878/00001_id00597_wavtolip.npz,-2.577390670776367,-2.577390670776367,4.887990951538086,1
FakeVideo-FakeAudio/Asian (East)/men/id06878/00001_id00740_wavtolip.npz,4.5399065017700195,4.5399065017700195,4.764249801635742,1
FakeVideo-FakeAudio/Asian (East)/men/id06878/00001_id01683_wavtolip.npz,-1.0754656791687012,-1.0754656791687012,4.839692115783691,1
FakeVideo-FakeAudio/Asian (East)/men/id06878/00001_id02365_wavtolip.npz,-3.773273229598999,-3.773273229598999,4.925675868988037,1
FakeVideo-FakeAudio/Asian (East)/men/id06878/00001_id02493_wavtolip.npz,-0.7782150506973267,-0.7782150506973267,4.7208123207092285,1
FakeVideo-FakeAudio/Asian (East)/men/id06878/00001_id03889_wavtolip.npz,0.21483798325061798,0.21483798325061798,4.717204570770264,1
FakeVideo-FakeAudio/Asian (East)/men/id06878/00001_id04691_wavtolip.npz,-1.2112139463424683,-1.2112139463424683,4.685517311096191,1
FakeVideo-FakeAudio/Asian (East)/men/id06878/00001_id04774_wavtolip.npz,-1.3422191143035889,-1.3422191143035889,4.335546970367432,1
FakeVideo-FakeAudio/Asian (East)/men/id06878/00001_id04789_wavtolip.npz,4.631015300750732,4.631015300750732,4.427205562591553,1
FakeVideo-FakeAudio/Asian (East)/men/id06878/00001_id05383_wavtolip.npz,-4.777038097381592,-4.777038097381592,4.4137139320373535,1
FakeVideo-FakeAudio/Asian (East)/men/id06878/00001_id06467_wavtolip.npz,-2.731658458709717,-2.731658458709717,4.848908424377441,1
FakeVideo-FakeAudio/Asian (East)/men/id06878/00001_id06776_wavtolip.npz,-4.5648369789123535,-4.5648369789123535,4.773340225219727,1
FakeVideo-FakeAudio/Asian (East)/men/id06878/00001_id06878_wavtolip.npz,4.466434478759766,4.466434478759766,4.522157192230225,1
FakeVideo-FakeAudio/Asian (East)/men/id09143/00056_id00560_wavtolip.npz,2.8581087589263916,2.8581087589263916,3.8474786281585693,1
FakeVideo-FakeAudio/Asian (East)/men/id09143/00056_id01204_biYGqpYBp7o_faceswap_id03889_wavtolip.npz,-3.6026909351348877,-3.6026909351348877,4.7121405601501465,1
FakeVideo-FakeAudio/Asian (East)/men/id09143/00056_id01204_biYGqpYBp7o_faceswap_id04691_wavtolip.npz,-5.40607213973999,-5.40607213973999,4.519222736358643,1
FakeVideo-FakeAudio/Asian (East)/men/id09143/00056_id01204_biYGqpYBp7o_faceswap_id04774_wavtolip.npz,-0.7487010955810547,-0.7487010955810547,4.239719390869141,1
FakeVideo-FakeAudio/Asian (East)/men/id09143/00056_id01204_biYGqpYBp7o_faceswap_id06467_wavtolip.npz,-3.8358302116394043,-3.8358302116394043,4.777148723602295,1
FakeVideo-FakeAudio/Asian (East)/men/id09143/00056_id01589_ZCwF6XVRiAU_id04687_wavtolip.npz,-0.22477388381958008,-0.22477388381958008,4.504804611206055,1
FakeVideo-FakeAudio/Asian (East)/men/id09143/00056_id02553_QTahH2rc8go_id04111_wavtolip.npz,0.33943700790405273,0.33943700790405273,4.654570579528809,1
FakeVideo-FakeAudio/Asian (East)/men/id09143/00056_id03168_wavtolip.npz,4.790363311767578,4.790363311767578,4.051462650299072,1
FakeVideo-FakeAudio/Asian (East)/men/id09143/00056_id04111_wavtolip.npz,1.6060041189193726,1.6060041189193726,4.600278854370117,1
FakeVideo-FakeAudio/Asian (East)/men/id09143/00056_id04774_wavtolip.npz,-0.6953138113021851,-0.6953138113021851,4.284924507141113,1
FakeVideo-FakeAudio/Asian (East)/men/id09143/00056_id06470_XoAiqCrOlyk_id08299_wavtolip.npz,4.213677883148193,4.213677883148193,4.350813865661621,1
FakeVideo-FakeAudio/Asian (East)/men/id09143/00056_id06591_wavtolip.npz,4.155900001525879,4.155900001525879,4.528229713439941,1
FakeVideo-FakeAudio/Asian (East)/men/id09143/00056_id06878_wavtolip.npz,4.324845790863037,4.324845790863037,4.541346549987793,1
FakeVideo-FakeAudio/Asian (East)/men/id09143/00056_id07102_4gKPlwvjpsI_id04691_wavtolip.npz,-3.5220448970794678,-3.5220448970794678,4.506963729858398,1
FakeVideo-FakeAudio/Asian (East)/men/id09143/00056_id07338_wavtolip.npz,-0.5933270454406738,-0.5933270454406738,4.545133590698242,1
FakeVideo-FakeAudio/Asian (East)/men/id09143/00056_id08652_wavtolip.npz,4.5885210037231445,4.5885210037231445,4.522588729858398,1
FakeVideo-FakeAudio/Asian (East)/men/id09143/00056_id09053_wavtolip.npz,-1.6167571544647217,-1.6167571544647217,4.534984588623047,1
FakeVideo-FakeAudio/Asian (East)/men/id08652/00006_id00056_wavtolip.npz,-1.8161906003952026,-1.8161906003952026,4.53924560546875,1
FakeVideo-FakeAudio/Asian (East)/men/id08652/00006_id00560_wavtolip.npz,3.4620280265808105,3.4620280265808105,3.8592031002044678,1
FakeVideo-FakeAudio/Asian (East)/men/id08652/00006_id00597_wavtolip.npz,-4.726585865020752,-4.726585865020752,4.732000827789307,1
FakeVideo-FakeAudio/Asian (East)/men/id08652/00006_id00863_wavtolip.npz,4.3700432777404785,4.3700432777404785,4.361269474029541,1
FakeVideo-FakeAudio/Asian (East)/men/id08652/00006_id01589_wavtolip.npz,-1.0906528234481812,-1.0906528234481812,4.626552104949951,1
FakeVideo-FakeAudio/Asian (East)/men/id08652/00006_id02365_wavtolip.npz,-3.4483065605163574,-3.4483065605163574,4.77586555480957,1
FakeVideo-FakeAudio/Asian (East)/men/id08652/00006_id02561_wavtolip.npz,-5.092261791229248,-5.092261791229248,4.611926078796387,1
FakeVideo-FakeAudio/Asian (East)/men/id08652/00006_id03028_wavtolip.npz,-2.9330997467041016,-2.9330997467041016,4.67298698425293,1
FakeVideo-FakeAudio/Asian (East)/men/id08652/00006_id04774_wavtolip.npz,-1.3303606510162354,-1.3303606510162354,4.235978126525879,1
FakeVideo-FakeAudio/Asian (East)/men/id08652/00006_id06878_wavtolip.npz,4.421206951141357,4.421206951141357,4.5195746421813965,1
FakeVideo-FakeAudio/Asian (East)/men/id08652/00006_id08299_wavtolip.npz,4.305490970611572,4.305490970611572,4.448896408081055,1
FakeVideo-FakeAudio/Asian (East)/men/id08652/00006_id08652_wavtolip.npz,4.660425662994385,4.660425662994385,4.5373077392578125,1
FakeVideo-FakeAudio/Asian (East)/men/id06807/00015_id00126_wavtolip.npz,2.148818016052246,2.148818016052246,5.319006443023682,1
FakeVideo-FakeAudio/Asian (East)/men/id06807/00015_id01589_wavtolip.npz,-1.060377836227417,-1.060377836227417,5.044106960296631,1
FakeVideo-FakeAudio/Asian (East)/men/id06807/00015_id01683_wavtolip.npz,-1.875622272491455,-1.875622272491455,4.9950971603393555,1
FakeVideo-FakeAudio/Asian (East)/men/id06807/00015_id02553_wavtolip.npz,-1.0199490785598755,-1.0199490785598755,4.7809529304504395,1
FakeVideo-FakeAudio/Asian (East)/men/id06807/00015_id04111_wavtolip.npz,4.34445333480835,4.34445333480835,5.031896591186523,1
FakeVideo-FakeAudio/Asian (East)/men/id06807/00015_id04222_wavtolip.npz,-3.1031911373138428,-3.1031911373138428,5.344369888305664,1
FakeVideo-FakeAudio/Asian (East)/men/id06807/00015_id05268_wavtolip.npz,-0.19376778602600098,-0.19376778602600098,4.4331955909729,1
FakeVideo-FakeAudio/Asian (East)/men/id06807/00015_id06467_wavtolip.npz,-1.4370156526565552,-1.4370156526565552,4.912120342254639,1
FakeVideo-FakeAudio/Asian (East)/men/id06807/00015_id06776_wavtolip.npz,-5.895756721496582,-5.895756721496582,5.1450514793396,1
FakeVideo-FakeAudio/Asian (East)/men/id06807/00015_id07338_wavtolip.npz,-0.6323404312133789,-0.6323404312133789,4.455809116363525,1
FakeVideo-FakeAudio/Asian (East)/men/id06807/00015_id08652_wavtolip.npz,4.6227288246154785,4.6227288246154785,4.56166410446167,1
FakeVideo-FakeAudio/Asian (East)/men/id06807/00015_id09053_wavtolip.npz,-1.050417184829712,-1.050417184829712,4.597231864929199,1
FakeVideo-FakeAudio/Asian (East)/men/id04687/00066_id01589_ZCwF6XVRiAU_id00597_wavtolip.npz,-5.371719837188721,-5.371719837188721,4.914220809936523,1
FakeVideo-FakeAudio/Asian (East)/men/id04687/00066_id02332_hlo8q3-L9vI_id09053_wavtolip.npz,-1.0298230648040771,-1.0298230648040771,4.5749382972717285,1
FakeVideo-FakeAudio/Asian (East)/men/id04687/00066_id02332_wavtolip.npz,-0.8893651962280273,-0.8893651962280273,4.790717601776123,1
FakeVideo-FakeAudio/Asian (East)/men/id04687/00066_id02493_zYAm6W46Mcg_faceswap_id00056_wavtolip.npz,-1.1720962524414062,-1.1720962524414062,4.683389663696289,1
FakeVideo-FakeAudio/Asian (East)/men/id04687/00066_id02493_zYAm6W46Mcg_faceswap_id04691_wavtolip.npz,-0.8823003768920898,-0.8823003768920898,4.672947883605957,1
FakeVideo-FakeAudio/Asian (East)/men/id04687/00066_id02493_zYAm6W46Mcg_faceswap_id04726_wavtolip.npz,-2.6742472648620605,-2.6742472648620605,4.8208513259887695,1
FakeVideo-FakeAudio/Asian (East)/men/id04687/00066_id02493_zYAm6W46Mcg_faceswap_id05332_wavtolip.npz,-5.084488391876221,-5.084488391876221,4.488276958465576,1
FakeVideo-FakeAudio/Asian (East)/men/id04687/00066_id02493_zYAm6W46Mcg_id04774_wavtolip.npz,-2.029104709625244,-2.029104709625244,4.29395866394043,1
FakeVideo-FakeAudio/Asian (East)/men/id04687/00066_id02553_QTahH2rc8go_id01212_wavtolip.npz,-6.160053253173828,-6.160053253173828,4.924490928649902,1
FakeVideo-FakeAudio/Asian (East)/men/id04687/00066_id03028_wavtolip.npz,-4.3709564208984375,-4.3709564208984375,4.807474136352539,1
FakeVideo-FakeAudio/Asian (East)/men/id04687/00066_id03168_wavtolip.npz,4.811736583709717,4.811736583709717,4.023540019989014,1
FakeVideo-FakeAudio/Asian (East)/men/id04687/00066_id03889_C54Tw6xrc4U_id04111_wavtolip.npz,-0.6760275363922119,-0.6760275363922119,4.852321147918701,1
FakeVideo-FakeAudio/Asian (East)/men/id04687/00066_id03889_wavtolip.npz,-1.5351457595825195,-1.5351457595825195,4.853993892669678,1
FakeVideo-FakeAudio/Asian (East)/men/id04687/00066_id03965_wavtolip.npz,-1.1461155414581299,-1.1461155414581299,4.797053813934326,1
FakeVideo-FakeAudio/Asian (East)/men/id04687/00066_id04222_EAw7MSynKF8_id03168_wavtolip.npz,4.756109714508057,4.756109714508057,4.034234523773193,1
FakeVideo-FakeAudio/Asian (East)/men/id04687/00066_id04789_wavtolip.npz,4.635257720947266,4.635257720947266,4.384450435638428,1
FakeVideo-FakeAudio/Asian (East)/men/id04687/00066_id04884_eq_wk7h1Gzo_id02332_wavtolip.npz,-1.3555684089660645,-1.3555684089660645,4.970463752746582,1
FakeVideo-FakeAudio/Asian (East)/men/id04687/00066_id06152_wavtolip.npz,-1.390703558921814,-1.390703558921814,4.864683151245117,1
FakeVideo-FakeAudio/Asian (East)/men/id04687/00066_id06878_wavtolip.npz,4.433150768280029,4.433150768280029,4.710408687591553,1
FakeVideo-FakeAudio/Asian (East)/men/id04687/00066_id08299_wavtolip.npz,4.00942850112915,4.00942850112915,4.357181549072266,1
FakeVideo-FakeAudio/Asian (East)/men/id07338/00003_id00056_wavtolip.npz,-4.093931198120117,-4.093931198120117,4.519990921020508,1
FakeVideo-FakeAudio/Asian (East)/men/id07338/00003_id00126_wavtolip.npz,0.3895915746688843,0.3895915746688843,4.656754493713379,1
FakeVideo-FakeAudio/Asian (East)/men/id07338/00003_id00560_wavtolip.npz,2.8316450119018555,2.8316450119018555,3.9311628341674805,1
FakeVideo-FakeAudio/Asian (East)/men/id07338/00003_id01204_wavtolip.npz,-3.366011619567871,-3.366011619567871,4.643552780151367,1
FakeVideo-FakeAudio/Asian (East)/men/id07338/00003_id02553_wavtolip.npz,-2.8568615913391113,-2.8568615913391113,4.5942888259887695,1
FakeVideo-FakeAudio/Asian (East)/men/id07338/00003_id03168_wavtolip.npz,4.757936000823975,4.757936000823975,4.010384559631348,1
FakeVideo-FakeAudio/Asian (East)/men/id07338/00003_id04111_wavtolip.npz,0.18826957046985626,0.18826957046985626,4.530512809753418,1
FakeVideo-FakeAudio/Asian (East)/men/id07338/00003_id04222_wavtolip.npz,-2.5187909603118896,-2.5187909603118896,4.6793437004089355,1
FakeVideo-FakeAudio/Asian (East)/men/id07338/00003_id04687_wavtolip.npz,-0.36651021242141724,-0.36651021242141724,4.597797393798828,1
FakeVideo-FakeAudio/Asian (East)/men/id07338/00003_id04789_wavtolip.npz,4.739746570587158,4.739746570587158,4.5010881423950195,1
FakeVideo-FakeAudio/Asian (East)/men/id07338/00003_id06269_wavtolip.npz,3.1188771724700928,3.1188771724700928,4.483009338378906,1
FakeVideo-FakeAudio/Asian (East)/men/id07338/00003_id06467_wavtolip.npz,-4.202252388000488,-4.202252388000488,4.593967914581299,1
FakeVideo-FakeAudio/Asian (East)/men/id07338/00003_id06591_wavtolip.npz,4.17978572845459,4.17978572845459,4.554661273956299,1
FakeVideo-FakeAudio/Asian (East)/men/id07338/00003_id06878_wavtolip.npz,4.3713812828063965,4.3713812828063965,4.572519302368164,1
FakeVideo-FakeAudio/Asian (East)/men/id01204/00092_id00056_GUh0mNVw0U8_id05383_wavtolip.npz,-4.891129493713379,-4.891129493713379,4.438482284545898,1
FakeVideo-FakeAudio/Asian (East)/men/id01204/00092_id00560_wavtolip.npz,3.2088098526000977,3.2088098526000977,3.8898849487304688,1
FakeVideo-FakeAudio/Asian (East)/men/id01204/00092_id00597_wavtolip.npz,3.7313344478607178,3.7313344478607178,4.981354236602783,1
FakeVideo-FakeAudio/Asian (East)/men/id01204/00092_id01589_ZCwF6XVRiAU_id02553_wavtolip.npz,-1.4003435373306274,-1.4003435373306274,4.757750511169434,1
FakeVideo-FakeAudio/Asian (East)/men/id01204/00092_id02365_KTHM_LvjcgY_id00056_wavtolip.npz,-1.8253896236419678,-1.8253896236419678,4.711862564086914,1
FakeVideo-FakeAudio/Asian (East)/men/id01204/00092_id02493_zYAm6W46Mcg_id05332_wavtolip.npz,-5.28928279876709,-5.28928279876709,4.480060577392578,1
FakeVideo-FakeAudio/Asian (East)/men/id01204/00092_id02553_wavtolip.npz,-0.6000102758407593,-0.6000102758407593,4.738148212432861,1
FakeVideo-FakeAudio/Asian (East)/men/id01204/00092_id03889_C54Tw6xrc4U_id09143_wavtolip.npz,4.702974796295166,4.702974796295166,4.182063579559326,1
FakeVideo-FakeAudio/Asian (East)/men/id01204/00092_id04789_wavtolip.npz,4.745316505432129,4.745316505432129,4.505634307861328,1
FakeVideo-FakeAudio/Asian (East)/men/id01204/00092_id05268_wavtolip.npz,0.17191198468208313,0.17191198468208313,4.462446212768555,1
FakeVideo-FakeAudio/Asian (East)/men/id01204/00092_id06269_Jm9bEizIGBE_id00863_wavtolip.npz,4.28837251663208,4.28837251663208,4.429598808288574,1
FakeVideo-FakeAudio/Asian (East)/men/id01204/00092_id06776_wavtolip.npz,-5.856768608093262,-5.856768608093262,4.91351842880249,1
FakeVideo-FakeAudio/Asian (East)/men/id01204/00092_id09053_6baCAGutGFg_id04789_wavtolip.npz,4.529911994934082,4.529911994934082,4.56617546081543,1
FakeVideo-FakeAudio/Asian (East)/men/id01204/00092_id09053_wavtolip.npz,-0.7071325778961182,-0.7071325778961182,4.565118789672852,1
FakeVideo-FakeAudio/Asian (East)/men/id01204/00092_id09143_rnD7HryoyLY_faceswap_id00863_wavtolip.npz,4.295595645904541,4.295595645904541,4.325628757476807,1
FakeVideo-FakeAudio/Asian (East)/men/id01204/00092_id09143_rnD7HryoyLY_faceswap_id01212_wavtolip.npz,-1.850268840789795,-1.850268840789795,4.897071838378906,1
FakeVideo-FakeAudio/Asian (East)/men/id01204/00092_id09143_rnD7HryoyLY_faceswap_id05743_wavtolip.npz,-0.6839104890823364,-0.6839104890823364,5.208881855010986,1
FakeVideo-FakeAudio/Asian (East)/men/id01204/00092_id09143_rnD7HryoyLY_faceswap_id06470_wavtolip.npz,-0.33637499809265137,-0.33637499809265137,4.507039546966553,1
FakeVideo-FakeAudio/Asian (East)/men/id01204/00092_id09143_rnD7HryoyLY_id08613_wavtolip.npz,-2.143164873123169,-2.143164873123169,4.906900405883789,1
FakeVideo-FakeAudio/Asian (East)/men/id01204/00092_id09143_wavtolip.npz,4.656538009643555,4.656538009643555,4.23055362701416,1
FakeVideo-FakeAudio/Asian (East)/men/id03889/00052_id00597_wavtolip.npz,-2.3763539791107178,-2.3763539791107178,4.968504905700684,1
FakeVideo-FakeAudio/Asian (East)/men/id03889/00052_id00740_wavtolip.npz,4.34831428527832,4.34831428527832,4.911275386810303,1
FakeVideo-FakeAudio/Asian (East)/men/id03889/00052_id01204_wavtolip.npz,-3.771838665008545,-3.771838665008545,4.968282222747803,1
FakeVideo-FakeAudio/Asian (East)/men/id03889/00052_id01589_ZCwF6XVRiAU_faceswap_id01683_wavtolip.npz,-1.2601488828659058,-1.2601488828659058,4.78372859954834,1
FakeVideo-FakeAudio/Asian (East)/men/id03889/00052_id01589_ZCwF6XVRiAU_faceswap_id03965_wavtolip.npz,-1.1653578281402588,-1.1653578281402588,4.7878007888793945,1
FakeVideo-FakeAudio/Asian (East)/men/id03889/00052_id01589_ZCwF6XVRiAU_faceswap_id04691_wavtolip.npz,-1.383202075958252,-1.383202075958252,4.71980094909668,1
FakeVideo-FakeAudio/Asian (East)/men/id03889/00052_id01589_ZCwF6XVRiAU_faceswap_id05332_wavtolip.npz,-3.7771623134613037,-3.7771623134613037,4.425451755523682,1
FakeVideo-FakeAudio/Asian (East)/men/id03889/00052_id01589_ZCwF6XVRiAU_id07102_wavtolip.npz,-4.755242824554443,-4.755242824554443,4.951888084411621,1
FakeVideo-FakeAudio/Asian (East)/men/id03889/00052_id02332_hlo8q3-L9vI_id06878_wavtolip.npz,4.102921962738037,4.102921962738037,4.591893196105957,1
FakeVideo-FakeAudio/Asian (East)/men/id03889/00052_id02365_KTHM_LvjcgY_id03168_wavtolip.npz,4.766456127166748,4.766456127166748,4.0039520263671875,1
FakeVideo-FakeAudio/Asian (East)/men/id03889/00052_id02365_wavtolip.npz,-2.2849669456481934,-2.2849669456481934,5.005674362182617,1
FakeVideo-FakeAudio/Asian (East)/men/id03889/00052_id02493_zYAm6W46Mcg_id00560_wavtolip.npz,3.2993886470794678,3.2993886470794678,3.901062250137329,1
FakeVideo-FakeAudio/Asian (East)/men/id03889/00052_id04687_cSxCV6zdmwo_id02365_wavtolip.npz,-0.9047560095787048,-0.9047560095787048,4.954704284667969,1
FakeVideo-FakeAudio/Asian (East)/men/id03889/00052_id04687_wavtolip.npz,-1.2917319536209106,-1.2917319536209106,4.599729537963867,1
FakeVideo-FakeAudio/Asian (East)/men/id03889/00052_id04774_k3yOcTA95dg_id04111_wavtolip.npz,-0.493757963180542,-0.493757963180542,4.839069366455078,1
FakeVideo-FakeAudio/Asian (East)/men/id03889/00052_id06467_wavtolip.npz,-2.37980055809021,-2.37980055809021,4.887874603271484,1
FakeVideo-FakeAudio/Asian (East)/men/id03889/00052_id06776_wavtolip.npz,-5.956206798553467,-5.956206798553467,4.987601280212402,1
FakeVideo-FakeAudio/Asian (East)/men/id03889/00052_id07338_wavtolip.npz,-1.2790184020996094,-1.2790184020996094,4.486921310424805,1
FakeVideo-FakeAudio/Asian (East)/men/id03889/00052_id08613_wavtolip.npz,-1.1327310800552368,-1.1327310800552368,4.880393981933594,1
FakeVideo-FakeAudio/Asian (East)/men/id08299/00110_0_id01204_wavtolip.npz,-5.770849227905273,-5.770849227905273,5.321885585784912,1
FakeVideo-FakeAudio/Asian (East)/men/id08299/00110_0_id02493_wavtolip.npz,1.875082015991211,1.875082015991211,4.7517008781433105,1
FakeVideo-FakeAudio/Asian (East)/men/id08299/00110_0_id03168_wavtolip.npz,4.7508015632629395,4.7508015632629395,4.143301010131836,1
FakeVideo-FakeAudio/Asian (East)/men/id08299/00110_0_id03889_wavtolip.npz,-1.4601430892944336,-1.4601430892944336,4.821532726287842,1
FakeVideo-FakeAudio/Asian (East)/men/id08299/00110_0_id04687_wavtolip.npz,-0.33721864223480225,-0.33721864223480225,4.4976372718811035,1
FakeVideo-FakeAudio/Asian (East)/men/id08299/00110_1_id01212_wavtolip.npz,-2.5967066287994385,-2.5967066287994385,4.78704309463501,1
FakeVideo-FakeAudio/Asian (East)/men/id08299/00110_1_id03028_wavtolip.npz,-2.418124198913574,-2.418124198913574,4.784287929534912,1
FakeVideo-FakeAudio/Asian (East)/men/id08299/00110_1_id04111_wavtolip.npz,4.388968467712402,4.388968467712402,4.8493194580078125,1
FakeVideo-FakeAudio/Asian (East)/men/id08299/00110_1_id04774_wavtolip.npz,-1.0616246461868286,-1.0616246461868286,4.255784511566162,1
FakeVideo-FakeAudio/Asian (East)/men/id08299/00110_1_id06269_wavtolip.npz,2.0330870151519775,2.0330870151519775,4.489056587219238,1
FakeVideo-FakeAudio/Asian (East)/men/id08299/00110_2_id00126_wavtolip.npz,2.99420428276062,2.99420428276062,5.216287612915039,1
FakeVideo-FakeAudio/Asian (East)/men/id08299/00110_2_id01589_wavtolip.npz,-0.6821784377098083,-0.6821784377098083,4.732797622680664,1
FakeVideo-FakeAudio/Asian (East)/men/id08299/00110_2_id01683_wavtolip.npz,-6.273951530456543,-6.273951530456543,4.60467004776001,1
FakeVideo-FakeAudio/Asian (East)/men/id08299/00110_2_id03889_wavtolip.npz,-1.4101921319961548,-1.4101921319961548,4.672868251800537,1
FakeVideo-FakeAudio/Asian (East)/men/id08299/00110_2_id04726_wavtolip.npz,-2.580702066421509,-2.580702066421509,5.088056564331055,1
FakeVideo-FakeAudio/Asian (East)/men/id08299/00110_3_id01212_wavtolip.npz,-6.3900251388549805,-6.3900251388549805,4.50789737701416,1
FakeVideo-FakeAudio/Asian (East)/men/id08299/00110_3_id03965_wavtolip.npz,-3.209923505783081,-3.209923505783081,4.5561323165893555,1
FakeVideo-FakeAudio/Asian (East)/men/id08299/00110_3_id06467_wavtolip.npz,-3.2920658588409424,-3.2920658588409424,4.595517635345459,1
FakeVideo-FakeAudio/Asian (East)/men/id08299/00110_3_id06591_wavtolip.npz,4.280036926269531,4.280036926269531,4.504759311676025,1
FakeVideo-FakeAudio/Asian (East)/men/id08299/00110_3_id06878_wavtolip.npz,4.389448165893555,4.389448165893555,4.535994529724121,1
FakeVideo-FakeAudio/Asian (East)/men/id08299/00110_id00056_wavtolip.npz,-2.868877410888672,-2.868877410888672,4.635115146636963,1
FakeVideo-FakeAudio/Asian (East)/men/id08299/00110_id00126_wavtolip.npz,-1.347839117050171,-1.347839117050171,4.7500319480896,1
FakeVideo-FakeAudio/Asian (East)/men/id08299/00110_id00597_wavtolip.npz,-5.137134552001953,-5.137134552001953,4.753791809082031,1
FakeVideo-FakeAudio/Asian (East)/men/id08299/00110_id00863_wavtolip.npz,4.244091510772705,4.244091510772705,4.410798072814941,1
FakeVideo-FakeAudio/Asian (East)/men/id08299/00110_id02332_wavtolip.npz,-6.177570343017578,-6.177570343017578,4.76709508895874,1
FakeVideo-FakeAudio/Asian (East)/men/id08299/00110_id02365_wavtolip.npz,-4.215623378753662,-4.215623378753662,4.754354000091553,1
FakeVideo-FakeAudio/Asian (East)/men/id08299/00110_id03889_wavtolip.npz,-2.1653892993927,-2.1653892993927,4.761462688446045,1
FakeVideo-FakeAudio/Asian (East)/men/id08299/00110_id06470_wavtolip.npz,-1.115988850593567,-1.115988850593567,4.647369384765625,1
FakeVideo-FakeAudio/Asian (East)/men/id08299/00110_id07102_wavtolip.npz,-6.049291133880615,-6.049291133880615,4.6884765625,1
FakeVideo-FakeAudio/Asian (East)/men/id08299/00110_id07338_wavtolip.npz,-2.0292391777038574,-2.0292391777038574,4.409208297729492,1
FakeVideo-FakeAudio/Asian (East)/women/id08819/00052_id00430_wavtolip.npz,-1.4167814254760742,-1.4167814254760742,4.458614349365234,1
FakeVideo-FakeAudio/Asian (East)/women/id08819/00052_id00566_wavtolip.npz,-0.6980571746826172,-0.6980571746826172,4.311875820159912,1
FakeVideo-FakeAudio/Asian (East)/women/id08819/00052_id00579_yc8eTBM4N3c_id06065_wavtolip.npz,0.8326802849769592,0.8326802849769592,4.7870097160339355,1
FakeVideo-FakeAudio/Asian (East)/women/id08819/00052_id02807_eFC0STvhou4_id00137_wavtolip.npz,-1.2307029962539673,-1.2307029962539673,4.586273670196533,1
FakeVideo-FakeAudio/Asian (East)/women/id08819/00052_id03211_wavtolip.npz,-0.4200148582458496,-0.4200148582458496,3.9696168899536133,1
FakeVideo-FakeAudio/Asian (East)/women/id08819/00052_id05576_g3SKd3BsV9I_id06066_wavtolip.npz,-5.9719109535217285,-5.9719109535217285,4.974837303161621,1
FakeVideo-FakeAudio/Asian (East)/women/id08819/00052_id06054_wavtolip.npz,-4.729719161987305,-4.729719161987305,4.790362358093262,1
FakeVideo-FakeAudio/Asian (East)/women/id08819/00052_id06060___Bf93SjJP0_id05631_wavtolip.npz,1.8521552085876465,1.8521552085876465,4.480841159820557,1
FakeVideo-FakeAudio/Asian (East)/women/id08819/00052_id06066_9e5vgpwmruA_id03211_wavtolip.npz,-0.9118332862854004,-0.9118332862854004,3.9677786827087402,1
FakeVideo-FakeAudio/Asian (East)/women/id08819/00052_id06462_wavtolip.npz,4.757575511932373,4.757575511932373,4.518905162811279,1
FakeVideo-FakeAudio/Asian (East)/women/id08819/00052_id07739_TmuvLVNBm8o_id07799_wavtolip.npz,-3.3486998081207275,-3.3486998081207275,5.718042850494385,1
FakeVideo-FakeAudio/Asian (East)/women/id08819/00052_id09116_wavtolip.npz,-2.243351459503174,-2.243351459503174,4.757840633392334,1
FakeVideo-FakeAudio/Asian (East)/women/id00566/00032_id00137_wavtolip.npz,-0.6208032369613647,-0.6208032369613647,4.528977870941162,1
FakeVideo-FakeAudio/Asian (East)/women/id00566/00032_id00579_wavtolip.npz,-0.6217148303985596,-0.6217148303985596,4.427692890167236,1
FakeVideo-FakeAudio/Asian (East)/women/id00566/00032_id00935_wavtolip.npz,3.4932684898376465,3.4932684898376465,4.499190807342529,1
FakeVideo-FakeAudio/Asian (East)/women/id00566/00032_id02587_KzwJPH5_8j0_faceswap_id04057_wavtolip.npz,-6.356697082519531,-6.356697082519531,4.650185585021973,1
FakeVideo-FakeAudio/Asian (East)/women/id00566/00032_id02587_KzwJPH5_8j0_faceswap_id05576_wavtolip.npz,-5.6084513664245605,-5.6084513664245605,4.755953788757324,1
FakeVideo-FakeAudio/Asian (East)/women/id00566/00032_id02587_KzwJPH5_8j0_faceswap_id05631_wavtolip.npz,2.6234140396118164,2.6234140396118164,4.441953182220459,1
FakeVideo-FakeAudio/Asian (East)/women/id00566/00032_id02587_KzwJPH5_8j0_faceswap_id06462_wavtolip.npz,4.789453506469727,4.789453506469727,4.494531154632568,1
FakeVideo-FakeAudio/Asian (East)/women/id00566/00032_id02587_KzwJPH5_8j0_id07739_wavtolip.npz,-2.882449150085449,-2.882449150085449,4.5392584800720215,1
FakeVideo-FakeAudio/Asian (East)/women/id00566/00032_id04414_wavtolip.npz,-1.4753515720367432,-1.4753515720367432,4.458313941955566,1
FakeVideo-FakeAudio/Asian (East)/women/id00566/00032_id05576_wavtolip.npz,-5.627487659454346,-5.627487659454346,4.647161960601807,1
FakeVideo-FakeAudio/Asian (East)/women/id00566/00032_id06054_wavtolip.npz,-4.212066173553467,-4.212066173553467,4.62432861328125,1
FakeVideo-FakeAudio/Asian (East)/women/id00566/00032_id06061_TckvmWR97vo_id00430_wavtolip.npz,-1.5463967323303223,-1.5463967323303223,4.468979835510254,1
FakeVideo-FakeAudio/Asian (East)/women/id00566/00032_id06061_wavtolip.npz,4.149488925933838,4.149488925933838,4.462808609008789,1
FakeVideo-FakeAudio/Asian (East)/women/id00566/00032_id06427_dBBAKe2EA_o_id03211_wavtolip.npz,-0.9998607635498047,-0.9998607635498047,4.022274017333984,1
FakeVideo-FakeAudio/Asian (East)/women/id00566/00032_id08397_wavtolip.npz,-6.363785266876221,-6.363785266876221,4.590270519256592,1
FakeVideo-FakeAudio/Asian (East)/women/id00566/00032_id09174_Qspzu6tyArc_id06066_wavtolip.npz,-6.278141975402832,-6.278141975402832,4.664493560791016,1
FakeVideo-FakeAudio/Asian (East)/women/id05631/00073_id00137_L22Rc38U5BA_id06462_wavtolip.npz,4.7232136726379395,4.7232136726379395,4.629006862640381,1
FakeVideo-FakeAudio/Asian (East)/women/id05631/00073_id00137_wavtolip.npz,-1.6554956436157227,-1.6554956436157227,4.598609447479248,1
FakeVideo-FakeAudio/Asian (East)/women/id05631/00073_id00579_wavtolip.npz,-0.9970617294311523,-0.9970617294311523,4.420201778411865,1
FakeVideo-FakeAudio/Asian (East)/women/id05631/00073_id01281_wavtolip.npz,-1.4033644199371338,-1.4033644199371338,4.856187343597412,1
FakeVideo-FakeAudio/Asian (East)/women/id05631/00073_id02587_KzwJPH5_8j0_id04414_wavtolip.npz,-0.57149338722229,-0.57149338722229,4.666170120239258,1
FakeVideo-FakeAudio/Asian (East)/women/id05631/00073_id04701_wavtolip.npz,-1.9359856843948364,-1.9359856843948364,4.676621913909912,1
FakeVideo-FakeAudio/Asian (East)/women/id05631/00073_id06065_Rni34oVUpTA_faceswap_id00430_wavtolip.npz,-0.7334902286529541,-0.7334902286529541,4.453083038330078,1
FakeVideo-FakeAudio/Asian (East)/women/id05631/00073_id06065_Rni34oVUpTA_faceswap_id00566_wavtolip.npz,-0.00022876262664794922,-0.00022876262664794922,4.23749303817749,1
FakeVideo-FakeAudio/Asian (East)/women/id05631/00073_id06065_Rni34oVUpTA_faceswap_id04414_wavtolip.npz,-1.3332639932632446,-1.3332639932632446,4.631904125213623,1
FakeVideo-FakeAudio/Asian (East)/women/id05631/00073_id06065_Rni34oVUpTA_faceswap_id05576_wavtolip.npz,-5.758845329284668,-5.758845329284668,5.042132377624512,1
FakeVideo-FakeAudio/Asian (East)/women/id05631/00073_id06065_Rni34oVUpTA_faceswap_id08819_wavtolip.npz,-5.97629451751709,-5.97629451751709,5.052518844604492,1
FakeVideo-FakeAudio/Asian (East)/women/id05631/00073_id06065_Rni34oVUpTA_id00763_wavtolip.npz,-5.986172199249268,-5.986172199249268,5.066940784454346,1
FakeVideo-FakeAudio/Asian (East)/women/id05631/00073_id08139_wavtolip.npz,4.268165588378906,4.268165588378906,3.9021894931793213,1
FakeVideo-FakeAudio/Asian (East)/women/id05631/00073_id08397_wavtolip.npz,-2.359388828277588,-2.359388828277588,4.811152935028076,1
FakeVideo-FakeAudio/Asian (East)/women/id05631/00073_id09116_wavtolip.npz,-2.2482757568359375,-2.2482757568359375,4.73782205581665,1
FakeVideo-FakeAudio/Asian (East)/women/id05631/00073_id09174_wavtolip.npz,4.415316104888916,4.415316104888916,3.737311601638794,1
FakeVideo-FakeAudio/Asian (East)/women/id05631/00073_id09181_wavtolip.npz,-2.9976391792297363,-2.9976391792297363,4.984038352966309,1
FakeVideo-FakeAudio/Asian (East)/women/id06054/00010_id00137_wavtolip.npz,-1.5167384147644043,-1.5167384147644043,4.629456520080566,1
FakeVideo-FakeAudio/Asian (East)/women/id06054/00010_id00579_yc8eTBM4N3c_faceswap_id00579_wavtolip.npz,-0.1797710657119751,-0.1797710657119751,4.491487503051758,1
FakeVideo-FakeAudio/Asian (East)/women/id06054/00010_id00579_yc8eTBM4N3c_faceswap_id06065_wavtolip.npz,-2.5420823097229004,-2.5420823097229004,4.737703323364258,1
FakeVideo-FakeAudio/Asian (East)/women/id06054/00010_id00579_yc8eTBM4N3c_faceswap_id06388_wavtolip.npz,-2.352694034576416,-2.352694034576416,4.716406345367432,1
FakeVideo-FakeAudio/Asian (East)/women/id06054/00010_id00579_yc8eTBM4N3c_faceswap_id07739_wavtolip.npz,-1.2090693712234497,-1.2090693712234497,4.876829147338867,1
FakeVideo-FakeAudio/Asian (East)/women/id06054/00010_id00579_yc8eTBM4N3c_id02587_wavtolip.npz,4.611201286315918,4.611201286315918,3.8124372959136963,1
FakeVideo-FakeAudio/Asian (East)/women/id06054/00010_id02587_KzwJPH5_8j0_id00430_wavtolip.npz,-1.2803386449813843,-1.2803386449813843,4.543229579925537,1
FakeVideo-FakeAudio/Asian (East)/women/id06054/00010_id02587_wavtolip.npz,4.592665672302246,4.592665672302246,3.7663910388946533,1
FakeVideo-FakeAudio/Asian (East)/women/id06054/00010_id04057_SmHwNbR-498_id08397_wavtolip.npz,-2.2312936782836914,-2.2312936782836914,4.760694980621338,1
FakeVideo-FakeAudio/Asian (East)/women/id06054/00010_id04144__FJg9YswRzQ_id01281_wavtolip.npz,-1.4910887479782104,-1.4910887479782104,4.865530490875244,1
FakeVideo-FakeAudio/Asian (East)/women/id06054/00010_id05844_wavtolip.npz,-1.2607600688934326,-1.2607600688934326,4.315602779388428,1
FakeVideo-FakeAudio/Asian (East)/women/id06054/00010_id06060_wavtolip.npz,-1.93455171585083,-1.93455171585083,4.615440368652344,1
FakeVideo-FakeAudio/Asian (East)/women/id06054/00010_id06065_wavtolip.npz,-2.3005287647247314,-2.3005287647247314,4.796661853790283,1
FakeVideo-FakeAudio/Asian (East)/women/id06054/00010_id06066_wavtolip.npz,-6.105685234069824,-6.105685234069824,4.838208198547363,1
FakeVideo-FakeAudio/Asian (East)/women/id06054/00010_id06462_wavtolip.npz,5.032410144805908,5.032410144805908,4.480932235717773,1
FakeVideo-FakeAudio/Asian (East)/women/id06054/00010_id08402_nedfiSXfmQ0_id00430_wavtolip.npz,-1.4346771240234375,-1.4346771240234375,4.463890552520752,1
FakeVideo-FakeAudio/Asian (East)/women/id06054/00010_id08819_uDQ-DFVg5Sk_id06225_wavtolip.npz,-6.120338439941406,-6.120338439941406,4.922870635986328,1
FakeVideo-FakeAudio/Asian (East)/women/id06054/00010_id09116_wavtolip.npz,-3.5435500144958496,-3.5435500144958496,4.711423873901367,1
FakeVideo-FakeAudio/Asian (East)/women/id06054/00010_id09171_wavtolip.npz,-4.577871322631836,-4.577871322631836,5.0079345703125,1
FakeVideo-FakeAudio/Asian (East)/women/id04701/00017_id01281_wavtolip.npz,-1.2824559211730957,-1.2824559211730957,4.704092025756836,1
FakeVideo-FakeAudio/Asian (East)/women/id04701/00017_id03940_axeR0CLu96U_id09175_wavtolip.npz,-1.6431165933609009,-1.6431165933609009,4.599263668060303,1
FakeVideo-FakeAudio/Asian (East)/women/id04701/00017_id04144__FJg9YswRzQ_id00579_wavtolip.npz,-0.9785075187683105,-0.9785075187683105,4.4182233810424805,1
FakeVideo-FakeAudio/Asian (East)/women/id04701/00017_id04144_wavtolip.npz,-0.3297487497329712,-0.3297487497329712,4.7709808349609375,1
FakeVideo-FakeAudio/Asian (East)/women/id04701/00017_id05844_wavtolip.npz,-0.5053647756576538,-0.5053647756576538,4.160813331604004,1
FakeVideo-FakeAudio/Asian (East)/women/id04701/00017_id06054_wavtolip.npz,-2.7706451416015625,-2.7706451416015625,4.893587112426758,1
FakeVideo-FakeAudio/Asian (East)/women/id04701/00017_id06065_wavtolip.npz,-1.7317653894424438,-1.7317653894424438,4.7056379318237305,1
FakeVideo-FakeAudio/Asian (East)/women/id04701/00017_id06158_wavtolip.npz,-1.6698954105377197,-1.6698954105377197,4.892604827880859,1
FakeVideo-FakeAudio/Asian (East)/women/id04701/00017_id06462_Nn79kE76MA4_faceswap_id00566_wavtolip.npz,-0.5975064039230347,-0.5975064039230347,4.3219170570373535,1
FakeVideo-FakeAudio/Asian (East)/women/id04701/00017_id06462_Nn79kE76MA4_faceswap_id00763_wavtolip.npz,-6.099656105041504,-6.099656105041504,4.9421844482421875,1
FakeVideo-FakeAudio/Asian (East)/women/id04701/00017_id06462_Nn79kE76MA4_faceswap_id02587_wavtolip.npz,4.744919776916504,4.744919776916504,3.731808662414551,1
FakeVideo-FakeAudio/Asian (East)/women/id04701/00017_id06462_Nn79kE76MA4_faceswap_id02807_wavtolip.npz,-6.272467136383057,-6.272467136383057,4.532126426696777,1
FakeVideo-FakeAudio/Asian (East)/women/id04701/00017_id06462_Nn79kE76MA4_faceswap_id06443_wavtolip.npz,-6.031466960906982,-6.031466960906982,4.890247344970703,1
FakeVideo-FakeAudio/Asian (East)/women/id04701/00017_id06462_Nn79kE76MA4_id06054_wavtolip.npz,-3.4166128635406494,-3.4166128635406494,4.919658184051514,1
FakeVideo-FakeAudio/Asian (East)/women/id04701/00017_id07739_TmuvLVNBm8o_id08819_wavtolip.npz,-6.0651702880859375,-6.0651702880859375,4.931586742401123,1
FakeVideo-FakeAudio/Asian (East)/women/id04701/00017_id07799_gO6nidmxrJU_id07799_wavtolip.npz,-0.08056104183197021,-0.08056104183197021,4.979112148284912,1
FakeVideo-FakeAudio/Asian (East)/women/id04701/00017_id08819_wavtolip.npz,-6.073354244232178,-6.073354244232178,4.934968948364258,1
FakeVideo-FakeAudio/Asian (East)/women/id04701/00017_id09174_Qspzu6tyArc_id06060_wavtolip.npz,-1.473875641822815,-1.473875641822815,4.664573669433594,1
FakeVideo-FakeAudio/Asian (East)/women/id04701/00017_id09175_YWe7UOnEyHU_id00579_wavtolip.npz,-0.9243983030319214,-0.9243983030319214,4.468146324157715,1
FakeVideo-FakeAudio/Asian (East)/women/id09174/00015_id00137_L22Rc38U5BA_id06061_wavtolip.npz,4.414491653442383,4.414491653442383,4.707969665527344,1
FakeVideo-FakeAudio/Asian (East)/women/id09174/00015_id00137_wavtolip.npz,-0.5601978302001953,-0.5601978302001953,4.525914669036865,1
FakeVideo-FakeAudio/Asian (East)/women/id09174/00015_id00363_wavtolip.npz,0.44043397903442383,0.44043397903442383,4.424215316772461,1
FakeVideo-FakeAudio/Asian (East)/women/id09174/00015_id02587_KzwJPH5_8j0_faceswap_id03211_wavtolip.npz,-0.4818471670150757,-0.4818471670150757,3.9784493446350098,1
FakeVideo-FakeAudio/Asian (East)/women/id09174/00015_id02587_KzwJPH5_8j0_faceswap_id06054_wavtolip.npz,-3.0378828048706055,-3.0378828048706055,4.647240161895752,1
FakeVideo-FakeAudio/Asian (East)/women/id09174/00015_id02587_KzwJPH5_8j0_faceswap_id06060_wavtolip.npz,-0.5819916725158691,-0.5819916725158691,4.648056983947754,1
FakeVideo-FakeAudio/Asian (East)/women/id09174/00015_id02587_KzwJPH5_8j0_faceswap_id09181_wavtolip.npz,-3.205543041229248,-3.205543041229248,4.56739616394043,1
FakeVideo-FakeAudio/Asian (East)/women/id09174/00015_id04701_7mnc8w6jRlM_id07739_wavtolip.npz,-4.768426418304443,-4.768426418304443,4.526182651519775,1
FakeVideo-FakeAudio/Asian (East)/women/id09174/00015_id05631_wavtolip.npz,2.4978256225585938,2.4978256225585938,4.544205188751221,1
FakeVideo-FakeAudio/Asian (East)/women/id09174/00015_id05844_bkmHULxZv40_id06054_wavtolip.npz,-2.706754446029663,-2.706754446029663,4.614742755889893,1
FakeVideo-FakeAudio/Asian (East)/women/id09174/00015_id05844_wavtolip.npz,-0.5208090543746948,-0.5208090543746948,4.234264373779297,1
FakeVideo-FakeAudio/Asian (East)/women/id09174/00015_id06060_wavtolip.npz,-0.23602283000946045,-0.23602283000946045,4.7097954750061035,1
FakeVideo-FakeAudio/Asian (East)/women/id09174/00015_id08819_wavtolip.npz,-6.286196708679199,-6.286196708679199,4.59388542175293,1
FakeVideo-FakeAudio/Asian (East)/women/id09174/00015_id09116_wavtolip.npz,-5.771679878234863,-5.771679878234863,4.58390998840332,1
FakeVideo-FakeAudio/Asian (East)/women/id09174/00015_id09171_wavtolip.npz,-4.441436290740967,-4.441436290740967,4.800545692443848,1
FakeVideo-FakeAudio/Asian (East)/women/id09125/00098_id00430_wavtolip.npz,-0.8789299726486206,-0.8789299726486206,4.378597259521484,1
FakeVideo-FakeAudio/Asian (East)/women/id09125/00098_id00579_yc8eTBM4N3c_id05631_wavtolip.npz,2.1543803215026855,2.1543803215026855,4.455244541168213,1
FakeVideo-FakeAudio/Asian (East)/women/id09125/00098_id01281_wavtolip.npz,-2.0003724098205566,-2.0003724098205566,4.792295455932617,1
FakeVideo-FakeAudio/Asian (East)/women/id09125/00098_id02587_wavtolip.npz,4.730823040008545,4.730823040008545,3.7522640228271484,1
FakeVideo-FakeAudio/Asian (East)/women/id09125/00098_id03211_HK4oe6Hi91E_id05631_wavtolip.npz,2.468996524810791,2.468996524810791,4.451488971710205,1
FakeVideo-FakeAudio/Asian (East)/women/id09125/00098_id03379_wavtolip.npz,2.1471731662750244,2.1471731662750244,4.499423980712891,1
FakeVideo-FakeAudio/Asian (East)/women/id09125/00098_id04057_wavtolip.npz,-0.18334853649139404,-0.18334853649139404,4.83592414855957,1
FakeVideo-FakeAudio/Asian (East)/women/id09125/00098_id04144_wavtolip.npz,-0.7127244472503662,-0.7127244472503662,4.788760662078857,1
FakeVideo-FakeAudio/Asian (East)/women/id09125/00098_id06158_wavtolip.npz,-2.2456891536712646,-2.2456891536712646,4.939570903778076,1
FakeVideo-FakeAudio/Asian (East)/women/id09125/00098_id06225_wavtolip.npz,-5.808035850524902,-5.808035850524902,5.110712051391602,1
FakeVideo-FakeAudio/Asian (East)/women/id09125/00098_id06462_Nn79kE76MA4_id04057_wavtolip.npz,-0.8556684255599976,-0.8556684255599976,4.807379722595215,1
FakeVideo-FakeAudio/Asian (East)/women/id09125/00098_id07739_TmuvLVNBm8o_id05844_wavtolip.npz,-0.23964083194732666,-0.23964083194732666,4.195489883422852,1
FakeVideo-FakeAudio/Asian (East)/women/id09125/00098_id07799_wavtolip.npz,-2.888751983642578,-2.888751983642578,5.165876388549805,1
FakeVideo-FakeAudio/Asian (East)/women/id09125/00098_id09174_wavtolip.npz,4.448050498962402,4.448050498962402,3.743401288986206,1
FakeVideo-FakeAudio/Asian (East)/women/id09125/00098_id09181_ypUYBHscgD8_id06225_wavtolip.npz,-5.844982147216797,-5.844982147216797,5.20088005065918,1
FakeVideo-FakeAudio/Asian (East)/women/id05620/00005_id00137_wavtolip.npz,-1.117475986480713,-1.117475986480713,4.562475681304932,1
FakeVideo-FakeAudio/Asian (East)/women/id05620/00005_id00566_V3Hg_HMhuwQ_id00430_wavtolip.npz,-1.3015722036361694,-1.3015722036361694,4.478884220123291,1
FakeVideo-FakeAudio/Asian (East)/women/id05620/00005_id00579_wavtolip.npz,-0.9422098398208618,-0.9422098398208618,4.4596123695373535,1
FakeVideo-FakeAudio/Asian (East)/women/id05620/00005_id02807_eFC0STvhou4_id04144_wavtolip.npz,-2.3119726181030273,-2.3119726181030273,4.716875076293945,1
FakeVideo-FakeAudio/Asian (East)/women/id05620/00005_id04144_wavtolip.npz,-1.7086039781570435,-1.7086039781570435,4.814146518707275,1
FakeVideo-FakeAudio/Asian (East)/women/id05620/00005_id05620_wavtolip.npz,4.267269611358643,4.267269611358643,4.814911842346191,1
FakeVideo-FakeAudio/Asian (East)/women/id05620/00005_id05631_wavtolip.npz,2.421466112136841,2.421466112136841,4.463432312011719,1
FakeVideo-FakeAudio/Asian (East)/women/id05620/00005_id06061_TckvmWR97vo_faceswap_id03379_wavtolip.npz,-1.2768399715423584,-1.2768399715423584,4.725766181945801,1
FakeVideo-FakeAudio/Asian (East)/women/id05620/00005_id06061_TckvmWR97vo_faceswap_id04414_wavtolip.npz,-0.8969382047653198,-0.8969382047653198,4.621285438537598,1
FakeVideo-FakeAudio/Asian (East)/women/id05620/00005_id06061_TckvmWR97vo_faceswap_id04701_wavtolip.npz,-0.946557879447937,-0.946557879447937,4.693521976470947,1
FakeVideo-FakeAudio/Asian (East)/women/id05620/00005_id06061_TckvmWR97vo_faceswap_id05631_wavtolip.npz,2.5591232776641846,2.5591232776641846,4.462871551513672,1
FakeVideo-FakeAudio/Asian (East)/women/id05620/00005_id06061_TckvmWR97vo_faceswap_id09181_wavtolip.npz,-1.9468835592269897,-1.9468835592269897,4.957645416259766,1
FakeVideo-FakeAudio/Asian (East)/women/id05620/00005_id06061_TckvmWR97vo_id00566_wavtolip.npz,-0.4084765911102295,-0.4084765911102295,4.366876125335693,1
FakeVideo-FakeAudio/Asian (East)/women/id05620/00005_id06066_9e5vgpwmruA_id07039_wavtolip.npz,4.268930435180664,4.268930435180664,4.865295886993408,1
FakeVideo-FakeAudio/Asian (East)/women/id05620/00005_id06066_wavtolip.npz,-6.02010440826416,-6.02010440826416,5.024857997894287,1
FakeVideo-FakeAudio/Asian (East)/women/id05620/00005_id07799_wavtolip.npz,-1.7797385454177856,-1.7797385454177856,4.973358154296875,1
FakeVideo-FakeAudio/Asian (East)/women/id05620/00005_id09181_wavtolip.npz,-2.0741028785705566,-2.0741028785705566,4.966476917266846,1
FakeVideo-FakeAudio/Asian (East)/women/id05576/00368_id00363_XNRwEZtddRk_id00763_wavtolip.npz,-5.872424125671387,-5.872424125671387,5.095616817474365,1
FakeVideo-FakeAudio/Asian (East)/women/id05576/00368_id00566_wavtolip.npz,-0.361386775970459,-0.361386775970459,4.239833831787109,1
FakeVideo-FakeAudio/Asian (East)/women/id05576/00368_id02807_eFC0STvhou4_id00763_wavtolip.npz,-5.869165420532227,-5.869165420532227,5.087130546569824,1
FakeVideo-FakeAudio/Asian (East)/women/id05576/00368_id03211_wavtolip.npz,-0.7539331912994385,-0.7539331912994385,3.988581895828247,1
FakeVideo-FakeAudio/Asian (East)/women/id05576/00368_id04144_wavtolip.npz,-2.171098232269287,-2.171098232269287,4.694699287414551,1
FakeVideo-FakeAudio/Asian (East)/women/id05576/00368_id04701_wavtolip.npz,-1.409589409828186,-1.409589409828186,4.565115928649902,1
FakeVideo-FakeAudio/Asian (East)/women/id05576/00368_id05631_wavtolip.npz,2.6197667121887207,2.6197667121887207,4.454248905181885,1
FakeVideo-FakeAudio/Asian (East)/women/id05576/00368_id06061_wavtolip.npz,3.285722494125366,3.285722494125366,5.155673027038574,1
FakeVideo-FakeAudio/Asian (East)/women/id05576/00368_id06066_9e5vgpwmruA_id00935_wavtolip.npz,3.464028835296631,3.464028835296631,4.509754657745361,1
FakeVideo-FakeAudio/Asian (East)/women/id05576/00368_id06066_wavtolip.npz,-5.883204460144043,-5.883204460144043,4.988132476806641,1
FakeVideo-FakeAudio/Asian (East)/women/id05576/00368_id06158_C6FpHdewEzA_id00430_wavtolip.npz,-1.0067596435546875,-1.0067596435546875,4.374019622802734,1
FakeVideo-FakeAudio/Asian (East)/women/id05576/00368_id08139_wavtolip.npz,4.2518839836120605,4.2518839836120605,3.7631967067718506,1
FakeVideo-FakeAudio/Asian (East)/women/id05576/00368_id08397_zvY3EjwSL1Q_id06054_wavtolip.npz,-4.938159465789795,-4.938159465789795,4.8929009437561035,1
FakeVideo-FakeAudio/Asian (East)/women/id05576/00368_id08819_uDQ-DFVg5Sk_id09116_wavtolip.npz,-2.061368227005005,-2.061368227005005,4.684260368347168,1
FakeVideo-FakeAudio/Asian (East)/women/id05576/00368_id09116_wavtolip.npz,-2.1897389888763428,-2.1897389888763428,4.779598236083984,1
FakeVideo-FakeAudio/Asian (East)/women/id05576/00368_id09175_YWe7UOnEyHU_id00763_wavtolip.npz,-5.861462593078613,-5.861462593078613,5.179322242736816,1
FakeVideo-FakeAudio/Asian (East)/women/id06388/00005_id00579_wavtolip.npz,-0.1151576042175293,-0.1151576042175293,4.365443706512451,1
FakeVideo-FakeAudio/Asian (East)/women/id06388/00005_id01281_ojEe5zGWESc_faceswap_id03211_wavtolip.npz,-0.9615248441696167,-0.9615248441696167,4.014072418212891,1
FakeVideo-FakeAudio/Asian (East)/women/id06388/00005_id01281_ojEe5zGWESc_faceswap_id04414_wavtolip.npz,-1.4580532312393188,-1.4580532312393188,4.532264709472656,1
FakeVideo-FakeAudio/Asian (East)/women/id06388/00005_id01281_ojEe5zGWESc_faceswap_id05620_wavtolip.npz,4.162271499633789,4.162271499633789,4.738862991333008,1
FakeVideo-FakeAudio/Asian (East)/women/id06388/00005_id01281_ojEe5zGWESc_faceswap_id08139_wavtolip.npz,4.264569282531738,4.264569282531738,3.8358314037323,1
FakeVideo-FakeAudio/Asian (East)/women/id06388/00005_id04057_wavtolip.npz,-0.35937654972076416,-0.35937654972076416,4.692877292633057,1
FakeVideo-FakeAudio/Asian (East)/women/id06388/00005_id04701_wavtolip.npz,-1.396816611289978,-1.396816611289978,4.561126232147217,1
FakeVideo-FakeAudio/Asian (East)/women/id06388/00005_id06054_wavtolip.npz,-4.293745517730713,-4.293745517730713,4.8311662673950195,1
FakeVideo-FakeAudio/Asian (East)/women/id06388/00005_id06065_wavtolip.npz,0.9245914220809937,0.9245914220809937,4.635110378265381,1
FakeVideo-FakeAudio/Asian (East)/women/id06388/00005_id06462_wavtolip.npz,4.789875507354736,4.789875507354736,4.495430946350098,1
FakeVideo-FakeAudio/Asian (East)/women/id06388/00005_id08397_wavtolip.npz,-0.9872732162475586,-0.9872732162475586,4.705710411071777,1
FakeVideo-FakeAudio/Asian (East)/women/id06388/00005_id08402_nedfiSXfmQ0_id03379_wavtolip.npz,-0.8498283624649048,-0.8498283624649048,4.581902027130127,1
FakeVideo-FakeAudio/Asian (East)/women/id06388/00005_id09116_wavtolip.npz,-1.3131005764007568,-1.3131005764007568,4.654836177825928,1
FakeVideo-FakeAudio/Asian (East)/women/id06388/00005_id09171_B-JRLp6chC0_id00579_wavtolip.npz,0.09597277641296387,0.09597277641296387,4.386537551879883,1
FakeVideo-FakeAudio/Asian (East)/women/id06388/00005_id09175_YWe7UOnEyHU_id00363_wavtolip.npz,2.157176971435547,2.157176971435547,4.433836936950684,1
FakeVideo-FakeAudio/Asian (East)/women/id06388/00005_id09181_ypUYBHscgD8_id06225_wavtolip.npz,-6.0761213302612305,-6.0761213302612305,4.8849029541015625,1
FakeVideo-FakeAudio/Asian (East)/women/id00582/00006_id00137_wavtolip.npz,-1.5520423650741577,-1.5520423650741577,4.539124011993408,1
FakeVideo-FakeAudio/Asian (East)/women/id00582/00006_id00566_wavtolip.npz,-1.0793612003326416,-1.0793612003326416,4.2730817794799805,1
FakeVideo-FakeAudio/Asian (East)/women/id00582/00006_id01281_wavtolip.npz,-0.014211952686309814,-0.014211952686309814,4.771450519561768,1
FakeVideo-FakeAudio/Asian (East)/women/id00582/00006_id02807_eFC0STvhou4_id00137_wavtolip.npz,-0.7853240966796875,-0.7853240966796875,4.548335552215576,1
FakeVideo-FakeAudio/Asian (East)/women/id00582/00006_id03211_HK4oe6Hi91E_id06054_wavtolip.npz,-2.4742391109466553,-2.4742391109466553,4.838381767272949,1
FakeVideo-FakeAudio/Asian (East)/women/id00582/00006_id03379_A32nCObAHiI_faceswap_id00137_wavtolip.npz,-0.703832745552063,-0.703832745552063,4.598036289215088,1
FakeVideo-FakeAudio/Asian (East)/women/id00582/00006_id03379_A32nCObAHiI_faceswap_id00935_wavtolip.npz,3.7981996536254883,3.7981996536254883,4.668047904968262,1
FakeVideo-FakeAudio/Asian (East)/women/id00582/00006_id03379_A32nCObAHiI_faceswap_id05620_wavtolip.npz,4.0977067947387695,4.0977067947387695,4.855603218078613,1
FakeVideo-FakeAudio/Asian (East)/women/id00582/00006_id03379_A32nCObAHiI_faceswap_id06158_wavtolip.npz,-0.46979576349258423,-0.46979576349258423,4.858570098876953,1
FakeVideo-FakeAudio/Asian (East)/women/id00582/00006_id03379_A32nCObAHiI_id07799_wavtolip.npz,0.5362778902053833,0.5362778902053833,5.482597351074219,1
FakeVideo-FakeAudio/Asian (East)/women/id00582/00006_id03379_wavtolip.npz,-0.9427886009216309,-0.9427886009216309,4.50783109664917,1
FakeVideo-FakeAudio/Asian (East)/women/id00582/00006_id04144__FJg9YswRzQ_id05576_wavtolip.npz,-2.832268476486206,-2.832268476486206,5.189067840576172,1
FakeVideo-FakeAudio/Asian (East)/women/id00582/00006_id04701_wavtolip.npz,-1.6705539226531982,-1.6705539226531982,4.573401927947998,1
FakeVideo-FakeAudio/Asian (East)/women/id00582/00006_id06065_wavtolip.npz,0.22942227125167847,0.22942227125167847,4.6654815673828125,1
FakeVideo-FakeAudio/Asian (East)/women/id00582/00006_id06388_AtidJ-WlONc_id08139_wavtolip.npz,4.285917282104492,4.285917282104492,3.831960678100586,1
FakeVideo-FakeAudio/Asian (East)/women/id00582/00006_id09171_wavtolip.npz,-1.3448255062103271,-1.3448255062103271,5.042103290557861,1
FakeVideo-FakeAudio/Asian (East)/women/id00582/00006_id09174_Qspzu6tyArc_id02587_wavtolip.npz,4.8570942878723145,4.8570942878723145,3.765946388244629,1
FakeVideo-FakeAudio/Asian (East)/women/id00582/00006_id09174_wavtolip.npz,4.389937400817871,4.389937400817871,3.728999137878418,1
FakeVideo-FakeAudio/Asian (East)/women/id00363/00014_id00763_lI1GEn3Ima0_id05631_wavtolip.npz,2.139159917831421,2.139159917831421,4.490570545196533,1
FakeVideo-FakeAudio/Asian (East)/women/id00363/00014_id03379_A32nCObAHiI_id09175_wavtolip.npz,-0.9988031387329102,-0.9988031387329102,4.484713077545166,1
FakeVideo-FakeAudio/Asian (East)/women/id00363/00014_id04144__FJg9YswRzQ_id00763_wavtolip.npz,-6.3795552253723145,-6.3795552253723145,4.538559913635254,1
FakeVideo-FakeAudio/Asian (East)/women/id00363/00014_id04701_wavtolip.npz,-6.3856096267700195,-6.3856096267700195,4.5324835777282715,1
FakeVideo-FakeAudio/Asian (East)/women/id00363/00014_id05576_wavtolip.npz,-4.8570451736450195,-4.8570451736450195,4.608564853668213,1
FakeVideo-FakeAudio/Asian (East)/women/id00363/00014_id05844_wavtolip.npz,-0.9358090162277222,-0.9358090162277222,4.19394063949585,1
FakeVideo-FakeAudio/Asian (East)/women/id00363/00014_id06054_wavtolip.npz,-4.639322280883789,-4.639322280883789,4.638016700744629,1
FakeVideo-FakeAudio/Asian (East)/women/id00363/00014_id06066_9e5vgpwmruA_id00566_wavtolip.npz,-0.7694994211196899,-0.7694994211196899,4.243081092834473,1
FakeVideo-FakeAudio/Asian (East)/women/id00363/00014_id06443_wavtolip.npz,-6.351767539978027,-6.351767539978027,4.597359657287598,1
FakeVideo-FakeAudio/Asian (East)/women/id00363/00014_id08139_wavtolip.npz,4.077188014984131,4.077188014984131,3.7841250896453857,1
FakeVideo-FakeAudio/Asian (East)/women/id00363/00014_id08819_wavtolip.npz,-6.315361022949219,-6.315361022949219,4.623406887054443,1
FakeVideo-FakeAudio/Asian (East)/women/id00363/00014_id09175_YWe7UOnEyHU_id07739_wavtolip.npz,-5.288421630859375,-5.288421630859375,4.702342987060547,1
FakeVideo-FakeAudio/Asian (East)/women/id00363/00014_id09175_wavtolip.npz,-1.985883355140686,-1.985883355140686,4.481836318969727,1
FakeVideo-FakeAudio/Asian (East)/women/id06158/00015_id00763_wavtolip.npz,-6.165773868560791,-6.165773868560791,4.848352432250977,1
FakeVideo-FakeAudio/Asian (East)/women/id06158/00015_id03940_axeR0CLu96U_faceswap_id02587_wavtolip.npz,4.5705389976501465,4.5705389976501465,3.6904544830322266,1
FakeVideo-FakeAudio/Asian (East)/women/id06158/00015_id03940_axeR0CLu96U_faceswap_id04414_wavtolip.npz,-1.0411450862884521,-1.0411450862884521,4.559922218322754,1
FakeVideo-FakeAudio/Asian (East)/women/id06158/00015_id03940_axeR0CLu96U_faceswap_id05620_wavtolip.npz,4.227823257446289,4.227823257446289,4.922270774841309,1
FakeVideo-FakeAudio/Asian (East)/women/id06158/00015_id03940_axeR0CLu96U_faceswap_id06065_wavtolip.npz,3.6912784576416016,3.6912784576416016,4.748135089874268,1
FakeVideo-FakeAudio/Asian (East)/women/id06158/00015_id03940_axeR0CLu96U_faceswap_id06443_wavtolip.npz,-6.116253852844238,-6.116253852844238,4.90485954284668,1
FakeVideo-FakeAudio/Asian (East)/women/id06158/00015_id03940_axeR0CLu96U_id06061_wavtolip.npz,2.982280731201172,2.982280731201172,4.872422218322754,1
FakeVideo-FakeAudio/Asian (East)/women/id06158/00015_id04057_wavtolip.npz,-2.2962231636047363,-2.2962231636047363,4.947006702423096,1
FakeVideo-FakeAudio/Asian (East)/women/id06158/00015_id04701_7mnc8w6jRlM_id07799_wavtolip.npz,-2.6319198608398438,-2.6319198608398438,4.975711345672607,1
FakeVideo-FakeAudio/Asian (East)/women/id06158/00015_id04701_wavtolip.npz,-1.2133028507232666,-1.2133028507232666,4.654314041137695,1
FakeVideo-FakeAudio/Asian (East)/women/id06158/00015_id06054_wavtolip.npz,-5.952500820159912,-5.952500820159912,4.979920387268066,1
FakeVideo-FakeAudio/Asian (East)/women/id06158/00015_id06060_wavtolip.npz,-1.519112229347229,-1.519112229347229,4.7445292472839355,1
FakeVideo-FakeAudio/Asian (East)/women/id06158/00015_id06462_wavtolip.npz,4.745919227600098,4.745919227600098,4.526898384094238,1
FakeVideo-FakeAudio/Asian (East)/women/id06158/00015_id08397_zvY3EjwSL1Q_id01281_wavtolip.npz,-1.4521353244781494,-1.4521353244781494,4.8776326179504395,1
FakeVideo-FakeAudio/Asian (East)/women/id03211/00032_id00363_wavtolip.npz,2.268474578857422,2.268474578857422,4.47019100189209,1
FakeVideo-FakeAudio/Asian (East)/women/id03211/00032_id00582_9gvF6IohoUI_faceswap_id04414_wavtolip.npz,-0.4383411407470703,-0.4383411407470703,4.611091613769531,1
FakeVideo-FakeAudio/Asian (East)/women/id03211/00032_id00582_9gvF6IohoUI_faceswap_id05620_wavtolip.npz,4.360280990600586,4.360280990600586,4.753921031951904,1
FakeVideo-FakeAudio/Asian (East)/women/id03211/00032_id00582_9gvF6IohoUI_faceswap_id05631_wavtolip.npz,3.178427219390869,3.178427219390869,4.362575531005859,1
FakeVideo-FakeAudio/Asian (East)/women/id03211/00032_id00582_9gvF6IohoUI_faceswap_id06225_wavtolip.npz,-5.880565643310547,-5.880565643310547,5.084221839904785,1
FakeVideo-FakeAudio/Asian (East)/women/id03211/00032_id00582_9gvF6IohoUI_faceswap_id06388_wavtolip.npz,-1.2407209873199463,-1.2407209873199463,4.758593559265137,1
FakeVideo-FakeAudio/Asian (East)/women/id03211/00032_id00582_9gvF6IohoUI_id04414_wavtolip.npz,-1.238946795463562,-1.238946795463562,4.533407211303711,1
FakeVideo-FakeAudio/Asian (East)/women/id03211/00032_id00935_wavtolip.npz,3.1795835494995117,3.1795835494995117,4.572793006896973,1
FakeVideo-FakeAudio/Asian (East)/women/id03211/00032_id02587_KzwJPH5_8j0_id06054_wavtolip.npz,-4.715632915496826,-4.715632915496826,4.924035549163818,1
FakeVideo-FakeAudio/Asian (East)/women/id03211/00032_id02587_wavtolip.npz,4.695687770843506,4.695687770843506,3.7496018409729004,1
FakeVideo-FakeAudio/Asian (East)/women/id03211/00032_id03940_axeR0CLu96U_id06462_wavtolip.npz,4.695791244506836,4.695791244506836,4.653895378112793,1
FakeVideo-FakeAudio/Asian (East)/women/id03211/00032_id04066_DkqznbB2WxQ_id05576_wavtolip.npz,-5.3623857498168945,-5.3623857498168945,5.012781620025635,1
FakeVideo-FakeAudio/Asian (East)/women/id03211/00032_id04414_0sJN-9GIO-M_id05620_wavtolip.npz,4.238554954528809,4.238554954528809,4.899099349975586,1
FakeVideo-FakeAudio/Asian (East)/women/id03211/00032_id04414_wavtolip.npz,-1.711609125137329,-1.711609125137329,4.5494303703308105,1
FakeVideo-FakeAudio/Asian (East)/women/id03211/00032_id05631_wavtolip.npz,2.885464906692505,2.885464906692505,4.381260871887207,1
FakeVideo-FakeAudio/Asian (East)/women/id03211/00032_id06158_C6FpHdewEzA_id05844_wavtolip.npz,2.4843814373016357,2.4843814373016357,4.241927146911621,1
FakeVideo-FakeAudio/Asian (East)/women/id03211/00032_id06427_dBBAKe2EA_o_id05631_wavtolip.npz,2.5388009548187256,2.5388009548187256,4.513885498046875,1
FakeVideo-FakeAudio/Asian (East)/women/id03211/00032_id09181_wavtolip.npz,-2.1651408672332764,-2.1651408672332764,4.999825954437256,1
FakeVideo-FakeAudio/Caucasian (European)/men/id01052/00076_id00171_PWU6n0qrv4c_id00266_wavtolip.npz,3.5624301433563232,3.5624301433563232,5.205028057098389,1
FakeVideo-FakeAudio/Caucasian (European)/men/id01052/00076_id00185_wavtolip.npz,-0.5398915410041809,-0.5398915410041809,4.850982189178467,1
FakeVideo-FakeAudio/Caucasian (European)/men/id01052/00076_id00225_wavtolip.npz,-2.2834672927856445,-2.2834672927856445,5.415169715881348,1
FakeVideo-FakeAudio/Caucasian (European)/men/id01052/00076_id00241_DlI4wqSFwbI_id00990_wavtolip.npz,0.1980758160352707,0.1980758160352707,4.921250343322754,1
FakeVideo-FakeAudio/Caucasian (European)/men/id01052/00076_id00266_wavtolip.npz,3.7013700008392334,3.7013700008392334,5.2232465744018555,1
FakeVideo-FakeAudio/Caucasian (European)/men/id01052/00076_id00282_wavtolip.npz,-3.5313754081726074,-3.5313754081726074,5.158437252044678,1
FakeVideo-FakeAudio/Caucasian (European)/men/id01052/00076_id00305_LdcY3ILdQrE_id00265_wavtolip.npz,4.671696662902832,4.671696662902832,4.297694206237793,1
FakeVideo-FakeAudio/Caucasian (European)/men/id01052/00076_id00306_CDX55F3nWNc_id00981_wavtolip.npz,-1.9739917516708374,-1.9739917516708374,4.93430757522583,1
FakeVideo-FakeAudio/Caucasian (European)/men/id01052/00076_id00415_wavtolip.npz,-3.0239133834838867,-3.0239133834838867,5.0249528884887695,1
FakeVideo-FakeAudio/Caucasian (European)/men/id01052/00076_id00498_wavtolip.npz,4.563703536987305,4.563703536987305,3.997695207595825,1
FakeVideo-FakeAudio/Caucasian (European)/men/id01052/00076_id00548_DXbYU3qhN7U_id00520_wavtolip.npz,4.517269611358643,4.517269611358643,3.9705605506896973,1
FakeVideo-FakeAudio/Caucasian (European)/men/id01052/00076_id00548_wavtolip.npz,2.087606906890869,2.087606906890869,4.949654579162598,1
FakeVideo-FakeAudio/Caucasian (European)/men/id01052/00076_id00559_wavtolip.npz,-2.1071617603302,-2.1071617603302,4.879950046539307,1
FakeVideo-FakeAudio/Caucasian (European)/men/id01052/00076_id00709_Rh23ELMGsIQ_faceswap_id00063_wavtolip.npz,4.7118964195251465,4.7118964195251465,4.489130973815918,1
FakeVideo-FakeAudio/Caucasian (European)/men/id01052/00076_id00709_Rh23ELMGsIQ_faceswap_id00225_wavtolip.npz,-1.2340869903564453,-1.2340869903564453,5.328831672668457,1
FakeVideo-FakeAudio/Caucasian (European)/men/id01052/00076_id00709_Rh23ELMGsIQ_faceswap_id00265_wavtolip.npz,4.710058689117432,4.710058689117432,4.191773414611816,1
FakeVideo-FakeAudio/Caucasian (European)/men/id01052/00076_id00709_Rh23ELMGsIQ_faceswap_id01052_wavtolip.npz,4.064845561981201,4.064845561981201,5.187224864959717,1
FakeVideo-FakeAudio/Caucasian (European)/men/id01052/00076_id00709_Rh23ELMGsIQ_faceswap_id01156_wavtolip.npz,-2.0199713706970215,-2.0199713706970215,5.357452869415283,1
FakeVideo-FakeAudio/Caucasian (European)/men/id01052/00076_id00709_Rh23ELMGsIQ_id00241_wavtolip.npz,2.8138110637664795,2.8138110637664795,4.800646781921387,1
FakeVideo-FakeAudio/Caucasian (European)/men/id01052/00076_id00963_wavtolip.npz,-3.4555976390838623,-3.4555976390838623,5.276890754699707,1
FakeVideo-FakeAudio/Caucasian (European)/men/id01052/00076_id00990_G-qzOIgxEoE_id00186_wavtolip.npz,-2.5453290939331055,-2.5453290939331055,5.110565185546875,1
FakeVideo-FakeAudio/Caucasian (European)/men/id01052/00076_id01051_jPxk6s6FM6Y_id00183_wavtolip.npz,-2.0154809951782227,-2.0154809951782227,5.001175880432129,1
FakeVideo-FakeAudio/Caucasian (European)/men/id01052/00076_id01098_BwmSumx6P1U_id00368_wavtolip.npz,-2.353546380996704,-2.353546380996704,5.251832485198975,1
FakeVideo-FakeAudio/Caucasian (European)/men/id01052/00076_id01102_aGFUkdgmo3A_id00292_wavtolip.npz,-1.6138019561767578,-1.6138019561767578,4.4482808113098145,1
FakeVideo-FakeAudio/Caucasian (European)/men/id01052/00076_id01123_wavtolip.npz,-2.4471917152404785,-2.4471917152404785,5.149471759796143,1
FakeVideo-FakeAudio/Caucasian (European)/men/id00709/00206_1_id00187_wavtolip.npz,-0.5208567380905151,-0.5208567380905151,5.0604777336120605,1
FakeVideo-FakeAudio/Caucasian (European)/men/id00709/00206_1_id00548_wavtolip.npz,3.0114288330078125,3.0114288330078125,5.03700590133667,1
FakeVideo-FakeAudio/Caucasian (European)/men/id00709/00206_1_id00709_wavtolip.npz,-0.9738607406616211,-0.9738607406616211,5.245173931121826,1
FakeVideo-FakeAudio/Caucasian (European)/men/id00709/00206_1_id00963_wavtolip.npz,-0.7678699493408203,-0.7678699493408203,5.541776180267334,1
FakeVideo-FakeAudio/Caucasian (European)/men/id00709/00206_1_id01102_wavtolip.npz,3.640223264694214,3.640223264694214,4.719634056091309,1
FakeVideo-FakeAudio/Caucasian (European)/men/id00709/00206_id00063_cVZBXC2rjPM_id01098_wavtolip.npz,4.372232437133789,4.372232437133789,4.4466872215271,1
FakeVideo-FakeAudio/Caucasian (European)/men/id00709/00206_id00225_MHSgwpfHAXw_id00063_wavtolip.npz,4.71026611328125,4.71026611328125,4.56779146194458,1
FakeVideo-FakeAudio/Caucasian (European)/men/id00709/00206_id00241_wavtolip.npz,2.524998903274536,2.524998903274536,4.7800822257995605,1
FakeVideo-FakeAudio/Caucasian (European)/men/id00709/00206_id00358_vsVwGKy79kM_id01098_wavtolip.npz,4.367568492889404,4.367568492889404,4.475631237030029,1
FakeVideo-FakeAudio/Caucasian (European)/men/id00709/00206_id00358_wavtolip.npz,-1.6747463941574097,-1.6747463941574097,5.453865051269531,1
FakeVideo-FakeAudio/Caucasian (European)/men/id00709/00206_id00415_wavtolip.npz,-1.9477266073226929,-1.9477266073226929,4.823690414428711,1
FakeVideo-FakeAudio/Caucasian (European)/men/id00709/00206_id00535_BhvTIJ-YG5s_id00055_wavtolip.npz,-1.4429841041564941,-1.4429841041564941,4.76349401473999,1
FakeVideo-FakeAudio/Caucasian (European)/men/id00709/00206_id00548_DXbYU3qhN7U_id01102_wavtolip.npz,-0.3972502648830414,-0.3972502648830414,4.743685722351074,1
FakeVideo-FakeAudio/Caucasian (European)/men/id00709/00206_id00559_wavtolip.npz,-1.8105785846710205,-1.8105785846710205,4.849189758300781,1
FakeVideo-FakeAudio/Caucasian (European)/men/id00709/00206_id00919_XDUn0Pskyrk_id01157_wavtolip.npz,0.09088897705078125,0.09088897705078125,4.709078311920166,1
FakeVideo-FakeAudio/Caucasian (European)/men/id00709/00206_id00919_wavtolip.npz,3.2297563552856445,3.2297563552856445,4.218716621398926,1
FakeVideo-FakeAudio/Caucasian (European)/men/id00709/00206_id00999_SjnM4XFBz0M_id00520_wavtolip.npz,4.492182731628418,4.492182731628418,3.9197816848754883,1
FakeVideo-FakeAudio/Caucasian (European)/men/id00709/00206_id01052_Kf4nlIEHfaU_id00185_wavtolip.npz,0.5540202260017395,0.5540202260017395,4.849154949188232,1
FakeVideo-FakeAudio/Caucasian (European)/men/id00709/00206_id01052_wavtolip.npz,3.9887912273406982,3.9887912273406982,5.303085803985596,1
FakeVideo-FakeAudio/Caucasian (European)/men/id00709/00206_id01102_wavtolip.npz,5.096048355102539,5.096048355102539,4.69800329208374,1
FakeVideo-FakeAudio/Caucasian (European)/men/id00709/00206_id01123_wavtolip.npz,-2.0570015907287598,-2.0570015907287598,5.165069580078125,1
FakeVideo-FakeAudio/Caucasian (European)/men/id00709/00206_id01126_wavtolip.npz,-3.7101848125457764,-3.7101848125457764,5.4371209144592285,1
FakeVideo-FakeAudio/Caucasian (European)/men/id00709/00206_id01154_wavtolip.npz,-0.9613882303237915,-0.9613882303237915,4.740611553192139,1
FakeVideo-FakeAudio/Caucasian (European)/men/id00709/00206_id02567_4Ao5jgpSXdw_id00919_wavtolip.npz,3.271141767501831,3.271141767501831,4.145905017852783,1
FakeVideo-FakeAudio/Caucasian (European)/men/id00709/00206_id03205_gXytNIcANKw_id00241_wavtolip.npz,2.0369296073913574,2.0369296073913574,4.738970756530762,1
FakeVideo-FakeAudio/Caucasian (European)/men/id00306/00015_id00063_wavtolip.npz,4.717700481414795,4.717700481414795,4.540543556213379,1
FakeVideo-FakeAudio/Caucasian (European)/men/id00306/00015_id00241_DlI4wqSFwbI_id01154_wavtolip.npz,-0.22658765316009521,-0.22658765316009521,4.751577854156494,1
FakeVideo-FakeAudio/Caucasian (European)/men/id00306/00015_id00241_wavtolip.npz,1.945932149887085,1.945932149887085,4.756887912750244,1
FakeVideo-FakeAudio/Caucasian (European)/men/id00306/00015_id00292_qELK8N_DykA_id00554_wavtolip.npz,2.108161449432373,2.108161449432373,3.9318811893463135,1
FakeVideo-FakeAudio/Caucasian (European)/men/id00306/00015_id00292_wavtolip.npz,-0.014882326126098633,-0.014882326126098633,4.559669017791748,1
FakeVideo-FakeAudio/Caucasian (European)/men/id00306/00015_id00415_saYfEadFy_s_id00559_wavtolip.npz,-2.236032724380493,-2.236032724380493,4.845777988433838,1
FakeVideo-FakeAudio/Caucasian (European)/men/id00306/00015_id00594_wavtolip.npz,-1.8833006620407104,-1.8833006620407104,5.422908782958984,1
FakeVideo-FakeAudio/Caucasian (European)/men/id00306/00015_id00909_wavtolip.npz,-1.0531935691833496,-1.0531935691833496,4.717082500457764,1
FakeVideo-FakeAudio/Caucasian (European)/men/id00306/00015_id01051_wavtolip.npz,1.6658211946487427,1.6658211946487427,4.82997989654541,1
FakeVideo-FakeAudio/Caucasian (European)/men/id00306/00015_id01052_Kf4nlIEHfaU_id01154_wavtolip.npz,-0.9095653891563416,-0.9095653891563416,4.785178184509277,1
FakeVideo-FakeAudio/Caucasian (European)/men/id00306/00015_id01052_wavtolip.npz,3.9819772243499756,3.9819772243499756,5.196171283721924,1
FakeVideo-FakeAudio/Caucasian (European)/men/id00306/00015_id01058_2DKbOjf3Wyo_faceswap_id00253_wavtolip.npz,-0.2013847827911377,-0.2013847827911377,4.324845314025879,1
FakeVideo-FakeAudio/Caucasian (European)/men/id00306/00015_id01058_2DKbOjf3Wyo_faceswap_id00535_wavtolip.npz,-0.13631069660186768,-0.13631069660186768,4.382816314697266,1
FakeVideo-FakeAudio/Caucasian (European)/men/id00306/00015_id01058_2DKbOjf3Wyo_faceswap_id00559_wavtolip.npz,-2.8426859378814697,-2.8426859378814697,4.843677043914795,1
FakeVideo-FakeAudio/Caucasian (European)/men/id00306/00015_id01058_2DKbOjf3Wyo_faceswap_id00919_wavtolip.npz,3.2836220264434814,3.2836220264434814,4.162623882293701,1
FakeVideo-FakeAudio/Caucasian (European)/men/id00306/00015_id01058_2DKbOjf3Wyo_faceswap_id01157_wavtolip.npz,-0.3034757971763611,-0.3034757971763611,4.695175647735596,1
FakeVideo-FakeAudio/Caucasian (European)/men/id00306/00015_id01058_2DKbOjf3Wyo_id00171_wavtolip.npz,-4.059183597564697,-4.059183597564697,5.46511173248291,1
FakeVideo-FakeAudio/Caucasian (European)/men/id00306/00015_id01098_wavtolip.npz,4.410494327545166,4.410494327545166,4.48118782043457,1
FakeVideo-FakeAudio/Caucasian (European)/men/id00306/00015_id01123_wavtolip.npz,-2.4663143157958984,-2.4663143157958984,5.159355640411377,1
FakeVideo-FakeAudio/Caucasian (European)/men/id00306/00015_id01126_wavtolip.npz,-1.2137537002563477,-1.2137537002563477,5.382796287536621,1
FakeVideo-FakeAudio/Caucasian (European)/men/id00306/00015_id01154_tvmOcaG4A4w_id01051_wavtolip.npz,-2.141169309616089,-2.141169309616089,4.816030502319336,1
FakeVideo-FakeAudio/Caucasian (European)/men/id00306/00015_id01156_RT99eogJo4k_id01156_wavtolip.npz,-2.581343650817871,-2.581343650817871,5.473926544189453,1
FakeVideo-FakeAudio/Caucasian (European)/men/id00292/00072_id00055_XzCF6sJ8Axc_id00306_wavtolip.npz,-5.3801374435424805,-5.3801374435424805,4.706634521484375,1
FakeVideo-FakeAudio/Caucasian (European)/men/id00292/00072_id00187_wavtolip.npz,-6.251346588134766,-6.251346588134766,4.790107250213623,1
FakeVideo-FakeAudio/Caucasian (European)/men/id00292/00072_id00192_By3wxX0dyDw_faceswap_id00225_wavtolip.npz,-2.482297658920288,-2.482297658920288,4.733575344085693,1
FakeVideo-FakeAudio/Caucasian (European)/men/id00292/00072_id00192_By3wxX0dyDw_faceswap_id00709_wavtolip.npz,-6.2176408767700195,-6.2176408767700195,4.83607292175293,1
FakeVideo-FakeAudio/Caucasian (European)/men/id00292/00072_id00192_By3wxX0dyDw_faceswap_id00919_wavtolip.npz,3.2710139751434326,3.2710139751434326,4.084367275238037,1
FakeVideo-FakeAudio/Caucasian (European)/men/id00292/00072_id00192_By3wxX0dyDw_faceswap_id01052_wavtolip.npz,1.2256979942321777,1.2256979942321777,4.777583599090576,1
FakeVideo-FakeAudio/Caucasian (European)/men/id00292/00072_id00192_By3wxX0dyDw_faceswap_id01102_wavtolip.npz,-0.8264544010162354,-0.8264544010162354,4.723061561584473,1
FakeVideo-FakeAudio/Caucasian (European)/men/id00292/00072_id00192_By3wxX0dyDw_id00520_wavtolip.npz,3.8433008193969727,3.8433008193969727,3.841550588607788,1
FakeVideo-FakeAudio/Caucasian (European)/men/id00292/00072_id00265_wavtolip.npz,4.633262634277344,4.633262634277344,4.2474541664123535,1
FakeVideo-FakeAudio/Caucasian (European)/men/id00292/00072_id00266_wavtolip.npz,-1.975938081741333,-1.975938081741333,4.7912750244140625,1
FakeVideo-FakeAudio/Caucasian (European)/men/id00292/00072_id00282_iTsqWj6GEbo_id00055_wavtolip.npz,-1.695835828781128,-1.695835828781128,4.6899847984313965,1
FakeVideo-FakeAudio/Caucasian (European)/men/id00292/00072_id00282_wavtolip.npz,-4.129332542419434,-4.129332542419434,4.872191905975342,1
FakeVideo-FakeAudio/Caucasian (European)/men/id00292/00072_id00306_CDX55F3nWNc_id00305_wavtolip.npz,-2.17342209815979,-2.17342209815979,4.835503101348877,1
FakeVideo-FakeAudio/Caucasian (European)/men/id00292/00072_id00368_KohcGDsg29U_id00415_wavtolip.npz,-2.4736995697021484,-2.4736995697021484,4.8251519203186035,1
FakeVideo-FakeAudio/Caucasian (European)/men/id00292/00072_id00559_wavtolip.npz,-5.769535541534424,-5.769535541534424,4.860321998596191,1
FakeVideo-FakeAudio/Caucasian (European)/men/id00292/00072_id00963_1s6PjtI643E_id00694_wavtolip.npz,4.93638277053833,4.93638277053833,4.207348823547363,1
FakeVideo-FakeAudio/Caucasian (European)/men/id00292/00072_id00981_OmNALjENDkI_id01098_wavtolip.npz,4.396178722381592,4.396178722381592,4.425605773925781,1
FakeVideo-FakeAudio/Caucasian (European)/men/id00292/00072_id01098_wavtolip.npz,4.310416221618652,4.310416221618652,4.46324348449707,1
FakeVideo-FakeAudio/Caucasian (European)/men/id00292/00072_id01099_ZpgbIKxzkrg_id00548_wavtolip.npz,-1.6461464166641235,-1.6461464166641235,4.802863597869873,1
FakeVideo-FakeAudio/Caucasian (European)/men/id00292/00072_id01102_wavtolip.npz,1.3599334955215454,1.3599334955215454,4.78414249420166,1
FakeVideo-FakeAudio/Caucasian (European)/men/id00292/00072_id01126_wavtolip.npz,-0.5340982675552368,-0.5340982675552368,4.771277904510498,1
FakeVideo-FakeAudio/Caucasian (European)/men/id00292/00072_id01154_wavtolip.npz,-0.6926498413085938,-0.6926498413085938,4.724730014801025,1
FakeVideo-FakeAudio/Caucasian (European)/men/id00292/00072_id01156_RT99eogJo4k_id02567_wavtolip.npz,3.076859474182129,3.076859474182129,4.665942668914795,1
FakeVideo-FakeAudio/Caucasian (European)/men/id00292/00072_id01157_yDgqfOWVKko_id01156_wavtolip.npz,-2.25187087059021,-2.25187087059021,4.777656078338623,1
FakeVideo-FakeAudio/Caucasian (European)/men/id00292/00072_id02567_wavtolip.npz,2.971749782562256,2.971749782562256,4.822973251342773,1
FakeVideo-FakeAudio/Caucasian (European)/men/id00919/00063_id00055_wavtolip.npz,-2.28592848777771,-2.28592848777771,4.589385032653809,1
FakeVideo-FakeAudio/Caucasian (European)/men/id00919/00063_id00063_cVZBXC2rjPM_id00990_wavtolip.npz,-4.25575590133667,-4.25575590133667,4.769317626953125,1
FakeVideo-FakeAudio/Caucasian (European)/men/id00919/00063_id00171_wavtolip.npz,-6.28933048248291,-6.28933048248291,4.662304401397705,1
FakeVideo-FakeAudio/Caucasian (European)/men/id00919/00063_id00265_wavtolip.npz,4.730843544006348,4.730843544006348,4.233654499053955,1
FakeVideo-FakeAudio/Caucasian (European)/men/id00919/00063_id00306_wavtolip.npz,-6.373211860656738,-6.373211860656738,4.622802257537842,1
FakeVideo-FakeAudio/Caucasian (European)/men/id00919/00063_id00358_vsVwGKy79kM_id00594_wavtolip.npz,-5.21581506729126,-5.21581506729126,4.828555583953857,1
FakeVideo-FakeAudio/Caucasian (European)/men/id00919/00063_id00368_wavtolip.npz,-6.364087104797363,-6.364087104797363,4.608981609344482,1
FakeVideo-FakeAudio/Caucasian (European)/men/id00919/00063_id00535_BhvTIJ-YG5s_id02567_wavtolip.npz,-3.168079137802124,-3.168079137802124,4.4988694190979,1
FakeVideo-FakeAudio/Caucasian (European)/men/id00919/00063_id00535_wavtolip.npz,0.02054464817047119,0.02054464817047119,4.453427314758301,1
FakeVideo-FakeAudio/Caucasian (European)/men/id00919/00063_id00559_Y7ovoKuvL78_id01051_wavtolip.npz,-6.047755241394043,-6.047755241394043,4.707662582397461,1
FakeVideo-FakeAudio/Caucasian (European)/men/id00919/00063_id00709_Rh23ELMGsIQ_id00266_wavtolip.npz,-1.6278799772262573,-1.6278799772262573,4.559731483459473,1
FakeVideo-FakeAudio/Caucasian (European)/men/id00919/00063_id00909_wavtolip.npz,-2.813807487487793,-2.813807487487793,4.5527262687683105,1
FakeVideo-FakeAudio/Caucasian (European)/men/id00919/00063_id00919_wavtolip.npz,3.6481149196624756,3.6481149196624756,4.164886951446533,1
FakeVideo-FakeAudio/Caucasian (European)/men/id00919/00063_id01099_ZpgbIKxzkrg_id00946_wavtolip.npz,1.7731024026870728,1.7731024026870728,4.4751458168029785,1
FakeVideo-FakeAudio/Caucasian (European)/men/id00919/00063_id01156_RT99eogJo4k_id00306_wavtolip.npz,-6.372580528259277,-6.372580528259277,4.662527084350586,1
FakeVideo-FakeAudio/Caucasian (European)/men/id00919/00063_id01156_wavtolip.npz,-1.1329655647277832,-1.1329655647277832,4.548210620880127,1
FakeVideo-FakeAudio/Caucasian (European)/men/id00919/00063_id01157_yDgqfOWVKko_id00694_wavtolip.npz,5.035162925720215,5.035162925720215,4.197715759277344,1
FakeVideo-FakeAudio/Caucasian (European)/men/id00919/00063_id02567_4Ao5jgpSXdw_id00519_wavtolip.npz,-0.6434348821640015,-0.6434348821640015,4.269776344299316,1
FakeVideo-FakeAudio/Caucasian (European)/men/id00919/00063_id03205_gXytNIcANKw_id01051_wavtolip.npz,-5.991483688354492,-5.991483688354492,4.670592784881592,1
FakeVideo-FakeAudio/Caucasian (European)/men/id00919/00063_id03205_wavtolip.npz,4.728337287902832,4.728337287902832,4.132854461669922,1
FakeVideo-FakeAudio/Caucasian (European)/men/id01099/00206_id00055_XzCF6sJ8Axc_id00548_wavtolip.npz,3.7972824573516846,3.7972824573516846,5.051207542419434,1
FakeVideo-FakeAudio/Caucasian (European)/men/id01099/00206_id00063_cVZBXC2rjPM_id00186_wavtolip.npz,-2.6004700660705566,-2.6004700660705566,5.154278755187988,1
FakeVideo-FakeAudio/Caucasian (European)/men/id01099/00206_id00171_wavtolip.npz,-5.947935104370117,-5.947935104370117,5.076424598693848,1
FakeVideo-FakeAudio/Caucasian (European)/men/id01099/00206_id00183_wavtolip.npz,-1.390431523323059,-1.390431523323059,4.888711452484131,1
FakeVideo-FakeAudio/Caucasian (European)/men/id01099/00206_id00225_wavtolip.npz,3.405039072036743,3.405039072036743,5.090527534484863,1
FakeVideo-FakeAudio/Caucasian (European)/men/id01099/00206_id00253_cyTfcQDjvU0_id00055_wavtolip.npz,-1.7761178016662598,-1.7761178016662598,4.679912090301514,1
FakeVideo-FakeAudio/Caucasian (European)/men/id01099/00206_id00253_wavtolip.npz,-1.2045660018920898,-1.2045660018920898,4.330813407897949,1
FakeVideo-FakeAudio/Caucasian (European)/men/id01099/00206_id00292_qELK8N_DykA_id00185_wavtolip.npz,-0.4017806053161621,-0.4017806053161621,4.869805812835693,1
FakeVideo-FakeAudio/Caucasian (European)/men/id01099/00206_id00358_wavtolip.npz,-2.0184288024902344,-2.0184288024902344,5.072413444519043,1
FakeVideo-FakeAudio/Caucasian (European)/men/id01099/00206_id00519_wavtolip.npz,-1.1174376010894775,-1.1174376010894775,4.538883686065674,1
FakeVideo-FakeAudio/Caucasian (European)/men/id01099/00206_id00535_BhvTIJ-YG5s_id00548_wavtolip.npz,3.825253486633301,3.825253486633301,5.037284851074219,1
FakeVideo-FakeAudio/Caucasian (European)/men/id01099/00206_id00554_crjq1dFN1Ko_id01123_wavtolip.npz,-5.961655139923096,-5.961655139923096,4.9669413566589355,1
FakeVideo-FakeAudio/Caucasian (European)/men/id01099/00206_id00559_Y7ovoKuvL78_id00498_wavtolip.npz,4.404476165771484,4.404476165771484,4.064599990844727,1
FakeVideo-FakeAudio/Caucasian (European)/men/id01099/00206_id00694_wavtolip.npz,4.361930847167969,4.361930847167969,4.261967658996582,1
FakeVideo-FakeAudio/Caucasian (European)/men/id01099/00206_id00709_wavtolip.npz,-5.913226127624512,-5.913226127624512,5.099582195281982,1
FakeVideo-FakeAudio/Caucasian (European)/men/id01099/00206_id00919_XDUn0Pskyrk_faceswap_id00055_wavtolip.npz,-1.3737988471984863,-1.3737988471984863,4.759914875030518,1
FakeVideo-FakeAudio/Caucasian (European)/men/id01099/00206_id00919_XDUn0Pskyrk_faceswap_id00694_wavtolip.npz,4.4258623123168945,4.4258623123168945,4.253540992736816,1
FakeVideo-FakeAudio/Caucasian (European)/men/id01099/00206_id00919_XDUn0Pskyrk_faceswap_id01058_wavtolip.npz,-5.579929351806641,-5.579929351806641,4.979401111602783,1
FakeVideo-FakeAudio/Caucasian (European)/men/id01099/00206_id00919_XDUn0Pskyrk_faceswap_id01156_wavtolip.npz,-2.258275270462036,-2.258275270462036,5.0685014724731445,1
FakeVideo-FakeAudio/Caucasian (European)/men/id01099/00206_id00919_XDUn0Pskyrk_faceswap_id03205_wavtolip.npz,4.751861572265625,4.751861572265625,4.120529651641846,1
FakeVideo-FakeAudio/Caucasian (European)/men/id01099/00206_id00919_XDUn0Pskyrk_id00241_wavtolip.npz,-0.7050886750221252,-0.7050886750221252,4.902867317199707,1
FakeVideo-FakeAudio/Caucasian (European)/men/id01099/00206_id00946_wavtolip.npz,-0.04060313105583191,-0.04060313105583191,4.492011547088623,1
FakeVideo-FakeAudio/Caucasian (European)/men/id01099/00206_id01058_wavtolip.npz,-5.981268405914307,-5.981268405914307,4.929868221282959,1
FakeVideo-FakeAudio/Caucasian (European)/men/id01099/00206_id01157_yDgqfOWVKko_id00999_wavtolip.npz,-2.1493844985961914,-2.1493844985961914,4.718071937561035,1
FakeVideo-FakeAudio/Caucasian (European)/men/id00358/00217_id00063_cVZBXC2rjPM_faceswap_id00055_wavtolip.npz,-1.88432776927948,-1.88432776927948,4.619544982910156,1
FakeVideo-FakeAudio/Caucasian (European)/men/id00358/00217_id00063_cVZBXC2rjPM_faceswap_id00063_wavtolip.npz,4.766598701477051,4.766598701477051,4.560885906219482,1
FakeVideo-FakeAudio/Caucasian (European)/men/id00358/00217_id00063_cVZBXC2rjPM_faceswap_id00187_wavtolip.npz,-0.8455939292907715,-0.8455939292907715,5.188888072967529,1
FakeVideo-FakeAudio/Caucasian (European)/men/id00358/00217_id00063_cVZBXC2rjPM_faceswap_id00253_wavtolip.npz,-0.7890053987503052,-0.7890053987503052,4.318203449249268,1
FakeVideo-FakeAudio/Caucasian (European)/men/id00358/00217_id00063_cVZBXC2rjPM_faceswap_id01099_wavtolip.npz,-0.3642643690109253,-0.3642643690109253,4.972839832305908,1
FakeVideo-FakeAudio/Caucasian (European)/men/id00358/00217_id00063_cVZBXC2rjPM_id00192_wavtolip.npz,-3.0763635635375977,-3.0763635635375977,5.053839206695557,1
FakeVideo-FakeAudio/Caucasian (European)/men/id00358/00217_id00183_wavtolip.npz,-2.0752182006835938,-2.0752182006835938,4.850688934326172,1
FakeVideo-FakeAudio/Caucasian (European)/men/id00358/00217_id00186_KTjDxHTlzg0_id00266_wavtolip.npz,3.3726871013641357,3.3726871013641357,5.205289840698242,1
FakeVideo-FakeAudio/Caucasian (European)/men/id00358/00217_id00225_MHSgwpfHAXw_id00999_wavtolip.npz,-1.6121050119400024,-1.6121050119400024,4.784700870513916,1
FakeVideo-FakeAudio/Caucasian (European)/men/id00358/00217_id00225_wavtolip.npz,-1.0488495826721191,-1.0488495826721191,5.641211032867432,1
FakeVideo-FakeAudio/Caucasian (European)/men/id00358/00217_id00265_wavtolip.npz,4.689033031463623,4.689033031463623,4.275302886962891,1
FakeVideo-FakeAudio/Caucasian (European)/men/id00358/00217_id00292_wavtolip.npz,-0.9332745671272278,-0.9332745671272278,4.589329242706299,1
FakeVideo-FakeAudio/Caucasian (European)/men/id00358/00217_id00415_wavtolip.npz,-2.7714004516601562,-2.7714004516601562,4.918482780456543,1
FakeVideo-FakeAudio/Caucasian (European)/men/id00358/00217_id00535_BhvTIJ-YG5s_id01156_wavtolip.npz,-1.9584758281707764,-1.9584758281707764,5.487064361572266,1
FakeVideo-FakeAudio/Caucasian (European)/men/id00358/00217_id00694_wavtolip.npz,4.760591506958008,4.760591506958008,4.25119161605835,1
FakeVideo-FakeAudio/Caucasian (European)/men/id00358/00217_id00709_Rh23ELMGsIQ_id01154_wavtolip.npz,-1.2327940464019775,-1.2327940464019775,4.791232585906982,1
FakeVideo-FakeAudio/Caucasian (European)/men/id00358/00217_id00946_wavtolip.npz,1.2637962102890015,1.2637962102890015,4.573724269866943,1
FakeVideo-FakeAudio/Caucasian (European)/men/id00358/00217_id00981_OmNALjENDkI_id00709_wavtolip.npz,-1.492525339126587,-1.492525339126587,5.214198589324951,1
FakeVideo-FakeAudio/Caucasian (European)/men/id00358/00217_id00990_wavtolip.npz,1.3023827075958252,1.3023827075958252,4.931984901428223,1
FakeVideo-FakeAudio/Caucasian (European)/men/id00358/00217_id01051_jPxk6s6FM6Y_id00694_wavtolip.npz,4.519004821777344,4.519004821777344,4.212058067321777,1
FakeVideo-FakeAudio/Caucasian (European)/men/id00358/00217_id01098_wavtolip.npz,4.3709306716918945,4.3709306716918945,4.496116638183594,1
FakeVideo-FakeAudio/Caucasian (European)/men/id00358/00217_id01102_aGFUkdgmo3A_id01154_wavtolip.npz,-1.0072312355041504,-1.0072312355041504,4.835775375366211,1
FakeVideo-FakeAudio/Caucasian (European)/men/id00358/00217_id01154_wavtolip.npz,-0.949256420135498,-0.949256420135498,4.80830717086792,1
FakeVideo-FakeAudio/Caucasian (European)/men/id00358/00217_id01157_yDgqfOWVKko_id03205_wavtolip.npz,4.763566017150879,4.763566017150879,4.126699447631836,1
FakeVideo-FakeAudio/Caucasian (European)/men/id00282/00268_id00063_cVZBXC2rjPM_id00554_wavtolip.npz,2.2297730445861816,2.2297730445861816,3.935336112976074,1
FakeVideo-FakeAudio/Caucasian (European)/men/id00282/00268_id00171_PWU6n0qrv4c_id01052_wavtolip.npz,1.513765811920166,1.513765811920166,5.1888957023620605,1
FakeVideo-FakeAudio/Caucasian (European)/men/id00282/00268_id00171_wavtolip.npz,-5.705878734588623,-5.705878734588623,5.2930073738098145,1
FakeVideo-FakeAudio/Caucasian (European)/men/id00282/00268_id00185_wavtolip.npz,-0.7549158334732056,-0.7549158334732056,4.984427452087402,1
FakeVideo-FakeAudio/Caucasian (European)/men/id00282/00268_id00192_wavtolip.npz,3.9396133422851562,3.9396133422851562,5.198067665100098,1
FakeVideo-FakeAudio/Caucasian (European)/men/id00282/00268_id00241_wavtolip.npz,-0.5955125093460083,-0.5955125093460083,4.8839545249938965,1
FakeVideo-FakeAudio/Caucasian (European)/men/id00282/00268_id00265_wavtolip.npz,4.730813503265381,4.730813503265381,4.330131530761719,1
FakeVideo-FakeAudio/Caucasian (European)/men/id00282/00268_id00282_wavtolip.npz,-1.5302733182907104,-1.5302733182907104,5.17600154876709,1
FakeVideo-FakeAudio/Caucasian (European)/men/id00282/00268_id00292_qELK8N_DykA_id00183_wavtolip.npz,0.3799648880958557,0.3799648880958557,4.989948749542236,1
FakeVideo-FakeAudio/Caucasian (European)/men/id00282/00268_id00305_LdcY3ILdQrE_faceswap_id00306_wavtolip.npz,-5.907723903656006,-5.907723903656006,5.151028156280518,1
FakeVideo-FakeAudio/Caucasian (European)/men/id00282/00268_id00305_LdcY3ILdQrE_faceswap_id00368_wavtolip.npz,-2.241824150085449,-2.241824150085449,5.214033603668213,1
FakeVideo-FakeAudio/Caucasian (European)/men/id00282/00268_id00305_LdcY3ILdQrE_faceswap_id00709_wavtolip.npz,-5.899792671203613,-5.899792671203613,5.277273654937744,1
FakeVideo-FakeAudio/Caucasian (European)/men/id00282/00268_id00305_LdcY3ILdQrE_faceswap_id01052_wavtolip.npz,2.1693809032440186,2.1693809032440186,5.15407133102417,1
FakeVideo-FakeAudio/Caucasian (European)/men/id00282/00268_id00305_LdcY3ILdQrE_faceswap_id01156_wavtolip.npz,-2.902785539627075,-2.902785539627075,5.1791534423828125,1
FakeVideo-FakeAudio/Caucasian (European)/men/id00282/00268_id00305_LdcY3ILdQrE_id00554_wavtolip.npz,2.075514078140259,2.075514078140259,3.92400860786438,1
FakeVideo-FakeAudio/Caucasian (European)/men/id00282/00268_id00368_KohcGDsg29U_id00963_wavtolip.npz,-1.042450189590454,-1.042450189590454,5.120926856994629,1
FakeVideo-FakeAudio/Caucasian (European)/men/id00282/00268_id00415_wavtolip.npz,-2.4995152950286865,-2.4995152950286865,4.779099464416504,1
FakeVideo-FakeAudio/Caucasian (European)/men/id00282/00268_id00498_N_BjyJsx80g_id00594_wavtolip.npz,-4.110673904418945,-4.110673904418945,5.220925807952881,1
FakeVideo-FakeAudio/Caucasian (European)/men/id00282/00268_id00909_nEQbKqo1XCs_id02567_wavtolip.npz,3.5089521408081055,3.5089521408081055,4.774150848388672,1
FakeVideo-FakeAudio/Caucasian (European)/men/id00282/00268_id01051_wavtolip.npz,-1.4217158555984497,-1.4217158555984497,4.944730281829834,1
FakeVideo-FakeAudio/Caucasian (European)/men/id00282/00268_id01058_2DKbOjf3Wyo_id03205_wavtolip.npz,4.755490779876709,4.755490779876709,4.13415002822876,1
FakeVideo-FakeAudio/Caucasian (European)/men/id00282/00268_id01098_wavtolip.npz,4.360423564910889,4.360423564910889,4.408641338348389,1
FakeVideo-FakeAudio/Caucasian (European)/men/id00282/00268_id01123_Xid_-DpIHX4_id00498_wavtolip.npz,4.4856462478637695,4.4856462478637695,3.9825539588928223,1
FakeVideo-FakeAudio/Caucasian (European)/men/id00282/00268_id01126_wavtolip.npz,-2.2684340476989746,-2.2684340476989746,5.222961902618408,1
FakeVideo-FakeAudio/Caucasian (European)/men/id00282/00268_id03205_gXytNIcANKw_id01154_wavtolip.npz,-1.0527801513671875,-1.0527801513671875,4.755688190460205,1
FakeVideo-FakeAudio/Caucasian (European)/men/id01051/00322_2_id00063_wavtolip.npz,4.6971259117126465,4.6971259117126465,4.54828405380249,1
FakeVideo-FakeAudio/Caucasian (European)/men/id01051/00322_2_id00186_wavtolip.npz,-1.271950364112854,-1.271950364112854,5.03357458114624,1
FakeVideo-FakeAudio/Caucasian (European)/men/id01051/00322_2_id00305_wavtolip.npz,-1.1709681749343872,-1.1709681749343872,5.304155349731445,1
FakeVideo-FakeAudio/Caucasian (European)/men/id01051/00322_2_id00990_wavtolip.npz,1.4937777519226074,1.4937777519226074,4.850119113922119,1
FakeVideo-FakeAudio/Caucasian (European)/men/id01051/00322_2_id01099_wavtolip.npz,-0.826762318611145,-0.826762318611145,4.819546699523926,1
FakeVideo-FakeAudio/Caucasian (European)/men/id01051/00322_id00186_KTjDxHTlzg0_id00709_wavtolip.npz,-2.310279369354248,-2.310279369354248,5.263422012329102,1
FakeVideo-FakeAudio/Caucasian (European)/men/id01051/00322_id00187_dwaPMrJANMQ_id00415_wavtolip.npz,-1.1505037546157837,-1.1505037546157837,4.8275346755981445,1
FakeVideo-FakeAudio/Caucasian (European)/men/id01051/00322_id00187_wavtolip.npz,-1.3633050918579102,-1.3633050918579102,5.069828987121582,1
FakeVideo-FakeAudio/Caucasian (European)/men/id01051/00322_id00192_wavtolip.npz,-3.974069118499756,-3.974069118499756,5.213379383087158,1
FakeVideo-FakeAudio/Caucasian (European)/men/id01051/00322_id00265_wavtolip.npz,4.587637901306152,4.587637901306152,4.300615310668945,1
FakeVideo-FakeAudio/Caucasian (European)/men/id01051/00322_id00305_wavtolip.npz,-4.30726957321167,-4.30726957321167,5.837374687194824,1
FakeVideo-FakeAudio/Caucasian (European)/men/id01051/00322_id00306_wavtolip.npz,-1.5424559116363525,-1.5424559116363525,5.160803318023682,1
FakeVideo-FakeAudio/Caucasian (European)/men/id01051/00322_id00358_vsVwGKy79kM_id01051_wavtolip.npz,-1.4963520765304565,-1.4963520765304565,4.888356685638428,1
FakeVideo-FakeAudio/Caucasian (European)/men/id01051/00322_id00358_wavtolip.npz,2.8495147228240967,2.8495147228240967,5.779678821563721,1
FakeVideo-FakeAudio/Caucasian (European)/men/id01051/00322_id00535_BhvTIJ-YG5s_id00171_wavtolip.npz,-3.082440137863159,-3.082440137863159,5.353463172912598,1
FakeVideo-FakeAudio/Caucasian (European)/men/id01051/00322_id00548_wavtolip.npz,2.73454213142395,2.73454213142395,5.102645397186279,1
FakeVideo-FakeAudio/Caucasian (European)/men/id01051/00322_id00709_Rh23ELMGsIQ_id00520_wavtolip.npz,4.479735374450684,4.479735374450684,4.002036094665527,1
FakeVideo-FakeAudio/Caucasian (European)/men/id01051/00322_id01052_Kf4nlIEHfaU_id03205_wavtolip.npz,4.7029709815979,4.7029709815979,4.2217278480529785,1
FakeVideo-FakeAudio/Caucasian (European)/men/id01051/00322_id01058_wavtolip.npz,-5.574628829956055,-5.574628829956055,5.445244789123535,1
FakeVideo-FakeAudio/Caucasian (European)/men/id01051/00322_id01098_BwmSumx6P1U_id02567_wavtolip.npz,-0.10705384612083435,-0.10705384612083435,4.6440110206604,1
FakeVideo-FakeAudio/Caucasian (European)/men/id01051/00322_id01102_aGFUkdgmo3A_faceswap_id00709_wavtolip.npz,-1.6777124404907227,-1.6777124404907227,5.217582702636719,1
FakeVideo-FakeAudio/Caucasian (European)/men/id01051/00322_id01102_aGFUkdgmo3A_faceswap_id00919_wavtolip.npz,3.030979633331299,3.030979633331299,4.165794849395752,1
FakeVideo-FakeAudio/Caucasian (European)/men/id01051/00322_id01102_aGFUkdgmo3A_faceswap_id00946_wavtolip.npz,0.6580725908279419,0.6580725908279419,4.428058624267578,1
FakeVideo-FakeAudio/Caucasian (European)/men/id01051/00322_id01102_aGFUkdgmo3A_faceswap_id01102_wavtolip.npz,-0.8588264584541321,-0.8588264584541321,4.709506034851074,1
FakeVideo-FakeAudio/Caucasian (European)/men/id01051/00322_id01102_aGFUkdgmo3A_faceswap_id01156_wavtolip.npz,-0.7640411853790283,-0.7640411853790283,5.4734344482421875,1
FakeVideo-FakeAudio/Caucasian (European)/men/id01051/00322_id01102_aGFUkdgmo3A_id00548_wavtolip.npz,2.4860305786132812,2.4860305786132812,5.063317775726318,1
FakeVideo-FakeAudio/Caucasian (European)/men/id01051/00322_id01156_RT99eogJo4k_id03205_wavtolip.npz,4.81245756149292,4.81245756149292,4.134160995483398,1
FakeVideo-FakeAudio/Caucasian (European)/men/id01051/00322_id01156_wavtolip.npz,-1.0387625694274902,-1.0387625694274902,5.448482990264893,1
FakeVideo-FakeAudio/Caucasian (European)/men/id01051/00322_id02567_4Ao5jgpSXdw_id00519_wavtolip.npz,-1.4663063287734985,-1.4663063287734985,4.456501007080078,1
FakeVideo-FakeAudio/Caucasian (European)/men/id01051/00322_id02567_wavtolip.npz,-1.1408454179763794,-1.1408454179763794,4.659548282623291,1
FakeVideo-FakeAudio/Caucasian (European)/men/id00415/00017_id00183_z2DhZllPWUQ_id00909_wavtolip.npz,-0.885875403881073,-0.885875403881073,4.827304840087891,1
FakeVideo-FakeAudio/Caucasian (European)/men/id00415/00017_id00192_By3wxX0dyDw_faceswap_id00368_wavtolip.npz,-2.616088390350342,-2.616088390350342,5.03371524810791,1
FakeVideo-FakeAudio/Caucasian (European)/men/id00415/00017_id00192_By3wxX0dyDw_faceswap_id00520_wavtolip.npz,3.681941270828247,3.681941270828247,3.9688527584075928,1
FakeVideo-FakeAudio/Caucasian (European)/men/id00415/00017_id00192_By3wxX0dyDw_faceswap_id00548_wavtolip.npz,2.63921856880188,2.63921856880188,5.074584484100342,1
FakeVideo-FakeAudio/Caucasian (European)/men/id00415/00017_id00192_By3wxX0dyDw_faceswap_id00909_wavtolip.npz,-1.037768006324768,-1.037768006324768,4.78551721572876,1
FakeVideo-FakeAudio/Caucasian (European)/men/id00415/00017_id00192_By3wxX0dyDw_faceswap_id01154_wavtolip.npz,-1.4211969375610352,-1.4211969375610352,4.758717060089111,1
FakeVideo-FakeAudio/Caucasian (European)/men/id00415/00017_id00192_By3wxX0dyDw_id00963_wavtolip.npz,0.5001778602600098,0.5001778602600098,4.9890570640563965,1
FakeVideo-FakeAudio/Caucasian (European)/men/id00415/00017_id00241_DlI4wqSFwbI_id00186_wavtolip.npz,-2.2004265785217285,-2.2004265785217285,5.033795356750488,1
FakeVideo-FakeAudio/Caucasian (European)/men/id00415/00017_id00241_wavtolip.npz,-0.5708345770835876,-0.5708345770835876,4.72861909866333,1
FakeVideo-FakeAudio/Caucasian (European)/men/id00415/00017_id00292_qELK8N_DykA_id00055_wavtolip.npz,-2.152348756790161,-2.152348756790161,4.5548930168151855,1
FakeVideo-FakeAudio/Caucasian (European)/men/id00415/00017_id00305_wavtolip.npz,-3.7234761714935303,-3.7234761714935303,5.150143623352051,1
FakeVideo-FakeAudio/Caucasian (European)/men/id00415/00017_id00306_CDX55F3nWNc_id00415_wavtolip.npz,-3.1154580116271973,-3.1154580116271973,4.841984748840332,1
FakeVideo-FakeAudio/Caucasian (European)/men/id00415/00017_id00520_wavtolip.npz,3.980380058288574,3.980380058288574,3.906851291656494,1
FakeVideo-FakeAudio/Caucasian (European)/men/id00415/00017_id00559_Y7ovoKuvL78_id00055_wavtolip.npz,-1.6860554218292236,-1.6860554218292236,4.5422682762146,1
FakeVideo-FakeAudio/Caucasian (European)/men/id00415/00017_id00594_wavtolip.npz,-1.0266227722167969,-1.0266227722167969,5.179037094116211,1
FakeVideo-FakeAudio/Caucasian (European)/men/id00415/00017_id00963_1s6PjtI643E_id00282_wavtolip.npz,-1.7450265884399414,-1.7450265884399414,4.953241348266602,1
FakeVideo-FakeAudio/Caucasian (European)/men/id00415/00017_id00963_wavtolip.npz,-2.1506776809692383,-2.1506776809692383,5.001448154449463,1
FakeVideo-FakeAudio/Caucasian (European)/men/id00415/00017_id00999_SjnM4XFBz0M_id00306_wavtolip.npz,-5.886574745178223,-5.886574745178223,5.126130104064941,1
FakeVideo-FakeAudio/Caucasian (European)/men/id00415/00017_id01058_2DKbOjf3Wyo_id00919_wavtolip.npz,3.267993211746216,3.267993211746216,4.19202184677124,1
FakeVideo-FakeAudio/Caucasian (European)/men/id00415/00017_id01058_wavtolip.npz,-5.842550277709961,-5.842550277709961,5.040358543395996,1
FakeVideo-FakeAudio/Caucasian (European)/men/id00415/00017_id01099_wavtolip.npz,-1.2782671451568604,-1.2782671451568604,4.935288906097412,1
FakeVideo-FakeAudio/Caucasian (European)/men/id00415/00017_id01123_wavtolip.npz,-2.2545742988586426,-2.2545742988586426,5.053869247436523,1
FakeVideo-FakeAudio/Caucasian (European)/men/id00415/00017_id01126_wavtolip.npz,1.921512246131897,1.921512246131897,5.002593994140625,1
FakeVideo-FakeAudio/Caucasian (European)/men/id00415/00017_id01156_wavtolip.npz,-3.5602447986602783,-3.5602447986602783,5.063787937164307,1
FakeVideo-FakeAudio/Caucasian (European)/men/id00187/00360_id00055_wavtolip.npz,-1.248321533203125,-1.248321533203125,4.55363130569458,1
FakeVideo-FakeAudio/Caucasian (European)/men/id00187/00360_id00171_wavtolip.npz,-3.3877978324890137,-3.3877978324890137,5.280351161956787,1
FakeVideo-FakeAudio/Caucasian (European)/men/id00187/00360_id00183_wavtolip.npz,-1.805586576461792,-1.805586576461792,4.883592128753662,1
FakeVideo-FakeAudio/Caucasian (European)/men/id00187/00360_id00185_1lsGWpwnl1M_id00999_wavtolip.npz,-1.678284764289856,-1.678284764289856,4.663337707519531,1
FakeVideo-FakeAudio/Caucasian (European)/men/id00187/00360_id00186_KTjDxHTlzg0_id03205_wavtolip.npz,4.807532787322998,4.807532787322998,4.039544582366943,1
FakeVideo-FakeAudio/Caucasian (European)/men/id00187/00360_id00225_MHSgwpfHAXw_id00415_wavtolip.npz,-3.072918653488159,-3.072918653488159,4.837206840515137,1
FakeVideo-FakeAudio/Caucasian (European)/men/id00187/00360_id00225_wavtolip.npz,0.2157893180847168,0.2157893180847168,5.432941913604736,1
FakeVideo-FakeAudio/Caucasian (European)/men/id00187/00360_id00241_DlI4wqSFwbI_id01098_wavtolip.npz,4.355704307556152,4.355704307556152,4.446565628051758,1
FakeVideo-FakeAudio/Caucasian (European)/men/id00187/00360_id00265_dZq57FoxXR4_id01051_wavtolip.npz,-1.3146673440933228,-1.3146673440933228,4.883508205413818,1
FakeVideo-FakeAudio/Caucasian (European)/men/id00187/00360_id00282_wavtolip.npz,-1.4050767421722412,-1.4050767421722412,4.944899559020996,1
FakeVideo-FakeAudio/Caucasian (European)/men/id00187/00360_id00909_wavtolip.npz,-1.0436924695968628,-1.0436924695968628,4.80441427230835,1
FakeVideo-FakeAudio/Caucasian (European)/men/id00187/00360_id00990_wavtolip.npz,-0.43011772632598877,-0.43011772632598877,4.821205139160156,1
FakeVideo-FakeAudio/Caucasian (European)/men/id00187/00360_id00999_SjnM4XFBz0M_id00186_wavtolip.npz,-1.425193190574646,-1.425193190574646,5.023538112640381,1
FakeVideo-FakeAudio/Caucasian (European)/men/id00187/00360_id01051_jPxk6s6FM6Y_faceswap_id00186_wavtolip.npz,-1.327212929725647,-1.327212929725647,4.9547529220581055,1
FakeVideo-FakeAudio/Caucasian (European)/men/id00187/00360_id01051_jPxk6s6FM6Y_faceswap_id00225_wavtolip.npz,1.1971100568771362,1.1971100568771362,5.397451400756836,1
FakeVideo-FakeAudio/Caucasian (European)/men/id00187/00360_id01051_jPxk6s6FM6Y_faceswap_id00535_wavtolip.npz,0.06451201438903809,0.06451201438903809,4.381356716156006,1
FakeVideo-FakeAudio/Caucasian (European)/men/id00187/00360_id01051_jPxk6s6FM6Y_faceswap_id00554_wavtolip.npz,2.27458119392395,2.27458119392395,3.888291358947754,1
FakeVideo-FakeAudio/Caucasian (European)/men/id00187/00360_id01051_jPxk6s6FM6Y_faceswap_id01157_wavtolip.npz,4.2385640144348145,4.2385640144348145,4.603126049041748,1
FakeVideo-FakeAudio/Caucasian (European)/men/id00187/00360_id01051_jPxk6s6FM6Y_id00946_wavtolip.npz,0.42642027139663696,0.42642027139663696,4.460843563079834,1
FakeVideo-FakeAudio/Caucasian (European)/men/id00187/00360_id01052_Kf4nlIEHfaU_id00963_wavtolip.npz,-4.097376346588135,-4.097376346588135,5.478073596954346,1
FakeVideo-FakeAudio/Caucasian (European)/men/id00187/00360_id01102_aGFUkdgmo3A_id00594_wavtolip.npz,-1.98839271068573,-1.98839271068573,5.319482803344727,1
FakeVideo-FakeAudio/Caucasian (European)/men/id00187/00360_id01154_wavtolip.npz,-0.8581390380859375,-0.8581390380859375,4.644557476043701,1
FakeVideo-FakeAudio/Caucasian (European)/men/id00187/00360_id01156_wavtolip.npz,-2.603088855743408,-2.603088855743408,5.371616840362549,1
FakeVideo-FakeAudio/Caucasian (European)/men/id00187/00360_id01157_wavtolip.npz,-0.10284990072250366,-0.10284990072250366,4.558582782745361,1
FakeVideo-FakeAudio/Caucasian (European)/men/id00187/00360_id02567_4Ao5jgpSXdw_id00946_wavtolip.npz,0.4066174030303955,0.4066174030303955,4.484488010406494,1
FakeVideo-FakeAudio/Caucasian (European)/men/id00055/00120_id00063_cVZBXC2rjPM_id01058_wavtolip.npz,-6.120302200317383,-6.120302200317383,4.909554958343506,1
FakeVideo-FakeAudio/Caucasian (European)/men/id00055/00120_id00171_wavtolip.npz,-6.117585182189941,-6.117585182189941,4.798487663269043,1
FakeVideo-FakeAudio/Caucasian (European)/men/id00055/00120_id00183_z2DhZllPWUQ_faceswap_id00183_wavtolip.npz,-1.9887075424194336,-1.9887075424194336,4.833528518676758,1
FakeVideo-FakeAudio/Caucasian (European)/men/id00055/00120_id00183_z2DhZllPWUQ_faceswap_id00709_wavtolip.npz,-6.094664573669434,-6.094664573669434,4.866270542144775,1
FakeVideo-FakeAudio/Caucasian (European)/men/id00055/00120_id00183_z2DhZllPWUQ_faceswap_id00909_wavtolip.npz,-1.4848871231079102,-1.4848871231079102,4.668276786804199,1
FakeVideo-FakeAudio/Caucasian (European)/men/id00055/00120_id00183_z2DhZllPWUQ_faceswap_id01051_wavtolip.npz,0.031582824885845184,0.031582824885845184,4.7592082023620605,1
FakeVideo-FakeAudio/Caucasian (European)/men/id00055/00120_id00183_z2DhZllPWUQ_faceswap_id01157_wavtolip.npz,-0.6606794595718384,-0.6606794595718384,4.730031967163086,1
FakeVideo-FakeAudio/Caucasian (European)/men/id00055/00120_id00183_z2DhZllPWUQ_id01052_wavtolip.npz,1.5133934020996094,1.5133934020996094,4.8282084465026855,1
FakeVideo-FakeAudio/Caucasian (European)/men/id00055/00120_id00192_wavtolip.npz,-4.4890031814575195,-4.4890031814575195,4.788012504577637,1
FakeVideo-FakeAudio/Caucasian (European)/men/id00055/00120_id00241_wavtolip.npz,4.030508518218994,4.030508518218994,4.767385005950928,1
FakeVideo-FakeAudio/Caucasian (European)/men/id00055/00120_id00253_wavtolip.npz,-0.8647305965423584,-0.8647305965423584,4.281244277954102,1
FakeVideo-FakeAudio/Caucasian (European)/men/id00055/00120_id00282_iTsqWj6GEbo_id00225_wavtolip.npz,-3.1475982666015625,-3.1475982666015625,4.831404209136963,1
FakeVideo-FakeAudio/Caucasian (European)/men/id00055/00120_id00292_qELK8N_DykA_id00981_wavtolip.npz,-1.941677451133728,-1.941677451133728,4.889617443084717,1
FakeVideo-FakeAudio/Caucasian (European)/men/id00055/00120_id00415_saYfEadFy_s_id01052_wavtolip.npz,0.8295990824699402,0.8295990824699402,4.806782245635986,1
FakeVideo-FakeAudio/Caucasian (European)/men/id00055/00120_id00415_wavtolip.npz,-2.974276304244995,-2.974276304244995,4.798212051391602,1
FakeVideo-FakeAudio/Caucasian (European)/men/id00055/00120_id00535_BhvTIJ-YG5s_id01099_wavtolip.npz,-3.697911262512207,-3.697911262512207,4.886737823486328,1
FakeVideo-FakeAudio/Caucasian (European)/men/id00055/00120_id00559_Y7ovoKuvL78_id01051_wavtolip.npz,-5.813821315765381,-5.813821315765381,4.821561813354492,1
FakeVideo-FakeAudio/Caucasian (European)/men/id00055/00120_id00909_wavtolip.npz,-2.213268756866455,-2.213268756866455,4.767039775848389,1
FakeVideo-FakeAudio/Caucasian (European)/men/id00055/00120_id00981_OmNALjENDkI_id01052_wavtolip.npz,1.9405291080474854,1.9405291080474854,4.895113468170166,1
FakeVideo-FakeAudio/Caucasian (European)/men/id00055/00120_id00981_wavtolip.npz,-0.15687605738639832,-0.15687605738639832,4.855193138122559,1
FakeVideo-FakeAudio/Caucasian (European)/men/id00055/00120_id01058_wavtolip.npz,-6.159196376800537,-6.159196376800537,4.731045246124268,1
FakeVideo-FakeAudio/Caucasian (European)/men/id00055/00120_id01099_ZpgbIKxzkrg_id01156_wavtolip.npz,-1.329811453819275,-1.329811453819275,4.9341840744018555,1
FakeVideo-FakeAudio/Caucasian (European)/men/id00055/00120_id01123_wavtolip.npz,1.9783530235290527,1.9783530235290527,4.7006707191467285,1
FakeVideo-FakeAudio/Caucasian (European)/men/id00055/00120_id01154_wavtolip.npz,-0.99824458360672,-0.99824458360672,4.67893648147583,1
FakeVideo-FakeAudio/Caucasian (European)/men/id00498/00014_4_id00187_wavtolip.npz,-1.9557667970657349,-1.9557667970657349,5.181198596954346,1
FakeVideo-FakeAudio/Caucasian (European)/men/id00498/00014_4_id00594_wavtolip.npz,-5.704895496368408,-5.704895496368408,5.232595443725586,1
FakeVideo-FakeAudio/Caucasian (European)/men/id00498/00014_4_id01154_wavtolip.npz,-1.1994314193725586,-1.1994314193725586,4.709850311279297,1
FakeVideo-FakeAudio/Caucasian (European)/men/id00498/00014_4_id02567_wavtolip.npz,1.7892463207244873,1.7892463207244873,4.626661777496338,1
FakeVideo-FakeAudio/Caucasian (European)/men/id00498/00014_4_id03205_wavtolip.npz,4.657309532165527,4.657309532165527,4.143882751464844,1
FakeVideo-FakeAudio/Caucasian (European)/men/id00498/00014_id00055_XzCF6sJ8Axc_id00548_wavtolip.npz,-1.396287202835083,-1.396287202835083,4.692806720733643,1
FakeVideo-FakeAudio/Caucasian (European)/men/id00498/00014_id00055_wavtolip.npz,-1.7888753414154053,-1.7888753414154053,4.6658854484558105,1
FakeVideo-FakeAudio/Caucasian (European)/men/id00498/00014_id00063_cVZBXC2rjPM_id00963_wavtolip.npz,-3.1474719047546387,-3.1474719047546387,4.671361923217773,1
FakeVideo-FakeAudio/Caucasian (European)/men/id00498/00014_id00171_wavtolip.npz,-6.123378753662109,-6.123378753662109,4.677756309509277,1
FakeVideo-FakeAudio/Caucasian (European)/men/id00498/00014_id00185_wavtolip.npz,0.8834912776947021,0.8834912776947021,4.657484531402588,1
FakeVideo-FakeAudio/Caucasian (European)/men/id00498/00014_id00192_By3wxX0dyDw_faceswap_id00520_wavtolip.npz,3.433403491973877,3.433403491973877,3.9268901348114014,1
FakeVideo-FakeAudio/Caucasian (European)/men/id00498/00014_id00192_By3wxX0dyDw_faceswap_id00594_wavtolip.npz,-5.388345718383789,-5.388345718383789,4.68850564956665,1
FakeVideo-FakeAudio/Caucasian (European)/men/id00498/00014_id00192_By3wxX0dyDw_faceswap_id00919_wavtolip.npz,3.65128755569458,3.65128755569458,4.163516044616699,1
FakeVideo-FakeAudio/Caucasian (European)/men/id00498/00014_id00192_By3wxX0dyDw_faceswap_id00981_wavtolip.npz,-6.406489849090576,-6.406489849090576,4.658919811248779,1
FakeVideo-FakeAudio/Caucasian (European)/men/id00498/00014_id00192_By3wxX0dyDw_faceswap_id01099_wavtolip.npz,-3.312828302383423,-3.312828302383423,4.551893711090088,1
FakeVideo-FakeAudio/Caucasian (European)/men/id00498/00014_id00192_By3wxX0dyDw_id01099_wavtolip.npz,-3.694018840789795,-3.694018840789795,4.6245012283325195,1
FakeVideo-FakeAudio/Caucasian (European)/men/id00498/00014_id00192_wavtolip.npz,4.604114055633545,4.604114055633545,4.692157745361328,1
FakeVideo-FakeAudio/Caucasian (European)/men/id00498/00014_id00225_wavtolip.npz,-3.4079947471618652,-3.4079947471618652,4.637665748596191,1
FakeVideo-FakeAudio/Caucasian (European)/men/id00498/00014_id00241_DlI4wqSFwbI_id00498_wavtolip.npz,4.5645833015441895,4.5645833015441895,4.022909164428711,1
FakeVideo-FakeAudio/Caucasian (European)/men/id00498/00014_id00253_cyTfcQDjvU0_id00909_wavtolip.npz,-1.5277787446975708,-1.5277787446975708,4.642649173736572,1
FakeVideo-FakeAudio/Caucasian (European)/men/id00498/00014_id00282_iTsqWj6GEbo_id00594_wavtolip.npz,-5.482234954833984,-5.482234954833984,4.7122087478637695,1
FakeVideo-FakeAudio/Caucasian (European)/men/id00498/00014_id00292_qELK8N_DykA_id00358_wavtolip.npz,-1.5145491361618042,-1.5145491361618042,4.739248275756836,1
FakeVideo-FakeAudio/Caucasian (European)/men/id00498/00014_id00305_wavtolip.npz,-1.8217593431472778,-1.8217593431472778,4.689971446990967,1
FakeVideo-FakeAudio/Caucasian (European)/men/id00498/00014_id00368_KohcGDsg29U_id00183_wavtolip.npz,-4.728736877441406,-4.728736877441406,4.6450958251953125,1
FakeVideo-FakeAudio/Caucasian (European)/men/id00498/00014_id00498_wavtolip.npz,4.5113606452941895,4.5113606452941895,4.073001384735107,1
FakeVideo-FakeAudio/Caucasian (European)/men/id00498/00014_id00520_wavtolip.npz,3.407726287841797,3.407726287841797,3.904985189437866,1
FakeVideo-FakeAudio/Caucasian (European)/men/id00498/00014_id00559_Y7ovoKuvL78_id00192_wavtolip.npz,-4.533868312835693,-4.533868312835693,4.537085056304932,1
FakeVideo-FakeAudio/Caucasian (European)/men/id00498/00014_id01099_wavtolip.npz,-4.455316543579102,-4.455316543579102,4.644880771636963,1
FakeVideo-FakeAudio/Caucasian (European)/men/id00498/00014_id01123_Xid_-DpIHX4_id00946_wavtolip.npz,2.06033992767334,2.06033992767334,4.492979526519775,1
FakeVideo-FakeAudio/Caucasian (European)/men/id00498/00014_id03205_wavtolip.npz,4.768955230712891,4.768955230712891,4.093074798583984,1
FakeVideo-FakeAudio/Caucasian (European)/men/id00063/00021_id00055_XzCF6sJ8Axc_id00990_wavtolip.npz,-0.033238232135772705,-0.033238232135772705,4.93524694442749,1
FakeVideo-FakeAudio/Caucasian (European)/men/id00063/00021_id00183_wavtolip.npz,-1.9640896320343018,-1.9640896320343018,5.066494941711426,1
FakeVideo-FakeAudio/Caucasian (European)/men/id00063/00021_id00241_DlI4wqSFwbI_id01154_wavtolip.npz,-1.0849976539611816,-1.0849976539611816,4.766419410705566,1
FakeVideo-FakeAudio/Caucasian (European)/men/id00063/00021_id00282_iTsqWj6GEbo_id00694_wavtolip.npz,4.643057346343994,4.643057346343994,4.1598896980285645,1
FakeVideo-FakeAudio/Caucasian (European)/men/id00063/00021_id00282_wavtolip.npz,-5.472829818725586,-5.472829818725586,4.871764183044434,1
FakeVideo-FakeAudio/Caucasian (European)/men/id00063/00021_id00358_vsVwGKy79kM_faceswap_id00171_wavtolip.npz,-5.925995349884033,-5.925995349884033,4.805436134338379,1
FakeVideo-FakeAudio/Caucasian (European)/men/id00063/00021_id00358_vsVwGKy79kM_faceswap_id00186_wavtolip.npz,-6.181609153747559,-6.181609153747559,4.894710540771484,1
FakeVideo-FakeAudio/Caucasian (European)/men/id00063/00021_id00358_vsVwGKy79kM_faceswap_id00241_wavtolip.npz,-1.3066092729568481,-1.3066092729568481,4.877043724060059,1
FakeVideo-FakeAudio/Caucasian (European)/men/id00063/00021_id00358_vsVwGKy79kM_faceswap_id00306_wavtolip.npz,-5.603167533874512,-5.603167533874512,4.84429931640625,1
FakeVideo-FakeAudio/Caucasian (European)/men/id00063/00021_id00358_vsVwGKy79kM_faceswap_id01156_wavtolip.npz,-0.7079441547393799,-0.7079441547393799,4.822664260864258,1
FakeVideo-FakeAudio/Caucasian (European)/men/id00063/00021_id00358_vsVwGKy79kM_id01156_wavtolip.npz,-1.344560146331787,-1.344560146331787,4.936405658721924,1
FakeVideo-FakeAudio/Caucasian (European)/men/id00063/00021_id00368_wavtolip.npz,-1.7360891103744507,-1.7360891103744507,4.807311534881592,1
FakeVideo-FakeAudio/Caucasian (European)/men/id00063/00021_id00498_wavtolip.npz,4.579074859619141,4.579074859619141,4.05520486831665,1
FakeVideo-FakeAudio/Caucasian (European)/men/id00063/00021_id00520_wavtolip.npz,3.666660785675049,3.666660785675049,3.9642066955566406,1
FakeVideo-FakeAudio/Caucasian (European)/men/id00063/00021_id00535_BhvTIJ-YG5s_id00368_wavtolip.npz,-5.071569442749023,-5.071569442749023,4.9077935218811035,1
FakeVideo-FakeAudio/Caucasian (European)/men/id00063/00021_id00559_wavtolip.npz,-4.892786502838135,-4.892786502838135,4.919496536254883,1
FakeVideo-FakeAudio/Caucasian (European)/men/id00063/00021_id00919_XDUn0Pskyrk_id00554_wavtolip.npz,2.316169500350952,2.316169500350952,3.828294277191162,1
FakeVideo-FakeAudio/Caucasian (European)/men/id00063/00021_id00946_wavtolip.npz,-0.290038138628006,-0.290038138628006,4.468369007110596,1
FakeVideo-FakeAudio/Caucasian (European)/men/id00063/00021_id00990_wavtolip.npz,-0.09465312957763672,-0.09465312957763672,4.900266170501709,1
FakeVideo-FakeAudio/Caucasian (European)/men/id00063/00021_id01156_RT99eogJo4k_id00559_wavtolip.npz,-5.922065258026123,-5.922065258026123,4.949132442474365,1
FakeVideo-FakeAudio/Caucasian (European)/men/id00063/00021_id01157_wavtolip.npz,-0.5767821073532104,-0.5767821073532104,4.807556629180908,1
FakeVideo-FakeAudio/Caucasian (European)/men/id00063/00021_id01157_yDgqfOWVKko_id00520_wavtolip.npz,3.5921902656555176,3.5921902656555176,4.018326759338379,1
FakeVideo-FakeAudio/Caucasian (European)/men/id00063/00021_id02567_4Ao5jgpSXdw_id00225_wavtolip.npz,-2.6019041538238525,-2.6019041538238525,4.70774507522583,1
FakeVideo-FakeAudio/Caucasian (European)/men/id00063/00021_id02567_wavtolip.npz,1.3468202352523804,1.3468202352523804,4.8280253410339355,1
FakeVideo-FakeAudio/Caucasian (European)/men/id00063/00021_id03205_gXytNIcANKw_id01099_wavtolip.npz,-5.077948093414307,-5.077948093414307,4.94080114364624,1
FakeVideo-FakeAudio/Caucasian (European)/men/id00946/00126_id00063_wavtolip.npz,4.767407417297363,4.767407417297363,4.543812274932861,1
FakeVideo-FakeAudio/Caucasian (European)/men/id00946/00126_id00171_PWU6n0qrv4c_id01154_wavtolip.npz,-5.047719955444336,-5.047719955444336,4.691615104675293,1
FakeVideo-FakeAudio/Caucasian (European)/men/id00946/00126_id00187_wavtolip.npz,-6.380532264709473,-6.380532264709473,4.7040300369262695,1
FakeVideo-FakeAudio/Caucasian (European)/men/id00946/00126_id00225_wavtolip.npz,-3.082390069961548,-3.082390069961548,4.608878135681152,1
FakeVideo-FakeAudio/Caucasian (European)/men/id00946/00126_id00358_vsVwGKy79kM_id00266_wavtolip.npz,-2.667299747467041,-2.667299747467041,4.6403632164001465,1
FakeVideo-FakeAudio/Caucasian (European)/men/id00946/00126_id00415_wavtolip.npz,-6.408484935760498,-6.408484935760498,4.719615459442139,1
FakeVideo-FakeAudio/Caucasian (European)/men/id00946/00126_id00520_dOAxKi1t6GI_id03205_wavtolip.npz,4.738448619842529,4.738448619842529,4.052982330322266,1
FakeVideo-FakeAudio/Caucasian (European)/men/id00946/00126_id00520_wavtolip.npz,4.024840354919434,4.024840354919434,3.950061321258545,1
FakeVideo-FakeAudio/Caucasian (European)/men/id00946/00126_id00535_wavtolip.npz,0.03592562675476074,0.03592562675476074,4.474620819091797,1
FakeVideo-FakeAudio/Caucasian (European)/men/id00946/00126_id00594_2WHHoksbeVw_id00963_wavtolip.npz,-3.3914794921875,-3.3914794921875,4.657498359680176,1
FakeVideo-FakeAudio/Caucasian (European)/men/id00946/00126_id00594_wavtolip.npz,-5.819821834564209,-5.819821834564209,4.7335991859436035,1
FakeVideo-FakeAudio/Caucasian (European)/men/id00946/00126_id00709_Rh23ELMGsIQ_id01058_wavtolip.npz,-6.041749000549316,-6.041749000549316,4.761845588684082,1
FakeVideo-FakeAudio/Caucasian (European)/men/id00946/00126_id00919_XDUn0Pskyrk_id00265_wavtolip.npz,4.722911357879639,4.722911357879639,4.291787147521973,1
FakeVideo-FakeAudio/Caucasian (European)/men/id00946/00126_id00963_wavtolip.npz,-3.3395605087280273,-3.3395605087280273,4.613800525665283,1
FakeVideo-FakeAudio/Caucasian (European)/men/id00946/00126_id00990_G-qzOIgxEoE_faceswap_id00171_wavtolip.npz,-5.8358235359191895,-5.8358235359191895,4.612672805786133,1
FakeVideo-FakeAudio/Caucasian (European)/men/id00946/00126_id00990_G-qzOIgxEoE_faceswap_id00253_wavtolip.npz,-1.144059658050537,-1.144059658050537,4.307528972625732,1
FakeVideo-FakeAudio/Caucasian (European)/men/id00946/00126_id00990_G-qzOIgxEoE_faceswap_id00292_wavtolip.npz,-0.3376302719116211,-0.3376302719116211,4.490472316741943,1
FakeVideo-FakeAudio/Caucasian (European)/men/id00946/00126_id00990_G-qzOIgxEoE_faceswap_id00519_wavtolip.npz,-0.40078842639923096,-0.40078842639923096,4.380406379699707,1
FakeVideo-FakeAudio/Caucasian (European)/men/id00946/00126_id00990_G-qzOIgxEoE_faceswap_id00594_wavtolip.npz,-4.414409160614014,-4.414409160614014,4.624509811401367,1
FakeVideo-FakeAudio/Caucasian (European)/men/id00946/00126_id00990_G-qzOIgxEoE_id00266_wavtolip.npz,-2.2071731090545654,-2.2071731090545654,4.715855598449707,1
FakeVideo-FakeAudio/Caucasian (European)/men/id00946/00126_id00999_SjnM4XFBz0M_id01157_wavtolip.npz,-0.3759193420410156,-0.3759193420410156,4.674721717834473,1
FakeVideo-FakeAudio/Caucasian (European)/men/id00946/00126_id01098_BwmSumx6P1U_id00694_wavtolip.npz,4.63826847076416,4.63826847076416,4.264256477355957,1
FakeVideo-FakeAudio/Caucasian (European)/men/id00946/00126_id01098_wavtolip.npz,4.0584282875061035,4.0584282875061035,4.466116905212402,1
FakeVideo-FakeAudio/Caucasian (European)/men/id00946/00126_id01099_ZpgbIKxzkrg_id00192_wavtolip.npz,-4.738870620727539,-4.738870620727539,4.800955295562744,1
FakeVideo-FakeAudio/Caucasian (European)/men/id00946/00126_id01123_wavtolip.npz,2.4056804180145264,2.4056804180145264,4.608126640319824,1
FakeVideo-FakeAudio/Caucasian (European)/women/id01001/00086_id00042_wavtolip.npz,-1.3029972314834595,-1.3029972314834595,4.622524738311768,1
FakeVideo-FakeAudio/Caucasian (European)/women/id01001/00086_id00188_e-vm5FB3idA_id00379_wavtolip.npz,-1.5517230033874512,-1.5517230033874512,4.528356075286865,1
FakeVideo-FakeAudio/Caucasian (European)/women/id01001/00086_id00232_wavtolip.npz,-0.9539186954498291,-0.9539186954498291,4.7441558837890625,1
FakeVideo-FakeAudio/Caucasian (European)/women/id01001/00086_id00262_3p7sRWAAh1Q_id03844_wavtolip.npz,2.5641860961914062,2.5641860961914062,4.2253875732421875,1
FakeVideo-FakeAudio/Caucasian (European)/women/id01001/00086_id00287_wavtolip.npz,2.8413171768188477,2.8413171768188477,4.464757442474365,1
FakeVideo-FakeAudio/Caucasian (European)/women/id01001/00086_id00332__zNddcZV1EU_id03649_wavtolip.npz,4.099809169769287,4.099809169769287,4.25360631942749,1
FakeVideo-FakeAudio/Caucasian (European)/women/id01001/00086_id00374_w1qI7y9AGTc_id03651_wavtolip.npz,-0.36799585819244385,-0.36799585819244385,3.8841254711151123,1
FakeVideo-FakeAudio/Caucasian (European)/women/id01001/00086_id00496_wavtolip.npz,-5.43398904800415,-5.43398904800415,4.879476547241211,1
FakeVideo-FakeAudio/Caucasian (European)/women/id01001/00086_id00569_gSynmpwioV4_id00806_wavtolip.npz,-6.101306438446045,-6.101306438446045,4.674754619598389,1
FakeVideo-FakeAudio/Caucasian (European)/women/id01001/00086_id00633_UXrTMta1EDM_faceswap_id00330_wavtolip.npz,-4.985935211181641,-4.985935211181641,4.836800575256348,1
FakeVideo-FakeAudio/Caucasian (European)/women/id01001/00086_id00633_UXrTMta1EDM_faceswap_id00395_wavtolip.npz,-1.6325572729110718,-1.6325572729110718,4.316385746002197,1
FakeVideo-FakeAudio/Caucasian (European)/women/id01001/00086_id00633_UXrTMta1EDM_faceswap_id00495_wavtolip.npz,4.010372638702393,4.010372638702393,4.317978858947754,1
FakeVideo-FakeAudio/Caucasian (European)/women/id01001/00086_id00633_UXrTMta1EDM_faceswap_id00897_wavtolip.npz,-6.063690662384033,-6.063690662384033,4.770796775817871,1
FakeVideo-FakeAudio/Caucasian (European)/women/id01001/00086_id00633_UXrTMta1EDM_faceswap_id03651_wavtolip.npz,-0.4974004030227661,-0.4974004030227661,3.939037561416626,1
FakeVideo-FakeAudio/Caucasian (European)/women/id01001/00086_id00633_UXrTMta1EDM_id00325_wavtolip.npz,-5.244183540344238,-5.244183540344238,4.803010940551758,1
FakeVideo-FakeAudio/Caucasian (European)/women/id01001/00086_id00735_ivJSkq5hGOQ_id00271_wavtolip.npz,-1.5160868167877197,-1.5160868167877197,4.73341178894043,1
FakeVideo-FakeAudio/Caucasian (European)/women/id01001/00086_id00735_wavtolip.npz,-1.0914779901504517,-1.0914779901504517,4.531375408172607,1
FakeVideo-FakeAudio/Caucasian (European)/women/id01001/00086_id00823_wavtolip.npz,4.714875221252441,4.714875221252441,4.193604946136475,1
FakeVideo-FakeAudio/Caucasian (European)/women/id01001/00086_id00826_wavtolip.npz,-1.4787333011627197,-1.4787333011627197,4.627153396606445,1
FakeVideo-FakeAudio/Caucasian (European)/women/id01001/00086_id03371_wavtolip.npz,-3.087124824523926,-3.087124824523926,4.892245292663574,1
FakeVideo-FakeAudio/Caucasian (European)/women/id01001/00086_id03651_wavtolip.npz,-0.29856181144714355,-0.29856181144714355,3.9481942653656006,1
FakeVideo-FakeAudio/Caucasian (European)/women/id01001/00086_id03816_XXD0yTNei50_id00287_wavtolip.npz,2.7612953186035156,2.7612953186035156,4.456086158752441,1
FakeVideo-FakeAudio/Caucasian (European)/women/id00071/00014_id00188_e-vm5FB3idA_id03651_wavtolip.npz,-0.4879034757614136,-0.4879034757614136,3.975717067718506,1
FakeVideo-FakeAudio/Caucasian (European)/women/id00071/00014_id00232_kL0cCveU1zg_id00806_wavtolip.npz,-6.307661056518555,-6.307661056518555,4.524948596954346,1
FakeVideo-FakeAudio/Caucasian (European)/women/id00071/00014_id00262_3p7sRWAAh1Q_id00270_wavtolip.npz,-6.342750549316406,-6.342750549316406,4.583217144012451,1
FakeVideo-FakeAudio/Caucasian (European)/women/id00071/00014_id00262_wavtolip.npz,-5.800803184509277,-5.800803184509277,4.619559288024902,1
FakeVideo-FakeAudio/Caucasian (European)/women/id00071/00014_id00270_hoEQ70-sDME_id00591_wavtolip.npz,-0.8595417737960815,-0.8595417737960815,4.169482707977295,1
FakeVideo-FakeAudio/Caucasian (European)/women/id00071/00014_id00271_wavtolip.npz,-1.5884090662002563,-1.5884090662002563,4.444389343261719,1
FakeVideo-FakeAudio/Caucasian (European)/women/id00071/00014_id00328_wavtolip.npz,-6.315365791320801,-6.315365791320801,4.603646278381348,1
FakeVideo-FakeAudio/Caucasian (European)/women/id00071/00014_id00379_fgkgYHCuk4g_id03620_wavtolip.npz,-5.375574111938477,-5.375574111938477,4.729937553405762,1
FakeVideo-FakeAudio/Caucasian (European)/women/id00071/00014_id00403_wavtolip.npz,-6.090636253356934,-6.090636253356934,4.620320796966553,1
FakeVideo-FakeAudio/Caucasian (European)/women/id00071/00014_id00581_7AxvP19LGKg_id00232_wavtolip.npz,-2.2412898540496826,-2.2412898540496826,4.588316440582275,1
FakeVideo-FakeAudio/Caucasian (European)/women/id00071/00014_id00735_ivJSkq5hGOQ_id03589_wavtolip.npz,-4.2672505378723145,-4.2672505378723145,4.654531955718994,1
FakeVideo-FakeAudio/Caucasian (European)/women/id00071/00014_id00897_0ayFw8JhoyI_id00496_wavtolip.npz,-5.866568565368652,-5.866568565368652,4.674809455871582,1
FakeVideo-FakeAudio/Caucasian (European)/women/id00071/00014_id03371_truKMXt8Dak_faceswap_id00271_wavtolip.npz,-2.3015761375427246,-2.3015761375427246,4.496848106384277,1
FakeVideo-FakeAudio/Caucasian (European)/women/id00071/00014_id03371_truKMXt8Dak_faceswap_id00806_wavtolip.npz,-6.286924362182617,-6.286924362182617,4.569667816162109,1
FakeVideo-FakeAudio/Caucasian (European)/women/id00071/00014_id03371_truKMXt8Dak_faceswap_id01018_wavtolip.npz,-6.290280818939209,-6.290280818939209,4.5572967529296875,1
FakeVideo-FakeAudio/Caucasian (European)/women/id00071/00014_id03371_truKMXt8Dak_faceswap_id03716_wavtolip.npz,-2.7515265941619873,-2.7515265941619873,4.594415664672852,1
FakeVideo-FakeAudio/Caucasian (European)/women/id00071/00014_id03371_truKMXt8Dak_id00071_wavtolip.npz,-1.2122894525527954,-1.2122894525527954,4.571340560913086,1
FakeVideo-FakeAudio/Caucasian (European)/women/id00071/00014_id03371_wavtolip.npz,-3.8126072883605957,-3.8126072883605957,4.472733974456787,1
FakeVideo-FakeAudio/Caucasian (European)/women/id00071/00014_id03651_wavtolip.npz,0.20052742958068848,0.20052742958068848,3.8268508911132812,1
FakeVideo-FakeAudio/Caucasian (European)/women/id00071/00014_id03716_wavtolip.npz,-2.832563877105713,-2.832563877105713,4.565176963806152,1
FakeVideo-FakeAudio/Caucasian (European)/women/id00071/00014_id03816_XXD0yTNei50_id00271_wavtolip.npz,-2.6776554584503174,-2.6776554584503174,4.507994651794434,1
FakeVideo-FakeAudio/Caucasian (European)/women/id00634/00078_id00042_wavtolip.npz,-1.4252355098724365,-1.4252355098724365,4.648906230926514,1
FakeVideo-FakeAudio/Caucasian (European)/women/id00634/00078_id00270_wavtolip.npz,-6.37882137298584,-6.37882137298584,4.603514671325684,1
FakeVideo-FakeAudio/Caucasian (European)/women/id00634/00078_id00287_wavtolip.npz,2.0295767784118652,2.0295767784118652,4.492272853851318,1
FakeVideo-FakeAudio/Caucasian (European)/women/id00634/00078_id00330_wavtolip.npz,-1.6746392250061035,-1.6746392250061035,4.893581867218018,1
FakeVideo-FakeAudio/Caucasian (European)/women/id00634/00078_id00395_wM5kGJfTtEM_id00379_wavtolip.npz,-1.3900703191757202,-1.3900703191757202,4.638321399688721,1
FakeVideo-FakeAudio/Caucasian (European)/women/id00634/00078_id00403_wavtolip.npz,1.1544758081436157,1.1544758081436157,4.890092849731445,1
FakeVideo-FakeAudio/Caucasian (European)/women/id00634/00078_id00484_u7YTz8eFZv0_id00330_wavtolip.npz,-2.394221305847168,-2.394221305847168,4.862308979034424,1
FakeVideo-FakeAudio/Caucasian (European)/women/id00634/00078_id00484_wavtolip.npz,-2.106719970703125,-2.106719970703125,4.739014148712158,1
FakeVideo-FakeAudio/Caucasian (European)/women/id00634/00078_id00495_E46aiMUC4A0_id00328_wavtolip.npz,-1.702780842781067,-1.702780842781067,4.931293487548828,1
FakeVideo-FakeAudio/Caucasian (European)/women/id00634/00078_id00496_wavtolip.npz,-5.275091648101807,-5.275091648101807,5.263086318969727,1
FakeVideo-FakeAudio/Caucasian (European)/women/id00634/00078_id00569_wavtolip.npz,4.734449863433838,4.734449863433838,4.539361000061035,1
FakeVideo-FakeAudio/Caucasian (European)/women/id00634/00078_id00581_7AxvP19LGKg_id00434_wavtolip.npz,-5.374075412750244,-5.374075412750244,5.229959487915039,1
FakeVideo-FakeAudio/Caucasian (European)/women/id00634/00078_id00589_uOzKwYEVR6s_id00330_wavtolip.npz,-1.9003894329071045,-1.9003894329071045,4.850005626678467,1
FakeVideo-FakeAudio/Caucasian (European)/women/id00634/00078_id00591_1Jo8xElXQMs_id00071_wavtolip.npz,-1.185722827911377,-1.185722827911377,4.568242073059082,1
FakeVideo-FakeAudio/Caucasian (European)/women/id00634/00078_id00813_wavtolip.npz,-5.781217575073242,-5.781217575073242,5.269289970397949,1
FakeVideo-FakeAudio/Caucasian (European)/women/id00634/00078_id00826_MYagwzy91Yk_id00806_wavtolip.npz,-5.7804155349731445,-5.7804155349731445,5.1909613609313965,1
FakeVideo-FakeAudio/Caucasian (European)/women/id00634/00078_id03589_9NxOQlwpMys_id00569_wavtolip.npz,4.66841983795166,4.66841983795166,4.412747859954834,1
FakeVideo-FakeAudio/Caucasian (European)/women/id00634/00078_id03649_389qfFqUddI_faceswap_id00188_wavtolip.npz,-0.7730515003204346,-0.7730515003204346,4.331049919128418,1
FakeVideo-FakeAudio/Caucasian (European)/women/id00634/00078_id03649_389qfFqUddI_faceswap_id00569_wavtolip.npz,4.853689193725586,4.853689193725586,4.534039497375488,1
FakeVideo-FakeAudio/Caucasian (European)/women/id00634/00078_id03649_389qfFqUddI_faceswap_id00581_wavtolip.npz,-2.310344696044922,-2.310344696044922,5.236509323120117,1
FakeVideo-FakeAudio/Caucasian (European)/women/id00634/00078_id03649_389qfFqUddI_faceswap_id01002_wavtolip.npz,-1.9408307075500488,-1.9408307075500488,4.7060394287109375,1
FakeVideo-FakeAudio/Caucasian (European)/women/id00634/00078_id03649_389qfFqUddI_faceswap_id03941_wavtolip.npz,-2.3591179847717285,-2.3591179847717285,4.657360553741455,1
FakeVideo-FakeAudio/Caucasian (European)/women/id00634/00078_id03649_389qfFqUddI_id00232_wavtolip.npz,-1.9966890811920166,-1.9966890811920166,4.669503211975098,1
FakeVideo-FakeAudio/Caucasian (European)/women/id03589/00002_id00068_A7uFnQw--bY_id00287_wavtolip.npz,2.517573595046997,2.517573595046997,4.548931121826172,1
FakeVideo-FakeAudio/Caucasian (European)/women/id03589/00002_id00188_wavtolip.npz,-1.0440173149108887,-1.0440173149108887,4.484105587005615,1
FakeVideo-FakeAudio/Caucasian (European)/women/id03589/00002_id00262_3p7sRWAAh1Q_id03651_wavtolip.npz,-0.9976373910903931,-0.9976373910903931,4.056239128112793,1
FakeVideo-FakeAudio/Caucasian (European)/women/id03589/00002_id00262_wavtolip.npz,-5.862521171569824,-5.862521171569824,5.21762228012085,1
FakeVideo-FakeAudio/Caucasian (European)/women/id03589/00002_id00270_wavtolip.npz,-6.369205474853516,-6.369205474853516,4.645812511444092,1
FakeVideo-FakeAudio/Caucasian (European)/women/id03589/00002_id00287_2NpfYjyMsPM_id00071_wavtolip.npz,-1.0813884735107422,-1.0813884735107422,4.480574131011963,1
FakeVideo-FakeAudio/Caucasian (European)/women/id03589/00002_id00373_wavtolip.npz,-5.780396938323975,-5.780396938323975,5.140795707702637,1
FakeVideo-FakeAudio/Caucasian (European)/women/id03589/00002_id00395_wM5kGJfTtEM_id00271_wavtolip.npz,-2.131995439529419,-2.131995439529419,4.68358039855957,1
FakeVideo-FakeAudio/Caucasian (European)/women/id03589/00002_id00495_E46aiMUC4A0_faceswap_id00271_wavtolip.npz,-0.8249772191047668,-0.8249772191047668,4.546698093414307,1
FakeVideo-FakeAudio/Caucasian (European)/women/id03589/00002_id00495_E46aiMUC4A0_faceswap_id00328_wavtolip.npz,-0.4876878261566162,-0.4876878261566162,4.709936618804932,1
FakeVideo-FakeAudio/Caucasian (European)/women/id03589/00002_id00495_E46aiMUC4A0_faceswap_id00434_wavtolip.npz,-4.079308032989502,-4.079308032989502,5.097605228424072,1
FakeVideo-FakeAudio/Caucasian (European)/women/id03589/00002_id00495_E46aiMUC4A0_faceswap_id01002_wavtolip.npz,-0.9767950773239136,-0.9767950773239136,4.750350475311279,1
FakeVideo-FakeAudio/Caucasian (European)/women/id03589/00002_id00495_E46aiMUC4A0_id00581_wavtolip.npz,-5.878973007202148,-5.878973007202148,5.107670783996582,1
FakeVideo-FakeAudio/Caucasian (European)/women/id03589/00002_id00495_wavtolip.npz,4.141838073730469,4.141838073730469,4.388503551483154,1
FakeVideo-FakeAudio/Caucasian (European)/women/id03589/00002_id00496_SImaDcXQnh8_id00271_wavtolip.npz,-1.3924106359481812,-1.3924106359481812,4.705804824829102,1
FakeVideo-FakeAudio/Caucasian (European)/women/id03589/00002_id00634_z5t9oJizDQg_id00374_wavtolip.npz,-4.419360160827637,-4.419360160827637,5.0803070068359375,1
FakeVideo-FakeAudio/Caucasian (European)/women/id03589/00002_id00806_wavtolip.npz,-5.861331939697266,-5.861331939697266,5.040246963500977,1
FakeVideo-FakeAudio/Caucasian (European)/women/id03589/00002_id01002_wavtolip.npz,-1.6676933765411377,-1.6676933765411377,4.770290851593018,1
FakeVideo-FakeAudio/Caucasian (European)/women/id03589/00002_id03371_wavtolip.npz,-4.607576370239258,-4.607576370239258,5.215301036834717,1
FakeVideo-FakeAudio/Caucasian (European)/women/id03589/00002_id03649_389qfFqUddI_id00633_wavtolip.npz,-1.6675732135772705,-1.6675732135772705,5.145488739013672,1
FakeVideo-FakeAudio/Caucasian (European)/women/id03589/00002_id03858_uKVqPfRf-ac_id01002_wavtolip.npz,-2.031977891921997,-2.031977891921997,4.7245683670043945,1
FakeVideo-FakeAudio/Caucasian (European)/women/id03620/00081_id00262_wavtolip.npz,-1.124291181564331,-1.124291181564331,5.63703727722168,1
FakeVideo-FakeAudio/Caucasian (European)/women/id03620/00081_id00270_wavtolip.npz,-6.384161949157715,-6.384161949157715,4.516321659088135,1
FakeVideo-FakeAudio/Caucasian (European)/women/id03620/00081_id00287_2NpfYjyMsPM_id00270_wavtolip.npz,-6.37326192855835,-6.37326192855835,4.643099784851074,1
FakeVideo-FakeAudio/Caucasian (European)/women/id03620/00081_id00325_4vJtbNe0L98_id00897_wavtolip.npz,-4.2476701736450195,-4.2476701736450195,5.678758144378662,1
FakeVideo-FakeAudio/Caucasian (European)/women/id03620/00081_id00328_wavtolip.npz,-1.41891348361969,-1.41891348361969,4.708343505859375,1
FakeVideo-FakeAudio/Caucasian (European)/women/id03620/00081_id00332_wavtolip.npz,-1.5493677854537964,-1.5493677854537964,4.8352885246276855,1
FakeVideo-FakeAudio/Caucasian (European)/women/id03620/00081_id00365_XV-imLNJvfk_id00071_wavtolip.npz,-1.4043636322021484,-1.4043636322021484,4.5089592933654785,1
FakeVideo-FakeAudio/Caucasian (European)/women/id03620/00081_id00373_5NXv3Dxkd6E_id00484_wavtolip.npz,-1.9209790229797363,-1.9209790229797363,4.71812629699707,1
FakeVideo-FakeAudio/Caucasian (European)/women/id03620/00081_id00374_w1qI7y9AGTc_id00232_wavtolip.npz,2.9520087242126465,2.9520087242126465,4.865128040313721,1
FakeVideo-FakeAudio/Caucasian (European)/women/id03620/00081_id00496_SImaDcXQnh8_faceswap_id00234_wavtolip.npz,4.231509685516357,4.231509685516357,5.239102840423584,1
FakeVideo-FakeAudio/Caucasian (European)/women/id03620/00081_id00496_SImaDcXQnh8_faceswap_id00332_wavtolip.npz,-1.3951804637908936,-1.3951804637908936,4.85405158996582,1
FakeVideo-FakeAudio/Caucasian (European)/women/id03620/00081_id00496_SImaDcXQnh8_faceswap_id03589_wavtolip.npz,-0.8336923122406006,-0.8336923122406006,5.112129211425781,1
FakeVideo-FakeAudio/Caucasian (European)/women/id03620/00081_id00496_SImaDcXQnh8_faceswap_id03649_wavtolip.npz,4.168646812438965,4.168646812438965,4.296877384185791,1
FakeVideo-FakeAudio/Caucasian (European)/women/id03620/00081_id00496_SImaDcXQnh8_id00332_wavtolip.npz,-1.5420820713043213,-1.5420820713043213,4.814688205718994,1
FakeVideo-FakeAudio/Caucasian (European)/women/id03620/00081_id00634_wavtolip.npz,-2.4042272567749023,-2.4042272567749023,4.9954304695129395,1
FakeVideo-FakeAudio/Caucasian (European)/women/id03620/00081_id00823_wavtolip.npz,4.651836395263672,4.651836395263672,4.2067952156066895,1
FakeVideo-FakeAudio/Caucasian (European)/women/id03620/00081_id01018_VNPt_GB5QiE_id00484_wavtolip.npz,-2.380035161972046,-2.380035161972046,4.768322944641113,1
FakeVideo-FakeAudio/Caucasian (European)/women/id03620/00081_id01018_wavtolip.npz,-1.9700441360473633,-1.9700441360473633,5.183475494384766,1
FakeVideo-FakeAudio/Caucasian (European)/women/id03620/00081_id03589_wavtolip.npz,-1.1604868173599243,-1.1604868173599243,5.218811988830566,1
FakeVideo-FakeAudio/Caucasian (European)/women/id03620/00081_id03651_wavtolip.npz,-0.509554386138916,-0.509554386138916,3.989595651626587,1
FakeVideo-FakeAudio/Caucasian (European)/women/id03620/00081_id03716_wavtolip.npz,-4.456824779510498,-4.456824779510498,5.4120988845825195,1
FakeVideo-FakeAudio/Caucasian (European)/women/id03620/00081_id03844_AEAEN1Lns2c_id00373_wavtolip.npz,-1.678272008895874,-1.678272008895874,5.317812919616699,1
FakeVideo-FakeAudio/Caucasian (European)/women/id00569/00239_0_id00330_wavtolip.npz,-3.7900938987731934,-3.7900938987731934,4.680661201477051,1
FakeVideo-FakeAudio/Caucasian (European)/women/id00569/00239_0_id00491_wavtolip.npz,4.304175853729248,4.304175853729248,4.69150972366333,1
FakeVideo-FakeAudio/Caucasian (European)/women/id00569/00239_0_id03589_wavtolip.npz,-4.211289882659912,-4.211289882659912,4.8098649978637695,1
FakeVideo-FakeAudio/Caucasian (European)/women/id00569/00239_0_id03816_wavtolip.npz,-6.148676872253418,-6.148676872253418,4.876090049743652,1
FakeVideo-FakeAudio/Caucasian (European)/women/id00569/00239_0_id03941_wavtolip.npz,-1.6364877223968506,-1.6364877223968506,4.638544082641602,1
FakeVideo-FakeAudio/Caucasian (European)/women/id00569/00239_1_id00262_wavtolip.npz,-5.8332014083862305,-5.8332014083862305,5.072058200836182,1
FakeVideo-FakeAudio/Caucasian (European)/women/id00569/00239_1_id00735_wavtolip.npz,-1.6292951107025146,-1.6292951107025146,4.449978351593018,1
FakeVideo-FakeAudio/Caucasian (European)/women/id00569/00239_1_id01002_wavtolip.npz,-1.4147775173187256,-1.4147775173187256,4.794463157653809,1
FakeVideo-FakeAudio/Caucasian (European)/women/id00569/00239_1_id03649_wavtolip.npz,4.0031046867370605,4.0031046867370605,4.339165687561035,1
FakeVideo-FakeAudio/Caucasian (European)/women/id00569/00239_1_id03716_wavtolip.npz,-2.75348162651062,-2.75348162651062,5.03732442855835,1
FakeVideo-FakeAudio/Caucasian (European)/women/id00569/00239_2_id00287_wavtolip.npz,3.021841049194336,3.021841049194336,4.46166467666626,1
FakeVideo-FakeAudio/Caucasian (European)/women/id00569/00239_2_id00332_wavtolip.npz,-0.7487539052963257,-0.7487539052963257,4.906335830688477,1
FakeVideo-FakeAudio/Caucasian (European)/women/id00569/00239_2_id00633_wavtolip.npz,-0.8899102210998535,-0.8899102210998535,5.102497100830078,1
FakeVideo-FakeAudio/Caucasian (European)/women/id00569/00239_2_id00735_wavtolip.npz,3.7884531021118164,3.7884531021118164,4.476096153259277,1
FakeVideo-FakeAudio/Caucasian (European)/women/id00569/00239_2_id03371_wavtolip.npz,-2.2208690643310547,-2.2208690643310547,5.290938377380371,1
FakeVideo-FakeAudio/Caucasian (European)/women/id00569/00239_id00188_e-vm5FB3idA_id00373_wavtolip.npz,-5.392575263977051,-5.392575263977051,4.797872066497803,1
FakeVideo-FakeAudio/Caucasian (European)/women/id00569/00239_id00232_wavtolip.npz,-5.705090045928955,-5.705090045928955,4.667262077331543,1
FakeVideo-FakeAudio/Caucasian (European)/women/id00569/00239_id00271_wavtolip.npz,-1.6243822574615479,-1.6243822574615479,4.516510486602783,1
FakeVideo-FakeAudio/Caucasian (European)/women/id00569/00239_id00287_wavtolip.npz,1.397948980331421,1.397948980331421,4.482092380523682,1
FakeVideo-FakeAudio/Caucasian (European)/women/id00569/00239_id00332_wavtolip.npz,-6.249629974365234,-6.249629974365234,4.664815902709961,1
FakeVideo-FakeAudio/Caucasian (European)/women/id00569/00239_id00373_5NXv3Dxkd6E_id03651_wavtolip.npz,-0.846738874912262,-0.846738874912262,3.9716179370880127,1
FakeVideo-FakeAudio/Caucasian (European)/women/id00569/00239_id00434_wavtolip.npz,-6.225339889526367,-6.225339889526367,4.792812347412109,1
FakeVideo-FakeAudio/Caucasian (European)/women/id00569/00239_id00484_u7YTz8eFZv0_id03716_wavtolip.npz,-5.585582256317139,-5.585582256317139,4.796938896179199,1
FakeVideo-FakeAudio/Caucasian (European)/women/id00569/00239_id00491_ShjiTWoOtM4_id00232_wavtolip.npz,3.033529043197632,3.033529043197632,4.784355163574219,1
FakeVideo-FakeAudio/Caucasian (European)/women/id00569/00239_id00633_UXrTMta1EDM_id00735_wavtolip.npz,2.3521370887756348,2.3521370887756348,4.552888870239258,1
FakeVideo-FakeAudio/Caucasian (European)/women/id00569/00239_id00633_wavtolip.npz,-5.203364849090576,-5.203364849090576,4.75697135925293,1
FakeVideo-FakeAudio/Caucasian (European)/women/id00569/00239_id00897_0ayFw8JhoyI_id03649_wavtolip.npz,4.185779571533203,4.185779571533203,4.306849479675293,1
FakeVideo-FakeAudio/Caucasian (European)/women/id00569/00239_id00897_wavtolip.npz,-6.177572250366211,-6.177572250366211,4.71075963973999,1
FakeVideo-FakeAudio/Caucasian (European)/women/id00569/00239_id01002_eQTviHjyISo_id00496_wavtolip.npz,-6.098013877868652,-6.098013877868652,4.802287578582764,1
FakeVideo-FakeAudio/Caucasian (European)/women/id00569/00239_id01002_wavtolip.npz,-2.117105007171631,-2.117105007171631,4.739471435546875,1
FakeVideo-FakeAudio/Caucasian (European)/women/id00569/00239_id01018_VNPt_GB5QiE_id03589_wavtolip.npz,-3.088862419128418,-3.088862419128418,4.69305419921875,1
FakeVideo-FakeAudio/Caucasian (European)/women/id00569/00239_id01018_wavtolip.npz,-6.233791351318359,-6.233791351318359,4.71931266784668,1
FakeVideo-FakeAudio/Caucasian (European)/women/id00569/00239_id03371_truKMXt8Dak_id00271_wavtolip.npz,-2.3433141708374023,-2.3433141708374023,4.619998455047607,1
FakeVideo-FakeAudio/Caucasian (European)/women/id00365/00078_0_id00271_wavtolip.npz,-0.8777861595153809,-0.8777861595153809,4.570796489715576,1
FakeVideo-FakeAudio/Caucasian (European)/women/id00365/00078_0_id00569_wavtolip.npz,4.8482666015625,4.8482666015625,4.452516078948975,1
FakeVideo-FakeAudio/Caucasian (European)/women/id00365/00078_0_id00634_wavtolip.npz,-1.8464436531066895,-1.8464436531066895,4.94719123840332,1
FakeVideo-FakeAudio/Caucasian (European)/women/id00365/00078_0_id03816_wavtolip.npz,-5.852795600891113,-5.852795600891113,4.750005722045898,1
FakeVideo-FakeAudio/Caucasian (European)/women/id00365/00078_id00068_A7uFnQw--bY_id01002_wavtolip.npz,-1.9204363822937012,-1.9204363822937012,4.72977876663208,1
FakeVideo-FakeAudio/Caucasian (European)/women/id00365/00078_id00232_kL0cCveU1zg_id00071_wavtolip.npz,-0.7434979677200317,-0.7434979677200317,4.513451099395752,1
FakeVideo-FakeAudio/Caucasian (European)/women/id00365/00078_id00234_wavtolip.npz,0.8952848315238953,0.8952848315238953,4.793486595153809,1
FakeVideo-FakeAudio/Caucasian (European)/women/id00365/00078_id00270_wavtolip.npz,-6.160351753234863,-6.160351753234863,4.646763324737549,1
FakeVideo-FakeAudio/Caucasian (European)/women/id00365/00078_id00287_2NpfYjyMsPM_id00581_wavtolip.npz,-6.213320732116699,-6.213320732116699,4.687454700469971,1
FakeVideo-FakeAudio/Caucasian (European)/women/id00365/00078_id00287_wavtolip.npz,0.676019549369812,0.676019549369812,4.558671951293945,1
FakeVideo-FakeAudio/Caucasian (European)/women/id00365/00078_id00330_wavtolip.npz,-5.668778419494629,-5.668778419494629,4.832484245300293,1
FakeVideo-FakeAudio/Caucasian (European)/women/id00365/00078_id00330_zCFFgGSIZ_s_faceswap_id00042_wavtolip.npz,4.691920757293701,4.691920757293701,4.677783966064453,1
FakeVideo-FakeAudio/Caucasian (European)/women/id00365/00078_id00330_zCFFgGSIZ_s_faceswap_id00379_wavtolip.npz,-1.2667691707611084,-1.2667691707611084,4.638171195983887,1
FakeVideo-FakeAudio/Caucasian (European)/women/id00365/00078_id00330_zCFFgGSIZ_s_faceswap_id00569_wavtolip.npz,4.792285919189453,4.792285919189453,4.4052276611328125,1
FakeVideo-FakeAudio/Caucasian (European)/women/id00365/00078_id00330_zCFFgGSIZ_s_faceswap_id03716_wavtolip.npz,-4.042291641235352,-4.042291641235352,4.827124118804932,1
FakeVideo-FakeAudio/Caucasian (European)/women/id00365/00078_id00332_wavtolip.npz,-6.224808692932129,-6.224808692932129,4.788536071777344,1
FakeVideo-FakeAudio/Caucasian (European)/women/id00365/00078_id00395_wavtolip.npz,-1.625114917755127,-1.625114917755127,4.3386054039001465,1
FakeVideo-FakeAudio/Caucasian (European)/women/id00365/00078_id00495_E46aiMUC4A0_id03716_wavtolip.npz,-3.4043548107147217,-3.4043548107147217,4.798080921173096,1
FakeVideo-FakeAudio/Caucasian (European)/women/id00365/00078_id00495_wavtolip.npz,4.005562782287598,4.005562782287598,4.383052825927734,1
FakeVideo-FakeAudio/Caucasian (European)/women/id00365/00078_id00813_dKs9CWJIkSI_id00735_wavtolip.npz,-2.368906259536743,-2.368906259536743,4.55742883682251,1
FakeVideo-FakeAudio/Caucasian (European)/women/id00365/00078_id00897_wavtolip.npz,-6.151256561279297,-6.151256561279297,4.815263748168945,1
FakeVideo-FakeAudio/Caucasian (European)/women/id00365/00078_id03371_wavtolip.npz,-4.885135650634766,-4.885135650634766,4.868093490600586,1
FakeVideo-FakeAudio/Caucasian (European)/women/id00365/00078_id03858_uKVqPfRf-ac_id00569_wavtolip.npz,4.742667198181152,4.742667198181152,4.55292272567749,1
FakeVideo-FakeAudio/Caucasian (European)/women/id01002/00043_id00188_e-vm5FB3idA_id00232_wavtolip.npz,2.937272548675537,2.937272548675537,4.755364894866943,1
FakeVideo-FakeAudio/Caucasian (European)/women/id01002/00043_id00234_wavtolip.npz,3.99219012260437,3.99219012260437,4.600754261016846,1
FakeVideo-FakeAudio/Caucasian (European)/women/id01002/00043_id00287_2NpfYjyMsPM_id03649_wavtolip.npz,4.071994304656982,4.071994304656982,4.335822582244873,1
FakeVideo-FakeAudio/Caucasian (European)/women/id01002/00043_id00325_4vJtbNe0L98_id00330_wavtolip.npz,-3.7254512310028076,-3.7254512310028076,4.6097412109375,1
FakeVideo-FakeAudio/Caucasian (European)/women/id01002/00043_id00434_wavtolip.npz,-5.93862247467041,-5.93862247467041,4.733722686767578,1
FakeVideo-FakeAudio/Caucasian (European)/women/id01002/00043_id00491_ShjiTWoOtM4_id00581_wavtolip.npz,-5.897937774658203,-5.897937774658203,4.665534973144531,1
FakeVideo-FakeAudio/Caucasian (European)/women/id01002/00043_id00569_wavtolip.npz,4.4392924308776855,4.4392924308776855,4.461531639099121,1
FakeVideo-FakeAudio/Caucasian (European)/women/id01002/00043_id00581_7AxvP19LGKg_id00271_wavtolip.npz,-1.2156157493591309,-1.2156157493591309,4.685261249542236,1
FakeVideo-FakeAudio/Caucasian (European)/women/id01002/00043_id00633_UXrTMta1EDM_faceswap_id00042_wavtolip.npz,4.501926422119141,4.501926422119141,4.775468826293945,1
FakeVideo-FakeAudio/Caucasian (European)/women/id01002/00043_id00633_UXrTMta1EDM_faceswap_id00365_wavtolip.npz,1.4549237489700317,1.4549237489700317,4.769939422607422,1
FakeVideo-FakeAudio/Caucasian (European)/women/id01002/00043_id00633_UXrTMta1EDM_faceswap_id00897_wavtolip.npz,-5.26579475402832,-5.26579475402832,4.762430191040039,1
FakeVideo-FakeAudio/Caucasian (European)/women/id01002/00043_id00633_UXrTMta1EDM_faceswap_id03620_wavtolip.npz,-3.3626420497894287,-3.3626420497894287,4.7799153327941895,1
FakeVideo-FakeAudio/Caucasian (European)/women/id01002/00043_id00633_UXrTMta1EDM_id00484_wavtolip.npz,-2.100191593170166,-2.100191593170166,4.621458530426025,1
FakeVideo-FakeAudio/Caucasian (European)/women/id01002/00043_id00813_wavtolip.npz,-6.302511215209961,-6.302511215209961,4.745983123779297,1
FakeVideo-FakeAudio/Caucasian (European)/women/id01002/00043_id00826_wavtolip.npz,-1.8186888694763184,-1.8186888694763184,4.597569942474365,1
FakeVideo-FakeAudio/Caucasian (European)/women/id01002/00043_id00897_wavtolip.npz,-5.701570987701416,-5.701570987701416,4.8042707443237305,1
FakeVideo-FakeAudio/Caucasian (European)/women/id01002/00043_id01001_dHJc8dh9X8c_id03844_wavtolip.npz,3.305577278137207,3.305577278137207,4.440837860107422,1
FakeVideo-FakeAudio/Caucasian (European)/women/id01002/00043_id01018_wavtolip.npz,-6.281271457672119,-6.281271457672119,4.7120466232299805,1
FakeVideo-FakeAudio/Caucasian (European)/women/id01002/00043_id03371_truKMXt8Dak_id00373_wavtolip.npz,-4.729942321777344,-4.729942321777344,4.808417320251465,1
FakeVideo-FakeAudio/Caucasian (European)/women/id01002/00043_id03858_wavtolip.npz,-6.263628959655762,-6.263628959655762,4.625417232513428,1
FakeVideo-FakeAudio/Caucasian (European)/women/id01002/00043_id03941_wavtolip.npz,-1.120296597480774,-1.120296597480774,4.575528621673584,1
FakeVideo-FakeAudio/Caucasian (European)/women/id00373/00028_id00188_e-vm5FB3idA_id00634_wavtolip.npz,-2.2061712741851807,-2.2061712741851807,4.954104900360107,1
FakeVideo-FakeAudio/Caucasian (European)/women/id00373/00028_id00188_wavtolip.npz,-0.7766029834747314,-0.7766029834747314,4.30458927154541,1
FakeVideo-FakeAudio/Caucasian (European)/women/id00373/00028_id00232_wavtolip.npz,1.5378267765045166,1.5378267765045166,4.760846138000488,1
FakeVideo-FakeAudio/Caucasian (European)/women/id00373/00028_id00234_wavtolip.npz,4.328941822052002,4.328941822052002,5.1839704513549805,1
FakeVideo-FakeAudio/Caucasian (European)/women/id00373/00028_id00270_wavtolip.npz,-6.371481418609619,-6.371481418609619,4.628777980804443,1
FakeVideo-FakeAudio/Caucasian (European)/women/id00373/00028_id00328_ytKnCbJSEcU_id03716_wavtolip.npz,-5.2431135177612305,-5.2431135177612305,5.412221908569336,1
FakeVideo-FakeAudio/Caucasian (European)/women/id00373/00028_id00330_zCFFgGSIZ_s_id03651_wavtolip.npz,-0.2020341157913208,-0.2020341157913208,3.964548349380493,1
FakeVideo-FakeAudio/Caucasian (European)/women/id00373/00028_id00374_w1qI7y9AGTc_id00826_wavtolip.npz,-2.507213592529297,-2.507213592529297,4.651194095611572,1
FakeVideo-FakeAudio/Caucasian (European)/women/id00373/00028_id00484_u7YTz8eFZv0_id00823_wavtolip.npz,4.686193943023682,4.686193943023682,4.225152969360352,1
FakeVideo-FakeAudio/Caucasian (European)/women/id00373/00028_id00495_E46aiMUC4A0_id03651_wavtolip.npz,-0.01929008960723877,-0.01929008960723877,3.9811172485351562,1
FakeVideo-FakeAudio/Caucasian (European)/women/id00373/00028_id00569_gSynmpwioV4_id00262_wavtolip.npz,-5.429579257965088,-5.429579257965088,5.542206287384033,1
FakeVideo-FakeAudio/Caucasian (European)/women/id00373/00028_id00569_wavtolip.npz,4.875852584838867,4.875852584838867,4.39629602432251,1
FakeVideo-FakeAudio/Caucasian (European)/women/id00373/00028_id00589_uOzKwYEVR6s_id00330_wavtolip.npz,-1.8182637691497803,-1.8182637691497803,4.931575298309326,1
FakeVideo-FakeAudio/Caucasian (European)/women/id00373/00028_id00591_wavtolip.npz,-0.7169033885002136,-0.7169033885002136,4.192745208740234,1
FakeVideo-FakeAudio/Caucasian (European)/women/id00373/00028_id00823_KgExwCvgrUk_id00434_wavtolip.npz,-0.7348389625549316,-0.7348389625549316,5.344844818115234,1
FakeVideo-FakeAudio/Caucasian (European)/women/id00373/00028_id00897_0ayFw8JhoyI_id00271_wavtolip.npz,-1.8023669719696045,-1.8023669719696045,4.619132995605469,1
FakeVideo-FakeAudio/Caucasian (European)/women/id00373/00028_id01018_wavtolip.npz,0.2609267234802246,0.2609267234802246,5.106448650360107,1
FakeVideo-FakeAudio/Caucasian (European)/women/id00373/00028_id03371_wavtolip.npz,-1.1039297580718994,-1.1039297580718994,5.23455286026001,1
FakeVideo-FakeAudio/Caucasian (European)/women/id00373/00028_id03844_wavtolip.npz,3.2221858501434326,3.2221858501434326,4.345426082611084,1
FakeVideo-FakeAudio/Caucasian (European)/women/id03649/00001_id00068_A7uFnQw--bY_id00270_wavtolip.npz,-6.3428826332092285,-6.3428826332092285,4.674301624298096,1
FakeVideo-FakeAudio/Caucasian (European)/women/id03649/00001_id00188_e-vm5FB3idA_id01002_wavtolip.npz,-0.9048588275909424,-0.9048588275909424,4.808161735534668,1
FakeVideo-FakeAudio/Caucasian (European)/women/id03649/00001_id00234_wavtolip.npz,3.7201759815216064,3.7201759815216064,4.783239841461182,1
FakeVideo-FakeAudio/Caucasian (European)/women/id03649/00001_id00271_wavtolip.npz,-1.796440839767456,-1.796440839767456,4.583181381225586,1
FakeVideo-FakeAudio/Caucasian (European)/women/id03649/00001_id00325_4vJtbNe0L98_id03941_wavtolip.npz,-1.6518146991729736,-1.6518146991729736,4.583103179931641,1
FakeVideo-FakeAudio/Caucasian (European)/women/id03649/00001_id00325_wavtolip.npz,-4.612853527069092,-4.612853527069092,4.806711673736572,1
FakeVideo-FakeAudio/Caucasian (European)/women/id03649/00001_id00374_wavtolip.npz,-5.36429500579834,-5.36429500579834,4.903427600860596,1
FakeVideo-FakeAudio/Caucasian (European)/women/id03649/00001_id00434_wavtolip.npz,-6.192532539367676,-6.192532539367676,4.787395477294922,1
FakeVideo-FakeAudio/Caucasian (European)/women/id03649/00001_id00484_wavtolip.npz,-1.119673490524292,-1.119673490524292,4.718918800354004,1
FakeVideo-FakeAudio/Caucasian (European)/women/id03649/00001_id00569_gSynmpwioV4_id00434_wavtolip.npz,-6.007220268249512,-6.007220268249512,4.899285316467285,1
FakeVideo-FakeAudio/Caucasian (European)/women/id03649/00001_id00589_uOzKwYEVR6s_id00373_wavtolip.npz,-4.566582202911377,-4.566582202911377,4.895473003387451,1
FakeVideo-FakeAudio/Caucasian (European)/women/id03649/00001_id00591_1Jo8xElXQMs_id00287_wavtolip.npz,2.7455296516418457,2.7455296516418457,4.5540771484375,1
FakeVideo-FakeAudio/Caucasian (European)/women/id03649/00001_id00633_UXrTMta1EDM_id00287_wavtolip.npz,2.564499855041504,2.564499855041504,4.681361198425293,1
FakeVideo-FakeAudio/Caucasian (European)/women/id03649/00001_id00633_wavtolip.npz,-5.367262840270996,-5.367262840270996,4.848729610443115,1
FakeVideo-FakeAudio/Caucasian (European)/women/id03649/00001_id00634_z5t9oJizDQg_faceswap_id00325_wavtolip.npz,-4.291138172149658,-4.291138172149658,4.787827491760254,1
FakeVideo-FakeAudio/Caucasian (European)/women/id03649/00001_id00634_z5t9oJizDQg_faceswap_id00495_wavtolip.npz,3.9844775199890137,3.9844775199890137,4.363498210906982,1
FakeVideo-FakeAudio/Caucasian (European)/women/id03649/00001_id00634_z5t9oJizDQg_faceswap_id03844_wavtolip.npz,2.8921313285827637,2.8921313285827637,4.360434532165527,1
FakeVideo-FakeAudio/Caucasian (European)/women/id03649/00001_id00634_z5t9oJizDQg_id03941_wavtolip.npz,-1.6113171577453613,-1.6113171577453613,4.598049163818359,1
FakeVideo-FakeAudio/Caucasian (European)/women/id03649/00001_id00813_wavtolip.npz,-6.212408065795898,-6.212408065795898,4.885794162750244,1
FakeVideo-FakeAudio/Caucasian (European)/women/id03649/00001_id00826_MYagwzy91Yk_id00634_wavtolip.npz,-4.222056865692139,-4.222056865692139,4.835873603820801,1
FakeVideo-FakeAudio/Caucasian (European)/women/id03649/00001_id03589_9NxOQlwpMys_id00434_wavtolip.npz,-6.025393486022949,-6.025393486022949,4.855889797210693,1
FakeVideo-FakeAudio/Caucasian (European)/women/id03649/00001_id03620_wavtolip.npz,-4.368568420410156,-4.368568420410156,4.826906204223633,1
FakeVideo-FakeAudio/Caucasian (European)/women/id03649/00001_id03649_wavtolip.npz,4.297307014465332,4.297307014465332,4.391095161437988,1
FakeVideo-FakeAudio/Caucasian (European)/women/id00379/00043_id00232_wavtolip.npz,0.45124316215515137,0.45124316215515137,4.847648620605469,1
FakeVideo-FakeAudio/Caucasian (European)/women/id00379/00043_id00262_3p7sRWAAh1Q_id00188_wavtolip.npz,-1.0372906923294067,-1.0372906923294067,4.356582164764404,1
FakeVideo-FakeAudio/Caucasian (European)/women/id00379/00043_id00270_hoEQ70-sDME_id03371_wavtolip.npz,-1.7412470579147339,-1.7412470579147339,4.876821994781494,1
FakeVideo-FakeAudio/Caucasian (European)/women/id00379/00043_id00287_2NpfYjyMsPM_id00735_wavtolip.npz,-2.3638548851013184,-2.3638548851013184,4.404068946838379,1
FakeVideo-FakeAudio/Caucasian (European)/women/id00379/00043_id00379_wavtolip.npz,-1.6776797771453857,-1.6776797771453857,4.538776397705078,1
FakeVideo-FakeAudio/Caucasian (European)/women/id00379/00043_id00403_wavtolip.npz,-6.036442279815674,-6.036442279815674,4.889710903167725,1
FakeVideo-FakeAudio/Caucasian (European)/women/id00379/00043_id00496_SImaDcXQnh8_id00395_wavtolip.npz,-1.6310718059539795,-1.6310718059539795,4.422151565551758,1
FakeVideo-FakeAudio/Caucasian (European)/women/id00379/00043_id00581_wavtolip.npz,-6.120673179626465,-6.120673179626465,4.878220558166504,1
FakeVideo-FakeAudio/Caucasian (European)/women/id00379/00043_id00633_UXrTMta1EDM_faceswap_id00071_wavtolip.npz,-1.032554268836975,-1.032554268836975,4.472050666809082,1
FakeVideo-FakeAudio/Caucasian (European)/women/id00379/00043_id00633_UXrTMta1EDM_faceswap_id00270_wavtolip.npz,-5.000049591064453,-5.000049591064453,4.657366752624512,1
FakeVideo-FakeAudio/Caucasian (European)/women/id00379/00043_id00633_UXrTMta1EDM_faceswap_id00332_wavtolip.npz,-1.7569273710250854,-1.7569273710250854,4.924697399139404,1
FakeVideo-FakeAudio/Caucasian (European)/women/id00379/00043_id00633_UXrTMta1EDM_faceswap_id00395_wavtolip.npz,-1.3687962293624878,-1.3687962293624878,4.259238243103027,1
FakeVideo-FakeAudio/Caucasian (European)/women/id00379/00043_id00633_UXrTMta1EDM_faceswap_id01018_wavtolip.npz,-6.059191703796387,-6.059191703796387,4.857131004333496,1
FakeVideo-FakeAudio/Caucasian (European)/women/id00379/00043_id00633_UXrTMta1EDM_id00325_wavtolip.npz,-4.199817657470703,-4.199817657470703,4.841699123382568,1
FakeVideo-FakeAudio/Caucasian (European)/women/id00379/00043_id00735_wavtolip.npz,-1.0707297325134277,-1.0707297325134277,4.400350570678711,1
FakeVideo-FakeAudio/Caucasian (European)/women/id00379/00043_id00806_0sk9s9lFIAk_id00581_wavtolip.npz,-5.867517948150635,-5.867517948150635,4.785919666290283,1
FakeVideo-FakeAudio/Caucasian (European)/women/id00379/00043_id00806_wavtolip.npz,-6.117657661437988,-6.117657661437988,4.825334548950195,1
FakeVideo-FakeAudio/Caucasian (European)/women/id00379/00043_id00823_wavtolip.npz,4.688412189483643,4.688412189483643,4.283947467803955,1
FakeVideo-FakeAudio/Caucasian (European)/women/id00379/00043_id00897_0ayFw8JhoyI_id00271_wavtolip.npz,-1.5484459400177002,-1.5484459400177002,4.661120891571045,1
FakeVideo-FakeAudio/Caucasian (European)/women/id00379/00043_id03620_wavtolip.npz,-2.701040029525757,-2.701040029525757,4.916818618774414,1
FakeVideo-FakeAudio/Caucasian (European)/women/id00379/00043_id03649_wavtolip.npz,3.9556567668914795,3.9556567668914795,4.26893949508667,1
FakeVideo-FakeAudio/Caucasian (European)/women/id00379/00043_id03716_s-lxbGafZQA_id03620_wavtolip.npz,-2.6875314712524414,-2.6875314712524414,4.949380874633789,1
FakeVideo-FakeAudio/Caucasian (European)/women/id00379/00043_id03858_wavtolip.npz,-2.005063056945801,-2.005063056945801,4.867229461669922,1
FakeVideo-FakeAudio/Caucasian (European)/women/id00332/00293_id00042_wavtolip.npz,-0.8632665872573853,-0.8632665872573853,4.7598161697387695,1
FakeVideo-FakeAudio/Caucasian (European)/women/id00332/00293_id00071_wavtolip.npz,-0.9664521217346191,-0.9664521217346191,4.568196773529053,1
FakeVideo-FakeAudio/Caucasian (European)/women/id00332/00293_id00270_hoEQ70-sDME_id00042_wavtolip.npz,-1.1104737520217896,-1.1104737520217896,4.818829536437988,1
FakeVideo-FakeAudio/Caucasian (European)/women/id00332/00293_id00330_zCFFgGSIZ_s_id03844_wavtolip.npz,2.682687997817993,2.682687997817993,4.309604644775391,1
FakeVideo-FakeAudio/Caucasian (European)/women/id00332/00293_id00379_wavtolip.npz,-0.6885409951210022,-0.6885409951210022,4.723907470703125,1
FakeVideo-FakeAudio/Caucasian (European)/women/id00332/00293_id00395_wavtolip.npz,-1.7920422554016113,-1.7920422554016113,4.430565357208252,1
FakeVideo-FakeAudio/Caucasian (European)/women/id00332/00293_id00403_wavtolip.npz,-0.5539913177490234,-0.5539913177490234,4.916806221008301,1
FakeVideo-FakeAudio/Caucasian (European)/women/id00332/00293_id00434_HPXkk-HGXVI_id00735_wavtolip.npz,-1.41891610622406,-1.41891610622406,4.5039191246032715,1
FakeVideo-FakeAudio/Caucasian (European)/women/id00332/00293_id00496_wavtolip.npz,-5.241295337677002,-5.241295337677002,5.198495388031006,1
FakeVideo-FakeAudio/Caucasian (European)/women/id00332/00293_id00569_wavtolip.npz,4.862541198730469,4.862541198730469,4.344390392303467,1
FakeVideo-FakeAudio/Caucasian (European)/women/id00332/00293_id00591_1Jo8xElXQMs_id00325_wavtolip.npz,-0.8433879613876343,-0.8433879613876343,5.147359371185303,1
FakeVideo-FakeAudio/Caucasian (European)/women/id00332/00293_id00633_UXrTMta1EDM_id00826_wavtolip.npz,-1.3766884803771973,-1.3766884803771973,4.791543006896973,1
FakeVideo-FakeAudio/Caucasian (European)/women/id00332/00293_id00806_wavtolip.npz,-5.593857765197754,-5.593857765197754,5.1474690437316895,1
FakeVideo-FakeAudio/Caucasian (European)/women/id00332/00293_id00897_0ayFw8JhoyI_id00373_wavtolip.npz,-4.84377384185791,-4.84377384185791,5.147059917449951,1
FakeVideo-FakeAudio/Caucasian (European)/women/id00332/00293_id03371_wavtolip.npz,-4.493712425231934,-4.493712425231934,5.178008079528809,1
FakeVideo-FakeAudio/Caucasian (European)/women/id00332/00293_id03844_wavtolip.npz,2.740949869155884,2.740949869155884,4.5123724937438965,1
FakeVideo-FakeAudio/Caucasian (European)/women/id00332/00293_id03858_uKVqPfRf-ac_id00569_wavtolip.npz,4.751344203948975,4.751344203948975,4.469188213348389,1
FakeVideo-FakeAudio/Caucasian (European)/women/id00325/00015_id00042_4yuJSkaZwn0_faceswap_id00188_wavtolip.npz,-1.2526391744613647,-1.2526391744613647,4.323307037353516,1
FakeVideo-FakeAudio/Caucasian (European)/women/id00325/00015_id00042_4yuJSkaZwn0_faceswap_id00232_wavtolip.npz,-2.379582405090332,-2.379582405090332,4.57246208190918,1
FakeVideo-FakeAudio/Caucasian (European)/women/id00325/00015_id00042_4yuJSkaZwn0_faceswap_id00484_wavtolip.npz,-2.361171245574951,-2.361171245574951,4.664511203765869,1
FakeVideo-FakeAudio/Caucasian (European)/women/id00325/00015_id00042_4yuJSkaZwn0_faceswap_id00591_wavtolip.npz,-1.9429453611373901,-1.9429453611373901,4.096127986907959,1
FakeVideo-FakeAudio/Caucasian (European)/women/id00325/00015_id00042_4yuJSkaZwn0_id00826_wavtolip.npz,-2.3330237865448,-2.3330237865448,4.600083827972412,1
FakeVideo-FakeAudio/Caucasian (European)/women/id00325/00015_id00188_wavtolip.npz,-1.7562330961227417,-1.7562330961227417,4.3733296394348145,1
FakeVideo-FakeAudio/Caucasian (European)/women/id00325/00015_id00271_wavtolip.npz,-1.4979798793792725,-1.4979798793792725,4.5238938331604,1
FakeVideo-FakeAudio/Caucasian (European)/women/id00325/00015_id00287_2NpfYjyMsPM_id03371_wavtolip.npz,-5.693392276763916,-5.693392276763916,5.142217636108398,1
FakeVideo-FakeAudio/Caucasian (European)/women/id00325/00015_id00330_wavtolip.npz,-3.6756515502929688,-3.6756515502929688,4.813226699829102,1
FakeVideo-FakeAudio/Caucasian (European)/women/id00325/00015_id00365_XV-imLNJvfk_id00332_wavtolip.npz,-0.8298459053039551,-0.8298459053039551,4.896350383758545,1
FakeVideo-FakeAudio/Caucasian (European)/women/id00325/00015_id00569_wavtolip.npz,4.74088716506958,4.74088716506958,4.389395713806152,1
FakeVideo-FakeAudio/Caucasian (European)/women/id00325/00015_id00806_wavtolip.npz,-5.847115993499756,-5.847115993499756,5.018714904785156,1
FakeVideo-FakeAudio/Caucasian (European)/women/id00325/00015_id00813_wavtolip.npz,-5.87381649017334,-5.87381649017334,5.114482879638672,1
FakeVideo-FakeAudio/Caucasian (European)/women/id00325/00015_id00823_wavtolip.npz,4.630417823791504,4.630417823791504,4.209918022155762,1
FakeVideo-FakeAudio/Caucasian (European)/women/id00325/00015_id00897_0ayFw8JhoyI_id00484_wavtolip.npz,-1.3322534561157227,-1.3322534561157227,4.667567253112793,1
FakeVideo-FakeAudio/Caucasian (European)/women/id00325/00015_id01002_eQTviHjyISo_id00325_wavtolip.npz,-0.8628783226013184,-0.8628783226013184,5.062335014343262,1
FakeVideo-FakeAudio/Caucasian (European)/women/id00325/00015_id03589_wavtolip.npz,0.6936142444610596,0.6936142444610596,5.022999286651611,1
FakeVideo-FakeAudio/Caucasian (European)/women/id00325/00015_id03620_YkXM5A8w07E_id03844_wavtolip.npz,2.7215003967285156,2.7215003967285156,4.334836483001709,1
FakeVideo-FakeAudio/Caucasian (European)/women/id00325/00015_id03649_389qfFqUddI_id00330_wavtolip.npz,-2.389920234680176,-2.389920234680176,4.861702919006348,1
FakeVideo-FakeAudio/Caucasian (European)/women/id00325/00015_id03651_EjcoRkL6loI_id00806_wavtolip.npz,-5.865539073944092,-5.865539073944092,5.061201572418213,1
FakeVideo-FakeAudio/Caucasian (European)/women/id00325/00015_id03844_wavtolip.npz,2.853804349899292,2.853804349899292,4.28513240814209,1
FakeVideo-FakeAudio/Caucasian (European)/women/id03716/00040_id00262_wavtolip.npz,-4.872830390930176,-4.872830390930176,5.5405683517456055,1
FakeVideo-FakeAudio/Caucasian (European)/women/id03716/00040_id00270_wavtolip.npz,-5.4574713706970215,-5.4574713706970215,4.627840518951416,1
FakeVideo-FakeAudio/Caucasian (European)/women/id03716/00040_id00330_wavtolip.npz,-2.2895989418029785,-2.2895989418029785,4.865687847137451,1
FakeVideo-FakeAudio/Caucasian (European)/women/id03716/00040_id00365_XV-imLNJvfk_id03716_wavtolip.npz,-4.376562595367432,-4.376562595367432,5.414243698120117,1
FakeVideo-FakeAudio/Caucasian (European)/women/id03716/00040_id00379_fgkgYHCuk4g_id00823_wavtolip.npz,4.60296630859375,4.60296630859375,4.264703750610352,1
FakeVideo-FakeAudio/Caucasian (European)/women/id03716/00040_id00395_wM5kGJfTtEM_id00232_wavtolip.npz,-1.6250340938568115,-1.6250340938568115,4.765720844268799,1
FakeVideo-FakeAudio/Caucasian (European)/women/id03716/00040_id00434_wavtolip.npz,-0.8238749504089355,-0.8238749504089355,5.319873332977295,1
FakeVideo-FakeAudio/Caucasian (European)/women/id03716/00040_id00495_wavtolip.npz,4.03134822845459,4.03134822845459,4.341733455657959,1
FakeVideo-FakeAudio/Caucasian (European)/women/id03716/00040_id00591_1Jo8xElXQMs_id00823_wavtolip.npz,4.73582649230957,4.73582649230957,4.178013324737549,1
FakeVideo-FakeAudio/Caucasian (European)/women/id03716/00040_id00633_UXrTMta1EDM_id00826_wavtolip.npz,-2.30079984664917,-2.30079984664917,4.679196357727051,1
FakeVideo-FakeAudio/Caucasian (European)/women/id03716/00040_id00897_0ayFw8JhoyI_id00232_wavtolip.npz,-1.797546625137329,-1.797546625137329,4.754463195800781,1
FakeVideo-FakeAudio/Caucasian (European)/women/id03716/00040_id00897_wavtolip.npz,-5.466071128845215,-5.466071128845215,5.550436019897461,1
FakeVideo-FakeAudio/Caucasian (European)/women/id03716/00040_id03651_EjcoRkL6loI_faceswap_id00234_wavtolip.npz,4.3696208000183105,4.3696208000183105,5.2914347648620605,1
FakeVideo-FakeAudio/Caucasian (European)/women/id03716/00040_id03651_EjcoRkL6loI_faceswap_id00403_wavtolip.npz,-1.3105669021606445,-1.3105669021606445,4.898189544677734,1
FakeVideo-FakeAudio/Caucasian (European)/women/id03716/00040_id03651_EjcoRkL6loI_faceswap_id00735_wavtolip.npz,-1.194718360900879,-1.194718360900879,4.521788120269775,1
FakeVideo-FakeAudio/Caucasian (European)/women/id03716/00040_id03651_EjcoRkL6loI_faceswap_id01002_wavtolip.npz,-1.5530726909637451,-1.5530726909637451,4.706307888031006,1
FakeVideo-FakeAudio/Caucasian (European)/women/id03716/00040_id03651_EjcoRkL6loI_faceswap_id03844_wavtolip.npz,3.1910758018493652,3.1910758018493652,4.338847637176514,1
FakeVideo-FakeAudio/Caucasian (European)/women/id03716/00040_id03651_EjcoRkL6loI_id00328_wavtolip.npz,-0.7457391023635864,-0.7457391023635864,4.661501407623291,1
FakeVideo-FakeAudio/Caucasian (European)/women/id03716/00040_id03716_wavtolip.npz,-3.610846757888794,-3.610846757888794,5.422258377075195,1
FakeVideo-FakeAudio/Caucasian (European)/women/id03716/00040_id03816_XXD0yTNei50_id00581_wavtolip.npz,-2.20161509513855,-2.20161509513855,5.222257137298584,1
FakeVideo-FakeAudio/Caucasian (European)/women/id03716/00040_id03844_wavtolip.npz,3.179727792739868,3.179727792739868,4.254201889038086,1
FakeVideo-FakeAudio/Caucasian (European)/women/id00262/00028_id00071_JU1cVINUTZA_id00484_wavtolip.npz,-2.6805245876312256,-2.6805245876312256,4.694550514221191,1
FakeVideo-FakeAudio/Caucasian (European)/women/id00262/00028_id00071_wavtolip.npz,-1.4102046489715576,-1.4102046489715576,4.6110148429870605,1
FakeVideo-FakeAudio/Caucasian (European)/women/id00262/00028_id00270_hoEQ70-sDME_id03651_wavtolip.npz,-0.7049095630645752,-0.7049095630645752,3.9628286361694336,1
FakeVideo-FakeAudio/Caucasian (European)/women/id00262/00028_id00287_2NpfYjyMsPM_faceswap_id00379_wavtolip.npz,-0.9705324172973633,-0.9705324172973633,4.731337070465088,1
FakeVideo-FakeAudio/Caucasian (European)/women/id00262/00028_id00287_2NpfYjyMsPM_faceswap_id01002_wavtolip.npz,-1.056158423423767,-1.056158423423767,4.726929664611816,1
FakeVideo-FakeAudio/Caucasian (European)/women/id00262/00028_id00287_2NpfYjyMsPM_faceswap_id03620_wavtolip.npz,-2.2095117568969727,-2.2095117568969727,5.680424690246582,1
FakeVideo-FakeAudio/Caucasian (European)/women/id00262/00028_id00287_2NpfYjyMsPM_faceswap_id03858_wavtolip.npz,-1.1045420169830322,-1.1045420169830322,4.827575206756592,1
FakeVideo-FakeAudio/Caucasian (European)/women/id00262/00028_id00287_2NpfYjyMsPM_faceswap_id03941_wavtolip.npz,0.37075433135032654,0.37075433135032654,4.668667793273926,1
FakeVideo-FakeAudio/Caucasian (European)/women/id00262/00028_id00328_wavtolip.npz,-1.848289966583252,-1.848289966583252,4.831792831420898,1
FakeVideo-FakeAudio/Caucasian (European)/women/id00262/00028_id00379_wavtolip.npz,-2.4496002197265625,-2.4496002197265625,4.666417121887207,1
FakeVideo-FakeAudio/Caucasian (European)/women/id00262/00028_id00395_wM5kGJfTtEM_id03371_wavtolip.npz,-3.7291455268859863,-3.7291455268859863,5.506417274475098,1
FakeVideo-FakeAudio/Caucasian (European)/women/id00262/00028_id00395_wavtolip.npz,-0.7102024555206299,-0.7102024555206299,4.392182350158691,1
FakeVideo-FakeAudio/Caucasian (European)/women/id00262/00028_id00495_E46aiMUC4A0_id00591_wavtolip.npz,-1.951773762702942,-1.951773762702942,4.30694055557251,1
FakeVideo-FakeAudio/Caucasian (European)/women/id00262/00028_id00496_SImaDcXQnh8_id00271_wavtolip.npz,-2.902827262878418,-2.902827262878418,4.670580863952637,1
FakeVideo-FakeAudio/Caucasian (European)/women/id00262/00028_id00496_wavtolip.npz,-4.879482269287109,-4.879482269287109,5.523716449737549,1
FakeVideo-FakeAudio/Caucasian (European)/women/id00262/00028_id00633_UXrTMta1EDM_id00806_wavtolip.npz,-2.749049663543701,-2.749049663543701,5.481930732727051,1
FakeVideo-FakeAudio/Caucasian (European)/women/id00262/00028_id00813_dKs9CWJIkSI_id00434_wavtolip.npz,-2.974915027618408,-2.974915027618408,5.376859664916992,1
FakeVideo-FakeAudio/Caucasian (European)/women/id00262/00028_id00813_wavtolip.npz,-2.1305768489837646,-2.1305768489837646,5.351912021636963,1
FakeVideo-FakeAudio/Caucasian (European)/women/id00262/00028_id01002_wavtolip.npz,-1.208044409751892,-1.208044409751892,4.683597087860107,1
FakeVideo-FakeAudio/Caucasian (European)/women/id00262/00028_id03651_wavtolip.npz,-0.8220069408416748,-0.8220069408416748,3.973482847213745,1
FakeVideo-FakeAudio/Caucasian (European)/women/id00262/00028_id03816_XXD0yTNei50_id03716_wavtolip.npz,-5.465293884277344,-5.465293884277344,5.365541458129883,1
FakeVideo-FakeAudio/Caucasian (European)/women/id00262/00028_id03941_SsYtP8Ze88Q_id00325_wavtolip.npz,-0.8082431554794312,-0.8082431554794312,5.132210731506348,1
FakeVideo-FakeAudio/Caucasian (European)/women/id00262/00028_id03941_wavtolip.npz,-1.4980570077896118,-1.4980570077896118,4.744311809539795,1
FakeVideo-FakeAudio/Caucasian (European)/women/id00328/00092_id00188_e-vm5FB3idA_id00271_wavtolip.npz,-1.4019594192504883,-1.4019594192504883,4.727880954742432,1
FakeVideo-FakeAudio/Caucasian (European)/women/id00328/00092_id00232_kL0cCveU1zg_id03716_wavtolip.npz,-2.077265739440918,-2.077265739440918,4.95042610168457,1
FakeVideo-FakeAudio/Caucasian (European)/women/id00328/00092_id00271_wavtolip.npz,-1.3744310140609741,-1.3744310140609741,4.696447372436523,1
FakeVideo-FakeAudio/Caucasian (European)/women/id00328/00092_id00287_wavtolip.npz,3.0091922283172607,3.0091922283172607,4.500100135803223,1
FakeVideo-FakeAudio/Caucasian (European)/women/id00328/00092_id00373_5NXv3Dxkd6E_id03844_wavtolip.npz,2.858516216278076,2.858516216278076,4.3385210037231445,1
FakeVideo-FakeAudio/Caucasian (European)/women/id00328/00092_id00374_wavtolip.npz,-6.123364448547363,-6.123364448547363,4.903080463409424,1
FakeVideo-FakeAudio/Caucasian (European)/women/id00328/00092_id00403_n4LSCxzFr6o_id00806_wavtolip.npz,-6.10585880279541,-6.10585880279541,4.798202037811279,1
FakeVideo-FakeAudio/Caucasian (European)/women/id00328/00092_id00484_u7YTz8eFZv0_faceswap_id00287_wavtolip.npz,2.835731267929077,2.835731267929077,4.490062236785889,1
FakeVideo-FakeAudio/Caucasian (European)/women/id00328/00092_id00484_u7YTz8eFZv0_faceswap_id00484_wavtolip.npz,-1.8845932483673096,-1.8845932483673096,4.751465797424316,1
FakeVideo-FakeAudio/Caucasian (European)/women/id00328/00092_id00484_u7YTz8eFZv0_faceswap_id01002_wavtolip.npz,-1.3874611854553223,-1.3874611854553223,4.801151752471924,1
FakeVideo-FakeAudio/Caucasian (European)/women/id00328/00092_id00484_u7YTz8eFZv0_faceswap_id03589_wavtolip.npz,-3.291121006011963,-3.291121006011963,4.933984756469727,1
FakeVideo-FakeAudio/Caucasian (European)/women/id00328/00092_id00484_u7YTz8eFZv0_id00496_wavtolip.npz,-5.591374397277832,-5.591374397277832,4.879899024963379,1
FakeVideo-FakeAudio/Caucasian (European)/women/id00328/00092_id00495_E46aiMUC4A0_id03844_wavtolip.npz,3.162982940673828,3.162982940673828,4.3983588218688965,1
FakeVideo-FakeAudio/Caucasian (European)/women/id00328/00092_id00569_wavtolip.npz,4.775021076202393,4.775021076202393,4.407909393310547,1
FakeVideo-FakeAudio/Caucasian (European)/women/id00328/00092_id00633_wavtolip.npz,-3.4443657398223877,-3.4443657398223877,4.924388885498047,1
FakeVideo-FakeAudio/Caucasian (European)/women/id00328/00092_id00634_wavtolip.npz,-6.070182800292969,-6.070182800292969,4.887234210968018,1
FakeVideo-FakeAudio/Caucasian (European)/women/id00328/00092_id00806_wavtolip.npz,-6.164672374725342,-6.164672374725342,4.75678825378418,1
FakeVideo-FakeAudio/Caucasian (European)/women/id00328/00092_id01002_wavtolip.npz,-2.4044151306152344,-2.4044151306152344,4.756619453430176,1
FakeVideo-FakeAudio/Caucasian (European)/women/id00328/00092_id03371_truKMXt8Dak_id00328_wavtolip.npz,-1.0778119564056396,-1.0778119564056396,4.7989115715026855,1
FakeVideo-FakeAudio/Caucasian (European)/women/id00328/00092_id03620_YkXM5A8w07E_id03858_wavtolip.npz,-2.148848533630371,-2.148848533630371,4.807182312011719,1
FakeVideo-FakeAudio/Caucasian (European)/women/id00328/00092_id03858_uKVqPfRf-ac_id00634_wavtolip.npz,-4.944942474365234,-4.944942474365234,4.849597930908203,1
FakeVideo-FakeAudio/Caucasian (European)/women/id00589/00130_id00270_wavtolip.npz,-6.390237808227539,-6.390237808227539,4.583034992218018,1
FakeVideo-FakeAudio/Caucasian (European)/women/id00589/00130_id00271_je6JSLqEEcw_id00735_wavtolip.npz,-0.4703860878944397,-0.4703860878944397,4.666182041168213,1
FakeVideo-FakeAudio/Caucasian (European)/women/id00589/00130_id00287_wavtolip.npz,1.6051976680755615,1.6051976680755615,4.50480318069458,1
FakeVideo-FakeAudio/Caucasian (European)/women/id00589/00130_id00373_5NXv3Dxkd6E_id03371_wavtolip.npz,-4.467191696166992,-4.467191696166992,5.115578651428223,1
FakeVideo-FakeAudio/Caucasian (European)/women/id00589/00130_id00374_wavtolip.npz,-3.6433894634246826,-3.6433894634246826,5.027068614959717,1
FakeVideo-FakeAudio/Caucasian (European)/women/id00589/00130_id00495_E46aiMUC4A0_id00325_wavtolip.npz,-5.777324676513672,-5.777324676513672,5.127757549285889,1
FakeVideo-FakeAudio/Caucasian (European)/women/id00589/00130_id00581_wavtolip.npz,-5.923561096191406,-5.923561096191406,5.056613445281982,1
FakeVideo-FakeAudio/Caucasian (European)/women/id00589/00130_id00591_1Jo8xElXQMs_id03620_wavtolip.npz,-5.675875663757324,-5.675875663757324,5.086742401123047,1
FakeVideo-FakeAudio/Caucasian (European)/women/id00589/00130_id00591_wavtolip.npz,-1.2876267433166504,-1.2876267433166504,4.186819553375244,1
FakeVideo-FakeAudio/Caucasian (European)/women/id00589/00130_id00634_z5t9oJizDQg_faceswap_id00071_wavtolip.npz,-0.45142436027526855,-0.45142436027526855,4.552781105041504,1
FakeVideo-FakeAudio/Caucasian (European)/women/id00589/00130_id00634_z5t9oJizDQg_faceswap_id00325_wavtolip.npz,-5.400328636169434,-5.400328636169434,5.084578037261963,1
FakeVideo-FakeAudio/Caucasian (European)/women/id00589/00130_id00634_z5t9oJizDQg_faceswap_id00395_wavtolip.npz,-1.4379736185073853,-1.4379736185073853,4.361835956573486,1
FakeVideo-FakeAudio/Caucasian (European)/women/id00589/00130_id00634_z5t9oJizDQg_faceswap_id00591_wavtolip.npz,-1.256892442703247,-1.256892442703247,4.175942897796631,1
FakeVideo-FakeAudio/Caucasian (European)/women/id00589/00130_id00634_z5t9oJizDQg_faceswap_id00823_wavtolip.npz,4.603457450866699,4.603457450866699,4.292625427246094,1
FakeVideo-FakeAudio/Caucasian (European)/women/id00589/00130_id00634_z5t9oJizDQg_id00897_wavtolip.npz,-5.8648834228515625,-5.8648834228515625,5.129185199737549,1
FakeVideo-FakeAudio/Caucasian (European)/women/id00589/00130_id00813_wavtolip.npz,-5.968982219696045,-5.968982219696045,5.001317501068115,1
FakeVideo-FakeAudio/Caucasian (European)/women/id00589/00130_id00826_wavtolip.npz,-1.5908246040344238,-1.5908246040344238,4.6868696212768555,1
FakeVideo-FakeAudio/Caucasian (European)/women/id00589/00130_id00897_0ayFw8JhoyI_id00379_wavtolip.npz,-1.4630022048950195,-1.4630022048950195,4.604489326477051,1
FakeVideo-FakeAudio/Caucasian (European)/women/id00589/00130_id00897_wavtolip.npz,-5.928991794586182,-5.928991794586182,5.02877140045166,1
FakeVideo-FakeAudio/Caucasian (European)/women/id00589/00130_id03589_9NxOQlwpMys_id00897_wavtolip.npz,-5.897233963012695,-5.897233963012695,5.040386199951172,1
FakeVideo-FakeAudio/Caucasian (European)/women/id00589/00130_id03620_YkXM5A8w07E_id03858_wavtolip.npz,-1.7651026248931885,-1.7651026248931885,4.791106224060059,1
FakeVideo-FakeAudio/Caucasian (European)/women/id00589/00130_id03649_389qfFqUddI_id00495_wavtolip.npz,3.895197629928589,3.895197629928589,4.383156776428223,1
FakeVideo-FakeAudio/Caucasian (European)/women/id00589/00130_id03651_wavtolip.npz,-0.3825056552886963,-0.3825056552886963,3.996460437774658,1
FakeVideo-FakeAudio/Caucasian (European)/women/id00589/00130_id03858_uKVqPfRf-ac_id00634_wavtolip.npz,-1.4921094179153442,-1.4921094179153442,4.861929416656494,1
FakeVideo-RealAudio/Asian (South)/men/id06354/00021_id00032_AQMDc6SKNXs.npz,-2.545813798904419,-2.545813798904419,4.712062835693359,1
FakeVideo-RealAudio/Asian (South)/men/id06354/00021_id00103_qpTVaP4y5DQ.npz,-6.346365451812744,-6.346365451812744,4.675248146057129,1
FakeVideo-RealAudio/Asian (South)/men/id06354/00021_id00103_wavtolip.npz,-5.587716579437256,-5.587716579437256,4.595988750457764,1
FakeVideo-RealAudio/Asian (South)/men/id06354/00021_id00350_75IFJNFAMIM.npz,-6.23909330368042,-6.23909330368042,4.678159713745117,1
FakeVideo-RealAudio/Asian (South)/men/id06354/00021_id00350_wavtolip.npz,-3.8268356323242188,-3.8268356323242188,4.503626346588135,1
FakeVideo-RealAudio/Asian (South)/men/id06354/00021_id00685_wavtolip.npz,-6.373749732971191,-6.373749732971191,4.596823692321777,1
FakeVideo-RealAudio/Asian (South)/men/id06354/00021_id00773_2j3lUETJ57I.npz,-6.32570743560791,-6.32570743560791,4.744902610778809,1
FakeVideo-RealAudio/Asian (South)/men/id06354/00021_id00860_wavtolip.npz,-3.4972102642059326,-3.4972102642059326,4.698699951171875,1
FakeVideo-RealAudio/Asian (South)/men/id06354/00021_id03599_wavtolip.npz,-6.359954357147217,-6.359954357147217,4.742245197296143,1
FakeVideo-RealAudio/Asian (South)/men/id06354/00021_id03945_wavtolip.npz,-6.347991943359375,-6.347991943359375,4.686796188354492,1
FakeVideo-RealAudio/Asian (South)/men/id06354/00021_id04599_Q60DPi5Nhmk.npz,-6.247129917144775,-6.247129917144775,4.68560791015625,1
FakeVideo-RealAudio/Asian (South)/men/id06354/00021_id04928_wavtolip.npz,-6.33989143371582,-6.33989143371582,4.639376163482666,1
FakeVideo-RealAudio/Asian (South)/men/id06354/00021_id06334_wavtolip.npz,-5.994038105010986,-5.994038105010986,4.556154251098633,1
FakeVideo-RealAudio/Asian (South)/men/id06354/00021_id07058_JXJTxhrICl0.npz,-1.9735244512557983,-1.9735244512557983,4.712815761566162,1
FakeVideo-RealAudio/Asian (South)/men/id06354/00021_id07108_qwfQPcvjGRY.npz,-6.33088493347168,-6.33088493347168,4.621857166290283,1
FakeVideo-RealAudio/Asian (South)/men/id06354/00021_id07194_NDJaiff98Fo.npz,-6.218966007232666,-6.218966007232666,4.7452898025512695,1
FakeVideo-RealAudio/Asian (South)/men/id06354/00021_id07194_NDJaiff98Fo_faceswap.npz,-1.645921230316162,-1.645921230316162,4.698179244995117,1
FakeVideo-RealAudio/Asian (South)/men/id06354/00021_id07200_wavtolip.npz,-6.266685485839844,-6.266685485839844,4.680651664733887,1
FakeVideo-RealAudio/Asian (South)/men/id06354/00021_id07233_wavtolip.npz,-2.193652629852295,-2.193652629852295,4.632568359375,1
FakeVideo-RealAudio/Asian (South)/men/id08314/00028_id00033_wavtolip.npz,-2.239286422729492,-2.239286422729492,4.633800983428955,1
FakeVideo-RealAudio/Asian (South)/men/id08314/00028_id00078_9CoVxzTOAhk.npz,-1.9852190017700195,-1.9852190017700195,5.530834674835205,1
FakeVideo-RealAudio/Asian (South)/men/id08314/00028_id00078_9CoVxzTOAhk_faceswap.npz,-5.272472381591797,-5.272472381591797,5.502301216125488,1
FakeVideo-RealAudio/Asian (South)/men/id08314/00028_id00078_wavtolip.npz,-6.116738319396973,-6.116738319396973,5.04088020324707,1
FakeVideo-RealAudio/Asian (South)/men/id08314/00028_id00082_wavtolip.npz,-5.564703464508057,-5.564703464508057,5.512748718261719,1
FakeVideo-RealAudio/Asian (South)/men/id08314/00028_id00103_qpTVaP4y5DQ.npz,-2.664583683013916,-2.664583683013916,5.646825313568115,1
FakeVideo-RealAudio/Asian (South)/men/id08314/00028_id00732_amGRpH0AJCs.npz,-1.8935853242874146,-1.8935853242874146,5.594050407409668,1
FakeVideo-RealAudio/Asian (South)/men/id08314/00028_id00745_wavtolip.npz,-4.0799407958984375,-4.0799407958984375,4.688276290893555,1
FakeVideo-RealAudio/Asian (South)/men/id08314/00028_id00769_BqHVSZdoVpM.npz,-3.7240724563598633,-3.7240724563598633,5.630863189697266,1
FakeVideo-RealAudio/Asian (South)/men/id08314/00028_id00773_2j3lUETJ57I.npz,-1.6903321743011475,-1.6903321743011475,5.5415215492248535,1
FakeVideo-RealAudio/Asian (South)/men/id08314/00028_id00857_wavtolip.npz,-6.35091495513916,-6.35091495513916,4.583230018615723,1
FakeVideo-RealAudio/Asian (South)/men/id08314/00028_id00860_wavtolip.npz,-3.938472270965576,-3.938472270965576,4.733715534210205,1
FakeVideo-RealAudio/Asian (South)/men/id08314/00028_id04537_wavtolip.npz,-6.115325450897217,-6.115325450897217,4.815129280090332,1
FakeVideo-RealAudio/Asian (South)/men/id08314/00028_id06354_PmWLmcJNUhM.npz,-3.386573553085327,-3.386573553085327,5.639571666717529,1
FakeVideo-RealAudio/Asian (South)/men/id08314/00028_id07058_wavtolip.npz,-6.167517185211182,-6.167517185211182,4.624678134918213,1
FakeVideo-RealAudio/Asian (South)/men/id08314/00028_id07161_wavtolip.npz,-6.137668609619141,-6.137668609619141,4.570140838623047,1
FakeVideo-RealAudio/Asian (South)/men/id08314/00028_id07194_NDJaiff98Fo.npz,-3.171022653579712,-3.171022653579712,5.553565502166748,1
FakeVideo-RealAudio/Asian (South)/men/id08314/00028_id07195_wXqfHGtaBn4.npz,-3.063420295715332,-3.063420295715332,5.599987030029297,1
FakeVideo-RealAudio/Asian (South)/men/id08314/00028_id07768_wavtolip.npz,-3.735358953475952,-3.735358953475952,5.060385227203369,1
FakeVideo-RealAudio/Asian (South)/men/id08314/00083_0.npz,-4.53216552734375,-4.53216552734375,5.503440856933594,1
FakeVideo-RealAudio/Asian (South)/men/id07233/00010_id00032_wavtolip.npz,-4.858148574829102,-4.858148574829102,4.803347587585449,1
FakeVideo-RealAudio/Asian (South)/men/id07233/00010_id00078_wavtolip.npz,-6.2395339012146,-6.2395339012146,5.022086143493652,1
FakeVideo-RealAudio/Asian (South)/men/id07233/00010_id00082_wavtolip.npz,-6.22487211227417,-6.22487211227417,4.793926239013672,1
FakeVideo-RealAudio/Asian (South)/men/id07233/00010_id00459_wavtolip.npz,-6.164918422698975,-6.164918422698975,4.760021686553955,1
FakeVideo-RealAudio/Asian (South)/men/id07233/00010_id00769_BqHVSZdoVpM.npz,-2.9118332862854004,-2.9118332862854004,4.769347190856934,1
FakeVideo-RealAudio/Asian (South)/men/id07233/00010_id00857_wavtolip.npz,-6.342580795288086,-6.342580795288086,4.616894245147705,1
FakeVideo-RealAudio/Asian (South)/men/id07233/00010_id03180_wavtolip.npz,-3.248878240585327,-3.248878240585327,4.791722297668457,1
FakeVideo-RealAudio/Asian (South)/men/id07233/00010_id03945_8gN6kSKpLRg.npz,-2.992347478866577,-2.992347478866577,4.760499000549316,1
FakeVideo-RealAudio/Asian (South)/men/id07233/00010_id04537_G1e1UFopjfI.npz,-2.0757546424865723,-2.0757546424865723,4.7560248374938965,1
FakeVideo-RealAudio/Asian (South)/men/id07233/00010_id04537_wavtolip.npz,-6.23643684387207,-6.23643684387207,4.7288079261779785,1
FakeVideo-RealAudio/Asian (South)/men/id07233/00010_id04554_8rSKsBhAaDo.npz,-2.8484694957733154,-2.8484694957733154,4.735392093658447,1
FakeVideo-RealAudio/Asian (South)/men/id07233/00010_id04562_qio_Gs7wjvY.npz,-2.344189405441284,-2.344189405441284,4.702902793884277,1
FakeVideo-RealAudio/Asian (South)/men/id07233/00010_id06334_wavtolip.npz,-6.2126784324646,-6.2126784324646,4.770931720733643,1
FakeVideo-RealAudio/Asian (South)/men/id07233/00010_id07163_wavtolip.npz,-6.392790794372559,-6.392790794372559,4.728397846221924,1
FakeVideo-RealAudio/Asian (South)/men/id07233/00010_id07165_oJ_iy16IBTM.npz,-3.2359280586242676,-3.2359280586242676,4.700918197631836,1
FakeVideo-RealAudio/Asian (South)/men/id07233/00010_id07195_wXqfHGtaBn4.npz,-2.7254624366760254,-2.7254624366760254,4.663490295410156,1
FakeVideo-RealAudio/Asian (South)/men/id07233/00010_id07200_quCElxMhW6g.npz,-2.765364646911621,-2.765364646911621,4.739734649658203,1
FakeVideo-RealAudio/Asian (South)/men/id07233/00010_id07200_quCElxMhW6g_faceswap.npz,-3.0641286373138428,-3.0641286373138428,4.68302583694458,1
FakeVideo-RealAudio/Asian (South)/men/id07233/00010_id08457_wavtolip.npz,-6.232746601104736,-6.232746601104736,4.796326637268066,1
FakeVideo-RealAudio/Asian (South)/men/id07233/00180_0.npz,-3.1019999980926514,-3.1019999980926514,4.777327537536621,1
FakeVideo-RealAudio/Asian (South)/men/id07179/00206_id00032_wavtolip.npz,5.614100933074951,5.614100933074951,4.987244129180908,1
FakeVideo-RealAudio/Asian (South)/men/id07179/00206_id00459_ubskcDDe7kM.npz,-1.2994005680084229,-1.2994005680084229,5.118612766265869,1
FakeVideo-RealAudio/Asian (South)/men/id07179/00206_id00860_wavtolip.npz,-3.859696626663208,-3.859696626663208,4.728663444519043,1
FakeVideo-RealAudio/Asian (South)/men/id07179/00206_id03945_wavtolip.npz,-5.667236328125,-5.667236328125,5.15594482421875,1
FakeVideo-RealAudio/Asian (South)/men/id07179/00206_id04526_dHGXa49tzWI.npz,-1.2130920886993408,-1.2130920886993408,5.119996547698975,1
FakeVideo-RealAudio/Asian (South)/men/id07179/00206_id04537_wavtolip.npz,-6.1210408210754395,-6.1210408210754395,4.774656295776367,1
FakeVideo-RealAudio/Asian (South)/men/id07179/00206_id04560_wavtolip.npz,-5.206874370574951,-5.206874370574951,4.782875061035156,1
FakeVideo-RealAudio/Asian (South)/men/id07179/00206_id06334_EMORdZRY1r0.npz,-1.5382834672927856,-1.5382834672927856,5.101109981536865,1
FakeVideo-RealAudio/Asian (South)/men/id07179/00206_id06354_PmWLmcJNUhM.npz,-1.380500316619873,-1.380500316619873,5.139339447021484,1
FakeVideo-RealAudio/Asian (South)/men/id07179/00206_id07163_aO7f_YmkQnc.npz,-1.3567204475402832,-1.3567204475402832,5.064160346984863,1
FakeVideo-RealAudio/Asian (South)/men/id07179/00206_id07165_oJ_iy16IBTM.npz,-1.429209589958191,-1.429209589958191,5.106821537017822,1
FakeVideo-RealAudio/Asian (South)/men/id07179/00206_id07165_oJ_iy16IBTM_faceswap.npz,2.0575170516967773,2.0575170516967773,5.104062080383301,1
FakeVideo-RealAudio/Asian (South)/men/id07179/00206_id07165_wavtolip.npz,-5.669137477874756,-5.669137477874756,5.006383419036865,1
FakeVideo-RealAudio/Asian (South)/men/id07179/00206_id07182_wavtolip.npz,-6.159708023071289,-6.159708023071289,4.724383354187012,1
FakeVideo-RealAudio/Asian (South)/men/id07179/00206_id07200_wavtolip.npz,-5.857331275939941,-5.857331275939941,5.073384761810303,1
FakeVideo-RealAudio/Asian (South)/men/id07179/00206_id07233_wavtolip.npz,-2.514310836791992,-2.514310836791992,4.72116756439209,1
FakeVideo-RealAudio/Asian (South)/men/id07179/00206_id07768_mD6x-0ihLOI.npz,-1.5895137786865234,-1.5895137786865234,5.117886066436768,1
FakeVideo-RealAudio/Asian (South)/men/id07179/00206_id07768_wavtolip.npz,-2.2694263458251953,-2.2694263458251953,4.951764106750488,1
FakeVideo-RealAudio/Asian (South)/men/id07179/00206_id08314_66ufcsq8IWA.npz,-1.6786483526229858,-1.6786483526229858,5.102756500244141,1
FakeVideo-RealAudio/Asian (South)/men/id00860/00154_id00033_gduDuRWhnlQ.npz,-3.8641860485076904,-3.8641860485076904,4.88365364074707,1
FakeVideo-RealAudio/Asian (South)/men/id00860/00154_id00350_wavtolip.npz,-3.6065046787261963,-3.6065046787261963,4.482215881347656,1
FakeVideo-RealAudio/Asian (South)/men/id00860/00154_id00414_d3N2NrpGSp0.npz,-5.4528069496154785,-5.4528069496154785,4.9536943435668945,1
FakeVideo-RealAudio/Asian (South)/men/id00860/00154_id00459_ubskcDDe7kM.npz,-4.045924663543701,-4.045924663543701,4.951148986816406,1
FakeVideo-RealAudio/Asian (South)/men/id00860/00154_id00685_wavtolip.npz,-6.24460506439209,-6.24460506439209,4.6579365730285645,1
FakeVideo-RealAudio/Asian (South)/men/id00860/00154_id00769_wavtolip.npz,-6.236412048339844,-6.236412048339844,4.713366508483887,1
FakeVideo-RealAudio/Asian (South)/men/id00860/00154_id03180_6wNTK7NkOd8.npz,-4.854514122009277,-4.854514122009277,4.9422783851623535,1
FakeVideo-RealAudio/Asian (South)/men/id00860/00154_id03180_wavtolip.npz,-2.5550739765167236,-2.5550739765167236,4.738116264343262,1
FakeVideo-RealAudio/Asian (South)/men/id00860/00154_id03945_wavtolip.npz,-6.237122058868408,-6.237122058868408,4.791485786437988,1
FakeVideo-RealAudio/Asian (South)/men/id00860/00154_id04537_G1e1UFopjfI.npz,-4.931804656982422,-4.931804656982422,4.873691082000732,1
FakeVideo-RealAudio/Asian (South)/men/id00860/00154_id04537_G1e1UFopjfI_faceswap.npz,-5.7344441413879395,-5.7344441413879395,4.844922065734863,1
FakeVideo-RealAudio/Asian (South)/men/id00860/00154_id04554_wavtolip.npz,-6.225363254547119,-6.225363254547119,4.69999885559082,1
FakeVideo-RealAudio/Asian (South)/men/id00860/00154_id04561_wavtolip.npz,-6.269923686981201,-6.269923686981201,4.837401866912842,1
FakeVideo-RealAudio/Asian (South)/men/id00860/00154_id04928_wavtolip.npz,-6.237978935241699,-6.237978935241699,4.587794780731201,1
FakeVideo-RealAudio/Asian (South)/men/id00860/00154_id07165_oJ_iy16IBTM.npz,-5.502514362335205,-5.502514362335205,4.784853935241699,1
FakeVideo-RealAudio/Asian (South)/men/id00860/00154_id07165_wavtolip.npz,-6.210336685180664,-6.210336685180664,4.652332782745361,1
FakeVideo-RealAudio/Asian (South)/men/id00860/00154_id07195_wXqfHGtaBn4.npz,-3.761944532394409,-3.761944532394409,4.855352401733398,1
FakeVideo-RealAudio/Asian (South)/men/id00860/00154_id07200_quCElxMhW6g.npz,-4.07247257232666,-4.07247257232666,4.855950355529785,1
FakeVideo-RealAudio/Asian (South)/men/id00860/00154_id07233_wavtolip.npz,-3.485891342163086,-3.485891342163086,4.766952037811279,1
FakeVideo-RealAudio/Asian (South)/men/id07768/00143_id00033_gduDuRWhnlQ.npz,-1.7234890460968018,-1.7234890460968018,5.079188346862793,1
FakeVideo-RealAudio/Asian (South)/men/id07768/00143_id00103_qpTVaP4y5DQ.npz,-1.9762814044952393,-1.9762814044952393,5.128173351287842,1
FakeVideo-RealAudio/Asian (South)/men/id07768/00143_id00685_wavtolip.npz,-6.046981334686279,-6.046981334686279,4.9631218910217285,1
FakeVideo-RealAudio/Asian (South)/men/id07768/00143_id00732_amGRpH0AJCs.npz,-1.8530054092407227,-1.8530054092407227,5.029658794403076,1
FakeVideo-RealAudio/Asian (South)/men/id07768/00143_id00732_amGRpH0AJCs_faceswap.npz,-3.406212568283081,-3.406212568283081,5.005878925323486,1
FakeVideo-RealAudio/Asian (South)/men/id07768/00143_id00732_wavtolip.npz,-6.033950328826904,-6.033950328826904,4.949416637420654,1
FakeVideo-RealAudio/Asian (South)/men/id07768/00143_id00745_wavtolip.npz,-2.600106716156006,-2.600106716156006,4.693996429443359,1
FakeVideo-RealAudio/Asian (South)/men/id07768/00143_id00857_yJ7bbvwL4kU.npz,-1.772885799407959,-1.772885799407959,5.02039909362793,1
FakeVideo-RealAudio/Asian (South)/men/id07768/00143_id03344_vyNnOo6lU0o.npz,-1.9575392007827759,-1.9575392007827759,5.120913505554199,1
FakeVideo-RealAudio/Asian (South)/men/id07768/00143_id03344_wavtolip.npz,-6.0445685386657715,-6.0445685386657715,4.855781078338623,1
FakeVideo-RealAudio/Asian (South)/men/id07768/00143_id03599_wavtolip.npz,-6.034509658813477,-6.034509658813477,4.936733722686768,1
FakeVideo-RealAudio/Asian (South)/men/id07768/00143_id04537_G1e1UFopjfI.npz,-1.3447847366333008,-1.3447847366333008,5.064695835113525,1
FakeVideo-RealAudio/Asian (South)/men/id07768/00143_id04599_wavtolip.npz,-5.66188907623291,-5.66188907623291,4.982311248779297,1
FakeVideo-RealAudio/Asian (South)/men/id07768/00143_id06354_PmWLmcJNUhM.npz,-2.0368332862854004,-2.0368332862854004,5.112403392791748,1
FakeVideo-RealAudio/Asian (South)/men/id07768/00143_id06355_wavtolip.npz,-4.0889177322387695,-4.0889177322387695,4.956615447998047,1
FakeVideo-RealAudio/Asian (South)/men/id07768/00143_id07163_aO7f_YmkQnc.npz,-1.9490553140640259,-1.9490553140640259,5.146792888641357,1
FakeVideo-RealAudio/Asian (South)/men/id07768/00143_id07179_wavtolip.npz,-6.004212379455566,-6.004212379455566,4.969249725341797,1
FakeVideo-RealAudio/Asian (South)/men/id07768/00143_id07182_wavtolip.npz,-6.168601989746094,-6.168601989746094,4.774791240692139,1
FakeVideo-RealAudio/Asian (South)/men/id07768/00143_id07195_wavtolip.npz,-6.192924499511719,-6.192924499511719,4.709774017333984,1
FakeVideo-RealAudio/Asian (South)/men/id00078/00114_id00032_wavtolip.npz,-4.517885208129883,-4.517885208129883,4.885166168212891,1
FakeVideo-RealAudio/Asian (South)/men/id00078/00114_id00103_qpTVaP4y5DQ.npz,-6.104689121246338,-6.104689121246338,5.029068470001221,1
FakeVideo-RealAudio/Asian (South)/men/id00078/00114_id00103_qpTVaP4y5DQ_faceswap.npz,-6.10467004776001,-6.10467004776001,5.033117771148682,1
FakeVideo-RealAudio/Asian (South)/men/id00078/00114_id00350_75IFJNFAMIM.npz,-6.104775428771973,-6.104775428771973,5.04522180557251,1
FakeVideo-RealAudio/Asian (South)/men/id00078/00114_id00857_wavtolip.npz,-6.116403579711914,-6.116403579711914,4.605423450469971,1
FakeVideo-RealAudio/Asian (South)/men/id00078/00114_id00857_yJ7bbvwL4kU.npz,-6.104361057281494,-6.104361057281494,5.063381671905518,1
FakeVideo-RealAudio/Asian (South)/men/id00078/00114_id03344_vyNnOo6lU0o.npz,-6.105703830718994,-6.105703830718994,5.040358066558838,1
FakeVideo-RealAudio/Asian (South)/men/id00078/00114_id03599_y27BDmRUqMQ.npz,-6.105567932128906,-6.105567932128906,5.0458245277404785,1
FakeVideo-RealAudio/Asian (South)/men/id00078/00114_id04560_wavtolip.npz,-6.143486022949219,-6.143486022949219,4.814276695251465,1
FakeVideo-RealAudio/Asian (South)/men/id00078/00114_id04561_wavtolip.npz,-6.263316631317139,-6.263316631317139,4.847376346588135,1
FakeVideo-RealAudio/Asian (South)/men/id00078/00114_id06354_PmWLmcJNUhM.npz,-6.100912094116211,-6.100912094116211,5.027696132659912,1
FakeVideo-RealAudio/Asian (South)/men/id00078/00114_id07058_JXJTxhrICl0.npz,-6.1028876304626465,-6.1028876304626465,5.0481767654418945,1
FakeVideo-RealAudio/Asian (South)/men/id00078/00114_id07108_wavtolip.npz,-6.209845542907715,-6.209845542907715,4.797087669372559,1
FakeVideo-RealAudio/Asian (South)/men/id00078/00114_id07165_wavtolip.npz,-5.082779884338379,-5.082779884338379,4.861215114593506,1
FakeVideo-RealAudio/Asian (South)/men/id00078/00114_id07179_wavtolip.npz,-6.10700798034668,-6.10700798034668,4.8155317306518555,1
FakeVideo-RealAudio/Asian (South)/men/id00078/00114_id07200_wavtolip.npz,-6.106794834136963,-6.106794834136963,4.862379550933838,1
FakeVideo-RealAudio/Asian (South)/men/id00078/00114_id07210_0160kET2rUM.npz,-6.1053876876831055,-6.1053876876831055,5.038041591644287,1
FakeVideo-RealAudio/Asian (South)/men/id00078/00114_id07233_wavtolip.npz,-3.1810426712036133,-3.1810426712036133,4.801330089569092,1
FakeVideo-RealAudio/Asian (South)/men/id00078/00114_id08457_wavtolip.npz,-6.120638847351074,-6.120638847351074,4.908193111419678,1
FakeVideo-RealAudio/Asian (South)/men/id03599/00072_id00032_wavtolip.npz,-5.377164363861084,-5.377164363861084,5.0537190437316895,1
FakeVideo-RealAudio/Asian (South)/men/id03599/00072_id00078_wavtolip.npz,-6.116201400756836,-6.116201400756836,5.066441535949707,1
FakeVideo-RealAudio/Asian (South)/men/id03599/00072_id00103_qpTVaP4y5DQ.npz,-5.852603435516357,-5.852603435516357,5.167383670806885,1
FakeVideo-RealAudio/Asian (South)/men/id03599/00072_id00350_75IFJNFAMIM.npz,-5.844569206237793,-5.844569206237793,5.170577049255371,1
FakeVideo-RealAudio/Asian (South)/men/id03599/00072_id00414_wavtolip.npz,-4.426473617553711,-4.426473617553711,5.089259624481201,1
FakeVideo-RealAudio/Asian (South)/men/id03599/00072_id00769_wavtolip.npz,-6.334268093109131,-6.334268093109131,4.753007888793945,1
FakeVideo-RealAudio/Asian (South)/men/id03599/00072_id00773_2j3lUETJ57I.npz,-5.856861591339111,-5.856861591339111,5.212703704833984,1
FakeVideo-RealAudio/Asian (South)/men/id03599/00072_id00857_yJ7bbvwL4kU.npz,-5.783382415771484,-5.783382415771484,5.201088905334473,1
FakeVideo-RealAudio/Asian (South)/men/id03599/00072_id03344_wavtolip.npz,-6.02924919128418,-6.02924919128418,4.951827526092529,1
FakeVideo-RealAudio/Asian (South)/men/id03599/00072_id03599_wavtolip.npz,-5.876059532165527,-5.876059532165527,5.147486686706543,1
FakeVideo-RealAudio/Asian (South)/men/id03599/00072_id04560_wavtolip.npz,-5.958780765533447,-5.958780765533447,4.857095241546631,1
FakeVideo-RealAudio/Asian (South)/men/id03599/00072_id04562_qio_Gs7wjvY.npz,-5.854893684387207,-5.854893684387207,5.24306058883667,1
FakeVideo-RealAudio/Asian (South)/men/id03599/00072_id06753_BRg5r4jHC3I.npz,-5.858099937438965,-5.858099937438965,5.083253383636475,1
FakeVideo-RealAudio/Asian (South)/men/id03599/00072_id06753_wavtolip.npz,-5.893704891204834,-5.893704891204834,5.201024532318115,1
FakeVideo-RealAudio/Asian (South)/men/id03599/00072_id07194_wavtolip.npz,-1.921833872795105,-1.921833872795105,4.835849761962891,1
FakeVideo-RealAudio/Asian (South)/men/id03599/00072_id07233_wavtolip.npz,-3.872648239135742,-3.872648239135742,4.819185733795166,1
FakeVideo-RealAudio/Asian (South)/men/id03599/00072_id08313_t6WZ9KCaXBM.npz,-5.849368095397949,-5.849368095397949,5.151373386383057,1
FakeVideo-RealAudio/Asian (South)/men/id03599/00072_id08313_t6WZ9KCaXBM_faceswap.npz,-5.74983024597168,-5.74983024597168,5.174106597900391,1
FakeVideo-RealAudio/Asian (South)/men/id03599/00072_id08457_vFyjAJwQulM.npz,-5.843692302703857,-5.843692302703857,5.170746803283691,1
FakeVideo-RealAudio/Asian (South)/men/id00745/00165_id00033_gduDuRWhnlQ.npz,0.1581490933895111,0.1581490933895111,4.747905731201172,1
FakeVideo-RealAudio/Asian (South)/men/id00745/00165_id00033_gduDuRWhnlQ_faceswap.npz,-2.6411550045013428,-2.6411550045013428,4.723032474517822,1
FakeVideo-RealAudio/Asian (South)/men/id00745/00165_id00033_wavtolip.npz,-1.1691455841064453,-1.1691455841064453,4.600831031799316,1
FakeVideo-RealAudio/Asian (South)/men/id00745/00165_id00082_wavtolip.npz,-6.307666778564453,-6.307666778564453,4.618901252746582,1
FakeVideo-RealAudio/Asian (South)/men/id00745/00165_id00103_wavtolip.npz,-6.382737636566162,-6.382737636566162,4.51580286026001,1
FakeVideo-RealAudio/Asian (South)/men/id00745/00165_id00857_yJ7bbvwL4kU.npz,-1.3085519075393677,-1.3085519075393677,4.735354900360107,1
FakeVideo-RealAudio/Asian (South)/men/id00745/00165_id03344_wavtolip.npz,-6.329285621643066,-6.329285621643066,4.626450538635254,1
FakeVideo-RealAudio/Asian (South)/men/id00745/00165_id04537_wavtolip.npz,-6.308780670166016,-6.308780670166016,4.610040187835693,1
FakeVideo-RealAudio/Asian (South)/men/id00745/00165_id04560_wavtolip.npz,-6.296438217163086,-6.296438217163086,4.705842018127441,1
FakeVideo-RealAudio/Asian (South)/men/id00745/00165_id04561_tU_UYY5hSvc.npz,-1.894665002822876,-1.894665002822876,4.729274749755859,1
FakeVideo-RealAudio/Asian (South)/men/id00745/00165_id06354_PmWLmcJNUhM.npz,-2.616227388381958,-2.616227388381958,4.660777568817139,1
FakeVideo-RealAudio/Asian (South)/men/id00745/00165_id06354_wavtolip.npz,-5.825682163238525,-5.825682163238525,4.522340774536133,1
FakeVideo-RealAudio/Asian (South)/men/id00745/00165_id07108_qwfQPcvjGRY.npz,-2.2358031272888184,-2.2358031272888184,4.711721420288086,1
FakeVideo-RealAudio/Asian (South)/men/id00745/00165_id07161_OYWKr82Zu38.npz,-1.6908113956451416,-1.6908113956451416,4.72409200668335,1
FakeVideo-RealAudio/Asian (South)/men/id00745/00165_id07195_wXqfHGtaBn4.npz,-1.1873537302017212,-1.1873537302017212,4.769014358520508,1
FakeVideo-RealAudio/Asian (South)/men/id00745/00165_id07200_wavtolip.npz,-6.301070213317871,-6.301070213317871,4.631726264953613,1
FakeVideo-RealAudio/Asian (South)/men/id00745/00165_id07210_0160kET2rUM.npz,-2.123750925064087,-2.123750925064087,4.679477691650391,1
FakeVideo-RealAudio/Asian (South)/men/id00745/00165_id07233_wavtolip.npz,-2.9850122928619385,-2.9850122928619385,4.607387065887451,1
FakeVideo-RealAudio/Asian (South)/men/id00745/00165_id08457_wavtolip.npz,-6.3255767822265625,-6.3255767822265625,4.590488433837891,1
FakeVideo-RealAudio/Asian (South)/men/id07161/00159_id00414_d3N2NrpGSp0.npz,-5.392886638641357,-5.392886638641357,4.603392601013184,1
FakeVideo-RealAudio/Asian (South)/men/id07161/00159_id00745_eODND1ul7vE.npz,-4.973557949066162,-4.973557949066162,4.861138820648193,1
FakeVideo-RealAudio/Asian (South)/men/id07161/00159_id00816_wavtolip.npz,-6.256402969360352,-6.256402969360352,4.796999931335449,1
FakeVideo-RealAudio/Asian (South)/men/id07161/00159_id00857_wavtolip.npz,-6.372115135192871,-6.372115135192871,4.772736549377441,1
FakeVideo-RealAudio/Asian (South)/men/id07161/00159_id03344_vyNnOo6lU0o.npz,-5.133877754211426,-5.133877754211426,4.770847320556641,1
FakeVideo-RealAudio/Asian (South)/men/id07161/00159_id04537_wavtolip.npz,-6.283690929412842,-6.283690929412842,4.773958206176758,1
FakeVideo-RealAudio/Asian (South)/men/id07161/00159_id04560_wavtolip.npz,-6.265928268432617,-6.265928268432617,4.769853115081787,1
FakeVideo-RealAudio/Asian (South)/men/id07161/00159_id04561_wavtolip.npz,-6.268532752990723,-6.268532752990723,4.800792217254639,1
FakeVideo-RealAudio/Asian (South)/men/id07161/00159_id04601_x4Apx8z6nOg.npz,-5.35175895690918,-5.35175895690918,4.8038787841796875,1
FakeVideo-RealAudio/Asian (South)/men/id07161/00159_id04928_wavtolip.npz,-6.293205261230469,-6.293205261230469,4.622377872467041,1
FakeVideo-RealAudio/Asian (South)/men/id07161/00159_id06354_PmWLmcJNUhM.npz,-5.546658515930176,-5.546658515930176,4.642586708068848,1
FakeVideo-RealAudio/Asian (South)/men/id07161/00159_id07108_qwfQPcvjGRY.npz,-5.140689373016357,-5.140689373016357,4.6923723220825195,1
FakeVideo-RealAudio/Asian (South)/men/id07161/00159_id07194_NDJaiff98Fo.npz,-4.315777778625488,-4.315777778625488,4.832873821258545,1
FakeVideo-RealAudio/Asian (South)/men/id07161/00159_id07194_wavtolip.npz,-2.9461045265197754,-2.9461045265197754,4.789511680603027,1
FakeVideo-RealAudio/Asian (South)/men/id07161/00159_id07195_wXqfHGtaBn4.npz,-5.422897815704346,-5.422897815704346,4.837831020355225,1
FakeVideo-RealAudio/Asian (South)/men/id07161/00159_id07195_wXqfHGtaBn4_faceswap.npz,-4.52163028717041,-4.52163028717041,4.8613362312316895,1
FakeVideo-RealAudio/Asian (South)/men/id07161/00159_id07200_wavtolip.npz,-6.292547702789307,-6.292547702789307,4.759923934936523,1
FakeVideo-RealAudio/Asian (South)/men/id07161/00159_id07210_wavtolip.npz,-6.14299201965332,-6.14299201965332,4.7940673828125,1
FakeVideo-RealAudio/Asian (South)/men/id07161/00159_id08313_wavtolip.npz,-6.233345985412598,-6.233345985412598,4.875552654266357,1
FakeVideo-RealAudio/Asian (South)/men/id04561/00150_0.npz,-5.552038669586182,-5.552038669586182,5.499932765960693,1
FakeVideo-RealAudio/Asian (South)/men/id04561/00248_id00033_gduDuRWhnlQ.npz,-2.744734048843384,-2.744734048843384,4.886483192443848,1
FakeVideo-RealAudio/Asian (South)/men/id04561/00248_id00103_qpTVaP4y5DQ.npz,-2.888535499572754,-2.888535499572754,4.875635147094727,1
FakeVideo-RealAudio/Asian (South)/men/id04561/00248_id00745_eODND1ul7vE.npz,-2.7923524379730225,-2.7923524379730225,4.776473522186279,1
FakeVideo-RealAudio/Asian (South)/men/id04561/00248_id00769_BqHVSZdoVpM.npz,-2.8973042964935303,-2.8973042964935303,4.89502477645874,1
FakeVideo-RealAudio/Asian (South)/men/id04561/00248_id00773_2j3lUETJ57I.npz,-3.410885810852051,-3.410885810852051,4.88826847076416,1
FakeVideo-RealAudio/Asian (South)/men/id04561/00248_id00773_wavtolip.npz,-6.107571601867676,-6.107571601867676,4.768118858337402,1
FakeVideo-RealAudio/Asian (South)/men/id04561/00248_id00816_wavtolip.npz,-6.259829044342041,-6.259829044342041,4.811947345733643,1
FakeVideo-RealAudio/Asian (South)/men/id04561/00248_id00857_yJ7bbvwL4kU.npz,-2.8258910179138184,-2.8258910179138184,4.8520660400390625,1
FakeVideo-RealAudio/Asian (South)/men/id04561/00248_id03344_vyNnOo6lU0o.npz,-3.0709986686706543,-3.0709986686706543,4.862092018127441,1
FakeVideo-RealAudio/Asian (South)/men/id04561/00248_id04560_wavtolip.npz,-6.250736236572266,-6.250736236572266,4.761352062225342,1
FakeVideo-RealAudio/Asian (South)/men/id04561/00248_id04561_wavtolip.npz,-6.257246971130371,-6.257246971130371,4.97053337097168,1
FakeVideo-RealAudio/Asian (South)/men/id04561/00248_id04601_wavtolip.npz,-6.295259952545166,-6.295259952545166,4.6886115074157715,1
FakeVideo-RealAudio/Asian (South)/men/id04561/00248_id06334_wavtolip.npz,-6.231936931610107,-6.231936931610107,4.772360801696777,1
FakeVideo-RealAudio/Asian (South)/men/id04561/00248_id06355_wavtolip.npz,-5.109580039978027,-5.109580039978027,4.80500602722168,1
FakeVideo-RealAudio/Asian (South)/men/id04561/00248_id07108_qwfQPcvjGRY.npz,-2.981180429458618,-2.981180429458618,4.85570764541626,1
FakeVideo-RealAudio/Asian (South)/men/id04561/00248_id07108_wavtolip.npz,-6.253974914550781,-6.253974914550781,4.69826602935791,1
FakeVideo-RealAudio/Asian (South)/men/id04561/00248_id07179_wavtolip.npz,-3.669147253036499,-3.669147253036499,4.741272926330566,1
FakeVideo-RealAudio/Asian (South)/men/id04561/00248_id07463_wavtolip.npz,-6.2750372886657715,-6.2750372886657715,4.899630069732666,1
FakeVideo-RealAudio/Asian (South)/men/id07463/00028_id00032_wavtolip.npz,-4.895779132843018,-4.895779132843018,4.938052177429199,1
FakeVideo-RealAudio/Asian (South)/men/id07463/00028_id00033_gduDuRWhnlQ.npz,-5.9220075607299805,-5.9220075607299805,5.169609546661377,1
FakeVideo-RealAudio/Asian (South)/men/id07463/00028_id00350_75IFJNFAMIM.npz,-5.924727439880371,-5.924727439880371,5.161839962005615,1
FakeVideo-RealAudio/Asian (South)/men/id07463/00028_id00459_wavtolip.npz,-3.6788697242736816,-3.6788697242736816,5.007003307342529,1
FakeVideo-RealAudio/Asian (South)/men/id07463/00028_id00773_2j3lUETJ57I.npz,-5.910598278045654,-5.910598278045654,5.123610019683838,1
FakeVideo-RealAudio/Asian (South)/men/id07463/00028_id03180_6wNTK7NkOd8.npz,-5.925948143005371,-5.925948143005371,5.148637294769287,1
FakeVideo-RealAudio/Asian (South)/men/id07463/00028_id03599_y27BDmRUqMQ.npz,-5.921416759490967,-5.921416759490967,5.113175392150879,1
FakeVideo-RealAudio/Asian (South)/men/id07463/00028_id04560_wavtolip.npz,-5.301633834838867,-5.301633834838867,4.901342868804932,1
FakeVideo-RealAudio/Asian (South)/men/id07463/00028_id04562_qio_Gs7wjvY.npz,-5.926025867462158,-5.926025867462158,5.153865337371826,1
FakeVideo-RealAudio/Asian (South)/men/id07463/00028_id04562_qio_Gs7wjvY_faceswap.npz,-5.923533916473389,-5.923533916473389,5.044137477874756,1
FakeVideo-RealAudio/Asian (South)/men/id07463/00028_id04601_wavtolip.npz,-6.2986297607421875,-6.2986297607421875,4.539663791656494,1
FakeVideo-RealAudio/Asian (South)/men/id07463/00028_id06334_wavtolip.npz,-5.59610652923584,-5.59610652923584,5.017223834991455,1
FakeVideo-RealAudio/Asian (South)/men/id07463/00028_id06354_wavtolip.npz,-6.341320037841797,-6.341320037841797,4.682186126708984,1
FakeVideo-RealAudio/Asian (South)/men/id07463/00028_id07058_wavtolip.npz,-6.145371913909912,-6.145371913909912,4.617461681365967,1
FakeVideo-RealAudio/Asian (South)/men/id07463/00028_id07182_717IRon_OIQ.npz,-5.912079811096191,-5.912079811096191,5.097294330596924,1
FakeVideo-RealAudio/Asian (South)/men/id07463/00028_id07194_NDJaiff98Fo.npz,-5.91743803024292,-5.91743803024292,5.119842529296875,1
FakeVideo-RealAudio/Asian (South)/men/id07463/00028_id07195_wavtolip.npz,-4.468396186828613,-4.468396186828613,4.842779159545898,1
FakeVideo-RealAudio/Asian (South)/men/id07463/00028_id07200_wavtolip.npz,-5.846602916717529,-5.846602916717529,5.087005138397217,1
FakeVideo-RealAudio/Asian (South)/men/id07463/00028_id07210_wavtolip.npz,-5.174588680267334,-5.174588680267334,4.889582633972168,1
FakeVideo-RealAudio/Asian (South)/men/id07182/00040_id00032_AQMDc6SKNXs.npz,-6.019377708435059,-6.019377708435059,4.888669490814209,1
FakeVideo-RealAudio/Asian (South)/men/id07182/00040_id00033_wavtolip.npz,-0.8211011290550232,-0.8211011290550232,4.646463394165039,1
FakeVideo-RealAudio/Asian (South)/men/id07182/00040_id00103_qpTVaP4y5DQ.npz,-6.151567459106445,-6.151567459106445,4.949976444244385,1
FakeVideo-RealAudio/Asian (South)/men/id07182/00040_id00350_75IFJNFAMIM.npz,-6.131209850311279,-6.131209850311279,4.827010154724121,1
FakeVideo-RealAudio/Asian (South)/men/id07182/00040_id00732_amGRpH0AJCs.npz,-6.135919094085693,-6.135919094085693,4.901167869567871,1
FakeVideo-RealAudio/Asian (South)/men/id07182/00040_id00816_wavtolip.npz,-6.159261703491211,-6.159261703491211,4.866435527801514,1
FakeVideo-RealAudio/Asian (South)/men/id07182/00040_id04526_wavtolip.npz,-6.187087059020996,-6.187087059020996,4.692036151885986,1
FakeVideo-RealAudio/Asian (South)/men/id07182/00040_id04554_wavtolip.npz,-6.149125099182129,-6.149125099182129,4.816928863525391,1
FakeVideo-RealAudio/Asian (South)/men/id07182/00040_id04562_qio_Gs7wjvY.npz,-5.1452555656433105,-5.1452555656433105,4.922719955444336,1
FakeVideo-RealAudio/Asian (South)/men/id07182/00040_id04562_qio_Gs7wjvY_faceswap.npz,-6.116755485534668,-6.116755485534668,4.888629913330078,1
FakeVideo-RealAudio/Asian (South)/men/id07182/00040_id04599_wavtolip.npz,-6.117222309112549,-6.117222309112549,4.843674182891846,1
FakeVideo-RealAudio/Asian (South)/men/id07182/00040_id06334_wavtolip.npz,-6.012134552001953,-6.012134552001953,4.799551010131836,1
FakeVideo-RealAudio/Asian (South)/men/id07182/00040_id06354_wavtolip.npz,-6.358996391296387,-6.358996391296387,4.552133083343506,1
FakeVideo-RealAudio/Asian (South)/men/id07182/00040_id06753_wavtolip.npz,-6.173172473907471,-6.173172473907471,4.895920753479004,1
FakeVideo-RealAudio/Asian (South)/men/id07182/00040_id07108_wavtolip.npz,-6.207361221313477,-6.207361221313477,4.799936771392822,1
FakeVideo-RealAudio/Asian (South)/men/id07182/00040_id07161_wavtolip.npz,-4.527789115905762,-4.527789115905762,4.705533504486084,1
FakeVideo-RealAudio/Asian (South)/men/id07182/00040_id07194_NDJaiff98Fo.npz,-6.072463035583496,-6.072463035583496,4.920168876647949,1
FakeVideo-RealAudio/Asian (South)/men/id07182/00040_id07463_AAYjDglMf2Q.npz,-6.135722637176514,-6.135722637176514,4.819203853607178,1
FakeVideo-RealAudio/Asian (South)/men/id07182/00040_id08457_vFyjAJwQulM.npz,-6.116793632507324,-6.116793632507324,4.866266250610352,1
FakeVideo-RealAudio/Asian (South)/men/id00459/00382_0.npz,-4.663821697235107,-4.663821697235107,4.834033966064453,1
FakeVideo-RealAudio/Asian (South)/men/id00459/00382_id00032_wavtolip.npz,-4.153183460235596,-4.153183460235596,5.049860954284668,1
FakeVideo-RealAudio/Asian (South)/men/id00459/00382_id00033_wavtolip.npz,-0.8083968758583069,-0.8083968758583069,4.6597161293029785,1
FakeVideo-RealAudio/Asian (South)/men/id00459/00382_id00732_wavtolip.npz,-5.980560779571533,-5.980560779571533,5.021116256713867,1
FakeVideo-RealAudio/Asian (South)/men/id00459/00382_id00769_BqHVSZdoVpM.npz,-1.9775867462158203,-1.9775867462158203,5.738799571990967,1
FakeVideo-RealAudio/Asian (South)/men/id00459/00382_id00769_BqHVSZdoVpM_faceswap.npz,-2.2491989135742188,-2.2491989135742188,5.706094741821289,1
FakeVideo-RealAudio/Asian (South)/men/id00459/00382_id00769_wavtolip.npz,-5.861186504364014,-5.861186504364014,4.648804187774658,1
FakeVideo-RealAudio/Asian (South)/men/id00459/00382_id00860_wavtolip.npz,-5.2360711097717285,-5.2360711097717285,4.852995872497559,1
FakeVideo-RealAudio/Asian (South)/men/id00459/00382_id03344_vyNnOo6lU0o.npz,-2.316688060760498,-2.316688060760498,5.714989185333252,1
FakeVideo-RealAudio/Asian (South)/men/id00459/00382_id03344_wavtolip.npz,-6.03067684173584,-6.03067684173584,4.969460964202881,1
FakeVideo-RealAudio/Asian (South)/men/id00459/00382_id04560_wavtolip.npz,-6.152396202087402,-6.152396202087402,4.814866065979004,1
FakeVideo-RealAudio/Asian (South)/men/id00459/00382_id04561_wavtolip.npz,-6.267863750457764,-6.267863750457764,4.880733489990234,1
FakeVideo-RealAudio/Asian (South)/men/id00459/00382_id06354_PmWLmcJNUhM.npz,-2.3108584880828857,-2.3108584880828857,5.7811737060546875,1
FakeVideo-RealAudio/Asian (South)/men/id00459/00382_id07108_qwfQPcvjGRY.npz,-2.1280558109283447,-2.1280558109283447,5.7175092697143555,1
FakeVideo-RealAudio/Asian (South)/men/id00459/00382_id07165_oJ_iy16IBTM.npz,-3.0253942012786865,-3.0253942012786865,5.655879974365234,1
FakeVideo-RealAudio/Asian (South)/men/id00459/00382_id07194_NDJaiff98Fo.npz,-1.8978033065795898,-1.8978033065795898,5.71688175201416,1
FakeVideo-RealAudio/Asian (South)/men/id00459/00382_id07195_wavtolip.npz,-6.198678970336914,-6.198678970336914,4.720275402069092,1
FakeVideo-RealAudio/Asian (South)/men/id00459/00382_id07200_quCElxMhW6g.npz,-2.697751045227051,-2.697751045227051,5.6553215980529785,1
FakeVideo-RealAudio/Asian (South)/men/id00459/00382_id07463_wavtolip.npz,-5.951884746551514,-5.951884746551514,5.074658393859863,1
FakeVideo-RealAudio/Asian (South)/men/id04928/00027_id00032_AQMDc6SKNXs.npz,-5.8719987869262695,-5.8719987869262695,5.035131454467773,1
FakeVideo-RealAudio/Asian (South)/men/id04928/00027_id00033_gduDuRWhnlQ.npz,-5.910823822021484,-5.910823822021484,5.096734523773193,1
FakeVideo-RealAudio/Asian (South)/men/id04928/00027_id00078_wavtolip.npz,-6.113053798675537,-6.113053798675537,4.947723388671875,1
FakeVideo-RealAudio/Asian (South)/men/id04928/00027_id00103_wavtolip.npz,-6.052870750427246,-6.052870750427246,4.506028652191162,1
FakeVideo-RealAudio/Asian (South)/men/id04928/00027_id00350_75IFJNFAMIM.npz,-5.841654300689697,-5.841654300689697,5.095219612121582,1
FakeVideo-RealAudio/Asian (South)/men/id04928/00027_id00350_wavtolip.npz,-3.495438814163208,-3.495438814163208,4.5387372970581055,1
FakeVideo-RealAudio/Asian (South)/men/id04928/00027_id00414_wavtolip.npz,-3.2685647010803223,-3.2685647010803223,5.075178623199463,1
FakeVideo-RealAudio/Asian (South)/men/id04928/00027_id00732_amGRpH0AJCs.npz,-5.822755813598633,-5.822755813598633,5.141018390655518,1
FakeVideo-RealAudio/Asian (South)/men/id04928/00027_id00769_wavtolip.npz,-6.239129066467285,-6.239129066467285,4.679134368896484,1
FakeVideo-RealAudio/Asian (South)/men/id04928/00027_id03344_vyNnOo6lU0o.npz,-5.906787872314453,-5.906787872314453,5.075634002685547,1
FakeVideo-RealAudio/Asian (South)/men/id04928/00027_id04560_RlpdjaEmxXQ.npz,-5.899934768676758,-5.899934768676758,5.091644287109375,1
FakeVideo-RealAudio/Asian (South)/men/id04928/00027_id04560_RlpdjaEmxXQ_faceswap.npz,-5.888278961181641,-5.888278961181641,5.059177875518799,1
FakeVideo-RealAudio/Asian (South)/men/id04928/00027_id04561_wavtolip.npz,-6.279711723327637,-6.279711723327637,4.762209415435791,1
FakeVideo-RealAudio/Asian (South)/men/id04928/00027_id04599_wavtolip.npz,-5.416365146636963,-5.416365146636963,4.925662517547607,1
FakeVideo-RealAudio/Asian (South)/men/id04928/00027_id07194_wavtolip.npz,-2.5057897567749023,-2.5057897567749023,4.811233043670654,1
FakeVideo-RealAudio/Asian (South)/men/id04928/00027_id07200_wavtolip.npz,-5.234529972076416,-5.234529972076416,5.09733247756958,1
FakeVideo-RealAudio/Asian (South)/men/id04928/00027_id07233_wavtolip.npz,-3.7726333141326904,-3.7726333141326904,4.7439165115356445,1
FakeVideo-RealAudio/Asian (South)/men/id04928/00027_id08457_vFyjAJwQulM.npz,-5.909912109375,-5.909912109375,5.07127046585083,1
FakeVideo-RealAudio/Asian (South)/men/id00032/00028_0.npz,-5.613111972808838,-5.613111972808838,5.2618560791015625,1
FakeVideo-RealAudio/Asian (South)/men/id00032/00028_00.npz,-3.4031946659088135,-3.4031946659088135,4.976898193359375,1
FakeVideo-RealAudio/Asian (South)/men/id00032/00028_1.npz,-0.11785969138145447,-0.11785969138145447,4.644824028015137,1
FakeVideo-RealAudio/Asian (South)/men/id00032/00028_2.npz,-6.1005425453186035,-6.1005425453186035,4.862185478210449,1
FakeVideo-RealAudio/Asian (South)/men/id00032/00028_3.npz,-2.6575546264648438,-2.6575546264648438,5.000779628753662,1
FakeVideo-RealAudio/Asian (South)/men/id00032/00028_id00033_gduDuRWhnlQ.npz,-4.221869945526123,-4.221869945526123,5.098654747009277,1
FakeVideo-RealAudio/Asian (South)/men/id00032/00028_id00732_wavtolip.npz,-5.9888200759887695,-5.9888200759887695,4.975830078125,1
FakeVideo-RealAudio/Asian (South)/men/id00032/00028_id00745_eODND1ul7vE.npz,-4.413456916809082,-4.413456916809082,5.045656681060791,1
FakeVideo-RealAudio/Asian (South)/men/id00032/00028_id00769_BqHVSZdoVpM.npz,-4.78518533706665,-4.78518533706665,5.1025848388671875,1
FakeVideo-RealAudio/Asian (South)/men/id00032/00028_id00860_wavtolip.npz,-6.247519493103027,-6.247519493103027,4.78824520111084,1
FakeVideo-RealAudio/Asian (South)/men/id00032/00028_id03344_vyNnOo6lU0o.npz,-4.811941623687744,-4.811941623687744,5.085925579071045,1
FakeVideo-RealAudio/Asian (South)/men/id00032/00028_id03344_wavtolip.npz,-6.038671016693115,-6.038671016693115,4.883502006530762,1
FakeVideo-RealAudio/Asian (South)/men/id00032/00028_id03945_wavtolip.npz,-5.97365140914917,-5.97365140914917,5.093261241912842,1
FakeVideo-RealAudio/Asian (South)/men/id00032/00028_id04554_wavtolip.npz,-5.973645210266113,-5.973645210266113,4.964956760406494,1
FakeVideo-RealAudio/Asian (South)/men/id00032/00028_id04560_RlpdjaEmxXQ.npz,-5.143805503845215,-5.143805503845215,5.037280082702637,1
FakeVideo-RealAudio/Asian (South)/men/id00032/00028_id04599_Q60DPi5Nhmk.npz,-5.186870098114014,-5.186870098114014,5.029148578643799,1
FakeVideo-RealAudio/Asian (South)/men/id00032/00028_id06354_PmWLmcJNUhM.npz,-5.23443078994751,-5.23443078994751,5.052996635437012,1
FakeVideo-RealAudio/Asian (South)/men/id00032/00028_id06753_wavtolip.npz,-5.9836812019348145,-5.9836812019348145,5.0313401222229,1
FakeVideo-RealAudio/Asian (South)/men/id00032/00028_id07058_wavtolip.npz,-6.3230133056640625,-6.3230133056640625,4.63856840133667,1
FakeVideo-RealAudio/Asian (South)/men/id00032/00028_id07161_wavtolip.npz,-6.280145645141602,-6.280145645141602,4.740394592285156,1
FakeVideo-RealAudio/Asian (South)/men/id00032/00028_id07163_wavtolip.npz,-6.397402763366699,-6.397402763366699,4.652986526489258,1
FakeVideo-RealAudio/Asian (South)/men/id00032/00028_id07194_NDJaiff98Fo.npz,-5.258878707885742,-5.258878707885742,4.997342109680176,1
FakeVideo-RealAudio/Asian (South)/men/id00032/00028_id07200_wavtolip.npz,-5.952364921569824,-5.952364921569824,4.99503231048584,1
FakeVideo-RealAudio/Asian (South)/women/id04070/00072_id00043_wavtolip.npz,-6.122809410095215,-6.122809410095215,4.8571038246154785,1
FakeVideo-RealAudio/Asian (South)/women/id04070/00072_id00739_wavtolip.npz,-6.066005706787109,-6.066005706787109,4.900164604187012,1
FakeVideo-RealAudio/Asian (South)/women/id04070/00072_id02089_wavtolip.npz,-5.681070327758789,-5.681070327758789,4.904770851135254,1
FakeVideo-RealAudio/Asian (South)/women/id04070/00072_id02310_zA-8Pw0SvZg.npz,-3.5968315601348877,-3.5968315601348877,4.990623950958252,1
FakeVideo-RealAudio/Asian (South)/women/id04070/00072_id02619_wavtolip.npz,-6.2724151611328125,-6.2724151611328125,4.492788314819336,1
FakeVideo-RealAudio/Asian (South)/women/id04070/00072_id04490_wavtolip.npz,-6.2912278175354,-6.2912278175354,4.5637006759643555,1
FakeVideo-RealAudio/Asian (South)/women/id04070/00072_id04530_wavtolip.npz,-4.711617469787598,-4.711617469787598,4.886898994445801,1
FakeVideo-RealAudio/Asian (South)/women/id04070/00072_id04583_wavtolip.npz,-6.110114097595215,-6.110114097595215,4.7306809425354,1
FakeVideo-RealAudio/Asian (South)/women/id04070/00072_id04927_wavtolip.npz,-6.236955165863037,-6.236955165863037,4.739815711975098,1
FakeVideo-RealAudio/Asian (South)/women/id04070/00072_id05435_wavtolip.npz,-1.2613860368728638,-1.2613860368728638,4.705571174621582,1
FakeVideo-RealAudio/Asian (South)/women/id04070/00072_id05920_LuLTJu54joo.npz,-2.7458088397979736,-2.7458088397979736,4.989461421966553,1
FakeVideo-RealAudio/Asian (South)/women/id04070/00072_id06254_8VSfI86Fua4.npz,-1.3438502550125122,-1.3438502550125122,4.994879245758057,1
FakeVideo-RealAudio/Asian (South)/women/id04070/00072_id06254_wavtolip.npz,-6.139876842498779,-6.139876842498779,4.776322841644287,1
FakeVideo-RealAudio/Asian (South)/women/id04070/00072_id06343__Tf30YR4M3w.npz,-0.7470304369926453,-0.7470304369926453,4.916748523712158,1
FakeVideo-RealAudio/Asian (South)/women/id04070/00072_id06428_A9nvRKd1afA.npz,-2.8999199867248535,-2.8999199867248535,5.0010881423950195,1
FakeVideo-RealAudio/Asian (South)/women/id04070/00072_id06752_PYYIloTJiH0.npz,-4.380542278289795,-4.380542278289795,4.982582092285156,1
FakeVideo-RealAudio/Asian (South)/women/id04070/00072_id07078_sLVbTD3Dtgw.npz,-3.769744634628296,-3.769744634628296,4.944500923156738,1
FakeVideo-RealAudio/Asian (South)/women/id04070/00072_id07078_sLVbTD3Dtgw_faceswap.npz,-3.309887409210205,-3.309887409210205,4.89809513092041,1
FakeVideo-RealAudio/Asian (South)/women/id03985/00005_id00149_s2evR-nUhVY.npz,-3.6088526248931885,-3.6088526248931885,4.617486953735352,1
FakeVideo-RealAudio/Asian (South)/women/id03985/00005_id00149_wavtolip.npz,-6.2456769943237305,-6.2456769943237305,4.533103942871094,1
FakeVideo-RealAudio/Asian (South)/women/id03985/00005_id01026_rM4ZERt7oM0.npz,-2.824338674545288,-2.824338674545288,4.59047794342041,1
FakeVideo-RealAudio/Asian (South)/women/id03985/00005_id01026_wavtolip.npz,-6.371539115905762,-6.371539115905762,4.564795970916748,1
FakeVideo-RealAudio/Asian (South)/women/id03985/00005_id02619_wavtolip.npz,-6.349879741668701,-6.349879741668701,4.465399742126465,1
FakeVideo-RealAudio/Asian (South)/women/id03985/00005_id04529_S92uo-UShxE.npz,-2.855593681335449,-2.855593681335449,4.621334075927734,1
FakeVideo-RealAudio/Asian (South)/women/id03985/00005_id04530_W5-PTTL9HzU.npz,-3.039379358291626,-3.039379358291626,4.604284286499023,1
FakeVideo-RealAudio/Asian (South)/women/id03985/00005_id04564_wavtolip.npz,-6.399594306945801,-6.399594306945801,4.5808424949646,1
FakeVideo-RealAudio/Asian (South)/women/id03985/00005_id06268_wavtolip.npz,-4.854274272918701,-4.854274272918701,4.591429233551025,1
FakeVideo-RealAudio/Asian (South)/women/id03985/00005_id06428_A9nvRKd1afA.npz,-3.247640609741211,-3.247640609741211,4.619792938232422,1
FakeVideo-RealAudio/Asian (South)/women/id03985/00005_id06438_wavtolip.npz,-6.361906051635742,-6.361906051635742,4.651722431182861,1
FakeVideo-RealAudio/Asian (South)/women/id03985/00005_id06445_wavtolip.npz,-5.713688373565674,-5.713688373565674,4.552985191345215,1
FakeVideo-RealAudio/Asian (South)/women/id03985/00005_id07051_d1c0Pl2aP_4.npz,-3.2146153450012207,-3.2146153450012207,4.608529090881348,1
FakeVideo-RealAudio/Asian (South)/women/id03985/00005_id07051_wavtolip.npz,-5.957245826721191,-5.957245826721191,4.54085111618042,1
FakeVideo-RealAudio/Asian (South)/women/id03985/00005_id07377_FGNavKcGANA.npz,-3.4564929008483887,-3.4564929008483887,4.616841793060303,1
FakeVideo-RealAudio/Asian (South)/women/id03985/00005_id07686_lwSGz24c1Bs.npz,-3.283383846282959,-3.283383846282959,4.6775126457214355,1
FakeVideo-RealAudio/Asian (South)/women/id03985/00005_id07686_lwSGz24c1Bs_faceswap.npz,-3.7882931232452393,-3.7882931232452393,4.622474193572998,1
FakeVideo-RealAudio/Asian (South)/women/id03985/00005_id07686_wavtolip.npz,-3.60198974609375,-3.60198974609375,4.607102394104004,1
FakeVideo-RealAudio/Asian (South)/women/id03985/00005_id07689_wavtolip.npz,-6.296332359313965,-6.296332359313965,4.473555088043213,1
FakeVideo-RealAudio/Asian (South)/women/id00747/00053_0.npz,-3.713334083557129,-3.713334083557129,4.679949760437012,1
FakeVideo-RealAudio/Asian (South)/women/id00747/00053_id00235_F7aHtfdzytQ.npz,-5.306968688964844,-5.306968688964844,5.135063648223877,1
FakeVideo-RealAudio/Asian (South)/women/id00747/00053_id00739_wavtolip.npz,-5.894628047943115,-5.894628047943115,5.164558410644531,1
FakeVideo-RealAudio/Asian (South)/women/id00747/00053_id00747_wavtolip.npz,-5.886557102203369,-5.886557102203369,5.071700572967529,1
FakeVideo-RealAudio/Asian (South)/women/id00747/00053_id02089_wavtolip.npz,-5.798111438751221,-5.798111438751221,5.195742607116699,1
FakeVideo-RealAudio/Asian (South)/women/id00747/00053_id02310_zA-8Pw0SvZg.npz,-4.065990447998047,-4.065990447998047,5.094374179840088,1
FakeVideo-RealAudio/Asian (South)/women/id00747/00053_id02310_zA-8Pw0SvZg_faceswap.npz,-5.640682220458984,-5.640682220458984,5.06786584854126,1
FakeVideo-RealAudio/Asian (South)/women/id00747/00053_id02619_6AKIR2gTCNU.npz,-5.088286876678467,-5.088286876678467,5.065652370452881,1
FakeVideo-RealAudio/Asian (South)/women/id00747/00053_id03815_wavtolip.npz,-6.156655311584473,-6.156655311584473,4.8992180824279785,1
FakeVideo-RealAudio/Asian (South)/women/id00747/00053_id04490_wavtolip.npz,-6.331701278686523,-6.331701278686523,4.584318161010742,1
FakeVideo-RealAudio/Asian (South)/women/id00747/00053_id04564_xUz03LwKRtQ.npz,-5.4788079261779785,-5.4788079261779785,5.169591426849365,1
FakeVideo-RealAudio/Asian (South)/women/id00747/00053_id04582_Pm9dX-TxNx0.npz,-5.096332550048828,-5.096332550048828,5.045202732086182,1
FakeVideo-RealAudio/Asian (South)/women/id00747/00053_id04583_wavtolip.npz,-6.17076301574707,-6.17076301574707,4.74039888381958,1
FakeVideo-RealAudio/Asian (South)/women/id00747/00053_id04927_8MD618FRyfA.npz,-5.096615314483643,-5.096615314483643,5.029236316680908,1
FakeVideo-RealAudio/Asian (South)/women/id00747/00053_id05920_wavtolip.npz,-6.146416664123535,-6.146416664123535,4.90191650390625,1
FakeVideo-RealAudio/Asian (South)/women/id00747/00053_id06254_wavtolip.npz,-6.135660648345947,-6.135660648345947,4.775508403778076,1
FakeVideo-RealAudio/Asian (South)/women/id00747/00053_id06268_h9p-Na_iA1s.npz,-5.517575740814209,-5.517575740814209,5.155797958374023,1
FakeVideo-RealAudio/Asian (South)/women/id00747/00053_id06343_wavtolip.npz,-6.349689483642578,-6.349689483642578,4.767721176147461,1
FakeVideo-RealAudio/Asian (South)/women/id00747/00053_id06428_wavtolip.npz,-6.050055027008057,-6.050055027008057,4.914797306060791,1
FakeVideo-RealAudio/Asian (South)/women/id00747/00053_id07236_Fe0sdHw3sc4.npz,-5.631479263305664,-5.631479263305664,5.151921272277832,1
FakeVideo-RealAudio/Asian (South)/women/id07689/00028_1.npz,-5.1942572593688965,-5.1942572593688965,5.86807918548584,1
FakeVideo-RealAudio/Asian (South)/women/id07689/00028_2.npz,-5.581718921661377,-5.581718921661377,4.724907875061035,1
FakeVideo-RealAudio/Asian (South)/women/id07689/00028_3.npz,-3.753894329071045,-3.753894329071045,5.730675220489502,1
FakeVideo-RealAudio/Asian (South)/women/id07689/00028_id00080_wavtolip.npz,-5.975705146789551,-5.975705146789551,5.0455169677734375,1
FakeVideo-RealAudio/Asian (South)/women/id07689/00028_id00488_wavtolip.npz,-5.986262798309326,-5.986262798309326,5.039737224578857,1
FakeVideo-RealAudio/Asian (South)/women/id07689/00028_id01026_wavtolip.npz,-6.243727684020996,-6.243727684020996,4.895514011383057,1
FakeVideo-RealAudio/Asian (South)/women/id07689/00028_id03985_01aVtyjfVFM.npz,-5.363439559936523,-5.363439559936523,5.016077995300293,1
FakeVideo-RealAudio/Asian (South)/women/id07689/00028_id03985_01aVtyjfVFM_faceswap.npz,-5.551543235778809,-5.551543235778809,5.054467678070068,1
FakeVideo-RealAudio/Asian (South)/women/id07689/00028_id03985_wavtolip.npz,-6.333295822143555,-6.333295822143555,4.867624282836914,1
FakeVideo-RealAudio/Asian (South)/women/id07689/00028_id04070_wavtolip.npz,-5.58732795715332,-5.58732795715332,4.899424076080322,1
FakeVideo-RealAudio/Asian (South)/women/id07689/00028_id04583_M10zZFjuAb0.npz,-4.643490791320801,-4.643490791320801,5.019459247589111,1
FakeVideo-RealAudio/Asian (South)/women/id07689/00028_id05434_6p7kCmdOjDQ.npz,-5.519889831542969,-5.519889831542969,5.127213478088379,1
FakeVideo-RealAudio/Asian (South)/women/id07689/00028_id05434_wavtolip.npz,-6.302978515625,-6.302978515625,4.788885593414307,1
FakeVideo-RealAudio/Asian (South)/women/id07689/00028_id05435_OvX-Jv_whcU.npz,-5.24083137512207,-5.24083137512207,5.0284881591796875,1
FakeVideo-RealAudio/Asian (South)/women/id07689/00028_id05845_XfMHm6CEwPw.npz,-5.147312164306641,-5.147312164306641,5.009795665740967,1
FakeVideo-RealAudio/Asian (South)/women/id07689/00028_id05920_LuLTJu54joo.npz,-5.203477382659912,-5.203477382659912,5.018065929412842,1
FakeVideo-RealAudio/Asian (South)/women/id07689/00028_id06254_wavtolip.npz,-6.1345319747924805,-6.1345319747924805,4.8033342361450195,1
FakeVideo-RealAudio/Asian (South)/women/id07689/00028_id06428_wavtolip.npz,-6.049546241760254,-6.049546241760254,4.8825531005859375,1
FakeVideo-RealAudio/Asian (South)/women/id07689/00028_id06438_vf3xBVgYqYA.npz,-5.243456840515137,-5.243456840515137,5.026013374328613,1
FakeVideo-RealAudio/Asian (South)/women/id07689/00028_id06438_wavtolip.npz,-6.286728382110596,-6.286728382110596,4.668275356292725,1
FakeVideo-RealAudio/Asian (South)/women/id07689/00028_id06752_wavtolip.npz,-5.983974933624268,-5.983974933624268,5.073960304260254,1
FakeVideo-RealAudio/Asian (South)/women/id07689/00028_id07136_4e43eS5p3_M.npz,-4.851047992706299,-4.851047992706299,4.982803821563721,1
FakeVideo-RealAudio/Asian (South)/women/id05920/00161_id00235_wavtolip.npz,-5.632800102233887,-5.632800102233887,4.9020304679870605,1
FakeVideo-RealAudio/Asian (South)/women/id05920/00161_id00488_wavtolip.npz,-6.161534786224365,-6.161534786224365,4.773254871368408,1
FakeVideo-RealAudio/Asian (South)/women/id05920/00161_id04070_wavtolip.npz,-5.509603500366211,-5.509603500366211,4.799271583557129,1
FakeVideo-RealAudio/Asian (South)/women/id05920/00161_id04927_8MD618FRyfA.npz,-6.135534286499023,-6.135534286499023,4.883627891540527,1
FakeVideo-RealAudio/Asian (South)/women/id05920/00161_id05434_wavtolip.npz,-6.301634788513184,-6.301634788513184,4.795921325683594,1
FakeVideo-RealAudio/Asian (South)/women/id05920/00161_id05845_XfMHm6CEwPw.npz,-6.144228458404541,-6.144228458404541,4.85149621963501,1
FakeVideo-RealAudio/Asian (South)/women/id05920/00161_id05845_XfMHm6CEwPw_faceswap.npz,-6.129127025604248,-6.129127025604248,4.944484710693359,1
FakeVideo-RealAudio/Asian (South)/women/id05920/00161_id05845_wavtolip.npz,-6.158243656158447,-6.158243656158447,4.852286338806152,1
FakeVideo-RealAudio/Asian (South)/women/id05920/00161_id05931_bFqu86NV3hk.npz,-6.146239280700684,-6.146239280700684,4.924839496612549,1
FakeVideo-RealAudio/Asian (South)/women/id05920/00161_id05931_wavtolip.npz,-6.294152736663818,-6.294152736663818,4.676484107971191,1
FakeVideo-RealAudio/Asian (South)/women/id05920/00161_id06428_A9nvRKd1afA.npz,-6.136214256286621,-6.136214256286621,4.87372350692749,1
FakeVideo-RealAudio/Asian (South)/women/id05920/00161_id06437_wavtolip.npz,-4.990806579589844,-4.990806579589844,4.706665992736816,1
FakeVideo-RealAudio/Asian (South)/women/id05920/00161_id07008_wavtolip.npz,-6.145463943481445,-6.145463943481445,4.8029890060424805,1
FakeVideo-RealAudio/Asian (South)/women/id05920/00161_id07049_BiljgZcyWI4.npz,-6.140717029571533,-6.140717029571533,4.853957176208496,1
FakeVideo-RealAudio/Asian (South)/women/id05920/00161_id07051_wavtolip.npz,-5.819974422454834,-5.819974422454834,4.792661190032959,1
FakeVideo-RealAudio/Asian (South)/women/id05920/00161_id07078_sLVbTD3Dtgw.npz,-6.145772933959961,-6.145772933959961,4.890681266784668,1
FakeVideo-RealAudio/Asian (South)/women/id05920/00161_id07377_FGNavKcGANA.npz,-6.124952793121338,-6.124952793121338,4.893624305725098,1
FakeVideo-RealAudio/Asian (South)/women/id05920/00161_id07377_wavtolip.npz,-6.140405178070068,-6.140405178070068,4.775174617767334,1
FakeVideo-RealAudio/Asian (South)/women/id05920/00161_id07689_2ie0g83JkgA.npz,-6.1439361572265625,-6.1439361572265625,4.842498302459717,1
FakeVideo-RealAudio/Asian (South)/women/id06254/00043_0.npz,-5.858582019805908,-5.858582019805908,5.147908687591553,1
FakeVideo-RealAudio/Asian (South)/women/id06254/00043_id00417_GhIZam3v09g.npz,-6.101040840148926,-6.101040840148926,4.837337017059326,1
FakeVideo-RealAudio/Asian (South)/women/id06254/00043_id00417_wavtolip.npz,-6.234896659851074,-6.234896659851074,4.653560638427734,1
FakeVideo-RealAudio/Asian (South)/women/id06254/00043_id02619_wavtolip.npz,-6.301398754119873,-6.301398754119873,4.602295875549316,1
FakeVideo-RealAudio/Asian (South)/women/id06254/00043_id03559_wavtolip.npz,-5.901759147644043,-5.901759147644043,4.817038536071777,1
FakeVideo-RealAudio/Asian (South)/women/id06254/00043_id04564_wavtolip.npz,-6.12346076965332,-6.12346076965332,5.046072006225586,1
FakeVideo-RealAudio/Asian (South)/women/id06254/00043_id04564_xUz03LwKRtQ.npz,-6.10536527633667,-6.10536527633667,4.829804420471191,1
FakeVideo-RealAudio/Asian (South)/women/id06254/00043_id04582_Pm9dX-TxNx0.npz,-6.114043235778809,-6.114043235778809,4.861679553985596,1
FakeVideo-RealAudio/Asian (South)/women/id06254/00043_id05845_XfMHm6CEwPw.npz,-6.110450267791748,-6.110450267791748,4.8685150146484375,1
FakeVideo-RealAudio/Asian (South)/women/id06254/00043_id05931_bFqu86NV3hk.npz,-6.104424476623535,-6.104424476623535,4.884540557861328,1
FakeVideo-RealAudio/Asian (South)/women/id06254/00043_id05931_bFqu86NV3hk_faceswap.npz,-6.084638595581055,-6.084638595581055,4.850128173828125,1
FakeVideo-RealAudio/Asian (South)/women/id06254/00043_id06343_wavtolip.npz,-6.336917877197266,-6.336917877197266,4.586426734924316,1
FakeVideo-RealAudio/Asian (South)/women/id06254/00043_id06437_wavtolip.npz,-5.59761381149292,-5.59761381149292,4.843071460723877,1
FakeVideo-RealAudio/Asian (South)/women/id06254/00043_id06445_wavtolip.npz,-5.663779258728027,-5.663779258728027,4.8289690017700195,1
FakeVideo-RealAudio/Asian (South)/women/id06254/00043_id07008_wavtolip.npz,-6.118834495544434,-6.118834495544434,4.770540714263916,1
FakeVideo-RealAudio/Asian (South)/women/id06254/00043_id07049_wavtolip.npz,-6.072980880737305,-6.072980880737305,4.9979753494262695,1
FakeVideo-RealAudio/Asian (South)/women/id06254/00043_id07051_d1c0Pl2aP_4.npz,-6.103402137756348,-6.103402137756348,4.826976776123047,1
FakeVideo-RealAudio/Asian (South)/women/id06254/00043_id07051_wavtolip.npz,-5.552159786224365,-5.552159786224365,4.827631950378418,1
FakeVideo-RealAudio/Asian (South)/women/id06254/00043_id07136_4e43eS5p3_M.npz,-6.111627578735352,-6.111627578735352,4.83429479598999,1
FakeVideo-RealAudio/Asian (South)/women/id06254/00043_id07236_Fe0sdHw3sc4.npz,-6.089702606201172,-6.089702606201172,4.817723751068115,1
FakeVideo-RealAudio/Asian (South)/women/id00417/00069_id00235_F7aHtfdzytQ.npz,-6.113945960998535,-6.113945960998535,4.659958839416504,1
FakeVideo-RealAudio/Asian (South)/women/id00417/00069_id00461_wavtolip.npz,-6.265571594238281,-6.265571594238281,4.765748500823975,1
FakeVideo-RealAudio/Asian (South)/women/id00417/00069_id00739_CT-6UmfLiU0.npz,-6.072411060333252,-6.072411060333252,4.628190517425537,1
FakeVideo-RealAudio/Asian (South)/women/id00417/00069_id00739_CT-6UmfLiU0_faceswap.npz,-6.129574298858643,-6.129574298858643,4.675021171569824,1
FakeVideo-RealAudio/Asian (South)/women/id00417/00069_id00747_wavtolip.npz,-6.268982887268066,-6.268982887268066,4.589178085327148,1
FakeVideo-RealAudio/Asian (South)/women/id00417/00069_id03559_pgetxl1qbzM.npz,-5.742169380187988,-5.742169380187988,4.702812671661377,1
FakeVideo-RealAudio/Asian (South)/women/id00417/00069_id03559_wavtolip.npz,-6.255155563354492,-6.255155563354492,4.729737758636475,1
FakeVideo-RealAudio/Asian (South)/women/id00417/00069_id03897_wavtolip.npz,-5.856553077697754,-5.856553077697754,4.63826847076416,1
FakeVideo-RealAudio/Asian (South)/women/id00417/00069_id04530_W5-PTTL9HzU.npz,-5.337984085083008,-5.337984085083008,4.671479225158691,1
FakeVideo-RealAudio/Asian (South)/women/id00417/00069_id04583_M10zZFjuAb0.npz,-5.524194240570068,-5.524194240570068,4.641351222991943,1
FakeVideo-RealAudio/Asian (South)/women/id00417/00069_id05434_6p7kCmdOjDQ.npz,-5.8252058029174805,-5.8252058029174805,4.656988620758057,1
FakeVideo-RealAudio/Asian (South)/women/id00417/00069_id05478_VJkjRzPt-Jw.npz,-5.997610569000244,-5.997610569000244,4.6692423820495605,1
FakeVideo-RealAudio/Asian (South)/women/id00417/00069_id05478_wavtolip.npz,-6.261176109313965,-6.261176109313965,4.705135345458984,1
FakeVideo-RealAudio/Asian (South)/women/id00417/00069_id05845_XfMHm6CEwPw.npz,-6.097438335418701,-6.097438335418701,4.681402206420898,1
FakeVideo-RealAudio/Asian (South)/women/id00417/00069_id06232_wavtolip.npz,-6.174977779388428,-6.174977779388428,4.681102752685547,1
FakeVideo-RealAudio/Asian (South)/women/id00417/00069_id06268_wavtolip.npz,-6.2479023933410645,-6.2479023933410645,4.652395725250244,1
FakeVideo-RealAudio/Asian (South)/women/id00417/00069_id06445_wavtolip.npz,-6.23391056060791,-6.23391056060791,4.682105541229248,1
FakeVideo-RealAudio/Asian (South)/women/id00417/00069_id06752_wavtolip.npz,-6.27691650390625,-6.27691650390625,4.75831937789917,1
FakeVideo-RealAudio/Asian (South)/women/id00417/00069_id07689_wavtolip.npz,-6.267637252807617,-6.267637252807617,4.6239423751831055,1
FakeVideo-RealAudio/Asian (South)/women/id05478/00135_0.npz,-5.304520130157471,-5.304520130157471,5.151113510131836,1
FakeVideo-RealAudio/Asian (South)/women/id05478/00135_id00043_wavtolip.npz,-6.126397132873535,-6.126397132873535,4.815758228302002,1
FakeVideo-RealAudio/Asian (South)/women/id05478/00135_id00235_F7aHtfdzytQ.npz,-5.510830879211426,-5.510830879211426,5.0360541343688965,1
FakeVideo-RealAudio/Asian (South)/women/id05478/00135_id00461_wavtolip.npz,-5.937183856964111,-5.937183856964111,5.0599565505981445,1
FakeVideo-RealAudio/Asian (South)/women/id05478/00135_id00488_F3YxmZ9CYFw.npz,-5.816245079040527,-5.816245079040527,4.989624977111816,1
FakeVideo-RealAudio/Asian (South)/women/id05478/00135_id02619_wavtolip.npz,-6.39070987701416,-6.39070987701416,4.601419448852539,1
FakeVideo-RealAudio/Asian (South)/women/id05478/00135_id03559_pgetxl1qbzM.npz,-5.635367393493652,-5.635367393493652,5.027317523956299,1
FakeVideo-RealAudio/Asian (South)/women/id05478/00135_id04583_M10zZFjuAb0.npz,-5.615602970123291,-5.615602970123291,5.005975723266602,1
FakeVideo-RealAudio/Asian (South)/women/id05478/00135_id04927_8MD618FRyfA.npz,-5.716423034667969,-5.716423034667969,4.997143268585205,1
FakeVideo-RealAudio/Asian (South)/women/id05478/00135_id05435_OvX-Jv_whcU.npz,-5.877398490905762,-5.877398490905762,4.987954139709473,1
FakeVideo-RealAudio/Asian (South)/women/id05478/00135_id05845_XfMHm6CEwPw.npz,-5.623571395874023,-5.623571395874023,5.035100936889648,1
FakeVideo-RealAudio/Asian (South)/women/id05478/00135_id05845_XfMHm6CEwPw_faceswap.npz,-5.725316524505615,-5.725316524505615,5.0493340492248535,1
FakeVideo-RealAudio/Asian (South)/women/id05478/00135_id05920_wavtolip.npz,-6.151634693145752,-6.151634693145752,4.782973289489746,1
FakeVideo-RealAudio/Asian (South)/women/id05478/00135_id06232_wavtolip.npz,-6.099892616271973,-6.099892616271973,4.8664374351501465,1
FakeVideo-RealAudio/Asian (South)/women/id05478/00135_id06268_wavtolip.npz,-5.969239234924316,-5.969239234924316,4.993633270263672,1
FakeVideo-RealAudio/Asian (South)/women/id05478/00135_id06438_vf3xBVgYqYA.npz,-5.756014823913574,-5.756014823913574,5.007578372955322,1
FakeVideo-RealAudio/Asian (South)/women/id05478/00135_id06439_wavtolip.npz,-5.935690402984619,-5.935690402984619,5.06960391998291,1
FakeVideo-RealAudio/Asian (South)/women/id05478/00135_id06752_wavtolip.npz,-5.941367149353027,-5.941367149353027,4.945459842681885,1
FakeVideo-RealAudio/Asian (South)/women/id05478/00135_id07051_wavtolip.npz,-5.8362812995910645,-5.8362812995910645,4.88206672668457,1
FakeVideo-RealAudio/Asian (South)/women/id05478/00135_id07377_wavtolip.npz,-5.915216445922852,-5.915216445922852,5.0302019119262695,1
FakeVideo-RealAudio/Asian (South)/women/id06445/00150_0.npz,-5.804471969604492,-5.804471969604492,5.195374488830566,1
FakeVideo-RealAudio/Asian (South)/women/id06445/00150_id00043_DxY87QyzDN8.npz,-4.7153706550598145,-4.7153706550598145,5.924649715423584,1
FakeVideo-RealAudio/Asian (South)/women/id06445/00150_id00080_wavtolip.npz,-5.9569501876831055,-5.9569501876831055,5.085144519805908,1
FakeVideo-RealAudio/Asian (South)/women/id06445/00150_id00461_Ort9NW3SJU4.npz,-4.897493839263916,-4.897493839263916,5.9169793128967285,1
FakeVideo-RealAudio/Asian (South)/women/id06445/00150_id02089_wavtolip.npz,-5.485945701599121,-5.485945701599121,5.4488677978515625,1
FakeVideo-RealAudio/Asian (South)/women/id06445/00150_id02310_wavtolip.npz,-5.536201000213623,-5.536201000213623,5.472326755523682,1
FakeVideo-RealAudio/Asian (South)/women/id06445/00150_id03815_wavtolip.npz,-6.151540756225586,-6.151540756225586,4.945525169372559,1
FakeVideo-RealAudio/Asian (South)/women/id06445/00150_id04070_wavtolip.npz,-3.2072184085845947,-3.2072184085845947,4.959297180175781,1
FakeVideo-RealAudio/Asian (South)/women/id06445/00150_id04530_wavtolip.npz,-6.036167144775391,-6.036167144775391,4.786177635192871,1
FakeVideo-RealAudio/Asian (South)/women/id06445/00150_id04582_Pm9dX-TxNx0.npz,-3.8381893634796143,-3.8381893634796143,5.9124436378479,1
FakeVideo-RealAudio/Asian (South)/women/id06445/00150_id04582_Pm9dX-TxNx0_faceswap.npz,-3.3812623023986816,-3.3812623023986816,5.9195733070373535,1
FakeVideo-RealAudio/Asian (South)/women/id06445/00150_id05434_6p7kCmdOjDQ.npz,-4.550430774688721,-4.550430774688721,5.936488151550293,1
FakeVideo-RealAudio/Asian (South)/women/id06445/00150_id05845_wavtolip.npz,-6.034162998199463,-6.034162998199463,4.945955276489258,1
FakeVideo-RealAudio/Asian (South)/women/id06445/00150_id06343__Tf30YR4M3w.npz,-4.409269332885742,-4.409269332885742,5.903627872467041,1
FakeVideo-RealAudio/Asian (South)/women/id06445/00150_id06428_wavtolip.npz,-6.0548505783081055,-6.0548505783081055,4.88996696472168,1
FakeVideo-RealAudio/Asian (South)/women/id06445/00150_id06445_wavtolip.npz,-2.969776153564453,-2.969776153564453,5.9534831047058105,1
FakeVideo-RealAudio/Asian (South)/women/id06445/00150_id07078_sLVbTD3Dtgw.npz,-4.89093542098999,-4.89093542098999,5.905681610107422,1
FakeVideo-RealAudio/Asian (South)/women/id06445/00150_id07136_4e43eS5p3_M.npz,-4.2012763023376465,-4.2012763023376465,5.924038410186768,1
FakeVideo-RealAudio/Asian (South)/women/id06445/00150_id07236_wavtolip.npz,-3.5080950260162354,-3.5080950260162354,4.920897006988525,1
FakeVideo-RealAudio/Asian (South)/women/id06445/00150_id07377_FGNavKcGANA.npz,-4.522392272949219,-4.522392272949219,5.907070636749268,1
FakeVideo-RealAudio/Asian (South)/women/id04582/00180_0.npz,-5.992016792297363,-5.992016792297363,4.765827655792236,1
FakeVideo-RealAudio/Asian (South)/women/id04582/00180_id00043_DxY87QyzDN8.npz,-5.443389415740967,-5.443389415740967,5.470341205596924,1
FakeVideo-RealAudio/Asian (South)/women/id04582/00180_id00149_wavtolip.npz,-5.81554651260376,-5.81554651260376,5.138913631439209,1
FakeVideo-RealAudio/Asian (South)/women/id04582/00180_id00235_F7aHtfdzytQ.npz,-5.4567131996154785,-5.4567131996154785,5.484431743621826,1
FakeVideo-RealAudio/Asian (South)/women/id04582/00180_id00417_GhIZam3v09g.npz,-5.450865745544434,-5.450865745544434,5.494091987609863,1
FakeVideo-RealAudio/Asian (South)/women/id04582/00180_id00461_wavtolip.npz,-5.939927577972412,-5.939927577972412,5.070793151855469,1
FakeVideo-RealAudio/Asian (South)/women/id04582/00180_id00747_wavtolip.npz,-5.881661891937256,-5.881661891937256,5.010480880737305,1
FakeVideo-RealAudio/Asian (South)/women/id04582/00180_id02089_ZC5FjKDazrM.npz,-5.445390224456787,-5.445390224456787,5.459497928619385,1
FakeVideo-RealAudio/Asian (South)/women/id04582/00180_id04529_wavtolip.npz,-6.16396427154541,-6.16396427154541,4.837031841278076,1
FakeVideo-RealAudio/Asian (South)/women/id04582/00180_id04564_wavtolip.npz,-5.853921413421631,-5.853921413421631,5.2439422607421875,1
FakeVideo-RealAudio/Asian (South)/women/id04582/00180_id04927_wavtolip.npz,-6.244892597198486,-6.244892597198486,4.631030082702637,1
FakeVideo-RealAudio/Asian (South)/women/id04582/00180_id06254_8VSfI86Fua4.npz,-5.4561896324157715,-5.4561896324157715,5.4789652824401855,1
FakeVideo-RealAudio/Asian (South)/women/id04582/00180_id06268_wavtolip.npz,-5.820249557495117,-5.820249557495117,4.999917507171631,1
FakeVideo-RealAudio/Asian (South)/women/id04582/00180_id06439_wavtolip.npz,-5.8424787521362305,-5.8424787521362305,5.1355438232421875,1
FakeVideo-RealAudio/Asian (South)/women/id04582/00180_id06445_NWtdqOxEbDY.npz,-5.459418296813965,-5.459418296813965,5.470093727111816,1
FakeVideo-RealAudio/Asian (South)/women/id04582/00180_id06445_NWtdqOxEbDY_faceswap.npz,-5.4359517097473145,-5.4359517097473145,5.471806526184082,1
FakeVideo-RealAudio/Asian (South)/women/id04582/00180_id07051_wavtolip.npz,-5.6755828857421875,-5.6755828857421875,5.159916400909424,1
FakeVideo-RealAudio/Asian (South)/women/id04582/00180_id07136_4e43eS5p3_M.npz,-5.4511613845825195,-5.4511613845825195,5.469116687774658,1
FakeVideo-RealAudio/Asian (South)/women/id04582/00180_id07236_Fe0sdHw3sc4.npz,-5.456172943115234,-5.456172943115234,5.494618892669678,1
FakeVideo-RealAudio/Asian (South)/women/id04582/00180_id07689_wavtolip.npz,-5.983102321624756,-5.983102321624756,4.871055603027344,1
FakeVideo-RealAudio/Asian (South)/women/id02089/00092_0.npz,-5.730278015136719,-5.730278015136719,5.23915433883667,1
FakeVideo-RealAudio/Asian (South)/women/id02089/00092_id02310_wavtolip.npz,-5.545403480529785,-5.545403480529785,5.421309947967529,1
FakeVideo-RealAudio/Asian (South)/women/id02089/00092_id03559_pgetxl1qbzM.npz,-5.201257705688477,-5.201257705688477,5.5379557609558105,1
FakeVideo-RealAudio/Asian (South)/women/id02089/00092_id03985_wavtolip.npz,-6.21041202545166,-6.21041202545166,4.515611171722412,1
FakeVideo-RealAudio/Asian (South)/women/id02089/00092_id04529_S92uo-UShxE.npz,-5.367951393127441,-5.367951393127441,5.561673164367676,1
FakeVideo-RealAudio/Asian (South)/women/id02089/00092_id04529_S92uo-UShxE_faceswap.npz,-4.874608993530273,-4.874608993530273,5.518094062805176,1
FakeVideo-RealAudio/Asian (South)/women/id02089/00092_id04564_xUz03LwKRtQ.npz,-5.275498867034912,-5.275498867034912,5.545859336853027,1
FakeVideo-RealAudio/Asian (South)/women/id02089/00092_id04582_Pm9dX-TxNx0.npz,-5.244521617889404,-5.244521617889404,5.542868137359619,1
FakeVideo-RealAudio/Asian (South)/women/id02089/00092_id04582_wavtolip.npz,-5.495978832244873,-5.495978832244873,5.377813339233398,1
FakeVideo-RealAudio/Asian (South)/women/id02089/00092_id04927_8MD618FRyfA.npz,-5.267945289611816,-5.267945289611816,5.537178993225098,1
FakeVideo-RealAudio/Asian (South)/women/id02089/00092_id05434_6p7kCmdOjDQ.npz,-5.268085479736328,-5.268085479736328,5.563194751739502,1
FakeVideo-RealAudio/Asian (South)/women/id02089/00092_id05478_wavtolip.npz,-5.924249172210693,-5.924249172210693,5.0020599365234375,1
FakeVideo-RealAudio/Asian (South)/women/id02089/00092_id05845_wavtolip.npz,-6.030943393707275,-6.030943393707275,4.8541412353515625,1
FakeVideo-RealAudio/Asian (South)/women/id02089/00092_id06254_8VSfI86Fua4.npz,-5.376982688903809,-5.376982688903809,5.551976680755615,1
FakeVideo-RealAudio/Asian (South)/women/id02089/00092_id06254_wavtolip.npz,-6.144007205963135,-6.144007205963135,4.716705322265625,1
FakeVideo-RealAudio/Asian (South)/women/id02089/00092_id06343_wavtolip.npz,-6.342825889587402,-6.342825889587402,4.576486110687256,1
FakeVideo-RealAudio/Asian (South)/women/id02089/00092_id06445_NWtdqOxEbDY.npz,-5.274440288543701,-5.274440288543701,5.528615474700928,1
FakeVideo-RealAudio/Asian (South)/women/id02089/00092_id06752_wavtolip.npz,-5.48837947845459,-5.48837947845459,5.414455413818359,1
FakeVideo-RealAudio/Asian (South)/women/id02089/00092_id07377_wavtolip.npz,-5.837945461273193,-5.837945461273193,5.020474433898926,1
FakeVideo-RealAudio/Asian (South)/women/id02089/00092_id07686_wavtolip.npz,-3.9396491050720215,-3.9396491050720215,4.972356796264648,1
FakeVideo-RealAudio/Asian (South)/women/id00149/00284_0.npz,-2.78912353515625,-2.78912353515625,4.9723591804504395,1
FakeVideo-RealAudio/Asian (South)/women/id00149/00284_id00149_wavtolip.npz,-5.659558296203613,-5.659558296203613,5.1415486335754395,1
FakeVideo-RealAudio/Asian (South)/women/id00149/00284_id00417_wavtolip.npz,-6.033822059631348,-6.033822059631348,4.78143310546875,1
FakeVideo-RealAudio/Asian (South)/women/id00149/00284_id00461_Ort9NW3SJU4.npz,-5.352603435516357,-5.352603435516357,5.176919460296631,1
FakeVideo-RealAudio/Asian (South)/women/id00149/00284_id00747_wavtolip.npz,-5.864407062530518,-5.864407062530518,4.929115295410156,1
FakeVideo-RealAudio/Asian (South)/women/id00149/00284_id02310_zA-8Pw0SvZg.npz,-5.593827247619629,-5.593827247619629,5.178325653076172,1
FakeVideo-RealAudio/Asian (South)/women/id00149/00284_id02619_wavtolip.npz,-6.371269702911377,-6.371269702911377,4.579977989196777,1
FakeVideo-RealAudio/Asian (South)/women/id00149/00284_id03559_pgetxl1qbzM.npz,-4.275308609008789,-4.275308609008789,5.158111572265625,1
FakeVideo-RealAudio/Asian (South)/women/id00149/00284_id04530_W5-PTTL9HzU.npz,-5.504147529602051,-5.504147529602051,5.162534713745117,1
FakeVideo-RealAudio/Asian (South)/women/id00149/00284_id04582_wavtolip.npz,-5.835818767547607,-5.835818767547607,5.15706729888916,1
FakeVideo-RealAudio/Asian (South)/women/id00149/00284_id04583_M10zZFjuAb0.npz,-5.3422369956970215,-5.3422369956970215,5.166058540344238,1
FakeVideo-RealAudio/Asian (South)/women/id00149/00284_id04583_wavtolip.npz,-6.118371963500977,-6.118371963500977,4.806313991546631,1
FakeVideo-RealAudio/Asian (South)/women/id00149/00284_id05920_wavtolip.npz,-6.149709701538086,-6.149709701538086,4.801548480987549,1
FakeVideo-RealAudio/Asian (South)/women/id00149/00284_id06232_wavtolip.npz,-3.6567981243133545,-3.6567981243133545,4.731602191925049,1
FakeVideo-RealAudio/Asian (South)/women/id00149/00284_id06343_wavtolip.npz,-6.336555480957031,-6.336555480957031,4.625329494476318,1
FakeVideo-RealAudio/Asian (South)/women/id00149/00284_id07136_4e43eS5p3_M.npz,-5.5984601974487305,-5.5984601974487305,5.164977073669434,1
FakeVideo-RealAudio/Asian (South)/women/id00149/00284_id07136_4e43eS5p3_M_faceswap.npz,-5.351354122161865,-5.351354122161865,5.16732931137085,1
FakeVideo-RealAudio/Asian (South)/women/id00149/00284_id07377_FGNavKcGANA.npz,-5.495028972625732,-5.495028972625732,5.164567470550537,1
FakeVideo-RealAudio/Asian (South)/women/id00149/00284_id07686_wavtolip.npz,-3.616173267364502,-3.616173267364502,4.96164083480835,1
FakeVideo-RealAudio/Asian (South)/women/id00149/00284_id07689_2ie0g83JkgA.npz,-5.241932392120361,-5.241932392120361,5.149939060211182,1
FakeVideo-RealAudio/Asian (South)/women/id06439/00118_id00043_wavtolip.npz,-6.126700401306152,-6.126700401306152,4.753826141357422,1
FakeVideo-RealAudio/Asian (South)/women/id06439/00118_id00417_GhIZam3v09g.npz,-5.810399055480957,-5.810399055480957,5.206644535064697,1
FakeVideo-RealAudio/Asian (South)/women/id06439/00118_id00417_GhIZam3v09g_faceswap.npz,-5.7796525955200195,-5.7796525955200195,5.154032230377197,1
FakeVideo-RealAudio/Asian (South)/women/id06439/00118_id00739_wavtolip.npz,-5.83711051940918,-5.83711051940918,5.2420549392700195,1
FakeVideo-RealAudio/Asian (South)/women/id06439/00118_id02310_wavtolip.npz,-5.8225321769714355,-5.8225321769714355,5.161893367767334,1
FakeVideo-RealAudio/Asian (South)/women/id06439/00118_id02619_wavtolip.npz,-6.349452018737793,-6.349452018737793,4.553762912750244,1
FakeVideo-RealAudio/Asian (South)/women/id06439/00118_id04529_wavtolip.npz,-6.165455341339111,-6.165455341339111,4.810910224914551,1
FakeVideo-RealAudio/Asian (South)/women/id06439/00118_id04583_M10zZFjuAb0.npz,-5.820118427276611,-5.820118427276611,5.1972575187683105,1
FakeVideo-RealAudio/Asian (South)/women/id06439/00118_id05435_wavtolip.npz,-1.1609939336776733,-1.1609939336776733,4.692615985870361,1
FakeVideo-RealAudio/Asian (South)/women/id06439/00118_id05478_VJkjRzPt-Jw.npz,-5.8204874992370605,-5.8204874992370605,5.262584209442139,1
FakeVideo-RealAudio/Asian (South)/women/id06439/00118_id06232_wavtolip.npz,-3.632782220840454,-3.632782220840454,4.631793022155762,1
FakeVideo-RealAudio/Asian (South)/women/id06439/00118_id06428_A9nvRKd1afA.npz,-5.7629241943359375,-5.7629241943359375,5.227976322174072,1
FakeVideo-RealAudio/Asian (South)/women/id06439/00118_id06428_wavtolip.npz,-6.053933143615723,-6.053933143615723,4.752513885498047,1
FakeVideo-RealAudio/Asian (South)/women/id06439/00118_id06437_wavtolip.npz,-5.45281982421875,-5.45281982421875,5.161180019378662,1
FakeVideo-RealAudio/Asian (South)/women/id06439/00118_id06445_NWtdqOxEbDY.npz,-5.815217018127441,-5.815217018127441,5.222329139709473,1
FakeVideo-RealAudio/Asian (South)/women/id06439/00118_id06752_wavtolip.npz,-5.796016693115234,-5.796016693115234,5.150346755981445,1
FakeVideo-RealAudio/Asian (South)/women/id06439/00118_id07136_4e43eS5p3_M.npz,-5.794409275054932,-5.794409275054932,5.296748161315918,1
FakeVideo-RealAudio/Asian (South)/women/id06439/00118_id07377_FGNavKcGANA.npz,-5.815702438354492,-5.815702438354492,5.23675537109375,1
FakeVideo-RealAudio/Asian (South)/women/id06439/00118_id07689_2ie0g83JkgA.npz,-5.809462070465088,-5.809462070465088,5.2392425537109375,1
FakeVideo-RealAudio/Asian (South)/women/id05931/00013_0.npz,-5.523694038391113,-5.523694038391113,4.718628883361816,1
FakeVideo-RealAudio/Asian (South)/women/id05931/00013_id00149_wavtolip.npz,-6.171377658843994,-6.171377658843994,4.731449127197266,1
FakeVideo-RealAudio/Asian (South)/women/id05931/00013_id00235_wavtolip.npz,-4.974282264709473,-4.974282264709473,4.746376037597656,1
FakeVideo-RealAudio/Asian (South)/women/id05931/00013_id00739_CT-6UmfLiU0.npz,-6.202017784118652,-6.202017784118652,4.7108473777771,1
FakeVideo-RealAudio/Asian (South)/women/id05931/00013_id01026_rM4ZERt7oM0.npz,-5.944073677062988,-5.944073677062988,4.796989917755127,1
FakeVideo-RealAudio/Asian (South)/women/id05931/00013_id01026_rM4ZERt7oM0_faceswap.npz,-5.35408878326416,-5.35408878326416,4.744498252868652,1
FakeVideo-RealAudio/Asian (South)/women/id05931/00013_id02089_wavtolip.npz,-5.691378593444824,-5.691378593444824,4.761501312255859,1
FakeVideo-RealAudio/Asian (South)/women/id05931/00013_id03559_pgetxl1qbzM.npz,-5.967161655426025,-5.967161655426025,4.76795768737793,1
FakeVideo-RealAudio/Asian (South)/women/id05931/00013_id03559_wavtolip.npz,-6.154521942138672,-6.154521942138672,4.815361976623535,1
FakeVideo-RealAudio/Asian (South)/women/id05931/00013_id04070_wavtolip.npz,-4.807644367218018,-4.807644367218018,4.796938419342041,1
FakeVideo-RealAudio/Asian (South)/women/id05931/00013_id04583_wavtolip.npz,-6.257237434387207,-6.257237434387207,4.755718231201172,1
FakeVideo-RealAudio/Asian (South)/women/id05931/00013_id04927_8MD618FRyfA.npz,-5.97070837020874,-5.97070837020874,4.747222423553467,1
FakeVideo-RealAudio/Asian (South)/women/id05931/00013_id05435_OvX-Jv_whcU.npz,-6.091495513916016,-6.091495513916016,4.794821262359619,1
FakeVideo-RealAudio/Asian (South)/women/id05931/00013_id05435_wavtolip.npz,-1.5936001539230347,-1.5936001539230347,4.870375156402588,1
FakeVideo-RealAudio/Asian (South)/women/id05931/00013_id05845_XfMHm6CEwPw.npz,-5.994204521179199,-5.994204521179199,4.793070316314697,1
FakeVideo-RealAudio/Asian (South)/women/id05931/00013_id06268_wavtolip.npz,-5.07568359375,-5.07568359375,4.770590305328369,1
FakeVideo-RealAudio/Asian (South)/women/id05931/00013_id07049_BiljgZcyWI4.npz,-6.126081943511963,-6.126081943511963,4.842304229736328,1
FakeVideo-RealAudio/Asian (South)/women/id05931/00013_id07136_4e43eS5p3_M.npz,-6.178654670715332,-6.178654670715332,4.7855448722839355,1
FakeVideo-RealAudio/Asian (South)/women/id05931/00013_id07236_wavtolip.npz,-5.3736958503723145,-5.3736958503723145,4.86389684677124,1
FakeVideo-RealAudio/Asian (South)/women/id05931/00013_id07689_wavtolip.npz,-5.9611334800720215,-5.9611334800720215,4.857666492462158,1
FakeVideo-RealAudio/Asian (South)/women/id07051/00083_id00461_Ort9NW3SJU4.npz,-4.5363969802856445,-4.5363969802856445,5.1649298667907715,1
FakeVideo-RealAudio/Asian (South)/women/id07051/00083_id00461_wavtolip.npz,-5.946572303771973,-5.946572303771973,4.933958530426025,1
FakeVideo-RealAudio/Asian (South)/women/id07051/00083_id00739_wavtolip.npz,-5.835425853729248,-5.835425853729248,5.1877946853637695,1
FakeVideo-RealAudio/Asian (South)/women/id07051/00083_id01026_wavtolip.npz,-6.257999897003174,-6.257999897003174,4.8149094581604,1
FakeVideo-RealAudio/Asian (South)/women/id07051/00083_id02310_wavtolip.npz,-5.71975564956665,-5.71975564956665,5.25921106338501,1
FakeVideo-RealAudio/Asian (South)/women/id07051/00083_id03559_pgetxl1qbzM.npz,-4.335861682891846,-4.335861682891846,5.229665279388428,1
FakeVideo-RealAudio/Asian (South)/women/id07051/00083_id03559_wavtolip.npz,-5.696475028991699,-5.696475028991699,5.356028079986572,1
FakeVideo-RealAudio/Asian (South)/women/id07051/00083_id04530_W5-PTTL9HzU.npz,-4.560422420501709,-4.560422420501709,5.260136604309082,1
FakeVideo-RealAudio/Asian (South)/women/id07051/00083_id04564_xUz03LwKRtQ.npz,-4.310194969177246,-4.310194969177246,5.224178791046143,1
FakeVideo-RealAudio/Asian (South)/women/id07051/00083_id04582_wavtolip.npz,-5.734503269195557,-5.734503269195557,5.185061931610107,1
FakeVideo-RealAudio/Asian (South)/women/id07051/00083_id04583_M10zZFjuAb0.npz,-5.016900539398193,-5.016900539398193,5.152219772338867,1
FakeVideo-RealAudio/Asian (South)/women/id07051/00083_id05434_wavtolip.npz,-6.2987060546875,-6.2987060546875,4.666715145111084,1
FakeVideo-RealAudio/Asian (South)/women/id07051/00083_id05435_OvX-Jv_whcU.npz,-4.49823522567749,-4.49823522567749,5.148299217224121,1
FakeVideo-RealAudio/Asian (South)/women/id07051/00083_id05478_wavtolip.npz,-5.9239420890808105,-5.9239420890808105,4.993691921234131,1
FakeVideo-RealAudio/Asian (South)/women/id07051/00083_id06428_A9nvRKd1afA.npz,-4.054287433624268,-4.054287433624268,5.241454601287842,1
FakeVideo-RealAudio/Asian (South)/women/id07051/00083_id06428_A9nvRKd1afA_faceswap.npz,-4.295960903167725,-4.295960903167725,5.245398044586182,1
FakeVideo-RealAudio/Asian (South)/women/id07051/00083_id06438_wavtolip.npz,-6.280784606933594,-6.280784606933594,4.702646732330322,1
FakeVideo-RealAudio/Asian (South)/women/id07051/00083_id07136_4e43eS5p3_M.npz,-4.202381134033203,-4.202381134033203,5.2288103103637695,1
FakeVideo-RealAudio/Asian (South)/women/id07051/00083_id07377_wavtolip.npz,-4.904658317565918,-4.904658317565918,5.102829933166504,1
FakeVideo-RealAudio/African/men/id01835/00130_id00173_UHoMXLSjlDo.npz,-5.641127586364746,-5.641127586364746,5.400376319885254,1
FakeVideo-RealAudio/African/men/id01835/00130_id00366_RSOgEoek8WM.npz,-5.365250110626221,-5.365250110626221,5.440202713012695,1
FakeVideo-RealAudio/African/men/id01835/00130_id00366_wavtolip.npz,-4.880253314971924,-4.880253314971924,5.320968151092529,1
FakeVideo-RealAudio/African/men/id01835/00130_id00475_wavtolip.npz,-5.259073257446289,-5.259073257446289,5.381047248840332,1
FakeVideo-RealAudio/African/men/id01835/00130_id00476_wavtolip.npz,-5.680548191070557,-5.680548191070557,5.352583408355713,1
FakeVideo-RealAudio/African/men/id01835/00130_id00518_wavtolip.npz,-6.249413967132568,-6.249413967132568,4.779040813446045,1
FakeVideo-RealAudio/African/men/id01835/00130_id00701_lW6uzLIOwd0.npz,-5.633944034576416,-5.633944034576416,5.437793731689453,1
FakeVideo-RealAudio/African/men/id01835/00130_id00761_QtTNFhCCgzw.npz,-5.641709327697754,-5.641709327697754,5.424367427825928,1
FakeVideo-RealAudio/African/men/id01835/00130_id00761_QtTNFhCCgzw_faceswap.npz,-5.507191181182861,-5.507191181182861,5.3644514083862305,1
FakeVideo-RealAudio/African/men/id01835/00130_id00830_rfl3Teg9uew.npz,-5.618884086608887,-5.618884086608887,5.459201812744141,1
FakeVideo-RealAudio/African/men/id01835/00130_id00944_DiW5D62667U.npz,-5.56221342086792,-5.56221342086792,5.411864757537842,1
FakeVideo-RealAudio/African/men/id01835/00130_id01036_AohKaMtIHxA.npz,-5.550534248352051,-5.550534248352051,5.448407173156738,1
FakeVideo-RealAudio/African/men/id01835/00130_id01076_wavtolip.npz,-6.254154205322266,-6.254154205322266,4.657482624053955,1
FakeVideo-RealAudio/African/men/id01835/00130_id01171_wavtolip.npz,-6.247381687164307,-6.247381687164307,4.730560302734375,1
FakeVideo-RealAudio/African/men/id01835/00130_id01528_wavtolip.npz,-5.9153733253479,-5.9153733253479,5.012059688568115,1
FakeVideo-RealAudio/African/men/id01835/00130_id01920_wavtolip.npz,-5.889603614807129,-5.889603614807129,5.0668463706970215,1
FakeVideo-RealAudio/African/men/id01835/00130_id02005_wavtolip.npz,-5.78702974319458,-5.78702974319458,4.78472375869751,1
FakeVideo-RealAudio/African/men/id01835/00130_id02268_irA9myDvW-I.npz,-5.4246039390563965,-5.4246039390563965,5.420030117034912,1
FakeVideo-RealAudio/African/men/id01835/00130_id02342_wavtolip.npz,-5.918150424957275,-5.918150424957275,4.985880374908447,1
FakeVideo-RealAudio/African/men/id02040/00476_id00391_TjJgUZaenWI.npz,-6.304691314697266,-6.304691314697266,4.500417232513428,1
FakeVideo-RealAudio/African/men/id02040/00476_id00391_wavtolip.npz,-6.243017196655273,-6.243017196655273,4.484696388244629,1
FakeVideo-RealAudio/African/men/id02040/00476_id00478_wavtolip.npz,-5.742595195770264,-5.742595195770264,4.583127975463867,1
FakeVideo-RealAudio/African/men/id02040/00476_id01179_wavtolip.npz,-5.018209934234619,-5.018209934234619,4.557847023010254,1
FakeVideo-RealAudio/African/men/id02040/00476_id01392_fF-g0KFJ7lg.npz,-6.273685932159424,-6.273685932159424,4.518155097961426,1
FakeVideo-RealAudio/African/men/id02040/00476_id01530_8kiAt_4gQGI.npz,-6.290585517883301,-6.290585517883301,4.559640884399414,1
FakeVideo-RealAudio/African/men/id02040/00476_id01530_wavtolip.npz,-5.965847492218018,-5.965847492218018,4.670867919921875,1
FakeVideo-RealAudio/African/men/id02040/00476_id01598_wavtolip.npz,-5.203969955444336,-5.203969955444336,4.581820011138916,1
FakeVideo-RealAudio/African/men/id02040/00476_id01637_wavtolip.npz,-6.334699630737305,-6.334699630737305,4.582953453063965,1
FakeVideo-RealAudio/African/men/id02040/00476_id01691_IVtS5z8Jrrk.npz,-6.304463863372803,-6.304463863372803,4.537804126739502,1
FakeVideo-RealAudio/African/men/id02040/00476_id01691_wavtolip.npz,-6.311410903930664,-6.311410903930664,4.603201389312744,1
FakeVideo-RealAudio/African/men/id02040/00476_id01933_wavtolip.npz,-6.328027725219727,-6.328027725219727,4.589890480041504,1
FakeVideo-RealAudio/African/men/id02040/00476_id02040_wavtolip.npz,-6.331788063049316,-6.331788063049316,4.496364593505859,1
FakeVideo-RealAudio/African/men/id02040/00476_id02296_wavtolip.npz,-6.141549587249756,-6.141549587249756,4.572325706481934,1
FakeVideo-RealAudio/African/men/id01392/00167_1.npz,-6.322543144226074,-6.322543144226074,4.6299214363098145,1
FakeVideo-RealAudio/African/men/id01392/00167_2.npz,-5.047928333282471,-5.047928333282471,4.841749668121338,1
FakeVideo-RealAudio/African/men/id01392/00167_3.npz,-3.0982182025909424,-3.0982182025909424,4.9883575439453125,1
FakeVideo-RealAudio/African/men/id01392/00167_id00391_TjJgUZaenWI.npz,-5.039963245391846,-5.039963245391846,5.333640098571777,1
FakeVideo-RealAudio/African/men/id01392/00167_id00478_wavtolip.npz,-4.987968921661377,-4.987968921661377,5.331203937530518,1
FakeVideo-RealAudio/African/men/id01392/00167_id00701_lW6uzLIOwd0.npz,-5.4825544357299805,-5.4825544357299805,5.395569324493408,1
FakeVideo-RealAudio/African/men/id01392/00167_id00987_wavtolip.npz,-2.203500270843506,-2.203500270843506,5.445788860321045,1
FakeVideo-RealAudio/African/men/id01392/00167_id01170_7eoTTk4xyNo.npz,-5.2319488525390625,-5.2319488525390625,5.350744247436523,1
FakeVideo-RealAudio/African/men/id01392/00167_id01171_wavtolip.npz,-6.224835395812988,-6.224835395812988,4.7633185386657715,1
FakeVideo-RealAudio/African/men/id01392/00167_id01179_RnqLJMrWELw.npz,-5.120579719543457,-5.120579719543457,5.390965461730957,1
FakeVideo-RealAudio/African/men/id01392/00167_id01207_mt129WTRSII.npz,-5.39723014831543,-5.39723014831543,5.347768783569336,1
FakeVideo-RealAudio/African/men/id01392/00167_id01236_wavtolip.npz,-6.363776206970215,-6.363776206970215,4.605998992919922,1
FakeVideo-RealAudio/African/men/id01392/00167_id01392_wavtolip.npz,-5.63132381439209,-5.63132381439209,5.407730579376221,1
FakeVideo-RealAudio/African/men/id01392/00167_id01530_wavtolip.npz,-6.055628776550293,-6.055628776550293,4.646989345550537,1
FakeVideo-RealAudio/African/men/id01392/00167_id01597_52WEZxe4_GE.npz,-5.285113334655762,-5.285113334655762,5.325285911560059,1
FakeVideo-RealAudio/African/men/id01392/00167_id01598_wavtolip.npz,-4.258471488952637,-4.258471488952637,4.745737552642822,1
FakeVideo-RealAudio/African/men/id01392/00167_id01691_wavtolip.npz,-5.6310882568359375,-5.6310882568359375,5.3742356300354,1
FakeVideo-RealAudio/African/men/id01392/00167_id01920_w9C_knCPD94.npz,-5.136163711547852,-5.136163711547852,5.406015872955322,1
FakeVideo-RealAudio/African/men/id01392/00167_id01933_wavtolip.npz,-6.18013858795166,-6.18013858795166,4.823932647705078,1
FakeVideo-RealAudio/African/men/id01392/00167_id02268_wavtolip.npz,-5.79148530960083,-5.79148530960083,5.19303560256958,1
FakeVideo-RealAudio/African/men/id01392/00167_id02494_lObg47hQleE.npz,-5.357748031616211,-5.357748031616211,5.337784290313721,1
FakeVideo-RealAudio/African/men/id01717/00005_0.npz,-4.3924641609191895,-4.3924641609191895,4.9101457595825195,1
FakeVideo-RealAudio/African/men/id01717/00005_id00366_RSOgEoek8WM.npz,-5.972582817077637,-5.972582817077637,4.7665252685546875,1
FakeVideo-RealAudio/African/men/id01717/00005_id00518_wavtolip.npz,-6.282641410827637,-6.282641410827637,4.734679222106934,1
FakeVideo-RealAudio/African/men/id01717/00005_id00701_lW6uzLIOwd0.npz,-5.508204460144043,-5.508204460144043,4.801845073699951,1
FakeVideo-RealAudio/African/men/id01717/00005_id00701_wavtolip.npz,-3.779268264770508,-3.779268264770508,4.77967643737793,1
FakeVideo-RealAudio/African/men/id01717/00005_id00987_wavtolip.npz,-6.2444748878479,-6.2444748878479,4.772017478942871,1
FakeVideo-RealAudio/African/men/id01717/00005_id01036_wavtolip.npz,-4.569153308868408,-4.569153308868408,4.800479412078857,1
FakeVideo-RealAudio/African/men/id01717/00005_id01076_9bqxgm5fT58.npz,-4.98888635635376,-4.98888635635376,4.79621696472168,1
FakeVideo-RealAudio/African/men/id01717/00005_id01076_wavtolip.npz,-6.2708868980407715,-6.2708868980407715,4.661618232727051,1
FakeVideo-RealAudio/African/men/id01717/00005_id01171_wavtolip.npz,-6.276983261108398,-6.276983261108398,4.695150375366211,1
FakeVideo-RealAudio/African/men/id01717/00005_id01452_4MqeoSxSy3w.npz,-5.598147392272949,-5.598147392272949,4.816534519195557,1
FakeVideo-RealAudio/African/men/id01717/00005_id01528_wavtolip.npz,-6.274048328399658,-6.274048328399658,4.6775617599487305,1
FakeVideo-RealAudio/African/men/id01717/00005_id01637_wavtolip.npz,-6.287544250488281,-6.287544250488281,4.696671962738037,1
FakeVideo-RealAudio/African/men/id01717/00005_id01920_w9C_knCPD94.npz,-6.1798930168151855,-6.1798930168151855,4.749912738800049,1
FakeVideo-RealAudio/African/men/id01717/00005_id02005_7_Egh9mW5y4.npz,-4.307956695556641,-4.307956695556641,4.79542875289917,1
FakeVideo-RealAudio/African/men/id01717/00005_id02005_7_Egh9mW5y4_faceswap.npz,-5.350698471069336,-5.350698471069336,4.8126115798950195,1
FakeVideo-RealAudio/African/men/id01717/00005_id02051_wavtolip.npz,-6.301178932189941,-6.301178932189941,4.695556163787842,1
FakeVideo-RealAudio/African/men/id01717/00005_id02316_yrrNcmZ-xmI.npz,-4.069874286651611,-4.069874286651611,4.7900800704956055,1
FakeVideo-RealAudio/African/men/id01717/00005_id02342_wavtolip.npz,-6.22419548034668,-6.22419548034668,4.7250776290893555,1
FakeVideo-RealAudio/African/men/id01779/00010_0.npz,-2.426815986633301,-2.426815986633301,5.389167308807373,1
FakeVideo-RealAudio/African/men/id01779/00010_id00173_wavtolip.npz,-5.528654098510742,-5.528654098510742,5.151546001434326,1
FakeVideo-RealAudio/African/men/id01779/00010_id00366_wavtolip.npz,-5.03956413269043,-5.03956413269043,5.029379844665527,1
FakeVideo-RealAudio/African/men/id01779/00010_id00701_lW6uzLIOwd0.npz,-2.6523280143737793,-2.6523280143737793,5.038147449493408,1
FakeVideo-RealAudio/African/men/id01779/00010_id00701_wavtolip.npz,-4.57354211807251,-4.57354211807251,5.0404953956604,1
FakeVideo-RealAudio/African/men/id01779/00010_id00987_wavtolip.npz,-5.986338138580322,-5.986338138580322,4.997288703918457,1
FakeVideo-RealAudio/African/men/id01779/00010_id01036_AohKaMtIHxA.npz,-2.029181957244873,-2.029181957244873,4.983987331390381,1
FakeVideo-RealAudio/African/men/id01779/00010_id01036_wavtolip.npz,-5.856162071228027,-5.856162071228027,4.993473052978516,1
FakeVideo-RealAudio/African/men/id01779/00010_id01171_XSINMRoTb0E.npz,-2.4867520332336426,-2.4867520332336426,4.945582389831543,1
FakeVideo-RealAudio/African/men/id01779/00010_id01171_wavtolip.npz,-6.233424186706543,-6.233424186706543,4.703594207763672,1
FakeVideo-RealAudio/African/men/id01779/00010_id01179_wavtolip.npz,-5.090705394744873,-5.090705394744873,4.808459281921387,1
FakeVideo-RealAudio/African/men/id01779/00010_id01392_wavtolip.npz,-5.985267639160156,-5.985267639160156,4.97403621673584,1
FakeVideo-RealAudio/African/men/id01779/00010_id01637_5VjcPZm8knM.npz,-2.1441495418548584,-2.1441495418548584,5.036985397338867,1
FakeVideo-RealAudio/African/men/id01779/00010_id01691_IVtS5z8Jrrk.npz,-2.8943567276000977,-2.8943567276000977,4.962645530700684,1
FakeVideo-RealAudio/African/men/id01779/00010_id01691_IVtS5z8Jrrk_faceswap.npz,-2.682760715484619,-2.682760715484619,5.013679027557373,1
FakeVideo-RealAudio/African/men/id01779/00010_id01856_6Q2f3b1QNRM.npz,-2.063976287841797,-2.063976287841797,5.019611835479736,1
FakeVideo-RealAudio/African/men/id01779/00010_id01933_wavtolip.npz,-6.160368919372559,-6.160368919372559,4.749590873718262,1
FakeVideo-RealAudio/African/men/id01779/00010_id02268_irA9myDvW-I.npz,-2.4566047191619873,-2.4566047191619873,4.983124256134033,1
FakeVideo-RealAudio/African/men/id01779/00010_id02494_lObg47hQleE.npz,-2.913302421569824,-2.913302421569824,5.0179853439331055,1
FakeVideo-RealAudio/African/men/id01779/00010_id04727_wavtolip.npz,-6.195732593536377,-6.195732593536377,4.461828231811523,1
FakeVideo-RealAudio/African/men/id01179/00160_id00076_wavtolip.npz,-6.171147346496582,-6.171147346496582,4.89882755279541,1
FakeVideo-RealAudio/African/men/id01179/00160_id00166_PQV2ZbJBLNk.npz,-4.049572944641113,-4.049572944641113,4.761303424835205,1
FakeVideo-RealAudio/African/men/id01179/00160_id00166_wavtolip.npz,-5.5005083084106445,-5.5005083084106445,4.79449462890625,1
FakeVideo-RealAudio/African/men/id01179/00160_id00366_wavtolip.npz,-3.863539457321167,-3.863539457321167,4.841981410980225,1
FakeVideo-RealAudio/African/men/id01179/00160_id00391_TjJgUZaenWI.npz,-4.023643493652344,-4.023643493652344,4.791265964508057,1
FakeVideo-RealAudio/African/men/id01179/00160_id00391_wavtolip.npz,-5.339707851409912,-5.339707851409912,4.655961990356445,1
FakeVideo-RealAudio/African/men/id01179/00160_id00476_UgdYVJ6xPYg.npz,-3.6164731979370117,-3.6164731979370117,4.713034152984619,1
FakeVideo-RealAudio/African/men/id01179/00160_id00987_wavtolip.npz,-6.163663864135742,-6.163663864135742,4.819036483764648,1
FakeVideo-RealAudio/African/men/id01179/00160_id01170_7eoTTk4xyNo.npz,-4.284718036651611,-4.284718036651611,4.768601894378662,1
FakeVideo-RealAudio/African/men/id01179/00160_id01179_wavtolip.npz,-3.4430253505706787,-3.4430253505706787,4.852380275726318,1
FakeVideo-RealAudio/African/men/id01179/00160_id01207_mt129WTRSII.npz,-3.970637559890747,-3.970637559890747,4.77276086807251,1
FakeVideo-RealAudio/African/men/id01179/00160_id01236_wavtolip.npz,-5.977489471435547,-5.977489471435547,4.5124430656433105,1
FakeVideo-RealAudio/African/men/id01179/00160_id01544_wavtolip.npz,-6.338902473449707,-6.338902473449707,4.596776962280273,1
FakeVideo-RealAudio/African/men/id01179/00160_id01637_5VjcPZm8knM.npz,-3.8785321712493896,-3.8785321712493896,4.81018590927124,1
FakeVideo-RealAudio/African/men/id01179/00160_id01920_wavtolip.npz,-6.21421480178833,-6.21421480178833,4.898695945739746,1
FakeVideo-RealAudio/African/men/id01179/00160_id02005_7_Egh9mW5y4.npz,-3.3806965351104736,-3.3806965351104736,4.780818939208984,1
FakeVideo-RealAudio/African/men/id01179/00160_id02005_7_Egh9mW5y4_faceswap.npz,-4.724658966064453,-4.724658966064453,4.983673572540283,1
FakeVideo-RealAudio/African/men/id01179/00160_id02040_wavtolip.npz,-6.308790683746338,-6.308790683746338,4.659958362579346,1
FakeVideo-RealAudio/African/men/id01179/00160_id02342_RJPBPhJB8TA.npz,-3.4325995445251465,-3.4325995445251465,4.727538108825684,1
FakeVideo-RealAudio/African/men/id01528/00017_id00166_wavtolip.npz,-5.910799503326416,-5.910799503326416,5.03139591217041,1
FakeVideo-RealAudio/African/men/id01528/00017_id00478_wavtolip.npz,-5.058844566345215,-5.058844566345215,5.115753650665283,1
FakeVideo-RealAudio/African/men/id01528/00017_id00518_qm7oQcDg4oI.npz,-5.899879455566406,-5.899879455566406,5.106757640838623,1
FakeVideo-RealAudio/African/men/id01528/00017_id00518_wavtolip.npz,-6.250092506408691,-6.250092506408691,4.831735134124756,1
FakeVideo-RealAudio/African/men/id01528/00017_id00944_DiW5D62667U.npz,-5.912167549133301,-5.912167549133301,5.107623100280762,1
FakeVideo-RealAudio/African/men/id01528/00017_id01076_wavtolip.npz,-6.263659477233887,-6.263659477233887,4.655004978179932,1
FakeVideo-RealAudio/African/men/id01528/00017_id01207_mt129WTRSII.npz,-5.907581329345703,-5.907581329345703,5.076250076293945,1
FakeVideo-RealAudio/African/men/id01528/00017_id01236_7WdumGR5-JM.npz,-5.8995537757873535,-5.8995537757873535,5.139218330383301,1
FakeVideo-RealAudio/African/men/id01528/00017_id01392_wavtolip.npz,-5.908514976501465,-5.908514976501465,5.041473388671875,1
FakeVideo-RealAudio/African/men/id01528/00017_id01452_4MqeoSxSy3w.npz,-5.875124931335449,-5.875124931335449,5.084939002990723,1
FakeVideo-RealAudio/African/men/id01528/00017_id01452_4MqeoSxSy3w_faceswap.npz,-5.890895843505859,-5.890895843505859,5.065657615661621,1
FakeVideo-RealAudio/African/men/id01528/00017_id01528_wavtolip.npz,-5.8960113525390625,-5.8960113525390625,5.046387672424316,1
FakeVideo-RealAudio/African/men/id01528/00017_id01597_52WEZxe4_GE.npz,-5.908150672912598,-5.908150672912598,5.088712692260742,1
FakeVideo-RealAudio/African/men/id01528/00017_id01779_wavtolip.npz,-2.3718881607055664,-2.3718881607055664,4.964677810668945,1
FakeVideo-RealAudio/African/men/id01528/00017_id01835_wavtolip.npz,-5.896191120147705,-5.896191120147705,5.1627888679504395,1
FakeVideo-RealAudio/African/men/id01528/00017_id01920_wavtolip.npz,-5.918531894683838,-5.918531894683838,5.027019500732422,1
FakeVideo-RealAudio/African/men/id01528/00017_id01933_I5XXxgK7QpE.npz,-5.906774520874023,-5.906774520874023,5.097570419311523,1
FakeVideo-RealAudio/African/men/id01528/00017_id01972_hBYoeQTm8ZQ.npz,-5.9041547775268555,-5.9041547775268555,5.069807052612305,1
FakeVideo-RealAudio/African/men/id01528/00017_id02268_wavtolip.npz,-5.914445400238037,-5.914445400238037,5.060507297515869,1
FakeVideo-RealAudio/African/men/id00076/00109_1.npz,-5.260503768920898,-5.260503768920898,5.464434623718262,1
FakeVideo-RealAudio/African/men/id00076/00109_10.npz,-6.026941776275635,-6.026941776275635,4.690340995788574,1
FakeVideo-RealAudio/African/men/id00076/00109_11.npz,-4.203857421875,-4.203857421875,5.708444595336914,1
FakeVideo-RealAudio/African/men/id00076/00109_12.npz,-5.50872802734375,-5.50872802734375,4.618399620056152,1
FakeVideo-RealAudio/African/men/id00076/00109_2.npz,-6.3141326904296875,-6.3141326904296875,4.562394142150879,1
FakeVideo-RealAudio/African/men/id00076/00109_3.npz,-5.8107733726501465,-5.8107733726501465,4.8231201171875,1
FakeVideo-RealAudio/African/men/id00076/00109_4.npz,-3.2416350841522217,-3.2416350841522217,4.932407379150391,1
FakeVideo-RealAudio/African/men/id00076/00109_6.npz,-6.179333686828613,-6.179333686828613,4.735342979431152,1
FakeVideo-RealAudio/African/men/id00076/00109_7.npz,-6.002935886383057,-6.002935886383057,4.9285078048706055,1
FakeVideo-RealAudio/African/men/id00076/00109_8.npz,-4.703395843505859,-4.703395843505859,4.723392009735107,1
FakeVideo-RealAudio/African/men/id00076/00109_9.npz,-6.166581153869629,-6.166581153869629,4.456335067749023,1
FakeVideo-RealAudio/African/men/id00076/00109_id00166_wavtolip.npz,-5.892958641052246,-5.892958641052246,5.003399848937988,1
FakeVideo-RealAudio/African/men/id00076/00109_id00173_UHoMXLSjlDo.npz,-5.424860954284668,-5.424860954284668,5.5882744789123535,1
FakeVideo-RealAudio/African/men/id00076/00109_id00366_RSOgEoek8WM.npz,-5.328370094299316,-5.328370094299316,5.607451915740967,1
FakeVideo-RealAudio/African/men/id00076/00109_id00475_wavtolip.npz,-3.3448004722595215,-3.3448004722595215,5.3783488273620605,1
FakeVideo-RealAudio/African/men/id00076/00109_id00761_wavtolip.npz,-0.7540409564971924,-0.7540409564971924,5.191061019897461,1
FakeVideo-RealAudio/African/men/id00076/00109_id00830_rfl3Teg9uew.npz,-5.250180244445801,-5.250180244445801,5.63006591796875,1
FakeVideo-RealAudio/African/men/id00076/00109_id01036_AohKaMtIHxA.npz,-5.435642719268799,-5.435642719268799,5.600580215454102,1
FakeVideo-RealAudio/African/men/id00076/00109_id01076_wavtolip.npz,-6.144980430603027,-6.144980430603027,4.605776786804199,1
FakeVideo-RealAudio/African/men/id00076/00109_id01207_mt129WTRSII.npz,-5.439517974853516,-5.439517974853516,5.6032490730285645,1
FakeVideo-RealAudio/African/men/id00076/00109_id01544_uBo9585VW2A.npz,-5.218735694885254,-5.218735694885254,5.553954124450684,1
FakeVideo-RealAudio/African/men/id00076/00109_id01544_wavtolip.npz,-6.372598648071289,-6.372598648071289,4.591001033782959,1
FakeVideo-RealAudio/African/men/id00076/00109_id01597_wavtolip.npz,-6.046167373657227,-6.046167373657227,4.940818786621094,1
FakeVideo-RealAudio/African/men/id00076/00109_id01717_wavtolip.npz,-6.16301965713501,-6.16301965713501,4.644086837768555,1
FakeVideo-RealAudio/African/men/id00076/00109_id01972_wavtolip.npz,-5.2669196128845215,-5.2669196128845215,4.607912540435791,1
FakeVideo-RealAudio/African/men/id00076/00109_id01995_YUR9wTypwIo.npz,-5.446157455444336,-5.446157455444336,5.548916339874268,1
FakeVideo-RealAudio/African/men/id00076/00109_id02005_7_Egh9mW5y4.npz,-3.714325428009033,-3.714325428009033,5.594527244567871,1
FakeVideo-RealAudio/African/men/id00076/00109_id02296_wavtolip.npz,-5.970757484436035,-5.970757484436035,4.786377429962158,1
FakeVideo-RealAudio/African/men/id00076/00109_id02342_RJPBPhJB8TA.npz,-5.403791904449463,-5.403791904449463,5.6386613845825195,1
FakeVideo-RealAudio/African/men/id00076/00109_id02342_wavtolip.npz,-5.884973526000977,-5.884973526000977,4.911405563354492,1
FakeVideo-RealAudio/African/men/id00076/00109_id04727_AAnyugIAXao.npz,-5.264620780944824,-5.264620780944824,5.594624042510986,1
FakeVideo-RealAudio/African/men/id02268/00036_id00475_wavtolip.npz,-5.474258899688721,-5.474258899688721,5.301719665527344,1
FakeVideo-RealAudio/African/men/id02268/00036_id00478_wavtolip.npz,-5.779566764831543,-5.779566764831543,5.383450508117676,1
FakeVideo-RealAudio/African/men/id02268/00036_id00830_wavtolip.npz,-5.792324542999268,-5.792324542999268,5.2104172706604,1
FakeVideo-RealAudio/African/men/id02268/00036_id01036_wavtolip.npz,-5.7752685546875,-5.7752685546875,5.148630142211914,1
FakeVideo-RealAudio/African/men/id02268/00036_id01236_7WdumGR5-JM.npz,-5.77234411239624,-5.77234411239624,5.247543811798096,1
FakeVideo-RealAudio/African/men/id02268/00036_id01452_wavtolip.npz,-6.137560844421387,-6.137560844421387,4.90571403503418,1
FakeVideo-RealAudio/African/men/id02268/00036_id01521_jthjSmLdLOg.npz,-5.766569137573242,-5.766569137573242,5.234065055847168,1
FakeVideo-RealAudio/African/men/id02268/00036_id01521_wavtolip.npz,-6.357693672180176,-6.357693672180176,4.7162957191467285,1
FakeVideo-RealAudio/African/men/id02268/00036_id01528_wavtolip.npz,-5.9078497886657715,-5.9078497886657715,5.181961536407471,1
FakeVideo-RealAudio/African/men/id02268/00036_id01610_wavtolip.npz,-5.916797637939453,-5.916797637939453,5.0539751052856445,1
FakeVideo-RealAudio/African/men/id02268/00036_id01691_IVtS5z8Jrrk.npz,-5.77057409286499,-5.77057409286499,5.244954586029053,1
FakeVideo-RealAudio/African/men/id02268/00036_id01717_wavtolip.npz,-6.259274482727051,-6.259274482727051,4.784405708312988,1
FakeVideo-RealAudio/African/men/id02268/00036_id01779_wavtolip.npz,-3.4534552097320557,-3.4534552097320557,5.060319900512695,1
FakeVideo-RealAudio/African/men/id02268/00036_id01835_UZbWA0QfXXA.npz,-5.768948078155518,-5.768948078155518,5.2575178146362305,1
FakeVideo-RealAudio/African/men/id02268/00036_id01856_6Q2f3b1QNRM.npz,-5.7678985595703125,-5.7678985595703125,5.25083065032959,1
FakeVideo-RealAudio/African/men/id02268/00036_id02296_IAgOrCuY8vU.npz,-5.768763065338135,-5.768763065338135,5.241337776184082,1
FakeVideo-RealAudio/African/men/id02268/00036_id02494_lObg47hQleE.npz,-5.769781589508057,-5.769781589508057,5.258572578430176,1
FakeVideo-RealAudio/African/men/id01170/00021_id00173_wavtolip.npz,-5.8123064041137695,-5.8123064041137695,5.014361381530762,1
FakeVideo-RealAudio/African/men/id01170/00021_id00391_TjJgUZaenWI.npz,-5.781235694885254,-5.781235694885254,5.183989524841309,1
FakeVideo-RealAudio/African/men/id01170/00021_id00476_wavtolip.npz,-5.795063495635986,-5.795063495635986,5.1697893142700195,1
FakeVideo-RealAudio/African/men/id01170/00021_id00830_rfl3Teg9uew.npz,-5.788107395172119,-5.788107395172119,5.213040828704834,1
FakeVideo-RealAudio/African/men/id01170/00021_id00944_wavtolip.npz,-5.993645191192627,-5.993645191192627,5.03691291809082,1
FakeVideo-RealAudio/African/men/id01170/00021_id00987_wavtolip.npz,-5.780777454376221,-5.780777454376221,5.162471771240234,1
FakeVideo-RealAudio/African/men/id01170/00021_id01171_XSINMRoTb0E.npz,-5.792470932006836,-5.792470932006836,5.195113182067871,1
FakeVideo-RealAudio/African/men/id01170/00021_id01392_fF-g0KFJ7lg.npz,-5.782417297363281,-5.782417297363281,5.218079566955566,1
FakeVideo-RealAudio/African/men/id01170/00021_id01521_wavtolip.npz,-6.3540191650390625,-6.3540191650390625,4.666721343994141,1
FakeVideo-RealAudio/African/men/id01170/00021_id01597_52WEZxe4_GE.npz,-5.780187129974365,-5.780187129974365,5.212981700897217,1
FakeVideo-RealAudio/African/men/id01170/00021_id01610_l8zb_iaDJJA.npz,-5.781515598297119,-5.781515598297119,5.222162246704102,1
FakeVideo-RealAudio/African/men/id01170/00021_id01610_wavtolip.npz,-5.869986534118652,-5.869986534118652,5.048693656921387,1
FakeVideo-RealAudio/African/men/id01170/00021_id01835_wavtolip.npz,-5.740577697753906,-5.740577697753906,5.220437526702881,1
FakeVideo-RealAudio/African/men/id01170/00021_id01933_I5XXxgK7QpE.npz,-5.780458927154541,-5.780458927154541,5.163033485412598,1
FakeVideo-RealAudio/African/men/id01170/00021_id01933_I5XXxgK7QpE_faceswap.npz,-5.781378746032715,-5.781378746032715,5.2161149978637695,1
FakeVideo-RealAudio/African/men/id01170/00021_id02051_wavtolip.npz,-5.376272678375244,-5.376272678375244,4.772274494171143,1
FakeVideo-RealAudio/African/men/id01170/00021_id02296_wavtolip.npz,-6.1292266845703125,-6.1292266845703125,4.800834655761719,1
FakeVideo-RealAudio/African/men/id01170/00021_id02316_wavtolip.npz,-6.034546375274658,-6.034546375274658,4.93435001373291,1
FakeVideo-RealAudio/African/men/id01170/00021_id04727_AAnyugIAXao.npz,-5.780036926269531,-5.780036926269531,5.200806140899658,1
FakeVideo-RealAudio/African/men/id01637/00002_0.npz,-5.045297145843506,-5.045297145843506,5.416550159454346,1
FakeVideo-RealAudio/African/men/id01637/00002_00.npz,-3.1630845069885254,-3.1630845069885254,5.3878278732299805,1
FakeVideo-RealAudio/African/men/id01637/00002_1.npz,-6.2635393142700195,-6.2635393142700195,4.625579357147217,1
FakeVideo-RealAudio/African/men/id01637/00002_2.npz,-5.483948230743408,-5.483948230743408,4.922138214111328,1
FakeVideo-RealAudio/African/men/id01637/00002_3.npz,-4.032149791717529,-4.032149791717529,4.91261625289917,1
FakeVideo-RealAudio/African/men/id01637/00002_id00166_PQV2ZbJBLNk.npz,-6.012324333190918,-6.012324333190918,4.92637300491333,1
FakeVideo-RealAudio/African/men/id01637/00002_id00166_wavtolip.npz,-6.022837162017822,-6.022837162017822,4.934103965759277,1
FakeVideo-RealAudio/African/men/id01637/00002_id00366_RSOgEoek8WM.npz,-6.0027055740356445,-6.0027055740356445,4.945725440979004,1
FakeVideo-RealAudio/African/men/id01637/00002_id00944_DiW5D62667U.npz,-6.012911319732666,-6.012911319732666,4.892539024353027,1
FakeVideo-RealAudio/African/men/id01637/00002_id01036_wavtolip.npz,-4.103378772735596,-4.103378772735596,4.901607513427734,1
FakeVideo-RealAudio/African/men/id01637/00002_id01170_7eoTTk4xyNo.npz,-6.005635738372803,-6.005635738372803,4.841101169586182,1
FakeVideo-RealAudio/African/men/id01637/00002_id01544_wavtolip.npz,-6.358566761016846,-6.358566761016846,4.491766929626465,1
FakeVideo-RealAudio/African/men/id01637/00002_id01597_wavtolip.npz,-6.051630973815918,-6.051630973815918,4.912264347076416,1
FakeVideo-RealAudio/African/men/id01637/00002_id01598_wavtolip.npz,-4.366741180419922,-4.366741180419922,4.846569061279297,1
FakeVideo-RealAudio/African/men/id01637/00002_id01610_l8zb_iaDJJA.npz,-6.0077691078186035,-6.0077691078186035,4.9615397453308105,1
FakeVideo-RealAudio/African/men/id01637/00002_id01691_wavtolip.npz,-5.925020217895508,-5.925020217895508,4.876822471618652,1
FakeVideo-RealAudio/African/men/id01637/00002_id01835_wavtolip.npz,-6.016336917877197,-6.016336917877197,4.9983296394348145,1
FakeVideo-RealAudio/African/men/id01637/00002_id01920_w9C_knCPD94.npz,-6.000518798828125,-6.000518798828125,4.8350629806518555,1
FakeVideo-RealAudio/African/men/id01637/00002_id01933_wavtolip.npz,-6.1946330070495605,-6.1946330070495605,4.686504364013672,1
FakeVideo-RealAudio/African/men/id01637/00002_id02005_7_Egh9mW5y4.npz,-6.004385948181152,-6.004385948181152,4.906829833984375,1
FakeVideo-RealAudio/African/men/id01637/00002_id02316_wavtolip.npz,-6.099363803863525,-6.099363803863525,4.931568145751953,1
FakeVideo-RealAudio/African/men/id01637/00002_id02494_lObg47hQleE.npz,-5.98736572265625,-5.98736572265625,4.914646148681641,1
FakeVideo-RealAudio/African/men/id01637/00002_id02494_wavtolip.npz,-6.067452907562256,-6.067452907562256,4.679070472717285,1
FakeVideo-RealAudio/African/men/id02051/00015_id00173_UHoMXLSjlDo.npz,-5.5294694900512695,-5.5294694900512695,4.70863676071167,1
FakeVideo-RealAudio/African/men/id02051/00015_id00476_wavtolip.npz,-6.332522392272949,-6.332522392272949,4.603820323944092,1
FakeVideo-RealAudio/African/men/id02051/00015_id00701_lW6uzLIOwd0.npz,-5.457298755645752,-5.457298755645752,4.694056510925293,1
FakeVideo-RealAudio/African/men/id02051/00015_id00761_wavtolip.npz,-6.051185607910156,-6.051185607910156,4.683854103088379,1
FakeVideo-RealAudio/African/men/id02051/00015_id01170_wavtolip.npz,-6.015898704528809,-6.015898704528809,4.751178741455078,1
FakeVideo-RealAudio/African/men/id02051/00015_id01236_wavtolip.npz,-6.221041679382324,-6.221041679382324,4.596069812774658,1
FakeVideo-RealAudio/African/men/id02051/00015_id01392_wavtolip.npz,-6.330075263977051,-6.330075263977051,4.695610523223877,1
FakeVideo-RealAudio/African/men/id02051/00015_id01521_jthjSmLdLOg.npz,-5.879430770874023,-5.879430770874023,4.673078536987305,1
FakeVideo-RealAudio/African/men/id02051/00015_id01530_wavtolip.npz,-6.222414016723633,-6.222414016723633,4.7309160232543945,1
FakeVideo-RealAudio/African/men/id02051/00015_id01598_wavtolip.npz,-4.583927154541016,-4.583927154541016,4.6981329917907715,1
FakeVideo-RealAudio/African/men/id02051/00015_id01610_l8zb_iaDJJA.npz,-6.114215850830078,-6.114215850830078,4.675025939941406,1
FakeVideo-RealAudio/African/men/id02051/00015_id01835_UZbWA0QfXXA.npz,-6.086919784545898,-6.086919784545898,4.78812837600708,1
FakeVideo-RealAudio/African/men/id02051/00015_id01920_w9C_knCPD94.npz,-6.0541791915893555,-6.0541791915893555,4.710017204284668,1
FakeVideo-RealAudio/African/men/id02051/00015_id01972_wavtolip.npz,-4.873008728027344,-4.873008728027344,4.709161281585693,1
FakeVideo-RealAudio/African/men/id02051/00015_id01995_YUR9wTypwIo.npz,-5.789644718170166,-5.789644718170166,4.7079081535339355,1
FakeVideo-RealAudio/African/men/id02051/00015_id02005_wavtolip.npz,-6.088696479797363,-6.088696479797363,4.639787673950195,1
FakeVideo-RealAudio/African/men/id02051/00015_id02040_wl6EVkamZFQ.npz,-5.040990829467773,-5.040990829467773,4.703500270843506,1
FakeVideo-RealAudio/African/men/id02051/00015_id02268_wavtolip.npz,-6.323407173156738,-6.323407173156738,4.65877103805542,1
FakeVideo-RealAudio/African/men/id00366/00118_id00076_Isiq7cA-DNE.npz,-5.42330265045166,-5.42330265045166,5.474857807159424,1
FakeVideo-RealAudio/African/men/id00366/00118_id00076_Isiq7cA-DNE_faceswap.npz,-5.487532615661621,-5.487532615661621,5.4681220054626465,1
FakeVideo-RealAudio/African/men/id00366/00118_id00076_wavtolip.npz,-5.592831611633301,-5.592831611633301,5.398198127746582,1
FakeVideo-RealAudio/African/men/id00366/00118_id00166_wavtolip.npz,-5.908038139343262,-5.908038139343262,5.1610188484191895,1
FakeVideo-RealAudio/African/men/id00366/00118_id00173_wavtolip.npz,-4.240489959716797,-4.240489959716797,5.039539813995361,1
FakeVideo-RealAudio/African/men/id00366/00118_id00391_wavtolip.npz,-5.3553924560546875,-5.3553924560546875,5.381006717681885,1
FakeVideo-RealAudio/African/men/id00366/00118_id00475_wavtolip.npz,-4.9891276359558105,-4.9891276359558105,5.523560047149658,1
FakeVideo-RealAudio/African/men/id00366/00118_id00476_UgdYVJ6xPYg.npz,-4.448740482330322,-4.448740482330322,5.444770812988281,1
FakeVideo-RealAudio/African/men/id00366/00118_id00781_fvsSae9yc0A.npz,-4.146069049835205,-4.146069049835205,5.4865403175354,1
FakeVideo-RealAudio/African/men/id00366/00118_id00987_wavtolip.npz,-0.7483729720115662,-0.7483729720115662,5.5688652992248535,1
FakeVideo-RealAudio/African/men/id00366/00118_id01076_wavtolip.npz,-6.255822658538818,-6.255822658538818,4.784268856048584,1
FakeVideo-RealAudio/African/men/id00366/00118_id01170_wavtolip.npz,-5.795099258422852,-5.795099258422852,5.2514729499816895,1
FakeVideo-RealAudio/African/men/id00366/00118_id01171_wavtolip.npz,-6.236180305480957,-6.236180305480957,4.806172847747803,1
FakeVideo-RealAudio/African/men/id00366/00118_id01207_mt129WTRSII.npz,-4.577713489532471,-4.577713489532471,5.489597320556641,1
FakeVideo-RealAudio/African/men/id00366/00118_id01207_wavtolip.npz,-2.899178981781006,-2.899178981781006,4.914051532745361,1
FakeVideo-RealAudio/African/men/id00366/00118_id01452_wavtolip.npz,-6.117397308349609,-6.117397308349609,4.927814960479736,1
FakeVideo-RealAudio/African/men/id00366/00118_id01544_uBo9585VW2A.npz,-4.159373760223389,-4.159373760223389,5.484208583831787,1
FakeVideo-RealAudio/African/men/id00366/00118_id01610_wavtolip.npz,-5.909415245056152,-5.909415245056152,5.114829063415527,1
FakeVideo-RealAudio/African/men/id00366/00118_id01637_5VjcPZm8knM.npz,-5.215069770812988,-5.215069770812988,5.477008819580078,1
FakeVideo-RealAudio/African/men/id00366/00118_id01637_wavtolip.npz,-6.015152454376221,-6.015152454376221,4.983575344085693,1
FakeVideo-RealAudio/African/men/id00366/00118_id01691_IVtS5z8Jrrk.npz,-4.264837741851807,-4.264837741851807,5.468157768249512,1
FakeVideo-RealAudio/African/men/id00366/00118_id01691_wavtolip.npz,-5.589630126953125,-5.589630126953125,5.420433521270752,1
FakeVideo-RealAudio/African/men/id00366/00118_id01717_JDW6p8yU13A.npz,-5.27958345413208,-5.27958345413208,5.507310390472412,1
FakeVideo-RealAudio/African/men/id00366/00118_id01779_wavtolip.npz,-3.122880697250366,-3.122880697250366,5.0837812423706055,1
FakeVideo-RealAudio/African/men/id00366/00118_id01920_w9C_knCPD94.npz,-4.4705681800842285,-4.4705681800842285,5.457017421722412,1
FakeVideo-RealAudio/African/men/id00366/00118_id01933_wavtolip.npz,-6.192049026489258,-6.192049026489258,4.8596649169921875,1
FakeVideo-RealAudio/African/men/id00366/00118_id01972_wavtolip.npz,-3.9770877361297607,-3.9770877361297607,4.832059383392334,1
FakeVideo-RealAudio/African/men/id00366/00118_id02005_7_Egh9mW5y4.npz,-3.912890672683716,-3.912890672683716,5.464703559875488,1
FakeVideo-RealAudio/African/men/id00366/00118_id02040_wavtolip.npz,-6.327873229980469,-6.327873229980469,4.643712043762207,1
FakeVideo-RealAudio/African/men/id00366/00118_id02494_wavtolip.npz,1.9054906368255615,1.9054906368255615,4.825637340545654,1
FakeVideo-RealAudio/African/men/id00366/00118_id04727_wavtolip.npz,-5.829404830932617,-5.829404830932617,4.651350498199463,1
FakeVideo-RealAudio/African/women/id00359/00053_id00460_wavtolip.npz,-5.378376007080078,-5.378376007080078,4.470451354980469,1
FakeVideo-RealAudio/African/women/id00359/00053_id00568_wavtolip.npz,-3.3860397338867188,-3.3860397338867188,4.490846157073975,1
FakeVideo-RealAudio/African/women/id00359/00053_id01532_wavtolip.npz,-6.141373634338379,-6.141373634338379,4.518980503082275,1
FakeVideo-RealAudio/African/women/id00359/00053_id01838_q_lUk55OrL0.npz,-6.264604568481445,-6.264604568481445,4.492922306060791,1
FakeVideo-RealAudio/African/women/id00359/00053_id01838_q_lUk55OrL0_faceswap.npz,-5.97743558883667,-5.97743558883667,4.51008939743042,1
FakeVideo-RealAudio/African/women/id00359/00053_id02071_cHuDh9F87vA.npz,-5.49161434173584,-5.49161434173584,4.507761478424072,1
FakeVideo-RealAudio/African/women/id00359/00053_id02508_wavtolip.npz,-5.04185152053833,-5.04185152053833,4.416454792022705,1
FakeVideo-RealAudio/African/women/id00359/00053_id02586_dEYzYDsbAeo.npz,-6.282438278198242,-6.282438278198242,4.601439476013184,1
FakeVideo-RealAudio/African/women/id00359/00053_id02838_kaCQlSGlLe8.npz,-6.272171497344971,-6.272171497344971,4.540067672729492,1
FakeVideo-RealAudio/African/women/id00359/00053_id02838_wavtolip.npz,-6.401651859283447,-6.401651859283447,4.496458530426025,1
FakeVideo-RealAudio/African/women/id00359/00053_id03103_wavtolip.npz,-6.40535831451416,-6.40535831451416,4.401846885681152,1
FakeVideo-RealAudio/African/women/id00359/00053_id04374_wavtolip.npz,-6.295976161956787,-6.295976161956787,4.366278648376465,1
FakeVideo-RealAudio/African/women/id00359/00053_id04376_wavtolip.npz,-6.416825294494629,-6.416825294494629,4.677969932556152,1
FakeVideo-RealAudio/African/women/id00359/00053_id04540_wavtolip.npz,-4.814960479736328,-4.814960479736328,4.566300392150879,1
FakeVideo-RealAudio/African/women/id00359/00053_id04547_3Qy2g2M47Aw.npz,-6.331545829772949,-6.331545829772949,4.501142501831055,1
FakeVideo-RealAudio/African/women/id00359/00053_id04547_wavtolip.npz,-6.380779266357422,-6.380779266357422,4.472599029541016,1
FakeVideo-RealAudio/African/women/id00359/00053_id04820_64ybrA1atlM.npz,-6.104033946990967,-6.104033946990967,4.484649658203125,1
FakeVideo-RealAudio/African/women/id00359/00053_id05106_ZnnDdjlABM4.npz,-6.2626166343688965,-6.2626166343688965,4.550102233886719,1
FakeVideo-RealAudio/African/women/id00359/00053_id05980_bbg4HtuM_jo.npz,-6.342233657836914,-6.342233657836914,4.521977424621582,1
FakeVideo-RealAudio/African/women/id01907/00148_0.npz,-5.969852447509766,-5.969852447509766,4.9629621505737305,1
FakeVideo-RealAudio/African/women/id01907/00148_id00220_WlHLlTQKj8g.npz,-6.166282653808594,-6.166282653808594,4.720773696899414,1
FakeVideo-RealAudio/African/women/id01907/00148_id00371_t20i0HtPwW0.npz,-6.161377906799316,-6.161377906799316,4.709353446960449,1
FakeVideo-RealAudio/African/women/id01907/00148_id00829_aMEvVaUBq2Y.npz,-6.143932342529297,-6.143932342529297,4.710308074951172,1
FakeVideo-RealAudio/African/women/id01907/00148_id00829_wavtolip.npz,-4.342446327209473,-4.342446327209473,4.718195915222168,1
FakeVideo-RealAudio/African/women/id01907/00148_id00832_Jr4-dXRChME.npz,-6.160357475280762,-6.160357475280762,4.740490436553955,1
FakeVideo-RealAudio/African/women/id01907/00148_id01178_wavtolip.npz,-6.175144672393799,-6.175144672393799,4.7665910720825195,1
FakeVideo-RealAudio/African/women/id01907/00148_id01532_XnlWp_s_f7Q.npz,-6.128596782684326,-6.128596782684326,4.711947441101074,1
FakeVideo-RealAudio/African/women/id01907/00148_id01532_wavtolip.npz,-5.99129581451416,-5.99129581451416,4.792474269866943,1
FakeVideo-RealAudio/African/women/id01907/00148_id02948_wavtolip.npz,-6.391608238220215,-6.391608238220215,4.5208635330200195,1
FakeVideo-RealAudio/African/women/id01907/00148_id03658_wavtolip.npz,-6.1600494384765625,-6.1600494384765625,4.798446178436279,1
FakeVideo-RealAudio/African/women/id01907/00148_id04376_wavtolip.npz,-6.183208465576172,-6.183208465576172,4.891695976257324,1
FakeVideo-RealAudio/African/women/id01907/00148_id04689_wavtolip.npz,-6.17031192779541,-6.17031192779541,4.779421329498291,1
FakeVideo-RealAudio/African/women/id01907/00148_id04705_ziJ9JsYr4R0.npz,-6.14719820022583,-6.14719820022583,4.753817558288574,1
FakeVideo-RealAudio/African/women/id01907/00148_id04820_wavtolip.npz,-6.2513747215271,-6.2513747215271,4.74816370010376,1
FakeVideo-RealAudio/African/women/id01907/00148_id05231_wavtolip.npz,-6.1775102615356445,-6.1775102615356445,4.6685686111450195,1
FakeVideo-RealAudio/African/women/id01907/00148_id05235_ASy8lP3SRtw.npz,-6.136898040771484,-6.136898040771484,4.72929573059082,1
FakeVideo-RealAudio/African/women/id01907/00148_id05235_ASy8lP3SRtw_faceswap.npz,-6.178848743438721,-6.178848743438721,4.747648239135742,1
FakeVideo-RealAudio/African/women/id01907/00148_id05252_CMxIX3absYM.npz,-6.14418888092041,-6.14418888092041,4.722097873687744,1
FakeVideo-RealAudio/African/women/id01907/00148_id05252_wavtolip.npz,-6.209763050079346,-6.209763050079346,4.738475799560547,1
FakeVideo-RealAudio/African/women/id01661/00059.npz,-3.559570789337158,-3.559570789337158,4.403751373291016,1
FakeVideo-RealAudio/African/women/id01661/00059_id00371_t20i0HtPwW0.npz,-0.7002115249633789,-0.7002115249633789,4.429332256317139,1
FakeVideo-RealAudio/African/women/id01661/00059_id00460_wavtolip.npz,-6.359088897705078,-6.359088897705078,4.496313571929932,1
FakeVideo-RealAudio/African/women/id01661/00059_id00568_wavtolip.npz,-4.970394611358643,-4.970394611358643,4.510989189147949,1
FakeVideo-RealAudio/African/women/id01661/00059_id01661_wavtolip.npz,-2.896851062774658,-2.896851062774658,4.398908615112305,1
FakeVideo-RealAudio/African/women/id01661/00059_id01783_WBUM0bHzWNA.npz,-2.9676547050476074,-2.9676547050476074,4.436188220977783,1
FakeVideo-RealAudio/African/women/id01661/00059_id01838_wavtolip.npz,-5.980194091796875,-5.980194091796875,4.604526519775391,1
FakeVideo-RealAudio/African/women/id01661/00059_id01907_LBcRkuRq0uY.npz,-4.707048416137695,-4.707048416137695,4.4525227546691895,1
FakeVideo-RealAudio/African/women/id01661/00059_id02071_cHuDh9F87vA.npz,-4.309975624084473,-4.309975624084473,4.433017730712891,1
FakeVideo-RealAudio/African/women/id01661/00059_id02721_wavtolip.npz,-3.855289936065674,-3.855289936065674,4.567333698272705,1
FakeVideo-RealAudio/African/women/id01661/00059_id02824_wavtolip.npz,-0.7230249047279358,-0.7230249047279358,4.572174072265625,1
FakeVideo-RealAudio/African/women/id01661/00059_id04055_0qrzF4HLXHY.npz,-3.8461971282958984,-3.8461971282958984,4.440410614013672,1
FakeVideo-RealAudio/African/women/id01661/00059_id04055_wavtolip.npz,-6.236929893493652,-6.236929893493652,4.4785027503967285,1
FakeVideo-RealAudio/African/women/id01661/00059_id04689_wavtolip.npz,-6.371355056762695,-6.371355056762695,4.467648983001709,1
FakeVideo-RealAudio/African/women/id01661/00059_id04705_wavtolip.npz,-5.85889196395874,-5.85889196395874,4.547289848327637,1
FakeVideo-RealAudio/African/women/id01661/00059_id04820_wavtolip.npz,-6.360990047454834,-6.360990047454834,4.5981645584106445,1
FakeVideo-RealAudio/African/women/id01661/00059_id04939_i4v2cXo9HIQ.npz,-1.724907398223877,-1.724907398223877,4.481796741485596,1
FakeVideo-RealAudio/African/women/id01661/00059_id05252_CMxIX3absYM.npz,-3.942889451980591,-3.942889451980591,4.4563703536987305,1
FakeVideo-RealAudio/African/women/id03747/00273_0.npz,-2.751232385635376,-2.751232385635376,4.860319137573242,1
FakeVideo-RealAudio/African/women/id03747/00273_id00220_WlHLlTQKj8g.npz,-5.188232421875,-5.188232421875,5.7485737800598145,1
FakeVideo-RealAudio/African/women/id03747/00273_id00359_RZMQan-7me4.npz,-5.186214923858643,-5.186214923858643,5.748939514160156,1
FakeVideo-RealAudio/African/women/id03747/00273_id01661_wavtolip.npz,-5.846480846405029,-5.846480846405029,4.492818355560303,1
FakeVideo-RealAudio/African/women/id03747/00273_id01838_wavtolip.npz,-5.496705055236816,-5.496705055236816,5.256120204925537,1
FakeVideo-RealAudio/African/women/id03747/00273_id01907_wavtolip.npz,-6.198685646057129,-6.198685646057129,4.834225177764893,1
FakeVideo-RealAudio/African/women/id03747/00273_id02071_cHuDh9F87vA.npz,-5.180856704711914,-5.180856704711914,5.741766452789307,1
FakeVideo-RealAudio/African/women/id03747/00273_id02301_wavtolip.npz,-6.349148750305176,-6.349148750305176,4.470307350158691,1
FakeVideo-RealAudio/African/women/id03747/00273_id02617_wavtolip.npz,-5.5632805824279785,-5.5632805824279785,5.319761753082275,1
FakeVideo-RealAudio/African/women/id03747/00273_id02824_glBy_mYcXZw.npz,-5.1923065185546875,-5.1923065185546875,5.7577338218688965,1
FakeVideo-RealAudio/African/women/id03747/00273_id02824_glBy_mYcXZw_faceswap.npz,-5.184326648712158,-5.184326648712158,5.770271301269531,1
FakeVideo-RealAudio/African/women/id03747/00273_id04055_wavtolip.npz,-6.317368984222412,-6.317368984222412,4.5903639793396,1
FakeVideo-RealAudio/African/women/id03747/00273_id04374_SWltOOZmlWM.npz,-5.195444107055664,-5.195444107055664,5.7664031982421875,1
FakeVideo-RealAudio/African/women/id03747/00273_id04540_wavtolip.npz,-3.875086545944214,-3.875086545944214,4.944080829620361,1
FakeVideo-RealAudio/African/women/id03747/00273_id04689_0YqK1ksKjLg.npz,-5.188530445098877,-5.188530445098877,5.7384443283081055,1
FakeVideo-RealAudio/African/women/id03747/00273_id04736_wavtolip.npz,-5.882641792297363,-5.882641792297363,5.015879154205322,1
FakeVideo-RealAudio/African/women/id03747/00273_id04939_wavtolip.npz,-5.375563621520996,-5.375563621520996,4.7266845703125,1
FakeVideo-RealAudio/African/women/id03747/00273_id05231_wfbM5puT6eQ.npz,-5.1871867179870605,-5.1871867179870605,5.757796287536621,1
FakeVideo-RealAudio/African/women/id03747/00273_id05235_ASy8lP3SRtw.npz,-5.171836853027344,-5.171836853027344,5.724971294403076,1
FakeVideo-RealAudio/African/women/id03747/00273_id05251_wavtolip.npz,-5.177882194519043,-5.177882194519043,4.476211071014404,1
FakeVideo-RealAudio/African/women/id03713/00249_id00359_wavtolip.npz,-6.0822529792785645,-6.0822529792785645,4.616949081420898,1
FakeVideo-RealAudio/African/women/id03713/00249_id00371_t20i0HtPwW0.npz,-4.516539573669434,-4.516539573669434,4.620832443237305,1
FakeVideo-RealAudio/African/women/id03713/00249_id00460_9sVM1Crx1FA.npz,-4.644262313842773,-4.644262313842773,4.627788543701172,1
FakeVideo-RealAudio/African/women/id03713/00249_id00568_wavtolip.npz,-6.164602756500244,-6.164602756500244,4.767333984375,1
FakeVideo-RealAudio/African/women/id03713/00249_id01532_XnlWp_s_f7Q.npz,-5.135393142700195,-5.135393142700195,4.617884159088135,1
FakeVideo-RealAudio/African/women/id03713/00249_id01907_wavtolip.npz,-6.33254861831665,-6.33254861831665,4.6870646476745605,1
FakeVideo-RealAudio/African/women/id03713/00249_id02301_wavtolip.npz,-6.320468902587891,-6.320468902587891,4.6832275390625,1
FakeVideo-RealAudio/African/women/id03713/00249_id02617_4EZjRXC4fLk_faceswap.npz,-4.646027088165283,-4.646027088165283,4.659121513366699,1
FakeVideo-RealAudio/African/women/id03713/00249_id02721_wavtolip.npz,-3.0617547035217285,-3.0617547035217285,4.755492210388184,1
FakeVideo-RealAudio/African/women/id03713/00249_id02824_glBy_mYcXZw.npz,-3.7424099445343018,-3.7424099445343018,4.636281967163086,1
FakeVideo-RealAudio/African/women/id03713/00249_id02948_wavtolip.npz,-6.369996547698975,-6.369996547698975,4.643369197845459,1
FakeVideo-RealAudio/African/women/id03713/00249_id03103_wiCYm3THQPw.npz,-4.494835376739502,-4.494835376739502,4.623656272888184,1
FakeVideo-RealAudio/African/women/id03713/00249_id03658_8Wtu9VXKqjY.npz,-4.664302825927734,-4.664302825927734,4.653982162475586,1
FakeVideo-RealAudio/African/women/id03713/00249_id03713_wavtolip.npz,-6.289548873901367,-6.289548873901367,4.7298054695129395,1
FakeVideo-RealAudio/African/women/id03713/00249_id04547_wavtolip.npz,-6.289889335632324,-6.289889335632324,4.65458869934082,1
FakeVideo-RealAudio/African/women/id03713/00249_id04689_wavtolip.npz,-6.334904670715332,-6.334904670715332,4.724895477294922,1
FakeVideo-RealAudio/African/women/id03713/00249_id04736__D2k4fMhEfQ.npz,-4.922566890716553,-4.922566890716553,4.647857666015625,1
FakeVideo-RealAudio/African/women/id03713/00249_id05231_wavtolip.npz,-6.299664497375488,-6.299664497375488,4.62789249420166,1
FakeVideo-RealAudio/African/women/id02721/00424_0.npz,-1.7961639165878296,-1.7961639165878296,5.093559265136719,1
FakeVideo-RealAudio/African/women/id02721/00424_id00371_t20i0HtPwW0.npz,-3.138969898223877,-3.138969898223877,4.855528831481934,1
FakeVideo-RealAudio/African/women/id02721/00424_id00568_gakhcJXnJZ8.npz,-3.348477840423584,-3.348477840423584,4.896648406982422,1
FakeVideo-RealAudio/African/women/id02721/00424_id00577_wavtolip.npz,-6.185276508331299,-6.185276508331299,4.739940166473389,1
FakeVideo-RealAudio/African/women/id02721/00424_id01838_wavtolip.npz,-5.901488780975342,-5.901488780975342,4.886831283569336,1
FakeVideo-RealAudio/African/women/id02721/00424_id02586_dEYzYDsbAeo.npz,-2.2707977294921875,-2.2707977294921875,4.910554885864258,1
FakeVideo-RealAudio/African/women/id02721/00424_id02586_wavtolip.npz,-6.380856990814209,-6.380856990814209,4.652294158935547,1
FakeVideo-RealAudio/African/women/id02721/00424_id02617_wavtolip.npz,-6.108226299285889,-6.108226299285889,4.7940263748168945,1
FakeVideo-RealAudio/African/women/id02721/00424_id02808_nZtvxh6Eesc.npz,-3.882460594177246,-3.882460594177246,4.928072452545166,1
FakeVideo-RealAudio/African/women/id02721/00424_id02808_wavtolip.npz,-6.129889011383057,-6.129889011383057,4.9148149490356445,1
FakeVideo-RealAudio/African/women/id02721/00424_id02824_wavtolip.npz,-2.779005765914917,-2.779005765914917,4.868794918060303,1
FakeVideo-RealAudio/African/women/id02721/00424_id02838_wavtolip.npz,-6.129006385803223,-6.129006385803223,4.935075283050537,1
FakeVideo-RealAudio/African/women/id02721/00424_id02948__ZEDGNWjuFE.npz,-4.1167988777160645,-4.1167988777160645,4.934061527252197,1
FakeVideo-RealAudio/African/women/id02721/00424_id03569_wavtolip.npz,-6.40772819519043,-6.40772819519043,4.519959449768066,1
FakeVideo-RealAudio/African/women/id02721/00424_id03658_8Wtu9VXKqjY.npz,-2.851544141769409,-2.851544141769409,4.819677829742432,1
FakeVideo-RealAudio/African/women/id02721/00424_id03658_8Wtu9VXKqjY_faceswap.npz,-2.9065499305725098,-2.9065499305725098,4.942492961883545,1
FakeVideo-RealAudio/African/women/id02721/00424_id04245_wavtolip.npz,-6.112371444702148,-6.112371444702148,4.924000263214111,1
FakeVideo-RealAudio/African/women/id02721/00424_id04376_wavtolip.npz,-6.138256072998047,-6.138256072998047,4.928039073944092,1
FakeVideo-RealAudio/African/women/id02721/00424_id04705_ziJ9JsYr4R0.npz,-3.302389621734619,-3.302389621734619,4.874629020690918,1
FakeVideo-RealAudio/African/women/id02721/00424_id05231_wfbM5puT6eQ.npz,-2.889232635498047,-2.889232635498047,4.844995498657227,1
FakeVideo-RealAudio/African/women/id04547/00052_id00577_wavtolip.npz,-6.171311855316162,-6.171311855316162,4.956453323364258,1
FakeVideo-RealAudio/African/women/id04547/00052_id00829_aMEvVaUBq2Y.npz,-5.1640095710754395,-5.1640095710754395,4.9015350341796875,1
FakeVideo-RealAudio/African/women/id04547/00052_id02071_wavtolip.npz,-6.4081573486328125,-6.4081573486328125,4.673255443572998,1
FakeVideo-RealAudio/African/women/id04547/00052_id02508_wavtolip.npz,-5.028738021850586,-5.028738021850586,4.828912258148193,1
FakeVideo-RealAudio/African/women/id04547/00052_id02586_dEYzYDsbAeo.npz,-5.764064311981201,-5.764064311981201,4.822232246398926,1
FakeVideo-RealAudio/African/women/id04547/00052_id02721_wavtolip.npz,-2.633326292037964,-2.633326292037964,4.909211158752441,1
FakeVideo-RealAudio/African/women/id04547/00052_id02824_wavtolip.npz,-3.257798194885254,-3.257798194885254,4.951376914978027,1
FakeVideo-RealAudio/African/women/id04547/00052_id03103_wiCYm3THQPw.npz,-5.779494285583496,-5.779494285583496,4.8260393142700195,1
FakeVideo-RealAudio/African/women/id04547/00052_id03656_draVIyyqLtk.npz,-6.022734642028809,-6.022734642028809,4.842959880828857,1
FakeVideo-RealAudio/African/women/id04547/00052_id04374_SWltOOZmlWM.npz,-5.921491622924805,-5.921491622924805,4.8623223304748535,1
FakeVideo-RealAudio/African/women/id04547/00052_id04376_wavtolip.npz,-6.1839399337768555,-6.1839399337768555,4.996805191040039,1
FakeVideo-RealAudio/African/women/id04547/00052_id04540_9KNIjew03AQ.npz,-6.073915481567383,-6.073915481567383,4.896503448486328,1
FakeVideo-RealAudio/African/women/id04547/00052_id04540_wavtolip.npz,-3.9558870792388916,-3.9558870792388916,4.9277825355529785,1
FakeVideo-RealAudio/African/women/id04547/00052_id04820_wavtolip.npz,-6.252558708190918,-6.252558708190918,4.820677757263184,1
FakeVideo-RealAudio/African/women/id04547/00052_id04939_i4v2cXo9HIQ.npz,-5.901162147521973,-5.901162147521973,4.8484063148498535,1
FakeVideo-RealAudio/African/women/id04547/00052_id05106_wavtolip.npz,-2.8435769081115723,-2.8435769081115723,4.741433620452881,1
FakeVideo-RealAudio/African/women/id04547/00052_id05251_wavtolip.npz,-6.166757583618164,-6.166757583618164,4.716960430145264,1
FakeVideo-RealAudio/African/women/id00220/00027.npz,-5.552961826324463,-5.552961826324463,4.6223955154418945,1
FakeVideo-RealAudio/African/women/id00220/00027_id00371_t20i0HtPwW0.npz,-4.867605209350586,-4.867605209350586,4.712749481201172,1
FakeVideo-RealAudio/African/women/id00220/00027_id00568_wavtolip.npz,-4.768892288208008,-4.768892288208008,4.493597984313965,1
FakeVideo-RealAudio/African/women/id00220/00027_id00707_wavtolip.npz,-4.8281450271606445,-4.8281450271606445,4.567754745483398,1
FakeVideo-RealAudio/African/women/id00220/00027_id01178_6XpgYMiKxhc.npz,-5.698659420013428,-5.698659420013428,4.6665449142456055,1
FakeVideo-RealAudio/African/women/id00220/00027_id01907_LBcRkuRq0uY.npz,-5.414069175720215,-5.414069175720215,4.688735008239746,1
FakeVideo-RealAudio/African/women/id00220/00027_id02071_wavtolip.npz,-6.054620742797852,-6.054620742797852,4.52816104888916,1
FakeVideo-RealAudio/African/women/id00220/00027_id02721_wavtolip.npz,-2.2294113636016846,-2.2294113636016846,4.483019828796387,1
FakeVideo-RealAudio/African/women/id00220/00027_id02824_glBy_mYcXZw.npz,-5.225409984588623,-5.225409984588623,4.719759941101074,1
FakeVideo-RealAudio/African/women/id00220/00027_id02838_wavtolip.npz,-6.298267364501953,-6.298267364501953,4.557122707366943,1
FakeVideo-RealAudio/African/women/id00220/00027_id03103_wavtolip.npz,-6.256899356842041,-6.256899356842041,4.530966281890869,1
FakeVideo-RealAudio/African/women/id00220/00027_id03569_YO0EpPm9p-8.npz,-5.594541072845459,-5.594541072845459,4.707243919372559,1
FakeVideo-RealAudio/African/women/id00220/00027_id03656_wavtolip.npz,-5.963436603546143,-5.963436603546143,4.62944221496582,1
FakeVideo-RealAudio/African/women/id00220/00027_id04705_wavtolip.npz,-6.2649712562561035,-6.2649712562561035,4.588321685791016,1
FakeVideo-RealAudio/African/women/id00220/00027_id04820_wavtolip.npz,-6.375339031219482,-6.375339031219482,4.569957733154297,1
FakeVideo-RealAudio/African/women/id00220/00027_id04939_i4v2cXo9HIQ.npz,-5.876882076263428,-5.876882076263428,4.73091459274292,1
FakeVideo-RealAudio/African/women/id00220/00027_id05251_wavtolip.npz,-5.6342620849609375,-5.6342620849609375,4.499545574188232,1
FakeVideo-RealAudio/African/women/id04820/00015_id00832_wavtolip.npz,-6.1804022789001465,-6.1804022789001465,4.788156032562256,1
FakeVideo-RealAudio/African/women/id04820/00015_id01783_wavtolip.npz,-6.256333351135254,-6.256333351135254,4.825746059417725,1
FakeVideo-RealAudio/African/women/id04820/00015_id02071_wavtolip.npz,-6.427510738372803,-6.427510738372803,4.5035576820373535,1
FakeVideo-RealAudio/African/women/id04820/00015_id02721_wavtolip.npz,-3.377504587173462,-3.377504587173462,4.604586601257324,1
FakeVideo-RealAudio/African/women/id04820/00015_id02948__ZEDGNWjuFE.npz,-6.245612144470215,-6.245612144470215,4.734982013702393,1
FakeVideo-RealAudio/African/women/id04820/00015_id02948__ZEDGNWjuFE_faceswap.npz,-6.238459587097168,-6.238459587097168,4.754606246948242,1
FakeVideo-RealAudio/African/women/id04820/00015_id03103_wavtolip.npz,-6.242321491241455,-6.242321491241455,4.653635025024414,1
FakeVideo-RealAudio/African/women/id04820/00015_id03656_wavtolip.npz,-2.5813517570495605,-2.5813517570495605,4.631634712219238,1
FakeVideo-RealAudio/African/women/id04820/00015_id04374_wavtolip.npz,-6.227242469787598,-6.227242469787598,4.640750885009766,1
FakeVideo-RealAudio/African/women/id04820/00015_id04705_wavtolip.npz,-6.227543830871582,-6.227543830871582,4.69602108001709,1
FakeVideo-RealAudio/African/women/id04820/00015_id05251_wavtolip.npz,-6.185640335083008,-6.185640335083008,4.46224308013916,1
FakeVideo-RealAudio/African/women/id04820/00015_id05980_wavtolip.npz,-2.962170362472534,-2.962170362472534,4.712244987487793,1
FakeVideo-RealAudio/African/women/id04736/00083_0.npz,-6.325725555419922,-6.325725555419922,4.570160865783691,1
FakeVideo-RealAudio/African/women/id04736/00083_id00359_wavtolip.npz,-5.132524490356445,-5.132524490356445,4.492877006530762,1
FakeVideo-RealAudio/African/women/id04736/00083_id00568_wavtolip.npz,-3.8514175415039062,-3.8514175415039062,5.139419078826904,1
FakeVideo-RealAudio/African/women/id04736/00083_id00829_wavtolip.npz,-5.472436904907227,-5.472436904907227,5.012690544128418,1
FakeVideo-RealAudio/African/women/id04736/00083_id01178_wavtolip.npz,-6.089823246002197,-6.089823246002197,4.964847087860107,1
FakeVideo-RealAudio/African/women/id04736/00083_id02071_wavtolip.npz,-6.3917951583862305,-6.3917951583862305,4.549479961395264,1
FakeVideo-RealAudio/African/women/id04736/00083_id02824_wavtolip.npz,-1.303576111793518,-1.303576111793518,4.808669567108154,1
FakeVideo-RealAudio/African/women/id04736/00083_id03569_wavtolip.npz,-6.2545881271362305,-6.2545881271362305,4.536745071411133,1
FakeVideo-RealAudio/African/women/id04736/00083_id03713_wavtolip.npz,-5.446690559387207,-5.446690559387207,4.666306018829346,1
FakeVideo-RealAudio/African/women/id04736/00083_id04055_wavtolip.npz,-6.321074485778809,-6.321074485778809,4.5516533851623535,1
FakeVideo-RealAudio/African/women/id04736/00083_id04547_wavtolip.npz,-6.125847816467285,-6.125847816467285,4.772169589996338,1
FakeVideo-RealAudio/African/women/id04736/00083_id05235_ASy8lP3SRtw.npz,-3.8403518199920654,-3.8403518199920654,5.101518154144287,1
FakeVideo-RealAudio/African/women/id04736/00083_id05235_ASy8lP3SRtw_faceswap.npz,-4.263557434082031,-4.263557434082031,5.049583435058594,1
FakeVideo-RealAudio/African/women/id04376/00181_id00220_WlHLlTQKj8g.npz,-6.118601322174072,-6.118601322174072,4.890419960021973,1
FakeVideo-RealAudio/African/women/id04376/00181_id00460_wavtolip.npz,-6.1870598793029785,-6.1870598793029785,4.7616167068481445,1
FakeVideo-RealAudio/African/women/id04376/00181_id00829_aMEvVaUBq2Y.npz,-6.160414695739746,-6.160414695739746,4.877928256988525,1
FakeVideo-RealAudio/African/women/id04376/00181_id01178_wavtolip.npz,-6.17322301864624,-6.17322301864624,4.844907283782959,1
FakeVideo-RealAudio/African/women/id04376/00181_id02071_wavtolip.npz,-6.370113849639893,-6.370113849639893,4.665379047393799,1
FakeVideo-RealAudio/African/women/id04376/00181_id02586_dEYzYDsbAeo.npz,-5.925834655761719,-5.925834655761719,4.928308010101318,1
FakeVideo-RealAudio/African/women/id04376/00181_id02838_kaCQlSGlLe8.npz,-6.106602668762207,-6.106602668762207,4.863636493682861,1
FakeVideo-RealAudio/African/women/id04376/00181_id03569_wavtolip.npz,-6.3903961181640625,-6.3903961181640625,4.52531623840332,1
FakeVideo-RealAudio/African/women/id04376/00181_id03658_8Wtu9VXKqjY.npz,-6.162094593048096,-6.162094593048096,4.942873954772949,1
FakeVideo-RealAudio/African/women/id04376/00181_id04245_wavtolip.npz,-6.178086280822754,-6.178086280822754,4.799973011016846,1
FakeVideo-RealAudio/African/women/id04376/00181_id04374_SWltOOZmlWM.npz,-6.065037250518799,-6.065037250518799,4.909673690795898,1
FakeVideo-RealAudio/African/women/id04376/00181_id04437_2csrqaF55pk_faceswap.npz,-6.161843299865723,-6.161843299865723,4.933932781219482,1
FakeVideo-RealAudio/African/women/id04376/00181_id04547_wavtolip.npz,-5.849096775054932,-5.849096775054932,4.799591541290283,1
FakeVideo-RealAudio/African/women/id04376/00181_id04689_wavtolip.npz,-6.179927825927734,-6.179927825927734,4.821181774139404,1
FakeVideo-RealAudio/African/women/id04376/00181_id04705_wavtolip.npz,-6.176768779754639,-6.176768779754639,4.84409236907959,1
FakeVideo-RealAudio/African/women/id04376/00181_id04820_wavtolip.npz,-6.254491329193115,-6.254491329193115,4.600514888763428,1
FakeVideo-RealAudio/African/women/id04376/00181_id05231_wavtolip.npz,-6.174500942230225,-6.174500942230225,4.76258659362793,1
FakeVideo-RealAudio/African/women/id04374/00032_id00460_wavtolip.npz,-6.07963752746582,-6.07963752746582,4.888436317443848,1
FakeVideo-RealAudio/African/women/id04374/00032_id00568_wavtolip.npz,0.32867488265037537,0.32867488265037537,5.097978591918945,1
FakeVideo-RealAudio/African/women/id04374/00032_id00577_wavtolip.npz,-6.178851127624512,-6.178851127624512,4.955487251281738,1
FakeVideo-RealAudio/African/women/id04374/00032_id00707_feeHCIlo6jg.npz,-5.832555294036865,-5.832555294036865,5.080634593963623,1
FakeVideo-RealAudio/African/women/id04374/00032_id02586_dEYzYDsbAeo.npz,-5.858290672302246,-5.858290672302246,5.113735198974609,1
FakeVideo-RealAudio/African/women/id04374/00032_id02586_wavtolip.npz,-6.381208896636963,-6.381208896636963,4.721823692321777,1
FakeVideo-RealAudio/African/women/id04374/00032_id02721_wavtolip.npz,-3.0332515239715576,-3.0332515239715576,4.887938499450684,1
FakeVideo-RealAudio/African/women/id04374/00032_id02808_wavtolip.npz,-5.917332649230957,-5.917332649230957,5.178682327270508,1
FakeVideo-RealAudio/African/women/id04374/00032_id02838_kaCQlSGlLe8.npz,-5.896872043609619,-5.896872043609619,5.172402381896973,1
FakeVideo-RealAudio/African/women/id04374/00032_id03656_draVIyyqLtk.npz,-5.878050327301025,-5.878050327301025,5.11234712600708,1
FakeVideo-RealAudio/African/women/id04374/00032_id03658_wavtolip.npz,-5.91674280166626,-5.91674280166626,5.016958236694336,1
FakeVideo-RealAudio/African/women/id04374/00032_id04374_wavtolip.npz,-5.916202068328857,-5.916202068328857,5.1041579246521,1
FakeVideo-RealAudio/African/women/id04374/00032_id04547_3Qy2g2M47Aw.npz,-5.901196002960205,-5.901196002960205,5.123837947845459,1
FakeVideo-RealAudio/African/women/id04374/00032_id04689_0YqK1ksKjLg_faceswap.npz,-5.901628017425537,-5.901628017425537,5.159436225891113,1
FakeVideo-RealAudio/African/women/id04374/00032_id05231_wfbM5puT6eQ.npz,-5.805983543395996,-5.805983543395996,5.11390495300293,1
FakeVideo-RealAudio/African/women/id04374/00032_id05235_wavtolip.npz,-6.0565009117126465,-6.0565009117126465,4.861878871917725,1
FakeVideo-RealAudio/African/women/id04374/00032_id05251_wavtolip.npz,-5.923524856567383,-5.923524856567383,4.534183025360107,1
FakeVideo-RealAudio/African/women/id02824/00130_id00568_wavtolip.npz,-3.4944875240325928,-3.4944875240325928,4.707042694091797,1
FakeVideo-RealAudio/African/women/id02824/00130_id00592_wavtolip.npz,-6.161309719085693,-6.161309719085693,4.818779945373535,1
FakeVideo-RealAudio/African/women/id02824/00130_id00707_wavtolip.npz,-5.411715984344482,-5.411715984344482,4.45072603225708,1
FakeVideo-RealAudio/African/women/id02824/00130_id00832_Jr4-dXRChME.npz,-5.552937030792236,-5.552937030792236,4.822972297668457,1
FakeVideo-RealAudio/African/women/id02824/00130_id01661_SdP_Monh-_4.npz,-5.206178665161133,-5.206178665161133,4.849437713623047,1
FakeVideo-RealAudio/African/women/id02824/00130_id01661_wavtolip.npz,-0.5279814004898071,-0.5279814004898071,4.649294853210449,1
FakeVideo-RealAudio/African/women/id02824/00130_id02617_wavtolip.npz,-6.03563117980957,-6.03563117980957,4.697643756866455,1
FakeVideo-RealAudio/African/women/id02824/00130_id02948_wavtolip.npz,-6.383501052856445,-6.383501052856445,4.482731819152832,1
FakeVideo-RealAudio/African/women/id02824/00130_id03656_draVIyyqLtk.npz,-5.477338790893555,-5.477338790893555,4.85762882232666,1
FakeVideo-RealAudio/African/women/id02824/00130_id03747_wQOOhZvnrq4.npz,-5.310126304626465,-5.310126304626465,4.826773166656494,1
FakeVideo-RealAudio/African/women/id02824/00130_id03747_wQOOhZvnrq4_faceswap.npz,-5.691399574279785,-5.691399574279785,4.880362033843994,1
FakeVideo-RealAudio/African/women/id02824/00130_id04245_wavtolip.npz,-6.157715320587158,-6.157715320587158,4.773096561431885,1
FakeVideo-RealAudio/African/women/id02824/00130_id04540_wavtolip.npz,-3.6404409408569336,-3.6404409408569336,4.923359394073486,1
FakeVideo-RealAudio/African/women/id02824/00130_id04705_ziJ9JsYr4R0.npz,-5.332912921905518,-5.332912921905518,4.846292018890381,1
FakeVideo-RealAudio/African/women/id02824/00130_id04736_wavtolip.npz,-6.175483226776123,-6.175483226776123,4.758965969085693,1
FakeVideo-RealAudio/African/women/id02824/00130_id05231_wfbM5puT6eQ.npz,-5.679315567016602,-5.679315567016602,4.842652797698975,1
FakeVideo-RealAudio/African/women/id02824/00130_id05251_wavtolip.npz,-6.28133487701416,-6.28133487701416,4.546441555023193,1
FakeVideo-RealAudio/African/women/id02824/00130_id05252_CMxIX3absYM.npz,-5.665966987609863,-5.665966987609863,4.853517532348633,1
FakeVideo-RealAudio/Caucasian (American)/men/id04216/00470_0.npz,-6.207640647888184,-6.207640647888184,4.757911205291748,1
FakeVideo-RealAudio/Caucasian (American)/men/id04216/00470_id00018_sap-FjURHlc.npz,-4.999521732330322,-4.999521732330322,4.974877834320068,1
FakeVideo-RealAudio/Caucasian (American)/men/id04216/00470_id00018_wavtolip.npz,-6.157630920410156,-6.157630920410156,4.940790176391602,1
FakeVideo-RealAudio/Caucasian (American)/men/id04216/00470_id00029_TGpCGl036qk.npz,-6.032161712646484,-6.032161712646484,4.90855073928833,1
FakeVideo-RealAudio/Caucasian (American)/men/id04216/00470_id00029_TGpCGl036qk_faceswap.npz,-5.569371700286865,-5.569371700286865,4.944424152374268,1
FakeVideo-RealAudio/Caucasian (American)/men/id04216/00470_id00060_wavtolip.npz,-6.111040115356445,-6.111040115356445,4.915914058685303,1
FakeVideo-RealAudio/Caucasian (American)/men/id04216/00470_id00062_bctnrIvZHTs.npz,-2.2236435413360596,-2.2236435413360596,5.009962558746338,1
FakeVideo-RealAudio/Caucasian (American)/men/id04216/00470_id00169__V1xAwwG29U.npz,-5.947616100311279,-5.947616100311279,4.973577976226807,1
FakeVideo-RealAudio/Caucasian (American)/men/id04216/00470_id00179_Ux9OYyipQi8.npz,-2.2674224376678467,-2.2674224376678467,4.9889750480651855,1
FakeVideo-RealAudio/Caucasian (American)/men/id04216/00470_id00179_wavtolip.npz,-6.1717610359191895,-6.1717610359191895,4.783712863922119,1
FakeVideo-RealAudio/Caucasian (American)/men/id04216/00470_id00243_wavtolip.npz,-6.040802001953125,-6.040802001953125,4.996757507324219,1
FakeVideo-RealAudio/Caucasian (American)/men/id04216/00470_id00529_wavtolip.npz,-5.601439476013184,-5.601439476013184,4.956140518188477,1
FakeVideo-RealAudio/Caucasian (American)/men/id04216/00470_id00945_wavtolip.npz,-6.128186225891113,-6.128186225891113,4.898010730743408,1
FakeVideo-RealAudio/Caucasian (American)/men/id04216/00470_id00971_wavtolip.npz,-6.015225410461426,-6.015225410461426,4.934401035308838,1
FakeVideo-RealAudio/Caucasian (American)/men/id04216/00470_id01044_yL58R6zBNf4.npz,-6.0313215255737305,-6.0313215255737305,5.020740032196045,1
FakeVideo-RealAudio/Caucasian (American)/men/id04216/00470_id01096_wavtolip.npz,-6.092443466186523,-6.092443466186523,5.027385711669922,1
FakeVideo-RealAudio/Caucasian (American)/men/id04216/00470_id01105_qxMlGJlyfA8.npz,-5.90434455871582,-5.90434455871582,4.9581403732299805,1
FakeVideo-RealAudio/Caucasian (American)/men/id04216/00470_id01163_QSMeUEH3lJM.npz,-6.064851760864258,-6.064851760864258,4.980305194854736,1
FakeVideo-RealAudio/Caucasian (American)/men/id04216/00470_id01210_wavtolip.npz,-6.343101501464844,-6.343101501464844,4.647298336029053,1
FakeVideo-RealAudio/Caucasian (American)/men/id04216/00470_id01239_gJvquKo7kbA.npz,-6.0040602684021,-6.0040602684021,5.018345832824707,1
FakeVideo-RealAudio/Caucasian (American)/men/id04216/00470_id03757_wavtolip.npz,-6.334812641143799,-6.334812641143799,4.739096641540527,1
FakeVideo-RealAudio/Caucasian (American)/men/id04216/00470_id04073_KT7B07WFWyM.npz,-3.8284761905670166,-3.8284761905670166,4.995838165283203,1
FakeVideo-RealAudio/Caucasian (American)/men/id03525/00048_0.npz,-3.0321571826934814,-3.0321571826934814,5.3294806480407715,1
FakeVideo-RealAudio/Caucasian (American)/men/id03525/00048_1.npz,-6.019461631774902,-6.019461631774902,4.941075801849365,1
FakeVideo-RealAudio/Caucasian (American)/men/id03525/00048_2.npz,-6.314168930053711,-6.314168930053711,4.688712120056152,1
FakeVideo-RealAudio/Caucasian (American)/men/id03525/00048_id00060_gZ4RkcQ0SXE.npz,-0.39282381534576416,-0.39282381534576416,5.3125505447387695,1
FakeVideo-RealAudio/Caucasian (American)/men/id03525/00048_id00062_bctnrIvZHTs.npz,-1.0999161005020142,-1.0999161005020142,5.270358085632324,1
FakeVideo-RealAudio/Caucasian (American)/men/id03525/00048_id00087_0ZbOp9FgZf8.npz,-1.1765085458755493,-1.1765085458755493,5.2356858253479,1
FakeVideo-RealAudio/Caucasian (American)/men/id03525/00048_id00264_wavtolip.npz,-6.236778259277344,-6.236778259277344,4.66871976852417,1
FakeVideo-RealAudio/Caucasian (American)/men/id03525/00048_id00529_xtx2GeQN-DQ.npz,-1.20159912109375,-1.20159912109375,5.269155502319336,1
FakeVideo-RealAudio/Caucasian (American)/men/id03525/00048_id00708_wavtolip.npz,-5.39500093460083,-5.39500093460083,4.645305156707764,1
FakeVideo-RealAudio/Caucasian (American)/men/id03525/00048_id00945_V-rSeF8o5pc.npz,-0.08307874202728271,-0.08307874202728271,5.214797496795654,1
FakeVideo-RealAudio/Caucasian (American)/men/id03525/00048_id01044_wavtolip.npz,-5.910290241241455,-5.910290241241455,5.0274505615234375,1
FakeVideo-RealAudio/Caucasian (American)/men/id03525/00048_id01044_yL58R6zBNf4.npz,-0.8308562636375427,-0.8308562636375427,5.27312707901001,1
FakeVideo-RealAudio/Caucasian (American)/men/id03525/00048_id01096_wavtolip.npz,-5.891270637512207,-5.891270637512207,5.12100887298584,1
FakeVideo-RealAudio/Caucasian (American)/men/id03525/00048_id01163_QSMeUEH3lJM.npz,-1.4426523447036743,-1.4426523447036743,5.189328670501709,1
FakeVideo-RealAudio/Caucasian (American)/men/id03525/00048_id01163_wavtolip.npz,-6.173522472381592,-6.173522472381592,4.7490715980529785,1
FakeVideo-RealAudio/Caucasian (American)/men/id03525/00048_id01182_wavtolip.npz,-5.458660125732422,-5.458660125732422,5.119753837585449,1
FakeVideo-RealAudio/Caucasian (American)/men/id03525/00048_id01210_sMdOO7NqsGY.npz,-0.9754932522773743,-0.9754932522773743,5.1377387046813965,1
FakeVideo-RealAudio/Caucasian (American)/men/id03525/00048_id01211_wavtolip.npz,-6.062136650085449,-6.062136650085449,4.990291118621826,1
FakeVideo-RealAudio/Caucasian (American)/men/id03525/00048_id01239_wavtolip.npz,-5.86262321472168,-5.86262321472168,5.0276007652282715,1
FakeVideo-RealAudio/Caucasian (American)/men/id03525/00048_id03668_wavtolip.npz,-5.896995544433594,-5.896995544433594,5.005002021789551,1
FakeVideo-RealAudio/Caucasian (American)/men/id03525/00048_id03757_L-M-XbdFLQM.npz,-1.4847145080566406,-1.4847145080566406,5.068835258483887,1
FakeVideo-RealAudio/Caucasian (American)/men/id03525/00048_id04219_wavtolip.npz,-5.8633270263671875,-5.8633270263671875,4.643486499786377,1
FakeVideo-RealAudio/Caucasian (American)/men/id03525/00048_id04221_5XfsCrxGvj4.npz,-0.48042693734169006,-0.48042693734169006,5.234251976013184,1
FakeVideo-RealAudio/Caucasian (American)/men/id03525/00048_id04221_5XfsCrxGvj4_faceswap.npz,-0.47050875425338745,-0.47050875425338745,5.107778549194336,1
FakeVideo-RealAudio/Caucasian (American)/men/id03757/00149_0.npz,-3.157214879989624,-3.157214879989624,5.337944507598877,1
FakeVideo-RealAudio/Caucasian (American)/men/id03757/00149_1.npz,-5.99929141998291,-5.99929141998291,4.884917736053467,1
FakeVideo-RealAudio/Caucasian (American)/men/id03757/00149_3.npz,-0.03680543228983879,-0.03680543228983879,5.001986026763916,1
FakeVideo-RealAudio/Caucasian (American)/men/id03757/00149_id00018_sap-FjURHlc.npz,-6.324666976928711,-6.324666976928711,4.708142280578613,1
FakeVideo-RealAudio/Caucasian (American)/men/id03757/00149_id00020_VXYAbbQWyQM.npz,-6.327445030212402,-6.327445030212402,4.711330413818359,1
FakeVideo-RealAudio/Caucasian (American)/men/id03757/00149_id00049_wavtolip.npz,-5.868262767791748,-5.868262767791748,4.679165363311768,1
FakeVideo-RealAudio/Caucasian (American)/men/id03757/00149_id00087_0ZbOp9FgZf8.npz,-6.304430961608887,-6.304430961608887,4.6997904777526855,1
FakeVideo-RealAudio/Caucasian (American)/men/id03757/00149_id00169__V1xAwwG29U.npz,-6.270439147949219,-6.270439147949219,4.703794002532959,1
FakeVideo-RealAudio/Caucasian (American)/men/id03757/00149_id00243_wavtolip.npz,-5.801953315734863,-5.801953315734863,4.6889190673828125,1
FakeVideo-RealAudio/Caucasian (American)/men/id03757/00149_id00696_wavtolip.npz,-2.4904794692993164,-2.4904794692993164,4.645144462585449,1
FakeVideo-RealAudio/Caucasian (American)/men/id03757/00149_id00775_yeCUxHgUHxc.npz,-6.331291675567627,-6.331291675567627,4.707711219787598,1
FakeVideo-RealAudio/Caucasian (American)/men/id03757/00149_id00943_wavtolip.npz,-5.228214740753174,-5.228214740753174,4.6021037101745605,1
FakeVideo-RealAudio/Caucasian (American)/men/id03757/00149_id00945_wavtolip.npz,-6.319121360778809,-6.319121360778809,4.5468573570251465,1
FakeVideo-RealAudio/Caucasian (American)/men/id03757/00149_id00971_edWrVVn-rC4.npz,-6.301844596862793,-6.301844596862793,4.713275909423828,1
FakeVideo-RealAudio/Caucasian (American)/men/id03757/00149_id01042_wavtolip.npz,-6.3230462074279785,-6.3230462074279785,4.677968978881836,1
FakeVideo-RealAudio/Caucasian (American)/men/id03757/00149_id01124_wavtolip.npz,-6.328173637390137,-6.328173637390137,4.608041286468506,1
FakeVideo-RealAudio/Caucasian (American)/men/id03757/00149_id01168_Uz7M0nTbgWM.npz,-6.335962772369385,-6.335962772369385,4.704598903656006,1
FakeVideo-RealAudio/Caucasian (American)/men/id03757/00149_id01168_Uz7M0nTbgWM_faceswap.npz,-6.322661876678467,-6.322661876678467,4.667684555053711,1
FakeVideo-RealAudio/Caucasian (American)/men/id03757/00149_id01168_wavtolip.npz,-6.348341941833496,-6.348341941833496,4.622581481933594,1
FakeVideo-RealAudio/Caucasian (American)/men/id03757/00149_id01172_8f8sdrQatpw.npz,-6.070559501647949,-6.070559501647949,4.709586143493652,1
FakeVideo-RealAudio/Caucasian (American)/men/id03757/00149_id01201_Q8XWfmNiWYA.npz,-6.288083076477051,-6.288083076477051,4.69385290145874,1
FakeVideo-RealAudio/Caucasian (American)/men/id03757/00149_id01239_wavtolip.npz,-6.259242057800293,-6.259242057800293,4.64682674407959,1
FakeVideo-RealAudio/Caucasian (American)/men/id03757/00149_id04034_8ZeJXbjFa_o.npz,-6.313682556152344,-6.313682556152344,4.720425128936768,1
FakeVideo-RealAudio/Caucasian (American)/men/id03757/00149_id04216_wavtolip.npz,-5.260765075683594,-5.260765075683594,4.653952121734619,1
FakeVideo-RealAudio/Caucasian (American)/men/id00169/00021_0.npz,-6.1390838623046875,-6.1390838623046875,4.914747714996338,1
FakeVideo-RealAudio/Caucasian (American)/men/id00169/00021_id00018_sap-FjURHlc.npz,-5.6274285316467285,-5.6274285316467285,4.925963878631592,1
FakeVideo-RealAudio/Caucasian (American)/men/id00169/00021_id00029_wavtolip.npz,-6.176656723022461,-6.176656723022461,4.892791748046875,1
FakeVideo-RealAudio/Caucasian (American)/men/id00169/00021_id00088_wavtolip.npz,-6.170303821563721,-6.170303821563721,4.832822799682617,1
FakeVideo-RealAudio/Caucasian (American)/men/id00169/00021_id00179_Ux9OYyipQi8.npz,-5.314362525939941,-5.314362525939941,4.9061102867126465,1
FakeVideo-RealAudio/Caucasian (American)/men/id00169/00021_id00179_Ux9OYyipQi8_faceswap.npz,-6.129310607910156,-6.129310607910156,4.8660783767700195,1
FakeVideo-RealAudio/Caucasian (American)/men/id00169/00021_id00184_wavtolip.npz,-6.143669128417969,-6.143669128417969,4.819769859313965,1
FakeVideo-RealAudio/Caucasian (American)/men/id00169/00021_id00696_7PrURACjhqU.npz,-5.501544952392578,-5.501544952392578,4.883885860443115,1
FakeVideo-RealAudio/Caucasian (American)/men/id00169/00021_id00696_wavtolip.npz,-3.2167317867279053,-3.2167317867279053,4.929935455322266,1
FakeVideo-RealAudio/Caucasian (American)/men/id00169/00021_id00775_wavtolip.npz,-6.189374923706055,-6.189374923706055,4.66978645324707,1
FakeVideo-RealAudio/Caucasian (American)/men/id00169/00021_id01035_wavtolip.npz,-6.179660320281982,-6.179660320281982,4.816329002380371,1
FakeVideo-RealAudio/Caucasian (American)/men/id00169/00021_id01048_keflA4viWt8.npz,-6.101218223571777,-6.101218223571777,4.903506278991699,1
FakeVideo-RealAudio/Caucasian (American)/men/id00169/00021_id01163_QSMeUEH3lJM.npz,-4.219115257263184,-4.219115257263184,4.947739124298096,1
FakeVideo-RealAudio/Caucasian (American)/men/id00169/00021_id01163_wavtolip.npz,-5.3416218757629395,-5.3416218757629395,4.821511745452881,1
FakeVideo-RealAudio/Caucasian (American)/men/id00169/00021_id01175_wavtolip.npz,-5.170830726623535,-5.170830726623535,4.831301212310791,1
FakeVideo-RealAudio/Caucasian (American)/men/id00169/00021_id01182_wavtolip.npz,-5.943883895874023,-5.943883895874023,4.8617048263549805,1
FakeVideo-RealAudio/Caucasian (American)/men/id00169/00021_id01192_kAht8HG7-1s.npz,-3.809810161590576,-3.809810161590576,4.86189079284668,1
FakeVideo-RealAudio/Caucasian (American)/men/id00169/00021_id01201_Q8XWfmNiWYA.npz,-5.662957191467285,-5.662957191467285,4.969013690948486,1
FakeVideo-RealAudio/Caucasian (American)/men/id00169/00021_id03525_wavtolip.npz,-0.42307019233703613,-0.42307019233703613,4.875257968902588,1
FakeVideo-RealAudio/Caucasian (American)/men/id00169/00021_id03668_mjurT3_7DpE.npz,-5.546268463134766,-5.546268463134766,4.9249958992004395,1
FakeVideo-RealAudio/Caucasian (American)/men/id00169/00021_id03678_dsfCxodI9i8.npz,-3.644101142883301,-3.644101142883301,4.836453437805176,1
FakeVideo-RealAudio/Caucasian (American)/men/id00169/00021_id04216_uDwxIsHkBIM.npz,-3.5258917808532715,-3.5258917808532715,4.878139495849609,1
FakeVideo-RealAudio/Caucasian (American)/men/id00184/00241_id00018_sap-FjURHlc.npz,-5.081362247467041,-5.081362247467041,4.926655292510986,1
FakeVideo-RealAudio/Caucasian (American)/men/id00184/00241_id00018_wavtolip.npz,-6.180926322937012,-6.180926322937012,4.890661716461182,1
FakeVideo-RealAudio/Caucasian (American)/men/id00184/00241_id00062_bctnrIvZHTs.npz,-4.713858604431152,-4.713858604431152,4.911895751953125,1
FakeVideo-RealAudio/Caucasian (American)/men/id00184/00241_id00062_wavtolip.npz,-6.018041610717773,-6.018041610717773,5.009011745452881,1
FakeVideo-RealAudio/Caucasian (American)/men/id00184/00241_id00087_0ZbOp9FgZf8.npz,-5.316856384277344,-5.316856384277344,4.948896408081055,1
FakeVideo-RealAudio/Caucasian (American)/men/id00184/00241_id00087_0ZbOp9FgZf8_faceswap.npz,-5.64678955078125,-5.64678955078125,4.96102237701416,1
FakeVideo-RealAudio/Caucasian (American)/men/id00184/00241_id00184_wavtolip.npz,-4.881407737731934,-4.881407737731934,4.926499843597412,1
FakeVideo-RealAudio/Caucasian (American)/men/id00184/00241_id00264_wavtolip.npz,-6.2233757972717285,-6.2233757972717285,4.749529838562012,1
FakeVideo-RealAudio/Caucasian (American)/men/id00184/00241_id00529_wavtolip.npz,-6.0846357345581055,-6.0846357345581055,4.958335876464844,1
FakeVideo-RealAudio/Caucasian (American)/men/id00184/00241_id01042_afqWPqWwJIY.npz,-4.622981548309326,-4.622981548309326,4.982669830322266,1
FakeVideo-RealAudio/Caucasian (American)/men/id00184/00241_id01044_wavtolip.npz,-6.049217700958252,-6.049217700958252,4.953312873840332,1
FakeVideo-RealAudio/Caucasian (American)/men/id00184/00241_id01048_keflA4viWt8.npz,-4.910794734954834,-4.910794734954834,4.987976551055908,1
FakeVideo-RealAudio/Caucasian (American)/men/id00184/00241_id01163_wavtolip.npz,-6.139187812805176,-6.139187812805176,4.9484477043151855,1
FakeVideo-RealAudio/Caucasian (American)/men/id00184/00241_id01201_Q8XWfmNiWYA.npz,-4.7322468757629395,-4.7322468757629395,4.917381286621094,1
FakeVideo-RealAudio/Caucasian (American)/men/id00184/00241_id03668_wavtolip.npz,-6.028541088104248,-6.028541088104248,4.987985134124756,1
FakeVideo-RealAudio/Caucasian (American)/men/id00184/00241_id03757_L-M-XbdFLQM.npz,-4.863962650299072,-4.863962650299072,4.9208984375,1
FakeVideo-RealAudio/Caucasian (American)/men/id00184/00241_id03757_wavtolip.npz,-6.328586578369141,-6.328586578369141,4.7203850746154785,1
FakeVideo-RealAudio/Caucasian (American)/men/id00184/00241_id04034_wavtolip.npz,-6.035195350646973,-6.035195350646973,4.92960262298584,1
FakeVideo-RealAudio/Caucasian (American)/men/id00184/00241_id04216_uDwxIsHkBIM.npz,-4.748742580413818,-4.748742580413818,4.983834266662598,1
FakeVideo-RealAudio/Caucasian (American)/men/id00184/00241_id04219_9llHvP-jYDg.npz,-4.859889984130859,-4.859889984130859,4.926070690155029,1
FakeVideo-RealAudio/Caucasian (American)/men/id00184/00241_id04221_5XfsCrxGvj4.npz,-4.262366771697998,-4.262366771697998,4.858526706695557,1
FakeVideo-RealAudio/Caucasian (American)/men/id00021/00010_id00018_sap-FjURHlc.npz,-6.187994003295898,-6.187994003295898,4.915454864501953,1
FakeVideo-RealAudio/Caucasian (American)/men/id00021/00010_id00029_wavtolip.npz,-6.1240553855896,-6.1240553855896,4.851284980773926,1
FakeVideo-RealAudio/Caucasian (American)/men/id00021/00010_id00049_wavtolip.npz,-6.063695907592773,-6.063695907592773,4.861014366149902,1
FakeVideo-RealAudio/Caucasian (American)/men/id00021/00010_id00052_NK_leX996Yk.npz,-6.184871196746826,-6.184871196746826,4.915311813354492,1
FakeVideo-RealAudio/Caucasian (American)/men/id00021/00010_id00088_6WIDWxr8vuU.npz,-6.206486701965332,-6.206486701965332,4.901644229888916,1
FakeVideo-RealAudio/Caucasian (American)/men/id00021/00010_id00088_6WIDWxr8vuU_faceswap.npz,-5.16698694229126,-5.16698694229126,4.969693660736084,1
FakeVideo-RealAudio/Caucasian (American)/men/id00021/00010_id00088_wavtolip.npz,-5.928327560424805,-5.928327560424805,4.961167812347412,1
FakeVideo-RealAudio/Caucasian (American)/men/id00021/00010_id00169_wavtolip.npz,-6.231052398681641,-6.231052398681641,4.861257076263428,1
FakeVideo-RealAudio/Caucasian (American)/men/id00021/00010_id00179_Ux9OYyipQi8.npz,-6.191929817199707,-6.191929817199707,4.921657562255859,1
FakeVideo-RealAudio/Caucasian (American)/men/id00021/00010_id00179_wavtolip.npz,-6.0190534591674805,-6.0190534591674805,4.861893177032471,1
FakeVideo-RealAudio/Caucasian (American)/men/id00021/00010_id00775_wavtolip.npz,-5.8101935386657715,-5.8101935386657715,4.788086891174316,1
FakeVideo-RealAudio/Caucasian (American)/men/id00021/00010_id00943_LxSv2rnBGA8.npz,-6.213489055633545,-6.213489055633545,4.980137348175049,1
FakeVideo-RealAudio/Caucasian (American)/men/id00021/00010_id00943_wavtolip.npz,-4.618865013122559,-4.618865013122559,4.805440902709961,1
FakeVideo-RealAudio/Caucasian (American)/men/id00021/00010_id01035_6EWG3Ywu3jg.npz,-6.191471576690674,-6.191471576690674,4.9187469482421875,1
FakeVideo-RealAudio/Caucasian (American)/men/id00021/00010_id01124_wavtolip.npz,-6.218080520629883,-6.218080520629883,4.844188213348389,1
FakeVideo-RealAudio/Caucasian (American)/men/id00021/00010_id01175_Q_36xlWL6_o.npz,-6.200652122497559,-6.200652122497559,4.921576499938965,1
FakeVideo-RealAudio/Caucasian (American)/men/id00021/00010_id01192_kAht8HG7-1s.npz,-6.188069820404053,-6.188069820404053,4.949599266052246,1
FakeVideo-RealAudio/Caucasian (American)/men/id00021/00010_id01210_wavtolip.npz,-6.327958106994629,-6.327958106994629,4.786007881164551,1
FakeVideo-RealAudio/Caucasian (American)/men/id00021/00010_id03525_wavtolip.npz,1.111351490020752,1.111351490020752,4.754388809204102,1
FakeVideo-RealAudio/Caucasian (American)/men/id00021/00010_id04073_KT7B07WFWyM.npz,-6.18324613571167,-6.18324613571167,4.884757995605469,1
FakeVideo-RealAudio/Caucasian (American)/men/id00021/00010_id04216_uDwxIsHkBIM.npz,-6.211760997772217,-6.211760997772217,4.925968170166016,1
FakeVideo-RealAudio/Caucasian (American)/men/id01163/00195_0.npz,-0.9616593718528748,-0.9616593718528748,5.278195858001709,1
FakeVideo-RealAudio/Caucasian (American)/men/id01163/00195_id00018_sap-FjURHlc.npz,-5.537309646606445,-5.537309646606445,4.901049613952637,1
FakeVideo-RealAudio/Caucasian (American)/men/id01163/00195_id00018_sap-FjURHlc_faceswap.npz,-6.094266414642334,-6.094266414642334,4.841361999511719,1
FakeVideo-RealAudio/Caucasian (American)/men/id01163/00195_id00060_gZ4RkcQ0SXE.npz,-5.838148593902588,-5.838148593902588,4.944275856018066,1
FakeVideo-RealAudio/Caucasian (American)/men/id01163/00195_id00062_bctnrIvZHTs.npz,-6.141797065734863,-6.141797065734863,4.896213054656982,1
FakeVideo-RealAudio/Caucasian (American)/men/id01163/00195_id00062_wavtolip.npz,-6.165722846984863,-6.165722846984863,4.753116607666016,1
FakeVideo-RealAudio/Caucasian (American)/men/id01163/00195_id00088_6WIDWxr8vuU.npz,-5.57017707824707,-5.57017707824707,4.9227213859558105,1
FakeVideo-RealAudio/Caucasian (American)/men/id01163/00195_id00169__V1xAwwG29U.npz,-5.501346111297607,-5.501346111297607,4.906115531921387,1
FakeVideo-RealAudio/Caucasian (American)/men/id01163/00195_id00179_Ux9OYyipQi8.npz,-5.769674777984619,-5.769674777984619,4.876763343811035,1
FakeVideo-RealAudio/Caucasian (American)/men/id01163/00195_id00529_wavtolip.npz,-6.180143356323242,-6.180143356323242,4.867820739746094,1
FakeVideo-RealAudio/Caucasian (American)/men/id01163/00195_id00529_xtx2GeQN-DQ.npz,-6.074505805969238,-6.074505805969238,4.9043097496032715,1
FakeVideo-RealAudio/Caucasian (American)/men/id01163/00195_id00708_wavtolip.npz,-6.261253833770752,-6.261253833770752,4.659633636474609,1
FakeVideo-RealAudio/Caucasian (American)/men/id01163/00195_id01035_wavtolip.npz,-6.178811073303223,-6.178811073303223,4.719379901885986,1
FakeVideo-RealAudio/Caucasian (American)/men/id01163/00195_id01096_wavtolip.npz,-6.171659469604492,-6.171659469604492,4.797471523284912,1
FakeVideo-RealAudio/Caucasian (American)/men/id01163/00195_id01124_Lnf2oGSM00s.npz,-6.08549690246582,-6.08549690246582,4.951676368713379,1
FakeVideo-RealAudio/Caucasian (American)/men/id01163/00195_id01192_kAht8HG7-1s.npz,-5.665646076202393,-5.665646076202393,4.9160919189453125,1
FakeVideo-RealAudio/Caucasian (American)/men/id01163/00195_id01239_wavtolip.npz,-6.126224517822266,-6.126224517822266,4.68703031539917,1
FakeVideo-RealAudio/Caucasian (American)/men/id01163/00195_id03525_wavtolip.npz,-1.2227916717529297,-1.2227916717529297,4.8277716636657715,1
FakeVideo-RealAudio/Caucasian (American)/men/id01163/00195_id03668_wavtolip.npz,-6.181405544281006,-6.181405544281006,4.79904842376709,1
FakeVideo-RealAudio/Caucasian (American)/men/id01163/00195_id03757_wavtolip.npz,-6.325392723083496,-6.325392723083496,4.6835479736328125,1
FakeVideo-RealAudio/Caucasian (American)/men/id01163/00195_id04073_wavtolip.npz,-6.191948890686035,-6.191948890686035,4.821478366851807,1
FakeVideo-RealAudio/Caucasian (American)/men/id01163/00195_id04216_uDwxIsHkBIM.npz,-5.894674301147461,-5.894674301147461,4.912123680114746,1
FakeVideo-RealAudio/Caucasian (American)/men/id00088/00005_id00018_sap-FjURHlc.npz,-3.4983115196228027,-3.4983115196228027,4.9440741539001465,1
FakeVideo-RealAudio/Caucasian (American)/men/id00088/00005_id00021_6uNNej-JZ-c.npz,-4.058372497558594,-4.058372497558594,5.08013391494751,1
FakeVideo-RealAudio/Caucasian (American)/men/id00088/00005_id00021_6uNNej-JZ-c_faceswap.npz,-5.633378028869629,-5.633378028869629,4.92830753326416,1
FakeVideo-RealAudio/Caucasian (American)/men/id00088/00005_id00049_S_EHTUF-mQY.npz,-4.210361480712891,-4.210361480712891,5.004565715789795,1
FakeVideo-RealAudio/Caucasian (American)/men/id00088/00005_id00052_NK_leX996Yk.npz,-4.734096050262451,-4.734096050262451,4.919568061828613,1
FakeVideo-RealAudio/Caucasian (American)/men/id00088/00005_id00060_gZ4RkcQ0SXE.npz,-3.4853601455688477,-3.4853601455688477,4.997802257537842,1
FakeVideo-RealAudio/Caucasian (American)/men/id00088/00005_id00087_wavtolip.npz,-6.190282821655273,-6.190282821655273,4.912890434265137,1
FakeVideo-RealAudio/Caucasian (American)/men/id00088/00005_id00243_oWwEIXM3oZQ.npz,-4.788807392120361,-4.788807392120361,4.9693803787231445,1
FakeVideo-RealAudio/Caucasian (American)/men/id00088/00005_id00945_wavtolip.npz,-6.166268348693848,-6.166268348693848,4.780028820037842,1
FakeVideo-RealAudio/Caucasian (American)/men/id00088/00005_id01035_wavtolip.npz,-6.157491207122803,-6.157491207122803,4.774822235107422,1
FakeVideo-RealAudio/Caucasian (American)/men/id00088/00005_id01124_Lnf2oGSM00s.npz,-4.447772979736328,-4.447772979736328,5.045166969299316,1
FakeVideo-RealAudio/Caucasian (American)/men/id00088/00005_id01163_QSMeUEH3lJM.npz,-4.683469295501709,-4.683469295501709,5.117647647857666,1
FakeVideo-RealAudio/Caucasian (American)/men/id00088/00005_id01168_wavtolip.npz,-6.191380977630615,-6.191380977630615,4.847522735595703,1
FakeVideo-RealAudio/Caucasian (American)/men/id00088/00005_id01182_wavtolip.npz,-5.5889363288879395,-5.5889363288879395,4.896016597747803,1
FakeVideo-RealAudio/Caucasian (American)/men/id00088/00005_id01182_zca-PHR_U40.npz,-5.015090465545654,-5.015090465545654,4.997188568115234,1
FakeVideo-RealAudio/Caucasian (American)/men/id00088/00005_id01201_Q8XWfmNiWYA.npz,-3.3603224754333496,-3.3603224754333496,5.038115978240967,1
FakeVideo-RealAudio/Caucasian (American)/men/id00088/00005_id01211_wavtolip.npz,-6.173610210418701,-6.173610210418701,4.847570419311523,1
FakeVideo-RealAudio/Caucasian (American)/men/id00088/00005_id03525_wavtolip.npz,1.6786125898361206,1.6786125898361206,4.80975866317749,1
FakeVideo-RealAudio/Caucasian (American)/men/id00088/00005_id04073_wavtolip.npz,-6.186877250671387,-6.186877250671387,4.935671329498291,1
FakeVideo-RealAudio/Caucasian (American)/men/id00088/00005_id04219_wavtolip.npz,-4.963353157043457,-4.963353157043457,4.6722612380981445,1
FakeVideo-RealAudio/Caucasian (American)/men/id00088/00005_id04221_wavtolip.npz,-6.177387714385986,-6.177387714385986,4.879803657531738,1
FakeVideo-RealAudio/Caucasian (American)/men/id00264/00257_0.npz,-6.140856742858887,-6.140856742858887,4.888086318969727,1
FakeVideo-RealAudio/Caucasian (American)/men/id00264/00257_1.npz,-6.314260482788086,-6.314260482788086,4.744892597198486,1
FakeVideo-RealAudio/Caucasian (American)/men/id00264/00257_2.npz,-5.105634689331055,-5.105634689331055,5.886361598968506,1
FakeVideo-RealAudio/Caucasian (American)/men/id00264/00257_3.npz,-1.4665149450302124,-1.4665149450302124,5.295505046844482,1
FakeVideo-RealAudio/Caucasian (American)/men/id00264/00257_id00018_sap-FjURHlc.npz,-6.162392616271973,-6.162392616271973,4.860023021697998,1
FakeVideo-RealAudio/Caucasian (American)/men/id00264/00257_id00018_wavtolip.npz,-6.174341678619385,-6.174341678619385,4.778589248657227,1
FakeVideo-RealAudio/Caucasian (American)/men/id00264/00257_id00021_wavtolip.npz,-6.221336364746094,-6.221336364746094,4.786239147186279,1
FakeVideo-RealAudio/Caucasian (American)/men/id00264/00257_id00049_S_EHTUF-mQY.npz,-4.061429500579834,-4.061429500579834,4.817677974700928,1
FakeVideo-RealAudio/Caucasian (American)/men/id00264/00257_id00052_NK_leX996Yk.npz,-6.116491794586182,-6.116491794586182,4.865818500518799,1
FakeVideo-RealAudio/Caucasian (American)/men/id00264/00257_id00052_wavtolip.npz,-3.5866847038269043,-3.5866847038269043,4.806488037109375,1
FakeVideo-RealAudio/Caucasian (American)/men/id00264/00257_id00169_wavtolip.npz,-6.222475051879883,-6.222475051879883,4.745098114013672,1
FakeVideo-RealAudio/Caucasian (American)/men/id00264/00257_id00184_wavtolip.npz,-6.184754848480225,-6.184754848480225,4.696603298187256,1
FakeVideo-RealAudio/Caucasian (American)/men/id00264/00257_id00529_xtx2GeQN-DQ.npz,-3.2868802547454834,-3.2868802547454834,4.804661273956299,1
FakeVideo-RealAudio/Caucasian (American)/men/id00264/00257_id00696_7PrURACjhqU.npz,-6.13676643371582,-6.13676643371582,4.813218593597412,1
FakeVideo-RealAudio/Caucasian (American)/men/id00264/00257_id00696_wavtolip.npz,-2.841120958328247,-2.841120958328247,4.719573020935059,1
FakeVideo-RealAudio/Caucasian (American)/men/id00264/00257_id00945_V-rSeF8o5pc.npz,-6.0182600021362305,-6.0182600021362305,4.886488914489746,1
FakeVideo-RealAudio/Caucasian (American)/men/id00264/00257_id01044_wavtolip.npz,-6.2296881675720215,-6.2296881675720215,4.71875,1
FakeVideo-RealAudio/Caucasian (American)/men/id00264/00257_id01124_wavtolip.npz,-6.216005325317383,-6.216005325317383,4.686053276062012,1
FakeVideo-RealAudio/Caucasian (American)/men/id00264/00257_id01163_wavtolip.npz,-6.067663669586182,-6.067663669586182,4.736489295959473,1
FakeVideo-RealAudio/Caucasian (American)/men/id00264/00257_id01182_zca-PHR_U40.npz,-4.046689033508301,-4.046689033508301,4.891045093536377,1
FakeVideo-RealAudio/Caucasian (American)/men/id00264/00257_id01201_Q8XWfmNiWYA.npz,-6.15279483795166,-6.15279483795166,4.9050092697143555,1
FakeVideo-RealAudio/Caucasian (American)/men/id00264/00257_id03525_wavtolip.npz,-0.299291729927063,-0.299291729927063,4.860496520996094,1
FakeVideo-RealAudio/Caucasian (American)/men/id00264/00257_id03757_L-M-XbdFLQM.npz,-4.793256759643555,-4.793256759643555,4.869919776916504,1
FakeVideo-RealAudio/Caucasian (American)/men/id00264/00257_id04073_KT7B07WFWyM.npz,-6.158647537231445,-6.158647537231445,4.890898704528809,1
FakeVideo-RealAudio/Caucasian (American)/men/id00529/00409_id00018_sap-FjURHlc.npz,-5.711673259735107,-5.711673259735107,4.9843878746032715,1
FakeVideo-RealAudio/Caucasian (American)/men/id00529/00409_id00049_S_EHTUF-mQY.npz,-5.914905071258545,-5.914905071258545,4.957741737365723,1
FakeVideo-RealAudio/Caucasian (American)/men/id00529/00409_id00060_gZ4RkcQ0SXE.npz,-5.3592143058776855,-5.3592143058776855,4.988343238830566,1
FakeVideo-RealAudio/Caucasian (American)/men/id00529/00409_id00062_wavtolip.npz,-6.073436737060547,-6.073436737060547,4.909794330596924,1
FakeVideo-RealAudio/Caucasian (American)/men/id00529/00409_id00243_oWwEIXM3oZQ.npz,-5.654860496520996,-5.654860496520996,4.989903926849365,1
FakeVideo-RealAudio/Caucasian (American)/men/id00529/00409_id00264_wavtolip.npz,-6.227188587188721,-6.227188587188721,4.876803874969482,1
FakeVideo-RealAudio/Caucasian (American)/men/id00529/00409_id00775_wavtolip.npz,-5.4623918533325195,-5.4623918533325195,4.612971305847168,1
FakeVideo-RealAudio/Caucasian (American)/men/id00529/00409_id01035_wavtolip.npz,-6.089539527893066,-6.089539527893066,4.870925426483154,1
FakeVideo-RealAudio/Caucasian (American)/men/id00529/00409_id01042_wavtolip.npz,-6.252952575683594,-6.252952575683594,4.7875776290893555,1
FakeVideo-RealAudio/Caucasian (American)/men/id00529/00409_id01124_wavtolip.npz,-6.097265243530273,-6.097265243530273,4.957427501678467,1
FakeVideo-RealAudio/Caucasian (American)/men/id00529/00409_id01163_QSMeUEH3lJM.npz,-5.593168258666992,-5.593168258666992,4.966717720031738,1
FakeVideo-RealAudio/Caucasian (American)/men/id00529/00409_id01168_Uz7M0nTbgWM.npz,-5.774878025054932,-5.774878025054932,5.029036998748779,1
FakeVideo-RealAudio/Caucasian (American)/men/id00529/00409_id01172_8f8sdrQatpw.npz,-5.550597667694092,-5.550597667694092,5.014672756195068,1
FakeVideo-RealAudio/Caucasian (American)/men/id00529/00409_id01175_wavtolip.npz,-3.2942516803741455,-3.2942516803741455,4.77091646194458,1
FakeVideo-RealAudio/Caucasian (American)/men/id00529/00409_id01211_wavtolip.npz,-6.088384628295898,-6.088384628295898,4.9217529296875,1
FakeVideo-RealAudio/Caucasian (American)/men/id00529/00409_id03668_mjurT3_7DpE.npz,-5.877081394195557,-5.877081394195557,5.016892910003662,1
FakeVideo-RealAudio/Caucasian (American)/men/id00529/00409_id03678_dsfCxodI9i8.npz,-5.835981369018555,-5.835981369018555,4.985775947570801,1
FakeVideo-RealAudio/Caucasian (American)/men/id00529/00409_id03678_dsfCxodI9i8_faceswap.npz,-5.672800540924072,-5.672800540924072,4.913994789123535,1
FakeVideo-RealAudio/Caucasian (American)/men/id00529/00409_id04034_8ZeJXbjFa_o.npz,-5.7911763191223145,-5.7911763191223145,5.011020183563232,1
FakeVideo-RealAudio/Caucasian (American)/men/id00529/00409_id04073_wavtolip.npz,-6.099640846252441,-6.099640846252441,4.949361324310303,1
FakeVideo-RealAudio/Caucasian (American)/men/id00529/00409_id04219_wavtolip.npz,-4.836828231811523,-4.836828231811523,4.615184783935547,1
FakeVideo-RealAudio/Caucasian (American)/men/id00943/00304_0.npz,-4.015186786651611,-4.015186786651611,5.131368637084961,1
FakeVideo-RealAudio/Caucasian (American)/men/id00943/00304_id00021_6uNNej-JZ-c.npz,-4.813697338104248,-4.813697338104248,5.36763858795166,1
FakeVideo-RealAudio/Caucasian (American)/men/id00943/00304_id00021_6uNNej-JZ-c_faceswap.npz,-4.793053150177002,-4.793053150177002,5.282821178436279,1
FakeVideo-RealAudio/Caucasian (American)/men/id00943/00304_id00049_S_EHTUF-mQY.npz,-3.831958055496216,-3.831958055496216,5.363348484039307,1
FakeVideo-RealAudio/Caucasian (American)/men/id00943/00304_id00052_NK_leX996Yk.npz,-4.581152439117432,-4.581152439117432,5.32485294342041,1
FakeVideo-RealAudio/Caucasian (American)/men/id00943/00304_id00060_gZ4RkcQ0SXE.npz,-4.032606601715088,-4.032606601715088,5.384945392608643,1
FakeVideo-RealAudio/Caucasian (American)/men/id00943/00304_id00060_wavtolip.npz,-5.986011505126953,-5.986011505126953,5.100164413452148,1
FakeVideo-RealAudio/Caucasian (American)/men/id00943/00304_id00179_Ux9OYyipQi8.npz,-4.764779090881348,-4.764779090881348,5.357444763183594,1
FakeVideo-RealAudio/Caucasian (American)/men/id00943/00304_id00345_wavtolip.npz,-3.1506481170654297,-3.1506481170654297,4.7066521644592285,1
FakeVideo-RealAudio/Caucasian (American)/men/id00943/00304_id00529_wavtolip.npz,-6.099399566650391,-6.099399566650391,4.9317121505737305,1
FakeVideo-RealAudio/Caucasian (American)/men/id00943/00304_id00529_xtx2GeQN-DQ.npz,-4.345592498779297,-4.345592498779297,5.365781784057617,1
FakeVideo-RealAudio/Caucasian (American)/men/id00943/00304_id00708_wavtolip.npz,-6.247105598449707,-6.247105598449707,4.744276523590088,1
FakeVideo-RealAudio/Caucasian (American)/men/id00943/00304_id00775_yeCUxHgUHxc.npz,-4.643965244293213,-4.643965244293213,5.343052864074707,1
FakeVideo-RealAudio/Caucasian (American)/men/id00943/00304_id00945_V-rSeF8o5pc.npz,-4.915066242218018,-4.915066242218018,5.343529224395752,1
FakeVideo-RealAudio/Caucasian (American)/men/id00943/00304_id00945_wavtolip.npz,-5.130302906036377,-5.130302906036377,4.881717681884766,1
FakeVideo-RealAudio/Caucasian (American)/men/id00943/00304_id01042_wavtolip.npz,-6.278316020965576,-6.278316020965576,4.786186218261719,1
FakeVideo-RealAudio/Caucasian (American)/men/id00943/00304_id01044_yL58R6zBNf4.npz,-5.323094844818115,-5.323094844818115,5.352288246154785,1
FakeVideo-RealAudio/Caucasian (American)/men/id00943/00304_id01096_GHuYIC1WDks.npz,-4.691761493682861,-4.691761493682861,5.389265537261963,1
FakeVideo-RealAudio/Caucasian (American)/men/id00943/00304_id01172_wavtolip.npz,-1.2673664093017578,-1.2673664093017578,4.5554351806640625,1
FakeVideo-RealAudio/Caucasian (American)/men/id00943/00304_id01201_wavtolip.npz,-4.3161797523498535,-4.3161797523498535,5.399112701416016,1
FakeVideo-RealAudio/Caucasian (American)/men/id00943/00304_id03757_wavtolip.npz,-6.323901176452637,-6.323901176452637,4.7892680168151855,1
FakeVideo-RealAudio/Caucasian (American)/men/id00943/00304_id04216_wavtolip.npz,-6.062443733215332,-6.062443733215332,4.917572975158691,1
FakeVideo-RealAudio/Caucasian (American)/men/id01096/00037_0.npz,-5.608188629150391,-5.608188629150391,5.348363399505615,1
FakeVideo-RealAudio/Caucasian (American)/men/id01096/00037_id00029_TGpCGl036qk.npz,-5.13766622543335,-5.13766622543335,5.936033248901367,1
FakeVideo-RealAudio/Caucasian (American)/men/id01096/00037_id00060_wavtolip.npz,-5.983225345611572,-5.983225345611572,5.020400524139404,1
FakeVideo-RealAudio/Caucasian (American)/men/id01096/00037_id00087_0ZbOp9FgZf8.npz,-5.140007495880127,-5.140007495880127,5.935469627380371,1
FakeVideo-RealAudio/Caucasian (American)/men/id01096/00037_id00179_Ux9OYyipQi8.npz,-5.136580467224121,-5.136580467224121,5.852085113525391,1
FakeVideo-RealAudio/Caucasian (American)/men/id01096/00037_id00243_wavtolip.npz,-5.846427917480469,-5.846427917480469,4.843899726867676,1
FakeVideo-RealAudio/Caucasian (American)/men/id01096/00037_id00708_Dzmb0FH1xBc.npz,-5.141110420227051,-5.141110420227051,5.939187049865723,1
FakeVideo-RealAudio/Caucasian (American)/men/id01096/00037_id00775_yeCUxHgUHxc.npz,-5.1441168785095215,-5.1441168785095215,5.863618850708008,1
FakeVideo-RealAudio/Caucasian (American)/men/id01096/00037_id00775_yeCUxHgUHxc_faceswap.npz,-5.0751633644104,-5.0751633644104,5.881715297698975,1
FakeVideo-RealAudio/Caucasian (American)/men/id01096/00037_id00777_wavtolip.npz,-5.3982415199279785,-5.3982415199279785,5.582782745361328,1
FakeVideo-RealAudio/Caucasian (American)/men/id01096/00037_id00943_LxSv2rnBGA8.npz,-5.140932083129883,-5.140932083129883,5.929121494293213,1
FakeVideo-RealAudio/Caucasian (American)/men/id01096/00037_id00943_wavtolip.npz,-5.675241470336914,-5.675241470336914,5.255523681640625,1
FakeVideo-RealAudio/Caucasian (American)/men/id01096/00037_id01035_wavtolip.npz,-6.1016130447387695,-6.1016130447387695,4.746403217315674,1
FakeVideo-RealAudio/Caucasian (American)/men/id01096/00037_id01042_afqWPqWwJIY.npz,-5.134530067443848,-5.134530067443848,5.921016216278076,1
FakeVideo-RealAudio/Caucasian (American)/men/id01096/00037_id01048_keflA4viWt8.npz,-5.144461631774902,-5.144461631774902,5.9263386726379395,1
FakeVideo-RealAudio/Caucasian (American)/men/id01096/00037_id01048_wavtolip.npz,-6.2005767822265625,-6.2005767822265625,4.673496246337891,1
FakeVideo-RealAudio/Caucasian (American)/men/id01096/00037_id01124_wavtolip.npz,-5.199397563934326,-5.199397563934326,5.79100227355957,1
FakeVideo-RealAudio/Caucasian (American)/men/id01096/00037_id01163_wavtolip.npz,-6.170711517333984,-6.170711517333984,4.805200576782227,1
FakeVideo-RealAudio/Caucasian (American)/men/id01096/00037_id01239_gJvquKo7kbA.npz,-5.13770866394043,-5.13770866394043,5.89508056640625,1
FakeVideo-RealAudio/Caucasian (American)/men/id01096/00037_id03668_wavtolip.npz,-5.3880696296691895,-5.3880696296691895,5.537820339202881,1
FakeVideo-RealAudio/Caucasian (American)/men/id01096/00037_id04216_wavtolip.npz,-6.092258453369141,-6.092258453369141,4.885858535766602,1
FakeVideo-RealAudio/Caucasian (American)/men/id01096/00037_id04221_5XfsCrxGvj4.npz,-5.132373809814453,-5.132373809814453,5.91664457321167,1
FakeVideo-RealAudio/Caucasian (American)/men/id00345/00243_0.npz,-6.156680583953857,-6.156680583953857,4.966291427612305,1
FakeVideo-RealAudio/Caucasian (American)/men/id00345/00243_id00021_wavtolip.npz,-6.241236686706543,-6.241236686706543,4.629772186279297,1
FakeVideo-RealAudio/Caucasian (American)/men/id00345/00243_id00049_wavtolip.npz,-5.414859771728516,-5.414859771728516,4.663897514343262,1
FakeVideo-RealAudio/Caucasian (American)/men/id00345/00243_id00060_wavtolip.npz,-6.206543922424316,-6.206543922424316,4.743932723999023,1
FakeVideo-RealAudio/Caucasian (American)/men/id00345/00243_id00062_wavtolip.npz,-6.366589546203613,-6.366589546203613,4.554689407348633,1
FakeVideo-RealAudio/Caucasian (American)/men/id00345/00243_id00088_6WIDWxr8vuU.npz,-5.435487747192383,-5.435487747192383,4.785901069641113,1
FakeVideo-RealAudio/Caucasian (American)/men/id00345/00243_id00169__V1xAwwG29U.npz,-4.754017353057861,-4.754017353057861,4.691256999969482,1
FakeVideo-RealAudio/Caucasian (American)/men/id00345/00243_id00169_wavtolip.npz,-6.381758689880371,-6.381758689880371,4.550403594970703,1
FakeVideo-RealAudio/Caucasian (American)/men/id00345/00243_id00179_Ux9OYyipQi8.npz,-4.089807033538818,-4.089807033538818,4.74788761138916,1
FakeVideo-RealAudio/Caucasian (American)/men/id00345/00243_id00179_Ux9OYyipQi8_faceswap.npz,-3.4446990489959717,-3.4446990489959717,4.784186363220215,1
FakeVideo-RealAudio/Caucasian (American)/men/id00345/00243_id00179_wavtolip.npz,-6.223694801330566,-6.223694801330566,4.625547409057617,1
FakeVideo-RealAudio/Caucasian (American)/men/id00345/00243_id00696_7PrURACjhqU.npz,-5.666942596435547,-5.666942596435547,4.626863479614258,1
FakeVideo-RealAudio/Caucasian (American)/men/id00345/00243_id00945_wavtolip.npz,-6.354184150695801,-6.354184150695801,4.531279563903809,1
FakeVideo-RealAudio/Caucasian (American)/men/id00345/00243_id01124_Lnf2oGSM00s.npz,-4.385542869567871,-4.385542869567871,4.664119720458984,1
FakeVideo-RealAudio/Caucasian (American)/men/id00345/00243_id01182_wavtolip.npz,-4.032000541687012,-4.032000541687012,4.589977741241455,1
FakeVideo-RealAudio/Caucasian (American)/men/id00345/00243_id01182_zca-PHR_U40.npz,-3.565643310546875,-3.565643310546875,4.660611152648926,1
FakeVideo-RealAudio/Caucasian (American)/men/id00345/00243_id01210_sMdOO7NqsGY.npz,-3.496272563934326,-3.496272563934326,4.747154235839844,1
FakeVideo-RealAudio/Caucasian (American)/men/id00345/00243_id01211_ALJX69-RDG8.npz,-4.282908916473389,-4.282908916473389,4.69906759262085,1
FakeVideo-RealAudio/Caucasian (American)/men/id00345/00243_id01239_gJvquKo7kbA.npz,-4.300873279571533,-4.300873279571533,4.727425575256348,1
FakeVideo-RealAudio/Caucasian (American)/men/id00345/00243_id03668_wavtolip.npz,-6.3764543533325195,-6.3764543533325195,4.55955171585083,1
FakeVideo-RealAudio/Caucasian (American)/men/id00345/00243_id04073_KT7B07WFWyM.npz,-4.373922348022461,-4.373922348022461,4.716373443603516,1
FakeVideo-RealAudio/Caucasian (American)/men/id00345/00243_id04221_wavtolip.npz,-6.3779191970825195,-6.3779191970825195,4.61115026473999,1
FakeVideo-RealAudio/Caucasian (American)/men/id01192/00217_id00062_bctnrIvZHTs.npz,-3.0820999145507812,-3.0820999145507812,5.105367660522461,1
FakeVideo-RealAudio/Caucasian (American)/men/id01192/00217_id00169__V1xAwwG29U.npz,-2.9985711574554443,-2.9985711574554443,5.095977306365967,1
FakeVideo-RealAudio/Caucasian (American)/men/id01192/00217_id00184_wavtolip.npz,-6.0014495849609375,-6.0014495849609375,4.8902788162231445,1
FakeVideo-RealAudio/Caucasian (American)/men/id01192/00217_id00243_wavtolip.npz,-6.0134735107421875,-6.0134735107421875,4.861064910888672,1
FakeVideo-RealAudio/Caucasian (American)/men/id01192/00217_id00529_wavtolip.npz,-6.11068058013916,-6.11068058013916,4.905736923217773,1
FakeVideo-RealAudio/Caucasian (American)/men/id01192/00217_id00708_wavtolip.npz,-6.273957252502441,-6.273957252502441,4.66095495223999,1
FakeVideo-RealAudio/Caucasian (American)/men/id01192/00217_id00775_yeCUxHgUHxc.npz,-3.0243735313415527,-3.0243735313415527,5.153131484985352,1
FakeVideo-RealAudio/Caucasian (American)/men/id01192/00217_id00943_wavtolip.npz,-5.964097499847412,-5.964097499847412,5.020419597625732,1
FakeVideo-RealAudio/Caucasian (American)/men/id01192/00217_id00945_wavtolip.npz,-6.163326263427734,-6.163326263427734,4.807602405548096,1
FakeVideo-RealAudio/Caucasian (American)/men/id01192/00217_id01042_afqWPqWwJIY.npz,-3.4901082515716553,-3.4901082515716553,5.164279937744141,1
FakeVideo-RealAudio/Caucasian (American)/men/id01192/00217_id01044_wavtolip.npz,-5.979452133178711,-5.979452133178711,4.979982852935791,1
FakeVideo-RealAudio/Caucasian (American)/men/id01192/00217_id01044_yL58R6zBNf4.npz,-3.03085994720459,-3.03085994720459,5.0694580078125,1
FakeVideo-RealAudio/Caucasian (American)/men/id01192/00217_id01105_qxMlGJlyfA8.npz,-3.0921432971954346,-3.0921432971954346,5.028942108154297,1
FakeVideo-RealAudio/Caucasian (American)/men/id01192/00217_id01105_qxMlGJlyfA8_faceswap.npz,-3.022679090499878,-3.022679090499878,5.043003082275391,1
FakeVideo-RealAudio/Caucasian (American)/men/id01192/00217_id01163_QSMeUEH3lJM.npz,-3.2300198078155518,-3.2300198078155518,5.097298622131348,1
FakeVideo-RealAudio/Caucasian (American)/men/id01192/00217_id01201_wavtolip.npz,-5.934290409088135,-5.934290409088135,5.016831874847412,1
FakeVideo-RealAudio/Caucasian (American)/men/id01192/00217_id01239_gJvquKo7kbA.npz,-2.794217824935913,-2.794217824935913,5.098021030426025,1
FakeVideo-RealAudio/Caucasian (American)/men/id01192/00217_id04034_wavtolip.npz,-5.973442077636719,-5.973442077636719,5.013128280639648,1
FakeVideo-RealAudio/Caucasian (American)/men/id01192/00217_id04073_KT7B07WFWyM.npz,-3.0640594959259033,-3.0640594959259033,5.0972514152526855,1
FakeVideo-RealAudio/Caucasian (American)/men/id01192/00217_id04073_wavtolip.npz,-5.977703094482422,-5.977703094482422,5.011344909667969,1
FakeVideo-RealAudio/Caucasian (American)/men/id01192/00217_id04221_5XfsCrxGvj4.npz,-2.9651734828948975,-2.9651734828948975,5.147005081176758,1
FakeVideo-RealAudio/Caucasian (American)/men/id03678/00078_0.npz,-5.622587203979492,-5.622587203979492,5.172305583953857,1
FakeVideo-RealAudio/Caucasian (American)/men/id03678/00078_id00018_sap-FjURHlc.npz,-5.472782135009766,-5.472782135009766,4.682119846343994,1
FakeVideo-RealAudio/Caucasian (American)/men/id03678/00078_id00021_wavtolip.npz,-6.2189812660217285,-6.2189812660217285,4.869199752807617,1
FakeVideo-RealAudio/Caucasian (American)/men/id03678/00078_id00049_S_EHTUF-mQY.npz,-5.185063362121582,-5.185063362121582,4.706864356994629,1
FakeVideo-RealAudio/Caucasian (American)/men/id03678/00078_id00169__V1xAwwG29U.npz,-4.984504699707031,-4.984504699707031,4.687228679656982,1
FakeVideo-RealAudio/Caucasian (American)/men/id03678/00078_id00243_oWwEIXM3oZQ.npz,-5.114333152770996,-5.114333152770996,4.691413402557373,1
FakeVideo-RealAudio/Caucasian (American)/men/id03678/00078_id00345_wavtolip.npz,-3.9959428310394287,-3.9959428310394287,4.599043846130371,1
FakeVideo-RealAudio/Caucasian (American)/men/id03678/00078_id00529_xtx2GeQN-DQ.npz,-5.381250858306885,-5.381250858306885,4.698479175567627,1
FakeVideo-RealAudio/Caucasian (American)/men/id03678/00078_id00696_7PrURACjhqU.npz,-4.927163124084473,-4.927163124084473,4.681225776672363,1
FakeVideo-RealAudio/Caucasian (American)/men/id03678/00078_id00775_wavtolip.npz,-5.265721797943115,-5.265721797943115,4.7288618087768555,1
FakeVideo-RealAudio/Caucasian (American)/men/id03678/00078_id01048_wavtolip.npz,-6.23573112487793,-6.23573112487793,4.728835105895996,1
FakeVideo-RealAudio/Caucasian (American)/men/id03678/00078_id01124_Lnf2oGSM00s.npz,-4.87221097946167,-4.87221097946167,4.693614959716797,1
FakeVideo-RealAudio/Caucasian (American)/men/id03678/00078_id01124_wavtolip.npz,-5.346978187561035,-5.346978187561035,4.869788646697998,1
FakeVideo-RealAudio/Caucasian (American)/men/id03678/00078_id01163_QSMeUEH3lJM.npz,-5.266953468322754,-5.266953468322754,4.6644368171691895,1
FakeVideo-RealAudio/Caucasian (American)/men/id03678/00078_id01172_8f8sdrQatpw.npz,-5.256133079528809,-5.256133079528809,4.694005966186523,1
FakeVideo-RealAudio/Caucasian (American)/men/id03678/00078_id01182_wavtolip.npz,-5.441917419433594,-5.441917419433594,4.913997173309326,1
FakeVideo-RealAudio/Caucasian (American)/men/id03678/00078_id01192_wavtolip.npz,-3.3078694343566895,-3.3078694343566895,4.751448154449463,1
FakeVideo-RealAudio/Caucasian (American)/men/id03678/00078_id01201_wavtolip.npz,-6.116374492645264,-6.116374492645264,4.850395679473877,1
FakeVideo-RealAudio/Caucasian (American)/men/id03678/00078_id03668_mjurT3_7DpE.npz,-5.9437174797058105,-5.9437174797058105,4.696734428405762,1
FakeVideo-RealAudio/Caucasian (American)/men/id03678/00078_id03668_mjurT3_7DpE_faceswap.npz,-5.257334232330322,-5.257334232330322,4.703779697418213,1
FakeVideo-RealAudio/Caucasian (American)/men/id03678/00078_id03757_wavtolip.npz,-6.325539588928223,-6.325539588928223,4.681617736816406,1
FakeVideo-RealAudio/Caucasian (American)/men/id03678/00078_id04219_wavtolip.npz,-4.762355804443359,-4.762355804443359,4.507114410400391,1
FakeVideo-RealAudio/Caucasian (American)/men/id00018/00181_0.npz,-4.585042953491211,-4.585042953491211,4.917769432067871,1
FakeVideo-RealAudio/Caucasian (American)/men/id00018/00181_id00060_wavtolip.npz,-6.183159351348877,-6.183159351348877,4.855733394622803,1
FakeVideo-RealAudio/Caucasian (American)/men/id00018/00181_id00088_6WIDWxr8vuU.npz,-4.778817176818848,-4.778817176818848,4.845808029174805,1
FakeVideo-RealAudio/Caucasian (American)/men/id00018/00181_id00169__V1xAwwG29U.npz,-5.021026134490967,-5.021026134490967,4.80930233001709,1
FakeVideo-RealAudio/Caucasian (American)/men/id00018/00181_id00243_oWwEIXM3oZQ.npz,-5.48929500579834,-5.48929500579834,4.8376359939575195,1
FakeVideo-RealAudio/Caucasian (American)/men/id00018/00181_id00264_wavtolip.npz,-6.206575393676758,-6.206575393676758,4.760446548461914,1
FakeVideo-RealAudio/Caucasian (American)/men/id00018/00181_id00696_7PrURACjhqU.npz,-5.709621906280518,-5.709621906280518,4.803239345550537,1
FakeVideo-RealAudio/Caucasian (American)/men/id00018/00181_id01035_wavtolip.npz,-6.178462505340576,-6.178462505340576,4.724313259124756,1
FakeVideo-RealAudio/Caucasian (American)/men/id00018/00181_id01048_wavtolip.npz,-6.2529988288879395,-6.2529988288879395,4.721169471740723,1
FakeVideo-RealAudio/Caucasian (American)/men/id00018/00181_id01124_Lnf2oGSM00s.npz,-5.850610733032227,-5.850610733032227,4.842143535614014,1
FakeVideo-RealAudio/Caucasian (American)/men/id00018/00181_id01163_QSMeUEH3lJM.npz,-6.0555877685546875,-6.0555877685546875,4.839712142944336,1
FakeVideo-RealAudio/Caucasian (American)/men/id00018/00181_id01163_wavtolip.npz,-6.0795087814331055,-6.0795087814331055,4.848278522491455,1
FakeVideo-RealAudio/Caucasian (American)/men/id00018/00181_id01182_wavtolip.npz,-4.6100311279296875,-4.6100311279296875,4.778100967407227,1
FakeVideo-RealAudio/Caucasian (American)/men/id00018/00181_id01192_wavtolip.npz,-4.146886348724365,-4.146886348724365,4.7807745933532715,1
FakeVideo-RealAudio/Caucasian (American)/men/id00018/00181_id01201_Q8XWfmNiWYA.npz,-5.449735164642334,-5.449735164642334,4.864112377166748,1
FakeVideo-RealAudio/Caucasian (American)/men/id00018/00181_id01201_Q8XWfmNiWYA_faceswap.npz,-5.872866153717041,-5.872866153717041,4.865957736968994,1
FakeVideo-RealAudio/Caucasian (American)/men/id00018/00181_id01210_wavtolip.npz,-6.349708080291748,-6.349708080291748,4.632810592651367,1
FakeVideo-RealAudio/Caucasian (American)/men/id00018/00181_id03525_wavtolip.npz,-0.8107897043228149,-0.8107897043228149,4.80506706237793,1
FakeVideo-RealAudio/Caucasian (American)/men/id00018/00181_id03678_dsfCxodI9i8.npz,-4.240262985229492,-4.240262985229492,4.81347131729126,1
FakeVideo-RealAudio/Caucasian (American)/men/id00018/00181_id03757_L-M-XbdFLQM.npz,-5.358554840087891,-5.358554840087891,4.880723476409912,1
FakeVideo-RealAudio/Caucasian (American)/men/id00018/00181_id04219_9llHvP-jYDg.npz,-5.757823467254639,-5.757823467254639,4.882105827331543,1
FakeVideo-RealAudio/Caucasian (American)/men/id00018/00181_id04219_wavtolip.npz,-4.809871673583984,-4.809871673583984,4.607184410095215,1
FakeVideo-RealAudio/Caucasian (American)/men/id00049/00118_id00018_sap-FjURHlc.npz,-4.417485237121582,-4.417485237121582,5.094135761260986,1
FakeVideo-RealAudio/Caucasian (American)/men/id00049/00118_id00020_VXYAbbQWyQM.npz,-3.2587432861328125,-3.2587432861328125,5.100946426391602,1
FakeVideo-RealAudio/Caucasian (American)/men/id00049/00118_id00169__V1xAwwG29U.npz,-3.7889702320098877,-3.7889702320098877,5.092648029327393,1
FakeVideo-RealAudio/Caucasian (American)/men/id00049/00118_id00169_wavtolip.npz,-6.173951625823975,-6.173951625823975,4.733716011047363,1
FakeVideo-RealAudio/Caucasian (American)/men/id00049/00118_id00179_wavtolip.npz,-4.134062767028809,-4.134062767028809,4.791995525360107,1
FakeVideo-RealAudio/Caucasian (American)/men/id00049/00118_id00345_wavtolip.npz,-4.585941314697266,-4.585941314697266,4.626235008239746,1
FakeVideo-RealAudio/Caucasian (American)/men/id00049/00118_id00529_xtx2GeQN-DQ.npz,-4.385269641876221,-4.385269641876221,5.05875301361084,1
FakeVideo-RealAudio/Caucasian (American)/men/id00049/00118_id00696_7PrURACjhqU.npz,-4.928687572479248,-4.928687572479248,5.003772258758545,1
FakeVideo-RealAudio/Caucasian (American)/men/id00049/00118_id00775_yeCUxHgUHxc.npz,-4.787869930267334,-4.787869930267334,5.093423843383789,1
FakeVideo-RealAudio/Caucasian (American)/men/id00049/00118_id00775_yeCUxHgUHxc_faceswap.npz,-5.759343147277832,-5.759343147277832,5.130261421203613,1
FakeVideo-RealAudio/Caucasian (American)/men/id00049/00118_id00943_LxSv2rnBGA8.npz,-5.228829383850098,-5.228829383850098,5.1680426597595215,1
FakeVideo-RealAudio/Caucasian (American)/men/id00049/00118_id01163_wavtolip.npz,-5.729807376861572,-5.729807376861572,4.94187593460083,1
FakeVideo-RealAudio/Caucasian (American)/men/id00049/00118_id01182_wavtolip.npz,-4.776127338409424,-4.776127338409424,5.135776519775391,1
FakeVideo-RealAudio/Caucasian (American)/men/id00049/00118_id01192_wavtolip.npz,-3.1123409271240234,-3.1123409271240234,4.956860542297363,1
FakeVideo-RealAudio/Caucasian (American)/men/id00049/00118_id01201_wavtolip.npz,-5.841740608215332,-5.841740608215332,5.036898136138916,1
FakeVideo-RealAudio/Caucasian (American)/men/id00049/00118_id03668_mjurT3_7DpE.npz,-5.478676795959473,-5.478676795959473,5.2137603759765625,1
FakeVideo-RealAudio/Caucasian (American)/men/id00049/00118_id03668_wavtolip.npz,-5.903253078460693,-5.903253078460693,5.0853095054626465,1
FakeVideo-RealAudio/Caucasian (American)/men/id00049/00118_id03678_dsfCxodI9i8.npz,-4.7720417976379395,-4.7720417976379395,5.048411846160889,1
FakeVideo-RealAudio/Caucasian (American)/men/id00049/00118_id03678_wavtolip.npz,-5.806172847747803,-5.806172847747803,4.672410011291504,1
FakeVideo-RealAudio/Caucasian (American)/men/id00049/00118_id04216_wavtolip.npz,-6.092474937438965,-6.092474937438965,4.837792873382568,1
FakeVideo-RealAudio/Caucasian (American)/men/id00049/00118_id04219_9llHvP-jYDg.npz,-4.52208948135376,-4.52208948135376,5.152478218078613,1
FakeVideo-RealAudio/Caucasian (American)/men/id00087/00002_id00029_wavtolip.npz,-5.868936061859131,-5.868936061859131,5.014118194580078,1
FakeVideo-RealAudio/Caucasian (American)/men/id00087/00002_id00060_wavtolip.npz,-5.976755619049072,-5.976755619049072,5.100466728210449,1
FakeVideo-RealAudio/Caucasian (American)/men/id00087/00002_id00184_WaTN0ry04Qs.npz,-3.1849992275238037,-3.1849992275238037,5.003090858459473,1
FakeVideo-RealAudio/Caucasian (American)/men/id00087/00002_id00345_wavtolip.npz,-5.187662601470947,-5.187662601470947,4.731553554534912,1
FakeVideo-RealAudio/Caucasian (American)/men/id00087/00002_id00696_wavtolip.npz,-2.5856385231018066,-2.5856385231018066,4.751035213470459,1
FakeVideo-RealAudio/Caucasian (American)/men/id00087/00002_id00708_Dzmb0FH1xBc.npz,-3.5310051441192627,-3.5310051441192627,5.078843593597412,1
FakeVideo-RealAudio/Caucasian (American)/men/id00087/00002_id00775_yeCUxHgUHxc.npz,-3.147286891937256,-3.147286891937256,5.14987325668335,1
FakeVideo-RealAudio/Caucasian (American)/men/id00087/00002_id00775_yeCUxHgUHxc_faceswap.npz,-5.844557762145996,-5.844557762145996,5.130188941955566,1
FakeVideo-RealAudio/Caucasian (American)/men/id00087/00002_id00777_wavtolip.npz,-5.877446174621582,-5.877446174621582,5.120450019836426,1
FakeVideo-RealAudio/Caucasian (American)/men/id00087/00002_id00943_LxSv2rnBGA8.npz,-3.1142773628234863,-3.1142773628234863,5.149387359619141,1
FakeVideo-RealAudio/Caucasian (American)/men/id00087/00002_id00945_V-rSeF8o5pc.npz,-4.369682312011719,-4.369682312011719,4.97615909576416,1
FakeVideo-RealAudio/Caucasian (American)/men/id00087/00002_id01042_afqWPqWwJIY.npz,-2.7103981971740723,-2.7103981971740723,5.163061618804932,1
FakeVideo-RealAudio/Caucasian (American)/men/id00087/00002_id01044_wavtolip.npz,-5.882796287536621,-5.882796287536621,5.1045756340026855,1
FakeVideo-RealAudio/Caucasian (American)/men/id00087/00002_id01044_yL58R6zBNf4.npz,-2.979250192642212,-2.979250192642212,5.088022708892822,1
FakeVideo-RealAudio/Caucasian (American)/men/id00087/00002_id01096_GHuYIC1WDks.npz,-3.0279319286346436,-3.0279319286346436,5.118478298187256,1
FakeVideo-RealAudio/Caucasian (American)/men/id00087/00002_id01168_wavtolip.npz,-6.154844284057617,-6.154844284057617,4.92755651473999,1
FakeVideo-RealAudio/Caucasian (American)/men/id00087/00002_id01172_wavtolip.npz,-1.1155736446380615,-1.1155736446380615,4.511373519897461,1
FakeVideo-RealAudio/Caucasian (American)/men/id00087/00002_id03525_5qVmWkkCk3k.npz,-2.8311655521392822,-2.8311655521392822,5.170811653137207,1
FakeVideo-RealAudio/Caucasian (American)/men/id00087/00002_id03668_wavtolip.npz,-5.87199592590332,-5.87199592590332,5.195143222808838,1
FakeVideo-RealAudio/Caucasian (American)/men/id00087/00002_id03757_L-M-XbdFLQM.npz,-4.377848148345947,-4.377848148345947,5.010734558105469,1
FakeVideo-RealAudio/Caucasian (American)/men/id00087/00002_id04216_wavtolip.npz,-6.095518589019775,-6.095518589019775,4.949982643127441,1
FakeVideo-RealAudio/Caucasian (American)/women/id01216/00025_0.npz,-5.27754545211792,-5.27754545211792,5.255787372589111,1
FakeVideo-RealAudio/Caucasian (American)/women/id01216/00025_id00025_PjSeVtbvSjA.npz,-4.641757011413574,-4.641757011413574,5.8200459480285645,1
FakeVideo-RealAudio/Caucasian (American)/women/id01216/00025_id00097_PchMB8-P1lw.npz,-4.819771766662598,-4.819771766662598,5.801490306854248,1
FakeVideo-RealAudio/Caucasian (American)/women/id01216/00025_id00261_wavtolip.npz,-5.994169235229492,-5.994169235229492,4.755084037780762,1
FakeVideo-RealAudio/Caucasian (American)/women/id01216/00025_id00272_VLY1boTtbRM.npz,-4.7208123207092285,-4.7208123207092285,5.823018550872803,1
FakeVideo-RealAudio/Caucasian (American)/women/id01216/00025_id00383_wavtolip.npz,-3.6695785522460938,-3.6695785522460938,5.01592493057251,1
FakeVideo-RealAudio/Caucasian (American)/women/id01216/00025_id00458_wavtolip.npz,-3.5414505004882812,-3.5414505004882812,4.910664081573486,1
FakeVideo-RealAudio/Caucasian (American)/women/id01216/00025_id00462_EMnGfAq9gg4.npz,-5.123568534851074,-5.123568534851074,5.824695587158203,1
FakeVideo-RealAudio/Caucasian (American)/women/id01216/00025_id00575_wavtolip.npz,-6.050724983215332,-6.050724983215332,4.6814117431640625,1
FakeVideo-RealAudio/Caucasian (American)/women/id01216/00025_id00618_wavtolip.npz,-6.007166385650635,-6.007166385650635,4.724518775939941,1
FakeVideo-RealAudio/Caucasian (American)/women/id01216/00025_id00841_wavtolip.npz,-2.549006938934326,-2.549006938934326,4.907312870025635,1
FakeVideo-RealAudio/Caucasian (American)/women/id01216/00025_id01004_wavtolip.npz,-6.275993347167969,-6.275993347167969,4.537309646606445,1
FakeVideo-RealAudio/Caucasian (American)/women/id01216/00025_id01075_MtJUiHspdT0.npz,-3.9068005084991455,-3.9068005084991455,5.837923049926758,1
FakeVideo-RealAudio/Caucasian (American)/women/id01216/00025_id01091_wavtolip.npz,-6.127874374389648,-6.127874374389648,4.670494079589844,1
FakeVideo-RealAudio/Caucasian (American)/women/id01216/00025_id01217_7lVC4xEK_6E.npz,-4.361881256103516,-4.361881256103516,5.825952529907227,1
FakeVideo-RealAudio/Caucasian (American)/women/id01216/00025_id01223_TO3ym8Gwp7k.npz,-4.445014953613281,-4.445014953613281,5.818018436431885,1
FakeVideo-RealAudio/Caucasian (American)/women/id01216/00025_id01225_WuzuZoM84Ws.npz,-4.286275386810303,-4.286275386810303,5.811963081359863,1
FakeVideo-RealAudio/Caucasian (American)/women/id01216/00025_id01227_wavtolip.npz,-5.50626277923584,-5.50626277923584,4.686426162719727,1
FakeVideo-RealAudio/Caucasian (American)/women/id01216/00025_id01231_XXpYdOHUF-g.npz,-4.736213207244873,-4.736213207244873,5.8425397872924805,1
FakeVideo-RealAudio/Caucasian (American)/women/id01216/00025_id03556_wavtolip.npz,-5.280377388000488,-5.280377388000488,5.603089332580566,1
FakeVideo-RealAudio/Caucasian (American)/women/id01216/00025_id03707_pwNcRPQ5qdo.npz,-4.704495429992676,-4.704495429992676,5.824537754058838,1
FakeVideo-RealAudio/Caucasian (American)/women/id01216/00025_id03707_pwNcRPQ5qdo_faceswap.npz,-4.791928768157959,-4.791928768157959,5.828711986541748,1
FakeVideo-RealAudio/Caucasian (American)/women/id03781/00021_0.npz,-5.235671043395996,-5.235671043395996,4.786215782165527,1
FakeVideo-RealAudio/Caucasian (American)/women/id03781/00113_id00025_PjSeVtbvSjA.npz,-6.021518707275391,-6.021518707275391,4.86588716506958,1
FakeVideo-RealAudio/Caucasian (American)/women/id03781/00113_id00428_Kr7n-68JWww.npz,-5.821396827697754,-5.821396827697754,4.856178283691406,1
FakeVideo-RealAudio/Caucasian (American)/women/id03781/00113_id00428_wavtolip.npz,-6.167783737182617,-6.167783737182617,4.929357051849365,1
FakeVideo-RealAudio/Caucasian (American)/women/id03781/00113_id00458_wavtolip.npz,-3.5224151611328125,-3.5224151611328125,4.765519142150879,1
FakeVideo-RealAudio/Caucasian (American)/women/id03781/00113_id00462_EMnGfAq9gg4.npz,-5.71820068359375,-5.71820068359375,4.83538293838501,1
FakeVideo-RealAudio/Caucasian (American)/women/id03781/00113_id00555_wavtolip.npz,-6.137454032897949,-6.137454032897949,5.089418888092041,1
FakeVideo-RealAudio/Caucasian (American)/women/id03781/00113_id00618__TwV2SmUIlY.npz,-5.739518165588379,-5.739518165588379,4.87397575378418,1
FakeVideo-RealAudio/Caucasian (American)/women/id03781/00113_id00680_wavtolip.npz,-6.2210373878479,-6.2210373878479,4.810523509979248,1
FakeVideo-RealAudio/Caucasian (American)/women/id03781/00113_id00841_wavtolip.npz,-2.2087104320526123,-2.2087104320526123,4.827550888061523,1
FakeVideo-RealAudio/Caucasian (American)/women/id03781/00113_id00848_o1_9Cu3YMN0.npz,-5.656876087188721,-5.656876087188721,4.871987342834473,1
FakeVideo-RealAudio/Caucasian (American)/women/id03781/00113_id00848_wavtolip.npz,-6.160549640655518,-6.160549640655518,4.8401312828063965,1
FakeVideo-RealAudio/Caucasian (American)/women/id03781/00113_id01004_867Wlj7Gw68.npz,-5.902644157409668,-5.902644157409668,4.837555885314941,1
FakeVideo-RealAudio/Caucasian (American)/women/id03781/00113_id01005_wavtolip.npz,-4.760580062866211,-4.760580062866211,4.919203758239746,1
FakeVideo-RealAudio/Caucasian (American)/women/id03781/00113_id01091_wavtolip.npz,-6.146636486053467,-6.146636486053467,4.892632007598877,1
FakeVideo-RealAudio/Caucasian (American)/women/id03781/00113_id01225_wavtolip.npz,-4.4526686668396,-4.4526686668396,4.864076614379883,1
FakeVideo-RealAudio/Caucasian (American)/women/id03781/00113_id01227_wavtolip.npz,-5.505571365356445,-5.505571365356445,4.837857246398926,1
FakeVideo-RealAudio/Caucasian (American)/women/id03781/00113_id01245_7pYBPczR_z0.npz,-5.797820568084717,-5.797820568084717,4.852063179016113,1
FakeVideo-RealAudio/Caucasian (American)/women/id03781/00113_id02464_1hxJsZYV7mI.npz,-5.9314446449279785,-5.9314446449279785,4.8541364669799805,1
FakeVideo-RealAudio/Caucasian (American)/women/id03781/00113_id02466_VOgaA7O5yWY.npz,-5.621002197265625,-5.621002197265625,4.849350929260254,1
FakeVideo-RealAudio/Caucasian (American)/women/id03781/00113_id03605_JGZt9DAhBRs.npz,-5.878016471862793,-5.878016471862793,4.839652061462402,1
FakeVideo-RealAudio/Caucasian (American)/women/id03781/00195_0.npz,-3.6406357288360596,-3.6406357288360596,5.155945777893066,1
FakeVideo-RealAudio/Caucasian (American)/women/id03781/00336_0.npz,-5.564011096954346,-5.564011096954346,5.4786176681518555,1
FakeVideo-RealAudio/Caucasian (American)/women/id00398/00016_0.npz,-5.748626708984375,-5.748626708984375,5.278140068054199,1
FakeVideo-RealAudio/Caucasian (American)/women/id00398/00016_id00025_PjSeVtbvSjA.npz,-5.825095176696777,-5.825095176696777,5.000248432159424,1
FakeVideo-RealAudio/Caucasian (American)/women/id00398/00016_id00098_wavtolip.npz,-5.9445648193359375,-5.9445648193359375,4.748617649078369,1
FakeVideo-RealAudio/Caucasian (American)/women/id00398/00016_id00100_sZ0Ex4WUEgM.npz,-5.747429847717285,-5.747429847717285,4.972551345825195,1
FakeVideo-RealAudio/Caucasian (American)/women/id00398/00016_id00231_wavtolip.npz,-6.045026779174805,-6.045026779174805,5.008656978607178,1
FakeVideo-RealAudio/Caucasian (American)/women/id00398/00016_id00272_VLY1boTtbRM.npz,-5.67585563659668,-5.67585563659668,4.938937664031982,1
FakeVideo-RealAudio/Caucasian (American)/women/id00398/00016_id00381_wavtolip.npz,-1.2857154607772827,-1.2857154607772827,4.98512077331543,1
FakeVideo-RealAudio/Caucasian (American)/women/id00398/00016_id00385_oqf8cNi7lOI.npz,-5.813809871673584,-5.813809871673584,4.982700347900391,1
FakeVideo-RealAudio/Caucasian (American)/women/id00398/00016_id00575_iPfJcAJQ84Y.npz,-5.776933670043945,-5.776933670043945,5.005796909332275,1
FakeVideo-RealAudio/Caucasian (American)/women/id00398/00016_id00575_wavtolip.npz,-6.06016731262207,-6.06016731262207,4.832638263702393,1
FakeVideo-RealAudio/Caucasian (American)/women/id00398/00016_id00618__TwV2SmUIlY.npz,-5.8694915771484375,-5.8694915771484375,4.963756561279297,1
FakeVideo-RealAudio/Caucasian (American)/women/id00398/00016_id00618__TwV2SmUIlY_faceswap.npz,-6.00983190536499,-6.00983190536499,4.859186172485352,1
FakeVideo-RealAudio/Caucasian (American)/women/id00398/00016_id00835_zWTp4szbb5k.npz,-5.957498550415039,-5.957498550415039,4.94100284576416,1
FakeVideo-RealAudio/Caucasian (American)/women/id00398/00016_id00841_wavtolip.npz,-1.931908130645752,-1.931908130645752,4.900747299194336,1
FakeVideo-RealAudio/Caucasian (American)/women/id00398/00016_id00842_wavtolip.npz,-5.961234092712402,-5.961234092712402,4.979011058807373,1
FakeVideo-RealAudio/Caucasian (American)/women/id00398/00016_id01004_wavtolip.npz,-6.32393741607666,-6.32393741607666,4.65208625793457,1
FakeVideo-RealAudio/Caucasian (American)/women/id00398/00016_id01225_WuzuZoM84Ws.npz,-5.998244285583496,-5.998244285583496,4.974979877471924,1
FakeVideo-RealAudio/Caucasian (American)/women/id00398/00016_id01225_wavtolip.npz,-2.7503836154937744,-2.7503836154937744,4.947033405303955,1
FakeVideo-RealAudio/Caucasian (American)/women/id00398/00016_id01231_XXpYdOHUF-g.npz,-5.843421936035156,-5.843421936035156,4.954381942749023,1
FakeVideo-RealAudio/Caucasian (American)/women/id00398/00016_id01238_VPdv2sexRy0.npz,-5.17102575302124,-5.17102575302124,4.975306987762451,1
FakeVideo-RealAudio/Caucasian (American)/women/id00398/00016_id03696_wavtolip.npz,-5.613653182983398,-5.613653182983398,4.8199076652526855,1
FakeVideo-RealAudio/Caucasian (American)/women/id00398/00016_id03781_wavtolip.npz,-5.879315376281738,-5.879315376281738,4.895323753356934,1
FakeVideo-RealAudio/Caucasian (American)/women/id00616/00305_0.npz,-5.855178356170654,-5.855178356170654,4.8399858474731445,1
FakeVideo-RealAudio/Caucasian (American)/women/id00616/00305_id00098_Rs_fnQ0tnqQ.npz,-5.6290974617004395,-5.6290974617004395,5.482144355773926,1
FakeVideo-RealAudio/Caucasian (American)/women/id00616/00305_id00098_wavtolip.npz,-5.203397274017334,-5.203397274017334,4.7260541915893555,1
FakeVideo-RealAudio/Caucasian (American)/women/id00616/00305_id00100_wavtolip.npz,-3.601762533187866,-3.601762533187866,5.382974624633789,1
FakeVideo-RealAudio/Caucasian (American)/women/id00616/00305_id00261_gYQ5Scz5FnA.npz,-5.619895935058594,-5.619895935058594,5.455840110778809,1
FakeVideo-RealAudio/Caucasian (American)/women/id00616/00305_id00291_L_SLT-j82Ms.npz,-5.628897666931152,-5.628897666931152,5.438447952270508,1
FakeVideo-RealAudio/Caucasian (American)/women/id00616/00305_id00291_wavtolip.npz,-6.264168739318848,-6.264168739318848,4.679422378540039,1
FakeVideo-RealAudio/Caucasian (American)/women/id00616/00305_id00381_79zqA0CZh8s.npz,-5.626538276672363,-5.626538276672363,5.505908966064453,1
FakeVideo-RealAudio/Caucasian (American)/women/id00616/00305_id00381_wavtolip.npz,-3.2013657093048096,-3.2013657093048096,5.051296710968018,1
FakeVideo-RealAudio/Caucasian (American)/women/id00616/00305_id00431_DyRvPN6rEfU.npz,-5.612920761108398,-5.612920761108398,5.484969139099121,1
FakeVideo-RealAudio/Caucasian (American)/women/id00616/00305_id00680_wavtolip.npz,-6.180361747741699,-6.180361747741699,4.6988444328308105,1
FakeVideo-RealAudio/Caucasian (American)/women/id00616/00305_id00835_wavtolip.npz,-6.363152503967285,-6.363152503967285,4.536342620849609,1
FakeVideo-RealAudio/Caucasian (American)/women/id00616/00305_id00841_wavtolip.npz,-2.3794970512390137,-2.3794970512390137,5.05490779876709,1
FakeVideo-RealAudio/Caucasian (American)/women/id00616/00305_id00842_wavtolip.npz,-5.9696784019470215,-5.9696784019470215,4.995541572570801,1
FakeVideo-RealAudio/Caucasian (American)/women/id00616/00305_id01225_WuzuZoM84Ws.npz,-5.618168830871582,-5.618168830871582,5.423827648162842,1
FakeVideo-RealAudio/Caucasian (American)/women/id00616/00305_id01225_wavtolip.npz,-5.9444580078125,-5.9444580078125,5.0215301513671875,1
FakeVideo-RealAudio/Caucasian (American)/women/id00616/00305_id01227_eNr-P3gIrgo.npz,-5.615209102630615,-5.615209102630615,5.449421405792236,1
FakeVideo-RealAudio/Caucasian (American)/women/id00616/00305_id01245_7pYBPczR_z0.npz,-5.618523597717285,-5.618523597717285,5.409310340881348,1
FakeVideo-RealAudio/Caucasian (American)/women/id00616/00305_id02464_wavtolip.npz,-5.9963483810424805,-5.9963483810424805,4.571964263916016,1
FakeVideo-RealAudio/Caucasian (American)/women/id00616/00305_id03605_JGZt9DAhBRs.npz,-5.625967979431152,-5.625967979431152,5.455279350280762,1
FakeVideo-RealAudio/Caucasian (American)/women/id00616/00305_id03696_Kz45DNXKLXI.npz,-5.613575458526611,-5.613575458526611,5.486484527587891,1
FakeVideo-RealAudio/Caucasian (American)/women/id00145/00043_id00025_PjSeVtbvSjA.npz,-5.769218444824219,-5.769218444824219,5.018217086791992,1
FakeVideo-RealAudio/Caucasian (American)/women/id00145/00043_id00098_wavtolip.npz,-5.4201130867004395,-5.4201130867004395,4.7563371658325195,1
FakeVideo-RealAudio/Caucasian (American)/women/id00145/00043_id00180_lkeAa8Od_tg.npz,-5.617302417755127,-5.617302417755127,5.0367326736450195,1
FakeVideo-RealAudio/Caucasian (American)/women/id00145/00043_id00383_wavtolip.npz,-2.9498519897460938,-2.9498519897460938,5.088390827178955,1
FakeVideo-RealAudio/Caucasian (American)/women/id00145/00043_id00428_Kr7n-68JWww.npz,-5.457708835601807,-5.457708835601807,5.061257362365723,1
FakeVideo-RealAudio/Caucasian (American)/women/id00145/00043_id00458_K4t1pQZL7ck.npz,-5.667564392089844,-5.667564392089844,5.029362201690674,1
FakeVideo-RealAudio/Caucasian (American)/women/id00145/00043_id00458_wavtolip.npz,-2.808580160140991,-2.808580160140991,4.992193698883057,1
FakeVideo-RealAudio/Caucasian (American)/women/id00145/00043_id00462_wavtolip.npz,-6.287042140960693,-6.287042140960693,4.7397356033325195,1
FakeVideo-RealAudio/Caucasian (American)/women/id00145/00043_id00555_wavtolip.npz,-5.916391372680664,-5.916391372680664,5.076959609985352,1
FakeVideo-RealAudio/Caucasian (American)/women/id00145/00043_id00618__TwV2SmUIlY.npz,-5.735920429229736,-5.735920429229736,5.026895999908447,1
FakeVideo-RealAudio/Caucasian (American)/women/id00145/00043_id01004_867Wlj7Gw68.npz,-5.564358711242676,-5.564358711242676,4.996665000915527,1
FakeVideo-RealAudio/Caucasian (American)/women/id00145/00043_id01004_867Wlj7Gw68_faceswap.npz,-5.868610858917236,-5.868610858917236,4.9871296882629395,1
FakeVideo-RealAudio/Caucasian (American)/women/id00145/00043_id01005_wavtolip.npz,-4.263808727264404,-4.263808727264404,5.037939071655273,1
FakeVideo-RealAudio/Caucasian (American)/women/id00145/00043_id01075_wavtolip.npz,-5.940341472625732,-5.940341472625732,5.029521942138672,1
FakeVideo-RealAudio/Caucasian (American)/women/id00145/00043_id01223_TO3ym8Gwp7k.npz,-5.308164119720459,-5.308164119720459,4.994774341583252,1
FakeVideo-RealAudio/Caucasian (American)/women/id00145/00043_id01248_2y-HnTO8WrQ.npz,-4.974445343017578,-4.974445343017578,5.0110392570495605,1
FakeVideo-RealAudio/Caucasian (American)/women/id00145/00043_id03605_JGZt9DAhBRs.npz,-5.616258144378662,-5.616258144378662,5.034624099731445,1
FakeVideo-RealAudio/Caucasian (American)/women/id00145/00043_id03605_wavtolip.npz,-5.835256576538086,-5.835256576538086,4.927297115325928,1
FakeVideo-RealAudio/Caucasian (American)/women/id00145/00043_id03696_wavtolip.npz,-5.553885459899902,-5.553885459899902,4.633304595947266,1
FakeVideo-RealAudio/Caucasian (American)/women/id00145/00043_id03707_pwNcRPQ5qdo.npz,-5.331007957458496,-5.331007957458496,5.0257344245910645,1
FakeVideo-RealAudio/Caucasian (American)/women/id00145/00043_id03781_wavtolip.npz,-6.073019027709961,-6.073019027709961,4.958584308624268,1
FakeVideo-RealAudio/Caucasian (American)/women/id00261/00048_id00100_sZ0Ex4WUEgM.npz,-5.993756294250488,-5.993756294250488,5.007491111755371,1
FakeVideo-RealAudio/Caucasian (American)/women/id00261/00048_id00180_wavtolip.npz,-5.8993330001831055,-5.8993330001831055,4.905632972717285,1
FakeVideo-RealAudio/Caucasian (American)/women/id00261/00048_id00190_oZUSqqG9wu4.npz,-5.977358818054199,-5.977358818054199,5.0333333015441895,1
FakeVideo-RealAudio/Caucasian (American)/women/id00261/00048_id00231_wavtolip.npz,-6.061290740966797,-6.061290740966797,4.955305576324463,1
FakeVideo-RealAudio/Caucasian (American)/women/id00261/00048_id00261_wavtolip.npz,-6.045668601989746,-6.045668601989746,4.981502532958984,1
FakeVideo-RealAudio/Caucasian (American)/women/id00261/00048_id00385_oqf8cNi7lOI.npz,-5.858556747436523,-5.858556747436523,5.002802848815918,1
FakeVideo-RealAudio/Caucasian (American)/women/id00261/00048_id00418_wavtolip.npz,-6.19049072265625,-6.19049072265625,4.87978982925415,1
FakeVideo-RealAudio/Caucasian (American)/women/id00261/00048_id00428_Kr7n-68JWww.npz,-5.9992265701293945,-5.9992265701293945,5.022407531738281,1
FakeVideo-RealAudio/Caucasian (American)/women/id00261/00048_id00431_wavtolip.npz,-6.419646739959717,-6.419646739959717,4.571103572845459,1
FakeVideo-RealAudio/Caucasian (American)/women/id00261/00048_id00618__TwV2SmUIlY.npz,-5.980722427368164,-5.980722427368164,4.993251800537109,1
FakeVideo-RealAudio/Caucasian (American)/women/id00261/00048_id00680_wavtolip.npz,-6.209348201751709,-6.209348201751709,5.000382423400879,1
FakeVideo-RealAudio/Caucasian (American)/women/id00261/00048_id01075_MtJUiHspdT0.npz,-5.947455406188965,-5.947455406188965,5.008101463317871,1
FakeVideo-RealAudio/Caucasian (American)/women/id00261/00048_id01225_wavtolip.npz,-4.884608268737793,-4.884608268737793,5.096202850341797,1
FakeVideo-RealAudio/Caucasian (American)/women/id00261/00048_id01227_eNr-P3gIrgo.npz,-6.000449180603027,-6.000449180603027,5.032407283782959,1
FakeVideo-RealAudio/Caucasian (American)/women/id00261/00048_id01227_wavtolip.npz,-5.387706279754639,-5.387706279754639,4.776120185852051,1
FakeVideo-RealAudio/Caucasian (American)/women/id00261/00048_id01231_XXpYdOHUF-g.npz,-5.9481964111328125,-5.9481964111328125,5.022934436798096,1
FakeVideo-RealAudio/Caucasian (American)/women/id00261/00048_id01245_wavtolip.npz,-6.071784973144531,-6.071784973144531,5.072769641876221,1
FakeVideo-RealAudio/Caucasian (American)/women/id00261/00048_id03605_JGZt9DAhBRs.npz,-5.97971248626709,-5.97971248626709,5.0273661613464355,1
FakeVideo-RealAudio/Caucasian (American)/women/id00261/00048_id03605_JGZt9DAhBRs_faceswap.npz,-6.040301322937012,-6.040301322937012,4.969605922698975,1
FakeVideo-RealAudio/Caucasian (American)/women/id00261/00048_id03605_wavtolip.npz,-6.094763278961182,-6.094763278961182,4.893214225769043,1
FakeVideo-RealAudio/Caucasian (American)/women/id00261/00048_id03696_Kz45DNXKLXI.npz,-6.007505416870117,-6.007505416870117,5.014786243438721,1
FakeVideo-RealAudio/Caucasian (American)/women/id00752/00340_0.npz,-4.925813674926758,-4.925813674926758,4.747955322265625,1
FakeVideo-RealAudio/Caucasian (American)/women/id00752/00340_id00097_PchMB8-P1lw.npz,-5.325092792510986,-5.325092792510986,5.634917736053467,1
FakeVideo-RealAudio/Caucasian (American)/women/id00752/00340_id00098_Rs_fnQ0tnqQ.npz,-5.3169097900390625,-5.3169097900390625,5.62144136428833,1
FakeVideo-RealAudio/Caucasian (American)/women/id00752/00340_id00098_wavtolip.npz,-5.992797374725342,-5.992797374725342,4.631420612335205,1
FakeVideo-RealAudio/Caucasian (American)/women/id00752/00340_id00100_sZ0Ex4WUEgM.npz,-5.32029914855957,-5.32029914855957,5.6358466148376465,1
FakeVideo-RealAudio/Caucasian (American)/women/id00752/00340_id00190_wavtolip.npz,-6.155318260192871,-6.155318260192871,4.667013645172119,1
FakeVideo-RealAudio/Caucasian (American)/women/id00752/00340_id00261_wavtolip.npz,-5.990238189697266,-5.990238189697266,4.8901686668396,1
FakeVideo-RealAudio/Caucasian (American)/women/id00752/00340_id00272_VLY1boTtbRM.npz,-5.30963134765625,-5.30963134765625,5.66053581237793,1
FakeVideo-RealAudio/Caucasian (American)/women/id00752/00340_id00428_Kr7n-68JWww.npz,-5.31822395324707,-5.31822395324707,5.642162799835205,1
FakeVideo-RealAudio/Caucasian (American)/women/id00752/00340_id00462_wavtolip.npz,-6.290855407714844,-6.290855407714844,4.755481719970703,1
FakeVideo-RealAudio/Caucasian (American)/women/id00752/00340_id00555_4DWmIb1tFZQ.npz,-5.317811012268066,-5.317811012268066,5.708223342895508,1
FakeVideo-RealAudio/Caucasian (American)/women/id00752/00340_id00575_wavtolip.npz,-6.042405128479004,-6.042405128479004,4.843070983886719,1
FakeVideo-RealAudio/Caucasian (American)/women/id00752/00340_id00752_wavtolip.npz,-5.332188606262207,-5.332188606262207,5.560109615325928,1
FakeVideo-RealAudio/Caucasian (American)/women/id00752/00340_id00842_wavtolip.npz,-5.937276363372803,-5.937276363372803,5.018012046813965,1
FakeVideo-RealAudio/Caucasian (American)/women/id00752/00340_id01075_wavtolip.npz,-5.329187393188477,-5.329187393188477,5.647550106048584,1
FakeVideo-RealAudio/Caucasian (American)/women/id00752/00340_id01227_eNr-P3gIrgo.npz,-5.3190178871154785,-5.3190178871154785,5.678398132324219,1
FakeVideo-RealAudio/Caucasian (American)/women/id00752/00340_id01227_eNr-P3gIrgo_faceswap.npz,-5.302989959716797,-5.302989959716797,5.604066371917725,1
FakeVideo-RealAudio/Caucasian (American)/women/id00752/00340_id01245_wavtolip.npz,-5.701581001281738,-5.701581001281738,5.233170032501221,1
FakeVideo-RealAudio/Caucasian (American)/women/id00752/00340_id02464_1hxJsZYV7mI.npz,-5.311662197113037,-5.311662197113037,5.692337989807129,1
FakeVideo-RealAudio/Caucasian (American)/women/id00752/00340_id03696_wavtolip.npz,-5.731451988220215,-5.731451988220215,4.542728900909424,1
FakeVideo-RealAudio/Caucasian (American)/women/id00752/00340_id03707_pwNcRPQ5qdo.npz,-5.3180413246154785,-5.3180413246154785,5.6426239013671875,1
FakeVideo-RealAudio/Caucasian (American)/women/id00752/00340_id03781_jbHfYGVNqTg.npz,-5.320035457611084,-5.320035457611084,5.705776691436768,1
FakeVideo-RealAudio/Caucasian (American)/women/id00098/00004_0.npz,-6.1338114738464355,-6.1338114738464355,4.822545528411865,1
FakeVideo-RealAudio/Caucasian (American)/women/id00098/00004_id00098_wavtolip.npz,-6.278101921081543,-6.278101921081543,4.673956394195557,1
FakeVideo-RealAudio/Caucasian (American)/women/id00098/00004_id00180_lkeAa8Od_tg.npz,-6.219481945037842,-6.219481945037842,4.712438583374023,1
FakeVideo-RealAudio/Caucasian (American)/women/id00098/00004_id00231_wavtolip.npz,-6.3390984535217285,-6.3390984535217285,4.658425331115723,1
FakeVideo-RealAudio/Caucasian (American)/women/id00098/00004_id00398_wavtolip.npz,-6.325956344604492,-6.325956344604492,4.559667110443115,1
FakeVideo-RealAudio/Caucasian (American)/women/id00098/00004_id00428_Kr7n-68JWww.npz,-6.253044128417969,-6.253044128417969,4.723948001861572,1
FakeVideo-RealAudio/Caucasian (American)/women/id00098/00004_id00458_K4t1pQZL7ck.npz,-6.116416931152344,-6.116416931152344,4.6725969314575195,1
FakeVideo-RealAudio/Caucasian (American)/women/id00098/00004_id00555_4DWmIb1tFZQ.npz,-6.293854713439941,-6.293854713439941,4.682377338409424,1
FakeVideo-RealAudio/Caucasian (American)/women/id00098/00004_id00616_wavtolip.npz,-6.179656028747559,-6.179656028747559,4.71315336227417,1
FakeVideo-RealAudio/Caucasian (American)/women/id00098/00004_id00616_xT51pPmksJw.npz,-6.003992080688477,-6.003992080688477,4.689724922180176,1
FakeVideo-RealAudio/Caucasian (American)/women/id00098/00004_id00616_xT51pPmksJw_faceswap.npz,-6.142088413238525,-6.142088413238525,4.707055568695068,1
FakeVideo-RealAudio/Caucasian (American)/women/id00098/00004_id00618_wavtolip.npz,-6.17958927154541,-6.17958927154541,4.667769432067871,1
FakeVideo-RealAudio/Caucasian (American)/women/id00098/00004_id01004_867Wlj7Gw68.npz,-6.15766716003418,-6.15766716003418,4.696004867553711,1
FakeVideo-RealAudio/Caucasian (American)/women/id00098/00004_id01004_wavtolip.npz,-6.316418170928955,-6.316418170928955,4.641164779663086,1
FakeVideo-RealAudio/Caucasian (American)/women/id00098/00004_id01005_lJZrqhcRFSA.npz,-6.263278007507324,-6.263278007507324,4.69824743270874,1
FakeVideo-RealAudio/Caucasian (American)/women/id00098/00004_id01091_oM2XdIGMM2c.npz,-6.30110502243042,-6.30110502243042,4.702555179595947,1
FakeVideo-RealAudio/Caucasian (American)/women/id00098/00004_id01225_WuzuZoM84Ws.npz,-6.3183794021606445,-6.3183794021606445,4.727222442626953,1
FakeVideo-RealAudio/Caucasian (American)/women/id00098/00004_id01227_wavtolip.npz,-5.940264701843262,-5.940264701843262,4.615543842315674,1
FakeVideo-RealAudio/Caucasian (American)/women/id00098/00004_id01245_7pYBPczR_z0.npz,-6.212699890136719,-6.212699890136719,4.707618236541748,1
FakeVideo-RealAudio/Caucasian (American)/women/id00098/00004_id01248_wavtolip.npz,-6.346579551696777,-6.346579551696777,4.665859222412109,1
FakeVideo-RealAudio/Caucasian (American)/women/id00098/00004_id02464_wavtolip.npz,-6.296375274658203,-6.296375274658203,4.5220947265625,1
FakeVideo-RealAudio/Caucasian (American)/women/id00098/00004_id02466_wavtolip.npz,-5.910886764526367,-5.910886764526367,4.57832145690918,1
FakeVideo-RealAudio/Caucasian (American)/women/id01217/00005_0.npz,-6.143092155456543,-6.143092155456543,4.911839962005615,1
FakeVideo-RealAudio/Caucasian (American)/women/id01217/00005_id00097_PchMB8-P1lw.npz,-5.4405293464660645,-5.4405293464660645,5.228089332580566,1
FakeVideo-RealAudio/Caucasian (American)/women/id01217/00005_id00145_wavtolip.npz,-5.920421600341797,-5.920421600341797,4.983928203582764,1
FakeVideo-RealAudio/Caucasian (American)/women/id01217/00005_id00231_wavtolip.npz,-5.830966949462891,-5.830966949462891,5.06505012512207,1
FakeVideo-RealAudio/Caucasian (American)/women/id01217/00005_id00272_wavtolip.npz,-5.848118782043457,-5.848118782043457,5.156585216522217,1
FakeVideo-RealAudio/Caucasian (American)/women/id01217/00005_id00383_n6i0VWqGcKI.npz,-5.218471527099609,-5.218471527099609,5.204431056976318,1
FakeVideo-RealAudio/Caucasian (American)/women/id01217/00005_id00428_wavtolip.npz,-5.838381767272949,-5.838381767272949,5.1618781089782715,1
FakeVideo-RealAudio/Caucasian (American)/women/id01217/00005_id00431_wavtolip.npz,-6.402263164520264,-6.402263164520264,4.518703937530518,1
FakeVideo-RealAudio/Caucasian (American)/women/id01217/00005_id00462_EMnGfAq9gg4.npz,-5.291254043579102,-5.291254043579102,5.253536224365234,1
FakeVideo-RealAudio/Caucasian (American)/women/id01217/00005_id00618_wavtolip.npz,-5.366378307342529,-5.366378307342529,4.880110263824463,1
FakeVideo-RealAudio/Caucasian (American)/women/id01217/00005_id00752_wavtolip.npz,-5.818053245544434,-5.818053245544434,5.144101142883301,1
FakeVideo-RealAudio/Caucasian (American)/women/id01217/00005_id00835_zWTp4szbb5k.npz,-5.397010803222656,-5.397010803222656,5.229848861694336,1
FakeVideo-RealAudio/Caucasian (American)/women/id01217/00005_id00842_wavtolip.npz,-5.946916103363037,-5.946916103363037,5.027518272399902,1
FakeVideo-RealAudio/Caucasian (American)/women/id01217/00005_id01091_oM2XdIGMM2c.npz,-4.99084997177124,-4.99084997177124,5.258881568908691,1
FakeVideo-RealAudio/Caucasian (American)/women/id01217/00005_id01091_wavtolip.npz,-6.14060115814209,-6.14060115814209,4.808694362640381,1
FakeVideo-RealAudio/Caucasian (American)/women/id01217/00005_id01216_IRxEWpT_lZs.npz,-5.149898529052734,-5.149898529052734,5.243607044219971,1
FakeVideo-RealAudio/Caucasian (American)/women/id01217/00005_id01223_TO3ym8Gwp7k.npz,-5.062633514404297,-5.062633514404297,5.239956855773926,1
FakeVideo-RealAudio/Caucasian (American)/women/id01217/00005_id01225_WuzuZoM84Ws.npz,-4.832616329193115,-4.832616329193115,5.245625019073486,1
FakeVideo-RealAudio/Caucasian (American)/women/id01217/00005_id01248_2y-HnTO8WrQ.npz,-5.181608200073242,-5.181608200073242,5.236991882324219,1
FakeVideo-RealAudio/Caucasian (American)/women/id01217/00005_id01248_2y-HnTO8WrQ_faceswap.npz,-5.431838035583496,-5.431838035583496,5.142906188964844,1
FakeVideo-RealAudio/Caucasian (American)/women/id01217/00005_id02466_VOgaA7O5yWY.npz,-5.419741153717041,-5.419741153717041,5.171323776245117,1
FakeVideo-RealAudio/Caucasian (American)/women/id01217/00005_id03707_wavtolip.npz,-5.96471643447876,-5.96471643447876,4.868432998657227,1
FakeVideo-RealAudio/Caucasian (American)/women/id01091/00236_0.npz,-5.439084529876709,-5.439084529876709,4.67717981338501,1
FakeVideo-RealAudio/Caucasian (American)/women/id01091/00236_id00025_PjSeVtbvSjA.npz,-3.62262225151062,-3.62262225151062,4.86929988861084,1
FakeVideo-RealAudio/Caucasian (American)/women/id01091/00236_id00180_lkeAa8Od_tg.npz,-4.082269668579102,-4.082269668579102,4.851894378662109,1
FakeVideo-RealAudio/Caucasian (American)/women/id01091/00236_id00231_Pi8vVHrPQMU.npz,-6.045490264892578,-6.045490264892578,4.810146331787109,1
FakeVideo-RealAudio/Caucasian (American)/women/id01091/00236_id00291_wavtolip.npz,-6.239645004272461,-6.239645004272461,4.65405797958374,1
FakeVideo-RealAudio/Caucasian (American)/women/id01091/00236_id00418_wavtolip.npz,-6.1862287521362305,-6.1862287521362305,4.762887477874756,1
FakeVideo-RealAudio/Caucasian (American)/women/id01091/00236_id00428_Kr7n-68JWww.npz,-4.32749080657959,-4.32749080657959,4.824154853820801,1
FakeVideo-RealAudio/Caucasian (American)/women/id01091/00236_id00428_wavtolip.npz,-6.157955169677734,-6.157955169677734,4.8712239265441895,1
FakeVideo-RealAudio/Caucasian (American)/women/id01091/00236_id00431_wavtolip.npz,-6.3989973068237305,-6.3989973068237305,4.446044921875,1
FakeVideo-RealAudio/Caucasian (American)/women/id01091/00236_id00555_4DWmIb1tFZQ.npz,-4.341365814208984,-4.341365814208984,4.831387996673584,1
FakeVideo-RealAudio/Caucasian (American)/women/id01091/00236_id00835_zWTp4szbb5k.npz,-2.878112554550171,-2.878112554550171,4.891573905944824,1
FakeVideo-RealAudio/Caucasian (American)/women/id01091/00236_id00842__jwlpdZvqus.npz,-4.582588195800781,-4.582588195800781,4.867828369140625,1
FakeVideo-RealAudio/Caucasian (American)/women/id01091/00236_id00842_wavtolip.npz,-6.1367902755737305,-6.1367902755737305,4.812555313110352,1
FakeVideo-RealAudio/Caucasian (American)/women/id01091/00236_id00848_wavtolip.npz,-6.157063961029053,-6.157063961029053,4.755642890930176,1
FakeVideo-RealAudio/Caucasian (American)/women/id01091/00236_id01004_867Wlj7Gw68.npz,-4.600689888000488,-4.600689888000488,4.870363712310791,1
FakeVideo-RealAudio/Caucasian (American)/women/id01091/00236_id01004_wavtolip.npz,-6.240840435028076,-6.240840435028076,4.556775093078613,1
FakeVideo-RealAudio/Caucasian (American)/women/id01091/00236_id01217_7lVC4xEK_6E.npz,-3.879941463470459,-3.879941463470459,4.886390686035156,1
FakeVideo-RealAudio/Caucasian (American)/women/id01091/00236_id01217_wavtolip.npz,-6.016215801239014,-6.016215801239014,4.843778133392334,1
FakeVideo-RealAudio/Caucasian (American)/women/id01091/00236_id03696_Kz45DNXKLXI.npz,-3.9479968547821045,-3.9479968547821045,4.825613021850586,1
FakeVideo-RealAudio/Caucasian (American)/women/id01091/00236_id03696_Kz45DNXKLXI_faceswap.npz,-5.846405029296875,-5.846405029296875,4.867993354797363,1
FakeVideo-RealAudio/Caucasian (American)/women/id01091/00236_id03707_wavtolip.npz,-5.840706825256348,-5.840706825256348,4.723330974578857,1
FakeVideo-RealAudio/Caucasian (American)/women/id01091/00236_id03781_wavtolip.npz,-6.118885517120361,-6.118885517120361,4.759030818939209,1
FakeVideo-RealAudio/Caucasian (American)/women/id03605/00048_1.npz,-5.305705547332764,-5.305705547332764,5.622486114501953,1
FakeVideo-RealAudio/Caucasian (American)/women/id03605/00048_3.npz,-2.2506136894226074,-2.2506136894226074,5.105030059814453,1
FakeVideo-RealAudio/Caucasian (American)/women/id03605/00048_id00097_wavtolip.npz,-6.329289436340332,-6.329289436340332,4.446616172790527,1
FakeVideo-RealAudio/Caucasian (American)/women/id03605/00048_id00100_sZ0Ex4WUEgM.npz,-6.056926727294922,-6.056926727294922,4.901422023773193,1
FakeVideo-RealAudio/Caucasian (American)/women/id03605/00048_id00100_wavtolip.npz,-2.5565109252929688,-2.5565109252929688,4.807002544403076,1
FakeVideo-RealAudio/Caucasian (American)/women/id03605/00048_id00145_JveyoCdoCuI.npz,-5.944453239440918,-5.944453239440918,4.852016925811768,1
FakeVideo-RealAudio/Caucasian (American)/women/id03605/00048_id00180_lkeAa8Od_tg.npz,-5.939716339111328,-5.939716339111328,4.897259712219238,1
FakeVideo-RealAudio/Caucasian (American)/women/id03605/00048_id00231_Pi8vVHrPQMU.npz,-5.895148277282715,-5.895148277282715,4.874365329742432,1
FakeVideo-RealAudio/Caucasian (American)/women/id03605/00048_id00261_gYQ5Scz5FnA.npz,-6.062158584594727,-6.062158584594727,4.893734455108643,1
FakeVideo-RealAudio/Caucasian (American)/women/id03605/00048_id00385_wavtolip.npz,-6.105288028717041,-6.105288028717041,4.874776840209961,1
FakeVideo-RealAudio/Caucasian (American)/women/id03605/00048_id00428_Kr7n-68JWww.npz,-6.016658782958984,-6.016658782958984,4.907530784606934,1
FakeVideo-RealAudio/Caucasian (American)/women/id03605/00048_id00575_wavtolip.npz,-6.111913681030273,-6.111913681030273,4.705439567565918,1
FakeVideo-RealAudio/Caucasian (American)/women/id03605/00048_id00618_wavtolip.npz,-6.054573059082031,-6.054573059082031,4.764875411987305,1
FakeVideo-RealAudio/Caucasian (American)/women/id03605/00048_id01004_867Wlj7Gw68.npz,-6.006925582885742,-6.006925582885742,4.885220527648926,1
FakeVideo-RealAudio/Caucasian (American)/women/id03605/00048_id01004_wavtolip.npz,-6.305880546569824,-6.305880546569824,4.5854716300964355,1
FakeVideo-RealAudio/Caucasian (American)/women/id03605/00048_id01231_wavtolip.npz,-6.123753547668457,-6.123753547668457,4.852965831756592,1
FakeVideo-RealAudio/Caucasian (American)/women/id03605/00048_id01238_VPdv2sexRy0.npz,-5.8537092208862305,-5.8537092208862305,4.869585990905762,1
FakeVideo-RealAudio/Caucasian (American)/women/id03605/00048_id01238_wavtolip.npz,3.7930431365966797,3.7930431365966797,4.651192665100098,1
FakeVideo-RealAudio/Caucasian (American)/women/id03605/00048_id01245_wavtolip.npz,-6.13645076751709,-6.13645076751709,4.866727352142334,1
FakeVideo-RealAudio/Caucasian (American)/women/id03605/00048_id01248_2y-HnTO8WrQ.npz,-6.026505470275879,-6.026505470275879,4.859135627746582,1
FakeVideo-RealAudio/Caucasian (American)/women/id03605/00048_id03556_wavtolip.npz,-6.126638412475586,-6.126638412475586,4.718792915344238,1
FakeVideo-RealAudio/Caucasian (American)/women/id03605/00048_id03781_jbHfYGVNqTg.npz,-6.016389846801758,-6.016389846801758,4.897659778594971,1
FakeVideo-RealAudio/Caucasian (American)/women/id03556/00043_id00098_wavtolip.npz,-6.031048774719238,-6.031048774719238,4.687018871307373,1
FakeVideo-RealAudio/Caucasian (American)/women/id03556/00043_id00190_wavtolip.npz,-6.0879902839660645,-6.0879902839660645,4.759832859039307,1
FakeVideo-RealAudio/Caucasian (American)/women/id03556/00043_id00272_VLY1boTtbRM.npz,-5.2503437995910645,-5.2503437995910645,5.666090965270996,1
FakeVideo-RealAudio/Caucasian (American)/women/id03556/00043_id00272_wavtolip.npz,-5.726117134094238,-5.726117134094238,5.377044677734375,1
FakeVideo-RealAudio/Caucasian (American)/women/id03556/00043_id00291_L_SLT-j82Ms.npz,-5.2550530433654785,-5.2550530433654785,5.7251458168029785,1
FakeVideo-RealAudio/Caucasian (American)/women/id03556/00043_id00291_wavtolip.npz,-6.267310619354248,-6.267310619354248,4.73911190032959,1
FakeVideo-RealAudio/Caucasian (American)/women/id03556/00043_id00385_wavtolip.npz,-5.639514923095703,-5.639514923095703,5.320376396179199,1
FakeVideo-RealAudio/Caucasian (American)/women/id03556/00043_id00431_wavtolip.npz,-6.412847518920898,-6.412847518920898,4.554610252380371,1
FakeVideo-RealAudio/Caucasian (American)/women/id03556/00043_id00575_iPfJcAJQ84Y.npz,-5.245532989501953,-5.245532989501953,5.688705921173096,1
FakeVideo-RealAudio/Caucasian (American)/women/id03556/00043_id00575_wavtolip.npz,-6.05527400970459,-6.05527400970459,4.81757116317749,1
FakeVideo-RealAudio/Caucasian (American)/women/id03556/00043_id00842_wavtolip.npz,-5.849685192108154,-5.849685192108154,4.984611988067627,1
FakeVideo-RealAudio/Caucasian (American)/women/id03556/00043_id01004_867Wlj7Gw68.npz,-5.249173641204834,-5.249173641204834,5.719675540924072,1
FakeVideo-RealAudio/Caucasian (American)/women/id03556/00043_id01005_lJZrqhcRFSA.npz,-5.239948272705078,-5.239948272705078,5.710662364959717,1
FakeVideo-RealAudio/Caucasian (American)/women/id03556/00043_id01075_wavtolip.npz,-5.332211494445801,-5.332211494445801,5.577861785888672,1
FakeVideo-RealAudio/Caucasian (American)/women/id03556/00043_id01091_oM2XdIGMM2c.npz,-5.238007545471191,-5.238007545471191,5.730929851531982,1
FakeVideo-RealAudio/Caucasian (American)/women/id03556/00043_id01217_wavtolip.npz,-5.546644687652588,-5.546644687652588,5.2460856437683105,1
FakeVideo-RealAudio/Caucasian (American)/women/id03556/00043_id01225_WuzuZoM84Ws.npz,-5.249678134918213,-5.249678134918213,5.706485748291016,1
FakeVideo-RealAudio/Caucasian (American)/women/id03556/00043_id02464_1hxJsZYV7mI.npz,-5.247196674346924,-5.247196674346924,5.693194389343262,1
FakeVideo-RealAudio/Caucasian (American)/women/id03556/00043_id02464_1hxJsZYV7mI_faceswap.npz,-5.243014335632324,-5.243014335632324,5.691897392272949,1
FakeVideo-RealAudio/Caucasian (American)/women/id03556/00043_id02466_VOgaA7O5yWY.npz,-5.251070022583008,-5.251070022583008,5.729335308074951,1
FakeVideo-RealAudio/Caucasian (American)/women/id03556/00043_id03781_jbHfYGVNqTg.npz,-5.243709564208984,-5.243709564208984,5.690796375274658,1
FakeVideo-RealAudio/Caucasian (American)/women/id01004/00028_id00025_PjSeVtbvSjA.npz,-4.422834396362305,-4.422834396362305,4.640833377838135,1
FakeVideo-RealAudio/Caucasian (American)/women/id01004/00028_id00098_wavtolip.npz,-5.758414268493652,-5.758414268493652,4.546034812927246,1
FakeVideo-RealAudio/Caucasian (American)/women/id01004/00028_id00145_JveyoCdoCuI.npz,-5.392992973327637,-5.392992973327637,4.635121822357178,1
FakeVideo-RealAudio/Caucasian (American)/women/id01004/00028_id00231_Pi8vVHrPQMU.npz,-5.370168209075928,-5.370168209075928,4.589879989624023,1
FakeVideo-RealAudio/Caucasian (American)/women/id01004/00028_id00383_wavtolip.npz,-3.235442876815796,-3.235442876815796,4.711611270904541,1
FakeVideo-RealAudio/Caucasian (American)/women/id01004/00028_id00385_wavtolip.npz,-6.33221960067749,-6.33221960067749,4.627233028411865,1
FakeVideo-RealAudio/Caucasian (American)/women/id01004/00028_id00418_wavtolip.npz,-6.235651016235352,-6.235651016235352,4.772727012634277,1
FakeVideo-RealAudio/Caucasian (American)/women/id01004/00028_id00428_Kr7n-68JWww.npz,-5.264077663421631,-5.264077663421631,4.6815619468688965,1
FakeVideo-RealAudio/Caucasian (American)/women/id01004/00028_id00428_Kr7n-68JWww_faceswap.npz,-4.272156715393066,-4.272156715393066,4.678468227386475,1
FakeVideo-RealAudio/Caucasian (American)/women/id01004/00028_id00462_EMnGfAq9gg4.npz,-5.034979343414307,-5.034979343414307,4.678422927856445,1
FakeVideo-RealAudio/Caucasian (American)/women/id01004/00028_id00680_wavtolip.npz,-6.299871444702148,-6.299871444702148,4.662795543670654,1
FakeVideo-RealAudio/Caucasian (American)/women/id01004/00028_id00842_wavtolip.npz,-6.128831386566162,-6.128831386566162,4.763545513153076,1
FakeVideo-RealAudio/Caucasian (American)/women/id01004/00028_id00848_wavtolip.npz,-6.3303022384643555,-6.3303022384643555,4.654390335083008,1
FakeVideo-RealAudio/Caucasian (American)/women/id01004/00028_id01005_lJZrqhcRFSA.npz,-4.692971229553223,-4.692971229553223,4.642436981201172,1
FakeVideo-RealAudio/Caucasian (American)/women/id01004/00028_id01091_oM2XdIGMM2c.npz,-4.627475738525391,-4.627475738525391,4.693608283996582,1
FakeVideo-RealAudio/Caucasian (American)/women/id01004/00028_id01248_2y-HnTO8WrQ.npz,-5.622983455657959,-5.622983455657959,4.6526312828063965,1
FakeVideo-RealAudio/Caucasian (American)/women/id01004/00028_id01248_wavtolip.npz,-6.302461624145508,-6.302461624145508,4.780539035797119,1
FakeVideo-RealAudio/Caucasian (American)/women/id01004/00028_id02464_wavtolip.npz,-4.65885591506958,-4.65885591506958,4.650118350982666,1
FakeVideo-RealAudio/Caucasian (American)/women/id01004/00028_id02466_VOgaA7O5yWY.npz,-4.663263320922852,-4.663263320922852,4.66682243347168,1
FakeVideo-RealAudio/Caucasian (American)/women/id01004/00028_id03707_wavtolip.npz,-6.3153533935546875,-6.3153533935546875,4.635919570922852,1
FakeVideo-RealAudio/Caucasian (American)/women/id01004/00028_id03781_jbHfYGVNqTg.npz,-4.420132637023926,-4.420132637023926,4.641707897186279,1
FakeVideo-RealAudio/Caucasian (American)/women/id00841/00078_0.npz,-6.076959609985352,-6.076959609985352,4.9116621017456055,1
FakeVideo-RealAudio/Caucasian (American)/women/id00841/00078_1.npz,-5.312929630279541,-5.312929630279541,5.644777297973633,1
FakeVideo-RealAudio/Caucasian (American)/women/id00841/00078_2.npz,-4.402260780334473,-4.402260780334473,5.506007671356201,1
FakeVideo-RealAudio/Caucasian (American)/women/id00841/00078_id00100_sZ0Ex4WUEgM.npz,-2.7893805503845215,-2.7893805503845215,5.146956920623779,1
FakeVideo-RealAudio/Caucasian (American)/women/id00841/00078_id00100_wavtolip.npz,-2.895189046859741,-2.895189046859741,4.984831809997559,1
FakeVideo-RealAudio/Caucasian (American)/women/id00841/00078_id00145_JveyoCdoCuI.npz,-3.14033842086792,-3.14033842086792,5.070631504058838,1
FakeVideo-RealAudio/Caucasian (American)/women/id00841/00078_id00180_lkeAa8Od_tg.npz,-2.849052667617798,-2.849052667617798,5.076830863952637,1
FakeVideo-RealAudio/Caucasian (American)/women/id00841/00078_id00291_wavtolip.npz,-6.23149299621582,-6.23149299621582,4.5778584480285645,1
FakeVideo-RealAudio/Caucasian (American)/women/id00841/00078_id00398_wavtolip.npz,-6.0464935302734375,-6.0464935302734375,4.822047233581543,1
FakeVideo-RealAudio/Caucasian (American)/women/id00841/00078_id00428_Kr7n-68JWww.npz,-4.08131742477417,-4.08131742477417,5.066815376281738,1
FakeVideo-RealAudio/Caucasian (American)/women/id00841/00078_id00752_wavtolip.npz,-5.920117378234863,-5.920117378234863,4.904430866241455,1
FakeVideo-RealAudio/Caucasian (American)/women/id00841/00078_id00835_wavtolip.npz,-6.3560791015625,-6.3560791015625,4.664777755737305,1
FakeVideo-RealAudio/Caucasian (American)/women/id00841/00078_id01004_wavtolip.npz,-6.316446304321289,-6.316446304321289,4.452705383300781,1
FakeVideo-RealAudio/Caucasian (American)/women/id00841/00078_id01005_lJZrqhcRFSA.npz,-2.7855827808380127,-2.7855827808380127,5.083854675292969,1
FakeVideo-RealAudio/Caucasian (American)/women/id00841/00078_id01075_MtJUiHspdT0.npz,-3.621828317642212,-3.621828317642212,5.052923679351807,1
FakeVideo-RealAudio/Caucasian (American)/women/id00841/00078_id01075_MtJUiHspdT0_faceswap.npz,-2.60748028755188,-2.60748028755188,5.033748149871826,1
FakeVideo-RealAudio/Caucasian (American)/women/id00841/00078_id01075_wavtolip.npz,-5.915054798126221,-5.915054798126221,5.00023078918457,1
FakeVideo-RealAudio/Caucasian (American)/women/id00841/00078_id01227_eNr-P3gIrgo.npz,-3.326550006866455,-3.326550006866455,5.089473247528076,1
FakeVideo-RealAudio/Caucasian (American)/women/id00841/00078_id01231_wavtolip.npz,-5.75148344039917,-5.75148344039917,5.0079169273376465,1
FakeVideo-RealAudio/Caucasian (American)/women/id00841/00078_id01238_VPdv2sexRy0.npz,-3.2842113971710205,-3.2842113971710205,5.085912704467773,1
FakeVideo-RealAudio/Caucasian (American)/women/id00841/00078_id01245_7pYBPczR_z0.npz,-3.2634923458099365,-3.2634923458099365,5.066192150115967,1
FakeVideo-RealAudio/Caucasian (American)/women/id00841/00078_id01248_wavtolip.npz,-6.286131858825684,-6.286131858825684,4.763258457183838,1
FakeVideo-RealAudio/Caucasian (American)/women/id00841/00078_id02464_wavtolip.npz,-6.12351131439209,-6.12351131439209,4.556385517120361,1
FakeVideo-RealAudio/Caucasian (American)/women/id00841/00078_id03707_pwNcRPQ5qdo.npz,-2.281273603439331,-2.281273603439331,5.044503211975098,1
FakeVideo-RealAudio/Caucasian (American)/women/id03707/00055_id00025_PjSeVtbvSjA.npz,-5.878159046173096,-5.878159046173096,5.020909309387207,1
FakeVideo-RealAudio/Caucasian (American)/women/id03707/00055_id00097_wavtolip.npz,-6.329226493835449,-6.329226493835449,4.493330478668213,1
FakeVideo-RealAudio/Caucasian (American)/women/id03707/00055_id00145_JveyoCdoCuI.npz,-5.914134979248047,-5.914134979248047,5.006425857543945,1
FakeVideo-RealAudio/Caucasian (American)/women/id03707/00055_id00190_oZUSqqG9wu4.npz,-5.925620079040527,-5.925620079040527,4.9778032302856445,1
FakeVideo-RealAudio/Caucasian (American)/women/id03707/00055_id00261_wavtolip.npz,-6.033084392547607,-6.033084392547607,4.931660175323486,1
FakeVideo-RealAudio/Caucasian (American)/women/id03707/00055_id00272_VLY1boTtbRM.npz,-5.9398603439331055,-5.9398603439331055,4.974676132202148,1
FakeVideo-RealAudio/Caucasian (American)/women/id03707/00055_id00291_wavtolip.npz,-6.240832805633545,-6.240832805633545,4.674592971801758,1
FakeVideo-RealAudio/Caucasian (American)/women/id03707/00055_id00398_wavtolip.npz,-6.050352096557617,-6.050352096557617,4.795098304748535,1
FakeVideo-RealAudio/Caucasian (American)/women/id03707/00055_id00575_wavtolip.npz,-6.045622825622559,-6.045622825622559,4.886157035827637,1
FakeVideo-RealAudio/Caucasian (American)/women/id03707/00055_id00835_wavtolip.npz,-6.251951217651367,-6.251951217651367,4.499539375305176,1
FakeVideo-RealAudio/Caucasian (American)/women/id03707/00055_id00835_zWTp4szbb5k.npz,-5.885900497436523,-5.885900497436523,5.003979682922363,1
FakeVideo-RealAudio/Caucasian (American)/women/id03707/00055_id00841_fpsEfICAgxk.npz,-5.607479095458984,-5.607479095458984,4.943521976470947,1
FakeVideo-RealAudio/Caucasian (American)/women/id03707/00055_id01004_wavtolip.npz,-6.233743190765381,-6.233743190765381,4.592827320098877,1
FakeVideo-RealAudio/Caucasian (American)/women/id03707/00055_id01216_IRxEWpT_lZs.npz,-5.943168640136719,-5.943168640136719,4.99479866027832,1
FakeVideo-RealAudio/Caucasian (American)/women/id03707/00055_id01225_wavtolip.npz,-4.1644439697265625,-4.1644439697265625,4.9533820152282715,1
FakeVideo-RealAudio/Caucasian (American)/women/id03707/00055_id01227_eNr-P3gIrgo.npz,-5.923116683959961,-5.923116683959961,5.006124019622803,1
FakeVideo-RealAudio/Caucasian (American)/women/id03707/00055_id01238_wavtolip.npz,3.583115816116333,3.583115816116333,4.598551273345947,1
FakeVideo-RealAudio/Caucasian (American)/women/id03707/00055_id01248_2y-HnTO8WrQ.npz,-5.714912414550781,-5.714912414550781,4.982037544250488,1
FakeVideo-RealAudio/Caucasian (American)/women/id03707/00055_id02466_VOgaA7O5yWY.npz,-5.914719581604004,-5.914719581604004,5.005674362182617,1
FakeVideo-RealAudio/Caucasian (American)/women/id03707/00055_id02466_VOgaA7O5yWY_faceswap.npz,-5.928531646728516,-5.928531646728516,4.98135232925415,1
FakeVideo-RealAudio/Caucasian (American)/women/id03707/00055_id03781_wavtolip.npz,-6.153137683868408,-6.153137683868408,4.847700119018555,1
FakeVideo-RealAudio/Caucasian (American)/women/id00383/00171_0.npz,-5.753461837768555,-5.753461837768555,5.241968154907227,1
FakeVideo-RealAudio/Caucasian (American)/women/id00383/00171_id00100_sZ0Ex4WUEgM.npz,-1.050901174545288,-1.050901174545288,5.096340179443359,1
FakeVideo-RealAudio/Caucasian (American)/women/id00383/00171_id00231_Pi8vVHrPQMU.npz,-0.6756115555763245,-0.6756115555763245,5.102495193481445,1
FakeVideo-RealAudio/Caucasian (American)/women/id00383/00171_id00261_wavtolip.npz,-6.027456760406494,-6.027456760406494,4.87230110168457,1
FakeVideo-RealAudio/Caucasian (American)/women/id00383/00171_id00272_VLY1boTtbRM.npz,-0.9246485829353333,-0.9246485829353333,5.037912845611572,1
FakeVideo-RealAudio/Caucasian (American)/women/id00383/00171_id00418_wavtolip.npz,-6.173138618469238,-6.173138618469238,4.837560176849365,1
FakeVideo-RealAudio/Caucasian (American)/women/id00383/00171_id00555_wavtolip.npz,-5.928527355194092,-5.928527355194092,5.147659778594971,1
FakeVideo-RealAudio/Caucasian (American)/women/id00383/00171_id00575_iPfJcAJQ84Y.npz,-1.0599764585494995,-1.0599764585494995,5.068309783935547,1
FakeVideo-RealAudio/Caucasian (American)/women/id00383/00171_id00848_wavtolip.npz,-5.949038982391357,-5.949038982391357,4.991021156311035,1
FakeVideo-RealAudio/Caucasian (American)/women/id00383/00171_id01004_867Wlj7Gw68.npz,-1.445407748222351,-1.445407748222351,5.116948127746582,1
FakeVideo-RealAudio/Caucasian (American)/women/id00383/00171_id01005_lJZrqhcRFSA.npz,-1.3247010707855225,-1.3247010707855225,5.10463285446167,1
FakeVideo-RealAudio/Caucasian (American)/women/id00383/00171_id01005_wavtolip.npz,-5.429815292358398,-5.429815292358398,4.964546203613281,1
FakeVideo-RealAudio/Caucasian (American)/women/id00383/00171_id01217_7lVC4xEK_6E.npz,-1.0091270208358765,-1.0091270208358765,5.084680080413818,1
FakeVideo-RealAudio/Caucasian (American)/women/id00383/00171_id01217_7lVC4xEK_6E_faceswap.npz,-1.5507233142852783,-1.5507233142852783,5.081277370452881,1
FakeVideo-RealAudio/Caucasian (American)/women/id00383/00171_id01217_wavtolip.npz,-5.897706985473633,-5.897706985473633,5.0776777267456055,1
FakeVideo-RealAudio/Caucasian (American)/women/id00383/00171_id01223_wavtolip.npz,-5.433100700378418,-5.433100700378418,5.04133939743042,1
FakeVideo-RealAudio/Caucasian (American)/women/id00383/00171_id01225_wavtolip.npz,-5.657859802246094,-5.657859802246094,5.1557841300964355,1
FakeVideo-RealAudio/Caucasian (American)/women/id00383/00171_id01248_2y-HnTO8WrQ.npz,-1.2770458459854126,-1.2770458459854126,5.101048946380615,1
FakeVideo-RealAudio/Caucasian (American)/women/id00383/00171_id02464_1hxJsZYV7mI.npz,-0.8907946348190308,-0.8907946348190308,5.0828657150268555,1
FakeVideo-RealAudio/Caucasian (American)/women/id00383/00171_id02466_VOgaA7O5yWY.npz,-1.0601370334625244,-1.0601370334625244,5.054707050323486,1
FakeVideo-RealAudio/Caucasian (American)/women/id00383/00171_id03556_wavtolip.npz,-5.9433488845825195,-5.9433488845825195,4.949142932891846,1
FakeVideo-RealAudio/Caucasian (American)/women/id00383/00171_id03696_wavtolip.npz,-5.267632484436035,-5.267632484436035,4.571765899658203,1
FakeVideo-RealAudio/Caucasian (American)/women/id00097/00162_0.npz,-5.888558387756348,-5.888558387756348,5.080352306365967,1
FakeVideo-RealAudio/Caucasian (American)/women/id00097/00162_id00025_PjSeVtbvSjA.npz,-6.28059720993042,-6.28059720993042,4.73646354675293,1
FakeVideo-RealAudio/Caucasian (American)/women/id00097/00162_id00100_sZ0Ex4WUEgM.npz,-6.287288665771484,-6.287288665771484,4.712982177734375,1
FakeVideo-RealAudio/Caucasian (American)/women/id00097/00162_id00180_lkeAa8Od_tg.npz,-6.286093235015869,-6.286093235015869,4.727039813995361,1
FakeVideo-RealAudio/Caucasian (American)/women/id00097/00162_id00272_VLY1boTtbRM.npz,-6.279415130615234,-6.279415130615234,4.724001884460449,1
FakeVideo-RealAudio/Caucasian (American)/women/id00097/00162_id00575_wavtolip.npz,-6.288519382476807,-6.288519382476807,4.706639289855957,1
FakeVideo-RealAudio/Caucasian (American)/women/id00097/00162_id00752_wavtolip.npz,-6.31885290145874,-6.31885290145874,4.595635890960693,1
FakeVideo-RealAudio/Caucasian (American)/women/id00097/00162_id00848_wavtolip.npz,-6.330800533294678,-6.330800533294678,4.712092876434326,1
FakeVideo-RealAudio/Caucasian (American)/women/id00097/00162_id01075_wavtolip.npz,-6.3289475440979,-6.3289475440979,4.646351337432861,1
FakeVideo-RealAudio/Caucasian (American)/women/id00097/00162_id01091_wavtolip.npz,-6.309518814086914,-6.309518814086914,4.605501651763916,1
FakeVideo-RealAudio/Caucasian (American)/women/id00097/00162_id01216_IRxEWpT_lZs.npz,-6.282496452331543,-6.282496452331543,4.715904235839844,1
FakeVideo-RealAudio/Caucasian (American)/women/id00097/00162_id01217_7lVC4xEK_6E.npz,-6.281061172485352,-6.281061172485352,4.722792625427246,1
FakeVideo-RealAudio/Caucasian (American)/women/id00097/00162_id01217_wavtolip.npz,-6.287410736083984,-6.287410736083984,4.826488494873047,1
FakeVideo-RealAudio/Caucasian (American)/women/id00097/00162_id01225_WuzuZoM84Ws.npz,-6.282471656799316,-6.282471656799316,4.748870849609375,1
FakeVideo-RealAudio/Caucasian (American)/women/id00097/00162_id01225_wavtolip.npz,-5.988499641418457,-5.988499641418457,4.762099742889404,1
FakeVideo-RealAudio/Caucasian (American)/women/id00097/00162_id01231_XXpYdOHUF-g.npz,-6.279646873474121,-6.279646873474121,4.715311050415039,1
FakeVideo-RealAudio/Caucasian (American)/women/id00097/00162_id01231_wavtolip.npz,-6.251416206359863,-6.251416206359863,4.702226638793945,1
FakeVideo-RealAudio/Caucasian (American)/women/id00097/00162_id01238_VPdv2sexRy0.npz,-6.284787654876709,-6.284787654876709,4.721628665924072,1
FakeVideo-RealAudio/Caucasian (American)/women/id00097/00162_id03605_JGZt9DAhBRs.npz,-6.282238006591797,-6.282238006591797,4.726699352264404,1
FakeVideo-RealAudio/Caucasian (American)/women/id00097/00162_id03696_wavtolip.npz,-4.4616851806640625,-4.4616851806640625,4.684031009674072,1
FakeVideo-RealAudio/Caucasian (American)/women/id00097/00162_id03781_wavtolip.npz,-6.292538642883301,-6.292538642883301,4.682769775390625,1
FakeVideo-RealAudio/Caucasian (American)/women/id00842/00043_id00100_wavtolip.npz,-4.628925800323486,-4.628925800323486,5.052781105041504,1
FakeVideo-RealAudio/Caucasian (American)/women/id00842/00043_id00190_wavtolip.npz,-6.036916732788086,-6.036916732788086,4.7618818283081055,1
FakeVideo-RealAudio/Caucasian (American)/women/id00842/00043_id00261_wavtolip.npz,-5.956351280212402,-5.956351280212402,4.793793201446533,1
FakeVideo-RealAudio/Caucasian (American)/women/id00842/00043_id00272_wavtolip.npz,-5.821174621582031,-5.821174621582031,5.118884563446045,1
FakeVideo-RealAudio/Caucasian (American)/women/id00842/00043_id00385_oqf8cNi7lOI.npz,-5.389157295227051,-5.389157295227051,5.1197404861450195,1
FakeVideo-RealAudio/Caucasian (American)/women/id00842/00043_id00418_KSTOz7H0OuQ.npz,-5.177526473999023,-5.177526473999023,5.090578079223633,1
FakeVideo-RealAudio/Caucasian (American)/women/id00842/00043_id00428_Kr7n-68JWww.npz,-5.318023681640625,-5.318023681640625,5.108451843261719,1
FakeVideo-RealAudio/Caucasian (American)/women/id00842/00043_id00431_DyRvPN6rEfU.npz,-5.237861156463623,-5.237861156463623,5.098573684692383,1
FakeVideo-RealAudio/Caucasian (American)/women/id00842/00043_id00462_wavtolip.npz,-6.282101154327393,-6.282101154327393,4.641460418701172,1
FakeVideo-RealAudio/Caucasian (American)/women/id00842/00043_id00555_wavtolip.npz,-5.982143878936768,-5.982143878936768,4.91170072555542,1
FakeVideo-RealAudio/Caucasian (American)/women/id00842/00043_id00616_wavtolip.npz,-5.971648693084717,-5.971648693084717,5.073333263397217,1
FakeVideo-RealAudio/Caucasian (American)/women/id00842/00043_id00752_wavtolip.npz,-5.955370903015137,-5.955370903015137,5.006723880767822,1
FakeVideo-RealAudio/Caucasian (American)/women/id00842/00043_id00835_zWTp4szbb5k.npz,-4.8969879150390625,-4.8969879150390625,5.101528167724609,1
FakeVideo-RealAudio/Caucasian (American)/women/id00842/00043_id01005_lJZrqhcRFSA.npz,-5.290243625640869,-5.290243625640869,5.090538501739502,1
FakeVideo-RealAudio/Caucasian (American)/women/id00842/00043_id01075_MtJUiHspdT0.npz,-5.662671089172363,-5.662671089172363,5.062681198120117,1
FakeVideo-RealAudio/Caucasian (American)/women/id00842/00043_id01091_oM2XdIGMM2c.npz,-5.413315296173096,-5.413315296173096,5.096923828125,1
FakeVideo-RealAudio/Caucasian (American)/women/id00842/00043_id01216_wavtolip.npz,-2.8810811042785645,-2.8810811042785645,5.061839580535889,1
FakeVideo-RealAudio/Caucasian (American)/women/id00842/00043_id01223_TO3ym8Gwp7k.npz,-5.202335834503174,-5.202335834503174,5.115489959716797,1
FakeVideo-RealAudio/Caucasian (American)/women/id00842/00043_id02464_1hxJsZYV7mI.npz,-5.595298767089844,-5.595298767089844,5.087680816650391,1
FakeVideo-RealAudio/Caucasian (American)/women/id00842/00043_id03781_wavtolip.npz,-6.110994338989258,-6.110994338989258,4.910635471343994,1
FakeVideo-RealAudio/Caucasian (American)/women/id02466/00136_id00180_wavtolip.npz,-5.702804088592529,-5.702804088592529,4.815876007080078,1
FakeVideo-RealAudio/Caucasian (American)/women/id02466/00136_id00231_Pi8vVHrPQMU.npz,-4.916786193847656,-4.916786193847656,5.656813144683838,1
FakeVideo-RealAudio/Caucasian (American)/women/id02466/00136_id00231_wavtolip.npz,-5.831768989562988,-5.831768989562988,5.167344093322754,1
FakeVideo-RealAudio/Caucasian (American)/women/id02466/00136_id00291_wavtolip.npz,-6.250095367431641,-6.250095367431641,4.724970817565918,1
FakeVideo-RealAudio/Caucasian (American)/women/id02466/00136_id00383_n6i0VWqGcKI.npz,-5.35665225982666,-5.35665225982666,5.625649452209473,1
FakeVideo-RealAudio/Caucasian (American)/women/id02466/00136_id00383_wavtolip.npz,-2.757179021835327,-2.757179021835327,5.0673675537109375,1
FakeVideo-RealAudio/Caucasian (American)/women/id02466/00136_id00431_wavtolip.npz,-6.402464866638184,-6.402464866638184,4.4844279289245605,1
FakeVideo-RealAudio/Caucasian (American)/women/id02466/00136_id00462_EMnGfAq9gg4.npz,-5.17340087890625,-5.17340087890625,5.604727268218994,1
FakeVideo-RealAudio/Caucasian (American)/women/id02466/00136_id00618__TwV2SmUIlY.npz,-4.951674461364746,-4.951674461364746,5.631603717803955,1
FakeVideo-RealAudio/Caucasian (American)/women/id02466/00136_id00841_wavtolip.npz,-2.4375762939453125,-2.4375762939453125,4.9397101402282715,1
FakeVideo-RealAudio/Caucasian (American)/women/id02466/00136_id00848_o1_9Cu3YMN0.npz,-5.079465389251709,-5.079465389251709,5.637390613555908,1
FakeVideo-RealAudio/Caucasian (American)/women/id02466/00136_id01004_867Wlj7Gw68.npz,-5.328351020812988,-5.328351020812988,5.649982929229736,1
FakeVideo-RealAudio/Caucasian (American)/women/id02466/00136_id01005_lJZrqhcRFSA.npz,-4.864762783050537,-4.864762783050537,5.608307361602783,1
FakeVideo-RealAudio/Caucasian (American)/women/id02466/00136_id01217_wavtolip.npz,-5.795283317565918,-5.795283317565918,5.2655487060546875,1
FakeVideo-RealAudio/Caucasian (American)/women/id02466/00136_id01238_wavtolip.npz,3.782360076904297,3.782360076904297,4.6651716232299805,1
FakeVideo-RealAudio/Caucasian (American)/women/id02466/00136_id01248_2y-HnTO8WrQ.npz,-5.257533073425293,-5.257533073425293,5.627504825592041,1
FakeVideo-RealAudio/Caucasian (American)/women/id02466/00136_id02464_wavtolip.npz,-5.805738925933838,-5.805738925933838,4.577528953552246,1
FakeVideo-RealAudio/Caucasian (American)/women/id02466/00136_id02466_wavtolip.npz,-5.417304039001465,-5.417304039001465,5.615480422973633,1
FakeVideo-RealAudio/Caucasian (American)/women/id02466/00136_id03707_pwNcRPQ5qdo.npz,-4.890607833862305,-4.890607833862305,5.616344928741455,1
FakeVideo-RealAudio/Caucasian (American)/women/id02466/00136_id03707_pwNcRPQ5qdo_faceswap.npz,-5.383848667144775,-5.383848667144775,5.569271564483643,1
FakeVideo-RealAudio/Caucasian (American)/women/id02466/00136_id03781_jbHfYGVNqTg.npz,-5.164825439453125,-5.164825439453125,5.634223937988281,1
FakeVideo-RealAudio/Caucasian (American)/women/id00462/00143_0.npz,-4.430184841156006,-4.430184841156006,4.789350986480713,1
FakeVideo-RealAudio/Caucasian (American)/women/id00462/00143_id00025_wavtolip.npz,-6.281693458557129,-6.281693458557129,4.775876045227051,1
FakeVideo-RealAudio/Caucasian (American)/women/id00462/00143_id00097_wavtolip.npz,-6.32808780670166,-6.32808780670166,4.709859848022461,1
FakeVideo-RealAudio/Caucasian (American)/women/id00462/00143_id00100_sZ0Ex4WUEgM.npz,-4.075954914093018,-4.075954914093018,4.749468803405762,1
FakeVideo-RealAudio/Caucasian (American)/women/id00462/00143_id00180_wavtolip.npz,-4.715211391448975,-4.715211391448975,4.70734977722168,1
FakeVideo-RealAudio/Caucasian (American)/women/id00462/00143_id00190_wavtolip.npz,-6.1047492027282715,-6.1047492027282715,4.682143211364746,1
FakeVideo-RealAudio/Caucasian (American)/women/id00462/00143_id00381_79zqA0CZh8s.npz,-4.024932384490967,-4.024932384490967,4.740052223205566,1
FakeVideo-RealAudio/Caucasian (American)/women/id00462/00143_id00431_wavtolip.npz,-6.406015872955322,-6.406015872955322,4.506361961364746,1
FakeVideo-RealAudio/Caucasian (American)/women/id00462/00143_id00616_wavtolip.npz,-6.28043270111084,-6.28043270111084,4.677248954772949,1
FakeVideo-RealAudio/Caucasian (American)/women/id00462/00143_id00835_zWTp4szbb5k.npz,-3.2013893127441406,-3.2013893127441406,4.765010833740234,1
FakeVideo-RealAudio/Caucasian (American)/women/id00462/00143_id00835_zWTp4szbb5k_faceswap.npz,-4.138765811920166,-4.138765811920166,4.779244899749756,1
FakeVideo-RealAudio/Caucasian (American)/women/id00462/00143_id00841_wavtolip.npz,-2.306389093399048,-2.306389093399048,4.701683521270752,1
FakeVideo-RealAudio/Caucasian (American)/women/id00462/00143_id01004_867Wlj7Gw68.npz,-4.465790271759033,-4.465790271759033,4.7451066970825195,1
FakeVideo-RealAudio/Caucasian (American)/women/id00462/00143_id01217_7lVC4xEK_6E.npz,-4.5657148361206055,-4.5657148361206055,4.740965843200684,1
FakeVideo-RealAudio/Caucasian (American)/women/id00462/00143_id01217_wavtolip.npz,-6.249566078186035,-6.249566078186035,4.693036079406738,1
FakeVideo-RealAudio/Caucasian (American)/women/id00462/00143_id01223_TO3ym8Gwp7k.npz,-4.090826034545898,-4.090826034545898,4.736981391906738,1
FakeVideo-RealAudio/Caucasian (American)/women/id00462/00143_id01223_wavtolip.npz,-6.255922317504883,-6.255922317504883,4.743925094604492,1
FakeVideo-RealAudio/Caucasian (American)/women/id00462/00143_id01227_eNr-P3gIrgo.npz,-4.494617938995361,-4.494617938995361,4.7481207847595215,1
FakeVideo-RealAudio/Caucasian (American)/women/id00462/00143_id01231_XXpYdOHUF-g.npz,-4.206947326660156,-4.206947326660156,4.729298114776611,1
FakeVideo-RealAudio/Caucasian (American)/women/id00462/00143_id01238_VPdv2sexRy0.npz,-4.110748767852783,-4.110748767852783,4.741619110107422,1
FakeVideo-RealAudio/Caucasian (American)/women/id00462/00143_id01238_wavtolip.npz,3.8707945346832275,3.8707945346832275,4.683781623840332,1
FakeVideo-RealAudio/Caucasian (American)/women/id00462/00143_id02466_VOgaA7O5yWY.npz,-4.487114429473877,-4.487114429473877,4.760263919830322,1
FakeVideo-RealAudio/Caucasian (American)/women/id01248/00005_id00180_lkeAa8Od_tg.npz,-6.232748508453369,-6.232748508453369,4.737730979919434,1
FakeVideo-RealAudio/Caucasian (American)/women/id01248/00005_id00231_Pi8vVHrPQMU.npz,-6.245115280151367,-6.245115280151367,4.733739852905273,1
FakeVideo-RealAudio/Caucasian (American)/women/id01248/00005_id00231_wavtolip.npz,-6.293936729431152,-6.293936729431152,4.706836223602295,1
FakeVideo-RealAudio/Caucasian (American)/women/id01248/00005_id00381_79zqA0CZh8s.npz,-6.262396812438965,-6.262396812438965,4.7152180671691895,1
FakeVideo-RealAudio/Caucasian (American)/women/id01248/00005_id00458_wavtolip.npz,-3.024393320083618,-3.024393320083618,4.766063213348389,1
FakeVideo-RealAudio/Caucasian (American)/women/id01248/00005_id00462_wavtolip.npz,-6.302159309387207,-6.302159309387207,4.794800758361816,1
FakeVideo-RealAudio/Caucasian (American)/women/id01248/00005_id00618_wavtolip.npz,-6.215578079223633,-6.215578079223633,4.697995185852051,1
FakeVideo-RealAudio/Caucasian (American)/women/id01248/00005_id00835_wavtolip.npz,-6.371374607086182,-6.371374607086182,4.4341864585876465,1
FakeVideo-RealAudio/Caucasian (American)/women/id01248/00005_id00835_zWTp4szbb5k.npz,-6.267365455627441,-6.267365455627441,4.723886966705322,1
FakeVideo-RealAudio/Caucasian (American)/women/id01248/00005_id01004_867Wlj7Gw68.npz,-6.2132720947265625,-6.2132720947265625,4.728559494018555,1
FakeVideo-RealAudio/Caucasian (American)/women/id01248/00005_id01075_MtJUiHspdT0.npz,-6.257209300994873,-6.257209300994873,4.730221748352051,1
FakeVideo-RealAudio/Caucasian (American)/women/id01248/00005_id01075_wavtolip.npz,-6.287932395935059,-6.287932395935059,4.713517189025879,1
FakeVideo-RealAudio/Caucasian (American)/women/id01248/00005_id01091_wavtolip.npz,-5.519952774047852,-5.519952774047852,4.7646565437316895,1
FakeVideo-RealAudio/Caucasian (American)/women/id01248/00005_id01216_wavtolip.npz,-1.448251485824585,-1.448251485824585,4.759067058563232,1
FakeVideo-RealAudio/Caucasian (American)/women/id01248/00005_id01217_7lVC4xEK_6E.npz,-6.253706932067871,-6.253706932067871,4.731086730957031,1
FakeVideo-RealAudio/Caucasian (American)/women/id01248/00005_id01223_TO3ym8Gwp7k.npz,-6.255805015563965,-6.255805015563965,4.726202487945557,1
FakeVideo-RealAudio/Caucasian (American)/women/id01248/00005_id01227_wavtolip.npz,-4.758164882659912,-4.758164882659912,4.7926926612854,1
FakeVideo-RealAudio/Caucasian (American)/women/id01248/00005_id02466_VOgaA7O5yWY.npz,-6.265195369720459,-6.265195369720459,4.7082109451293945,1
FakeVideo-RealAudio/Caucasian (American)/women/id01248/00005_id03696_wavtolip.npz,-5.752460956573486,-5.752460956573486,4.630712985992432,1
FakeVideo-RealAudio/Caucasian (American)/women/id01248/00005_id03707_pwNcRPQ5qdo.npz,-6.251700401306152,-6.251700401306152,4.729048728942871,1
FakeVideo-RealAudio/Asian (East)/men/id06878/00001.npz,-5.196368217468262,-5.196368217468262,4.910276889801025,1
FakeVideo-RealAudio/Asian (East)/men/id06878/00001_id00056_wavtolip.npz,-3.4376394748687744,-3.4376394748687744,4.7186784744262695,1
FakeVideo-RealAudio/Asian (East)/men/id06878/00001_id02365_wavtolip.npz,-6.131421089172363,-6.131421089172363,4.825714111328125,1
FakeVideo-RealAudio/Asian (East)/men/id06878/00001_id02553_wavtolip.npz,-4.805582523345947,-4.805582523345947,4.841163635253906,1
FakeVideo-RealAudio/Asian (East)/men/id06878/00001_id03889_wavtolip.npz,-6.097733497619629,-6.097733497619629,4.747903823852539,1
FakeVideo-RealAudio/Asian (East)/men/id06878/00001_id04687_wavtolip.npz,-4.36727237701416,-4.36727237701416,4.835481643676758,1
FakeVideo-RealAudio/Asian (East)/men/id06878/00001_id04774_wavtolip.npz,-6.266200065612793,-6.266200065612793,4.755223751068115,1
FakeVideo-RealAudio/Asian (East)/men/id06878/00001_id04884_wavtolip.npz,-5.271381378173828,-5.271381378173828,4.808326244354248,1
FakeVideo-RealAudio/Asian (East)/men/id06878/00001_id05383_wavtolip.npz,-6.1970367431640625,-6.1970367431640625,4.851781368255615,1
FakeVideo-RealAudio/Asian (East)/men/id06878/00001_id08299_wavtolip.npz,-6.3135528564453125,-6.3135528564453125,4.607503414154053,1
FakeVideo-RealAudio/Asian (East)/men/id06878/00001_id08613_wavtolip.npz,-6.062704563140869,-6.062704563140869,4.795948028564453,1
FakeVideo-RealAudio/Asian (East)/men/id09143/00056_id00863_wavtolip.npz,-3.2684032917022705,-3.2684032917022705,4.6119537353515625,1
FakeVideo-RealAudio/Asian (East)/men/id09143/00056_id01204_biYGqpYBp7o.npz,-5.434861183166504,-5.434861183166504,4.806819915771484,1
FakeVideo-RealAudio/Asian (East)/men/id09143/00056_id01204_biYGqpYBp7o_faceswap.npz,-5.686301231384277,-5.686301231384277,4.696662425994873,1
FakeVideo-RealAudio/Asian (East)/men/id09143/00056_id01215_wavtolip.npz,-4.930227756500244,-4.930227756500244,4.617094039916992,1
FakeVideo-RealAudio/Asian (East)/men/id09143/00056_id01589_ZCwF6XVRiAU.npz,-4.805855751037598,-4.805855751037598,4.719028949737549,1
FakeVideo-RealAudio/Asian (East)/men/id09143/00056_id01589_wavtolip.npz,-5.723981857299805,-5.723981857299805,4.646533489227295,1
FakeVideo-RealAudio/Asian (East)/men/id09143/00056_id01683_wavtolip.npz,-6.416921615600586,-6.416921615600586,4.418388843536377,1
FakeVideo-RealAudio/Asian (East)/men/id09143/00056_id02553_QTahH2rc8go.npz,-5.839730262756348,-5.839730262756348,4.798919200897217,1
FakeVideo-RealAudio/Asian (East)/men/id09143/00056_id04789_wavtolip.npz,-6.4101643562316895,-6.4101643562316895,4.649623870849609,1
FakeVideo-RealAudio/Asian (East)/men/id09143/00056_id06470_XoAiqCrOlyk.npz,-5.643825531005859,-5.643825531005859,4.753972053527832,1
FakeVideo-RealAudio/Asian (East)/men/id09143/00056_id06470_wavtolip.npz,-0.42009592056274414,-0.42009592056274414,4.51707124710083,1
FakeVideo-RealAudio/Asian (East)/men/id09143/00056_id06594_wavtolip.npz,-5.841864109039307,-5.841864109039307,4.553985118865967,1
FakeVideo-RealAudio/Asian (East)/men/id09143/00056_id06807_wavtolip.npz,-6.399850845336914,-6.399850845336914,4.566631317138672,1
FakeVideo-RealAudio/Asian (East)/men/id09143/00056_id07102_4gKPlwvjpsI.npz,-4.540070056915283,-4.540070056915283,4.637292861938477,1
FakeVideo-RealAudio/Asian (East)/men/id09143/00056_id07102_wavtolip.npz,-6.390399932861328,-6.390399932861328,4.533938884735107,1
FakeVideo-RealAudio/Asian (East)/men/id09143/00056_id08652_wavtolip.npz,-6.067555904388428,-6.067555904388428,4.614696025848389,1
FakeVideo-RealAudio/Asian (East)/men/id09143/00056_id09053_6baCAGutGFg.npz,-6.1387763023376465,-6.1387763023376465,4.764505386352539,1
FakeVideo-RealAudio/Asian (East)/men/id08652/00006.npz,-1.9557740688323975,-1.9557740688323975,4.6675190925598145,1
FakeVideo-RealAudio/Asian (East)/men/id08652/00006_id01215_wavtolip.npz,-6.159282207489014,-6.159282207489014,4.623035430908203,1
FakeVideo-RealAudio/Asian (East)/men/id08652/00006_id02365_wavtolip.npz,-6.3506879806518555,-6.3506879806518555,4.635260581970215,1
FakeVideo-RealAudio/Asian (East)/men/id08652/00006_id04222_wavtolip.npz,-6.325949668884277,-6.325949668884277,4.60504150390625,1
FakeVideo-RealAudio/Asian (East)/men/id08652/00006_id04687_wavtolip.npz,-6.333585739135742,-6.333585739135742,4.6107587814331055,1
FakeVideo-RealAudio/Asian (East)/men/id08652/00006_id05383_wavtolip.npz,-6.29848575592041,-6.29848575592041,4.663455486297607,1
FakeVideo-RealAudio/Asian (East)/men/id08652/00006_id06152_wavtolip.npz,-6.345152854919434,-6.345152854919434,4.639266014099121,1
FakeVideo-RealAudio/Asian (East)/men/id08652/00006_id06467_wavtolip.npz,-6.346765041351318,-6.346765041351318,4.688452243804932,1
FakeVideo-RealAudio/Asian (East)/men/id08652/00006_id08299_wavtolip.npz,-6.356348991394043,-6.356348991394043,4.68489408493042,1
FakeVideo-RealAudio/Asian (East)/men/id08652/00006_id08652_wavtolip.npz,-3.206378221511841,-3.206378221511841,4.6714186668396,1
FakeVideo-RealAudio/Asian (East)/men/id08652/00006_id09143_wavtolip.npz,-6.398849010467529,-6.398849010467529,4.749659061431885,1
FakeVideo-RealAudio/Asian (East)/men/id06807/00015.npz,-4.894093990325928,-4.894093990325928,5.24071741104126,1
FakeVideo-RealAudio/Asian (East)/men/id06807/00015_id00560_wavtolip.npz,-6.190898418426514,-6.190898418426514,4.6966023445129395,1
FakeVideo-RealAudio/Asian (East)/men/id06807/00015_id00863_wavtolip.npz,-2.602872610092163,-2.602872610092163,4.820516109466553,1
FakeVideo-RealAudio/Asian (East)/men/id06807/00015_id01683_wavtolip.npz,-6.161734104156494,-6.161734104156494,5.037606716156006,1
FakeVideo-RealAudio/Asian (East)/men/id06807/00015_id02561_wavtolip.npz,-5.785260200500488,-5.785260200500488,5.187510967254639,1
FakeVideo-RealAudio/Asian (East)/men/id06807/00015_id04691_wavtolip.npz,-5.763669967651367,-5.763669967651367,5.326290130615234,1
FakeVideo-RealAudio/Asian (East)/men/id06807/00015_id04774_wavtolip.npz,-6.265121936798096,-6.265121936798096,4.881910800933838,1
FakeVideo-RealAudio/Asian (East)/men/id06807/00015_id06269_wavtolip.npz,-6.273509979248047,-6.273509979248047,4.871898651123047,1
FakeVideo-RealAudio/Asian (East)/men/id06807/00015_id06591_wavtolip.npz,-6.011355400085449,-6.011355400085449,4.766626358032227,1
FakeVideo-RealAudio/Asian (East)/men/id06807/00015_id06807_wavtolip.npz,-4.5206217765808105,-4.5206217765808105,5.292253494262695,1
FakeVideo-RealAudio/Asian (East)/men/id06807/00015_id08652_wavtolip.npz,-4.6962080001831055,-4.6962080001831055,4.721699237823486,1
FakeVideo-RealAudio/Asian (East)/men/id04687/00066_id00126_wavtolip.npz,-6.131721019744873,-6.131721019744873,4.855484962463379,1
FakeVideo-RealAudio/Asian (East)/men/id04687/00066_id00560_wavtolip.npz,-4.578489303588867,-4.578489303588867,4.5924272537231445,1
FakeVideo-RealAudio/Asian (East)/men/id04687/00066_id00740_wavtolip.npz,-6.208472728729248,-6.208472728729248,4.912937164306641,1
FakeVideo-RealAudio/Asian (East)/men/id04687/00066_id01589_ZCwF6XVRiAU.npz,-1.400228500366211,-1.400228500366211,4.881574630737305,1
FakeVideo-RealAudio/Asian (East)/men/id04687/00066_id01589_wavtolip.npz,-6.115408897399902,-6.115408897399902,4.899389266967773,1
FakeVideo-RealAudio/Asian (East)/men/id04687/00066_id02332_hlo8q3-L9vI.npz,-4.078009605407715,-4.078009605407715,4.88525390625,1
FakeVideo-RealAudio/Asian (East)/men/id04687/00066_id02493_zYAm6W46Mcg.npz,-4.2130279541015625,-4.2130279541015625,4.894410133361816,1
FakeVideo-RealAudio/Asian (East)/men/id04687/00066_id02493_zYAm6W46Mcg_faceswap.npz,2.5236079692840576,2.5236079692840576,4.817770481109619,1
FakeVideo-RealAudio/Asian (East)/men/id04687/00066_id02553_QTahH2rc8go.npz,-5.072265625,-5.072265625,4.818557262420654,1
FakeVideo-RealAudio/Asian (East)/men/id04687/00066_id02553_wavtolip.npz,-5.555087089538574,-5.555087089538574,4.946028232574463,1
FakeVideo-RealAudio/Asian (East)/men/id04687/00066_id03889_C54Tw6xrc4U.npz,-4.0880126953125,-4.0880126953125,4.884586334228516,1
FakeVideo-RealAudio/Asian (East)/men/id04687/00066_id03889_wavtolip.npz,-6.138350009918213,-6.138350009918213,4.940618515014648,1
FakeVideo-RealAudio/Asian (East)/men/id04687/00066_id04111_wavtolip.npz,-6.157512187957764,-6.157512187957764,4.937862873077393,1
FakeVideo-RealAudio/Asian (East)/men/id04687/00066_id04222_EAw7MSynKF8.npz,-4.2840986251831055,-4.2840986251831055,4.873313903808594,1
FakeVideo-RealAudio/Asian (East)/men/id04687/00066_id04222_wavtolip.npz,-6.101993083953857,-6.101993083953857,4.916036605834961,1
FakeVideo-RealAudio/Asian (East)/men/id04687/00066_id04884_eq_wk7h1Gzo.npz,-1.3351774215698242,-1.3351774215698242,4.8831562995910645,1
FakeVideo-RealAudio/Asian (East)/men/id04687/00066_id06269_wavtolip.npz,-6.283836364746094,-6.283836364746094,4.7411789894104,1
FakeVideo-RealAudio/Asian (East)/men/id04687/00066_id06470_XoAiqCrOlyk.npz,-5.3848042488098145,-5.3848042488098145,4.810855865478516,1
FakeVideo-RealAudio/Asian (East)/men/id04687/00066_id08299_wavtolip.npz,-6.314733505249023,-6.314733505249023,4.7616496086120605,1
FakeVideo-RealAudio/Asian (East)/men/id07338/00003.npz,-6.254598617553711,-6.254598617553711,4.728236675262451,1
FakeVideo-RealAudio/Asian (East)/men/id07338/00003_id01683_wavtolip.npz,-6.371092319488525,-6.371092319488525,4.5485124588012695,1
FakeVideo-RealAudio/Asian (East)/men/id07338/00003_id04111_wavtolip.npz,-6.381742000579834,-6.381742000579834,4.656829833984375,1
FakeVideo-RealAudio/Asian (East)/men/id07338/00003_id04687_wavtolip.npz,-5.706920146942139,-5.706920146942139,4.576050758361816,1
FakeVideo-RealAudio/Asian (East)/men/id07338/00003_id04691_wavtolip.npz,-6.377664089202881,-6.377664089202881,4.595831871032715,1
FakeVideo-RealAudio/Asian (East)/men/id07338/00003_id04774_wavtolip.npz,-6.3607659339904785,-6.3607659339904785,4.72208309173584,1
FakeVideo-RealAudio/Asian (East)/men/id07338/00003_id04884_wavtolip.npz,-4.838036060333252,-4.838036060333252,4.646274566650391,1
FakeVideo-RealAudio/Asian (East)/men/id07338/00003_id05332_wavtolip.npz,-6.35012149810791,-6.35012149810791,4.693587303161621,1
FakeVideo-RealAudio/Asian (East)/men/id07338/00003_id06470_wavtolip.npz,-0.6543745994567871,-0.6543745994567871,4.533823490142822,1
FakeVideo-RealAudio/Asian (East)/men/id07338/00003_id06776_wavtolip.npz,-5.850791931152344,-5.850791931152344,4.445442199707031,1
FakeVideo-RealAudio/Asian (East)/men/id07338/00003_id07102_wavtolip.npz,-6.1216864585876465,-6.1216864585876465,4.549043655395508,1
FakeVideo-RealAudio/Asian (East)/men/id01204/00092_id00056_GUh0mNVw0U8.npz,-5.800872802734375,-5.800872802734375,5.28227424621582,1
FakeVideo-RealAudio/Asian (East)/men/id01204/00092_id00560_wavtolip.npz,-6.002494812011719,-6.002494812011719,4.674980640411377,1
FakeVideo-RealAudio/Asian (East)/men/id01204/00092_id00597_wavtolip.npz,-5.826142311096191,-5.826142311096191,5.164765357971191,1
FakeVideo-RealAudio/Asian (East)/men/id01204/00092_id01589_ZCwF6XVRiAU.npz,-5.8014373779296875,-5.8014373779296875,5.258530139923096,1
FakeVideo-RealAudio/Asian (East)/men/id01204/00092_id02332_wavtolip.npz,0.9400774836540222,0.9400774836540222,4.973942756652832,1
FakeVideo-RealAudio/Asian (East)/men/id01204/00092_id02365_KTHM_LvjcgY.npz,-5.759833812713623,-5.759833812713623,5.239762306213379,1
FakeVideo-RealAudio/Asian (East)/men/id01204/00092_id02493_zYAm6W46Mcg.npz,-5.800098896026611,-5.800098896026611,5.255620002746582,1
FakeVideo-RealAudio/Asian (East)/men/id01204/00092_id03028_wavtolip.npz,-5.810704708099365,-5.810704708099365,5.219191074371338,1
FakeVideo-RealAudio/Asian (East)/men/id01204/00092_id03889_C54Tw6xrc4U.npz,-5.795490264892578,-5.795490264892578,5.253475666046143,1
FakeVideo-RealAudio/Asian (East)/men/id01204/00092_id04111_wavtolip.npz,-5.836986064910889,-5.836986064910889,5.1439290046691895,1
FakeVideo-RealAudio/Asian (East)/men/id01204/00092_id04687_wavtolip.npz,-4.873152732849121,-4.873152732849121,4.901695251464844,1
FakeVideo-RealAudio/Asian (East)/men/id01204/00092_id05332_wavtolip.npz,-6.1109161376953125,-6.1109161376953125,4.8983917236328125,1
FakeVideo-RealAudio/Asian (East)/men/id01204/00092_id06269_Jm9bEizIGBE.npz,-5.798476696014404,-5.798476696014404,5.270775318145752,1
FakeVideo-RealAudio/Asian (East)/men/id01204/00092_id06269_wavtolip.npz,-6.273166179656982,-6.273166179656982,4.679400444030762,1
FakeVideo-RealAudio/Asian (East)/men/id01204/00092_id06535_wavtolip.npz,-5.962503433227539,-5.962503433227539,5.127458572387695,1
FakeVideo-RealAudio/Asian (East)/men/id01204/00092_id06591_wavtolip.npz,-4.8179779052734375,-4.8179779052734375,4.788488388061523,1
FakeVideo-RealAudio/Asian (East)/men/id01204/00092_id09053_6baCAGutGFg.npz,-5.802642822265625,-5.802642822265625,5.279033660888672,1
FakeVideo-RealAudio/Asian (East)/men/id01204/00092_id09143_rnD7HryoyLY.npz,-5.799596309661865,-5.799596309661865,5.279748439788818,1
FakeVideo-RealAudio/Asian (East)/men/id01204/00092_id09143_rnD7HryoyLY_faceswap.npz,-5.792510032653809,-5.792510032653809,5.300466060638428,1
FakeVideo-RealAudio/Asian (East)/men/id03889/00052_id00560_wavtolip.npz,-6.0793914794921875,-6.0793914794921875,4.617735385894775,1
FakeVideo-RealAudio/Asian (East)/men/id03889/00052_id01212_wavtolip.npz,-5.503362655639648,-5.503362655639648,4.9957780838012695,1
FakeVideo-RealAudio/Asian (East)/men/id03889/00052_id01215_wavtolip.npz,-0.5259624719619751,-0.5259624719619751,4.7751359939575195,1
FakeVideo-RealAudio/Asian (East)/men/id03889/00052_id01589_ZCwF6XVRiAU.npz,-6.038449287414551,-6.038449287414551,4.982549667358398,1
FakeVideo-RealAudio/Asian (East)/men/id03889/00052_id01589_ZCwF6XVRiAU_faceswap.npz,-3.2475500106811523,-3.2475500106811523,4.965853691101074,1
FakeVideo-RealAudio/Asian (East)/men/id03889/00052_id02332_hlo8q3-L9vI.npz,-6.04050874710083,-6.04050874710083,4.888649940490723,1
FakeVideo-RealAudio/Asian (East)/men/id03889/00052_id02332_wavtolip.npz,-0.6967418789863586,-0.6967418789863586,5.051779747009277,1
FakeVideo-RealAudio/Asian (East)/men/id03889/00052_id02365_KTHM_LvjcgY.npz,-2.8132715225219727,-2.8132715225219727,4.942330360412598,1
FakeVideo-RealAudio/Asian (East)/men/id03889/00052_id02493_zYAm6W46Mcg.npz,-6.051296234130859,-6.051296234130859,4.996126174926758,1
FakeVideo-RealAudio/Asian (East)/men/id03889/00052_id04111_wavtolip.npz,-6.0923566818237305,-6.0923566818237305,5.066133975982666,1
FakeVideo-RealAudio/Asian (East)/men/id03889/00052_id04687_cSxCV6zdmwo.npz,-5.902499675750732,-5.902499675750732,4.8774333000183105,1
FakeVideo-RealAudio/Asian (East)/men/id03889/00052_id04774_k3yOcTA95dg.npz,-5.140190124511719,-5.140190124511719,4.988995552062988,1
FakeVideo-RealAudio/Asian (East)/men/id03889/00052_id05743_wavtolip.npz,-6.093864440917969,-6.093864440917969,4.9979400634765625,1
FakeVideo-RealAudio/Asian (East)/men/id03889/00052_id06152_wavtolip.npz,-6.095664978027344,-6.095664978027344,4.990577220916748,1
FakeVideo-RealAudio/Asian (East)/men/id03889/00052_id06269_wavtolip.npz,-6.275982856750488,-6.275982856750488,4.803231716156006,1
FakeVideo-RealAudio/Asian (East)/men/id03889/00052_id06591_wavtolip.npz,-5.2047858238220215,-5.2047858238220215,4.814183235168457,1
FakeVideo-RealAudio/Asian (East)/men/id03889/00052_id06878_wavtolip.npz,-5.493402481079102,-5.493402481079102,4.965268135070801,1
FakeVideo-RealAudio/Asian (East)/men/id08299/00110_0.npz,-2.844424247741699,-2.844424247741699,5.28997278213501,1
FakeVideo-RealAudio/Asian (East)/men/id08299/00110_1.npz,-6.204047203063965,-6.204047203063965,4.728758811950684,1
FakeVideo-RealAudio/Asian (East)/men/id08299/00110_2.npz,-5.771024227142334,-5.771024227142334,5.282684326171875,1
FakeVideo-RealAudio/Asian (East)/men/id08299/00110_3.npz,2.596677541732788,2.596677541732788,4.695151329040527,1
FakeVideo-RealAudio/Asian (East)/men/id08299/00110_id03028_wavtolip.npz,-6.335216999053955,-6.335216999053955,4.604115009307861,1
FakeVideo-RealAudio/Asian (East)/men/id08299/00110_id03965_wavtolip.npz,-6.329567909240723,-6.329567909240723,4.746356964111328,1
FakeVideo-RealAudio/Asian (East)/men/id08299/00110_id04726_wavtolip.npz,-4.929108619689941,-4.929108619689941,4.671868801116943,1
FakeVideo-RealAudio/Asian (East)/men/id08299/00110_id04789_wavtolip.npz,-6.317324638366699,-6.317324638366699,4.722448825836182,1
FakeVideo-RealAudio/Asian (East)/men/id08299/00110_id05268_wavtolip.npz,-6.314230442047119,-6.314230442047119,4.815357685089111,1
FakeVideo-RealAudio/Asian (East)/men/id08299/00110_id05332_wavtolip.npz,-6.290226459503174,-6.290226459503174,4.616763114929199,1
FakeVideo-RealAudio/Asian (East)/men/id08299/00110_id05479_wavtolip.npz,-5.5478668212890625,-5.5478668212890625,4.737281799316406,1
FakeVideo-RealAudio/Asian (East)/men/id08299/00110_id06467_wavtolip.npz,-6.307853698730469,-6.307853698730469,4.803420066833496,1
FakeVideo-RealAudio/Asian (East)/men/id08299/00110_id06807_wavtolip.npz,-6.269402503967285,-6.269402503967285,4.742774963378906,1
FakeVideo-RealAudio/Asian (East)/men/id08299/00110_id08299_wavtolip.npz,-6.319994926452637,-6.319994926452637,4.738107681274414,1
FakeVideo-RealAudio/Asian (East)/women/id08819/00052_id00137_wavtolip.npz,-6.095481872558594,-6.095481872558594,4.738302230834961,1
FakeVideo-RealAudio/Asian (East)/women/id08819/00052_id00566_wavtolip.npz,-6.303741455078125,-6.303741455078125,4.769691467285156,1
FakeVideo-RealAudio/Asian (East)/women/id08819/00052_id00579_yc8eTBM4N3c.npz,-5.312192440032959,-5.312192440032959,5.7085065841674805,1
FakeVideo-RealAudio/Asian (East)/women/id08819/00052_id00763_wavtolip.npz,-5.649362564086914,-5.649362564086914,5.337690830230713,1
FakeVideo-RealAudio/Asian (East)/women/id08819/00052_id01281_wavtolip.npz,-5.74136209487915,-5.74136209487915,5.1953816413879395,1
FakeVideo-RealAudio/Asian (East)/women/id08819/00052_id02807_eFC0STvhou4.npz,-5.307892322540283,-5.307892322540283,5.717240333557129,1
FakeVideo-RealAudio/Asian (East)/women/id08819/00052_id04701_7mnc8w6jRlM.npz,-5.3025288581848145,-5.3025288581848145,5.677609920501709,1
FakeVideo-RealAudio/Asian (East)/women/id08819/00052_id05576_g3SKd3BsV9I.npz,-5.308167457580566,-5.308167457580566,5.710900783538818,1
FakeVideo-RealAudio/Asian (East)/women/id08819/00052_id06060___Bf93SjJP0.npz,-5.3099446296691895,-5.3099446296691895,5.717880725860596,1
FakeVideo-RealAudio/Asian (East)/women/id08819/00052_id06066_9e5vgpwmruA.npz,-5.310115337371826,-5.310115337371826,5.706321716308594,1
FakeVideo-RealAudio/Asian (East)/women/id08819/00052_id07039_wavtolip.npz,-5.958937168121338,-5.958937168121338,4.9963698387146,1
FakeVideo-RealAudio/Asian (East)/women/id08819/00052_id07739_TmuvLVNBm8o.npz,-5.309220790863037,-5.309220790863037,5.712464809417725,1
FakeVideo-RealAudio/Asian (East)/women/id08819/00052_id07799_wavtolip.npz,-5.325328826904297,-5.325328826904297,5.685754776000977,1
FakeVideo-RealAudio/Asian (East)/women/id08819/00052_id08402_wavtolip.npz,-5.7879509925842285,-5.7879509925842285,5.224751949310303,1
FakeVideo-RealAudio/Asian (East)/women/id08819/00052_id08819_wavtolip.npz,-5.319277763366699,-5.319277763366699,5.702093601226807,1
FakeVideo-RealAudio/Asian (East)/women/id08819/00052_id09171_wavtolip.npz,-5.906743049621582,-5.906743049621582,5.151999473571777,1
FakeVideo-RealAudio/Asian (East)/women/id08819/00052_id09175_wavtolip.npz,-6.07506799697876,-6.07506799697876,4.904900550842285,1
FakeVideo-RealAudio/Asian (East)/women/id00566/00032_id00137_L22Rc38U5BA.npz,-5.758748531341553,-5.758748531341553,4.52582311630249,1
FakeVideo-RealAudio/Asian (East)/women/id00566/00032_id00935_wavtolip.npz,-6.352089881896973,-6.352089881896973,4.45585298538208,1
FakeVideo-RealAudio/Asian (East)/women/id00566/00032_id02587_KzwJPH5_8j0.npz,-6.322009086608887,-6.322009086608887,4.57981538772583,1
FakeVideo-RealAudio/Asian (East)/women/id00566/00032_id02587_KzwJPH5_8j0_faceswap.npz,-6.322638511657715,-6.322638511657715,4.506559371948242,1
FakeVideo-RealAudio/Asian (East)/women/id00566/00032_id02807_wavtolip.npz,-6.359215259552002,-6.359215259552002,4.590154647827148,1
FakeVideo-RealAudio/Asian (East)/women/id00566/00032_id03379_wavtolip.npz,-6.331325054168701,-6.331325054168701,4.480535984039307,1
FakeVideo-RealAudio/Asian (East)/women/id00566/00032_id04414_0sJN-9GIO-M.npz,-6.314022064208984,-6.314022064208984,4.499903202056885,1
FakeVideo-RealAudio/Asian (East)/women/id00566/00032_id04701_7mnc8w6jRlM.npz,-6.2976226806640625,-6.2976226806640625,4.509562969207764,1
FakeVideo-RealAudio/Asian (East)/women/id00566/00032_id05620_wavtolip.npz,-6.360506534576416,-6.360506534576416,4.501428604125977,1
FakeVideo-RealAudio/Asian (East)/women/id00566/00032_id05844_bkmHULxZv40.npz,-6.317300796508789,-6.317300796508789,4.508180141448975,1
FakeVideo-RealAudio/Asian (East)/women/id00566/00032_id06061_TckvmWR97vo.npz,-6.30571174621582,-6.30571174621582,4.525218963623047,1
FakeVideo-RealAudio/Asian (East)/women/id00566/00032_id06388_wavtolip.npz,-6.325856685638428,-6.325856685638428,4.496004581451416,1
FakeVideo-RealAudio/Asian (East)/women/id00566/00032_id06427_dBBAKe2EA_o.npz,-6.313030242919922,-6.313030242919922,4.524376392364502,1
FakeVideo-RealAudio/Asian (East)/women/id00566/00032_id06443_wavtolip.npz,-6.32355260848999,-6.32355260848999,4.6345906257629395,1
FakeVideo-RealAudio/Asian (East)/women/id00566/00032_id08397_wavtolip.npz,-0.6186145544052124,-0.6186145544052124,4.612930774688721,1
FakeVideo-RealAudio/Asian (East)/women/id00566/00032_id08402_wavtolip.npz,-5.8059821128845215,-5.8059821128845215,4.634555816650391,1
FakeVideo-RealAudio/Asian (East)/women/id00566/00032_id09125_wavtolip.npz,-5.47554349899292,-5.47554349899292,4.671354293823242,1
FakeVideo-RealAudio/Asian (East)/women/id00566/00032_id09174_Qspzu6tyArc.npz,-6.313312530517578,-6.313312530517578,4.460212707519531,1
FakeVideo-RealAudio/Asian (East)/women/id00566/00032_id09181_wavtolip.npz,-4.6969523429870605,-4.6969523429870605,4.6149373054504395,1
FakeVideo-RealAudio/Asian (East)/women/id05631/00073_id00137_L22Rc38U5BA.npz,-5.226039886474609,-5.226039886474609,5.027515411376953,1
FakeVideo-RealAudio/Asian (East)/women/id05631/00073_id00430_wavtolip.npz,-6.241694927215576,-6.241694927215576,4.805985927581787,1
FakeVideo-RealAudio/Asian (East)/women/id05631/00073_id01281_ojEe5zGWESc.npz,-4.595338821411133,-4.595338821411133,5.032276153564453,1
FakeVideo-RealAudio/Asian (East)/women/id05631/00073_id02587_KzwJPH5_8j0.npz,-5.596128463745117,-5.596128463745117,5.038071155548096,1
FakeVideo-RealAudio/Asian (East)/women/id05631/00073_id03379_wavtolip.npz,-6.237729549407959,-6.237729549407959,4.692111015319824,1
FakeVideo-RealAudio/Asian (East)/women/id05631/00073_id04057_SmHwNbR-498.npz,-4.878635883331299,-4.878635883331299,5.1052045822143555,1
FakeVideo-RealAudio/Asian (East)/women/id05631/00073_id04066_DkqznbB2WxQ.npz,-5.831638813018799,-5.831638813018799,5.025785446166992,1
FakeVideo-RealAudio/Asian (East)/women/id05631/00073_id04414_wavtolip.npz,-5.393314361572266,-5.393314361572266,4.745946884155273,1
FakeVideo-RealAudio/Asian (East)/women/id05631/00073_id04701_7mnc8w6jRlM.npz,-5.59528112411499,-5.59528112411499,5.026559352874756,1
FakeVideo-RealAudio/Asian (East)/women/id05631/00073_id05620_wavtolip.npz,-6.062232971191406,-6.062232971191406,5.038047790527344,1
FakeVideo-RealAudio/Asian (East)/women/id05631/00073_id05844_bkmHULxZv40.npz,-5.042232036590576,-5.042232036590576,5.073686599731445,1
FakeVideo-RealAudio/Asian (East)/women/id05631/00073_id06065_Rni34oVUpTA.npz,-4.76596212387085,-4.76596212387085,5.040174961090088,1
FakeVideo-RealAudio/Asian (East)/women/id05631/00073_id06065_Rni34oVUpTA_faceswap.npz,-5.101767063140869,-5.101767063140869,5.044032573699951,1
FakeVideo-RealAudio/Asian (East)/women/id05631/00073_id06388_wavtolip.npz,-6.060135364532471,-6.060135364532471,4.929773807525635,1
FakeVideo-RealAudio/Asian (East)/women/id05631/00073_id06462_wavtolip.npz,-6.085724353790283,-6.085724353790283,4.879077434539795,1
FakeVideo-RealAudio/Asian (East)/women/id05631/00073_id07383_wavtolip.npz,-5.970273494720459,-5.970273494720459,5.033700466156006,1
FakeVideo-RealAudio/Asian (East)/women/id05631/00073_id09171_wavtolip.npz,-5.982629776000977,-5.982629776000977,5.061844825744629,1
FakeVideo-RealAudio/Asian (East)/women/id05631/00073_id09175_wavtolip.npz,-6.082298278808594,-6.082298278808594,4.894603729248047,1
FakeVideo-RealAudio/Asian (East)/women/id05631/00073_id09181_wavtolip.npz,-5.862804412841797,-5.862804412841797,5.049160957336426,1
FakeVideo-RealAudio/Asian (East)/women/id06054/00010_id00430_wavtolip.npz,-6.24564266204834,-6.24564266204834,4.789918422698975,1
FakeVideo-RealAudio/Asian (East)/women/id06054/00010_id00579_yc8eTBM4N3c.npz,-2.6557018756866455,-2.6557018756866455,5.0110626220703125,1
FakeVideo-RealAudio/Asian (East)/women/id06054/00010_id00579_yc8eTBM4N3c_faceswap.npz,-3.265536069869995,-3.265536069869995,4.919759750366211,1
FakeVideo-RealAudio/Asian (East)/women/id06054/00010_id00763_wavtolip.npz,-3.648874044418335,-3.648874044418335,4.839033126831055,1
FakeVideo-RealAudio/Asian (East)/women/id06054/00010_id01281_wavtolip.npz,-5.895291328430176,-5.895291328430176,4.8679728507995605,1
FakeVideo-RealAudio/Asian (East)/women/id06054/00010_id02587_KzwJPH5_8j0.npz,-2.4765543937683105,-2.4765543937683105,4.9745893478393555,1
FakeVideo-RealAudio/Asian (East)/women/id06054/00010_id02807_eFC0STvhou4.npz,-2.749567985534668,-2.749567985534668,4.9696502685546875,1
FakeVideo-RealAudio/Asian (East)/women/id06054/00010_id03379_wavtolip.npz,-6.235611915588379,-6.235611915588379,4.685274600982666,1
FakeVideo-RealAudio/Asian (East)/women/id06054/00010_id04057_SmHwNbR-498.npz,-2.9306507110595703,-2.9306507110595703,5.010867595672607,1
FakeVideo-RealAudio/Asian (East)/women/id06054/00010_id04066_wavtolip.npz,-6.1093902587890625,-6.1093902587890625,4.8932719230651855,1
FakeVideo-RealAudio/Asian (East)/women/id06054/00010_id04144__FJg9YswRzQ.npz,-2.9269793033599854,-2.9269793033599854,4.909539699554443,1
FakeVideo-RealAudio/Asian (East)/women/id06054/00010_id06054_wavtolip.npz,-4.374452590942383,-4.374452590942383,4.908043384552002,1
FakeVideo-RealAudio/Asian (East)/women/id06054/00010_id06462_Nn79kE76MA4.npz,-2.6142399311065674,-2.6142399311065674,4.914285182952881,1
FakeVideo-RealAudio/Asian (East)/women/id06054/00010_id06462_wavtolip.npz,-6.131731986999512,-6.131731986999512,4.842122554779053,1
FakeVideo-RealAudio/Asian (East)/women/id06054/00010_id07039_wavtolip.npz,-6.094450950622559,-6.094450950622559,4.77921199798584,1
FakeVideo-RealAudio/Asian (East)/women/id06054/00010_id07901_wavtolip.npz,-6.363171100616455,-6.363171100616455,4.654618740081787,1
FakeVideo-RealAudio/Asian (East)/women/id06054/00010_id08402_nedfiSXfmQ0.npz,-2.571984052658081,-2.571984052658081,4.936285495758057,1
FakeVideo-RealAudio/Asian (East)/women/id06054/00010_id08819_uDQ-DFVg5Sk.npz,-2.8662867546081543,-2.8662867546081543,4.847053527832031,1
FakeVideo-RealAudio/Asian (East)/women/id06054/00010_id09175_wavtolip.npz,-6.114809513092041,-6.114809513092041,4.815809726715088,1
FakeVideo-RealAudio/Asian (East)/women/id04701/00017_id00137_wavtolip.npz,-3.085094928741455,-3.085094928741455,4.861271858215332,1
FakeVideo-RealAudio/Asian (East)/women/id04701/00017_id00582_wavtolip.npz,-6.097020149230957,-6.097020149230957,4.875198841094971,1
FakeVideo-RealAudio/Asian (East)/women/id04701/00017_id01451_wavtolip.npz,-6.089268684387207,-6.089268684387207,4.9123029708862305,1
FakeVideo-RealAudio/Asian (East)/women/id04701/00017_id03940_axeR0CLu96U.npz,-6.06937837600708,-6.06937837600708,4.806509971618652,1
FakeVideo-RealAudio/Asian (East)/women/id04701/00017_id04144__FJg9YswRzQ.npz,-6.026298522949219,-6.026298522949219,4.820756912231445,1
FakeVideo-RealAudio/Asian (East)/women/id04701/00017_id04144_wavtolip.npz,-5.330733299255371,-5.330733299255371,4.904558181762695,1
FakeVideo-RealAudio/Asian (East)/women/id04701/00017_id04414_0sJN-9GIO-M.npz,-6.068075656890869,-6.068075656890869,4.815093517303467,1
FakeVideo-RealAudio/Asian (East)/women/id04701/00017_id05631_wavtolip.npz,-6.030115127563477,-6.030115127563477,4.932288646697998,1
FakeVideo-RealAudio/Asian (East)/women/id04701/00017_id06054_wavtolip.npz,-4.579092025756836,-4.579092025756836,4.91825532913208,1
FakeVideo-RealAudio/Asian (East)/women/id04701/00017_id06061_wavtolip.npz,-6.049930095672607,-6.049930095672607,4.9418816566467285,1
FakeVideo-RealAudio/Asian (East)/women/id04701/00017_id06066_wavtolip.npz,-6.070440292358398,-6.070440292358398,4.805334091186523,1
FakeVideo-RealAudio/Asian (East)/women/id04701/00017_id06225_wavtolip.npz,-5.72556734085083,-5.72556734085083,4.911303520202637,1
FakeVideo-RealAudio/Asian (East)/women/id04701/00017_id06462_Nn79kE76MA4.npz,-6.069063186645508,-6.069063186645508,4.828452110290527,1
FakeVideo-RealAudio/Asian (East)/women/id04701/00017_id06462_Nn79kE76MA4_faceswap.npz,-6.0632829666137695,-6.0632829666137695,4.83669900894165,1
FakeVideo-RealAudio/Asian (East)/women/id04701/00017_id07739_TmuvLVNBm8o.npz,-6.068264484405518,-6.068264484405518,4.805845737457275,1
FakeVideo-RealAudio/Asian (East)/women/id04701/00017_id07799_gO6nidmxrJU.npz,-6.025773048400879,-6.025773048400879,4.846776485443115,1
FakeVideo-RealAudio/Asian (East)/women/id04701/00017_id07799_wavtolip.npz,-6.092161655426025,-6.092161655426025,4.8531174659729,1
FakeVideo-RealAudio/Asian (East)/women/id04701/00017_id09174_Qspzu6tyArc.npz,-6.067500114440918,-6.067500114440918,4.828797340393066,1
FakeVideo-RealAudio/Asian (East)/women/id04701/00017_id09175_YWe7UOnEyHU.npz,-6.070969104766846,-6.070969104766846,4.823634147644043,1
FakeVideo-RealAudio/Asian (East)/women/id09174/00015_id00137_L22Rc38U5BA.npz,-3.619971752166748,-3.619971752166748,4.647604465484619,1
FakeVideo-RealAudio/Asian (East)/women/id09174/00015_id00582_9gvF6IohoUI.npz,-3.243523597717285,-3.243523597717285,4.614806652069092,1
FakeVideo-RealAudio/Asian (East)/women/id09174/00015_id00763_wavtolip.npz,-3.791715621948242,-3.791715621948242,4.566511154174805,1
FakeVideo-RealAudio/Asian (East)/women/id09174/00015_id02587_KzwJPH5_8j0.npz,-2.51924991607666,-2.51924991607666,4.597604274749756,1
FakeVideo-RealAudio/Asian (East)/women/id09174/00015_id02587_KzwJPH5_8j0_faceswap.npz,-2.9229984283447266,-2.9229984283447266,4.600168228149414,1
FakeVideo-RealAudio/Asian (East)/women/id09174/00015_id03211_wavtolip.npz,-3.5321061611175537,-3.5321061611175537,4.677920341491699,1
FakeVideo-RealAudio/Asian (East)/women/id09174/00015_id04701_7mnc8w6jRlM.npz,-5.151395797729492,-5.151395797729492,4.5742106437683105,1
FakeVideo-RealAudio/Asian (East)/women/id09174/00015_id04701_wavtolip.npz,-6.110836982727051,-6.110836982727051,4.604063510894775,1
FakeVideo-RealAudio/Asian (East)/women/id09174/00015_id05576_wavtolip.npz,-6.3826189041137695,-6.3826189041137695,4.571026802062988,1
FakeVideo-RealAudio/Asian (East)/women/id09174/00015_id05620_DmPPLeOZkHo.npz,-4.110189437866211,-4.110189437866211,4.5664496421813965,1
FakeVideo-RealAudio/Asian (East)/women/id09174/00015_id05631_wavtolip.npz,-6.244025707244873,-6.244025707244873,4.631630897521973,1
FakeVideo-RealAudio/Asian (East)/women/id09174/00015_id05844_bkmHULxZv40.npz,-4.307951927185059,-4.307951927185059,4.568371772766113,1
FakeVideo-RealAudio/Asian (East)/women/id09174/00015_id06065_wavtolip.npz,-6.37773323059082,-6.37773323059082,4.507008075714111,1
FakeVideo-RealAudio/Asian (East)/women/id09174/00015_id06462_Nn79kE76MA4.npz,-4.579616546630859,-4.579616546630859,4.5769877433776855,1
FakeVideo-RealAudio/Asian (East)/women/id09174/00015_id06462_wavtolip.npz,-6.350676536560059,-6.350676536560059,4.659200191497803,1
FakeVideo-RealAudio/Asian (East)/women/id09174/00015_id07039_wavtolip.npz,-6.347412586212158,-6.347412586212158,4.564802169799805,1
FakeVideo-RealAudio/Asian (East)/women/id09174/00015_id07799_gO6nidmxrJU.npz,-2.4420554637908936,-2.4420554637908936,4.596334934234619,1
FakeVideo-RealAudio/Asian (East)/women/id09174/00015_id09125_wavtolip.npz,-4.239187240600586,-4.239187240600586,4.735921859741211,1
FakeVideo-RealAudio/Asian (East)/women/id09174/00015_id09174_wavtolip.npz,-3.5533382892608643,-3.5533382892608643,4.6301655769348145,1
FakeVideo-RealAudio/Asian (East)/women/id09125/00098_id00137_L22Rc38U5BA.npz,-5.766195774078369,-5.766195774078369,5.311443328857422,1
FakeVideo-RealAudio/Asian (East)/women/id09125/00098_id00137_wavtolip.npz,-5.436690330505371,-5.436690330505371,4.8295135498046875,1
FakeVideo-RealAudio/Asian (East)/women/id09125/00098_id00579_yc8eTBM4N3c.npz,-1.0170313119888306,-1.0170313119888306,5.195870399475098,1
FakeVideo-RealAudio/Asian (East)/women/id09125/00098_id02807_wavtolip.npz,-6.006989002227783,-6.006989002227783,4.931605339050293,1
FakeVideo-RealAudio/Asian (East)/women/id09125/00098_id03211_HK4oe6Hi91E.npz,1.3710086345672607,1.3710086345672607,5.139528751373291,1
FakeVideo-RealAudio/Asian (East)/women/id09125/00098_id06060_wavtolip.npz,-4.228081703186035,-4.228081703186035,4.667129039764404,1
FakeVideo-RealAudio/Asian (East)/women/id09125/00098_id06061_wavtolip.npz,-5.841559886932373,-5.841559886932373,4.9974565505981445,1
FakeVideo-RealAudio/Asian (East)/women/id09125/00098_id06066_wavtolip.npz,-5.9681172370910645,-5.9681172370910645,4.8196940422058105,1
FakeVideo-RealAudio/Asian (East)/women/id09125/00098_id06225_AERbd8rJHDw.npz,-1.161417007446289,-1.161417007446289,5.250275135040283,1
FakeVideo-RealAudio/Asian (East)/women/id09125/00098_id06225_wavtolip.npz,-5.849661827087402,-5.849661827087402,5.087643146514893,1
FakeVideo-RealAudio/Asian (East)/women/id09125/00098_id06462_Nn79kE76MA4.npz,-2.699500560760498,-2.699500560760498,5.162663459777832,1
FakeVideo-RealAudio/Asian (East)/women/id09125/00098_id07739_TmuvLVNBm8o.npz,0.3480711579322815,0.3480711579322815,5.1385698318481445,1
FakeVideo-RealAudio/Asian (East)/women/id09125/00098_id08397_wavtolip.npz,-0.35434913635253906,-0.35434913635253906,4.691993713378906,1
FakeVideo-RealAudio/Asian (East)/women/id09125/00098_id09125_wavtolip.npz,-4.327640533447266,-4.327640533447266,5.180954933166504,1
FakeVideo-RealAudio/Asian (East)/women/id09125/00098_id09171_wavtolip.npz,-5.910499095916748,-5.910499095916748,5.060989856719971,1
FakeVideo-RealAudio/Asian (East)/women/id09125/00098_id09181_wavtolip.npz,-5.3189921379089355,-5.3189921379089355,5.126385688781738,1
FakeVideo-RealAudio/Asian (East)/women/id09125/00098_id09181_ypUYBHscgD8.npz,-4.589841365814209,-4.589841365814209,5.164213180541992,1
FakeVideo-RealAudio/Asian (East)/women/id05620/00005_id00137_L22Rc38U5BA.npz,-5.849603176116943,-5.849603176116943,4.924190044403076,1
FakeVideo-RealAudio/Asian (East)/women/id05620/00005_id00566_V3Hg_HMhuwQ.npz,-5.912071228027344,-5.912071228027344,4.923734188079834,1
FakeVideo-RealAudio/Asian (East)/women/id05620/00005_id00935_wavtolip.npz,-6.0369720458984375,-6.0369720458984375,4.861815929412842,1
FakeVideo-RealAudio/Asian (East)/women/id05620/00005_id02807_eFC0STvhou4.npz,-5.991708278656006,-5.991708278656006,4.96824836730957,1
FakeVideo-RealAudio/Asian (East)/women/id05620/00005_id02807_wavtolip.npz,-6.059312343597412,-6.059312343597412,4.956425189971924,1
FakeVideo-RealAudio/Asian (East)/women/id05620/00005_id03211_wavtolip.npz,-6.014584541320801,-6.014584541320801,5.018770217895508,1
FakeVideo-RealAudio/Asian (East)/women/id05620/00005_id04701_7mnc8w6jRlM.npz,-5.9799957275390625,-5.9799957275390625,4.891176223754883,1
FakeVideo-RealAudio/Asian (East)/women/id05620/00005_id05844_wavtolip.npz,1.8798315525054932,1.8798315525054932,4.8549699783325195,1
FakeVideo-RealAudio/Asian (East)/women/id05620/00005_id06060_wavtolip.npz,-2.216125249862671,-2.216125249862671,4.729471206665039,1
FakeVideo-RealAudio/Asian (East)/women/id05620/00005_id06061_TckvmWR97vo.npz,-5.951916694641113,-5.951916694641113,4.923061370849609,1
FakeVideo-RealAudio/Asian (East)/women/id05620/00005_id06061_TckvmWR97vo_faceswap.npz,-4.187825679779053,-4.187825679779053,5.024495601654053,1
FakeVideo-RealAudio/Asian (East)/women/id05620/00005_id06066_9e5vgpwmruA.npz,-6.008345603942871,-6.008345603942871,4.9807868003845215,1
FakeVideo-RealAudio/Asian (East)/women/id05620/00005_id06388_wavtolip.npz,-6.031188011169434,-6.031188011169434,4.993564128875732,1
FakeVideo-RealAudio/Asian (East)/women/id05620/00005_id07383_G9gjJrz6L94.npz,-5.9753313064575195,-5.9753313064575195,4.9780659675598145,1
FakeVideo-RealAudio/Asian (East)/women/id05620/00005_id07901_wavtolip.npz,-6.34405517578125,-6.34405517578125,4.6319098472595215,1
FakeVideo-RealAudio/Asian (East)/women/id05620/00005_id08139_wavtolip.npz,-6.032383918762207,-6.032383918762207,4.999922752380371,1
FakeVideo-RealAudio/Asian (East)/women/id05620/00005_id09116_wavtolip.npz,-6.282739639282227,-6.282739639282227,4.737553119659424,1
FakeVideo-RealAudio/Asian (East)/women/id05620/00005_id09125_wavtolip.npz,-5.355326175689697,-5.355326175689697,5.009596824645996,1
FakeVideo-RealAudio/Asian (East)/women/id05576/00368_id00363_XNRwEZtddRk.npz,-5.8320393562316895,-5.8320393562316895,5.197845458984375,1
FakeVideo-RealAudio/Asian (East)/women/id05576/00368_id00582_9gvF6IohoUI.npz,-5.833595275878906,-5.833595275878906,5.215909481048584,1
FakeVideo-RealAudio/Asian (East)/women/id05576/00368_id01281_wavtolip.npz,-5.643945693969727,-5.643945693969727,5.116072177886963,1
FakeVideo-RealAudio/Asian (East)/women/id05576/00368_id02807_eFC0STvhou4.npz,-5.832721710205078,-5.832721710205078,5.148448467254639,1
FakeVideo-RealAudio/Asian (East)/women/id05576/00368_id04057_wavtolip.npz,-5.614258766174316,-5.614258766174316,5.032932281494141,1
FakeVideo-RealAudio/Asian (East)/women/id05576/00368_id05620_wavtolip.npz,-6.049172878265381,-6.049172878265381,4.910571098327637,1
FakeVideo-RealAudio/Asian (East)/women/id05576/00368_id06066_9e5vgpwmruA.npz,-5.8316216468811035,-5.8316216468811035,5.183170318603516,1
FakeVideo-RealAudio/Asian (East)/women/id05576/00368_id06066_wavtolip.npz,-5.961614608764648,-5.961614608764648,4.957951068878174,1
FakeVideo-RealAudio/Asian (East)/women/id05576/00368_id06158_C6FpHdewEzA.npz,-5.830599784851074,-5.830599784851074,5.190354824066162,1
FakeVideo-RealAudio/Asian (East)/women/id05576/00368_id06158_wavtolip.npz,-5.9084343910217285,-5.9084343910217285,4.817124843597412,1
FakeVideo-RealAudio/Asian (East)/women/id05576/00368_id06427_wavtolip.npz,-6.110548496246338,-6.110548496246338,4.831266403198242,1
FakeVideo-RealAudio/Asian (East)/women/id05576/00368_id07739_wavtolip.npz,-3.7821524143218994,-3.7821524143218994,5.0241827964782715,1
FakeVideo-RealAudio/Asian (East)/women/id05576/00368_id08397_zvY3EjwSL1Q.npz,-5.821070194244385,-5.821070194244385,5.178880214691162,1
FakeVideo-RealAudio/Asian (East)/women/id05576/00368_id08819_uDQ-DFVg5Sk.npz,-5.830968856811523,-5.830968856811523,5.123330116271973,1
FakeVideo-RealAudio/Asian (East)/women/id05576/00368_id09116_wavtolip.npz,-6.273309230804443,-6.273309230804443,4.695880889892578,1
FakeVideo-RealAudio/Asian (East)/women/id05576/00368_id09174_wavtolip.npz,-4.457201957702637,-4.457201957702637,4.5197319984436035,1
FakeVideo-RealAudio/Asian (East)/women/id05576/00368_id09175_YWe7UOnEyHU.npz,-5.816760063171387,-5.816760063171387,5.198073863983154,1
FakeVideo-RealAudio/Asian (East)/women/id05576/00368_id09181_wavtolip.npz,-5.09321403503418,-5.09321403503418,5.148283004760742,1
FakeVideo-RealAudio/Asian (East)/women/id06388/00005_id00137_wavtolip.npz,-4.221854209899902,-4.221854209899902,4.6704182624816895,1
FakeVideo-RealAudio/Asian (East)/women/id06388/00005_id00763_wavtolip.npz,-5.706052780151367,-5.706052780151367,4.971086502075195,1
FakeVideo-RealAudio/Asian (East)/women/id06388/00005_id01281_ojEe5zGWESc.npz,-6.023879051208496,-6.023879051208496,4.818042278289795,1
FakeVideo-RealAudio/Asian (East)/women/id06388/00005_id01281_ojEe5zGWESc_faceswap.npz,-5.910894393920898,-5.910894393920898,4.864488124847412,1
FakeVideo-RealAudio/Asian (East)/women/id06388/00005_id03211_HK4oe6Hi91E.npz,-5.990650177001953,-5.990650177001953,4.869836807250977,1
FakeVideo-RealAudio/Asian (East)/women/id06388/00005_id03211_wavtolip.npz,-5.491875648498535,-5.491875648498535,4.957192420959473,1
FakeVideo-RealAudio/Asian (East)/women/id06388/00005_id04057_wavtolip.npz,-5.4886474609375,-5.4886474609375,4.87106990814209,1
FakeVideo-RealAudio/Asian (East)/women/id06388/00005_id04701_wavtolip.npz,-6.090694427490234,-6.090694427490234,4.730062007904053,1
FakeVideo-RealAudio/Asian (East)/women/id06388/00005_id05620_wavtolip.npz,-6.059270858764648,-6.059270858764648,4.9532036781311035,1
FakeVideo-RealAudio/Asian (East)/women/id06388/00005_id06060_wavtolip.npz,-1.5780590772628784,-1.5780590772628784,4.636294841766357,1
FakeVideo-RealAudio/Asian (East)/women/id06388/00005_id06065_wavtolip.npz,-6.080740928649902,-6.080740928649902,4.932502269744873,1
FakeVideo-RealAudio/Asian (East)/women/id06388/00005_id06443_wavtolip.npz,-5.999309062957764,-5.999309062957764,4.901215553283691,1
FakeVideo-RealAudio/Asian (East)/women/id06388/00005_id07383_G9gjJrz6L94.npz,-6.042588233947754,-6.042588233947754,4.866244316101074,1
FakeVideo-RealAudio/Asian (East)/women/id06388/00005_id07799_wavtolip.npz,-6.046579837799072,-6.046579837799072,4.838443756103516,1
FakeVideo-RealAudio/Asian (East)/women/id06388/00005_id08402_nedfiSXfmQ0.npz,-5.763974666595459,-5.763974666595459,4.898275375366211,1
FakeVideo-RealAudio/Asian (East)/women/id06388/00005_id09171_B-JRLp6chC0.npz,-5.964485168457031,-5.964485168457031,4.920337677001953,1
FakeVideo-RealAudio/Asian (East)/women/id06388/00005_id09175_YWe7UOnEyHU.npz,-5.935107231140137,-5.935107231140137,4.92667818069458,1
FakeVideo-RealAudio/Asian (East)/women/id06388/00005_id09181_ypUYBHscgD8.npz,-5.978964805603027,-5.978964805603027,4.880797386169434,1
FakeVideo-RealAudio/Asian (East)/women/id00582/00006_id00566_wavtolip.npz,-6.337847709655762,-6.337847709655762,4.563792705535889,1
FakeVideo-RealAudio/Asian (East)/women/id00582/00006_id00582_wavtolip.npz,-5.483425617218018,-5.483425617218018,5.561411380767822,1
FakeVideo-RealAudio/Asian (East)/women/id00582/00006_id02807_eFC0STvhou4.npz,-5.47373628616333,-5.47373628616333,5.6020965576171875,1
FakeVideo-RealAudio/Asian (East)/women/id00582/00006_id03211_HK4oe6Hi91E.npz,-5.461966514587402,-5.461966514587402,5.619662284851074,1
FakeVideo-RealAudio/Asian (East)/women/id00582/00006_id03211_wavtolip.npz,-5.91348934173584,-5.91348934173584,4.939769744873047,1
FakeVideo-RealAudio/Asian (East)/women/id00582/00006_id03379_A32nCObAHiI.npz,-5.459713459014893,-5.459713459014893,5.637287616729736,1
FakeVideo-RealAudio/Asian (East)/women/id00582/00006_id03379_A32nCObAHiI_faceswap.npz,-5.480037212371826,-5.480037212371826,5.627851963043213,1
FakeVideo-RealAudio/Asian (East)/women/id00582/00006_id04144__FJg9YswRzQ.npz,-5.462102890014648,-5.462102890014648,5.619661808013916,1
FakeVideo-RealAudio/Asian (East)/women/id00582/00006_id06388_AtidJ-WlONc.npz,-5.467767715454102,-5.467767715454102,5.583497524261475,1
FakeVideo-RealAudio/Asian (East)/women/id00582/00006_id06462_wavtolip.npz,-4.276213645935059,-4.276213645935059,4.79788875579834,1
FakeVideo-RealAudio/Asian (East)/women/id00582/00006_id07739_wavtolip.npz,-2.5526211261749268,-2.5526211261749268,5.141178131103516,1
FakeVideo-RealAudio/Asian (East)/women/id00582/00006_id07901_wavtolip.npz,-6.3850250244140625,-6.3850250244140625,4.629885196685791,1
FakeVideo-RealAudio/Asian (East)/women/id00582/00006_id08397_wavtolip.npz,-1.3442341089248657,-1.3442341089248657,4.779335021972656,1
FakeVideo-RealAudio/Asian (East)/women/id00582/00006_id08402_wavtolip.npz,-5.797837257385254,-5.797837257385254,5.1168599128723145,1
FakeVideo-RealAudio/Asian (East)/women/id00582/00006_id08819_wavtolip.npz,-5.490417957305908,-5.490417957305908,5.443459510803223,1
FakeVideo-RealAudio/Asian (East)/women/id00582/00006_id09171_wavtolip.npz,-5.910336971282959,-5.910336971282959,5.132993698120117,1
FakeVideo-RealAudio/Asian (East)/women/id00582/00006_id09174_Qspzu6tyArc.npz,-5.477779865264893,-5.477779865264893,5.610579967498779,1
FakeVideo-RealAudio/Asian (East)/women/id00582/00006_id09181_ypUYBHscgD8.npz,-5.463057041168213,-5.463057041168213,5.609168529510498,1
FakeVideo-RealAudio/Asian (East)/women/id00363/00014_id00566_wavtolip.npz,-6.350611209869385,-6.350611209869385,4.5450849533081055,1
FakeVideo-RealAudio/Asian (East)/women/id00363/00014_id00763_lI1GEn3Ima0.npz,-3.009303092956543,-3.009303092956543,4.753903388977051,1
FakeVideo-RealAudio/Asian (East)/women/id00363/00014_id00935_wavtolip.npz,-5.2327680587768555,-5.2327680587768555,4.561639785766602,1
FakeVideo-RealAudio/Asian (East)/women/id00363/00014_id03379_A32nCObAHiI.npz,-2.5422749519348145,-2.5422749519348145,4.725406646728516,1
FakeVideo-RealAudio/Asian (East)/women/id00363/00014_id03940_wavtolip.npz,-6.331301689147949,-6.331301689147949,4.517582416534424,1
FakeVideo-RealAudio/Asian (East)/women/id00363/00014_id04144__FJg9YswRzQ.npz,-2.3864777088165283,-2.3864777088165283,4.7263946533203125,1
FakeVideo-RealAudio/Asian (East)/women/id00363/00014_id04701_7mnc8w6jRlM.npz,-2.9267630577087402,-2.9267630577087402,4.7511372566223145,1
FakeVideo-RealAudio/Asian (East)/women/id00363/00014_id04701_wavtolip.npz,-6.0115966796875,-6.0115966796875,4.429193496704102,1
FakeVideo-RealAudio/Asian (East)/women/id00363/00014_id05576_g3SKd3BsV9I.npz,-2.6106324195861816,-2.6106324195861816,4.721380710601807,1
FakeVideo-RealAudio/Asian (East)/women/id00363/00014_id05620_wavtolip.npz,-6.3755011558532715,-6.3755011558532715,4.598368167877197,1
FakeVideo-RealAudio/Asian (East)/women/id00363/00014_id05844_wavtolip.npz,-6.188591957092285,-6.188591957092285,4.614313125610352,1
FakeVideo-RealAudio/Asian (East)/women/id00363/00014_id06060_wavtolip.npz,-2.8224761486053467,-2.8224761486053467,4.6012115478515625,1
FakeVideo-RealAudio/Asian (East)/women/id00363/00014_id06066_9e5vgpwmruA.npz,-2.8383142948150635,-2.8383142948150635,4.757140636444092,1
FakeVideo-RealAudio/Asian (East)/women/id00363/00014_id06066_wavtolip.npz,-6.357381343841553,-6.357381343841553,4.452414035797119,1
FakeVideo-RealAudio/Asian (East)/women/id00363/00014_id06427_wavtolip.npz,-6.378824710845947,-6.378824710845947,4.568659782409668,1
FakeVideo-RealAudio/Asian (East)/women/id00363/00014_id08139_wavtolip.npz,-6.370811462402344,-6.370811462402344,4.513411998748779,1
FakeVideo-RealAudio/Asian (East)/women/id00363/00014_id09175_YWe7UOnEyHU.npz,-2.8207285404205322,-2.8207285404205322,4.747251033782959,1
FakeVideo-RealAudio/Asian (East)/women/id06158/00015_id00137_wavtolip.npz,-4.538150310516357,-4.538150310516357,4.7703704833984375,1
FakeVideo-RealAudio/Asian (East)/women/id06158/00015_id01281_ojEe5zGWESc.npz,-6.060877323150635,-6.060877323150635,4.777137756347656,1
FakeVideo-RealAudio/Asian (East)/women/id06158/00015_id02807_eFC0STvhou4.npz,-6.045718193054199,-6.045718193054199,4.85507345199585,1
FakeVideo-RealAudio/Asian (East)/women/id06158/00015_id03940_axeR0CLu96U.npz,-5.83301305770874,-5.83301305770874,4.790129661560059,1
FakeVideo-RealAudio/Asian (East)/women/id06158/00015_id03940_axeR0CLu96U_faceswap.npz,-6.070802211761475,-6.070802211761475,4.833175182342529,1
FakeVideo-RealAudio/Asian (East)/women/id06158/00015_id03940_wavtolip.npz,-6.117912769317627,-6.117912769317627,4.798353672027588,1
FakeVideo-RealAudio/Asian (East)/women/id06158/00015_id04057_wavtolip.npz,-6.023029327392578,-6.023029327392578,4.952474594116211,1
FakeVideo-RealAudio/Asian (East)/women/id06158/00015_id04701_7mnc8w6jRlM.npz,-5.953141212463379,-5.953141212463379,4.790070533752441,1
FakeVideo-RealAudio/Asian (East)/women/id06158/00015_id05844_bkmHULxZv40.npz,-6.059666156768799,-6.059666156768799,4.818626403808594,1
FakeVideo-RealAudio/Asian (East)/women/id06158/00015_id06066_wavtolip.npz,-6.071602821350098,-6.071602821350098,4.857599258422852,1
FakeVideo-RealAudio/Asian (East)/women/id06158/00015_id06443_wavtolip.npz,-6.136819362640381,-6.136819362640381,4.85844612121582,1
FakeVideo-RealAudio/Asian (East)/women/id06158/00015_id06462_wavtolip.npz,3.9586777687072754,3.9586777687072754,4.925266265869141,1
FakeVideo-RealAudio/Asian (East)/women/id06158/00015_id07383_wavtolip.npz,-6.1363205909729,-6.1363205909729,4.899220943450928,1
FakeVideo-RealAudio/Asian (East)/women/id06158/00015_id08397_zvY3EjwSL1Q.npz,-6.051515579223633,-6.051515579223633,4.811277866363525,1
FakeVideo-RealAudio/Asian (East)/women/id06158/00015_id09116_wavtolip.npz,-6.262025833129883,-6.262025833129883,4.790102958679199,1
FakeVideo-RealAudio/Asian (East)/women/id06158/00015_id09125_wavtolip.npz,-0.8971901535987854,-0.8971901535987854,4.968101978302002,1
FakeVideo-RealAudio/Asian (East)/women/id06158/00015_id09174_wavtolip.npz,-5.52758264541626,-5.52758264541626,4.566926956176758,1
FakeVideo-RealAudio/Asian (East)/women/id03211/00032_id00582_9gvF6IohoUI.npz,-5.8418097496032715,-5.8418097496032715,5.058749675750732,1
FakeVideo-RealAudio/Asian (East)/women/id03211/00032_id00582_9gvF6IohoUI_faceswap.npz,-5.830122947692871,-5.830122947692871,5.020349979400635,1
FakeVideo-RealAudio/Asian (East)/women/id03211/00032_id00935_wavtolip.npz,-5.927108287811279,-5.927108287811279,4.881231784820557,1
FakeVideo-RealAudio/Asian (East)/women/id03211/00032_id02587_KzwJPH5_8j0.npz,-5.865460395812988,-5.865460395812988,5.05142068862915,1
FakeVideo-RealAudio/Asian (East)/women/id03211/00032_id02587_wavtolip.npz,-4.434338569641113,-4.434338569641113,4.971349239349365,1
FakeVideo-RealAudio/Asian (East)/women/id03211/00032_id03940_axeR0CLu96U.npz,-5.870546340942383,-5.870546340942383,5.051802158355713,1
FakeVideo-RealAudio/Asian (East)/women/id03211/00032_id04057_wavtolip.npz,-5.915970325469971,-5.915970325469971,5.070054531097412,1
FakeVideo-RealAudio/Asian (East)/women/id03211/00032_id04066_DkqznbB2WxQ.npz,-5.870026588439941,-5.870026588439941,5.056029796600342,1
FakeVideo-RealAudio/Asian (East)/women/id03211/00032_id04066_wavtolip.npz,-5.82003116607666,-5.82003116607666,5.158234596252441,1
FakeVideo-RealAudio/Asian (East)/women/id03211/00032_id04414_0sJN-9GIO-M.npz,-5.868931770324707,-5.868931770324707,5.092411994934082,1
FakeVideo-RealAudio/Asian (East)/women/id03211/00032_id04701_wavtolip.npz,-6.082461357116699,-6.082461357116699,4.791427135467529,1
FakeVideo-RealAudio/Asian (East)/women/id03211/00032_id06066_wavtolip.npz,-5.980772018432617,-5.980772018432617,4.976248741149902,1
FakeVideo-RealAudio/Asian (East)/women/id03211/00032_id06158_C6FpHdewEzA.npz,-5.5294904708862305,-5.5294904708862305,5.137908935546875,1
FakeVideo-RealAudio/Asian (East)/women/id03211/00032_id06225_AERbd8rJHDw.npz,-5.691594123840332,-5.691594123840332,5.025691032409668,1
FakeVideo-RealAudio/Asian (East)/women/id03211/00032_id06225_wavtolip.npz,-5.92953634262085,-5.92953634262085,5.029294013977051,1
FakeVideo-RealAudio/Asian (East)/women/id03211/00032_id06427_dBBAKe2EA_o.npz,-5.859886169433594,-5.859886169433594,5.123585224151611,1
FakeVideo-RealAudio/Asian (East)/women/id03211/00032_id09116_wavtolip.npz,-6.282291412353516,-6.282291412353516,4.757903099060059,1
FakeVideo-RealAudio/Asian (East)/women/id03211/00032_id09125_wavtolip.npz,-5.763350963592529,-5.763350963592529,5.165867328643799,1
FakeVideo-RealAudio/Asian (East)/women/id03211/00032_id09171_wavtolip.npz,-5.953982353210449,-5.953982353210449,4.917410850524902,1
FakeVideo-RealAudio/Caucasian (European)/men/id01052/00072_0.npz,-5.533858776092529,-5.533858776092529,5.175684928894043,1
FakeVideo-RealAudio/Caucasian (European)/men/id01052/00076_0.npz,-2.7127363681793213,-2.7127363681793213,5.03563117980957,1
FakeVideo-RealAudio/Caucasian (European)/men/id01052/00076_id00171_PWU6n0qrv4c.npz,-4.681825637817383,-4.681825637817383,5.349130153656006,1
FakeVideo-RealAudio/Caucasian (European)/men/id01052/00076_id00186_wavtolip.npz,-5.711836338043213,-5.711836338043213,5.308840751647949,1
FakeVideo-RealAudio/Caucasian (European)/men/id01052/00076_id00241_DlI4wqSFwbI.npz,-5.274880886077881,-5.274880886077881,5.230395793914795,1
FakeVideo-RealAudio/Caucasian (European)/men/id01052/00076_id00266_wavtolip.npz,-5.672651290893555,-5.672651290893555,5.305671215057373,1
FakeVideo-RealAudio/Caucasian (European)/men/id01052/00076_id00305_LdcY3ILdQrE.npz,-5.360398292541504,-5.360398292541504,5.292336940765381,1
FakeVideo-RealAudio/Caucasian (European)/men/id01052/00076_id00305_wavtolip.npz,-5.695052623748779,-5.695052623748779,5.323632717132568,1
FakeVideo-RealAudio/Caucasian (European)/men/id01052/00076_id00306_CDX55F3nWNc.npz,-4.957091808319092,-4.957091808319092,5.313022136688232,1
FakeVideo-RealAudio/Caucasian (European)/men/id01052/00076_id00358_wavtolip.npz,-5.676466464996338,-5.676466464996338,5.3948259353637695,1
FakeVideo-RealAudio/Caucasian (European)/men/id01052/00076_id00519_wavtolip.npz,-6.367824554443359,-6.367824554443359,4.679868698120117,1
FakeVideo-RealAudio/Caucasian (European)/men/id01052/00076_id00548_DXbYU3qhN7U.npz,-4.930506229400635,-4.930506229400635,5.28682279586792,1
FakeVideo-RealAudio/Caucasian (European)/men/id01052/00076_id00594_wavtolip.npz,-4.132787227630615,-4.132787227630615,5.457840919494629,1
FakeVideo-RealAudio/Caucasian (European)/men/id01052/00076_id00709_Rh23ELMGsIQ.npz,-5.55143928527832,-5.55143928527832,5.222527980804443,1
FakeVideo-RealAudio/Caucasian (European)/men/id01052/00076_id00709_Rh23ELMGsIQ_faceswap.npz,-4.068638324737549,-4.068638324737549,5.285151958465576,1
FakeVideo-RealAudio/Caucasian (European)/men/id01052/00076_id00709_wavtolip.npz,-5.6783061027526855,-5.6783061027526855,5.465705871582031,1
FakeVideo-RealAudio/Caucasian (European)/men/id01052/00076_id00981_wavtolip.npz,-5.953218936920166,-5.953218936920166,5.11367130279541,1
FakeVideo-RealAudio/Caucasian (European)/men/id01052/00076_id00990_G-qzOIgxEoE.npz,-5.537004470825195,-5.537004470825195,5.32882833480835,1
FakeVideo-RealAudio/Caucasian (European)/men/id01052/00076_id00999_wavtolip.npz,-5.757083892822266,-5.757083892822266,5.256667613983154,1
FakeVideo-RealAudio/Caucasian (European)/men/id01052/00076_id01051_jPxk6s6FM6Y.npz,-5.162293910980225,-5.162293910980225,5.282415390014648,1
FakeVideo-RealAudio/Caucasian (European)/men/id01052/00076_id01098_BwmSumx6P1U.npz,-5.3585615158081055,-5.3585615158081055,5.371442794799805,1
FakeVideo-RealAudio/Caucasian (European)/men/id01052/00076_id01102_aGFUkdgmo3A.npz,-4.503347396850586,-4.503347396850586,5.374978542327881,1
FakeVideo-RealAudio/Caucasian (European)/men/id01052/00076_id02567_wavtolip.npz,-6.103359699249268,-6.103359699249268,5.057435035705566,1
FakeVideo-RealAudio/Caucasian (European)/men/id01052/00239_0.npz,-6.046569347381592,-6.046569347381592,4.66864538192749,1
FakeVideo-RealAudio/Caucasian (European)/men/id00709/00206_0.npz,-3.1938581466674805,-3.1938581466674805,5.208723545074463,1
FakeVideo-RealAudio/Caucasian (European)/men/id00709/00206_1.npz,-5.256166458129883,-5.256166458129883,5.756839752197266,1
FakeVideo-RealAudio/Caucasian (European)/men/id00709/00206_id00063_cVZBXC2rjPM.npz,-4.582493782043457,-4.582493782043457,5.470494747161865,1
FakeVideo-RealAudio/Caucasian (European)/men/id00709/00206_id00063_wavtolip.npz,-6.181210517883301,-6.181210517883301,4.902634143829346,1
FakeVideo-RealAudio/Caucasian (European)/men/id00709/00206_id00225_MHSgwpfHAXw.npz,-4.85060453414917,-4.85060453414917,5.457691669464111,1
FakeVideo-RealAudio/Caucasian (European)/men/id00709/00206_id00292_wavtolip.npz,-6.202972412109375,-6.202972412109375,4.725403785705566,1
FakeVideo-RealAudio/Caucasian (European)/men/id00709/00206_id00306_wavtolip.npz,-5.642261028289795,-5.642261028289795,5.379691123962402,1
FakeVideo-RealAudio/Caucasian (European)/men/id00709/00206_id00358_vsVwGKy79kM.npz,-5.387180805206299,-5.387180805206299,5.496168613433838,1
FakeVideo-RealAudio/Caucasian (European)/men/id00709/00206_id00519_wavtolip.npz,-6.360539436340332,-6.360539436340332,4.563215255737305,1
FakeVideo-RealAudio/Caucasian (European)/men/id00709/00206_id00535_BhvTIJ-YG5s.npz,-5.6106953620910645,-5.6106953620910645,5.400691509246826,1
FakeVideo-RealAudio/Caucasian (European)/men/id00709/00206_id00535_wavtolip.npz,-6.305696964263916,-6.305696964263916,4.60050106048584,1
FakeVideo-RealAudio/Caucasian (European)/men/id00709/00206_id00548_DXbYU3qhN7U.npz,-4.4760589599609375,-4.4760589599609375,5.436516761779785,1
FakeVideo-RealAudio/Caucasian (European)/men/id00709/00206_id00919_XDUn0Pskyrk.npz,-5.47706413269043,-5.47706413269043,5.388022422790527,1
FakeVideo-RealAudio/Caucasian (European)/men/id00709/00206_id00946_wavtolip.npz,-6.356894493103027,-6.356894493103027,4.610269069671631,1
FakeVideo-RealAudio/Caucasian (European)/men/id00709/00206_id00981_wavtolip.npz,-5.954054355621338,-5.954054355621338,5.191530704498291,1
FakeVideo-RealAudio/Caucasian (European)/men/id00709/00206_id00999_SjnM4XFBz0M.npz,-4.123471736907959,-4.123471736907959,5.456234931945801,1
FakeVideo-RealAudio/Caucasian (European)/men/id00709/00206_id01052_Kf4nlIEHfaU.npz,-4.833784103393555,-4.833784103393555,5.381731986999512,1
FakeVideo-RealAudio/Caucasian (European)/men/id00709/00206_id01052_wavtolip.npz,-5.6917338371276855,-5.6917338371276855,5.283176898956299,1
FakeVideo-RealAudio/Caucasian (European)/men/id00709/00206_id01058_wavtolip.npz,-5.615928649902344,-5.615928649902344,5.413117408752441,1
FakeVideo-RealAudio/Caucasian (European)/men/id00709/00206_id01126_wavtolip.npz,-5.563838958740234,-5.563838958740234,5.353492259979248,1
FakeVideo-RealAudio/Caucasian (European)/men/id00709/00206_id02567_4Ao5jgpSXdw.npz,-4.03790283203125,-4.03790283203125,5.459479331970215,1
FakeVideo-RealAudio/Caucasian (European)/men/id00709/00206_id03205_gXytNIcANKw.npz,-5.568613529205322,-5.568613529205322,5.4690704345703125,1
FakeVideo-RealAudio/Caucasian (European)/men/id00306/00015_id00055_wavtolip.npz,-4.33892822265625,-4.33892822265625,4.763826370239258,1
FakeVideo-RealAudio/Caucasian (European)/men/id00306/00015_id00186_wavtolip.npz,-5.6985883712768555,-5.6985883712768555,5.229989051818848,1
FakeVideo-RealAudio/Caucasian (European)/men/id00306/00015_id00241_DlI4wqSFwbI.npz,-5.633983612060547,-5.633983612060547,5.326282978057861,1
FakeVideo-RealAudio/Caucasian (European)/men/id00306/00015_id00282_wavtolip.npz,-5.8385162353515625,-5.8385162353515625,5.141940593719482,1
FakeVideo-RealAudio/Caucasian (European)/men/id00306/00015_id00292_qELK8N_DykA.npz,-5.634396076202393,-5.634396076202393,5.369045257568359,1
FakeVideo-RealAudio/Caucasian (European)/men/id00306/00015_id00415_saYfEadFy_s.npz,-5.638786315917969,-5.638786315917969,5.3804802894592285,1
FakeVideo-RealAudio/Caucasian (European)/men/id00306/00015_id00535_wavtolip.npz,-4.067931652069092,-4.067931652069092,4.637770652770996,1
FakeVideo-RealAudio/Caucasian (European)/men/id00306/00015_id00554_wavtolip.npz,-4.534522533416748,-4.534522533416748,4.617433071136475,1
FakeVideo-RealAudio/Caucasian (European)/men/id00306/00015_id00990_wavtolip.npz,-0.27977636456489563,-0.27977636456489563,4.863528728485107,1
FakeVideo-RealAudio/Caucasian (European)/men/id00306/00015_id01052_Kf4nlIEHfaU.npz,-5.63580846786499,-5.63580846786499,5.397348403930664,1
FakeVideo-RealAudio/Caucasian (European)/men/id00306/00015_id01052_wavtolip.npz,-5.666095733642578,-5.666095733642578,5.328434944152832,1
FakeVideo-RealAudio/Caucasian (European)/men/id00306/00015_id01058_2DKbOjf3Wyo.npz,-5.631285190582275,-5.631285190582275,5.34126615524292,1
FakeVideo-RealAudio/Caucasian (European)/men/id00306/00015_id01058_2DKbOjf3Wyo_faceswap.npz,-5.6314377784729,-5.6314377784729,5.437023162841797,1
FakeVideo-RealAudio/Caucasian (European)/men/id00306/00015_id01058_wavtolip.npz,-5.636422157287598,-5.636422157287598,5.385609149932861,1
FakeVideo-RealAudio/Caucasian (European)/men/id00306/00015_id01099_wavtolip.npz,-3.0648581981658936,-3.0648581981658936,4.950432777404785,1
FakeVideo-RealAudio/Caucasian (European)/men/id00306/00015_id01126_wavtolip.npz,-5.417171478271484,-5.417171478271484,5.340866565704346,1
FakeVideo-RealAudio/Caucasian (European)/men/id00306/00015_id01154_tvmOcaG4A4w.npz,-5.639880657196045,-5.639880657196045,5.452287673950195,1
FakeVideo-RealAudio/Caucasian (European)/men/id00306/00015_id01156_RT99eogJo4k.npz,-5.641934871673584,-5.641934871673584,5.444655418395996,1
FakeVideo-RealAudio/Caucasian (European)/men/id00292/00072_id00055_XzCF6sJ8Axc.npz,-4.779863357543945,-4.779863357543945,4.751990795135498,1
FakeVideo-RealAudio/Caucasian (European)/men/id00292/00072_id00185_wavtolip.npz,-5.582434177398682,-5.582434177398682,4.663867950439453,1
FakeVideo-RealAudio/Caucasian (European)/men/id00292/00072_id00186_wavtolip.npz,-6.176314353942871,-6.176314353942871,4.745434284210205,1
FakeVideo-RealAudio/Caucasian (European)/men/id00292/00072_id00192_By3wxX0dyDw.npz,-4.376633644104004,-4.376633644104004,4.803334712982178,1
FakeVideo-RealAudio/Caucasian (European)/men/id00292/00072_id00192_By3wxX0dyDw_faceswap.npz,-4.449289321899414,-4.449289321899414,4.753186225891113,1
FakeVideo-RealAudio/Caucasian (European)/men/id00292/00072_id00282_iTsqWj6GEbo.npz,-4.441060543060303,-4.441060543060303,4.780609130859375,1
FakeVideo-RealAudio/Caucasian (European)/men/id00292/00072_id00282_wavtolip.npz,-6.125233173370361,-6.125233173370361,4.81018590927124,1
FakeVideo-RealAudio/Caucasian (European)/men/id00292/00072_id00292_wavtolip.npz,-5.974196434020996,-5.974196434020996,4.681853771209717,1
FakeVideo-RealAudio/Caucasian (European)/men/id00292/00072_id00306_CDX55F3nWNc.npz,-4.194355487823486,-4.194355487823486,4.6965179443359375,1
FakeVideo-RealAudio/Caucasian (European)/men/id00292/00072_id00368_KohcGDsg29U.npz,-4.297155857086182,-4.297155857086182,4.756594181060791,1
FakeVideo-RealAudio/Caucasian (European)/men/id00292/00072_id00520_wavtolip.npz,-3.1796066761016846,-3.1796066761016846,4.797689914703369,1
FakeVideo-RealAudio/Caucasian (European)/men/id00292/00072_id00963_1s6PjtI643E.npz,-4.274326324462891,-4.274326324462891,4.765941619873047,1
FakeVideo-RealAudio/Caucasian (European)/men/id00292/00072_id00981_OmNALjENDkI.npz,-4.494711399078369,-4.494711399078369,4.725269317626953,1
FakeVideo-RealAudio/Caucasian (European)/men/id00292/00072_id00981_wavtolip.npz,-5.450438976287842,-5.450438976287842,4.849730014801025,1
FakeVideo-RealAudio/Caucasian (European)/men/id00292/00072_id01098_wavtolip.npz,-0.049158841371536255,-0.049158841371536255,4.730649471282959,1
FakeVideo-RealAudio/Caucasian (European)/men/id00292/00072_id01099_ZpgbIKxzkrg.npz,-4.282639980316162,-4.282639980316162,4.741364479064941,1
FakeVideo-RealAudio/Caucasian (European)/men/id00292/00072_id01099_wavtolip.npz,-3.9729080200195312,-3.9729080200195312,4.855023384094238,1
FakeVideo-RealAudio/Caucasian (European)/men/id00292/00072_id01156_RT99eogJo4k.npz,-4.190230846405029,-4.190230846405029,4.749787330627441,1
FakeVideo-RealAudio/Caucasian (European)/men/id00292/00072_id01156_wavtolip.npz,-6.227161884307861,-6.227161884307861,4.833581924438477,1
FakeVideo-RealAudio/Caucasian (European)/men/id00292/00072_id01157_wavtolip.npz,-6.191941261291504,-6.191941261291504,4.727619647979736,1
FakeVideo-RealAudio/Caucasian (European)/men/id00292/00072_id01157_yDgqfOWVKko.npz,-4.267549991607666,-4.267549991607666,4.761119365692139,1
FakeVideo-RealAudio/Caucasian (European)/men/id00919/00063_id00063_cVZBXC2rjPM.npz,-1.6346555948257446,-1.6346555948257446,4.587113857269287,1
FakeVideo-RealAudio/Caucasian (European)/men/id00919/00063_id00063_wavtolip.npz,-6.35972785949707,-6.35972785949707,4.673038482666016,1
FakeVideo-RealAudio/Caucasian (European)/men/id00919/00063_id00183_wavtolip.npz,-4.126686096191406,-4.126686096191406,4.635209083557129,1
FakeVideo-RealAudio/Caucasian (European)/men/id00919/00063_id00187_wavtolip.npz,-6.113890647888184,-6.113890647888184,4.508073806762695,1
FakeVideo-RealAudio/Caucasian (European)/men/id00919/00063_id00358_vsVwGKy79kM.npz,-2.028380870819092,-2.028380870819092,4.568803310394287,1
FakeVideo-RealAudio/Caucasian (European)/men/id00919/00063_id00368_wavtolip.npz,-6.159040451049805,-6.159040451049805,4.546720027923584,1
FakeVideo-RealAudio/Caucasian (European)/men/id00919/00063_id00535_BhvTIJ-YG5s.npz,-1.4227854013442993,-1.4227854013442993,4.590099811553955,1
FakeVideo-RealAudio/Caucasian (European)/men/id00919/00063_id00554_wavtolip.npz,-4.572521686553955,-4.572521686553955,4.552351474761963,1
FakeVideo-RealAudio/Caucasian (European)/men/id00919/00063_id00559_Y7ovoKuvL78.npz,-1.3507835865020752,-1.3507835865020752,4.606876373291016,1
FakeVideo-RealAudio/Caucasian (European)/men/id00919/00063_id00559_wavtolip.npz,-5.755565166473389,-5.755565166473389,4.5744123458862305,1
FakeVideo-RealAudio/Caucasian (European)/men/id00919/00063_id00709_Rh23ELMGsIQ.npz,-1.601014494895935,-1.601014494895935,4.583950519561768,1
FakeVideo-RealAudio/Caucasian (European)/men/id00919/00063_id00919_wavtolip.npz,-2.8851161003112793,-2.8851161003112793,4.557570934295654,1
FakeVideo-RealAudio/Caucasian (European)/men/id00919/00063_id01052_wavtolip.npz,-6.305905342102051,-6.305905342102051,4.550662994384766,1
FakeVideo-RealAudio/Caucasian (European)/men/id00919/00063_id01098_wavtolip.npz,-1.9649157524108887,-1.9649157524108887,4.805902004241943,1
FakeVideo-RealAudio/Caucasian (European)/men/id00919/00063_id01099_ZpgbIKxzkrg.npz,-1.6933566331863403,-1.6933566331863403,4.604553699493408,1
FakeVideo-RealAudio/Caucasian (European)/men/id00919/00063_id01102_wavtolip.npz,-6.190515041351318,-6.190515041351318,4.5593581199646,1
FakeVideo-RealAudio/Caucasian (European)/men/id00919/00063_id01156_RT99eogJo4k.npz,-1.5043150186538696,-1.5043150186538696,4.572097301483154,1
FakeVideo-RealAudio/Caucasian (European)/men/id00919/00063_id01157_yDgqfOWVKko.npz,-1.7726624011993408,-1.7726624011993408,4.610622882843018,1
FakeVideo-RealAudio/Caucasian (European)/men/id00919/00063_id02567_4Ao5jgpSXdw.npz,-1.6016803979873657,-1.6016803979873657,4.595635890960693,1
FakeVideo-RealAudio/Caucasian (European)/men/id00919/00063_id03205_gXytNIcANKw.npz,-1.9756680727005005,-1.9756680727005005,4.6032185554504395,1
FakeVideo-RealAudio/Caucasian (European)/men/id01099/00206_id00055_XzCF6sJ8Axc.npz,-3.206352949142456,-3.206352949142456,5.081636905670166,1
FakeVideo-RealAudio/Caucasian (European)/men/id01099/00206_id00063_cVZBXC2rjPM.npz,-2.838207960128784,-2.838207960128784,5.164246082305908,1
FakeVideo-RealAudio/Caucasian (European)/men/id01099/00206_id00063_wavtolip.npz,-5.903654098510742,-5.903654098510742,4.95285701751709,1
FakeVideo-RealAudio/Caucasian (European)/men/id01099/00206_id00192_wavtolip.npz,-5.971726417541504,-5.971726417541504,5.068819999694824,1
FakeVideo-RealAudio/Caucasian (European)/men/id01099/00206_id00225_wavtolip.npz,-5.982808589935303,-5.982808589935303,5.042941093444824,1
FakeVideo-RealAudio/Caucasian (European)/men/id01099/00206_id00253_cyTfcQDjvU0.npz,-3.19356369972229,-3.19356369972229,5.141714096069336,1
FakeVideo-RealAudio/Caucasian (European)/men/id01099/00206_id00292_qELK8N_DykA.npz,-3.786287784576416,-3.786287784576416,5.006629467010498,1
FakeVideo-RealAudio/Caucasian (European)/men/id01099/00206_id00305_wavtolip.npz,-5.983598709106445,-5.983598709106445,5.098566055297852,1
FakeVideo-RealAudio/Caucasian (European)/men/id01099/00206_id00368_wavtolip.npz,-5.963029384613037,-5.963029384613037,4.967117786407471,1
FakeVideo-RealAudio/Caucasian (European)/men/id01099/00206_id00535_BhvTIJ-YG5s.npz,-2.360245943069458,-2.360245943069458,5.073244571685791,1
FakeVideo-RealAudio/Caucasian (European)/men/id01099/00206_id00554_crjq1dFN1Ko.npz,-4.430922031402588,-4.430922031402588,5.146947860717773,1
FakeVideo-RealAudio/Caucasian (European)/men/id01099/00206_id00554_wavtolip.npz,-6.2861647605896,-6.2861647605896,4.557625770568848,1
FakeVideo-RealAudio/Caucasian (European)/men/id01099/00206_id00559_Y7ovoKuvL78.npz,-2.4405760765075684,-2.4405760765075684,5.071235179901123,1
FakeVideo-RealAudio/Caucasian (European)/men/id01099/00206_id00559_wavtolip.npz,-5.629409313201904,-5.629409313201904,4.914063930511475,1
FakeVideo-RealAudio/Caucasian (European)/men/id01099/00206_id00919_XDUn0Pskyrk.npz,-2.052785873413086,-2.052785873413086,5.1198410987854,1
FakeVideo-RealAudio/Caucasian (European)/men/id01099/00206_id00919_XDUn0Pskyrk_faceswap.npz,-2.3204562664031982,-2.3204562664031982,5.090479373931885,1
FakeVideo-RealAudio/Caucasian (European)/men/id01099/00206_id00990_wavtolip.npz,3.4900481700897217,3.4900481700897217,4.881105422973633,1
FakeVideo-RealAudio/Caucasian (European)/men/id01099/00206_id01098_wavtolip.npz,-2.8206353187561035,-2.8206353187561035,4.830013275146484,1
FakeVideo-RealAudio/Caucasian (European)/men/id01099/00206_id01157_wavtolip.npz,-6.083626747131348,-6.083626747131348,4.999922752380371,1
FakeVideo-RealAudio/Caucasian (European)/men/id01099/00206_id01157_yDgqfOWVKko.npz,-3.9082436561584473,-3.9082436561584473,5.128039360046387,1
FakeVideo-RealAudio/Caucasian (European)/men/id00358/00217_id00063_cVZBXC2rjPM.npz,-5.016300201416016,-5.016300201416016,6.010124683380127,1
FakeVideo-RealAudio/Caucasian (European)/men/id00358/00217_id00063_cVZBXC2rjPM_faceswap.npz,-5.010682582855225,-5.010682582855225,5.9556121826171875,1
FakeVideo-RealAudio/Caucasian (European)/men/id00358/00217_id00063_wavtolip.npz,-6.185605049133301,-6.185605049133301,4.982193946838379,1
FakeVideo-RealAudio/Caucasian (European)/men/id00358/00217_id00183_wavtolip.npz,-4.211219310760498,-4.211219310760498,4.913332462310791,1
FakeVideo-RealAudio/Caucasian (European)/men/id00358/00217_id00185_wavtolip.npz,-5.691974639892578,-5.691974639892578,4.996526718139648,1
FakeVideo-RealAudio/Caucasian (European)/men/id00358/00217_id00186_KTjDxHTlzg0.npz,-5.006249904632568,-5.006249904632568,5.93400239944458,1
FakeVideo-RealAudio/Caucasian (European)/men/id00358/00217_id00225_MHSgwpfHAXw.npz,-5.014368057250977,-5.014368057250977,6.006809711456299,1
FakeVideo-RealAudio/Caucasian (European)/men/id00358/00217_id00282_wavtolip.npz,-5.303295135498047,-5.303295135498047,5.086050987243652,1
FakeVideo-RealAudio/Caucasian (European)/men/id00358/00217_id00520_wavtolip.npz,-3.5263822078704834,-3.5263822078704834,5.189818859100342,1
FakeVideo-RealAudio/Caucasian (European)/men/id00358/00217_id00535_BhvTIJ-YG5s.npz,-5.005971908569336,-5.005971908569336,5.945915699005127,1
FakeVideo-RealAudio/Caucasian (European)/men/id00358/00217_id00548_wavtolip.npz,-5.93964147567749,-5.93964147567749,5.090790748596191,1
FakeVideo-RealAudio/Caucasian (European)/men/id00358/00217_id00709_Rh23ELMGsIQ.npz,-5.012477874755859,-5.012477874755859,5.954362392425537,1
FakeVideo-RealAudio/Caucasian (European)/men/id00358/00217_id00709_wavtolip.npz,-5.60142707824707,-5.60142707824707,5.487898826599121,1
FakeVideo-RealAudio/Caucasian (European)/men/id00358/00217_id00981_OmNALjENDkI.npz,-5.007396221160889,-5.007396221160889,5.990756034851074,1
FakeVideo-RealAudio/Caucasian (European)/men/id00358/00217_id01051_jPxk6s6FM6Y.npz,-5.007872581481934,-5.007872581481934,5.978857040405273,1
FakeVideo-RealAudio/Caucasian (European)/men/id00358/00217_id01098_wavtolip.npz,-3.950587749481201,-3.950587749481201,4.876384258270264,1
FakeVideo-RealAudio/Caucasian (European)/men/id00358/00217_id01102_aGFUkdgmo3A.npz,-5.009524345397949,-5.009524345397949,5.967230796813965,1
FakeVideo-RealAudio/Caucasian (European)/men/id00358/00217_id01102_wavtolip.npz,-6.278707027435303,-6.278707027435303,4.573245525360107,1
FakeVideo-RealAudio/Caucasian (European)/men/id00358/00217_id01154_wavtolip.npz,-6.220409870147705,-6.220409870147705,4.742604732513428,1
FakeVideo-RealAudio/Caucasian (European)/men/id00358/00217_id01157_yDgqfOWVKko.npz,-5.012872695922852,-5.012872695922852,6.000283241271973,1
FakeVideo-RealAudio/Caucasian (European)/men/id00282/00268_id00063_cVZBXC2rjPM.npz,-5.013995170593262,-5.013995170593262,5.386747360229492,1
FakeVideo-RealAudio/Caucasian (European)/men/id00282/00268_id00171_PWU6n0qrv4c.npz,-5.073153018951416,-5.073153018951416,5.2630157470703125,1
FakeVideo-RealAudio/Caucasian (European)/men/id00282/00268_id00187_wavtolip.npz,-5.192052841186523,-5.192052841186523,5.203012943267822,1
FakeVideo-RealAudio/Caucasian (European)/men/id00282/00268_id00225_wavtolip.npz,-5.898994445800781,-5.898994445800781,5.207329273223877,1
FakeVideo-RealAudio/Caucasian (European)/men/id00282/00268_id00241_wavtolip.npz,-5.837664604187012,-5.837664604187012,5.191859722137451,1
FakeVideo-RealAudio/Caucasian (European)/men/id00282/00268_id00265_wavtolip.npz,-6.299376487731934,-6.299376487731934,4.717558860778809,1
FakeVideo-RealAudio/Caucasian (European)/men/id00282/00268_id00282_wavtolip.npz,-5.838509559631348,-5.838509559631348,5.230104923248291,1
FakeVideo-RealAudio/Caucasian (European)/men/id00282/00268_id00292_qELK8N_DykA.npz,-5.689126014709473,-5.689126014709473,5.3071513175964355,1
FakeVideo-RealAudio/Caucasian (European)/men/id00282/00268_id00305_LdcY3ILdQrE.npz,-4.753379821777344,-4.753379821777344,5.223665237426758,1
FakeVideo-RealAudio/Caucasian (European)/men/id00282/00268_id00305_LdcY3ILdQrE_faceswap.npz,-3.6593546867370605,-3.6593546867370605,5.200281143188477,1
FakeVideo-RealAudio/Caucasian (European)/men/id00282/00268_id00368_KohcGDsg29U.npz,-5.642696380615234,-5.642696380615234,5.284785270690918,1
FakeVideo-RealAudio/Caucasian (European)/men/id00282/00268_id00498_N_BjyJsx80g.npz,-5.4432291984558105,-5.4432291984558105,5.227717399597168,1
FakeVideo-RealAudio/Caucasian (European)/men/id00282/00268_id00519_wavtolip.npz,-6.353113651275635,-6.353113651275635,4.682357311248779,1
FakeVideo-RealAudio/Caucasian (European)/men/id00282/00268_id00594_wavtolip.npz,-3.656747817993164,-3.656747817993164,5.12630033493042,1
FakeVideo-RealAudio/Caucasian (European)/men/id00282/00268_id00909_nEQbKqo1XCs.npz,-3.9923975467681885,-3.9923975467681885,5.195446014404297,1
FakeVideo-RealAudio/Caucasian (European)/men/id00282/00268_id00919_wavtolip.npz,-1.9873613119125366,-1.9873613119125366,4.610396385192871,1
FakeVideo-RealAudio/Caucasian (European)/men/id00282/00268_id01051_wavtolip.npz,-5.852814674377441,-5.852814674377441,5.183836460113525,1
FakeVideo-RealAudio/Caucasian (European)/men/id00282/00268_id01058_2DKbOjf3Wyo.npz,-4.155449867248535,-4.155449867248535,5.209537982940674,1
FakeVideo-RealAudio/Caucasian (European)/men/id00282/00268_id01099_wavtolip.npz,-1.7815436124801636,-1.7815436124801636,5.0872273445129395,1
FakeVideo-RealAudio/Caucasian (European)/men/id00282/00268_id01123_Xid_-DpIHX4.npz,-3.823981761932373,-3.823981761932373,5.232183456420898,1
FakeVideo-RealAudio/Caucasian (European)/men/id00282/00268_id03205_gXytNIcANKw.npz,-3.7754645347595215,-3.7754645347595215,5.243588447570801,1
FakeVideo-RealAudio/Caucasian (European)/men/id01051/00027_0.npz,-2.2068891525268555,-2.2068891525268555,4.503971099853516,1
FakeVideo-RealAudio/Caucasian (European)/men/id01051/00322_0.npz,-2.3464550971984863,-2.3464550971984863,4.958283424377441,1
FakeVideo-RealAudio/Caucasian (European)/men/id01051/00322_2.npz,-5.730030059814453,-5.730030059814453,5.130526065826416,1
FakeVideo-RealAudio/Caucasian (European)/men/id01051/00322_id00185_wavtolip.npz,-2.34541392326355,-2.34541392326355,5.008765697479248,1
FakeVideo-RealAudio/Caucasian (European)/men/id01051/00322_id00186_KTjDxHTlzg0.npz,-5.243182182312012,-5.243182182312012,5.789012908935547,1
FakeVideo-RealAudio/Caucasian (European)/men/id01051/00322_id00187_dwaPMrJANMQ.npz,-5.082268714904785,-5.082268714904785,5.788603782653809,1
FakeVideo-RealAudio/Caucasian (European)/men/id01051/00322_id00358_vsVwGKy79kM.npz,-5.184842586517334,-5.184842586517334,5.785998344421387,1
FakeVideo-RealAudio/Caucasian (European)/men/id01051/00322_id00358_wavtolip.npz,-5.255272388458252,-5.255272388458252,5.690995216369629,1
FakeVideo-RealAudio/Caucasian (European)/men/id01051/00322_id00368_wavtolip.npz,-5.7388200759887695,-5.7388200759887695,5.3270111083984375,1
FakeVideo-RealAudio/Caucasian (European)/men/id01051/00322_id00498_wavtolip.npz,-6.259118556976318,-6.259118556976318,4.742093086242676,1
FakeVideo-RealAudio/Caucasian (European)/men/id01051/00322_id00535_BhvTIJ-YG5s.npz,-5.116561412811279,-5.116561412811279,5.746495246887207,1
FakeVideo-RealAudio/Caucasian (European)/men/id01051/00322_id00535_wavtolip.npz,-6.3342671394348145,-6.3342671394348145,4.664307594299316,1
FakeVideo-RealAudio/Caucasian (European)/men/id01051/00322_id00709_Rh23ELMGsIQ.npz,-5.158302307128906,-5.158302307128906,5.758335590362549,1
FakeVideo-RealAudio/Caucasian (European)/men/id01051/00322_id00919_wavtolip.npz,-2.9292378425598145,-2.9292378425598145,4.611943244934082,1
FakeVideo-RealAudio/Caucasian (European)/men/id01051/00322_id00946_wavtolip.npz,-6.363772392272949,-6.363772392272949,4.5646843910217285,1
FakeVideo-RealAudio/Caucasian (European)/men/id01051/00322_id00963_wavtolip.npz,-5.318480968475342,-5.318480968475342,5.6825666427612305,1
FakeVideo-RealAudio/Caucasian (European)/men/id01051/00322_id01052_Kf4nlIEHfaU.npz,-5.122692584991455,-5.122692584991455,5.773497581481934,1
FakeVideo-RealAudio/Caucasian (European)/men/id01051/00322_id01098_BwmSumx6P1U.npz,-5.094542980194092,-5.094542980194092,5.778440475463867,1
FakeVideo-RealAudio/Caucasian (European)/men/id01051/00322_id01102_aGFUkdgmo3A.npz,-4.580548286437988,-4.580548286437988,5.767035007476807,1
FakeVideo-RealAudio/Caucasian (European)/men/id01051/00322_id01102_wavtolip.npz,-6.219311714172363,-6.219311714172363,4.700228214263916,1
FakeVideo-RealAudio/Caucasian (European)/men/id01051/00322_id01154_wavtolip.npz,-6.235321521759033,-6.235321521759033,4.858072280883789,1
FakeVideo-RealAudio/Caucasian (European)/men/id01051/00322_id01156_RT99eogJo4k.npz,-3.996309518814087,-3.996309518814087,5.748474597930908,1
FakeVideo-RealAudio/Caucasian (European)/men/id01051/00322_id02567_4Ao5jgpSXdw.npz,-5.224062919616699,-5.224062919616699,5.775903224945068,1
FakeVideo-RealAudio/Caucasian (European)/men/id00415/00017_id00183_wavtolip.npz,-4.1998796463012695,-4.1998796463012695,4.876988887786865,1
FakeVideo-RealAudio/Caucasian (European)/men/id00415/00017_id00183_z2DhZllPWUQ.npz,-5.900312423706055,-5.900312423706055,5.166329383850098,1
FakeVideo-RealAudio/Caucasian (European)/men/id00415/00017_id00185_wavtolip.npz,-5.331372261047363,-5.331372261047363,5.064208030700684,1
FakeVideo-RealAudio/Caucasian (European)/men/id00415/00017_id00192_By3wxX0dyDw.npz,-5.874808311462402,-5.874808311462402,5.158339023590088,1
FakeVideo-RealAudio/Caucasian (European)/men/id00415/00017_id00192_By3wxX0dyDw_faceswap.npz,-5.73718786239624,-5.73718786239624,5.150789737701416,1
FakeVideo-RealAudio/Caucasian (European)/men/id00415/00017_id00241_DlI4wqSFwbI.npz,-5.889223098754883,-5.889223098754883,5.126893520355225,1
FakeVideo-RealAudio/Caucasian (European)/men/id00415/00017_id00265_wavtolip.npz,-6.331957817077637,-6.331957817077637,4.6943230628967285,1
FakeVideo-RealAudio/Caucasian (European)/men/id00415/00017_id00292_qELK8N_DykA.npz,-5.8979997634887695,-5.8979997634887695,5.120859146118164,1
FakeVideo-RealAudio/Caucasian (European)/men/id00415/00017_id00292_wavtolip.npz,-6.119412422180176,-6.119412422180176,4.767293453216553,1
FakeVideo-RealAudio/Caucasian (European)/men/id00415/00017_id00306_CDX55F3nWNc.npz,-4.539120674133301,-4.539120674133301,5.162436008453369,1
FakeVideo-RealAudio/Caucasian (European)/men/id00415/00017_id00306_wavtolip.npz,-5.909731864929199,-5.909731864929199,5.048920154571533,1
FakeVideo-RealAudio/Caucasian (European)/men/id00415/00017_id00358_wavtolip.npz,-5.8907952308654785,-5.8907952308654785,5.232999801635742,1
FakeVideo-RealAudio/Caucasian (European)/men/id00415/00017_id00520_wavtolip.npz,-2.8969621658325195,-2.8969621658325195,5.111821174621582,1
FakeVideo-RealAudio/Caucasian (European)/men/id00415/00017_id00559_Y7ovoKuvL78.npz,-5.669924736022949,-5.669924736022949,5.105980396270752,1
FakeVideo-RealAudio/Caucasian (European)/men/id00415/00017_id00963_1s6PjtI643E.npz,-5.593591690063477,-5.593591690063477,5.151142597198486,1
FakeVideo-RealAudio/Caucasian (European)/men/id00415/00017_id00963_wavtolip.npz,-5.917463779449463,-5.917463779449463,5.141765117645264,1
FakeVideo-RealAudio/Caucasian (European)/men/id00415/00017_id00999_SjnM4XFBz0M.npz,-5.7897233963012695,-5.7897233963012695,5.129474639892578,1
FakeVideo-RealAudio/Caucasian (European)/men/id00415/00017_id01058_2DKbOjf3Wyo.npz,-4.126552581787109,-4.126552581787109,5.128444194793701,1
FakeVideo-RealAudio/Caucasian (European)/men/id00415/00017_id01154_wavtolip.npz,-6.221523761749268,-6.221523761749268,4.791743755340576,1
FakeVideo-RealAudio/Caucasian (European)/men/id00415/00017_id01157_wavtolip.npz,-6.094306945800781,-6.094306945800781,4.869242191314697,1
FakeVideo-RealAudio/Caucasian (European)/men/id00187/00360_0.npz,-4.3829803466796875,-4.3829803466796875,4.830750942230225,1
FakeVideo-RealAudio/Caucasian (European)/men/id00187/00360_id00185_1lsGWpwnl1M.npz,-1.4446219205856323,-1.4446219205856323,5.40015172958374,1
FakeVideo-RealAudio/Caucasian (European)/men/id00187/00360_id00186_KTjDxHTlzg0.npz,-5.491531848907471,-5.491531848907471,5.296456813812256,1
FakeVideo-RealAudio/Caucasian (European)/men/id00187/00360_id00225_MHSgwpfHAXw.npz,-4.607799530029297,-4.607799530029297,5.396012783050537,1
FakeVideo-RealAudio/Caucasian (European)/men/id00187/00360_id00241_DlI4wqSFwbI.npz,-1.8205620050430298,-1.8205620050430298,5.367234706878662,1
FakeVideo-RealAudio/Caucasian (European)/men/id00187/00360_id00265_dZq57FoxXR4.npz,-5.068872451782227,-5.068872451782227,5.448010444641113,1
FakeVideo-RealAudio/Caucasian (European)/men/id00187/00360_id00282_wavtolip.npz,-5.8948774337768555,-5.8948774337768555,5.034900188446045,1
FakeVideo-RealAudio/Caucasian (European)/men/id00187/00360_id00498_wavtolip.npz,-6.363335609436035,-6.363335609436035,4.4872660636901855,1
FakeVideo-RealAudio/Caucasian (European)/men/id00187/00360_id00554_wavtolip.npz,-4.671812534332275,-4.671812534332275,4.660757541656494,1
FakeVideo-RealAudio/Caucasian (European)/men/id00187/00360_id00963_wavtolip.npz,-5.613039016723633,-5.613039016723633,5.340452671051025,1
FakeVideo-RealAudio/Caucasian (European)/men/id00187/00360_id00981_wavtolip.npz,-5.958034515380859,-5.958034515380859,5.003702640533447,1
FakeVideo-RealAudio/Caucasian (European)/men/id00187/00360_id00999_SjnM4XFBz0M.npz,-4.141143321990967,-4.141143321990967,5.375329494476318,1
FakeVideo-RealAudio/Caucasian (European)/men/id00187/00360_id01051_jPxk6s6FM6Y.npz,-4.205994129180908,-4.205994129180908,5.419552326202393,1
FakeVideo-RealAudio/Caucasian (European)/men/id00187/00360_id01051_jPxk6s6FM6Y_faceswap.npz,-5.213315010070801,-5.213315010070801,5.290675163269043,1
FakeVideo-RealAudio/Caucasian (European)/men/id00187/00360_id01052_Kf4nlIEHfaU.npz,-4.979995250701904,-4.979995250701904,5.333731174468994,1
FakeVideo-RealAudio/Caucasian (European)/men/id00187/00360_id01102_aGFUkdgmo3A.npz,-3.9901187419891357,-3.9901187419891357,5.315850257873535,1
FakeVideo-RealAudio/Caucasian (European)/men/id00187/00360_id01126_wavtolip.npz,-4.815598487854004,-4.815598487854004,5.385168552398682,1
FakeVideo-RealAudio/Caucasian (European)/men/id00187/00360_id01154_wavtolip.npz,-6.220859050750732,-6.220859050750732,4.753186225891113,1
FakeVideo-RealAudio/Caucasian (European)/men/id00187/00360_id01157_wavtolip.npz,-6.091601848602295,-6.091601848602295,4.753478050231934,1
FakeVideo-RealAudio/Caucasian (European)/men/id00187/00360_id02567_4Ao5jgpSXdw.npz,-2.633087396621704,-2.633087396621704,5.324888229370117,1
FakeVideo-RealAudio/Caucasian (European)/men/id00055/00120_id00063_cVZBXC2rjPM.npz,-2.6050453186035156,-2.6050453186035156,4.822046756744385,1
FakeVideo-RealAudio/Caucasian (European)/men/id00055/00120_id00183_z2DhZllPWUQ.npz,-3.1876463890075684,-3.1876463890075684,4.739667892456055,1
FakeVideo-RealAudio/Caucasian (European)/men/id00055/00120_id00183_z2DhZllPWUQ_faceswap.npz,-3.2754735946655273,-3.2754735946655273,4.678215026855469,1
FakeVideo-RealAudio/Caucasian (European)/men/id00055/00120_id00185_wavtolip.npz,-4.378170013427734,-4.378170013427734,4.6775994300842285,1
FakeVideo-RealAudio/Caucasian (European)/men/id00055/00120_id00282_iTsqWj6GEbo.npz,-3.017693519592285,-3.017693519592285,4.801539897918701,1
FakeVideo-RealAudio/Caucasian (European)/men/id00055/00120_id00282_wavtolip.npz,-6.147019863128662,-6.147019863128662,4.749531269073486,1
FakeVideo-RealAudio/Caucasian (European)/men/id00055/00120_id00292_qELK8N_DykA.npz,-3.2800979614257812,-3.2800979614257812,4.728985786437988,1
FakeVideo-RealAudio/Caucasian (European)/men/id00055/00120_id00358_wavtolip.npz,-6.155463218688965,-6.155463218688965,4.739025115966797,1
FakeVideo-RealAudio/Caucasian (European)/men/id00055/00120_id00415_saYfEadFy_s.npz,-2.8645246028900146,-2.8645246028900146,4.781026840209961,1
FakeVideo-RealAudio/Caucasian (European)/men/id00055/00120_id00519_wavtolip.npz,-6.369053840637207,-6.369053840637207,4.559643745422363,1
FakeVideo-RealAudio/Caucasian (European)/men/id00055/00120_id00520_wavtolip.npz,-4.067203998565674,-4.067203998565674,4.783196926116943,1
FakeVideo-RealAudio/Caucasian (European)/men/id00055/00120_id00535_BhvTIJ-YG5s.npz,-2.906198024749756,-2.906198024749756,4.670594215393066,1
FakeVideo-RealAudio/Caucasian (European)/men/id00055/00120_id00559_Y7ovoKuvL78.npz,-2.608851432800293,-2.608851432800293,4.6653618812561035,1
FakeVideo-RealAudio/Caucasian (European)/men/id00055/00120_id00946_wavtolip.npz,-6.27829647064209,-6.27829647064209,4.591507911682129,1
FakeVideo-RealAudio/Caucasian (European)/men/id00055/00120_id00963_wavtolip.npz,-6.199869632720947,-6.199869632720947,4.723229885101318,1
FakeVideo-RealAudio/Caucasian (European)/men/id00055/00120_id00981_OmNALjENDkI.npz,-3.283644199371338,-3.283644199371338,4.752070426940918,1
FakeVideo-RealAudio/Caucasian (European)/men/id00055/00120_id00981_wavtolip.npz,-6.03996467590332,-6.03996467590332,4.797238349914551,1
FakeVideo-RealAudio/Caucasian (European)/men/id00055/00120_id01051_wavtolip.npz,-6.1375017166137695,-6.1375017166137695,4.824378967285156,1
FakeVideo-RealAudio/Caucasian (European)/men/id00055/00120_id01099_ZpgbIKxzkrg.npz,-2.2962188720703125,-2.2962188720703125,4.790593147277832,1
FakeVideo-RealAudio/Caucasian (European)/men/id00055/00120_id01156_wavtolip.npz,-2.7521934509277344,-2.7521934509277344,4.8807692527771,1
FakeVideo-RealAudio/Caucasian (European)/men/id00498/00014_4.npz,-2.3617496490478516,-2.3617496490478516,5.192561149597168,1
FakeVideo-RealAudio/Caucasian (European)/men/id00498/00014_id00055_XzCF6sJ8Axc.npz,-6.2635674476623535,-6.2635674476623535,4.531987190246582,1
FakeVideo-RealAudio/Caucasian (European)/men/id00498/00014_id00063_cVZBXC2rjPM.npz,1.2665116786956787,1.2665116786956787,4.740475177764893,1
FakeVideo-RealAudio/Caucasian (European)/men/id00498/00014_id00171_wavtolip.npz,-5.4435882568359375,-5.4435882568359375,4.4810333251953125,1
FakeVideo-RealAudio/Caucasian (European)/men/id00498/00014_id00192_By3wxX0dyDw.npz,-6.229757785797119,-6.229757785797119,4.465609073638916,1
FakeVideo-RealAudio/Caucasian (European)/men/id00498/00014_id00192_By3wxX0dyDw_faceswap.npz,-5.006549835205078,-5.006549835205078,4.587507724761963,1
FakeVideo-RealAudio/Caucasian (European)/men/id00498/00014_id00241_DlI4wqSFwbI.npz,-5.655547618865967,-5.655547618865967,4.621098041534424,1
FakeVideo-RealAudio/Caucasian (European)/men/id00498/00014_id00241_wavtolip.npz,-5.419914722442627,-5.419914722442627,4.692174434661865,1
FakeVideo-RealAudio/Caucasian (European)/men/id00498/00014_id00253_cyTfcQDjvU0.npz,-6.026607513427734,-6.026607513427734,4.511754512786865,1
FakeVideo-RealAudio/Caucasian (European)/men/id00498/00014_id00282_iTsqWj6GEbo.npz,-6.057412147521973,-6.057412147521973,4.592014312744141,1
FakeVideo-RealAudio/Caucasian (European)/men/id00498/00014_id00282_wavtolip.npz,-5.941441535949707,-5.941441535949707,4.640050411224365,1
FakeVideo-RealAudio/Caucasian (European)/men/id00498/00014_id00292_qELK8N_DykA.npz,-5.933501243591309,-5.933501243591309,4.581237316131592,1
FakeVideo-RealAudio/Caucasian (European)/men/id00498/00014_id00368_KohcGDsg29U.npz,-6.117441654205322,-6.117441654205322,4.531198024749756,1
FakeVideo-RealAudio/Caucasian (European)/men/id00498/00014_id00415_wavtolip.npz,-6.292061805725098,-6.292061805725098,4.7106733322143555,1
FakeVideo-RealAudio/Caucasian (European)/men/id00498/00014_id00520_wavtolip.npz,-3.028318405151367,-3.028318405151367,4.651303291320801,1
FakeVideo-RealAudio/Caucasian (European)/men/id00498/00014_id00559_Y7ovoKuvL78.npz,-3.3951854705810547,-3.3951854705810547,4.615967273712158,1
FakeVideo-RealAudio/Caucasian (European)/men/id00498/00014_id00999_wavtolip.npz,-5.950092792510986,-5.950092792510986,4.52520751953125,1
FakeVideo-RealAudio/Caucasian (European)/men/id00498/00014_id01052_wavtolip.npz,-4.602668762207031,-4.602668762207031,4.647973537445068,1
FakeVideo-RealAudio/Caucasian (European)/men/id00498/00014_id01098_wavtolip.npz,-1.6647652387619019,-1.6647652387619019,4.699880123138428,1
FakeVideo-RealAudio/Caucasian (European)/men/id00498/00014_id01123_Xid_-DpIHX4.npz,-5.74782133102417,-5.74782133102417,4.621469497680664,1
FakeVideo-RealAudio/Caucasian (European)/men/id00498/00014_id01123_wavtolip.npz,-6.3852386474609375,-6.3852386474609375,4.510095596313477,1
FakeVideo-RealAudio/Caucasian (European)/men/id00498/00014_id03205_wavtolip.npz,-4.471931457519531,-4.471931457519531,4.667470455169678,1
FakeVideo-RealAudio/Caucasian (European)/men/id00063/00021_id00055_XzCF6sJ8Axc.npz,-4.919789791107178,-4.919789791107178,4.981956481933594,1
FakeVideo-RealAudio/Caucasian (European)/men/id00063/00021_id00055_wavtolip.npz,-3.8371047973632812,-3.8371047973632812,4.79176664352417,1
FakeVideo-RealAudio/Caucasian (European)/men/id00063/00021_id00185_wavtolip.npz,-5.46280574798584,-5.46280574798584,4.914844036102295,1
FakeVideo-RealAudio/Caucasian (European)/men/id00063/00021_id00225_wavtolip.npz,-6.187395095825195,-6.187395095825195,4.926355838775635,1
FakeVideo-RealAudio/Caucasian (European)/men/id00063/00021_id00241_DlI4wqSFwbI.npz,-5.988284111022949,-5.988284111022949,5.061167240142822,1
FakeVideo-RealAudio/Caucasian (European)/men/id00063/00021_id00241_wavtolip.npz,-6.157233238220215,-6.157233238220215,4.883037090301514,1
FakeVideo-RealAudio/Caucasian (European)/men/id00063/00021_id00253_wavtolip.npz,-6.403195381164551,-6.403195381164551,4.635805606842041,1
FakeVideo-RealAudio/Caucasian (European)/men/id00063/00021_id00282_iTsqWj6GEbo.npz,-6.052903652191162,-6.052903652191162,4.994009494781494,1
FakeVideo-RealAudio/Caucasian (European)/men/id00063/00021_id00306_wavtolip.npz,-6.200437545776367,-6.200437545776367,4.947052478790283,1
FakeVideo-RealAudio/Caucasian (European)/men/id00063/00021_id00358_vsVwGKy79kM.npz,-5.880362510681152,-5.880362510681152,5.0024566650390625,1
FakeVideo-RealAudio/Caucasian (European)/men/id00063/00021_id00358_vsVwGKy79kM_faceswap.npz,-6.142117500305176,-6.142117500305176,4.987123966217041,1
FakeVideo-RealAudio/Caucasian (European)/men/id00063/00021_id00368_wavtolip.npz,-6.176264762878418,-6.176264762878418,4.902663707733154,1
FakeVideo-RealAudio/Caucasian (European)/men/id00063/00021_id00535_BhvTIJ-YG5s.npz,-5.885644435882568,-5.885644435882568,5.062782287597656,1
FakeVideo-RealAudio/Caucasian (European)/men/id00063/00021_id00919_XDUn0Pskyrk.npz,-5.9899396896362305,-5.9899396896362305,5.010145664215088,1
FakeVideo-RealAudio/Caucasian (European)/men/id00063/00021_id00999_wavtolip.npz,-5.9928693771362305,-5.9928693771362305,4.8410186767578125,1
FakeVideo-RealAudio/Caucasian (European)/men/id00063/00021_id01052_wavtolip.npz,-5.997864723205566,-5.997864723205566,4.783614158630371,1
FakeVideo-RealAudio/Caucasian (European)/men/id00063/00021_id01123_wavtolip.npz,-6.183911323547363,-6.183911323547363,4.834090709686279,1
FakeVideo-RealAudio/Caucasian (European)/men/id00063/00021_id01156_RT99eogJo4k.npz,-5.781699180603027,-5.781699180603027,5.024478912353516,1
FakeVideo-RealAudio/Caucasian (European)/men/id00063/00021_id01157_yDgqfOWVKko.npz,-6.016873359680176,-6.016873359680176,5.014687538146973,1
FakeVideo-RealAudio/Caucasian (European)/men/id00063/00021_id02567_4Ao5jgpSXdw.npz,-6.143362045288086,-6.143362045288086,4.974715709686279,1
FakeVideo-RealAudio/Caucasian (European)/men/id00063/00021_id03205_gXytNIcANKw.npz,-5.88924503326416,-5.88924503326416,4.974480628967285,1
FakeVideo-RealAudio/Caucasian (European)/men/id00946/00126_0.npz,-4.0609517097473145,-4.0609517097473145,4.697803497314453,1
FakeVideo-RealAudio/Caucasian (European)/men/id00946/00126_id00171_PWU6n0qrv4c.npz,-5.967888832092285,-5.967888832092285,4.599604606628418,1
FakeVideo-RealAudio/Caucasian (European)/men/id00946/00126_id00183_wavtolip.npz,-4.301510810852051,-4.301510810852051,4.607924461364746,1
FakeVideo-RealAudio/Caucasian (European)/men/id00946/00126_id00358_vsVwGKy79kM.npz,-5.436689853668213,-5.436689853668213,4.744480609893799,1
FakeVideo-RealAudio/Caucasian (European)/men/id00946/00126_id00520_dOAxKi1t6GI.npz,-5.952025413513184,-5.952025413513184,4.659952163696289,1
FakeVideo-RealAudio/Caucasian (European)/men/id00946/00126_id00559_wavtolip.npz,-5.888271808624268,-5.888271808624268,4.6448211669921875,1
FakeVideo-RealAudio/Caucasian (European)/men/id00946/00126_id00594_2WHHoksbeVw.npz,-5.430981636047363,-5.430981636047363,4.748558521270752,1
FakeVideo-RealAudio/Caucasian (European)/men/id00946/00126_id00594_wavtolip.npz,-3.3591394424438477,-3.3591394424438477,4.672686576843262,1
FakeVideo-RealAudio/Caucasian (European)/men/id00946/00126_id00709_Rh23ELMGsIQ.npz,-5.660431861877441,-5.660431861877441,4.7682905197143555,1
FakeVideo-RealAudio/Caucasian (European)/men/id00946/00126_id00919_XDUn0Pskyrk.npz,-5.5656585693359375,-5.5656585693359375,4.673757553100586,1
FakeVideo-RealAudio/Caucasian (European)/men/id00946/00126_id00963_wavtolip.npz,-6.3675103187561035,-6.3675103187561035,4.703512191772461,1
FakeVideo-RealAudio/Caucasian (European)/men/id00946/00126_id00990_G-qzOIgxEoE.npz,-5.345597267150879,-5.345597267150879,4.683591365814209,1
FakeVideo-RealAudio/Caucasian (European)/men/id00946/00126_id00990_G-qzOIgxEoE_faceswap.npz,-5.928799629211426,-5.928799629211426,4.571000099182129,1
FakeVideo-RealAudio/Caucasian (European)/men/id00946/00126_id00990_wavtolip.npz,-3.806178569793701,-3.806178569793701,4.582355976104736,1
FakeVideo-RealAudio/Caucasian (European)/men/id00946/00126_id00999_SjnM4XFBz0M.npz,-5.958591938018799,-5.958591938018799,4.589892387390137,1
FakeVideo-RealAudio/Caucasian (European)/men/id00946/00126_id01058_wavtolip.npz,-6.369904518127441,-6.369904518127441,4.604588031768799,1
FakeVideo-RealAudio/Caucasian (European)/men/id00946/00126_id01098_BwmSumx6P1U.npz,-5.529826641082764,-5.529826641082764,4.773414134979248,1
FakeVideo-RealAudio/Caucasian (European)/men/id00946/00126_id01099_ZpgbIKxzkrg.npz,-5.403534889221191,-5.403534889221191,4.652355194091797,1
FakeVideo-RealAudio/Caucasian (European)/men/id00946/00126_id01123_wavtolip.npz,-6.3730854988098145,-6.3730854988098145,4.59056282043457,1
FakeVideo-RealAudio/Caucasian (European)/men/id00946/00126_id01126_wavtolip.npz,-6.298651695251465,-6.298651695251465,4.574261665344238,1
FakeVideo-RealAudio/Caucasian (European)/men/id00946/00126_id01154_wavtolip.npz,-6.3487725257873535,-6.3487725257873535,4.669896602630615,1
FakeVideo-RealAudio/Caucasian (European)/men/id00946/00126_id03205_wavtolip.npz,-4.837961196899414,-4.837961196899414,4.593481063842773,1
FakeVideo-RealAudio/Caucasian (European)/women/id01001/00086_id00068_wavtolip.npz,-4.643150329589844,-4.643150329589844,4.81316614151001,1
FakeVideo-RealAudio/Caucasian (European)/women/id01001/00086_id00188_e-vm5FB3idA.npz,-5.870172500610352,-5.870172500610352,4.873547554016113,1
FakeVideo-RealAudio/Caucasian (European)/women/id01001/00086_id00234_wavtolip.npz,-6.132230758666992,-6.132230758666992,4.773056507110596,1
FakeVideo-RealAudio/Caucasian (European)/women/id01001/00086_id00262_3p7sRWAAh1Q.npz,-5.91609001159668,-5.91609001159668,4.894381999969482,1
FakeVideo-RealAudio/Caucasian (European)/women/id01001/00086_id00262_wavtolip.npz,-6.033657073974609,-6.033657073974609,4.730386257171631,1
FakeVideo-RealAudio/Caucasian (European)/women/id01001/00086_id00287_wavtolip.npz,-6.361081600189209,-6.361081600189209,4.522698879241943,1
FakeVideo-RealAudio/Caucasian (European)/women/id01001/00086_id00332__zNddcZV1EU.npz,-5.655655860900879,-5.655655860900879,4.873596668243408,1
FakeVideo-RealAudio/Caucasian (European)/women/id01001/00086_id00374_w1qI7y9AGTc.npz,-5.785172462463379,-5.785172462463379,4.899608135223389,1
FakeVideo-RealAudio/Caucasian (European)/women/id01001/00086_id00403_wavtolip.npz,-6.071457862854004,-6.071457862854004,4.798800468444824,1
FakeVideo-RealAudio/Caucasian (European)/women/id01001/00086_id00434_wavtolip.npz,-6.0186967849731445,-6.0186967849731445,4.765026092529297,1
FakeVideo-RealAudio/Caucasian (European)/women/id01001/00086_id00569_gSynmpwioV4.npz,-6.0765838623046875,-6.0765838623046875,4.8761305809021,1
FakeVideo-RealAudio/Caucasian (European)/women/id01001/00086_id00569_wavtolip.npz,-6.2299628257751465,-6.2299628257751465,4.672339916229248,1
FakeVideo-RealAudio/Caucasian (European)/women/id01001/00086_id00633_UXrTMta1EDM.npz,-6.012154579162598,-6.012154579162598,4.88071346282959,1
FakeVideo-RealAudio/Caucasian (European)/women/id01001/00086_id00633_UXrTMta1EDM_faceswap.npz,-6.059123992919922,-6.059123992919922,4.8130106925964355,1
FakeVideo-RealAudio/Caucasian (European)/women/id01001/00086_id00735_ivJSkq5hGOQ.npz,-5.940526008605957,-5.940526008605957,4.881540298461914,1
FakeVideo-RealAudio/Caucasian (European)/women/id01001/00086_id01002_eQTviHjyISo.npz,-5.677702903747559,-5.677702903747559,4.88924503326416,1
FakeVideo-RealAudio/Caucasian (European)/women/id01001/00086_id01018_wavtolip.npz,-5.96239709854126,-5.96239709854126,4.756996154785156,1
FakeVideo-RealAudio/Caucasian (European)/women/id01001/00086_id03649_wavtolip.npz,-6.198590278625488,-6.198590278625488,4.658505916595459,1
FakeVideo-RealAudio/Caucasian (European)/women/id01001/00086_id03816_XXD0yTNei50.npz,-6.084591388702393,-6.084591388702393,4.828147888183594,1
FakeVideo-RealAudio/Caucasian (European)/women/id01001/00086_id03858_wavtolip.npz,-5.358887672424316,-5.358887672424316,4.861387729644775,1
FakeVideo-RealAudio/Caucasian (European)/women/id00071/00014_id00188_e-vm5FB3idA.npz,1.591246485710144,1.591246485710144,4.627420425415039,1
FakeVideo-RealAudio/Caucasian (European)/women/id00071/00014_id00188_wavtolip.npz,-6.283901214599609,-6.283901214599609,4.516018867492676,1
FakeVideo-RealAudio/Caucasian (European)/women/id00071/00014_id00232_kL0cCveU1zg.npz,-0.9399043321609497,-0.9399043321609497,4.60350227355957,1
FakeVideo-RealAudio/Caucasian (European)/women/id00071/00014_id00262_3p7sRWAAh1Q.npz,-3.8708503246307373,-3.8708503246307373,4.588493347167969,1
FakeVideo-RealAudio/Caucasian (European)/women/id00071/00014_id00270_hoEQ70-sDME.npz,-3.498429536819458,-3.498429536819458,4.624109745025635,1
FakeVideo-RealAudio/Caucasian (European)/women/id00071/00014_id00330_wavtolip.npz,-6.1533403396606445,-6.1533403396606445,4.528244972229004,1
FakeVideo-RealAudio/Caucasian (European)/women/id00071/00014_id00379_fgkgYHCuk4g.npz,-3.7725584506988525,-3.7725584506988525,4.581319808959961,1
FakeVideo-RealAudio/Caucasian (European)/women/id00071/00014_id00581_7AxvP19LGKg.npz,-0.25894054770469666,-0.25894054770469666,4.576099395751953,1
FakeVideo-RealAudio/Caucasian (European)/women/id00071/00014_id00589_wavtolip.npz,-6.280813217163086,-6.280813217163086,4.627529621124268,1
FakeVideo-RealAudio/Caucasian (European)/women/id00071/00014_id00633_wavtolip.npz,-6.2875566482543945,-6.2875566482543945,4.596312046051025,1
FakeVideo-RealAudio/Caucasian (European)/women/id00071/00014_id00735_ivJSkq5hGOQ.npz,-3.8753416538238525,-3.8753416538238525,4.646093368530273,1
FakeVideo-RealAudio/Caucasian (European)/women/id00071/00014_id00813_wavtolip.npz,-6.296184539794922,-6.296184539794922,4.587962627410889,1
FakeVideo-RealAudio/Caucasian (European)/women/id00071/00014_id00897_0ayFw8JhoyI.npz,-3.980912208557129,-3.980912208557129,4.587693214416504,1
FakeVideo-RealAudio/Caucasian (European)/women/id00071/00014_id01001_wavtolip.npz,-6.264286994934082,-6.264286994934082,4.588613986968994,1
FakeVideo-RealAudio/Caucasian (European)/women/id00071/00014_id01018_wavtolip.npz,-6.266963958740234,-6.266963958740234,4.6064252853393555,1
FakeVideo-RealAudio/Caucasian (European)/women/id00071/00014_id03371_truKMXt8Dak.npz,1.700023889541626,1.700023889541626,4.6081414222717285,1
FakeVideo-RealAudio/Caucasian (European)/women/id00071/00014_id03371_truKMXt8Dak_faceswap.npz,-3.7176218032836914,-3.7176218032836914,4.631100654602051,1
FakeVideo-RealAudio/Caucasian (European)/women/id00071/00014_id03716_wavtolip.npz,-6.293609619140625,-6.293609619140625,4.553487777709961,1
FakeVideo-RealAudio/Caucasian (European)/women/id00071/00014_id03816_XXD0yTNei50.npz,2.3944437503814697,2.3944437503814697,4.609568119049072,1
FakeVideo-RealAudio/Caucasian (European)/women/id00071/00014_id03816_wavtolip.npz,-6.300204753875732,-6.300204753875732,4.3638081550598145,1
FakeVideo-RealAudio/Caucasian (European)/women/id00071/00014_id03844_wavtolip.npz,-6.286092758178711,-6.286092758178711,4.479611873626709,1
FakeVideo-RealAudio/Caucasian (European)/women/id00634/00078_0.npz,-4.773910999298096,-4.773910999298096,5.022414684295654,1
FakeVideo-RealAudio/Caucasian (European)/women/id00634/00078_id00234_wavtolip.npz,-5.8077521324157715,-5.8077521324157715,5.072299480438232,1
FakeVideo-RealAudio/Caucasian (European)/women/id00634/00078_id00287_wavtolip.npz,-6.303314208984375,-6.303314208984375,4.6078691482543945,1
FakeVideo-RealAudio/Caucasian (European)/women/id00634/00078_id00325_wavtolip.npz,-5.809152603149414,-5.809152603149414,5.0773515701293945,1
FakeVideo-RealAudio/Caucasian (European)/women/id00634/00078_id00373_wavtolip.npz,-5.797748565673828,-5.797748565673828,5.2767744064331055,1
FakeVideo-RealAudio/Caucasian (European)/women/id00634/00078_id00395_wM5kGJfTtEM.npz,-3.5772440433502197,-3.5772440433502197,5.226456642150879,1
FakeVideo-RealAudio/Caucasian (European)/women/id00634/00078_id00484_u7YTz8eFZv0.npz,-5.70451545715332,-5.70451545715332,5.1936163902282715,1
FakeVideo-RealAudio/Caucasian (European)/women/id00634/00078_id00491_wavtolip.npz,-6.254311561584473,-6.254311561584473,4.646191120147705,1
FakeVideo-RealAudio/Caucasian (European)/women/id00634/00078_id00495_E46aiMUC4A0.npz,-3.2517642974853516,-3.2517642974853516,5.2265496253967285,1
FakeVideo-RealAudio/Caucasian (European)/women/id00634/00078_id00569_wavtolip.npz,-6.223806381225586,-6.223806381225586,4.881080150604248,1
FakeVideo-RealAudio/Caucasian (European)/women/id00634/00078_id00581_7AxvP19LGKg.npz,-0.5886918306350708,-0.5886918306350708,5.239302158355713,1
FakeVideo-RealAudio/Caucasian (European)/women/id00634/00078_id00589_uOzKwYEVR6s.npz,-2.0496633052825928,-2.0496633052825928,5.236200332641602,1
FakeVideo-RealAudio/Caucasian (European)/women/id00634/00078_id00591_1Jo8xElXQMs.npz,-4.490116596221924,-4.490116596221924,5.244513988494873,1
FakeVideo-RealAudio/Caucasian (European)/women/id00634/00078_id00633_wavtolip.npz,-5.768209934234619,-5.768209934234619,5.171783447265625,1
FakeVideo-RealAudio/Caucasian (European)/women/id00634/00078_id00823_KgExwCvgrUk.npz,-1.3077219724655151,-1.3077219724655151,5.203856945037842,1
FakeVideo-RealAudio/Caucasian (European)/women/id00634/00078_id00826_MYagwzy91Yk.npz,-2.795522928237915,-2.795522928237915,5.207455158233643,1
FakeVideo-RealAudio/Caucasian (European)/women/id00634/00078_id00897_wavtolip.npz,-0.9433309435844421,-0.9433309435844421,5.235766887664795,1
FakeVideo-RealAudio/Caucasian (European)/women/id00634/00078_id01001_wavtolip.npz,-6.119040012359619,-6.119040012359619,4.809136390686035,1
FakeVideo-RealAudio/Caucasian (European)/women/id00634/00078_id03589_9NxOQlwpMys.npz,-3.800386428833008,-3.800386428833008,5.247565269470215,1
FakeVideo-RealAudio/Caucasian (European)/women/id00634/00078_id03649_389qfFqUddI.npz,-4.345163345336914,-4.345163345336914,5.195717811584473,1
FakeVideo-RealAudio/Caucasian (European)/women/id00634/00078_id03649_389qfFqUddI_faceswap.npz,-5.22874641418457,-5.22874641418457,5.249250888824463,1
FakeVideo-RealAudio/Caucasian (European)/women/id00634/00078_id03941_wavtolip.npz,-4.559876441955566,-4.559876441955566,4.651235103607178,1
FakeVideo-RealAudio/Caucasian (European)/women/id03589/00002_0.npz,-5.762315273284912,-5.762315273284912,5.0223870277404785,1
FakeVideo-RealAudio/Caucasian (European)/women/id03589/00002_id00068_A7uFnQw--bY.npz,-5.858950138092041,-5.858950138092041,5.09443473815918,1
FakeVideo-RealAudio/Caucasian (European)/women/id03589/00002_id00071_wavtolip.npz,-4.519245147705078,-4.519245147705078,4.801826477050781,1
FakeVideo-RealAudio/Caucasian (European)/women/id03589/00002_id00234_wavtolip.npz,-5.881782054901123,-5.881782054901123,5.059469699859619,1
FakeVideo-RealAudio/Caucasian (European)/women/id03589/00002_id00262_3p7sRWAAh1Q.npz,-5.848705291748047,-5.848705291748047,5.080718040466309,1
FakeVideo-RealAudio/Caucasian (European)/women/id03589/00002_id00270_wavtolip.npz,-5.966065406799316,-5.966065406799316,4.926229000091553,1
FakeVideo-RealAudio/Caucasian (European)/women/id03589/00002_id00287_2NpfYjyMsPM.npz,-5.794130325317383,-5.794130325317383,5.069016456604004,1
FakeVideo-RealAudio/Caucasian (European)/women/id03589/00002_id00332_wavtolip.npz,-5.9193243980407715,-5.9193243980407715,5.097119331359863,1
FakeVideo-RealAudio/Caucasian (European)/women/id03589/00002_id00374_wavtolip.npz,-5.993402004241943,-5.993402004241943,4.9488935470581055,1
FakeVideo-RealAudio/Caucasian (European)/women/id03589/00002_id00395_wM5kGJfTtEM.npz,-5.818324089050293,-5.818324089050293,5.040693283081055,1
FakeVideo-RealAudio/Caucasian (European)/women/id03589/00002_id00495_E46aiMUC4A0.npz,-5.813040733337402,-5.813040733337402,5.088030815124512,1
FakeVideo-RealAudio/Caucasian (European)/women/id03589/00002_id00495_E46aiMUC4A0_faceswap.npz,-5.773773670196533,-5.773773670196533,5.0468668937683105,1
FakeVideo-RealAudio/Caucasian (European)/women/id03589/00002_id00495_wavtolip.npz,-6.318727016448975,-6.318727016448975,4.7305474281311035,1
FakeVideo-RealAudio/Caucasian (European)/women/id03589/00002_id00496_SImaDcXQnh8.npz,-5.8479838371276855,-5.8479838371276855,5.135396480560303,1
FakeVideo-RealAudio/Caucasian (European)/women/id03589/00002_id00589_uOzKwYEVR6s.npz,-5.81736946105957,-5.81736946105957,5.10590124130249,1
FakeVideo-RealAudio/Caucasian (European)/women/id03589/00002_id00589_wavtolip.npz,-5.906861782073975,-5.906861782073975,5.053333759307861,1
FakeVideo-RealAudio/Caucasian (European)/women/id03589/00002_id00633_wavtolip.npz,-5.879580974578857,-5.879580974578857,5.137534141540527,1
FakeVideo-RealAudio/Caucasian (European)/women/id03589/00002_id00634_z5t9oJizDQg.npz,-5.862468242645264,-5.862468242645264,5.0932159423828125,1
FakeVideo-RealAudio/Caucasian (European)/women/id03589/00002_id03649_389qfFqUddI.npz,-5.652132034301758,-5.652132034301758,5.1108880043029785,1
FakeVideo-RealAudio/Caucasian (European)/women/id03589/00002_id03844_wavtolip.npz,-6.231374740600586,-6.231374740600586,4.699629306793213,1
FakeVideo-RealAudio/Caucasian (European)/women/id03589/00002_id03858_uKVqPfRf-ac.npz,-5.507876396179199,-5.507876396179199,5.083785057067871,1
FakeVideo-RealAudio/Caucasian (European)/women/id03589/00002_id03858_wavtolip.npz,-5.880826473236084,-5.880826473236084,5.033586025238037,1
FakeVideo-RealAudio/Caucasian (European)/women/id03620/00081_id00068_wavtolip.npz,-5.865630149841309,-5.865630149841309,4.938561916351318,1
FakeVideo-RealAudio/Caucasian (European)/women/id03620/00081_id00188_e-vm5FB3idA.npz,-1.190759301185608,-1.190759301185608,5.818417549133301,1
FakeVideo-RealAudio/Caucasian (European)/women/id03620/00081_id00270_wavtolip.npz,-5.8932647705078125,-5.8932647705078125,5.017763614654541,1
FakeVideo-RealAudio/Caucasian (European)/women/id03620/00081_id00287_2NpfYjyMsPM.npz,-1.1709887981414795,-1.1709887981414795,5.8045477867126465,1
FakeVideo-RealAudio/Caucasian (European)/women/id03620/00081_id00325_4vJtbNe0L98.npz,-1.2830570936203003,-1.2830570936203003,5.856644153594971,1
FakeVideo-RealAudio/Caucasian (European)/women/id03620/00081_id00328_wavtolip.npz,-5.938357353210449,-5.938357353210449,4.779587745666504,1
FakeVideo-RealAudio/Caucasian (European)/women/id03620/00081_id00365_XV-imLNJvfk.npz,-1.1402143239974976,-1.1402143239974976,5.826142311096191,1
FakeVideo-RealAudio/Caucasian (European)/women/id03620/00081_id00373_5NXv3Dxkd6E.npz,-1.2850016355514526,-1.2850016355514526,5.803539276123047,1
FakeVideo-RealAudio/Caucasian (European)/women/id03620/00081_id00374_w1qI7y9AGTc.npz,-0.6356821060180664,-0.6356821060180664,5.897788047790527,1
FakeVideo-RealAudio/Caucasian (European)/women/id03620/00081_id00379_wavtolip.npz,-6.129856109619141,-6.129856109619141,4.762311935424805,1
FakeVideo-RealAudio/Caucasian (European)/women/id03620/00081_id00496_SImaDcXQnh8.npz,-1.2416479587554932,-1.2416479587554932,5.835925579071045,1
FakeVideo-RealAudio/Caucasian (European)/women/id03620/00081_id00496_SImaDcXQnh8_faceswap.npz,-1.3908417224884033,-1.3908417224884033,5.831208229064941,1
FakeVideo-RealAudio/Caucasian (European)/women/id03620/00081_id00496_wavtolip.npz,-5.474696159362793,-5.474696159362793,5.446733474731445,1
FakeVideo-RealAudio/Caucasian (European)/women/id03620/00081_id00581_wavtolip.npz,-4.426334857940674,-4.426334857940674,5.291308403015137,1
FakeVideo-RealAudio/Caucasian (European)/women/id03620/00081_id00589_wavtolip.npz,-5.8850417137146,-5.8850417137146,5.034092903137207,1
FakeVideo-RealAudio/Caucasian (European)/women/id03620/00081_id00633_wavtolip.npz,-5.755508899688721,-5.755508899688721,5.163417816162109,1
FakeVideo-RealAudio/Caucasian (European)/women/id03620/00081_id00806_wavtolip.npz,-5.313527584075928,-5.313527584075928,5.615400314331055,1
FakeVideo-RealAudio/Caucasian (European)/women/id03620/00081_id01018_VNPt_GB5QiE.npz,-1.2450180053710938,-1.2450180053710938,5.880577087402344,1
FakeVideo-RealAudio/Caucasian (European)/women/id03620/00081_id03651_EjcoRkL6loI.npz,-1.1330758333206177,-1.1330758333206177,5.93105411529541,1
FakeVideo-RealAudio/Caucasian (European)/women/id03620/00081_id03844_AEAEN1Lns2c.npz,-1.1389212608337402,-1.1389212608337402,5.807805061340332,1
FakeVideo-RealAudio/Caucasian (European)/women/id03620/00081_id03844_wavtolip.npz,-6.219328880310059,-6.219328880310059,4.696963787078857,1
FakeVideo-RealAudio/Caucasian (European)/women/id00569/00239_0.npz,-5.431585311889648,-5.431585311889648,4.992729187011719,1
FakeVideo-RealAudio/Caucasian (European)/women/id00569/00239_1.npz,-5.898753643035889,-5.898753643035889,5.095746994018555,1
FakeVideo-RealAudio/Caucasian (European)/women/id00569/00239_2.npz,-4.381702423095703,-4.381702423095703,5.573421001434326,1
FakeVideo-RealAudio/Caucasian (European)/women/id00569/00239_id00068_wavtolip.npz,-6.188725471496582,-6.188725471496582,4.804865837097168,1
FakeVideo-RealAudio/Caucasian (European)/women/id00569/00239_id00188_e-vm5FB3idA.npz,-6.160665035247803,-6.160665035247803,4.833364009857178,1
FakeVideo-RealAudio/Caucasian (European)/women/id00569/00239_id00262_wavtolip.npz,-5.2098541259765625,-5.2098541259765625,4.764883995056152,1
FakeVideo-RealAudio/Caucasian (European)/women/id00569/00239_id00270_hoEQ70-sDME.npz,-6.180597305297852,-6.180597305297852,4.764446258544922,1
FakeVideo-RealAudio/Caucasian (European)/women/id00569/00239_id00328_wavtolip.npz,-6.231109142303467,-6.231109142303467,4.747959613800049,1
FakeVideo-RealAudio/Caucasian (European)/women/id00569/00239_id00330_wavtolip.npz,-4.709198474884033,-4.709198474884033,4.572576522827148,1
FakeVideo-RealAudio/Caucasian (European)/women/id00569/00239_id00373_5NXv3Dxkd6E.npz,-6.180135726928711,-6.180135726928711,4.766244411468506,1
FakeVideo-RealAudio/Caucasian (European)/women/id00569/00239_id00403_wavtolip.npz,-6.205009937286377,-6.205009937286377,4.721033573150635,1
FakeVideo-RealAudio/Caucasian (European)/women/id00569/00239_id00484_u7YTz8eFZv0.npz,-6.144979953765869,-6.144979953765869,4.805163860321045,1
FakeVideo-RealAudio/Caucasian (European)/women/id00569/00239_id00491_ShjiTWoOtM4.npz,-6.1717071533203125,-6.1717071533203125,4.8430914878845215,1
FakeVideo-RealAudio/Caucasian (European)/women/id00569/00239_id00491_wavtolip.npz,2.0212347507476807,2.0212347507476807,4.62462854385376,1
FakeVideo-RealAudio/Caucasian (European)/women/id00569/00239_id00633_UXrTMta1EDM.npz,-6.165358543395996,-6.165358543395996,4.797871112823486,1
FakeVideo-RealAudio/Caucasian (European)/women/id00569/00239_id00735_wavtolip.npz,-6.215435028076172,-6.215435028076172,4.741990566253662,1
FakeVideo-RealAudio/Caucasian (European)/women/id00569/00239_id00826_wavtolip.npz,-2.5951576232910156,-2.5951576232910156,4.815656661987305,1
FakeVideo-RealAudio/Caucasian (European)/women/id00569/00239_id00897_0ayFw8JhoyI.npz,-6.162332534790039,-6.162332534790039,4.772608757019043,1
FakeVideo-RealAudio/Caucasian (European)/women/id00569/00239_id01001_wavtolip.npz,-6.225516319274902,-6.225516319274902,4.6361403465271,1
FakeVideo-RealAudio/Caucasian (European)/women/id00569/00239_id01002_eQTviHjyISo.npz,-6.176867485046387,-6.176867485046387,4.766467094421387,1
FakeVideo-RealAudio/Caucasian (European)/women/id00569/00239_id01002_wavtolip.npz,-5.3062591552734375,-5.3062591552734375,4.695250988006592,1
FakeVideo-RealAudio/Caucasian (European)/women/id00569/00239_id01018_VNPt_GB5QiE.npz,-6.177674293518066,-6.177674293518066,4.838451385498047,1
FakeVideo-RealAudio/Caucasian (European)/women/id00569/00239_id03371_truKMXt8Dak.npz,-6.172629356384277,-6.172629356384277,4.779646396636963,1
FakeVideo-RealAudio/Caucasian (European)/women/id00365/00078_0.npz,-3.453702688217163,-3.453702688217163,5.083975315093994,1
FakeVideo-RealAudio/Caucasian (European)/women/id00365/00078_id00068_A7uFnQw--bY.npz,-5.009188175201416,-5.009188175201416,4.93533992767334,1
FakeVideo-RealAudio/Caucasian (European)/women/id00365/00078_id00232_kL0cCveU1zg.npz,-4.658924579620361,-4.658924579620361,4.942091464996338,1
FakeVideo-RealAudio/Caucasian (European)/women/id00365/00078_id00287_2NpfYjyMsPM.npz,-5.256028175354004,-5.256028175354004,4.930644512176514,1
FakeVideo-RealAudio/Caucasian (European)/women/id00365/00078_id00325_wavtolip.npz,-6.158735752105713,-6.158735752105713,4.815351486206055,1
FakeVideo-RealAudio/Caucasian (European)/women/id00365/00078_id00330_zCFFgGSIZ_s_faceswap.npz,-3.8032374382019043,-3.8032374382019043,4.815876007080078,1
FakeVideo-RealAudio/Caucasian (European)/women/id00365/00078_id00365_wavtolip.npz,-6.161733627319336,-6.161733627319336,4.924424648284912,1
FakeVideo-RealAudio/Caucasian (European)/women/id00365/00078_id00379_wavtolip.npz,-6.19882345199585,-6.19882345199585,4.865116119384766,1
FakeVideo-RealAudio/Caucasian (European)/women/id00365/00078_id00395_wavtolip.npz,-6.135678768157959,-6.135678768157959,4.784196853637695,1
FakeVideo-RealAudio/Caucasian (European)/women/id00365/00078_id00484_u7YTz8eFZv0.npz,-4.936652660369873,-4.936652660369873,4.9666361808776855,1
FakeVideo-RealAudio/Caucasian (European)/women/id00365/00078_id00495_E46aiMUC4A0.npz,-5.1323699951171875,-5.1323699951171875,5.003580570220947,1
FakeVideo-RealAudio/Caucasian (European)/women/id00365/00078_id00634_wavtolip.npz,-6.193990707397461,-6.193990707397461,4.961549758911133,1
FakeVideo-RealAudio/Caucasian (European)/women/id00365/00078_id00735_wavtolip.npz,-6.18088436126709,-6.18088436126709,4.832780361175537,1
FakeVideo-RealAudio/Caucasian (European)/women/id00365/00078_id00813_dKs9CWJIkSI.npz,-5.1597418785095215,-5.1597418785095215,4.927552223205566,1
FakeVideo-RealAudio/Caucasian (European)/women/id00365/00078_id00813_wavtolip.npz,-6.196779251098633,-6.196779251098633,4.992621421813965,1
FakeVideo-RealAudio/Caucasian (European)/women/id00365/00078_id00823_wavtolip.npz,-5.039590835571289,-5.039590835571289,4.668111801147461,1
FakeVideo-RealAudio/Caucasian (European)/women/id00365/00078_id01002_wavtolip.npz,-5.56502628326416,-5.56502628326416,4.772202491760254,1
FakeVideo-RealAudio/Caucasian (European)/women/id00365/00078_id03858_uKVqPfRf-ac.npz,-5.642508029937744,-5.642508029937744,4.939641952514648,1
FakeVideo-RealAudio/Caucasian (European)/women/id00365/00078_id03941_wavtolip.npz,-5.761538505554199,-5.761538505554199,4.580409049987793,1
FakeVideo-RealAudio/Caucasian (European)/women/id01002/00043_0.npz,-3.052840232849121,-3.052840232849121,5.380348205566406,1
FakeVideo-RealAudio/Caucasian (European)/women/id01002/00043_id00042_wavtolip.npz,-2.9079244136810303,-2.9079244136810303,4.661564350128174,1
FakeVideo-RealAudio/Caucasian (European)/women/id01002/00043_id00188_e-vm5FB3idA.npz,-4.165217876434326,-4.165217876434326,4.798818111419678,1
FakeVideo-RealAudio/Caucasian (European)/women/id01002/00043_id00232_wavtolip.npz,-6.27992057800293,-6.27992057800293,4.579946994781494,1
FakeVideo-RealAudio/Caucasian (European)/women/id01002/00043_id00270_wavtolip.npz,-6.295101165771484,-6.295101165771484,4.734867095947266,1
FakeVideo-RealAudio/Caucasian (European)/women/id01002/00043_id00287_2NpfYjyMsPM.npz,-4.374993324279785,-4.374993324279785,4.800103664398193,1
FakeVideo-RealAudio/Caucasian (European)/women/id01002/00043_id00325_4vJtbNe0L98.npz,-4.167241096496582,-4.167241096496582,4.795434474945068,1
FakeVideo-RealAudio/Caucasian (European)/women/id01002/00043_id00365_wavtolip.npz,-6.055624961853027,-6.055624961853027,4.768795967102051,1
FakeVideo-RealAudio/Caucasian (European)/women/id01002/00043_id00379_wavtolip.npz,-6.284427642822266,-6.284427642822266,4.792233943939209,1
FakeVideo-RealAudio/Caucasian (European)/women/id01002/00043_id00395_wavtolip.npz,-6.207149505615234,-6.207149505615234,4.803034782409668,1
FakeVideo-RealAudio/Caucasian (European)/women/id01002/00043_id00491_ShjiTWoOtM4.npz,-4.436723232269287,-4.436723232269287,4.796542167663574,1
FakeVideo-RealAudio/Caucasian (European)/women/id01002/00043_id00569_gSynmpwioV4.npz,-4.010734558105469,-4.010734558105469,4.78126859664917,1
FakeVideo-RealAudio/Caucasian (European)/women/id01002/00043_id00581_7AxvP19LGKg.npz,-4.417317867279053,-4.417317867279053,4.795806884765625,1
FakeVideo-RealAudio/Caucasian (European)/women/id01002/00043_id00633_UXrTMta1EDM.npz,-4.261449337005615,-4.261449337005615,4.767683029174805,1
FakeVideo-RealAudio/Caucasian (European)/women/id01002/00043_id00633_UXrTMta1EDM_faceswap.npz,-3.1624488830566406,-3.1624488830566406,4.735016822814941,1
FakeVideo-RealAudio/Caucasian (European)/women/id01002/00043_id00633_wavtolip.npz,-6.2819743156433105,-6.2819743156433105,4.656385898590088,1
FakeVideo-RealAudio/Caucasian (European)/women/id01002/00043_id00823_wavtolip.npz,-4.437533378601074,-4.437533378601074,4.68127965927124,1
FakeVideo-RealAudio/Caucasian (European)/women/id01002/00043_id01001_dHJc8dh9X8c.npz,-4.179701805114746,-4.179701805114746,4.824516296386719,1
FakeVideo-RealAudio/Caucasian (European)/women/id01002/00043_id03371_truKMXt8Dak.npz,-4.131195545196533,-4.131195545196533,4.8033928871154785,1
FakeVideo-RealAudio/Caucasian (European)/women/id01002/00043_id03620_wavtolip.npz,-3.7819128036499023,-3.7819128036499023,4.782401084899902,1
FakeVideo-RealAudio/Caucasian (European)/women/id01002/00043_id03651_EjcoRkL6loI.npz,-4.06148099899292,-4.06148099899292,4.783374786376953,1
FakeVideo-RealAudio/Caucasian (European)/women/id01002/00043_id03941_wavtolip.npz,-5.240224361419678,-5.240224361419678,4.665971279144287,1
FakeVideo-RealAudio/Caucasian (European)/women/id00373/00028_0.npz,-5.505495548248291,-5.505495548248291,5.4019060134887695,1
FakeVideo-RealAudio/Caucasian (European)/women/id00373/00028_id00188_e-vm5FB3idA.npz,-5.374943733215332,-5.374943733215332,5.5464768409729,1
FakeVideo-RealAudio/Caucasian (European)/women/id00373/00028_id00232_wavtolip.npz,-5.81189489364624,-5.81189489364624,5.003000259399414,1
FakeVideo-RealAudio/Caucasian (European)/women/id00373/00028_id00328_ytKnCbJSEcU.npz,-5.421233177185059,-5.421233177185059,5.530908584594727,1
FakeVideo-RealAudio/Caucasian (European)/women/id00373/00028_id00330_zCFFgGSIZ_s.npz,-5.377379417419434,-5.377379417419434,5.513545513153076,1
FakeVideo-RealAudio/Caucasian (European)/women/id00373/00028_id00374_w1qI7y9AGTc.npz,-4.997387886047363,-4.997387886047363,5.532354831695557,1
FakeVideo-RealAudio/Caucasian (European)/women/id00373/00028_id00379_wavtolip.npz,-6.116202354431152,-6.116202354431152,4.826869487762451,1
FakeVideo-RealAudio/Caucasian (European)/women/id00373/00028_id00434_wavtolip.npz,-5.505466461181641,-5.505466461181641,5.405723571777344,1
FakeVideo-RealAudio/Caucasian (European)/women/id00373/00028_id00484_u7YTz8eFZv0.npz,-5.410346508026123,-5.410346508026123,5.532989025115967,1
FakeVideo-RealAudio/Caucasian (European)/women/id00373/00028_id00484_wavtolip.npz,-6.128523826599121,-6.128523826599121,4.871123790740967,1
FakeVideo-RealAudio/Caucasian (European)/women/id00373/00028_id00495_E46aiMUC4A0.npz,-5.242025375366211,-5.242025375366211,5.529609203338623,1
FakeVideo-RealAudio/Caucasian (European)/women/id00373/00028_id00495_wavtolip.npz,-6.297815322875977,-6.297815322875977,4.713226318359375,1
FakeVideo-RealAudio/Caucasian (European)/women/id00373/00028_id00569_gSynmpwioV4.npz,-5.407344341278076,-5.407344341278076,5.523817539215088,1
FakeVideo-RealAudio/Caucasian (European)/women/id00373/00028_id00589_uOzKwYEVR6s.npz,-5.381072998046875,-5.381072998046875,5.519611358642578,1
FakeVideo-RealAudio/Caucasian (European)/women/id00373/00028_id00823_KgExwCvgrUk.npz,-5.376862049102783,-5.376862049102783,5.498689651489258,1
FakeVideo-RealAudio/Caucasian (European)/women/id00373/00028_id00823_wavtolip.npz,-3.3811426162719727,-3.3811426162719727,4.566228866577148,1
FakeVideo-RealAudio/Caucasian (European)/women/id00373/00028_id00897_0ayFw8JhoyI.npz,-5.078595161437988,-5.078595161437988,5.534285068511963,1
FakeVideo-RealAudio/Caucasian (European)/women/id00373/00028_id01001_wavtolip.npz,-6.097021579742432,-6.097021579742432,4.8303656578063965,1
FakeVideo-RealAudio/Caucasian (European)/women/id00373/00028_id03371_wavtolip.npz,-5.67294979095459,-5.67294979095459,5.1323041915893555,1
FakeVideo-RealAudio/Caucasian (European)/women/id00373/00028_id03620_wavtolip.npz,-1.1995582580566406,-1.1995582580566406,5.541876316070557,1
FakeVideo-RealAudio/Caucasian (European)/women/id00373/00028_id03941_wavtolip.npz,-6.245077133178711,-6.245077133178711,4.597591876983643,1
FakeVideo-RealAudio/Caucasian (European)/women/id03649/00001_0.npz,-5.166717529296875,-5.166717529296875,5.741076946258545,1
FakeVideo-RealAudio/Caucasian (European)/women/id03649/00001_id00068_A7uFnQw--bY.npz,-5.956992149353027,-5.956992149353027,4.837794780731201,1
FakeVideo-RealAudio/Caucasian (European)/women/id03649/00001_id00188_e-vm5FB3idA.npz,-6.01935338973999,-6.01935338973999,4.800441265106201,1
FakeVideo-RealAudio/Caucasian (European)/women/id03649/00001_id00271_wavtolip.npz,-6.386033058166504,-6.386033058166504,4.529036521911621,1
FakeVideo-RealAudio/Caucasian (European)/women/id03649/00001_id00325_4vJtbNe0L98.npz,-6.16178035736084,-6.16178035736084,4.86223840713501,1
FakeVideo-RealAudio/Caucasian (European)/women/id03649/00001_id00325_wavtolip.npz,-5.695584297180176,-5.695584297180176,4.753259658813477,1
FakeVideo-RealAudio/Caucasian (European)/women/id03649/00001_id00330_wavtolip.npz,-5.475680351257324,-5.475680351257324,4.624842166900635,1
FakeVideo-RealAudio/Caucasian (European)/women/id03649/00001_id00373_wavtolip.npz,-6.240272521972656,-6.240272521972656,4.828308582305908,1
FakeVideo-RealAudio/Caucasian (European)/women/id03649/00001_id00374_wavtolip.npz,-6.205357551574707,-6.205357551574707,4.863160610198975,1
FakeVideo-RealAudio/Caucasian (European)/women/id03649/00001_id00403_wavtolip.npz,-5.996897220611572,-5.996897220611572,4.81529426574707,1
FakeVideo-RealAudio/Caucasian (European)/women/id03649/00001_id00491_wavtolip.npz,-6.229545593261719,-6.229545593261719,4.677786827087402,1
FakeVideo-RealAudio/Caucasian (European)/women/id03649/00001_id00495_wavtolip.npz,-6.295742034912109,-6.295742034912109,4.724585056304932,1
FakeVideo-RealAudio/Caucasian (European)/women/id03649/00001_id00569_gSynmpwioV4.npz,-6.106435775756836,-6.106435775756836,4.741322040557861,1
FakeVideo-RealAudio/Caucasian (European)/women/id03649/00001_id00581_wavtolip.npz,-2.659928798675537,-2.659928798675537,4.7813544273376465,1
FakeVideo-RealAudio/Caucasian (European)/women/id03649/00001_id00589_uOzKwYEVR6s.npz,-6.000387191772461,-6.000387191772461,4.821404933929443,1
FakeVideo-RealAudio/Caucasian (European)/women/id03649/00001_id00591_1Jo8xElXQMs.npz,-6.15521764755249,-6.15521764755249,4.82590389251709,1
FakeVideo-RealAudio/Caucasian (European)/women/id03649/00001_id00633_UXrTMta1EDM.npz,-6.103961944580078,-6.103961944580078,4.741762638092041,1
FakeVideo-RealAudio/Caucasian (European)/women/id03649/00001_id00634_z5t9oJizDQg.npz,-5.868597507476807,-5.868597507476807,4.851449012756348,1
FakeVideo-RealAudio/Caucasian (European)/women/id03649/00001_id00634_z5t9oJizDQg_faceswap.npz,-6.1649580001831055,-6.1649580001831055,4.795433521270752,1
FakeVideo-RealAudio/Caucasian (European)/women/id03649/00001_id00823_wavtolip.npz,-5.175201416015625,-5.175201416015625,4.785874366760254,1
FakeVideo-RealAudio/Caucasian (European)/women/id03649/00001_id00826_MYagwzy91Yk.npz,-6.097165107727051,-6.097165107727051,4.867566108703613,1
FakeVideo-RealAudio/Caucasian (European)/women/id03649/00001_id03589_9NxOQlwpMys.npz,-6.157553672790527,-6.157553672790527,4.842576026916504,1
FakeVideo-RealAudio/Caucasian (European)/women/id00379/00043_id00071_wavtolip.npz,-3.9064276218414307,-3.9064276218414307,4.721800327301025,1
FakeVideo-RealAudio/Caucasian (European)/women/id00379/00043_id00188_e-vm5FB3idA.npz,-6.040714263916016,-6.040714263916016,4.939837455749512,1
FakeVideo-RealAudio/Caucasian (European)/women/id00379/00043_id00262_3p7sRWAAh1Q.npz,-6.0641326904296875,-6.0641326904296875,4.967456817626953,1
FakeVideo-RealAudio/Caucasian (European)/women/id00379/00043_id00270_hoEQ70-sDME.npz,-6.076416969299316,-6.076416969299316,4.975836753845215,1
FakeVideo-RealAudio/Caucasian (European)/women/id00379/00043_id00287_2NpfYjyMsPM.npz,-6.076589584350586,-6.076589584350586,4.85984468460083,1
FakeVideo-RealAudio/Caucasian (European)/women/id00379/00043_id00328_wavtolip.npz,-6.164597511291504,-6.164597511291504,4.938043117523193,1
FakeVideo-RealAudio/Caucasian (European)/women/id00379/00043_id00330_wavtolip.npz,-5.2379150390625,-5.2379150390625,4.8580641746521,1
FakeVideo-RealAudio/Caucasian (European)/women/id00379/00043_id00491_wavtolip.npz,2.880267858505249,2.880267858505249,4.71571159362793,1
FakeVideo-RealAudio/Caucasian (European)/women/id00379/00043_id00496_SImaDcXQnh8.npz,-6.065691947937012,-6.065691947937012,4.954254150390625,1
FakeVideo-RealAudio/Caucasian (European)/women/id00379/00043_id00569_wavtolip.npz,-6.216403961181641,-6.216403961181641,4.835566997528076,1
FakeVideo-RealAudio/Caucasian (European)/women/id00379/00043_id00581_wavtolip.npz,-2.767747163772583,-2.767747163772583,4.905923843383789,1
FakeVideo-RealAudio/Caucasian (European)/women/id00379/00043_id00633_UXrTMta1EDM.npz,-6.087602615356445,-6.087602615356445,4.933225154876709,1
FakeVideo-RealAudio/Caucasian (European)/women/id00379/00043_id00633_UXrTMta1EDM_faceswap.npz,-6.0762104988098145,-6.0762104988098145,4.906228542327881,1
FakeVideo-RealAudio/Caucasian (European)/women/id00379/00043_id00806_0sk9s9lFIAk.npz,-6.1034722328186035,-6.1034722328186035,4.937600135803223,1
FakeVideo-RealAudio/Caucasian (European)/women/id00379/00043_id00823_wavtolip.npz,-3.2893824577331543,-3.2893824577331543,4.61357307434082,1
FakeVideo-RealAudio/Caucasian (European)/women/id00379/00043_id00897_0ayFw8JhoyI.npz,-6.086639404296875,-6.086639404296875,4.8549323081970215,1
FakeVideo-RealAudio/Caucasian (European)/women/id00379/00043_id00897_wavtolip.npz,2.2855992317199707,2.2855992317199707,4.964516639709473,1
FakeVideo-RealAudio/Caucasian (European)/women/id00379/00043_id03371_wavtolip.npz,-6.081446647644043,-6.081446647644043,4.767245292663574,1
FakeVideo-RealAudio/Caucasian (European)/women/id00379/00043_id03651_wavtolip.npz,-5.169825553894043,-5.169825553894043,4.688283443450928,1
FakeVideo-RealAudio/Caucasian (European)/women/id00379/00043_id03716_s-lxbGafZQA.npz,-6.006541728973389,-6.006541728973389,4.942434310913086,1
FakeVideo-RealAudio/Caucasian (European)/women/id00332/00293_0.npz,-2.3349647521972656,-2.3349647521972656,4.963055610656738,1
FakeVideo-RealAudio/Caucasian (European)/women/id00332/00293_id00188_wavtolip.npz,-6.229469299316406,-6.229469299316406,4.761174201965332,1
FakeVideo-RealAudio/Caucasian (European)/women/id00332/00293_id00234_M3g5KRLJB60.npz,-5.913856506347656,-5.913856506347656,5.179346084594727,1
FakeVideo-RealAudio/Caucasian (European)/women/id00332/00293_id00270_hoEQ70-sDME.npz,-5.89335823059082,-5.89335823059082,5.127007007598877,1
FakeVideo-RealAudio/Caucasian (European)/women/id00332/00293_id00270_wavtolip.npz,-4.8931756019592285,-4.8931756019592285,4.991331100463867,1
FakeVideo-RealAudio/Caucasian (European)/women/id00332/00293_id00287_wavtolip.npz,-6.358497619628906,-6.358497619628906,4.638195037841797,1
FakeVideo-RealAudio/Caucasian (European)/women/id00332/00293_id00330_zCFFgGSIZ_s.npz,-5.901617050170898,-5.901617050170898,5.141872406005859,1
FakeVideo-RealAudio/Caucasian (European)/women/id00332/00293_id00365_wavtolip.npz,-6.167496681213379,-6.167496681213379,4.8751540184021,1
FakeVideo-RealAudio/Caucasian (European)/women/id00332/00293_id00434_HPXkk-HGXVI.npz,-5.910703659057617,-5.910703659057617,5.239097595214844,1
FakeVideo-RealAudio/Caucasian (European)/women/id00332/00293_id00496_wavtolip.npz,-5.9035468101501465,-5.9035468101501465,5.000411510467529,1
FakeVideo-RealAudio/Caucasian (European)/women/id00332/00293_id00581_wavtolip.npz,-3.941530227661133,-3.941530227661133,5.190981864929199,1
FakeVideo-RealAudio/Caucasian (European)/women/id00332/00293_id00591_1Jo8xElXQMs.npz,-5.908689498901367,-5.908689498901367,5.151946544647217,1
FakeVideo-RealAudio/Caucasian (European)/women/id00332/00293_id00591_wavtolip.npz,-6.356264114379883,-6.356264114379883,4.806417465209961,1
FakeVideo-RealAudio/Caucasian (European)/women/id00332/00293_id00633_UXrTMta1EDM.npz,-5.909309387207031,-5.909309387207031,5.164196491241455,1
FakeVideo-RealAudio/Caucasian (European)/women/id00332/00293_id00826_wavtolip.npz,-5.48301362991333,-5.48301362991333,5.039587497711182,1
FakeVideo-RealAudio/Caucasian (European)/women/id00332/00293_id00897_0ayFw8JhoyI.npz,-5.899600982666016,-5.899600982666016,5.116304874420166,1
FakeVideo-RealAudio/Caucasian (European)/women/id00332/00293_id01018_wavtolip.npz,-5.895191669464111,-5.895191669464111,5.026718616485596,1
FakeVideo-RealAudio/Caucasian (European)/women/id00332/00293_id03371_wavtolip.npz,-5.899550914764404,-5.899550914764404,5.055169582366943,1
FakeVideo-RealAudio/Caucasian (European)/women/id00332/00293_id03858_uKVqPfRf-ac.npz,-5.865050792694092,-5.865050792694092,5.129612445831299,1
FakeVideo-RealAudio/Caucasian (European)/women/id00325/00015_id00042_4yuJSkaZwn0.npz,-5.83107852935791,-5.83107852935791,5.058148384094238,1
FakeVideo-RealAudio/Caucasian (European)/women/id00325/00015_id00042_4yuJSkaZwn0_faceswap.npz,-5.806274890899658,-5.806274890899658,5.084021091461182,1
FakeVideo-RealAudio/Caucasian (European)/women/id00325/00015_id00042_wavtolip.npz,-1.3776118755340576,-1.3776118755340576,4.822112083435059,1
FakeVideo-RealAudio/Caucasian (European)/women/id00325/00015_id00188_wavtolip.npz,-6.229593276977539,-6.229593276977539,4.615160942077637,1
FakeVideo-RealAudio/Caucasian (European)/women/id00325/00015_id00262_wavtolip.npz,-5.844038486480713,-5.844038486480713,5.036467552185059,1
FakeVideo-RealAudio/Caucasian (European)/women/id00325/00015_id00287_2NpfYjyMsPM.npz,-5.816005229949951,-5.816005229949951,5.0521087646484375,1
FakeVideo-RealAudio/Caucasian (European)/women/id00325/00015_id00365_XV-imLNJvfk.npz,-5.809429168701172,-5.809429168701172,5.046442985534668,1
FakeVideo-RealAudio/Caucasian (European)/women/id00325/00015_id00569_wavtolip.npz,-6.21141242980957,-6.21141242980957,4.790607929229736,1
FakeVideo-RealAudio/Caucasian (European)/women/id00325/00015_id00581_wavtolip.npz,-3.1971447467803955,-3.1971447467803955,5.105693817138672,1
FakeVideo-RealAudio/Caucasian (European)/women/id00325/00015_id00589_wavtolip.npz,-5.545814037322998,-5.545814037322998,4.969164848327637,1
FakeVideo-RealAudio/Caucasian (European)/women/id00325/00015_id00591_1Jo8xElXQMs.npz,-5.8232035636901855,-5.8232035636901855,5.121243000030518,1
FakeVideo-RealAudio/Caucasian (European)/women/id00325/00015_id00591_wavtolip.npz,-6.35436487197876,-6.35436487197876,4.569296836853027,1
FakeVideo-RealAudio/Caucasian (European)/women/id00325/00015_id00633_UXrTMta1EDM.npz,-5.792126655578613,-5.792126655578613,5.0272955894470215,1
FakeVideo-RealAudio/Caucasian (European)/women/id00325/00015_id00897_0ayFw8JhoyI.npz,-5.822404861450195,-5.822404861450195,5.049367904663086,1
FakeVideo-RealAudio/Caucasian (European)/women/id00325/00015_id01002_eQTviHjyISo.npz,-5.828317642211914,-5.828317642211914,5.037499904632568,1
FakeVideo-RealAudio/Caucasian (European)/women/id00325/00015_id03371_wavtolip.npz,-5.841264247894287,-5.841264247894287,5.003015995025635,1
FakeVideo-RealAudio/Caucasian (European)/women/id00325/00015_id03620_YkXM5A8w07E.npz,-5.733883857727051,-5.733883857727051,5.055054187774658,1
FakeVideo-RealAudio/Caucasian (European)/women/id00325/00015_id03649_389qfFqUddI.npz,-5.7989654541015625,-5.7989654541015625,5.076002597808838,1
FakeVideo-RealAudio/Caucasian (European)/women/id00325/00015_id03649_wavtolip.npz,-6.194770336151123,-6.194770336151123,4.705249786376953,1
FakeVideo-RealAudio/Caucasian (European)/women/id00325/00015_id03651_EjcoRkL6loI.npz,-5.804830551147461,-5.804830551147461,5.054811000823975,1
FakeVideo-RealAudio/Caucasian (European)/women/id00325/00015_id03858_wavtolip.npz,-5.843228340148926,-5.843228340148926,5.073125839233398,1
FakeVideo-RealAudio/Caucasian (European)/women/id03716/00040_0.npz,-5.787359237670898,-5.787359237670898,4.967291831970215,1
FakeVideo-RealAudio/Caucasian (European)/women/id03716/00040_id00068_wavtolip.npz,-5.766911506652832,-5.766911506652832,5.036725044250488,1
FakeVideo-RealAudio/Caucasian (European)/women/id03716/00040_id00234_wavtolip.npz,-5.795870304107666,-5.795870304107666,5.164373874664307,1
FakeVideo-RealAudio/Caucasian (European)/women/id03716/00040_id00328_wavtolip.npz,-6.162229061126709,-6.162229061126709,4.790833950042725,1
FakeVideo-RealAudio/Caucasian (European)/women/id03716/00040_id00330_wavtolip.npz,-3.680795669555664,-3.680795669555664,5.061087131500244,1
FakeVideo-RealAudio/Caucasian (European)/women/id03716/00040_id00332__zNddcZV1EU.npz,-5.480828762054443,-5.480828762054443,5.404175281524658,1
FakeVideo-RealAudio/Caucasian (European)/women/id03716/00040_id00365_XV-imLNJvfk.npz,-5.47367525100708,-5.47367525100708,5.43499231338501,1
FakeVideo-RealAudio/Caucasian (European)/women/id03716/00040_id00365_wavtolip.npz,-6.20491361618042,-6.20491361618042,4.762906074523926,1
FakeVideo-RealAudio/Caucasian (European)/women/id03716/00040_id00373_wavtolip.npz,-5.52240514755249,-5.52240514755249,5.538139343261719,1
FakeVideo-RealAudio/Caucasian (European)/women/id03716/00040_id00379_fgkgYHCuk4g.npz,-5.466569900512695,-5.466569900512695,5.4081010818481445,1
FakeVideo-RealAudio/Caucasian (European)/women/id03716/00040_id00395_wM5kGJfTtEM.npz,-5.477713584899902,-5.477713584899902,5.414722442626953,1
FakeVideo-RealAudio/Caucasian (European)/women/id03716/00040_id00591_1Jo8xElXQMs.npz,-5.474096298217773,-5.474096298217773,5.412998199462891,1
FakeVideo-RealAudio/Caucasian (European)/women/id03716/00040_id00633_UXrTMta1EDM.npz,-5.47011661529541,-5.47011661529541,5.442504405975342,1
FakeVideo-RealAudio/Caucasian (European)/women/id03716/00040_id00633_wavtolip.npz,-5.751307010650635,-5.751307010650635,5.284595489501953,1
FakeVideo-RealAudio/Caucasian (European)/women/id03716/00040_id00813_wavtolip.npz,-5.51495885848999,-5.51495885848999,5.452300548553467,1
FakeVideo-RealAudio/Caucasian (European)/women/id03716/00040_id00826_wavtolip.npz,-5.223342418670654,-5.223342418670654,4.964305400848389,1
FakeVideo-RealAudio/Caucasian (European)/women/id03716/00040_id00897_0ayFw8JhoyI.npz,-5.473005294799805,-5.473005294799805,5.360473155975342,1
FakeVideo-RealAudio/Caucasian (European)/women/id03716/00040_id03651_EjcoRkL6loI.npz,-5.462288856506348,-5.462288856506348,5.385072231292725,1
FakeVideo-RealAudio/Caucasian (European)/women/id03716/00040_id03651_EjcoRkL6loI_faceswap.npz,-5.4868245124816895,-5.4868245124816895,5.441715717315674,1
FakeVideo-RealAudio/Caucasian (European)/women/id03716/00040_id03716_wavtolip.npz,-5.075477600097656,-5.075477600097656,5.437461853027344,1
FakeVideo-RealAudio/Caucasian (European)/women/id03716/00040_id03816_XXD0yTNei50.npz,-5.4711809158325195,-5.4711809158325195,5.4043288230896,1
FakeVideo-RealAudio/Caucasian (European)/women/id03716/00040_id03858_uKVqPfRf-ac.npz,-5.474598407745361,-5.474598407745361,5.408852577209473,1
FakeVideo-RealAudio/Caucasian (European)/women/id00262/00028_0.npz,-5.89410400390625,-5.89410400390625,5.022976875305176,1
FakeVideo-RealAudio/Caucasian (European)/women/id00262/00028_id00068_wavtolip.npz,-4.95839262008667,-4.95839262008667,5.128243923187256,1
FakeVideo-RealAudio/Caucasian (European)/women/id00262/00028_id00071_JU1cVINUTZA.npz,-5.179342269897461,-5.179342269897461,5.758835315704346,1
FakeVideo-RealAudio/Caucasian (European)/women/id00262/00028_id00270_hoEQ70-sDME.npz,-5.160026550292969,-5.160026550292969,5.7758588790893555,1
FakeVideo-RealAudio/Caucasian (European)/women/id00262/00028_id00270_wavtolip.npz,-5.969917297363281,-5.969917297363281,4.923946857452393,1
FakeVideo-RealAudio/Caucasian (European)/women/id00262/00028_id00271_wavtolip.npz,-6.385518550872803,-6.385518550872803,4.536318302154541,1
FakeVideo-RealAudio/Caucasian (European)/women/id00262/00028_id00287_2NpfYjyMsPM.npz,-5.1907958984375,-5.1907958984375,5.738064765930176,1
FakeVideo-RealAudio/Caucasian (European)/women/id00262/00028_id00287_2NpfYjyMsPM_faceswap.npz,-5.090834617614746,-5.090834617614746,5.737029552459717,1
FakeVideo-RealAudio/Caucasian (European)/women/id00262/00028_id00365_wavtolip.npz,-6.191975116729736,-6.191975116729736,4.926843643188477,1
FakeVideo-RealAudio/Caucasian (European)/women/id00262/00028_id00373_wavtolip.npz,-5.453618049621582,-5.453618049621582,5.652853488922119,1
FakeVideo-RealAudio/Caucasian (European)/women/id00262/00028_id00395_wM5kGJfTtEM.npz,-5.151730060577393,-5.151730060577393,5.75438928604126,1
FakeVideo-RealAudio/Caucasian (European)/women/id00262/00028_id00495_E46aiMUC4A0.npz,-5.167751312255859,-5.167751312255859,5.739055633544922,1
FakeVideo-RealAudio/Caucasian (European)/women/id00262/00028_id00496_SImaDcXQnh8.npz,-5.191753387451172,-5.191753387451172,5.734001636505127,1
FakeVideo-RealAudio/Caucasian (European)/women/id00262/00028_id00496_wavtolip.npz,-5.486611366271973,-5.486611366271973,5.494665622711182,1
FakeVideo-RealAudio/Caucasian (European)/women/id00262/00028_id00633_UXrTMta1EDM.npz,-5.0835700035095215,-5.0835700035095215,5.781553268432617,1
FakeVideo-RealAudio/Caucasian (European)/women/id00262/00028_id00633_wavtolip.npz,-5.759941577911377,-5.759941577911377,5.106091022491455,1
FakeVideo-RealAudio/Caucasian (European)/women/id00262/00028_id00634_wavtolip.npz,-5.763219833374023,-5.763219833374023,5.313241481781006,1
FakeVideo-RealAudio/Caucasian (European)/women/id00262/00028_id00813_dKs9CWJIkSI.npz,-5.209681987762451,-5.209681987762451,5.750958442687988,1
FakeVideo-RealAudio/Caucasian (European)/women/id00262/00028_id00826_wavtolip.npz,-5.193791389465332,-5.193791389465332,5.036391735076904,1
FakeVideo-RealAudio/Caucasian (European)/women/id00262/00028_id03816_XXD0yTNei50.npz,-5.156702041625977,-5.156702041625977,5.773385524749756,1
FakeVideo-RealAudio/Caucasian (European)/women/id00262/00028_id03816_wavtolip.npz,-6.1574249267578125,-6.1574249267578125,4.659572124481201,1
FakeVideo-RealAudio/Caucasian (European)/women/id00262/00028_id03941_SsYtP8Ze88Q.npz,-5.181008338928223,-5.181008338928223,5.733088493347168,1
FakeVideo-RealAudio/Caucasian (European)/women/id00328/00092_0.npz,-5.1018877029418945,-5.1018877029418945,5.098607063293457,1
FakeVideo-RealAudio/Caucasian (European)/women/id00328/00092_id00068_wavtolip.npz,-6.100079536437988,-6.100079536437988,4.972338676452637,1
FakeVideo-RealAudio/Caucasian (European)/women/id00328/00092_id00188_e-vm5FB3idA.npz,-2.5209031105041504,-2.5209031105041504,4.9702301025390625,1
FakeVideo-RealAudio/Caucasian (European)/women/id00328/00092_id00188_wavtolip.npz,-6.1975860595703125,-6.1975860595703125,4.732961177825928,1
FakeVideo-RealAudio/Caucasian (European)/women/id00328/00092_id00232_kL0cCveU1zg.npz,-2.3059515953063965,-2.3059515953063965,4.951206684112549,1
FakeVideo-RealAudio/Caucasian (European)/women/id00328/00092_id00271_wavtolip.npz,-6.391331195831299,-6.391331195831299,4.620345115661621,1
FakeVideo-RealAudio/Caucasian (European)/women/id00328/00092_id00328_wavtolip.npz,-6.055552959442139,-6.055552959442139,4.843503952026367,1
FakeVideo-RealAudio/Caucasian (European)/women/id00328/00092_id00373_5NXv3Dxkd6E.npz,-2.5968270301818848,-2.5968270301818848,4.931687831878662,1
FakeVideo-RealAudio/Caucasian (European)/women/id00328/00092_id00395_wavtolip.npz,-6.185126781463623,-6.185126781463623,4.792820930480957,1
FakeVideo-RealAudio/Caucasian (European)/women/id00328/00092_id00403_n4LSCxzFr6o.npz,-2.8630058765411377,-2.8630058765411377,4.896490573883057,1
FakeVideo-RealAudio/Caucasian (European)/women/id00328/00092_id00484_u7YTz8eFZv0.npz,-2.1481752395629883,-2.1481752395629883,4.954594612121582,1
FakeVideo-RealAudio/Caucasian (European)/women/id00328/00092_id00484_u7YTz8eFZv0_faceswap.npz,-1.7177703380584717,-1.7177703380584717,4.959195613861084,1
FakeVideo-RealAudio/Caucasian (European)/women/id00328/00092_id00491_wavtolip.npz,-6.207404136657715,-6.207404136657715,4.690230369567871,1
FakeVideo-RealAudio/Caucasian (European)/women/id00328/00092_id00495_E46aiMUC4A0.npz,-2.9909143447875977,-2.9909143447875977,4.958460807800293,1
FakeVideo-RealAudio/Caucasian (European)/women/id00328/00092_id00569_wavtolip.npz,-6.20528507232666,-6.20528507232666,4.860115051269531,1
FakeVideo-RealAudio/Caucasian (European)/women/id00328/00092_id00735_wavtolip.npz,-6.144154071807861,-6.144154071807861,4.756874084472656,1
FakeVideo-RealAudio/Caucasian (European)/women/id00328/00092_id03371_truKMXt8Dak.npz,-2.443382978439331,-2.443382978439331,4.918451309204102,1
FakeVideo-RealAudio/Caucasian (European)/women/id00328/00092_id03620_YkXM5A8w07E.npz,-2.894041061401367,-2.894041061401367,4.926839351654053,1
FakeVideo-RealAudio/Caucasian (European)/women/id00328/00092_id03651_wavtolip.npz,-4.996410846710205,-4.996410846710205,4.679019927978516,1
FakeVideo-RealAudio/Caucasian (European)/women/id00328/00092_id03716_wavtolip.npz,-6.048246383666992,-6.048246383666992,4.788337707519531,1
FakeVideo-RealAudio/Caucasian (European)/women/id00328/00092_id03844_AEAEN1Lns2c.npz,-2.552058696746826,-2.552058696746826,4.947918891906738,1
FakeVideo-RealAudio/Caucasian (European)/women/id00328/00092_id03858_uKVqPfRf-ac.npz,-2.5170845985412598,-2.5170845985412598,4.915452003479004,1
FakeVideo-RealAudio/Caucasian (European)/women/id00589/00130_0.npz,-5.358275890350342,-5.358275890350342,4.769894599914551,1
FakeVideo-RealAudio/Caucasian (European)/women/id00589/00130_id00042_wavtolip.npz,-1.6263381242752075,-1.6263381242752075,4.847504138946533,1
FakeVideo-RealAudio/Caucasian (European)/women/id00589/00130_id00188_wavtolip.npz,-6.222851753234863,-6.222851753234863,4.5952301025390625,1
FakeVideo-RealAudio/Caucasian (European)/women/id00589/00130_id00232_wavtolip.npz,-5.927230358123779,-5.927230358123779,5.043212413787842,1
FakeVideo-RealAudio/Caucasian (European)/women/id00589/00130_id00262_wavtolip.npz,-5.8783721923828125,-5.8783721923828125,5.002303123474121,1
FakeVideo-RealAudio/Caucasian (European)/women/id00589/00130_id00270_wavtolip.npz,-5.961243629455566,-5.961243629455566,5.001791477203369,1
FakeVideo-RealAudio/Caucasian (European)/women/id00589/00130_id00271_je6JSLqEEcw.npz,-4.990531921386719,-4.990531921386719,5.031141757965088,1
FakeVideo-RealAudio/Caucasian (European)/women/id00589/00130_id00287_wavtolip.npz,-6.36424446105957,-6.36424446105957,4.754141807556152,1
FakeVideo-RealAudio/Caucasian (European)/women/id00589/00130_id00373_5NXv3Dxkd6E.npz,-4.776762962341309,-4.776762962341309,5.001344203948975,1
FakeVideo-RealAudio/Caucasian (European)/women/id00589/00130_id00495_E46aiMUC4A0.npz,-5.597833156585693,-5.597833156585693,5.029505729675293,1
FakeVideo-RealAudio/Caucasian (European)/women/id00589/00130_id00591_1Jo8xElXQMs.npz,-3.1199917793273926,-3.1199917793273926,5.003026962280273,1
FakeVideo-RealAudio/Caucasian (European)/women/id00589/00130_id00634_z5t9oJizDQg.npz,-4.70588493347168,-4.70588493347168,5.023873329162598,1
FakeVideo-RealAudio/Caucasian (European)/women/id00589/00130_id00634_z5t9oJizDQg_faceswap.npz,-2.7865633964538574,-2.7865633964538574,4.929941177368164,1
FakeVideo-RealAudio/Caucasian (European)/women/id00589/00130_id00735_wavtolip.npz,-6.009540557861328,-6.009540557861328,4.881225109100342,1
FakeVideo-RealAudio/Caucasian (European)/women/id00589/00130_id00813_wavtolip.npz,-5.945226669311523,-5.945226669311523,5.037064075469971,1
FakeVideo-RealAudio/Caucasian (European)/women/id00589/00130_id00897_0ayFw8JhoyI.npz,-3.1804041862487793,-3.1804041862487793,5.035369396209717,1
FakeVideo-RealAudio/Caucasian (European)/women/id00589/00130_id01002_wavtolip.npz,-5.7204670906066895,-5.7204670906066895,4.6218037605285645,1
FakeVideo-RealAudio/Caucasian (European)/women/id00589/00130_id03589_9NxOQlwpMys.npz,-4.4106950759887695,-4.4106950759887695,4.999822616577148,1
FakeVideo-RealAudio/Caucasian (European)/women/id00589/00130_id03589_wavtolip.npz,-5.940942287445068,-5.940942287445068,5.0660505294799805,1
FakeVideo-RealAudio/Caucasian (European)/women/id00589/00130_id03620_YkXM5A8w07E.npz,-5.01885461807251,-5.01885461807251,4.987594127655029,1
FakeVideo-RealAudio/Caucasian (European)/women/id00589/00130_id03649_389qfFqUddI.npz,-3.9341955184936523,-3.9341955184936523,4.977436542510986,1
FakeVideo-RealAudio/Caucasian (European)/women/id00589/00130_id03858_uKVqPfRf-ac.npz,-2.965594530105591,-2.965594530105591,4.997220516204834,1
RealVideo-FakeAudio/Asian (South)/men/id06354/00021_fake.npz,3.6775877475738525,3.6775877475738525,4.8010687828063965,1
RealVideo-FakeAudio/Asian (South)/men/id08314/00028_fake.npz,1.2715641260147095,1.2715641260147095,5.484447479248047,1
RealVideo-FakeAudio/Asian (South)/men/id07233/00010_fake.npz,0.09899687767028809,0.09899687767028809,4.730202674865723,1
RealVideo-FakeAudio/Asian (South)/men/id07179/00206_fake.npz,1.159080147743225,1.159080147743225,5.035651206970215,1
RealVideo-FakeAudio/Asian (South)/men/id00860/00154_fake.npz,0.014484524726867676,0.014484524726867676,4.773158550262451,1
RealVideo-FakeAudio/Asian (South)/men/id07768/00143_fake.npz,4.568356513977051,4.568356513977051,4.950191974639893,1
RealVideo-FakeAudio/Asian (South)/men/id00078/00114_fake.npz,-4.336433410644531,-4.336433410644531,4.981168746948242,1
RealVideo-FakeAudio/Asian (South)/men/id03599/00072_fake.npz,3.316934108734131,3.316934108734131,5.043966770172119,1
RealVideo-FakeAudio/Asian (South)/men/id00745/00165_fake.npz,-0.33554673194885254,-0.33554673194885254,4.642736434936523,1
RealVideo-FakeAudio/Asian (South)/men/id07161/00159_fake.npz,3.866128921508789,3.866128921508789,4.719712734222412,1
RealVideo-FakeAudio/Asian (South)/men/id04561/00248_fake.npz,3.0928359031677246,3.0928359031677246,4.840648651123047,1
RealVideo-FakeAudio/Asian (South)/men/id07463/00028_fake.npz,4.684601783752441,4.684601783752441,5.082061767578125,1
RealVideo-FakeAudio/Asian (South)/men/id07182/00040_fake.npz,0.19960236549377441,0.19960236549377441,4.846983432769775,1
RealVideo-FakeAudio/Asian (South)/men/id00459/00382_fake.npz,-0.4055674076080322,-0.4055674076080322,5.763293266296387,1
RealVideo-FakeAudio/Asian (South)/men/id04928/00027_fake.npz,0.363116979598999,0.363116979598999,5.0088677406311035,1
RealVideo-FakeAudio/Asian (South)/men/id00032/00028_fake.npz,-5.961598873138428,-5.961598873138428,5.082444190979004,1
RealVideo-FakeAudio/Asian (South)/women/id04070/00072_fake.npz,-3.8277552127838135,-3.8277552127838135,4.925867080688477,1
RealVideo-FakeAudio/Asian (South)/women/id03985/00005_fake.npz,0.6183916330337524,0.6183916330337524,4.520623683929443,1
RealVideo-FakeAudio/Asian (South)/women/id00747/00053_fake.npz,-0.5087771415710449,-0.5087771415710449,5.0637712478637695,1
RealVideo-FakeAudio/Asian (South)/women/id07689/00028_fake.npz,0.23092317581176758,0.23092317581176758,4.743325233459473,1
RealVideo-FakeAudio/Asian (South)/women/id05920/00161_fake.npz,0.6657655239105225,0.6657655239105225,4.825125694274902,1
RealVideo-FakeAudio/Asian (South)/women/id06254/00043_fake.npz,1.5079671144485474,1.5079671144485474,4.779211521148682,1
RealVideo-FakeAudio/Asian (South)/women/id00417/00069_fake.npz,2.0220768451690674,2.0220768451690674,4.639802932739258,1
RealVideo-FakeAudio/Asian (South)/women/id05478/00135_fake.npz,2.5872092247009277,2.5872092247009277,5.023101806640625,1
RealVideo-FakeAudio/Asian (South)/women/id06445/00150_fake.npz,4.36250114440918,4.36250114440918,5.885334491729736,1
RealVideo-FakeAudio/Asian (South)/women/id04582/00180_fake.npz,1.1778504848480225,1.1778504848480225,5.445455074310303,1
RealVideo-FakeAudio/Asian (South)/women/id02089/00092_fake.npz,4.412202835083008,4.412202835083008,5.446640491485596,1
RealVideo-FakeAudio/Asian (South)/women/id00149/00284_fake.npz,-3.618643045425415,-3.618643045425415,5.156503200531006,1
RealVideo-FakeAudio/Asian (South)/women/id06439/00118_fake.npz,4.725633144378662,4.725633144378662,5.153012275695801,1
RealVideo-FakeAudio/Asian (South)/women/id05931/00013_fake.npz,4.5075812339782715,4.5075812339782715,4.682516098022461,1
RealVideo-FakeAudio/Asian (South)/women/id07051/00083_fake.npz,0.820932149887085,0.820932149887085,5.26807975769043,1
RealVideo-FakeAudio/African/men/id01835/00130_fake.npz,1.2638139724731445,1.2638139724731445,5.349804401397705,1
RealVideo-FakeAudio/African/men/id02040/00476_fake.npz,-1.0245568752288818,-1.0245568752288818,4.556846618652344,1
RealVideo-FakeAudio/African/men/id01392/00167_fake.npz,4.479401111602783,4.479401111602783,5.330367565155029,1
RealVideo-FakeAudio/African/men/id01717/00005_fake.npz,3.0931143760681152,3.0931143760681152,4.707956790924072,1
RealVideo-FakeAudio/African/men/id01779/00010_fake.npz,3.5336954593658447,3.5336954593658447,4.910726547241211,1
RealVideo-FakeAudio/African/men/id01179/00160_fake.npz,-0.33997511863708496,-0.33997511863708496,4.834786891937256,1
RealVideo-FakeAudio/African/men/id01528/00017_fake.npz,-1.739970326423645,-1.739970326423645,5.039106845855713,1
RealVideo-FakeAudio/African/men/id00076/00109_fake.npz,1.5842955112457275,1.5842955112457275,5.4878249168396,1
RealVideo-FakeAudio/African/men/id02268/00036_fake.npz,1.1985893249511719,1.1985893249511719,5.154877662658691,1
RealVideo-FakeAudio/African/men/id01170/00021_fake.npz,3.854121208190918,3.854121208190918,5.125152587890625,1
RealVideo-FakeAudio/African/men/id01637/00002_fake.npz,-0.5514124631881714,-0.5514124631881714,4.912294864654541,1
RealVideo-FakeAudio/African/men/id02051/00015_fake.npz,-0.04462695121765137,-0.04462695121765137,4.687385559082031,1
RealVideo-FakeAudio/African/men/id00366/00118_fake.npz,0.8802810907363892,0.8802810907363892,5.37833309173584,1
RealVideo-FakeAudio/African/women/id00359/00053_fake.npz,4.447269916534424,4.447269916534424,4.395419597625732,1
RealVideo-FakeAudio/African/women/id01907/00148_fake.npz,-2.9958057403564453,-2.9958057403564453,4.742033958435059,1
RealVideo-FakeAudio/African/women/id01661/00059_fake.npz,0.36245036125183105,0.36245036125183105,4.503085613250732,1
RealVideo-FakeAudio/African/women/id03747/00273_fake.npz,1.4968453645706177,1.4968453645706177,5.6890645027160645,1
RealVideo-FakeAudio/African/women/id03713/00249_fake.npz,0.7024606466293335,0.7024606466293335,4.563628673553467,1
RealVideo-FakeAudio/African/women/id02721/00424_fake.npz,-3.974440574645996,-3.974440574645996,4.926425933837891,1
RealVideo-FakeAudio/African/women/id04547/00052_fake.npz,1.9256230592727661,1.9256230592727661,4.637795448303223,1
RealVideo-FakeAudio/African/women/id00220/00027_fake.npz,3.865739583969116,3.865739583969116,4.5662007331848145,1
RealVideo-FakeAudio/African/women/id04820/00015_fake.npz,-4.192772388458252,-4.192772388458252,4.663087368011475,1
RealVideo-FakeAudio/African/women/id04736/00083_fake.npz,-1.5936543941497803,-1.5936543941497803,5.01938533782959,1
RealVideo-FakeAudio/African/women/id04376/00181_fake.npz,-0.5663813352584839,-0.5663813352584839,4.867505073547363,1
RealVideo-FakeAudio/African/women/id04374/00032_fake.npz,3.691558837890625,3.691558837890625,5.07502555847168,1
RealVideo-FakeAudio/African/women/id02824/00130_fake.npz,-0.7717556953430176,-0.7717556953430176,4.855572700500488,1
RealVideo-FakeAudio/Caucasian (American)/men/id04216/00470_fake.npz,4.853898525238037,4.853898525238037,4.844216346740723,1
RealVideo-FakeAudio/Caucasian (American)/men/id03525/00048_fake.npz,3.0097169876098633,3.0097169876098633,5.064799785614014,1
RealVideo-FakeAudio/Caucasian (American)/men/id03757/00149_fake.npz,4.379189968109131,4.379189968109131,4.694188594818115,1
RealVideo-FakeAudio/Caucasian (American)/men/id00169/00021_fake.npz,-0.39899158477783203,-0.39899158477783203,4.809764385223389,1
RealVideo-FakeAudio/Caucasian (American)/men/id00184/00241_fake.npz,-0.2279064655303955,-0.2279064655303955,4.9230170249938965,1
RealVideo-FakeAudio/Caucasian (American)/men/id00021/00010_fake.npz,0.4430115222930908,0.4430115222930908,4.844481468200684,1
RealVideo-FakeAudio/Caucasian (American)/men/id01163/00195_fake.npz,-3.3958070278167725,-3.3958070278167725,4.914046764373779,1
RealVideo-FakeAudio/Caucasian (American)/men/id00088/00005_fake.npz,1.015480399131775,1.015480399131775,4.829563140869141,1
RealVideo-FakeAudio/Caucasian (American)/men/id00264/00257_fake.npz,4.352160930633545,4.352160930633545,4.765785217285156,1
RealVideo-FakeAudio/Caucasian (American)/men/id00529/00409_fake.npz,1.001516580581665,1.001516580581665,4.809789657592773,1
RealVideo-FakeAudio/Caucasian (American)/men/id00943/00304_fake.npz,4.79778528213501,4.79778528213501,5.238937854766846,1
RealVideo-FakeAudio/Caucasian (American)/men/id01096/00037_fake.npz,4.217925548553467,4.217925548553467,5.850513935089111,1
RealVideo-FakeAudio/Caucasian (American)/men/id00345/00243_fake.npz,4.647233486175537,4.647233486175537,4.628575801849365,1
RealVideo-FakeAudio/Caucasian (American)/men/id01192/00217_fake.npz,-0.3839409351348877,-0.3839409351348877,4.924943447113037,1
RealVideo-FakeAudio/Caucasian (American)/men/id03678/00078_fake.npz,4.5439252853393555,4.5439252853393555,4.655697345733643,1
RealVideo-FakeAudio/Caucasian (American)/men/id00018/00181_fake.npz,0.4729262590408325,0.4729262590408325,4.781585216522217,1
RealVideo-FakeAudio/Caucasian (American)/men/id00049/00118_fake.npz,0.1571338176727295,0.1571338176727295,5.089363098144531,1
RealVideo-FakeAudio/Caucasian (American)/men/id00087/00002_fake.npz,4.609443664550781,4.609443664550781,5.026932716369629,1
RealVideo-FakeAudio/Caucasian (American)/women/id01216/00025_fake.npz,2.6594185829162598,2.6594185829162598,5.758665561676025,1
RealVideo-FakeAudio/Caucasian (American)/women/id03781/00113_fake.npz,4.310401916503906,4.310401916503906,4.769718647003174,1
RealVideo-FakeAudio/Caucasian (American)/women/id00398/00016_fake.npz,0.6232084035873413,0.6232084035873413,4.834197044372559,1
RealVideo-FakeAudio/Caucasian (American)/women/id00616/00305_fake.npz,4.648945331573486,4.648945331573486,5.392873764038086,1
RealVideo-FakeAudio/Caucasian (American)/women/id00145/00043_fake.npz,3.8928842544555664,3.8928842544555664,4.980156898498535,1
RealVideo-FakeAudio/Caucasian (American)/women/id00261/00048_fake.npz,3.053230047225952,3.053230047225952,4.892343044281006,1
RealVideo-FakeAudio/Caucasian (American)/women/id00752/00340_fake.npz,-0.3923614025115967,-0.3923614025115967,5.631925582885742,1
RealVideo-FakeAudio/Caucasian (American)/women/id00098/00004_fake.npz,-0.3902400732040405,-0.3902400732040405,4.6277971267700195,1
RealVideo-FakeAudio/Caucasian (American)/women/id01217/00005_fake.npz,4.449141979217529,4.449141979217529,5.186257362365723,1
RealVideo-FakeAudio/Caucasian (American)/women/id01091/00236_fake.npz,0.10324454307556152,0.10324454307556152,4.77381706237793,1
RealVideo-FakeAudio/Caucasian (American)/women/id03605/00048_fake.npz,3.891136407852173,3.891136407852173,4.796628475189209,1
RealVideo-FakeAudio/Caucasian (American)/women/id03556/00043_fake.npz,4.850313186645508,4.850313186645508,5.800004005432129,1
RealVideo-FakeAudio/Caucasian (American)/women/id01004/00028_fake.npz,1.6497057676315308,1.6497057676315308,4.51827335357666,1
RealVideo-FakeAudio/Caucasian (American)/women/id00841/00078_fake.npz,1.068596601486206,1.068596601486206,4.935107231140137,1
RealVideo-FakeAudio/Caucasian (American)/women/id03707/00055_fake.npz,0.3648104667663574,0.3648104667663574,4.9545135498046875,1
RealVideo-FakeAudio/Caucasian (American)/women/id00383/00171_fake.npz,4.562557697296143,4.562557697296143,4.969011306762695,1
RealVideo-FakeAudio/Caucasian (American)/women/id00097/00162_fake.npz,-1.1518440246582031,-1.1518440246582031,4.709299564361572,1
RealVideo-FakeAudio/Caucasian (American)/women/id00842/00043_fake.npz,4.716057777404785,4.716057777404785,5.0251569747924805,1
RealVideo-FakeAudio/Caucasian (American)/women/id02466/00136_fake.npz,4.100559234619141,4.100559234619141,5.536773681640625,1
RealVideo-FakeAudio/Caucasian (American)/women/id00462/00143_fake.npz,1.3175703287124634,1.3175703287124634,4.601478576660156,1
RealVideo-FakeAudio/Caucasian (American)/women/id01248/00005_fake.npz,-0.28162360191345215,-0.28162360191345215,4.639168739318848,1
RealVideo-FakeAudio/Asian (East)/men/id06878/00001_fake.npz,4.525325298309326,4.525325298309326,4.818520545959473,1
RealVideo-FakeAudio/Asian (East)/men/id09143/00056_fake.npz,4.767816066741943,4.767816066741943,4.5571794509887695,1
RealVideo-FakeAudio/Asian (East)/men/id08652/00006_fake.npz,-0.3938828110694885,-0.3938828110694885,4.62062406539917,1
RealVideo-FakeAudio/Asian (East)/men/id06807/00015_fake.npz,0.920976996421814,0.920976996421814,5.196357727050781,1
RealVideo-FakeAudio/Asian (East)/men/id04687/00066_fake.npz,4.5809712409973145,4.5809712409973145,4.704078197479248,1
RealVideo-FakeAudio/Asian (East)/men/id07338/00003_fake.npz,0.5327731370925903,0.5327731370925903,4.628640174865723,1
RealVideo-FakeAudio/Asian (East)/men/id01204/00092_fake.npz,-1.4339925050735474,-1.4339925050735474,5.230935573577881,1
RealVideo-FakeAudio/Asian (East)/men/id03889/00052_fake.npz,-0.10505557060241699,-0.10505557060241699,4.960483074188232,1
RealVideo-FakeAudio/Asian (East)/men/id08299/00110_fake.npz,4.2897725105285645,4.2897725105285645,4.709105014801025,1
RealVideo-FakeAudio/Asian (East)/women/id08819/00052_fake.npz,1.1147040128707886,1.1147040128707886,5.673304557800293,1
RealVideo-FakeAudio/Asian (East)/women/id00566/00032_fake.npz,-0.03003978729248047,-0.03003978729248047,4.471747875213623,1
RealVideo-FakeAudio/Asian (East)/women/id05631/00073_fake.npz,4.3265275955200195,4.3265275955200195,4.908188819885254,1
RealVideo-FakeAudio/Asian (East)/women/id06054/00010_fake.npz,-1.4639555215835571,-1.4639555215835571,4.899956226348877,1
RealVideo-FakeAudio/Asian (East)/women/id04701/00017_fake.npz,0.7200781106948853,0.7200781106948853,4.839385032653809,1
RealVideo-FakeAudio/Asian (East)/women/id09174/00015_fake.npz,4.5726189613342285,4.5726189613342285,4.422544956207275,1
RealVideo-FakeAudio/Asian (East)/women/id09125/00098_fake.npz,-0.40356242656707764,-0.40356242656707764,5.2364182472229,1
RealVideo-FakeAudio/Asian (East)/women/id05620/00005_fake.npz,4.124485015869141,4.124485015869141,4.986043930053711,1
RealVideo-FakeAudio/Asian (East)/women/id05576/00368_fake.npz,-1.2732656002044678,-1.2732656002044678,5.177779197692871,1
RealVideo-FakeAudio/Asian (East)/women/id06388/00005_fake.npz,3.519904851913452,3.519904851913452,4.815993785858154,1
RealVideo-FakeAudio/Asian (East)/women/id00582/00006_fake.npz,3.1327836513519287,3.1327836513519287,5.57068395614624,1
RealVideo-FakeAudio/Asian (East)/women/id00363/00014_fake.npz,0.05906391143798828,0.05906391143798828,4.522712707519531,1
RealVideo-FakeAudio/Asian (East)/women/id06158/00015_fake.npz,-1.934818983078003,-1.934818983078003,4.853079795837402,1
RealVideo-FakeAudio/Asian (East)/women/id03211/00032_fake.npz,2.307790994644165,2.307790994644165,5.0196943283081055,1
RealVideo-FakeAudio/Caucasian (European)/men/id01052/00076_fake.npz,4.433221817016602,4.433221817016602,5.2566046714782715,1
RealVideo-FakeAudio/Caucasian (European)/men/id00709/00206_fake.npz,4.395420074462891,4.395420074462891,5.322127342224121,1
RealVideo-FakeAudio/Caucasian (European)/men/id00306/00015_fake.npz,4.0498223304748535,4.0498223304748535,5.3022918701171875,1
RealVideo-FakeAudio/Caucasian (European)/men/id00292/00072_fake.npz,0.9773346185684204,0.9773346185684204,4.741026878356934,1
RealVideo-FakeAudio/Caucasian (European)/men/id00919/00063_fake.npz,2.5615017414093018,2.5615017414093018,4.539092063903809,1
RealVideo-FakeAudio/Caucasian (European)/men/id01099/00206_fake.npz,-0.007473587989807129,-0.007473587989807129,4.962147235870361,1
RealVideo-FakeAudio/Caucasian (European)/men/id00358/00217_fake.npz,4.3407440185546875,4.3407440185546875,5.960653305053711,1
RealVideo-FakeAudio/Caucasian (European)/men/id00282/00268_fake.npz,1.061722993850708,1.061722993850708,5.121053218841553,1
RealVideo-FakeAudio/Caucasian (European)/men/id01051/00322_fake.npz,4.789394855499268,4.789394855499268,5.735439777374268,1
RealVideo-FakeAudio/Caucasian (European)/men/id00415/00017_fake.npz,1.2483835220336914,1.2483835220336914,5.138599872589111,1
RealVideo-FakeAudio/Caucasian (European)/men/id00187/00360_fake.npz,1.078640341758728,1.078640341758728,5.325024604797363,1
RealVideo-FakeAudio/Caucasian (European)/men/id00055/00120_fake.npz,0.5892276763916016,0.5892276763916016,4.603780746459961,1
RealVideo-FakeAudio/Caucasian (European)/men/id00498/00014_fake.npz,4.622986316680908,4.622986316680908,4.553338527679443,1
RealVideo-FakeAudio/Caucasian (European)/men/id00063/00021_fake.npz,4.56309175491333,4.56309175491333,4.8510589599609375,1
RealVideo-FakeAudio/Caucasian (European)/men/id00946/00126_fake.npz,0.5465846061706543,0.5465846061706543,4.5096611976623535,1
RealVideo-FakeAudio/Caucasian (European)/women/id01001/00086_fake.npz,1.7361677885055542,1.7361677885055542,4.860330104827881,1
RealVideo-FakeAudio/Caucasian (European)/women/id00071/00014_fake.npz,-0.22056639194488525,-0.22056639194488525,4.5648417472839355,1
RealVideo-FakeAudio/Caucasian (European)/women/id00634/00078_fake.npz,1.70238196849823,1.70238196849823,5.112087249755859,1
RealVideo-FakeAudio/Caucasian (European)/women/id03589/00002_fake.npz,-0.6488271951675415,-0.6488271951675415,5.066620349884033,1
RealVideo-FakeAudio/Caucasian (European)/women/id03620/00081_fake.npz,3.4412283897399902,3.4412283897399902,5.823474884033203,1
RealVideo-FakeAudio/Caucasian (European)/women/id00569/00239_fake.npz,4.7153778076171875,4.7153778076171875,4.8000993728637695,1
RealVideo-FakeAudio/Caucasian (European)/women/id00365/00078_fake.npz,4.348098278045654,4.348098278045654,4.906994819641113,1
RealVideo-FakeAudio/Caucasian (European)/women/id01002/00043_fake.npz,-0.4726358652114868,-0.4726358652114868,4.7038350105285645,1
RealVideo-FakeAudio/Caucasian (European)/women/id00373/00028_fake.npz,4.61285400390625,4.61285400390625,5.495271682739258,1
RealVideo-FakeAudio/Caucasian (European)/women/id03649/00001_fake.npz,4.627514839172363,4.627514839172363,4.766716957092285,1
RealVideo-FakeAudio/Caucasian (European)/women/id00379/00043_fake.npz,0.6658424139022827,0.6658424139022827,4.844647407531738,1
RealVideo-FakeAudio/Caucasian (European)/women/id00332/00293_fake.npz,1.0742428302764893,1.0742428302764893,5.000120162963867,1
RealVideo-FakeAudio/Caucasian (European)/women/id00325/00015_fake.npz,0.7928329706192017,0.7928329706192017,5.040297031402588,1
RealVideo-FakeAudio/Caucasian (European)/women/id03716/00040_fake.npz,0.5140557289123535,0.5140557289123535,5.445915222167969,1
RealVideo-FakeAudio/Caucasian (European)/women/id00262/00028_fake.npz,0.9962112903594971,0.9962112903594971,5.6990766525268555,1
RealVideo-FakeAudio/Caucasian (European)/women/id00328/00092_fake.npz,0.5782203674316406,0.5782203674316406,4.836186408996582,1
RealVideo-FakeAudio/Caucasian (European)/women/id00589/00130_fake.npz,1.4494853019714355,1.4494853019714355,4.984407424926758,1
RealVideo-RealAudio/Asian (South)/men/id06354/00021.npz,-5.866909980773926,-5.866909980773926,4.69436502456665,0
RealVideo-RealAudio/Asian (South)/men/id08314/00028.npz,-5.420290470123291,-5.420290470123291,5.461484909057617,0
RealVideo-RealAudio/Asian (South)/men/id07233/00010.npz,-2.93723726272583,-2.93723726272583,4.754055500030518,0
RealVideo-RealAudio/Asian (South)/men/id07179/00206.npz,0.9685099124908447,0.9685099124908447,5.0398406982421875,0
RealVideo-RealAudio/Asian (South)/men/id00860/00154.npz,-5.575366973876953,-5.575366973876953,4.800452709197998,0
RealVideo-RealAudio/Asian (South)/men/id07768/00143.npz,-3.444347620010376,-3.444347620010376,5.01593542098999,0
RealVideo-RealAudio/Asian (South)/men/id00078/00114.npz,-6.10011625289917,-6.10011625289917,5.007776737213135,0
RealVideo-RealAudio/Asian (South)/men/id03599/00072.npz,-5.809379577636719,-5.809379577636719,5.125270843505859,0
RealVideo-RealAudio/Asian (South)/men/id00745/00165.npz,-2.6469783782958984,-2.6469783782958984,4.671402454376221,0
RealVideo-RealAudio/Asian (South)/men/id07161/00159.npz,-4.714608192443848,-4.714608192443848,4.713846683502197,0
RealVideo-RealAudio/Asian (South)/men/id04561/00248.npz,-3.1488993167877197,-3.1488993167877197,4.961856365203857,0
RealVideo-RealAudio/Asian (South)/men/id07463/00028.npz,-5.922517776489258,-5.922517776489258,5.142415523529053,0
RealVideo-RealAudio/Asian (South)/men/id07182/00040.npz,-6.142141342163086,-6.142141342163086,4.848268985748291,0
RealVideo-RealAudio/Asian (South)/men/id00459/00382.npz,-2.9605164527893066,-2.9605164527893066,5.638627529144287,0
RealVideo-RealAudio/Asian (South)/men/id04928/00027.npz,-5.898618221282959,-5.898618221282959,4.984649658203125,0
RealVideo-RealAudio/Asian (South)/men/id00032/00028.npz,-4.817811489105225,-4.817811489105225,5.033812999725342,0
RealVideo-RealAudio/Asian (South)/women/id04070/00072.npz,-3.9685089588165283,-3.9685089588165283,4.94535493850708,0
RealVideo-RealAudio/Asian (South)/women/id03985/00005.npz,-4.4845499992370605,-4.4845499992370605,4.631349563598633,0
RealVideo-RealAudio/Asian (South)/women/id00747/00053.npz,-5.56296443939209,-5.56296443939209,5.053565979003906,0
RealVideo-RealAudio/Asian (South)/women/id07689/00028.npz,-5.596296310424805,-5.596296310424805,5.024855613708496,0
RealVideo-RealAudio/Asian (South)/women/id05920/00161.npz,-6.126666069030762,-6.126666069030762,4.835415840148926,0
RealVideo-RealAudio/Asian (South)/women/id06254/00043.npz,-6.1075921058654785,-6.1075921058654785,4.830217361450195,0
RealVideo-RealAudio/Asian (South)/women/id00417/00069.npz,-6.177028179168701,-6.177028179168701,4.638490676879883,0
RealVideo-RealAudio/Asian (South)/women/id05478/00135.npz,-5.864529609680176,-5.864529609680176,5.044215679168701,0
RealVideo-RealAudio/Asian (South)/women/id06445/00150.npz,-4.778027534484863,-4.778027534484863,5.9139885902404785,0
RealVideo-RealAudio/Asian (South)/women/id04582/00180.npz,-5.444738388061523,-5.444738388061523,5.510773658752441,0
RealVideo-RealAudio/Asian (South)/women/id02089/00092.npz,-5.246216773986816,-5.246216773986816,5.514527797698975,0
RealVideo-RealAudio/Asian (South)/women/id00149/00284.npz,-5.285797595977783,-5.285797595977783,5.1361260414123535,0
RealVideo-RealAudio/Asian (South)/women/id06439/00118.npz,-5.784340858459473,-5.784340858459473,5.164058685302734,0
RealVideo-RealAudio/Asian (South)/women/id05931/00013.npz,-6.169295787811279,-6.169295787811279,4.758811950683594,0
RealVideo-RealAudio/Asian (South)/women/id07051/00083.npz,-5.647677898406982,-5.647677898406982,5.263097286224365,0
RealVideo-RealAudio/African/men/id01835/00130.npz,-5.4956560134887695,-5.4956560134887695,5.364243984222412,0
RealVideo-RealAudio/African/men/id02040/00476.npz,-6.268721580505371,-6.268721580505371,4.485452651977539,0
RealVideo-RealAudio/African/men/id01392/00167.npz,-5.536822319030762,-5.536822319030762,5.349858283996582,0
RealVideo-RealAudio/African/men/id01717/00005.npz,-5.623080730438232,-5.623080730438232,4.7361907958984375,0
RealVideo-RealAudio/African/men/id01779/00010.npz,-3.0345799922943115,-3.0345799922943115,4.901552200317383,0
RealVideo-RealAudio/African/men/id01179/00160.npz,-3.275773525238037,-3.275773525238037,4.833027362823486,0
RealVideo-RealAudio/African/men/id01528/00017.npz,-5.905128479003906,-5.905128479003906,5.044748306274414,0
RealVideo-RealAudio/African/men/id00076/00109.npz,-4.668432712554932,-4.668432712554932,5.503322601318359,0
RealVideo-RealAudio/African/men/id02268/00036.npz,-5.764283657073975,-5.764283657073975,5.2076897621154785,0
RealVideo-RealAudio/African/men/id01170/00021.npz,-5.783779144287109,-5.783779144287109,5.1499857902526855,0
RealVideo-RealAudio/African/men/id01637/00002.npz,-6.010596752166748,-6.010596752166748,4.931874752044678,0
RealVideo-RealAudio/African/men/id02051/00015.npz,-5.670965194702148,-5.670965194702148,4.595697402954102,0
RealVideo-RealAudio/African/men/id00366/00118.npz,-5.415431976318359,-5.415431976318359,5.4728803634643555,0
RealVideo-RealAudio/African/women/id00359/00053.npz,-6.366696834564209,-6.366696834564209,4.487841606140137,0
RealVideo-RealAudio/African/women/id01907/00148.npz,-6.177565574645996,-6.177565574645996,4.726937294006348,0
RealVideo-RealAudio/African/women/id01661/00059.npz,-3.559570789337158,-3.559570789337158,4.403751373291016,0
RealVideo-RealAudio/African/women/id03747/00273.npz,-5.171342849731445,-5.171342849731445,5.743727207183838,0
RealVideo-RealAudio/African/women/id03713/00249.npz,-5.399349689483643,-5.399349689483643,4.596858024597168,0
RealVideo-RealAudio/African/women/id02721/00424.npz,-3.2054975032806396,-3.2054975032806396,4.88430643081665,0
RealVideo-RealAudio/African/women/id04547/00052.npz,-6.039251327514648,-6.039251327514648,4.710007667541504,0
RealVideo-RealAudio/African/women/id00220/00027.npz,-5.552961826324463,-5.552961826324463,4.6223955154418945,0
RealVideo-RealAudio/African/women/id04820/00015.npz,-6.237729549407959,-6.237729549407959,4.701496601104736,0
RealVideo-RealAudio/African/women/id04736/00083.npz,-5.841754913330078,-5.841754913330078,5.020514488220215,0
RealVideo-RealAudio/African/women/id04376/00181.npz,-6.162945747375488,-6.162945747375488,4.8937883377075195,0
RealVideo-RealAudio/African/women/id04374/00032.npz,-5.59089469909668,-5.59089469909668,5.04859733581543,0
RealVideo-RealAudio/African/women/id02824/00130.npz,-5.632681369781494,-5.632681369781494,4.879066467285156,0
RealVideo-RealAudio/Caucasian (American)/men/id04216/00470.npz,-4.235798358917236,-4.235798358917236,4.855051040649414,0
RealVideo-RealAudio/Caucasian (American)/men/id03525/00048.npz,-0.09257577359676361,-0.09257577359676361,5.076542854309082,0
RealVideo-RealAudio/Caucasian (American)/men/id03757/00149.npz,-6.320511817932129,-6.320511817932129,4.669299125671387,0
RealVideo-RealAudio/Caucasian (American)/men/id00169/00021.npz,-6.122901916503906,-6.122901916503906,4.790683269500732,0
RealVideo-RealAudio/Caucasian (American)/men/id00184/00241.npz,-5.586180210113525,-5.586180210113525,4.928480625152588,0
RealVideo-RealAudio/Caucasian (American)/men/id00021/00010.npz,-6.178229331970215,-6.178229331970215,4.885091781616211,0
RealVideo-RealAudio/Caucasian (American)/men/id01163/00195.npz,-6.1617913246154785,-6.1617913246154785,4.854540824890137,0
RealVideo-RealAudio/Caucasian (American)/men/id00088/00005.npz,-5.646346092224121,-5.646346092224121,4.884402275085449,0
RealVideo-RealAudio/Caucasian (American)/men/id00264/00257.npz,-6.199109077453613,-6.199109077453613,4.80654239654541,0
RealVideo-RealAudio/Caucasian (American)/men/id00529/00409.npz,-5.871490478515625,-5.871490478515625,4.88247537612915,0
RealVideo-RealAudio/Caucasian (American)/men/id00943/00304.npz,-5.115945816040039,-5.115945816040039,5.257587909698486,0
RealVideo-RealAudio/Caucasian (American)/men/id01096/00037.npz,-5.1340227127075195,-5.1340227127075195,5.873344898223877,0
RealVideo-RealAudio/Caucasian (American)/men/id00345/00243.npz,-6.269423484802246,-6.269423484802246,4.646868705749512,0
RealVideo-RealAudio/Caucasian (American)/men/id01192/00217.npz,-2.497265338897705,-2.497265338897705,4.922457695007324,0
RealVideo-RealAudio/Caucasian (American)/men/id03678/00078.npz,-5.14071798324585,-5.14071798324585,4.6367878913879395,0
RealVideo-RealAudio/Caucasian (American)/men/id00018/00181.npz,-6.113600730895996,-6.113600730895996,4.831249713897705,0
RealVideo-RealAudio/Caucasian (American)/men/id00049/00118.npz,-5.714310169219971,-5.714310169219971,5.142316818237305,0
RealVideo-RealAudio/Caucasian (American)/men/id00087/00002.npz,-5.490992546081543,-5.490992546081543,4.977986812591553,0
RealVideo-RealAudio/Caucasian (American)/women/id01216/00025.npz,-4.453021049499512,-4.453021049499512,5.7851033210754395,0
RealVideo-RealAudio/Caucasian (American)/women/id03781/00113.npz,-5.749646186828613,-5.749646186828613,4.8532514572143555,0
RealVideo-RealAudio/Caucasian (American)/women/id00398/00016.npz,-5.9407548904418945,-5.9407548904418945,4.929479598999023,0
RealVideo-RealAudio/Caucasian (American)/women/id00616/00305.npz,-5.618104934692383,-5.618104934692383,5.403886318206787,0
RealVideo-RealAudio/Caucasian (American)/women/id00145/00043.npz,-5.761185169219971,-5.761185169219971,4.953030109405518,0
RealVideo-RealAudio/Caucasian (American)/women/id00261/00048.npz,-5.326467037200928,-5.326467037200928,4.9344987869262695,0
RealVideo-RealAudio/Caucasian (American)/women/id00752/00340.npz,-5.31894588470459,-5.31894588470459,5.634861946105957,0
RealVideo-RealAudio/Caucasian (American)/women/id00098/00004.npz,-6.2437286376953125,-6.2437286376953125,4.7350029945373535,0
RealVideo-RealAudio/Caucasian (American)/women/id01217/00005.npz,-5.55936336517334,-5.55936336517334,5.206278324127197,0
RealVideo-RealAudio/Caucasian (American)/women/id01091/00236.npz,-4.920507907867432,-4.920507907867432,4.822368144989014,0
RealVideo-RealAudio/Caucasian (American)/women/id03605/00048.npz,-6.000054359436035,-6.000054359436035,4.857947826385498,0
RealVideo-RealAudio/Caucasian (American)/women/id03556/00043.npz,-5.255840301513672,-5.255840301513672,5.693360328674316,0
RealVideo-RealAudio/Caucasian (American)/women/id01004/00028.npz,-5.561878204345703,-5.561878204345703,4.618488311767578,0
RealVideo-RealAudio/Caucasian (American)/women/id00841/00078.npz,-2.845181941986084,-2.845181941986084,4.997966766357422,0
RealVideo-RealAudio/Caucasian (American)/women/id03707/00055.npz,-5.926477909088135,-5.926477909088135,4.943966865539551,0
RealVideo-RealAudio/Caucasian (American)/women/id00383/00171.npz,-2.2962613105773926,-2.2962613105773926,5.038950443267822,0
RealVideo-RealAudio/Caucasian (American)/women/id00097/00162.npz,-6.280575752258301,-6.280575752258301,4.678268909454346,0
RealVideo-RealAudio/Caucasian (American)/women/id00842/00043.npz,-5.570209503173828,-5.570209503173828,5.089613914489746,0
RealVideo-RealAudio/Caucasian (American)/women/id02466/00136.npz,-5.272011756896973,-5.272011756896973,5.587434768676758,0
RealVideo-RealAudio/Caucasian (American)/women/id00462/00143.npz,-4.379741191864014,-4.379741191864014,4.696204662322998,0
RealVideo-RealAudio/Caucasian (American)/women/id01248/00005.npz,-6.2251176834106445,-6.2251176834106445,4.688773155212402,0
RealVideo-RealAudio/Asian (East)/men/id06878/00001.npz,-5.196368217468262,-5.196368217468262,4.910276889801025,0
RealVideo-RealAudio/Asian (East)/men/id09143/00056.npz,-6.367151737213135,-6.367151737213135,4.752220630645752,0
RealVideo-RealAudio/Asian (East)/men/id08652/00006.npz,-1.9557740688323975,-1.9557740688323975,4.6675190925598145,0
RealVideo-RealAudio/Asian (East)/men/id06807/00015.npz,-4.894093990325928,-4.894093990325928,5.24071741104126,0
RealVideo-RealAudio/Asian (East)/men/id04687/00066.npz,-2.695054054260254,-2.695054054260254,4.756978511810303,0
RealVideo-RealAudio/Asian (East)/men/id07338/00003.npz,-6.254598617553711,-6.254598617553711,4.728236675262451,0
RealVideo-RealAudio/Asian (East)/men/id01204/00092.npz,-5.798363208770752,-5.798363208770752,5.2284345626831055,0
RealVideo-RealAudio/Asian (East)/men/id03889/00052.npz,-2.751518487930298,-2.751518487930298,4.9917216300964355,0
RealVideo-RealAudio/Asian (East)/men/id08299/00110.npz,-6.291764259338379,-6.291764259338379,4.726956367492676,0
RealVideo-RealAudio/Asian (East)/women/id08819/00052.npz,-5.308439254760742,-5.308439254760742,5.683858394622803,0
RealVideo-RealAudio/Asian (East)/women/id00566/00032.npz,-6.317898750305176,-6.317898750305176,4.629953384399414,0
RealVideo-RealAudio/Asian (East)/women/id05631/00073.npz,-4.448310852050781,-4.448310852050781,4.948757171630859,0
RealVideo-RealAudio/Asian (East)/women/id06054/00010.npz,-3.731804132461548,-3.731804132461548,4.937762260437012,0
RealVideo-RealAudio/Asian (East)/women/id04701/00017.npz,-6.06549596786499,-6.06549596786499,4.837152004241943,0
RealVideo-RealAudio/Asian (East)/women/id09174/00015.npz,-2.7753922939300537,-2.7753922939300537,4.46757698059082,0
RealVideo-RealAudio/Asian (East)/women/id09125/00098.npz,-5.58548641204834,-5.58548641204834,5.233980178833008,0
RealVideo-RealAudio/Asian (East)/women/id05620/00005.npz,-6.0016961097717285,-6.0016961097717285,5.0128679275512695,0
RealVideo-RealAudio/Asian (East)/women/id05576/00368.npz,-5.834813117980957,-5.834813117980957,5.14998197555542,0
RealVideo-RealAudio/Asian (East)/women/id06388/00005.npz,-6.010056495666504,-6.010056495666504,4.875048637390137,0
RealVideo-RealAudio/Asian (East)/women/id00582/00006.npz,-5.472517490386963,-5.472517490386963,5.609892845153809,0
RealVideo-RealAudio/Asian (East)/women/id00363/00014.npz,-2.7079756259918213,-2.7079756259918213,4.6753973960876465,0
RealVideo-RealAudio/Asian (East)/women/id06158/00015.npz,-6.073101997375488,-6.073101997375488,4.8536601066589355,0
RealVideo-RealAudio/Asian (East)/women/id03211/00032.npz,-3.516292095184326,-3.516292095184326,5.091014862060547,0
RealVideo-RealAudio/Caucasian (European)/men/id01052/00076.npz,-4.7314653396606445,-4.7314653396606445,5.261686325073242,0
RealVideo-RealAudio/Caucasian (European)/men/id00709/00206.npz,-5.594926357269287,-5.594926357269287,5.359214782714844,0
RealVideo-RealAudio/Caucasian (European)/men/id00306/00015.npz,-5.633195400238037,-5.633195400238037,5.305909633636475,0
RealVideo-RealAudio/Caucasian (European)/men/id00292/00072.npz,-4.929280757904053,-4.929280757904053,4.7775044441223145,0
RealVideo-RealAudio/Caucasian (European)/men/id00919/00063.npz,-1.9642887115478516,-1.9642887115478516,4.560731410980225,0
RealVideo-RealAudio/Caucasian (European)/men/id01099/00206.npz,-2.4974002838134766,-2.4974002838134766,4.96899938583374,0
RealVideo-RealAudio/Caucasian (European)/men/id00358/00217.npz,-5.011348247528076,-5.011348247528076,5.932629108428955,0
RealVideo-RealAudio/Caucasian (European)/men/id00282/00268.npz,-4.015926837921143,-4.015926837921143,5.1376214027404785,0
RealVideo-RealAudio/Caucasian (European)/men/id01051/00322.npz,-5.2306318283081055,-5.2306318283081055,5.7473649978637695,0
RealVideo-RealAudio/Caucasian (European)/men/id00415/00017.npz,-5.891653060913086,-5.891653060913086,5.14927864074707,0
RealVideo-RealAudio/Caucasian (European)/men/id00187/00360.npz,-5.424190521240234,-5.424190521240234,5.321843147277832,0
RealVideo-RealAudio/Caucasian (European)/men/id00055/00120.npz,-3.2786712646484375,-3.2786712646484375,4.617537498474121,0
RealVideo-RealAudio/Caucasian (European)/men/id00498/00014.npz,-5.711865425109863,-5.711865425109863,4.689472675323486,0
RealVideo-RealAudio/Caucasian (European)/men/id00063/00021.npz,-6.166438579559326,-6.166438579559326,4.891049385070801,0
RealVideo-RealAudio/Caucasian (European)/men/id00946/00126.npz,-5.603370666503906,-5.603370666503906,4.467902660369873,0
RealVideo-RealAudio/Caucasian (European)/women/id01001/00086.npz,-5.854496955871582,-5.854496955871582,4.88131856918335,0
RealVideo-RealAudio/Caucasian (European)/women/id00071/00014.npz,-3.587434768676758,-3.587434768676758,4.646676540374756,0
RealVideo-RealAudio/Caucasian (European)/women/id00634/00078.npz,-5.722536087036133,-5.722536087036133,5.2274274826049805,0
RealVideo-RealAudio/Caucasian (European)/women/id03589/00002.npz,-4.6751298904418945,-4.6751298904418945,5.068059921264648,0
RealVideo-RealAudio/Caucasian (European)/women/id03620/00081.npz,-1.6251007318496704,-1.6251007318496704,5.854549407958984,0
RealVideo-RealAudio/Caucasian (European)/women/id00569/00239.npz,-6.116322994232178,-6.116322994232178,4.786776065826416,0
RealVideo-RealAudio/Caucasian (European)/women/id00365/00078.npz,-5.601406097412109,-5.601406097412109,4.888376712799072,0
RealVideo-RealAudio/Caucasian (European)/women/id01002/00043.npz,-3.9118003845214844,-3.9118003845214844,4.74519157409668,0
RealVideo-RealAudio/Caucasian (European)/women/id00373/00028.npz,-5.406771659851074,-5.406771659851074,5.487027645111084,0
RealVideo-RealAudio/Caucasian (European)/women/id03649/00001.npz,-6.152109146118164,-6.152109146118164,4.933600902557373,0
RealVideo-RealAudio/Caucasian (European)/women/id00379/00043.npz,-6.054044246673584,-6.054044246673584,4.897077560424805,0
RealVideo-RealAudio/Caucasian (European)/women/id00332/00293.npz,-5.784208297729492,-5.784208297729492,5.076739311218262,0
RealVideo-RealAudio/Caucasian (European)/women/id00325/00015.npz,-5.587499618530273,-5.587499618530273,4.9962005615234375,0
RealVideo-RealAudio/Caucasian (European)/women/id03716/00040.npz,-5.474246025085449,-5.474246025085449,5.392655849456787,0
RealVideo-RealAudio/Caucasian (European)/women/id00262/00028.npz,-5.128359794616699,-5.128359794616699,5.712003707885742,0
RealVideo-RealAudio/Caucasian (European)/women/id00328/00092.npz,-1.998538613319397,-1.998538613319397,4.889349460601807,0
RealVideo-RealAudio/Caucasian (European)/women/id00589/00130.npz,-5.801802158355713,-5.801802158355713,4.973735809326172,0
