path,score_full,score_causal,score_spurious,label
FakeVideo-FakeAudio/African/men/id01835/00130_id00173_UHoMXLSjlDo_id01610_wavtolip.npz,-3.040361166000366,-4.3200507164001465,4.587205410003662,1
FakeVideo-FakeAudio/African/men/id01835/00130_id00173_wavtolip.npz,-0.45867377519607544,2.290736198425293,4.850470066070557,1
FakeVideo-FakeAudio/African/men/id01835/00130_id00366_RSOgEoek8WM_id01691_wavtolip.npz,8.861719131469727,5.257357120513916,5.134500503540039,1
FakeVideo-FakeAudio/African/men/id01835/00130_id00701_lW6uzLIOwd0_id00391_wavtolip.npz,-4.906984329223633,-8.35887336730957,5.173159122467041,1
FakeVideo-FakeAudio/African/men/id01835/00130_id00761_QtTNFhCCgzw_faceswap_id00391_wavtolip.npz,-3.6977145671844482,-6.064305305480957,5.09205436706543,1
FakeVideo-FakeAudio/African/men/id01835/00130_id00761_QtTNFhCCgzw_faceswap_id00518_wavtolip.npz,-5.378462791442871,-7.484206199645996,4.471959590911865,1
FakeVideo-FakeAudio/African/men/id01835/00130_id00761_QtTNFhCCgzw_faceswap_id01170_wavtolip.npz,-0.6292502880096436,-1.184188723564148,4.788226127624512,1
FakeVideo-FakeAudio/African/men/id01835/00130_id00761_QtTNFhCCgzw_faceswap_id02051_wavtolip.npz,-0.70045006275177,-1.6346303224563599,4.3217926025390625,1
FakeVideo-FakeAudio/African/men/id01835/00130_id00761_QtTNFhCCgzw_faceswap_id02494_wavtolip.npz,12.696080207824707,8.287343978881836,3.5515010356903076,1
FakeVideo-FakeAudio/African/men/id01835/00130_id00761_QtTNFhCCgzw_id02296_wavtolip.npz,-5.78580379486084,-8.96422290802002,4.712863922119141,1
FakeVideo-FakeAudio/African/men/id01835/00130_id00761_wavtolip.npz,7.665471076965332,5.997601509094238,4.713098526000977,1
FakeVideo-FakeAudio/African/men/id01835/00130_id00781_wavtolip.npz,8.788596153259277,5.933114528656006,3.9049620628356934,1
FakeVideo-FakeAudio/African/men/id01835/00130_id00830_rfl3Teg9uew_id01392_wavtolip.npz,-2.173483371734619,-5.665529251098633,4.796535015106201,1
FakeVideo-FakeAudio/African/men/id01835/00130_id00944_DiW5D62667U_id01392_wavtolip.npz,-3.0485305786132812,-5.191107749938965,4.812154769897461,1
FakeVideo-FakeAudio/African/men/id01835/00130_id01036_AohKaMtIHxA_id02342_wavtolip.npz,-3.274850368499756,-1.998307228088379,4.600127220153809,1
FakeVideo-FakeAudio/African/men/id01835/00130_id01036_wavtolip.npz,10.269305229187012,7.583038330078125,5.185306549072266,1
FakeVideo-FakeAudio/African/men/id01835/00130_id01076_wavtolip.npz,13.185195922851562,8.463465690612793,4.014791965484619,1
FakeVideo-FakeAudio/African/men/id01835/00130_id01236_wavtolip.npz,14.440251350402832,9.075785636901855,4.061471939086914,1
FakeVideo-FakeAudio/African/men/id01835/00130_id01528_wavtolip.npz,-4.673520565032959,-7.7299675941467285,4.954965591430664,1
FakeVideo-FakeAudio/African/men/id01835/00130_id02268_irA9myDvW-I_id01179_wavtolip.npz,-5.396918296813965,-7.2959303855896,4.606345176696777,1
FakeVideo-FakeAudio/African/men/id01835/00130_id02296_wavtolip.npz,-3.3651721477508545,-3.562741994857788,4.6958136558532715,1
FakeVideo-FakeAudio/African/men/id01835/00130_id04727_wavtolip.npz,13.025705337524414,9.09099006652832,4.311836242675781,1
FakeVideo-FakeAudio/African/men/id02040/00476_id00391_TjJgUZaenWI_id00944_wavtolip.npz,-5.224590301513672,-6.6276164054870605,4.485785007476807,1
FakeVideo-FakeAudio/African/men/id02040/00476_id00476_wavtolip.npz,6.732104778289795,6.231685638427734,4.426769733428955,1
FakeVideo-FakeAudio/African/men/id02040/00476_id00761_wavtolip.npz,-3.383563995361328,-7.564193248748779,4.44635534286499,1
FakeVideo-FakeAudio/African/men/id02040/00476_id00944_wavtolip.npz,-3.4556877613067627,-5.912057876586914,4.431638240814209,1
FakeVideo-FakeAudio/African/men/id02040/00476_id01392_fF-g0KFJ7lg_id01036_wavtolip.npz,-0.749880313873291,1.1569035053253174,4.510193347930908,1
FakeVideo-FakeAudio/African/men/id02040/00476_id01392_wavtolip.npz,-4.339690685272217,-8.439423561096191,4.402514457702637,1
FakeVideo-FakeAudio/African/men/id02040/00476_id01452_wavtolip.npz,13.88572883605957,8.673847198486328,4.17183256149292,1
FakeVideo-FakeAudio/African/men/id02040/00476_id01528_wavtolip.npz,-5.851151466369629,-8.990067481994629,4.430654525756836,1
FakeVideo-FakeAudio/African/men/id02040/00476_id01530_8kiAt_4gQGI_id02005_wavtolip.npz,-4.274909019470215,-2.855358600616455,4.458301067352295,1
FakeVideo-FakeAudio/African/men/id02040/00476_id01530_wavtolip.npz,-5.371441841125488,-8.961800575256348,4.421060562133789,1
FakeVideo-FakeAudio/African/men/id02040/00476_id01691_IVtS5z8Jrrk_id01717_wavtolip.npz,12.078737258911133,9.079075813293457,4.1302008628845215,1
FakeVideo-FakeAudio/African/men/id02040/00476_id01717_wavtolip.npz,11.557636260986328,8.762931823730469,4.076675891876221,1
FakeVideo-FakeAudio/African/men/id02040/00476_id01995_wavtolip.npz,-2.6102824211120605,-5.654092788696289,4.37547492980957,1
FakeVideo-FakeAudio/African/men/id02040/00476_id02051_wavtolip.npz,3.618425130844116,2.401036024093628,4.34166145324707,1
FakeVideo-FakeAudio/African/men/id01392/00167_2_id00166_wavtolip.npz,-4.206354141235352,-6.737216472625732,4.5845723152160645,1
FakeVideo-FakeAudio/African/men/id01392/00167_2_id00475_wavtolip.npz,-2.194939136505127,-2.684173107147217,4.5750322341918945,1
FakeVideo-FakeAudio/African/men/id01392/00167_2_id00478_wavtolip.npz,-0.15754863619804382,2.8306758403778076,4.694894790649414,1
FakeVideo-FakeAudio/African/men/id01392/00167_2_id01207_wavtolip.npz,-1.6474559307098389,1.282130479812622,4.462240219116211,1
FakeVideo-FakeAudio/African/men/id01392/00167_2_id01521_wavtolip.npz,11.779123306274414,7.903614044189453,4.125452518463135,1
FakeVideo-FakeAudio/African/men/id01392/00167_3_id00830_wavtolip.npz,-5.502963066101074,-8.919898986816406,4.735938549041748,1
FakeVideo-FakeAudio/African/men/id01392/00167_3_id01392_wavtolip.npz,-4.989284515380859,-8.195281982421875,4.7672247886657715,1
FakeVideo-FakeAudio/African/men/id01392/00167_3_id01610_wavtolip.npz,-0.43421459197998047,-1.220799446105957,4.519282341003418,1
FakeVideo-FakeAudio/African/men/id01392/00167_3_id01933_wavtolip.npz,-4.529119968414307,-8.365348815917969,4.645697593688965,1
FakeVideo-FakeAudio/African/men/id01392/00167_3_id02040_wavtolip.npz,7.890781402587891,7.375257968902588,3.591506004333496,1
FakeVideo-FakeAudio/African/men/id01392/00167_id00366_wavtolip.npz,-1.3059569597244263,-1.7037346363067627,4.886319160461426,1
FakeVideo-FakeAudio/African/men/id01392/00167_id00391_TjJgUZaenWI_id01598_wavtolip.npz,-2.016749382019043,-3.8020873069763184,4.431156635284424,1
FakeVideo-FakeAudio/African/men/id01392/00167_id00475_wavtolip.npz,4.195765972137451,4.398990631103516,5.198981285095215,1
FakeVideo-FakeAudio/African/men/id01392/00167_id00701_wavtolip.npz,-5.255274295806885,-7.842792510986328,5.087906837463379,1
FakeVideo-FakeAudio/African/men/id01392/00167_id00761_wavtolip.npz,8.146578788757324,6.196848392486572,4.685448169708252,1
FakeVideo-FakeAudio/African/men/id01392/00167_id01179_RnqLJMrWELw_id02268_wavtolip.npz,-5.579865455627441,-8.03243350982666,4.762030601501465,1
FakeVideo-FakeAudio/African/men/id01392/00167_id01207_mt129WTRSII_id01691_wavtolip.npz,-2.045292377471924,-1.9898481369018555,5.11126708984375,1
FakeVideo-FakeAudio/African/men/id01392/00167_id01207_wavtolip.npz,-1.7223179340362549,1.2197623252868652,4.4925150871276855,1
FakeVideo-FakeAudio/African/men/id01392/00167_id01521_wavtolip.npz,11.746786117553711,7.757081031799316,4.102799892425537,1
FakeVideo-FakeAudio/African/men/id01392/00167_id01597_52WEZxe4_GE_id01920_wavtolip.npz,-3.973261594772339,-6.804722785949707,4.772493362426758,1
FakeVideo-FakeAudio/African/men/id01392/00167_id01610_wavtolip.npz,-2.636859893798828,-5.867632865905762,4.61137056350708,1
FakeVideo-FakeAudio/African/men/id01392/00167_id01920_w9C_knCPD94_id02040_wavtolip.npz,9.165207862854004,9.200447082519531,3.571826457977295,1
FakeVideo-FakeAudio/African/men/id01392/00167_id01972_wavtolip.npz,-0.3680352568626404,-1.067639708518982,4.134785175323486,1
FakeVideo-FakeAudio/African/men/id01392/00167_id02005_wavtolip.npz,-3.3600881099700928,-0.534498393535614,4.682233810424805,1
FakeVideo-FakeAudio/African/men/id01392/00167_id02494_wavtolip.npz,12.688408851623535,7.9694623947143555,3.589717388153076,1
FakeVideo-FakeAudio/African/men/id01717/00005_id00166_wavtolip.npz,-6.033525466918945,-9.391963005065918,4.538383960723877,1
FakeVideo-FakeAudio/African/men/id01717/00005_id00366_RSOgEoek8WM_id02268_wavtolip.npz,-6.274649620056152,-9.419698715209961,4.479866981506348,1
FakeVideo-FakeAudio/African/men/id01717/00005_id00366_wavtolip.npz,-4.517917633056641,-8.69279670715332,4.496594429016113,1
FakeVideo-FakeAudio/African/men/id01717/00005_id00518_wavtolip.npz,-5.442139148712158,-7.746661186218262,4.482761383056641,1
FakeVideo-FakeAudio/African/men/id01717/00005_id00701_lW6uzLIOwd0_id01207_wavtolip.npz,12.428121566772461,7.756142616271973,4.567034721374512,1
FakeVideo-FakeAudio/African/men/id01717/00005_id00761_wavtolip.npz,-4.101332664489746,-7.372781753540039,4.517621994018555,1
FakeVideo-FakeAudio/African/men/id01717/00005_id00781_wavtolip.npz,5.659976482391357,5.524448394775391,3.976050853729248,1
FakeVideo-FakeAudio/African/men/id01717/00005_id00987_wavtolip.npz,-3.6061530113220215,-4.934607982635498,4.521046161651611,1
FakeVideo-FakeAudio/African/men/id01717/00005_id01171_wavtolip.npz,-4.877902030944824,-7.660161018371582,4.388331413269043,1
FakeVideo-FakeAudio/African/men/id01717/00005_id01392_wavtolip.npz,-5.234172821044922,-8.934894561767578,4.502148151397705,1
FakeVideo-FakeAudio/African/men/id01717/00005_id01452_4MqeoSxSy3w_id01856_wavtolip.npz,-4.505074501037598,-8.578664779663086,4.4537200927734375,1
FakeVideo-FakeAudio/African/men/id01717/00005_id01544_wavtolip.npz,-0.783227264881134,2.9753284454345703,4.536613464355469,1
FakeVideo-FakeAudio/African/men/id01717/00005_id01920_w9C_knCPD94_id01598_wavtolip.npz,-3.3286004066467285,-4.927354335784912,4.573098182678223,1
FakeVideo-FakeAudio/African/men/id01717/00005_id02005_7_Egh9mW5y4_faceswap_id01170_wavtolip.npz,-5.60405158996582,-8.565144538879395,4.437803268432617,1
FakeVideo-FakeAudio/African/men/id01717/00005_id02005_7_Egh9mW5y4_faceswap_id01392_wavtolip.npz,-4.474255561828613,-8.475191116333008,4.510063171386719,1
FakeVideo-FakeAudio/African/men/id01717/00005_id02005_7_Egh9mW5y4_faceswap_id01691_wavtolip.npz,13.945392608642578,8.64493465423584,4.495020389556885,1
FakeVideo-FakeAudio/African/men/id01717/00005_id02005_7_Egh9mW5y4_faceswap_id01779_wavtolip.npz,-3.618359327316284,-3.092608690261841,4.456638813018799,1
FakeVideo-FakeAudio/African/men/id01717/00005_id02005_7_Egh9mW5y4_faceswap_id04727_wavtolip.npz,12.166180610656738,10.25174617767334,4.308688640594482,1
FakeVideo-FakeAudio/African/men/id01717/00005_id02005_7_Egh9mW5y4_id01076_wavtolip.npz,13.06323528289795,8.2806396484375,4.047913551330566,1
FakeVideo-FakeAudio/African/men/id01717/00005_id02316_yrrNcmZ-xmI_id01544_wavtolip.npz,-0.6946508288383484,3.088742733001709,4.551699638366699,1
FakeVideo-FakeAudio/African/men/id01717/00005_id04727_wavtolip.npz,12.42726993560791,8.834718704223633,4.3440446853637695,1
FakeVideo-FakeAudio/African/men/id01779/00010_id00475_wavtolip.npz,-4.424156188964844,-3.8546090126037598,4.834085464477539,1
FakeVideo-FakeAudio/African/men/id01779/00010_id00518_wavtolip.npz,-5.248673439025879,-7.250288009643555,4.416014671325684,1
FakeVideo-FakeAudio/African/men/id01779/00010_id00701_lW6uzLIOwd0_id00366_wavtolip.npz,-3.7253310680389404,-6.77445125579834,4.734860897064209,1
FakeVideo-FakeAudio/African/men/id01779/00010_id00781_wavtolip.npz,8.964347839355469,7.118488788604736,3.8992621898651123,1
FakeVideo-FakeAudio/African/men/id01779/00010_id01036_AohKaMtIHxA_id01637_wavtolip.npz,-4.806889057159424,-7.018418312072754,4.6366448402404785,1
FakeVideo-FakeAudio/African/men/id01779/00010_id01036_wavtolip.npz,-2.630265712738037,-3.294428825378418,4.835949897766113,1
FakeVideo-FakeAudio/African/men/id01779/00010_id01076_wavtolip.npz,13.048887252807617,8.502562522888184,4.03141975402832,1
FakeVideo-FakeAudio/African/men/id01779/00010_id01171_XSINMRoTb0E_id01076_wavtolip.npz,13.20992660522461,8.582236289978027,4.073031425476074,1
FakeVideo-FakeAudio/African/men/id01779/00010_id01528_wavtolip.npz,-5.303942680358887,-8.702482223510742,4.86591100692749,1
FakeVideo-FakeAudio/African/men/id01779/00010_id01530_wavtolip.npz,-5.529151439666748,-9.0047607421875,4.462399482727051,1
FakeVideo-FakeAudio/African/men/id01779/00010_id01544_wavtolip.npz,0.43950045108795166,3.295233726501465,4.4280619621276855,1
FakeVideo-FakeAudio/African/men/id01779/00010_id01637_5VjcPZm8knM_id01972_wavtolip.npz,-1.7327446937561035,-2.557111978530884,4.207181930541992,1
FakeVideo-FakeAudio/African/men/id01779/00010_id01691_IVtS5z8Jrrk_faceswap_id00173_wavtolip.npz,13.858917236328125,8.4561128616333,4.794074058532715,1
FakeVideo-FakeAudio/African/men/id01779/00010_id01691_IVtS5z8Jrrk_faceswap_id00478_wavtolip.npz,-2.217912435531616,0.28676119446754456,4.828174591064453,1
FakeVideo-FakeAudio/African/men/id01779/00010_id01691_IVtS5z8Jrrk_faceswap_id00701_wavtolip.npz,-6.100996494293213,-9.167778015136719,4.830544948577881,1
FakeVideo-FakeAudio/African/men/id01779/00010_id01691_IVtS5z8Jrrk_faceswap_id01170_wavtolip.npz,-3.0027503967285156,-3.329071044921875,4.80334997177124,1
FakeVideo-FakeAudio/African/men/id01779/00010_id01691_IVtS5z8Jrrk_faceswap_id01779_wavtolip.npz,7.263529300689697,5.024515628814697,4.697578430175781,1
FakeVideo-FakeAudio/African/men/id01779/00010_id01691_IVtS5z8Jrrk_id00391_wavtolip.npz,-5.363951206207275,-8.835145950317383,4.816442012786865,1
FakeVideo-FakeAudio/African/men/id01779/00010_id01779_wavtolip.npz,7.7476701736450195,5.548030853271484,4.687902927398682,1
FakeVideo-FakeAudio/African/men/id01779/00010_id01856_6Q2f3b1QNRM_id00830_wavtolip.npz,-5.987154006958008,-9.259270668029785,4.866745948791504,1
FakeVideo-FakeAudio/African/men/id01779/00010_id02268_irA9myDvW-I_id01452_wavtolip.npz,13.87485408782959,8.907559394836426,4.311966896057129,1
FakeVideo-FakeAudio/African/men/id01779/00010_id02268_wavtolip.npz,-4.459491729736328,-6.137433052062988,4.684474945068359,1
FakeVideo-FakeAudio/African/men/id01779/00010_id02494_lObg47hQleE_id01076_wavtolip.npz,13.312670707702637,8.206296920776367,4.077850818634033,1
FakeVideo-FakeAudio/African/men/id01179/00160_id00166_PQV2ZbJBLNk_id01544_wavtolip.npz,1.7002408504486084,3.5671072006225586,4.445674896240234,1
FakeVideo-FakeAudio/African/men/id01179/00160_id00173_wavtolip.npz,-0.6178545951843262,2.4287617206573486,4.611435413360596,1
FakeVideo-FakeAudio/African/men/id01179/00160_id00391_TjJgUZaenWI_id01171_wavtolip.npz,-3.584627628326416,-5.889063835144043,4.379854679107666,1
FakeVideo-FakeAudio/African/men/id01179/00160_id00476_UgdYVJ6xPYg_id01856_wavtolip.npz,-4.948431015014648,-8.61766529083252,4.406049728393555,1
FakeVideo-FakeAudio/African/men/id01179/00160_id00518_wavtolip.npz,-5.25404167175293,-8.179388046264648,4.534312725067139,1
FakeVideo-FakeAudio/African/men/id01179/00160_id01170_7eoTTk4xyNo_id01856_wavtolip.npz,-3.8770124912261963,-8.154009819030762,4.375259876251221,1
FakeVideo-FakeAudio/African/men/id01179/00160_id01171_wavtolip.npz,-4.541085243225098,-7.409204959869385,4.38096809387207,1
FakeVideo-FakeAudio/African/men/id01179/00160_id01207_mt129WTRSII_id01171_wavtolip.npz,-4.1307806968688965,-6.434063911437988,4.461740016937256,1
FakeVideo-FakeAudio/African/men/id01179/00160_id01207_wavtolip.npz,-0.9392350316047668,1.8910953998565674,4.472217559814453,1
FakeVideo-FakeAudio/African/men/id01179/00160_id01392_wavtolip.npz,-4.461554527282715,-8.380289077758789,4.591030597686768,1
FakeVideo-FakeAudio/African/men/id01179/00160_id01544_wavtolip.npz,1.7327083349227905,3.433156728744507,4.41619873046875,1
FakeVideo-FakeAudio/African/men/id01179/00160_id01598_wavtolip.npz,3.3039255142211914,4.2732415199279785,4.488781452178955,1
FakeVideo-FakeAudio/African/men/id01179/00160_id01637_5VjcPZm8knM_id01995_wavtolip.npz,4.020476341247559,7.714669227600098,4.582355976104736,1
FakeVideo-FakeAudio/African/men/id01179/00160_id01691_wavtolip.npz,2.6102547645568848,3.072657585144043,4.551814079284668,1
FakeVideo-FakeAudio/African/men/id01179/00160_id01717_wavtolip.npz,11.792990684509277,8.048006057739258,4.1311750411987305,1
FakeVideo-FakeAudio/African/men/id01179/00160_id02005_7_Egh9mW5y4_faceswap_id01528_wavtolip.npz,-6.055537700653076,-9.292030334472656,4.718410015106201,1
FakeVideo-FakeAudio/African/men/id01179/00160_id02005_7_Egh9mW5y4_faceswap_id01779_wavtolip.npz,-1.6184028387069702,0.05137721076607704,4.554085731506348,1
FakeVideo-FakeAudio/African/men/id01179/00160_id02005_7_Egh9mW5y4_faceswap_id01835_wavtolip.npz,-2.971515655517578,-2.8076181411743164,4.657988548278809,1
FakeVideo-FakeAudio/African/men/id01179/00160_id02005_7_Egh9mW5y4_faceswap_id01972_wavtolip.npz,0.24304580688476562,0.8543798327445984,4.179580211639404,1
FakeVideo-FakeAudio/African/men/id01179/00160_id02005_7_Egh9mW5y4_faceswap_id02316_wavtolip.npz,13.318061828613281,8.249874114990234,4.358261585235596,1
FakeVideo-FakeAudio/African/men/id01179/00160_id02005_7_Egh9mW5y4_id00366_wavtolip.npz,-4.370665073394775,-8.458932876586914,4.610002517700195,1
FakeVideo-FakeAudio/African/men/id01179/00160_id02342_RJPBPhJB8TA_id01779_wavtolip.npz,-3.438042163848877,-0.7008112072944641,4.574948787689209,1
FakeVideo-FakeAudio/African/men/id01179/00160_id02342_wavtolip.npz,-1.9983292818069458,-0.32592546939849854,4.496826171875,1
FakeVideo-FakeAudio/African/men/id01528/00017_id00173_wavtolip.npz,-0.2846202552318573,2.3938491344451904,4.802501678466797,1
FakeVideo-FakeAudio/African/men/id01528/00017_id00518_qm7oQcDg4oI_id00781_wavtolip.npz,9.656912803649902,7.186801910400391,3.970867395401001,1
FakeVideo-FakeAudio/African/men/id01528/00017_id00944_DiW5D62667U_id02296_wavtolip.npz,-3.272141456604004,-7.295588493347168,4.685304641723633,1
FakeVideo-FakeAudio/African/men/id01528/00017_id00944_wavtolip.npz,-0.8468478918075562,2.1049866676330566,4.782708168029785,1
FakeVideo-FakeAudio/African/men/id01528/00017_id00987_wavtolip.npz,-2.4439010620117188,-2.642087697982788,5.0579833984375,1
FakeVideo-FakeAudio/African/men/id01528/00017_id01076_wavtolip.npz,13.073446273803711,8.444435119628906,4.049868583679199,1
FakeVideo-FakeAudio/African/men/id01528/00017_id01171_wavtolip.npz,-1.774644136428833,0.45052576065063477,4.405307292938232,1
FakeVideo-FakeAudio/African/men/id01528/00017_id01207_mt129WTRSII_id01207_wavtolip.npz,-1.572709321975708,1.0189974308013916,4.47926664352417,1
FakeVideo-FakeAudio/African/men/id01528/00017_id01236_7WdumGR5-JM_id02342_wavtolip.npz,0.3726160526275635,3.228151559829712,4.534660816192627,1
FakeVideo-FakeAudio/African/men/id01528/00017_id01236_wavtolip.npz,14.517071723937988,9.039656639099121,4.059061050415039,1
FakeVideo-FakeAudio/African/men/id01528/00017_id01452_4MqeoSxSy3w_faceswap_id00701_wavtolip.npz,-5.2183146476745605,-8.628435134887695,5.017501354217529,1
FakeVideo-FakeAudio/African/men/id01528/00017_id01452_4MqeoSxSy3w_faceswap_id01076_wavtolip.npz,13.023591041564941,8.372237205505371,4.041314601898193,1
FakeVideo-FakeAudio/African/men/id01528/00017_id01452_4MqeoSxSy3w_faceswap_id01610_wavtolip.npz,-2.60453462600708,-5.3869452476501465,4.644383430480957,1
FakeVideo-FakeAudio/African/men/id01528/00017_id01452_4MqeoSxSy3w_faceswap_id02005_wavtolip.npz,-0.9144039154052734,1.8391108512878418,4.6399760246276855,1
FakeVideo-FakeAudio/African/men/id01528/00017_id01452_4MqeoSxSy3w_faceswap_id02494_wavtolip.npz,12.534908294677734,8.518205642700195,3.7215209007263184,1
FakeVideo-FakeAudio/African/men/id01528/00017_id01452_4MqeoSxSy3w_id04727_wavtolip.npz,11.609158515930176,9.716848373413086,4.36881160736084,1
FakeVideo-FakeAudio/African/men/id01528/00017_id01597_52WEZxe4_GE_id00476_wavtolip.npz,1.6183122396469116,0.1605774313211441,4.984346389770508,1
FakeVideo-FakeAudio/African/men/id01528/00017_id01598_wavtolip.npz,-3.4347567558288574,-5.090757369995117,4.527675151824951,1
FakeVideo-FakeAudio/African/men/id01528/00017_id01933_I5XXxgK7QpE_id00391_wavtolip.npz,-4.7973761558532715,-8.595718383789062,4.912328720092773,1
FakeVideo-FakeAudio/African/men/id01528/00017_id01972_hBYoeQTm8ZQ_id01610_wavtolip.npz,-3.383319616317749,-5.505433559417725,4.646372318267822,1
FakeVideo-FakeAudio/African/men/id01528/00017_id02005_wavtolip.npz,-3.1952502727508545,-0.5184913277626038,4.673644542694092,1
FakeVideo-FakeAudio/African/men/id01528/00017_id02040_wavtolip.npz,7.068859100341797,6.769608020782471,3.591718912124634,1
FakeVideo-FakeAudio/African/men/id01528/00017_id02296_wavtolip.npz,-3.1272237300872803,-6.381000995635986,4.70484733581543,1
FakeVideo-FakeAudio/African/men/id00076/00109_10_id00476_wavtolip.npz,6.882091522216797,5.810524940490723,4.47377872467041,1
FakeVideo-FakeAudio/African/men/id00076/00109_10_id01076_wavtolip.npz,13.000121116638184,8.381194114685059,4.044250965118408,1
FakeVideo-FakeAudio/African/men/id00076/00109_10_id01179_wavtolip.npz,-5.461206912994385,-8.999327659606934,4.497982978820801,1
FakeVideo-FakeAudio/African/men/id00076/00109_10_id02005_wavtolip.npz,-2.8686976432800293,0.04281621053814888,4.474149703979492,1
FakeVideo-FakeAudio/African/men/id00076/00109_10_id02342_wavtolip.npz,-2.431574821472168,-0.3898538649082184,4.483736991882324,1
FakeVideo-FakeAudio/African/men/id00076/00109_12_id00518_wavtolip.npz,-3.382309913635254,-7.22416353225708,4.3706746101379395,1
FakeVideo-FakeAudio/African/men/id00076/00109_12_id00761_wavtolip.npz,-3.9090545177459717,-8.298877716064453,4.437600135803223,1
FakeVideo-FakeAudio/African/men/id00076/00109_12_id00987_wavtolip.npz,-2.388798236846924,-3.0848419666290283,4.471680164337158,1
FakeVideo-FakeAudio/African/men/id00076/00109_12_id01856_wavtolip.npz,-4.80125617980957,-8.453889846801758,4.362799167633057,1
FakeVideo-FakeAudio/African/men/id00076/00109_12_id02296_wavtolip.npz,-3.730443239212036,-7.546059608459473,4.456161022186279,1
FakeVideo-FakeAudio/African/men/id00076/00109_2_id00166_wavtolip.npz,-5.046180725097656,-8.826895713806152,4.411454677581787,1
FakeVideo-FakeAudio/African/men/id00076/00109_2_id00701_wavtolip.npz,-1.56440007686615,-3.971217632293701,4.4457597732543945,1
FakeVideo-FakeAudio/African/men/id00076/00109_2_id01236_wavtolip.npz,14.442401885986328,9.047755241394043,4.075228691101074,1
FakeVideo-FakeAudio/African/men/id00076/00109_2_id01521_wavtolip.npz,12.792784690856934,8.305180549621582,4.112802028656006,1
FakeVideo-FakeAudio/African/men/id00076/00109_2_id01598_wavtolip.npz,-4.028705596923828,-6.251014709472656,4.478637218475342,1
FakeVideo-FakeAudio/African/men/id00076/00109_4_id01392_wavtolip.npz,-4.5533833503723145,-7.661404132843018,4.753864288330078,1
FakeVideo-FakeAudio/African/men/id00076/00109_4_id01528_wavtolip.npz,-6.02506160736084,-9.12266731262207,4.808376312255859,1
FakeVideo-FakeAudio/African/men/id00076/00109_4_id01691_wavtolip.npz,-1.072667121887207,-0.34709566831588745,4.774129867553711,1
FakeVideo-FakeAudio/African/men/id00076/00109_4_id01995_wavtolip.npz,12.140975952148438,7.783931732177734,4.747387409210205,1
FakeVideo-FakeAudio/African/men/id00076/00109_4_id02296_wavtolip.npz,-4.583105564117432,-8.705327033996582,4.623674392700195,1
FakeVideo-FakeAudio/African/men/id00076/00109_7_id00166_wavtolip.npz,-4.781716346740723,-7.7521257400512695,4.623622894287109,1
FakeVideo-FakeAudio/African/men/id00076/00109_7_id00478_wavtolip.npz,-1.5041629076004028,1.5915026664733887,4.827212333679199,1
FakeVideo-FakeAudio/African/men/id00076/00109_7_id01452_wavtolip.npz,13.68824577331543,8.926798820495605,4.247171401977539,1
FakeVideo-FakeAudio/African/men/id00076/00109_7_id01717_wavtolip.npz,11.972528457641602,8.120831489562988,4.114401817321777,1
FakeVideo-FakeAudio/African/men/id00076/00109_7_id01995_wavtolip.npz,11.99007797241211,8.067398071289062,4.643217086791992,1
FakeVideo-FakeAudio/African/men/id00076/00109_8_id00166_wavtolip.npz,-0.8517032861709595,2.3848326206207275,4.596516132354736,1
FakeVideo-FakeAudio/African/men/id00076/00109_8_id00701_wavtolip.npz,-5.587126731872559,-9.218013763427734,4.694939613342285,1
FakeVideo-FakeAudio/African/men/id00076/00109_8_id00761_wavtolip.npz,-5.205350875854492,-8.815813064575195,4.642613887786865,1
FakeVideo-FakeAudio/African/men/id00076/00109_8_id01170_wavtolip.npz,-6.024785995483398,-9.159815788269043,4.616864204406738,1
FakeVideo-FakeAudio/African/men/id00076/00109_8_id02005_wavtolip.npz,-3.6366426944732666,-1.1717252731323242,4.657623767852783,1
FakeVideo-FakeAudio/African/men/id00076/00109_9_id00076_wavtolip.npz,-4.264216423034668,-8.685351371765137,4.329432010650635,1
FakeVideo-FakeAudio/African/men/id00076/00109_9_id01036_wavtolip.npz,-2.809443473815918,-2.331190586090088,4.3560895919799805,1
FakeVideo-FakeAudio/African/men/id00076/00109_9_id01452_wavtolip.npz,13.850752830505371,8.715331077575684,4.185129642486572,1
FakeVideo-FakeAudio/African/men/id00076/00109_9_id01528_wavtolip.npz,-5.520229339599609,-8.951427459716797,4.31921911239624,1
FakeVideo-FakeAudio/African/men/id00076/00109_9_id02005_wavtolip.npz,11.898380279541016,7.512816429138184,4.314168930053711,1
FakeVideo-FakeAudio/African/men/id00076/00109_id00173_UHoMXLSjlDo_id00475_wavtolip.npz,-1.0442475080490112,2.8823821544647217,5.205860137939453,1
FakeVideo-FakeAudio/African/men/id00076/00109_id00366_RSOgEoek8WM_id01995_wavtolip.npz,11.747539520263672,7.383990287780762,4.7646684646606445,1
FakeVideo-FakeAudio/African/men/id00076/00109_id00391_wavtolip.npz,-4.477384567260742,-7.627126216888428,5.309276103973389,1
FakeVideo-FakeAudio/African/men/id00076/00109_id00475_wavtolip.npz,-0.03700251132249832,3.0558173656463623,5.130654811859131,1
FakeVideo-FakeAudio/African/men/id00076/00109_id00476_wavtolip.npz,-4.373214244842529,-6.146812438964844,5.071549892425537,1
FakeVideo-FakeAudio/African/men/id00076/00109_id00701_wavtolip.npz,-5.1361894607543945,-6.8397932052612305,5.065618515014648,1
FakeVideo-FakeAudio/African/men/id00076/00109_id00830_rfl3Teg9uew_id01544_wavtolip.npz,3.609313726425171,4.11600923538208,4.510375499725342,1
FakeVideo-FakeAudio/African/men/id00076/00109_id01036_AohKaMtIHxA_id00476_wavtolip.npz,-0.9688315391540527,-1.0987993478775024,5.0277299880981445,1
FakeVideo-FakeAudio/African/men/id00076/00109_id01207_mt129WTRSII_id02316_wavtolip.npz,9.663515090942383,6.831845760345459,4.29058837890625,1
FakeVideo-FakeAudio/African/men/id00076/00109_id01207_wavtolip.npz,-0.9834330677986145,1.5398839712142944,4.447913646697998,1
FakeVideo-FakeAudio/African/men/id00076/00109_id01544_uBo9585VW2A_id01779_wavtolip.npz,4.298774242401123,4.583723068237305,4.626979351043701,1
FakeVideo-FakeAudio/African/men/id00076/00109_id01637_wavtolip.npz,4.580912113189697,-0.8237089514732361,4.639438152313232,1
FakeVideo-FakeAudio/African/men/id00076/00109_id01691_wavtolip.npz,0.46251147985458374,0.8467656970024109,5.095625877380371,1
FakeVideo-FakeAudio/African/men/id00076/00109_id01920_wavtolip.npz,-4.278329372406006,-7.782157897949219,4.784780502319336,1
FakeVideo-FakeAudio/African/men/id00076/00109_id01995_YUR9wTypwIo_id01691_wavtolip.npz,-1.4658088684082031,-0.42263731360435486,5.111733913421631,1
FakeVideo-FakeAudio/African/men/id00076/00109_id02005_7_Egh9mW5y4_id01972_wavtolip.npz,-2.855595588684082,-1.0411627292633057,4.16892147064209,1
FakeVideo-FakeAudio/African/men/id00076/00109_id02005_wavtolip.npz,-3.7002711296081543,-0.7360157370567322,4.612427711486816,1
FakeVideo-FakeAudio/African/men/id00076/00109_id02316_wavtolip.npz,9.673474311828613,6.648449420928955,4.27762508392334,1
FakeVideo-FakeAudio/African/men/id00076/00109_id02342_RJPBPhJB8TA_id00166_wavtolip.npz,-4.6227922439575195,-7.939504623413086,4.6812286376953125,1
FakeVideo-FakeAudio/African/men/id00076/00109_id04727_AAnyugIAXao_id00391_wavtolip.npz,-4.378130912780762,-7.346225738525391,5.327362060546875,1
FakeVideo-FakeAudio/African/men/id02268/00036_id00076_wavtolip.npz,-3.7280261516571045,-8.212896347045898,5.023706912994385,1
FakeVideo-FakeAudio/African/men/id02268/00036_id00166_wavtolip.npz,-2.7136647701263428,-3.3578741550445557,4.641979217529297,1
FakeVideo-FakeAudio/African/men/id02268/00036_id00173_wavtolip.npz,-1.6228160858154297,1.4280385971069336,4.796396255493164,1
FakeVideo-FakeAudio/African/men/id02268/00036_id00781_wavtolip.npz,8.800804138183594,6.905362129211426,3.901285409927368,1
FakeVideo-FakeAudio/African/men/id02268/00036_id01236_7WdumGR5-JM_id01597_wavtolip.npz,-3.9326133728027344,-6.145903587341309,4.739634037017822,1
FakeVideo-FakeAudio/African/men/id02268/00036_id01521_jthjSmLdLOg_id01597_wavtolip.npz,-0.38108596205711365,-1.06541109085083,4.725154399871826,1
FakeVideo-FakeAudio/African/men/id02268/00036_id01530_wavtolip.npz,-5.9162797927856445,-9.240312576293945,4.450290679931641,1
FakeVideo-FakeAudio/African/men/id02268/00036_id01691_IVtS5z8Jrrk_id00944_wavtolip.npz,-3.7423360347747803,-4.900481700897217,4.744778156280518,1
FakeVideo-FakeAudio/African/men/id02268/00036_id01717_wavtolip.npz,11.585139274597168,9.458916664123535,4.1130571365356445,1
FakeVideo-FakeAudio/African/men/id02268/00036_id01835_UZbWA0QfXXA_id01856_wavtolip.npz,-2.559877395629883,-8.697681427001953,4.426849842071533,1
FakeVideo-FakeAudio/African/men/id02268/00036_id01856_6Q2f3b1QNRM_id01207_wavtolip.npz,-4.881469249725342,-5.19974422454834,4.509965419769287,1
FakeVideo-FakeAudio/African/men/id02268/00036_id01920_wavtolip.npz,-4.993694305419922,-8.350343704223633,4.810419082641602,1
FakeVideo-FakeAudio/African/men/id02268/00036_id02040_wavtolip.npz,7.380350112915039,6.805315017700195,3.6149885654449463,1
FakeVideo-FakeAudio/African/men/id02268/00036_id02268_wavtolip.npz,-5.05362606048584,-7.747121810913086,4.742513656616211,1
FakeVideo-FakeAudio/African/men/id02268/00036_id02296_IAgOrCuY8vU_id01598_wavtolip.npz,-3.980984926223755,-6.639915943145752,4.53847599029541,1
FakeVideo-FakeAudio/African/men/id02268/00036_id02316_wavtolip.npz,8.927891731262207,5.077765464782715,4.360074520111084,1
FakeVideo-FakeAudio/African/men/id02268/00036_id02494_lObg47hQleE_id00391_wavtolip.npz,-4.801880836486816,-8.652384757995605,5.042060375213623,1
FakeVideo-FakeAudio/African/men/id01170/00021_id00166_wavtolip.npz,-2.097994804382324,-3.2869322299957275,4.5990753173828125,1
FakeVideo-FakeAudio/African/men/id01170/00021_id00391_TjJgUZaenWI_id01598_wavtolip.npz,-4.3136701583862305,-6.854471206665039,4.5107903480529785,1
FakeVideo-FakeAudio/African/men/id01170/00021_id00761_wavtolip.npz,10.425039291381836,7.442440032958984,4.692226886749268,1
FakeVideo-FakeAudio/African/men/id01170/00021_id00830_rfl3Teg9uew_id01170_wavtolip.npz,-0.6195290684700012,-1.239402174949646,4.8043012619018555,1
FakeVideo-FakeAudio/African/men/id01170/00021_id01076_wavtolip.npz,13.234752655029297,8.196065902709961,4.05765962600708,1
FakeVideo-FakeAudio/African/men/id01170/00021_id01170_wavtolip.npz,-2.263956069946289,-3.1115198135375977,4.736235618591309,1
FakeVideo-FakeAudio/African/men/id01170/00021_id01171_XSINMRoTb0E_id02342_wavtolip.npz,-3.466740608215332,-2.607682943344116,4.55427360534668,1
FakeVideo-FakeAudio/African/men/id01170/00021_id01392_fF-g0KFJ7lg_id00478_wavtolip.npz,0.5702804327011108,3.3741893768310547,5.079294681549072,1
FakeVideo-FakeAudio/African/men/id01170/00021_id01392_wavtolip.npz,-4.738004207611084,-6.817754745483398,4.898465633392334,1
FakeVideo-FakeAudio/African/men/id01170/00021_id01452_wavtolip.npz,13.914738655090332,8.652369499206543,4.300696849822998,1
FakeVideo-FakeAudio/African/men/id01170/00021_id01544_wavtolip.npz,1.109717845916748,3.165285110473633,4.417745113372803,1
FakeVideo-FakeAudio/African/men/id01170/00021_id01597_52WEZxe4_GE_id01076_wavtolip.npz,13.328661918640137,8.251137733459473,4.069648742675781,1
FakeVideo-FakeAudio/African/men/id01170/00021_id01610_l8zb_iaDJJA_id01856_wavtolip.npz,-4.082435607910156,-8.434181213378906,4.407773971557617,1
FakeVideo-FakeAudio/African/men/id01170/00021_id01691_wavtolip.npz,-3.028290271759033,-3.9657790660858154,4.954699516296387,1
FakeVideo-FakeAudio/African/men/id01170/00021_id01779_wavtolip.npz,1.0626490116119385,3.410410165786743,4.673153877258301,1
FakeVideo-FakeAudio/African/men/id01170/00021_id01920_wavtolip.npz,-4.030839920043945,-6.766768455505371,4.800786972045898,1
FakeVideo-FakeAudio/African/men/id01170/00021_id01933_I5XXxgK7QpE_faceswap_id00478_wavtolip.npz,-0.4715110957622528,3.2293901443481445,5.0402116775512695,1
FakeVideo-FakeAudio/African/men/id01170/00021_id01933_I5XXxgK7QpE_faceswap_id01597_wavtolip.npz,-4.82607364654541,-6.972337245941162,4.757018089294434,1
FakeVideo-FakeAudio/African/men/id01170/00021_id01933_I5XXxgK7QpE_faceswap_id01637_wavtolip.npz,-5.269712448120117,-6.323668003082275,4.699037075042725,1
FakeVideo-FakeAudio/African/men/id01170/00021_id01933_I5XXxgK7QpE_faceswap_id01856_wavtolip.npz,-1.5835282802581787,-6.317474365234375,4.400496959686279,1
FakeVideo-FakeAudio/African/men/id01170/00021_id01933_I5XXxgK7QpE_id00781_wavtolip.npz,8.460731506347656,5.50386381149292,3.983881950378418,1
FakeVideo-FakeAudio/African/men/id01170/00021_id04727_AAnyugIAXao_id01392_wavtolip.npz,-4.821793556213379,-7.422977447509766,4.775382041931152,1
FakeVideo-FakeAudio/African/men/id01637/00002_1_id01598_wavtolip.npz,-3.699824333190918,-6.645774841308594,4.407732963562012,1
FakeVideo-FakeAudio/African/men/id01637/00002_1_id01610_wavtolip.npz,-4.863786220550537,-7.036850452423096,4.31742525100708,1
FakeVideo-FakeAudio/African/men/id01637/00002_1_id01920_wavtolip.npz,-2.8471546173095703,-6.7594895362854,4.381694316864014,1
FakeVideo-FakeAudio/African/men/id01637/00002_1_id02296_wavtolip.npz,-2.621100902557373,-6.602963447570801,4.3831000328063965,1
FakeVideo-FakeAudio/African/men/id01637/00002_1_id02342_wavtolip.npz,-1.0784157514572144,-0.4720483720302582,4.288630962371826,1
FakeVideo-FakeAudio/African/men/id01637/00002_2_id00701_wavtolip.npz,-4.207772731781006,-8.419032096862793,4.6183624267578125,1
FakeVideo-FakeAudio/African/men/id01637/00002_2_id00761_wavtolip.npz,2.8049840927124023,4.71517276763916,4.595407962799072,1
FakeVideo-FakeAudio/African/men/id01637/00002_2_id00944_wavtolip.npz,-4.97123384475708,-6.441916465759277,4.651528358459473,1
FakeVideo-FakeAudio/African/men/id01637/00002_2_id01392_wavtolip.npz,-2.4171319007873535,-5.598682880401611,4.5936503410339355,1
FakeVideo-FakeAudio/African/men/id01637/00002_2_id01452_wavtolip.npz,13.833044052124023,9.029799461364746,4.251491069793701,1
FakeVideo-FakeAudio/African/men/id01637/00002_id00076_wavtolip.npz,-5.103350639343262,-8.61707592010498,4.738618850708008,1
FakeVideo-FakeAudio/African/men/id01637/00002_id00166_PQV2ZbJBLNk_id04727_wavtolip.npz,11.925822257995605,10.0101900100708,4.324641227722168,1
FakeVideo-FakeAudio/African/men/id01637/00002_id00366_RSOgEoek8WM_id02268_wavtolip.npz,-5.191566467285156,-7.569754123687744,4.728748321533203,1
FakeVideo-FakeAudio/African/men/id01637/00002_id00391_wavtolip.npz,-4.890860557556152,-8.561434745788574,4.764989376068115,1
FakeVideo-FakeAudio/African/men/id01637/00002_id00761_wavtolip.npz,10.363275527954102,7.017146110534668,4.78373908996582,1
FakeVideo-FakeAudio/African/men/id01637/00002_id00944_DiW5D62667U_id01856_wavtolip.npz,-4.684389591217041,-8.398374557495117,4.509930610656738,1
FakeVideo-FakeAudio/African/men/id01637/00002_id01170_7eoTTk4xyNo_id01452_wavtolip.npz,13.843626022338867,8.712372779846191,4.242321014404297,1
FakeVideo-FakeAudio/African/men/id01637/00002_id01170_wavtolip.npz,-5.165928840637207,-8.272881507873535,4.760828018188477,1
FakeVideo-FakeAudio/African/men/id01637/00002_id01171_wavtolip.npz,-4.329090118408203,-7.082052230834961,4.420145511627197,1
FakeVideo-FakeAudio/African/men/id01637/00002_id01236_wavtolip.npz,14.51343822479248,9.060203552246094,4.075867176055908,1
FakeVideo-FakeAudio/African/men/id01637/00002_id01392_wavtolip.npz,-4.282624244689941,-7.164304733276367,4.673989295959473,1
FakeVideo-FakeAudio/African/men/id01637/00002_id01610_l8zb_iaDJJA_id01236_wavtolip.npz,14.544157028198242,9.157604217529297,4.077759742736816,1
FakeVideo-FakeAudio/African/men/id01637/00002_id01691_wavtolip.npz,-0.17286860942840576,0.7797290086746216,4.7617340087890625,1
FakeVideo-FakeAudio/African/men/id01637/00002_id01920_w9C_knCPD94_id00076_wavtolip.npz,-5.150897026062012,-8.702814102172852,4.8048295974731445,1
FakeVideo-FakeAudio/African/men/id01637/00002_id02005_7_Egh9mW5y4_id01392_wavtolip.npz,-5.232641220092773,-8.29796314239502,4.765793323516846,1
FakeVideo-FakeAudio/African/men/id01637/00002_id02051_wavtolip.npz,-3.4437620639801025,-2.94167160987854,4.341684341430664,1
FakeVideo-FakeAudio/African/men/id01637/00002_id02316_wavtolip.npz,9.39307975769043,6.30316686630249,4.260836601257324,1
FakeVideo-FakeAudio/African/men/id01637/00002_id02494_lObg47hQleE_id01530_wavtolip.npz,-5.665848255157471,-8.990620613098145,4.4704389572143555,1
FakeVideo-FakeAudio/African/men/id02051/00015_id00076_wavtolip.npz,-5.019568920135498,-8.816682815551758,4.4317145347595215,1
FakeVideo-FakeAudio/African/men/id02051/00015_id00166_wavtolip.npz,-5.611660480499268,-8.92799186706543,4.4468560218811035,1
FakeVideo-FakeAudio/African/men/id02051/00015_id00173_UHoMXLSjlDo_id01691_wavtolip.npz,-0.8468755483627319,1.0254260301589966,4.52325963973999,1
FakeVideo-FakeAudio/African/men/id02051/00015_id00173_wavtolip.npz,-2.483306884765625,1.6512600183486938,4.448888778686523,1
FakeVideo-FakeAudio/African/men/id02051/00015_id00701_lW6uzLIOwd0_id01779_wavtolip.npz,-3.4162437915802,-1.5286979675292969,4.450067043304443,1
FakeVideo-FakeAudio/African/men/id02051/00015_id00987_wavtolip.npz,-4.804127216339111,-6.510688781738281,4.54478120803833,1
FakeVideo-FakeAudio/African/men/id02051/00015_id01236_wavtolip.npz,14.493362426757812,9.182358741760254,4.0871992111206055,1
FakeVideo-FakeAudio/African/men/id02051/00015_id01521_jthjSmLdLOg_id00761_wavtolip.npz,-4.115269184112549,-8.116207122802734,4.539912223815918,1
FakeVideo-FakeAudio/African/men/id02051/00015_id01530_wavtolip.npz,-6.049771308898926,-9.30718994140625,4.4957661628723145,1
FakeVideo-FakeAudio/African/men/id02051/00015_id01610_l8zb_iaDJJA_id01717_wavtolip.npz,11.675894737243652,8.11744213104248,4.160573959350586,1
FakeVideo-FakeAudio/African/men/id02051/00015_id01691_wavtolip.npz,-1.8939446210861206,-0.16395439207553864,4.4829607009887695,1
FakeVideo-FakeAudio/African/men/id02051/00015_id01835_UZbWA0QfXXA_id00944_wavtolip.npz,-4.673734664916992,-5.83116340637207,4.481298923492432,1
FakeVideo-FakeAudio/African/men/id02051/00015_id01835_wavtolip.npz,-5.553015232086182,-8.234977722167969,4.530429840087891,1
FakeVideo-FakeAudio/African/men/id02051/00015_id01995_YUR9wTypwIo_id00476_wavtolip.npz,-4.645440101623535,-7.5942583084106445,4.500095844268799,1
FakeVideo-FakeAudio/African/men/id02051/00015_id02040_wl6EVkamZFQ_id00781_wavtolip.npz,6.404613971710205,5.9687700271606445,3.8948895931243896,1
FakeVideo-FakeAudio/African/men/id02051/00015_id02316_wavtolip.npz,13.064831733703613,8.261157035827637,4.283915996551514,1
FakeVideo-FakeAudio/African/men/id02051/00015_id02342_wavtolip.npz,-3.214085817337036,-4.050674915313721,4.436268329620361,1
FakeVideo-FakeAudio/African/men/id00366/00118_id00076_Isiq7cA-DNE_faceswap_id01170_wavtolip.npz,-5.1372785568237305,-6.9970245361328125,4.818830966949463,1
FakeVideo-FakeAudio/African/men/id00366/00118_id00076_Isiq7cA-DNE_faceswap_id01779_wavtolip.npz,0.244599848985672,3.194610357284546,4.678365230560303,1
FakeVideo-FakeAudio/African/men/id00366/00118_id00076_Isiq7cA-DNE_faceswap_id02316_wavtolip.npz,9.457423210144043,6.319876194000244,4.2667555809021,1
FakeVideo-FakeAudio/African/men/id00366/00118_id00076_Isiq7cA-DNE_faceswap_id02342_wavtolip.npz,1.6587682962417603,6.282034873962402,4.523664474487305,1
FakeVideo-FakeAudio/African/men/id00366/00118_id00076_Isiq7cA-DNE_faceswap_id02494_wavtolip.npz,12.621776580810547,8.076316833496094,3.6128785610198975,1
FakeVideo-FakeAudio/African/men/id00366/00118_id00076_Isiq7cA-DNE_id00944_wavtolip.npz,-3.7122228145599365,-3.104802370071411,4.734536170959473,1
FakeVideo-FakeAudio/African/men/id00366/00118_id00476_UgdYVJ6xPYg_id00076_wavtolip.npz,-4.431427955627441,-7.231555938720703,5.122949600219727,1
FakeVideo-FakeAudio/African/men/id00366/00118_id00781_fvsSae9yc0A_id01597_wavtolip.npz,-4.777444839477539,-7.024710178375244,4.716651916503906,1
FakeVideo-FakeAudio/African/men/id00366/00118_id00781_wavtolip.npz,9.345477104187012,7.427131175994873,3.876314878463745,1
FakeVideo-FakeAudio/African/men/id00366/00118_id01170_wavtolip.npz,-5.366120338439941,-7.078023433685303,4.861567974090576,1
FakeVideo-FakeAudio/African/men/id00366/00118_id01207_mt129WTRSII_id02316_wavtolip.npz,9.510980606079102,6.816702842712402,4.288068771362305,1
FakeVideo-FakeAudio/African/men/id00366/00118_id01236_wavtolip.npz,14.490694046020508,9.013493537902832,4.097536563873291,1
FakeVideo-FakeAudio/African/men/id00366/00118_id01528_wavtolip.npz,-5.448729991912842,-8.211368560791016,5.0348100662231445,1
FakeVideo-FakeAudio/African/men/id00366/00118_id01544_uBo9585VW2A_id02342_wavtolip.npz,-0.585392951965332,2.0613760948181152,4.503133773803711,1
FakeVideo-FakeAudio/African/men/id00366/00118_id01598_wavtolip.npz,-4.430021286010742,-7.236705303192139,4.479166030883789,1
FakeVideo-FakeAudio/African/men/id00366/00118_id01637_5VjcPZm8knM_id01835_wavtolip.npz,-0.7211692333221436,-1.3687410354614258,5.082876205444336,1
FakeVideo-FakeAudio/African/men/id00366/00118_id01691_IVtS5z8Jrrk_id01597_wavtolip.npz,-5.028557777404785,-7.36262321472168,4.726439476013184,1
FakeVideo-FakeAudio/African/men/id00366/00118_id01717_JDW6p8yU13A_id01856_wavtolip.npz,-4.473398208618164,-8.454479217529297,4.355129718780518,1
FakeVideo-FakeAudio/African/men/id00366/00118_id01717_wavtolip.npz,11.801734924316406,7.98560905456543,4.150875091552734,1
FakeVideo-FakeAudio/African/men/id00366/00118_id01835_wavtolip.npz,-1.0784438848495483,-2.2956669330596924,5.1237711906433105,1
FakeVideo-FakeAudio/African/men/id00366/00118_id01856_wavtolip.npz,-5.692988395690918,-8.9689302444458,4.42169713973999,1
FakeVideo-FakeAudio/African/men/id00366/00118_id01920_w9C_knCPD94_id01170_wavtolip.npz,-5.367007255554199,-6.866128921508789,4.871086597442627,1
FakeVideo-FakeAudio/African/men/id00366/00118_id02005_7_Egh9mW5y4_id01544_wavtolip.npz,-0.9949294328689575,2.965550184249878,4.4610772132873535,1
FakeVideo-FakeAudio/African/men/id00366/00118_id02005_wavtolip.npz,-0.5031057596206665,2.237704277038574,4.67927360534668,1
FakeVideo-FakeAudio/African/men/id00366/00118_id02268_wavtolip.npz,-5.728477954864502,-8.035900115966797,4.725750923156738,1
FakeVideo-FakeAudio/African/women/id00359/00053_id00460_wavtolip.npz,-0.5210482478141785,-7.430890083312988,4.28709077835083,1
FakeVideo-FakeAudio/African/women/id00359/00053_id01178_wavtolip.npz,-4.796705722808838,-7.355018138885498,4.387384414672852,1
FakeVideo-FakeAudio/African/women/id00359/00053_id01838_q_lUk55OrL0_faceswap_id00568_wavtolip.npz,-0.5252431631088257,0.5557810068130493,4.332195281982422,1
FakeVideo-FakeAudio/African/women/id00359/00053_id01838_q_lUk55OrL0_faceswap_id03658_wavtolip.npz,-4.922367572784424,-8.979463577270508,4.349361896514893,1
FakeVideo-FakeAudio/African/women/id00359/00053_id01838_q_lUk55OrL0_faceswap_id04736_wavtolip.npz,-2.9815263748168945,-8.332294464111328,4.323218822479248,1
FakeVideo-FakeAudio/African/women/id00359/00053_id01838_q_lUk55OrL0_faceswap_id05106_wavtolip.npz,-3.2141871452331543,-3.0656352043151855,4.386524200439453,1
FakeVideo-FakeAudio/African/women/id00359/00053_id01838_q_lUk55OrL0_faceswap_id05252_wavtolip.npz,-4.888925075531006,-8.995407104492188,4.383342742919922,1
FakeVideo-FakeAudio/African/women/id00359/00053_id01838_wavtolip.npz,-4.726559638977051,-8.461207389831543,4.36224365234375,1
FakeVideo-FakeAudio/African/women/id00359/00053_id02071_cHuDh9F87vA_id02948_wavtolip.npz,-4.315467834472656,-8.82096004486084,4.3843560218811035,1
FakeVideo-FakeAudio/African/women/id00359/00053_id02508_wavtolip.npz,-3.328888416290283,-8.83646297454834,4.377007961273193,1
FakeVideo-FakeAudio/African/women/id00359/00053_id02586_dEYzYDsbAeo_id01907_wavtolip.npz,-4.120843887329102,-8.768844604492188,4.334187984466553,1
FakeVideo-FakeAudio/African/women/id00359/00053_id02721_wavtolip.npz,-2.997101306915283,-8.871774673461914,4.2812981605529785,1
FakeVideo-FakeAudio/African/women/id00359/00053_id02838_kaCQlSGlLe8_id04689_wavtolip.npz,-4.483806133270264,-8.295000076293945,4.409759998321533,1
FakeVideo-FakeAudio/African/women/id00359/00053_id02948_wavtolip.npz,-3.880300521850586,-8.732069969177246,4.336275100708008,1
FakeVideo-FakeAudio/African/women/id00359/00053_id04376_wavtolip.npz,-4.75397253036499,-8.724776268005371,4.347818851470947,1
FakeVideo-FakeAudio/African/women/id00359/00053_id04437_wavtolip.npz,-4.040572643280029,-8.593043327331543,4.267758846282959,1
FakeVideo-FakeAudio/African/women/id00359/00053_id04547_3Qy2g2M47Aw_id03747_wavtolip.npz,-0.35782870650291443,-0.21584106981754303,4.333868503570557,1
FakeVideo-FakeAudio/African/women/id00359/00053_id04736_wavtolip.npz,-4.653911590576172,-8.971244812011719,4.3421549797058105,1
FakeVideo-FakeAudio/African/women/id00359/00053_id04820_64ybrA1atlM_id00577_wavtolip.npz,-5.869389533996582,-9.487385749816895,4.366243362426758,1
FakeVideo-FakeAudio/African/women/id00359/00053_id05106_ZnnDdjlABM4_id03569_wavtolip.npz,2.315854787826538,3.6554760932922363,4.200052261352539,1
FakeVideo-FakeAudio/African/women/id00359/00053_id05980_bbg4HtuM_jo_id00829_wavtolip.npz,-4.497049808502197,-8.764938354492188,4.38195276260376,1
FakeVideo-FakeAudio/African/women/id00359/00053_id05980_wavtolip.npz,-4.494499683380127,-6.701658248901367,4.329905033111572,1
FakeVideo-FakeAudio/African/women/id01907/00148_id00220_WlHLlTQKj8g_id00359_wavtolip.npz,-0.312355101108551,2.743619918823242,3.936943769454956,1
FakeVideo-FakeAudio/African/women/id01907/00148_id00371_t20i0HtPwW0_id00832_wavtolip.npz,10.10912799835205,8.315110206604004,4.291244983673096,1
FakeVideo-FakeAudio/African/women/id01907/00148_id00829_aMEvVaUBq2Y_id00592_wavtolip.npz,-3.1184325218200684,-6.336701393127441,4.488842487335205,1
FakeVideo-FakeAudio/African/women/id01907/00148_id00832_Jr4-dXRChME_id00577_wavtolip.npz,-3.9128472805023193,-7.5032196044921875,4.464943885803223,1
FakeVideo-FakeAudio/African/women/id01907/00148_id01532_XnlWp_s_f7Q_id02301_wavtolip.npz,9.660981178283691,6.773830890655518,4.1856465339660645,1
FakeVideo-FakeAudio/African/women/id01907/00148_id01838_wavtolip.npz,-4.614675998687744,-7.773040771484375,4.589988708496094,1
FakeVideo-FakeAudio/African/women/id01907/00148_id02586_wavtolip.npz,7.607783317565918,5.411741256713867,4.2253193855285645,1
FakeVideo-FakeAudio/African/women/id01907/00148_id03569_wavtolip.npz,2.2945101261138916,3.4781198501586914,4.23861026763916,1
FakeVideo-FakeAudio/African/women/id01907/00148_id03747_wavtolip.npz,-2.5892724990844727,-6.549760341644287,4.54648494720459,1
FakeVideo-FakeAudio/African/women/id01907/00148_id04055_wavtolip.npz,9.59376049041748,6.7025980949401855,4.164526462554932,1
FakeVideo-FakeAudio/African/women/id01907/00148_id04705_wavtolip.npz,-4.560439109802246,-7.651147365570068,4.605149745941162,1
FakeVideo-FakeAudio/African/women/id01907/00148_id04705_ziJ9JsYr4R0_id01838_wavtolip.npz,-4.1216511726379395,-6.986397743225098,4.612532138824463,1
FakeVideo-FakeAudio/African/women/id01907/00148_id04736_wavtolip.npz,-5.326214790344238,-9.175376892089844,4.630061626434326,1
FakeVideo-FakeAudio/African/women/id01907/00148_id04820_wavtolip.npz,-4.870177268981934,-8.813859939575195,4.534636974334717,1
FakeVideo-FakeAudio/African/women/id01907/00148_id04939_wavtolip.npz,13.967315673828125,8.535426139831543,4.244564533233643,1
FakeVideo-FakeAudio/African/women/id01907/00148_id05235_ASy8lP3SRtw_faceswap_id00371_wavtolip.npz,-5.082561492919922,-7.880965709686279,4.586544990539551,1
FakeVideo-FakeAudio/African/women/id01907/00148_id05235_ASy8lP3SRtw_faceswap_id03656_wavtolip.npz,-5.776274681091309,-9.320140838623047,4.606342315673828,1
FakeVideo-FakeAudio/African/women/id01907/00148_id05235_ASy8lP3SRtw_faceswap_id04437_wavtolip.npz,-5.131631851196289,-6.675545692443848,4.394458293914795,1
FakeVideo-FakeAudio/African/women/id01907/00148_id05235_ASy8lP3SRtw_faceswap_id05251_wavtolip.npz,6.506169319152832,5.6686625480651855,4.126755237579346,1
FakeVideo-FakeAudio/African/women/id01907/00148_id05235_ASy8lP3SRtw_faceswap_id05252_wavtolip.npz,-2.771989345550537,-3.840078830718994,4.428669452667236,1
FakeVideo-FakeAudio/African/women/id01907/00148_id05235_ASy8lP3SRtw_id02838_wavtolip.npz,-3.6414217948913574,-8.460390090942383,4.520413875579834,1
FakeVideo-FakeAudio/African/women/id01907/00148_id05252_CMxIX3absYM_id00832_wavtolip.npz,9.69216251373291,6.940889835357666,4.3566999435424805,1
FakeVideo-FakeAudio/African/women/id01661/00059_id00371_t20i0HtPwW0_id05980_wavtolip.npz,-0.5517197847366333,3.094496488571167,4.375164031982422,1
FakeVideo-FakeAudio/African/women/id01661/00059_id00371_wavtolip.npz,-3.7232351303100586,-8.45018196105957,4.428044319152832,1
FakeVideo-FakeAudio/African/women/id01661/00059_id00577_wavtolip.npz,-3.9430766105651855,-8.449925422668457,4.367002010345459,1
FakeVideo-FakeAudio/African/women/id01661/00059_id00592_wavtolip.npz,-1.9244866371154785,-7.1374664306640625,4.373734951019287,1
FakeVideo-FakeAudio/African/women/id01661/00059_id00832_wavtolip.npz,9.517455101013184,6.568129539489746,4.313226222991943,1
FakeVideo-FakeAudio/African/women/id01661/00059_id01178_wavtolip.npz,-4.461432933807373,-7.582440376281738,4.407097816467285,1
FakeVideo-FakeAudio/African/women/id01661/00059_id01661_wavtolip.npz,2.474891424179077,3.6507198810577393,4.300471782684326,1
FakeVideo-FakeAudio/African/women/id01661/00059_id01783_WBUM0bHzWNA_id04376_wavtolip.npz,-2.999230146408081,-5.485851287841797,4.36989688873291,1
FakeVideo-FakeAudio/African/women/id01661/00059_id01838_wavtolip.npz,-5.215991020202637,-8.846923828125,4.41865873336792,1
FakeVideo-FakeAudio/African/women/id01661/00059_id01907_LBcRkuRq0uY_id02808_wavtolip.npz,-3.1195993423461914,-6.374114990234375,4.444639205932617,1
FakeVideo-FakeAudio/African/women/id01661/00059_id02071_wavtolip.npz,7.103772163391113,7.775280952453613,3.232274055480957,1
FakeVideo-FakeAudio/African/women/id01661/00059_id02508_wavtolip.npz,-4.17081356048584,-8.547961235046387,4.414244174957275,1
FakeVideo-FakeAudio/African/women/id01661/00059_id02586_wavtolip.npz,9.291309356689453,6.424855709075928,4.2309675216674805,1
FakeVideo-FakeAudio/African/women/id01661/00059_id03656_wavtolip.npz,-3.7049503326416016,-8.750656127929688,4.3807759284973145,1
FakeVideo-FakeAudio/African/women/id01661/00059_id03713_wavtolip.npz,3.2007782459259033,2.738107919692993,4.1693902015686035,1
FakeVideo-FakeAudio/African/women/id01661/00059_id04055_0qrzF4HLXHY_id04055_wavtolip.npz,11.392391204833984,7.56683349609375,4.107173442840576,1
FakeVideo-FakeAudio/African/women/id01661/00059_id04055_wavtolip.npz,11.018646240234375,7.6928205490112305,4.145539283752441,1
FakeVideo-FakeAudio/African/women/id01661/00059_id04939_i4v2cXo9HIQ_id02071_wavtolip.npz,7.818447113037109,5.6113409996032715,3.2246577739715576,1
FakeVideo-FakeAudio/African/women/id01661/00059_id05252_CMxIX3absYM_id00592_wavtolip.npz,-2.3647401332855225,-8.140582084655762,4.364816665649414,1
FakeVideo-FakeAudio/African/women/id03747/00273_id00220_WlHLlTQKj8g_id05251_wavtolip.npz,6.325611591339111,5.682679653167725,4.1424760818481445,1
FakeVideo-FakeAudio/African/women/id03747/00273_id00220_wavtolip.npz,10.810141563415527,7.559618949890137,4.102105617523193,1
FakeVideo-FakeAudio/African/women/id03747/00273_id00359_RZMQan-7me4_id00592_wavtolip.npz,-4.516387462615967,-7.3146891593933105,4.531942844390869,1
FakeVideo-FakeAudio/African/women/id03747/00273_id00577_wavtolip.npz,-4.572226047515869,-8.05408763885498,4.5869927406311035,1
FakeVideo-FakeAudio/African/women/id03747/00273_id00707_wavtolip.npz,-2.7459492683410645,-1.3444818258285522,4.1102752685546875,1
FakeVideo-FakeAudio/African/women/id03747/00273_id01907_wavtolip.npz,-5.17567253112793,-8.994455337524414,4.570311546325684,1
FakeVideo-FakeAudio/African/women/id03747/00273_id02071_cHuDh9F87vA_id02071_wavtolip.npz,7.5291948318481445,6.31198263168335,3.21842098236084,1
FakeVideo-FakeAudio/African/women/id03747/00273_id02617_wavtolip.npz,-2.575099229812622,-5.002023696899414,4.626102924346924,1
FakeVideo-FakeAudio/African/women/id03747/00273_id02808_wavtolip.npz,-4.802741527557373,-7.674160003662109,5.127629280090332,1
FakeVideo-FakeAudio/African/women/id03747/00273_id02824_glBy_mYcXZw_faceswap_id01661_wavtolip.npz,-4.265830993652344,-6.484044075012207,4.304083824157715,1
FakeVideo-FakeAudio/African/women/id03747/00273_id02824_glBy_mYcXZw_faceswap_id04055_wavtolip.npz,10.004785537719727,7.564577579498291,4.129818439483643,1
FakeVideo-FakeAudio/African/women/id03747/00273_id02824_glBy_mYcXZw_faceswap_id04374_wavtolip.npz,3.0696234703063965,4.073808193206787,2.885786771774292,1
FakeVideo-FakeAudio/African/women/id03747/00273_id02824_glBy_mYcXZw_faceswap_id04547_wavtolip.npz,-1.9654144048690796,-1.4820961952209473,3.995911121368408,1
FakeVideo-FakeAudio/African/women/id03747/00273_id02824_glBy_mYcXZw_faceswap_id05235_wavtolip.npz,-4.264110088348389,-7.211112022399902,4.586307048797607,1
FakeVideo-FakeAudio/African/women/id03747/00273_id02824_glBy_mYcXZw_id00592_wavtolip.npz,-4.941965103149414,-7.684537410736084,4.586250305175781,1
FakeVideo-FakeAudio/African/women/id03747/00273_id02838_wavtolip.npz,-4.817365646362305,-7.60969352722168,4.952024459838867,1
FakeVideo-FakeAudio/African/women/id03747/00273_id03569_wavtolip.npz,3.079376697540283,3.959458589553833,4.265920162200928,1
FakeVideo-FakeAudio/African/women/id03747/00273_id04374_SWltOOZmlWM_id05252_wavtolip.npz,-4.493872165679932,-6.635062217712402,4.413486480712891,1
FakeVideo-FakeAudio/African/women/id03747/00273_id04689_0YqK1ksKjLg_id00359_wavtolip.npz,-0.5243120789527893,2.892875909805298,4.07928991317749,1
FakeVideo-FakeAudio/African/women/id03747/00273_id05231_wavtolip.npz,-3.7721617221832275,-6.16519832611084,4.360666751861572,1
FakeVideo-FakeAudio/African/women/id03747/00273_id05231_wfbM5puT6eQ_id02948_wavtolip.npz,-5.353531360626221,-9.102270126342773,4.454527378082275,1
FakeVideo-FakeAudio/African/women/id03747/00273_id05235_ASy8lP3SRtw_id05251_wavtolip.npz,6.702042102813721,5.845064640045166,4.110238552093506,1
FakeVideo-FakeAudio/African/women/id03747/00273_id05235_wavtolip.npz,-3.753321647644043,-6.264204978942871,4.623889923095703,1
FakeVideo-FakeAudio/African/women/id03713/00249_id00371_t20i0HtPwW0_id04689_wavtolip.npz,-4.222474098205566,-7.979003429412842,4.513000965118408,1
FakeVideo-FakeAudio/African/women/id03713/00249_id00371_wavtolip.npz,-5.957520484924316,-9.491972923278809,4.477993965148926,1
FakeVideo-FakeAudio/African/women/id03713/00249_id00577_wavtolip.npz,-5.126697063446045,-9.284838676452637,4.443697452545166,1
FakeVideo-FakeAudio/African/women/id03713/00249_id01532_XnlWp_s_f7Q_id05106_wavtolip.npz,-2.496499538421631,-2.9417073726654053,4.456942558288574,1
FakeVideo-FakeAudio/African/women/id03713/00249_id01661_wavtolip.npz,-5.776577472686768,-8.315958023071289,4.36824893951416,1
FakeVideo-FakeAudio/African/women/id03713/00249_id01783_wavtolip.npz,-5.912287712097168,-9.629849433898926,4.48537015914917,1
FakeVideo-FakeAudio/African/women/id03713/00249_id02508_wavtolip.npz,-5.588458061218262,-9.446592330932617,4.453941822052002,1
FakeVideo-FakeAudio/African/women/id03713/00249_id02586_wavtolip.npz,8.019903182983398,5.028833389282227,4.265559196472168,1
FakeVideo-FakeAudio/African/women/id03713/00249_id02617_4EZjRXC4fLk_faceswap_id00220_wavtolip.npz,10.826546669006348,7.733004570007324,4.0575761795043945,1
FakeVideo-FakeAudio/African/women/id03713/00249_id02617_4EZjRXC4fLk_faceswap_id00832_wavtolip.npz,9.310135841369629,6.771667003631592,4.399435520172119,1
FakeVideo-FakeAudio/African/women/id03713/00249_id02617_4EZjRXC4fLk_faceswap_id01178_wavtolip.npz,-5.481448650360107,-7.844012260437012,4.516127586364746,1
FakeVideo-FakeAudio/African/women/id03713/00249_id02617_4EZjRXC4fLk_faceswap_id01532_wavtolip.npz,-5.588069438934326,-8.741828918457031,4.408661842346191,1
FakeVideo-FakeAudio/African/women/id03713/00249_id02617_4EZjRXC4fLk_faceswap_id04245_wavtolip.npz,-4.730477333068848,-6.979211330413818,4.544084548950195,1
FakeVideo-FakeAudio/African/women/id03713/00249_id02721_wavtolip.npz,-5.243263244628906,-9.430118560791016,4.433167934417725,1
FakeVideo-FakeAudio/African/women/id03713/00249_id02824_glBy_mYcXZw_id04437_wavtolip.npz,-1.0998961925506592,-6.689526081085205,4.415191173553467,1
FakeVideo-FakeAudio/African/women/id03713/00249_id03103_wiCYm3THQPw_id04820_wavtolip.npz,-5.865145683288574,-9.359786987304688,4.458984851837158,1
FakeVideo-FakeAudio/African/women/id03713/00249_id03658_8Wtu9VXKqjY_id05235_wavtolip.npz,-3.363081216812134,-8.582846641540527,4.430601596832275,1
FakeVideo-FakeAudio/African/women/id03713/00249_id04736__D2k4fMhEfQ_id00829_wavtolip.npz,-4.83477783203125,-8.713430404663086,4.446419715881348,1
FakeVideo-FakeAudio/African/women/id03713/00249_id04736_wavtolip.npz,-5.452421188354492,-9.413557052612305,4.5170793533325195,1
FakeVideo-FakeAudio/African/women/id02721/00424_id00359_wavtolip.npz,-2.2163803577423096,1.7664655447006226,3.9862658977508545,1
FakeVideo-FakeAudio/African/women/id02721/00424_id00371_t20i0HtPwW0_id04939_wavtolip.npz,14.454426765441895,8.079304695129395,4.3239336013793945,1
FakeVideo-FakeAudio/African/women/id02721/00424_id00568_gakhcJXnJZ8_id04939_wavtolip.npz,14.528347969055176,8.086833000183105,4.337145805358887,1
FakeVideo-FakeAudio/African/women/id02721/00424_id00707_wavtolip.npz,-4.150808334350586,-3.9607629776000977,4.154244899749756,1
FakeVideo-FakeAudio/African/women/id02721/00424_id01178_wavtolip.npz,-3.195427417755127,-1.8533778190612793,4.493610382080078,1
FakeVideo-FakeAudio/African/women/id02721/00424_id01661_wavtolip.npz,-4.709295749664307,-6.129829406738281,4.378293991088867,1
FakeVideo-FakeAudio/African/women/id02721/00424_id01783_wavtolip.npz,-5.816577911376953,-9.408036231994629,4.684156894683838,1
FakeVideo-FakeAudio/African/women/id02721/00424_id02071_wavtolip.npz,7.05464506149292,5.160613059997559,3.1785459518432617,1
FakeVideo-FakeAudio/African/women/id02721/00424_id02586_dEYzYDsbAeo_id04939_wavtolip.npz,14.349666595458984,8.267313003540039,4.338428020477295,1
FakeVideo-FakeAudio/African/women/id02721/00424_id02617_wavtolip.npz,-4.1410112380981445,-7.1273088455200195,4.667880535125732,1
FakeVideo-FakeAudio/African/women/id02721/00424_id02721_wavtolip.npz,-5.8889851570129395,-9.378619194030762,4.685457706451416,1
FakeVideo-FakeAudio/African/women/id02721/00424_id02808_nZtvxh6Eesc_id00371_wavtolip.npz,-5.4124650955200195,-8.372517585754395,4.618907451629639,1
FakeVideo-FakeAudio/African/women/id02721/00424_id02824_wavtolip.npz,-2.358534574508667,-1.6575475931167603,4.446409702301025,1
FakeVideo-FakeAudio/African/women/id02721/00424_id02948__ZEDGNWjuFE_id05235_wavtolip.npz,-3.738161325454712,-4.983191013336182,4.569121360778809,1
FakeVideo-FakeAudio/African/women/id02721/00424_id03658_8Wtu9VXKqjY_faceswap_id00371_wavtolip.npz,-4.957241058349609,-8.584288597106934,4.604924201965332,1
FakeVideo-FakeAudio/African/women/id02721/00424_id03658_8Wtu9VXKqjY_faceswap_id02824_wavtolip.npz,-3.6510250568389893,-4.562859535217285,4.444900989532471,1
FakeVideo-FakeAudio/African/women/id02721/00424_id03658_8Wtu9VXKqjY_faceswap_id02838_wavtolip.npz,-4.776452541351318,-8.98226547241211,4.663881778717041,1
FakeVideo-FakeAudio/African/women/id02721/00424_id03658_8Wtu9VXKqjY_faceswap_id02948_wavtolip.npz,-5.374161720275879,-9.145484924316406,4.424068450927734,1
FakeVideo-FakeAudio/African/women/id02721/00424_id03658_8Wtu9VXKqjY_faceswap_id04820_wavtolip.npz,-5.438271522521973,-9.064159393310547,4.53955602645874,1
FakeVideo-FakeAudio/African/women/id02721/00424_id03658_8Wtu9VXKqjY_id02808_wavtolip.npz,-2.082733154296875,-6.977209568023682,4.699888229370117,1
FakeVideo-FakeAudio/African/women/id02721/00424_id03658_wavtolip.npz,-4.708428382873535,-9.0322265625,4.6412811279296875,1
FakeVideo-FakeAudio/African/women/id02721/00424_id04705_ziJ9JsYr4R0_id05980_wavtolip.npz,-4.525338172912598,-5.631856918334961,4.661227703094482,1
FakeVideo-FakeAudio/African/women/id02721/00424_id05231_wfbM5puT6eQ_id00568_wavtolip.npz,-4.368590354919434,-8.778524398803711,4.68408203125,1
FakeVideo-FakeAudio/African/women/id04547/00052_2_id00832_wavtolip.npz,9.333653450012207,6.865277290344238,4.265333652496338,1
FakeVideo-FakeAudio/African/women/id04547/00052_2_id02617_wavtolip.npz,-2.735729694366455,-7.650310516357422,4.646937370300293,1
FakeVideo-FakeAudio/African/women/id04547/00052_2_id02808_wavtolip.npz,-4.75537109375,-8.535091400146484,5.007895469665527,1
FakeVideo-FakeAudio/African/women/id04547/00052_2_id02824_wavtolip.npz,-5.332584381103516,-7.730803966522217,4.508738040924072,1
FakeVideo-FakeAudio/African/women/id04547/00052_2_id05251_wavtolip.npz,6.1365580558776855,5.394241809844971,4.133396625518799,1
FakeVideo-FakeAudio/African/women/id04547/00052_id00568_wavtolip.npz,-5.046475410461426,-8.710837364196777,4.611259460449219,1
FakeVideo-FakeAudio/African/women/id04547/00052_id00829_aMEvVaUBq2Y_id04540_wavtolip.npz,9.151620864868164,6.794775009155273,3.916455030441284,1
FakeVideo-FakeAudio/African/women/id04547/00052_id00832_wavtolip.npz,9.49752140045166,7.352340221405029,4.298001289367676,1
FakeVideo-FakeAudio/African/women/id04547/00052_id01532_wavtolip.npz,-1.0375559329986572,-3.075354814529419,4.549640655517578,1
FakeVideo-FakeAudio/African/women/id04547/00052_id01783_wavtolip.npz,-5.5334882736206055,-9.286974906921387,4.653240203857422,1
FakeVideo-FakeAudio/African/women/id04547/00052_id02586_dEYzYDsbAeo_id02586_wavtolip.npz,7.039344310760498,4.634242534637451,4.31392765045166,1
FakeVideo-FakeAudio/African/women/id04547/00052_id02721_wavtolip.npz,-4.749373435974121,-8.760403633117676,4.6583170890808105,1
FakeVideo-FakeAudio/African/women/id04547/00052_id03103_wiCYm3THQPw_id00460_wavtolip.npz,-0.6546831130981445,2.4903903007507324,4.626465797424316,1
FakeVideo-FakeAudio/African/women/id04547/00052_id03656_draVIyyqLtk_id02808_wavtolip.npz,-3.8736395835876465,-7.333376884460449,4.695687294006348,1
FakeVideo-FakeAudio/African/women/id04547/00052_id03713_wavtolip.npz,-1.0979782342910767,-2.1217007637023926,4.183353900909424,1
FakeVideo-FakeAudio/African/women/id04547/00052_id04374_SWltOOZmlWM_id04939_wavtolip.npz,14.007744789123535,8.56933879852295,4.278835773468018,1
FakeVideo-FakeAudio/African/women/id04547/00052_id04540_9KNIjew03AQ_id01661_wavtolip.npz,-3.4606456756591797,-4.26348352432251,4.344013214111328,1
FakeVideo-FakeAudio/African/women/id04547/00052_id04540_wavtolip.npz,9.36759090423584,6.864469051361084,3.9222934246063232,1
FakeVideo-FakeAudio/African/women/id04547/00052_id04689_wavtolip.npz,-4.38560676574707,-7.953605651855469,4.660610675811768,1
FakeVideo-FakeAudio/African/women/id00220/00027_id00220_wavtolip.npz,9.863520622253418,7.21134090423584,4.104099273681641,1
FakeVideo-FakeAudio/African/women/id00220/00027_id00707_wavtolip.npz,-1.4937920570373535,1.7288528680801392,4.13040828704834,1
FakeVideo-FakeAudio/African/women/id00220/00027_id01178_6XpgYMiKxhc_id05235_wavtolip.npz,-5.202645301818848,-8.605027198791504,4.429299354553223,1
FakeVideo-FakeAudio/African/women/id00220/00027_id01907_LBcRkuRq0uY_id04705_wavtolip.npz,-5.117237567901611,-8.158108711242676,4.470320701599121,1
FakeVideo-FakeAudio/African/women/id00220/00027_id02586_wavtolip.npz,9.266589164733887,6.690956115722656,4.319128513336182,1
FakeVideo-FakeAudio/African/women/id00220/00027_id02617_wavtolip.npz,-3.9797229766845703,-6.657005786895752,4.520175457000732,1
FakeVideo-FakeAudio/African/women/id00220/00027_id02824_glBy_mYcXZw_id04437_wavtolip.npz,-2.947828531265259,-3.7051961421966553,4.43795919418335,1
FakeVideo-FakeAudio/African/women/id00220/00027_id02838_wavtolip.npz,-5.014536380767822,-8.953935623168945,4.408998966217041,1
FakeVideo-FakeAudio/African/women/id00220/00027_id02948_wavtolip.npz,-4.917259216308594,-8.930158615112305,4.458366394042969,1
FakeVideo-FakeAudio/African/women/id00220/00027_id03569_YO0EpPm9p-8_id04376_wavtolip.npz,-4.614216327667236,-7.7502121925354,4.445642948150635,1
FakeVideo-FakeAudio/African/women/id00220/00027_id03569_wavtolip.npz,4.158430576324463,4.13623571395874,4.357794761657715,1
FakeVideo-FakeAudio/African/women/id00220/00027_id03658_wavtolip.npz,-5.484436988830566,-9.30164909362793,4.44691276550293,1
FakeVideo-FakeAudio/African/women/id00220/00027_id04376_wavtolip.npz,-4.707733154296875,-7.805840015411377,4.500401020050049,1
FakeVideo-FakeAudio/African/women/id00220/00027_id04939_i4v2cXo9HIQ_id00707_wavtolip.npz,-1.636671543121338,1.5344266891479492,4.150454044342041,1
FakeVideo-FakeAudio/African/women/id00220/00027_id05251_wavtolip.npz,6.774472713470459,6.285989284515381,4.163375377655029,1
FakeVideo-FakeAudio/African/women/id00220/00027_id05252_wavtolip.npz,-5.53359842300415,-7.957730293273926,4.564140796661377,1
FakeVideo-FakeAudio/African/women/id04820/00015_id00220_wavtolip.npz,10.765542030334473,7.856677055358887,4.089170455932617,1
FakeVideo-FakeAudio/African/women/id04820/00015_id00359_wavtolip.npz,-0.43981659412384033,2.9698784351348877,4.0280914306640625,1
FakeVideo-FakeAudio/African/women/id04820/00015_id01178_wavtolip.npz,-2.535451889038086,-1.7052068710327148,4.4297285079956055,1
FakeVideo-FakeAudio/African/women/id04820/00015_id01783_wavtolip.npz,-3.876600503921509,-8.894580841064453,4.547140121459961,1
FakeVideo-FakeAudio/African/women/id04820/00015_id02617_wavtolip.npz,-3.962617874145508,-7.486147880554199,4.502386569976807,1
FakeVideo-FakeAudio/African/women/id04820/00015_id02824_wavtolip.npz,-5.302961349487305,-8.088263511657715,4.501410007476807,1
FakeVideo-FakeAudio/African/women/id04820/00015_id02948__ZEDGNWjuFE_faceswap_id00568_wavtolip.npz,-3.4028167724609375,-6.023385047912598,4.5078301429748535,1
FakeVideo-FakeAudio/African/women/id04820/00015_id02948__ZEDGNWjuFE_faceswap_id01783_wavtolip.npz,-2.6090123653411865,-8.701478004455566,4.547911167144775,1
FakeVideo-FakeAudio/African/women/id04820/00015_id02948__ZEDGNWjuFE_faceswap_id02721_wavtolip.npz,-5.117971897125244,-8.762327194213867,4.563041687011719,1
FakeVideo-FakeAudio/African/women/id04820/00015_id02948__ZEDGNWjuFE_faceswap_id04376_wavtolip.npz,-4.185895919799805,-6.555920600891113,4.516613006591797,1
FakeVideo-FakeAudio/African/women/id04820/00015_id02948__ZEDGNWjuFE_faceswap_id04689_wavtolip.npz,-4.87658166885376,-8.249852180480957,4.610806465148926,1
FakeVideo-FakeAudio/African/women/id04820/00015_id02948__ZEDGNWjuFE_id04939_wavtolip.npz,14.453100204467773,8.255470275878906,4.3314127922058105,1
FakeVideo-FakeAudio/African/women/id04820/00015_id03747_wavtolip.npz,-5.195589065551758,-9.01853084564209,4.481727123260498,1
FakeVideo-FakeAudio/African/women/id04820/00015_id04055_wavtolip.npz,9.707155227661133,6.583171844482422,4.194273471832275,1
FakeVideo-FakeAudio/African/women/id04820/00015_id05106_wavtolip.npz,-1.9697622060775757,-2.3597524166107178,4.412906169891357,1
FakeVideo-FakeAudio/African/women/id04736/00083_id00359_wavtolip.npz,-0.13642841577529907,3.1462249755859375,3.9460208415985107,1
FakeVideo-FakeAudio/African/women/id04736/00083_id01661_wavtolip.npz,-4.593789100646973,-7.60667610168457,4.2885308265686035,1
FakeVideo-FakeAudio/African/women/id04736/00083_id02071_wavtolip.npz,7.175622463226318,6.348301887512207,3.1901674270629883,1
FakeVideo-FakeAudio/African/women/id04736/00083_id02508_wavtolip.npz,-5.406398773193359,-9.097512245178223,4.741983413696289,1
FakeVideo-FakeAudio/African/women/id04736/00083_id04055_wavtolip.npz,9.613176345825195,6.402000427246094,4.136647701263428,1
FakeVideo-FakeAudio/African/women/id04736/00083_id04689_wavtolip.npz,-2.814837694168091,0.24607811868190765,4.741860389709473,1
FakeVideo-FakeAudio/African/women/id04736/00083_id05235_ASy8lP3SRtw_faceswap_id00592_wavtolip.npz,-3.9564123153686523,-7.505636692047119,4.563399314880371,1
FakeVideo-FakeAudio/African/women/id04736/00083_id05235_ASy8lP3SRtw_faceswap_id01907_wavtolip.npz,-5.452054023742676,-9.284114837646484,4.605803966522217,1
FakeVideo-FakeAudio/African/women/id04736/00083_id05235_ASy8lP3SRtw_faceswap_id02721_wavtolip.npz,-4.007601261138916,-7.403268814086914,4.669726371765137,1
FakeVideo-FakeAudio/African/women/id04736/00083_id05235_ASy8lP3SRtw_faceswap_id04245_wavtolip.npz,-3.838662624359131,-6.879728317260742,4.819095611572266,1
FakeVideo-FakeAudio/African/women/id04736/00083_id05235_ASy8lP3SRtw_id05231_wavtolip.npz,-4.874887943267822,-7.702173709869385,4.372010231018066,1
FakeVideo-FakeAudio/African/women/id04736/00083_id05251_wavtolip.npz,6.493800163269043,5.993444919586182,4.115159511566162,1
FakeVideo-FakeAudio/African/women/id04736/00083_id05252_wavtolip.npz,-0.6496483087539673,-1.1451990604400635,4.457345008850098,1
FakeVideo-FakeAudio/African/women/id04376/00181_id00220_WlHLlTQKj8g_id04547_wavtolip.npz,-3.6991584300994873,-5.569932460784912,3.9928653240203857,1
FakeVideo-FakeAudio/African/women/id04376/00181_id00220_wavtolip.npz,11.188114166259766,8.411620140075684,4.085114002227783,1
FakeVideo-FakeAudio/African/women/id04376/00181_id00829_aMEvVaUBq2Y_id02948_wavtolip.npz,-4.740485668182373,-9.050726890563965,4.4462056159973145,1
FakeVideo-FakeAudio/African/women/id04376/00181_id00829_wavtolip.npz,-6.121576309204102,-9.393508911132812,4.641597270965576,1
FakeVideo-FakeAudio/African/women/id04376/00181_id01661_wavtolip.npz,-5.495126724243164,-7.511473178863525,4.388128757476807,1
FakeVideo-FakeAudio/African/women/id04376/00181_id01783_wavtolip.npz,-4.532448768615723,-8.913240432739258,4.656111717224121,1
FakeVideo-FakeAudio/African/women/id04376/00181_id02301_wavtolip.npz,10.097323417663574,7.168682098388672,4.237243175506592,1
FakeVideo-FakeAudio/African/women/id04376/00181_id02508_wavtolip.npz,-6.02842903137207,-9.483519554138184,4.634256839752197,1
FakeVideo-FakeAudio/African/women/id04376/00181_id02586_dEYzYDsbAeo_id05106_wavtolip.npz,-2.756272315979004,-2.917372226715088,4.410747051239014,1
FakeVideo-FakeAudio/African/women/id04376/00181_id02838_kaCQlSGlLe8_id05231_wavtolip.npz,-4.087391376495361,-3.22544527053833,4.433300018310547,1
FakeVideo-FakeAudio/African/women/id04376/00181_id03656_wavtolip.npz,-5.0201616287231445,-8.947092056274414,4.584295749664307,1
FakeVideo-FakeAudio/African/women/id04376/00181_id03658_8Wtu9VXKqjY_id02586_wavtolip.npz,9.280677795410156,6.130349159240723,4.252516746520996,1
FakeVideo-FakeAudio/African/women/id04376/00181_id04055_wavtolip.npz,9.66708755493164,7.102674961090088,4.155721664428711,1
FakeVideo-FakeAudio/African/women/id04376/00181_id04374_SWltOOZmlWM_id01838_wavtolip.npz,-4.29012393951416,-8.225174903869629,4.647440433502197,1
FakeVideo-FakeAudio/African/women/id04376/00181_id04437_2csrqaF55pk_faceswap_id00371_wavtolip.npz,-2.909064292907715,-7.342214107513428,4.64645528793335,1
FakeVideo-FakeAudio/African/women/id04376/00181_id04437_2csrqaF55pk_faceswap_id00460_wavtolip.npz,-5.150420665740967,-8.644089698791504,4.561248302459717,1
FakeVideo-FakeAudio/African/women/id04376/00181_id04437_2csrqaF55pk_faceswap_id00577_wavtolip.npz,-4.490942001342773,-7.772611618041992,4.495345115661621,1
FakeVideo-FakeAudio/African/women/id04376/00181_id04437_2csrqaF55pk_faceswap_id01838_wavtolip.npz,-4.4588093757629395,-7.319340229034424,4.691649913787842,1
FakeVideo-FakeAudio/African/women/id04376/00181_id04437_2csrqaF55pk_faceswap_id02721_wavtolip.npz,-6.022754669189453,-9.393534660339355,4.633637428283691,1
FakeVideo-FakeAudio/African/women/id04376/00181_id05106_wavtolip.npz,-2.6080708503723145,-2.5980942249298096,4.447552680969238,1
FakeVideo-FakeAudio/African/women/id04374/00032_id00359_wavtolip.npz,-0.5718815922737122,2.89746356010437,4.004735469818115,1
FakeVideo-FakeAudio/African/women/id04374/00032_id00592_wavtolip.npz,-3.868597984313965,-6.812396049499512,4.538302421569824,1
FakeVideo-FakeAudio/African/women/id04374/00032_id00707_feeHCIlo6jg_id04055_wavtolip.npz,10.014827728271484,6.976947784423828,4.110404968261719,1
FakeVideo-FakeAudio/African/women/id04374/00032_id00832_wavtolip.npz,9.750043869018555,6.954604625701904,4.307078838348389,1
FakeVideo-FakeAudio/African/women/id04374/00032_id02617_wavtolip.npz,-4.337244987487793,-7.818112850189209,4.641768455505371,1
FakeVideo-FakeAudio/African/women/id04374/00032_id02721_wavtolip.npz,-3.859044313430786,-7.722620964050293,4.627830982208252,1
FakeVideo-FakeAudio/African/women/id04374/00032_id02824_wavtolip.npz,-3.8465042114257812,-6.391788005828857,4.414507865905762,1
FakeVideo-FakeAudio/African/women/id04374/00032_id02838_kaCQlSGlLe8_id01783_wavtolip.npz,-4.140466690063477,-7.4912190437316895,4.788516521453857,1
FakeVideo-FakeAudio/African/women/id04374/00032_id03656_draVIyyqLtk_id04437_wavtolip.npz,-4.689329147338867,-7.804171562194824,4.482832431793213,1
FakeVideo-FakeAudio/African/women/id04374/00032_id04547_3Qy2g2M47Aw_id02301_wavtolip.npz,9.879886627197266,7.007839202880859,4.242213249206543,1
FakeVideo-FakeAudio/African/women/id04374/00032_id04689_0YqK1ksKjLg_faceswap_id00371_wavtolip.npz,-5.548713684082031,-7.931211948394775,4.621303081512451,1
FakeVideo-FakeAudio/African/women/id04374/00032_id04689_0YqK1ksKjLg_faceswap_id01532_wavtolip.npz,-3.022677183151245,-2.929199695587158,4.587832450866699,1
FakeVideo-FakeAudio/African/women/id04374/00032_id04689_0YqK1ksKjLg_faceswap_id04689_wavtolip.npz,-2.1119637489318848,1.611452579498291,4.782661437988281,1
FakeVideo-FakeAudio/African/women/id04374/00032_id04689_0YqK1ksKjLg_faceswap_id05231_wavtolip.npz,-5.1190948486328125,-8.0846586227417,4.429255485534668,1
FakeVideo-FakeAudio/African/women/id04374/00032_id04820_wavtolip.npz,-5.112977027893066,-8.949039459228516,4.513124942779541,1
FakeVideo-FakeAudio/African/women/id04374/00032_id04939_wavtolip.npz,14.502798080444336,8.10722541809082,4.282315254211426,1
FakeVideo-FakeAudio/African/women/id04374/00032_id05106_wavtolip.npz,-2.6573073863983154,-3.138400077819824,4.395811080932617,1
FakeVideo-FakeAudio/African/women/id04374/00032_id05231_wfbM5puT6eQ_id03569_wavtolip.npz,3.545727252960205,4.170394420623779,4.249680519104004,1
FakeVideo-FakeAudio/African/women/id02824/00130_id00359_wavtolip.npz,-0.5819351673126221,2.7174079418182373,3.9825809001922607,1
FakeVideo-FakeAudio/African/women/id02824/00130_id00568_wavtolip.npz,-4.544805526733398,-8.099306106567383,4.620265007019043,1
FakeVideo-FakeAudio/African/women/id02824/00130_id00829_wavtolip.npz,-5.5681657791137695,-9.060161590576172,4.6358418464660645,1
FakeVideo-FakeAudio/African/women/id02824/00130_id00832_Jr4-dXRChME_id04939_wavtolip.npz,13.97255802154541,8.740461349487305,4.266103744506836,1
FakeVideo-FakeAudio/African/women/id02824/00130_id00832_wavtolip.npz,9.603325843811035,6.557537078857422,4.376801490783691,1
FakeVideo-FakeAudio/African/women/id02824/00130_id01532_wavtolip.npz,-4.088392734527588,-7.112710952758789,4.506106853485107,1
FakeVideo-FakeAudio/African/women/id02824/00130_id01661_SdP_Monh-_4_id00568_wavtolip.npz,-4.207674980163574,-8.00743293762207,4.613729476928711,1
FakeVideo-FakeAudio/African/women/id02824/00130_id02301_wavtolip.npz,9.582140922546387,5.982777118682861,4.275638103485107,1
FakeVideo-FakeAudio/African/women/id02824/00130_id02824_wavtolip.npz,-2.0670714378356934,-0.546643853187561,4.4905781745910645,1
FakeVideo-FakeAudio/African/women/id02824/00130_id03656_draVIyyqLtk_id04437_wavtolip.npz,-1.7123007774353027,-2.373950958251953,4.376790523529053,1
FakeVideo-FakeAudio/African/women/id02824/00130_id03747_wQOOhZvnrq4_faceswap_id01783_wavtolip.npz,-5.072498321533203,-9.03103256225586,4.6339802742004395,1
FakeVideo-FakeAudio/African/women/id02824/00130_id03747_wQOOhZvnrq4_faceswap_id02617_wavtolip.npz,-4.861239910125732,-7.553027153015137,4.667534351348877,1
FakeVideo-FakeAudio/African/women/id02824/00130_id03747_wQOOhZvnrq4_faceswap_id04245_wavtolip.npz,-4.274654865264893,-6.565363883972168,4.631223678588867,1
FakeVideo-FakeAudio/African/women/id02824/00130_id03747_wQOOhZvnrq4_faceswap_id05106_wavtolip.npz,-4.43168830871582,-5.6893534660339355,4.4252848625183105,1
FakeVideo-FakeAudio/African/women/id02824/00130_id03747_wQOOhZvnrq4_faceswap_id05231_wavtolip.npz,-3.8180739879608154,-7.7706298828125,4.3839850425720215,1
FakeVideo-FakeAudio/African/women/id02824/00130_id03747_wQOOhZvnrq4_id03713_wavtolip.npz,-0.9937630295753479,-1.9849225282669067,4.173438549041748,1
FakeVideo-FakeAudio/African/women/id02824/00130_id04437_wavtolip.npz,-1.7628183364868164,-2.383366107940674,4.403592109680176,1
FakeVideo-FakeAudio/African/women/id02824/00130_id04705_ziJ9JsYr4R0_id02948_wavtolip.npz,-4.9269304275512695,-9.00284194946289,4.41364860534668,1
FakeVideo-FakeAudio/African/women/id02824/00130_id05106_wavtolip.npz,-3.864029884338379,-4.532230854034424,4.423765659332275,1
FakeVideo-FakeAudio/African/women/id02824/00130_id05231_wfbM5puT6eQ_id02721_wavtolip.npz,-4.667302131652832,-8.539605140686035,4.593898773193359,1
FakeVideo-FakeAudio/African/women/id02824/00130_id05252_CMxIX3absYM_id02721_wavtolip.npz,-4.53800630569458,-8.503150939941406,4.583951950073242,1
FakeVideo-FakeAudio/African/women/id02824/00130_id05252_wavtolip.npz,-2.557642936706543,-2.519632339477539,4.573291301727295,1
FakeVideo-RealAudio/African/men/id01835/00130_id00173_UHoMXLSjlDo.npz,-5.484165191650391,-8.692767143249512,5.302110195159912,1
FakeVideo-RealAudio/African/men/id01835/00130_id00366_RSOgEoek8WM.npz,-5.323179244995117,-8.638919830322266,5.327673435211182,1
FakeVideo-RealAudio/African/men/id01835/00130_id00366_wavtolip.npz,-5.091268539428711,-8.356898307800293,5.174476623535156,1
FakeVideo-RealAudio/African/men/id01835/00130_id00475_wavtolip.npz,-5.563567638397217,-8.661599159240723,5.1868672370910645,1
FakeVideo-RealAudio/African/men/id01835/00130_id00476_wavtolip.npz,-5.7741265296936035,-8.691489219665527,5.215949535369873,1
FakeVideo-RealAudio/African/men/id01835/00130_id00518_wavtolip.npz,-4.494978427886963,-8.539318084716797,4.56208610534668,1
FakeVideo-RealAudio/African/men/id01835/00130_id00701_lW6uzLIOwd0.npz,-5.46956205368042,-8.699061393737793,5.327186107635498,1
FakeVideo-RealAudio/African/men/id01835/00130_id00761_QtTNFhCCgzw.npz,-5.566037178039551,-8.770092010498047,5.328730583190918,1
FakeVideo-RealAudio/African/men/id01835/00130_id00761_QtTNFhCCgzw_faceswap.npz,-5.305295944213867,-8.589032173156738,5.292304992675781,1
FakeVideo-RealAudio/African/men/id01835/00130_id00830_rfl3Teg9uew.npz,-5.467710494995117,-8.714370727539062,5.333245754241943,1
FakeVideo-RealAudio/African/men/id01835/00130_id00944_DiW5D62667U.npz,-5.354089736938477,-8.676356315612793,5.309447765350342,1
FakeVideo-RealAudio/African/men/id01835/00130_id01036_AohKaMtIHxA.npz,-5.259146690368652,-8.61506462097168,5.320324897766113,1
FakeVideo-RealAudio/African/men/id01835/00130_id01076_wavtolip.npz,-6.275503158569336,-9.449114799499512,4.580426216125488,1
FakeVideo-RealAudio/African/men/id01835/00130_id01171_wavtolip.npz,-5.525055885314941,-9.059194564819336,4.6515936851501465,1
FakeVideo-RealAudio/African/men/id01835/00130_id01528_wavtolip.npz,-5.74108362197876,-9.024748802185059,4.882458209991455,1
FakeVideo-RealAudio/African/men/id01835/00130_id01920_wavtolip.npz,-5.617178916931152,-8.852975845336914,4.937206745147705,1
FakeVideo-RealAudio/African/men/id01835/00130_id02005_wavtolip.npz,-5.245196342468262,-8.829251289367676,4.659865856170654,1
FakeVideo-RealAudio/African/men/id01835/00130_id02268_irA9myDvW-I.npz,-5.380418300628662,-8.669225692749023,5.322292327880859,1
FakeVideo-RealAudio/African/men/id01835/00130_id02342_wavtolip.npz,-4.803297996520996,-8.398914337158203,4.908474922180176,1
FakeVideo-RealAudio/African/men/id02040/00476_id00391_TjJgUZaenWI.npz,-5.529203414916992,-9.261086463928223,4.574583053588867,1
FakeVideo-RealAudio/African/men/id02040/00476_id00391_wavtolip.npz,-5.340644836425781,-9.17532730102539,4.504846572875977,1
FakeVideo-RealAudio/African/men/id02040/00476_id00478_wavtolip.npz,-5.891228675842285,-9.164823532104492,4.507419109344482,1
FakeVideo-RealAudio/African/men/id02040/00476_id01179_wavtolip.npz,-5.174206733703613,-8.564228057861328,4.425755023956299,1
FakeVideo-RealAudio/African/men/id02040/00476_id01392_fF-g0KFJ7lg.npz,-5.526333808898926,-9.224608421325684,4.593823432922363,1
FakeVideo-RealAudio/African/men/id02040/00476_id01530_8kiAt_4gQGI.npz,-5.282219409942627,-9.12779426574707,4.577744960784912,1
FakeVideo-RealAudio/African/men/id02040/00476_id01530_wavtolip.npz,-6.156513214111328,-8.81920051574707,4.449985980987549,1
FakeVideo-RealAudio/African/men/id02040/00476_id01598_wavtolip.npz,-5.033121585845947,-8.771003723144531,4.428606033325195,1
FakeVideo-RealAudio/African/men/id02040/00476_id01637_wavtolip.npz,-4.784630298614502,-9.15982723236084,4.445323467254639,1
FakeVideo-RealAudio/African/men/id02040/00476_id01691_IVtS5z8Jrrk.npz,-5.436063289642334,-9.1599702835083,4.583080291748047,1
FakeVideo-RealAudio/African/men/id02040/00476_id01691_wavtolip.npz,-5.489232063293457,-9.320661544799805,4.439057350158691,1
FakeVideo-RealAudio/African/men/id02040/00476_id01933_wavtolip.npz,-5.062543869018555,-9.04231071472168,4.451358795166016,1
FakeVideo-RealAudio/African/men/id02040/00476_id02040_wavtolip.npz,-5.472236633300781,-9.11665153503418,4.440272808074951,1
FakeVideo-RealAudio/African/men/id02040/00476_id02296_wavtolip.npz,-5.4038286209106445,-8.71543025970459,4.426464080810547,1
FakeVideo-RealAudio/African/men/id01392/00167_1.npz,-5.4084672927856445,-8.840344429016113,4.5715413093566895,1
FakeVideo-RealAudio/African/men/id01392/00167_2.npz,-4.46683931350708,-8.626712799072266,4.743528842926025,1
FakeVideo-RealAudio/African/men/id01392/00167_3.npz,-4.606487274169922,-8.042224884033203,4.884553909301758,1
FakeVideo-RealAudio/African/men/id01392/00167_id00391_TjJgUZaenWI.npz,-4.746561527252197,-8.337667465209961,5.279022693634033,1
FakeVideo-RealAudio/African/men/id01392/00167_id00478_wavtolip.npz,-5.636745452880859,-8.643478393554688,5.195169925689697,1
FakeVideo-RealAudio/African/men/id01392/00167_id00701_lW6uzLIOwd0.npz,-4.785937309265137,-8.255545616149902,5.273983001708984,1
FakeVideo-RealAudio/African/men/id01392/00167_id00987_wavtolip.npz,-4.688063621520996,-8.179034233093262,5.222235202789307,1
FakeVideo-RealAudio/African/men/id01392/00167_id01170_7eoTTk4xyNo.npz,-4.6803483963012695,-8.2780179977417,5.2377448081970215,1
FakeVideo-RealAudio/African/men/id01392/00167_id01171_wavtolip.npz,-5.867076396942139,-9.148277282714844,4.606375694274902,1
FakeVideo-RealAudio/African/men/id01392/00167_id01179_RnqLJMrWELw.npz,-5.038470268249512,-8.372481346130371,5.250994682312012,1
FakeVideo-RealAudio/African/men/id01392/00167_id01207_mt129WTRSII.npz,-4.803374290466309,-8.32943344116211,5.247639179229736,1
FakeVideo-RealAudio/African/men/id01392/00167_id01236_wavtolip.npz,-5.469635963439941,-9.17745590209961,4.438560485839844,1
FakeVideo-RealAudio/African/men/id01392/00167_id01392_wavtolip.npz,-5.20443868637085,-8.53566837310791,5.247036933898926,1
FakeVideo-RealAudio/African/men/id01392/00167_id01530_wavtolip.npz,-6.268084526062012,-9.24746322631836,4.502437591552734,1
FakeVideo-RealAudio/African/men/id01392/00167_id01597_52WEZxe4_GE.npz,-4.620814323425293,-8.293252944946289,5.241265296936035,1
FakeVideo-RealAudio/African/men/id01392/00167_id01598_wavtolip.npz,-2.8415238857269287,-5.80166482925415,4.609623432159424,1
FakeVideo-RealAudio/African/men/id01392/00167_id01691_wavtolip.npz,-5.478701114654541,-8.78248405456543,5.207000732421875,1
FakeVideo-RealAudio/African/men/id01392/00167_id01920_w9C_knCPD94.npz,-4.978459358215332,-8.298883438110352,5.264761447906494,1
FakeVideo-RealAudio/African/men/id01392/00167_id01933_wavtolip.npz,-4.966198444366455,-8.920892715454102,4.592881679534912,1
FakeVideo-RealAudio/African/men/id01392/00167_id02268_wavtolip.npz,-5.124688148498535,-8.673733711242676,5.012643814086914,1
FakeVideo-RealAudio/African/men/id01392/00167_id02494_lObg47hQleE.npz,-4.817812919616699,-8.27833080291748,5.216660976409912,1
FakeVideo-RealAudio/African/men/id01717/00005_0.npz,-4.587347030639648,-7.7782816886901855,4.69176721572876,1
FakeVideo-RealAudio/African/men/id01717/00005_id00366_RSOgEoek8WM.npz,-5.461923599243164,-8.741191864013672,4.645245552062988,1
FakeVideo-RealAudio/African/men/id01717/00005_id00518_wavtolip.npz,-4.961141586303711,-8.89915943145752,4.5620856285095215,1
FakeVideo-RealAudio/African/men/id01717/00005_id00701_lW6uzLIOwd0.npz,-5.724705696105957,-8.8864164352417,4.6582183837890625,1
FakeVideo-RealAudio/African/men/id01717/00005_id00701_wavtolip.npz,-4.929778099060059,-8.221322059631348,4.535403728485107,1
FakeVideo-RealAudio/African/men/id01717/00005_id00987_wavtolip.npz,-5.49527645111084,-9.130868911743164,4.595818042755127,1
FakeVideo-RealAudio/African/men/id01717/00005_id01036_wavtolip.npz,-5.489453315734863,-9.027507781982422,4.609109401702881,1
FakeVideo-RealAudio/African/men/id01717/00005_id01076_9bqxgm5fT58.npz,-5.623143196105957,-8.827550888061523,4.660983562469482,1
FakeVideo-RealAudio/African/men/id01717/00005_id01076_wavtolip.npz,-5.897631645202637,-9.248710632324219,4.5739850997924805,1
FakeVideo-RealAudio/African/men/id01717/00005_id01171_wavtolip.npz,-6.116109371185303,-9.301152229309082,4.60879373550415,1
FakeVideo-RealAudio/African/men/id01717/00005_id01452_4MqeoSxSy3w.npz,-5.470971584320068,-8.76645565032959,4.658138751983643,1
FakeVideo-RealAudio/African/men/id01717/00005_id01528_wavtolip.npz,-6.086269378662109,-9.354694366455078,4.538819313049316,1
FakeVideo-RealAudio/African/men/id01717/00005_id01637_wavtolip.npz,-6.015249252319336,-9.426817893981934,4.592273712158203,1
FakeVideo-RealAudio/African/men/id01717/00005_id01920_w9C_knCPD94.npz,-5.770376205444336,-8.934383392333984,4.615933895111084,1
FakeVideo-RealAudio/African/men/id01717/00005_id02005_7_Egh9mW5y4.npz,-5.54047155380249,-8.827770233154297,4.629103660583496,1
FakeVideo-RealAudio/African/men/id01717/00005_id02005_7_Egh9mW5y4_faceswap.npz,-5.460657119750977,-8.71640396118164,4.688396453857422,1
FakeVideo-RealAudio/African/men/id01717/00005_id02051_wavtolip.npz,-5.83772087097168,-9.219308853149414,4.614732265472412,1
FakeVideo-RealAudio/African/men/id01717/00005_id02316_yrrNcmZ-xmI.npz,-5.490931510925293,-8.834789276123047,4.638383388519287,1
FakeVideo-RealAudio/African/men/id01717/00005_id02342_wavtolip.npz,-5.71652889251709,-9.187323570251465,4.577096939086914,1
FakeVideo-RealAudio/African/men/id01779/00010_0.npz,-4.959389686584473,-7.919788360595703,5.306921482086182,1
FakeVideo-RealAudio/African/men/id01779/00010_id00173_wavtolip.npz,-5.595047950744629,-8.986790657043457,4.831663608551025,1
FakeVideo-RealAudio/African/men/id01779/00010_id00366_wavtolip.npz,-5.895415306091309,-9.108407974243164,4.830338478088379,1
FakeVideo-RealAudio/African/men/id01779/00010_id00701_lW6uzLIOwd0.npz,-4.8804612159729,-7.3786420822143555,4.838045597076416,1
FakeVideo-RealAudio/African/men/id01779/00010_id00701_wavtolip.npz,-5.562086582183838,-8.57468032836914,4.821972370147705,1
FakeVideo-RealAudio/African/men/id01779/00010_id00987_wavtolip.npz,-5.332704067230225,-8.893001556396484,4.827972888946533,1
FakeVideo-RealAudio/African/men/id01779/00010_id01036_AohKaMtIHxA.npz,-4.281307220458984,-6.698734760284424,4.829927921295166,1
FakeVideo-RealAudio/African/men/id01779/00010_id01036_wavtolip.npz,-6.0088958740234375,-9.172285079956055,4.897686958312988,1
FakeVideo-RealAudio/African/men/id01779/00010_id01171_XSINMRoTb0E.npz,-4.708312511444092,-7.4165568351745605,4.847535610198975,1
FakeVideo-RealAudio/African/men/id01779/00010_id01171_wavtolip.npz,-5.586269378662109,-9.003363609313965,4.612551212310791,1
FakeVideo-RealAudio/African/men/id01779/00010_id01179_wavtolip.npz,-5.353679180145264,-8.904500961303711,4.612221717834473,1
FakeVideo-RealAudio/African/men/id01779/00010_id01392_wavtolip.npz,-5.608397960662842,-8.995878219604492,4.866656303405762,1
FakeVideo-RealAudio/African/men/id01779/00010_id01637_5VjcPZm8knM.npz,-4.257396697998047,-6.38035774230957,4.787336826324463,1
FakeVideo-RealAudio/African/men/id01779/00010_id01691_IVtS5z8Jrrk.npz,-5.159515380859375,-7.65139102935791,4.8173041343688965,1
FakeVideo-RealAudio/African/men/id01779/00010_id01691_IVtS5z8Jrrk_faceswap.npz,-5.507198333740234,-7.93858003616333,4.871745586395264,1
FakeVideo-RealAudio/African/men/id01779/00010_id01856_6Q2f3b1QNRM.npz,-4.676660060882568,-7.27088737487793,4.887265682220459,1
FakeVideo-RealAudio/African/men/id01779/00010_id01933_wavtolip.npz,-5.1204118728637695,-8.941903114318848,4.5639214515686035,1
FakeVideo-RealAudio/African/men/id01779/00010_id02268_irA9myDvW-I.npz,-4.888154029846191,-7.080172538757324,4.8194193840026855,1
FakeVideo-RealAudio/African/men/id01779/00010_id02494_lObg47hQleE.npz,-5.2489519119262695,-7.6245317459106445,4.827946186065674,1
FakeVideo-RealAudio/African/men/id01779/00010_id04727_wavtolip.npz,-5.6465888023376465,-9.204694747924805,4.4211859703063965,1
FakeVideo-RealAudio/African/men/id01179/00160_id00076_wavtolip.npz,-5.212618827819824,-8.959877967834473,4.709268093109131,1
FakeVideo-RealAudio/African/men/id01179/00160_id00166_PQV2ZbJBLNk.npz,-4.125510215759277,-8.043638229370117,4.697203636169434,1
FakeVideo-RealAudio/African/men/id01179/00160_id00166_wavtolip.npz,-5.8335723876953125,-8.993461608886719,4.679823875427246,1
FakeVideo-RealAudio/African/men/id01179/00160_id00366_wavtolip.npz,-5.434747219085693,-8.83901309967041,4.664549350738525,1
FakeVideo-RealAudio/African/men/id01179/00160_id00391_TjJgUZaenWI.npz,-2.1772408485412598,-7.47853422164917,4.685808181762695,1
FakeVideo-RealAudio/African/men/id01179/00160_id00391_wavtolip.npz,-5.762282371520996,-9.097984313964844,4.65311861038208,1
FakeVideo-RealAudio/African/men/id01179/00160_id00476_UgdYVJ6xPYg.npz,-3.613720417022705,-7.98507022857666,4.6732177734375,1
FakeVideo-RealAudio/African/men/id01179/00160_id00987_wavtolip.npz,-4.757783889770508,-8.658651351928711,4.625605583190918,1
FakeVideo-RealAudio/African/men/id01179/00160_id01170_7eoTTk4xyNo.npz,-4.674282073974609,-8.634833335876465,4.7022624015808105,1
FakeVideo-RealAudio/African/men/id01179/00160_id01179_wavtolip.npz,-4.201277256011963,-7.232394218444824,4.670163631439209,1
FakeVideo-RealAudio/African/men/id01179/00160_id01207_mt129WTRSII.npz,-3.474781036376953,-7.75338888168335,4.703097343444824,1
FakeVideo-RealAudio/African/men/id01179/00160_id01236_wavtolip.npz,-4.488594055175781,-8.768760681152344,4.405867099761963,1
FakeVideo-RealAudio/African/men/id01179/00160_id01544_wavtolip.npz,-5.313430309295654,-8.909784317016602,4.47922945022583,1
FakeVideo-RealAudio/African/men/id01179/00160_id01637_5VjcPZm8knM.npz,-2.7137413024902344,-7.292984962463379,4.7303619384765625,1
FakeVideo-RealAudio/African/men/id01179/00160_id01920_wavtolip.npz,-5.52634334564209,-9.114870071411133,4.628374099731445,1
FakeVideo-RealAudio/African/men/id01179/00160_id02005_7_Egh9mW5y4.npz,-3.9585442543029785,-7.998551368713379,4.662536144256592,1
FakeVideo-RealAudio/African/men/id01179/00160_id02005_7_Egh9mW5y4_faceswap.npz,-5.411032676696777,-8.677583694458008,4.709711074829102,1
FakeVideo-RealAudio/African/men/id01179/00160_id02040_wavtolip.npz,-5.741088390350342,-9.244609832763672,4.505369663238525,1
FakeVideo-RealAudio/African/men/id01179/00160_id02342_RJPBPhJB8TA.npz,-3.5949082374572754,-7.942163467407227,4.623173236846924,1
FakeVideo-RealAudio/African/men/id01528/00017_id00166_wavtolip.npz,-5.781284809112549,-8.912374496459961,4.918570518493652,1
FakeVideo-RealAudio/African/men/id01528/00017_id00478_wavtolip.npz,-5.601925849914551,-8.799721717834473,4.954826354980469,1
FakeVideo-RealAudio/African/men/id01528/00017_id00518_qm7oQcDg4oI.npz,-5.413891315460205,-8.880949020385742,5.008358478546143,1
FakeVideo-RealAudio/African/men/id01528/00017_id00518_wavtolip.npz,-3.394636631011963,-7.7988362312316895,4.638596057891846,1
FakeVideo-RealAudio/African/men/id01528/00017_id00944_DiW5D62667U.npz,-5.06491756439209,-8.720219612121582,5.008459091186523,1
FakeVideo-RealAudio/African/men/id01528/00017_id01076_wavtolip.npz,-5.922006607055664,-9.298786163330078,4.545957565307617,1
FakeVideo-RealAudio/African/men/id01528/00017_id01207_mt129WTRSII.npz,-5.5260009765625,-8.900562286376953,4.993655204772949,1
FakeVideo-RealAudio/African/men/id01528/00017_id01236_7WdumGR5-JM.npz,-5.565872669219971,-8.9458646774292,5.0871052742004395,1
FakeVideo-RealAudio/African/men/id01528/00017_id01392_wavtolip.npz,-5.283621311187744,-8.752306938171387,4.9428300857543945,1
FakeVideo-RealAudio/African/men/id01528/00017_id01452_4MqeoSxSy3w.npz,-5.278478145599365,-8.83692741394043,4.966717720031738,1
FakeVideo-RealAudio/African/men/id01528/00017_id01452_4MqeoSxSy3w_faceswap.npz,-5.686097145080566,-8.86390495300293,4.927647590637207,1
FakeVideo-RealAudio/African/men/id01528/00017_id01528_wavtolip.npz,-5.334725379943848,-8.872142791748047,4.880870342254639,1
FakeVideo-RealAudio/African/men/id01528/00017_id01597_52WEZxe4_GE.npz,-5.410776615142822,-8.818453788757324,4.997286796569824,1
FakeVideo-RealAudio/African/men/id01528/00017_id01779_wavtolip.npz,-4.635221481323242,-6.687682151794434,4.870267391204834,1
FakeVideo-RealAudio/African/men/id01528/00017_id01835_wavtolip.npz,-5.605504512786865,-8.924302101135254,5.060844421386719,1
FakeVideo-RealAudio/African/men/id01528/00017_id01920_wavtolip.npz,-5.40446662902832,-8.835897445678711,4.934687614440918,1
FakeVideo-RealAudio/African/men/id01528/00017_id01933_I5XXxgK7QpE.npz,-5.154413223266602,-8.873942375183105,5.000127792358398,1
FakeVideo-RealAudio/African/men/id01528/00017_id01972_hBYoeQTm8ZQ.npz,-5.48460578918457,-8.895089149475098,4.994748115539551,1
FakeVideo-RealAudio/African/men/id01528/00017_id02268_wavtolip.npz,-5.555471420288086,-8.947389602661133,4.992149353027344,1
FakeVideo-RealAudio/African/men/id00076/00109_1.npz,-5.2100324630737305,-8.450794219970703,5.300350666046143,1
FakeVideo-RealAudio/African/men/id00076/00109_10.npz,-5.584775447845459,-8.34451961517334,4.57724142074585,1
FakeVideo-RealAudio/African/men/id00076/00109_11.npz,-5.152390480041504,-8.23356819152832,5.632879257202148,1
FakeVideo-RealAudio/African/men/id00076/00109_12.npz,-5.596757888793945,-8.988774299621582,4.510623931884766,1
FakeVideo-RealAudio/African/men/id00076/00109_2.npz,-4.7534284591674805,-8.50765609741211,4.493565559387207,1
FakeVideo-RealAudio/African/men/id00076/00109_3.npz,-5.275904178619385,-8.950275421142578,4.756759166717529,1
FakeVideo-RealAudio/African/men/id00076/00109_4.npz,-4.778018951416016,-8.003240585327148,4.8881611824035645,1
FakeVideo-RealAudio/African/men/id00076/00109_6.npz,-5.072296142578125,-8.900790214538574,4.617319583892822,1
FakeVideo-RealAudio/African/men/id00076/00109_7.npz,-5.712377071380615,-9.0684814453125,4.888680458068848,1
FakeVideo-RealAudio/African/men/id00076/00109_8.npz,-4.359251022338867,-8.446723937988281,4.677610397338867,1
FakeVideo-RealAudio/African/men/id00076/00109_9.npz,-4.929260730743408,-8.781805038452148,4.374869346618652,1
FakeVideo-RealAudio/African/men/id00076/00109_id00166_wavtolip.npz,-5.70710563659668,-8.86944580078125,4.84042501449585,1
FakeVideo-RealAudio/African/men/id00076/00109_id00173_UHoMXLSjlDo.npz,-4.914276599884033,-8.152684211730957,5.444606781005859,1
FakeVideo-RealAudio/African/men/id00076/00109_id00366_RSOgEoek8WM.npz,-3.705430746078491,-6.857313632965088,5.447930812835693,1
FakeVideo-RealAudio/African/men/id00076/00109_id00475_wavtolip.npz,-4.761168479919434,-8.13715648651123,5.179542064666748,1
FakeVideo-RealAudio/African/men/id00076/00109_id00761_wavtolip.npz,-2.751516580581665,-3.836472511291504,5.0257158279418945,1
FakeVideo-RealAudio/African/men/id00076/00109_id00830_rfl3Teg9uew.npz,2.646944999694824,1.4399811029434204,5.451225757598877,1
FakeVideo-RealAudio/African/men/id00076/00109_id01036_AohKaMtIHxA.npz,-1.4598712921142578,-3.570117950439453,5.478837013244629,1
FakeVideo-RealAudio/African/men/id00076/00109_id01076_wavtolip.npz,-5.677696704864502,-9.188437461853027,4.442654609680176,1
FakeVideo-RealAudio/African/men/id00076/00109_id01207_mt129WTRSII.npz,-5.03306770324707,-8.33991813659668,5.455393314361572,1
FakeVideo-RealAudio/African/men/id00076/00109_id01544_uBo9585VW2A.npz,-4.29957389831543,-8.009442329406738,5.442563056945801,1
FakeVideo-RealAudio/African/men/id00076/00109_id01544_wavtolip.npz,-5.964759826660156,-9.148838996887207,4.446379661560059,1
FakeVideo-RealAudio/African/men/id00076/00109_id01597_wavtolip.npz,-5.757505893707275,-8.849681854248047,4.750051021575928,1
FakeVideo-RealAudio/African/men/id00076/00109_id01717_wavtolip.npz,-5.6930317878723145,-8.949665069580078,4.514755725860596,1
FakeVideo-RealAudio/African/men/id00076/00109_id01972_wavtolip.npz,-5.004391670227051,-8.34688949584961,4.454562187194824,1
FakeVideo-RealAudio/African/men/id00076/00109_id01995_YUR9wTypwIo.npz,-4.920923709869385,-8.303426742553711,5.388983726501465,1
FakeVideo-RealAudio/African/men/id00076/00109_id02005_7_Egh9mW5y4.npz,-4.270478248596191,-7.511127948760986,5.428133487701416,1
FakeVideo-RealAudio/African/men/id00076/00109_id02296_wavtolip.npz,-2.51251220703125,-3.4335010051727295,4.651925563812256,1
FakeVideo-RealAudio/African/men/id00076/00109_id02342_RJPBPhJB8TA.npz,-5.14521598815918,-8.387033462524414,5.476047515869141,1
FakeVideo-RealAudio/African/men/id00076/00109_id02342_wavtolip.npz,-4.934184551239014,-8.680097579956055,4.871672630310059,1
FakeVideo-RealAudio/African/men/id00076/00109_id04727_AAnyugIAXao.npz,-3.6559720039367676,-6.434404373168945,5.443530082702637,1
FakeVideo-RealAudio/African/men/id02268/00036_id00475_wavtolip.npz,-5.538366317749023,-8.71635627746582,5.068979263305664,1
FakeVideo-RealAudio/African/men/id02268/00036_id00478_wavtolip.npz,-5.866268157958984,-8.890813827514648,5.0740556716918945,1
FakeVideo-RealAudio/African/men/id02268/00036_id00830_wavtolip.npz,-5.749991416931152,-8.843034744262695,5.061765670776367,1
FakeVideo-RealAudio/African/men/id02268/00036_id01036_wavtolip.npz,-5.565390110015869,-8.898655891418457,5.097343921661377,1
FakeVideo-RealAudio/African/men/id02268/00036_id01236_7WdumGR5-JM.npz,-4.976744651794434,-8.640111923217773,5.171929359436035,1
FakeVideo-RealAudio/African/men/id02268/00036_id01452_wavtolip.npz,-5.138605117797852,-8.916240692138672,4.689337730407715,1
FakeVideo-RealAudio/African/men/id02268/00036_id01521_jthjSmLdLOg.npz,-4.8970184326171875,-8.615433692932129,5.164978504180908,1
FakeVideo-RealAudio/African/men/id02268/00036_id01521_wavtolip.npz,-6.0184326171875,-9.252461433410645,4.506478786468506,1
FakeVideo-RealAudio/African/men/id02268/00036_id01528_wavtolip.npz,-5.641763210296631,-9.036813735961914,4.914487838745117,1
FakeVideo-RealAudio/African/men/id02268/00036_id01610_wavtolip.npz,-5.81858491897583,-8.85688591003418,4.9049763679504395,1
FakeVideo-RealAudio/African/men/id02268/00036_id01691_IVtS5z8Jrrk.npz,-5.054570198059082,-8.709129333496094,5.1612372398376465,1
FakeVideo-RealAudio/African/men/id02268/00036_id01717_wavtolip.npz,-5.746370315551758,-9.101560592651367,4.5997138023376465,1
FakeVideo-RealAudio/African/men/id02268/00036_id01779_wavtolip.npz,-4.754246234893799,-7.633855819702148,4.782476425170898,1
FakeVideo-RealAudio/African/men/id02268/00036_id01835_UZbWA0QfXXA.npz,-4.936403274536133,-8.627052307128906,5.168281555175781,1
FakeVideo-RealAudio/African/men/id02268/00036_id01856_6Q2f3b1QNRM.npz,-4.954719543457031,-8.663276672363281,5.1608147621154785,1
FakeVideo-RealAudio/African/men/id02268/00036_id02296_IAgOrCuY8vU.npz,-4.894529819488525,-8.604175567626953,5.166689872741699,1
FakeVideo-RealAudio/African/men/id02268/00036_id02494_lObg47hQleE.npz,-5.011029243469238,-8.648086547851562,5.15561056137085,1
FakeVideo-RealAudio/African/men/id01170/00021_id00173_wavtolip.npz,-5.715410232543945,-8.96314525604248,4.800389766693115,1
FakeVideo-RealAudio/African/men/id01170/00021_id00391_TjJgUZaenWI.npz,-4.9901275634765625,-8.459854125976562,5.114116191864014,1
FakeVideo-RealAudio/African/men/id01170/00021_id00476_wavtolip.npz,-5.297868251800537,-8.650680541992188,5.0519256591796875,1
FakeVideo-RealAudio/African/men/id01170/00021_id00830_rfl3Teg9uew.npz,-5.239396572113037,-8.568452835083008,5.112480163574219,1
FakeVideo-RealAudio/African/men/id01170/00021_id00944_wavtolip.npz,-5.045313835144043,-8.782134056091309,4.8454389572143555,1
FakeVideo-RealAudio/African/men/id01170/00021_id00987_wavtolip.npz,-5.430222511291504,-8.805097579956055,5.0551371574401855,1
FakeVideo-RealAudio/African/men/id01170/00021_id01171_XSINMRoTb0E.npz,-5.217538833618164,-8.583056449890137,5.093945026397705,1
FakeVideo-RealAudio/African/men/id01170/00021_id01392_fF-g0KFJ7lg.npz,-5.19320821762085,-8.58067798614502,5.122500896453857,1
FakeVideo-RealAudio/African/men/id01170/00021_id01521_wavtolip.npz,-5.408956527709961,-9.048928260803223,4.437485694885254,1
FakeVideo-RealAudio/African/men/id01170/00021_id01597_52WEZxe4_GE.npz,-5.14900016784668,-8.549105644226074,5.104550838470459,1
FakeVideo-RealAudio/African/men/id01170/00021_id01610_l8zb_iaDJJA.npz,-5.197613716125488,-8.55677604675293,5.124063491821289,1
FakeVideo-RealAudio/African/men/id01170/00021_id01610_wavtolip.npz,-5.268594741821289,-8.69610595703125,4.823577404022217,1
FakeVideo-RealAudio/African/men/id01170/00021_id01835_wavtolip.npz,-5.718067646026611,-8.83542251586914,5.091426849365234,1
FakeVideo-RealAudio/African/men/id01170/00021_id01933_I5XXxgK7QpE.npz,-5.101614475250244,-8.461614608764648,5.119134902954102,1
FakeVideo-RealAudio/African/men/id01170/00021_id01933_I5XXxgK7QpE_faceswap.npz,-5.282505989074707,-8.575468063354492,5.11287784576416,1
FakeVideo-RealAudio/African/men/id01170/00021_id02051_wavtolip.npz,-1.8716963529586792,-7.778536796569824,4.549862861633301,1
FakeVideo-RealAudio/African/men/id01170/00021_id02296_wavtolip.npz,-5.554192543029785,-8.973209381103516,4.647824764251709,1
FakeVideo-RealAudio/African/men/id01170/00021_id02316_wavtolip.npz,-5.629024505615234,-8.937779426574707,4.736606597900391,1
FakeVideo-RealAudio/African/men/id01170/00021_id04727_AAnyugIAXao.npz,-5.250681400299072,-8.574806213378906,5.130067825317383,1
FakeVideo-RealAudio/African/men/id01637/00002_0.npz,-4.819963455200195,-8.244885444641113,5.28822135925293,1
FakeVideo-RealAudio/African/men/id01637/00002_00.npz,-5.127532005310059,-8.080560684204102,5.267573356628418,1
FakeVideo-RealAudio/African/men/id01637/00002_1.npz,-5.258347511291504,-8.845305442810059,4.589787006378174,1
FakeVideo-RealAudio/African/men/id01637/00002_2.npz,-5.355913162231445,-8.79334545135498,4.742375373840332,1
FakeVideo-RealAudio/African/men/id01637/00002_3.npz,-2.866231679916382,-7.967012405395508,4.753869533538818,1
FakeVideo-RealAudio/African/men/id01637/00002_id00166_PQV2ZbJBLNk.npz,-5.411890506744385,-8.872798919677734,4.892505168914795,1
FakeVideo-RealAudio/African/men/id01637/00002_id00166_wavtolip.npz,-5.947314262390137,-9.02146053314209,4.761783599853516,1
FakeVideo-RealAudio/African/men/id01637/00002_id00366_RSOgEoek8WM.npz,-5.256053924560547,-8.886539459228516,4.914730548858643,1
FakeVideo-RealAudio/African/men/id01637/00002_id00944_DiW5D62667U.npz,-5.5400190353393555,-8.944914817810059,4.901595115661621,1
FakeVideo-RealAudio/African/men/id01637/00002_id01036_wavtolip.npz,-5.355275630950928,-8.826128005981445,4.803548336029053,1
FakeVideo-RealAudio/African/men/id01637/00002_id01170_7eoTTk4xyNo.npz,-5.286660671234131,-8.884357452392578,4.8899617195129395,1
FakeVideo-RealAudio/African/men/id01637/00002_id01544_wavtolip.npz,-5.580620765686035,-8.967630386352539,4.472983360290527,1
FakeVideo-RealAudio/African/men/id01637/00002_id01597_wavtolip.npz,-4.632284641265869,-8.240184783935547,4.7794623374938965,1
FakeVideo-RealAudio/African/men/id01637/00002_id01598_wavtolip.npz,-3.830167293548584,-7.677197456359863,4.602748870849609,1
FakeVideo-RealAudio/African/men/id01637/00002_id01610_l8zb_iaDJJA.npz,-5.692955017089844,-8.989076614379883,4.904405117034912,1
FakeVideo-RealAudio/African/men/id01637/00002_id01691_wavtolip.npz,-5.492705345153809,-8.975476264953613,4.7469916343688965,1
FakeVideo-RealAudio/African/men/id01637/00002_id01835_wavtolip.npz,-5.486198902130127,-8.859314918518066,4.831565856933594,1
FakeVideo-RealAudio/African/men/id01637/00002_id01920_w9C_knCPD94.npz,-5.2196736335754395,-8.878448486328125,4.868824481964111,1
FakeVideo-RealAudio/African/men/id01637/00002_id01933_wavtolip.npz,-4.989739894866943,-8.906499862670898,4.5646514892578125,1
FakeVideo-RealAudio/African/men/id01637/00002_id02005_7_Egh9mW5y4.npz,-5.376472473144531,-8.869086265563965,4.857032775878906,1
FakeVideo-RealAudio/African/men/id01637/00002_id02316_wavtolip.npz,-6.255095481872559,-9.23965835571289,4.730207443237305,1
FakeVideo-RealAudio/African/men/id01637/00002_id02494_lObg47hQleE.npz,-5.162045478820801,-8.840559959411621,4.8726606369018555,1
FakeVideo-RealAudio/African/men/id01637/00002_id02494_wavtolip.npz,-3.4727001190185547,-7.859184265136719,4.4269700050354,1
FakeVideo-RealAudio/African/men/id02051/00015_id00173_UHoMXLSjlDo.npz,-5.660148620605469,-9.091695785522461,4.660902976989746,1
FakeVideo-RealAudio/African/men/id02051/00015_id00476_wavtolip.npz,-6.097154140472412,-9.246362686157227,4.492606163024902,1
FakeVideo-RealAudio/African/men/id02051/00015_id00701_lW6uzLIOwd0.npz,-5.006094932556152,-8.902106285095215,4.671592712402344,1
FakeVideo-RealAudio/African/men/id02051/00015_id00761_wavtolip.npz,-6.0427961349487305,-9.035173416137695,4.435439586639404,1
FakeVideo-RealAudio/African/men/id02051/00015_id01170_wavtolip.npz,-5.903907775878906,-9.118471145629883,4.522655010223389,1
FakeVideo-RealAudio/African/men/id02051/00015_id01236_wavtolip.npz,-5.156244277954102,-8.923628807067871,4.371283531188965,1
FakeVideo-RealAudio/African/men/id02051/00015_id01392_wavtolip.npz,-6.336406707763672,-9.460156440734863,4.50093936920166,1
FakeVideo-RealAudio/African/men/id02051/00015_id01521_jthjSmLdLOg.npz,-5.71720027923584,-9.08227825164795,4.64623498916626,1
FakeVideo-RealAudio/African/men/id02051/00015_id01530_wavtolip.npz,-6.631208419799805,-9.35838794708252,4.464820384979248,1
FakeVideo-RealAudio/African/men/id02051/00015_id01598_wavtolip.npz,-5.274186134338379,-8.906010627746582,4.485558032989502,1
FakeVideo-RealAudio/African/men/id02051/00015_id01610_l8zb_iaDJJA.npz,-5.8694891929626465,-9.195454597473145,4.634716033935547,1
FakeVideo-RealAudio/African/men/id02051/00015_id01835_UZbWA0QfXXA.npz,-4.712854385375977,-8.627345085144043,4.659832954406738,1
FakeVideo-RealAudio/African/men/id02051/00015_id01920_w9C_knCPD94.npz,-5.701970100402832,-9.129510879516602,4.697321891784668,1
FakeVideo-RealAudio/African/men/id02051/00015_id01972_wavtolip.npz,-5.675467491149902,-8.414923667907715,4.548084735870361,1
FakeVideo-RealAudio/African/men/id02051/00015_id01995_YUR9wTypwIo.npz,-5.828171730041504,-9.14559555053711,4.667908668518066,1
FakeVideo-RealAudio/African/men/id02051/00015_id02005_wavtolip.npz,-5.524242401123047,-8.975324630737305,4.462269306182861,1
FakeVideo-RealAudio/African/men/id02051/00015_id02040_wl6EVkamZFQ.npz,-5.581969738006592,-9.062704086303711,4.630305767059326,1
FakeVideo-RealAudio/African/men/id02051/00015_id02268_wavtolip.npz,-6.12736701965332,-9.443731307983398,4.483669757843018,1
FakeVideo-RealAudio/African/men/id00366/00118_id00076_Isiq7cA-DNE.npz,-5.157408237457275,-8.48342514038086,5.329154014587402,1
FakeVideo-RealAudio/African/men/id00366/00118_id00076_Isiq7cA-DNE_faceswap.npz,-4.932960510253906,-8.337346076965332,5.272667407989502,1
FakeVideo-RealAudio/African/men/id00366/00118_id00076_wavtolip.npz,-5.3285298347473145,-8.465828895568848,5.3080363273620605,1
FakeVideo-RealAudio/African/men/id00366/00118_id00166_wavtolip.npz,-5.809689521789551,-8.939916610717773,4.955232620239258,1
FakeVideo-RealAudio/African/men/id00366/00118_id00173_wavtolip.npz,-5.919203758239746,-8.959628105163574,4.8893351554870605,1
FakeVideo-RealAudio/African/men/id00366/00118_id00391_wavtolip.npz,-5.699223518371582,-8.552572250366211,5.256061553955078,1
FakeVideo-RealAudio/African/men/id00366/00118_id00475_wavtolip.npz,-5.254391193389893,-8.464395523071289,5.295664310455322,1
FakeVideo-RealAudio/African/men/id00366/00118_id00476_UgdYVJ6xPYg.npz,-4.837508201599121,-8.368532180786133,5.267190456390381,1
FakeVideo-RealAudio/African/men/id00366/00118_id00781_fvsSae9yc0A.npz,-5.00237512588501,-8.367134094238281,5.302142143249512,1
FakeVideo-RealAudio/African/men/id00366/00118_id00987_wavtolip.npz,-4.775722503662109,-6.587594032287598,5.2750020027160645,1
FakeVideo-RealAudio/African/men/id00366/00118_id01076_wavtolip.npz,-5.867630481719971,-9.375088691711426,4.5914716720581055,1
FakeVideo-RealAudio/African/men/id00366/00118_id01170_wavtolip.npz,-5.712978839874268,-8.732830047607422,5.043129920959473,1
FakeVideo-RealAudio/African/men/id00366/00118_id01171_wavtolip.npz,-6.163854122161865,-9.211681365966797,4.657774448394775,1
FakeVideo-RealAudio/African/men/id00366/00118_id01207_mt129WTRSII.npz,-4.974209785461426,-8.410589218139648,5.342068672180176,1
FakeVideo-RealAudio/African/men/id00366/00118_id01207_wavtolip.npz,-3.642909288406372,-2.0786187648773193,4.631635665893555,1
FakeVideo-RealAudio/African/men/id00366/00118_id01452_wavtolip.npz,-5.6808552742004395,-8.511672973632812,4.7875494956970215,1
FakeVideo-RealAudio/African/men/id00366/00118_id01544_uBo9585VW2A.npz,-4.943714141845703,-8.224438667297363,5.295467853546143,1
FakeVideo-RealAudio/African/men/id00366/00118_id01610_wavtolip.npz,-6.055691242218018,-9.04377269744873,4.991079330444336,1
FakeVideo-RealAudio/African/men/id00366/00118_id01637_5VjcPZm8knM.npz,-5.076682090759277,-8.420409202575684,5.32155179977417,1
FakeVideo-RealAudio/African/men/id00366/00118_id01637_wavtolip.npz,-5.152990341186523,-8.938325881958008,4.852757930755615,1
FakeVideo-RealAudio/African/men/id00366/00118_id01691_IVtS5z8Jrrk.npz,-5.211079120635986,-8.444114685058594,5.308701992034912,1
FakeVideo-RealAudio/African/men/id00366/00118_id01691_wavtolip.npz,-5.697908401489258,-8.80426025390625,5.320080280303955,1
FakeVideo-RealAudio/African/men/id00366/00118_id01717_JDW6p8yU13A.npz,-5.079239845275879,-8.43855094909668,5.3263678550720215,1
FakeVideo-RealAudio/African/men/id00366/00118_id01779_wavtolip.npz,-5.021450042724609,-7.336007118225098,4.836461067199707,1
FakeVideo-RealAudio/African/men/id00366/00118_id01920_w9C_knCPD94.npz,-5.035280227661133,-8.452851295471191,5.321005821228027,1
FakeVideo-RealAudio/African/men/id00366/00118_id01933_wavtolip.npz,-5.530015468597412,-8.994683265686035,4.682941913604736,1
FakeVideo-RealAudio/African/men/id00366/00118_id01972_wavtolip.npz,-3.197183132171631,-6.556901454925537,4.423940658569336,1
FakeVideo-RealAudio/African/men/id00366/00118_id02005_7_Egh9mW5y4.npz,-4.89621114730835,-8.366937637329102,5.275613784790039,1
FakeVideo-RealAudio/African/men/id00366/00118_id02040_wavtolip.npz,-5.233872890472412,-8.964092254638672,4.459601402282715,1
FakeVideo-RealAudio/African/men/id00366/00118_id02494_wavtolip.npz,-4.359562397003174,-8.38665771484375,4.485810279846191,1
FakeVideo-RealAudio/African/men/id00366/00118_id04727_wavtolip.npz,-5.423540115356445,-9.122050285339355,4.440557479858398,1
FakeVideo-RealAudio/African/women/id00359/00053_id00460_wavtolip.npz,-5.1057868003845215,-8.843860626220703,4.340324401855469,1
FakeVideo-RealAudio/African/women/id00359/00053_id00568_wavtolip.npz,-3.694270372390747,-7.965641975402832,4.314725875854492,1
FakeVideo-RealAudio/African/women/id00359/00053_id01532_wavtolip.npz,-5.137723922729492,-9.065138816833496,4.3841118812561035,1
FakeVideo-RealAudio/African/women/id00359/00053_id01838_q_lUk55OrL0.npz,-5.087953090667725,-9.065179824829102,4.421989917755127,1
FakeVideo-RealAudio/African/women/id00359/00053_id01838_q_lUk55OrL0_faceswap.npz,-5.169345855712891,-9.064678192138672,4.44048547744751,1
FakeVideo-RealAudio/African/women/id00359/00053_id02071_cHuDh9F87vA.npz,-4.965594291687012,-8.863397598266602,4.42896842956543,1
FakeVideo-RealAudio/African/women/id00359/00053_id02508_wavtolip.npz,-4.437222957611084,-8.737646102905273,4.338064193725586,1
FakeVideo-RealAudio/African/women/id00359/00053_id02586_dEYzYDsbAeo.npz,-5.107873916625977,-9.00021743774414,4.416070938110352,1
FakeVideo-RealAudio/African/women/id00359/00053_id02838_kaCQlSGlLe8.npz,-5.256439208984375,-9.007143020629883,4.462411880493164,1
FakeVideo-RealAudio/African/women/id00359/00053_id02838_wavtolip.npz,-5.156929016113281,-9.067926406860352,4.422374248504639,1
FakeVideo-RealAudio/African/women/id00359/00053_id03103_wavtolip.npz,-6.007266998291016,-9.367745399475098,4.402337551116943,1
FakeVideo-RealAudio/African/women/id00359/00053_id04374_wavtolip.npz,-0.1207544207572937,-4.760726451873779,4.2210612297058105,1
FakeVideo-RealAudio/African/women/id00359/00053_id04376_wavtolip.npz,-5.6082658767700195,-9.436649322509766,4.423379898071289,1
FakeVideo-RealAudio/African/women/id00359/00053_id04540_wavtolip.npz,-5.074718952178955,-8.25446891784668,4.451170444488525,1
FakeVideo-RealAudio/African/women/id00359/00053_id04547_3Qy2g2M47Aw.npz,-5.120733261108398,-9.016801834106445,4.4244608879089355,1
FakeVideo-RealAudio/African/women/id00359/00053_id04547_wavtolip.npz,-4.829313278198242,-9.10944652557373,4.467737674713135,1
FakeVideo-RealAudio/African/women/id00359/00053_id04820_64ybrA1atlM.npz,-5.1047210693359375,-9.057404518127441,4.455372333526611,1
FakeVideo-RealAudio/African/women/id00359/00053_id05106_ZnnDdjlABM4.npz,-5.08648681640625,-9.009794235229492,4.390713214874268,1
FakeVideo-RealAudio/African/women/id00359/00053_id05980_bbg4HtuM_jo.npz,-5.206991195678711,-9.108296394348145,4.440340995788574,1
FakeVideo-RealAudio/African/women/id01907/00148_0.npz,-0.5211330652236938,0.2378433793783188,4.77457857131958,1
FakeVideo-RealAudio/African/women/id01907/00148_id00220_WlHLlTQKj8g.npz,-5.019423007965088,-8.926563262939453,4.687523365020752,1
FakeVideo-RealAudio/African/women/id01907/00148_id00371_t20i0HtPwW0.npz,-5.079870223999023,-8.961716651916504,4.676722526550293,1
FakeVideo-RealAudio/African/women/id01907/00148_id00829_aMEvVaUBq2Y.npz,-4.9811601638793945,-8.954084396362305,4.648459434509277,1
FakeVideo-RealAudio/African/women/id01907/00148_id00829_wavtolip.npz,-5.382883548736572,-8.969501495361328,4.614608287811279,1
FakeVideo-RealAudio/African/women/id01907/00148_id00832_Jr4-dXRChME.npz,-5.046808242797852,-8.923973083496094,4.678009033203125,1
FakeVideo-RealAudio/African/women/id01907/00148_id01178_wavtolip.npz,-4.897164344787598,-8.727751731872559,4.58081579208374,1
FakeVideo-RealAudio/African/women/id01907/00148_id01532_XnlWp_s_f7Q.npz,-4.6136155128479,-8.787467002868652,4.619716167449951,1
FakeVideo-RealAudio/African/women/id01907/00148_id01532_wavtolip.npz,-5.691051483154297,-9.110361099243164,4.642506122589111,1
FakeVideo-RealAudio/African/women/id01907/00148_id02948_wavtolip.npz,-5.86998987197876,-9.506446838378906,4.4718427658081055,1
FakeVideo-RealAudio/African/women/id01907/00148_id03658_wavtolip.npz,-5.281069755554199,-9.090420722961426,4.593566417694092,1
FakeVideo-RealAudio/African/women/id01907/00148_id04376_wavtolip.npz,-4.995811462402344,-9.090580940246582,4.646337509155273,1
FakeVideo-RealAudio/African/women/id01907/00148_id04689_wavtolip.npz,-4.84329891204834,-8.907873153686523,4.681878089904785,1
FakeVideo-RealAudio/African/women/id01907/00148_id04705_ziJ9JsYr4R0.npz,-4.972253322601318,-8.8936767578125,4.660240650177002,1
FakeVideo-RealAudio/African/women/id01907/00148_id04820_wavtolip.npz,-5.271646976470947,-9.215962409973145,4.588266849517822,1
FakeVideo-RealAudio/African/women/id01907/00148_id05231_wavtolip.npz,-5.153021335601807,-9.099427223205566,4.620225429534912,1
FakeVideo-RealAudio/African/women/id01907/00148_id05235_ASy8lP3SRtw.npz,-5.001621246337891,-8.881586074829102,4.671234607696533,1
FakeVideo-RealAudio/African/women/id01907/00148_id05235_ASy8lP3SRtw_faceswap.npz,-5.105469703674316,-8.967777252197266,4.668131351470947,1
FakeVideo-RealAudio/African/women/id01907/00148_id05252_CMxIX3absYM.npz,-4.834886074066162,-8.783112525939941,4.665318965911865,1
FakeVideo-RealAudio/African/women/id01907/00148_id05252_wavtolip.npz,-5.952279567718506,-9.239898681640625,4.6313581466674805,1
FakeVideo-RealAudio/African/women/id01661/00059.npz,-4.884640216827393,-8.484610557556152,4.488712310791016,1
FakeVideo-RealAudio/African/women/id01661/00059_id00371_t20i0HtPwW0.npz,-3.4043502807617188,-6.675524711608887,4.441948890686035,1
FakeVideo-RealAudio/African/women/id01661/00059_id00460_wavtolip.npz,-5.223214149475098,-9.156648635864258,4.416927337646484,1
FakeVideo-RealAudio/African/women/id01661/00059_id00568_wavtolip.npz,-3.601217746734619,-7.902013778686523,4.375369548797607,1
FakeVideo-RealAudio/African/women/id01661/00059_id01661_wavtolip.npz,-4.405461311340332,-7.779306888580322,4.424360752105713,1
FakeVideo-RealAudio/African/women/id01661/00059_id01783_WBUM0bHzWNA.npz,-3.1076154708862305,-7.924398422241211,4.4225568771362305,1
FakeVideo-RealAudio/African/women/id01661/00059_id01838_wavtolip.npz,-4.997504234313965,-8.833640098571777,4.454403877258301,1
FakeVideo-RealAudio/African/women/id01661/00059_id01907_LBcRkuRq0uY.npz,-3.3009960651397705,-8.209451675415039,4.4330010414123535,1
FakeVideo-RealAudio/African/women/id01661/00059_id02071_cHuDh9F87vA.npz,-3.9756267070770264,-8.190335273742676,4.448702812194824,1
FakeVideo-RealAudio/African/women/id01661/00059_id02721_wavtolip.npz,-4.596554279327393,-8.687881469726562,4.374044895172119,1
FakeVideo-RealAudio/African/women/id01661/00059_id02824_wavtolip.npz,2.675196886062622,3.0914480686187744,4.373211860656738,1
FakeVideo-RealAudio/African/women/id01661/00059_id04055_0qrzF4HLXHY.npz,-4.134641170501709,-8.104679107666016,4.428708076477051,1
FakeVideo-RealAudio/African/women/id01661/00059_id04055_wavtolip.npz,-4.899545669555664,-8.980000495910645,4.419927597045898,1
FakeVideo-RealAudio/African/women/id01661/00059_id04689_wavtolip.npz,-4.495400428771973,-8.937849998474121,4.4865641593933105,1
FakeVideo-RealAudio/African/women/id01661/00059_id04705_wavtolip.npz,-4.420639991760254,-9.03781509399414,4.51320219039917,1
FakeVideo-RealAudio/African/women/id01661/00059_id04820_wavtolip.npz,-4.8293046951293945,-9.017044067382812,4.469334602355957,1
FakeVideo-RealAudio/African/women/id01661/00059_id04939_i4v2cXo9HIQ.npz,-3.788571357727051,-7.8953657150268555,4.450445652008057,1
FakeVideo-RealAudio/African/women/id01661/00059_id05252_CMxIX3absYM.npz,-3.7137622833251953,-8.17896842956543,4.433848857879639,1
FakeVideo-RealAudio/African/women/id03747/00273_0.npz,-2.2884366512298584,-4.561817646026611,4.699617385864258,1
FakeVideo-RealAudio/African/women/id03747/00273_id00220_WlHLlTQKj8g.npz,-4.757478713989258,-8.146432876586914,5.699429988861084,1
FakeVideo-RealAudio/African/women/id03747/00273_id00359_RZMQan-7me4.npz,-4.774617671966553,-8.146749496459961,5.686126232147217,1
FakeVideo-RealAudio/African/women/id03747/00273_id01661_wavtolip.npz,-5.512145042419434,-8.95435619354248,4.449528217315674,1
FakeVideo-RealAudio/African/women/id03747/00273_id01838_wavtolip.npz,-4.853692054748535,-8.211030960083008,5.205714225769043,1
FakeVideo-RealAudio/African/women/id03747/00273_id01907_wavtolip.npz,-5.98175048828125,-9.47163200378418,4.623104095458984,1
FakeVideo-RealAudio/African/women/id03747/00273_id02071_cHuDh9F87vA.npz,-4.66151237487793,-8.10345458984375,5.675158500671387,1
FakeVideo-RealAudio/African/women/id03747/00273_id02301_wavtolip.npz,-5.41760778427124,-9.130102157592773,4.391104698181152,1
FakeVideo-RealAudio/African/women/id03747/00273_id02617_wavtolip.npz,-4.532116413116455,-8.299459457397461,5.223308086395264,1
FakeVideo-RealAudio/African/women/id03747/00273_id02824_glBy_mYcXZw.npz,-4.8210248947143555,-8.170601844787598,5.701825141906738,1
FakeVideo-RealAudio/African/women/id03747/00273_id02824_glBy_mYcXZw_faceswap.npz,-4.704717636108398,-8.080257415771484,5.6785173416137695,1
FakeVideo-RealAudio/African/women/id03747/00273_id04055_wavtolip.npz,-5.35162353515625,-9.123360633850098,4.431580543518066,1
FakeVideo-RealAudio/African/women/id03747/00273_id04374_SWltOOZmlWM.npz,-4.856487274169922,-8.217985153198242,5.712268352508545,1
FakeVideo-RealAudio/African/women/id03747/00273_id04540_wavtolip.npz,-4.702974319458008,-7.2136077880859375,4.742475986480713,1
FakeVideo-RealAudio/African/women/id03747/00273_id04689_0YqK1ksKjLg.npz,-4.780734539031982,-8.144172668457031,5.692006587982178,1
FakeVideo-RealAudio/African/women/id03747/00273_id04736_wavtolip.npz,-4.840516090393066,-8.668477058410645,4.996921539306641,1
FakeVideo-RealAudio/African/women/id03747/00273_id04939_wavtolip.npz,-3.65625262260437,-7.823477745056152,4.708402156829834,1
FakeVideo-RealAudio/African/women/id03747/00273_id05231_wfbM5puT6eQ.npz,-4.706734657287598,-8.096923828125,5.689455032348633,1
FakeVideo-RealAudio/African/women/id03747/00273_id05235_ASy8lP3SRtw.npz,-4.621280670166016,-8.073768615722656,5.668870449066162,1
FakeVideo-RealAudio/African/women/id03747/00273_id05251_wavtolip.npz,-4.411016464233398,-8.777257919311523,4.367001533508301,1
FakeVideo-RealAudio/African/women/id03713/00249_id00359_wavtolip.npz,-5.011807441711426,-8.962601661682129,4.35015344619751,1
FakeVideo-RealAudio/African/women/id03713/00249_id00371_t20i0HtPwW0.npz,-3.548222541809082,-8.25400447845459,4.567841529846191,1
FakeVideo-RealAudio/African/women/id03713/00249_id00460_9sVM1Crx1FA.npz,-4.882809162139893,-8.437825202941895,4.5981645584106445,1
FakeVideo-RealAudio/African/women/id03713/00249_id00568_wavtolip.npz,-5.11956787109375,-9.241374969482422,4.4439311027526855,1
FakeVideo-RealAudio/African/women/id03713/00249_id01532_XnlWp_s_f7Q.npz,-5.178536891937256,-8.64885425567627,4.641555309295654,1
FakeVideo-RealAudio/African/women/id03713/00249_id01907_wavtolip.npz,-5.929350852966309,-9.4639253616333,4.486019611358643,1
FakeVideo-RealAudio/African/women/id03713/00249_id02301_wavtolip.npz,-5.578954696655273,-9.23271369934082,4.440232753753662,1
FakeVideo-RealAudio/African/women/id03713/00249_id02617_4EZjRXC4fLk_faceswap.npz,-5.379361152648926,-8.884462356567383,4.629900932312012,1
FakeVideo-RealAudio/African/women/id03713/00249_id02721_wavtolip.npz,-4.322206497192383,-8.114476203918457,4.432422637939453,1
FakeVideo-RealAudio/African/women/id03713/00249_id02824_glBy_mYcXZw.npz,-3.7624216079711914,-7.866673469543457,4.639791488647461,1
FakeVideo-RealAudio/African/women/id03713/00249_id02948_wavtolip.npz,-5.401989936828613,-9.382994651794434,4.5031609535217285,1
FakeVideo-RealAudio/African/women/id03713/00249_id03103_wiCYm3THQPw.npz,-4.300172328948975,-8.164017677307129,4.6251726150512695,1
FakeVideo-RealAudio/African/women/id03713/00249_id03658_8Wtu9VXKqjY.npz,-4.611474990844727,-8.311532974243164,4.626912593841553,1
FakeVideo-RealAudio/African/women/id03713/00249_id03713_wavtolip.npz,-6.014967918395996,-9.317797660827637,4.525063514709473,1
FakeVideo-RealAudio/African/women/id03713/00249_id04547_wavtolip.npz,-5.973158836364746,-9.584817886352539,4.556551456451416,1
FakeVideo-RealAudio/African/women/id03713/00249_id04689_wavtolip.npz,-5.714862823486328,-9.446680068969727,4.589953422546387,1
FakeVideo-RealAudio/African/women/id03713/00249_id04736__D2k4fMhEfQ.npz,-5.133487224578857,-8.612579345703125,4.623103618621826,1
FakeVideo-RealAudio/African/women/id03713/00249_id05231_wavtolip.npz,-5.306357383728027,-9.282923698425293,4.4892072677612305,1
FakeVideo-RealAudio/African/women/id02721/00424_0.npz,2.6359939575195312,3.9462485313415527,4.983522891998291,1
FakeVideo-RealAudio/African/women/id02721/00424_id00371_t20i0HtPwW0.npz,-4.599670886993408,-7.766451358795166,4.730368614196777,1
FakeVideo-RealAudio/African/women/id02721/00424_id00568_gakhcJXnJZ8.npz,-4.617616653442383,-7.620115756988525,4.749931335449219,1
FakeVideo-RealAudio/African/women/id02721/00424_id00577_wavtolip.npz,-5.737089157104492,-9.247820854187012,4.598542213439941,1
FakeVideo-RealAudio/African/women/id02721/00424_id01838_wavtolip.npz,-4.7100934982299805,-7.852212905883789,4.72953987121582,1
FakeVideo-RealAudio/African/women/id02721/00424_id02586_dEYzYDsbAeo.npz,-4.166310787200928,-6.990480422973633,4.802890777587891,1
FakeVideo-RealAudio/African/women/id02721/00424_id02586_wavtolip.npz,-5.704681396484375,-9.393219947814941,4.486809730529785,1
FakeVideo-RealAudio/African/women/id02721/00424_id02617_wavtolip.npz,-5.993466377258301,-9.244245529174805,4.744800567626953,1
FakeVideo-RealAudio/African/women/id02721/00424_id02808_nZtvxh6Eesc.npz,-4.71422004699707,-8.196028709411621,4.7408223152160645,1
FakeVideo-RealAudio/African/women/id02721/00424_id02808_wavtolip.npz,-5.483031272888184,-9.223127365112305,4.688148498535156,1
FakeVideo-RealAudio/African/women/id02721/00424_id02824_wavtolip.npz,-5.494719505310059,-4.125563144683838,4.615390777587891,1
FakeVideo-RealAudio/African/women/id02721/00424_id02838_wavtolip.npz,-5.365342140197754,-9.105043411254883,4.746207237243652,1
FakeVideo-RealAudio/African/women/id02721/00424_id02948__ZEDGNWjuFE.npz,-4.960215091705322,-8.347099304199219,4.748135089874268,1
FakeVideo-RealAudio/African/women/id02721/00424_id03569_wavtolip.npz,-6.012012481689453,-9.521273612976074,4.472645282745361,1
FakeVideo-RealAudio/African/women/id02721/00424_id03658_8Wtu9VXKqjY.npz,-4.5360941886901855,-7.679086208343506,4.732593536376953,1
FakeVideo-RealAudio/African/women/id02721/00424_id03658_8Wtu9VXKqjY_faceswap.npz,-4.479063034057617,-7.434146404266357,4.7467875480651855,1
FakeVideo-RealAudio/African/women/id02721/00424_id04245_wavtolip.npz,-4.775498867034912,-8.819249153137207,4.7328948974609375,1
FakeVideo-RealAudio/African/women/id02721/00424_id04376_wavtolip.npz,-4.925681114196777,-9.125585556030273,4.624752998352051,1
FakeVideo-RealAudio/African/women/id02721/00424_id04705_ziJ9JsYr4R0.npz,-4.589843273162842,-7.707550048828125,4.767697334289551,1
FakeVideo-RealAudio/African/women/id02721/00424_id05231_wfbM5puT6eQ.npz,-4.532862663269043,-7.739865779876709,4.758517265319824,1
FakeVideo-RealAudio/African/women/id04547/00052_id00577_wavtolip.npz,-5.663444519042969,-9.054097175598145,4.598667621612549,1
FakeVideo-RealAudio/African/women/id04547/00052_id00829_aMEvVaUBq2Y.npz,-4.515834808349609,-8.758710861206055,4.804948329925537,1
FakeVideo-RealAudio/African/women/id04547/00052_id02071_wavtolip.npz,-5.801127910614014,-9.421177864074707,4.366704940795898,1
FakeVideo-RealAudio/African/women/id04547/00052_id02508_wavtolip.npz,-4.799709320068359,-8.62575626373291,4.66459846496582,1
FakeVideo-RealAudio/African/women/id04547/00052_id02586_dEYzYDsbAeo.npz,-4.492640018463135,-8.901237487792969,4.848895072937012,1
FakeVideo-RealAudio/African/women/id04547/00052_id02721_wavtolip.npz,-4.6804986000061035,-8.290390014648438,4.630962371826172,1
FakeVideo-RealAudio/African/women/id04547/00052_id02824_wavtolip.npz,-5.85047721862793,-6.826967716217041,4.636563777923584,1
FakeVideo-RealAudio/African/women/id04547/00052_id03103_wiCYm3THQPw.npz,-4.712965488433838,-8.909053802490234,4.847268104553223,1
FakeVideo-RealAudio/African/women/id04547/00052_id03656_draVIyyqLtk.npz,-4.9886651039123535,-9.091385841369629,4.86474609375,1
FakeVideo-RealAudio/African/women/id04547/00052_id04374_SWltOOZmlWM.npz,-4.969282150268555,-9.121332168579102,4.883910179138184,1
FakeVideo-RealAudio/African/women/id04547/00052_id04376_wavtolip.npz,-5.375003814697266,-9.179664611816406,4.621779441833496,1
FakeVideo-RealAudio/African/women/id04547/00052_id04540_9KNIjew03AQ.npz,-5.125024795532227,-9.061561584472656,4.873108863830566,1
FakeVideo-RealAudio/African/women/id04547/00052_id04540_wavtolip.npz,-4.826490879058838,-7.721129894256592,4.690863609313965,1
FakeVideo-RealAudio/African/women/id04547/00052_id04820_wavtolip.npz,-5.679118633270264,-9.253604888916016,4.622567176818848,1
FakeVideo-RealAudio/African/women/id04547/00052_id04939_i4v2cXo9HIQ.npz,-4.955912113189697,-9.089178085327148,4.884219646453857,1
FakeVideo-RealAudio/African/women/id04547/00052_id05106_wavtolip.npz,-4.144392967224121,-6.2628068923950195,4.463794708251953,1
FakeVideo-RealAudio/African/women/id04547/00052_id05251_wavtolip.npz,-5.322351932525635,-9.189224243164062,4.413732051849365,1
FakeVideo-RealAudio/African/women/id00220/00027.npz,-5.044759750366211,-8.857908248901367,4.59731388092041,1
FakeVideo-RealAudio/African/women/id00220/00027_id00371_t20i0HtPwW0.npz,-5.615891456604004,-9.16780948638916,4.628988265991211,1
FakeVideo-RealAudio/African/women/id00220/00027_id00568_wavtolip.npz,-4.05732536315918,-7.889768123626709,4.513478755950928,1
FakeVideo-RealAudio/African/women/id00220/00027_id00707_wavtolip.npz,-5.313206672668457,-9.035269737243652,4.564427852630615,1
FakeVideo-RealAudio/African/women/id00220/00027_id01178_6XpgYMiKxhc.npz,-5.097650051116943,-9.031266212463379,4.584869861602783,1
FakeVideo-RealAudio/African/women/id00220/00027_id01907_LBcRkuRq0uY.npz,-5.263371467590332,-8.92496109008789,4.568667411804199,1
FakeVideo-RealAudio/African/women/id00220/00027_id02071_wavtolip.npz,-5.04548454284668,-9.146947860717773,4.340118885040283,1
FakeVideo-RealAudio/African/women/id00220/00027_id02721_wavtolip.npz,-4.508450984954834,-7.971308708190918,4.440633296966553,1
FakeVideo-RealAudio/African/women/id00220/00027_id02824_glBy_mYcXZw.npz,-5.540756702423096,-9.050702095031738,4.614027976989746,1
FakeVideo-RealAudio/African/women/id00220/00027_id02838_wavtolip.npz,-5.11094856262207,-9.028993606567383,4.528730392456055,1
FakeVideo-RealAudio/African/women/id00220/00027_id03103_wavtolip.npz,-6.024630546569824,-9.271463394165039,4.515430450439453,1
FakeVideo-RealAudio/African/women/id00220/00027_id03569_YO0EpPm9p-8.npz,-5.045803070068359,-8.88284683227539,4.5533318519592285,1
FakeVideo-RealAudio/African/women/id00220/00027_id03656_wavtolip.npz,-5.515164852142334,-9.255352020263672,4.536722183227539,1
FakeVideo-RealAudio/African/women/id00220/00027_id04705_wavtolip.npz,-5.639254570007324,-9.362992286682129,4.59340763092041,1
FakeVideo-RealAudio/African/women/id00220/00027_id04820_wavtolip.npz,-5.498235702514648,-9.342607498168945,4.503767967224121,1
FakeVideo-RealAudio/African/women/id00220/00027_id04939_i4v2cXo9HIQ.npz,-5.386126518249512,-9.025476455688477,4.619460105895996,1
FakeVideo-RealAudio/African/women/id00220/00027_id05251_wavtolip.npz,-5.473603248596191,-9.325648307800293,4.445505142211914,1
FakeVideo-RealAudio/African/women/id04820/00015_id00832_wavtolip.npz,-4.988502025604248,-9.13614559173584,4.591277599334717,1
FakeVideo-RealAudio/African/women/id04820/00015_id01783_wavtolip.npz,-5.381779670715332,-9.336584091186523,4.553013324737549,1
FakeVideo-RealAudio/African/women/id04820/00015_id02071_wavtolip.npz,-5.18565559387207,-9.221869468688965,4.304949760437012,1
FakeVideo-RealAudio/African/women/id04820/00015_id02721_wavtolip.npz,-4.4516401290893555,-8.383846282958984,4.5296125411987305,1
FakeVideo-RealAudio/African/women/id04820/00015_id02948__ZEDGNWjuFE.npz,-4.586830139160156,-8.96014404296875,4.699985027313232,1
FakeVideo-RealAudio/African/women/id04820/00015_id02948__ZEDGNWjuFE_faceswap.npz,-4.552823543548584,-8.854730606079102,4.672088146209717,1
FakeVideo-RealAudio/African/women/id04820/00015_id03103_wavtolip.npz,-4.233602523803711,-8.756230354309082,4.620495796203613,1
FakeVideo-RealAudio/African/women/id04820/00015_id03656_wavtolip.npz,-4.097329139709473,-7.836060047149658,4.5611162185668945,1
FakeVideo-RealAudio/African/women/id04820/00015_id04374_wavtolip.npz,-4.829301357269287,-8.822875022888184,4.476233005523682,1
FakeVideo-RealAudio/African/women/id04820/00015_id04705_wavtolip.npz,-5.001541614532471,-9.210860252380371,4.622040748596191,1
FakeVideo-RealAudio/African/women/id04820/00015_id05251_wavtolip.npz,-4.810295104980469,-9.28900146484375,4.401718616485596,1
FakeVideo-RealAudio/African/women/id04820/00015_id05980_wavtolip.npz,-4.913213729858398,-7.384188175201416,4.559149265289307,1
FakeVideo-RealAudio/African/women/id04736/00083_0.npz,-5.549631118774414,-9.21539306640625,4.519218444824219,1
FakeVideo-RealAudio/African/women/id04736/00083_id00359_wavtolip.npz,-4.476797580718994,-8.593900680541992,4.3231706619262695,1
FakeVideo-RealAudio/African/women/id04736/00083_id00568_wavtolip.npz,-4.111376762390137,-8.128572463989258,4.857969760894775,1
FakeVideo-RealAudio/African/women/id04736/00083_id00829_wavtolip.npz,-5.250922203063965,-8.756767272949219,4.933655261993408,1
FakeVideo-RealAudio/African/women/id04736/00083_id01178_wavtolip.npz,-5.940864086151123,-9.369956970214844,4.705941200256348,1
FakeVideo-RealAudio/African/women/id04736/00083_id02071_wavtolip.npz,-5.401453018188477,-9.360750198364258,4.355990886688232,1
FakeVideo-RealAudio/African/women/id04736/00083_id02824_wavtolip.npz,-0.7649952173233032,1.6358239650726318,4.602787017822266,1
FakeVideo-RealAudio/African/women/id04736/00083_id03569_wavtolip.npz,-5.015326499938965,-9.051379203796387,4.401572227478027,1
FakeVideo-RealAudio/African/women/id04736/00083_id03713_wavtolip.npz,-5.396980285644531,-9.041780471801758,4.521860122680664,1
FakeVideo-RealAudio/African/women/id04736/00083_id04055_wavtolip.npz,-5.103437900543213,-9.063741683959961,4.419642448425293,1
FakeVideo-RealAudio/African/women/id04736/00083_id04547_wavtolip.npz,-6.093919277191162,-9.477659225463867,4.773112773895264,1
FakeVideo-RealAudio/African/women/id04736/00083_id05235_ASy8lP3SRtw.npz,-3.7324798107147217,-7.987302780151367,5.035188674926758,1
FakeVideo-RealAudio/African/women/id04736/00083_id05235_ASy8lP3SRtw_faceswap.npz,-4.290621757507324,-8.48237133026123,5.041602611541748,1
FakeVideo-RealAudio/African/women/id04376/00181_id00220_WlHLlTQKj8g.npz,-4.5488362312316895,-8.92412281036377,4.751471042633057,1
FakeVideo-RealAudio/African/women/id04376/00181_id00460_wavtolip.npz,-5.785058975219727,-9.246732711791992,4.709288597106934,1
FakeVideo-RealAudio/African/women/id04376/00181_id00829_aMEvVaUBq2Y.npz,-4.330832481384277,-8.840702056884766,4.686845302581787,1
FakeVideo-RealAudio/African/women/id04376/00181_id01178_wavtolip.npz,-5.021588325500488,-8.870643615722656,4.670291900634766,1
FakeVideo-RealAudio/African/women/id04376/00181_id02071_wavtolip.npz,-5.751856803894043,-9.378459930419922,4.362123489379883,1
FakeVideo-RealAudio/African/women/id04376/00181_id02586_dEYzYDsbAeo.npz,-4.655625343322754,-8.874490737915039,4.725214958190918,1
FakeVideo-RealAudio/African/women/id04376/00181_id02838_kaCQlSGlLe8.npz,-4.725308895111084,-8.960460662841797,4.727059364318848,1
FakeVideo-RealAudio/African/women/id04376/00181_id03569_wavtolip.npz,-5.5955810546875,-9.329090118408203,4.462132930755615,1
FakeVideo-RealAudio/African/women/id04376/00181_id03658_8Wtu9VXKqjY.npz,-4.995527267456055,-8.973237991333008,4.738332748413086,1
FakeVideo-RealAudio/African/women/id04376/00181_id04245_wavtolip.npz,-5.758724689483643,-9.268599510192871,4.784413814544678,1
FakeVideo-RealAudio/African/women/id04376/00181_id04374_SWltOOZmlWM.npz,-4.682969570159912,-8.889599800109863,4.671236991882324,1
FakeVideo-RealAudio/African/women/id04376/00181_id04437_2csrqaF55pk_faceswap.npz,-5.1645331382751465,-9.084450721740723,4.698800563812256,1
FakeVideo-RealAudio/African/women/id04376/00181_id04547_wavtolip.npz,-5.124228477478027,-9.00119686126709,4.750814914703369,1
FakeVideo-RealAudio/African/women/id04376/00181_id04689_wavtolip.npz,-5.576607704162598,-9.291860580444336,4.709155082702637,1
FakeVideo-RealAudio/African/women/id04376/00181_id04705_wavtolip.npz,-5.861476421356201,-9.492719650268555,4.708957672119141,1
FakeVideo-RealAudio/African/women/id04376/00181_id04820_wavtolip.npz,-6.179969787597656,-9.55707836151123,4.669107913970947,1
FakeVideo-RealAudio/African/women/id04376/00181_id05231_wavtolip.npz,-5.6047468185424805,-9.175741195678711,4.644892692565918,1
FakeVideo-RealAudio/African/women/id04374/00032_id00460_wavtolip.npz,-5.251387119293213,-8.982491493225098,4.714519023895264,1
FakeVideo-RealAudio/African/women/id04374/00032_id00568_wavtolip.npz,-1.2291098833084106,1.1357976198196411,4.830597877502441,1
FakeVideo-RealAudio/African/women/id04374/00032_id00577_wavtolip.npz,-5.377337455749512,-9.119499206542969,4.570328712463379,1
FakeVideo-RealAudio/African/women/id04374/00032_id00707_feeHCIlo6jg.npz,-3.4526870250701904,-7.773247718811035,4.845895290374756,1
FakeVideo-RealAudio/African/women/id04374/00032_id02586_dEYzYDsbAeo.npz,-1.5745207071304321,-5.676602363586426,4.901109218597412,1
FakeVideo-RealAudio/African/women/id04374/00032_id02586_wavtolip.npz,-4.533320426940918,-9.02445125579834,4.4305315017700195,1
FakeVideo-RealAudio/African/women/id04374/00032_id02721_wavtolip.npz,-4.300005912780762,-8.368800163269043,4.6477251052856445,1
FakeVideo-RealAudio/African/women/id04374/00032_id02808_wavtolip.npz,-4.821868419647217,-8.832509994506836,4.9352569580078125,1
FakeVideo-RealAudio/African/women/id04374/00032_id02838_kaCQlSGlLe8.npz,-3.4935293197631836,-7.4346113204956055,4.917941093444824,1
FakeVideo-RealAudio/African/women/id04374/00032_id03656_draVIyyqLtk.npz,-2.8596460819244385,-7.180906295776367,4.87476921081543,1
FakeVideo-RealAudio/African/women/id04374/00032_id03658_wavtolip.npz,-5.2673726081848145,-8.977685928344727,4.869293212890625,1
FakeVideo-RealAudio/African/women/id04374/00032_id04374_wavtolip.npz,-3.3655383586883545,-7.326993465423584,4.785117149353027,1
FakeVideo-RealAudio/African/women/id04374/00032_id04547_3Qy2g2M47Aw.npz,-2.797060966491699,-6.938914775848389,4.892150402069092,1
FakeVideo-RealAudio/African/women/id04374/00032_id04689_0YqK1ksKjLg_faceswap.npz,-5.052071571350098,-8.690643310546875,4.931427955627441,1
FakeVideo-RealAudio/African/women/id04374/00032_id05231_wfbM5puT6eQ.npz,-3.1918814182281494,-7.091592311859131,4.873809337615967,1
FakeVideo-RealAudio/African/women/id04374/00032_id05235_wavtolip.npz,-4.553555965423584,-8.95505142211914,4.710810661315918,1
FakeVideo-RealAudio/African/women/id04374/00032_id05251_wavtolip.npz,-4.875064849853516,-8.925132751464844,4.361955642700195,1
FakeVideo-RealAudio/African/women/id02824/00130_id00568_wavtolip.npz,-3.409823417663574,-7.77690315246582,4.58215856552124,1
FakeVideo-RealAudio/African/women/id02824/00130_id00592_wavtolip.npz,-5.813424110412598,-9.218116760253906,4.67711877822876,1
FakeVideo-RealAudio/African/women/id02824/00130_id00707_wavtolip.npz,-5.175276756286621,-8.96728229522705,4.48829460144043,1
FakeVideo-RealAudio/African/women/id02824/00130_id00832_Jr4-dXRChME.npz,-5.394824981689453,-8.477666854858398,4.651424407958984,1
FakeVideo-RealAudio/African/women/id02824/00130_id01661_SdP_Monh-_4.npz,-5.002044200897217,-8.431538581848145,4.66939640045166,1
FakeVideo-RealAudio/African/women/id02824/00130_id01661_wavtolip.npz,-4.327068328857422,-8.703680038452148,4.385155200958252,1
FakeVideo-RealAudio/African/women/id02824/00130_id02617_wavtolip.npz,-5.225879669189453,-8.832951545715332,4.624253273010254,1
FakeVideo-RealAudio/African/women/id02824/00130_id02948_wavtolip.npz,-5.53302001953125,-9.288896560668945,4.472578048706055,1
FakeVideo-RealAudio/African/women/id02824/00130_id03656_draVIyyqLtk.npz,-5.384718894958496,-8.557501792907715,4.661879539489746,1
FakeVideo-RealAudio/African/women/id02824/00130_id03747_wQOOhZvnrq4.npz,-5.3662309646606445,-8.401813507080078,4.659627914428711,1
FakeVideo-RealAudio/African/women/id02824/00130_id03747_wQOOhZvnrq4_faceswap.npz,-5.27333927154541,-8.479193687438965,4.658624172210693,1
FakeVideo-RealAudio/African/women/id02824/00130_id04245_wavtolip.npz,-5.155008792877197,-8.996618270874023,4.731564044952393,1
FakeVideo-RealAudio/African/women/id02824/00130_id04540_wavtolip.npz,-4.50988245010376,-6.407928943634033,4.631860256195068,1
FakeVideo-RealAudio/African/women/id02824/00130_id04705_ziJ9JsYr4R0.npz,-4.929649353027344,-8.235846519470215,4.622927665710449,1
FakeVideo-RealAudio/African/women/id02824/00130_id04736_wavtolip.npz,-4.6842780113220215,-8.915205955505371,4.688086032867432,1
FakeVideo-RealAudio/African/women/id02824/00130_id05231_wfbM5puT6eQ.npz,-5.299256801605225,-8.369837760925293,4.658702850341797,1
FakeVideo-RealAudio/African/women/id02824/00130_id05251_wavtolip.npz,-5.541078567504883,-9.24184799194336,4.442399501800537,1
FakeVideo-RealAudio/African/women/id02824/00130_id05252_CMxIX3absYM.npz,-5.452776908874512,-8.451542854309082,4.661035060882568,1
RealVideo-FakeAudio/African/men/id01835/00130_fake.npz,-0.5793328881263733,-0.8108924031257629,5.311453342437744,1
RealVideo-FakeAudio/African/men/id02040/00476_fake.npz,-0.6323829889297485,-3.5311787128448486,4.51962423324585,1
RealVideo-FakeAudio/African/men/id01392/00167_fake.npz,12.696637153625488,8.073378562927246,5.295016765594482,1
RealVideo-FakeAudio/African/men/id01717/00005_fake.npz,4.363816261291504,4.440484046936035,4.68101692199707,1
RealVideo-FakeAudio/African/men/id01779/00010_fake.npz,6.480522155761719,4.736679553985596,4.872250556945801,1
RealVideo-FakeAudio/African/men/id01179/00160_fake.npz,-2.809323787689209,-3.7754905223846436,4.737420082092285,1
RealVideo-FakeAudio/African/men/id01528/00017_fake.npz,-2.7574923038482666,-4.429834365844727,5.035245895385742,1
RealVideo-FakeAudio/African/men/id00076/00109_fake.npz,2.995969772338867,4.549583911895752,5.434833526611328,1
RealVideo-FakeAudio/African/men/id02268/00036_fake.npz,4.938875198364258,5.181166648864746,5.127469539642334,1
RealVideo-FakeAudio/African/men/id01170/00021_fake.npz,13.191568374633789,6.805314064025879,5.171916961669922,1
RealVideo-FakeAudio/African/men/id01637/00002_fake.npz,-3.470156669616699,-2.724027633666992,4.875331878662109,1
RealVideo-FakeAudio/African/men/id02051/00015_fake.npz,-0.5593456625938416,-1.4959793090820312,4.65184211730957,1
RealVideo-FakeAudio/African/men/id00366/00118_fake.npz,0.8471225500106812,-0.8478158712387085,5.334465026855469,1
RealVideo-FakeAudio/African/women/id00359/00053_fake.npz,12.840009689331055,7.102940559387207,4.4292497634887695,1
RealVideo-FakeAudio/African/women/id01907/00148_fake.npz,-5.206579208374023,-8.804890632629395,4.732909679412842,1
RealVideo-FakeAudio/African/women/id01661/00059_fake.npz,-0.010021567344665527,-0.19023984670639038,4.5004096031188965,1
RealVideo-FakeAudio/African/women/id03747/00273_fake.npz,6.230859279632568,5.115313529968262,5.6281585693359375,1
RealVideo-FakeAudio/African/women/id03713/00249_fake.npz,0.3187178075313568,0.3001488447189331,4.583415985107422,1
RealVideo-FakeAudio/African/women/id02721/00424_fake.npz,-2.887411117553711,-4.756617546081543,4.752415657043457,1
RealVideo-FakeAudio/African/women/id04547/00052_fake.npz,5.632411479949951,4.768020153045654,4.798932075500488,1
RealVideo-FakeAudio/African/women/id00220/00027_fake.npz,8.872427940368652,6.986820220947266,4.619485378265381,1
RealVideo-FakeAudio/African/women/id04820/00015_fake.npz,-3.4242937564849854,-8.418006896972656,4.624419212341309,1
RealVideo-FakeAudio/African/women/id04736/00083_fake.npz,-3.079598903656006,-6.492824077606201,5.034014701843262,1
RealVideo-FakeAudio/African/women/id04376/00181_fake.npz,-2.647833824157715,-2.756760597229004,4.70774507522583,1
RealVideo-FakeAudio/African/women/id04374/00032_fake.npz,10.15096378326416,6.965249538421631,4.923630714416504,1
RealVideo-FakeAudio/African/women/id02824/00130_fake.npz,-0.7420217990875244,-0.824507474899292,4.656377792358398,1
RealVideo-RealAudio/African/men/id01835/00130.npz,-5.50006628036499,-8.738853454589844,5.320796012878418,0
RealVideo-RealAudio/African/men/id02040/00476.npz,-5.153826713562012,-9.074426651000977,4.551133155822754,0
RealVideo-RealAudio/African/men/id01392/00167.npz,-5.1895751953125,-8.461878776550293,5.289677619934082,0
RealVideo-RealAudio/African/men/id01717/00005.npz,-5.9208903312683105,-9.031810760498047,4.679829120635986,0
RealVideo-RealAudio/African/men/id01779/00010.npz,-5.099783897399902,-7.386257171630859,4.874000072479248,0
RealVideo-RealAudio/African/men/id01179/00160.npz,-3.557891845703125,-6.196141719818115,4.743505001068115,0
RealVideo-RealAudio/African/men/id01528/00017.npz,-5.543552398681641,-8.984193801879883,5.006277561187744,0
RealVideo-RealAudio/African/men/id00076/00109.npz,-4.53424072265625,-8.14063835144043,5.440113067626953,0
RealVideo-RealAudio/African/men/id02268/00036.npz,-4.786711692810059,-8.568995475769043,5.1192755699157715,0
RealVideo-RealAudio/African/men/id01170/00021.npz,-5.459737777709961,-8.696720123291016,5.147163391113281,0
RealVideo-RealAudio/African/men/id01637/00002.npz,-5.793299198150635,-9.152228355407715,4.8918046951293945,0
RealVideo-RealAudio/African/men/id02051/00015.npz,-5.86116361618042,-9.07211971282959,4.6399922370910645,0
RealVideo-RealAudio/African/men/id00366/00118.npz,-5.245218276977539,-8.452072143554688,5.311419486999512,0
RealVideo-RealAudio/African/women/id00359/00053.npz,-5.05645751953125,-9.142704963684082,4.443332672119141,0
RealVideo-RealAudio/African/women/id01907/00148.npz,-5.4023637771606445,-9.130011558532715,4.734704971313477,0
RealVideo-RealAudio/African/women/id01661/00059.npz,-4.884640216827393,-8.484610557556152,4.488712310791016,0
RealVideo-RealAudio/African/women/id03747/00273.npz,-4.647329330444336,-8.120002746582031,5.682238578796387,0
RealVideo-RealAudio/African/women/id03713/00249.npz,-5.344750881195068,-8.973179817199707,4.60720682144165,0
RealVideo-RealAudio/African/women/id02721/00424.npz,-4.727437496185303,-8.253125190734863,4.758345603942871,0
RealVideo-RealAudio/African/women/id04547/00052.npz,-4.743321895599365,-8.820735931396484,4.81154727935791,0
RealVideo-RealAudio/African/women/id00220/00027.npz,-5.044759750366211,-8.857908248901367,4.59731388092041,0
RealVideo-RealAudio/African/women/id04820/00015.npz,-4.4669108390808105,-8.9525146484375,4.671332359313965,0
RealVideo-RealAudio/African/women/id04736/00083.npz,-4.415593147277832,-8.575462341308594,5.0622029304504395,0
RealVideo-RealAudio/African/women/id04376/00181.npz,-5.123775005340576,-9.036201477050781,4.708924293518066,0
RealVideo-RealAudio/African/women/id04374/00032.npz,-4.1754374504089355,-8.170958518981934,4.848029136657715,0
RealVideo-RealAudio/African/women/id02824/00130.npz,-5.608157634735107,-8.467466354370117,4.677349090576172,0
