path,score,label
FakeVideo-FakeAudio/Asian (South)/men/id06354/00021_id00032_AQMDc6SKNXs_id07463_wavtolip.npz,7.934667110443115,1
FakeVideo-FakeAudio/Asian (South)/men/id06354/00021_id00033_wavtolip.npz,8.20613956451416,1
FakeVideo-FakeAudio/Asian (South)/men/id06354/00021_id00103_qpTVaP4y5DQ_id03945_wavtolip.npz,8.392964363098145,1
FakeVideo-FakeAudio/Asian (South)/men/id06354/00021_id00350_75IFJNFAMIM_id04562_wavtolip.npz,8.543354988098145,1
FakeVideo-FakeAudio/Asian (South)/men/id06354/00021_id00685_wavtolip.npz,8.596782684326172,1
FakeVideo-FakeAudio/Asian (South)/men/id06354/00021_id00732_wavtolip.npz,8.315325736999512,1
FakeVideo-FakeAudio/Asian (South)/men/id06354/00021_id00773_2j3lUETJ57I_id00459_wavtolip.npz,6.0591230392456055,1
FakeVideo-FakeAudio/Asian (South)/men/id06354/00021_id00816_wavtolip.npz,8.549988746643066,1
FakeVideo-FakeAudio/Asian (South)/men/id06354/00021_id04599_Q60DPi5Nhmk_id03599_wavtolip.npz,6.937804698944092,1
FakeVideo-FakeAudio/Asian (South)/men/id06354/00021_id06355_wavtolip.npz,8.530537605285645,1
FakeVideo-FakeAudio/Asian (South)/men/id06354/00021_id07058_JXJTxhrICl0_id07165_wavtolip.npz,8.390975952148438,1
FakeVideo-FakeAudio/Asian (South)/men/id06354/00021_id07108_qwfQPcvjGRY_id07233_wavtolip.npz,8.250248908996582,1
FakeVideo-FakeAudio/Asian (South)/men/id06354/00021_id07108_wavtolip.npz,7.251859664916992,1
FakeVideo-FakeAudio/Asian (South)/men/id06354/00021_id07179_wavtolip.npz,-1.0658904314041138,1
FakeVideo-FakeAudio/Asian (South)/men/id06354/00021_id07194_NDJaiff98Fo_faceswap_id03945_wavtolip.npz,8.366211891174316,1
FakeVideo-FakeAudio/Asian (South)/men/id06354/00021_id07194_NDJaiff98Fo_faceswap_id04537_wavtolip.npz,7.916884422302246,1
FakeVideo-FakeAudio/Asian (South)/men/id06354/00021_id07194_NDJaiff98Fo_faceswap_id04601_wavtolip.npz,7.459543228149414,1
FakeVideo-FakeAudio/Asian (South)/men/id06354/00021_id07194_NDJaiff98Fo_faceswap_id07200_wavtolip.npz,8.08621883392334,1
FakeVideo-FakeAudio/Asian (South)/men/id06354/00021_id07194_NDJaiff98Fo_faceswap_id07768_wavtolip.npz,4.666059970855713,1
FakeVideo-FakeAudio/Asian (South)/men/id06354/00021_id07194_NDJaiff98Fo_id00857_wavtolip.npz,6.3816657066345215,1
FakeVideo-FakeAudio/Asian (South)/men/id06354/00021_id07210_wavtolip.npz,0.28148773312568665,1
FakeVideo-FakeAudio/Asian (South)/men/id06354/00021_id08314_wavtolip.npz,8.461434364318848,1
FakeVideo-FakeAudio/Asian (South)/men/id08314/00028_id00078_9CoVxzTOAhk_faceswap_id00459_wavtolip.npz,8.053574562072754,1
FakeVideo-FakeAudio/Asian (South)/men/id08314/00028_id00078_9CoVxzTOAhk_faceswap_id00685_wavtolip.npz,8.167181968688965,1
FakeVideo-FakeAudio/Asian (South)/men/id08314/00028_id00078_9CoVxzTOAhk_faceswap_id00745_wavtolip.npz,8.567842483520508,1
FakeVideo-FakeAudio/Asian (South)/men/id08314/00028_id00078_9CoVxzTOAhk_faceswap_id00857_wavtolip.npz,6.307959079742432,1
FakeVideo-FakeAudio/Asian (South)/men/id08314/00028_id00078_9CoVxzTOAhk_faceswap_id04599_wavtolip.npz,8.299242973327637,1
FakeVideo-FakeAudio/Asian (South)/men/id08314/00028_id00078_9CoVxzTOAhk_id03180_wavtolip.npz,8.564011573791504,1
FakeVideo-FakeAudio/Asian (South)/men/id08314/00028_id00078_wavtolip.npz,5.474867820739746,1
FakeVideo-FakeAudio/Asian (South)/men/id08314/00028_id00103_qpTVaP4y5DQ_id07233_wavtolip.npz,8.608261108398438,1
FakeVideo-FakeAudio/Asian (South)/men/id08314/00028_id00459_wavtolip.npz,7.577750205993652,1
FakeVideo-FakeAudio/Asian (South)/men/id08314/00028_id00732_amGRpH0AJCs_id04928_wavtolip.npz,8.783659934997559,1
FakeVideo-FakeAudio/Asian (South)/men/id08314/00028_id00745_wavtolip.npz,8.514416694641113,1
FakeVideo-FakeAudio/Asian (South)/men/id08314/00028_id00773_2j3lUETJ57I_id00082_wavtolip.npz,8.612456321716309,1
FakeVideo-FakeAudio/Asian (South)/men/id08314/00028_id00816_wavtolip.npz,8.469090461730957,1
FakeVideo-FakeAudio/Asian (South)/men/id08314/00028_id03344_wavtolip.npz,8.312531471252441,1
FakeVideo-FakeAudio/Asian (South)/men/id08314/00028_id04599_wavtolip.npz,8.027464866638184,1
FakeVideo-FakeAudio/Asian (South)/men/id08314/00028_id04601_wavtolip.npz,8.416234970092773,1
FakeVideo-FakeAudio/Asian (South)/men/id08314/00028_id06753_wavtolip.npz,3.3221852779388428,1
FakeVideo-FakeAudio/Asian (South)/men/id08314/00028_id07163_wavtolip.npz,8.184927940368652,1
FakeVideo-FakeAudio/Asian (South)/men/id08314/00028_id07194_NDJaiff98Fo_id07210_wavtolip.npz,8.192605972290039,1
FakeVideo-FakeAudio/Asian (South)/men/id08314/00028_id07195_wXqfHGtaBn4_id06355_wavtolip.npz,8.36982536315918,1
FakeVideo-FakeAudio/Asian (South)/men/id08314/00028_id08457_wavtolip.npz,7.618049144744873,1
FakeVideo-FakeAudio/Asian (South)/men/id07233/00010_id00032_wavtolip.npz,8.095086097717285,1
FakeVideo-FakeAudio/Asian (South)/men/id07233/00010_id00078_wavtolip.npz,-2.851726770401001,1
FakeVideo-FakeAudio/Asian (South)/men/id07233/00010_id00082_wavtolip.npz,5.98185920715332,1
FakeVideo-FakeAudio/Asian (South)/men/id07233/00010_id00685_wavtolip.npz,8.602343559265137,1
FakeVideo-FakeAudio/Asian (South)/men/id07233/00010_id00732_wavtolip.npz,8.252446174621582,1
FakeVideo-FakeAudio/Asian (South)/men/id07233/00010_id00769_BqHVSZdoVpM_id07165_wavtolip.npz,8.321155548095703,1
FakeVideo-FakeAudio/Asian (South)/men/id07233/00010_id00773_wavtolip.npz,8.560067176818848,1
FakeVideo-FakeAudio/Asian (South)/men/id07233/00010_id00816_wavtolip.npz,8.64620304107666,1
FakeVideo-FakeAudio/Asian (South)/men/id07233/00010_id03945_8gN6kSKpLRg_id07768_wavtolip.npz,4.759097576141357,1
FakeVideo-FakeAudio/Asian (South)/men/id07233/00010_id04537_G1e1UFopjfI_id04928_wavtolip.npz,8.57270622253418,1
FakeVideo-FakeAudio/Asian (South)/men/id07233/00010_id04554_8rSKsBhAaDo_id04599_wavtolip.npz,7.551980495452881,1
FakeVideo-FakeAudio/Asian (South)/men/id07233/00010_id04562_qio_Gs7wjvY_id07463_wavtolip.npz,8.240445137023926,1
FakeVideo-FakeAudio/Asian (South)/men/id07233/00010_id07161_wavtolip.npz,8.602304458618164,1
FakeVideo-FakeAudio/Asian (South)/men/id07233/00010_id07165_oJ_iy16IBTM_id07161_wavtolip.npz,8.445650100708008,1
FakeVideo-FakeAudio/Asian (South)/men/id07233/00010_id07195_wavtolip.npz,8.431404113769531,1
FakeVideo-FakeAudio/Asian (South)/men/id07233/00010_id07200_quCElxMhW6g_faceswap_id00103_wavtolip.npz,7.806600093841553,1
FakeVideo-FakeAudio/Asian (South)/men/id07233/00010_id07200_quCElxMhW6g_faceswap_id00773_wavtolip.npz,8.361369132995605,1
FakeVideo-FakeAudio/Asian (South)/men/id07233/00010_id07200_quCElxMhW6g_faceswap_id06753_wavtolip.npz,1.2824069261550903,1
FakeVideo-FakeAudio/Asian (South)/men/id07233/00010_id07200_quCElxMhW6g_faceswap_id07195_wavtolip.npz,8.18515396118164,1
FakeVideo-FakeAudio/Asian (South)/men/id07233/00010_id07200_quCElxMhW6g_faceswap_id07463_wavtolip.npz,7.911750316619873,1
FakeVideo-FakeAudio/Asian (South)/men/id07233/00010_id07200_quCElxMhW6g_id04562_wavtolip.npz,8.773750305175781,1
FakeVideo-FakeAudio/Asian (South)/men/id07179/00206_id00078_wavtolip.npz,5.617517471313477,1
FakeVideo-FakeAudio/Asian (South)/men/id07179/00206_id00082_wavtolip.npz,8.584380149841309,1
FakeVideo-FakeAudio/Asian (South)/men/id07179/00206_id00459_ubskcDDe7kM_id00103_wavtolip.npz,7.5748186111450195,1
FakeVideo-FakeAudio/Asian (South)/men/id07179/00206_id00685_wavtolip.npz,8.474289894104004,1
FakeVideo-FakeAudio/Asian (South)/men/id07179/00206_id00857_wavtolip.npz,6.077096939086914,1
FakeVideo-FakeAudio/Asian (South)/men/id07179/00206_id03344_wavtolip.npz,7.885735511779785,1
FakeVideo-FakeAudio/Asian (South)/men/id07179/00206_id03599_wavtolip.npz,8.184450149536133,1
FakeVideo-FakeAudio/Asian (South)/men/id07179/00206_id04526_dHGXa49tzWI_id00860_wavtolip.npz,8.043158531188965,1
FakeVideo-FakeAudio/Asian (South)/men/id07179/00206_id06334_EMORdZRY1r0_id04537_wavtolip.npz,7.9961934089660645,1
FakeVideo-FakeAudio/Asian (South)/men/id07179/00206_id06753_wavtolip.npz,3.53800892829895,1
FakeVideo-FakeAudio/Asian (South)/men/id07179/00206_id07163_aO7f_YmkQnc_id00816_wavtolip.npz,8.459671974182129,1
FakeVideo-FakeAudio/Asian (South)/men/id07179/00206_id07165_oJ_iy16IBTM_faceswap_id00032_wavtolip.npz,4.284692287445068,1
FakeVideo-FakeAudio/Asian (South)/men/id07179/00206_id07165_oJ_iy16IBTM_faceswap_id00082_wavtolip.npz,8.206931114196777,1
FakeVideo-FakeAudio/Asian (South)/men/id07179/00206_id07165_oJ_iy16IBTM_faceswap_id03180_wavtolip.npz,8.500984191894531,1
FakeVideo-FakeAudio/Asian (South)/men/id07179/00206_id07165_oJ_iy16IBTM_faceswap_id04928_wavtolip.npz,8.789458274841309,1
FakeVideo-FakeAudio/Asian (South)/men/id07179/00206_id07165_oJ_iy16IBTM_faceswap_id07233_wavtolip.npz,8.451068878173828,1
FakeVideo-FakeAudio/Asian (South)/men/id07179/00206_id07165_oJ_iy16IBTM_id07058_wavtolip.npz,8.57930850982666,1
FakeVideo-FakeAudio/Asian (South)/men/id07179/00206_id07195_wavtolip.npz,7.269169330596924,1
FakeVideo-FakeAudio/Asian (South)/men/id07179/00206_id07210_wavtolip.npz,7.994774341583252,1
FakeVideo-FakeAudio/Asian (South)/men/id07179/00206_id07768_mD6x-0ihLOI_id08313_wavtolip.npz,7.527914047241211,1
FakeVideo-FakeAudio/Asian (South)/men/id07179/00206_id08314_66ufcsq8IWA_id00078_wavtolip.npz,5.446561813354492,1
FakeVideo-FakeAudio/Asian (South)/men/id07179/00206_id08314_wavtolip.npz,8.492341041564941,1
FakeVideo-FakeAudio/Asian (South)/men/id00860/00154_id00033_gduDuRWhnlQ_id00860_wavtolip.npz,8.204427719116211,1
FakeVideo-FakeAudio/Asian (South)/men/id00860/00154_id00033_wavtolip.npz,8.811813354492188,1
FakeVideo-FakeAudio/Asian (South)/men/id00860/00154_id00082_wavtolip.npz,6.358631134033203,1
FakeVideo-FakeAudio/Asian (South)/men/id00860/00154_id00414_d3N2NrpGSp0_id06334_wavtolip.npz,8.295615196228027,1
FakeVideo-FakeAudio/Asian (South)/men/id00860/00154_id00459_ubskcDDe7kM_id00078_wavtolip.npz,-1.348248839378357,1
FakeVideo-FakeAudio/Asian (South)/men/id00860/00154_id00459_wavtolip.npz,7.1771135330200195,1
FakeVideo-FakeAudio/Asian (South)/men/id00860/00154_id00773_wavtolip.npz,8.354032516479492,1
FakeVideo-FakeAudio/Asian (South)/men/id00860/00154_id03180_6wNTK7NkOd8_id00459_wavtolip.npz,6.865781784057617,1
FakeVideo-FakeAudio/Asian (South)/men/id00860/00154_id04537_G1e1UFopjfI_faceswap_id00860_wavtolip.npz,8.427408218383789,1
FakeVideo-FakeAudio/Asian (South)/men/id00860/00154_id04537_G1e1UFopjfI_faceswap_id04554_wavtolip.npz,8.604588508605957,1
FakeVideo-FakeAudio/Asian (South)/men/id00860/00154_id04537_G1e1UFopjfI_faceswap_id04928_wavtolip.npz,8.781593322753906,1
FakeVideo-FakeAudio/Asian (South)/men/id00860/00154_id04537_G1e1UFopjfI_faceswap_id07108_wavtolip.npz,8.137797355651855,1
FakeVideo-FakeAudio/Asian (South)/men/id00860/00154_id04537_G1e1UFopjfI_faceswap_id07233_wavtolip.npz,8.452201843261719,1
FakeVideo-FakeAudio/Asian (South)/men/id00860/00154_id04554_wavtolip.npz,8.521575927734375,1
FakeVideo-FakeAudio/Asian (South)/men/id00860/00154_id06753_wavtolip.npz,0.8809186220169067,1
FakeVideo-FakeAudio/Asian (South)/men/id00860/00154_id07165_oJ_iy16IBTM_id00773_wavtolip.npz,8.339056968688965,1
FakeVideo-FakeAudio/Asian (South)/men/id00860/00154_id07165_wavtolip.npz,8.861613273620605,1
FakeVideo-FakeAudio/Asian (South)/men/id00860/00154_id07195_wXqfHGtaBn4_id07768_wavtolip.npz,4.76112174987793,1
FakeVideo-FakeAudio/Asian (South)/men/id00860/00154_id07200_quCElxMhW6g_id04562_wavtolip.npz,8.745648384094238,1
FakeVideo-FakeAudio/Asian (South)/men/id00860/00154_id07210_wavtolip.npz,2.944610834121704,1
FakeVideo-FakeAudio/Asian (South)/men/id00860/00154_id08457_wavtolip.npz,8.363545417785645,1
FakeVideo-FakeAudio/Asian (South)/men/id07768/00143_id00033_gduDuRWhnlQ_id00816_wavtolip.npz,8.579669952392578,1
FakeVideo-FakeAudio/Asian (South)/men/id07768/00143_id00033_wavtolip.npz,8.30549144744873,1
FakeVideo-FakeAudio/Asian (South)/men/id07768/00143_id00078_wavtolip.npz,5.615288257598877,1
FakeVideo-FakeAudio/Asian (South)/men/id07768/00143_id00103_qpTVaP4y5DQ_id07768_wavtolip.npz,4.77056360244751,1
FakeVideo-FakeAudio/Asian (South)/men/id07768/00143_id00459_wavtolip.npz,6.167882442474365,1
FakeVideo-FakeAudio/Asian (South)/men/id07768/00143_id00685_wavtolip.npz,8.587851524353027,1
FakeVideo-FakeAudio/Asian (South)/men/id07768/00143_id00732_amGRpH0AJCs_faceswap_id00459_wavtolip.npz,6.150991916656494,1
FakeVideo-FakeAudio/Asian (South)/men/id07768/00143_id00732_amGRpH0AJCs_faceswap_id00769_wavtolip.npz,8.243908882141113,1
FakeVideo-FakeAudio/Asian (South)/men/id07768/00143_id00732_amGRpH0AJCs_faceswap_id04562_wavtolip.npz,8.853962898254395,1
FakeVideo-FakeAudio/Asian (South)/men/id07768/00143_id00732_amGRpH0AJCs_faceswap_id07210_wavtolip.npz,7.965592861175537,1
FakeVideo-FakeAudio/Asian (South)/men/id07768/00143_id00732_amGRpH0AJCs_faceswap_id08314_wavtolip.npz,8.77466869354248,1
FakeVideo-FakeAudio/Asian (South)/men/id07768/00143_id00857_yJ7bbvwL4kU_id07179_wavtolip.npz,6.199413299560547,1
FakeVideo-FakeAudio/Asian (South)/men/id07768/00143_id03344_vyNnOo6lU0o_id06753_wavtolip.npz,0.900546133518219,1
FakeVideo-FakeAudio/Asian (South)/men/id07768/00143_id04560_wavtolip.npz,8.550812721252441,1
FakeVideo-FakeAudio/Asian (South)/men/id07768/00143_id04562_wavtolip.npz,8.727645874023438,1
FakeVideo-FakeAudio/Asian (South)/men/id07768/00143_id06354_PmWLmcJNUhM_id04526_wavtolip.npz,8.552878379821777,1
FakeVideo-FakeAudio/Asian (South)/men/id07768/00143_id07058_wavtolip.npz,8.738256454467773,1
FakeVideo-FakeAudio/Asian (South)/men/id07768/00143_id07108_wavtolip.npz,7.7801947593688965,1
FakeVideo-FakeAudio/Asian (South)/men/id07768/00143_id07161_wavtolip.npz,8.64918327331543,1
FakeVideo-FakeAudio/Asian (South)/men/id07768/00143_id07163_aO7f_YmkQnc_id04537_wavtolip.npz,8.320734977722168,1
FakeVideo-FakeAudio/Asian (South)/men/id07768/00143_id08313_wavtolip.npz,7.921815395355225,1
FakeVideo-FakeAudio/Asian (South)/men/id00078/00114_id00103_qpTVaP4y5DQ_faceswap_id03945_wavtolip.npz,8.489689826965332,1
FakeVideo-FakeAudio/Asian (South)/men/id00078/00114_id00103_qpTVaP4y5DQ_faceswap_id04560_wavtolip.npz,8.138530731201172,1
FakeVideo-FakeAudio/Asian (South)/men/id00078/00114_id00103_qpTVaP4y5DQ_faceswap_id07194_wavtolip.npz,7.425023555755615,1
FakeVideo-FakeAudio/Asian (South)/men/id00078/00114_id00103_qpTVaP4y5DQ_faceswap_id07768_wavtolip.npz,4.709718704223633,1
FakeVideo-FakeAudio/Asian (South)/men/id00078/00114_id00103_qpTVaP4y5DQ_id00816_wavtolip.npz,8.445393562316895,1
FakeVideo-FakeAudio/Asian (South)/men/id00078/00114_id00350_75IFJNFAMIM_id00033_wavtolip.npz,8.107893943786621,1
FakeVideo-FakeAudio/Asian (South)/men/id00078/00114_id00685_wavtolip.npz,8.814093589782715,1
FakeVideo-FakeAudio/Asian (South)/men/id00078/00114_id00732_wavtolip.npz,8.497024536132812,1
FakeVideo-FakeAudio/Asian (South)/men/id00078/00114_id00857_wavtolip.npz,6.323291778564453,1
FakeVideo-FakeAudio/Asian (South)/men/id00078/00114_id00857_yJ7bbvwL4kU_id00816_wavtolip.npz,8.467377662658691,1
FakeVideo-FakeAudio/Asian (South)/men/id00078/00114_id03180_wavtolip.npz,8.52458667755127,1
FakeVideo-FakeAudio/Asian (South)/men/id00078/00114_id03344_vyNnOo6lU0o_id00773_wavtolip.npz,8.4497709274292,1
FakeVideo-FakeAudio/Asian (South)/men/id00078/00114_id03599_wavtolip.npz,7.395841121673584,1
FakeVideo-FakeAudio/Asian (South)/men/id00078/00114_id03599_y27BDmRUqMQ_id07161_wavtolip.npz,8.616994857788086,1
FakeVideo-FakeAudio/Asian (South)/men/id00078/00114_id04537_wavtolip.npz,8.368937492370605,1
FakeVideo-FakeAudio/Asian (South)/men/id00078/00114_id04560_wavtolip.npz,8.283548355102539,1
FakeVideo-FakeAudio/Asian (South)/men/id00078/00114_id06354_PmWLmcJNUhM_id06334_wavtolip.npz,8.34300708770752,1
FakeVideo-FakeAudio/Asian (South)/men/id00078/00114_id07058_JXJTxhrICl0_id07058_wavtolip.npz,8.459084510803223,1
FakeVideo-FakeAudio/Asian (South)/men/id00078/00114_id07058_wavtolip.npz,8.405726432800293,1
FakeVideo-FakeAudio/Asian (South)/men/id00078/00114_id07163_wavtolip.npz,8.354057312011719,1
FakeVideo-FakeAudio/Asian (South)/men/id00078/00114_id07210_0160kET2rUM_id04562_wavtolip.npz,8.356739044189453,1
FakeVideo-FakeAudio/Asian (South)/men/id00078/00114_id08313_wavtolip.npz,7.621600151062012,1
FakeVideo-FakeAudio/Asian (South)/men/id03599/00072_id00032_wavtolip.npz,4.128454685211182,1
FakeVideo-FakeAudio/Asian (South)/men/id03599/00072_id00033_wavtolip.npz,8.600578308105469,1
FakeVideo-FakeAudio/Asian (South)/men/id03599/00072_id00103_qpTVaP4y5DQ_id00032_wavtolip.npz,4.15624475479126,1
FakeVideo-FakeAudio/Asian (South)/men/id03599/00072_id00350_75IFJNFAMIM_id07195_wavtolip.npz,7.63287353515625,1
FakeVideo-FakeAudio/Asian (South)/men/id03599/00072_id00773_2j3lUETJ57I_id07233_wavtolip.npz,8.783246994018555,1
FakeVideo-FakeAudio/Asian (South)/men/id03599/00072_id00857_wavtolip.npz,6.525429725646973,1
FakeVideo-FakeAudio/Asian (South)/men/id03599/00072_id00857_yJ7bbvwL4kU_id00860_wavtolip.npz,8.024843215942383,1
FakeVideo-FakeAudio/Asian (South)/men/id03599/00072_id03344_wavtolip.npz,8.612421989440918,1
FakeVideo-FakeAudio/Asian (South)/men/id03599/00072_id04526_wavtolip.npz,8.546137809753418,1
FakeVideo-FakeAudio/Asian (South)/men/id03599/00072_id04554_wavtolip.npz,8.006245613098145,1
FakeVideo-FakeAudio/Asian (South)/men/id03599/00072_id04562_qio_Gs7wjvY_id04537_wavtolip.npz,8.404759407043457,1
FakeVideo-FakeAudio/Asian (South)/men/id03599/00072_id06334_wavtolip.npz,8.313850402832031,1
FakeVideo-FakeAudio/Asian (South)/men/id03599/00072_id06753_BRg5r4jHC3I_id07210_wavtolip.npz,7.980091571807861,1
FakeVideo-FakeAudio/Asian (South)/men/id03599/00072_id07108_wavtolip.npz,7.892253875732422,1
FakeVideo-FakeAudio/Asian (South)/men/id03599/00072_id07210_wavtolip.npz,8.146528244018555,1
FakeVideo-FakeAudio/Asian (South)/men/id03599/00072_id08313_t6WZ9KCaXBM_faceswap_id04601_wavtolip.npz,8.155108451843262,1
FakeVideo-FakeAudio/Asian (South)/men/id03599/00072_id08313_t6WZ9KCaXBM_faceswap_id07163_wavtolip.npz,7.859092712402344,1
FakeVideo-FakeAudio/Asian (South)/men/id03599/00072_id08313_t6WZ9KCaXBM_faceswap_id07165_wavtolip.npz,8.603801727294922,1
FakeVideo-FakeAudio/Asian (South)/men/id03599/00072_id08313_t6WZ9KCaXBM_faceswap_id07210_wavtolip.npz,8.01306438446045,1
FakeVideo-FakeAudio/Asian (South)/men/id03599/00072_id08313_t6WZ9KCaXBM_id06355_wavtolip.npz,8.085782051086426,1
FakeVideo-FakeAudio/Asian (South)/men/id03599/00072_id08457_vFyjAJwQulM_id07194_wavtolip.npz,7.394706726074219,1
FakeVideo-FakeAudio/Asian (South)/men/id00745/00165_id00032_wavtolip.npz,8.272747993469238,1
FakeVideo-FakeAudio/Asian (South)/men/id00745/00165_id00033_gduDuRWhnlQ_faceswap_id00032_wavtolip.npz,8.32678508758545,1
FakeVideo-FakeAudio/Asian (South)/men/id00745/00165_id00033_gduDuRWhnlQ_faceswap_id03599_wavtolip.npz,7.332961559295654,1
FakeVideo-FakeAudio/Asian (South)/men/id00745/00165_id00033_gduDuRWhnlQ_faceswap_id04554_wavtolip.npz,8.918492317199707,1
FakeVideo-FakeAudio/Asian (South)/men/id00745/00165_id00033_gduDuRWhnlQ_faceswap_id04562_wavtolip.npz,8.60069751739502,1
FakeVideo-FakeAudio/Asian (South)/men/id00745/00165_id00033_gduDuRWhnlQ_faceswap_id07182_wavtolip.npz,8.750483512878418,1
FakeVideo-FakeAudio/Asian (South)/men/id00745/00165_id00033_gduDuRWhnlQ_id04554_wavtolip.npz,8.707324028015137,1
FakeVideo-FakeAudio/Asian (South)/men/id00745/00165_id00082_wavtolip.npz,6.6516032218933105,1
FakeVideo-FakeAudio/Asian (South)/men/id00745/00165_id00103_wavtolip.npz,7.5994110107421875,1
FakeVideo-FakeAudio/Asian (South)/men/id00745/00165_id00857_yJ7bbvwL4kU_id07179_wavtolip.npz,-2.497468948364258,1
FakeVideo-FakeAudio/Asian (South)/men/id00745/00165_id03945_wavtolip.npz,8.38704776763916,1
FakeVideo-FakeAudio/Asian (South)/men/id00745/00165_id04537_wavtolip.npz,8.011099815368652,1
FakeVideo-FakeAudio/Asian (South)/men/id00745/00165_id04561_tU_UYY5hSvc_id04599_wavtolip.npz,7.569243431091309,1
FakeVideo-FakeAudio/Asian (South)/men/id00745/00165_id04599_wavtolip.npz,7.50407600402832,1
FakeVideo-FakeAudio/Asian (South)/men/id00745/00165_id04928_wavtolip.npz,7.796086311340332,1
FakeVideo-FakeAudio/Asian (South)/men/id00745/00165_id06354_PmWLmcJNUhM_id00033_wavtolip.npz,8.521016120910645,1
FakeVideo-FakeAudio/Asian (South)/men/id00745/00165_id07108_qwfQPcvjGRY_id00769_wavtolip.npz,8.2743501663208,1
FakeVideo-FakeAudio/Asian (South)/men/id00745/00165_id07161_OYWKr82Zu38_id04537_wavtolip.npz,8.315852165222168,1
FakeVideo-FakeAudio/Asian (South)/men/id00745/00165_id07165_wavtolip.npz,8.309274673461914,1
FakeVideo-FakeAudio/Asian (South)/men/id00745/00165_id07195_wXqfHGtaBn4_id00732_wavtolip.npz,8.120942115783691,1
FakeVideo-FakeAudio/Asian (South)/men/id00745/00165_id07210_wavtolip.npz,3.3535075187683105,1
FakeVideo-FakeAudio/Asian (South)/men/id00745/00165_id08314_wavtolip.npz,8.580002784729004,1
FakeVideo-FakeAudio/Asian (South)/men/id07161/00159_id00082_wavtolip.npz,7.021557331085205,1
FakeVideo-FakeAudio/Asian (South)/men/id07161/00159_id00103_wavtolip.npz,7.585789680480957,1
FakeVideo-FakeAudio/Asian (South)/men/id07161/00159_id00414_d3N2NrpGSp0_id04554_wavtolip.npz,8.44284725189209,1
FakeVideo-FakeAudio/Asian (South)/men/id07161/00159_id00459_wavtolip.npz,6.661746025085449,1
FakeVideo-FakeAudio/Asian (South)/men/id07161/00159_id00745_eODND1ul7vE_id03945_wavtolip.npz,8.466912269592285,1
FakeVideo-FakeAudio/Asian (South)/men/id07161/00159_id00816_wavtolip.npz,8.490532875061035,1
FakeVideo-FakeAudio/Asian (South)/men/id07161/00159_id03344_vyNnOo6lU0o_id00103_wavtolip.npz,7.6719489097595215,1
FakeVideo-FakeAudio/Asian (South)/men/id07161/00159_id04601_x4Apx8z6nOg_id04601_wavtolip.npz,8.619599342346191,1
FakeVideo-FakeAudio/Asian (South)/men/id07161/00159_id04928_wavtolip.npz,8.69538688659668,1
FakeVideo-FakeAudio/Asian (South)/men/id07161/00159_id06354_PmWLmcJNUhM_id00685_wavtolip.npz,8.771700859069824,1
FakeVideo-FakeAudio/Asian (South)/men/id07161/00159_id06355_wavtolip.npz,8.370549201965332,1
FakeVideo-FakeAudio/Asian (South)/men/id07161/00159_id07108_qwfQPcvjGRY_id07195_wavtolip.npz,4.842627048492432,1
FakeVideo-FakeAudio/Asian (South)/men/id07161/00159_id07165_wavtolip.npz,8.663297653198242,1
FakeVideo-FakeAudio/Asian (South)/men/id07161/00159_id07194_NDJaiff98Fo_id07161_wavtolip.npz,8.639019012451172,1
FakeVideo-FakeAudio/Asian (South)/men/id07161/00159_id07195_wXqfHGtaBn4_faceswap_id00103_wavtolip.npz,7.612641334533691,1
FakeVideo-FakeAudio/Asian (South)/men/id07161/00159_id07195_wXqfHGtaBn4_faceswap_id00732_wavtolip.npz,8.23944091796875,1
FakeVideo-FakeAudio/Asian (South)/men/id07161/00159_id07195_wXqfHGtaBn4_faceswap_id06355_wavtolip.npz,8.249055862426758,1
FakeVideo-FakeAudio/Asian (South)/men/id07161/00159_id07195_wXqfHGtaBn4_faceswap_id07179_wavtolip.npz,-1.678261399269104,1
FakeVideo-FakeAudio/Asian (South)/men/id07161/00159_id07195_wXqfHGtaBn4_faceswap_id07200_wavtolip.npz,8.028826713562012,1
FakeVideo-FakeAudio/Asian (South)/men/id07161/00159_id07195_wXqfHGtaBn4_id04526_wavtolip.npz,8.309809684753418,1
FakeVideo-FakeAudio/Asian (South)/men/id07161/00159_id07195_wavtolip.npz,4.871860027313232,1
FakeVideo-FakeAudio/Asian (South)/men/id07161/00159_id08314_wavtolip.npz,8.6432523727417,1
FakeVideo-FakeAudio/Asian (South)/men/id04561/00248_id00033_gduDuRWhnlQ_id00032_wavtolip.npz,8.03998851776123,1
FakeVideo-FakeAudio/Asian (South)/men/id04561/00248_id00078_wavtolip.npz,-0.6635118722915649,1
FakeVideo-FakeAudio/Asian (South)/men/id04561/00248_id00103_qpTVaP4y5DQ_id04928_wavtolip.npz,8.630080223083496,1
FakeVideo-FakeAudio/Asian (South)/men/id04561/00248_id00769_BqHVSZdoVpM_id00773_wavtolip.npz,8.21590518951416,1
FakeVideo-FakeAudio/Asian (South)/men/id04561/00248_id00773_2j3lUETJ57I_id08313_wavtolip.npz,8.069377899169922,1
FakeVideo-FakeAudio/Asian (South)/men/id04561/00248_id00857_yJ7bbvwL4kU_id07768_wavtolip.npz,4.659218788146973,1
FakeVideo-FakeAudio/Asian (South)/men/id04561/00248_id03344_vyNnOo6lU0o_id00816_wavtolip.npz,8.537049293518066,1
FakeVideo-FakeAudio/Asian (South)/men/id04561/00248_id03945_wavtolip.npz,8.201583862304688,1
FakeVideo-FakeAudio/Asian (South)/men/id04561/00248_id04562_wavtolip.npz,8.278352737426758,1
FakeVideo-FakeAudio/Asian (South)/men/id04561/00248_id04599_wavtolip.npz,7.565791606903076,1
FakeVideo-FakeAudio/Asian (South)/men/id04561/00248_id04601_wavtolip.npz,8.208542823791504,1
FakeVideo-FakeAudio/Asian (South)/men/id04561/00248_id06753_wavtolip.npz,1.8565784692764282,1
FakeVideo-FakeAudio/Asian (South)/men/id04561/00248_id07163_wavtolip.npz,8.009263038635254,1
FakeVideo-FakeAudio/Asian (South)/men/id04561/00248_id07233_wavtolip.npz,8.043684959411621,1
FakeVideo-FakeAudio/Asian (South)/men/id04561/00248_id07768_wavtolip.npz,4.720503807067871,1
FakeVideo-FakeAudio/Asian (South)/men/id07463/00028_id00032_wavtolip.npz,4.321745872497559,1
FakeVideo-FakeAudio/Asian (South)/men/id07463/00028_id00033_wavtolip.npz,8.193124771118164,1
FakeVideo-FakeAudio/Asian (South)/men/id07463/00028_id00414_wavtolip.npz,8.365551948547363,1
FakeVideo-FakeAudio/Asian (South)/men/id07463/00028_id00745_wavtolip.npz,8.662534713745117,1
FakeVideo-FakeAudio/Asian (South)/men/id07463/00028_id00769_wavtolip.npz,8.05346393585205,1
FakeVideo-FakeAudio/Asian (South)/men/id07463/00028_id00773_2j3lUETJ57I_id00033_wavtolip.npz,8.369996070861816,1
FakeVideo-FakeAudio/Asian (South)/men/id07463/00028_id03180_6wNTK7NkOd8_id04560_wavtolip.npz,8.194092750549316,1
FakeVideo-FakeAudio/Asian (South)/men/id07463/00028_id03599_y27BDmRUqMQ_id03599_wavtolip.npz,7.517109394073486,1
FakeVideo-FakeAudio/Asian (South)/men/id07463/00028_id04562_qio_Gs7wjvY_faceswap_id00773_wavtolip.npz,8.31977653503418,1
FakeVideo-FakeAudio/Asian (South)/men/id07463/00028_id04562_qio_Gs7wjvY_faceswap_id00860_wavtolip.npz,7.994173526763916,1
FakeVideo-FakeAudio/Asian (South)/men/id07463/00028_id04562_qio_Gs7wjvY_faceswap_id07058_wavtolip.npz,8.417374610900879,1
FakeVideo-FakeAudio/Asian (South)/men/id07463/00028_id04562_qio_Gs7wjvY_faceswap_id07233_wavtolip.npz,8.496685028076172,1
FakeVideo-FakeAudio/Asian (South)/men/id07463/00028_id04562_qio_Gs7wjvY_faceswap_id08313_wavtolip.npz,7.652313232421875,1
FakeVideo-FakeAudio/Asian (South)/men/id07463/00028_id04562_qio_Gs7wjvY_id04554_wavtolip.npz,8.585454940795898,1
FakeVideo-FakeAudio/Asian (South)/men/id07463/00028_id04599_wavtolip.npz,8.12430191040039,1
FakeVideo-FakeAudio/Asian (South)/men/id07463/00028_id06753_wavtolip.npz,2.8097126483917236,1
FakeVideo-FakeAudio/Asian (South)/men/id07463/00028_id07182_717IRon_OIQ_id07179_wavtolip.npz,6.332949638366699,1
FakeVideo-FakeAudio/Asian (South)/men/id07463/00028_id07182_wavtolip.npz,8.47791576385498,1
FakeVideo-FakeAudio/Asian (South)/men/id07463/00028_id07194_NDJaiff98Fo_id00732_wavtolip.npz,5.946460723876953,1
FakeVideo-FakeAudio/Asian (South)/men/id07463/00028_id07768_wavtolip.npz,8.49580192565918,1
FakeVideo-FakeAudio/Asian (South)/men/id07182/00040_id00032_AQMDc6SKNXs_id04526_wavtolip.npz,8.635542869567871,1
FakeVideo-FakeAudio/Asian (South)/men/id07182/00040_id00103_qpTVaP4y5DQ_id00773_wavtolip.npz,8.305574417114258,1
FakeVideo-FakeAudio/Asian (South)/men/id07182/00040_id00732_amGRpH0AJCs_id00032_wavtolip.npz,8.191638946533203,1
FakeVideo-FakeAudio/Asian (South)/men/id07182/00040_id00769_wavtolip.npz,7.957392692565918,1
FakeVideo-FakeAudio/Asian (South)/men/id07182/00040_id03180_wavtolip.npz,8.434596061706543,1
FakeVideo-FakeAudio/Asian (South)/men/id07182/00040_id03344_wavtolip.npz,1.2971078157424927,1
FakeVideo-FakeAudio/Asian (South)/men/id07182/00040_id04537_wavtolip.npz,7.974747180938721,1
FakeVideo-FakeAudio/Asian (South)/men/id07182/00040_id04562_qio_Gs7wjvY_faceswap_id00078_wavtolip.npz,2.1800975799560547,1
FakeVideo-FakeAudio/Asian (South)/men/id07182/00040_id04562_qio_Gs7wjvY_faceswap_id00860_wavtolip.npz,8.086666107177734,1
FakeVideo-FakeAudio/Asian (South)/men/id07182/00040_id04562_qio_Gs7wjvY_faceswap_id03945_wavtolip.npz,8.214707374572754,1
FakeVideo-FakeAudio/Asian (South)/men/id07182/00040_id04562_qio_Gs7wjvY_faceswap_id07463_wavtolip.npz,7.5389227867126465,1
FakeVideo-FakeAudio/Asian (South)/men/id07182/00040_id04562_qio_Gs7wjvY_faceswap_id08457_wavtolip.npz,6.516716957092285,1
FakeVideo-FakeAudio/Asian (South)/men/id07182/00040_id04562_qio_Gs7wjvY_id00773_wavtolip.npz,8.191819190979004,1
FakeVideo-FakeAudio/Asian (South)/men/id07182/00040_id04599_wavtolip.npz,7.2375359535217285,1
FakeVideo-FakeAudio/Asian (South)/men/id07182/00040_id06753_wavtolip.npz,2.385699510574341,1
FakeVideo-FakeAudio/Asian (South)/men/id07182/00040_id07058_wavtolip.npz,8.460338592529297,1
FakeVideo-FakeAudio/Asian (South)/men/id07182/00040_id07163_wavtolip.npz,7.709514617919922,1
FakeVideo-FakeAudio/Asian (South)/men/id07182/00040_id07194_NDJaiff98Fo_id07161_wavtolip.npz,8.411662101745605,1
FakeVideo-FakeAudio/Asian (South)/men/id07182/00040_id07463_AAYjDglMf2Q_id07768_wavtolip.npz,4.759233474731445,1
FakeVideo-FakeAudio/Asian (South)/men/id07182/00040_id08314_wavtolip.npz,8.205018997192383,1
FakeVideo-FakeAudio/Asian (South)/men/id07182/00040_id08457_vFyjAJwQulM_id07210_wavtolip.npz,3.4819958209991455,1
FakeVideo-FakeAudio/Asian (South)/men/id00459/00382_id00032_wavtolip.npz,4.164134979248047,1
FakeVideo-FakeAudio/Asian (South)/men/id00459/00382_id00414_wavtolip.npz,8.15439224243164,1
FakeVideo-FakeAudio/Asian (South)/men/id00459/00382_id00769_BqHVSZdoVpM_faceswap_id03344_wavtolip.npz,8.410429954528809,1
FakeVideo-FakeAudio/Asian (South)/men/id00459/00382_id00769_BqHVSZdoVpM_faceswap_id04554_wavtolip.npz,8.799363136291504,1
FakeVideo-FakeAudio/Asian (South)/men/id00459/00382_id00769_BqHVSZdoVpM_faceswap_id04560_wavtolip.npz,8.433575630187988,1
FakeVideo-FakeAudio/Asian (South)/men/id00459/00382_id00769_BqHVSZdoVpM_faceswap_id07195_wavtolip.npz,7.546647071838379,1
FakeVideo-FakeAudio/Asian (South)/men/id00459/00382_id00769_BqHVSZdoVpM_faceswap_id08457_wavtolip.npz,7.676265239715576,1
FakeVideo-FakeAudio/Asian (South)/men/id00459/00382_id00769_BqHVSZdoVpM_id00082_wavtolip.npz,8.290894508361816,1
FakeVideo-FakeAudio/Asian (South)/men/id00459/00382_id00816_wavtolip.npz,8.459470748901367,1
FakeVideo-FakeAudio/Asian (South)/men/id00459/00382_id00857_wavtolip.npz,6.198385238647461,1
FakeVideo-FakeAudio/Asian (South)/men/id00459/00382_id03344_vyNnOo6lU0o_id07161_wavtolip.npz,8.51707649230957,1
FakeVideo-FakeAudio/Asian (South)/men/id00459/00382_id04562_wavtolip.npz,8.909163475036621,1
FakeVideo-FakeAudio/Asian (South)/men/id00459/00382_id06354_PmWLmcJNUhM_id03945_wavtolip.npz,8.420653343200684,1
FakeVideo-FakeAudio/Asian (South)/men/id00459/00382_id06355_wavtolip.npz,7.909162998199463,1
FakeVideo-FakeAudio/Asian (South)/men/id00459/00382_id07108_qwfQPcvjGRY_id00082_wavtolip.npz,8.286096572875977,1
FakeVideo-FakeAudio/Asian (South)/men/id00459/00382_id07161_wavtolip.npz,8.434350967407227,1
FakeVideo-FakeAudio/Asian (South)/men/id00459/00382_id07165_oJ_iy16IBTM_id00459_wavtolip.npz,7.039714336395264,1
FakeVideo-FakeAudio/Asian (South)/men/id00459/00382_id07194_NDJaiff98Fo_id04560_wavtolip.npz,8.65161418914795,1
FakeVideo-FakeAudio/Asian (South)/men/id00459/00382_id07195_wavtolip.npz,7.455115795135498,1
FakeVideo-FakeAudio/Asian (South)/men/id00459/00382_id07200_quCElxMhW6g_id00685_wavtolip.npz,7.742048263549805,1
FakeVideo-FakeAudio/Asian (South)/men/id00459/00382_id07210_wavtolip.npz,7.9138898849487305,1
FakeVideo-FakeAudio/Asian (South)/men/id04928/00027_id00032_AQMDc6SKNXs_id00816_wavtolip.npz,8.071828842163086,1
FakeVideo-FakeAudio/Asian (South)/men/id04928/00027_id00033_gduDuRWhnlQ_id00857_wavtolip.npz,6.381046295166016,1
FakeVideo-FakeAudio/Asian (South)/men/id04928/00027_id00350_75IFJNFAMIM_id07768_wavtolip.npz,8.518986701965332,1
FakeVideo-FakeAudio/Asian (South)/men/id04928/00027_id00414_wavtolip.npz,8.520418167114258,1
FakeVideo-FakeAudio/Asian (South)/men/id04928/00027_id00685_wavtolip.npz,8.708135604858398,1
FakeVideo-FakeAudio/Asian (South)/men/id04928/00027_id00732_amGRpH0AJCs_id04601_wavtolip.npz,8.429991722106934,1
FakeVideo-FakeAudio/Asian (South)/men/id04928/00027_id00769_wavtolip.npz,8.119768142700195,1
FakeVideo-FakeAudio/Asian (South)/men/id04928/00027_id00816_wavtolip.npz,8.498056411743164,1
FakeVideo-FakeAudio/Asian (South)/men/id04928/00027_id03344_vyNnOo6lU0o_id04928_wavtolip.npz,8.62732982635498,1
FakeVideo-FakeAudio/Asian (South)/men/id04928/00027_id03945_wavtolip.npz,8.679956436157227,1
FakeVideo-FakeAudio/Asian (South)/men/id04928/00027_id04537_wavtolip.npz,8.258990287780762,1
FakeVideo-FakeAudio/Asian (South)/men/id04928/00027_id04560_RlpdjaEmxXQ_faceswap_id04560_wavtolip.npz,8.492447853088379,1
FakeVideo-FakeAudio/Asian (South)/men/id04928/00027_id04560_RlpdjaEmxXQ_faceswap_id04599_wavtolip.npz,7.865442276000977,1
FakeVideo-FakeAudio/Asian (South)/men/id04928/00027_id04560_RlpdjaEmxXQ_faceswap_id04928_wavtolip.npz,8.722079277038574,1
FakeVideo-FakeAudio/Asian (South)/men/id04928/00027_id04560_RlpdjaEmxXQ_faceswap_id08313_wavtolip.npz,7.573734283447266,1
FakeVideo-FakeAudio/Asian (South)/men/id04928/00027_id04560_RlpdjaEmxXQ_id07194_wavtolip.npz,7.159591197967529,1
FakeVideo-FakeAudio/Asian (South)/men/id04928/00027_id04560_wavtolip.npz,8.551859855651855,1
FakeVideo-FakeAudio/Asian (South)/men/id04928/00027_id06355_wavtolip.npz,8.151084899902344,1
FakeVideo-FakeAudio/Asian (South)/men/id04928/00027_id07210_wavtolip.npz,8.10792064666748,1
FakeVideo-FakeAudio/Asian (South)/men/id04928/00027_id07768_wavtolip.npz,8.6292085647583,1
FakeVideo-FakeAudio/Asian (South)/men/id04928/00027_id08457_vFyjAJwQulM_id07182_wavtolip.npz,8.68274974822998,1
FakeVideo-FakeAudio/Asian (South)/men/id00032/00028_0_id00860_wavtolip.npz,8.113361358642578,1
FakeVideo-FakeAudio/Asian (South)/men/id00032/00028_0_id04601_wavtolip.npz,8.153909683227539,1
FakeVideo-FakeAudio/Asian (South)/men/id00032/00028_0_id06355_wavtolip.npz,8.223893165588379,1
FakeVideo-FakeAudio/Asian (South)/men/id00032/00028_0_id07108_wavtolip.npz,7.692001819610596,1
FakeVideo-FakeAudio/Asian (South)/men/id00032/00028_0_id07463_wavtolip.npz,7.980203151702881,1
FakeVideo-FakeAudio/Asian (South)/men/id00032/00028_1_id04601_wavtolip.npz,8.21992301940918,1
FakeVideo-FakeAudio/Asian (South)/men/id00032/00028_1_id06354_wavtolip.npz,8.534843444824219,1
FakeVideo-FakeAudio/Asian (South)/men/id00032/00028_1_id07108_wavtolip.npz,8.1500825881958,1
FakeVideo-FakeAudio/Asian (South)/men/id00032/00028_1_id07463_wavtolip.npz,7.089155673980713,1
FakeVideo-FakeAudio/Asian (South)/men/id00032/00028_2_id03599_wavtolip.npz,6.430308818817139,1
FakeVideo-FakeAudio/Asian (South)/men/id00032/00028_2_id04537_wavtolip.npz,8.557416915893555,1
FakeVideo-FakeAudio/Asian (South)/men/id00032/00028_2_id04554_wavtolip.npz,8.736605644226074,1
FakeVideo-FakeAudio/Asian (South)/men/id00032/00028_2_id07179_wavtolip.npz,6.378386497497559,1
FakeVideo-FakeAudio/Asian (South)/men/id00032/00028_3_id00769_wavtolip.npz,7.940282344818115,1
FakeVideo-FakeAudio/Asian (South)/men/id00032/00028_3_id00860_wavtolip.npz,7.912853240966797,1
FakeVideo-FakeAudio/Asian (South)/men/id00032/00028_3_id03180_wavtolip.npz,8.431207656860352,1
FakeVideo-FakeAudio/Asian (South)/men/id00032/00028_3_id03344_wavtolip.npz,8.40009880065918,1
FakeVideo-FakeAudio/Asian (South)/men/id00032/00028_3_id07768_wavtolip.npz,8.303488731384277,1
FakeVideo-FakeAudio/Asian (South)/men/id00032/00028_id00033_gduDuRWhnlQ_id00082_wavtolip.npz,6.679238319396973,1
FakeVideo-FakeAudio/Asian (South)/men/id00032/00028_id00033_wavtolip.npz,8.885632514953613,1
FakeVideo-FakeAudio/Asian (South)/men/id00032/00028_id00745_eODND1ul7vE_id07179_wavtolip.npz,6.532752513885498,1
FakeVideo-FakeAudio/Asian (South)/men/id00032/00028_id00769_BqHVSZdoVpM_id00732_wavtolip.npz,5.847240447998047,1
FakeVideo-FakeAudio/Asian (South)/men/id00032/00028_id00816_wavtolip.npz,8.635175704956055,1
FakeVideo-FakeAudio/Asian (South)/men/id00032/00028_id00860_wavtolip.npz,8.79116153717041,1
FakeVideo-FakeAudio/Asian (South)/men/id00032/00028_id03344_vyNnOo6lU0o_id00459_wavtolip.npz,7.322134971618652,1
FakeVideo-FakeAudio/Asian (South)/men/id00032/00028_id04560_RlpdjaEmxXQ_id00032_wavtolip.npz,8.570693016052246,1
FakeVideo-FakeAudio/Asian (South)/men/id00032/00028_id04562_wavtolip.npz,8.876028060913086,1
FakeVideo-FakeAudio/Asian (South)/men/id00032/00028_id04599_Q60DPi5Nhmk_id03945_wavtolip.npz,8.744539260864258,1
FakeVideo-FakeAudio/Asian (South)/men/id00032/00028_id04928_wavtolip.npz,8.840394973754883,1
FakeVideo-FakeAudio/Asian (South)/men/id00032/00028_id06354_PmWLmcJNUhM_id07058_wavtolip.npz,8.5748872756958,1
FakeVideo-FakeAudio/Asian (South)/men/id00032/00028_id07058_wavtolip.npz,8.711069107055664,1
FakeVideo-FakeAudio/Asian (South)/men/id00032/00028_id07194_NDJaiff98Fo_id00745_wavtolip.npz,8.756386756896973,1
FakeVideo-FakeAudio/Asian (South)/men/id00032/00028_id07194_wavtolip.npz,8.017049789428711,1
FakeVideo-FakeAudio/Asian (South)/men/id00032/00028_id07200_wavtolip.npz,8.891416549682617,1
FakeVideo-FakeAudio/Asian (South)/men/id00032/00028_id07768_wavtolip.npz,8.663708686828613,1
FakeVideo-FakeAudio/Asian (South)/women/id04070/00072_id01026_wavtolip.npz,7.580639839172363,1
FakeVideo-FakeAudio/Asian (South)/women/id04070/00072_id02310_wavtolip.npz,8.653951644897461,1
FakeVideo-FakeAudio/Asian (South)/women/id04070/00072_id02310_zA-8Pw0SvZg_id04583_wavtolip.npz,6.066917896270752,1
FakeVideo-FakeAudio/Asian (South)/women/id04070/00072_id03559_wavtolip.npz,8.044605255126953,1
FakeVideo-FakeAudio/Asian (South)/women/id04070/00072_id03897_wavtolip.npz,8.742506980895996,1
FakeVideo-FakeAudio/Asian (South)/women/id04070/00072_id04070_wavtolip.npz,7.972703456878662,1
FakeVideo-FakeAudio/Asian (South)/women/id04070/00072_id04927_wavtolip.npz,8.471107482910156,1
FakeVideo-FakeAudio/Asian (South)/women/id04070/00072_id05920_LuLTJu54joo_id03985_wavtolip.npz,8.112691879272461,1
FakeVideo-FakeAudio/Asian (South)/women/id04070/00072_id05931_wavtolip.npz,8.096548080444336,1
FakeVideo-FakeAudio/Asian (South)/women/id04070/00072_id06254_8VSfI86Fua4_id03897_wavtolip.npz,8.697028160095215,1
FakeVideo-FakeAudio/Asian (South)/women/id04070/00072_id06343__Tf30YR4M3w_id00739_wavtolip.npz,8.191289901733398,1
FakeVideo-FakeAudio/Asian (South)/women/id04070/00072_id06428_A9nvRKd1afA_id06254_wavtolip.npz,7.731010437011719,1
FakeVideo-FakeAudio/Asian (South)/women/id04070/00072_id06752_PYYIloTJiH0_id07049_wavtolip.npz,8.07551383972168,1
FakeVideo-FakeAudio/Asian (South)/women/id04070/00072_id07008_wavtolip.npz,8.654765129089355,1
FakeVideo-FakeAudio/Asian (South)/women/id04070/00072_id07051_wavtolip.npz,-3.7412946224212646,1
FakeVideo-FakeAudio/Asian (South)/women/id04070/00072_id07078_sLVbTD3Dtgw_faceswap_id00488_wavtolip.npz,4.634311676025391,1
FakeVideo-FakeAudio/Asian (South)/women/id04070/00072_id07078_sLVbTD3Dtgw_faceswap_id03815_wavtolip.npz,8.139261245727539,1
FakeVideo-FakeAudio/Asian (South)/women/id04070/00072_id07078_sLVbTD3Dtgw_faceswap_id06428_wavtolip.npz,8.065322875976562,1
FakeVideo-FakeAudio/Asian (South)/women/id04070/00072_id07078_sLVbTD3Dtgw_faceswap_id07377_wavtolip.npz,8.318976402282715,1
FakeVideo-FakeAudio/Asian (South)/women/id04070/00072_id07078_sLVbTD3Dtgw_id06343_wavtolip.npz,7.912448406219482,1
FakeVideo-FakeAudio/Asian (South)/women/id04070/00072_id07236_wavtolip.npz,8.465852737426758,1
FakeVideo-FakeAudio/Asian (South)/women/id03985/00005_id00080_wavtolip.npz,6.541855335235596,1
FakeVideo-FakeAudio/Asian (South)/women/id03985/00005_id00149_s2evR-nUhVY_id06438_wavtolip.npz,8.031866073608398,1
FakeVideo-FakeAudio/Asian (South)/women/id03985/00005_id01026_rM4ZERt7oM0_id04490_wavtolip.npz,8.450950622558594,1
FakeVideo-FakeAudio/Asian (South)/women/id03985/00005_id02619_wavtolip.npz,8.42785930633545,1
FakeVideo-FakeAudio/Asian (South)/women/id03985/00005_id04070_wavtolip.npz,7.457709312438965,1
FakeVideo-FakeAudio/Asian (South)/women/id03985/00005_id04490_wavtolip.npz,8.448019027709961,1
FakeVideo-FakeAudio/Asian (South)/women/id03985/00005_id04529_S92uo-UShxE_id03815_wavtolip.npz,6.437689304351807,1
FakeVideo-FakeAudio/Asian (South)/women/id03985/00005_id04530_W5-PTTL9HzU_id06438_wavtolip.npz,8.050345420837402,1
FakeVideo-FakeAudio/Asian (South)/women/id03985/00005_id04564_wavtolip.npz,2.0045711994171143,1
FakeVideo-FakeAudio/Asian (South)/women/id03985/00005_id04583_wavtolip.npz,6.647016525268555,1
FakeVideo-FakeAudio/Asian (South)/women/id03985/00005_id04927_wavtolip.npz,8.419827461242676,1
FakeVideo-FakeAudio/Asian (South)/women/id03985/00005_id05845_wavtolip.npz,7.984755516052246,1
FakeVideo-FakeAudio/Asian (South)/women/id03985/00005_id06428_A9nvRKd1afA_id04582_wavtolip.npz,-3.5659940242767334,1
FakeVideo-FakeAudio/Asian (South)/women/id03985/00005_id06438_wavtolip.npz,7.962117671966553,1
FakeVideo-FakeAudio/Asian (South)/women/id03985/00005_id07051_d1c0Pl2aP_4_id05845_wavtolip.npz,8.248214721679688,1
FakeVideo-FakeAudio/Asian (South)/women/id03985/00005_id07051_wavtolip.npz,0.1025034561753273,1
FakeVideo-FakeAudio/Asian (South)/women/id03985/00005_id07377_FGNavKcGANA_id00235_wavtolip.npz,8.057705879211426,1
FakeVideo-FakeAudio/Asian (South)/women/id03985/00005_id07686_lwSGz24c1Bs_faceswap_id00149_wavtolip.npz,4.66156530380249,1
FakeVideo-FakeAudio/Asian (South)/women/id03985/00005_id07686_lwSGz24c1Bs_faceswap_id01026_wavtolip.npz,7.895573139190674,1
FakeVideo-FakeAudio/Asian (South)/women/id03985/00005_id07686_lwSGz24c1Bs_faceswap_id07049_wavtolip.npz,8.206625938415527,1
FakeVideo-FakeAudio/Asian (South)/women/id03985/00005_id07686_lwSGz24c1Bs_faceswap_id07689_wavtolip.npz,8.502518653869629,1
FakeVideo-FakeAudio/Asian (South)/women/id03985/00005_id07686_lwSGz24c1Bs_id04070_wavtolip.npz,7.613728046417236,1
FakeVideo-FakeAudio/Asian (South)/women/id00747/00053_id00235_F7aHtfdzytQ_id04070_wavtolip.npz,7.6502685546875,1
FakeVideo-FakeAudio/Asian (South)/women/id00747/00053_id00488_wavtolip.npz,7.164124011993408,1
FakeVideo-FakeAudio/Asian (South)/women/id00747/00053_id00739_wavtolip.npz,8.213233947753906,1
FakeVideo-FakeAudio/Asian (South)/women/id00747/00053_id02089_wavtolip.npz,7.688546180725098,1
FakeVideo-FakeAudio/Asian (South)/women/id00747/00053_id02310_zA-8Pw0SvZg_faceswap_id02619_wavtolip.npz,8.098214149475098,1
FakeVideo-FakeAudio/Asian (South)/women/id00747/00053_id02310_zA-8Pw0SvZg_faceswap_id06268_wavtolip.npz,8.236303329467773,1
FakeVideo-FakeAudio/Asian (South)/women/id00747/00053_id02310_zA-8Pw0SvZg_faceswap_id06437_wavtolip.npz,7.759987831115723,1
FakeVideo-FakeAudio/Asian (South)/women/id00747/00053_id02310_zA-8Pw0SvZg_faceswap_id06752_wavtolip.npz,7.856310844421387,1
FakeVideo-FakeAudio/Asian (South)/women/id00747/00053_id02310_zA-8Pw0SvZg_id06343_wavtolip.npz,8.131972312927246,1
FakeVideo-FakeAudio/Asian (South)/women/id00747/00053_id02619_6AKIR2gTCNU_id03559_wavtolip.npz,8.122249603271484,1
FakeVideo-FakeAudio/Asian (South)/women/id00747/00053_id04564_xUz03LwKRtQ_id07051_wavtolip.npz,8.420519828796387,1
FakeVideo-FakeAudio/Asian (South)/women/id00747/00053_id04582_Pm9dX-TxNx0_id04490_wavtolip.npz,8.274829864501953,1
FakeVideo-FakeAudio/Asian (South)/women/id00747/00053_id04582_wavtolip.npz,-5.551600456237793,1
FakeVideo-FakeAudio/Asian (South)/women/id00747/00053_id04583_wavtolip.npz,6.246652126312256,1
FakeVideo-FakeAudio/Asian (South)/women/id00747/00053_id04927_8MD618FRyfA_id04582_wavtolip.npz,4.262639045715332,1
FakeVideo-FakeAudio/Asian (South)/women/id00747/00053_id05845_wavtolip.npz,8.037287712097168,1
FakeVideo-FakeAudio/Asian (South)/women/id00747/00053_id06268_h9p-Na_iA1s_id07051_wavtolip.npz,8.56088924407959,1
FakeVideo-FakeAudio/Asian (South)/women/id00747/00053_id06343_wavtolip.npz,8.072491645812988,1
FakeVideo-FakeAudio/Asian (South)/women/id00747/00053_id06752_wavtolip.npz,7.867281913757324,1
FakeVideo-FakeAudio/Asian (South)/women/id00747/00053_id07049_wavtolip.npz,7.095961570739746,1
FakeVideo-FakeAudio/Asian (South)/women/id00747/00053_id07236_Fe0sdHw3sc4_id06343_wavtolip.npz,8.248773574829102,1
FakeVideo-FakeAudio/Asian (South)/women/id00747/00053_id07686_wavtolip.npz,7.386660099029541,1
FakeVideo-FakeAudio/Asian (South)/women/id07689/00028_1_id00235_wavtolip.npz,7.770094871520996,1
FakeVideo-FakeAudio/Asian (South)/women/id07689/00028_1_id03897_wavtolip.npz,8.554655075073242,1
FakeVideo-FakeAudio/Asian (South)/women/id07689/00028_1_id04582_wavtolip.npz,8.775788307189941,1
FakeVideo-FakeAudio/Asian (South)/women/id07689/00028_1_id05435_wavtolip.npz,8.58355712890625,1
FakeVideo-FakeAudio/Asian (South)/women/id07689/00028_1_id07136_wavtolip.npz,8.363136291503906,1
FakeVideo-FakeAudio/Asian (South)/women/id07689/00028_2_id00043_wavtolip.npz,-4.462508678436279,1
FakeVideo-FakeAudio/Asian (South)/women/id07689/00028_2_id03559_wavtolip.npz,8.074578285217285,1
FakeVideo-FakeAudio/Asian (South)/women/id07689/00028_2_id05435_wavtolip.npz,8.511869430541992,1
FakeVideo-FakeAudio/Asian (South)/women/id07689/00028_2_id06439_wavtolip.npz,-3.4869065284729004,1
FakeVideo-FakeAudio/Asian (South)/women/id07689/00028_2_id07686_wavtolip.npz,7.9817938804626465,1
FakeVideo-FakeAudio/Asian (South)/women/id07689/00028_3_id00235_wavtolip.npz,8.330777168273926,1
FakeVideo-FakeAudio/Asian (South)/women/id07689/00028_3_id04564_wavtolip.npz,8.391953468322754,1
FakeVideo-FakeAudio/Asian (South)/women/id07689/00028_3_id06438_wavtolip.npz,8.311046600341797,1
FakeVideo-FakeAudio/Asian (South)/women/id07689/00028_3_id07686_wavtolip.npz,8.342873573303223,1
FakeVideo-FakeAudio/Asian (South)/women/id07689/00028_3_id07689_wavtolip.npz,-6.159665584564209,1
FakeVideo-FakeAudio/Asian (South)/women/id07689/00028_id00747_wavtolip.npz,7.577972412109375,1
FakeVideo-FakeAudio/Asian (South)/women/id07689/00028_id02310_wavtolip.npz,8.82155704498291,1
FakeVideo-FakeAudio/Asian (South)/women/id07689/00028_id03985_01aVtyjfVFM_faceswap_id04529_wavtolip.npz,8.887717247009277,1
FakeVideo-FakeAudio/Asian (South)/women/id07689/00028_id03985_01aVtyjfVFM_faceswap_id06254_wavtolip.npz,8.189840316772461,1
FakeVideo-FakeAudio/Asian (South)/women/id07689/00028_id03985_01aVtyjfVFM_faceswap_id06343_wavtolip.npz,8.016845703125,1
FakeVideo-FakeAudio/Asian (South)/women/id07689/00028_id03985_01aVtyjfVFM_faceswap_id06437_wavtolip.npz,8.103049278259277,1
FakeVideo-FakeAudio/Asian (South)/women/id07689/00028_id03985_01aVtyjfVFM_faceswap_id07236_wavtolip.npz,8.03662109375,1
FakeVideo-FakeAudio/Asian (South)/women/id07689/00028_id03985_01aVtyjfVFM_id06438_wavtolip.npz,8.405485153198242,1
FakeVideo-FakeAudio/Asian (South)/women/id07689/00028_id04070_wavtolip.npz,7.591207981109619,1
FakeVideo-FakeAudio/Asian (South)/women/id07689/00028_id04530_wavtolip.npz,6.082574844360352,1
FakeVideo-FakeAudio/Asian (South)/women/id07689/00028_id05434_6p7kCmdOjDQ_id06428_wavtolip.npz,8.573946952819824,1
FakeVideo-FakeAudio/Asian (South)/women/id07689/00028_id05435_OvX-Jv_whcU_id05435_wavtolip.npz,8.597383499145508,1
FakeVideo-FakeAudio/Asian (South)/women/id07689/00028_id05845_XfMHm6CEwPw_id06232_wavtolip.npz,8.378549575805664,1
FakeVideo-FakeAudio/Asian (South)/women/id07689/00028_id05920_LuLTJu54joo_id07051_wavtolip.npz,-0.18033896386623383,1
FakeVideo-FakeAudio/Asian (South)/women/id07689/00028_id06254_wavtolip.npz,8.089696884155273,1
FakeVideo-FakeAudio/Asian (South)/women/id07689/00028_id06343_wavtolip.npz,7.898960590362549,1
FakeVideo-FakeAudio/Asian (South)/women/id07689/00028_id06438_vf3xBVgYqYA_id06232_wavtolip.npz,8.322208404541016,1
FakeVideo-FakeAudio/Asian (South)/women/id07689/00028_id07008_wavtolip.npz,8.668795585632324,1
FakeVideo-FakeAudio/Asian (South)/women/id07689/00028_id07136_4e43eS5p3_M_id04582_wavtolip.npz,3.5140366554260254,1
FakeVideo-FakeAudio/Asian (South)/women/id07689/00028_id07377_wavtolip.npz,8.517355918884277,1
FakeVideo-FakeAudio/Asian (South)/women/id07689/00028_id07686_wavtolip.npz,8.169325828552246,1
FakeVideo-FakeAudio/Asian (South)/women/id05920/00161_id00461_wavtolip.npz,8.633854866027832,1
FakeVideo-FakeAudio/Asian (South)/women/id05920/00161_id00488_wavtolip.npz,4.719433784484863,1
FakeVideo-FakeAudio/Asian (South)/women/id05920/00161_id02089_wavtolip.npz,7.607170104980469,1
FakeVideo-FakeAudio/Asian (South)/women/id05920/00161_id03559_wavtolip.npz,8.002973556518555,1
FakeVideo-FakeAudio/Asian (South)/women/id05920/00161_id04927_8MD618FRyfA_id04070_wavtolip.npz,7.54648494720459,1
FakeVideo-FakeAudio/Asian (South)/women/id05920/00161_id05478_wavtolip.npz,7.736530780792236,1
FakeVideo-FakeAudio/Asian (South)/women/id05920/00161_id05845_XfMHm6CEwPw_faceswap_id00043_wavtolip.npz,5.510112762451172,1
FakeVideo-FakeAudio/Asian (South)/women/id05920/00161_id05845_XfMHm6CEwPw_faceswap_id00747_wavtolip.npz,7.153966426849365,1
FakeVideo-FakeAudio/Asian (South)/women/id05920/00161_id05845_XfMHm6CEwPw_faceswap_id05845_wavtolip.npz,8.736552238464355,1
FakeVideo-FakeAudio/Asian (South)/women/id05920/00161_id05845_XfMHm6CEwPw_faceswap_id06439_wavtolip.npz,7.639738082885742,1
FakeVideo-FakeAudio/Asian (South)/women/id05920/00161_id05845_XfMHm6CEwPw_faceswap_id06752_wavtolip.npz,6.269812107086182,1
FakeVideo-FakeAudio/Asian (South)/women/id05920/00161_id05845_XfMHm6CEwPw_id04070_wavtolip.npz,7.301015853881836,1
FakeVideo-FakeAudio/Asian (South)/women/id05920/00161_id05931_bFqu86NV3hk_id07051_wavtolip.npz,-2.2488772869110107,1
FakeVideo-FakeAudio/Asian (South)/women/id05920/00161_id06428_A9nvRKd1afA_id00739_wavtolip.npz,8.287273406982422,1
FakeVideo-FakeAudio/Asian (South)/women/id05920/00161_id06437_wavtolip.npz,8.300086975097656,1
FakeVideo-FakeAudio/Asian (South)/women/id05920/00161_id06438_wavtolip.npz,8.30004596710205,1
FakeVideo-FakeAudio/Asian (South)/women/id05920/00161_id07008_wavtolip.npz,8.343404769897461,1
FakeVideo-FakeAudio/Asian (South)/women/id05920/00161_id07049_BiljgZcyWI4_id07689_wavtolip.npz,8.798890113830566,1
FakeVideo-FakeAudio/Asian (South)/women/id05920/00161_id07049_wavtolip.npz,8.100234985351562,1
FakeVideo-FakeAudio/Asian (South)/women/id05920/00161_id07078_sLVbTD3Dtgw_id06232_wavtolip.npz,8.03689956665039,1
FakeVideo-FakeAudio/Asian (South)/women/id05920/00161_id07377_FGNavKcGANA_id06343_wavtolip.npz,7.7569780349731445,1
FakeVideo-FakeAudio/Asian (South)/women/id05920/00161_id07689_2ie0g83JkgA_id00747_wavtolip.npz,6.783874988555908,1
FakeVideo-FakeAudio/Asian (South)/women/id06254/00043_id00417_GhIZam3v09g_id06437_wavtolip.npz,7.991077899932861,1
FakeVideo-FakeAudio/Asian (South)/women/id06254/00043_id00488_wavtolip.npz,4.741806507110596,1
FakeVideo-FakeAudio/Asian (South)/women/id06254/00043_id00747_wavtolip.npz,6.777166843414307,1
FakeVideo-FakeAudio/Asian (South)/women/id06254/00043_id02310_wavtolip.npz,6.012533187866211,1
FakeVideo-FakeAudio/Asian (South)/women/id06254/00043_id03559_wavtolip.npz,7.994664669036865,1
FakeVideo-FakeAudio/Asian (South)/women/id06254/00043_id04529_wavtolip.npz,8.764226913452148,1
FakeVideo-FakeAudio/Asian (South)/women/id06254/00043_id04530_wavtolip.npz,7.81832218170166,1
FakeVideo-FakeAudio/Asian (South)/women/id06254/00043_id04564_xUz03LwKRtQ_id00739_wavtolip.npz,8.103336334228516,1
FakeVideo-FakeAudio/Asian (South)/women/id06254/00043_id04582_Pm9dX-TxNx0_id05920_wavtolip.npz,7.894806385040283,1
FakeVideo-FakeAudio/Asian (South)/women/id06254/00043_id04927_wavtolip.npz,8.450047492980957,1
FakeVideo-FakeAudio/Asian (South)/women/id06254/00043_id05845_XfMHm6CEwPw_id06232_wavtolip.npz,7.953291416168213,1
FakeVideo-FakeAudio/Asian (South)/women/id06254/00043_id05931_bFqu86NV3hk_faceswap_id00043_wavtolip.npz,5.321957588195801,1
FakeVideo-FakeAudio/Asian (South)/women/id06254/00043_id05931_bFqu86NV3hk_faceswap_id04530_wavtolip.npz,7.556041240692139,1
FakeVideo-FakeAudio/Asian (South)/women/id06254/00043_id05931_bFqu86NV3hk_faceswap_id05435_wavtolip.npz,8.250195503234863,1
FakeVideo-FakeAudio/Asian (South)/women/id06254/00043_id05931_bFqu86NV3hk_faceswap_id05920_wavtolip.npz,8.011518478393555,1
FakeVideo-FakeAudio/Asian (South)/women/id06254/00043_id05931_bFqu86NV3hk_faceswap_id06428_wavtolip.npz,8.507616996765137,1
FakeVideo-FakeAudio/Asian (South)/women/id06254/00043_id05931_bFqu86NV3hk_id00417_wavtolip.npz,6.13059139251709,1
FakeVideo-FakeAudio/Asian (South)/women/id06254/00043_id06343_wavtolip.npz,7.940304756164551,1
FakeVideo-FakeAudio/Asian (South)/women/id06254/00043_id06428_wavtolip.npz,8.636474609375,1
FakeVideo-FakeAudio/Asian (South)/women/id06254/00043_id06439_wavtolip.npz,7.587858200073242,1
FakeVideo-FakeAudio/Asian (South)/women/id06254/00043_id07136_4e43eS5p3_M_id06254_wavtolip.npz,8.24773120880127,1
FakeVideo-FakeAudio/Asian (South)/women/id06254/00043_id07236_Fe0sdHw3sc4_id00235_wavtolip.npz,7.993102550506592,1
FakeVideo-FakeAudio/Asian (South)/women/id00417/00069_id00235_F7aHtfdzytQ_id06752_wavtolip.npz,6.355471611022949,1
FakeVideo-FakeAudio/Asian (South)/women/id00417/00069_id00461_wavtolip.npz,8.315150260925293,1
FakeVideo-FakeAudio/Asian (South)/women/id00417/00069_id00488_wavtolip.npz,5.742307662963867,1
FakeVideo-FakeAudio/Asian (South)/women/id00417/00069_id00739_CT-6UmfLiU0_faceswap_id04490_wavtolip.npz,8.02054500579834,1
FakeVideo-FakeAudio/Asian (South)/women/id00417/00069_id00739_CT-6UmfLiU0_faceswap_id04564_wavtolip.npz,-1.0387420654296875,1
FakeVideo-FakeAudio/Asian (South)/women/id00417/00069_id00739_CT-6UmfLiU0_faceswap_id05435_wavtolip.npz,8.123913764953613,1
FakeVideo-FakeAudio/Asian (South)/women/id00417/00069_id00739_CT-6UmfLiU0_id06439_wavtolip.npz,7.604719638824463,1
FakeVideo-FakeAudio/Asian (South)/women/id00417/00069_id00747_wavtolip.npz,7.585496425628662,1
FakeVideo-FakeAudio/Asian (South)/women/id00417/00069_id01026_wavtolip.npz,7.702029228210449,1
FakeVideo-FakeAudio/Asian (South)/women/id00417/00069_id03559_pgetxl1qbzM_id04529_wavtolip.npz,8.721137046813965,1
FakeVideo-FakeAudio/Asian (South)/women/id00417/00069_id04529_wavtolip.npz,8.550999641418457,1
FakeVideo-FakeAudio/Asian (South)/women/id00417/00069_id04530_W5-PTTL9HzU_id07049_wavtolip.npz,7.996963024139404,1
FakeVideo-FakeAudio/Asian (South)/women/id00417/00069_id04582_wavtolip.npz,-5.489211082458496,1
FakeVideo-FakeAudio/Asian (South)/women/id00417/00069_id04583_M10zZFjuAb0_id06343_wavtolip.npz,8.282410621643066,1
FakeVideo-FakeAudio/Asian (South)/women/id00417/00069_id05434_6p7kCmdOjDQ_id07008_wavtolip.npz,8.11899185180664,1
FakeVideo-FakeAudio/Asian (South)/women/id00417/00069_id05478_VJkjRzPt-Jw_id02619_wavtolip.npz,8.198918342590332,1
FakeVideo-FakeAudio/Asian (South)/women/id00417/00069_id05845_XfMHm6CEwPw_id01026_wavtolip.npz,7.7419586181640625,1
FakeVideo-FakeAudio/Asian (South)/women/id00417/00069_id06254_wavtolip.npz,8.1779203414917,1
FakeVideo-FakeAudio/Asian (South)/women/id00417/00069_id06438_wavtolip.npz,7.895232677459717,1
FakeVideo-FakeAudio/Asian (South)/women/id00417/00069_id07051_wavtolip.npz,-2.4685676097869873,1
FakeVideo-FakeAudio/Asian (South)/women/id05478/00135_id00080_wavtolip.npz,8.512541770935059,1
FakeVideo-FakeAudio/Asian (South)/women/id05478/00135_id00149_wavtolip.npz,4.434252738952637,1
FakeVideo-FakeAudio/Asian (South)/women/id05478/00135_id00488_F3YxmZ9CYFw_id03559_wavtolip.npz,8.16684341430664,1
FakeVideo-FakeAudio/Asian (South)/women/id05478/00135_id02089_wavtolip.npz,8.19365406036377,1
FakeVideo-FakeAudio/Asian (South)/women/id05478/00135_id03559_pgetxl1qbzM_id06268_wavtolip.npz,8.206303596496582,1
FakeVideo-FakeAudio/Asian (South)/women/id05478/00135_id03559_wavtolip.npz,8.310033798217773,1
FakeVideo-FakeAudio/Asian (South)/women/id05478/00135_id04070_wavtolip.npz,7.8665995597839355,1
FakeVideo-FakeAudio/Asian (South)/women/id05478/00135_id04583_M10zZFjuAb0_id06752_wavtolip.npz,7.812988758087158,1
FakeVideo-FakeAudio/Asian (South)/women/id05478/00135_id04927_8MD618FRyfA_id07236_wavtolip.npz,8.220146179199219,1
FakeVideo-FakeAudio/Asian (South)/women/id05478/00135_id05435_OvX-Jv_whcU_id03897_wavtolip.npz,8.668011665344238,1
FakeVideo-FakeAudio/Asian (South)/women/id05478/00135_id05845_XfMHm6CEwPw_faceswap_id02310_wavtolip.npz,8.66679859161377,1
FakeVideo-FakeAudio/Asian (South)/women/id05478/00135_id05845_XfMHm6CEwPw_faceswap_id05845_wavtolip.npz,7.521205902099609,1
FakeVideo-FakeAudio/Asian (South)/women/id05478/00135_id05845_XfMHm6CEwPw_faceswap_id06752_wavtolip.npz,7.94886589050293,1
FakeVideo-FakeAudio/Asian (South)/women/id05478/00135_id05845_XfMHm6CEwPw_faceswap_id07051_wavtolip.npz,-1.069089651107788,1
FakeVideo-FakeAudio/Asian (South)/women/id05478/00135_id05845_XfMHm6CEwPw_faceswap_id07686_wavtolip.npz,7.8646979331970215,1
FakeVideo-FakeAudio/Asian (South)/women/id05478/00135_id05845_XfMHm6CEwPw_id04529_wavtolip.npz,8.61763858795166,1
FakeVideo-FakeAudio/Asian (South)/women/id05478/00135_id06268_wavtolip.npz,8.004258155822754,1
FakeVideo-FakeAudio/Asian (South)/women/id05478/00135_id06437_wavtolip.npz,8.06113052368164,1
FakeVideo-FakeAudio/Asian (South)/women/id05478/00135_id06438_vf3xBVgYqYA_id04564_wavtolip.npz,2.6775293350219727,1
FakeVideo-FakeAudio/Asian (South)/women/id05478/00135_id07377_wavtolip.npz,8.345429420471191,1
FakeVideo-FakeAudio/Asian (South)/women/id06445/00150_id00043_DxY87QyzDN8_id03897_wavtolip.npz,8.744161605834961,1
FakeVideo-FakeAudio/Asian (South)/women/id06445/00150_id00080_wavtolip.npz,8.348932266235352,1
FakeVideo-FakeAudio/Asian (South)/women/id06445/00150_id00235_wavtolip.npz,8.116069793701172,1
FakeVideo-FakeAudio/Asian (South)/women/id06445/00150_id00417_wavtolip.npz,5.872453689575195,1
FakeVideo-FakeAudio/Asian (South)/women/id06445/00150_id00461_Ort9NW3SJU4_id07236_wavtolip.npz,8.202709197998047,1
FakeVideo-FakeAudio/Asian (South)/women/id06445/00150_id00461_wavtolip.npz,8.446725845336914,1
FakeVideo-FakeAudio/Asian (South)/women/id06445/00150_id03897_wavtolip.npz,8.565756797790527,1
FakeVideo-FakeAudio/Asian (South)/women/id06445/00150_id04530_wavtolip.npz,5.970033168792725,1
FakeVideo-FakeAudio/Asian (South)/women/id06445/00150_id04582_Pm9dX-TxNx0_faceswap_id00417_wavtolip.npz,5.909737586975098,1
FakeVideo-FakeAudio/Asian (South)/women/id06445/00150_id04582_Pm9dX-TxNx0_faceswap_id00488_wavtolip.npz,5.378677845001221,1
FakeVideo-FakeAudio/Asian (South)/women/id06445/00150_id04582_Pm9dX-TxNx0_faceswap_id06438_wavtolip.npz,8.084209442138672,1
FakeVideo-FakeAudio/Asian (South)/women/id06445/00150_id04582_Pm9dX-TxNx0_faceswap_id07051_wavtolip.npz,7.894951343536377,1
FakeVideo-FakeAudio/Asian (South)/women/id06445/00150_id04582_Pm9dX-TxNx0_faceswap_id07377_wavtolip.npz,8.464327812194824,1
FakeVideo-FakeAudio/Asian (South)/women/id06445/00150_id04582_Pm9dX-TxNx0_id00080_wavtolip.npz,8.30478572845459,1
FakeVideo-FakeAudio/Asian (South)/women/id06445/00150_id05434_6p7kCmdOjDQ_id01026_wavtolip.npz,7.725983619689941,1
FakeVideo-FakeAudio/Asian (South)/women/id06445/00150_id05435_wavtolip.npz,8.402986526489258,1
FakeVideo-FakeAudio/Asian (South)/women/id06445/00150_id06343__Tf30YR4M3w_id07686_wavtolip.npz,7.652519702911377,1
FakeVideo-FakeAudio/Asian (South)/women/id06445/00150_id06343_wavtolip.npz,8.097108840942383,1
FakeVideo-FakeAudio/Asian (South)/women/id06445/00150_id07008_wavtolip.npz,7.714526176452637,1
FakeVideo-FakeAudio/Asian (South)/women/id06445/00150_id07078_sLVbTD3Dtgw_id07051_wavtolip.npz,8.15463638305664,1
FakeVideo-FakeAudio/Asian (South)/women/id06445/00150_id07136_4e43eS5p3_M_id07686_wavtolip.npz,7.5393524169921875,1
FakeVideo-FakeAudio/Asian (South)/women/id06445/00150_id07377_FGNavKcGANA_id01026_wavtolip.npz,7.817049980163574,1
FakeVideo-FakeAudio/Asian (South)/women/id04582/00180_id00043_DxY87QyzDN8_id06439_wavtolip.npz,7.962098598480225,1
FakeVideo-FakeAudio/Asian (South)/women/id04582/00180_id00235_F7aHtfdzytQ_id06439_wavtolip.npz,8.023900032043457,1
FakeVideo-FakeAudio/Asian (South)/women/id04582/00180_id00417_GhIZam3v09g_id06439_wavtolip.npz,8.040987014770508,1
FakeVideo-FakeAudio/Asian (South)/women/id04582/00180_id00417_wavtolip.npz,5.813429355621338,1
FakeVideo-FakeAudio/Asian (South)/women/id04582/00180_id00739_wavtolip.npz,8.140172958374023,1
FakeVideo-FakeAudio/Asian (South)/women/id04582/00180_id01026_wavtolip.npz,7.6272687911987305,1
FakeVideo-FakeAudio/Asian (South)/women/id04582/00180_id02089_ZC5FjKDazrM_id06428_wavtolip.npz,8.306357383728027,1
FakeVideo-FakeAudio/Asian (South)/women/id04582/00180_id03559_wavtolip.npz,8.019947052001953,1
FakeVideo-FakeAudio/Asian (South)/women/id04582/00180_id04583_wavtolip.npz,6.039422988891602,1
FakeVideo-FakeAudio/Asian (South)/women/id04582/00180_id05931_wavtolip.npz,8.030540466308594,1
FakeVideo-FakeAudio/Asian (South)/women/id04582/00180_id06254_8VSfI86Fua4_id04564_wavtolip.npz,8.076398849487305,1
FakeVideo-FakeAudio/Asian (South)/women/id04582/00180_id06268_wavtolip.npz,8.268616676330566,1
FakeVideo-FakeAudio/Asian (South)/women/id04582/00180_id06428_wavtolip.npz,8.27420425415039,1
FakeVideo-FakeAudio/Asian (South)/women/id04582/00180_id06445_NWtdqOxEbDY_faceswap_id00461_wavtolip.npz,8.57976245880127,1
FakeVideo-FakeAudio/Asian (South)/women/id04582/00180_id06445_NWtdqOxEbDY_faceswap_id02310_wavtolip.npz,8.324573516845703,1
FakeVideo-FakeAudio/Asian (South)/women/id04582/00180_id06445_NWtdqOxEbDY_faceswap_id02619_wavtolip.npz,8.306066513061523,1
FakeVideo-FakeAudio/Asian (South)/women/id04582/00180_id06445_NWtdqOxEbDY_faceswap_id05478_wavtolip.npz,7.352961540222168,1
FakeVideo-FakeAudio/Asian (South)/women/id04582/00180_id06445_NWtdqOxEbDY_faceswap_id07689_wavtolip.npz,-5.541159629821777,1
FakeVideo-FakeAudio/Asian (South)/women/id04582/00180_id06445_NWtdqOxEbDY_id04530_wavtolip.npz,5.916711807250977,1
FakeVideo-FakeAudio/Asian (South)/women/id04582/00180_id07136_4e43eS5p3_M_id03815_wavtolip.npz,7.944652557373047,1
FakeVideo-FakeAudio/Asian (South)/women/id04582/00180_id07236_Fe0sdHw3sc4_id00235_wavtolip.npz,7.901700496673584,1
FakeVideo-FakeAudio/Asian (South)/women/id04582/00180_id07689_wavtolip.npz,-5.55167293548584,1
FakeVideo-FakeAudio/Asian (South)/women/id02089/00092_id00739_wavtolip.npz,8.502452850341797,1
FakeVideo-FakeAudio/Asian (South)/women/id02089/00092_id01026_wavtolip.npz,8.041512489318848,1
FakeVideo-FakeAudio/Asian (South)/women/id02089/00092_id02310_wavtolip.npz,8.883645057678223,1
FakeVideo-FakeAudio/Asian (South)/women/id02089/00092_id03559_pgetxl1qbzM_id00747_wavtolip.npz,6.11776065826416,1
FakeVideo-FakeAudio/Asian (South)/women/id02089/00092_id03897_wavtolip.npz,8.94105052947998,1
FakeVideo-FakeAudio/Asian (South)/women/id02089/00092_id04529_S92uo-UShxE_faceswap_id00235_wavtolip.npz,8.111042976379395,1
FakeVideo-FakeAudio/Asian (South)/women/id02089/00092_id04529_S92uo-UShxE_faceswap_id00417_wavtolip.npz,6.002028465270996,1
FakeVideo-FakeAudio/Asian (South)/women/id02089/00092_id04529_S92uo-UShxE_faceswap_id00739_wavtolip.npz,8.645895004272461,1
FakeVideo-FakeAudio/Asian (South)/women/id02089/00092_id04529_S92uo-UShxE_faceswap_id04529_wavtolip.npz,8.648311614990234,1
FakeVideo-FakeAudio/Asian (South)/women/id02089/00092_id04529_S92uo-UShxE_faceswap_id07049_wavtolip.npz,7.634189128875732,1
FakeVideo-FakeAudio/Asian (South)/women/id02089/00092_id04529_S92uo-UShxE_id07686_wavtolip.npz,7.782290935516357,1
FakeVideo-FakeAudio/Asian (South)/women/id02089/00092_id04529_wavtolip.npz,8.563446998596191,1
FakeVideo-FakeAudio/Asian (South)/women/id02089/00092_id04564_xUz03LwKRtQ_id00461_wavtolip.npz,8.543325424194336,1
FakeVideo-FakeAudio/Asian (South)/women/id02089/00092_id04582_Pm9dX-TxNx0_id00080_wavtolip.npz,8.356353759765625,1
FakeVideo-FakeAudio/Asian (South)/women/id02089/00092_id04927_8MD618FRyfA_id04529_wavtolip.npz,8.48274040222168,1
FakeVideo-FakeAudio/Asian (South)/women/id02089/00092_id04927_wavtolip.npz,8.759745597839355,1
FakeVideo-FakeAudio/Asian (South)/women/id02089/00092_id05434_6p7kCmdOjDQ_id01026_wavtolip.npz,8.167693138122559,1
FakeVideo-FakeAudio/Asian (South)/women/id02089/00092_id06254_8VSfI86Fua4_id03985_wavtolip.npz,8.404827117919922,1
FakeVideo-FakeAudio/Asian (South)/women/id02089/00092_id06428_wavtolip.npz,8.731913566589355,1
FakeVideo-FakeAudio/Asian (South)/women/id02089/00092_id06445_NWtdqOxEbDY_id07236_wavtolip.npz,8.511960983276367,1
FakeVideo-FakeAudio/Asian (South)/women/id02089/00092_id07051_wavtolip.npz,8.126266479492188,1
FakeVideo-FakeAudio/Asian (South)/women/id02089/00092_id07686_wavtolip.npz,8.169451713562012,1
FakeVideo-FakeAudio/Asian (South)/women/id00149/00284_id00461_Ort9NW3SJU4_id04927_wavtolip.npz,8.380476951599121,1
FakeVideo-FakeAudio/Asian (South)/women/id00149/00284_id00747_wavtolip.npz,6.199378490447998,1
FakeVideo-FakeAudio/Asian (South)/women/id00149/00284_id01026_wavtolip.npz,7.817026615142822,1
FakeVideo-FakeAudio/Asian (South)/women/id00149/00284_id02310_zA-8Pw0SvZg_id07686_wavtolip.npz,7.683135986328125,1
FakeVideo-FakeAudio/Asian (South)/women/id00149/00284_id03559_pgetxl1qbzM_id06752_wavtolip.npz,8.21288013458252,1
FakeVideo-FakeAudio/Asian (South)/women/id00149/00284_id04490_wavtolip.npz,8.312272071838379,1
FakeVideo-FakeAudio/Asian (South)/women/id00149/00284_id04530_W5-PTTL9HzU_id04582_wavtolip.npz,4.139949321746826,1
FakeVideo-FakeAudio/Asian (South)/women/id00149/00284_id04583_M10zZFjuAb0_id06343_wavtolip.npz,7.913377285003662,1
FakeVideo-FakeAudio/Asian (South)/women/id00149/00284_id04583_wavtolip.npz,6.155045986175537,1
FakeVideo-FakeAudio/Asian (South)/women/id00149/00284_id05435_wavtolip.npz,8.238110542297363,1
FakeVideo-FakeAudio/Asian (South)/women/id00149/00284_id05478_wavtolip.npz,7.8746466636657715,1
FakeVideo-FakeAudio/Asian (South)/women/id00149/00284_id06232_wavtolip.npz,7.900168418884277,1
FakeVideo-FakeAudio/Asian (South)/women/id00149/00284_id06254_wavtolip.npz,8.122176170349121,1
FakeVideo-FakeAudio/Asian (South)/women/id00149/00284_id06439_wavtolip.npz,8.172962188720703,1
FakeVideo-FakeAudio/Asian (South)/women/id00149/00284_id07051_wavtolip.npz,8.62368392944336,1
FakeVideo-FakeAudio/Asian (South)/women/id00149/00284_id07136_4e43eS5p3_M_faceswap_id02310_wavtolip.npz,8.773154258728027,1
FakeVideo-FakeAudio/Asian (South)/women/id00149/00284_id07136_4e43eS5p3_M_faceswap_id05920_wavtolip.npz,8.570305824279785,1
FakeVideo-FakeAudio/Asian (South)/women/id00149/00284_id07136_4e43eS5p3_M_faceswap_id06428_wavtolip.npz,8.557082176208496,1
FakeVideo-FakeAudio/Asian (South)/women/id00149/00284_id07136_4e43eS5p3_M_id00747_wavtolip.npz,6.262943267822266,1
FakeVideo-FakeAudio/Asian (South)/women/id00149/00284_id07377_FGNavKcGANA_id00417_wavtolip.npz,5.8973307609558105,1
FakeVideo-FakeAudio/Asian (South)/women/id00149/00284_id07689_2ie0g83JkgA_id04530_wavtolip.npz,6.4557952880859375,1
FakeVideo-FakeAudio/Asian (South)/women/id06439/00118_id00417_GhIZam3v09g_faceswap_id00235_wavtolip.npz,7.630771160125732,1
FakeVideo-FakeAudio/Asian (South)/women/id06439/00118_id00417_GhIZam3v09g_faceswap_id03815_wavtolip.npz,8.563591003417969,1
FakeVideo-FakeAudio/Asian (South)/women/id06439/00118_id00417_GhIZam3v09g_faceswap_id04564_wavtolip.npz,8.327469825744629,1
FakeVideo-FakeAudio/Asian (South)/women/id06439/00118_id00417_GhIZam3v09g_faceswap_id05931_wavtolip.npz,8.394248008728027,1
FakeVideo-FakeAudio/Asian (South)/women/id06439/00118_id00417_GhIZam3v09g_faceswap_id07049_wavtolip.npz,7.7540788650512695,1
FakeVideo-FakeAudio/Asian (South)/women/id06439/00118_id00417_GhIZam3v09g_id00488_wavtolip.npz,7.1916961669921875,1
FakeVideo-FakeAudio/Asian (South)/women/id06439/00118_id01026_wavtolip.npz,7.860241413116455,1
FakeVideo-FakeAudio/Asian (South)/women/id06439/00118_id03897_wavtolip.npz,8.860636711120605,1
FakeVideo-FakeAudio/Asian (South)/women/id06439/00118_id04070_wavtolip.npz,7.56368350982666,1
FakeVideo-FakeAudio/Asian (South)/women/id06439/00118_id04529_wavtolip.npz,8.721240043640137,1
FakeVideo-FakeAudio/Asian (South)/women/id06439/00118_id04583_wavtolip.npz,6.000849723815918,1
FakeVideo-FakeAudio/Asian (South)/women/id06439/00118_id04927_wavtolip.npz,8.46415901184082,1
FakeVideo-FakeAudio/Asian (South)/women/id06439/00118_id05478_VJkjRzPt-Jw_id00461_wavtolip.npz,8.548392295837402,1
FakeVideo-FakeAudio/Asian (South)/women/id06439/00118_id05478_wavtolip.npz,8.090178489685059,1
FakeVideo-FakeAudio/Asian (South)/women/id06439/00118_id06254_wavtolip.npz,8.006521224975586,1
FakeVideo-FakeAudio/Asian (South)/women/id06439/00118_id06428_A9nvRKd1afA_id05845_wavtolip.npz,7.934086322784424,1
FakeVideo-FakeAudio/Asian (South)/women/id06439/00118_id06438_wavtolip.npz,7.775890350341797,1
FakeVideo-FakeAudio/Asian (South)/women/id06439/00118_id06445_NWtdqOxEbDY_id00417_wavtolip.npz,5.948408126831055,1
FakeVideo-FakeAudio/Asian (South)/women/id06439/00118_id07049_wavtolip.npz,7.459836483001709,1
FakeVideo-FakeAudio/Asian (South)/women/id06439/00118_id07136_4e43eS5p3_M_id04070_wavtolip.npz,7.354309558868408,1
FakeVideo-FakeAudio/Asian (South)/women/id06439/00118_id07377_FGNavKcGANA_id03985_wavtolip.npz,8.827986717224121,1
FakeVideo-FakeAudio/Asian (South)/women/id06439/00118_id07689_2ie0g83JkgA_id00739_wavtolip.npz,8.239303588867188,1
FakeVideo-FakeAudio/Asian (South)/women/id05931/00013_id00488_wavtolip.npz,5.841188907623291,1
FakeVideo-FakeAudio/Asian (South)/women/id05931/00013_id00747_wavtolip.npz,7.695984363555908,1
FakeVideo-FakeAudio/Asian (South)/women/id05931/00013_id01026_rM4ZERt7oM0_faceswap_id04070_wavtolip.npz,7.489480018615723,1
FakeVideo-FakeAudio/Asian (South)/women/id05931/00013_id01026_rM4ZERt7oM0_faceswap_id05931_wavtolip.npz,7.8615007400512695,1
FakeVideo-FakeAudio/Asian (South)/women/id05931/00013_id01026_rM4ZERt7oM0_faceswap_id06232_wavtolip.npz,8.430489540100098,1
FakeVideo-FakeAudio/Asian (South)/women/id05931/00013_id01026_rM4ZERt7oM0_faceswap_id07008_wavtolip.npz,8.500094413757324,1
FakeVideo-FakeAudio/Asian (South)/women/id05931/00013_id01026_rM4ZERt7oM0_id07049_wavtolip.npz,8.015617370605469,1
FakeVideo-FakeAudio/Asian (South)/women/id05931/00013_id02089_wavtolip.npz,7.527390480041504,1
FakeVideo-FakeAudio/Asian (South)/women/id05931/00013_id02619_wavtolip.npz,8.307454109191895,1
FakeVideo-FakeAudio/Asian (South)/women/id05931/00013_id03559_pgetxl1qbzM_id03559_wavtolip.npz,8.336504936218262,1
FakeVideo-FakeAudio/Asian (South)/women/id05931/00013_id03815_wavtolip.npz,8.091712951660156,1
FakeVideo-FakeAudio/Asian (South)/women/id05931/00013_id03985_wavtolip.npz,8.413472175598145,1
FakeVideo-FakeAudio/Asian (South)/women/id05931/00013_id04927_8MD618FRyfA_id05434_wavtolip.npz,8.047137260437012,1
FakeVideo-FakeAudio/Asian (South)/women/id05931/00013_id05435_OvX-Jv_whcU_id05435_wavtolip.npz,8.63941478729248,1
FakeVideo-FakeAudio/Asian (South)/women/id05931/00013_id05478_wavtolip.npz,7.463077068328857,1
FakeVideo-FakeAudio/Asian (South)/women/id05931/00013_id05845_XfMHm6CEwPw_id00488_wavtolip.npz,5.814746856689453,1
FakeVideo-FakeAudio/Asian (South)/women/id05931/00013_id06438_wavtolip.npz,8.353955268859863,1
FakeVideo-FakeAudio/Asian (South)/women/id05931/00013_id07049_BiljgZcyWI4_id06752_wavtolip.npz,6.603438377380371,1
FakeVideo-FakeAudio/Asian (South)/women/id05931/00013_id07049_wavtolip.npz,8.079657554626465,1
FakeVideo-FakeAudio/Asian (South)/women/id05931/00013_id07136_4e43eS5p3_M_id06232_wavtolip.npz,8.406269073486328,1
FakeVideo-FakeAudio/Asian (South)/women/id05931/00013_id07236_wavtolip.npz,8.691533088684082,1
FakeVideo-FakeAudio/Asian (South)/women/id07051/00083_id00461_Ort9NW3SJU4_id07689_wavtolip.npz,-4.777514934539795,1
FakeVideo-FakeAudio/Asian (South)/women/id07051/00083_id00461_wavtolip.npz,8.693156242370605,1
FakeVideo-FakeAudio/Asian (South)/women/id07051/00083_id02089_wavtolip.npz,8.336751937866211,1
FakeVideo-FakeAudio/Asian (South)/women/id07051/00083_id03559_pgetxl1qbzM_id05931_wavtolip.npz,7.913607120513916,1
FakeVideo-FakeAudio/Asian (South)/women/id07051/00083_id03815_wavtolip.npz,8.399370193481445,1
FakeVideo-FakeAudio/Asian (South)/women/id07051/00083_id04529_wavtolip.npz,8.552712440490723,1
FakeVideo-FakeAudio/Asian (South)/women/id07051/00083_id04530_W5-PTTL9HzU_id04582_wavtolip.npz,-3.738830089569092,1
FakeVideo-FakeAudio/Asian (South)/women/id07051/00083_id04530_wavtolip.npz,5.982128143310547,1
FakeVideo-FakeAudio/Asian (South)/women/id07051/00083_id04564_xUz03LwKRtQ_id00043_wavtolip.npz,7.7241411209106445,1
FakeVideo-FakeAudio/Asian (South)/women/id07051/00083_id04583_M10zZFjuAb0_id00080_wavtolip.npz,8.269634246826172,1
FakeVideo-FakeAudio/Asian (South)/women/id07051/00083_id05435_OvX-Jv_whcU_id00488_wavtolip.npz,5.493895053863525,1
FakeVideo-FakeAudio/Asian (South)/women/id07051/00083_id06254_wavtolip.npz,8.25299072265625,1
FakeVideo-FakeAudio/Asian (South)/women/id07051/00083_id06428_A9nvRKd1afA_faceswap_id00488_wavtolip.npz,5.335638999938965,1
FakeVideo-FakeAudio/Asian (South)/women/id07051/00083_id06428_A9nvRKd1afA_faceswap_id03559_wavtolip.npz,8.80798053741455,1
FakeVideo-FakeAudio/Asian (South)/women/id07051/00083_id06428_A9nvRKd1afA_faceswap_id04070_wavtolip.npz,7.632295608520508,1
FakeVideo-FakeAudio/Asian (South)/women/id07051/00083_id06428_A9nvRKd1afA_faceswap_id05434_wavtolip.npz,8.019280433654785,1
FakeVideo-FakeAudio/Asian (South)/women/id07051/00083_id06428_A9nvRKd1afA_faceswap_id06428_wavtolip.npz,8.606525421142578,1
FakeVideo-FakeAudio/Asian (South)/women/id07051/00083_id06428_A9nvRKd1afA_id00417_wavtolip.npz,5.895021915435791,1
FakeVideo-FakeAudio/Asian (South)/women/id07051/00083_id06428_wavtolip.npz,8.619784355163574,1
FakeVideo-FakeAudio/Asian (South)/women/id07051/00083_id07008_wavtolip.npz,7.735740661621094,1
FakeVideo-FakeAudio/Asian (South)/women/id07051/00083_id07136_4e43eS5p3_M_id00488_wavtolip.npz,5.387650966644287,1
FakeVideo-FakeAudio/Asian (South)/women/id07051/00083_id07236_wavtolip.npz,8.245301246643066,1
FakeVideo-FakeAudio/African/men/id01835/00130_id00173_UHoMXLSjlDo_id01610_wavtolip.npz,8.059309959411621,1
FakeVideo-FakeAudio/African/men/id01835/00130_id00173_wavtolip.npz,8.099371910095215,1
FakeVideo-FakeAudio/African/men/id01835/00130_id00366_RSOgEoek8WM_id01691_wavtolip.npz,8.507401466369629,1
FakeVideo-FakeAudio/African/men/id01835/00130_id00701_lW6uzLIOwd0_id00391_wavtolip.npz,1.8905307054519653,1
FakeVideo-FakeAudio/African/men/id01835/00130_id00761_QtTNFhCCgzw_faceswap_id00391_wavtolip.npz,3.267707109451294,1
FakeVideo-FakeAudio/African/men/id01835/00130_id00761_QtTNFhCCgzw_faceswap_id00518_wavtolip.npz,5.280564308166504,1
FakeVideo-FakeAudio/African/men/id01835/00130_id00761_QtTNFhCCgzw_faceswap_id01170_wavtolip.npz,8.162901878356934,1
FakeVideo-FakeAudio/African/men/id01835/00130_id00761_QtTNFhCCgzw_faceswap_id02051_wavtolip.npz,7.329705238342285,1
FakeVideo-FakeAudio/African/men/id01835/00130_id00761_QtTNFhCCgzw_faceswap_id02494_wavtolip.npz,7.784050941467285,1
FakeVideo-FakeAudio/African/men/id01835/00130_id00761_QtTNFhCCgzw_id02296_wavtolip.npz,4.863422870635986,1
FakeVideo-FakeAudio/African/men/id01835/00130_id00761_wavtolip.npz,8.138952255249023,1
FakeVideo-FakeAudio/African/men/id01835/00130_id00781_wavtolip.npz,7.663458347320557,1
FakeVideo-FakeAudio/African/men/id01835/00130_id00830_rfl3Teg9uew_id01392_wavtolip.npz,8.573226928710938,1
FakeVideo-FakeAudio/African/men/id01835/00130_id00944_DiW5D62667U_id01392_wavtolip.npz,8.292280197143555,1
FakeVideo-FakeAudio/African/men/id01835/00130_id01036_AohKaMtIHxA_id02342_wavtolip.npz,8.490964889526367,1
FakeVideo-FakeAudio/African/men/id01835/00130_id01036_wavtolip.npz,8.308361053466797,1
FakeVideo-FakeAudio/African/men/id01835/00130_id01076_wavtolip.npz,8.228718757629395,1
FakeVideo-FakeAudio/African/men/id01835/00130_id01236_wavtolip.npz,8.173630714416504,1
FakeVideo-FakeAudio/African/men/id01835/00130_id01528_wavtolip.npz,7.3721160888671875,1
FakeVideo-FakeAudio/African/men/id01835/00130_id02268_irA9myDvW-I_id01179_wavtolip.npz,7.832930088043213,1
FakeVideo-FakeAudio/African/men/id01835/00130_id02296_wavtolip.npz,4.846696376800537,1
FakeVideo-FakeAudio/African/men/id01835/00130_id04727_wavtolip.npz,7.948927879333496,1
FakeVideo-FakeAudio/African/men/id02040/00476_id00391_TjJgUZaenWI_id00944_wavtolip.npz,8.558825492858887,1
FakeVideo-FakeAudio/African/men/id02040/00476_id00476_wavtolip.npz,8.68037223815918,1
FakeVideo-FakeAudio/African/men/id02040/00476_id00761_wavtolip.npz,8.570273399353027,1
FakeVideo-FakeAudio/African/men/id02040/00476_id00944_wavtolip.npz,8.691239356994629,1
FakeVideo-FakeAudio/African/men/id02040/00476_id01392_fF-g0KFJ7lg_id01036_wavtolip.npz,8.641531944274902,1
FakeVideo-FakeAudio/African/men/id02040/00476_id01392_wavtolip.npz,8.36203670501709,1
FakeVideo-FakeAudio/African/men/id02040/00476_id01452_wavtolip.npz,8.630951881408691,1
FakeVideo-FakeAudio/African/men/id02040/00476_id01528_wavtolip.npz,8.898573875427246,1
FakeVideo-FakeAudio/African/men/id02040/00476_id01530_8kiAt_4gQGI_id02005_wavtolip.npz,7.612701416015625,1
FakeVideo-FakeAudio/African/men/id02040/00476_id01530_wavtolip.npz,5.187793254852295,1
FakeVideo-FakeAudio/African/men/id02040/00476_id01691_IVtS5z8Jrrk_id01717_wavtolip.npz,8.467273712158203,1
FakeVideo-FakeAudio/African/men/id02040/00476_id01717_wavtolip.npz,8.553916931152344,1
FakeVideo-FakeAudio/African/men/id02040/00476_id01995_wavtolip.npz,-3.287782907485962,1
FakeVideo-FakeAudio/African/men/id02040/00476_id02051_wavtolip.npz,8.353049278259277,1
FakeVideo-FakeAudio/African/men/id01392/00167_2_id00166_wavtolip.npz,7.991506099700928,1
FakeVideo-FakeAudio/African/men/id01392/00167_2_id00475_wavtolip.npz,7.49660587310791,1
FakeVideo-FakeAudio/African/men/id01392/00167_2_id00478_wavtolip.npz,8.311604499816895,1
FakeVideo-FakeAudio/African/men/id01392/00167_2_id01207_wavtolip.npz,5.911938190460205,1
FakeVideo-FakeAudio/African/men/id01392/00167_2_id01521_wavtolip.npz,7.356194019317627,1
FakeVideo-FakeAudio/African/men/id01392/00167_3_id00830_wavtolip.npz,8.664380073547363,1
FakeVideo-FakeAudio/African/men/id01392/00167_3_id01392_wavtolip.npz,8.787339210510254,1
FakeVideo-FakeAudio/African/men/id01392/00167_3_id01610_wavtolip.npz,8.802910804748535,1
FakeVideo-FakeAudio/African/men/id01392/00167_3_id01933_wavtolip.npz,8.101536750793457,1
FakeVideo-FakeAudio/African/men/id01392/00167_3_id02040_wavtolip.npz,5.6942901611328125,1
FakeVideo-FakeAudio/African/men/id01392/00167_id00366_wavtolip.npz,8.361506462097168,1
FakeVideo-FakeAudio/African/men/id01392/00167_id00391_TjJgUZaenWI_id01598_wavtolip.npz,8.4399995803833,1
FakeVideo-FakeAudio/African/men/id01392/00167_id00475_wavtolip.npz,8.422708511352539,1
FakeVideo-FakeAudio/African/men/id01392/00167_id00701_wavtolip.npz,7.850076198577881,1
FakeVideo-FakeAudio/African/men/id01392/00167_id00761_wavtolip.npz,8.105451583862305,1
FakeVideo-FakeAudio/African/men/id01392/00167_id01179_RnqLJMrWELw_id02268_wavtolip.npz,8.546344757080078,1
FakeVideo-FakeAudio/African/men/id01392/00167_id01207_mt129WTRSII_id01691_wavtolip.npz,8.730714797973633,1
FakeVideo-FakeAudio/African/men/id01392/00167_id01207_wavtolip.npz,6.045156478881836,1
FakeVideo-FakeAudio/African/men/id01392/00167_id01521_wavtolip.npz,7.790089130401611,1
FakeVideo-FakeAudio/African/men/id01392/00167_id01597_52WEZxe4_GE_id01920_wavtolip.npz,8.456725120544434,1
FakeVideo-FakeAudio/African/men/id01392/00167_id01610_wavtolip.npz,8.44481086730957,1
FakeVideo-FakeAudio/African/men/id01392/00167_id01920_w9C_knCPD94_id02040_wavtolip.npz,5.223241806030273,1
FakeVideo-FakeAudio/African/men/id01392/00167_id01972_wavtolip.npz,8.424616813659668,1
FakeVideo-FakeAudio/African/men/id01392/00167_id02005_wavtolip.npz,8.799544334411621,1
FakeVideo-FakeAudio/African/men/id01392/00167_id02494_wavtolip.npz,8.392521858215332,1
FakeVideo-FakeAudio/African/men/id01717/00005_id00166_wavtolip.npz,8.078791618347168,1
FakeVideo-FakeAudio/African/men/id01717/00005_id00366_RSOgEoek8WM_id02268_wavtolip.npz,8.543892860412598,1
FakeVideo-FakeAudio/African/men/id01717/00005_id00366_wavtolip.npz,8.199187278747559,1
FakeVideo-FakeAudio/African/men/id01717/00005_id00518_wavtolip.npz,8.165078163146973,1
FakeVideo-FakeAudio/African/men/id01717/00005_id00701_lW6uzLIOwd0_id01207_wavtolip.npz,7.960437297821045,1
FakeVideo-FakeAudio/African/men/id01717/00005_id00761_wavtolip.npz,8.192014694213867,1
FakeVideo-FakeAudio/African/men/id01717/00005_id00781_wavtolip.npz,8.126913070678711,1
FakeVideo-FakeAudio/African/men/id01717/00005_id00987_wavtolip.npz,4.179523944854736,1
FakeVideo-FakeAudio/African/men/id01717/00005_id01171_wavtolip.npz,8.40455436706543,1
FakeVideo-FakeAudio/African/men/id01717/00005_id01392_wavtolip.npz,8.489436149597168,1
FakeVideo-FakeAudio/African/men/id01717/00005_id01452_4MqeoSxSy3w_id01856_wavtolip.npz,6.6960368156433105,1
FakeVideo-FakeAudio/African/men/id01717/00005_id01544_wavtolip.npz,8.602689743041992,1
FakeVideo-FakeAudio/African/men/id01717/00005_id01920_w9C_knCPD94_id01598_wavtolip.npz,8.427309036254883,1
FakeVideo-FakeAudio/African/men/id01717/00005_id02005_7_Egh9mW5y4_faceswap_id01170_wavtolip.npz,8.346827507019043,1
FakeVideo-FakeAudio/African/men/id01717/00005_id02005_7_Egh9mW5y4_faceswap_id01392_wavtolip.npz,8.0548095703125,1
FakeVideo-FakeAudio/African/men/id01717/00005_id02005_7_Egh9mW5y4_faceswap_id01691_wavtolip.npz,8.526994705200195,1
FakeVideo-FakeAudio/African/men/id01717/00005_id02005_7_Egh9mW5y4_faceswap_id01779_wavtolip.npz,8.108247756958008,1
FakeVideo-FakeAudio/African/men/id01717/00005_id02005_7_Egh9mW5y4_faceswap_id04727_wavtolip.npz,8.07875919342041,1
FakeVideo-FakeAudio/African/men/id01717/00005_id02005_7_Egh9mW5y4_id01076_wavtolip.npz,8.37581729888916,1
FakeVideo-FakeAudio/African/men/id01717/00005_id02316_yrrNcmZ-xmI_id01544_wavtolip.npz,8.554732322692871,1
FakeVideo-FakeAudio/African/men/id01717/00005_id04727_wavtolip.npz,8.360066413879395,1
FakeVideo-FakeAudio/African/men/id01779/00010_id00475_wavtolip.npz,7.687519073486328,1
FakeVideo-FakeAudio/African/men/id01779/00010_id00518_wavtolip.npz,5.393344879150391,1
FakeVideo-FakeAudio/African/men/id01779/00010_id00701_lW6uzLIOwd0_id00366_wavtolip.npz,8.037969589233398,1
FakeVideo-FakeAudio/African/men/id01779/00010_id00781_wavtolip.npz,7.848644733428955,1
FakeVideo-FakeAudio/African/men/id01779/00010_id01036_AohKaMtIHxA_id01637_wavtolip.npz,8.125123023986816,1
FakeVideo-FakeAudio/African/men/id01779/00010_id01036_wavtolip.npz,8.906532287597656,1
FakeVideo-FakeAudio/African/men/id01779/00010_id01076_wavtolip.npz,8.110057830810547,1
FakeVideo-FakeAudio/African/men/id01779/00010_id01171_XSINMRoTb0E_id01076_wavtolip.npz,8.111286163330078,1
FakeVideo-FakeAudio/African/men/id01779/00010_id01528_wavtolip.npz,8.879323959350586,1
FakeVideo-FakeAudio/African/men/id01779/00010_id01530_wavtolip.npz,8.541254043579102,1
FakeVideo-FakeAudio/African/men/id01779/00010_id01544_wavtolip.npz,8.46216106414795,1
FakeVideo-FakeAudio/African/men/id01779/00010_id01637_5VjcPZm8knM_id01972_wavtolip.npz,8.827268600463867,1
FakeVideo-FakeAudio/African/men/id01779/00010_id01691_IVtS5z8Jrrk_faceswap_id00173_wavtolip.npz,8.52096939086914,1
FakeVideo-FakeAudio/African/men/id01779/00010_id01691_IVtS5z8Jrrk_faceswap_id00478_wavtolip.npz,8.122987747192383,1
FakeVideo-FakeAudio/African/men/id01779/00010_id01691_IVtS5z8Jrrk_faceswap_id00701_wavtolip.npz,6.227532386779785,1
FakeVideo-FakeAudio/African/men/id01779/00010_id01691_IVtS5z8Jrrk_faceswap_id01170_wavtolip.npz,8.410184860229492,1
FakeVideo-FakeAudio/African/men/id01779/00010_id01691_IVtS5z8Jrrk_faceswap_id01779_wavtolip.npz,8.663054466247559,1
FakeVideo-FakeAudio/African/men/id01779/00010_id01691_IVtS5z8Jrrk_id00391_wavtolip.npz,-2.624854803085327,1
FakeVideo-FakeAudio/African/men/id01779/00010_id01779_wavtolip.npz,8.642926216125488,1
FakeVideo-FakeAudio/African/men/id01779/00010_id01856_6Q2f3b1QNRM_id00830_wavtolip.npz,8.491023063659668,1
FakeVideo-FakeAudio/African/men/id01779/00010_id02268_irA9myDvW-I_id01452_wavtolip.npz,8.276754379272461,1
FakeVideo-FakeAudio/African/men/id01779/00010_id02268_wavtolip.npz,8.73192310333252,1
FakeVideo-FakeAudio/African/men/id01779/00010_id02494_lObg47hQleE_id01076_wavtolip.npz,8.409807205200195,1
FakeVideo-FakeAudio/African/men/id01179/00160_id00166_PQV2ZbJBLNk_id01544_wavtolip.npz,8.366048812866211,1
FakeVideo-FakeAudio/African/men/id01179/00160_id00173_wavtolip.npz,5.363647937774658,1
FakeVideo-FakeAudio/African/men/id01179/00160_id00391_TjJgUZaenWI_id01171_wavtolip.npz,7.9173583984375,1
FakeVideo-FakeAudio/African/men/id01179/00160_id00476_UgdYVJ6xPYg_id01856_wavtolip.npz,6.434706211090088,1
FakeVideo-FakeAudio/African/men/id01179/00160_id00518_wavtolip.npz,5.33152961730957,1
FakeVideo-FakeAudio/African/men/id01179/00160_id01170_7eoTTk4xyNo_id01856_wavtolip.npz,6.452723026275635,1
FakeVideo-FakeAudio/African/men/id01179/00160_id01171_wavtolip.npz,7.945971965789795,1
FakeVideo-FakeAudio/African/men/id01179/00160_id01207_mt129WTRSII_id01171_wavtolip.npz,7.832752227783203,1
FakeVideo-FakeAudio/African/men/id01179/00160_id01207_wavtolip.npz,6.117599964141846,1
FakeVideo-FakeAudio/African/men/id01179/00160_id01392_wavtolip.npz,8.324548721313477,1
FakeVideo-FakeAudio/African/men/id01179/00160_id01544_wavtolip.npz,8.319089889526367,1
FakeVideo-FakeAudio/African/men/id01179/00160_id01598_wavtolip.npz,8.145759582519531,1
FakeVideo-FakeAudio/African/men/id01179/00160_id01637_5VjcPZm8knM_id01995_wavtolip.npz,-1.5017013549804688,1
FakeVideo-FakeAudio/African/men/id01179/00160_id01691_wavtolip.npz,8.302701950073242,1
FakeVideo-FakeAudio/African/men/id01179/00160_id01717_wavtolip.npz,7.920083522796631,1
FakeVideo-FakeAudio/African/men/id01179/00160_id02005_7_Egh9mW5y4_faceswap_id01528_wavtolip.npz,8.763714790344238,1
FakeVideo-FakeAudio/African/men/id01179/00160_id02005_7_Egh9mW5y4_faceswap_id01779_wavtolip.npz,8.160927772521973,1
FakeVideo-FakeAudio/African/men/id01179/00160_id02005_7_Egh9mW5y4_faceswap_id01835_wavtolip.npz,5.015453338623047,1
FakeVideo-FakeAudio/African/men/id01179/00160_id02005_7_Egh9mW5y4_faceswap_id01972_wavtolip.npz,8.575654983520508,1
FakeVideo-FakeAudio/African/men/id01179/00160_id02005_7_Egh9mW5y4_faceswap_id02316_wavtolip.npz,8.213233947753906,1
FakeVideo-FakeAudio/African/men/id01179/00160_id02005_7_Egh9mW5y4_id00366_wavtolip.npz,7.404303550720215,1
FakeVideo-FakeAudio/African/men/id01179/00160_id02342_RJPBPhJB8TA_id01779_wavtolip.npz,8.136706352233887,1
FakeVideo-FakeAudio/African/men/id01179/00160_id02342_wavtolip.npz,3.481215715408325,1
FakeVideo-FakeAudio/African/men/id01528/00017_id00173_wavtolip.npz,8.315053939819336,1
FakeVideo-FakeAudio/African/men/id01528/00017_id00518_qm7oQcDg4oI_id00781_wavtolip.npz,7.864627361297607,1
FakeVideo-FakeAudio/African/men/id01528/00017_id00944_DiW5D62667U_id02296_wavtolip.npz,4.841473579406738,1
FakeVideo-FakeAudio/African/men/id01528/00017_id00944_wavtolip.npz,7.741654396057129,1
FakeVideo-FakeAudio/African/men/id01528/00017_id00987_wavtolip.npz,4.3983473777771,1
FakeVideo-FakeAudio/African/men/id01528/00017_id01076_wavtolip.npz,8.342472076416016,1
FakeVideo-FakeAudio/African/men/id01528/00017_id01171_wavtolip.npz,7.8448615074157715,1
FakeVideo-FakeAudio/African/men/id01528/00017_id01207_mt129WTRSII_id01207_wavtolip.npz,6.132756233215332,1
FakeVideo-FakeAudio/African/men/id01528/00017_id01236_7WdumGR5-JM_id02342_wavtolip.npz,8.202069282531738,1
FakeVideo-FakeAudio/African/men/id01528/00017_id01236_wavtolip.npz,8.110136032104492,1
FakeVideo-FakeAudio/African/men/id01528/00017_id01452_4MqeoSxSy3w_faceswap_id00701_wavtolip.npz,8.028254508972168,1
FakeVideo-FakeAudio/African/men/id01528/00017_id01452_4MqeoSxSy3w_faceswap_id01076_wavtolip.npz,8.361693382263184,1
FakeVideo-FakeAudio/African/men/id01528/00017_id01452_4MqeoSxSy3w_faceswap_id01610_wavtolip.npz,8.299267768859863,1
FakeVideo-FakeAudio/African/men/id01528/00017_id01452_4MqeoSxSy3w_faceswap_id02005_wavtolip.npz,8.465691566467285,1
FakeVideo-FakeAudio/African/men/id01528/00017_id01452_4MqeoSxSy3w_faceswap_id02494_wavtolip.npz,7.887696743011475,1
FakeVideo-FakeAudio/African/men/id01528/00017_id01452_4MqeoSxSy3w_id04727_wavtolip.npz,8.355152130126953,1
FakeVideo-FakeAudio/African/men/id01528/00017_id01597_52WEZxe4_GE_id00476_wavtolip.npz,8.701173782348633,1
FakeVideo-FakeAudio/African/men/id01528/00017_id01598_wavtolip.npz,8.195796012878418,1
FakeVideo-FakeAudio/African/men/id01528/00017_id01933_I5XXxgK7QpE_id00391_wavtolip.npz,-0.10148418694734573,1
FakeVideo-FakeAudio/African/men/id01528/00017_id01972_hBYoeQTm8ZQ_id01610_wavtolip.npz,7.888002395629883,1
FakeVideo-FakeAudio/African/men/id01528/00017_id02005_wavtolip.npz,8.660401344299316,1
FakeVideo-FakeAudio/African/men/id01528/00017_id02040_wavtolip.npz,5.130648612976074,1
FakeVideo-FakeAudio/African/men/id01528/00017_id02296_wavtolip.npz,4.8747334480285645,1
FakeVideo-FakeAudio/African/men/id00076/00109_10_id00476_wavtolip.npz,8.266587257385254,1
FakeVideo-FakeAudio/African/men/id00076/00109_10_id01076_wavtolip.npz,8.24010944366455,1
FakeVideo-FakeAudio/African/men/id00076/00109_10_id01179_wavtolip.npz,0.2320236712694168,1
FakeVideo-FakeAudio/African/men/id00076/00109_10_id02005_wavtolip.npz,7.050750255584717,1
FakeVideo-FakeAudio/African/men/id00076/00109_10_id02342_wavtolip.npz,4.439374923706055,1
FakeVideo-FakeAudio/African/men/id00076/00109_12_id00518_wavtolip.npz,6.73822546005249,1
FakeVideo-FakeAudio/African/men/id00076/00109_12_id00761_wavtolip.npz,8.444137573242188,1
FakeVideo-FakeAudio/African/men/id00076/00109_12_id00987_wavtolip.npz,3.493971586227417,1
FakeVideo-FakeAudio/African/men/id00076/00109_12_id01856_wavtolip.npz,6.477888107299805,1
FakeVideo-FakeAudio/African/men/id00076/00109_12_id02296_wavtolip.npz,5.002988338470459,1
FakeVideo-FakeAudio/African/men/id00076/00109_2_id00166_wavtolip.npz,7.810206890106201,1
FakeVideo-FakeAudio/African/men/id00076/00109_2_id00701_wavtolip.npz,5.252593994140625,1
FakeVideo-FakeAudio/African/men/id00076/00109_2_id01236_wavtolip.npz,8.521239280700684,1
FakeVideo-FakeAudio/African/men/id00076/00109_2_id01521_wavtolip.npz,8.302550315856934,1
FakeVideo-FakeAudio/African/men/id00076/00109_2_id01598_wavtolip.npz,8.405895233154297,1
FakeVideo-FakeAudio/African/men/id00076/00109_4_id01392_wavtolip.npz,8.4155855178833,1
FakeVideo-FakeAudio/African/men/id00076/00109_4_id01528_wavtolip.npz,9.02621841430664,1
FakeVideo-FakeAudio/African/men/id00076/00109_4_id01691_wavtolip.npz,8.484941482543945,1
FakeVideo-FakeAudio/African/men/id00076/00109_4_id01995_wavtolip.npz,8.2252779006958,1
FakeVideo-FakeAudio/African/men/id00076/00109_4_id02296_wavtolip.npz,4.923892974853516,1
FakeVideo-FakeAudio/African/men/id00076/00109_7_id00166_wavtolip.npz,8.267267227172852,1
FakeVideo-FakeAudio/African/men/id00076/00109_7_id00478_wavtolip.npz,8.346735954284668,1
FakeVideo-FakeAudio/African/men/id00076/00109_7_id01452_wavtolip.npz,8.029642105102539,1
FakeVideo-FakeAudio/African/men/id00076/00109_7_id01717_wavtolip.npz,8.035466194152832,1
FakeVideo-FakeAudio/African/men/id00076/00109_7_id01995_wavtolip.npz,8.457619667053223,1
FakeVideo-FakeAudio/African/men/id00076/00109_8_id00166_wavtolip.npz,8.01822566986084,1
FakeVideo-FakeAudio/African/men/id00076/00109_8_id00701_wavtolip.npz,5.458414077758789,1
FakeVideo-FakeAudio/African/men/id00076/00109_8_id00761_wavtolip.npz,8.3087739944458,1
FakeVideo-FakeAudio/African/men/id00076/00109_8_id01170_wavtolip.npz,8.398148536682129,1
FakeVideo-FakeAudio/African/men/id00076/00109_8_id02005_wavtolip.npz,6.854204177856445,1
FakeVideo-FakeAudio/African/men/id00076/00109_9_id00076_wavtolip.npz,7.411542892456055,1
FakeVideo-FakeAudio/African/men/id00076/00109_9_id01036_wavtolip.npz,8.662205696105957,1
FakeVideo-FakeAudio/African/men/id00076/00109_9_id01452_wavtolip.npz,8.5673189163208,1
FakeVideo-FakeAudio/African/men/id00076/00109_9_id01528_wavtolip.npz,9.022538185119629,1
FakeVideo-FakeAudio/African/men/id00076/00109_9_id02005_wavtolip.npz,8.361936569213867,1
FakeVideo-FakeAudio/African/men/id00076/00109_id00173_UHoMXLSjlDo_id00475_wavtolip.npz,5.4874114990234375,1
FakeVideo-FakeAudio/African/men/id00076/00109_id00366_RSOgEoek8WM_id01995_wavtolip.npz,8.280284881591797,1
FakeVideo-FakeAudio/African/men/id00076/00109_id00391_wavtolip.npz,3.522165298461914,1
FakeVideo-FakeAudio/African/men/id00076/00109_id00475_wavtolip.npz,5.315661907196045,1
FakeVideo-FakeAudio/African/men/id00076/00109_id00476_wavtolip.npz,8.775084495544434,1
FakeVideo-FakeAudio/African/men/id00076/00109_id00701_wavtolip.npz,6.72928524017334,1
FakeVideo-FakeAudio/African/men/id00076/00109_id00830_rfl3Teg9uew_id01544_wavtolip.npz,8.153080940246582,1
FakeVideo-FakeAudio/African/men/id00076/00109_id01036_AohKaMtIHxA_id00476_wavtolip.npz,8.846631050109863,1
FakeVideo-FakeAudio/African/men/id00076/00109_id01207_mt129WTRSII_id02316_wavtolip.npz,7.443254470825195,1
FakeVideo-FakeAudio/African/men/id00076/00109_id01207_wavtolip.npz,5.8940043449401855,1
FakeVideo-FakeAudio/African/men/id00076/00109_id01544_uBo9585VW2A_id01779_wavtolip.npz,6.623156547546387,1
FakeVideo-FakeAudio/African/men/id00076/00109_id01637_wavtolip.npz,8.196117401123047,1
FakeVideo-FakeAudio/African/men/id00076/00109_id01691_wavtolip.npz,8.375432014465332,1
FakeVideo-FakeAudio/African/men/id00076/00109_id01920_wavtolip.npz,8.507841110229492,1
FakeVideo-FakeAudio/African/men/id00076/00109_id01995_YUR9wTypwIo_id01691_wavtolip.npz,8.518277168273926,1
FakeVideo-FakeAudio/African/men/id00076/00109_id02005_7_Egh9mW5y4_id01972_wavtolip.npz,8.401034355163574,1
FakeVideo-FakeAudio/African/men/id00076/00109_id02005_wavtolip.npz,8.73534107208252,1
FakeVideo-FakeAudio/African/men/id00076/00109_id02316_wavtolip.npz,7.880220413208008,1
FakeVideo-FakeAudio/African/men/id00076/00109_id02342_RJPBPhJB8TA_id00166_wavtolip.npz,7.665284633636475,1
FakeVideo-FakeAudio/African/men/id00076/00109_id04727_AAnyugIAXao_id00391_wavtolip.npz,3.4851675033569336,1
FakeVideo-FakeAudio/African/men/id02268/00036_id00076_wavtolip.npz,5.584663391113281,1
FakeVideo-FakeAudio/African/men/id02268/00036_id00166_wavtolip.npz,8.256925582885742,1
FakeVideo-FakeAudio/African/men/id02268/00036_id00173_wavtolip.npz,8.74222183227539,1
FakeVideo-FakeAudio/African/men/id02268/00036_id00781_wavtolip.npz,8.03437328338623,1
FakeVideo-FakeAudio/African/men/id02268/00036_id01236_7WdumGR5-JM_id01597_wavtolip.npz,8.089775085449219,1
FakeVideo-FakeAudio/African/men/id02268/00036_id01521_jthjSmLdLOg_id01597_wavtolip.npz,8.1293363571167,1
FakeVideo-FakeAudio/African/men/id02268/00036_id01530_wavtolip.npz,8.867328643798828,1
FakeVideo-FakeAudio/African/men/id02268/00036_id01691_IVtS5z8Jrrk_id00944_wavtolip.npz,8.445831298828125,1
FakeVideo-FakeAudio/African/men/id02268/00036_id01717_wavtolip.npz,8.804551124572754,1
FakeVideo-FakeAudio/African/men/id02268/00036_id01835_UZbWA0QfXXA_id01856_wavtolip.npz,6.856750011444092,1
FakeVideo-FakeAudio/African/men/id02268/00036_id01856_6Q2f3b1QNRM_id01207_wavtolip.npz,6.398951530456543,1
FakeVideo-FakeAudio/African/men/id02268/00036_id01920_wavtolip.npz,8.607948303222656,1
FakeVideo-FakeAudio/African/men/id02268/00036_id02040_wavtolip.npz,4.5792012214660645,1
FakeVideo-FakeAudio/African/men/id02268/00036_id02268_wavtolip.npz,8.80410099029541,1
FakeVideo-FakeAudio/African/men/id02268/00036_id02296_IAgOrCuY8vU_id01598_wavtolip.npz,8.748795509338379,1
FakeVideo-FakeAudio/African/men/id02268/00036_id02316_wavtolip.npz,8.294740676879883,1
FakeVideo-FakeAudio/African/men/id02268/00036_id02494_lObg47hQleE_id00391_wavtolip.npz,-0.41208428144454956,1
FakeVideo-FakeAudio/African/men/id01170/00021_id00166_wavtolip.npz,8.013786315917969,1
FakeVideo-FakeAudio/African/men/id01170/00021_id00391_TjJgUZaenWI_id01598_wavtolip.npz,8.772862434387207,1
FakeVideo-FakeAudio/African/men/id01170/00021_id00761_wavtolip.npz,8.41999340057373,1
FakeVideo-FakeAudio/African/men/id01170/00021_id00830_rfl3Teg9uew_id01170_wavtolip.npz,8.250472068786621,1
FakeVideo-FakeAudio/African/men/id01170/00021_id01076_wavtolip.npz,8.41133975982666,1
FakeVideo-FakeAudio/African/men/id01170/00021_id01170_wavtolip.npz,8.410928726196289,1
FakeVideo-FakeAudio/African/men/id01170/00021_id01171_XSINMRoTb0E_id02342_wavtolip.npz,8.384161949157715,1
FakeVideo-FakeAudio/African/men/id01170/00021_id01392_fF-g0KFJ7lg_id00478_wavtolip.npz,8.558932304382324,1
FakeVideo-FakeAudio/African/men/id01170/00021_id01392_wavtolip.npz,8.527434349060059,1
FakeVideo-FakeAudio/African/men/id01170/00021_id01452_wavtolip.npz,8.732584953308105,1
FakeVideo-FakeAudio/African/men/id01170/00021_id01544_wavtolip.npz,8.790754318237305,1
FakeVideo-FakeAudio/African/men/id01170/00021_id01597_52WEZxe4_GE_id01076_wavtolip.npz,8.328269004821777,1
FakeVideo-FakeAudio/African/men/id01170/00021_id01610_l8zb_iaDJJA_id01856_wavtolip.npz,6.531580448150635,1
FakeVideo-FakeAudio/African/men/id01170/00021_id01691_wavtolip.npz,8.926549911499023,1
FakeVideo-FakeAudio/African/men/id01170/00021_id01779_wavtolip.npz,7.078835964202881,1
FakeVideo-FakeAudio/African/men/id01170/00021_id01920_wavtolip.npz,8.494169235229492,1
FakeVideo-FakeAudio/African/men/id01170/00021_id01933_I5XXxgK7QpE_faceswap_id00478_wavtolip.npz,8.669857025146484,1
FakeVideo-FakeAudio/African/men/id01170/00021_id01933_I5XXxgK7QpE_faceswap_id01597_wavtolip.npz,7.741734504699707,1
FakeVideo-FakeAudio/African/men/id01170/00021_id01933_I5XXxgK7QpE_faceswap_id01637_wavtolip.npz,8.425620079040527,1
FakeVideo-FakeAudio/African/men/id01170/00021_id01933_I5XXxgK7QpE_faceswap_id01856_wavtolip.npz,6.6998419761657715,1
FakeVideo-FakeAudio/African/men/id01170/00021_id01933_I5XXxgK7QpE_id00781_wavtolip.npz,8.086865425109863,1
FakeVideo-FakeAudio/African/men/id01170/00021_id04727_AAnyugIAXao_id01392_wavtolip.npz,8.259352684020996,1
FakeVideo-FakeAudio/African/men/id01637/00002_1_id01598_wavtolip.npz,8.231746673583984,1
FakeVideo-FakeAudio/African/men/id01637/00002_1_id01610_wavtolip.npz,8.46307373046875,1
FakeVideo-FakeAudio/African/men/id01637/00002_1_id01920_wavtolip.npz,7.3597731590271,1
FakeVideo-FakeAudio/African/men/id01637/00002_1_id02296_wavtolip.npz,4.953503608703613,1
FakeVideo-FakeAudio/African/men/id01637/00002_1_id02342_wavtolip.npz,5.076011657714844,1
FakeVideo-FakeAudio/African/men/id01637/00002_2_id00701_wavtolip.npz,8.072124481201172,1
FakeVideo-FakeAudio/African/men/id01637/00002_2_id00761_wavtolip.npz,8.263465881347656,1
FakeVideo-FakeAudio/African/men/id01637/00002_2_id00944_wavtolip.npz,8.409319877624512,1
FakeVideo-FakeAudio/African/men/id01637/00002_2_id01392_wavtolip.npz,7.758683681488037,1
FakeVideo-FakeAudio/African/men/id01637/00002_2_id01452_wavtolip.npz,8.05786418914795,1
FakeVideo-FakeAudio/African/men/id01637/00002_id00076_wavtolip.npz,5.372640609741211,1
FakeVideo-FakeAudio/African/men/id01637/00002_id00166_PQV2ZbJBLNk_id04727_wavtolip.npz,8.68702507019043,1
FakeVideo-FakeAudio/African/men/id01637/00002_id00366_RSOgEoek8WM_id02268_wavtolip.npz,8.4793062210083,1
FakeVideo-FakeAudio/African/men/id01637/00002_id00391_wavtolip.npz,0.9991270899772644,1
FakeVideo-FakeAudio/African/men/id01637/00002_id00761_wavtolip.npz,8.266672134399414,1
FakeVideo-FakeAudio/African/men/id01637/00002_id00944_DiW5D62667U_id01856_wavtolip.npz,6.789957046508789,1
FakeVideo-FakeAudio/African/men/id01637/00002_id01170_7eoTTk4xyNo_id01452_wavtolip.npz,8.183928489685059,1
FakeVideo-FakeAudio/African/men/id01637/00002_id01170_wavtolip.npz,8.190399169921875,1
FakeVideo-FakeAudio/African/men/id01637/00002_id01171_wavtolip.npz,7.870132923126221,1
FakeVideo-FakeAudio/African/men/id01637/00002_id01236_wavtolip.npz,8.265408515930176,1
FakeVideo-FakeAudio/African/men/id01637/00002_id01392_wavtolip.npz,8.268511772155762,1
FakeVideo-FakeAudio/African/men/id01637/00002_id01610_l8zb_iaDJJA_id01236_wavtolip.npz,8.37610149383545,1
FakeVideo-FakeAudio/African/men/id01637/00002_id01691_wavtolip.npz,8.155253410339355,1
FakeVideo-FakeAudio/African/men/id01637/00002_id01920_w9C_knCPD94_id00076_wavtolip.npz,5.389007568359375,1
FakeVideo-FakeAudio/African/men/id01637/00002_id02005_7_Egh9mW5y4_id01392_wavtolip.npz,8.298093795776367,1
FakeVideo-FakeAudio/African/men/id01637/00002_id02051_wavtolip.npz,7.6164445877075195,1
FakeVideo-FakeAudio/African/men/id01637/00002_id02316_wavtolip.npz,7.619651794433594,1
FakeVideo-FakeAudio/African/men/id01637/00002_id02494_lObg47hQleE_id01530_wavtolip.npz,8.377720832824707,1
FakeVideo-FakeAudio/African/men/id02051/00015_id00076_wavtolip.npz,4.775846004486084,1
FakeVideo-FakeAudio/African/men/id02051/00015_id00166_wavtolip.npz,8.037628173828125,1
FakeVideo-FakeAudio/African/men/id02051/00015_id00173_UHoMXLSjlDo_id01691_wavtolip.npz,8.42013168334961,1
FakeVideo-FakeAudio/African/men/id02051/00015_id00173_wavtolip.npz,5.424206733703613,1
FakeVideo-FakeAudio/African/men/id02051/00015_id00701_lW6uzLIOwd0_id01779_wavtolip.npz,8.126482963562012,1
FakeVideo-FakeAudio/African/men/id02051/00015_id00987_wavtolip.npz,4.096952438354492,1
FakeVideo-FakeAudio/African/men/id02051/00015_id01236_wavtolip.npz,8.403007507324219,1
FakeVideo-FakeAudio/African/men/id02051/00015_id01521_jthjSmLdLOg_id00761_wavtolip.npz,8.249661445617676,1
FakeVideo-FakeAudio/African/men/id02051/00015_id01530_wavtolip.npz,5.1363396644592285,1
FakeVideo-FakeAudio/African/men/id02051/00015_id01610_l8zb_iaDJJA_id01717_wavtolip.npz,8.021514892578125,1
FakeVideo-FakeAudio/African/men/id02051/00015_id01691_wavtolip.npz,8.741795539855957,1
FakeVideo-FakeAudio/African/men/id02051/00015_id01835_UZbWA0QfXXA_id00944_wavtolip.npz,8.417793273925781,1
FakeVideo-FakeAudio/African/men/id02051/00015_id01835_wavtolip.npz,7.77141809463501,1
FakeVideo-FakeAudio/African/men/id02051/00015_id01995_YUR9wTypwIo_id00476_wavtolip.npz,8.535576820373535,1
FakeVideo-FakeAudio/African/men/id02051/00015_id02040_wl6EVkamZFQ_id00781_wavtolip.npz,8.0977144241333,1
FakeVideo-FakeAudio/African/men/id02051/00015_id02316_wavtolip.npz,8.732893943786621,1
FakeVideo-FakeAudio/African/men/id02051/00015_id02342_wavtolip.npz,2.527561664581299,1
FakeVideo-FakeAudio/African/men/id00366/00118_id00076_Isiq7cA-DNE_faceswap_id01170_wavtolip.npz,8.107072830200195,1
FakeVideo-FakeAudio/African/men/id00366/00118_id00076_Isiq7cA-DNE_faceswap_id01779_wavtolip.npz,6.723930358886719,1
FakeVideo-FakeAudio/African/men/id00366/00118_id00076_Isiq7cA-DNE_faceswap_id02316_wavtolip.npz,8.027345657348633,1
FakeVideo-FakeAudio/African/men/id00366/00118_id00076_Isiq7cA-DNE_faceswap_id02342_wavtolip.npz,8.299212455749512,1
FakeVideo-FakeAudio/African/men/id00366/00118_id00076_Isiq7cA-DNE_faceswap_id02494_wavtolip.npz,7.905856132507324,1
FakeVideo-FakeAudio/African/men/id00366/00118_id00076_Isiq7cA-DNE_id00944_wavtolip.npz,8.468391418457031,1
FakeVideo-FakeAudio/African/men/id00366/00118_id00476_UgdYVJ6xPYg_id00076_wavtolip.npz,8.438457489013672,1
FakeVideo-FakeAudio/African/men/id00366/00118_id00781_fvsSae9yc0A_id01597_wavtolip.npz,7.5174241065979,1
FakeVideo-FakeAudio/African/men/id00366/00118_id00781_wavtolip.npz,7.722651481628418,1
FakeVideo-FakeAudio/African/men/id00366/00118_id01170_wavtolip.npz,8.241168975830078,1
FakeVideo-FakeAudio/African/men/id00366/00118_id01207_mt129WTRSII_id02316_wavtolip.npz,8.26829719543457,1
FakeVideo-FakeAudio/African/men/id00366/00118_id01236_wavtolip.npz,8.371938705444336,1
FakeVideo-FakeAudio/African/men/id00366/00118_id01528_wavtolip.npz,7.760917663574219,1
FakeVideo-FakeAudio/African/men/id00366/00118_id01544_uBo9585VW2A_id02342_wavtolip.npz,8.169958114624023,1
FakeVideo-FakeAudio/African/men/id00366/00118_id01598_wavtolip.npz,8.369120597839355,1
FakeVideo-FakeAudio/African/men/id00366/00118_id01637_5VjcPZm8knM_id01835_wavtolip.npz,6.4718852043151855,1
FakeVideo-FakeAudio/African/men/id00366/00118_id01691_IVtS5z8Jrrk_id01597_wavtolip.npz,8.296624183654785,1
FakeVideo-FakeAudio/African/men/id00366/00118_id01717_JDW6p8yU13A_id01856_wavtolip.npz,6.564749717712402,1
FakeVideo-FakeAudio/African/men/id00366/00118_id01717_wavtolip.npz,8.187445640563965,1
FakeVideo-FakeAudio/African/men/id00366/00118_id01835_wavtolip.npz,6.711749076843262,1
FakeVideo-FakeAudio/African/men/id00366/00118_id01856_wavtolip.npz,6.375477313995361,1
FakeVideo-FakeAudio/African/men/id00366/00118_id01920_w9C_knCPD94_id01170_wavtolip.npz,8.277772903442383,1
FakeVideo-FakeAudio/African/men/id00366/00118_id02005_7_Egh9mW5y4_id01544_wavtolip.npz,8.370919227600098,1
FakeVideo-FakeAudio/African/men/id00366/00118_id02005_wavtolip.npz,8.343994140625,1
FakeVideo-FakeAudio/African/men/id00366/00118_id02268_wavtolip.npz,8.475440979003906,1
FakeVideo-FakeAudio/African/women/id00359/00053_id00460_wavtolip.npz,-4.729953289031982,1
FakeVideo-FakeAudio/African/women/id00359/00053_id01178_wavtolip.npz,1.0287715196609497,1
FakeVideo-FakeAudio/African/women/id00359/00053_id01838_q_lUk55OrL0_faceswap_id00568_wavtolip.npz,7.519575119018555,1
FakeVideo-FakeAudio/African/women/id00359/00053_id01838_q_lUk55OrL0_faceswap_id03658_wavtolip.npz,8.080926895141602,1
FakeVideo-FakeAudio/African/women/id00359/00053_id01838_q_lUk55OrL0_faceswap_id04736_wavtolip.npz,6.726413249969482,1
FakeVideo-FakeAudio/African/women/id00359/00053_id01838_q_lUk55OrL0_faceswap_id05106_wavtolip.npz,8.003124237060547,1
FakeVideo-FakeAudio/African/women/id00359/00053_id01838_q_lUk55OrL0_faceswap_id05252_wavtolip.npz,8.561142921447754,1
FakeVideo-FakeAudio/African/women/id00359/00053_id01838_wavtolip.npz,8.220049858093262,1
FakeVideo-FakeAudio/African/women/id00359/00053_id02071_cHuDh9F87vA_id02948_wavtolip.npz,7.7225565910339355,1
FakeVideo-FakeAudio/African/women/id00359/00053_id02508_wavtolip.npz,6.032674789428711,1
FakeVideo-FakeAudio/African/women/id00359/00053_id02586_dEYzYDsbAeo_id01907_wavtolip.npz,8.328333854675293,1
FakeVideo-FakeAudio/African/women/id00359/00053_id02721_wavtolip.npz,8.220046043395996,1
FakeVideo-FakeAudio/African/women/id00359/00053_id02838_kaCQlSGlLe8_id04689_wavtolip.npz,7.8747477531433105,1
FakeVideo-FakeAudio/African/women/id00359/00053_id02948_wavtolip.npz,7.794557571411133,1
FakeVideo-FakeAudio/African/women/id00359/00053_id04376_wavtolip.npz,8.480440139770508,1
FakeVideo-FakeAudio/African/women/id00359/00053_id04437_wavtolip.npz,6.725956439971924,1
FakeVideo-FakeAudio/African/women/id00359/00053_id04547_3Qy2g2M47Aw_id03747_wavtolip.npz,2.7268083095550537,1
FakeVideo-FakeAudio/African/women/id00359/00053_id04736_wavtolip.npz,6.69625186920166,1
FakeVideo-FakeAudio/African/women/id00359/00053_id04820_64ybrA1atlM_id00577_wavtolip.npz,8.80749797821045,1
FakeVideo-FakeAudio/African/women/id00359/00053_id05106_ZnnDdjlABM4_id03569_wavtolip.npz,8.408863067626953,1
FakeVideo-FakeAudio/African/women/id00359/00053_id05980_bbg4HtuM_jo_id00829_wavtolip.npz,7.509180068969727,1
FakeVideo-FakeAudio/African/women/id00359/00053_id05980_wavtolip.npz,7.8551154136657715,1
FakeVideo-FakeAudio/African/women/id01907/00148_id00220_WlHLlTQKj8g_id00359_wavtolip.npz,8.6209077835083,1
FakeVideo-FakeAudio/African/women/id01907/00148_id00371_t20i0HtPwW0_id00832_wavtolip.npz,7.916857719421387,1
FakeVideo-FakeAudio/African/women/id01907/00148_id00829_aMEvVaUBq2Y_id00592_wavtolip.npz,5.984277248382568,1
FakeVideo-FakeAudio/African/women/id01907/00148_id00832_Jr4-dXRChME_id00577_wavtolip.npz,8.3214693069458,1
FakeVideo-FakeAudio/African/women/id01907/00148_id01532_XnlWp_s_f7Q_id02301_wavtolip.npz,8.217595100402832,1
FakeVideo-FakeAudio/African/women/id01907/00148_id01838_wavtolip.npz,8.380105018615723,1
FakeVideo-FakeAudio/African/women/id01907/00148_id02586_wavtolip.npz,8.321858406066895,1
FakeVideo-FakeAudio/African/women/id01907/00148_id03569_wavtolip.npz,8.491615295410156,1
FakeVideo-FakeAudio/African/women/id01907/00148_id03747_wavtolip.npz,1.8648104667663574,1
FakeVideo-FakeAudio/African/women/id01907/00148_id04055_wavtolip.npz,8.00344181060791,1
FakeVideo-FakeAudio/African/women/id01907/00148_id04705_wavtolip.npz,5.529815673828125,1
FakeVideo-FakeAudio/African/women/id01907/00148_id04705_ziJ9JsYr4R0_id01838_wavtolip.npz,8.09557819366455,1
FakeVideo-FakeAudio/African/women/id01907/00148_id04736_wavtolip.npz,1.8141874074935913,1
FakeVideo-FakeAudio/African/women/id01907/00148_id04820_wavtolip.npz,7.3643341064453125,1
FakeVideo-FakeAudio/African/women/id01907/00148_id04939_wavtolip.npz,8.18964958190918,1
FakeVideo-FakeAudio/African/women/id01907/00148_id05235_ASy8lP3SRtw_faceswap_id00371_wavtolip.npz,8.248810768127441,1
FakeVideo-FakeAudio/African/women/id01907/00148_id05235_ASy8lP3SRtw_faceswap_id03656_wavtolip.npz,6.177252292633057,1
FakeVideo-FakeAudio/African/women/id01907/00148_id05235_ASy8lP3SRtw_faceswap_id04437_wavtolip.npz,8.30313777923584,1
FakeVideo-FakeAudio/African/women/id01907/00148_id05235_ASy8lP3SRtw_faceswap_id05251_wavtolip.npz,8.447582244873047,1
FakeVideo-FakeAudio/African/women/id01907/00148_id05235_ASy8lP3SRtw_faceswap_id05252_wavtolip.npz,8.634159088134766,1
FakeVideo-FakeAudio/African/women/id01907/00148_id05235_ASy8lP3SRtw_id02838_wavtolip.npz,4.378324508666992,1
FakeVideo-FakeAudio/African/women/id01907/00148_id05252_CMxIX3absYM_id00832_wavtolip.npz,8.219419479370117,1
FakeVideo-FakeAudio/African/women/id01661/00059_id00371_t20i0HtPwW0_id05980_wavtolip.npz,7.8229079246521,1
FakeVideo-FakeAudio/African/women/id01661/00059_id00371_wavtolip.npz,7.70074987411499,1
FakeVideo-FakeAudio/African/women/id01661/00059_id00577_wavtolip.npz,8.787489891052246,1
FakeVideo-FakeAudio/African/women/id01661/00059_id00592_wavtolip.npz,-3.413810968399048,1
FakeVideo-FakeAudio/African/women/id01661/00059_id00832_wavtolip.npz,8.463361740112305,1
FakeVideo-FakeAudio/African/women/id01661/00059_id01178_wavtolip.npz,-4.551859378814697,1
FakeVideo-FakeAudio/African/women/id01661/00059_id01661_wavtolip.npz,8.396961212158203,1
FakeVideo-FakeAudio/African/women/id01661/00059_id01783_WBUM0bHzWNA_id04376_wavtolip.npz,8.365544319152832,1
FakeVideo-FakeAudio/African/women/id01661/00059_id01838_wavtolip.npz,8.594709396362305,1
FakeVideo-FakeAudio/African/women/id01661/00059_id01907_LBcRkuRq0uY_id02808_wavtolip.npz,-1.7077726125717163,1
FakeVideo-FakeAudio/African/women/id01661/00059_id02071_wavtolip.npz,7.762504577636719,1
FakeVideo-FakeAudio/African/women/id01661/00059_id02508_wavtolip.npz,7.06935977935791,1
FakeVideo-FakeAudio/African/women/id01661/00059_id02586_wavtolip.npz,8.42549991607666,1
FakeVideo-FakeAudio/African/women/id01661/00059_id03656_wavtolip.npz,5.910732746124268,1
FakeVideo-FakeAudio/African/women/id01661/00059_id03713_wavtolip.npz,8.574176788330078,1
FakeVideo-FakeAudio/African/women/id01661/00059_id04055_0qrzF4HLXHY_id04055_wavtolip.npz,8.324557304382324,1
FakeVideo-FakeAudio/African/women/id01661/00059_id04055_wavtolip.npz,8.352187156677246,1
FakeVideo-FakeAudio/African/women/id01661/00059_id04939_i4v2cXo9HIQ_id02071_wavtolip.npz,7.4663896560668945,1
FakeVideo-FakeAudio/African/women/id01661/00059_id05252_CMxIX3absYM_id00592_wavtolip.npz,-0.3974439799785614,1
FakeVideo-FakeAudio/African/women/id03747/00273_id00220_WlHLlTQKj8g_id05251_wavtolip.npz,8.412134170532227,1
FakeVideo-FakeAudio/African/women/id03747/00273_id00220_wavtolip.npz,8.310209274291992,1
FakeVideo-FakeAudio/African/women/id03747/00273_id00359_RZMQan-7me4_id00592_wavtolip.npz,5.756277561187744,1
FakeVideo-FakeAudio/African/women/id03747/00273_id00577_wavtolip.npz,8.34996223449707,1
FakeVideo-FakeAudio/African/women/id03747/00273_id00707_wavtolip.npz,8.708762168884277,1
FakeVideo-FakeAudio/African/women/id03747/00273_id01907_wavtolip.npz,3.37449312210083,1
FakeVideo-FakeAudio/African/women/id03747/00273_id02071_cHuDh9F87vA_id02071_wavtolip.npz,7.8077239990234375,1
FakeVideo-FakeAudio/African/women/id03747/00273_id02617_wavtolip.npz,7.690053462982178,1
FakeVideo-FakeAudio/African/women/id03747/00273_id02808_wavtolip.npz,8.787585258483887,1
FakeVideo-FakeAudio/African/women/id03747/00273_id02824_glBy_mYcXZw_faceswap_id01661_wavtolip.npz,8.67255687713623,1
FakeVideo-FakeAudio/African/women/id03747/00273_id02824_glBy_mYcXZw_faceswap_id04055_wavtolip.npz,7.901286602020264,1
FakeVideo-FakeAudio/African/women/id03747/00273_id02824_glBy_mYcXZw_faceswap_id04374_wavtolip.npz,8.229206085205078,1
FakeVideo-FakeAudio/African/women/id03747/00273_id02824_glBy_mYcXZw_faceswap_id04547_wavtolip.npz,8.626174926757812,1
FakeVideo-FakeAudio/African/women/id03747/00273_id02824_glBy_mYcXZw_faceswap_id05235_wavtolip.npz,7.834948539733887,1
FakeVideo-FakeAudio/African/women/id03747/00273_id02824_glBy_mYcXZw_id00592_wavtolip.npz,5.692562103271484,1
FakeVideo-FakeAudio/African/women/id03747/00273_id02838_wavtolip.npz,7.928195953369141,1
FakeVideo-FakeAudio/African/women/id03747/00273_id03569_wavtolip.npz,8.386247634887695,1
FakeVideo-FakeAudio/African/women/id03747/00273_id04374_SWltOOZmlWM_id05252_wavtolip.npz,8.464018821716309,1
FakeVideo-FakeAudio/African/women/id03747/00273_id04689_0YqK1ksKjLg_id00359_wavtolip.npz,8.68808364868164,1
FakeVideo-FakeAudio/African/women/id03747/00273_id05231_wavtolip.npz,7.977632522583008,1
FakeVideo-FakeAudio/African/women/id03747/00273_id05231_wfbM5puT6eQ_id02948_wavtolip.npz,5.446852207183838,1
FakeVideo-FakeAudio/African/women/id03747/00273_id05235_ASy8lP3SRtw_id05251_wavtolip.npz,8.216182708740234,1
FakeVideo-FakeAudio/African/women/id03747/00273_id05235_wavtolip.npz,7.999147891998291,1
FakeVideo-FakeAudio/African/women/id03713/00249_id00371_t20i0HtPwW0_id04689_wavtolip.npz,7.782346248626709,1
FakeVideo-FakeAudio/African/women/id03713/00249_id00371_wavtolip.npz,7.149036884307861,1
FakeVideo-FakeAudio/African/women/id03713/00249_id00577_wavtolip.npz,8.676703453063965,1
FakeVideo-FakeAudio/African/women/id03713/00249_id01532_XnlWp_s_f7Q_id05106_wavtolip.npz,5.591004848480225,1
FakeVideo-FakeAudio/African/women/id03713/00249_id01661_wavtolip.npz,8.669378280639648,1
FakeVideo-FakeAudio/African/women/id03713/00249_id01783_wavtolip.npz,7.2643632888793945,1
FakeVideo-FakeAudio/African/women/id03713/00249_id02508_wavtolip.npz,5.3485002517700195,1
FakeVideo-FakeAudio/African/women/id03713/00249_id02586_wavtolip.npz,8.432272911071777,1
FakeVideo-FakeAudio/African/women/id03713/00249_id02617_4EZjRXC4fLk_faceswap_id00220_wavtolip.npz,8.165018081665039,1
FakeVideo-FakeAudio/African/women/id03713/00249_id02617_4EZjRXC4fLk_faceswap_id00832_wavtolip.npz,8.613057136535645,1
FakeVideo-FakeAudio/African/women/id03713/00249_id02617_4EZjRXC4fLk_faceswap_id01178_wavtolip.npz,-2.236236333847046,1
FakeVideo-FakeAudio/African/women/id03713/00249_id02617_4EZjRXC4fLk_faceswap_id01532_wavtolip.npz,7.710433483123779,1
FakeVideo-FakeAudio/African/women/id03713/00249_id02617_4EZjRXC4fLk_faceswap_id04245_wavtolip.npz,7.984532833099365,1
FakeVideo-FakeAudio/African/women/id03713/00249_id02721_wavtolip.npz,8.024981498718262,1
FakeVideo-FakeAudio/African/women/id03713/00249_id02824_glBy_mYcXZw_id04437_wavtolip.npz,8.020927429199219,1
FakeVideo-FakeAudio/African/women/id03713/00249_id03103_wiCYm3THQPw_id04820_wavtolip.npz,8.140297889709473,1
FakeVideo-FakeAudio/African/women/id03713/00249_id03658_8Wtu9VXKqjY_id05235_wavtolip.npz,8.183844566345215,1
FakeVideo-FakeAudio/African/women/id03713/00249_id04736__D2k4fMhEfQ_id00829_wavtolip.npz,7.583367824554443,1
FakeVideo-FakeAudio/African/women/id03713/00249_id04736_wavtolip.npz,4.040895462036133,1
FakeVideo-FakeAudio/African/women/id02721/00424_id00359_wavtolip.npz,8.576399803161621,1
FakeVideo-FakeAudio/African/women/id02721/00424_id00371_t20i0HtPwW0_id04939_wavtolip.npz,8.690796852111816,1
FakeVideo-FakeAudio/African/women/id02721/00424_id00568_gakhcJXnJZ8_id04939_wavtolip.npz,8.597073554992676,1
FakeVideo-FakeAudio/African/women/id02721/00424_id00707_wavtolip.npz,8.931151390075684,1
FakeVideo-FakeAudio/African/women/id02721/00424_id01178_wavtolip.npz,8.086416244506836,1
FakeVideo-FakeAudio/African/women/id02721/00424_id01661_wavtolip.npz,8.356325149536133,1
FakeVideo-FakeAudio/African/women/id02721/00424_id01783_wavtolip.npz,6.534116744995117,1
FakeVideo-FakeAudio/African/women/id02721/00424_id02071_wavtolip.npz,7.859790325164795,1
FakeVideo-FakeAudio/African/women/id02721/00424_id02586_dEYzYDsbAeo_id04939_wavtolip.npz,8.691872596740723,1
FakeVideo-FakeAudio/African/women/id02721/00424_id02617_wavtolip.npz,8.154481887817383,1
FakeVideo-FakeAudio/African/women/id02721/00424_id02721_wavtolip.npz,8.315927505493164,1
FakeVideo-FakeAudio/African/women/id02721/00424_id02808_nZtvxh6Eesc_id00371_wavtolip.npz,8.449459075927734,1
FakeVideo-FakeAudio/African/women/id02721/00424_id02824_wavtolip.npz,8.515303611755371,1
FakeVideo-FakeAudio/African/women/id02721/00424_id02948__ZEDGNWjuFE_id05235_wavtolip.npz,8.429171562194824,1
FakeVideo-FakeAudio/African/women/id02721/00424_id03658_8Wtu9VXKqjY_faceswap_id00371_wavtolip.npz,8.599913597106934,1
FakeVideo-FakeAudio/African/women/id02721/00424_id03658_8Wtu9VXKqjY_faceswap_id02824_wavtolip.npz,8.367952346801758,1
FakeVideo-FakeAudio/African/women/id02721/00424_id03658_8Wtu9VXKqjY_faceswap_id02838_wavtolip.npz,4.254247665405273,1
FakeVideo-FakeAudio/African/women/id02721/00424_id03658_8Wtu9VXKqjY_faceswap_id02948_wavtolip.npz,5.468034744262695,1
FakeVideo-FakeAudio/African/women/id02721/00424_id03658_8Wtu9VXKqjY_faceswap_id04820_wavtolip.npz,7.869131565093994,1
FakeVideo-FakeAudio/African/women/id02721/00424_id03658_8Wtu9VXKqjY_id02808_wavtolip.npz,3.3535091876983643,1
FakeVideo-FakeAudio/African/women/id02721/00424_id03658_wavtolip.npz,8.38169002532959,1
FakeVideo-FakeAudio/African/women/id02721/00424_id04705_ziJ9JsYr4R0_id05980_wavtolip.npz,7.955826282501221,1
FakeVideo-FakeAudio/African/women/id02721/00424_id05231_wfbM5puT6eQ_id00568_wavtolip.npz,7.754602432250977,1
FakeVideo-FakeAudio/African/women/id04547/00052_2_id00832_wavtolip.npz,8.315287590026855,1
FakeVideo-FakeAudio/African/women/id04547/00052_2_id02617_wavtolip.npz,8.560775756835938,1
FakeVideo-FakeAudio/African/women/id04547/00052_2_id02808_wavtolip.npz,2.8634486198425293,1
FakeVideo-FakeAudio/African/women/id04547/00052_2_id02824_wavtolip.npz,8.396794319152832,1
FakeVideo-FakeAudio/African/women/id04547/00052_2_id05251_wavtolip.npz,8.698262214660645,1
FakeVideo-FakeAudio/African/women/id04547/00052_id00568_wavtolip.npz,7.953248500823975,1
FakeVideo-FakeAudio/African/women/id04547/00052_id00829_aMEvVaUBq2Y_id04540_wavtolip.npz,8.310426712036133,1
FakeVideo-FakeAudio/African/women/id04547/00052_id00832_wavtolip.npz,8.342382431030273,1
FakeVideo-FakeAudio/African/women/id04547/00052_id01532_wavtolip.npz,8.488821983337402,1
FakeVideo-FakeAudio/African/women/id04547/00052_id01783_wavtolip.npz,6.208369731903076,1
FakeVideo-FakeAudio/African/women/id04547/00052_id02586_dEYzYDsbAeo_id02586_wavtolip.npz,8.525443077087402,1
FakeVideo-FakeAudio/African/women/id04547/00052_id02721_wavtolip.npz,8.019222259521484,1
FakeVideo-FakeAudio/African/women/id04547/00052_id03103_wiCYm3THQPw_id00460_wavtolip.npz,3.4956490993499756,1
FakeVideo-FakeAudio/African/women/id04547/00052_id03656_draVIyyqLtk_id02808_wavtolip.npz,-1.5722640752792358,1
FakeVideo-FakeAudio/African/women/id04547/00052_id03713_wavtolip.npz,8.142460823059082,1
FakeVideo-FakeAudio/African/women/id04547/00052_id04374_SWltOOZmlWM_id04939_wavtolip.npz,8.6412935256958,1
FakeVideo-FakeAudio/African/women/id04547/00052_id04540_9KNIjew03AQ_id01661_wavtolip.npz,8.457164764404297,1
FakeVideo-FakeAudio/African/women/id04547/00052_id04540_wavtolip.npz,8.22136116027832,1
FakeVideo-FakeAudio/African/women/id04547/00052_id04689_wavtolip.npz,8.057270050048828,1
FakeVideo-FakeAudio/African/women/id00220/00027_id00220_wavtolip.npz,8.363289833068848,1
FakeVideo-FakeAudio/African/women/id00220/00027_id00707_wavtolip.npz,8.874003410339355,1
FakeVideo-FakeAudio/African/women/id00220/00027_id01178_6XpgYMiKxhc_id05235_wavtolip.npz,8.128301620483398,1
FakeVideo-FakeAudio/African/women/id00220/00027_id01907_LBcRkuRq0uY_id04705_wavtolip.npz,5.508891582489014,1
FakeVideo-FakeAudio/African/women/id00220/00027_id02586_wavtolip.npz,8.12800121307373,1
FakeVideo-FakeAudio/African/women/id00220/00027_id02617_wavtolip.npz,7.885854244232178,1
FakeVideo-FakeAudio/African/women/id00220/00027_id02824_glBy_mYcXZw_id04437_wavtolip.npz,8.400420188903809,1
FakeVideo-FakeAudio/African/women/id00220/00027_id02838_wavtolip.npz,4.479243755340576,1
FakeVideo-FakeAudio/African/women/id00220/00027_id02948_wavtolip.npz,5.467074394226074,1
FakeVideo-FakeAudio/African/women/id00220/00027_id03569_YO0EpPm9p-8_id04376_wavtolip.npz,8.452756881713867,1
FakeVideo-FakeAudio/African/women/id00220/00027_id03569_wavtolip.npz,8.380614280700684,1
FakeVideo-FakeAudio/African/women/id00220/00027_id03658_wavtolip.npz,8.347029685974121,1
FakeVideo-FakeAudio/African/women/id00220/00027_id04376_wavtolip.npz,8.31579875946045,1
FakeVideo-FakeAudio/African/women/id00220/00027_id04939_i4v2cXo9HIQ_id00707_wavtolip.npz,8.811707496643066,1
FakeVideo-FakeAudio/African/women/id00220/00027_id05251_wavtolip.npz,8.238508224487305,1
FakeVideo-FakeAudio/African/women/id00220/00027_id05252_wavtolip.npz,8.60076904296875,1
FakeVideo-FakeAudio/African/women/id04820/00015_id00220_wavtolip.npz,8.507967948913574,1
FakeVideo-FakeAudio/African/women/id04820/00015_id00359_wavtolip.npz,8.224933624267578,1
FakeVideo-FakeAudio/African/women/id04820/00015_id01178_wavtolip.npz,8.032876014709473,1
FakeVideo-FakeAudio/African/women/id04820/00015_id01783_wavtolip.npz,6.636397838592529,1
FakeVideo-FakeAudio/African/women/id04820/00015_id02617_wavtolip.npz,8.190970420837402,1
FakeVideo-FakeAudio/African/women/id04820/00015_id02824_wavtolip.npz,8.237948417663574,1
FakeVideo-FakeAudio/African/women/id04820/00015_id02948__ZEDGNWjuFE_faceswap_id00568_wavtolip.npz,6.092645645141602,1
FakeVideo-FakeAudio/African/women/id04820/00015_id02948__ZEDGNWjuFE_faceswap_id01783_wavtolip.npz,6.5108232498168945,1
FakeVideo-FakeAudio/African/women/id04820/00015_id02948__ZEDGNWjuFE_faceswap_id02721_wavtolip.npz,8.028281211853027,1
FakeVideo-FakeAudio/African/women/id04820/00015_id02948__ZEDGNWjuFE_faceswap_id04376_wavtolip.npz,8.390501976013184,1
FakeVideo-FakeAudio/African/women/id04820/00015_id02948__ZEDGNWjuFE_faceswap_id04689_wavtolip.npz,7.841437816619873,1
FakeVideo-FakeAudio/African/women/id04820/00015_id02948__ZEDGNWjuFE_id04939_wavtolip.npz,8.266687393188477,1
FakeVideo-FakeAudio/African/women/id04820/00015_id03747_wavtolip.npz,0.3913532793521881,1
FakeVideo-FakeAudio/African/women/id04820/00015_id04055_wavtolip.npz,8.16391658782959,1
FakeVideo-FakeAudio/African/women/id04820/00015_id05106_wavtolip.npz,5.569860935211182,1
FakeVideo-FakeAudio/African/women/id04736/00083_id00359_wavtolip.npz,8.643829345703125,1
FakeVideo-FakeAudio/African/women/id04736/00083_id01661_wavtolip.npz,8.38540267944336,1
FakeVideo-FakeAudio/African/women/id04736/00083_id02071_wavtolip.npz,7.95863676071167,1
FakeVideo-FakeAudio/African/women/id04736/00083_id02508_wavtolip.npz,5.313913345336914,1
FakeVideo-FakeAudio/African/women/id04736/00083_id04055_wavtolip.npz,8.404866218566895,1
FakeVideo-FakeAudio/African/women/id04736/00083_id04689_wavtolip.npz,8.340938568115234,1
FakeVideo-FakeAudio/African/women/id04736/00083_id05235_ASy8lP3SRtw_faceswap_id00592_wavtolip.npz,5.57650089263916,1
FakeVideo-FakeAudio/African/women/id04736/00083_id05235_ASy8lP3SRtw_faceswap_id01907_wavtolip.npz,1.8171435594558716,1
FakeVideo-FakeAudio/African/women/id04736/00083_id05235_ASy8lP3SRtw_faceswap_id02721_wavtolip.npz,7.950684070587158,1
FakeVideo-FakeAudio/African/women/id04736/00083_id05235_ASy8lP3SRtw_faceswap_id04245_wavtolip.npz,8.050834655761719,1
FakeVideo-FakeAudio/African/women/id04736/00083_id05235_ASy8lP3SRtw_id05231_wavtolip.npz,8.010687828063965,1
FakeVideo-FakeAudio/African/women/id04736/00083_id05251_wavtolip.npz,8.479854583740234,1
FakeVideo-FakeAudio/African/women/id04736/00083_id05252_wavtolip.npz,8.380196571350098,1
FakeVideo-FakeAudio/African/women/id04376/00181_id00220_WlHLlTQKj8g_id04547_wavtolip.npz,8.693005561828613,1
FakeVideo-FakeAudio/African/women/id04376/00181_id00220_wavtolip.npz,8.338247299194336,1
FakeVideo-FakeAudio/African/women/id04376/00181_id00829_aMEvVaUBq2Y_id02948_wavtolip.npz,5.4700493812561035,1
FakeVideo-FakeAudio/African/women/id04376/00181_id00829_wavtolip.npz,8.002519607543945,1
FakeVideo-FakeAudio/African/women/id04376/00181_id01661_wavtolip.npz,8.456731796264648,1
FakeVideo-FakeAudio/African/women/id04376/00181_id01783_wavtolip.npz,6.614741325378418,1
FakeVideo-FakeAudio/African/women/id04376/00181_id02301_wavtolip.npz,8.249703407287598,1
FakeVideo-FakeAudio/African/women/id04376/00181_id02508_wavtolip.npz,6.26101016998291,1
FakeVideo-FakeAudio/African/women/id04376/00181_id02586_dEYzYDsbAeo_id05106_wavtolip.npz,5.653908729553223,1
FakeVideo-FakeAudio/African/women/id04376/00181_id02838_kaCQlSGlLe8_id05231_wavtolip.npz,8.436952590942383,1
FakeVideo-FakeAudio/African/women/id04376/00181_id03656_wavtolip.npz,5.094583034515381,1
FakeVideo-FakeAudio/African/women/id04376/00181_id03658_8Wtu9VXKqjY_id02586_wavtolip.npz,8.2539644241333,1
FakeVideo-FakeAudio/African/women/id04376/00181_id04055_wavtolip.npz,8.389155387878418,1
FakeVideo-FakeAudio/African/women/id04376/00181_id04374_SWltOOZmlWM_id01838_wavtolip.npz,8.212669372558594,1
FakeVideo-FakeAudio/African/women/id04376/00181_id04437_2csrqaF55pk_faceswap_id00371_wavtolip.npz,8.31767463684082,1
FakeVideo-FakeAudio/African/women/id04376/00181_id04437_2csrqaF55pk_faceswap_id00460_wavtolip.npz,-5.955777168273926,1
FakeVideo-FakeAudio/African/women/id04376/00181_id04437_2csrqaF55pk_faceswap_id00577_wavtolip.npz,8.72071647644043,1
FakeVideo-FakeAudio/African/women/id04376/00181_id04437_2csrqaF55pk_faceswap_id01838_wavtolip.npz,8.18477725982666,1
FakeVideo-FakeAudio/African/women/id04376/00181_id04437_2csrqaF55pk_faceswap_id02721_wavtolip.npz,8.335955619812012,1
FakeVideo-FakeAudio/African/women/id04376/00181_id05106_wavtolip.npz,5.810527801513672,1
FakeVideo-FakeAudio/African/women/id04374/00032_id00359_wavtolip.npz,8.276721000671387,1
FakeVideo-FakeAudio/African/women/id04374/00032_id00592_wavtolip.npz,5.628121852874756,1
FakeVideo-FakeAudio/African/women/id04374/00032_id00707_feeHCIlo6jg_id04055_wavtolip.npz,7.694999694824219,1
FakeVideo-FakeAudio/African/women/id04374/00032_id00832_wavtolip.npz,8.034915924072266,1
FakeVideo-FakeAudio/African/women/id04374/00032_id02617_wavtolip.npz,8.29833698272705,1
FakeVideo-FakeAudio/African/women/id04374/00032_id02721_wavtolip.npz,7.800410270690918,1
FakeVideo-FakeAudio/African/women/id04374/00032_id02824_wavtolip.npz,7.999126434326172,1
FakeVideo-FakeAudio/African/women/id04374/00032_id02838_kaCQlSGlLe8_id01783_wavtolip.npz,8.164216995239258,1
FakeVideo-FakeAudio/African/women/id04374/00032_id03656_draVIyyqLtk_id04437_wavtolip.npz,8.226627349853516,1
FakeVideo-FakeAudio/African/women/id04374/00032_id04547_3Qy2g2M47Aw_id02301_wavtolip.npz,8.155613899230957,1
FakeVideo-FakeAudio/African/women/id04374/00032_id04689_0YqK1ksKjLg_faceswap_id00371_wavtolip.npz,8.57199764251709,1
FakeVideo-FakeAudio/African/women/id04374/00032_id04689_0YqK1ksKjLg_faceswap_id01532_wavtolip.npz,8.572166442871094,1
FakeVideo-FakeAudio/African/women/id04374/00032_id04689_0YqK1ksKjLg_faceswap_id04689_wavtolip.npz,8.013495445251465,1
FakeVideo-FakeAudio/African/women/id04374/00032_id04689_0YqK1ksKjLg_faceswap_id05231_wavtolip.npz,7.836880683898926,1
FakeVideo-FakeAudio/African/women/id04374/00032_id04820_wavtolip.npz,7.513355255126953,1
FakeVideo-FakeAudio/African/women/id04374/00032_id04939_wavtolip.npz,8.471490859985352,1
FakeVideo-FakeAudio/African/women/id04374/00032_id05106_wavtolip.npz,5.749667167663574,1
FakeVideo-FakeAudio/African/women/id04374/00032_id05231_wfbM5puT6eQ_id03569_wavtolip.npz,8.318279266357422,1
FakeVideo-FakeAudio/African/women/id02824/00130_id00359_wavtolip.npz,8.858634948730469,1
FakeVideo-FakeAudio/African/women/id02824/00130_id00568_wavtolip.npz,7.4757843017578125,1
FakeVideo-FakeAudio/African/women/id02824/00130_id00829_wavtolip.npz,8.497917175292969,1
FakeVideo-FakeAudio/African/women/id02824/00130_id00832_Jr4-dXRChME_id04939_wavtolip.npz,8.21108341217041,1
FakeVideo-FakeAudio/African/women/id02824/00130_id00832_wavtolip.npz,8.290061950683594,1
FakeVideo-FakeAudio/African/women/id02824/00130_id01532_wavtolip.npz,8.59524917602539,1
FakeVideo-FakeAudio/African/women/id02824/00130_id01661_SdP_Monh-_4_id00568_wavtolip.npz,7.482052803039551,1
FakeVideo-FakeAudio/African/women/id02824/00130_id02301_wavtolip.npz,8.631241798400879,1
FakeVideo-FakeAudio/African/women/id02824/00130_id02824_wavtolip.npz,8.396450996398926,1
FakeVideo-FakeAudio/African/women/id02824/00130_id03656_draVIyyqLtk_id04437_wavtolip.npz,8.574117660522461,1
FakeVideo-FakeAudio/African/women/id02824/00130_id03747_wQOOhZvnrq4_faceswap_id01783_wavtolip.npz,6.138670444488525,1
FakeVideo-FakeAudio/African/women/id02824/00130_id03747_wQOOhZvnrq4_faceswap_id02617_wavtolip.npz,8.407225608825684,1
FakeVideo-FakeAudio/African/women/id02824/00130_id03747_wQOOhZvnrq4_faceswap_id04245_wavtolip.npz,8.512815475463867,1
FakeVideo-FakeAudio/African/women/id02824/00130_id03747_wQOOhZvnrq4_faceswap_id05106_wavtolip.npz,5.623412132263184,1
FakeVideo-FakeAudio/African/women/id02824/00130_id03747_wQOOhZvnrq4_faceswap_id05231_wavtolip.npz,8.212483406066895,1
FakeVideo-FakeAudio/African/women/id02824/00130_id03747_wQOOhZvnrq4_id03713_wavtolip.npz,8.609786033630371,1
FakeVideo-FakeAudio/African/women/id02824/00130_id04437_wavtolip.npz,8.486491203308105,1
FakeVideo-FakeAudio/African/women/id02824/00130_id04705_ziJ9JsYr4R0_id02948_wavtolip.npz,5.486050128936768,1
FakeVideo-FakeAudio/African/women/id02824/00130_id05106_wavtolip.npz,5.6248860359191895,1
FakeVideo-FakeAudio/African/women/id02824/00130_id05231_wfbM5puT6eQ_id02721_wavtolip.npz,8.318156242370605,1
FakeVideo-FakeAudio/African/women/id02824/00130_id05252_CMxIX3absYM_id02721_wavtolip.npz,8.323567390441895,1
FakeVideo-FakeAudio/African/women/id02824/00130_id05252_wavtolip.npz,8.771973609924316,1
FakeVideo-FakeAudio/Caucasian (American)/men/id04216/00470_id00018_sap-FjURHlc_id00777_wavtolip.npz,8.346964836120605,1
FakeVideo-FakeAudio/Caucasian (American)/men/id04216/00470_id00029_TGpCGl036qk_faceswap_id00029_wavtolip.npz,1.5219460725784302,1
FakeVideo-FakeAudio/Caucasian (American)/men/id04216/00470_id00029_TGpCGl036qk_faceswap_id00087_wavtolip.npz,7.822478771209717,1
FakeVideo-FakeAudio/Caucasian (American)/men/id04216/00470_id00029_TGpCGl036qk_faceswap_id01042_wavtolip.npz,8.206193923950195,1
FakeVideo-FakeAudio/Caucasian (American)/men/id04216/00470_id00029_TGpCGl036qk_faceswap_id01163_wavtolip.npz,8.211514472961426,1
FakeVideo-FakeAudio/Caucasian (American)/men/id04216/00470_id00029_TGpCGl036qk_faceswap_id01175_wavtolip.npz,6.551459312438965,1
FakeVideo-FakeAudio/Caucasian (American)/men/id04216/00470_id00029_TGpCGl036qk_id01192_wavtolip.npz,8.344772338867188,1
FakeVideo-FakeAudio/Caucasian (American)/men/id04216/00470_id00052_wavtolip.npz,1.953375220298767,1
FakeVideo-FakeAudio/Caucasian (American)/men/id04216/00470_id00062_bctnrIvZHTs_id00184_wavtolip.npz,8.230749130249023,1
FakeVideo-FakeAudio/Caucasian (American)/men/id04216/00470_id00062_wavtolip.npz,8.513687133789062,1
FakeVideo-FakeAudio/Caucasian (American)/men/id04216/00470_id00169__V1xAwwG29U_id03678_wavtolip.npz,8.32944393157959,1
FakeVideo-FakeAudio/Caucasian (American)/men/id04216/00470_id00179_Ux9OYyipQi8_id04073_wavtolip.npz,8.709888458251953,1
FakeVideo-FakeAudio/Caucasian (American)/men/id04216/00470_id00529_wavtolip.npz,6.63448429107666,1
FakeVideo-FakeAudio/Caucasian (American)/men/id04216/00470_id00708_wavtolip.npz,7.417566299438477,1
FakeVideo-FakeAudio/Caucasian (American)/men/id04216/00470_id00775_wavtolip.npz,7.250164985656738,1
FakeVideo-FakeAudio/Caucasian (American)/men/id04216/00470_id00945_wavtolip.npz,8.0916748046875,1
FakeVideo-FakeAudio/Caucasian (American)/men/id04216/00470_id01044_yL58R6zBNf4_id01192_wavtolip.npz,8.471604347229004,1
FakeVideo-FakeAudio/Caucasian (American)/men/id04216/00470_id01048_wavtolip.npz,8.34619426727295,1
FakeVideo-FakeAudio/Caucasian (American)/men/id04216/00470_id01105_qxMlGJlyfA8_id01172_wavtolip.npz,6.129678726196289,1
FakeVideo-FakeAudio/Caucasian (American)/men/id04216/00470_id01163_QSMeUEH3lJM_id00169_wavtolip.npz,7.359530448913574,1
FakeVideo-FakeAudio/Caucasian (American)/men/id04216/00470_id01175_wavtolip.npz,6.31953763961792,1
FakeVideo-FakeAudio/Caucasian (American)/men/id04216/00470_id01239_gJvquKo7kbA_id04073_wavtolip.npz,8.51463794708252,1
FakeVideo-FakeAudio/Caucasian (American)/men/id04216/00470_id03668_wavtolip.npz,7.790870189666748,1
FakeVideo-FakeAudio/Caucasian (American)/men/id04216/00470_id03678_wavtolip.npz,8.691574096679688,1
FakeVideo-FakeAudio/Caucasian (American)/men/id04216/00470_id04073_KT7B07WFWyM_id01175_wavtolip.npz,6.285027027130127,1
FakeVideo-FakeAudio/Caucasian (American)/men/id03525/00048_0_id00060_wavtolip.npz,7.4944329261779785,1
FakeVideo-FakeAudio/Caucasian (American)/men/id03525/00048_0_id00945_wavtolip.npz,8.229829788208008,1
FakeVideo-FakeAudio/Caucasian (American)/men/id03525/00048_0_id01168_wavtolip.npz,8.418384552001953,1
FakeVideo-FakeAudio/Caucasian (American)/men/id03525/00048_0_id01182_wavtolip.npz,8.780259132385254,1
FakeVideo-FakeAudio/Caucasian (American)/men/id03525/00048_0_id01201_wavtolip.npz,8.381131172180176,1
FakeVideo-FakeAudio/Caucasian (American)/men/id03525/00048_1_id00179_wavtolip.npz,5.301892280578613,1
FakeVideo-FakeAudio/Caucasian (American)/men/id03525/00048_1_id00696_wavtolip.npz,8.728671073913574,1
FakeVideo-FakeAudio/Caucasian (American)/men/id03525/00048_1_id01048_wavtolip.npz,8.45822811126709,1
FakeVideo-FakeAudio/Caucasian (American)/men/id03525/00048_1_id03757_wavtolip.npz,7.796673774719238,1
FakeVideo-FakeAudio/Caucasian (American)/men/id03525/00048_1_id04216_wavtolip.npz,8.524744033813477,1
FakeVideo-FakeAudio/Caucasian (American)/men/id03525/00048_2_id00020_wavtolip.npz,3.514434814453125,1
FakeVideo-FakeAudio/Caucasian (American)/men/id03525/00048_2_id00777_wavtolip.npz,8.347057342529297,1
FakeVideo-FakeAudio/Caucasian (American)/men/id03525/00048_2_id01105_wavtolip.npz,8.029890060424805,1
FakeVideo-FakeAudio/Caucasian (American)/men/id03525/00048_2_id01192_wavtolip.npz,8.84152603149414,1
FakeVideo-FakeAudio/Caucasian (American)/men/id03525/00048_2_id04219_wavtolip.npz,-3.205393075942993,1
FakeVideo-FakeAudio/Caucasian (American)/men/id03525/00048_id00060_gZ4RkcQ0SXE_id01182_wavtolip.npz,8.755887985229492,1
FakeVideo-FakeAudio/Caucasian (American)/men/id03525/00048_id00062_bctnrIvZHTs_id01210_wavtolip.npz,8.126472473144531,1
FakeVideo-FakeAudio/Caucasian (American)/men/id03525/00048_id00087_0ZbOp9FgZf8_id00062_wavtolip.npz,8.379613876342773,1
FakeVideo-FakeAudio/Caucasian (American)/men/id03525/00048_id00087_wavtolip.npz,7.9203596115112305,1
FakeVideo-FakeAudio/Caucasian (American)/men/id03525/00048_id00169_wavtolip.npz,7.192847728729248,1
FakeVideo-FakeAudio/Caucasian (American)/men/id03525/00048_id00529_xtx2GeQN-DQ_id01172_wavtolip.npz,6.148834228515625,1
FakeVideo-FakeAudio/Caucasian (American)/men/id03525/00048_id00777_wavtolip.npz,8.689309120178223,1
FakeVideo-FakeAudio/Caucasian (American)/men/id03525/00048_id00945_V-rSeF8o5pc_id00264_wavtolip.npz,8.519148826599121,1
FakeVideo-FakeAudio/Caucasian (American)/men/id03525/00048_id00971_wavtolip.npz,-1.2253726720809937,1
FakeVideo-FakeAudio/Caucasian (American)/men/id03525/00048_id01035_wavtolip.npz,8.743240356445312,1
FakeVideo-FakeAudio/Caucasian (American)/men/id03525/00048_id01044_wavtolip.npz,3.533008098602295,1
FakeVideo-FakeAudio/Caucasian (American)/men/id03525/00048_id01044_yL58R6zBNf4_id00087_wavtolip.npz,7.956117630004883,1
FakeVideo-FakeAudio/Caucasian (American)/men/id03525/00048_id01124_wavtolip.npz,8.49836254119873,1
FakeVideo-FakeAudio/Caucasian (American)/men/id03525/00048_id01163_QSMeUEH3lJM_id04219_wavtolip.npz,7.587431907653809,1
FakeVideo-FakeAudio/Caucasian (American)/men/id03525/00048_id01201_wavtolip.npz,8.511893272399902,1
FakeVideo-FakeAudio/Caucasian (American)/men/id03525/00048_id01210_sMdOO7NqsGY_id00529_wavtolip.npz,6.749571800231934,1
FakeVideo-FakeAudio/Caucasian (American)/men/id03525/00048_id03757_L-M-XbdFLQM_id01168_wavtolip.npz,8.557445526123047,1
FakeVideo-FakeAudio/Caucasian (American)/men/id03525/00048_id03757_wavtolip.npz,7.918980121612549,1
FakeVideo-FakeAudio/Caucasian (American)/men/id03525/00048_id04219_wavtolip.npz,8.020310401916504,1
FakeVideo-FakeAudio/Caucasian (American)/men/id03525/00048_id04221_5XfsCrxGvj4_faceswap_id00029_wavtolip.npz,1.9328995943069458,1
FakeVideo-FakeAudio/Caucasian (American)/men/id03525/00048_id04221_5XfsCrxGvj4_faceswap_id00087_wavtolip.npz,7.865023136138916,1
FakeVideo-FakeAudio/Caucasian (American)/men/id03525/00048_id04221_5XfsCrxGvj4_faceswap_id00943_wavtolip.npz,8.43311882019043,1
FakeVideo-FakeAudio/Caucasian (American)/men/id03525/00048_id04221_5XfsCrxGvj4_faceswap_id01172_wavtolip.npz,6.082871913909912,1
FakeVideo-FakeAudio/Caucasian (American)/men/id03525/00048_id04221_5XfsCrxGvj4_faceswap_id03757_wavtolip.npz,8.030522346496582,1
FakeVideo-FakeAudio/Caucasian (American)/men/id03525/00048_id04221_5XfsCrxGvj4_id00708_wavtolip.npz,6.935199737548828,1
FakeVideo-FakeAudio/Caucasian (American)/men/id03757/00149_0_id00018_wavtolip.npz,5.506174564361572,1
FakeVideo-FakeAudio/Caucasian (American)/men/id03757/00149_0_id00169_wavtolip.npz,7.300528526306152,1
FakeVideo-FakeAudio/Caucasian (American)/men/id03757/00149_0_id01048_wavtolip.npz,8.681984901428223,1
FakeVideo-FakeAudio/Caucasian (American)/men/id03757/00149_0_id01124_wavtolip.npz,8.627909660339355,1
FakeVideo-FakeAudio/Caucasian (American)/men/id03757/00149_0_id04219_wavtolip.npz,8.055908203125,1
FakeVideo-FakeAudio/Caucasian (American)/men/id03757/00149_1_id00052_wavtolip.npz,2.906177043914795,1
FakeVideo-FakeAudio/Caucasian (American)/men/id03757/00149_1_id00062_wavtolip.npz,8.266437530517578,1
FakeVideo-FakeAudio/Caucasian (American)/men/id03757/00149_1_id00264_wavtolip.npz,8.299715042114258,1
FakeVideo-FakeAudio/Caucasian (American)/men/id03757/00149_1_id00777_wavtolip.npz,8.361763000488281,1
FakeVideo-FakeAudio/Caucasian (American)/men/id03757/00149_1_id01035_wavtolip.npz,8.260672569274902,1
FakeVideo-FakeAudio/Caucasian (American)/men/id03757/00149_3_id00087_wavtolip.npz,7.904296398162842,1
FakeVideo-FakeAudio/Caucasian (American)/men/id03757/00149_3_id00775_wavtolip.npz,7.424465179443359,1
FakeVideo-FakeAudio/Caucasian (American)/men/id03757/00149_3_id01048_wavtolip.npz,8.76447582244873,1
FakeVideo-FakeAudio/Caucasian (American)/men/id03757/00149_3_id01172_wavtolip.npz,6.249369144439697,1
FakeVideo-FakeAudio/Caucasian (American)/men/id03757/00149_3_id04219_wavtolip.npz,8.028160095214844,1
FakeVideo-FakeAudio/Caucasian (American)/men/id03757/00149_id00018_sap-FjURHlc_id00777_wavtolip.npz,8.562606811523438,1
FakeVideo-FakeAudio/Caucasian (American)/men/id03757/00149_id00020_VXYAbbQWyQM_id00169_wavtolip.npz,8.448481559753418,1
FakeVideo-FakeAudio/Caucasian (American)/men/id03757/00149_id00052_wavtolip.npz,0.4657931625843048,1
FakeVideo-FakeAudio/Caucasian (American)/men/id03757/00149_id00088_wavtolip.npz,8.213540077209473,1
FakeVideo-FakeAudio/Caucasian (American)/men/id03757/00149_id00169__V1xAwwG29U_id00021_wavtolip.npz,8.314314842224121,1
FakeVideo-FakeAudio/Caucasian (American)/men/id03757/00149_id00184_wavtolip.npz,8.233875274658203,1
FakeVideo-FakeAudio/Caucasian (American)/men/id03757/00149_id00345_wavtolip.npz,8.018284797668457,1
FakeVideo-FakeAudio/Caucasian (American)/men/id03757/00149_id00708_wavtolip.npz,-2.4902865886688232,1
FakeVideo-FakeAudio/Caucasian (American)/men/id03757/00149_id00775_yeCUxHgUHxc_id04216_wavtolip.npz,8.468120574951172,1
FakeVideo-FakeAudio/Caucasian (American)/men/id03757/00149_id00945_wavtolip.npz,7.438426494598389,1
FakeVideo-FakeAudio/Caucasian (American)/men/id03757/00149_id00971_edWrVVn-rC4_id01211_wavtolip.npz,7.310009479522705,1
FakeVideo-FakeAudio/Caucasian (American)/men/id03757/00149_id01105_wavtolip.npz,7.731464385986328,1
FakeVideo-FakeAudio/Caucasian (American)/men/id03757/00149_id01124_wavtolip.npz,8.127803802490234,1
FakeVideo-FakeAudio/Caucasian (American)/men/id03757/00149_id01168_Uz7M0nTbgWM_faceswap_id00062_wavtolip.npz,8.42128849029541,1
FakeVideo-FakeAudio/Caucasian (American)/men/id03757/00149_id01168_Uz7M0nTbgWM_faceswap_id00945_wavtolip.npz,7.3037896156311035,1
FakeVideo-FakeAudio/Caucasian (American)/men/id03757/00149_id01168_Uz7M0nTbgWM_faceswap_id01044_wavtolip.npz,2.0831446647644043,1
FakeVideo-FakeAudio/Caucasian (American)/men/id03757/00149_id01168_Uz7M0nTbgWM_faceswap_id01192_wavtolip.npz,8.369553565979004,1
FakeVideo-FakeAudio/Caucasian (American)/men/id03757/00149_id01168_Uz7M0nTbgWM_faceswap_id03757_wavtolip.npz,8.404190063476562,1
FakeVideo-FakeAudio/Caucasian (American)/men/id03757/00149_id01168_Uz7M0nTbgWM_id04221_wavtolip.npz,-4.630885124206543,1
FakeVideo-FakeAudio/Caucasian (American)/men/id03757/00149_id01172_8f8sdrQatpw_id01105_wavtolip.npz,7.8466315269470215,1
FakeVideo-FakeAudio/Caucasian (American)/men/id03757/00149_id01201_Q8XWfmNiWYA_id03525_wavtolip.npz,8.208514213562012,1
FakeVideo-FakeAudio/Caucasian (American)/men/id03757/00149_id03757_wavtolip.npz,8.496877670288086,1
FakeVideo-FakeAudio/Caucasian (American)/men/id03757/00149_id04034_8ZeJXbjFa_o_id01042_wavtolip.npz,8.419429779052734,1
FakeVideo-FakeAudio/Caucasian (American)/men/id03757/00149_id04216_wavtolip.npz,8.555323600769043,1
FakeVideo-FakeAudio/Caucasian (American)/men/id00169/00021_id00018_sap-FjURHlc_id00088_wavtolip.npz,8.225132942199707,1
FakeVideo-FakeAudio/Caucasian (American)/men/id00169/00021_id00020_wavtolip.npz,3.819964647293091,1
FakeVideo-FakeAudio/Caucasian (American)/men/id00169/00021_id00049_wavtolip.npz,5.058226108551025,1
FakeVideo-FakeAudio/Caucasian (American)/men/id00169/00021_id00052_wavtolip.npz,0.27612945437431335,1
FakeVideo-FakeAudio/Caucasian (American)/men/id00169/00021_id00179_Ux9OYyipQi8_faceswap_id00169_wavtolip.npz,8.27607536315918,1
FakeVideo-FakeAudio/Caucasian (American)/men/id00169/00021_id00179_Ux9OYyipQi8_faceswap_id00529_wavtolip.npz,7.015291690826416,1
FakeVideo-FakeAudio/Caucasian (American)/men/id00169/00021_id00179_Ux9OYyipQi8_faceswap_id00943_wavtolip.npz,7.570572376251221,1
FakeVideo-FakeAudio/Caucasian (American)/men/id00169/00021_id00179_Ux9OYyipQi8_faceswap_id03668_wavtolip.npz,7.884712219238281,1
FakeVideo-FakeAudio/Caucasian (American)/men/id00169/00021_id00179_Ux9OYyipQi8_faceswap_id03757_wavtolip.npz,7.796267986297607,1
FakeVideo-FakeAudio/Caucasian (American)/men/id00169/00021_id00179_Ux9OYyipQi8_id03678_wavtolip.npz,8.612452507019043,1
FakeVideo-FakeAudio/Caucasian (American)/men/id00169/00021_id00243_wavtolip.npz,-3.002511739730835,1
FakeVideo-FakeAudio/Caucasian (American)/men/id00169/00021_id00529_wavtolip.npz,7.352696418762207,1
FakeVideo-FakeAudio/Caucasian (American)/men/id00169/00021_id00696_7PrURACjhqU_id00021_wavtolip.npz,6.202762603759766,1
FakeVideo-FakeAudio/Caucasian (American)/men/id00169/00021_id00943_wavtolip.npz,7.936647415161133,1
FakeVideo-FakeAudio/Caucasian (American)/men/id00169/00021_id00945_wavtolip.npz,7.9578328132629395,1
FakeVideo-FakeAudio/Caucasian (American)/men/id00169/00021_id01042_wavtolip.npz,8.767932891845703,1
FakeVideo-FakeAudio/Caucasian (American)/men/id00169/00021_id01048_keflA4viWt8_id00529_wavtolip.npz,7.328616142272949,1
FakeVideo-FakeAudio/Caucasian (American)/men/id00169/00021_id01096_wavtolip.npz,8.547683715820312,1
FakeVideo-FakeAudio/Caucasian (American)/men/id00169/00021_id01163_QSMeUEH3lJM_id00243_wavtolip.npz,-3.7227883338928223,1
FakeVideo-FakeAudio/Caucasian (American)/men/id00169/00021_id01182_wavtolip.npz,8.689861297607422,1
FakeVideo-FakeAudio/Caucasian (American)/men/id00169/00021_id01192_kAht8HG7-1s_id04073_wavtolip.npz,8.55919361114502,1
FakeVideo-FakeAudio/Caucasian (American)/men/id00169/00021_id01201_Q8XWfmNiWYA_id04219_wavtolip.npz,7.696615695953369,1
FakeVideo-FakeAudio/Caucasian (American)/men/id00169/00021_id03668_mjurT3_7DpE_id00088_wavtolip.npz,8.089085578918457,1
FakeVideo-FakeAudio/Caucasian (American)/men/id00169/00021_id03678_dsfCxodI9i8_id03678_wavtolip.npz,8.520527839660645,1
FakeVideo-FakeAudio/Caucasian (American)/men/id00169/00021_id04216_uDwxIsHkBIM_id03668_wavtolip.npz,7.9875311851501465,1
FakeVideo-FakeAudio/Caucasian (American)/men/id00184/00241_id00018_sap-FjURHlc_id00945_wavtolip.npz,8.1913480758667,1
FakeVideo-FakeAudio/Caucasian (American)/men/id00184/00241_id00020_wavtolip.npz,4.046148777008057,1
FakeVideo-FakeAudio/Caucasian (American)/men/id00184/00241_id00021_wavtolip.npz,6.100255966186523,1
FakeVideo-FakeAudio/Caucasian (American)/men/id00184/00241_id00060_wavtolip.npz,7.660977840423584,1
FakeVideo-FakeAudio/Caucasian (American)/men/id00184/00241_id00062_bctnrIvZHTs_id01168_wavtolip.npz,8.652009963989258,1
FakeVideo-FakeAudio/Caucasian (American)/men/id00184/00241_id00087_0ZbOp9FgZf8_faceswap_id00088_wavtolip.npz,7.892059803009033,1
FakeVideo-FakeAudio/Caucasian (American)/men/id00184/00241_id00087_0ZbOp9FgZf8_faceswap_id00184_wavtolip.npz,8.343655586242676,1
FakeVideo-FakeAudio/Caucasian (American)/men/id00184/00241_id00087_0ZbOp9FgZf8_faceswap_id00264_wavtolip.npz,8.58980941772461,1
FakeVideo-FakeAudio/Caucasian (American)/men/id00184/00241_id00087_0ZbOp9FgZf8_faceswap_id00777_wavtolip.npz,8.6953706741333,1
FakeVideo-FakeAudio/Caucasian (American)/men/id00184/00241_id00087_0ZbOp9FgZf8_faceswap_id01035_wavtolip.npz,8.494385719299316,1
FakeVideo-FakeAudio/Caucasian (American)/men/id00184/00241_id00087_0ZbOp9FgZf8_id00020_wavtolip.npz,4.030246257781982,1
FakeVideo-FakeAudio/Caucasian (American)/men/id00184/00241_id00184_wavtolip.npz,8.458415985107422,1
FakeVideo-FakeAudio/Caucasian (American)/men/id00184/00241_id00243_wavtolip.npz,5.620745658874512,1
FakeVideo-FakeAudio/Caucasian (American)/men/id00184/00241_id00708_wavtolip.npz,7.480220794677734,1
FakeVideo-FakeAudio/Caucasian (American)/men/id00184/00241_id01042_afqWPqWwJIY_id01201_wavtolip.npz,8.49645709991455,1
FakeVideo-FakeAudio/Caucasian (American)/men/id00184/00241_id01048_keflA4viWt8_id00169_wavtolip.npz,7.3084492683410645,1
FakeVideo-FakeAudio/Caucasian (American)/men/id00184/00241_id01105_wavtolip.npz,8.426016807556152,1
FakeVideo-FakeAudio/Caucasian (American)/men/id00184/00241_id01201_Q8XWfmNiWYA_id01044_wavtolip.npz,3.0364959239959717,1
FakeVideo-FakeAudio/Caucasian (American)/men/id00184/00241_id01201_wavtolip.npz,8.503741264343262,1
FakeVideo-FakeAudio/Caucasian (American)/men/id00184/00241_id01239_wavtolip.npz,8.041422843933105,1
FakeVideo-FakeAudio/Caucasian (American)/men/id00184/00241_id03757_L-M-XbdFLQM_id00264_wavtolip.npz,8.51459789276123,1
FakeVideo-FakeAudio/Caucasian (American)/men/id00184/00241_id04034_wavtolip.npz,2.4877138137817383,1
FakeVideo-FakeAudio/Caucasian (American)/men/id00184/00241_id04216_uDwxIsHkBIM_id00264_wavtolip.npz,8.664677619934082,1
FakeVideo-FakeAudio/Caucasian (American)/men/id00184/00241_id04219_9llHvP-jYDg_id01172_wavtolip.npz,6.144586086273193,1
FakeVideo-FakeAudio/Caucasian (American)/men/id00184/00241_id04221_5XfsCrxGvj4_id01168_wavtolip.npz,8.432639122009277,1
FakeVideo-FakeAudio/Caucasian (American)/men/id00021/00010_id00018_sap-FjURHlc_id01182_wavtolip.npz,8.483233451843262,1
FakeVideo-FakeAudio/Caucasian (American)/men/id00021/00010_id00021_wavtolip.npz,8.24521541595459,1
FakeVideo-FakeAudio/Caucasian (American)/men/id00021/00010_id00052_NK_leX996Yk_id00708_wavtolip.npz,7.181637287139893,1
FakeVideo-FakeAudio/Caucasian (American)/men/id00021/00010_id00062_wavtolip.npz,8.670210838317871,1
FakeVideo-FakeAudio/Caucasian (American)/men/id00021/00010_id00088_6WIDWxr8vuU_faceswap_id00062_wavtolip.npz,8.546401023864746,1
FakeVideo-FakeAudio/Caucasian (American)/men/id00021/00010_id00088_6WIDWxr8vuU_faceswap_id00088_wavtolip.npz,8.264599800109863,1
FakeVideo-FakeAudio/Caucasian (American)/men/id00021/00010_id00088_6WIDWxr8vuU_faceswap_id00775_wavtolip.npz,7.4953932762146,1
FakeVideo-FakeAudio/Caucasian (American)/men/id00021/00010_id00088_6WIDWxr8vuU_faceswap_id01182_wavtolip.npz,8.62161636352539,1
FakeVideo-FakeAudio/Caucasian (American)/men/id00021/00010_id00088_6WIDWxr8vuU_faceswap_id04216_wavtolip.npz,8.382119178771973,1
FakeVideo-FakeAudio/Caucasian (American)/men/id00021/00010_id00088_6WIDWxr8vuU_id00529_wavtolip.npz,7.335594177246094,1
FakeVideo-FakeAudio/Caucasian (American)/men/id00021/00010_id00179_Ux9OYyipQi8_id01044_wavtolip.npz,0.37173542380332947,1
FakeVideo-FakeAudio/Caucasian (American)/men/id00021/00010_id00696_wavtolip.npz,8.741979598999023,1
FakeVideo-FakeAudio/Caucasian (American)/men/id00021/00010_id00775_wavtolip.npz,7.817172050476074,1
FakeVideo-FakeAudio/Caucasian (American)/men/id00021/00010_id00943_LxSv2rnBGA8_id01175_wavtolip.npz,7.068153381347656,1
FakeVideo-FakeAudio/Caucasian (American)/men/id00021/00010_id01035_6EWG3Ywu3jg_id04221_wavtolip.npz,-5.733144760131836,1
FakeVideo-FakeAudio/Caucasian (American)/men/id00021/00010_id01035_wavtolip.npz,8.642003059387207,1
FakeVideo-FakeAudio/Caucasian (American)/men/id00021/00010_id01048_wavtolip.npz,8.775510787963867,1
FakeVideo-FakeAudio/Caucasian (American)/men/id00021/00010_id01105_wavtolip.npz,7.896020889282227,1
FakeVideo-FakeAudio/Caucasian (American)/men/id00021/00010_id01124_wavtolip.npz,8.211342811584473,1
FakeVideo-FakeAudio/Caucasian (American)/men/id00021/00010_id01175_Q_36xlWL6_o_id04073_wavtolip.npz,8.485536575317383,1
FakeVideo-FakeAudio/Caucasian (American)/men/id00021/00010_id01182_wavtolip.npz,8.455038070678711,1
FakeVideo-FakeAudio/Caucasian (American)/men/id00021/00010_id01192_kAht8HG7-1s_id04221_wavtolip.npz,-5.412042140960693,1
FakeVideo-FakeAudio/Caucasian (American)/men/id00021/00010_id04073_KT7B07WFWyM_id00529_wavtolip.npz,7.133233070373535,1
FakeVideo-FakeAudio/Caucasian (American)/men/id00021/00010_id04216_uDwxIsHkBIM_id00775_wavtolip.npz,7.865226745605469,1
FakeVideo-FakeAudio/Caucasian (American)/men/id00021/00010_id04219_wavtolip.npz,7.697793006896973,1
FakeVideo-FakeAudio/Caucasian (American)/men/id01163/00195_id00018_sap-FjURHlc_faceswap_id00087_wavtolip.npz,2.927046298980713,1
FakeVideo-FakeAudio/Caucasian (American)/men/id01163/00195_id00018_sap-FjURHlc_faceswap_id01096_wavtolip.npz,8.346141815185547,1
FakeVideo-FakeAudio/Caucasian (American)/men/id01163/00195_id00018_sap-FjURHlc_faceswap_id03678_wavtolip.npz,8.63766860961914,1
FakeVideo-FakeAudio/Caucasian (American)/men/id01163/00195_id00018_sap-FjURHlc_faceswap_id04073_wavtolip.npz,8.418334007263184,1
FakeVideo-FakeAudio/Caucasian (American)/men/id01163/00195_id00018_sap-FjURHlc_faceswap_id04219_wavtolip.npz,7.934322357177734,1
FakeVideo-FakeAudio/Caucasian (American)/men/id01163/00195_id00018_sap-FjURHlc_id00179_wavtolip.npz,5.4843645095825195,1
FakeVideo-FakeAudio/Caucasian (American)/men/id01163/00195_id00021_wavtolip.npz,6.251664161682129,1
FakeVideo-FakeAudio/Caucasian (American)/men/id01163/00195_id00060_gZ4RkcQ0SXE_id01211_wavtolip.npz,7.4568586349487305,1
FakeVideo-FakeAudio/Caucasian (American)/men/id01163/00195_id00062_bctnrIvZHTs_id00943_wavtolip.npz,7.1049628257751465,1
FakeVideo-FakeAudio/Caucasian (American)/men/id01163/00195_id00062_wavtolip.npz,8.426331520080566,1
FakeVideo-FakeAudio/Caucasian (American)/men/id01163/00195_id00088_6WIDWxr8vuU_id01211_wavtolip.npz,7.812809467315674,1
FakeVideo-FakeAudio/Caucasian (American)/men/id01163/00195_id00179_Ux9OYyipQi8_id01042_wavtolip.npz,8.68049144744873,1
FakeVideo-FakeAudio/Caucasian (American)/men/id01163/00195_id00529_xtx2GeQN-DQ_id00169_wavtolip.npz,8.596919059753418,1
FakeVideo-FakeAudio/Caucasian (American)/men/id01163/00195_id00696_wavtolip.npz,8.58655834197998,1
FakeVideo-FakeAudio/Caucasian (American)/men/id01163/00195_id00775_wavtolip.npz,7.347156047821045,1
FakeVideo-FakeAudio/Caucasian (American)/men/id01163/00195_id00945_wavtolip.npz,7.747474193572998,1
FakeVideo-FakeAudio/Caucasian (American)/men/id01163/00195_id01105_wavtolip.npz,8.079170227050781,1
FakeVideo-FakeAudio/Caucasian (American)/men/id01163/00195_id01124_Lnf2oGSM00s_id00243_wavtolip.npz,-3.055866003036499,1
FakeVideo-FakeAudio/Caucasian (American)/men/id01163/00195_id01172_wavtolip.npz,6.133340835571289,1
FakeVideo-FakeAudio/Caucasian (American)/men/id01163/00195_id01192_kAht8HG7-1s_id04073_wavtolip.npz,8.39477825164795,1
FakeVideo-FakeAudio/Caucasian (American)/men/id01163/00195_id04073_wavtolip.npz,8.289521217346191,1
FakeVideo-FakeAudio/Caucasian (American)/men/id01163/00195_id04216_uDwxIsHkBIM_id00529_wavtolip.npz,7.169516086578369,1
FakeVideo-FakeAudio/Caucasian (American)/men/id01163/00195_id04219_wavtolip.npz,7.701327800750732,1
FakeVideo-FakeAudio/Caucasian (American)/men/id01163/00195_id04221_wavtolip.npz,-4.754795551300049,1
FakeVideo-FakeAudio/Caucasian (American)/men/id00088/00005_id00018_sap-FjURHlc_id00529_wavtolip.npz,7.510482311248779,1
FakeVideo-FakeAudio/Caucasian (American)/men/id00088/00005_id00020_wavtolip.npz,3.935197114944458,1
FakeVideo-FakeAudio/Caucasian (American)/men/id00088/00005_id00021_6uNNej-JZ-c_faceswap_id00020_wavtolip.npz,4.172402858734131,1
FakeVideo-FakeAudio/Caucasian (American)/men/id00088/00005_id00021_6uNNej-JZ-c_faceswap_id00029_wavtolip.npz,4.029122352600098,1
FakeVideo-FakeAudio/Caucasian (American)/men/id00088/00005_id00021_6uNNej-JZ-c_faceswap_id00060_wavtolip.npz,8.130230903625488,1
FakeVideo-FakeAudio/Caucasian (American)/men/id00088/00005_id00021_6uNNej-JZ-c_faceswap_id00179_wavtolip.npz,5.287537574768066,1
FakeVideo-FakeAudio/Caucasian (American)/men/id00088/00005_id00021_6uNNej-JZ-c_faceswap_id04219_wavtolip.npz,8.040691375732422,1
FakeVideo-FakeAudio/Caucasian (American)/men/id00088/00005_id00021_6uNNej-JZ-c_id00345_wavtolip.npz,8.259136199951172,1
FakeVideo-FakeAudio/Caucasian (American)/men/id00088/00005_id00029_wavtolip.npz,3.797178268432617,1
FakeVideo-FakeAudio/Caucasian (American)/men/id00088/00005_id00049_S_EHTUF-mQY_id00049_wavtolip.npz,4.4844841957092285,1
FakeVideo-FakeAudio/Caucasian (American)/men/id00088/00005_id00052_wavtolip.npz,-0.5845560431480408,1
FakeVideo-FakeAudio/Caucasian (American)/men/id00088/00005_id00060_gZ4RkcQ0SXE_id00029_wavtolip.npz,3.981773853302002,1
FakeVideo-FakeAudio/Caucasian (American)/men/id00088/00005_id00060_wavtolip.npz,8.209330558776855,1
FakeVideo-FakeAudio/Caucasian (American)/men/id00088/00005_id00062_wavtolip.npz,8.605977058410645,1
FakeVideo-FakeAudio/Caucasian (American)/men/id00088/00005_id00243_oWwEIXM3oZQ_id00049_wavtolip.npz,4.503787994384766,1
FakeVideo-FakeAudio/Caucasian (American)/men/id00088/00005_id00264_wavtolip.npz,8.816884994506836,1
FakeVideo-FakeAudio/Caucasian (American)/men/id00088/00005_id00345_wavtolip.npz,8.659784317016602,1
FakeVideo-FakeAudio/Caucasian (American)/men/id00088/00005_id01042_wavtolip.npz,8.749028205871582,1
FakeVideo-FakeAudio/Caucasian (American)/men/id00088/00005_id01096_wavtolip.npz,8.546908378601074,1
FakeVideo-FakeAudio/Caucasian (American)/men/id00088/00005_id01124_Lnf2oGSM00s_id00169_wavtolip.npz,8.471776962280273,1
FakeVideo-FakeAudio/Caucasian (American)/men/id00088/00005_id01124_wavtolip.npz,8.6793794631958,1
FakeVideo-FakeAudio/Caucasian (American)/men/id00088/00005_id01163_QSMeUEH3lJM_id00087_wavtolip.npz,-0.4192734360694885,1
FakeVideo-FakeAudio/Caucasian (American)/men/id00088/00005_id01182_zca-PHR_U40_id00018_wavtolip.npz,5.282553195953369,1
FakeVideo-FakeAudio/Caucasian (American)/men/id00088/00005_id01201_Q8XWfmNiWYA_id01239_wavtolip.npz,4.233692646026611,1
FakeVideo-FakeAudio/Caucasian (American)/men/id00264/00257_0_id00018_wavtolip.npz,6.462094783782959,1
FakeVideo-FakeAudio/Caucasian (American)/men/id00264/00257_0_id00943_wavtolip.npz,7.1591033935546875,1
FakeVideo-FakeAudio/Caucasian (American)/men/id00264/00257_0_id01096_wavtolip.npz,8.095165252685547,1
FakeVideo-FakeAudio/Caucasian (American)/men/id00264/00257_0_id01182_wavtolip.npz,8.614754676818848,1
FakeVideo-FakeAudio/Caucasian (American)/men/id00264/00257_0_id03678_wavtolip.npz,8.360862731933594,1
FakeVideo-FakeAudio/Caucasian (American)/men/id00264/00257_1_id00169_wavtolip.npz,7.58200216293335,1
FakeVideo-FakeAudio/Caucasian (American)/men/id00264/00257_1_id00243_wavtolip.npz,-0.6782093048095703,1
FakeVideo-FakeAudio/Caucasian (American)/men/id00264/00257_1_id00943_wavtolip.npz,7.06085205078125,1
FakeVideo-FakeAudio/Caucasian (American)/men/id00264/00257_1_id01048_wavtolip.npz,8.414663314819336,1
FakeVideo-FakeAudio/Caucasian (American)/men/id00264/00257_1_id01163_wavtolip.npz,7.861550807952881,1
FakeVideo-FakeAudio/Caucasian (American)/men/id00264/00257_2_id00021_wavtolip.npz,6.025687217712402,1
FakeVideo-FakeAudio/Caucasian (American)/men/id00264/00257_2_id01124_wavtolip.npz,8.773017883300781,1
FakeVideo-FakeAudio/Caucasian (American)/men/id00264/00257_2_id01172_wavtolip.npz,6.130916595458984,1
FakeVideo-FakeAudio/Caucasian (American)/men/id00264/00257_2_id01210_wavtolip.npz,8.6876802444458,1
FakeVideo-FakeAudio/Caucasian (American)/men/id00264/00257_2_id04221_wavtolip.npz,5.696735858917236,1
FakeVideo-FakeAudio/Caucasian (American)/men/id00264/00257_3_id00021_wavtolip.npz,6.2221856117248535,1
FakeVideo-FakeAudio/Caucasian (American)/men/id00264/00257_3_id00060_wavtolip.npz,7.825428485870361,1
FakeVideo-FakeAudio/Caucasian (American)/men/id00264/00257_3_id00062_wavtolip.npz,8.708395004272461,1
FakeVideo-FakeAudio/Caucasian (American)/men/id00264/00257_3_id00777_wavtolip.npz,8.887075424194336,1
FakeVideo-FakeAudio/Caucasian (American)/men/id00264/00257_3_id03678_wavtolip.npz,8.919071197509766,1
FakeVideo-FakeAudio/Caucasian (American)/men/id00264/00257_id00018_sap-FjURHlc_id00169_wavtolip.npz,8.260713577270508,1
FakeVideo-FakeAudio/Caucasian (American)/men/id00264/00257_id00018_wavtolip.npz,7.114485263824463,1
FakeVideo-FakeAudio/Caucasian (American)/men/id00264/00257_id00021_wavtolip.npz,5.946919918060303,1
FakeVideo-FakeAudio/Caucasian (American)/men/id00264/00257_id00049_S_EHTUF-mQY_id00179_wavtolip.npz,5.281908988952637,1
FakeVideo-FakeAudio/Caucasian (American)/men/id00264/00257_id00052_NK_leX996Yk_id01210_wavtolip.npz,7.9630279541015625,1
FakeVideo-FakeAudio/Caucasian (American)/men/id00264/00257_id00052_wavtolip.npz,3.1306984424591064,1
FakeVideo-FakeAudio/Caucasian (American)/men/id00264/00257_id00169_wavtolip.npz,7.941256046295166,1
FakeVideo-FakeAudio/Caucasian (American)/men/id00264/00257_id00184_wavtolip.npz,8.121920585632324,1
FakeVideo-FakeAudio/Caucasian (American)/men/id00264/00257_id00243_wavtolip.npz,-3.0853333473205566,1
FakeVideo-FakeAudio/Caucasian (American)/men/id00264/00257_id00345_wavtolip.npz,8.2290620803833,1
FakeVideo-FakeAudio/Caucasian (American)/men/id00264/00257_id00529_xtx2GeQN-DQ_id01124_wavtolip.npz,8.280409812927246,1
FakeVideo-FakeAudio/Caucasian (American)/men/id00264/00257_id00696_7PrURACjhqU_id01210_wavtolip.npz,8.095232009887695,1
FakeVideo-FakeAudio/Caucasian (American)/men/id00264/00257_id00945_V-rSeF8o5pc_id01210_wavtolip.npz,8.325445175170898,1
FakeVideo-FakeAudio/Caucasian (American)/men/id00264/00257_id00945_wavtolip.npz,7.953939914703369,1
FakeVideo-FakeAudio/Caucasian (American)/men/id00264/00257_id00971_wavtolip.npz,1.160663366317749,1
FakeVideo-FakeAudio/Caucasian (American)/men/id00264/00257_id01182_zca-PHR_U40_id04034_wavtolip.npz,1.2945853471755981,1
FakeVideo-FakeAudio/Caucasian (American)/men/id00264/00257_id01201_Q8XWfmNiWYA_id00020_wavtolip.npz,3.911130666732788,1
FakeVideo-FakeAudio/Caucasian (American)/men/id00264/00257_id03678_wavtolip.npz,8.422067642211914,1
FakeVideo-FakeAudio/Caucasian (American)/men/id00264/00257_id03757_L-M-XbdFLQM_id00943_wavtolip.npz,7.136360168457031,1
FakeVideo-FakeAudio/Caucasian (American)/men/id00264/00257_id04073_KT7B07WFWyM_id00062_wavtolip.npz,8.436683654785156,1
FakeVideo-FakeAudio/Caucasian (American)/men/id00529/00409_id00018_sap-FjURHlc_id01124_wavtolip.npz,8.439803123474121,1
FakeVideo-FakeAudio/Caucasian (American)/men/id00529/00409_id00020_wavtolip.npz,3.970146417617798,1
FakeVideo-FakeAudio/Caucasian (American)/men/id00529/00409_id00029_wavtolip.npz,3.229830026626587,1
FakeVideo-FakeAudio/Caucasian (American)/men/id00529/00409_id00049_S_EHTUF-mQY_id00943_wavtolip.npz,7.939397811889648,1
FakeVideo-FakeAudio/Caucasian (American)/men/id00529/00409_id00060_gZ4RkcQ0SXE_id01105_wavtolip.npz,8.484454154968262,1
FakeVideo-FakeAudio/Caucasian (American)/men/id00529/00409_id00060_wavtolip.npz,8.049323081970215,1
FakeVideo-FakeAudio/Caucasian (American)/men/id00529/00409_id00169_wavtolip.npz,7.431841850280762,1
FakeVideo-FakeAudio/Caucasian (American)/men/id00529/00409_id00184_wavtolip.npz,8.142719268798828,1
FakeVideo-FakeAudio/Caucasian (American)/men/id00529/00409_id00243_oWwEIXM3oZQ_id01239_wavtolip.npz,4.642022132873535,1
FakeVideo-FakeAudio/Caucasian (American)/men/id00529/00409_id00243_wavtolip.npz,4.430588722229004,1
FakeVideo-FakeAudio/Caucasian (American)/men/id00529/00409_id00777_wavtolip.npz,8.746739387512207,1
FakeVideo-FakeAudio/Caucasian (American)/men/id00529/00409_id01105_wavtolip.npz,8.519680976867676,1
FakeVideo-FakeAudio/Caucasian (American)/men/id00529/00409_id01163_QSMeUEH3lJM_id00777_wavtolip.npz,8.794242858886719,1
FakeVideo-FakeAudio/Caucasian (American)/men/id00529/00409_id01168_Uz7M0nTbgWM_id00088_wavtolip.npz,8.148259162902832,1
FakeVideo-FakeAudio/Caucasian (American)/men/id00529/00409_id01172_8f8sdrQatpw_id01042_wavtolip.npz,8.65341854095459,1
FakeVideo-FakeAudio/Caucasian (American)/men/id00529/00409_id01182_wavtolip.npz,8.552948951721191,1
FakeVideo-FakeAudio/Caucasian (American)/men/id00529/00409_id01239_wavtolip.npz,4.666331768035889,1
FakeVideo-FakeAudio/Caucasian (American)/men/id00529/00409_id03668_mjurT3_7DpE_id01172_wavtolip.npz,6.219743251800537,1
FakeVideo-FakeAudio/Caucasian (American)/men/id00529/00409_id03678_dsfCxodI9i8_faceswap_id00021_wavtolip.npz,6.355217933654785,1
FakeVideo-FakeAudio/Caucasian (American)/men/id00529/00409_id03678_dsfCxodI9i8_faceswap_id00243_wavtolip.npz,4.4143877029418945,1
FakeVideo-FakeAudio/Caucasian (American)/men/id00529/00409_id03678_dsfCxodI9i8_faceswap_id01042_wavtolip.npz,8.58935260772705,1
FakeVideo-FakeAudio/Caucasian (American)/men/id00529/00409_id03678_dsfCxodI9i8_faceswap_id01201_wavtolip.npz,8.74829387664795,1
FakeVideo-FakeAudio/Caucasian (American)/men/id00529/00409_id03678_dsfCxodI9i8_faceswap_id04034_wavtolip.npz,2.1434054374694824,1
FakeVideo-FakeAudio/Caucasian (American)/men/id00529/00409_id03678_dsfCxodI9i8_id00708_wavtolip.npz,7.1515913009643555,1
FakeVideo-FakeAudio/Caucasian (American)/men/id00529/00409_id04034_8ZeJXbjFa_o_id01175_wavtolip.npz,6.790595531463623,1
FakeVideo-FakeAudio/Caucasian (American)/men/id00943/00304_id00021_6uNNej-JZ-c_faceswap_id00018_wavtolip.npz,5.459628582000732,1
FakeVideo-FakeAudio/Caucasian (American)/men/id00943/00304_id00021_6uNNej-JZ-c_faceswap_id00029_wavtolip.npz,4.861963272094727,1
FakeVideo-FakeAudio/Caucasian (American)/men/id00943/00304_id00021_6uNNej-JZ-c_faceswap_id00087_wavtolip.npz,7.802648067474365,1
FakeVideo-FakeAudio/Caucasian (American)/men/id00943/00304_id00021_6uNNej-JZ-c_faceswap_id00179_wavtolip.npz,5.323266506195068,1
FakeVideo-FakeAudio/Caucasian (American)/men/id00943/00304_id00021_6uNNej-JZ-c_faceswap_id00184_wavtolip.npz,7.822459697723389,1
FakeVideo-FakeAudio/Caucasian (American)/men/id00943/00304_id00021_6uNNej-JZ-c_id04073_wavtolip.npz,8.56320571899414,1
FakeVideo-FakeAudio/Caucasian (American)/men/id00943/00304_id00049_S_EHTUF-mQY_id04221_wavtolip.npz,5.409873962402344,1
FakeVideo-FakeAudio/Caucasian (American)/men/id00943/00304_id00052_NK_leX996Yk_id01172_wavtolip.npz,6.248299598693848,1
FakeVideo-FakeAudio/Caucasian (American)/men/id00943/00304_id00060_gZ4RkcQ0SXE_id04221_wavtolip.npz,5.728763580322266,1
FakeVideo-FakeAudio/Caucasian (American)/men/id00943/00304_id00088_wavtolip.npz,8.08927059173584,1
FakeVideo-FakeAudio/Caucasian (American)/men/id00943/00304_id00179_Ux9OYyipQi8_id00179_wavtolip.npz,5.277803421020508,1
FakeVideo-FakeAudio/Caucasian (American)/men/id00943/00304_id00179_wavtolip.npz,5.268455505371094,1
FakeVideo-FakeAudio/Caucasian (American)/men/id00943/00304_id00184_wavtolip.npz,7.568940162658691,1
FakeVideo-FakeAudio/Caucasian (American)/men/id00943/00304_id00529_wavtolip.npz,6.51693058013916,1
FakeVideo-FakeAudio/Caucasian (American)/men/id00943/00304_id00529_xtx2GeQN-DQ_id00169_wavtolip.npz,7.154929161071777,1
FakeVideo-FakeAudio/Caucasian (American)/men/id00943/00304_id00777_wavtolip.npz,8.332756996154785,1
FakeVideo-FakeAudio/Caucasian (American)/men/id00943/00304_id00945_V-rSeF8o5pc_id04216_wavtolip.npz,8.235371589660645,1
FakeVideo-FakeAudio/Caucasian (American)/men/id00943/00304_id01044_yL58R6zBNf4_id00169_wavtolip.npz,7.265110492706299,1
FakeVideo-FakeAudio/Caucasian (American)/men/id00943/00304_id01192_wavtolip.npz,8.374987602233887,1
FakeVideo-FakeAudio/Caucasian (American)/men/id00943/00304_id01210_wavtolip.npz,8.122223854064941,1
FakeVideo-FakeAudio/Caucasian (American)/men/id00943/00304_id01211_wavtolip.npz,7.109437942504883,1
FakeVideo-FakeAudio/Caucasian (American)/men/id00943/00304_id03525_wavtolip.npz,8.303277969360352,1
FakeVideo-FakeAudio/Caucasian (American)/men/id00943/00304_id03757_wavtolip.npz,7.599106788635254,1
FakeVideo-FakeAudio/Caucasian (American)/men/id01096/00037_id00020_wavtolip.npz,8.00893783569336,1
FakeVideo-FakeAudio/Caucasian (American)/men/id01096/00037_id00029_TGpCGl036qk_id00696_wavtolip.npz,8.596516609191895,1
FakeVideo-FakeAudio/Caucasian (American)/men/id01096/00037_id00029_wavtolip.npz,6.291743755340576,1
FakeVideo-FakeAudio/Caucasian (American)/men/id01096/00037_id00052_wavtolip.npz,6.625957012176514,1
FakeVideo-FakeAudio/Caucasian (American)/men/id01096/00037_id00087_0ZbOp9FgZf8_id03757_wavtolip.npz,7.914581298828125,1
FakeVideo-FakeAudio/Caucasian (American)/men/id01096/00037_id00179_Ux9OYyipQi8_id01105_wavtolip.npz,8.153360366821289,1
FakeVideo-FakeAudio/Caucasian (American)/men/id01096/00037_id00696_wavtolip.npz,8.715076446533203,1
FakeVideo-FakeAudio/Caucasian (American)/men/id01096/00037_id00708_Dzmb0FH1xBc_id00179_wavtolip.npz,5.53083610534668,1
FakeVideo-FakeAudio/Caucasian (American)/men/id01096/00037_id00775_yeCUxHgUHxc_faceswap_id00018_wavtolip.npz,5.342752456665039,1
FakeVideo-FakeAudio/Caucasian (American)/men/id01096/00037_id00775_yeCUxHgUHxc_faceswap_id00696_wavtolip.npz,8.646126747131348,1
FakeVideo-FakeAudio/Caucasian (American)/men/id01096/00037_id00775_yeCUxHgUHxc_faceswap_id00943_wavtolip.npz,8.005322456359863,1
FakeVideo-FakeAudio/Caucasian (American)/men/id01096/00037_id00775_yeCUxHgUHxc_faceswap_id01124_wavtolip.npz,8.398353576660156,1
FakeVideo-FakeAudio/Caucasian (American)/men/id01096/00037_id00775_yeCUxHgUHxc_faceswap_id03757_wavtolip.npz,7.478670120239258,1
FakeVideo-FakeAudio/Caucasian (American)/men/id01096/00037_id00775_yeCUxHgUHxc_id01211_wavtolip.npz,7.310282230377197,1
FakeVideo-FakeAudio/Caucasian (American)/men/id01096/00037_id00777_wavtolip.npz,8.733278274536133,1
FakeVideo-FakeAudio/Caucasian (American)/men/id01096/00037_id00943_LxSv2rnBGA8_id01042_wavtolip.npz,8.634682655334473,1
FakeVideo-FakeAudio/Caucasian (American)/men/id01096/00037_id00943_wavtolip.npz,7.964977264404297,1
FakeVideo-FakeAudio/Caucasian (American)/men/id01096/00037_id00971_wavtolip.npz,8.520098686218262,1
FakeVideo-FakeAudio/Caucasian (American)/men/id01096/00037_id01042_afqWPqWwJIY_id03525_wavtolip.npz,7.9352593421936035,1
FakeVideo-FakeAudio/Caucasian (American)/men/id01096/00037_id01048_keflA4viWt8_id01182_wavtolip.npz,8.639684677124023,1
FakeVideo-FakeAudio/Caucasian (American)/men/id01096/00037_id01210_wavtolip.npz,8.34853744506836,1
FakeVideo-FakeAudio/Caucasian (American)/men/id01096/00037_id01239_gJvquKo7kbA_id01182_wavtolip.npz,8.565133094787598,1
FakeVideo-FakeAudio/Caucasian (American)/men/id01096/00037_id03678_wavtolip.npz,8.219785690307617,1
FakeVideo-FakeAudio/Caucasian (American)/men/id01096/00037_id03757_wavtolip.npz,7.957034587860107,1
FakeVideo-FakeAudio/Caucasian (American)/men/id01096/00037_id04221_5XfsCrxGvj4_id00018_wavtolip.npz,5.316409587860107,1
FakeVideo-FakeAudio/Caucasian (American)/men/id00345/00243_id00060_wavtolip.npz,8.237687110900879,1
FakeVideo-FakeAudio/Caucasian (American)/men/id00345/00243_id00062_wavtolip.npz,8.49048900604248,1
FakeVideo-FakeAudio/Caucasian (American)/men/id00345/00243_id00087_wavtolip.npz,4.077958583831787,1
FakeVideo-FakeAudio/Caucasian (American)/men/id00345/00243_id00088_6WIDWxr8vuU_id03668_wavtolip.npz,7.784526348114014,1
FakeVideo-FakeAudio/Caucasian (American)/men/id00345/00243_id00179_Ux9OYyipQi8_faceswap_id00945_wavtolip.npz,7.467153072357178,1
FakeVideo-FakeAudio/Caucasian (American)/men/id00345/00243_id00179_Ux9OYyipQi8_faceswap_id01168_wavtolip.npz,8.342866897583008,1
FakeVideo-FakeAudio/Caucasian (American)/men/id00345/00243_id00179_Ux9OYyipQi8_faceswap_id01175_wavtolip.npz,7.38389253616333,1
FakeVideo-FakeAudio/Caucasian (American)/men/id00345/00243_id00179_Ux9OYyipQi8_faceswap_id01201_wavtolip.npz,8.207134246826172,1
FakeVideo-FakeAudio/Caucasian (American)/men/id00345/00243_id00179_Ux9OYyipQi8_faceswap_id04073_wavtolip.npz,8.639016151428223,1
FakeVideo-FakeAudio/Caucasian (American)/men/id00345/00243_id00179_Ux9OYyipQi8_id01201_wavtolip.npz,8.274499893188477,1
FakeVideo-FakeAudio/Caucasian (American)/men/id00345/00243_id00184_wavtolip.npz,8.025395393371582,1
FakeVideo-FakeAudio/Caucasian (American)/men/id00345/00243_id00696_7PrURACjhqU_id01239_wavtolip.npz,6.579908847808838,1
FakeVideo-FakeAudio/Caucasian (American)/men/id00345/00243_id00696_wavtolip.npz,8.29937744140625,1
FakeVideo-FakeAudio/Caucasian (American)/men/id00345/00243_id00777_wavtolip.npz,8.136629104614258,1
FakeVideo-FakeAudio/Caucasian (American)/men/id00345/00243_id01105_wavtolip.npz,7.901589870452881,1
FakeVideo-FakeAudio/Caucasian (American)/men/id00345/00243_id01124_Lnf2oGSM00s_id01035_wavtolip.npz,8.467733383178711,1
FakeVideo-FakeAudio/Caucasian (American)/men/id00345/00243_id01182_zca-PHR_U40_id00052_wavtolip.npz,-1.131750226020813,1
FakeVideo-FakeAudio/Caucasian (American)/men/id00345/00243_id01201_wavtolip.npz,8.198988914489746,1
FakeVideo-FakeAudio/Caucasian (American)/men/id00345/00243_id01210_sMdOO7NqsGY_id00049_wavtolip.npz,5.711225986480713,1
FakeVideo-FakeAudio/Caucasian (American)/men/id00345/00243_id01211_ALJX69-RDG8_id00049_wavtolip.npz,5.730836391448975,1
FakeVideo-FakeAudio/Caucasian (American)/men/id00345/00243_id01239_gJvquKo7kbA_id01096_wavtolip.npz,8.120193481445312,1
FakeVideo-FakeAudio/Caucasian (American)/men/id00345/00243_id03525_wavtolip.npz,8.331283569335938,1
FakeVideo-FakeAudio/Caucasian (American)/men/id00345/00243_id04073_KT7B07WFWyM_id00052_wavtolip.npz,0.49521198868751526,1
FakeVideo-FakeAudio/Caucasian (American)/men/id00345/00243_id04216_wavtolip.npz,8.550848007202148,1
FakeVideo-FakeAudio/Caucasian (American)/men/id01192/00217_id00029_wavtolip.npz,2.015739679336548,1
FakeVideo-FakeAudio/Caucasian (American)/men/id01192/00217_id00052_wavtolip.npz,0.5936539173126221,1
FakeVideo-FakeAudio/Caucasian (American)/men/id01192/00217_id00062_bctnrIvZHTs_id04216_wavtolip.npz,8.424072265625,1
FakeVideo-FakeAudio/Caucasian (American)/men/id01192/00217_id00087_wavtolip.npz,7.704397678375244,1
FakeVideo-FakeAudio/Caucasian (American)/men/id01192/00217_id00088_wavtolip.npz,8.212272644042969,1
FakeVideo-FakeAudio/Caucasian (American)/men/id01192/00217_id00169__V1xAwwG29U_id00345_wavtolip.npz,8.159031867980957,1
FakeVideo-FakeAudio/Caucasian (American)/men/id01192/00217_id00169_wavtolip.npz,7.121195316314697,1
FakeVideo-FakeAudio/Caucasian (American)/men/id01192/00217_id00775_wavtolip.npz,7.303060054779053,1
FakeVideo-FakeAudio/Caucasian (American)/men/id01192/00217_id00775_yeCUxHgUHxc_id01201_wavtolip.npz,8.613245010375977,1
FakeVideo-FakeAudio/Caucasian (American)/men/id01192/00217_id00943_wavtolip.npz,6.901998996734619,1
FakeVideo-FakeAudio/Caucasian (American)/men/id01192/00217_id01035_wavtolip.npz,8.702122688293457,1
FakeVideo-FakeAudio/Caucasian (American)/men/id01192/00217_id01042_afqWPqWwJIY_id00529_wavtolip.npz,6.668488025665283,1
FakeVideo-FakeAudio/Caucasian (American)/men/id01192/00217_id01044_yL58R6zBNf4_id03757_wavtolip.npz,8.002754211425781,1
FakeVideo-FakeAudio/Caucasian (American)/men/id01192/00217_id01096_wavtolip.npz,8.287610054016113,1
FakeVideo-FakeAudio/Caucasian (American)/men/id01192/00217_id01105_qxMlGJlyfA8_faceswap_id00021_wavtolip.npz,6.15147066116333,1
FakeVideo-FakeAudio/Caucasian (American)/men/id01192/00217_id01105_qxMlGJlyfA8_faceswap_id00029_wavtolip.npz,-1.1528913974761963,1
FakeVideo-FakeAudio/Caucasian (American)/men/id01192/00217_id01105_qxMlGJlyfA8_faceswap_id00087_wavtolip.npz,7.9309844970703125,1
FakeVideo-FakeAudio/Caucasian (American)/men/id01192/00217_id01105_qxMlGJlyfA8_faceswap_id00529_wavtolip.npz,6.552212238311768,1
FakeVideo-FakeAudio/Caucasian (American)/men/id01192/00217_id01105_qxMlGJlyfA8_faceswap_id00943_wavtolip.npz,7.258749961853027,1
FakeVideo-FakeAudio/Caucasian (American)/men/id01192/00217_id01105_qxMlGJlyfA8_id01192_wavtolip.npz,8.803275108337402,1
FakeVideo-FakeAudio/Caucasian (American)/men/id01192/00217_id01163_QSMeUEH3lJM_id04219_wavtolip.npz,7.617626667022705,1
FakeVideo-FakeAudio/Caucasian (American)/men/id01192/00217_id01239_gJvquKo7kbA_id03668_wavtolip.npz,8.31005859375,1
FakeVideo-FakeAudio/Caucasian (American)/men/id01192/00217_id04073_KT7B07WFWyM_id01168_wavtolip.npz,8.554849624633789,1
FakeVideo-FakeAudio/Caucasian (American)/men/id01192/00217_id04219_wavtolip.npz,7.68658971786499,1
FakeVideo-FakeAudio/Caucasian (American)/men/id01192/00217_id04221_5XfsCrxGvj4_id01239_wavtolip.npz,4.876126766204834,1
FakeVideo-FakeAudio/Caucasian (American)/men/id03678/00078_id00018_sap-FjURHlc_id03668_wavtolip.npz,8.09774398803711,1
FakeVideo-FakeAudio/Caucasian (American)/men/id03678/00078_id00049_S_EHTUF-mQY_id00345_wavtolip.npz,8.178466796875,1
FakeVideo-FakeAudio/Caucasian (American)/men/id03678/00078_id00049_wavtolip.npz,2.2472615242004395,1
FakeVideo-FakeAudio/Caucasian (American)/men/id03678/00078_id00060_wavtolip.npz,7.946169376373291,1
FakeVideo-FakeAudio/Caucasian (American)/men/id03678/00078_id00169__V1xAwwG29U_id00243_wavtolip.npz,-1.8219712972640991,1
FakeVideo-FakeAudio/Caucasian (American)/men/id03678/00078_id00243_oWwEIXM3oZQ_id00087_wavtolip.npz,2.5280206203460693,1
FakeVideo-FakeAudio/Caucasian (American)/men/id03678/00078_id00264_wavtolip.npz,8.415377616882324,1
FakeVideo-FakeAudio/Caucasian (American)/men/id03678/00078_id00345_wavtolip.npz,7.794248104095459,1
FakeVideo-FakeAudio/Caucasian (American)/men/id03678/00078_id00529_wavtolip.npz,7.252830505371094,1
FakeVideo-FakeAudio/Caucasian (American)/men/id03678/00078_id00529_xtx2GeQN-DQ_id00264_wavtolip.npz,8.32669734954834,1
FakeVideo-FakeAudio/Caucasian (American)/men/id03678/00078_id00696_7PrURACjhqU_id01239_wavtolip.npz,4.607125282287598,1
FakeVideo-FakeAudio/Caucasian (American)/men/id03678/00078_id00777_wavtolip.npz,8.75798511505127,1
FakeVideo-FakeAudio/Caucasian (American)/men/id03678/00078_id00971_wavtolip.npz,1.2060387134552002,1
FakeVideo-FakeAudio/Caucasian (American)/men/id03678/00078_id01124_Lnf2oGSM00s_id00777_wavtolip.npz,8.719202041625977,1
FakeVideo-FakeAudio/Caucasian (American)/men/id03678/00078_id01163_QSMeUEH3lJM_id00062_wavtolip.npz,8.621530532836914,1
FakeVideo-FakeAudio/Caucasian (American)/men/id03678/00078_id01172_8f8sdrQatpw_id03525_wavtolip.npz,8.294975280761719,1
FakeVideo-FakeAudio/Caucasian (American)/men/id03678/00078_id01182_wavtolip.npz,8.143287658691406,1
FakeVideo-FakeAudio/Caucasian (American)/men/id03678/00078_id01192_wavtolip.npz,8.580256462097168,1
FakeVideo-FakeAudio/Caucasian (American)/men/id03678/00078_id03668_mjurT3_7DpE_faceswap_id00021_wavtolip.npz,5.837795257568359,1
FakeVideo-FakeAudio/Caucasian (American)/men/id03678/00078_id03668_mjurT3_7DpE_faceswap_id00184_wavtolip.npz,7.974198341369629,1
FakeVideo-FakeAudio/Caucasian (American)/men/id03678/00078_id03668_mjurT3_7DpE_faceswap_id01172_wavtolip.npz,6.264276027679443,1
FakeVideo-FakeAudio/Caucasian (American)/men/id03678/00078_id03668_mjurT3_7DpE_faceswap_id01192_wavtolip.npz,8.537262916564941,1
FakeVideo-FakeAudio/Caucasian (American)/men/id03678/00078_id03668_mjurT3_7DpE_faceswap_id01239_wavtolip.npz,4.621340274810791,1
FakeVideo-FakeAudio/Caucasian (American)/men/id03678/00078_id03668_mjurT3_7DpE_id00088_wavtolip.npz,8.375004768371582,1
FakeVideo-FakeAudio/Caucasian (American)/men/id03678/00078_id04034_wavtolip.npz,2.9853150844573975,1
FakeVideo-FakeAudio/Caucasian (American)/men/id00018/00181_id00029_wavtolip.npz,3.652953863143921,1
FakeVideo-FakeAudio/Caucasian (American)/men/id00018/00181_id00052_wavtolip.npz,0.569592297077179,1
FakeVideo-FakeAudio/Caucasian (American)/men/id00018/00181_id00088_6WIDWxr8vuU_id01096_wavtolip.npz,8.235077857971191,1
FakeVideo-FakeAudio/Caucasian (American)/men/id00018/00181_id00169__V1xAwwG29U_id01210_wavtolip.npz,8.282215118408203,1
FakeVideo-FakeAudio/Caucasian (American)/men/id00018/00181_id00243_oWwEIXM3oZQ_id00945_wavtolip.npz,8.007411003112793,1
FakeVideo-FakeAudio/Caucasian (American)/men/id00018/00181_id00264_wavtolip.npz,8.7471923828125,1
FakeVideo-FakeAudio/Caucasian (American)/men/id00018/00181_id00529_wavtolip.npz,7.82284688949585,1
FakeVideo-FakeAudio/Caucasian (American)/men/id00018/00181_id00696_7PrURACjhqU_id00021_wavtolip.npz,5.994347095489502,1
FakeVideo-FakeAudio/Caucasian (American)/men/id00018/00181_id00696_wavtolip.npz,8.655597686767578,1
FakeVideo-FakeAudio/Caucasian (American)/men/id00018/00181_id01048_wavtolip.npz,8.498832702636719,1
FakeVideo-FakeAudio/Caucasian (American)/men/id00018/00181_id01124_Lnf2oGSM00s_id00243_wavtolip.npz,-1.1292519569396973,1
FakeVideo-FakeAudio/Caucasian (American)/men/id00018/00181_id01163_QSMeUEH3lJM_id00696_wavtolip.npz,8.559623718261719,1
FakeVideo-FakeAudio/Caucasian (American)/men/id00018/00181_id01175_wavtolip.npz,6.487217426300049,1
FakeVideo-FakeAudio/Caucasian (American)/men/id00018/00181_id01201_Q8XWfmNiWYA_faceswap_id00243_wavtolip.npz,-1.5683786869049072,1
FakeVideo-FakeAudio/Caucasian (American)/men/id00018/00181_id01201_Q8XWfmNiWYA_faceswap_id00777_wavtolip.npz,8.641596794128418,1
FakeVideo-FakeAudio/Caucasian (American)/men/id00018/00181_id01201_Q8XWfmNiWYA_faceswap_id00945_wavtolip.npz,7.853057861328125,1
FakeVideo-FakeAudio/Caucasian (American)/men/id00018/00181_id01201_Q8XWfmNiWYA_faceswap_id01239_wavtolip.npz,4.6420488357543945,1
FakeVideo-FakeAudio/Caucasian (American)/men/id00018/00181_id01201_Q8XWfmNiWYA_faceswap_id03678_wavtolip.npz,8.675848960876465,1
FakeVideo-FakeAudio/Caucasian (American)/men/id00018/00181_id01201_Q8XWfmNiWYA_id00777_wavtolip.npz,8.611573219299316,1
FakeVideo-FakeAudio/Caucasian (American)/men/id00018/00181_id03678_dsfCxodI9i8_id00021_wavtolip.npz,6.006678581237793,1
FakeVideo-FakeAudio/Caucasian (American)/men/id00018/00181_id03757_L-M-XbdFLQM_id00088_wavtolip.npz,8.324193000793457,1
FakeVideo-FakeAudio/Caucasian (American)/men/id00018/00181_id03757_wavtolip.npz,8.075629234313965,1
FakeVideo-FakeAudio/Caucasian (American)/men/id00018/00181_id04216_wavtolip.npz,8.58137321472168,1
FakeVideo-FakeAudio/Caucasian (American)/men/id00018/00181_id04219_9llHvP-jYDg_id01048_wavtolip.npz,8.473709106445312,1
FakeVideo-FakeAudio/Caucasian (American)/men/id00049/00118_id00018_sap-FjURHlc_id00345_wavtolip.npz,8.40367603302002,1
FakeVideo-FakeAudio/Caucasian (American)/men/id00049/00118_id00020_VXYAbbQWyQM_id01042_wavtolip.npz,8.696980476379395,1
FakeVideo-FakeAudio/Caucasian (American)/men/id00049/00118_id00052_wavtolip.npz,-0.3992924392223358,1
FakeVideo-FakeAudio/Caucasian (American)/men/id00049/00118_id00087_wavtolip.npz,8.253008842468262,1
FakeVideo-FakeAudio/Caucasian (American)/men/id00049/00118_id00169__V1xAwwG29U_id01048_wavtolip.npz,8.400662422180176,1
FakeVideo-FakeAudio/Caucasian (American)/men/id00049/00118_id00243_wavtolip.npz,5.651011943817139,1
FakeVideo-FakeAudio/Caucasian (American)/men/id00049/00118_id00345_wavtolip.npz,7.954348087310791,1
FakeVideo-FakeAudio/Caucasian (American)/men/id00049/00118_id00529_xtx2GeQN-DQ_id04221_wavtolip.npz,7.85767936706543,1
FakeVideo-FakeAudio/Caucasian (American)/men/id00049/00118_id00696_7PrURACjhqU_id03757_wavtolip.npz,8.270544052124023,1
FakeVideo-FakeAudio/Caucasian (American)/men/id00049/00118_id00775_yeCUxHgUHxc_faceswap_id00062_wavtolip.npz,8.562246322631836,1
FakeVideo-FakeAudio/Caucasian (American)/men/id00049/00118_id00775_yeCUxHgUHxc_faceswap_id00696_wavtolip.npz,8.525300979614258,1
FakeVideo-FakeAudio/Caucasian (American)/men/id00049/00118_id00775_yeCUxHgUHxc_faceswap_id01163_wavtolip.npz,8.184070587158203,1
FakeVideo-FakeAudio/Caucasian (American)/men/id00049/00118_id00775_yeCUxHgUHxc_faceswap_id03678_wavtolip.npz,8.352770805358887,1
FakeVideo-FakeAudio/Caucasian (American)/men/id00049/00118_id00775_yeCUxHgUHxc_faceswap_id04216_wavtolip.npz,8.175374984741211,1
FakeVideo-FakeAudio/Caucasian (American)/men/id00049/00118_id00775_yeCUxHgUHxc_id00169_wavtolip.npz,7.227654457092285,1
FakeVideo-FakeAudio/Caucasian (American)/men/id00049/00118_id00943_LxSv2rnBGA8_id01124_wavtolip.npz,8.420937538146973,1
FakeVideo-FakeAudio/Caucasian (American)/men/id00049/00118_id00943_wavtolip.npz,8.593256950378418,1
FakeVideo-FakeAudio/Caucasian (American)/men/id00049/00118_id01035_wavtolip.npz,8.285565376281738,1
FakeVideo-FakeAudio/Caucasian (American)/men/id00049/00118_id01048_wavtolip.npz,8.79141902923584,1
FakeVideo-FakeAudio/Caucasian (American)/men/id00049/00118_id01096_wavtolip.npz,8.343279838562012,1
FakeVideo-FakeAudio/Caucasian (American)/men/id00049/00118_id01211_wavtolip.npz,7.485503196716309,1
FakeVideo-FakeAudio/Caucasian (American)/men/id00049/00118_id03525_wavtolip.npz,8.459437370300293,1
FakeVideo-FakeAudio/Caucasian (American)/men/id00049/00118_id03668_mjurT3_7DpE_id01048_wavtolip.npz,8.534174919128418,1
FakeVideo-FakeAudio/Caucasian (American)/men/id00049/00118_id03678_dsfCxodI9i8_id01096_wavtolip.npz,8.578840255737305,1
FakeVideo-FakeAudio/Caucasian (American)/men/id00049/00118_id04219_9llHvP-jYDg_id00945_wavtolip.npz,7.974437236785889,1
FakeVideo-FakeAudio/Caucasian (American)/men/id00087/00002_id00060_wavtolip.npz,7.293923377990723,1
FakeVideo-FakeAudio/Caucasian (American)/men/id00087/00002_id00062_wavtolip.npz,8.60251235961914,1
FakeVideo-FakeAudio/Caucasian (American)/men/id00087/00002_id00184_WaTN0ry04Qs_id04073_wavtolip.npz,8.628289222717285,1
FakeVideo-FakeAudio/Caucasian (American)/men/id00087/00002_id00529_wavtolip.npz,6.63980770111084,1
FakeVideo-FakeAudio/Caucasian (American)/men/id00087/00002_id00708_Dzmb0FH1xBc_id00943_wavtolip.npz,7.730372905731201,1
FakeVideo-FakeAudio/Caucasian (American)/men/id00087/00002_id00775_yeCUxHgUHxc_faceswap_id00018_wavtolip.npz,5.361225605010986,1
FakeVideo-FakeAudio/Caucasian (American)/men/id00087/00002_id00775_yeCUxHgUHxc_faceswap_id00264_wavtolip.npz,8.81763744354248,1
FakeVideo-FakeAudio/Caucasian (American)/men/id00087/00002_id00775_yeCUxHgUHxc_faceswap_id01124_wavtolip.npz,8.691489219665527,1
FakeVideo-FakeAudio/Caucasian (American)/men/id00087/00002_id00775_yeCUxHgUHxc_faceswap_id03757_wavtolip.npz,7.870819568634033,1
FakeVideo-FakeAudio/Caucasian (American)/men/id00087/00002_id00775_yeCUxHgUHxc_faceswap_id04034_wavtolip.npz,2.332770824432373,1
FakeVideo-FakeAudio/Caucasian (American)/men/id00087/00002_id00775_yeCUxHgUHxc_id01239_wavtolip.npz,6.418334484100342,1
FakeVideo-FakeAudio/Caucasian (American)/men/id00087/00002_id00943_LxSv2rnBGA8_id00021_wavtolip.npz,6.403388500213623,1
FakeVideo-FakeAudio/Caucasian (American)/men/id00087/00002_id00945_V-rSeF8o5pc_id04219_wavtolip.npz,7.864513874053955,1
FakeVideo-FakeAudio/Caucasian (American)/men/id00087/00002_id01035_wavtolip.npz,8.571529388427734,1
FakeVideo-FakeAudio/Caucasian (American)/men/id00087/00002_id01042_afqWPqWwJIY_id00943_wavtolip.npz,7.713160037994385,1
FakeVideo-FakeAudio/Caucasian (American)/men/id00087/00002_id01044_yL58R6zBNf4_id03668_wavtolip.npz,8.224146842956543,1
FakeVideo-FakeAudio/Caucasian (American)/men/id00087/00002_id01096_GHuYIC1WDks_id04216_wavtolip.npz,8.455207824707031,1
FakeVideo-FakeAudio/Caucasian (American)/men/id00087/00002_id01105_wavtolip.npz,8.238070487976074,1
FakeVideo-FakeAudio/Caucasian (American)/men/id00087/00002_id01172_wavtolip.npz,6.1572346687316895,1
FakeVideo-FakeAudio/Caucasian (American)/men/id00087/00002_id01210_wavtolip.npz,8.381681442260742,1
FakeVideo-FakeAudio/Caucasian (American)/men/id00087/00002_id03525_5qVmWkkCk3k_id00088_wavtolip.npz,8.55030632019043,1
FakeVideo-FakeAudio/Caucasian (American)/men/id00087/00002_id03757_L-M-XbdFLQM_id03678_wavtolip.npz,8.375967025756836,1
FakeVideo-FakeAudio/Caucasian (American)/men/id00087/00002_id03757_wavtolip.npz,7.842214584350586,1
FakeVideo-FakeAudio/Caucasian (American)/men/id00087/00002_id04073_wavtolip.npz,8.707365036010742,1
FakeVideo-FakeAudio/Caucasian (American)/men/id00087/00002_id04221_wavtolip.npz,7.401289939880371,1
FakeVideo-FakeAudio/Caucasian (American)/women/id01216/00025_id00025_PjSeVtbvSjA_id00848_wavtolip.npz,6.130599498748779,1
FakeVideo-FakeAudio/Caucasian (American)/women/id01216/00025_id00097_PchMB8-P1lw_id01216_wavtolip.npz,8.731748580932617,1
FakeVideo-FakeAudio/Caucasian (American)/women/id01216/00025_id00180_wavtolip.npz,8.430925369262695,1
FakeVideo-FakeAudio/Caucasian (American)/women/id01216/00025_id00272_VLY1boTtbRM_id00180_wavtolip.npz,8.51968002319336,1
FakeVideo-FakeAudio/Caucasian (American)/women/id01216/00025_id00381_wavtolip.npz,7.4918904304504395,1
FakeVideo-FakeAudio/Caucasian (American)/women/id01216/00025_id00458_wavtolip.npz,8.102472305297852,1
FakeVideo-FakeAudio/Caucasian (American)/women/id01216/00025_id00462_EMnGfAq9gg4_id00618_wavtolip.npz,7.354770660400391,1
FakeVideo-FakeAudio/Caucasian (American)/women/id01216/00025_id00618_wavtolip.npz,7.573601722717285,1
FakeVideo-FakeAudio/Caucasian (American)/women/id01216/00025_id00835_wavtolip.npz,8.797823905944824,1
FakeVideo-FakeAudio/Caucasian (American)/women/id01216/00025_id01075_MtJUiHspdT0_id00616_wavtolip.npz,8.350605010986328,1
FakeVideo-FakeAudio/Caucasian (American)/women/id01216/00025_id01075_wavtolip.npz,8.602895736694336,1
FakeVideo-FakeAudio/Caucasian (American)/women/id01216/00025_id01091_wavtolip.npz,6.102334022521973,1
FakeVideo-FakeAudio/Caucasian (American)/women/id01216/00025_id01217_7lVC4xEK_6E_id00428_wavtolip.npz,5.664349555969238,1
FakeVideo-FakeAudio/Caucasian (American)/women/id01216/00025_id01223_TO3ym8Gwp7k_id01227_wavtolip.npz,8.316193580627441,1
FakeVideo-FakeAudio/Caucasian (American)/women/id01216/00025_id01225_WuzuZoM84Ws_id00555_wavtolip.npz,8.128963470458984,1
FakeVideo-FakeAudio/Caucasian (American)/women/id01216/00025_id01225_wavtolip.npz,4.925430774688721,1
FakeVideo-FakeAudio/Caucasian (American)/women/id01216/00025_id01231_XXpYdOHUF-g_id03781_wavtolip.npz,8.386759757995605,1
FakeVideo-FakeAudio/Caucasian (American)/women/id01216/00025_id03696_wavtolip.npz,8.276948928833008,1
FakeVideo-FakeAudio/Caucasian (American)/women/id01216/00025_id03707_pwNcRPQ5qdo_faceswap_id00291_wavtolip.npz,6.618216514587402,1
FakeVideo-FakeAudio/Caucasian (American)/women/id01216/00025_id03707_pwNcRPQ5qdo_faceswap_id00618_wavtolip.npz,7.616750717163086,1
FakeVideo-FakeAudio/Caucasian (American)/women/id01216/00025_id03707_pwNcRPQ5qdo_faceswap_id01005_wavtolip.npz,8.040068626403809,1
FakeVideo-FakeAudio/Caucasian (American)/women/id01216/00025_id03707_pwNcRPQ5qdo_faceswap_id01225_wavtolip.npz,5.025501251220703,1
FakeVideo-FakeAudio/Caucasian (American)/women/id01216/00025_id03707_pwNcRPQ5qdo_faceswap_id01245_wavtolip.npz,8.522124290466309,1
FakeVideo-FakeAudio/Caucasian (American)/women/id03781/00113_id00025_PjSeVtbvSjA_id00100_wavtolip.npz,7.891494274139404,1
FakeVideo-FakeAudio/Caucasian (American)/women/id03781/00113_id00025_wavtolip.npz,7.113694190979004,1
FakeVideo-FakeAudio/Caucasian (American)/women/id03781/00113_id00100_wavtolip.npz,7.7801513671875,1
FakeVideo-FakeAudio/Caucasian (American)/women/id03781/00113_id00180_wavtolip.npz,8.418834686279297,1
FakeVideo-FakeAudio/Caucasian (American)/women/id03781/00113_id00381_wavtolip.npz,8.073512077331543,1
FakeVideo-FakeAudio/Caucasian (American)/women/id03781/00113_id00428_Kr7n-68JWww_id02464_wavtolip.npz,6.124234676361084,1
FakeVideo-FakeAudio/Caucasian (American)/women/id03781/00113_id00431_wavtolip.npz,8.086722373962402,1
FakeVideo-FakeAudio/Caucasian (American)/women/id03781/00113_id00458_wavtolip.npz,7.92987585067749,1
FakeVideo-FakeAudio/Caucasian (American)/women/id03781/00113_id00462_EMnGfAq9gg4_id00398_wavtolip.npz,7.883462905883789,1
FakeVideo-FakeAudio/Caucasian (American)/women/id03781/00113_id00848_o1_9Cu3YMN0_id00383_wavtolip.npz,8.283843994140625,1
FakeVideo-FakeAudio/Caucasian (American)/women/id03781/00113_id01004_867Wlj7Gw68_id01245_wavtolip.npz,8.199057579040527,1
FakeVideo-FakeAudio/Caucasian (American)/women/id03781/00113_id01075_wavtolip.npz,3.836350679397583,1
FakeVideo-FakeAudio/Caucasian (American)/women/id03781/00113_id01217_wavtolip.npz,8.209735870361328,1
FakeVideo-FakeAudio/Caucasian (American)/women/id03781/00113_id01227_wavtolip.npz,8.345688819885254,1
FakeVideo-FakeAudio/Caucasian (American)/women/id03781/00113_id01245_7pYBPczR_z0_id00618_wavtolip.npz,8.179956436157227,1
FakeVideo-FakeAudio/Caucasian (American)/women/id03781/00113_id02464_1hxJsZYV7mI_id00428_wavtolip.npz,5.937439441680908,1
FakeVideo-FakeAudio/Caucasian (American)/women/id03781/00113_id02466_VOgaA7O5yWY_id01245_wavtolip.npz,8.146866798400879,1
FakeVideo-FakeAudio/Caucasian (American)/women/id03781/00113_id02466_wavtolip.npz,8.026241302490234,1
FakeVideo-FakeAudio/Caucasian (American)/women/id03781/00113_id03605_JGZt9DAhBRs_id00025_wavtolip.npz,7.253051280975342,1
FakeVideo-FakeAudio/Caucasian (American)/women/id00398/00016_id00025_PjSeVtbvSjA_id01225_wavtolip.npz,7.667029857635498,1
FakeVideo-FakeAudio/Caucasian (American)/women/id00398/00016_id00100_sZ0Ex4WUEgM_id00180_wavtolip.npz,8.077544212341309,1
FakeVideo-FakeAudio/Caucasian (American)/women/id00398/00016_id00100_wavtolip.npz,8.030542373657227,1
FakeVideo-FakeAudio/Caucasian (American)/women/id00398/00016_id00385_oqf8cNi7lOI_id03707_wavtolip.npz,7.716865062713623,1
FakeVideo-FakeAudio/Caucasian (American)/women/id00398/00016_id00428_wavtolip.npz,7.200026512145996,1
FakeVideo-FakeAudio/Caucasian (American)/women/id00398/00016_id00431_wavtolip.npz,7.657461643218994,1
FakeVideo-FakeAudio/Caucasian (American)/women/id00398/00016_id00575_iPfJcAJQ84Y_id01004_wavtolip.npz,8.116814613342285,1
FakeVideo-FakeAudio/Caucasian (American)/women/id00398/00016_id00616_wavtolip.npz,8.233071327209473,1
FakeVideo-FakeAudio/Caucasian (American)/women/id00398/00016_id00618__TwV2SmUIlY_faceswap_id00190_wavtolip.npz,8.203967094421387,1
FakeVideo-FakeAudio/Caucasian (American)/women/id00398/00016_id00618__TwV2SmUIlY_faceswap_id00272_wavtolip.npz,6.972026824951172,1
FakeVideo-FakeAudio/Caucasian (American)/women/id00398/00016_id00618__TwV2SmUIlY_faceswap_id00383_wavtolip.npz,8.440073013305664,1
FakeVideo-FakeAudio/Caucasian (American)/women/id00398/00016_id00618__TwV2SmUIlY_faceswap_id01217_wavtolip.npz,7.901371955871582,1
FakeVideo-FakeAudio/Caucasian (American)/women/id00398/00016_id00618__TwV2SmUIlY_faceswap_id02464_wavtolip.npz,6.0382890701293945,1
FakeVideo-FakeAudio/Caucasian (American)/women/id00398/00016_id00835_zWTp4szbb5k_id00231_wavtolip.npz,7.659393787384033,1
FakeVideo-FakeAudio/Caucasian (American)/women/id00398/00016_id01004_wavtolip.npz,8.152631759643555,1
FakeVideo-FakeAudio/Caucasian (American)/women/id00398/00016_id01091_wavtolip.npz,5.899792671203613,1
FakeVideo-FakeAudio/Caucasian (American)/women/id00398/00016_id01216_wavtolip.npz,5.144975662231445,1
FakeVideo-FakeAudio/Caucasian (American)/women/id00398/00016_id01223_wavtolip.npz,6.862026214599609,1
FakeVideo-FakeAudio/Caucasian (American)/women/id00398/00016_id01225_WuzuZoM84Ws_id00842_wavtolip.npz,8.326066017150879,1
FakeVideo-FakeAudio/Caucasian (American)/women/id00398/00016_id01227_wavtolip.npz,7.837555885314941,1
FakeVideo-FakeAudio/Caucasian (American)/women/id00398/00016_id01231_XXpYdOHUF-g_id01217_wavtolip.npz,8.056733131408691,1
FakeVideo-FakeAudio/Caucasian (American)/women/id00398/00016_id01238_VPdv2sexRy0_id00145_wavtolip.npz,8.454562187194824,1
FakeVideo-FakeAudio/Caucasian (American)/women/id00398/00016_id03707_wavtolip.npz,7.910032272338867,1
FakeVideo-FakeAudio/Caucasian (American)/women/id00616/00305_id00098_Rs_fnQ0tnqQ_id01004_wavtolip.npz,8.669562339782715,1
FakeVideo-FakeAudio/Caucasian (American)/women/id00616/00305_id00180_wavtolip.npz,8.446167945861816,1
FakeVideo-FakeAudio/Caucasian (American)/women/id00616/00305_id00231_wavtolip.npz,4.858961582183838,1
FakeVideo-FakeAudio/Caucasian (American)/women/id00616/00305_id00261_gYQ5Scz5FnA_id00190_wavtolip.npz,8.279175758361816,1
FakeVideo-FakeAudio/Caucasian (American)/women/id00616/00305_id00272_wavtolip.npz,8.653210639953613,1
FakeVideo-FakeAudio/Caucasian (American)/women/id00616/00305_id00291_L_SLT-j82Ms_id00428_wavtolip.npz,5.6964006423950195,1
FakeVideo-FakeAudio/Caucasian (American)/women/id00616/00305_id00431_DyRvPN6rEfU_id00261_wavtolip.npz,7.5802459716796875,1
FakeVideo-FakeAudio/Caucasian (American)/women/id00616/00305_id00752_wavtolip.npz,8.541593551635742,1
FakeVideo-FakeAudio/Caucasian (American)/women/id00616/00305_id00842_wavtolip.npz,7.940390110015869,1
FakeVideo-FakeAudio/Caucasian (American)/women/id00616/00305_id01004_wavtolip.npz,8.81251049041748,1
FakeVideo-FakeAudio/Caucasian (American)/women/id00616/00305_id01225_WuzuZoM84Ws_id00616_wavtolip.npz,8.408037185668945,1
FakeVideo-FakeAudio/Caucasian (American)/women/id00616/00305_id01227_eNr-P3gIrgo_id03781_wavtolip.npz,8.529206275939941,1
FakeVideo-FakeAudio/Caucasian (American)/women/id00616/00305_id01231_wavtolip.npz,8.152494430541992,1
FakeVideo-FakeAudio/Caucasian (American)/women/id00616/00305_id01245_7pYBPczR_z0_id01004_wavtolip.npz,8.796683311462402,1
FakeVideo-FakeAudio/Caucasian (American)/women/id00616/00305_id02464_wavtolip.npz,6.154999732971191,1
FakeVideo-FakeAudio/Caucasian (American)/women/id00616/00305_id02466_wavtolip.npz,8.396220207214355,1
FakeVideo-FakeAudio/Caucasian (American)/women/id00616/00305_id03605_JGZt9DAhBRs_id00190_wavtolip.npz,8.411996841430664,1
FakeVideo-FakeAudio/Caucasian (American)/women/id00616/00305_id03696_Kz45DNXKLXI_id00458_wavtolip.npz,8.250321388244629,1
FakeVideo-FakeAudio/Caucasian (American)/women/id00145/00043_id00025_PjSeVtbvSjA_id01075_wavtolip.npz,4.601118564605713,1
FakeVideo-FakeAudio/Caucasian (American)/women/id00145/00043_id00025_wavtolip.npz,5.511322498321533,1
FakeVideo-FakeAudio/Caucasian (American)/women/id00145/00043_id00097_wavtolip.npz,3.436617374420166,1
FakeVideo-FakeAudio/Caucasian (American)/women/id00145/00043_id00180_lkeAa8Od_tg_id00458_wavtolip.npz,8.035958290100098,1
FakeVideo-FakeAudio/Caucasian (American)/women/id00145/00043_id00261_wavtolip.npz,7.843131065368652,1
FakeVideo-FakeAudio/Caucasian (American)/women/id00145/00043_id00428_Kr7n-68JWww_id00835_wavtolip.npz,8.327437400817871,1
FakeVideo-FakeAudio/Caucasian (American)/women/id00145/00043_id00458_K4t1pQZL7ck_id00431_wavtolip.npz,8.171255111694336,1
FakeVideo-FakeAudio/Caucasian (American)/women/id00145/00043_id00458_wavtolip.npz,7.865573406219482,1
FakeVideo-FakeAudio/Caucasian (American)/women/id00145/00043_id00618__TwV2SmUIlY_id00616_wavtolip.npz,8.107433319091797,1
FakeVideo-FakeAudio/Caucasian (American)/women/id00145/00043_id00618_wavtolip.npz,7.743804931640625,1
FakeVideo-FakeAudio/Caucasian (American)/women/id00145/00043_id00680_wavtolip.npz,8.403088569641113,1
FakeVideo-FakeAudio/Caucasian (American)/women/id00145/00043_id01004_867Wlj7Gw68_faceswap_id00097_wavtolip.npz,3.6396472454071045,1
FakeVideo-FakeAudio/Caucasian (American)/women/id00145/00043_id01004_867Wlj7Gw68_faceswap_id00291_wavtolip.npz,6.610191822052002,1
FakeVideo-FakeAudio/Caucasian (American)/women/id00145/00043_id01004_867Wlj7Gw68_faceswap_id00458_wavtolip.npz,7.836570739746094,1
FakeVideo-FakeAudio/Caucasian (American)/women/id00145/00043_id01004_867Wlj7Gw68_faceswap_id00616_wavtolip.npz,8.446879386901855,1
FakeVideo-FakeAudio/Caucasian (American)/women/id00145/00043_id01004_867Wlj7Gw68_faceswap_id03707_wavtolip.npz,7.4409708976745605,1
FakeVideo-FakeAudio/Caucasian (American)/women/id00145/00043_id01004_867Wlj7Gw68_id00428_wavtolip.npz,7.357555389404297,1
FakeVideo-FakeAudio/Caucasian (American)/women/id00145/00043_id01005_wavtolip.npz,7.831291675567627,1
FakeVideo-FakeAudio/Caucasian (American)/women/id00145/00043_id01223_TO3ym8Gwp7k_id00835_wavtolip.npz,8.639361381530762,1
FakeVideo-FakeAudio/Caucasian (American)/women/id00145/00043_id01231_wavtolip.npz,3.5528664588928223,1
FakeVideo-FakeAudio/Caucasian (American)/women/id00145/00043_id01248_2y-HnTO8WrQ_id00555_wavtolip.npz,8.249251365661621,1
FakeVideo-FakeAudio/Caucasian (American)/women/id00145/00043_id02464_wavtolip.npz,6.149389743804932,1
FakeVideo-FakeAudio/Caucasian (American)/women/id00145/00043_id03605_JGZt9DAhBRs_id00383_wavtolip.npz,8.385096549987793,1
FakeVideo-FakeAudio/Caucasian (American)/women/id00145/00043_id03781_wavtolip.npz,8.316719055175781,1
FakeVideo-FakeAudio/Caucasian (American)/women/id00261/00048_id00100_sZ0Ex4WUEgM_id01231_wavtolip.npz,1.3823105096817017,1
FakeVideo-FakeAudio/Caucasian (American)/women/id00261/00048_id00190_oZUSqqG9wu4_id01075_wavtolip.npz,4.041100025177002,1
FakeVideo-FakeAudio/Caucasian (American)/women/id00261/00048_id00231_wavtolip.npz,8.779940605163574,1
FakeVideo-FakeAudio/Caucasian (American)/women/id00261/00048_id00272_wavtolip.npz,5.948927879333496,1
FakeVideo-FakeAudio/Caucasian (American)/women/id00261/00048_id00383_wavtolip.npz,8.698216438293457,1
FakeVideo-FakeAudio/Caucasian (American)/women/id00261/00048_id00385_oqf8cNi7lOI_id00848_wavtolip.npz,6.454200744628906,1
FakeVideo-FakeAudio/Caucasian (American)/women/id00261/00048_id00398_wavtolip.npz,8.61273193359375,1
FakeVideo-FakeAudio/Caucasian (American)/women/id00261/00048_id00428_Kr7n-68JWww_id03605_wavtolip.npz,8.006117820739746,1
FakeVideo-FakeAudio/Caucasian (American)/women/id00261/00048_id00462_wavtolip.npz,8.331635475158691,1
FakeVideo-FakeAudio/Caucasian (American)/women/id00261/00048_id00618__TwV2SmUIlY_id00261_wavtolip.npz,8.369536399841309,1
FakeVideo-FakeAudio/Caucasian (American)/women/id00261/00048_id01005_wavtolip.npz,6.115847587585449,1
FakeVideo-FakeAudio/Caucasian (American)/women/id00261/00048_id01075_MtJUiHspdT0_id03605_wavtolip.npz,8.11107063293457,1
FakeVideo-FakeAudio/Caucasian (American)/women/id00261/00048_id01227_eNr-P3gIrgo_id01005_wavtolip.npz,6.17211389541626,1
FakeVideo-FakeAudio/Caucasian (American)/women/id00261/00048_id01231_XXpYdOHUF-g_id00272_wavtolip.npz,6.050312042236328,1
FakeVideo-FakeAudio/Caucasian (American)/women/id00261/00048_id01245_wavtolip.npz,8.611699104309082,1
FakeVideo-FakeAudio/Caucasian (American)/women/id00261/00048_id02466_wavtolip.npz,8.371045112609863,1
FakeVideo-FakeAudio/Caucasian (American)/women/id00261/00048_id03556_wavtolip.npz,8.782798767089844,1
FakeVideo-FakeAudio/Caucasian (American)/women/id00261/00048_id03605_JGZt9DAhBRs_faceswap_id00428_wavtolip.npz,8.006003379821777,1
FakeVideo-FakeAudio/Caucasian (American)/women/id00261/00048_id03605_JGZt9DAhBRs_faceswap_id00462_wavtolip.npz,8.452340126037598,1
FakeVideo-FakeAudio/Caucasian (American)/women/id00261/00048_id03605_JGZt9DAhBRs_faceswap_id01216_wavtolip.npz,4.882569313049316,1
FakeVideo-FakeAudio/Caucasian (American)/women/id00261/00048_id03605_JGZt9DAhBRs_faceswap_id03707_wavtolip.npz,8.349320411682129,1
FakeVideo-FakeAudio/Caucasian (American)/women/id00261/00048_id03605_JGZt9DAhBRs_id01217_wavtolip.npz,8.472970008850098,1
FakeVideo-FakeAudio/Caucasian (American)/women/id00261/00048_id03696_Kz45DNXKLXI_id00431_wavtolip.npz,8.448864936828613,1
FakeVideo-FakeAudio/Caucasian (American)/women/id00752/00340_id00097_PchMB8-P1lw_id01245_wavtolip.npz,8.625845909118652,1
FakeVideo-FakeAudio/Caucasian (American)/women/id00752/00340_id00097_wavtolip.npz,1.8093000650405884,1
FakeVideo-FakeAudio/Caucasian (American)/women/id00752/00340_id00098_Rs_fnQ0tnqQ_id02464_wavtolip.npz,6.393485069274902,1
FakeVideo-FakeAudio/Caucasian (American)/women/id00752/00340_id00100_sZ0Ex4WUEgM_id00145_wavtolip.npz,8.837955474853516,1
FakeVideo-FakeAudio/Caucasian (American)/women/id00752/00340_id00272_VLY1boTtbRM_id03556_wavtolip.npz,8.753412246704102,1
FakeVideo-FakeAudio/Caucasian (American)/women/id00752/00340_id00381_wavtolip.npz,7.440974712371826,1
FakeVideo-FakeAudio/Caucasian (American)/women/id00752/00340_id00398_wavtolip.npz,8.436630249023438,1
FakeVideo-FakeAudio/Caucasian (American)/women/id00752/00340_id00428_Kr7n-68JWww_id00842_wavtolip.npz,8.167084693908691,1
FakeVideo-FakeAudio/Caucasian (American)/women/id00752/00340_id00428_wavtolip.npz,5.687107563018799,1
FakeVideo-FakeAudio/Caucasian (American)/women/id00752/00340_id00555_4DWmIb1tFZQ_id00458_wavtolip.npz,8.370558738708496,1
FakeVideo-FakeAudio/Caucasian (American)/women/id00752/00340_id00618_wavtolip.npz,8.000349044799805,1
FakeVideo-FakeAudio/Caucasian (American)/women/id00752/00340_id00680_wavtolip.npz,8.452455520629883,1
FakeVideo-FakeAudio/Caucasian (American)/women/id00752/00340_id00848_wavtolip.npz,6.8234171867370605,1
FakeVideo-FakeAudio/Caucasian (American)/women/id00752/00340_id01217_wavtolip.npz,8.96886920928955,1
FakeVideo-FakeAudio/Caucasian (American)/women/id00752/00340_id01223_wavtolip.npz,5.5638532638549805,1
FakeVideo-FakeAudio/Caucasian (American)/women/id00752/00340_id01227_eNr-P3gIrgo_faceswap_id00180_wavtolip.npz,8.689862251281738,1
FakeVideo-FakeAudio/Caucasian (American)/women/id00752/00340_id01227_eNr-P3gIrgo_faceswap_id00841_wavtolip.npz,4.491482734680176,1
FakeVideo-FakeAudio/Caucasian (American)/women/id00752/00340_id01227_eNr-P3gIrgo_faceswap_id01231_wavtolip.npz,8.15550422668457,1
FakeVideo-FakeAudio/Caucasian (American)/women/id00752/00340_id01227_eNr-P3gIrgo_faceswap_id03605_wavtolip.npz,8.206598281860352,1
FakeVideo-FakeAudio/Caucasian (American)/women/id00752/00340_id01227_eNr-P3gIrgo_id01231_wavtolip.npz,7.190663814544678,1
FakeVideo-FakeAudio/Caucasian (American)/women/id00752/00340_id01238_wavtolip.npz,8.293526649475098,1
FakeVideo-FakeAudio/Caucasian (American)/women/id00752/00340_id02464_1hxJsZYV7mI_id03696_wavtolip.npz,8.493200302124023,1
FakeVideo-FakeAudio/Caucasian (American)/women/id00752/00340_id03707_pwNcRPQ5qdo_id00848_wavtolip.npz,6.1455078125,1
FakeVideo-FakeAudio/Caucasian (American)/women/id00752/00340_id03781_jbHfYGVNqTg_id00398_wavtolip.npz,8.232532501220703,1
FakeVideo-FakeAudio/Caucasian (American)/women/id00098/00004_id00180_lkeAa8Od_tg_id01231_wavtolip.npz,3.1894261837005615,1
FakeVideo-FakeAudio/Caucasian (American)/women/id00098/00004_id00291_wavtolip.npz,4.407627582550049,1
FakeVideo-FakeAudio/Caucasian (American)/women/id00098/00004_id00428_Kr7n-68JWww_id00842_wavtolip.npz,8.000431060791016,1
FakeVideo-FakeAudio/Caucasian (American)/women/id00098/00004_id00428_wavtolip.npz,7.0648417472839355,1
FakeVideo-FakeAudio/Caucasian (American)/women/id00098/00004_id00458_K4t1pQZL7ck_id00100_wavtolip.npz,7.894306659698486,1
FakeVideo-FakeAudio/Caucasian (American)/women/id00098/00004_id00555_4DWmIb1tFZQ_id00097_wavtolip.npz,8.443319320678711,1
FakeVideo-FakeAudio/Caucasian (American)/women/id00098/00004_id00616_xT51pPmksJw_faceswap_id00025_wavtolip.npz,5.751472473144531,1
FakeVideo-FakeAudio/Caucasian (American)/women/id00098/00004_id00616_xT51pPmksJw_faceswap_id00097_wavtolip.npz,8.313206672668457,1
FakeVideo-FakeAudio/Caucasian (American)/women/id00098/00004_id00616_xT51pPmksJw_faceswap_id00098_wavtolip.npz,8.345190048217773,1
FakeVideo-FakeAudio/Caucasian (American)/women/id00098/00004_id00616_xT51pPmksJw_faceswap_id01223_wavtolip.npz,6.767775535583496,1
FakeVideo-FakeAudio/Caucasian (American)/women/id00098/00004_id00616_xT51pPmksJw_faceswap_id02466_wavtolip.npz,8.395687103271484,1
FakeVideo-FakeAudio/Caucasian (American)/women/id00098/00004_id00618_wavtolip.npz,8.212348937988281,1
FakeVideo-FakeAudio/Caucasian (American)/women/id00098/00004_id01004_867Wlj7Gw68_id00458_wavtolip.npz,8.452410697937012,1
FakeVideo-FakeAudio/Caucasian (American)/women/id00098/00004_id01091_oM2XdIGMM2c_id03556_wavtolip.npz,8.671943664550781,1
FakeVideo-FakeAudio/Caucasian (American)/women/id00098/00004_id01216_wavtolip.npz,2.0539064407348633,1
FakeVideo-FakeAudio/Caucasian (American)/women/id00098/00004_id01225_WuzuZoM84Ws_id00616_wavtolip.npz,8.470268249511719,1
FakeVideo-FakeAudio/Caucasian (American)/women/id00098/00004_id01231_wavtolip.npz,2.883943796157837,1
FakeVideo-FakeAudio/Caucasian (American)/women/id00098/00004_id01245_7pYBPczR_z0_id01245_wavtolip.npz,8.0355806350708,1
FakeVideo-FakeAudio/Caucasian (American)/women/id00098/00004_id01245_wavtolip.npz,8.256048202514648,1
FakeVideo-FakeAudio/Caucasian (American)/women/id00098/00004_id02464_wavtolip.npz,6.156783103942871,1
FakeVideo-FakeAudio/Caucasian (American)/women/id01217/00005_id00097_PchMB8-P1lw_id00190_wavtolip.npz,8.43106460571289,1
FakeVideo-FakeAudio/Caucasian (American)/women/id01217/00005_id00190_wavtolip.npz,8.46798324584961,1
FakeVideo-FakeAudio/Caucasian (American)/women/id01217/00005_id00383_n6i0VWqGcKI_id00835_wavtolip.npz,8.420501708984375,1
FakeVideo-FakeAudio/Caucasian (American)/women/id01217/00005_id00462_EMnGfAq9gg4_id03556_wavtolip.npz,8.454812049865723,1
FakeVideo-FakeAudio/Caucasian (American)/women/id01217/00005_id00616_wavtolip.npz,8.655288696289062,1
FakeVideo-FakeAudio/Caucasian (American)/women/id01217/00005_id00835_zWTp4szbb5k_id03696_wavtolip.npz,8.445455551147461,1
FakeVideo-FakeAudio/Caucasian (American)/women/id01217/00005_id01075_wavtolip.npz,3.9713644981384277,1
FakeVideo-FakeAudio/Caucasian (American)/women/id01217/00005_id01091_oM2XdIGMM2c_id00842_wavtolip.npz,8.119039535522461,1
FakeVideo-FakeAudio/Caucasian (American)/women/id01217/00005_id01216_IRxEWpT_lZs_id01225_wavtolip.npz,5.050171375274658,1
FakeVideo-FakeAudio/Caucasian (American)/women/id01217/00005_id01223_TO3ym8Gwp7k_id00100_wavtolip.npz,8.495505332946777,1
FakeVideo-FakeAudio/Caucasian (American)/women/id01217/00005_id01225_WuzuZoM84Ws_id03696_wavtolip.npz,8.247696876525879,1
FakeVideo-FakeAudio/Caucasian (American)/women/id01217/00005_id01227_wavtolip.npz,8.32656192779541,1
FakeVideo-FakeAudio/Caucasian (American)/women/id01217/00005_id01248_2y-HnTO8WrQ_faceswap_id00145_wavtolip.npz,8.270607948303223,1
FakeVideo-FakeAudio/Caucasian (American)/women/id01217/00005_id01248_2y-HnTO8WrQ_faceswap_id00261_wavtolip.npz,8.312638282775879,1
FakeVideo-FakeAudio/Caucasian (American)/women/id01217/00005_id01248_2y-HnTO8WrQ_faceswap_id00383_wavtolip.npz,8.340583801269531,1
FakeVideo-FakeAudio/Caucasian (American)/women/id01217/00005_id01248_2y-HnTO8WrQ_faceswap_id00385_wavtolip.npz,8.215784072875977,1
FakeVideo-FakeAudio/Caucasian (American)/women/id01217/00005_id01248_2y-HnTO8WrQ_faceswap_id00431_wavtolip.npz,8.617924690246582,1
FakeVideo-FakeAudio/Caucasian (American)/women/id01217/00005_id01248_2y-HnTO8WrQ_id00752_wavtolip.npz,8.596803665161133,1
FakeVideo-FakeAudio/Caucasian (American)/women/id01217/00005_id01248_wavtolip.npz,7.975259780883789,1
FakeVideo-FakeAudio/Caucasian (American)/women/id01217/00005_id02466_VOgaA7O5yWY_id03556_wavtolip.npz,8.578311920166016,1
FakeVideo-FakeAudio/Caucasian (American)/women/id01217/00005_id03556_wavtolip.npz,8.541257858276367,1
FakeVideo-FakeAudio/Caucasian (American)/women/id01217/00005_id03707_wavtolip.npz,7.918430328369141,1
FakeVideo-FakeAudio/Caucasian (American)/women/id01091/00236_id00025_PjSeVtbvSjA_id00428_wavtolip.npz,5.485729217529297,1
FakeVideo-FakeAudio/Caucasian (American)/women/id01091/00236_id00097_wavtolip.npz,3.3975579738616943,1
FakeVideo-FakeAudio/Caucasian (American)/women/id01091/00236_id00180_lkeAa8Od_tg_id01005_wavtolip.npz,5.202403545379639,1
FakeVideo-FakeAudio/Caucasian (American)/women/id01091/00236_id00231_Pi8vVHrPQMU_id00100_wavtolip.npz,8.171597480773926,1
FakeVideo-FakeAudio/Caucasian (American)/women/id01091/00236_id00261_wavtolip.npz,8.438299179077148,1
FakeVideo-FakeAudio/Caucasian (American)/women/id01091/00236_id00428_Kr7n-68JWww_id03707_wavtolip.npz,1.8631622791290283,1
FakeVideo-FakeAudio/Caucasian (American)/women/id01091/00236_id00555_4DWmIb1tFZQ_id01005_wavtolip.npz,5.190114498138428,1
FakeVideo-FakeAudio/Caucasian (American)/women/id01091/00236_id00618_wavtolip.npz,8.299144744873047,1
FakeVideo-FakeAudio/Caucasian (American)/women/id01091/00236_id00752_wavtolip.npz,7.938959121704102,1
FakeVideo-FakeAudio/Caucasian (American)/women/id01091/00236_id00835_zWTp4szbb5k_id00618_wavtolip.npz,8.423269271850586,1
FakeVideo-FakeAudio/Caucasian (American)/women/id01091/00236_id00842__jwlpdZvqus_id00848_wavtolip.npz,6.047436714172363,1
FakeVideo-FakeAudio/Caucasian (American)/women/id01091/00236_id01004_867Wlj7Gw68_id03696_wavtolip.npz,8.511240005493164,1
FakeVideo-FakeAudio/Caucasian (American)/women/id01091/00236_id01217_7lVC4xEK_6E_id01005_wavtolip.npz,5.151911735534668,1
FakeVideo-FakeAudio/Caucasian (American)/women/id01091/00236_id01238_wavtolip.npz,8.12534236907959,1
FakeVideo-FakeAudio/Caucasian (American)/women/id01091/00236_id01245_wavtolip.npz,8.264286994934082,1
FakeVideo-FakeAudio/Caucasian (American)/women/id01091/00236_id02466_wavtolip.npz,8.21503734588623,1
FakeVideo-FakeAudio/Caucasian (American)/women/id01091/00236_id03556_wavtolip.npz,8.836596488952637,1
FakeVideo-FakeAudio/Caucasian (American)/women/id01091/00236_id03696_Kz45DNXKLXI_faceswap_id00575_wavtolip.npz,8.695029258728027,1
FakeVideo-FakeAudio/Caucasian (American)/women/id01091/00236_id03696_Kz45DNXKLXI_faceswap_id01217_wavtolip.npz,8.188034057617188,1
FakeVideo-FakeAudio/Caucasian (American)/women/id01091/00236_id03696_Kz45DNXKLXI_faceswap_id01231_wavtolip.npz,2.878178119659424,1
FakeVideo-FakeAudio/Caucasian (American)/women/id01091/00236_id03696_Kz45DNXKLXI_faceswap_id01248_wavtolip.npz,7.709437847137451,1
FakeVideo-FakeAudio/Caucasian (American)/women/id01091/00236_id03696_Kz45DNXKLXI_faceswap_id03781_wavtolip.npz,8.400524139404297,1
FakeVideo-FakeAudio/Caucasian (American)/women/id01091/00236_id03696_Kz45DNXKLXI_id00381_wavtolip.npz,8.141731262207031,1
FakeVideo-FakeAudio/Caucasian (American)/women/id01091/00236_id03781_wavtolip.npz,8.459349632263184,1
FakeVideo-FakeAudio/Caucasian (American)/women/id03605/00048_0_id00100_wavtolip.npz,7.882429599761963,1
FakeVideo-FakeAudio/Caucasian (American)/women/id03605/00048_0_id01227_wavtolip.npz,7.850255012512207,1
FakeVideo-FakeAudio/Caucasian (American)/women/id03605/00048_0_id01238_wavtolip.npz,8.015254974365234,1
FakeVideo-FakeAudio/Caucasian (American)/women/id03605/00048_0_id01245_wavtolip.npz,8.152485847473145,1
FakeVideo-FakeAudio/Caucasian (American)/women/id03605/00048_0_id03556_wavtolip.npz,8.624665260314941,1
FakeVideo-FakeAudio/Caucasian (American)/women/id03605/00048_1_id00145_wavtolip.npz,8.570650100708008,1
FakeVideo-FakeAudio/Caucasian (American)/women/id03605/00048_1_id00180_wavtolip.npz,8.4406156539917,1
FakeVideo-FakeAudio/Caucasian (American)/women/id03605/00048_1_id00385_wavtolip.npz,7.941548824310303,1
FakeVideo-FakeAudio/Caucasian (American)/women/id03605/00048_1_id01248_wavtolip.npz,8.45934009552002,1
FakeVideo-FakeAudio/Caucasian (American)/women/id03605/00048_1_id03696_wavtolip.npz,8.370415687561035,1
FakeVideo-FakeAudio/Caucasian (American)/women/id03605/00048_2_id00100_wavtolip.npz,8.403019905090332,1
FakeVideo-FakeAudio/Caucasian (American)/women/id03605/00048_2_id00835_wavtolip.npz,8.730057716369629,1
FakeVideo-FakeAudio/Caucasian (American)/women/id03605/00048_2_id01075_wavtolip.npz,3.2467527389526367,1
FakeVideo-FakeAudio/Caucasian (American)/women/id03605/00048_2_id01227_wavtolip.npz,8.045404434204102,1
FakeVideo-FakeAudio/Caucasian (American)/women/id03605/00048_2_id01245_wavtolip.npz,8.62935733795166,1
FakeVideo-FakeAudio/Caucasian (American)/women/id03605/00048_3_id00190_wavtolip.npz,8.387150764465332,1
FakeVideo-FakeAudio/Caucasian (American)/women/id03605/00048_3_id00381_wavtolip.npz,7.26189661026001,1
FakeVideo-FakeAudio/Caucasian (American)/women/id03605/00048_3_id00575_wavtolip.npz,8.923476219177246,1
FakeVideo-FakeAudio/Caucasian (American)/women/id03605/00048_3_id00618_wavtolip.npz,7.8074727058410645,1
FakeVideo-FakeAudio/Caucasian (American)/women/id03605/00048_3_id01227_wavtolip.npz,8.36356258392334,1
FakeVideo-FakeAudio/Caucasian (American)/women/id03605/00048_id00025_wavtolip.npz,5.717233180999756,1
FakeVideo-FakeAudio/Caucasian (American)/women/id03605/00048_id00100_sZ0Ex4WUEgM_id00398_wavtolip.npz,7.969136714935303,1
FakeVideo-FakeAudio/Caucasian (American)/women/id03605/00048_id00145_JveyoCdoCuI_id00231_wavtolip.npz,8.317717552185059,1
FakeVideo-FakeAudio/Caucasian (American)/women/id03605/00048_id00231_Pi8vVHrPQMU_id01216_wavtolip.npz,4.879408359527588,1
FakeVideo-FakeAudio/Caucasian (American)/women/id03605/00048_id00272_wavtolip.npz,7.051506519317627,1
FakeVideo-FakeAudio/Caucasian (American)/women/id03605/00048_id00428_Kr7n-68JWww_id01227_wavtolip.npz,8.06544303894043,1
FakeVideo-FakeAudio/Caucasian (American)/women/id03605/00048_id00431_wavtolip.npz,8.543837547302246,1
FakeVideo-FakeAudio/Caucasian (American)/women/id03605/00048_id00462_wavtolip.npz,8.239655494689941,1
FakeVideo-FakeAudio/Caucasian (American)/women/id03605/00048_id00842_wavtolip.npz,8.190638542175293,1
FakeVideo-FakeAudio/Caucasian (American)/women/id03605/00048_id00848_wavtolip.npz,6.232475757598877,1
FakeVideo-FakeAudio/Caucasian (American)/women/id03605/00048_id01004_867Wlj7Gw68_id00841_wavtolip.npz,5.710509777069092,1
FakeVideo-FakeAudio/Caucasian (American)/women/id03605/00048_id01238_VPdv2sexRy0_id00398_wavtolip.npz,7.829792499542236,1
FakeVideo-FakeAudio/Caucasian (American)/women/id03605/00048_id01248_2y-HnTO8WrQ_id01217_wavtolip.npz,8.199259757995605,1
FakeVideo-FakeAudio/Caucasian (American)/women/id03605/00048_id02464_wavtolip.npz,6.109044075012207,1
FakeVideo-FakeAudio/Caucasian (American)/women/id03605/00048_id03707_wavtolip.npz,2.681208610534668,1
FakeVideo-FakeAudio/Caucasian (American)/women/id03605/00048_id03781_jbHfYGVNqTg_id00835_wavtolip.npz,8.650740623474121,1
FakeVideo-FakeAudio/Caucasian (American)/women/id03556/00043_id00097_wavtolip.npz,3.0856432914733887,1
FakeVideo-FakeAudio/Caucasian (American)/women/id03556/00043_id00145_wavtolip.npz,8.599753379821777,1
FakeVideo-FakeAudio/Caucasian (American)/women/id03556/00043_id00272_VLY1boTtbRM_id00180_wavtolip.npz,8.363502502441406,1
FakeVideo-FakeAudio/Caucasian (American)/women/id03556/00043_id00291_L_SLT-j82Ms_id01225_wavtolip.npz,5.037511825561523,1
FakeVideo-FakeAudio/Caucasian (American)/women/id03556/00043_id00431_wavtolip.npz,8.22522258758545,1
FakeVideo-FakeAudio/Caucasian (American)/women/id03556/00043_id00616_wavtolip.npz,8.775701522827148,1
FakeVideo-FakeAudio/Caucasian (American)/women/id03556/00043_id00618_wavtolip.npz,7.762993335723877,1
FakeVideo-FakeAudio/Caucasian (American)/women/id03556/00043_id01004_867Wlj7Gw68_id00458_wavtolip.npz,8.169073104858398,1
FakeVideo-FakeAudio/Caucasian (American)/women/id03556/00043_id01005_lJZrqhcRFSA_id03707_wavtolip.npz,7.975295543670654,1
FakeVideo-FakeAudio/Caucasian (American)/women/id03556/00043_id01091_oM2XdIGMM2c_id01216_wavtolip.npz,8.548905372619629,1
FakeVideo-FakeAudio/Caucasian (American)/women/id03556/00043_id01217_wavtolip.npz,8.30129337310791,1
FakeVideo-FakeAudio/Caucasian (American)/women/id03556/00043_id01225_WuzuZoM84Ws_id00381_wavtolip.npz,7.175958156585693,1
FakeVideo-FakeAudio/Caucasian (American)/women/id03556/00043_id01227_wavtolip.npz,8.345942497253418,1
FakeVideo-FakeAudio/Caucasian (American)/women/id03556/00043_id01231_wavtolip.npz,7.34246826171875,1
FakeVideo-FakeAudio/Caucasian (American)/women/id03556/00043_id02464_1hxJsZYV7mI_faceswap_id00428_wavtolip.npz,5.743197917938232,1
FakeVideo-FakeAudio/Caucasian (American)/women/id03556/00043_id02464_1hxJsZYV7mI_faceswap_id00462_wavtolip.npz,8.631942749023438,1
FakeVideo-FakeAudio/Caucasian (American)/women/id03556/00043_id02464_1hxJsZYV7mI_faceswap_id00835_wavtolip.npz,8.4889554977417,1
FakeVideo-FakeAudio/Caucasian (American)/women/id03556/00043_id02464_1hxJsZYV7mI_faceswap_id00842_wavtolip.npz,8.20446491241455,1
FakeVideo-FakeAudio/Caucasian (American)/women/id03556/00043_id02464_1hxJsZYV7mI_faceswap_id01005_wavtolip.npz,8.572439193725586,1
FakeVideo-FakeAudio/Caucasian (American)/women/id03556/00043_id02464_1hxJsZYV7mI_id00616_wavtolip.npz,8.36303424835205,1
FakeVideo-FakeAudio/Caucasian (American)/women/id03556/00043_id02466_VOgaA7O5yWY_id00431_wavtolip.npz,8.387457847595215,1
FakeVideo-FakeAudio/Caucasian (American)/women/id03556/00043_id03781_jbHfYGVNqTg_id00097_wavtolip.npz,2.0282347202301025,1
FakeVideo-FakeAudio/Caucasian (American)/women/id03556/00043_id03781_wavtolip.npz,8.722731590270996,1
FakeVideo-FakeAudio/Caucasian (American)/women/id01004/00028_id00025_PjSeVtbvSjA_id00100_wavtolip.npz,7.591434955596924,1
FakeVideo-FakeAudio/Caucasian (American)/women/id01004/00028_id00145_JveyoCdoCuI_id03605_wavtolip.npz,7.980800151824951,1
FakeVideo-FakeAudio/Caucasian (American)/women/id01004/00028_id00190_wavtolip.npz,7.714299201965332,1
FakeVideo-FakeAudio/Caucasian (American)/women/id01004/00028_id00231_Pi8vVHrPQMU_id03556_wavtolip.npz,8.492012023925781,1
FakeVideo-FakeAudio/Caucasian (American)/women/id01004/00028_id00428_Kr7n-68JWww_faceswap_id00428_wavtolip.npz,6.655921459197998,1
FakeVideo-FakeAudio/Caucasian (American)/women/id01004/00028_id00428_Kr7n-68JWww_faceswap_id00462_wavtolip.npz,7.946732044219971,1
FakeVideo-FakeAudio/Caucasian (American)/women/id01004/00028_id00428_Kr7n-68JWww_faceswap_id01248_wavtolip.npz,7.957481861114502,1
FakeVideo-FakeAudio/Caucasian (American)/women/id01004/00028_id00428_Kr7n-68JWww_faceswap_id02464_wavtolip.npz,6.058961391448975,1
FakeVideo-FakeAudio/Caucasian (American)/women/id01004/00028_id00428_Kr7n-68JWww_id00261_wavtolip.npz,6.531928539276123,1
FakeVideo-FakeAudio/Caucasian (American)/women/id01004/00028_id00458_wavtolip.npz,8.17502498626709,1
FakeVideo-FakeAudio/Caucasian (American)/women/id01004/00028_id00462_EMnGfAq9gg4_id00100_wavtolip.npz,7.719967842102051,1
FakeVideo-FakeAudio/Caucasian (American)/women/id01004/00028_id00680_wavtolip.npz,-0.3075759708881378,1
FakeVideo-FakeAudio/Caucasian (American)/women/id01004/00028_id00835_wavtolip.npz,8.586676597595215,1
FakeVideo-FakeAudio/Caucasian (American)/women/id01004/00028_id00841_wavtolip.npz,6.453008651733398,1
FakeVideo-FakeAudio/Caucasian (American)/women/id01004/00028_id00848_wavtolip.npz,6.269898891448975,1
FakeVideo-FakeAudio/Caucasian (American)/women/id01004/00028_id01005_lJZrqhcRFSA_id03781_wavtolip.npz,8.329864501953125,1
FakeVideo-FakeAudio/Caucasian (American)/women/id01004/00028_id01091_oM2XdIGMM2c_id00555_wavtolip.npz,8.39989948272705,1
FakeVideo-FakeAudio/Caucasian (American)/women/id01004/00028_id01231_wavtolip.npz,3.471294641494751,1
FakeVideo-FakeAudio/Caucasian (American)/women/id01004/00028_id01248_2y-HnTO8WrQ_id00555_wavtolip.npz,8.241781234741211,1
FakeVideo-FakeAudio/Caucasian (American)/women/id01004/00028_id03556_wavtolip.npz,8.468883514404297,1
FakeVideo-FakeAudio/Caucasian (American)/women/id01004/00028_id03781_jbHfYGVNqTg_id03707_wavtolip.npz,2.5939388275146484,1
FakeVideo-FakeAudio/Caucasian (American)/women/id00841/00078_0_id00462_wavtolip.npz,8.058001518249512,1
FakeVideo-FakeAudio/Caucasian (American)/women/id00841/00078_0_id00616_wavtolip.npz,8.436471939086914,1
FakeVideo-FakeAudio/Caucasian (American)/women/id00841/00078_0_id01005_wavtolip.npz,5.549627780914307,1
FakeVideo-FakeAudio/Caucasian (American)/women/id00841/00078_0_id01245_wavtolip.npz,8.047174453735352,1
FakeVideo-FakeAudio/Caucasian (American)/women/id00841/00078_0_id03781_wavtolip.npz,8.370550155639648,1
FakeVideo-FakeAudio/Caucasian (American)/women/id00841/00078_1_id00098_wavtolip.npz,7.739952087402344,1
FakeVideo-FakeAudio/Caucasian (American)/women/id00841/00078_1_id00418_wavtolip.npz,8.55883502960205,1
FakeVideo-FakeAudio/Caucasian (American)/women/id00841/00078_1_id00462_wavtolip.npz,8.184205055236816,1
FakeVideo-FakeAudio/Caucasian (American)/women/id00841/00078_1_id01217_wavtolip.npz,8.3727445602417,1
FakeVideo-FakeAudio/Caucasian (American)/women/id00841/00078_1_id01245_wavtolip.npz,8.532286643981934,1
FakeVideo-FakeAudio/Caucasian (American)/women/id00841/00078_2_id00025_wavtolip.npz,7.631096839904785,1
FakeVideo-FakeAudio/Caucasian (American)/women/id00841/00078_2_id00428_wavtolip.npz,5.797258377075195,1
FakeVideo-FakeAudio/Caucasian (American)/women/id00841/00078_2_id00842_wavtolip.npz,7.9394636154174805,1
FakeVideo-FakeAudio/Caucasian (American)/women/id00841/00078_2_id01217_wavtolip.npz,8.37202262878418,1
FakeVideo-FakeAudio/Caucasian (American)/women/id00841/00078_2_id03605_wavtolip.npz,8.328085899353027,1
FakeVideo-FakeAudio/Caucasian (American)/women/id00841/00078_id00097_wavtolip.npz,2.124572277069092,1
FakeVideo-FakeAudio/Caucasian (American)/women/id00841/00078_id00100_sZ0Ex4WUEgM_id01248_wavtolip.npz,8.02144718170166,1
FakeVideo-FakeAudio/Caucasian (American)/women/id00841/00078_id00145_JveyoCdoCuI_id01216_wavtolip.npz,5.374112606048584,1
FakeVideo-FakeAudio/Caucasian (American)/women/id00841/00078_id00145_wavtolip.npz,8.326159477233887,1
FakeVideo-FakeAudio/Caucasian (American)/women/id00841/00078_id00180_lkeAa8Od_tg_id00431_wavtolip.npz,8.446011543273926,1
FakeVideo-FakeAudio/Caucasian (American)/women/id00841/00078_id00272_wavtolip.npz,7.674067497253418,1
FakeVideo-FakeAudio/Caucasian (American)/women/id00841/00078_id00428_Kr7n-68JWww_id03781_wavtolip.npz,8.585375785827637,1
FakeVideo-FakeAudio/Caucasian (American)/women/id00841/00078_id00618_wavtolip.npz,7.671694278717041,1
FakeVideo-FakeAudio/Caucasian (American)/women/id00841/00078_id00680_wavtolip.npz,8.738003730773926,1
FakeVideo-FakeAudio/Caucasian (American)/women/id00841/00078_id01005_lJZrqhcRFSA_id03781_wavtolip.npz,8.562710762023926,1
FakeVideo-FakeAudio/Caucasian (American)/women/id00841/00078_id01075_MtJUiHspdT0_faceswap_id00180_wavtolip.npz,8.845619201660156,1
FakeVideo-FakeAudio/Caucasian (American)/women/id00841/00078_id01075_MtJUiHspdT0_faceswap_id00261_wavtolip.npz,8.246699333190918,1
FakeVideo-FakeAudio/Caucasian (American)/women/id00841/00078_id01075_MtJUiHspdT0_faceswap_id00462_wavtolip.npz,8.088265419006348,1
FakeVideo-FakeAudio/Caucasian (American)/women/id00841/00078_id01075_MtJUiHspdT0_faceswap_id00848_wavtolip.npz,5.995112419128418,1
FakeVideo-FakeAudio/Caucasian (American)/women/id00841/00078_id01075_MtJUiHspdT0_id01216_wavtolip.npz,5.32614803314209,1
FakeVideo-FakeAudio/Caucasian (American)/women/id00841/00078_id01216_wavtolip.npz,5.348113059997559,1
FakeVideo-FakeAudio/Caucasian (American)/women/id00841/00078_id01227_eNr-P3gIrgo_id01005_wavtolip.npz,8.13794231414795,1
FakeVideo-FakeAudio/Caucasian (American)/women/id00841/00078_id01238_VPdv2sexRy0_id00025_wavtolip.npz,5.368283271789551,1
FakeVideo-FakeAudio/Caucasian (American)/women/id00841/00078_id01238_wavtolip.npz,8.087535858154297,1
FakeVideo-FakeAudio/Caucasian (American)/women/id00841/00078_id01245_7pYBPczR_z0_id01225_wavtolip.npz,5.087525367736816,1
FakeVideo-FakeAudio/Caucasian (American)/women/id00841/00078_id01248_wavtolip.npz,7.79465913772583,1
FakeVideo-FakeAudio/Caucasian (American)/women/id00841/00078_id03556_wavtolip.npz,8.454827308654785,1
FakeVideo-FakeAudio/Caucasian (American)/women/id00841/00078_id03696_wavtolip.npz,8.452927589416504,1
FakeVideo-FakeAudio/Caucasian (American)/women/id00841/00078_id03707_pwNcRPQ5qdo_id01216_wavtolip.npz,5.4437456130981445,1
FakeVideo-FakeAudio/Caucasian (American)/women/id03707/00055_id00025_PjSeVtbvSjA_id00145_wavtolip.npz,8.408431053161621,1
FakeVideo-FakeAudio/Caucasian (American)/women/id03707/00055_id00025_wavtolip.npz,5.86760139465332,1
FakeVideo-FakeAudio/Caucasian (American)/women/id03707/00055_id00100_wavtolip.npz,8.19626235961914,1
FakeVideo-FakeAudio/Caucasian (American)/women/id03707/00055_id00145_JveyoCdoCuI_id01004_wavtolip.npz,8.674299240112305,1
FakeVideo-FakeAudio/Caucasian (American)/women/id03707/00055_id00145_wavtolip.npz,8.660611152648926,1
FakeVideo-FakeAudio/Caucasian (American)/women/id03707/00055_id00190_oZUSqqG9wu4_id01091_wavtolip.npz,6.201150417327881,1
FakeVideo-FakeAudio/Caucasian (American)/women/id03707/00055_id00272_VLY1boTtbRM_id01091_wavtolip.npz,6.167285442352295,1
FakeVideo-FakeAudio/Caucasian (American)/women/id03707/00055_id00272_wavtolip.npz,6.497552871704102,1
FakeVideo-FakeAudio/Caucasian (American)/women/id03707/00055_id00291_wavtolip.npz,6.698004722595215,1
FakeVideo-FakeAudio/Caucasian (American)/women/id03707/00055_id00458_wavtolip.npz,8.098328590393066,1
FakeVideo-FakeAudio/Caucasian (American)/women/id03707/00055_id00835_zWTp4szbb5k_id01216_wavtolip.npz,4.853235721588135,1
FakeVideo-FakeAudio/Caucasian (American)/women/id03707/00055_id01091_wavtolip.npz,6.412551403045654,1
FakeVideo-FakeAudio/Caucasian (American)/women/id03707/00055_id01216_IRxEWpT_lZs_id03605_wavtolip.npz,8.360184669494629,1
FakeVideo-FakeAudio/Caucasian (American)/women/id03707/00055_id01227_eNr-P3gIrgo_id00752_wavtolip.npz,8.159775733947754,1
FakeVideo-FakeAudio/Caucasian (American)/women/id03707/00055_id01231_wavtolip.npz,3.2296319007873535,1
FakeVideo-FakeAudio/Caucasian (American)/women/id03707/00055_id01238_wavtolip.npz,8.1163911819458,1
FakeVideo-FakeAudio/Caucasian (American)/women/id03707/00055_id01248_2y-HnTO8WrQ_id03605_wavtolip.npz,8.211710929870605,1
FakeVideo-FakeAudio/Caucasian (American)/women/id03707/00055_id02466_VOgaA7O5yWY_faceswap_id00097_wavtolip.npz,3.3592610359191895,1
FakeVideo-FakeAudio/Caucasian (American)/women/id03707/00055_id02466_VOgaA7O5yWY_faceswap_id00231_wavtolip.npz,8.2967529296875,1
FakeVideo-FakeAudio/Caucasian (American)/women/id03707/00055_id02466_VOgaA7O5yWY_faceswap_id00458_wavtolip.npz,8.165310859680176,1
FakeVideo-FakeAudio/Caucasian (American)/women/id03707/00055_id02466_VOgaA7O5yWY_faceswap_id02464_wavtolip.npz,6.487910270690918,1
FakeVideo-FakeAudio/Caucasian (American)/women/id03707/00055_id02466_VOgaA7O5yWY_faceswap_id03696_wavtolip.npz,8.22366714477539,1
FakeVideo-FakeAudio/Caucasian (American)/women/id03707/00055_id02466_VOgaA7O5yWY_id00383_wavtolip.npz,8.531569480895996,1
FakeVideo-FakeAudio/Caucasian (American)/women/id00383/00171_id00100_sZ0Ex4WUEgM_id00398_wavtolip.npz,7.8147759437561035,1
FakeVideo-FakeAudio/Caucasian (American)/women/id00383/00171_id00100_wavtolip.npz,8.40187931060791,1
FakeVideo-FakeAudio/Caucasian (American)/women/id00383/00171_id00180_wavtolip.npz,8.880719184875488,1
FakeVideo-FakeAudio/Caucasian (American)/women/id00383/00171_id00190_wavtolip.npz,8.430771827697754,1
FakeVideo-FakeAudio/Caucasian (American)/women/id00383/00171_id00231_Pi8vVHrPQMU_id00555_wavtolip.npz,7.906236171722412,1
FakeVideo-FakeAudio/Caucasian (American)/women/id00383/00171_id00261_wavtolip.npz,8.055095672607422,1
FakeVideo-FakeAudio/Caucasian (American)/women/id00383/00171_id00272_VLY1boTtbRM_id00261_wavtolip.npz,8.223488807678223,1
FakeVideo-FakeAudio/Caucasian (American)/women/id00383/00171_id00291_wavtolip.npz,6.5073466300964355,1
FakeVideo-FakeAudio/Caucasian (American)/women/id00383/00171_id00462_wavtolip.npz,8.162237167358398,1
FakeVideo-FakeAudio/Caucasian (American)/women/id00383/00171_id00575_iPfJcAJQ84Y_id00180_wavtolip.npz,8.602065086364746,1
FakeVideo-FakeAudio/Caucasian (American)/women/id00383/00171_id00841_wavtolip.npz,4.659102439880371,1
FakeVideo-FakeAudio/Caucasian (American)/women/id00383/00171_id00848_wavtolip.npz,5.935743808746338,1
FakeVideo-FakeAudio/Caucasian (American)/women/id00383/00171_id01004_867Wlj7Gw68_id00100_wavtolip.npz,8.304238319396973,1
FakeVideo-FakeAudio/Caucasian (American)/women/id00383/00171_id01005_lJZrqhcRFSA_id00383_wavtolip.npz,8.686817169189453,1
FakeVideo-FakeAudio/Caucasian (American)/women/id00383/00171_id01091_wavtolip.npz,6.066133499145508,1
FakeVideo-FakeAudio/Caucasian (American)/women/id00383/00171_id01217_7lVC4xEK_6E_faceswap_id00383_wavtolip.npz,8.63883113861084,1
FakeVideo-FakeAudio/Caucasian (American)/women/id00383/00171_id01217_7lVC4xEK_6E_faceswap_id00842_wavtolip.npz,7.831635475158691,1
FakeVideo-FakeAudio/Caucasian (American)/women/id00383/00171_id01217_7lVC4xEK_6E_faceswap_id01075_wavtolip.npz,3.7442967891693115,1
FakeVideo-FakeAudio/Caucasian (American)/women/id00383/00171_id01217_7lVC4xEK_6E_faceswap_id01227_wavtolip.npz,7.862003326416016,1
FakeVideo-FakeAudio/Caucasian (American)/women/id00383/00171_id01217_7lVC4xEK_6E_faceswap_id03556_wavtolip.npz,8.730232238769531,1
FakeVideo-FakeAudio/Caucasian (American)/women/id00383/00171_id01217_7lVC4xEK_6E_id01216_wavtolip.npz,5.303295612335205,1
FakeVideo-FakeAudio/Caucasian (American)/women/id00383/00171_id01225_wavtolip.npz,5.038939476013184,1
FakeVideo-FakeAudio/Caucasian (American)/women/id00383/00171_id01248_2y-HnTO8WrQ_id00383_wavtolip.npz,8.42397689819336,1
FakeVideo-FakeAudio/Caucasian (American)/women/id00383/00171_id02466_VOgaA7O5yWY_id01223_wavtolip.npz,5.465338230133057,1
FakeVideo-FakeAudio/Caucasian (American)/women/id00097/00162_id00025_PjSeVtbvSjA_id03556_wavtolip.npz,8.762505531311035,1
FakeVideo-FakeAudio/Caucasian (American)/women/id00097/00162_id00097_wavtolip.npz,8.48305892944336,1
FakeVideo-FakeAudio/Caucasian (American)/women/id00097/00162_id00100_sZ0Ex4WUEgM_id01231_wavtolip.npz,3.036397695541382,1
FakeVideo-FakeAudio/Caucasian (American)/women/id00097/00162_id00180_lkeAa8Od_tg_id00231_wavtolip.npz,8.453118324279785,1
FakeVideo-FakeAudio/Caucasian (American)/women/id00097/00162_id00261_wavtolip.npz,6.5905561447143555,1
FakeVideo-FakeAudio/Caucasian (American)/women/id00097/00162_id00272_VLY1boTtbRM_id00190_wavtolip.npz,8.54826831817627,1
FakeVideo-FakeAudio/Caucasian (American)/women/id00097/00162_id00291_wavtolip.npz,4.920303821563721,1
FakeVideo-FakeAudio/Caucasian (American)/women/id00097/00162_id00428_wavtolip.npz,6.730971336364746,1
FakeVideo-FakeAudio/Caucasian (American)/women/id00097/00162_id00680_wavtolip.npz,-1.823124885559082,1
FakeVideo-FakeAudio/Caucasian (American)/women/id00097/00162_id00842_wavtolip.npz,8.348566055297852,1
FakeVideo-FakeAudio/Caucasian (American)/women/id00097/00162_id01217_7lVC4xEK_6E_id01005_wavtolip.npz,4.9693217277526855,1
FakeVideo-FakeAudio/Caucasian (American)/women/id00097/00162_id01225_WuzuZoM84Ws_id00097_wavtolip.npz,8.587443351745605,1
FakeVideo-FakeAudio/Caucasian (American)/women/id00097/00162_id01231_XXpYdOHUF-g_id00097_wavtolip.npz,8.605470657348633,1
FakeVideo-FakeAudio/Caucasian (American)/women/id00097/00162_id01238_VPdv2sexRy0_id00462_wavtolip.npz,8.399872779846191,1
FakeVideo-FakeAudio/Caucasian (American)/women/id00097/00162_id01248_wavtolip.npz,8.43466854095459,1
FakeVideo-FakeAudio/Caucasian (American)/women/id00097/00162_id03605_JGZt9DAhBRs_id03781_wavtolip.npz,8.620155334472656,1
FakeVideo-FakeAudio/Caucasian (American)/women/id00097/00162_id03707_wavtolip.npz,0.3806582987308502,1
FakeVideo-FakeAudio/Caucasian (American)/women/id00842/00043_id00025_wavtolip.npz,6.120480537414551,1
FakeVideo-FakeAudio/Caucasian (American)/women/id00842/00043_id00145_wavtolip.npz,8.6719331741333,1
FakeVideo-FakeAudio/Caucasian (American)/women/id00842/00043_id00180_wavtolip.npz,8.518071174621582,1
FakeVideo-FakeAudio/Caucasian (American)/women/id00842/00043_id00231_wavtolip.npz,8.000832557678223,1
FakeVideo-FakeAudio/Caucasian (American)/women/id00842/00043_id00383_wavtolip.npz,8.3591890335083,1
FakeVideo-FakeAudio/Caucasian (American)/women/id00842/00043_id00385_oqf8cNi7lOI_id00381_wavtolip.npz,7.309858322143555,1
FakeVideo-FakeAudio/Caucasian (American)/women/id00842/00043_id00398_wavtolip.npz,7.832737445831299,1
FakeVideo-FakeAudio/Caucasian (American)/women/id00842/00043_id00418_KSTOz7H0OuQ_id03707_wavtolip.npz,7.585577964782715,1
FakeVideo-FakeAudio/Caucasian (American)/women/id00842/00043_id00428_Kr7n-68JWww_id01004_wavtolip.npz,8.38046932220459,1
FakeVideo-FakeAudio/Caucasian (American)/women/id00842/00043_id00431_DyRvPN6rEfU_id01004_wavtolip.npz,8.413070678710938,1
FakeVideo-FakeAudio/Caucasian (American)/women/id00842/00043_id00680_wavtolip.npz,8.494545936584473,1
FakeVideo-FakeAudio/Caucasian (American)/women/id00842/00043_id01005_lJZrqhcRFSA_id01091_wavtolip.npz,6.139192581176758,1
FakeVideo-FakeAudio/Caucasian (American)/women/id00842/00043_id01075_MtJUiHspdT0_id01005_wavtolip.npz,7.669236660003662,1
FakeVideo-FakeAudio/Caucasian (American)/women/id00842/00043_id01075_wavtolip.npz,6.66104793548584,1
FakeVideo-FakeAudio/Caucasian (American)/women/id00842/00043_id01091_oM2XdIGMM2c_id01238_wavtolip.npz,7.966495037078857,1
FakeVideo-FakeAudio/Caucasian (American)/women/id00842/00043_id01223_TO3ym8Gwp7k_id01216_wavtolip.npz,5.162449359893799,1
FakeVideo-FakeAudio/Caucasian (American)/women/id00842/00043_id02464_1hxJsZYV7mI_id01248_wavtolip.npz,8.021771430969238,1
FakeVideo-FakeAudio/Caucasian (American)/women/id00842/00043_id02466_wavtolip.npz,8.473716735839844,1
FakeVideo-FakeAudio/Caucasian (American)/women/id00842/00043_id03781_wavtolip.npz,8.432482719421387,1
FakeVideo-FakeAudio/Caucasian (American)/women/id02466/00136_id00190_wavtolip.npz,7.877702713012695,1
FakeVideo-FakeAudio/Caucasian (American)/women/id02466/00136_id00231_Pi8vVHrPQMU_id01227_wavtolip.npz,7.965571880340576,1
FakeVideo-FakeAudio/Caucasian (American)/women/id02466/00136_id00272_wavtolip.npz,8.170112609863281,1
FakeVideo-FakeAudio/Caucasian (American)/women/id02466/00136_id00383_n6i0VWqGcKI_id00752_wavtolip.npz,8.610896110534668,1
FakeVideo-FakeAudio/Caucasian (American)/women/id02466/00136_id00458_wavtolip.npz,8.191871643066406,1
FakeVideo-FakeAudio/Caucasian (American)/women/id02466/00136_id00462_EMnGfAq9gg4_id00190_wavtolip.npz,8.242051124572754,1
FakeVideo-FakeAudio/Caucasian (American)/women/id02466/00136_id00618__TwV2SmUIlY_id01005_wavtolip.npz,7.791130065917969,1
FakeVideo-FakeAudio/Caucasian (American)/women/id02466/00136_id00680_wavtolip.npz,8.05128002166748,1
FakeVideo-FakeAudio/Caucasian (American)/women/id02466/00136_id00752_wavtolip.npz,8.01283073425293,1
FakeVideo-FakeAudio/Caucasian (American)/women/id02466/00136_id00835_wavtolip.npz,8.096026420593262,1
FakeVideo-FakeAudio/Caucasian (American)/women/id02466/00136_id00848_o1_9Cu3YMN0_id00291_wavtolip.npz,6.448116302490234,1
FakeVideo-FakeAudio/Caucasian (American)/women/id02466/00136_id01004_867Wlj7Gw68_id00841_wavtolip.npz,4.655584812164307,1
FakeVideo-FakeAudio/Caucasian (American)/women/id02466/00136_id01005_lJZrqhcRFSA_id00428_wavtolip.npz,5.705623149871826,1
FakeVideo-FakeAudio/Caucasian (American)/women/id02466/00136_id01227_wavtolip.npz,7.843603134155273,1
FakeVideo-FakeAudio/Caucasian (American)/women/id02466/00136_id01231_wavtolip.npz,7.226840496063232,1
FakeVideo-FakeAudio/Caucasian (American)/women/id02466/00136_id01248_2y-HnTO8WrQ_id00383_wavtolip.npz,8.078776359558105,1
FakeVideo-FakeAudio/Caucasian (American)/women/id02466/00136_id01248_wavtolip.npz,7.684171199798584,1
FakeVideo-FakeAudio/Caucasian (American)/women/id02466/00136_id03707_pwNcRPQ5qdo_faceswap_id00616_wavtolip.npz,8.41568660736084,1
FakeVideo-FakeAudio/Caucasian (American)/women/id02466/00136_id03707_pwNcRPQ5qdo_faceswap_id00835_wavtolip.npz,8.046003341674805,1
FakeVideo-FakeAudio/Caucasian (American)/women/id02466/00136_id03707_pwNcRPQ5qdo_faceswap_id03605_wavtolip.npz,7.930782794952393,1
FakeVideo-FakeAudio/Caucasian (American)/women/id02466/00136_id03707_pwNcRPQ5qdo_faceswap_id03781_wavtolip.npz,8.423681259155273,1
FakeVideo-FakeAudio/Caucasian (American)/women/id02466/00136_id03781_jbHfYGVNqTg_id03707_wavtolip.npz,7.671845436096191,1
FakeVideo-FakeAudio/Caucasian (American)/women/id00462/00143_id00100_sZ0Ex4WUEgM_id01238_wavtolip.npz,8.108782768249512,1
FakeVideo-FakeAudio/Caucasian (American)/women/id00462/00143_id00272_wavtolip.npz,7.506688117980957,1
FakeVideo-FakeAudio/Caucasian (American)/women/id00462/00143_id00381_79zqA0CZh8s_id01227_wavtolip.npz,7.353579521179199,1
FakeVideo-FakeAudio/Caucasian (American)/women/id00462/00143_id00398_wavtolip.npz,7.076070785522461,1
FakeVideo-FakeAudio/Caucasian (American)/women/id00462/00143_id00835_wavtolip.npz,8.41999626159668,1
FakeVideo-FakeAudio/Caucasian (American)/women/id00462/00143_id00835_zWTp4szbb5k_faceswap_id00385_wavtolip.npz,7.7840094566345215,1
FakeVideo-FakeAudio/Caucasian (American)/women/id00462/00143_id00835_zWTp4szbb5k_faceswap_id00431_wavtolip.npz,8.348013877868652,1
FakeVideo-FakeAudio/Caucasian (American)/women/id00462/00143_id00835_zWTp4szbb5k_faceswap_id00848_wavtolip.npz,6.71542501449585,1
FakeVideo-FakeAudio/Caucasian (American)/women/id00462/00143_id00835_zWTp4szbb5k_faceswap_id01091_wavtolip.npz,7.596251487731934,1
FakeVideo-FakeAudio/Caucasian (American)/women/id00462/00143_id00835_zWTp4szbb5k_faceswap_id01223_wavtolip.npz,6.44905424118042,1
FakeVideo-FakeAudio/Caucasian (American)/women/id00462/00143_id00835_zWTp4szbb5k_id00383_wavtolip.npz,8.380228042602539,1
FakeVideo-FakeAudio/Caucasian (American)/women/id00462/00143_id00848_wavtolip.npz,6.549631118774414,1
FakeVideo-FakeAudio/Caucasian (American)/women/id00462/00143_id01004_867Wlj7Gw68_id00431_wavtolip.npz,8.080451011657715,1
FakeVideo-FakeAudio/Caucasian (American)/women/id00462/00143_id01075_wavtolip.npz,4.230776786804199,1
FakeVideo-FakeAudio/Caucasian (American)/women/id00462/00143_id01217_7lVC4xEK_6E_id00555_wavtolip.npz,8.232305526733398,1
FakeVideo-FakeAudio/Caucasian (American)/women/id00462/00143_id01223_TO3ym8Gwp7k_id01091_wavtolip.npz,7.601413726806641,1
FakeVideo-FakeAudio/Caucasian (American)/women/id00462/00143_id01227_eNr-P3gIrgo_id00616_wavtolip.npz,8.408120155334473,1
FakeVideo-FakeAudio/Caucasian (American)/women/id00462/00143_id01231_XXpYdOHUF-g_id00261_wavtolip.npz,6.207913875579834,1
FakeVideo-FakeAudio/Caucasian (American)/women/id00462/00143_id01238_VPdv2sexRy0_id00381_wavtolip.npz,8.367192268371582,1
FakeVideo-FakeAudio/Caucasian (American)/women/id00462/00143_id01245_wavtolip.npz,8.433642387390137,1
FakeVideo-FakeAudio/Caucasian (American)/women/id00462/00143_id02466_VOgaA7O5yWY_id00555_wavtolip.npz,8.41090202331543,1
FakeVideo-FakeAudio/Caucasian (American)/women/id00462/00143_id02466_wavtolip.npz,8.083988189697266,1
FakeVideo-FakeAudio/Caucasian (American)/women/id00462/00143_id03605_wavtolip.npz,8.158156394958496,1
FakeVideo-FakeAudio/Caucasian (American)/women/id00462/00143_id03707_wavtolip.npz,8.124993324279785,1
FakeVideo-FakeAudio/Caucasian (American)/women/id01248/00005_id00025_wavtolip.npz,5.254300117492676,1
FakeVideo-FakeAudio/Caucasian (American)/women/id01248/00005_id00180_lkeAa8Od_tg_id00097_wavtolip.npz,3.347853183746338,1
FakeVideo-FakeAudio/Caucasian (American)/women/id01248/00005_id00231_wavtolip.npz,8.003238677978516,1
FakeVideo-FakeAudio/Caucasian (American)/women/id01248/00005_id00261_wavtolip.npz,5.528772830963135,1
FakeVideo-FakeAudio/Caucasian (American)/women/id01248/00005_id00381_79zqA0CZh8s_id00458_wavtolip.npz,7.769935607910156,1
FakeVideo-FakeAudio/Caucasian (American)/women/id01248/00005_id00428_wavtolip.npz,6.52918815612793,1
FakeVideo-FakeAudio/Caucasian (American)/women/id01248/00005_id00458_wavtolip.npz,8.15982723236084,1
FakeVideo-FakeAudio/Caucasian (American)/women/id01248/00005_id00835_zWTp4szbb5k_id00145_wavtolip.npz,8.36112117767334,1
FakeVideo-FakeAudio/Caucasian (American)/women/id01248/00005_id00842_wavtolip.npz,8.07564640045166,1
FakeVideo-FakeAudio/Caucasian (American)/women/id01248/00005_id01004_867Wlj7Gw68_id01217_wavtolip.npz,8.158316612243652,1
FakeVideo-FakeAudio/Caucasian (American)/women/id01248/00005_id01075_MtJUiHspdT0_id01227_wavtolip.npz,6.867797374725342,1
FakeVideo-FakeAudio/Caucasian (American)/women/id01248/00005_id01091_wavtolip.npz,7.4928975105285645,1
FakeVideo-FakeAudio/Caucasian (American)/women/id01248/00005_id01217_7lVC4xEK_6E_id00841_wavtolip.npz,5.688304424285889,1
FakeVideo-FakeAudio/Caucasian (American)/women/id01248/00005_id01223_TO3ym8Gwp7k_id01231_wavtolip.npz,2.7728216648101807,1
FakeVideo-FakeAudio/Caucasian (American)/women/id01248/00005_id01225_wavtolip.npz,7.927014350891113,1
FakeVideo-FakeAudio/Caucasian (American)/women/id01248/00005_id02466_VOgaA7O5yWY_id00291_wavtolip.npz,6.284517765045166,1
FakeVideo-FakeAudio/Caucasian (American)/women/id01248/00005_id03605_wavtolip.npz,8.21623706817627,1
FakeVideo-FakeAudio/Caucasian (American)/women/id01248/00005_id03707_pwNcRPQ5qdo_id00680_wavtolip.npz,-1.8224775791168213,1
FakeVideo-FakeAudio/Asian (East)/men/id06878/00001_id00597_wavtolip.npz,7.216405868530273,1
FakeVideo-FakeAudio/Asian (East)/men/id06878/00001_id00740_wavtolip.npz,8.472776412963867,1
FakeVideo-FakeAudio/Asian (East)/men/id06878/00001_id01683_wavtolip.npz,8.587921142578125,1
FakeVideo-FakeAudio/Asian (East)/men/id06878/00001_id02365_wavtolip.npz,8.231688499450684,1
FakeVideo-FakeAudio/Asian (East)/men/id06878/00001_id02493_wavtolip.npz,7.931578636169434,1
FakeVideo-FakeAudio/Asian (East)/men/id06878/00001_id03889_wavtolip.npz,7.608570098876953,1
FakeVideo-FakeAudio/Asian (East)/men/id06878/00001_id04691_wavtolip.npz,7.986240863800049,1
FakeVideo-FakeAudio/Asian (East)/men/id06878/00001_id04774_wavtolip.npz,8.293326377868652,1
FakeVideo-FakeAudio/Asian (East)/men/id06878/00001_id04789_wavtolip.npz,8.901931762695312,1
FakeVideo-FakeAudio/Asian (East)/men/id06878/00001_id05383_wavtolip.npz,6.568567276000977,1
FakeVideo-FakeAudio/Asian (East)/men/id06878/00001_id06467_wavtolip.npz,8.369610786437988,1
FakeVideo-FakeAudio/Asian (East)/men/id06878/00001_id06776_wavtolip.npz,8.601716041564941,1
FakeVideo-FakeAudio/Asian (East)/men/id06878/00001_id06878_wavtolip.npz,8.030471801757812,1
FakeVideo-FakeAudio/Asian (East)/men/id09143/00056_id00560_wavtolip.npz,8.325089454650879,1
FakeVideo-FakeAudio/Asian (East)/men/id09143/00056_id01204_biYGqpYBp7o_faceswap_id03889_wavtolip.npz,3.4354753494262695,1
FakeVideo-FakeAudio/Asian (East)/men/id09143/00056_id01204_biYGqpYBp7o_faceswap_id04691_wavtolip.npz,7.478085041046143,1
FakeVideo-FakeAudio/Asian (East)/men/id09143/00056_id01204_biYGqpYBp7o_faceswap_id04774_wavtolip.npz,8.469392776489258,1
FakeVideo-FakeAudio/Asian (East)/men/id09143/00056_id01204_biYGqpYBp7o_faceswap_id06467_wavtolip.npz,7.355888843536377,1
FakeVideo-FakeAudio/Asian (East)/men/id09143/00056_id01589_ZCwF6XVRiAU_id04687_wavtolip.npz,8.328413009643555,1
FakeVideo-FakeAudio/Asian (East)/men/id09143/00056_id02553_QTahH2rc8go_id04111_wavtolip.npz,8.555831909179688,1
FakeVideo-FakeAudio/Asian (East)/men/id09143/00056_id03168_wavtolip.npz,8.430275917053223,1
FakeVideo-FakeAudio/Asian (East)/men/id09143/00056_id04111_wavtolip.npz,8.469766616821289,1
FakeVideo-FakeAudio/Asian (East)/men/id09143/00056_id04774_wavtolip.npz,8.680632591247559,1
FakeVideo-FakeAudio/Asian (East)/men/id09143/00056_id06470_XoAiqCrOlyk_id08299_wavtolip.npz,8.32351303100586,1
FakeVideo-FakeAudio/Asian (East)/men/id09143/00056_id06591_wavtolip.npz,8.44916820526123,1
FakeVideo-FakeAudio/Asian (East)/men/id09143/00056_id06878_wavtolip.npz,8.439966201782227,1
FakeVideo-FakeAudio/Asian (East)/men/id09143/00056_id07102_4gKPlwvjpsI_id04691_wavtolip.npz,7.2317657470703125,1
FakeVideo-FakeAudio/Asian (East)/men/id09143/00056_id07338_wavtolip.npz,8.256857872009277,1
FakeVideo-FakeAudio/Asian (East)/men/id09143/00056_id08652_wavtolip.npz,8.3460054397583,1
FakeVideo-FakeAudio/Asian (East)/men/id09143/00056_id09053_wavtolip.npz,8.358449935913086,1
FakeVideo-FakeAudio/Asian (East)/men/id08652/00006_id00056_wavtolip.npz,8.31701946258545,1
FakeVideo-FakeAudio/Asian (East)/men/id08652/00006_id00560_wavtolip.npz,8.320013046264648,1
FakeVideo-FakeAudio/Asian (East)/men/id08652/00006_id00597_wavtolip.npz,8.127382278442383,1
FakeVideo-FakeAudio/Asian (East)/men/id08652/00006_id00863_wavtolip.npz,8.49081802368164,1
FakeVideo-FakeAudio/Asian (East)/men/id08652/00006_id01589_wavtolip.npz,7.761939525604248,1
FakeVideo-FakeAudio/Asian (East)/men/id08652/00006_id02365_wavtolip.npz,8.458932876586914,1
FakeVideo-FakeAudio/Asian (East)/men/id08652/00006_id02561_wavtolip.npz,8.078099250793457,1
FakeVideo-FakeAudio/Asian (East)/men/id08652/00006_id03028_wavtolip.npz,8.664917945861816,1
FakeVideo-FakeAudio/Asian (East)/men/id08652/00006_id04774_wavtolip.npz,8.704401016235352,1
FakeVideo-FakeAudio/Asian (East)/men/id08652/00006_id06878_wavtolip.npz,8.410865783691406,1
FakeVideo-FakeAudio/Asian (East)/men/id08652/00006_id08299_wavtolip.npz,8.696379661560059,1
FakeVideo-FakeAudio/Asian (East)/men/id08652/00006_id08652_wavtolip.npz,8.240110397338867,1
FakeVideo-FakeAudio/Asian (East)/men/id06807/00015_id00126_wavtolip.npz,8.398357391357422,1
FakeVideo-FakeAudio/Asian (East)/men/id06807/00015_id01589_wavtolip.npz,6.648396015167236,1
FakeVideo-FakeAudio/Asian (East)/men/id06807/00015_id01683_wavtolip.npz,8.732614517211914,1
FakeVideo-FakeAudio/Asian (East)/men/id06807/00015_id02553_wavtolip.npz,6.863661289215088,1
FakeVideo-FakeAudio/Asian (East)/men/id06807/00015_id04111_wavtolip.npz,8.450181007385254,1
FakeVideo-FakeAudio/Asian (East)/men/id06807/00015_id04222_wavtolip.npz,6.741578578948975,1
FakeVideo-FakeAudio/Asian (East)/men/id06807/00015_id05268_wavtolip.npz,8.54322624206543,1
FakeVideo-FakeAudio/Asian (East)/men/id06807/00015_id06467_wavtolip.npz,8.142828941345215,1
FakeVideo-FakeAudio/Asian (East)/men/id06807/00015_id06776_wavtolip.npz,-6.167172431945801,1
FakeVideo-FakeAudio/Asian (East)/men/id06807/00015_id07338_wavtolip.npz,8.529560089111328,1
FakeVideo-FakeAudio/Asian (East)/men/id06807/00015_id08652_wavtolip.npz,8.27258014678955,1
FakeVideo-FakeAudio/Asian (East)/men/id06807/00015_id09053_wavtolip.npz,8.47133731842041,1
FakeVideo-FakeAudio/Asian (East)/men/id04687/00066_id01589_ZCwF6XVRiAU_id00597_wavtolip.npz,8.059662818908691,1
FakeVideo-FakeAudio/Asian (East)/men/id04687/00066_id02332_hlo8q3-L9vI_id09053_wavtolip.npz,8.497906684875488,1
FakeVideo-FakeAudio/Asian (East)/men/id04687/00066_id02332_wavtolip.npz,8.747178077697754,1
FakeVideo-FakeAudio/Asian (East)/men/id04687/00066_id02493_zYAm6W46Mcg_faceswap_id00056_wavtolip.npz,7.159626007080078,1
FakeVideo-FakeAudio/Asian (East)/men/id04687/00066_id02493_zYAm6W46Mcg_faceswap_id04691_wavtolip.npz,8.412093162536621,1
FakeVideo-FakeAudio/Asian (East)/men/id04687/00066_id02493_zYAm6W46Mcg_faceswap_id04726_wavtolip.npz,7.343141555786133,1
FakeVideo-FakeAudio/Asian (East)/men/id04687/00066_id02493_zYAm6W46Mcg_faceswap_id05332_wavtolip.npz,6.538790702819824,1
FakeVideo-FakeAudio/Asian (East)/men/id04687/00066_id02493_zYAm6W46Mcg_id04774_wavtolip.npz,8.670666694641113,1
FakeVideo-FakeAudio/Asian (East)/men/id04687/00066_id02553_QTahH2rc8go_id01212_wavtolip.npz,7.715670108795166,1
FakeVideo-FakeAudio/Asian (East)/men/id04687/00066_id03028_wavtolip.npz,8.81404972076416,1
FakeVideo-FakeAudio/Asian (East)/men/id04687/00066_id03168_wavtolip.npz,8.002645492553711,1
FakeVideo-FakeAudio/Asian (East)/men/id04687/00066_id03889_C54Tw6xrc4U_id04111_wavtolip.npz,8.546655654907227,1
FakeVideo-FakeAudio/Asian (East)/men/id04687/00066_id03889_wavtolip.npz,8.2807035446167,1
FakeVideo-FakeAudio/Asian (East)/men/id04687/00066_id03965_wavtolip.npz,8.375948905944824,1
FakeVideo-FakeAudio/Asian (East)/men/id04687/00066_id04222_EAw7MSynKF8_id03168_wavtolip.npz,7.972124099731445,1
FakeVideo-FakeAudio/Asian (East)/men/id04687/00066_id04789_wavtolip.npz,8.742164611816406,1
FakeVideo-FakeAudio/Asian (East)/men/id04687/00066_id04884_eq_wk7h1Gzo_id02332_wavtolip.npz,8.799444198608398,1
FakeVideo-FakeAudio/Asian (East)/men/id04687/00066_id06152_wavtolip.npz,-0.4131339192390442,1
FakeVideo-FakeAudio/Asian (East)/men/id04687/00066_id06878_wavtolip.npz,8.2254056930542,1
FakeVideo-FakeAudio/Asian (East)/men/id04687/00066_id08299_wavtolip.npz,8.289804458618164,1
FakeVideo-FakeAudio/Asian (East)/men/id07338/00003_id00056_wavtolip.npz,7.631409168243408,1
FakeVideo-FakeAudio/Asian (East)/men/id07338/00003_id00126_wavtolip.npz,8.464956283569336,1
FakeVideo-FakeAudio/Asian (East)/men/id07338/00003_id00560_wavtolip.npz,8.444779396057129,1
FakeVideo-FakeAudio/Asian (East)/men/id07338/00003_id01204_wavtolip.npz,7.2025041580200195,1
FakeVideo-FakeAudio/Asian (East)/men/id07338/00003_id02553_wavtolip.npz,8.076733589172363,1
FakeVideo-FakeAudio/Asian (East)/men/id07338/00003_id03168_wavtolip.npz,8.546293258666992,1
FakeVideo-FakeAudio/Asian (East)/men/id07338/00003_id04111_wavtolip.npz,8.21756649017334,1
FakeVideo-FakeAudio/Asian (East)/men/id07338/00003_id04222_wavtolip.npz,7.426924228668213,1
FakeVideo-FakeAudio/Asian (East)/men/id07338/00003_id04687_wavtolip.npz,8.413921356201172,1
FakeVideo-FakeAudio/Asian (East)/men/id07338/00003_id04789_wavtolip.npz,8.584895133972168,1
FakeVideo-FakeAudio/Asian (East)/men/id07338/00003_id06269_wavtolip.npz,7.777536869049072,1
FakeVideo-FakeAudio/Asian (East)/men/id07338/00003_id06467_wavtolip.npz,3.629652500152588,1
FakeVideo-FakeAudio/Asian (East)/men/id07338/00003_id06591_wavtolip.npz,8.237284660339355,1
FakeVideo-FakeAudio/Asian (East)/men/id07338/00003_id06878_wavtolip.npz,8.303339004516602,1
FakeVideo-FakeAudio/Asian (East)/men/id01204/00092_id00056_GUh0mNVw0U8_id05383_wavtolip.npz,6.598828315734863,1
FakeVideo-FakeAudio/Asian (East)/men/id01204/00092_id00560_wavtolip.npz,8.392205238342285,1
FakeVideo-FakeAudio/Asian (East)/men/id01204/00092_id00597_wavtolip.npz,8.32844066619873,1
FakeVideo-FakeAudio/Asian (East)/men/id01204/00092_id01589_ZCwF6XVRiAU_id02553_wavtolip.npz,6.806417942047119,1
FakeVideo-FakeAudio/Asian (East)/men/id01204/00092_id02365_KTHM_LvjcgY_id00056_wavtolip.npz,7.233762264251709,1
FakeVideo-FakeAudio/Asian (East)/men/id01204/00092_id02493_zYAm6W46Mcg_id05332_wavtolip.npz,6.641989707946777,1
FakeVideo-FakeAudio/Asian (East)/men/id01204/00092_id02553_wavtolip.npz,6.878957748413086,1
FakeVideo-FakeAudio/Asian (East)/men/id01204/00092_id03889_C54Tw6xrc4U_id09143_wavtolip.npz,8.397953987121582,1
FakeVideo-FakeAudio/Asian (East)/men/id01204/00092_id04789_wavtolip.npz,8.747514724731445,1
FakeVideo-FakeAudio/Asian (East)/men/id01204/00092_id05268_wavtolip.npz,8.417731285095215,1
FakeVideo-FakeAudio/Asian (East)/men/id01204/00092_id06269_Jm9bEizIGBE_id00863_wavtolip.npz,8.244190216064453,1
FakeVideo-FakeAudio/Asian (East)/men/id01204/00092_id06776_wavtolip.npz,-6.102861404418945,1
FakeVideo-FakeAudio/Asian (East)/men/id01204/00092_id09053_6baCAGutGFg_id04789_wavtolip.npz,8.682645797729492,1
FakeVideo-FakeAudio/Asian (East)/men/id01204/00092_id09053_wavtolip.npz,8.708063125610352,1
FakeVideo-FakeAudio/Asian (East)/men/id01204/00092_id09143_rnD7HryoyLY_faceswap_id00863_wavtolip.npz,8.337066650390625,1
FakeVideo-FakeAudio/Asian (East)/men/id01204/00092_id09143_rnD7HryoyLY_faceswap_id01212_wavtolip.npz,4.742050647735596,1
FakeVideo-FakeAudio/Asian (East)/men/id01204/00092_id09143_rnD7HryoyLY_faceswap_id05743_wavtolip.npz,5.36333703994751,1
FakeVideo-FakeAudio/Asian (East)/men/id01204/00092_id09143_rnD7HryoyLY_faceswap_id06470_wavtolip.npz,7.972567558288574,1
FakeVideo-FakeAudio/Asian (East)/men/id01204/00092_id09143_rnD7HryoyLY_id08613_wavtolip.npz,8.160130500793457,1
FakeVideo-FakeAudio/Asian (East)/men/id01204/00092_id09143_wavtolip.npz,8.876313209533691,1
FakeVideo-FakeAudio/Asian (East)/men/id03889/00052_id00597_wavtolip.npz,7.784478187561035,1
FakeVideo-FakeAudio/Asian (East)/men/id03889/00052_id00740_wavtolip.npz,8.754441261291504,1
FakeVideo-FakeAudio/Asian (East)/men/id03889/00052_id01204_wavtolip.npz,6.805356025695801,1
FakeVideo-FakeAudio/Asian (East)/men/id03889/00052_id01589_ZCwF6XVRiAU_faceswap_id01683_wavtolip.npz,8.80721378326416,1
FakeVideo-FakeAudio/Asian (East)/men/id03889/00052_id01589_ZCwF6XVRiAU_faceswap_id03965_wavtolip.npz,8.521140098571777,1
FakeVideo-FakeAudio/Asian (East)/men/id03889/00052_id01589_ZCwF6XVRiAU_faceswap_id04691_wavtolip.npz,8.319790840148926,1
FakeVideo-FakeAudio/Asian (East)/men/id03889/00052_id01589_ZCwF6XVRiAU_faceswap_id05332_wavtolip.npz,6.589046478271484,1
FakeVideo-FakeAudio/Asian (East)/men/id03889/00052_id01589_ZCwF6XVRiAU_id07102_wavtolip.npz,6.469973564147949,1
FakeVideo-FakeAudio/Asian (East)/men/id03889/00052_id02332_hlo8q3-L9vI_id06878_wavtolip.npz,8.217525482177734,1
FakeVideo-FakeAudio/Asian (East)/men/id03889/00052_id02365_KTHM_LvjcgY_id03168_wavtolip.npz,8.223755836486816,1
FakeVideo-FakeAudio/Asian (East)/men/id03889/00052_id02365_wavtolip.npz,8.167202949523926,1
FakeVideo-FakeAudio/Asian (East)/men/id03889/00052_id02493_zYAm6W46Mcg_id00560_wavtolip.npz,8.299019813537598,1
FakeVideo-FakeAudio/Asian (East)/men/id03889/00052_id04687_cSxCV6zdmwo_id02365_wavtolip.npz,8.141584396362305,1
FakeVideo-FakeAudio/Asian (East)/men/id03889/00052_id04687_wavtolip.npz,7.88205099105835,1
FakeVideo-FakeAudio/Asian (East)/men/id03889/00052_id04774_k3yOcTA95dg_id04111_wavtolip.npz,8.562431335449219,1
FakeVideo-FakeAudio/Asian (East)/men/id03889/00052_id06467_wavtolip.npz,8.321782112121582,1
FakeVideo-FakeAudio/Asian (East)/men/id03889/00052_id06776_wavtolip.npz,8.820307731628418,1
FakeVideo-FakeAudio/Asian (East)/men/id03889/00052_id07338_wavtolip.npz,8.43855094909668,1
FakeVideo-FakeAudio/Asian (East)/men/id03889/00052_id08613_wavtolip.npz,8.153209686279297,1
FakeVideo-FakeAudio/Asian (East)/men/id08299/00110_0_id01204_wavtolip.npz,5.009146213531494,1
FakeVideo-FakeAudio/Asian (East)/men/id08299/00110_0_id02493_wavtolip.npz,8.393245697021484,1
FakeVideo-FakeAudio/Asian (East)/men/id08299/00110_0_id03168_wavtolip.npz,8.087779998779297,1
FakeVideo-FakeAudio/Asian (East)/men/id08299/00110_0_id03889_wavtolip.npz,6.694748878479004,1
FakeVideo-FakeAudio/Asian (East)/men/id08299/00110_0_id04687_wavtolip.npz,7.4677534103393555,1
FakeVideo-FakeAudio/Asian (East)/men/id08299/00110_1_id01212_wavtolip.npz,7.625646591186523,1
FakeVideo-FakeAudio/Asian (East)/men/id08299/00110_1_id03028_wavtolip.npz,8.745359420776367,1
FakeVideo-FakeAudio/Asian (East)/men/id08299/00110_1_id04111_wavtolip.npz,8.342106819152832,1
FakeVideo-FakeAudio/Asian (East)/men/id08299/00110_1_id04774_wavtolip.npz,8.537870407104492,1
FakeVideo-FakeAudio/Asian (East)/men/id08299/00110_1_id06269_wavtolip.npz,7.3026347160339355,1
FakeVideo-FakeAudio/Asian (East)/men/id08299/00110_2_id00126_wavtolip.npz,7.999173164367676,1
FakeVideo-FakeAudio/Asian (East)/men/id08299/00110_2_id01589_wavtolip.npz,5.24250602722168,1
FakeVideo-FakeAudio/Asian (East)/men/id08299/00110_2_id01683_wavtolip.npz,8.549955368041992,1
FakeVideo-FakeAudio/Asian (East)/men/id08299/00110_2_id03889_wavtolip.npz,7.424135208129883,1
FakeVideo-FakeAudio/Asian (East)/men/id08299/00110_2_id04726_wavtolip.npz,6.74301815032959,1
FakeVideo-FakeAudio/Asian (East)/men/id08299/00110_3_id01212_wavtolip.npz,7.012775897979736,1
FakeVideo-FakeAudio/Asian (East)/men/id08299/00110_3_id03965_wavtolip.npz,8.113465309143066,1
FakeVideo-FakeAudio/Asian (East)/men/id08299/00110_3_id06467_wavtolip.npz,7.82099723815918,1
FakeVideo-FakeAudio/Asian (East)/men/id08299/00110_3_id06591_wavtolip.npz,8.15632152557373,1
FakeVideo-FakeAudio/Asian (East)/men/id08299/00110_3_id06878_wavtolip.npz,8.2753324508667,1
FakeVideo-FakeAudio/Asian (East)/men/id08299/00110_id00056_wavtolip.npz,8.369771003723145,1
FakeVideo-FakeAudio/Asian (East)/men/id08299/00110_id00126_wavtolip.npz,8.528745651245117,1
FakeVideo-FakeAudio/Asian (East)/men/id08299/00110_id00597_wavtolip.npz,7.52992057800293,1
FakeVideo-FakeAudio/Asian (East)/men/id08299/00110_id00863_wavtolip.npz,8.422383308410645,1
FakeVideo-FakeAudio/Asian (East)/men/id08299/00110_id02332_wavtolip.npz,3.8831512928009033,1
FakeVideo-FakeAudio/Asian (East)/men/id08299/00110_id02365_wavtolip.npz,8.269867897033691,1
FakeVideo-FakeAudio/Asian (East)/men/id08299/00110_id03889_wavtolip.npz,5.963258266448975,1
FakeVideo-FakeAudio/Asian (East)/men/id08299/00110_id06470_wavtolip.npz,7.834125518798828,1
FakeVideo-FakeAudio/Asian (East)/men/id08299/00110_id07102_wavtolip.npz,6.569873809814453,1
FakeVideo-FakeAudio/Asian (East)/men/id08299/00110_id07338_wavtolip.npz,8.263418197631836,1
FakeVideo-FakeAudio/Asian (East)/women/id08819/00052_id00430_wavtolip.npz,7.458410263061523,1
FakeVideo-FakeAudio/Asian (East)/women/id08819/00052_id00566_wavtolip.npz,8.720767974853516,1
FakeVideo-FakeAudio/Asian (East)/women/id08819/00052_id00579_yc8eTBM4N3c_id06065_wavtolip.npz,8.025223731994629,1
FakeVideo-FakeAudio/Asian (East)/women/id08819/00052_id02807_eFC0STvhou4_id00137_wavtolip.npz,7.183332443237305,1
FakeVideo-FakeAudio/Asian (East)/women/id08819/00052_id03211_wavtolip.npz,8.808516502380371,1
FakeVideo-FakeAudio/Asian (East)/women/id08819/00052_id05576_g3SKd3BsV9I_id06066_wavtolip.npz,5.476259708404541,1
FakeVideo-FakeAudio/Asian (East)/women/id08819/00052_id06054_wavtolip.npz,6.828135013580322,1
FakeVideo-FakeAudio/Asian (East)/women/id08819/00052_id06060___Bf93SjJP0_id05631_wavtolip.npz,8.359617233276367,1
FakeVideo-FakeAudio/Asian (East)/women/id08819/00052_id06066_9e5vgpwmruA_id03211_wavtolip.npz,8.692506790161133,1
FakeVideo-FakeAudio/Asian (East)/women/id08819/00052_id06462_wavtolip.npz,7.747823238372803,1
FakeVideo-FakeAudio/Asian (East)/women/id08819/00052_id07739_TmuvLVNBm8o_id07799_wavtolip.npz,8.598670959472656,1
FakeVideo-FakeAudio/Asian (East)/women/id08819/00052_id09116_wavtolip.npz,8.111921310424805,1
FakeVideo-FakeAudio/Asian (East)/women/id00566/00032_id00137_wavtolip.npz,7.759090423583984,1
FakeVideo-FakeAudio/Asian (East)/women/id00566/00032_id00579_wavtolip.npz,7.536797523498535,1
FakeVideo-FakeAudio/Asian (East)/women/id00566/00032_id00935_wavtolip.npz,6.5749311447143555,1
FakeVideo-FakeAudio/Asian (East)/women/id00566/00032_id02587_KzwJPH5_8j0_faceswap_id04057_wavtolip.npz,6.059057712554932,1
FakeVideo-FakeAudio/Asian (East)/women/id00566/00032_id02587_KzwJPH5_8j0_faceswap_id05576_wavtolip.npz,8.72387981414795,1
FakeVideo-FakeAudio/Asian (East)/women/id00566/00032_id02587_KzwJPH5_8j0_faceswap_id05631_wavtolip.npz,8.406842231750488,1
FakeVideo-FakeAudio/Asian (East)/women/id00566/00032_id02587_KzwJPH5_8j0_faceswap_id06462_wavtolip.npz,8.228915214538574,1
FakeVideo-FakeAudio/Asian (East)/women/id00566/00032_id02587_KzwJPH5_8j0_id07739_wavtolip.npz,7.809310436248779,1
FakeVideo-FakeAudio/Asian (East)/women/id00566/00032_id04414_wavtolip.npz,8.429587364196777,1
FakeVideo-FakeAudio/Asian (East)/women/id00566/00032_id05576_wavtolip.npz,8.639090538024902,1
FakeVideo-FakeAudio/Asian (East)/women/id00566/00032_id06054_wavtolip.npz,4.774338245391846,1
FakeVideo-FakeAudio/Asian (East)/women/id00566/00032_id06061_TckvmWR97vo_id00430_wavtolip.npz,8.036669731140137,1
FakeVideo-FakeAudio/Asian (East)/women/id00566/00032_id06061_wavtolip.npz,8.016914367675781,1
FakeVideo-FakeAudio/Asian (East)/women/id00566/00032_id06427_dBBAKe2EA_o_id03211_wavtolip.npz,8.857230186462402,1
FakeVideo-FakeAudio/Asian (East)/women/id00566/00032_id08397_wavtolip.npz,7.5837273597717285,1
FakeVideo-FakeAudio/Asian (East)/women/id00566/00032_id09174_Qspzu6tyArc_id06066_wavtolip.npz,-4.057131767272949,1
FakeVideo-FakeAudio/Asian (East)/women/id05631/00073_id00137_L22Rc38U5BA_id06462_wavtolip.npz,8.327410697937012,1
FakeVideo-FakeAudio/Asian (East)/women/id05631/00073_id00137_wavtolip.npz,7.412359714508057,1
FakeVideo-FakeAudio/Asian (East)/women/id05631/00073_id00579_wavtolip.npz,5.950849533081055,1
FakeVideo-FakeAudio/Asian (East)/women/id05631/00073_id01281_wavtolip.npz,7.9784321784973145,1
FakeVideo-FakeAudio/Asian (East)/women/id05631/00073_id02587_KzwJPH5_8j0_id04414_wavtolip.npz,8.391024589538574,1
FakeVideo-FakeAudio/Asian (East)/women/id05631/00073_id04701_wavtolip.npz,8.357426643371582,1
FakeVideo-FakeAudio/Asian (East)/women/id05631/00073_id06065_Rni34oVUpTA_faceswap_id00430_wavtolip.npz,7.251033782958984,1
FakeVideo-FakeAudio/Asian (East)/women/id05631/00073_id06065_Rni34oVUpTA_faceswap_id00566_wavtolip.npz,7.931824207305908,1
FakeVideo-FakeAudio/Asian (East)/women/id05631/00073_id06065_Rni34oVUpTA_faceswap_id04414_wavtolip.npz,8.321798324584961,1
FakeVideo-FakeAudio/Asian (East)/women/id05631/00073_id06065_Rni34oVUpTA_faceswap_id05576_wavtolip.npz,8.679356575012207,1
FakeVideo-FakeAudio/Asian (East)/women/id05631/00073_id06065_Rni34oVUpTA_faceswap_id08819_wavtolip.npz,-1.0147159099578857,1
FakeVideo-FakeAudio/Asian (East)/women/id05631/00073_id06065_Rni34oVUpTA_id00763_wavtolip.npz,5.586402893066406,1
FakeVideo-FakeAudio/Asian (East)/women/id05631/00073_id08139_wavtolip.npz,8.132944107055664,1
FakeVideo-FakeAudio/Asian (East)/women/id05631/00073_id08397_wavtolip.npz,8.29146671295166,1
FakeVideo-FakeAudio/Asian (East)/women/id05631/00073_id09116_wavtolip.npz,7.896378517150879,1
FakeVideo-FakeAudio/Asian (East)/women/id05631/00073_id09174_wavtolip.npz,8.090243339538574,1
FakeVideo-FakeAudio/Asian (East)/women/id05631/00073_id09181_wavtolip.npz,8.584677696228027,1
FakeVideo-FakeAudio/Asian (East)/women/id06054/00010_id00137_wavtolip.npz,7.284664154052734,1
FakeVideo-FakeAudio/Asian (East)/women/id06054/00010_id00579_yc8eTBM4N3c_faceswap_id00579_wavtolip.npz,5.647507667541504,1
FakeVideo-FakeAudio/Asian (East)/women/id06054/00010_id00579_yc8eTBM4N3c_faceswap_id06065_wavtolip.npz,8.064311027526855,1
FakeVideo-FakeAudio/Asian (East)/women/id06054/00010_id00579_yc8eTBM4N3c_faceswap_id06388_wavtolip.npz,8.41028881072998,1
FakeVideo-FakeAudio/Asian (East)/women/id06054/00010_id00579_yc8eTBM4N3c_faceswap_id07739_wavtolip.npz,8.57007884979248,1
FakeVideo-FakeAudio/Asian (East)/women/id06054/00010_id00579_yc8eTBM4N3c_id02587_wavtolip.npz,8.234124183654785,1
FakeVideo-FakeAudio/Asian (East)/women/id06054/00010_id02587_KzwJPH5_8j0_id00430_wavtolip.npz,7.300158500671387,1
FakeVideo-FakeAudio/Asian (East)/women/id06054/00010_id02587_wavtolip.npz,8.118633270263672,1
FakeVideo-FakeAudio/Asian (East)/women/id06054/00010_id04057_SmHwNbR-498_id08397_wavtolip.npz,7.974273204803467,1
FakeVideo-FakeAudio/Asian (East)/women/id06054/00010_id04144__FJg9YswRzQ_id01281_wavtolip.npz,7.878309726715088,1
FakeVideo-FakeAudio/Asian (East)/women/id06054/00010_id05844_wavtolip.npz,8.232918739318848,1
FakeVideo-FakeAudio/Asian (East)/women/id06054/00010_id06060_wavtolip.npz,8.561138153076172,1
FakeVideo-FakeAudio/Asian (East)/women/id06054/00010_id06065_wavtolip.npz,7.966548442840576,1
FakeVideo-FakeAudio/Asian (East)/women/id06054/00010_id06066_wavtolip.npz,-5.219770908355713,1
FakeVideo-FakeAudio/Asian (East)/women/id06054/00010_id06462_wavtolip.npz,8.535003662109375,1
FakeVideo-FakeAudio/Asian (East)/women/id06054/00010_id08402_nedfiSXfmQ0_id00430_wavtolip.npz,7.372931003570557,1
FakeVideo-FakeAudio/Asian (East)/women/id06054/00010_id08819_uDQ-DFVg5Sk_id06225_wavtolip.npz,7.684669017791748,1
FakeVideo-FakeAudio/Asian (East)/women/id06054/00010_id09116_wavtolip.npz,8.390503883361816,1
FakeVideo-FakeAudio/Asian (East)/women/id06054/00010_id09171_wavtolip.npz,8.523767471313477,1
FakeVideo-FakeAudio/Asian (East)/women/id04701/00017_id01281_wavtolip.npz,7.783914089202881,1
FakeVideo-FakeAudio/Asian (East)/women/id04701/00017_id03940_axeR0CLu96U_id09175_wavtolip.npz,7.811271667480469,1
FakeVideo-FakeAudio/Asian (East)/women/id04701/00017_id04144__FJg9YswRzQ_id00579_wavtolip.npz,6.083135604858398,1
FakeVideo-FakeAudio/Asian (East)/women/id04701/00017_id04144_wavtolip.npz,7.984365940093994,1
FakeVideo-FakeAudio/Asian (East)/women/id04701/00017_id05844_wavtolip.npz,7.776914119720459,1
FakeVideo-FakeAudio/Asian (East)/women/id04701/00017_id06054_wavtolip.npz,6.868429660797119,1
FakeVideo-FakeAudio/Asian (East)/women/id04701/00017_id06065_wavtolip.npz,7.6428375244140625,1
FakeVideo-FakeAudio/Asian (East)/women/id04701/00017_id06158_wavtolip.npz,6.822328090667725,1
FakeVideo-FakeAudio/Asian (East)/women/id04701/00017_id06462_Nn79kE76MA4_faceswap_id00566_wavtolip.npz,7.939067363739014,1
FakeVideo-FakeAudio/Asian (East)/women/id04701/00017_id06462_Nn79kE76MA4_faceswap_id00763_wavtolip.npz,6.081540584564209,1
FakeVideo-FakeAudio/Asian (East)/women/id04701/00017_id06462_Nn79kE76MA4_faceswap_id02587_wavtolip.npz,8.094758987426758,1
FakeVideo-FakeAudio/Asian (East)/women/id04701/00017_id06462_Nn79kE76MA4_faceswap_id02807_wavtolip.npz,8.381354331970215,1
FakeVideo-FakeAudio/Asian (East)/women/id04701/00017_id06462_Nn79kE76MA4_faceswap_id06443_wavtolip.npz,3.1883020401000977,1
FakeVideo-FakeAudio/Asian (East)/women/id04701/00017_id06462_Nn79kE76MA4_id06054_wavtolip.npz,7.066669940948486,1
FakeVideo-FakeAudio/Asian (East)/women/id04701/00017_id07739_TmuvLVNBm8o_id08819_wavtolip.npz,0.7077335715293884,1
FakeVideo-FakeAudio/Asian (East)/women/id04701/00017_id07799_gO6nidmxrJU_id07799_wavtolip.npz,8.155155181884766,1
FakeVideo-FakeAudio/Asian (East)/women/id04701/00017_id08819_wavtolip.npz,1.0831379890441895,1
FakeVideo-FakeAudio/Asian (East)/women/id04701/00017_id09174_Qspzu6tyArc_id06060_wavtolip.npz,8.485472679138184,1
FakeVideo-FakeAudio/Asian (East)/women/id04701/00017_id09175_YWe7UOnEyHU_id00579_wavtolip.npz,5.555488109588623,1
FakeVideo-FakeAudio/Asian (East)/women/id09174/00015_id00137_L22Rc38U5BA_id06061_wavtolip.npz,7.88971471786499,1
FakeVideo-FakeAudio/Asian (East)/women/id09174/00015_id00137_wavtolip.npz,7.661070823669434,1
FakeVideo-FakeAudio/Asian (East)/women/id09174/00015_id00363_wavtolip.npz,8.266057968139648,1
FakeVideo-FakeAudio/Asian (East)/women/id09174/00015_id02587_KzwJPH5_8j0_faceswap_id03211_wavtolip.npz,8.647202491760254,1
FakeVideo-FakeAudio/Asian (East)/women/id09174/00015_id02587_KzwJPH5_8j0_faceswap_id06054_wavtolip.npz,4.795555591583252,1
FakeVideo-FakeAudio/Asian (East)/women/id09174/00015_id02587_KzwJPH5_8j0_faceswap_id06060_wavtolip.npz,8.62894344329834,1
FakeVideo-FakeAudio/Asian (East)/women/id09174/00015_id02587_KzwJPH5_8j0_faceswap_id09181_wavtolip.npz,8.572566986083984,1
FakeVideo-FakeAudio/Asian (East)/women/id09174/00015_id04701_7mnc8w6jRlM_id07739_wavtolip.npz,7.956428050994873,1
FakeVideo-FakeAudio/Asian (East)/women/id09174/00015_id05631_wavtolip.npz,8.494487762451172,1
FakeVideo-FakeAudio/Asian (East)/women/id09174/00015_id05844_bkmHULxZv40_id06054_wavtolip.npz,4.77792501449585,1
FakeVideo-FakeAudio/Asian (East)/women/id09174/00015_id05844_wavtolip.npz,8.17516040802002,1
FakeVideo-FakeAudio/Asian (East)/women/id09174/00015_id06060_wavtolip.npz,8.500602722167969,1
FakeVideo-FakeAudio/Asian (East)/women/id09174/00015_id08819_wavtolip.npz,-0.06699870526790619,1
FakeVideo-FakeAudio/Asian (East)/women/id09174/00015_id09116_wavtolip.npz,7.876559257507324,1
FakeVideo-FakeAudio/Asian (East)/women/id09174/00015_id09171_wavtolip.npz,8.755449295043945,1
FakeVideo-FakeAudio/Asian (East)/women/id09125/00098_id00430_wavtolip.npz,8.112000465393066,1
FakeVideo-FakeAudio/Asian (East)/women/id09125/00098_id00579_yc8eTBM4N3c_id05631_wavtolip.npz,8.426539421081543,1
FakeVideo-FakeAudio/Asian (East)/women/id09125/00098_id01281_wavtolip.npz,8.489974975585938,1
FakeVideo-FakeAudio/Asian (East)/women/id09125/00098_id02587_wavtolip.npz,8.282105445861816,1
FakeVideo-FakeAudio/Asian (East)/women/id09125/00098_id03211_HK4oe6Hi91E_id05631_wavtolip.npz,8.400201797485352,1
FakeVideo-FakeAudio/Asian (East)/women/id09125/00098_id03379_wavtolip.npz,8.214259147644043,1
FakeVideo-FakeAudio/Asian (East)/women/id09125/00098_id04057_wavtolip.npz,7.60272216796875,1
FakeVideo-FakeAudio/Asian (East)/women/id09125/00098_id04144_wavtolip.npz,8.616581916809082,1
FakeVideo-FakeAudio/Asian (East)/women/id09125/00098_id06158_wavtolip.npz,7.130926609039307,1
FakeVideo-FakeAudio/Asian (East)/women/id09125/00098_id06225_wavtolip.npz,8.548441886901855,1
FakeVideo-FakeAudio/Asian (East)/women/id09125/00098_id06462_Nn79kE76MA4_id04057_wavtolip.npz,7.328344821929932,1
FakeVideo-FakeAudio/Asian (East)/women/id09125/00098_id07739_TmuvLVNBm8o_id05844_wavtolip.npz,8.197577476501465,1
FakeVideo-FakeAudio/Asian (East)/women/id09125/00098_id07799_wavtolip.npz,8.394412994384766,1
FakeVideo-FakeAudio/Asian (East)/women/id09125/00098_id09174_wavtolip.npz,8.111879348754883,1
FakeVideo-FakeAudio/Asian (East)/women/id09125/00098_id09181_ypUYBHscgD8_id06225_wavtolip.npz,8.303552627563477,1
FakeVideo-FakeAudio/Asian (East)/women/id05620/00005_id00137_wavtolip.npz,7.031286239624023,1
FakeVideo-FakeAudio/Asian (East)/women/id05620/00005_id00566_V3Hg_HMhuwQ_id00430_wavtolip.npz,7.463869571685791,1
FakeVideo-FakeAudio/Asian (East)/women/id05620/00005_id00579_wavtolip.npz,5.6554999351501465,1
FakeVideo-FakeAudio/Asian (East)/women/id05620/00005_id02807_eFC0STvhou4_id04144_wavtolip.npz,8.41533374786377,1
FakeVideo-FakeAudio/Asian (East)/women/id05620/00005_id04144_wavtolip.npz,8.53903865814209,1
FakeVideo-FakeAudio/Asian (East)/women/id05620/00005_id05620_wavtolip.npz,8.624151229858398,1
FakeVideo-FakeAudio/Asian (East)/women/id05620/00005_id05631_wavtolip.npz,8.435452461242676,1
FakeVideo-FakeAudio/Asian (East)/women/id05620/00005_id06061_TckvmWR97vo_faceswap_id03379_wavtolip.npz,7.490983009338379,1
FakeVideo-FakeAudio/Asian (East)/women/id05620/00005_id06061_TckvmWR97vo_faceswap_id04414_wavtolip.npz,8.208014488220215,1
FakeVideo-FakeAudio/Asian (East)/women/id05620/00005_id06061_TckvmWR97vo_faceswap_id04701_wavtolip.npz,8.092472076416016,1
FakeVideo-FakeAudio/Asian (East)/women/id05620/00005_id06061_TckvmWR97vo_faceswap_id05631_wavtolip.npz,8.657066345214844,1
FakeVideo-FakeAudio/Asian (East)/women/id05620/00005_id06061_TckvmWR97vo_faceswap_id09181_wavtolip.npz,8.410557746887207,1
FakeVideo-FakeAudio/Asian (East)/women/id05620/00005_id06061_TckvmWR97vo_id00566_wavtolip.npz,8.766707420349121,1
FakeVideo-FakeAudio/Asian (East)/women/id05620/00005_id06066_9e5vgpwmruA_id07039_wavtolip.npz,8.000490188598633,1
FakeVideo-FakeAudio/Asian (East)/women/id05620/00005_id06066_wavtolip.npz,-4.20867395401001,1
FakeVideo-FakeAudio/Asian (East)/women/id05620/00005_id07799_wavtolip.npz,8.279056549072266,1
FakeVideo-FakeAudio/Asian (East)/women/id05620/00005_id09181_wavtolip.npz,8.484508514404297,1
FakeVideo-FakeAudio/Asian (East)/women/id05576/00368_id00363_XNRwEZtddRk_id00763_wavtolip.npz,5.537875175476074,1
FakeVideo-FakeAudio/Asian (East)/women/id05576/00368_id00566_wavtolip.npz,8.30856990814209,1
FakeVideo-FakeAudio/Asian (East)/women/id05576/00368_id02807_eFC0STvhou4_id00763_wavtolip.npz,5.480643272399902,1
FakeVideo-FakeAudio/Asian (East)/women/id05576/00368_id03211_wavtolip.npz,8.665818214416504,1
FakeVideo-FakeAudio/Asian (East)/women/id05576/00368_id04144_wavtolip.npz,8.627632141113281,1
FakeVideo-FakeAudio/Asian (East)/women/id05576/00368_id04701_wavtolip.npz,8.054004669189453,1
FakeVideo-FakeAudio/Asian (East)/women/id05576/00368_id05631_wavtolip.npz,8.556395530700684,1
FakeVideo-FakeAudio/Asian (East)/women/id05576/00368_id06061_wavtolip.npz,7.915694713592529,1
FakeVideo-FakeAudio/Asian (East)/women/id05576/00368_id06066_9e5vgpwmruA_id00935_wavtolip.npz,6.7064900398254395,1
FakeVideo-FakeAudio/Asian (East)/women/id05576/00368_id06066_wavtolip.npz,5.433407783508301,1
FakeVideo-FakeAudio/Asian (East)/women/id05576/00368_id06158_C6FpHdewEzA_id00430_wavtolip.npz,7.230067729949951,1
FakeVideo-FakeAudio/Asian (East)/women/id05576/00368_id08139_wavtolip.npz,8.00641918182373,1
FakeVideo-FakeAudio/Asian (East)/women/id05576/00368_id08397_zvY3EjwSL1Q_id06054_wavtolip.npz,7.265601634979248,1
FakeVideo-FakeAudio/Asian (East)/women/id05576/00368_id08819_uDQ-DFVg5Sk_id09116_wavtolip.npz,8.271401405334473,1
FakeVideo-FakeAudio/Asian (East)/women/id05576/00368_id09116_wavtolip.npz,8.105278015136719,1
FakeVideo-FakeAudio/Asian (East)/women/id05576/00368_id09175_YWe7UOnEyHU_id00763_wavtolip.npz,5.644298076629639,1
FakeVideo-FakeAudio/Asian (East)/women/id06388/00005_id00579_wavtolip.npz,5.581072807312012,1
FakeVideo-FakeAudio/Asian (East)/women/id06388/00005_id01281_ojEe5zGWESc_faceswap_id03211_wavtolip.npz,8.869789123535156,1
FakeVideo-FakeAudio/Asian (East)/women/id06388/00005_id01281_ojEe5zGWESc_faceswap_id04414_wavtolip.npz,8.276324272155762,1
FakeVideo-FakeAudio/Asian (East)/women/id06388/00005_id01281_ojEe5zGWESc_faceswap_id05620_wavtolip.npz,8.92483139038086,1
FakeVideo-FakeAudio/Asian (East)/women/id06388/00005_id01281_ojEe5zGWESc_faceswap_id08139_wavtolip.npz,8.335700988769531,1
FakeVideo-FakeAudio/Asian (East)/women/id06388/00005_id04057_wavtolip.npz,8.367610931396484,1
FakeVideo-FakeAudio/Asian (East)/women/id06388/00005_id04701_wavtolip.npz,8.0059232711792,1
FakeVideo-FakeAudio/Asian (East)/women/id06388/00005_id06054_wavtolip.npz,7.352875709533691,1
FakeVideo-FakeAudio/Asian (East)/women/id06388/00005_id06065_wavtolip.npz,7.847264289855957,1
FakeVideo-FakeAudio/Asian (East)/women/id06388/00005_id06462_wavtolip.npz,8.605040550231934,1
FakeVideo-FakeAudio/Asian (East)/women/id06388/00005_id08397_wavtolip.npz,7.974282264709473,1
FakeVideo-FakeAudio/Asian (East)/women/id06388/00005_id08402_nedfiSXfmQ0_id03379_wavtolip.npz,7.829341411590576,1
FakeVideo-FakeAudio/Asian (East)/women/id06388/00005_id09116_wavtolip.npz,8.133829116821289,1
FakeVideo-FakeAudio/Asian (East)/women/id06388/00005_id09171_B-JRLp6chC0_id00579_wavtolip.npz,6.006011486053467,1
FakeVideo-FakeAudio/Asian (East)/women/id06388/00005_id09175_YWe7UOnEyHU_id00363_wavtolip.npz,8.467094421386719,1
FakeVideo-FakeAudio/Asian (East)/women/id06388/00005_id09181_ypUYBHscgD8_id06225_wavtolip.npz,7.112543106079102,1
FakeVideo-FakeAudio/Asian (East)/women/id00582/00006_id00137_wavtolip.npz,7.317572593688965,1
FakeVideo-FakeAudio/Asian (East)/women/id00582/00006_id00566_wavtolip.npz,8.3557710647583,1
FakeVideo-FakeAudio/Asian (East)/women/id00582/00006_id01281_wavtolip.npz,7.620490074157715,1
FakeVideo-FakeAudio/Asian (East)/women/id00582/00006_id02807_eFC0STvhou4_id00137_wavtolip.npz,7.175334453582764,1
FakeVideo-FakeAudio/Asian (East)/women/id00582/00006_id03211_HK4oe6Hi91E_id06054_wavtolip.npz,6.844702243804932,1
FakeVideo-FakeAudio/Asian (East)/women/id00582/00006_id03379_A32nCObAHiI_faceswap_id00137_wavtolip.npz,6.887589454650879,1
FakeVideo-FakeAudio/Asian (East)/women/id00582/00006_id03379_A32nCObAHiI_faceswap_id00935_wavtolip.npz,8.510324478149414,1
FakeVideo-FakeAudio/Asian (East)/women/id00582/00006_id03379_A32nCObAHiI_faceswap_id05620_wavtolip.npz,8.735990524291992,1
FakeVideo-FakeAudio/Asian (East)/women/id00582/00006_id03379_A32nCObAHiI_faceswap_id06158_wavtolip.npz,7.189983367919922,1
FakeVideo-FakeAudio/Asian (East)/women/id00582/00006_id03379_A32nCObAHiI_id07799_wavtolip.npz,8.472156524658203,1
FakeVideo-FakeAudio/Asian (East)/women/id00582/00006_id03379_wavtolip.npz,7.325279712677002,1
FakeVideo-FakeAudio/Asian (East)/women/id00582/00006_id04144__FJg9YswRzQ_id05576_wavtolip.npz,8.606606483459473,1
FakeVideo-FakeAudio/Asian (East)/women/id00582/00006_id04701_wavtolip.npz,8.305540084838867,1
FakeVideo-FakeAudio/Asian (East)/women/id00582/00006_id06065_wavtolip.npz,7.89837121963501,1
FakeVideo-FakeAudio/Asian (East)/women/id00582/00006_id06388_AtidJ-WlONc_id08139_wavtolip.npz,8.12545108795166,1
FakeVideo-FakeAudio/Asian (East)/women/id00582/00006_id09171_wavtolip.npz,8.476855278015137,1
FakeVideo-FakeAudio/Asian (East)/women/id00582/00006_id09174_Qspzu6tyArc_id02587_wavtolip.npz,7.992770195007324,1
FakeVideo-FakeAudio/Asian (East)/women/id00582/00006_id09174_wavtolip.npz,8.1127290725708,1
FakeVideo-FakeAudio/Asian (East)/women/id00363/00014_id00763_lI1GEn3Ima0_id05631_wavtolip.npz,8.483882904052734,1
FakeVideo-FakeAudio/Asian (East)/women/id00363/00014_id03379_A32nCObAHiI_id09175_wavtolip.npz,8.15750503540039,1
FakeVideo-FakeAudio/Asian (East)/women/id00363/00014_id04144__FJg9YswRzQ_id00763_wavtolip.npz,5.325803279876709,1
FakeVideo-FakeAudio/Asian (East)/women/id00363/00014_id04701_wavtolip.npz,7.721896648406982,1
FakeVideo-FakeAudio/Asian (East)/women/id00363/00014_id05576_wavtolip.npz,8.529343605041504,1
FakeVideo-FakeAudio/Asian (East)/women/id00363/00014_id05844_wavtolip.npz,8.902775764465332,1
FakeVideo-FakeAudio/Asian (East)/women/id00363/00014_id06054_wavtolip.npz,4.975536346435547,1
FakeVideo-FakeAudio/Asian (East)/women/id00363/00014_id06066_9e5vgpwmruA_id00566_wavtolip.npz,8.693763732910156,1
FakeVideo-FakeAudio/Asian (East)/women/id00363/00014_id06443_wavtolip.npz,1.9461694955825806,1
FakeVideo-FakeAudio/Asian (East)/women/id00363/00014_id08139_wavtolip.npz,8.791918754577637,1
FakeVideo-FakeAudio/Asian (East)/women/id00363/00014_id08819_wavtolip.npz,-2.6434948444366455,1
FakeVideo-FakeAudio/Asian (East)/women/id00363/00014_id09175_YWe7UOnEyHU_id07739_wavtolip.npz,8.117671966552734,1
FakeVideo-FakeAudio/Asian (East)/women/id00363/00014_id09175_wavtolip.npz,7.741302967071533,1
FakeVideo-FakeAudio/Asian (East)/women/id06158/00015_id00763_wavtolip.npz,6.240757465362549,1
FakeVideo-FakeAudio/Asian (East)/women/id06158/00015_id03940_axeR0CLu96U_faceswap_id02587_wavtolip.npz,8.651073455810547,1
FakeVideo-FakeAudio/Asian (East)/women/id06158/00015_id03940_axeR0CLu96U_faceswap_id04414_wavtolip.npz,8.546833992004395,1
FakeVideo-FakeAudio/Asian (East)/women/id06158/00015_id03940_axeR0CLu96U_faceswap_id05620_wavtolip.npz,8.634419441223145,1
FakeVideo-FakeAudio/Asian (East)/women/id06158/00015_id03940_axeR0CLu96U_faceswap_id06065_wavtolip.npz,8.374258041381836,1
FakeVideo-FakeAudio/Asian (East)/women/id06158/00015_id03940_axeR0CLu96U_faceswap_id06443_wavtolip.npz,3.312251329421997,1
FakeVideo-FakeAudio/Asian (East)/women/id06158/00015_id03940_axeR0CLu96U_id06061_wavtolip.npz,8.037568092346191,1
FakeVideo-FakeAudio/Asian (East)/women/id06158/00015_id04057_wavtolip.npz,8.749210357666016,1
FakeVideo-FakeAudio/Asian (East)/women/id06158/00015_id04701_7mnc8w6jRlM_id07799_wavtolip.npz,8.211280822753906,1
FakeVideo-FakeAudio/Asian (East)/women/id06158/00015_id04701_wavtolip.npz,8.621428489685059,1
FakeVideo-FakeAudio/Asian (East)/women/id06158/00015_id06054_wavtolip.npz,4.731179237365723,1
FakeVideo-FakeAudio/Asian (East)/women/id06158/00015_id06060_wavtolip.npz,8.85494613647461,1
FakeVideo-FakeAudio/Asian (East)/women/id06158/00015_id06462_wavtolip.npz,8.867000579833984,1
FakeVideo-FakeAudio/Asian (East)/women/id06158/00015_id08397_zvY3EjwSL1Q_id01281_wavtolip.npz,8.14128303527832,1
FakeVideo-FakeAudio/Asian (East)/women/id03211/00032_id00363_wavtolip.npz,8.358445167541504,1
FakeVideo-FakeAudio/Asian (East)/women/id03211/00032_id00582_9gvF6IohoUI_faceswap_id04414_wavtolip.npz,8.176877975463867,1
FakeVideo-FakeAudio/Asian (East)/women/id03211/00032_id00582_9gvF6IohoUI_faceswap_id05620_wavtolip.npz,8.244206428527832,1
FakeVideo-FakeAudio/Asian (East)/women/id03211/00032_id00582_9gvF6IohoUI_faceswap_id05631_wavtolip.npz,8.291505813598633,1
FakeVideo-FakeAudio/Asian (East)/women/id03211/00032_id00582_9gvF6IohoUI_faceswap_id06225_wavtolip.npz,7.679787635803223,1
FakeVideo-FakeAudio/Asian (East)/women/id03211/00032_id00582_9gvF6IohoUI_faceswap_id06388_wavtolip.npz,7.835931301116943,1
FakeVideo-FakeAudio/Asian (East)/women/id03211/00032_id00582_9gvF6IohoUI_id04414_wavtolip.npz,8.011689186096191,1
FakeVideo-FakeAudio/Asian (East)/women/id03211/00032_id00935_wavtolip.npz,6.718194007873535,1
FakeVideo-FakeAudio/Asian (East)/women/id03211/00032_id02587_KzwJPH5_8j0_id06054_wavtolip.npz,6.981815814971924,1
FakeVideo-FakeAudio/Asian (East)/women/id03211/00032_id02587_wavtolip.npz,7.847898960113525,1
FakeVideo-FakeAudio/Asian (East)/women/id03211/00032_id03940_axeR0CLu96U_id06462_wavtolip.npz,8.413558006286621,1
FakeVideo-FakeAudio/Asian (East)/women/id03211/00032_id04066_DkqznbB2WxQ_id05576_wavtolip.npz,8.366238594055176,1
FakeVideo-FakeAudio/Asian (East)/women/id03211/00032_id04414_0sJN-9GIO-M_id05620_wavtolip.npz,8.637882232666016,1
FakeVideo-FakeAudio/Asian (East)/women/id03211/00032_id04414_wavtolip.npz,8.051570892333984,1
FakeVideo-FakeAudio/Asian (East)/women/id03211/00032_id05631_wavtolip.npz,8.39418888092041,1
FakeVideo-FakeAudio/Asian (East)/women/id03211/00032_id06158_C6FpHdewEzA_id05844_wavtolip.npz,7.820481300354004,1
FakeVideo-FakeAudio/Asian (East)/women/id03211/00032_id06427_dBBAKe2EA_o_id05631_wavtolip.npz,8.541789054870605,1
FakeVideo-FakeAudio/Asian (East)/women/id03211/00032_id09181_wavtolip.npz,8.134256362915039,1
FakeVideo-FakeAudio/Caucasian (European)/men/id01052/00076_id00171_PWU6n0qrv4c_id00266_wavtolip.npz,8.210187911987305,1
FakeVideo-FakeAudio/Caucasian (European)/men/id01052/00076_id00185_wavtolip.npz,5.917834281921387,1
FakeVideo-FakeAudio/Caucasian (European)/men/id01052/00076_id00225_wavtolip.npz,7.92603874206543,1
FakeVideo-FakeAudio/Caucasian (European)/men/id01052/00076_id00241_DlI4wqSFwbI_id00990_wavtolip.npz,8.577432632446289,1
FakeVideo-FakeAudio/Caucasian (European)/men/id01052/00076_id00266_wavtolip.npz,8.296422004699707,1
FakeVideo-FakeAudio/Caucasian (European)/men/id01052/00076_id00282_wavtolip.npz,8.362818717956543,1
FakeVideo-FakeAudio/Caucasian (European)/men/id01052/00076_id00305_LdcY3ILdQrE_id00265_wavtolip.npz,8.027765274047852,1
FakeVideo-FakeAudio/Caucasian (European)/men/id01052/00076_id00306_CDX55F3nWNc_id00981_wavtolip.npz,3.8421225547790527,1
FakeVideo-FakeAudio/Caucasian (European)/men/id01052/00076_id00415_wavtolip.npz,8.204154014587402,1
FakeVideo-FakeAudio/Caucasian (European)/men/id01052/00076_id00498_wavtolip.npz,8.183675765991211,1
FakeVideo-FakeAudio/Caucasian (European)/men/id01052/00076_id00548_DXbYU3qhN7U_id00520_wavtolip.npz,8.2421236038208,1
FakeVideo-FakeAudio/Caucasian (European)/men/id01052/00076_id00548_wavtolip.npz,8.502577781677246,1
FakeVideo-FakeAudio/Caucasian (European)/men/id01052/00076_id00559_wavtolip.npz,8.47300910949707,1
FakeVideo-FakeAudio/Caucasian (European)/men/id01052/00076_id00709_Rh23ELMGsIQ_faceswap_id00063_wavtolip.npz,8.166450500488281,1
FakeVideo-FakeAudio/Caucasian (European)/men/id01052/00076_id00709_Rh23ELMGsIQ_faceswap_id00225_wavtolip.npz,8.152344703674316,1
FakeVideo-FakeAudio/Caucasian (European)/men/id01052/00076_id00709_Rh23ELMGsIQ_faceswap_id00265_wavtolip.npz,7.810554504394531,1
FakeVideo-FakeAudio/Caucasian (European)/men/id01052/00076_id00709_Rh23ELMGsIQ_faceswap_id01052_wavtolip.npz,8.138696670532227,1
FakeVideo-FakeAudio/Caucasian (European)/men/id01052/00076_id00709_Rh23ELMGsIQ_faceswap_id01156_wavtolip.npz,4.566949367523193,1
FakeVideo-FakeAudio/Caucasian (European)/men/id01052/00076_id00709_Rh23ELMGsIQ_id00241_wavtolip.npz,8.177460670471191,1
FakeVideo-FakeAudio/Caucasian (European)/men/id01052/00076_id00963_wavtolip.npz,8.220293998718262,1
FakeVideo-FakeAudio/Caucasian (European)/men/id01052/00076_id00990_G-qzOIgxEoE_id00186_wavtolip.npz,5.994083881378174,1
FakeVideo-FakeAudio/Caucasian (European)/men/id01052/00076_id01051_jPxk6s6FM6Y_id00183_wavtolip.npz,7.9597978591918945,1
FakeVideo-FakeAudio/Caucasian (European)/men/id01052/00076_id01098_BwmSumx6P1U_id00368_wavtolip.npz,7.7132415771484375,1
FakeVideo-FakeAudio/Caucasian (European)/men/id01052/00076_id01102_aGFUkdgmo3A_id00292_wavtolip.npz,5.790533542633057,1
FakeVideo-FakeAudio/Caucasian (European)/men/id01052/00076_id01123_wavtolip.npz,6.958375930786133,1
FakeVideo-FakeAudio/Caucasian (European)/men/id00709/00206_1_id00187_wavtolip.npz,8.46812915802002,1
FakeVideo-FakeAudio/Caucasian (European)/men/id00709/00206_1_id00548_wavtolip.npz,8.432531356811523,1
FakeVideo-FakeAudio/Caucasian (European)/men/id00709/00206_1_id00709_wavtolip.npz,8.354616165161133,1
FakeVideo-FakeAudio/Caucasian (European)/men/id00709/00206_1_id00963_wavtolip.npz,8.996960639953613,1
FakeVideo-FakeAudio/Caucasian (European)/men/id00709/00206_1_id01102_wavtolip.npz,7.96442985534668,1
FakeVideo-FakeAudio/Caucasian (European)/men/id00709/00206_id00063_cVZBXC2rjPM_id01098_wavtolip.npz,7.92332124710083,1
FakeVideo-FakeAudio/Caucasian (European)/men/id00709/00206_id00225_MHSgwpfHAXw_id00063_wavtolip.npz,8.367884635925293,1
FakeVideo-FakeAudio/Caucasian (European)/men/id00709/00206_id00241_wavtolip.npz,8.305299758911133,1
FakeVideo-FakeAudio/Caucasian (European)/men/id00709/00206_id00358_vsVwGKy79kM_id01098_wavtolip.npz,8.201382637023926,1
FakeVideo-FakeAudio/Caucasian (European)/men/id00709/00206_id00358_wavtolip.npz,8.711443901062012,1
FakeVideo-FakeAudio/Caucasian (European)/men/id00709/00206_id00415_wavtolip.npz,8.00211238861084,1
FakeVideo-FakeAudio/Caucasian (European)/men/id00709/00206_id00535_BhvTIJ-YG5s_id00055_wavtolip.npz,8.405056953430176,1
FakeVideo-FakeAudio/Caucasian (European)/men/id00709/00206_id00548_DXbYU3qhN7U_id01102_wavtolip.npz,8.264693260192871,1
FakeVideo-FakeAudio/Caucasian (European)/men/id00709/00206_id00559_wavtolip.npz,8.655008316040039,1
FakeVideo-FakeAudio/Caucasian (European)/men/id00709/00206_id00919_XDUn0Pskyrk_id01157_wavtolip.npz,8.293694496154785,1
FakeVideo-FakeAudio/Caucasian (European)/men/id00709/00206_id00919_wavtolip.npz,8.242671966552734,1
FakeVideo-FakeAudio/Caucasian (European)/men/id00709/00206_id00999_SjnM4XFBz0M_id00520_wavtolip.npz,8.351520538330078,1
FakeVideo-FakeAudio/Caucasian (European)/men/id00709/00206_id01052_Kf4nlIEHfaU_id00185_wavtolip.npz,5.87050199508667,1
FakeVideo-FakeAudio/Caucasian (European)/men/id00709/00206_id01052_wavtolip.npz,8.50571346282959,1
FakeVideo-FakeAudio/Caucasian (European)/men/id00709/00206_id01102_wavtolip.npz,7.988831996917725,1
FakeVideo-FakeAudio/Caucasian (European)/men/id00709/00206_id01123_wavtolip.npz,6.9026288986206055,1
FakeVideo-FakeAudio/Caucasian (European)/men/id00709/00206_id01126_wavtolip.npz,8.018179893493652,1
FakeVideo-FakeAudio/Caucasian (European)/men/id00709/00206_id01154_wavtolip.npz,7.410545349121094,1
FakeVideo-FakeAudio/Caucasian (European)/men/id00709/00206_id02567_4Ao5jgpSXdw_id00919_wavtolip.npz,8.355507850646973,1
FakeVideo-FakeAudio/Caucasian (European)/men/id00709/00206_id03205_gXytNIcANKw_id00241_wavtolip.npz,8.41991138458252,1
FakeVideo-FakeAudio/Caucasian (European)/men/id00306/00015_id00063_wavtolip.npz,8.326021194458008,1
FakeVideo-FakeAudio/Caucasian (European)/men/id00306/00015_id00241_DlI4wqSFwbI_id01154_wavtolip.npz,7.660553455352783,1
FakeVideo-FakeAudio/Caucasian (European)/men/id00306/00015_id00241_wavtolip.npz,8.38693904876709,1
FakeVideo-FakeAudio/Caucasian (European)/men/id00306/00015_id00292_qELK8N_DykA_id00554_wavtolip.npz,7.894733905792236,1
FakeVideo-FakeAudio/Caucasian (European)/men/id00306/00015_id00292_wavtolip.npz,5.815244197845459,1
FakeVideo-FakeAudio/Caucasian (European)/men/id00306/00015_id00415_saYfEadFy_s_id00559_wavtolip.npz,8.611124038696289,1
FakeVideo-FakeAudio/Caucasian (European)/men/id00306/00015_id00594_wavtolip.npz,7.124754428863525,1
FakeVideo-FakeAudio/Caucasian (European)/men/id00306/00015_id00909_wavtolip.npz,5.202098369598389,1
FakeVideo-FakeAudio/Caucasian (European)/men/id00306/00015_id01051_wavtolip.npz,8.04734992980957,1
FakeVideo-FakeAudio/Caucasian (European)/men/id00306/00015_id01052_Kf4nlIEHfaU_id01154_wavtolip.npz,7.563785076141357,1
FakeVideo-FakeAudio/Caucasian (European)/men/id00306/00015_id01052_wavtolip.npz,8.398900985717773,1
FakeVideo-FakeAudio/Caucasian (European)/men/id00306/00015_id01058_2DKbOjf3Wyo_faceswap_id00253_wavtolip.npz,7.237946033477783,1
FakeVideo-FakeAudio/Caucasian (European)/men/id00306/00015_id01058_2DKbOjf3Wyo_faceswap_id00535_wavtolip.npz,7.1174187660217285,1
FakeVideo-FakeAudio/Caucasian (European)/men/id00306/00015_id01058_2DKbOjf3Wyo_faceswap_id00559_wavtolip.npz,8.58343505859375,1
FakeVideo-FakeAudio/Caucasian (European)/men/id00306/00015_id01058_2DKbOjf3Wyo_faceswap_id00919_wavtolip.npz,8.286721229553223,1
FakeVideo-FakeAudio/Caucasian (European)/men/id00306/00015_id01058_2DKbOjf3Wyo_faceswap_id01157_wavtolip.npz,8.120868682861328,1
FakeVideo-FakeAudio/Caucasian (European)/men/id00306/00015_id01058_2DKbOjf3Wyo_id00171_wavtolip.npz,7.744541168212891,1
FakeVideo-FakeAudio/Caucasian (European)/men/id00306/00015_id01098_wavtolip.npz,7.949847221374512,1
FakeVideo-FakeAudio/Caucasian (European)/men/id00306/00015_id01123_wavtolip.npz,6.732010841369629,1
FakeVideo-FakeAudio/Caucasian (European)/men/id00306/00015_id01126_wavtolip.npz,8.363641738891602,1
FakeVideo-FakeAudio/Caucasian (European)/men/id00306/00015_id01154_tvmOcaG4A4w_id01051_wavtolip.npz,8.310188293457031,1
FakeVideo-FakeAudio/Caucasian (European)/men/id00306/00015_id01156_RT99eogJo4k_id01156_wavtolip.npz,4.3551530838012695,1
FakeVideo-FakeAudio/Caucasian (European)/men/id00292/00072_id00055_XzCF6sJ8Axc_id00306_wavtolip.npz,4.736471652984619,1
FakeVideo-FakeAudio/Caucasian (European)/men/id00292/00072_id00187_wavtolip.npz,7.182629585266113,1
FakeVideo-FakeAudio/Caucasian (European)/men/id00292/00072_id00192_By3wxX0dyDw_faceswap_id00225_wavtolip.npz,7.75801944732666,1
FakeVideo-FakeAudio/Caucasian (European)/men/id00292/00072_id00192_By3wxX0dyDw_faceswap_id00709_wavtolip.npz,6.8198628425598145,1
FakeVideo-FakeAudio/Caucasian (European)/men/id00292/00072_id00192_By3wxX0dyDw_faceswap_id00919_wavtolip.npz,8.316758155822754,1
FakeVideo-FakeAudio/Caucasian (European)/men/id00292/00072_id00192_By3wxX0dyDw_faceswap_id01052_wavtolip.npz,8.229859352111816,1
FakeVideo-FakeAudio/Caucasian (European)/men/id00292/00072_id00192_By3wxX0dyDw_faceswap_id01102_wavtolip.npz,8.169676780700684,1
FakeVideo-FakeAudio/Caucasian (European)/men/id00292/00072_id00192_By3wxX0dyDw_id00520_wavtolip.npz,8.13754940032959,1
FakeVideo-FakeAudio/Caucasian (European)/men/id00292/00072_id00265_wavtolip.npz,7.846978187561035,1
FakeVideo-FakeAudio/Caucasian (European)/men/id00292/00072_id00266_wavtolip.npz,6.373090744018555,1
FakeVideo-FakeAudio/Caucasian (European)/men/id00292/00072_id00282_iTsqWj6GEbo_id00055_wavtolip.npz,8.27392864227295,1
FakeVideo-FakeAudio/Caucasian (European)/men/id00292/00072_id00282_wavtolip.npz,8.346622467041016,1
FakeVideo-FakeAudio/Caucasian (European)/men/id00292/00072_id00306_CDX55F3nWNc_id00305_wavtolip.npz,7.816997528076172,1
FakeVideo-FakeAudio/Caucasian (European)/men/id00292/00072_id00368_KohcGDsg29U_id00415_wavtolip.npz,8.22606372833252,1
FakeVideo-FakeAudio/Caucasian (European)/men/id00292/00072_id00559_wavtolip.npz,8.480618476867676,1
FakeVideo-FakeAudio/Caucasian (European)/men/id00292/00072_id00963_1s6PjtI643E_id00694_wavtolip.npz,7.986729145050049,1
FakeVideo-FakeAudio/Caucasian (European)/men/id00292/00072_id00981_OmNALjENDkI_id01098_wavtolip.npz,7.882286071777344,1
FakeVideo-FakeAudio/Caucasian (European)/men/id00292/00072_id01098_wavtolip.npz,8.013951301574707,1
FakeVideo-FakeAudio/Caucasian (European)/men/id00292/00072_id01099_ZpgbIKxzkrg_id00548_wavtolip.npz,3.9170267581939697,1
FakeVideo-FakeAudio/Caucasian (European)/men/id00292/00072_id01102_wavtolip.npz,7.92335319519043,1
FakeVideo-FakeAudio/Caucasian (European)/men/id00292/00072_id01126_wavtolip.npz,7.864623069763184,1
FakeVideo-FakeAudio/Caucasian (European)/men/id00292/00072_id01154_wavtolip.npz,8.217704772949219,1
FakeVideo-FakeAudio/Caucasian (European)/men/id00292/00072_id01156_RT99eogJo4k_id02567_wavtolip.npz,7.741002082824707,1
FakeVideo-FakeAudio/Caucasian (European)/men/id00292/00072_id01157_yDgqfOWVKko_id01156_wavtolip.npz,4.047700881958008,1
FakeVideo-FakeAudio/Caucasian (European)/men/id00292/00072_id02567_wavtolip.npz,7.798128604888916,1
FakeVideo-FakeAudio/Caucasian (European)/men/id00919/00063_id00055_wavtolip.npz,8.726186752319336,1
FakeVideo-FakeAudio/Caucasian (European)/men/id00919/00063_id00063_cVZBXC2rjPM_id00990_wavtolip.npz,6.130914211273193,1
FakeVideo-FakeAudio/Caucasian (European)/men/id00919/00063_id00171_wavtolip.npz,4.474390029907227,1
FakeVideo-FakeAudio/Caucasian (European)/men/id00919/00063_id00265_wavtolip.npz,8.350471496582031,1
FakeVideo-FakeAudio/Caucasian (European)/men/id00919/00063_id00306_wavtolip.npz,3.8646886348724365,1
FakeVideo-FakeAudio/Caucasian (European)/men/id00919/00063_id00358_vsVwGKy79kM_id00594_wavtolip.npz,-4.114894390106201,1
FakeVideo-FakeAudio/Caucasian (European)/men/id00919/00063_id00368_wavtolip.npz,7.640817642211914,1
FakeVideo-FakeAudio/Caucasian (European)/men/id00919/00063_id00535_BhvTIJ-YG5s_id02567_wavtolip.npz,7.075329303741455,1
FakeVideo-FakeAudio/Caucasian (European)/men/id00919/00063_id00535_wavtolip.npz,7.175290107727051,1
FakeVideo-FakeAudio/Caucasian (European)/men/id00919/00063_id00559_Y7ovoKuvL78_id01051_wavtolip.npz,8.30781364440918,1
FakeVideo-FakeAudio/Caucasian (European)/men/id00919/00063_id00709_Rh23ELMGsIQ_id00266_wavtolip.npz,8.064189910888672,1
FakeVideo-FakeAudio/Caucasian (European)/men/id00919/00063_id00909_wavtolip.npz,5.342932224273682,1
FakeVideo-FakeAudio/Caucasian (European)/men/id00919/00063_id00919_wavtolip.npz,8.388077735900879,1
FakeVideo-FakeAudio/Caucasian (European)/men/id00919/00063_id01099_ZpgbIKxzkrg_id00946_wavtolip.npz,8.47010326385498,1
FakeVideo-FakeAudio/Caucasian (European)/men/id00919/00063_id01156_RT99eogJo4k_id00306_wavtolip.npz,3.876612663269043,1
FakeVideo-FakeAudio/Caucasian (European)/men/id00919/00063_id01156_wavtolip.npz,4.2396674156188965,1
FakeVideo-FakeAudio/Caucasian (European)/men/id00919/00063_id01157_yDgqfOWVKko_id00694_wavtolip.npz,7.829261302947998,1
FakeVideo-FakeAudio/Caucasian (European)/men/id00919/00063_id02567_4Ao5jgpSXdw_id00519_wavtolip.npz,8.265671730041504,1
FakeVideo-FakeAudio/Caucasian (European)/men/id00919/00063_id03205_gXytNIcANKw_id01051_wavtolip.npz,8.25234603881836,1
FakeVideo-FakeAudio/Caucasian (European)/men/id00919/00063_id03205_wavtolip.npz,8.380331039428711,1
FakeVideo-FakeAudio/Caucasian (European)/men/id01099/00206_id00055_XzCF6sJ8Axc_id00548_wavtolip.npz,5.789323329925537,1
FakeVideo-FakeAudio/Caucasian (European)/men/id01099/00206_id00063_cVZBXC2rjPM_id00186_wavtolip.npz,8.549918174743652,1
FakeVideo-FakeAudio/Caucasian (European)/men/id01099/00206_id00171_wavtolip.npz,3.8272831439971924,1
FakeVideo-FakeAudio/Caucasian (European)/men/id01099/00206_id00183_wavtolip.npz,8.423975944519043,1
FakeVideo-FakeAudio/Caucasian (European)/men/id01099/00206_id00225_wavtolip.npz,8.093331336975098,1
FakeVideo-FakeAudio/Caucasian (European)/men/id01099/00206_id00253_cyTfcQDjvU0_id00055_wavtolip.npz,8.669073104858398,1
FakeVideo-FakeAudio/Caucasian (European)/men/id01099/00206_id00253_wavtolip.npz,7.490756034851074,1
FakeVideo-FakeAudio/Caucasian (European)/men/id01099/00206_id00292_qELK8N_DykA_id00185_wavtolip.npz,8.070908546447754,1
FakeVideo-FakeAudio/Caucasian (European)/men/id01099/00206_id00358_wavtolip.npz,8.856234550476074,1
FakeVideo-FakeAudio/Caucasian (European)/men/id01099/00206_id00519_wavtolip.npz,8.767555236816406,1
FakeVideo-FakeAudio/Caucasian (European)/men/id01099/00206_id00535_BhvTIJ-YG5s_id00548_wavtolip.npz,5.662713050842285,1
FakeVideo-FakeAudio/Caucasian (European)/men/id01099/00206_id00554_crjq1dFN1Ko_id01123_wavtolip.npz,4.693092346191406,1
FakeVideo-FakeAudio/Caucasian (European)/men/id01099/00206_id00559_Y7ovoKuvL78_id00498_wavtolip.npz,8.345366477966309,1
FakeVideo-FakeAudio/Caucasian (European)/men/id01099/00206_id00694_wavtolip.npz,7.854098320007324,1
FakeVideo-FakeAudio/Caucasian (European)/men/id01099/00206_id00709_wavtolip.npz,7.8682708740234375,1
FakeVideo-FakeAudio/Caucasian (European)/men/id01099/00206_id00919_XDUn0Pskyrk_faceswap_id00055_wavtolip.npz,8.604583740234375,1
FakeVideo-FakeAudio/Caucasian (European)/men/id01099/00206_id00919_XDUn0Pskyrk_faceswap_id00694_wavtolip.npz,8.207448959350586,1
FakeVideo-FakeAudio/Caucasian (European)/men/id01099/00206_id00919_XDUn0Pskyrk_faceswap_id01058_wavtolip.npz,6.964099884033203,1
FakeVideo-FakeAudio/Caucasian (European)/men/id01099/00206_id00919_XDUn0Pskyrk_faceswap_id01156_wavtolip.npz,5.186208248138428,1
FakeVideo-FakeAudio/Caucasian (European)/men/id01099/00206_id00919_XDUn0Pskyrk_faceswap_id03205_wavtolip.npz,8.247476577758789,1
FakeVideo-FakeAudio/Caucasian (European)/men/id01099/00206_id00919_XDUn0Pskyrk_id00241_wavtolip.npz,7.940589427947998,1
FakeVideo-FakeAudio/Caucasian (European)/men/id01099/00206_id00946_wavtolip.npz,8.345017433166504,1
FakeVideo-FakeAudio/Caucasian (European)/men/id01099/00206_id01058_wavtolip.npz,7.230991840362549,1
FakeVideo-FakeAudio/Caucasian (European)/men/id01099/00206_id01157_yDgqfOWVKko_id00999_wavtolip.npz,8.172833442687988,1
FakeVideo-FakeAudio/Caucasian (European)/men/id00358/00217_id00063_cVZBXC2rjPM_faceswap_id00055_wavtolip.npz,8.631482124328613,1
FakeVideo-FakeAudio/Caucasian (European)/men/id00358/00217_id00063_cVZBXC2rjPM_faceswap_id00063_wavtolip.npz,8.211138725280762,1
FakeVideo-FakeAudio/Caucasian (European)/men/id00358/00217_id00063_cVZBXC2rjPM_faceswap_id00187_wavtolip.npz,8.691015243530273,1
FakeVideo-FakeAudio/Caucasian (European)/men/id00358/00217_id00063_cVZBXC2rjPM_faceswap_id00253_wavtolip.npz,7.194424152374268,1
FakeVideo-FakeAudio/Caucasian (European)/men/id00358/00217_id00063_cVZBXC2rjPM_faceswap_id01099_wavtolip.npz,7.470395565032959,1
FakeVideo-FakeAudio/Caucasian (European)/men/id00358/00217_id00063_cVZBXC2rjPM_id00192_wavtolip.npz,8.506189346313477,1
FakeVideo-FakeAudio/Caucasian (European)/men/id00358/00217_id00183_wavtolip.npz,8.240480422973633,1
FakeVideo-FakeAudio/Caucasian (European)/men/id00358/00217_id00186_KTjDxHTlzg0_id00266_wavtolip.npz,8.288243293762207,1
FakeVideo-FakeAudio/Caucasian (European)/men/id00358/00217_id00225_MHSgwpfHAXw_id00999_wavtolip.npz,8.102547645568848,1
FakeVideo-FakeAudio/Caucasian (European)/men/id00358/00217_id00225_wavtolip.npz,8.425334930419922,1
FakeVideo-FakeAudio/Caucasian (European)/men/id00358/00217_id00265_wavtolip.npz,7.891050338745117,1
FakeVideo-FakeAudio/Caucasian (European)/men/id00358/00217_id00292_wavtolip.npz,5.779201507568359,1
FakeVideo-FakeAudio/Caucasian (European)/men/id00358/00217_id00415_wavtolip.npz,8.185041427612305,1
FakeVideo-FakeAudio/Caucasian (European)/men/id00358/00217_id00535_BhvTIJ-YG5s_id01156_wavtolip.npz,7.401381015777588,1
FakeVideo-FakeAudio/Caucasian (European)/men/id00358/00217_id00694_wavtolip.npz,7.817245006561279,1
FakeVideo-FakeAudio/Caucasian (European)/men/id00358/00217_id00709_Rh23ELMGsIQ_id01154_wavtolip.npz,7.97167444229126,1
FakeVideo-FakeAudio/Caucasian (European)/men/id00358/00217_id00946_wavtolip.npz,7.787745475769043,1
FakeVideo-FakeAudio/Caucasian (European)/men/id00358/00217_id00981_OmNALjENDkI_id00709_wavtolip.npz,8.262296676635742,1
FakeVideo-FakeAudio/Caucasian (European)/men/id00358/00217_id00990_wavtolip.npz,8.446802139282227,1
FakeVideo-FakeAudio/Caucasian (European)/men/id00358/00217_id01051_jPxk6s6FM6Y_id00694_wavtolip.npz,8.615585327148438,1
FakeVideo-FakeAudio/Caucasian (European)/men/id00358/00217_id01098_wavtolip.npz,8.197656631469727,1
FakeVideo-FakeAudio/Caucasian (European)/men/id00358/00217_id01102_aGFUkdgmo3A_id01154_wavtolip.npz,7.807155132293701,1
FakeVideo-FakeAudio/Caucasian (European)/men/id00358/00217_id01154_wavtolip.npz,7.478960990905762,1
FakeVideo-FakeAudio/Caucasian (European)/men/id00358/00217_id01157_yDgqfOWVKko_id03205_wavtolip.npz,8.037423133850098,1
FakeVideo-FakeAudio/Caucasian (European)/men/id00282/00268_id00063_cVZBXC2rjPM_id00554_wavtolip.npz,7.8138909339904785,1
FakeVideo-FakeAudio/Caucasian (European)/men/id00282/00268_id00171_PWU6n0qrv4c_id01052_wavtolip.npz,8.060530662536621,1
FakeVideo-FakeAudio/Caucasian (European)/men/id00282/00268_id00171_wavtolip.npz,4.5016045570373535,1
FakeVideo-FakeAudio/Caucasian (European)/men/id00282/00268_id00185_wavtolip.npz,5.728348255157471,1
FakeVideo-FakeAudio/Caucasian (European)/men/id00282/00268_id00192_wavtolip.npz,8.583394050598145,1
FakeVideo-FakeAudio/Caucasian (European)/men/id00282/00268_id00241_wavtolip.npz,7.973207950592041,1
FakeVideo-FakeAudio/Caucasian (European)/men/id00282/00268_id00265_wavtolip.npz,7.961110591888428,1
FakeVideo-FakeAudio/Caucasian (European)/men/id00282/00268_id00282_wavtolip.npz,8.060035705566406,1
FakeVideo-FakeAudio/Caucasian (European)/men/id00282/00268_id00292_qELK8N_DykA_id00183_wavtolip.npz,8.034444808959961,1
FakeVideo-FakeAudio/Caucasian (European)/men/id00282/00268_id00305_LdcY3ILdQrE_faceswap_id00306_wavtolip.npz,5.2721028327941895,1
FakeVideo-FakeAudio/Caucasian (European)/men/id00282/00268_id00305_LdcY3ILdQrE_faceswap_id00368_wavtolip.npz,8.35081672668457,1
FakeVideo-FakeAudio/Caucasian (European)/men/id00282/00268_id00305_LdcY3ILdQrE_faceswap_id00709_wavtolip.npz,7.730462551116943,1
FakeVideo-FakeAudio/Caucasian (European)/men/id00282/00268_id00305_LdcY3ILdQrE_faceswap_id01052_wavtolip.npz,7.970032691955566,1
FakeVideo-FakeAudio/Caucasian (European)/men/id00282/00268_id00305_LdcY3ILdQrE_faceswap_id01156_wavtolip.npz,4.718684196472168,1
FakeVideo-FakeAudio/Caucasian (European)/men/id00282/00268_id00305_LdcY3ILdQrE_id00554_wavtolip.npz,8.125365257263184,1
FakeVideo-FakeAudio/Caucasian (European)/men/id00282/00268_id00368_KohcGDsg29U_id00963_wavtolip.npz,8.353893280029297,1
FakeVideo-FakeAudio/Caucasian (European)/men/id00282/00268_id00415_wavtolip.npz,8.053365707397461,1
FakeVideo-FakeAudio/Caucasian (European)/men/id00282/00268_id00498_N_BjyJsx80g_id00594_wavtolip.npz,3.097872257232666,1
FakeVideo-FakeAudio/Caucasian (European)/men/id00282/00268_id00909_nEQbKqo1XCs_id02567_wavtolip.npz,7.748446941375732,1
FakeVideo-FakeAudio/Caucasian (European)/men/id00282/00268_id01051_wavtolip.npz,8.309104919433594,1
FakeVideo-FakeAudio/Caucasian (European)/men/id00282/00268_id01058_2DKbOjf3Wyo_id03205_wavtolip.npz,8.118643760681152,1
FakeVideo-FakeAudio/Caucasian (European)/men/id00282/00268_id01098_wavtolip.npz,8.050130844116211,1
FakeVideo-FakeAudio/Caucasian (European)/men/id00282/00268_id01123_Xid_-DpIHX4_id00498_wavtolip.npz,8.358912467956543,1
FakeVideo-FakeAudio/Caucasian (European)/men/id00282/00268_id01126_wavtolip.npz,8.224064826965332,1
FakeVideo-FakeAudio/Caucasian (European)/men/id00282/00268_id03205_gXytNIcANKw_id01154_wavtolip.npz,7.654897212982178,1
FakeVideo-FakeAudio/Caucasian (European)/men/id01051/00322_2_id00063_wavtolip.npz,8.554895401000977,1
FakeVideo-FakeAudio/Caucasian (European)/men/id01051/00322_2_id00186_wavtolip.npz,8.370692253112793,1
FakeVideo-FakeAudio/Caucasian (European)/men/id01051/00322_2_id00305_wavtolip.npz,8.007441520690918,1
FakeVideo-FakeAudio/Caucasian (European)/men/id01051/00322_2_id00990_wavtolip.npz,8.35297966003418,1
FakeVideo-FakeAudio/Caucasian (European)/men/id01051/00322_2_id01099_wavtolip.npz,7.6553568840026855,1
FakeVideo-FakeAudio/Caucasian (European)/men/id01051/00322_id00186_KTjDxHTlzg0_id00709_wavtolip.npz,7.935441017150879,1
FakeVideo-FakeAudio/Caucasian (European)/men/id01051/00322_id00187_dwaPMrJANMQ_id00415_wavtolip.npz,8.489307403564453,1
FakeVideo-FakeAudio/Caucasian (European)/men/id01051/00322_id00187_wavtolip.npz,8.559150695800781,1
FakeVideo-FakeAudio/Caucasian (European)/men/id01051/00322_id00192_wavtolip.npz,8.30120849609375,1
FakeVideo-FakeAudio/Caucasian (European)/men/id01051/00322_id00265_wavtolip.npz,8.354833602905273,1
FakeVideo-FakeAudio/Caucasian (European)/men/id01051/00322_id00305_wavtolip.npz,5.1629743576049805,1
FakeVideo-FakeAudio/Caucasian (European)/men/id01051/00322_id00306_wavtolip.npz,8.591330528259277,1
FakeVideo-FakeAudio/Caucasian (European)/men/id01051/00322_id00358_vsVwGKy79kM_id01051_wavtolip.npz,8.357129096984863,1
FakeVideo-FakeAudio/Caucasian (European)/men/id01051/00322_id00358_wavtolip.npz,8.513958930969238,1
FakeVideo-FakeAudio/Caucasian (European)/men/id01051/00322_id00535_BhvTIJ-YG5s_id00171_wavtolip.npz,8.384283065795898,1
FakeVideo-FakeAudio/Caucasian (European)/men/id01051/00322_id00548_wavtolip.npz,8.516408920288086,1
FakeVideo-FakeAudio/Caucasian (European)/men/id01051/00322_id00709_Rh23ELMGsIQ_id00520_wavtolip.npz,8.356790542602539,1
FakeVideo-FakeAudio/Caucasian (European)/men/id01051/00322_id01052_Kf4nlIEHfaU_id03205_wavtolip.npz,8.198500633239746,1
FakeVideo-FakeAudio/Caucasian (European)/men/id01051/00322_id01058_wavtolip.npz,8.035248756408691,1
FakeVideo-FakeAudio/Caucasian (European)/men/id01051/00322_id01098_BwmSumx6P1U_id02567_wavtolip.npz,7.738401889801025,1
FakeVideo-FakeAudio/Caucasian (European)/men/id01051/00322_id01102_aGFUkdgmo3A_faceswap_id00709_wavtolip.npz,8.1851224899292,1
FakeVideo-FakeAudio/Caucasian (European)/men/id01051/00322_id01102_aGFUkdgmo3A_faceswap_id00919_wavtolip.npz,8.92109203338623,1
FakeVideo-FakeAudio/Caucasian (European)/men/id01051/00322_id01102_aGFUkdgmo3A_faceswap_id00946_wavtolip.npz,8.020586967468262,1
FakeVideo-FakeAudio/Caucasian (European)/men/id01051/00322_id01102_aGFUkdgmo3A_faceswap_id01102_wavtolip.npz,8.024954795837402,1
FakeVideo-FakeAudio/Caucasian (European)/men/id01051/00322_id01102_aGFUkdgmo3A_faceswap_id01156_wavtolip.npz,7.216004848480225,1
FakeVideo-FakeAudio/Caucasian (European)/men/id01051/00322_id01102_aGFUkdgmo3A_id00548_wavtolip.npz,8.4599609375,1
FakeVideo-FakeAudio/Caucasian (European)/men/id01051/00322_id01156_RT99eogJo4k_id03205_wavtolip.npz,8.242281913757324,1
FakeVideo-FakeAudio/Caucasian (European)/men/id01051/00322_id01156_wavtolip.npz,7.539209842681885,1
FakeVideo-FakeAudio/Caucasian (European)/men/id01051/00322_id02567_4Ao5jgpSXdw_id00519_wavtolip.npz,8.832381248474121,1
FakeVideo-FakeAudio/Caucasian (European)/men/id01051/00322_id02567_wavtolip.npz,7.622020721435547,1
FakeVideo-FakeAudio/Caucasian (European)/men/id00415/00017_id00183_z2DhZllPWUQ_id00909_wavtolip.npz,5.24924373626709,1
FakeVideo-FakeAudio/Caucasian (European)/men/id00415/00017_id00192_By3wxX0dyDw_faceswap_id00368_wavtolip.npz,8.505101203918457,1
FakeVideo-FakeAudio/Caucasian (European)/men/id00415/00017_id00192_By3wxX0dyDw_faceswap_id00520_wavtolip.npz,8.17000675201416,1
FakeVideo-FakeAudio/Caucasian (European)/men/id00415/00017_id00192_By3wxX0dyDw_faceswap_id00548_wavtolip.npz,8.42394733428955,1
FakeVideo-FakeAudio/Caucasian (European)/men/id00415/00017_id00192_By3wxX0dyDw_faceswap_id00909_wavtolip.npz,5.312168598175049,1
FakeVideo-FakeAudio/Caucasian (European)/men/id00415/00017_id00192_By3wxX0dyDw_faceswap_id01154_wavtolip.npz,7.836573123931885,1
FakeVideo-FakeAudio/Caucasian (European)/men/id00415/00017_id00192_By3wxX0dyDw_id00963_wavtolip.npz,7.990452289581299,1
FakeVideo-FakeAudio/Caucasian (European)/men/id00415/00017_id00241_DlI4wqSFwbI_id00186_wavtolip.npz,8.526168823242188,1
FakeVideo-FakeAudio/Caucasian (European)/men/id00415/00017_id00241_wavtolip.npz,8.102606773376465,1
FakeVideo-FakeAudio/Caucasian (European)/men/id00415/00017_id00292_qELK8N_DykA_id00055_wavtolip.npz,8.255807876586914,1
FakeVideo-FakeAudio/Caucasian (European)/men/id00415/00017_id00305_wavtolip.npz,8.3328857421875,1
FakeVideo-FakeAudio/Caucasian (European)/men/id00415/00017_id00306_CDX55F3nWNc_id00415_wavtolip.npz,8.022991180419922,1
FakeVideo-FakeAudio/Caucasian (European)/men/id00415/00017_id00520_wavtolip.npz,8.592761993408203,1
FakeVideo-FakeAudio/Caucasian (European)/men/id00415/00017_id00559_Y7ovoKuvL78_id00055_wavtolip.npz,8.104762077331543,1
FakeVideo-FakeAudio/Caucasian (European)/men/id00415/00017_id00594_wavtolip.npz,5.4109039306640625,1
FakeVideo-FakeAudio/Caucasian (European)/men/id00415/00017_id00963_1s6PjtI643E_id00282_wavtolip.npz,8.151906967163086,1
FakeVideo-FakeAudio/Caucasian (European)/men/id00415/00017_id00963_wavtolip.npz,8.374414443969727,1
FakeVideo-FakeAudio/Caucasian (European)/men/id00415/00017_id00999_SjnM4XFBz0M_id00306_wavtolip.npz,5.071266174316406,1
FakeVideo-FakeAudio/Caucasian (European)/men/id00415/00017_id01058_2DKbOjf3Wyo_id00919_wavtolip.npz,8.348666191101074,1
FakeVideo-FakeAudio/Caucasian (European)/men/id00415/00017_id01058_wavtolip.npz,8.155696868896484,1
FakeVideo-FakeAudio/Caucasian (European)/men/id00415/00017_id01099_wavtolip.npz,7.457433223724365,1
FakeVideo-FakeAudio/Caucasian (European)/men/id00415/00017_id01123_wavtolip.npz,6.828718185424805,1
FakeVideo-FakeAudio/Caucasian (European)/men/id00415/00017_id01126_wavtolip.npz,8.48246955871582,1
FakeVideo-FakeAudio/Caucasian (European)/men/id00415/00017_id01156_wavtolip.npz,4.690550804138184,1
FakeVideo-FakeAudio/Caucasian (European)/men/id00187/00360_id00055_wavtolip.npz,8.602089881896973,1
FakeVideo-FakeAudio/Caucasian (European)/men/id00187/00360_id00171_wavtolip.npz,7.5374274253845215,1
FakeVideo-FakeAudio/Caucasian (European)/men/id00187/00360_id00183_wavtolip.npz,8.19422721862793,1
FakeVideo-FakeAudio/Caucasian (European)/men/id00187/00360_id00185_1lsGWpwnl1M_id00999_wavtolip.npz,8.206744194030762,1
FakeVideo-FakeAudio/Caucasian (European)/men/id00187/00360_id00186_KTjDxHTlzg0_id03205_wavtolip.npz,7.9434685707092285,1
FakeVideo-FakeAudio/Caucasian (European)/men/id00187/00360_id00225_MHSgwpfHAXw_id00415_wavtolip.npz,8.079072952270508,1
FakeVideo-FakeAudio/Caucasian (European)/men/id00187/00360_id00225_wavtolip.npz,8.27956485748291,1
FakeVideo-FakeAudio/Caucasian (European)/men/id00187/00360_id00241_DlI4wqSFwbI_id01098_wavtolip.npz,8.00124740600586,1
FakeVideo-FakeAudio/Caucasian (European)/men/id00187/00360_id00265_dZq57FoxXR4_id01051_wavtolip.npz,8.297791481018066,1
FakeVideo-FakeAudio/Caucasian (European)/men/id00187/00360_id00282_wavtolip.npz,7.922565460205078,1
FakeVideo-FakeAudio/Caucasian (European)/men/id00187/00360_id00909_wavtolip.npz,5.648096561431885,1
FakeVideo-FakeAudio/Caucasian (European)/men/id00187/00360_id00990_wavtolip.npz,8.758368492126465,1
FakeVideo-FakeAudio/Caucasian (European)/men/id00187/00360_id00999_SjnM4XFBz0M_id00186_wavtolip.npz,5.864808082580566,1
FakeVideo-FakeAudio/Caucasian (European)/men/id00187/00360_id01051_jPxk6s6FM6Y_faceswap_id00186_wavtolip.npz,5.918379783630371,1
FakeVideo-FakeAudio/Caucasian (European)/men/id00187/00360_id01051_jPxk6s6FM6Y_faceswap_id00225_wavtolip.npz,8.343555450439453,1
FakeVideo-FakeAudio/Caucasian (European)/men/id00187/00360_id01051_jPxk6s6FM6Y_faceswap_id00535_wavtolip.npz,6.985417366027832,1
FakeVideo-FakeAudio/Caucasian (European)/men/id00187/00360_id01051_jPxk6s6FM6Y_faceswap_id00554_wavtolip.npz,7.893344402313232,1
FakeVideo-FakeAudio/Caucasian (European)/men/id00187/00360_id01051_jPxk6s6FM6Y_faceswap_id01157_wavtolip.npz,7.884488582611084,1
FakeVideo-FakeAudio/Caucasian (European)/men/id00187/00360_id01051_jPxk6s6FM6Y_id00946_wavtolip.npz,7.816431045532227,1
FakeVideo-FakeAudio/Caucasian (European)/men/id00187/00360_id01052_Kf4nlIEHfaU_id00963_wavtolip.npz,8.140661239624023,1
FakeVideo-FakeAudio/Caucasian (European)/men/id00187/00360_id01102_aGFUkdgmo3A_id00594_wavtolip.npz,6.753769397735596,1
FakeVideo-FakeAudio/Caucasian (European)/men/id00187/00360_id01154_wavtolip.npz,7.653518199920654,1
FakeVideo-FakeAudio/Caucasian (European)/men/id00187/00360_id01156_wavtolip.npz,5.846612930297852,1
FakeVideo-FakeAudio/Caucasian (European)/men/id00187/00360_id01157_wavtolip.npz,8.201080322265625,1
FakeVideo-FakeAudio/Caucasian (European)/men/id00187/00360_id02567_4Ao5jgpSXdw_id00946_wavtolip.npz,8.267597198486328,1
FakeVideo-FakeAudio/Caucasian (European)/men/id00055/00120_id00063_cVZBXC2rjPM_id01058_wavtolip.npz,5.609652996063232,1
FakeVideo-FakeAudio/Caucasian (European)/men/id00055/00120_id00171_wavtolip.npz,7.734095096588135,1
FakeVideo-FakeAudio/Caucasian (European)/men/id00055/00120_id00183_z2DhZllPWUQ_faceswap_id00183_wavtolip.npz,8.30106258392334,1
FakeVideo-FakeAudio/Caucasian (European)/men/id00055/00120_id00183_z2DhZllPWUQ_faceswap_id00709_wavtolip.npz,7.455578327178955,1
FakeVideo-FakeAudio/Caucasian (European)/men/id00055/00120_id00183_z2DhZllPWUQ_faceswap_id00909_wavtolip.npz,7.572717189788818,1
FakeVideo-FakeAudio/Caucasian (European)/men/id00055/00120_id00183_z2DhZllPWUQ_faceswap_id01051_wavtolip.npz,8.414762496948242,1
FakeVideo-FakeAudio/Caucasian (European)/men/id00055/00120_id00183_z2DhZllPWUQ_faceswap_id01157_wavtolip.npz,8.442875862121582,1
FakeVideo-FakeAudio/Caucasian (European)/men/id00055/00120_id00183_z2DhZllPWUQ_id01052_wavtolip.npz,8.280644416809082,1
FakeVideo-FakeAudio/Caucasian (European)/men/id00055/00120_id00192_wavtolip.npz,8.900650024414062,1
FakeVideo-FakeAudio/Caucasian (European)/men/id00055/00120_id00241_wavtolip.npz,8.326939582824707,1
FakeVideo-FakeAudio/Caucasian (European)/men/id00055/00120_id00253_wavtolip.npz,7.908768177032471,1
FakeVideo-FakeAudio/Caucasian (European)/men/id00055/00120_id00282_iTsqWj6GEbo_id00225_wavtolip.npz,7.932262897491455,1
FakeVideo-FakeAudio/Caucasian (European)/men/id00055/00120_id00292_qELK8N_DykA_id00981_wavtolip.npz,7.725740432739258,1
FakeVideo-FakeAudio/Caucasian (European)/men/id00055/00120_id00415_saYfEadFy_s_id01052_wavtolip.npz,8.133588790893555,1
FakeVideo-FakeAudio/Caucasian (European)/men/id00055/00120_id00415_wavtolip.npz,8.002641677856445,1
FakeVideo-FakeAudio/Caucasian (European)/men/id00055/00120_id00535_BhvTIJ-YG5s_id01099_wavtolip.npz,8.122587203979492,1
FakeVideo-FakeAudio/Caucasian (European)/men/id00055/00120_id00559_Y7ovoKuvL78_id01051_wavtolip.npz,7.896938323974609,1
FakeVideo-FakeAudio/Caucasian (European)/men/id00055/00120_id00909_wavtolip.npz,7.917570114135742,1
FakeVideo-FakeAudio/Caucasian (European)/men/id00055/00120_id00981_OmNALjENDkI_id01052_wavtolip.npz,7.879242420196533,1
FakeVideo-FakeAudio/Caucasian (European)/men/id00055/00120_id00981_wavtolip.npz,7.752694129943848,1
FakeVideo-FakeAudio/Caucasian (European)/men/id00055/00120_id01058_wavtolip.npz,5.779493808746338,1
FakeVideo-FakeAudio/Caucasian (European)/men/id00055/00120_id01099_ZpgbIKxzkrg_id01156_wavtolip.npz,4.972691535949707,1
FakeVideo-FakeAudio/Caucasian (European)/men/id00055/00120_id01123_wavtolip.npz,4.398347854614258,1
FakeVideo-FakeAudio/Caucasian (European)/men/id00055/00120_id01154_wavtolip.npz,7.863388538360596,1
FakeVideo-FakeAudio/Caucasian (European)/men/id00498/00014_4_id00187_wavtolip.npz,8.48380184173584,1
FakeVideo-FakeAudio/Caucasian (European)/men/id00498/00014_4_id00594_wavtolip.npz,2.276045799255371,1
FakeVideo-FakeAudio/Caucasian (European)/men/id00498/00014_4_id01154_wavtolip.npz,7.370497703552246,1
FakeVideo-FakeAudio/Caucasian (European)/men/id00498/00014_4_id02567_wavtolip.npz,7.718280792236328,1
FakeVideo-FakeAudio/Caucasian (European)/men/id00498/00014_4_id03205_wavtolip.npz,8.474303245544434,1
FakeVideo-FakeAudio/Caucasian (European)/men/id00498/00014_id00055_XzCF6sJ8Axc_id00548_wavtolip.npz,3.7745814323425293,1
FakeVideo-FakeAudio/Caucasian (European)/men/id00498/00014_id00055_wavtolip.npz,8.157771110534668,1
FakeVideo-FakeAudio/Caucasian (European)/men/id00498/00014_id00063_cVZBXC2rjPM_id00963_wavtolip.npz,7.9591193199157715,1
FakeVideo-FakeAudio/Caucasian (European)/men/id00498/00014_id00171_wavtolip.npz,4.8407769203186035,1
FakeVideo-FakeAudio/Caucasian (European)/men/id00498/00014_id00185_wavtolip.npz,7.756522178649902,1
FakeVideo-FakeAudio/Caucasian (European)/men/id00498/00014_id00192_By3wxX0dyDw_faceswap_id00520_wavtolip.npz,8.532393455505371,1
FakeVideo-FakeAudio/Caucasian (European)/men/id00498/00014_id00192_By3wxX0dyDw_faceswap_id00594_wavtolip.npz,-1.9736440181732178,1
FakeVideo-FakeAudio/Caucasian (European)/men/id00498/00014_id00192_By3wxX0dyDw_faceswap_id00919_wavtolip.npz,8.499874114990234,1
FakeVideo-FakeAudio/Caucasian (European)/men/id00498/00014_id00192_By3wxX0dyDw_faceswap_id00981_wavtolip.npz,6.366215705871582,1
FakeVideo-FakeAudio/Caucasian (European)/men/id00498/00014_id00192_By3wxX0dyDw_faceswap_id01099_wavtolip.npz,7.906740665435791,1
FakeVideo-FakeAudio/Caucasian (European)/men/id00498/00014_id00192_By3wxX0dyDw_id01099_wavtolip.npz,7.990573406219482,1
FakeVideo-FakeAudio/Caucasian (European)/men/id00498/00014_id00192_wavtolip.npz,8.741849899291992,1
FakeVideo-FakeAudio/Caucasian (European)/men/id00498/00014_id00225_wavtolip.npz,7.930173397064209,1
FakeVideo-FakeAudio/Caucasian (European)/men/id00498/00014_id00241_DlI4wqSFwbI_id00498_wavtolip.npz,8.526436805725098,1
FakeVideo-FakeAudio/Caucasian (European)/men/id00498/00014_id00253_cyTfcQDjvU0_id00909_wavtolip.npz,7.307143688201904,1
FakeVideo-FakeAudio/Caucasian (European)/men/id00498/00014_id00282_iTsqWj6GEbo_id00594_wavtolip.npz,-1.4796090126037598,1
FakeVideo-FakeAudio/Caucasian (European)/men/id00498/00014_id00292_qELK8N_DykA_id00358_wavtolip.npz,8.209362983703613,1
FakeVideo-FakeAudio/Caucasian (European)/men/id00498/00014_id00305_wavtolip.npz,7.011152267456055,1
FakeVideo-FakeAudio/Caucasian (European)/men/id00498/00014_id00368_KohcGDsg29U_id00183_wavtolip.npz,8.396819114685059,1
FakeVideo-FakeAudio/Caucasian (European)/men/id00498/00014_id00498_wavtolip.npz,8.2727632522583,1
FakeVideo-FakeAudio/Caucasian (European)/men/id00498/00014_id00520_wavtolip.npz,8.511341094970703,1
FakeVideo-FakeAudio/Caucasian (European)/men/id00498/00014_id00559_Y7ovoKuvL78_id00192_wavtolip.npz,8.702457427978516,1
FakeVideo-FakeAudio/Caucasian (European)/men/id00498/00014_id01099_wavtolip.npz,8.225310325622559,1
FakeVideo-FakeAudio/Caucasian (European)/men/id00498/00014_id01123_Xid_-DpIHX4_id00946_wavtolip.npz,8.28044605255127,1
FakeVideo-FakeAudio/Caucasian (European)/men/id00498/00014_id03205_wavtolip.npz,8.380383491516113,1
FakeVideo-FakeAudio/Caucasian (European)/men/id00063/00021_id00055_XzCF6sJ8Axc_id00990_wavtolip.npz,8.44985580444336,1
FakeVideo-FakeAudio/Caucasian (European)/men/id00063/00021_id00183_wavtolip.npz,7.954826354980469,1
FakeVideo-FakeAudio/Caucasian (European)/men/id00063/00021_id00241_DlI4wqSFwbI_id01154_wavtolip.npz,7.741004467010498,1
FakeVideo-FakeAudio/Caucasian (European)/men/id00063/00021_id00282_iTsqWj6GEbo_id00694_wavtolip.npz,8.207649230957031,1
FakeVideo-FakeAudio/Caucasian (European)/men/id00063/00021_id00282_wavtolip.npz,8.418625831604004,1
FakeVideo-FakeAudio/Caucasian (European)/men/id00063/00021_id00358_vsVwGKy79kM_faceswap_id00171_wavtolip.npz,7.580368995666504,1
FakeVideo-FakeAudio/Caucasian (European)/men/id00063/00021_id00358_vsVwGKy79kM_faceswap_id00186_wavtolip.npz,8.121115684509277,1
FakeVideo-FakeAudio/Caucasian (European)/men/id00063/00021_id00358_vsVwGKy79kM_faceswap_id00241_wavtolip.npz,7.915053844451904,1
FakeVideo-FakeAudio/Caucasian (European)/men/id00063/00021_id00358_vsVwGKy79kM_faceswap_id00306_wavtolip.npz,5.124408721923828,1
FakeVideo-FakeAudio/Caucasian (European)/men/id00063/00021_id00358_vsVwGKy79kM_faceswap_id01156_wavtolip.npz,5.045901775360107,1
FakeVideo-FakeAudio/Caucasian (European)/men/id00063/00021_id00358_vsVwGKy79kM_id01156_wavtolip.npz,4.261038303375244,1
FakeVideo-FakeAudio/Caucasian (European)/men/id00063/00021_id00368_wavtolip.npz,7.749109268188477,1
FakeVideo-FakeAudio/Caucasian (European)/men/id00063/00021_id00498_wavtolip.npz,8.57971477508545,1
FakeVideo-FakeAudio/Caucasian (European)/men/id00063/00021_id00520_wavtolip.npz,8.135568618774414,1
FakeVideo-FakeAudio/Caucasian (European)/men/id00063/00021_id00535_BhvTIJ-YG5s_id00368_wavtolip.npz,7.945939540863037,1
FakeVideo-FakeAudio/Caucasian (European)/men/id00063/00021_id00559_wavtolip.npz,8.455729484558105,1
FakeVideo-FakeAudio/Caucasian (European)/men/id00063/00021_id00919_XDUn0Pskyrk_id00554_wavtolip.npz,7.8813347816467285,1
FakeVideo-FakeAudio/Caucasian (European)/men/id00063/00021_id00946_wavtolip.npz,8.244206428527832,1
FakeVideo-FakeAudio/Caucasian (European)/men/id00063/00021_id00990_wavtolip.npz,8.576289176940918,1
FakeVideo-FakeAudio/Caucasian (European)/men/id00063/00021_id01156_RT99eogJo4k_id00559_wavtolip.npz,8.6016206741333,1
FakeVideo-FakeAudio/Caucasian (European)/men/id00063/00021_id01157_wavtolip.npz,8.158730506896973,1
FakeVideo-FakeAudio/Caucasian (European)/men/id00063/00021_id01157_yDgqfOWVKko_id00520_wavtolip.npz,8.251778602600098,1
FakeVideo-FakeAudio/Caucasian (European)/men/id00063/00021_id02567_4Ao5jgpSXdw_id00225_wavtolip.npz,7.8783392906188965,1
FakeVideo-FakeAudio/Caucasian (European)/men/id00063/00021_id02567_wavtolip.npz,7.809665679931641,1
FakeVideo-FakeAudio/Caucasian (European)/men/id00063/00021_id03205_gXytNIcANKw_id01099_wavtolip.npz,8.064577102661133,1
FakeVideo-FakeAudio/Caucasian (European)/men/id00946/00126_id00063_wavtolip.npz,8.24837875366211,1
FakeVideo-FakeAudio/Caucasian (European)/men/id00946/00126_id00171_PWU6n0qrv4c_id01154_wavtolip.npz,7.735284328460693,1
FakeVideo-FakeAudio/Caucasian (European)/men/id00946/00126_id00187_wavtolip.npz,7.948571681976318,1
FakeVideo-FakeAudio/Caucasian (European)/men/id00946/00126_id00225_wavtolip.npz,7.9795732498168945,1
FakeVideo-FakeAudio/Caucasian (European)/men/id00946/00126_id00358_vsVwGKy79kM_id00266_wavtolip.npz,7.990793704986572,1
FakeVideo-FakeAudio/Caucasian (European)/men/id00946/00126_id00415_wavtolip.npz,5.990683078765869,1
FakeVideo-FakeAudio/Caucasian (European)/men/id00946/00126_id00520_dOAxKi1t6GI_id03205_wavtolip.npz,8.009345054626465,1
FakeVideo-FakeAudio/Caucasian (European)/men/id00946/00126_id00520_wavtolip.npz,8.512598991394043,1
FakeVideo-FakeAudio/Caucasian (European)/men/id00946/00126_id00535_wavtolip.npz,7.3469014167785645,1
FakeVideo-FakeAudio/Caucasian (European)/men/id00946/00126_id00594_2WHHoksbeVw_id00963_wavtolip.npz,8.168292045593262,1
FakeVideo-FakeAudio/Caucasian (European)/men/id00946/00126_id00594_wavtolip.npz,-1.6539533138275146,1
FakeVideo-FakeAudio/Caucasian (European)/men/id00946/00126_id00709_Rh23ELMGsIQ_id01058_wavtolip.npz,8.068795204162598,1
FakeVideo-FakeAudio/Caucasian (European)/men/id00946/00126_id00919_XDUn0Pskyrk_id00265_wavtolip.npz,8.238905906677246,1
FakeVideo-FakeAudio/Caucasian (European)/men/id00946/00126_id00963_wavtolip.npz,7.637338638305664,1
FakeVideo-FakeAudio/Caucasian (European)/men/id00946/00126_id00990_G-qzOIgxEoE_faceswap_id00171_wavtolip.npz,4.188784599304199,1
FakeVideo-FakeAudio/Caucasian (European)/men/id00946/00126_id00990_G-qzOIgxEoE_faceswap_id00253_wavtolip.npz,7.583743572235107,1
FakeVideo-FakeAudio/Caucasian (European)/men/id00946/00126_id00990_G-qzOIgxEoE_faceswap_id00292_wavtolip.npz,7.980928421020508,1
FakeVideo-FakeAudio/Caucasian (European)/men/id00946/00126_id00990_G-qzOIgxEoE_faceswap_id00519_wavtolip.npz,8.552680969238281,1
FakeVideo-FakeAudio/Caucasian (European)/men/id00946/00126_id00990_G-qzOIgxEoE_faceswap_id00594_wavtolip.npz,-1.2687057256698608,1
FakeVideo-FakeAudio/Caucasian (European)/men/id00946/00126_id00990_G-qzOIgxEoE_id00266_wavtolip.npz,7.8096022605896,1
FakeVideo-FakeAudio/Caucasian (European)/men/id00946/00126_id00999_SjnM4XFBz0M_id01157_wavtolip.npz,8.340846061706543,1
FakeVideo-FakeAudio/Caucasian (European)/men/id00946/00126_id01098_BwmSumx6P1U_id00694_wavtolip.npz,7.762263774871826,1
FakeVideo-FakeAudio/Caucasian (European)/men/id00946/00126_id01098_wavtolip.npz,8.314895629882812,1
FakeVideo-FakeAudio/Caucasian (European)/men/id00946/00126_id01099_ZpgbIKxzkrg_id00192_wavtolip.npz,8.616022109985352,1
FakeVideo-FakeAudio/Caucasian (European)/men/id00946/00126_id01123_wavtolip.npz,4.525594711303711,1
FakeVideo-FakeAudio/Caucasian (European)/women/id01001/00086_id00042_wavtolip.npz,8.36056137084961,1
FakeVideo-FakeAudio/Caucasian (European)/women/id01001/00086_id00188_e-vm5FB3idA_id00379_wavtolip.npz,7.577310562133789,1
FakeVideo-FakeAudio/Caucasian (European)/women/id01001/00086_id00232_wavtolip.npz,7.95242166519165,1
FakeVideo-FakeAudio/Caucasian (European)/women/id01001/00086_id00262_3p7sRWAAh1Q_id03844_wavtolip.npz,8.113626480102539,1
FakeVideo-FakeAudio/Caucasian (European)/women/id01001/00086_id00287_wavtolip.npz,8.289240837097168,1
FakeVideo-FakeAudio/Caucasian (European)/women/id01001/00086_id00332__zNddcZV1EU_id03649_wavtolip.npz,7.860233306884766,1
FakeVideo-FakeAudio/Caucasian (European)/women/id01001/00086_id00374_w1qI7y9AGTc_id03651_wavtolip.npz,8.056492805480957,1
FakeVideo-FakeAudio/Caucasian (European)/women/id01001/00086_id00496_wavtolip.npz,8.37611198425293,1
FakeVideo-FakeAudio/Caucasian (European)/women/id01001/00086_id00569_gSynmpwioV4_id00806_wavtolip.npz,7.558313369750977,1
FakeVideo-FakeAudio/Caucasian (European)/women/id01001/00086_id00633_UXrTMta1EDM_faceswap_id00330_wavtolip.npz,5.869241714477539,1
FakeVideo-FakeAudio/Caucasian (European)/women/id01001/00086_id00633_UXrTMta1EDM_faceswap_id00395_wavtolip.npz,8.01890754699707,1
FakeVideo-FakeAudio/Caucasian (European)/women/id01001/00086_id00633_UXrTMta1EDM_faceswap_id00495_wavtolip.npz,8.178345680236816,1
FakeVideo-FakeAudio/Caucasian (European)/women/id01001/00086_id00633_UXrTMta1EDM_faceswap_id00897_wavtolip.npz,8.237128257751465,1
FakeVideo-FakeAudio/Caucasian (European)/women/id01001/00086_id00633_UXrTMta1EDM_faceswap_id03651_wavtolip.npz,8.042661666870117,1
FakeVideo-FakeAudio/Caucasian (European)/women/id01001/00086_id00633_UXrTMta1EDM_id00325_wavtolip.npz,8.620427131652832,1
FakeVideo-FakeAudio/Caucasian (European)/women/id01001/00086_id00735_ivJSkq5hGOQ_id00271_wavtolip.npz,8.087443351745605,1
FakeVideo-FakeAudio/Caucasian (European)/women/id01001/00086_id00735_wavtolip.npz,8.18740177154541,1
FakeVideo-FakeAudio/Caucasian (European)/women/id01001/00086_id00823_wavtolip.npz,5.966612815856934,1
FakeVideo-FakeAudio/Caucasian (European)/women/id01001/00086_id00826_wavtolip.npz,8.38119888305664,1
FakeVideo-FakeAudio/Caucasian (European)/women/id01001/00086_id03371_wavtolip.npz,7.908611297607422,1
FakeVideo-FakeAudio/Caucasian (European)/women/id01001/00086_id03651_wavtolip.npz,7.872264385223389,1
FakeVideo-FakeAudio/Caucasian (European)/women/id01001/00086_id03816_XXD0yTNei50_id00287_wavtolip.npz,8.170085906982422,1
FakeVideo-FakeAudio/Caucasian (European)/women/id00071/00014_id00188_e-vm5FB3idA_id03651_wavtolip.npz,7.996230125427246,1
FakeVideo-FakeAudio/Caucasian (European)/women/id00071/00014_id00232_kL0cCveU1zg_id00806_wavtolip.npz,7.632577419281006,1
FakeVideo-FakeAudio/Caucasian (European)/women/id00071/00014_id00262_3p7sRWAAh1Q_id00270_wavtolip.npz,3.6724443435668945,1
FakeVideo-FakeAudio/Caucasian (European)/women/id00071/00014_id00262_wavtolip.npz,2.391976833343506,1
FakeVideo-FakeAudio/Caucasian (European)/women/id00071/00014_id00270_hoEQ70-sDME_id00591_wavtolip.npz,7.905749797821045,1
FakeVideo-FakeAudio/Caucasian (European)/women/id00071/00014_id00271_wavtolip.npz,8.247817993164062,1
FakeVideo-FakeAudio/Caucasian (European)/women/id00071/00014_id00328_wavtolip.npz,8.139116287231445,1
FakeVideo-FakeAudio/Caucasian (European)/women/id00071/00014_id00379_fgkgYHCuk4g_id03620_wavtolip.npz,6.7315449714660645,1
FakeVideo-FakeAudio/Caucasian (European)/women/id00071/00014_id00403_wavtolip.npz,7.990405559539795,1
FakeVideo-FakeAudio/Caucasian (European)/women/id00071/00014_id00581_7AxvP19LGKg_id00232_wavtolip.npz,6.038461685180664,1
FakeVideo-FakeAudio/Caucasian (European)/women/id00071/00014_id00735_ivJSkq5hGOQ_id03589_wavtolip.npz,8.466894149780273,1
FakeVideo-FakeAudio/Caucasian (European)/women/id00071/00014_id00897_0ayFw8JhoyI_id00496_wavtolip.npz,8.215149879455566,1
FakeVideo-FakeAudio/Caucasian (European)/women/id00071/00014_id03371_truKMXt8Dak_faceswap_id00271_wavtolip.npz,8.005838394165039,1
FakeVideo-FakeAudio/Caucasian (European)/women/id00071/00014_id03371_truKMXt8Dak_faceswap_id00806_wavtolip.npz,7.554894924163818,1
FakeVideo-FakeAudio/Caucasian (European)/women/id00071/00014_id03371_truKMXt8Dak_faceswap_id01018_wavtolip.npz,1.4748317003250122,1
FakeVideo-FakeAudio/Caucasian (European)/women/id00071/00014_id03371_truKMXt8Dak_faceswap_id03716_wavtolip.npz,-2.072542428970337,1
FakeVideo-FakeAudio/Caucasian (European)/women/id00071/00014_id03371_truKMXt8Dak_id00071_wavtolip.npz,8.098913192749023,1
FakeVideo-FakeAudio/Caucasian (European)/women/id00071/00014_id03371_wavtolip.npz,8.482562065124512,1
FakeVideo-FakeAudio/Caucasian (European)/women/id00071/00014_id03651_wavtolip.npz,7.958364963531494,1
FakeVideo-FakeAudio/Caucasian (European)/women/id00071/00014_id03716_wavtolip.npz,-2.406677722930908,1
FakeVideo-FakeAudio/Caucasian (European)/women/id00071/00014_id03816_XXD0yTNei50_id00271_wavtolip.npz,8.206977844238281,1
FakeVideo-FakeAudio/Caucasian (European)/women/id00634/00078_id00042_wavtolip.npz,8.554777145385742,1
FakeVideo-FakeAudio/Caucasian (European)/women/id00634/00078_id00270_wavtolip.npz,4.7046589851379395,1
FakeVideo-FakeAudio/Caucasian (European)/women/id00634/00078_id00287_wavtolip.npz,8.315361976623535,1
FakeVideo-FakeAudio/Caucasian (European)/women/id00634/00078_id00330_wavtolip.npz,6.729130268096924,1
FakeVideo-FakeAudio/Caucasian (European)/women/id00634/00078_id00395_wM5kGJfTtEM_id00379_wavtolip.npz,7.669168949127197,1
FakeVideo-FakeAudio/Caucasian (European)/women/id00634/00078_id00403_wavtolip.npz,8.386629104614258,1
FakeVideo-FakeAudio/Caucasian (European)/women/id00634/00078_id00484_u7YTz8eFZv0_id00330_wavtolip.npz,6.704010963439941,1
FakeVideo-FakeAudio/Caucasian (European)/women/id00634/00078_id00484_wavtolip.npz,8.393989562988281,1
FakeVideo-FakeAudio/Caucasian (European)/women/id00634/00078_id00495_E46aiMUC4A0_id00328_wavtolip.npz,8.281716346740723,1
FakeVideo-FakeAudio/Caucasian (European)/women/id00634/00078_id00496_wavtolip.npz,8.188709259033203,1
FakeVideo-FakeAudio/Caucasian (European)/women/id00634/00078_id00569_wavtolip.npz,7.2781147956848145,1
FakeVideo-FakeAudio/Caucasian (European)/women/id00634/00078_id00581_7AxvP19LGKg_id00434_wavtolip.npz,8.671356201171875,1
FakeVideo-FakeAudio/Caucasian (European)/women/id00634/00078_id00589_uOzKwYEVR6s_id00330_wavtolip.npz,6.747713565826416,1
FakeVideo-FakeAudio/Caucasian (European)/women/id00634/00078_id00591_1Jo8xElXQMs_id00071_wavtolip.npz,8.287384033203125,1
FakeVideo-FakeAudio/Caucasian (European)/women/id00634/00078_id00813_wavtolip.npz,7.9262189865112305,1
FakeVideo-FakeAudio/Caucasian (European)/women/id00634/00078_id00826_MYagwzy91Yk_id00806_wavtolip.npz,8.486072540283203,1
FakeVideo-FakeAudio/Caucasian (European)/women/id00634/00078_id03589_9NxOQlwpMys_id00569_wavtolip.npz,7.311535835266113,1
FakeVideo-FakeAudio/Caucasian (European)/women/id00634/00078_id03649_389qfFqUddI_faceswap_id00188_wavtolip.npz,8.382553100585938,1
FakeVideo-FakeAudio/Caucasian (European)/women/id00634/00078_id03649_389qfFqUddI_faceswap_id00569_wavtolip.npz,7.087461471557617,1
FakeVideo-FakeAudio/Caucasian (European)/women/id00634/00078_id03649_389qfFqUddI_faceswap_id00581_wavtolip.npz,7.815086364746094,1
FakeVideo-FakeAudio/Caucasian (European)/women/id00634/00078_id03649_389qfFqUddI_faceswap_id01002_wavtolip.npz,7.910554885864258,1
FakeVideo-FakeAudio/Caucasian (European)/women/id00634/00078_id03649_389qfFqUddI_faceswap_id03941_wavtolip.npz,7.661211013793945,1
FakeVideo-FakeAudio/Caucasian (European)/women/id00634/00078_id03649_389qfFqUddI_id00232_wavtolip.npz,8.095200538635254,1
FakeVideo-FakeAudio/Caucasian (European)/women/id03589/00002_id00068_A7uFnQw--bY_id00287_wavtolip.npz,8.19028377532959,1
FakeVideo-FakeAudio/Caucasian (European)/women/id03589/00002_id00188_wavtolip.npz,8.110458374023438,1
FakeVideo-FakeAudio/Caucasian (European)/women/id03589/00002_id00262_3p7sRWAAh1Q_id03651_wavtolip.npz,7.732419967651367,1
FakeVideo-FakeAudio/Caucasian (European)/women/id03589/00002_id00262_wavtolip.npz,4.198392391204834,1
FakeVideo-FakeAudio/Caucasian (European)/women/id03589/00002_id00270_wavtolip.npz,4.680998802185059,1
FakeVideo-FakeAudio/Caucasian (European)/women/id03589/00002_id00287_2NpfYjyMsPM_id00071_wavtolip.npz,7.925121784210205,1
FakeVideo-FakeAudio/Caucasian (European)/women/id03589/00002_id00373_wavtolip.npz,7.825613021850586,1
FakeVideo-FakeAudio/Caucasian (European)/women/id03589/00002_id00395_wM5kGJfTtEM_id00271_wavtolip.npz,8.061022758483887,1
FakeVideo-FakeAudio/Caucasian (European)/women/id03589/00002_id00495_E46aiMUC4A0_faceswap_id00271_wavtolip.npz,7.866559028625488,1
FakeVideo-FakeAudio/Caucasian (European)/women/id03589/00002_id00495_E46aiMUC4A0_faceswap_id00328_wavtolip.npz,7.981104850769043,1
FakeVideo-FakeAudio/Caucasian (European)/women/id03589/00002_id00495_E46aiMUC4A0_faceswap_id00434_wavtolip.npz,8.74107837677002,1
FakeVideo-FakeAudio/Caucasian (European)/women/id03589/00002_id00495_E46aiMUC4A0_faceswap_id01002_wavtolip.npz,7.975419044494629,1
FakeVideo-FakeAudio/Caucasian (European)/women/id03589/00002_id00495_E46aiMUC4A0_id00581_wavtolip.npz,4.462669372558594,1
FakeVideo-FakeAudio/Caucasian (European)/women/id03589/00002_id00495_wavtolip.npz,7.999579429626465,1
FakeVideo-FakeAudio/Caucasian (European)/women/id03589/00002_id00496_SImaDcXQnh8_id00271_wavtolip.npz,8.125407218933105,1
FakeVideo-FakeAudio/Caucasian (European)/women/id03589/00002_id00634_z5t9oJizDQg_id00374_wavtolip.npz,8.099289894104004,1
FakeVideo-FakeAudio/Caucasian (European)/women/id03589/00002_id00806_wavtolip.npz,7.8940043449401855,1
FakeVideo-FakeAudio/Caucasian (European)/women/id03589/00002_id01002_wavtolip.npz,7.924391746520996,1
FakeVideo-FakeAudio/Caucasian (European)/women/id03589/00002_id03371_wavtolip.npz,8.184377670288086,1
FakeVideo-FakeAudio/Caucasian (European)/women/id03589/00002_id03649_389qfFqUddI_id00633_wavtolip.npz,8.617698669433594,1
FakeVideo-FakeAudio/Caucasian (European)/women/id03589/00002_id03858_uKVqPfRf-ac_id01002_wavtolip.npz,8.07633113861084,1
FakeVideo-FakeAudio/Caucasian (European)/women/id03620/00081_id00262_wavtolip.npz,8.881983757019043,1
FakeVideo-FakeAudio/Caucasian (European)/women/id03620/00081_id00270_wavtolip.npz,4.709896564483643,1
FakeVideo-FakeAudio/Caucasian (European)/women/id03620/00081_id00287_2NpfYjyMsPM_id00270_wavtolip.npz,4.725967884063721,1
FakeVideo-FakeAudio/Caucasian (European)/women/id03620/00081_id00325_4vJtbNe0L98_id00897_wavtolip.npz,8.594454765319824,1
FakeVideo-FakeAudio/Caucasian (European)/women/id03620/00081_id00328_wavtolip.npz,8.266700744628906,1
FakeVideo-FakeAudio/Caucasian (European)/women/id03620/00081_id00332_wavtolip.npz,7.093421459197998,1
FakeVideo-FakeAudio/Caucasian (European)/women/id03620/00081_id00365_XV-imLNJvfk_id00071_wavtolip.npz,8.286628723144531,1
FakeVideo-FakeAudio/Caucasian (European)/women/id03620/00081_id00373_5NXv3Dxkd6E_id00484_wavtolip.npz,8.570226669311523,1
FakeVideo-FakeAudio/Caucasian (European)/women/id03620/00081_id00374_w1qI7y9AGTc_id00232_wavtolip.npz,8.114331245422363,1
FakeVideo-FakeAudio/Caucasian (European)/women/id03620/00081_id00496_SImaDcXQnh8_faceswap_id00234_wavtolip.npz,8.367366790771484,1
FakeVideo-FakeAudio/Caucasian (European)/women/id03620/00081_id00496_SImaDcXQnh8_faceswap_id00332_wavtolip.npz,7.112360954284668,1
FakeVideo-FakeAudio/Caucasian (European)/women/id03620/00081_id00496_SImaDcXQnh8_faceswap_id03589_wavtolip.npz,8.670027732849121,1
FakeVideo-FakeAudio/Caucasian (European)/women/id03620/00081_id00496_SImaDcXQnh8_faceswap_id03649_wavtolip.npz,7.87821102142334,1
FakeVideo-FakeAudio/Caucasian (European)/women/id03620/00081_id00496_SImaDcXQnh8_id00332_wavtolip.npz,6.974869251251221,1
FakeVideo-FakeAudio/Caucasian (European)/women/id03620/00081_id00634_wavtolip.npz,8.633381843566895,1
FakeVideo-FakeAudio/Caucasian (European)/women/id03620/00081_id00823_wavtolip.npz,6.188999652862549,1
FakeVideo-FakeAudio/Caucasian (European)/women/id03620/00081_id01018_VNPt_GB5QiE_id00484_wavtolip.npz,8.501397132873535,1
FakeVideo-FakeAudio/Caucasian (European)/women/id03620/00081_id01018_wavtolip.npz,8.77474308013916,1
FakeVideo-FakeAudio/Caucasian (European)/women/id03620/00081_id03589_wavtolip.npz,8.696061134338379,1
FakeVideo-FakeAudio/Caucasian (European)/women/id03620/00081_id03651_wavtolip.npz,8.049385070800781,1
FakeVideo-FakeAudio/Caucasian (European)/women/id03620/00081_id03716_wavtolip.npz,6.506597518920898,1
FakeVideo-FakeAudio/Caucasian (European)/women/id03620/00081_id03844_AEAEN1Lns2c_id00373_wavtolip.npz,6.127783298492432,1
FakeVideo-FakeAudio/Caucasian (European)/women/id00569/00239_0_id00330_wavtolip.npz,6.669364929199219,1
FakeVideo-FakeAudio/Caucasian (European)/women/id00569/00239_0_id00491_wavtolip.npz,8.237824440002441,1
FakeVideo-FakeAudio/Caucasian (European)/women/id00569/00239_0_id03589_wavtolip.npz,8.707125663757324,1
FakeVideo-FakeAudio/Caucasian (European)/women/id00569/00239_0_id03816_wavtolip.npz,8.588027954101562,1
FakeVideo-FakeAudio/Caucasian (European)/women/id00569/00239_0_id03941_wavtolip.npz,7.821610450744629,1
FakeVideo-FakeAudio/Caucasian (European)/women/id00569/00239_1_id00262_wavtolip.npz,4.896294116973877,1
FakeVideo-FakeAudio/Caucasian (European)/women/id00569/00239_1_id00735_wavtolip.npz,8.069999694824219,1
FakeVideo-FakeAudio/Caucasian (European)/women/id00569/00239_1_id01002_wavtolip.npz,8.030343055725098,1
FakeVideo-FakeAudio/Caucasian (European)/women/id00569/00239_1_id03649_wavtolip.npz,7.907623291015625,1
FakeVideo-FakeAudio/Caucasian (European)/women/id00569/00239_1_id03716_wavtolip.npz,-1.3340054750442505,1
FakeVideo-FakeAudio/Caucasian (European)/women/id00569/00239_2_id00287_wavtolip.npz,8.155241966247559,1
FakeVideo-FakeAudio/Caucasian (European)/women/id00569/00239_2_id00332_wavtolip.npz,6.796029090881348,1
FakeVideo-FakeAudio/Caucasian (European)/women/id00569/00239_2_id00633_wavtolip.npz,8.314520835876465,1
FakeVideo-FakeAudio/Caucasian (European)/women/id00569/00239_2_id00735_wavtolip.npz,7.716927528381348,1
FakeVideo-FakeAudio/Caucasian (European)/women/id00569/00239_2_id03371_wavtolip.npz,7.923814296722412,1
FakeVideo-FakeAudio/Caucasian (European)/women/id00569/00239_id00188_e-vm5FB3idA_id00373_wavtolip.npz,8.375975608825684,1
FakeVideo-FakeAudio/Caucasian (European)/women/id00569/00239_id00232_wavtolip.npz,5.7860541343688965,1
FakeVideo-FakeAudio/Caucasian (European)/women/id00569/00239_id00271_wavtolip.npz,8.245492935180664,1
FakeVideo-FakeAudio/Caucasian (European)/women/id00569/00239_id00287_wavtolip.npz,8.655797004699707,1
FakeVideo-FakeAudio/Caucasian (European)/women/id00569/00239_id00332_wavtolip.npz,5.123971462249756,1
FakeVideo-FakeAudio/Caucasian (European)/women/id00569/00239_id00373_5NXv3Dxkd6E_id03651_wavtolip.npz,7.853560447692871,1
FakeVideo-FakeAudio/Caucasian (European)/women/id00569/00239_id00434_wavtolip.npz,8.753405570983887,1
FakeVideo-FakeAudio/Caucasian (European)/women/id00569/00239_id00484_u7YTz8eFZv0_id03716_wavtolip.npz,-3.167696952819824,1
FakeVideo-FakeAudio/Caucasian (European)/women/id00569/00239_id00491_ShjiTWoOtM4_id00232_wavtolip.npz,5.787545680999756,1
FakeVideo-FakeAudio/Caucasian (European)/women/id00569/00239_id00633_UXrTMta1EDM_id00735_wavtolip.npz,8.090259552001953,1
FakeVideo-FakeAudio/Caucasian (European)/women/id00569/00239_id00633_wavtolip.npz,8.356045722961426,1
FakeVideo-FakeAudio/Caucasian (European)/women/id00569/00239_id00897_0ayFw8JhoyI_id03649_wavtolip.npz,7.958277702331543,1
FakeVideo-FakeAudio/Caucasian (European)/women/id00569/00239_id00897_wavtolip.npz,8.407984733581543,1
FakeVideo-FakeAudio/Caucasian (European)/women/id00569/00239_id01002_eQTviHjyISo_id00496_wavtolip.npz,8.288178443908691,1
FakeVideo-FakeAudio/Caucasian (European)/women/id00569/00239_id01002_wavtolip.npz,8.345973014831543,1
FakeVideo-FakeAudio/Caucasian (European)/women/id00569/00239_id01018_VNPt_GB5QiE_id03589_wavtolip.npz,8.52025318145752,1
FakeVideo-FakeAudio/Caucasian (European)/women/id00569/00239_id01018_wavtolip.npz,4.590765953063965,1
FakeVideo-FakeAudio/Caucasian (European)/women/id00569/00239_id03371_truKMXt8Dak_id00271_wavtolip.npz,8.226780891418457,1
FakeVideo-FakeAudio/Caucasian (European)/women/id00365/00078_0_id00271_wavtolip.npz,8.09249496459961,1
FakeVideo-FakeAudio/Caucasian (European)/women/id00365/00078_0_id00569_wavtolip.npz,7.325859069824219,1
FakeVideo-FakeAudio/Caucasian (European)/women/id00365/00078_0_id00634_wavtolip.npz,8.482454299926758,1
FakeVideo-FakeAudio/Caucasian (European)/women/id00365/00078_0_id03816_wavtolip.npz,7.375006198883057,1
FakeVideo-FakeAudio/Caucasian (European)/women/id00365/00078_id00068_A7uFnQw--bY_id01002_wavtolip.npz,7.974236965179443,1
FakeVideo-FakeAudio/Caucasian (European)/women/id00365/00078_id00232_kL0cCveU1zg_id00071_wavtolip.npz,7.99644660949707,1
FakeVideo-FakeAudio/Caucasian (European)/women/id00365/00078_id00234_wavtolip.npz,8.403579711914062,1
FakeVideo-FakeAudio/Caucasian (European)/women/id00365/00078_id00270_wavtolip.npz,3.7524306774139404,1
FakeVideo-FakeAudio/Caucasian (European)/women/id00365/00078_id00287_2NpfYjyMsPM_id00581_wavtolip.npz,4.480882167816162,1
FakeVideo-FakeAudio/Caucasian (European)/women/id00365/00078_id00287_wavtolip.npz,8.508635520935059,1
FakeVideo-FakeAudio/Caucasian (European)/women/id00365/00078_id00330_wavtolip.npz,5.831585884094238,1
FakeVideo-FakeAudio/Caucasian (European)/women/id00365/00078_id00330_zCFFgGSIZ_s_faceswap_id00042_wavtolip.npz,8.47040843963623,1
FakeVideo-FakeAudio/Caucasian (European)/women/id00365/00078_id00330_zCFFgGSIZ_s_faceswap_id00379_wavtolip.npz,8.203003883361816,1
FakeVideo-FakeAudio/Caucasian (European)/women/id00365/00078_id00330_zCFFgGSIZ_s_faceswap_id00569_wavtolip.npz,6.945120334625244,1
FakeVideo-FakeAudio/Caucasian (European)/women/id00365/00078_id00330_zCFFgGSIZ_s_faceswap_id03716_wavtolip.npz,-3.4963126182556152,1
FakeVideo-FakeAudio/Caucasian (European)/women/id00365/00078_id00332_wavtolip.npz,4.507856845855713,1
FakeVideo-FakeAudio/Caucasian (European)/women/id00365/00078_id00395_wavtolip.npz,8.438602447509766,1
FakeVideo-FakeAudio/Caucasian (European)/women/id00365/00078_id00495_E46aiMUC4A0_id03716_wavtolip.npz,-3.4362869262695312,1
FakeVideo-FakeAudio/Caucasian (European)/women/id00365/00078_id00495_wavtolip.npz,8.198648452758789,1
FakeVideo-FakeAudio/Caucasian (European)/women/id00365/00078_id00813_dKs9CWJIkSI_id00735_wavtolip.npz,8.210281372070312,1
FakeVideo-FakeAudio/Caucasian (European)/women/id00365/00078_id00897_wavtolip.npz,8.30627727508545,1
FakeVideo-FakeAudio/Caucasian (European)/women/id00365/00078_id03371_wavtolip.npz,8.335657119750977,1
FakeVideo-FakeAudio/Caucasian (European)/women/id00365/00078_id03858_uKVqPfRf-ac_id00569_wavtolip.npz,7.274888038635254,1
FakeVideo-FakeAudio/Caucasian (European)/women/id01002/00043_id00188_e-vm5FB3idA_id00232_wavtolip.npz,7.754951477050781,1
FakeVideo-FakeAudio/Caucasian (European)/women/id01002/00043_id00234_wavtolip.npz,8.568882942199707,1
FakeVideo-FakeAudio/Caucasian (European)/women/id01002/00043_id00287_2NpfYjyMsPM_id03649_wavtolip.npz,8.366074562072754,1
FakeVideo-FakeAudio/Caucasian (European)/women/id01002/00043_id00325_4vJtbNe0L98_id00330_wavtolip.npz,6.50950813293457,1
FakeVideo-FakeAudio/Caucasian (European)/women/id01002/00043_id00434_wavtolip.npz,8.764477729797363,1
FakeVideo-FakeAudio/Caucasian (European)/women/id01002/00043_id00491_ShjiTWoOtM4_id00581_wavtolip.npz,5.10645055770874,1
FakeVideo-FakeAudio/Caucasian (European)/women/id01002/00043_id00569_wavtolip.npz,8.424454689025879,1
FakeVideo-FakeAudio/Caucasian (European)/women/id01002/00043_id00581_7AxvP19LGKg_id00271_wavtolip.npz,8.144232749938965,1
FakeVideo-FakeAudio/Caucasian (European)/women/id01002/00043_id00633_UXrTMta1EDM_faceswap_id00042_wavtolip.npz,8.829862594604492,1
FakeVideo-FakeAudio/Caucasian (European)/women/id01002/00043_id00633_UXrTMta1EDM_faceswap_id00365_wavtolip.npz,8.4025239944458,1
FakeVideo-FakeAudio/Caucasian (European)/women/id01002/00043_id00633_UXrTMta1EDM_faceswap_id00897_wavtolip.npz,8.07358169555664,1
FakeVideo-FakeAudio/Caucasian (European)/women/id01002/00043_id00633_UXrTMta1EDM_faceswap_id03620_wavtolip.npz,7.42037296295166,1
FakeVideo-FakeAudio/Caucasian (European)/women/id01002/00043_id00633_UXrTMta1EDM_id00484_wavtolip.npz,8.485237121582031,1
FakeVideo-FakeAudio/Caucasian (European)/women/id01002/00043_id00813_wavtolip.npz,7.637168884277344,1
FakeVideo-FakeAudio/Caucasian (European)/women/id01002/00043_id00826_wavtolip.npz,8.424662590026855,1
FakeVideo-FakeAudio/Caucasian (European)/women/id01002/00043_id00897_wavtolip.npz,8.42429256439209,1
FakeVideo-FakeAudio/Caucasian (European)/women/id01002/00043_id01001_dHJc8dh9X8c_id03844_wavtolip.npz,8.40937614440918,1
FakeVideo-FakeAudio/Caucasian (European)/women/id01002/00043_id01018_wavtolip.npz,5.197821140289307,1
FakeVideo-FakeAudio/Caucasian (European)/women/id01002/00043_id03371_truKMXt8Dak_id00373_wavtolip.npz,8.14766788482666,1
FakeVideo-FakeAudio/Caucasian (European)/women/id01002/00043_id03858_wavtolip.npz,7.251667499542236,1
FakeVideo-FakeAudio/Caucasian (European)/women/id01002/00043_id03941_wavtolip.npz,7.8956499099731445,1
FakeVideo-FakeAudio/Caucasian (European)/women/id00373/00028_id00188_e-vm5FB3idA_id00634_wavtolip.npz,8.139415740966797,1
FakeVideo-FakeAudio/Caucasian (European)/women/id00373/00028_id00188_wavtolip.npz,8.19171142578125,1
FakeVideo-FakeAudio/Caucasian (European)/women/id00373/00028_id00232_wavtolip.npz,7.858058929443359,1
FakeVideo-FakeAudio/Caucasian (European)/women/id00373/00028_id00234_wavtolip.npz,8.337542533874512,1
FakeVideo-FakeAudio/Caucasian (European)/women/id00373/00028_id00270_wavtolip.npz,4.662848949432373,1
FakeVideo-FakeAudio/Caucasian (European)/women/id00373/00028_id00328_ytKnCbJSEcU_id03716_wavtolip.npz,6.0439229011535645,1
FakeVideo-FakeAudio/Caucasian (European)/women/id00373/00028_id00330_zCFFgGSIZ_s_id03651_wavtolip.npz,7.65918493270874,1
FakeVideo-FakeAudio/Caucasian (European)/women/id00373/00028_id00374_w1qI7y9AGTc_id00826_wavtolip.npz,8.068156242370605,1
FakeVideo-FakeAudio/Caucasian (European)/women/id00373/00028_id00484_u7YTz8eFZv0_id00823_wavtolip.npz,6.2573957443237305,1
FakeVideo-FakeAudio/Caucasian (European)/women/id00373/00028_id00495_E46aiMUC4A0_id03651_wavtolip.npz,7.721032619476318,1
FakeVideo-FakeAudio/Caucasian (European)/women/id00373/00028_id00569_gSynmpwioV4_id00262_wavtolip.npz,5.713283061981201,1
FakeVideo-FakeAudio/Caucasian (European)/women/id00373/00028_id00569_wavtolip.npz,7.019902229309082,1
FakeVideo-FakeAudio/Caucasian (European)/women/id00373/00028_id00589_uOzKwYEVR6s_id00330_wavtolip.npz,6.557446479797363,1
FakeVideo-FakeAudio/Caucasian (European)/women/id00373/00028_id00591_wavtolip.npz,7.829936981201172,1
FakeVideo-FakeAudio/Caucasian (European)/women/id00373/00028_id00823_KgExwCvgrUk_id00434_wavtolip.npz,7.831564426422119,1
FakeVideo-FakeAudio/Caucasian (European)/women/id00373/00028_id00897_0ayFw8JhoyI_id00271_wavtolip.npz,8.042786598205566,1
FakeVideo-FakeAudio/Caucasian (European)/women/id00373/00028_id01018_wavtolip.npz,8.583340644836426,1
FakeVideo-FakeAudio/Caucasian (European)/women/id00373/00028_id03371_wavtolip.npz,7.854434490203857,1
FakeVideo-FakeAudio/Caucasian (European)/women/id00373/00028_id03844_wavtolip.npz,8.22743034362793,1
FakeVideo-FakeAudio/Caucasian (European)/women/id03649/00001_id00068_A7uFnQw--bY_id00270_wavtolip.npz,3.4624199867248535,1
FakeVideo-FakeAudio/Caucasian (European)/women/id03649/00001_id00188_e-vm5FB3idA_id01002_wavtolip.npz,8.371281623840332,1
FakeVideo-FakeAudio/Caucasian (European)/women/id03649/00001_id00234_wavtolip.npz,8.29047966003418,1
FakeVideo-FakeAudio/Caucasian (European)/women/id03649/00001_id00271_wavtolip.npz,8.024786949157715,1
FakeVideo-FakeAudio/Caucasian (European)/women/id03649/00001_id00325_4vJtbNe0L98_id03941_wavtolip.npz,7.882294178009033,1
FakeVideo-FakeAudio/Caucasian (European)/women/id03649/00001_id00325_wavtolip.npz,8.62801456451416,1
FakeVideo-FakeAudio/Caucasian (European)/women/id03649/00001_id00374_wavtolip.npz,8.397439002990723,1
FakeVideo-FakeAudio/Caucasian (European)/women/id03649/00001_id00434_wavtolip.npz,8.635313034057617,1
FakeVideo-FakeAudio/Caucasian (European)/women/id03649/00001_id00484_wavtolip.npz,8.415329933166504,1
FakeVideo-FakeAudio/Caucasian (European)/women/id03649/00001_id00569_gSynmpwioV4_id00434_wavtolip.npz,8.70573902130127,1
FakeVideo-FakeAudio/Caucasian (European)/women/id03649/00001_id00589_uOzKwYEVR6s_id00373_wavtolip.npz,8.279860496520996,1
FakeVideo-FakeAudio/Caucasian (European)/women/id03649/00001_id00591_1Jo8xElXQMs_id00287_wavtolip.npz,8.450167655944824,1
FakeVideo-FakeAudio/Caucasian (European)/women/id03649/00001_id00633_UXrTMta1EDM_id00287_wavtolip.npz,8.23115062713623,1
FakeVideo-FakeAudio/Caucasian (European)/women/id03649/00001_id00633_wavtolip.npz,8.717450141906738,1
FakeVideo-FakeAudio/Caucasian (European)/women/id03649/00001_id00634_z5t9oJizDQg_faceswap_id00325_wavtolip.npz,8.502168655395508,1
FakeVideo-FakeAudio/Caucasian (European)/women/id03649/00001_id00634_z5t9oJizDQg_faceswap_id00495_wavtolip.npz,8.162753105163574,1
FakeVideo-FakeAudio/Caucasian (European)/women/id03649/00001_id00634_z5t9oJizDQg_faceswap_id03844_wavtolip.npz,8.449692726135254,1
FakeVideo-FakeAudio/Caucasian (European)/women/id03649/00001_id00634_z5t9oJizDQg_id03941_wavtolip.npz,7.577208518981934,1
FakeVideo-FakeAudio/Caucasian (European)/women/id03649/00001_id00813_wavtolip.npz,7.622549057006836,1
FakeVideo-FakeAudio/Caucasian (European)/women/id03649/00001_id00826_MYagwzy91Yk_id00634_wavtolip.npz,8.1298828125,1
FakeVideo-FakeAudio/Caucasian (European)/women/id03649/00001_id03589_9NxOQlwpMys_id00434_wavtolip.npz,8.712895393371582,1
FakeVideo-FakeAudio/Caucasian (European)/women/id03649/00001_id03620_wavtolip.npz,7.065467357635498,1
FakeVideo-FakeAudio/Caucasian (European)/women/id03649/00001_id03649_wavtolip.npz,7.705528259277344,1
FakeVideo-FakeAudio/Caucasian (European)/women/id00379/00043_id00232_wavtolip.npz,7.793578147888184,1
FakeVideo-FakeAudio/Caucasian (European)/women/id00379/00043_id00262_3p7sRWAAh1Q_id00188_wavtolip.npz,8.007164001464844,1
FakeVideo-FakeAudio/Caucasian (European)/women/id00379/00043_id00270_hoEQ70-sDME_id03371_wavtolip.npz,7.791015625,1
FakeVideo-FakeAudio/Caucasian (European)/women/id00379/00043_id00287_2NpfYjyMsPM_id00735_wavtolip.npz,8.142004013061523,1
FakeVideo-FakeAudio/Caucasian (European)/women/id00379/00043_id00379_wavtolip.npz,7.776750087738037,1
FakeVideo-FakeAudio/Caucasian (European)/women/id00379/00043_id00403_wavtolip.npz,7.734996795654297,1
FakeVideo-FakeAudio/Caucasian (European)/women/id00379/00043_id00496_SImaDcXQnh8_id00395_wavtolip.npz,8.04784870147705,1
FakeVideo-FakeAudio/Caucasian (European)/women/id00379/00043_id00581_wavtolip.npz,4.256986141204834,1
FakeVideo-FakeAudio/Caucasian (European)/women/id00379/00043_id00633_UXrTMta1EDM_faceswap_id00071_wavtolip.npz,8.107637405395508,1
FakeVideo-FakeAudio/Caucasian (European)/women/id00379/00043_id00633_UXrTMta1EDM_faceswap_id00270_wavtolip.npz,3.807626962661743,1
FakeVideo-FakeAudio/Caucasian (European)/women/id00379/00043_id00633_UXrTMta1EDM_faceswap_id00332_wavtolip.npz,7.923595905303955,1
FakeVideo-FakeAudio/Caucasian (European)/women/id00379/00043_id00633_UXrTMta1EDM_faceswap_id00395_wavtolip.npz,8.142009735107422,1
FakeVideo-FakeAudio/Caucasian (European)/women/id00379/00043_id00633_UXrTMta1EDM_faceswap_id01018_wavtolip.npz,3.727177143096924,1
FakeVideo-FakeAudio/Caucasian (European)/women/id00379/00043_id00633_UXrTMta1EDM_id00325_wavtolip.npz,8.473278045654297,1
FakeVideo-FakeAudio/Caucasian (European)/women/id00379/00043_id00735_wavtolip.npz,8.104031562805176,1
FakeVideo-FakeAudio/Caucasian (European)/women/id00379/00043_id00806_0sk9s9lFIAk_id00581_wavtolip.npz,4.311647415161133,1
FakeVideo-FakeAudio/Caucasian (European)/women/id00379/00043_id00806_wavtolip.npz,7.588550567626953,1
FakeVideo-FakeAudio/Caucasian (European)/women/id00379/00043_id00823_wavtolip.npz,5.9977641105651855,1
FakeVideo-FakeAudio/Caucasian (European)/women/id00379/00043_id00897_0ayFw8JhoyI_id00271_wavtolip.npz,8.031950950622559,1
FakeVideo-FakeAudio/Caucasian (European)/women/id00379/00043_id03620_wavtolip.npz,6.79409122467041,1
FakeVideo-FakeAudio/Caucasian (European)/women/id00379/00043_id03649_wavtolip.npz,7.785806655883789,1
FakeVideo-FakeAudio/Caucasian (European)/women/id00379/00043_id03716_s-lxbGafZQA_id03620_wavtolip.npz,6.902413845062256,1
FakeVideo-FakeAudio/Caucasian (European)/women/id00379/00043_id03858_wavtolip.npz,7.973926067352295,1
FakeVideo-FakeAudio/Caucasian (European)/women/id00332/00293_id00042_wavtolip.npz,8.520798683166504,1
FakeVideo-FakeAudio/Caucasian (European)/women/id00332/00293_id00071_wavtolip.npz,8.099201202392578,1
FakeVideo-FakeAudio/Caucasian (European)/women/id00332/00293_id00270_hoEQ70-sDME_id00042_wavtolip.npz,8.439510345458984,1
FakeVideo-FakeAudio/Caucasian (European)/women/id00332/00293_id00330_zCFFgGSIZ_s_id03844_wavtolip.npz,8.057929992675781,1
FakeVideo-FakeAudio/Caucasian (European)/women/id00332/00293_id00379_wavtolip.npz,7.922372341156006,1
FakeVideo-FakeAudio/Caucasian (European)/women/id00332/00293_id00395_wavtolip.npz,8.038771629333496,1
FakeVideo-FakeAudio/Caucasian (European)/women/id00332/00293_id00403_wavtolip.npz,8.519390106201172,1
FakeVideo-FakeAudio/Caucasian (European)/women/id00332/00293_id00434_HPXkk-HGXVI_id00735_wavtolip.npz,7.8071465492248535,1
FakeVideo-FakeAudio/Caucasian (European)/women/id00332/00293_id00496_wavtolip.npz,8.530444145202637,1
FakeVideo-FakeAudio/Caucasian (European)/women/id00332/00293_id00569_wavtolip.npz,7.201687812805176,1
FakeVideo-FakeAudio/Caucasian (European)/women/id00332/00293_id00591_1Jo8xElXQMs_id00325_wavtolip.npz,8.408226013183594,1
FakeVideo-FakeAudio/Caucasian (European)/women/id00332/00293_id00633_UXrTMta1EDM_id00826_wavtolip.npz,8.203145027160645,1
FakeVideo-FakeAudio/Caucasian (European)/women/id00332/00293_id00806_wavtolip.npz,7.7810773849487305,1
FakeVideo-FakeAudio/Caucasian (European)/women/id00332/00293_id00897_0ayFw8JhoyI_id00373_wavtolip.npz,8.290888786315918,1
FakeVideo-FakeAudio/Caucasian (European)/women/id00332/00293_id03371_wavtolip.npz,8.25645637512207,1
FakeVideo-FakeAudio/Caucasian (European)/women/id00332/00293_id03844_wavtolip.npz,8.316376686096191,1
FakeVideo-FakeAudio/Caucasian (European)/women/id00332/00293_id03858_uKVqPfRf-ac_id00569_wavtolip.npz,7.330284595489502,1
FakeVideo-FakeAudio/Caucasian (European)/women/id00325/00015_id00042_4yuJSkaZwn0_faceswap_id00188_wavtolip.npz,8.065543174743652,1
FakeVideo-FakeAudio/Caucasian (European)/women/id00325/00015_id00042_4yuJSkaZwn0_faceswap_id00232_wavtolip.npz,7.901971340179443,1
FakeVideo-FakeAudio/Caucasian (European)/women/id00325/00015_id00042_4yuJSkaZwn0_faceswap_id00484_wavtolip.npz,8.302102088928223,1
FakeVideo-FakeAudio/Caucasian (European)/women/id00325/00015_id00042_4yuJSkaZwn0_faceswap_id00591_wavtolip.npz,7.592679500579834,1
FakeVideo-FakeAudio/Caucasian (European)/women/id00325/00015_id00042_4yuJSkaZwn0_id00826_wavtolip.npz,8.288525581359863,1
FakeVideo-FakeAudio/Caucasian (European)/women/id00325/00015_id00188_wavtolip.npz,8.13300609588623,1
FakeVideo-FakeAudio/Caucasian (European)/women/id00325/00015_id00271_wavtolip.npz,7.892703056335449,1
FakeVideo-FakeAudio/Caucasian (European)/women/id00325/00015_id00287_2NpfYjyMsPM_id03371_wavtolip.npz,8.359776496887207,1
FakeVideo-FakeAudio/Caucasian (European)/women/id00325/00015_id00330_wavtolip.npz,6.757543087005615,1
FakeVideo-FakeAudio/Caucasian (European)/women/id00325/00015_id00365_XV-imLNJvfk_id00332_wavtolip.npz,6.852428913116455,1
FakeVideo-FakeAudio/Caucasian (European)/women/id00325/00015_id00569_wavtolip.npz,6.959576606750488,1
FakeVideo-FakeAudio/Caucasian (European)/women/id00325/00015_id00806_wavtolip.npz,8.044118881225586,1
FakeVideo-FakeAudio/Caucasian (European)/women/id00325/00015_id00813_wavtolip.npz,7.779758453369141,1
FakeVideo-FakeAudio/Caucasian (European)/women/id00325/00015_id00823_wavtolip.npz,6.045614242553711,1
FakeVideo-FakeAudio/Caucasian (European)/women/id00325/00015_id00897_0ayFw8JhoyI_id00484_wavtolip.npz,8.036632537841797,1
FakeVideo-FakeAudio/Caucasian (European)/women/id00325/00015_id01002_eQTviHjyISo_id00325_wavtolip.npz,8.32214641571045,1
FakeVideo-FakeAudio/Caucasian (European)/women/id00325/00015_id03589_wavtolip.npz,8.089073181152344,1
FakeVideo-FakeAudio/Caucasian (European)/women/id00325/00015_id03620_YkXM5A8w07E_id03844_wavtolip.npz,8.01086711883545,1
FakeVideo-FakeAudio/Caucasian (European)/women/id00325/00015_id03649_389qfFqUddI_id00330_wavtolip.npz,6.749178886413574,1
FakeVideo-FakeAudio/Caucasian (European)/women/id00325/00015_id03651_EjcoRkL6loI_id00806_wavtolip.npz,8.229079246520996,1
FakeVideo-FakeAudio/Caucasian (European)/women/id00325/00015_id03844_wavtolip.npz,7.922250270843506,1
FakeVideo-FakeAudio/Caucasian (European)/women/id03716/00040_id00262_wavtolip.npz,5.698435306549072,1
FakeVideo-FakeAudio/Caucasian (European)/women/id03716/00040_id00270_wavtolip.npz,4.783195972442627,1
FakeVideo-FakeAudio/Caucasian (European)/women/id03716/00040_id00330_wavtolip.npz,7.064016819000244,1
FakeVideo-FakeAudio/Caucasian (European)/women/id03716/00040_id00365_XV-imLNJvfk_id03716_wavtolip.npz,-4.318700313568115,1
FakeVideo-FakeAudio/Caucasian (European)/women/id03716/00040_id00379_fgkgYHCuk4g_id00823_wavtolip.npz,6.067376613616943,1
FakeVideo-FakeAudio/Caucasian (European)/women/id03716/00040_id00395_wM5kGJfTtEM_id00232_wavtolip.npz,8.071932792663574,1
FakeVideo-FakeAudio/Caucasian (European)/women/id03716/00040_id00434_wavtolip.npz,7.900518417358398,1
FakeVideo-FakeAudio/Caucasian (European)/women/id03716/00040_id00495_wavtolip.npz,8.391221046447754,1
FakeVideo-FakeAudio/Caucasian (European)/women/id03716/00040_id00591_1Jo8xElXQMs_id00823_wavtolip.npz,6.104703903198242,1
FakeVideo-FakeAudio/Caucasian (European)/women/id03716/00040_id00633_UXrTMta1EDM_id00826_wavtolip.npz,8.3341646194458,1
FakeVideo-FakeAudio/Caucasian (European)/women/id03716/00040_id00897_0ayFw8JhoyI_id00232_wavtolip.npz,8.271800994873047,1
FakeVideo-FakeAudio/Caucasian (European)/women/id03716/00040_id00897_wavtolip.npz,8.37813949584961,1
FakeVideo-FakeAudio/Caucasian (European)/women/id03716/00040_id03651_EjcoRkL6loI_faceswap_id00234_wavtolip.npz,8.488438606262207,1
FakeVideo-FakeAudio/Caucasian (European)/women/id03716/00040_id03651_EjcoRkL6loI_faceswap_id00403_wavtolip.npz,8.24609661102295,1
FakeVideo-FakeAudio/Caucasian (European)/women/id03716/00040_id03651_EjcoRkL6loI_faceswap_id00735_wavtolip.npz,8.116894721984863,1
FakeVideo-FakeAudio/Caucasian (European)/women/id03716/00040_id03651_EjcoRkL6loI_faceswap_id01002_wavtolip.npz,7.985065937042236,1
FakeVideo-FakeAudio/Caucasian (European)/women/id03716/00040_id03651_EjcoRkL6loI_faceswap_id03844_wavtolip.npz,8.184775352478027,1
FakeVideo-FakeAudio/Caucasian (European)/women/id03716/00040_id03651_EjcoRkL6loI_id00328_wavtolip.npz,8.215678215026855,1
FakeVideo-FakeAudio/Caucasian (European)/women/id03716/00040_id03716_wavtolip.npz,-2.759800434112549,1
FakeVideo-FakeAudio/Caucasian (European)/women/id03716/00040_id03816_XXD0yTNei50_id00581_wavtolip.npz,7.997069358825684,1
FakeVideo-FakeAudio/Caucasian (European)/women/id03716/00040_id03844_wavtolip.npz,8.362015724182129,1
FakeVideo-FakeAudio/Caucasian (European)/women/id00262/00028_id00071_JU1cVINUTZA_id00484_wavtolip.npz,8.737792015075684,1
FakeVideo-FakeAudio/Caucasian (European)/women/id00262/00028_id00071_wavtolip.npz,8.189648628234863,1
FakeVideo-FakeAudio/Caucasian (European)/women/id00262/00028_id00270_hoEQ70-sDME_id03651_wavtolip.npz,7.826430320739746,1
FakeVideo-FakeAudio/Caucasian (European)/women/id00262/00028_id00287_2NpfYjyMsPM_faceswap_id00379_wavtolip.npz,7.668917655944824,1
FakeVideo-FakeAudio/Caucasian (European)/women/id00262/00028_id00287_2NpfYjyMsPM_faceswap_id01002_wavtolip.npz,8.231810569763184,1
FakeVideo-FakeAudio/Caucasian (European)/women/id00262/00028_id00287_2NpfYjyMsPM_faceswap_id03620_wavtolip.npz,8.457172393798828,1
FakeVideo-FakeAudio/Caucasian (European)/women/id00262/00028_id00287_2NpfYjyMsPM_faceswap_id03858_wavtolip.npz,7.721881866455078,1
FakeVideo-FakeAudio/Caucasian (European)/women/id00262/00028_id00287_2NpfYjyMsPM_faceswap_id03941_wavtolip.npz,7.462652683258057,1
FakeVideo-FakeAudio/Caucasian (European)/women/id00262/00028_id00328_wavtolip.npz,8.178337097167969,1
FakeVideo-FakeAudio/Caucasian (European)/women/id00262/00028_id00379_wavtolip.npz,7.605024814605713,1
FakeVideo-FakeAudio/Caucasian (European)/women/id00262/00028_id00395_wM5kGJfTtEM_id03371_wavtolip.npz,8.144991874694824,1
FakeVideo-FakeAudio/Caucasian (European)/women/id00262/00028_id00395_wavtolip.npz,7.966061592102051,1
FakeVideo-FakeAudio/Caucasian (European)/women/id00262/00028_id00495_E46aiMUC4A0_id00591_wavtolip.npz,7.699817180633545,1
FakeVideo-FakeAudio/Caucasian (European)/women/id00262/00028_id00496_SImaDcXQnh8_id00271_wavtolip.npz,8.396288871765137,1
FakeVideo-FakeAudio/Caucasian (European)/women/id00262/00028_id00496_wavtolip.npz,7.967494010925293,1
FakeVideo-FakeAudio/Caucasian (European)/women/id00262/00028_id00633_UXrTMta1EDM_id00806_wavtolip.npz,6.269928932189941,1
FakeVideo-FakeAudio/Caucasian (European)/women/id00262/00028_id00813_dKs9CWJIkSI_id00434_wavtolip.npz,7.857523441314697,1
FakeVideo-FakeAudio/Caucasian (European)/women/id00262/00028_id00813_wavtolip.npz,8.522992134094238,1
FakeVideo-FakeAudio/Caucasian (European)/women/id00262/00028_id01002_wavtolip.npz,8.425238609313965,1
FakeVideo-FakeAudio/Caucasian (European)/women/id00262/00028_id03651_wavtolip.npz,7.951051235198975,1
FakeVideo-FakeAudio/Caucasian (European)/women/id00262/00028_id03816_XXD0yTNei50_id03716_wavtolip.npz,6.059792995452881,1
FakeVideo-FakeAudio/Caucasian (European)/women/id00262/00028_id03941_SsYtP8Ze88Q_id00325_wavtolip.npz,8.510308265686035,1
FakeVideo-FakeAudio/Caucasian (European)/women/id00262/00028_id03941_wavtolip.npz,7.6684136390686035,1
FakeVideo-FakeAudio/Caucasian (European)/women/id00328/00092_id00188_e-vm5FB3idA_id00271_wavtolip.npz,7.836174011230469,1
FakeVideo-FakeAudio/Caucasian (European)/women/id00328/00092_id00232_kL0cCveU1zg_id03716_wavtolip.npz,0.9870790243148804,1
FakeVideo-FakeAudio/Caucasian (European)/women/id00328/00092_id00271_wavtolip.npz,7.751433849334717,1
FakeVideo-FakeAudio/Caucasian (European)/women/id00328/00092_id00287_wavtolip.npz,8.0608549118042,1
FakeVideo-FakeAudio/Caucasian (European)/women/id00328/00092_id00373_5NXv3Dxkd6E_id03844_wavtolip.npz,8.32386589050293,1
FakeVideo-FakeAudio/Caucasian (European)/women/id00328/00092_id00374_wavtolip.npz,8.246459007263184,1
FakeVideo-FakeAudio/Caucasian (European)/women/id00328/00092_id00403_n4LSCxzFr6o_id00806_wavtolip.npz,7.490205764770508,1
FakeVideo-FakeAudio/Caucasian (European)/women/id00328/00092_id00484_u7YTz8eFZv0_faceswap_id00287_wavtolip.npz,8.223448753356934,1
FakeVideo-FakeAudio/Caucasian (European)/women/id00328/00092_id00484_u7YTz8eFZv0_faceswap_id00484_wavtolip.npz,8.308611869812012,1
FakeVideo-FakeAudio/Caucasian (European)/women/id00328/00092_id00484_u7YTz8eFZv0_faceswap_id01002_wavtolip.npz,7.722736835479736,1
FakeVideo-FakeAudio/Caucasian (European)/women/id00328/00092_id00484_u7YTz8eFZv0_faceswap_id03589_wavtolip.npz,8.207839965820312,1
FakeVideo-FakeAudio/Caucasian (European)/women/id00328/00092_id00484_u7YTz8eFZv0_id00496_wavtolip.npz,7.941075801849365,1
FakeVideo-FakeAudio/Caucasian (European)/women/id00328/00092_id00495_E46aiMUC4A0_id03844_wavtolip.npz,8.416631698608398,1
FakeVideo-FakeAudio/Caucasian (European)/women/id00328/00092_id00569_wavtolip.npz,7.157379627227783,1
FakeVideo-FakeAudio/Caucasian (European)/women/id00328/00092_id00633_wavtolip.npz,8.169700622558594,1
FakeVideo-FakeAudio/Caucasian (European)/women/id00328/00092_id00634_wavtolip.npz,8.213377952575684,1
FakeVideo-FakeAudio/Caucasian (European)/women/id00328/00092_id00806_wavtolip.npz,7.441978454589844,1
FakeVideo-FakeAudio/Caucasian (European)/women/id00328/00092_id01002_wavtolip.npz,7.774875164031982,1
FakeVideo-FakeAudio/Caucasian (European)/women/id00328/00092_id03371_truKMXt8Dak_id00328_wavtolip.npz,8.201087951660156,1
FakeVideo-FakeAudio/Caucasian (European)/women/id00328/00092_id03620_YkXM5A8w07E_id03858_wavtolip.npz,7.77714204788208,1
FakeVideo-FakeAudio/Caucasian (European)/women/id00328/00092_id03858_uKVqPfRf-ac_id00634_wavtolip.npz,8.19392204284668,1
FakeVideo-FakeAudio/Caucasian (European)/women/id00589/00130_id00270_wavtolip.npz,4.675673484802246,1
FakeVideo-FakeAudio/Caucasian (European)/women/id00589/00130_id00271_je6JSLqEEcw_id00735_wavtolip.npz,8.033163070678711,1
FakeVideo-FakeAudio/Caucasian (European)/women/id00589/00130_id00287_wavtolip.npz,8.413188934326172,1
FakeVideo-FakeAudio/Caucasian (European)/women/id00589/00130_id00373_5NXv3Dxkd6E_id03371_wavtolip.npz,7.774464130401611,1
FakeVideo-FakeAudio/Caucasian (European)/women/id00589/00130_id00374_wavtolip.npz,8.071115493774414,1
FakeVideo-FakeAudio/Caucasian (European)/women/id00589/00130_id00495_E46aiMUC4A0_id00325_wavtolip.npz,8.591124534606934,1
FakeVideo-FakeAudio/Caucasian (European)/women/id00589/00130_id00581_wavtolip.npz,4.373229503631592,1
FakeVideo-FakeAudio/Caucasian (European)/women/id00589/00130_id00591_1Jo8xElXQMs_id03620_wavtolip.npz,7.265964031219482,1
FakeVideo-FakeAudio/Caucasian (European)/women/id00589/00130_id00591_wavtolip.npz,7.526165962219238,1
FakeVideo-FakeAudio/Caucasian (European)/women/id00589/00130_id00634_z5t9oJizDQg_faceswap_id00071_wavtolip.npz,8.035594940185547,1
FakeVideo-FakeAudio/Caucasian (European)/women/id00589/00130_id00634_z5t9oJizDQg_faceswap_id00325_wavtolip.npz,8.611078262329102,1
FakeVideo-FakeAudio/Caucasian (European)/women/id00589/00130_id00634_z5t9oJizDQg_faceswap_id00395_wavtolip.npz,8.451532363891602,1
FakeVideo-FakeAudio/Caucasian (European)/women/id00589/00130_id00634_z5t9oJizDQg_faceswap_id00591_wavtolip.npz,7.869476318359375,1
FakeVideo-FakeAudio/Caucasian (European)/women/id00589/00130_id00634_z5t9oJizDQg_faceswap_id00823_wavtolip.npz,6.006511688232422,1
FakeVideo-FakeAudio/Caucasian (European)/women/id00589/00130_id00634_z5t9oJizDQg_id00897_wavtolip.npz,8.201521873474121,1
FakeVideo-FakeAudio/Caucasian (European)/women/id00589/00130_id00813_wavtolip.npz,7.90688943862915,1
FakeVideo-FakeAudio/Caucasian (European)/women/id00589/00130_id00826_wavtolip.npz,8.290753364562988,1
FakeVideo-FakeAudio/Caucasian (European)/women/id00589/00130_id00897_0ayFw8JhoyI_id00379_wavtolip.npz,7.608057022094727,1
FakeVideo-FakeAudio/Caucasian (European)/women/id00589/00130_id00897_wavtolip.npz,8.250653266906738,1
FakeVideo-FakeAudio/Caucasian (European)/women/id00589/00130_id03589_9NxOQlwpMys_id00897_wavtolip.npz,8.084990501403809,1
FakeVideo-FakeAudio/Caucasian (European)/women/id00589/00130_id03620_YkXM5A8w07E_id03858_wavtolip.npz,7.649125576019287,1
FakeVideo-FakeAudio/Caucasian (European)/women/id00589/00130_id03649_389qfFqUddI_id00495_wavtolip.npz,8.01576042175293,1
FakeVideo-FakeAudio/Caucasian (European)/women/id00589/00130_id03651_wavtolip.npz,7.815886497497559,1
FakeVideo-FakeAudio/Caucasian (European)/women/id00589/00130_id03858_uKVqPfRf-ac_id00634_wavtolip.npz,8.194689750671387,1
FakeVideo-RealAudio/Asian (South)/men/id06354/00021_id00032_AQMDc6SKNXs.npz,-6.026865005493164,1
FakeVideo-RealAudio/Asian (South)/men/id06354/00021_id00103_qpTVaP4y5DQ.npz,-6.605496883392334,1
FakeVideo-RealAudio/Asian (South)/men/id06354/00021_id00103_wavtolip.npz,-4.332374572753906,1
FakeVideo-RealAudio/Asian (South)/men/id06354/00021_id00350_75IFJNFAMIM.npz,-6.4923200607299805,1
FakeVideo-RealAudio/Asian (South)/men/id06354/00021_id00350_wavtolip.npz,-5.476737976074219,1
FakeVideo-RealAudio/Asian (South)/men/id06354/00021_id00685_wavtolip.npz,-6.5908203125,1
FakeVideo-RealAudio/Asian (South)/men/id06354/00021_id00773_2j3lUETJ57I.npz,1.203682780265808,1
FakeVideo-RealAudio/Asian (South)/men/id06354/00021_id00860_wavtolip.npz,-4.728812217712402,1
FakeVideo-RealAudio/Asian (South)/men/id06354/00021_id03599_wavtolip.npz,-6.578379154205322,1
FakeVideo-RealAudio/Asian (South)/men/id06354/00021_id03945_wavtolip.npz,-6.617847919464111,1
FakeVideo-RealAudio/Asian (South)/men/id06354/00021_id04599_Q60DPi5Nhmk.npz,2.0751240253448486,1
FakeVideo-RealAudio/Asian (South)/men/id06354/00021_id04928_wavtolip.npz,-6.55048131942749,1
FakeVideo-RealAudio/Asian (South)/men/id06354/00021_id06334_wavtolip.npz,-6.512908935546875,1
FakeVideo-RealAudio/Asian (South)/men/id06354/00021_id07058_JXJTxhrICl0.npz,0.8499281406402588,1
FakeVideo-RealAudio/Asian (South)/men/id06354/00021_id07108_qwfQPcvjGRY.npz,-6.606966972351074,1
FakeVideo-RealAudio/Asian (South)/men/id06354/00021_id07194_NDJaiff98Fo.npz,-0.56938636302948,1
FakeVideo-RealAudio/Asian (South)/men/id06354/00021_id07194_NDJaiff98Fo_faceswap.npz,-6.015296936035156,1
FakeVideo-RealAudio/Asian (South)/men/id06354/00021_id07200_wavtolip.npz,4.0750532150268555,1
FakeVideo-RealAudio/Asian (South)/men/id06354/00021_id07233_wavtolip.npz,-3.399599075317383,1
FakeVideo-RealAudio/Asian (South)/men/id08314/00028_id00033_wavtolip.npz,-6.396064281463623,1
FakeVideo-RealAudio/Asian (South)/men/id08314/00028_id00078_9CoVxzTOAhk.npz,-5.5482892990112305,1
FakeVideo-RealAudio/Asian (South)/men/id08314/00028_id00078_9CoVxzTOAhk_faceswap.npz,-5.697447299957275,1
FakeVideo-RealAudio/Asian (South)/men/id08314/00028_id00078_wavtolip.npz,-6.373836994171143,1
FakeVideo-RealAudio/Asian (South)/men/id08314/00028_id00082_wavtolip.npz,-5.808901309967041,1
FakeVideo-RealAudio/Asian (South)/men/id08314/00028_id00103_qpTVaP4y5DQ.npz,-5.762723922729492,1
FakeVideo-RealAudio/Asian (South)/men/id08314/00028_id00732_amGRpH0AJCs.npz,-4.839622974395752,1
FakeVideo-RealAudio/Asian (South)/men/id08314/00028_id00745_wavtolip.npz,0.36033692955970764,1
FakeVideo-RealAudio/Asian (South)/men/id08314/00028_id00769_BqHVSZdoVpM.npz,-4.9035139083862305,1
FakeVideo-RealAudio/Asian (South)/men/id08314/00028_id00773_2j3lUETJ57I.npz,-3.579836130142212,1
FakeVideo-RealAudio/Asian (South)/men/id08314/00028_id00857_wavtolip.npz,-6.297341346740723,1
FakeVideo-RealAudio/Asian (South)/men/id08314/00028_id00860_wavtolip.npz,-6.380415439605713,1
FakeVideo-RealAudio/Asian (South)/men/id08314/00028_id04537_wavtolip.npz,-6.376853942871094,1
FakeVideo-RealAudio/Asian (South)/men/id08314/00028_id06354_PmWLmcJNUhM.npz,-5.78321647644043,1
FakeVideo-RealAudio/Asian (South)/men/id08314/00028_id07058_wavtolip.npz,-6.589321613311768,1
FakeVideo-RealAudio/Asian (South)/men/id08314/00028_id07161_wavtolip.npz,-6.542101860046387,1
FakeVideo-RealAudio/Asian (South)/men/id08314/00028_id07194_NDJaiff98Fo.npz,-5.634191513061523,1
FakeVideo-RealAudio/Asian (South)/men/id08314/00028_id07195_wXqfHGtaBn4.npz,-5.659265518188477,1
FakeVideo-RealAudio/Asian (South)/men/id08314/00028_id07768_wavtolip.npz,-5.868045330047607,1
FakeVideo-RealAudio/Asian (South)/men/id08314/00083_0.npz,-5.590238571166992,1
FakeVideo-RealAudio/Asian (South)/men/id07233/00010_id00032_wavtolip.npz,-6.229029655456543,1
FakeVideo-RealAudio/Asian (South)/men/id07233/00010_id00078_wavtolip.npz,-6.492784023284912,1
FakeVideo-RealAudio/Asian (South)/men/id07233/00010_id00082_wavtolip.npz,-6.4434356689453125,1
FakeVideo-RealAudio/Asian (South)/men/id07233/00010_id00459_wavtolip.npz,-6.414486885070801,1
FakeVideo-RealAudio/Asian (South)/men/id07233/00010_id00769_BqHVSZdoVpM.npz,-6.000795364379883,1
FakeVideo-RealAudio/Asian (South)/men/id07233/00010_id00857_wavtolip.npz,-6.658994197845459,1
FakeVideo-RealAudio/Asian (South)/men/id07233/00010_id03180_wavtolip.npz,-5.986259937286377,1
FakeVideo-RealAudio/Asian (South)/men/id07233/00010_id03945_8gN6kSKpLRg.npz,-5.863021373748779,1
FakeVideo-RealAudio/Asian (South)/men/id07233/00010_id04537_G1e1UFopjfI.npz,-5.169595718383789,1
FakeVideo-RealAudio/Asian (South)/men/id07233/00010_id04537_wavtolip.npz,-6.3494086265563965,1
FakeVideo-RealAudio/Asian (South)/men/id07233/00010_id04554_8rSKsBhAaDo.npz,-5.7799882888793945,1
FakeVideo-RealAudio/Asian (South)/men/id07233/00010_id04562_qio_Gs7wjvY.npz,-5.7355546951293945,1
FakeVideo-RealAudio/Asian (South)/men/id07233/00010_id06334_wavtolip.npz,-6.482197284698486,1
FakeVideo-RealAudio/Asian (South)/men/id07233/00010_id07163_wavtolip.npz,-6.658372402191162,1
FakeVideo-RealAudio/Asian (South)/men/id07233/00010_id07165_oJ_iy16IBTM.npz,-4.666228294372559,1
FakeVideo-RealAudio/Asian (South)/men/id07233/00010_id07195_wXqfHGtaBn4.npz,-5.784379005432129,1
FakeVideo-RealAudio/Asian (South)/men/id07233/00010_id07200_quCElxMhW6g.npz,-5.921511650085449,1
FakeVideo-RealAudio/Asian (South)/men/id07233/00010_id07200_quCElxMhW6g_faceswap.npz,-6.00774621963501,1
FakeVideo-RealAudio/Asian (South)/men/id07233/00010_id08457_wavtolip.npz,-6.425375938415527,1
FakeVideo-RealAudio/Asian (South)/men/id07233/00180_0.npz,-5.959827899932861,1
FakeVideo-RealAudio/Asian (South)/men/id07179/00206_id00032_wavtolip.npz,-5.929131507873535,1
FakeVideo-RealAudio/Asian (South)/men/id07179/00206_id00459_ubskcDDe7kM.npz,5.891299247741699,1
FakeVideo-RealAudio/Asian (South)/men/id07179/00206_id00860_wavtolip.npz,-6.168217182159424,1
FakeVideo-RealAudio/Asian (South)/men/id07179/00206_id03945_wavtolip.npz,-6.062535762786865,1
FakeVideo-RealAudio/Asian (South)/men/id07179/00206_id04526_dHGXa49tzWI.npz,5.9156670570373535,1
FakeVideo-RealAudio/Asian (South)/men/id07179/00206_id04537_wavtolip.npz,-6.339951038360596,1
FakeVideo-RealAudio/Asian (South)/men/id07179/00206_id04560_wavtolip.npz,-6.3351616859436035,1
FakeVideo-RealAudio/Asian (South)/men/id07179/00206_id06334_EMORdZRY1r0.npz,6.059597969055176,1
FakeVideo-RealAudio/Asian (South)/men/id07179/00206_id06354_PmWLmcJNUhM.npz,5.850580215454102,1
FakeVideo-RealAudio/Asian (South)/men/id07179/00206_id07163_aO7f_YmkQnc.npz,6.125187873840332,1
FakeVideo-RealAudio/Asian (South)/men/id07179/00206_id07165_oJ_iy16IBTM.npz,6.229804515838623,1
FakeVideo-RealAudio/Asian (South)/men/id07179/00206_id07165_oJ_iy16IBTM_faceswap.npz,-3.870579719543457,1
FakeVideo-RealAudio/Asian (South)/men/id07179/00206_id07165_wavtolip.npz,-6.0597758293151855,1
FakeVideo-RealAudio/Asian (South)/men/id07179/00206_id07182_wavtolip.npz,-6.427248954772949,1
FakeVideo-RealAudio/Asian (South)/men/id07179/00206_id07200_wavtolip.npz,3.8195202350616455,1
FakeVideo-RealAudio/Asian (South)/men/id07179/00206_id07233_wavtolip.npz,-5.597970962524414,1
FakeVideo-RealAudio/Asian (South)/men/id07179/00206_id07768_mD6x-0ihLOI.npz,6.132383346557617,1
FakeVideo-RealAudio/Asian (South)/men/id07179/00206_id07768_wavtolip.npz,-5.3840131759643555,1
FakeVideo-RealAudio/Asian (South)/men/id07179/00206_id08314_66ufcsq8IWA.npz,6.144528388977051,1
FakeVideo-RealAudio/Asian (South)/men/id00860/00154_id00033_gduDuRWhnlQ.npz,-6.303279876708984,1
FakeVideo-RealAudio/Asian (South)/men/id00860/00154_id00350_wavtolip.npz,-6.364749908447266,1
FakeVideo-RealAudio/Asian (South)/men/id00860/00154_id00414_d3N2NrpGSp0.npz,-6.424433708190918,1
FakeVideo-RealAudio/Asian (South)/men/id00860/00154_id00459_ubskcDDe7kM.npz,-6.3623175621032715,1
FakeVideo-RealAudio/Asian (South)/men/id00860/00154_id00685_wavtolip.npz,-6.499017238616943,1
FakeVideo-RealAudio/Asian (South)/men/id00860/00154_id00769_wavtolip.npz,-6.550779342651367,1
FakeVideo-RealAudio/Asian (South)/men/id00860/00154_id03180_6wNTK7NkOd8.npz,-6.324002742767334,1
FakeVideo-RealAudio/Asian (South)/men/id00860/00154_id03180_wavtolip.npz,-5.696763515472412,1
FakeVideo-RealAudio/Asian (South)/men/id00860/00154_id03945_wavtolip.npz,-6.462220668792725,1
FakeVideo-RealAudio/Asian (South)/men/id00860/00154_id04537_G1e1UFopjfI.npz,-6.403782844543457,1
FakeVideo-RealAudio/Asian (South)/men/id00860/00154_id04537_G1e1UFopjfI_faceswap.npz,-6.419966697692871,1
FakeVideo-RealAudio/Asian (South)/men/id00860/00154_id04554_wavtolip.npz,-6.491246700286865,1
FakeVideo-RealAudio/Asian (South)/men/id00860/00154_id04561_wavtolip.npz,-6.406696319580078,1
FakeVideo-RealAudio/Asian (South)/men/id00860/00154_id04928_wavtolip.npz,-6.493241310119629,1
FakeVideo-RealAudio/Asian (South)/men/id00860/00154_id07165_oJ_iy16IBTM.npz,-6.4412031173706055,1
FakeVideo-RealAudio/Asian (South)/men/id00860/00154_id07165_wavtolip.npz,-6.446890830993652,1
FakeVideo-RealAudio/Asian (South)/men/id00860/00154_id07195_wXqfHGtaBn4.npz,-6.367880821228027,1
FakeVideo-RealAudio/Asian (South)/men/id00860/00154_id07200_quCElxMhW6g.npz,-6.245363235473633,1
FakeVideo-RealAudio/Asian (South)/men/id00860/00154_id07233_wavtolip.npz,-5.866687297821045,1
FakeVideo-RealAudio/Asian (South)/men/id07768/00143_id00033_gduDuRWhnlQ.npz,-4.70883846282959,1
FakeVideo-RealAudio/Asian (South)/men/id07768/00143_id00103_qpTVaP4y5DQ.npz,-4.741093635559082,1
FakeVideo-RealAudio/Asian (South)/men/id07768/00143_id00685_wavtolip.npz,-6.13387393951416,1
FakeVideo-RealAudio/Asian (South)/men/id07768/00143_id00732_amGRpH0AJCs.npz,-4.762680530548096,1
FakeVideo-RealAudio/Asian (South)/men/id07768/00143_id00732_amGRpH0AJCs_faceswap.npz,-5.546564102172852,1
FakeVideo-RealAudio/Asian (South)/men/id07768/00143_id00732_wavtolip.npz,-6.214005470275879,1
FakeVideo-RealAudio/Asian (South)/men/id07768/00143_id00745_wavtolip.npz,0.4787572920322418,1
FakeVideo-RealAudio/Asian (South)/men/id07768/00143_id00857_yJ7bbvwL4kU.npz,-4.629413604736328,1
FakeVideo-RealAudio/Asian (South)/men/id07768/00143_id03344_vyNnOo6lU0o.npz,-4.903188705444336,1
FakeVideo-RealAudio/Asian (South)/men/id07768/00143_id03344_wavtolip.npz,-6.241764068603516,1
FakeVideo-RealAudio/Asian (South)/men/id07768/00143_id03599_wavtolip.npz,-6.252333641052246,1
FakeVideo-RealAudio/Asian (South)/men/id07768/00143_id04537_G1e1UFopjfI.npz,-4.291276454925537,1
FakeVideo-RealAudio/Asian (South)/men/id07768/00143_id04599_wavtolip.npz,-6.327416896820068,1
FakeVideo-RealAudio/Asian (South)/men/id07768/00143_id06354_PmWLmcJNUhM.npz,-5.269359111785889,1
FakeVideo-RealAudio/Asian (South)/men/id07768/00143_id06355_wavtolip.npz,-5.845891952514648,1
FakeVideo-RealAudio/Asian (South)/men/id07768/00143_id07163_aO7f_YmkQnc.npz,-4.373599529266357,1
FakeVideo-RealAudio/Asian (South)/men/id07768/00143_id07179_wavtolip.npz,-5.558679580688477,1
FakeVideo-RealAudio/Asian (South)/men/id07768/00143_id07182_wavtolip.npz,-6.379966735839844,1
FakeVideo-RealAudio/Asian (South)/men/id07768/00143_id07195_wavtolip.npz,-6.34832239151001,1
FakeVideo-RealAudio/Asian (South)/men/id00078/00114_id00032_wavtolip.npz,-6.152044296264648,1
FakeVideo-RealAudio/Asian (South)/men/id00078/00114_id00103_qpTVaP4y5DQ.npz,-6.34169340133667,1
FakeVideo-RealAudio/Asian (South)/men/id00078/00114_id00103_qpTVaP4y5DQ_faceswap.npz,-6.341468334197998,1
FakeVideo-RealAudio/Asian (South)/men/id00078/00114_id00350_75IFJNFAMIM.npz,-6.3416218757629395,1
FakeVideo-RealAudio/Asian (South)/men/id00078/00114_id00857_wavtolip.npz,-0.09855572134256363,1
FakeVideo-RealAudio/Asian (South)/men/id00078/00114_id00857_yJ7bbvwL4kU.npz,-6.326945781707764,1
FakeVideo-RealAudio/Asian (South)/men/id00078/00114_id03344_vyNnOo6lU0o.npz,-6.343263626098633,1
FakeVideo-RealAudio/Asian (South)/men/id00078/00114_id03599_y27BDmRUqMQ.npz,-6.335860729217529,1
FakeVideo-RealAudio/Asian (South)/men/id00078/00114_id04560_wavtolip.npz,-6.376141548156738,1
FakeVideo-RealAudio/Asian (South)/men/id00078/00114_id04561_wavtolip.npz,-6.514887809753418,1
FakeVideo-RealAudio/Asian (South)/men/id00078/00114_id06354_PmWLmcJNUhM.npz,-6.308522701263428,1
FakeVideo-RealAudio/Asian (South)/men/id00078/00114_id07058_JXJTxhrICl0.npz,-6.339248180389404,1
FakeVideo-RealAudio/Asian (South)/men/id00078/00114_id07108_wavtolip.npz,-6.447240352630615,1
FakeVideo-RealAudio/Asian (South)/men/id00078/00114_id07165_wavtolip.npz,-6.268332481384277,1
FakeVideo-RealAudio/Asian (South)/men/id00078/00114_id07179_wavtolip.npz,-6.102024555206299,1
FakeVideo-RealAudio/Asian (South)/men/id00078/00114_id07200_wavtolip.npz,4.003611087799072,1
FakeVideo-RealAudio/Asian (South)/men/id00078/00114_id07210_0160kET2rUM.npz,-6.312551021575928,1
FakeVideo-RealAudio/Asian (South)/men/id00078/00114_id07233_wavtolip.npz,-5.9273200035095215,1
FakeVideo-RealAudio/Asian (South)/men/id00078/00114_id08457_wavtolip.npz,-6.314977645874023,1
FakeVideo-RealAudio/Asian (South)/men/id03599/00072_id00032_wavtolip.npz,-6.0654144287109375,1
FakeVideo-RealAudio/Asian (South)/men/id03599/00072_id00078_wavtolip.npz,-6.349133491516113,1
FakeVideo-RealAudio/Asian (South)/men/id03599/00072_id00103_qpTVaP4y5DQ.npz,-5.8802595138549805,1
FakeVideo-RealAudio/Asian (South)/men/id03599/00072_id00350_75IFJNFAMIM.npz,-6.062624931335449,1
FakeVideo-RealAudio/Asian (South)/men/id03599/00072_id00414_wavtolip.npz,-6.2152099609375,1
FakeVideo-RealAudio/Asian (South)/men/id03599/00072_id00769_wavtolip.npz,-6.595518112182617,1
FakeVideo-RealAudio/Asian (South)/men/id03599/00072_id00773_2j3lUETJ57I.npz,-6.04099178314209,1
FakeVideo-RealAudio/Asian (South)/men/id03599/00072_id00857_yJ7bbvwL4kU.npz,-6.051075458526611,1
FakeVideo-RealAudio/Asian (South)/men/id03599/00072_id03344_wavtolip.npz,-6.2677435874938965,1
FakeVideo-RealAudio/Asian (South)/men/id03599/00072_id03599_wavtolip.npz,-6.107295036315918,1
FakeVideo-RealAudio/Asian (South)/men/id03599/00072_id04560_wavtolip.npz,-6.383829593658447,1
FakeVideo-RealAudio/Asian (South)/men/id03599/00072_id04562_qio_Gs7wjvY.npz,-6.086447238922119,1
FakeVideo-RealAudio/Asian (South)/men/id03599/00072_id06753_BRg5r4jHC3I.npz,-6.082859992980957,1
FakeVideo-RealAudio/Asian (South)/men/id03599/00072_id06753_wavtolip.npz,-6.127424240112305,1
FakeVideo-RealAudio/Asian (South)/men/id03599/00072_id07194_wavtolip.npz,-4.547776699066162,1
FakeVideo-RealAudio/Asian (South)/men/id03599/00072_id07233_wavtolip.npz,-6.106861591339111,1
FakeVideo-RealAudio/Asian (South)/men/id03599/00072_id08313_t6WZ9KCaXBM.npz,-6.039371967315674,1
FakeVideo-RealAudio/Asian (South)/men/id03599/00072_id08313_t6WZ9KCaXBM_faceswap.npz,-4.858816623687744,1
FakeVideo-RealAudio/Asian (South)/men/id03599/00072_id08457_vFyjAJwQulM.npz,-6.066900730133057,1
FakeVideo-RealAudio/Asian (South)/men/id00745/00165_id00033_gduDuRWhnlQ.npz,2.5735745429992676,1
FakeVideo-RealAudio/Asian (South)/men/id00745/00165_id00033_gduDuRWhnlQ_faceswap.npz,4.234020233154297,1
FakeVideo-RealAudio/Asian (South)/men/id00745/00165_id00033_wavtolip.npz,-6.182922840118408,1
FakeVideo-RealAudio/Asian (South)/men/id00745/00165_id00082_wavtolip.npz,-6.5441741943359375,1
FakeVideo-RealAudio/Asian (South)/men/id00745/00165_id00103_wavtolip.npz,-6.6106109619140625,1
FakeVideo-RealAudio/Asian (South)/men/id00745/00165_id00857_yJ7bbvwL4kU.npz,4.737514495849609,1
FakeVideo-RealAudio/Asian (South)/men/id00745/00165_id03344_wavtolip.npz,-6.508852005004883,1
FakeVideo-RealAudio/Asian (South)/men/id00745/00165_id04537_wavtolip.npz,-6.5661725997924805,1
FakeVideo-RealAudio/Asian (South)/men/id00745/00165_id04560_wavtolip.npz,-6.456668376922607,1
FakeVideo-RealAudio/Asian (South)/men/id00745/00165_id04561_tU_UYY5hSvc.npz,3.7559385299682617,1
FakeVideo-RealAudio/Asian (South)/men/id00745/00165_id06354_PmWLmcJNUhM.npz,-2.452232837677002,1
FakeVideo-RealAudio/Asian (South)/men/id00745/00165_id06354_wavtolip.npz,-3.15352201461792,1
FakeVideo-RealAudio/Asian (South)/men/id00745/00165_id07108_qwfQPcvjGRY.npz,2.9836907386779785,1
FakeVideo-RealAudio/Asian (South)/men/id00745/00165_id07161_OYWKr82Zu38.npz,1.743765950202942,1
FakeVideo-RealAudio/Asian (South)/men/id00745/00165_id07195_wXqfHGtaBn4.npz,3.804145574569702,1
FakeVideo-RealAudio/Asian (South)/men/id00745/00165_id07200_wavtolip.npz,3.9833621978759766,1
FakeVideo-RealAudio/Asian (South)/men/id00745/00165_id07210_0160kET2rUM.npz,2.069556713104248,1
FakeVideo-RealAudio/Asian (South)/men/id00745/00165_id07233_wavtolip.npz,-4.380590438842773,1
FakeVideo-RealAudio/Asian (South)/men/id00745/00165_id08457_wavtolip.npz,-6.36003303527832,1
FakeVideo-RealAudio/Asian (South)/men/id07161/00159_id00414_d3N2NrpGSp0.npz,-6.506949424743652,1
FakeVideo-RealAudio/Asian (South)/men/id07161/00159_id00745_eODND1ul7vE.npz,-6.483817100524902,1
FakeVideo-RealAudio/Asian (South)/men/id07161/00159_id00816_wavtolip.npz,-6.518805027008057,1
FakeVideo-RealAudio/Asian (South)/men/id07161/00159_id00857_wavtolip.npz,-6.662059783935547,1
FakeVideo-RealAudio/Asian (South)/men/id07161/00159_id03344_vyNnOo6lU0o.npz,-6.495922088623047,1
FakeVideo-RealAudio/Asian (South)/men/id07161/00159_id04537_wavtolip.npz,-6.534753322601318,1
FakeVideo-RealAudio/Asian (South)/men/id07161/00159_id04560_wavtolip.npz,-6.498295783996582,1
FakeVideo-RealAudio/Asian (South)/men/id07161/00159_id04561_wavtolip.npz,-6.54826545715332,1
FakeVideo-RealAudio/Asian (South)/men/id07161/00159_id04601_x4Apx8z6nOg.npz,-6.523573398590088,1
FakeVideo-RealAudio/Asian (South)/men/id07161/00159_id04928_wavtolip.npz,-6.556550025939941,1
FakeVideo-RealAudio/Asian (South)/men/id07161/00159_id06354_PmWLmcJNUhM.npz,-6.513545989990234,1
FakeVideo-RealAudio/Asian (South)/men/id07161/00159_id07108_qwfQPcvjGRY.npz,-6.518171787261963,1
FakeVideo-RealAudio/Asian (South)/men/id07161/00159_id07194_NDJaiff98Fo.npz,-6.414079666137695,1
FakeVideo-RealAudio/Asian (South)/men/id07161/00159_id07194_wavtolip.npz,-5.448968887329102,1
FakeVideo-RealAudio/Asian (South)/men/id07161/00159_id07195_wXqfHGtaBn4.npz,-6.503177642822266,1
FakeVideo-RealAudio/Asian (South)/men/id07161/00159_id07195_wXqfHGtaBn4_faceswap.npz,-6.4922895431518555,1
FakeVideo-RealAudio/Asian (South)/men/id07161/00159_id07200_wavtolip.npz,-6.170434951782227,1
FakeVideo-RealAudio/Asian (South)/men/id07161/00159_id07210_wavtolip.npz,-4.348653316497803,1
FakeVideo-RealAudio/Asian (South)/men/id07161/00159_id08313_wavtolip.npz,-6.481838226318359,1
FakeVideo-RealAudio/Asian (South)/men/id04561/00150_0.npz,-5.502294540405273,1
FakeVideo-RealAudio/Asian (South)/men/id04561/00248_id00033_gduDuRWhnlQ.npz,-6.283766746520996,1
FakeVideo-RealAudio/Asian (South)/men/id04561/00248_id00103_qpTVaP4y5DQ.npz,-6.453768730163574,1
FakeVideo-RealAudio/Asian (South)/men/id04561/00248_id00745_eODND1ul7vE.npz,-6.026811599731445,1
FakeVideo-RealAudio/Asian (South)/men/id04561/00248_id00769_BqHVSZdoVpM.npz,-6.487142562866211,1
FakeVideo-RealAudio/Asian (South)/men/id04561/00248_id00773_2j3lUETJ57I.npz,-6.3618950843811035,1
FakeVideo-RealAudio/Asian (South)/men/id04561/00248_id00773_wavtolip.npz,-6.488148212432861,1
FakeVideo-RealAudio/Asian (South)/men/id04561/00248_id00816_wavtolip.npz,-6.5175371170043945,1
FakeVideo-RealAudio/Asian (South)/men/id04561/00248_id00857_yJ7bbvwL4kU.npz,-6.4566969871521,1
FakeVideo-RealAudio/Asian (South)/men/id04561/00248_id03344_vyNnOo6lU0o.npz,-6.483527183532715,1
FakeVideo-RealAudio/Asian (South)/men/id04561/00248_id04560_wavtolip.npz,-6.46197509765625,1
FakeVideo-RealAudio/Asian (South)/men/id04561/00248_id04561_wavtolip.npz,-6.423661231994629,1
FakeVideo-RealAudio/Asian (South)/men/id04561/00248_id04601_wavtolip.npz,-6.407497406005859,1
FakeVideo-RealAudio/Asian (South)/men/id04561/00248_id06334_wavtolip.npz,-6.517662525177002,1
FakeVideo-RealAudio/Asian (South)/men/id04561/00248_id06355_wavtolip.npz,-6.100090026855469,1
FakeVideo-RealAudio/Asian (South)/men/id04561/00248_id07108_qwfQPcvjGRY.npz,-5.405918121337891,1
FakeVideo-RealAudio/Asian (South)/men/id04561/00248_id07108_wavtolip.npz,-6.450643539428711,1
FakeVideo-RealAudio/Asian (South)/men/id04561/00248_id07179_wavtolip.npz,-4.776968002319336,1
FakeVideo-RealAudio/Asian (South)/men/id04561/00248_id07463_wavtolip.npz,-6.51918888092041,1
FakeVideo-RealAudio/Asian (South)/men/id07463/00028_id00032_wavtolip.npz,-6.137815475463867,1
FakeVideo-RealAudio/Asian (South)/men/id07463/00028_id00033_gduDuRWhnlQ.npz,-6.2001566886901855,1
FakeVideo-RealAudio/Asian (South)/men/id07463/00028_id00350_75IFJNFAMIM.npz,-6.206809997558594,1
FakeVideo-RealAudio/Asian (South)/men/id07463/00028_id00459_wavtolip.npz,-6.162536144256592,1
FakeVideo-RealAudio/Asian (South)/men/id07463/00028_id00773_2j3lUETJ57I.npz,-6.194720268249512,1
FakeVideo-RealAudio/Asian (South)/men/id07463/00028_id03180_6wNTK7NkOd8.npz,-6.19705867767334,1
FakeVideo-RealAudio/Asian (South)/men/id07463/00028_id03599_y27BDmRUqMQ.npz,-6.19947624206543,1
FakeVideo-RealAudio/Asian (South)/men/id07463/00028_id04560_wavtolip.npz,-6.313690185546875,1
FakeVideo-RealAudio/Asian (South)/men/id07463/00028_id04562_qio_Gs7wjvY.npz,-6.2042012214660645,1
FakeVideo-RealAudio/Asian (South)/men/id07463/00028_id04562_qio_Gs7wjvY_faceswap.npz,-6.181704521179199,1
FakeVideo-RealAudio/Asian (South)/men/id07463/00028_id04601_wavtolip.npz,-6.57248067855835,1
FakeVideo-RealAudio/Asian (South)/men/id07463/00028_id06334_wavtolip.npz,-6.213137149810791,1
FakeVideo-RealAudio/Asian (South)/men/id07463/00028_id06354_wavtolip.npz,-6.618967056274414,1
FakeVideo-RealAudio/Asian (South)/men/id07463/00028_id07058_wavtolip.npz,-6.583460807800293,1
FakeVideo-RealAudio/Asian (South)/men/id07463/00028_id07182_717IRon_OIQ.npz,-6.20533561706543,1
FakeVideo-RealAudio/Asian (South)/men/id07463/00028_id07194_NDJaiff98Fo.npz,-6.1911540031433105,1
FakeVideo-RealAudio/Asian (South)/men/id07463/00028_id07195_wavtolip.npz,-6.397889614105225,1
FakeVideo-RealAudio/Asian (South)/men/id07463/00028_id07200_wavtolip.npz,3.175055980682373,1
FakeVideo-RealAudio/Asian (South)/men/id07463/00028_id07210_wavtolip.npz,-5.25301456451416,1
FakeVideo-RealAudio/Asian (South)/men/id07182/00040_id00032_AQMDc6SKNXs.npz,-6.330832481384277,1
FakeVideo-RealAudio/Asian (South)/men/id07182/00040_id00033_wavtolip.npz,-5.927297592163086,1
FakeVideo-RealAudio/Asian (South)/men/id07182/00040_id00103_qpTVaP4y5DQ.npz,-6.403547286987305,1
FakeVideo-RealAudio/Asian (South)/men/id07182/00040_id00350_75IFJNFAMIM.npz,-6.4095964431762695,1
FakeVideo-RealAudio/Asian (South)/men/id07182/00040_id00732_amGRpH0AJCs.npz,-6.383687496185303,1
FakeVideo-RealAudio/Asian (South)/men/id07182/00040_id00816_wavtolip.npz,-6.291213035583496,1
FakeVideo-RealAudio/Asian (South)/men/id07182/00040_id04526_wavtolip.npz,-6.2950029373168945,1
FakeVideo-RealAudio/Asian (South)/men/id07182/00040_id04554_wavtolip.npz,-6.0254058837890625,1
FakeVideo-RealAudio/Asian (South)/men/id07182/00040_id04562_qio_Gs7wjvY.npz,-6.335738182067871,1
FakeVideo-RealAudio/Asian (South)/men/id07182/00040_id04562_qio_Gs7wjvY_faceswap.npz,-6.414666652679443,1
FakeVideo-RealAudio/Asian (South)/men/id07182/00040_id04599_wavtolip.npz,-6.076315402984619,1
FakeVideo-RealAudio/Asian (South)/men/id07182/00040_id06334_wavtolip.npz,-6.301009178161621,1
FakeVideo-RealAudio/Asian (South)/men/id07182/00040_id06354_wavtolip.npz,-6.616658687591553,1
FakeVideo-RealAudio/Asian (South)/men/id07182/00040_id06753_wavtolip.npz,-6.420274257659912,1
FakeVideo-RealAudio/Asian (South)/men/id07182/00040_id07108_wavtolip.npz,-6.419528961181641,1
FakeVideo-RealAudio/Asian (South)/men/id07182/00040_id07161_wavtolip.npz,-6.50191593170166,1
FakeVideo-RealAudio/Asian (South)/men/id07182/00040_id07194_NDJaiff98Fo.npz,-6.379857540130615,1
FakeVideo-RealAudio/Asian (South)/men/id07182/00040_id07463_AAYjDglMf2Q.npz,-6.388314723968506,1
FakeVideo-RealAudio/Asian (South)/men/id07182/00040_id08457_vFyjAJwQulM.npz,-6.379178524017334,1
FakeVideo-RealAudio/Asian (South)/men/id00459/00382_0.npz,-6.407250881195068,1
FakeVideo-RealAudio/Asian (South)/men/id00459/00382_id00032_wavtolip.npz,-5.953569412231445,1
FakeVideo-RealAudio/Asian (South)/men/id00459/00382_id00033_wavtolip.npz,-5.967021942138672,1
FakeVideo-RealAudio/Asian (South)/men/id00459/00382_id00732_wavtolip.npz,-6.24040412902832,1
FakeVideo-RealAudio/Asian (South)/men/id00459/00382_id00769_BqHVSZdoVpM.npz,-5.421470642089844,1
FakeVideo-RealAudio/Asian (South)/men/id00459/00382_id00769_BqHVSZdoVpM_faceswap.npz,-5.502336502075195,1
FakeVideo-RealAudio/Asian (South)/men/id00459/00382_id00769_wavtolip.npz,-6.5901947021484375,1
FakeVideo-RealAudio/Asian (South)/men/id00459/00382_id00860_wavtolip.npz,-6.416067123413086,1
FakeVideo-RealAudio/Asian (South)/men/id00459/00382_id03344_vyNnOo6lU0o.npz,-5.480439186096191,1
FakeVideo-RealAudio/Asian (South)/men/id00459/00382_id03344_wavtolip.npz,-6.268654823303223,1
FakeVideo-RealAudio/Asian (South)/men/id00459/00382_id04560_wavtolip.npz,-6.330501556396484,1
FakeVideo-RealAudio/Asian (South)/men/id00459/00382_id04561_wavtolip.npz,-6.520546913146973,1
FakeVideo-RealAudio/Asian (South)/men/id00459/00382_id06354_PmWLmcJNUhM.npz,-5.441468715667725,1
FakeVideo-RealAudio/Asian (South)/men/id00459/00382_id07108_qwfQPcvjGRY.npz,-5.467217445373535,1
FakeVideo-RealAudio/Asian (South)/men/id00459/00382_id07165_oJ_iy16IBTM.npz,-5.455348491668701,1
FakeVideo-RealAudio/Asian (South)/men/id00459/00382_id07194_NDJaiff98Fo.npz,-5.453786849975586,1
FakeVideo-RealAudio/Asian (South)/men/id00459/00382_id07195_wavtolip.npz,-5.520143508911133,1
FakeVideo-RealAudio/Asian (South)/men/id00459/00382_id07200_quCElxMhW6g.npz,-5.483129501342773,1
FakeVideo-RealAudio/Asian (South)/men/id00459/00382_id07463_wavtolip.npz,-6.18811559677124,1
FakeVideo-RealAudio/Asian (South)/men/id04928/00027_id00032_AQMDc6SKNXs.npz,-6.081912040710449,1
FakeVideo-RealAudio/Asian (South)/men/id04928/00027_id00033_gduDuRWhnlQ.npz,-6.162241458892822,1
FakeVideo-RealAudio/Asian (South)/men/id04928/00027_id00078_wavtolip.npz,-6.327532768249512,1
FakeVideo-RealAudio/Asian (South)/men/id04928/00027_id00103_wavtolip.npz,-6.594773769378662,1
FakeVideo-RealAudio/Asian (South)/men/id04928/00027_id00350_75IFJNFAMIM.npz,-6.138702392578125,1
FakeVideo-RealAudio/Asian (South)/men/id04928/00027_id00350_wavtolip.npz,-5.116242408752441,1
FakeVideo-RealAudio/Asian (South)/men/id04928/00027_id00414_wavtolip.npz,-6.210992813110352,1
FakeVideo-RealAudio/Asian (South)/men/id04928/00027_id00732_amGRpH0AJCs.npz,-6.154576778411865,1
FakeVideo-RealAudio/Asian (South)/men/id04928/00027_id00769_wavtolip.npz,-6.567981719970703,1
FakeVideo-RealAudio/Asian (South)/men/id04928/00027_id03344_vyNnOo6lU0o.npz,-6.165579795837402,1
FakeVideo-RealAudio/Asian (South)/men/id04928/00027_id04560_RlpdjaEmxXQ.npz,-6.15876579284668,1
FakeVideo-RealAudio/Asian (South)/men/id04928/00027_id04560_RlpdjaEmxXQ_faceswap.npz,-6.161078453063965,1
FakeVideo-RealAudio/Asian (South)/men/id04928/00027_id04561_wavtolip.npz,-6.525390148162842,1
FakeVideo-RealAudio/Asian (South)/men/id04928/00027_id04599_wavtolip.npz,-6.327492713928223,1
FakeVideo-RealAudio/Asian (South)/men/id04928/00027_id07194_wavtolip.npz,-5.055068492889404,1
FakeVideo-RealAudio/Asian (South)/men/id04928/00027_id07200_wavtolip.npz,3.8879425525665283,1
FakeVideo-RealAudio/Asian (South)/men/id04928/00027_id07233_wavtolip.npz,-6.057159423828125,1
FakeVideo-RealAudio/Asian (South)/men/id04928/00027_id08457_vFyjAJwQulM.npz,-6.1621599197387695,1
FakeVideo-RealAudio/Asian (South)/men/id00032/00028_0.npz,-5.721952438354492,1
FakeVideo-RealAudio/Asian (South)/men/id00032/00028_00.npz,-6.198777198791504,1
FakeVideo-RealAudio/Asian (South)/men/id00032/00028_1.npz,-5.256938934326172,1
FakeVideo-RealAudio/Asian (South)/men/id00032/00028_2.npz,-6.365200519561768,1
FakeVideo-RealAudio/Asian (South)/men/id00032/00028_3.npz,-5.935318946838379,1
FakeVideo-RealAudio/Asian (South)/men/id00032/00028_id00033_gduDuRWhnlQ.npz,-6.0246782302856445,1
FakeVideo-RealAudio/Asian (South)/men/id00032/00028_id00732_wavtolip.npz,-6.2460222244262695,1
FakeVideo-RealAudio/Asian (South)/men/id00032/00028_id00745_eODND1ul7vE.npz,-5.808627128601074,1
FakeVideo-RealAudio/Asian (South)/men/id00032/00028_id00769_BqHVSZdoVpM.npz,-6.041666030883789,1
FakeVideo-RealAudio/Asian (South)/men/id00032/00028_id00860_wavtolip.npz,-6.477103233337402,1
FakeVideo-RealAudio/Asian (South)/men/id00032/00028_id03344_vyNnOo6lU0o.npz,-5.869243144989014,1
FakeVideo-RealAudio/Asian (South)/men/id00032/00028_id03344_wavtolip.npz,-6.269070625305176,1
FakeVideo-RealAudio/Asian (South)/men/id00032/00028_id03945_wavtolip.npz,-6.236444473266602,1
FakeVideo-RealAudio/Asian (South)/men/id00032/00028_id04554_wavtolip.npz,-6.233142375946045,1
FakeVideo-RealAudio/Asian (South)/men/id00032/00028_id04560_RlpdjaEmxXQ.npz,-6.022394180297852,1
FakeVideo-RealAudio/Asian (South)/men/id00032/00028_id04599_Q60DPi5Nhmk.npz,-6.011329174041748,1
FakeVideo-RealAudio/Asian (South)/men/id00032/00028_id06354_PmWLmcJNUhM.npz,-6.113804817199707,1
FakeVideo-RealAudio/Asian (South)/men/id00032/00028_id06753_wavtolip.npz,-6.226584434509277,1
FakeVideo-RealAudio/Asian (South)/men/id00032/00028_id07058_wavtolip.npz,-6.594769477844238,1
FakeVideo-RealAudio/Asian (South)/men/id00032/00028_id07161_wavtolip.npz,-6.543549537658691,1
FakeVideo-RealAudio/Asian (South)/men/id00032/00028_id07163_wavtolip.npz,-6.660338401794434,1
FakeVideo-RealAudio/Asian (South)/men/id00032/00028_id07194_NDJaiff98Fo.npz,-6.079478740692139,1
FakeVideo-RealAudio/Asian (South)/men/id00032/00028_id07200_wavtolip.npz,3.7128615379333496,1
FakeVideo-RealAudio/Asian (South)/women/id04070/00072_id00043_wavtolip.npz,-6.333842754364014,1
FakeVideo-RealAudio/Asian (South)/women/id04070/00072_id00739_wavtolip.npz,-6.274195671081543,1
FakeVideo-RealAudio/Asian (South)/women/id04070/00072_id02089_wavtolip.npz,-6.07912540435791,1
FakeVideo-RealAudio/Asian (South)/women/id04070/00072_id02310_zA-8Pw0SvZg.npz,-3.505438804626465,1
FakeVideo-RealAudio/Asian (South)/women/id04070/00072_id02619_wavtolip.npz,-6.473755836486816,1
FakeVideo-RealAudio/Asian (South)/women/id04070/00072_id04490_wavtolip.npz,-6.328043460845947,1
FakeVideo-RealAudio/Asian (South)/women/id04070/00072_id04530_wavtolip.npz,-5.569432258605957,1
FakeVideo-RealAudio/Asian (South)/women/id04070/00072_id04583_wavtolip.npz,-6.315805435180664,1
FakeVideo-RealAudio/Asian (South)/women/id04070/00072_id04927_wavtolip.npz,-6.412507057189941,1
FakeVideo-RealAudio/Asian (South)/women/id04070/00072_id05435_wavtolip.npz,-2.114781618118286,1
FakeVideo-RealAudio/Asian (South)/women/id04070/00072_id05920_LuLTJu54joo.npz,-3.896360158920288,1
FakeVideo-RealAudio/Asian (South)/women/id04070/00072_id06254_8VSfI86Fua4.npz,-4.298179626464844,1
FakeVideo-RealAudio/Asian (South)/women/id04070/00072_id06254_wavtolip.npz,-6.365375995635986,1
FakeVideo-RealAudio/Asian (South)/women/id04070/00072_id06343__Tf30YR4M3w.npz,-4.31945276260376,1
FakeVideo-RealAudio/Asian (South)/women/id04070/00072_id06428_A9nvRKd1afA.npz,-3.6197967529296875,1
FakeVideo-RealAudio/Asian (South)/women/id04070/00072_id06752_PYYIloTJiH0.npz,-4.307926654815674,1
FakeVideo-RealAudio/Asian (South)/women/id04070/00072_id07078_sLVbTD3Dtgw.npz,-3.52482533454895,1
FakeVideo-RealAudio/Asian (South)/women/id04070/00072_id07078_sLVbTD3Dtgw_faceswap.npz,-4.549220085144043,1
FakeVideo-RealAudio/Asian (South)/women/id03985/00005_id00149_s2evR-nUhVY.npz,-6.003952980041504,1
FakeVideo-RealAudio/Asian (South)/women/id03985/00005_id00149_wavtolip.npz,-6.518125534057617,1
FakeVideo-RealAudio/Asian (South)/women/id03985/00005_id01026_rM4ZERt7oM0.npz,-5.7368035316467285,1
FakeVideo-RealAudio/Asian (South)/women/id03985/00005_id01026_wavtolip.npz,-6.433222770690918,1
FakeVideo-RealAudio/Asian (South)/women/id03985/00005_id02619_wavtolip.npz,-6.2409749031066895,1
FakeVideo-RealAudio/Asian (South)/women/id03985/00005_id04529_S92uo-UShxE.npz,-5.056989669799805,1
FakeVideo-RealAudio/Asian (South)/women/id03985/00005_id04530_W5-PTTL9HzU.npz,-5.841411590576172,1
FakeVideo-RealAudio/Asian (South)/women/id03985/00005_id04564_wavtolip.npz,-6.628483295440674,1
FakeVideo-RealAudio/Asian (South)/women/id03985/00005_id06268_wavtolip.npz,-6.555009365081787,1
FakeVideo-RealAudio/Asian (South)/women/id03985/00005_id06428_A9nvRKd1afA.npz,-5.7758331298828125,1
FakeVideo-RealAudio/Asian (South)/women/id03985/00005_id06438_wavtolip.npz,-6.619906902313232,1
FakeVideo-RealAudio/Asian (South)/women/id03985/00005_id06445_wavtolip.npz,-6.593746185302734,1
FakeVideo-RealAudio/Asian (South)/women/id03985/00005_id07051_d1c0Pl2aP_4.npz,-5.8524932861328125,1
FakeVideo-RealAudio/Asian (South)/women/id03985/00005_id07051_wavtolip.npz,-6.583863258361816,1
FakeVideo-RealAudio/Asian (South)/women/id03985/00005_id07377_FGNavKcGANA.npz,-5.89758825302124,1
FakeVideo-RealAudio/Asian (South)/women/id03985/00005_id07686_lwSGz24c1Bs.npz,-6.072056293487549,1
FakeVideo-RealAudio/Asian (South)/women/id03985/00005_id07686_lwSGz24c1Bs_faceswap.npz,-5.955629348754883,1
FakeVideo-RealAudio/Asian (South)/women/id03985/00005_id07686_wavtolip.npz,-5.480513572692871,1
FakeVideo-RealAudio/Asian (South)/women/id03985/00005_id07689_wavtolip.npz,-6.56001091003418,1
FakeVideo-RealAudio/Asian (South)/women/id00747/00053_0.npz,-6.499094009399414,1
FakeVideo-RealAudio/Asian (South)/women/id00747/00053_id00235_F7aHtfdzytQ.npz,-5.996927261352539,1
FakeVideo-RealAudio/Asian (South)/women/id00747/00053_id00739_wavtolip.npz,-6.127716064453125,1
FakeVideo-RealAudio/Asian (South)/women/id00747/00053_id00747_wavtolip.npz,-6.114294528961182,1
FakeVideo-RealAudio/Asian (South)/women/id00747/00053_id02089_wavtolip.npz,-5.974463939666748,1
FakeVideo-RealAudio/Asian (South)/women/id00747/00053_id02310_zA-8Pw0SvZg.npz,-5.35687255859375,1
FakeVideo-RealAudio/Asian (South)/women/id00747/00053_id02310_zA-8Pw0SvZg_faceswap.npz,-2.2884538173675537,1
FakeVideo-RealAudio/Asian (South)/women/id00747/00053_id02619_6AKIR2gTCNU.npz,-6.065038681030273,1
FakeVideo-RealAudio/Asian (South)/women/id00747/00053_id03815_wavtolip.npz,-6.3262529373168945,1
FakeVideo-RealAudio/Asian (South)/women/id00747/00053_id04490_wavtolip.npz,-6.567913055419922,1
FakeVideo-RealAudio/Asian (South)/women/id00747/00053_id04564_xUz03LwKRtQ.npz,-5.999819755554199,1
FakeVideo-RealAudio/Asian (South)/women/id00747/00053_id04582_Pm9dX-TxNx0.npz,-5.902309894561768,1
FakeVideo-RealAudio/Asian (South)/women/id00747/00053_id04583_wavtolip.npz,-6.31782341003418,1
FakeVideo-RealAudio/Asian (South)/women/id00747/00053_id04927_8MD618FRyfA.npz,-5.959568977355957,1
FakeVideo-RealAudio/Asian (South)/women/id00747/00053_id05920_wavtolip.npz,-6.391157627105713,1
FakeVideo-RealAudio/Asian (South)/women/id00747/00053_id06254_wavtolip.npz,-6.371920585632324,1
FakeVideo-RealAudio/Asian (South)/women/id00747/00053_id06268_h9p-Na_iA1s.npz,-5.976754188537598,1
FakeVideo-RealAudio/Asian (South)/women/id00747/00053_id06343_wavtolip.npz,-6.586407661437988,1
FakeVideo-RealAudio/Asian (South)/women/id00747/00053_id06428_wavtolip.npz,-6.260885238647461,1
FakeVideo-RealAudio/Asian (South)/women/id00747/00053_id07236_Fe0sdHw3sc4.npz,-6.071110248565674,1
FakeVideo-RealAudio/Asian (South)/women/id07689/00028_1.npz,-5.393181324005127,1
FakeVideo-RealAudio/Asian (South)/women/id07689/00028_2.npz,-6.3096184730529785,1
FakeVideo-RealAudio/Asian (South)/women/id07689/00028_3.npz,-5.539954662322998,1
FakeVideo-RealAudio/Asian (South)/women/id07689/00028_id00080_wavtolip.npz,-2.1609108448028564,1
FakeVideo-RealAudio/Asian (South)/women/id07689/00028_id00488_wavtolip.npz,-6.219691753387451,1
FakeVideo-RealAudio/Asian (South)/women/id07689/00028_id01026_wavtolip.npz,-6.485055446624756,1
FakeVideo-RealAudio/Asian (South)/women/id07689/00028_id03985_01aVtyjfVFM.npz,-6.115801811218262,1
FakeVideo-RealAudio/Asian (South)/women/id07689/00028_id03985_01aVtyjfVFM_faceswap.npz,-4.88169527053833,1
FakeVideo-RealAudio/Asian (South)/women/id07689/00028_id03985_wavtolip.npz,-6.338828086853027,1
FakeVideo-RealAudio/Asian (South)/women/id07689/00028_id04070_wavtolip.npz,-3.351261615753174,1
FakeVideo-RealAudio/Asian (South)/women/id07689/00028_id04583_M10zZFjuAb0.npz,-6.173605918884277,1
FakeVideo-RealAudio/Asian (South)/women/id07689/00028_id05434_6p7kCmdOjDQ.npz,-5.683877468109131,1
FakeVideo-RealAudio/Asian (South)/women/id07689/00028_id05434_wavtolip.npz,-6.529482364654541,1
FakeVideo-RealAudio/Asian (South)/women/id07689/00028_id05435_OvX-Jv_whcU.npz,-6.033938407897949,1
FakeVideo-RealAudio/Asian (South)/women/id07689/00028_id05845_XfMHm6CEwPw.npz,-3.3306846618652344,1
FakeVideo-RealAudio/Asian (South)/women/id07689/00028_id05920_LuLTJu54joo.npz,-5.911214828491211,1
FakeVideo-RealAudio/Asian (South)/women/id07689/00028_id06254_wavtolip.npz,-6.374023914337158,1
FakeVideo-RealAudio/Asian (South)/women/id07689/00028_id06428_wavtolip.npz,-6.275873184204102,1
FakeVideo-RealAudio/Asian (South)/women/id07689/00028_id06438_vf3xBVgYqYA.npz,-6.173831939697266,1
FakeVideo-RealAudio/Asian (South)/women/id07689/00028_id06438_wavtolip.npz,-6.521670818328857,1
FakeVideo-RealAudio/Asian (South)/women/id07689/00028_id06752_wavtolip.npz,-6.222208023071289,1
FakeVideo-RealAudio/Asian (South)/women/id07689/00028_id07136_4e43eS5p3_M.npz,-6.197062969207764,1
FakeVideo-RealAudio/Asian (South)/women/id05920/00161_id00235_wavtolip.npz,-6.137362003326416,1
FakeVideo-RealAudio/Asian (South)/women/id05920/00161_id00488_wavtolip.npz,-6.3868913650512695,1
FakeVideo-RealAudio/Asian (South)/women/id05920/00161_id04070_wavtolip.npz,-2.8205268383026123,1
FakeVideo-RealAudio/Asian (South)/women/id05920/00161_id04927_8MD618FRyfA.npz,-6.330367565155029,1
FakeVideo-RealAudio/Asian (South)/women/id05920/00161_id05434_wavtolip.npz,-6.434099197387695,1
FakeVideo-RealAudio/Asian (South)/women/id05920/00161_id05845_XfMHm6CEwPw.npz,-6.357607364654541,1
FakeVideo-RealAudio/Asian (South)/women/id05920/00161_id05845_XfMHm6CEwPw_faceswap.npz,-6.25058126449585,1
FakeVideo-RealAudio/Asian (South)/women/id05920/00161_id05845_wavtolip.npz,-6.390327453613281,1
FakeVideo-RealAudio/Asian (South)/women/id05920/00161_id05931_bFqu86NV3hk.npz,-6.293024063110352,1
FakeVideo-RealAudio/Asian (South)/women/id05920/00161_id05931_wavtolip.npz,-6.461007118225098,1
FakeVideo-RealAudio/Asian (South)/women/id05920/00161_id06428_A9nvRKd1afA.npz,-6.24626350402832,1
FakeVideo-RealAudio/Asian (South)/women/id05920/00161_id06437_wavtolip.npz,-5.49131441116333,1
FakeVideo-RealAudio/Asian (South)/women/id05920/00161_id07008_wavtolip.npz,-6.350672721862793,1
FakeVideo-RealAudio/Asian (South)/women/id05920/00161_id07049_BiljgZcyWI4.npz,-6.347198486328125,1
FakeVideo-RealAudio/Asian (South)/women/id05920/00161_id07051_wavtolip.npz,-6.339595794677734,1
FakeVideo-RealAudio/Asian (South)/women/id05920/00161_id07078_sLVbTD3Dtgw.npz,-6.35706090927124,1
FakeVideo-RealAudio/Asian (South)/women/id05920/00161_id07377_FGNavKcGANA.npz,-6.314502716064453,1
FakeVideo-RealAudio/Asian (South)/women/id05920/00161_id07377_wavtolip.npz,-6.123258113861084,1
FakeVideo-RealAudio/Asian (South)/women/id05920/00161_id07689_2ie0g83JkgA.npz,-6.2803239822387695,1
FakeVideo-RealAudio/Asian (South)/women/id06254/00043_0.npz,-5.949219226837158,1
FakeVideo-RealAudio/Asian (South)/women/id06254/00043_id00417_GhIZam3v09g.npz,-6.276932716369629,1
FakeVideo-RealAudio/Asian (South)/women/id06254/00043_id00417_wavtolip.npz,-6.422588348388672,1
FakeVideo-RealAudio/Asian (South)/women/id06254/00043_id02619_wavtolip.npz,-6.574160099029541,1
FakeVideo-RealAudio/Asian (South)/women/id06254/00043_id03559_wavtolip.npz,-6.3380889892578125,1
FakeVideo-RealAudio/Asian (South)/women/id06254/00043_id04564_wavtolip.npz,-6.325558185577393,1
FakeVideo-RealAudio/Asian (South)/women/id06254/00043_id04564_xUz03LwKRtQ.npz,-6.301000595092773,1
FakeVideo-RealAudio/Asian (South)/women/id06254/00043_id04582_Pm9dX-TxNx0.npz,-6.151489734649658,1
FakeVideo-RealAudio/Asian (South)/women/id06254/00043_id05845_XfMHm6CEwPw.npz,-6.293056964874268,1
FakeVideo-RealAudio/Asian (South)/women/id06254/00043_id05931_bFqu86NV3hk.npz,-6.2905659675598145,1
FakeVideo-RealAudio/Asian (South)/women/id06254/00043_id05931_bFqu86NV3hk_faceswap.npz,-6.1266069412231445,1
FakeVideo-RealAudio/Asian (South)/women/id06254/00043_id06343_wavtolip.npz,-6.584927082061768,1
FakeVideo-RealAudio/Asian (South)/women/id06254/00043_id06437_wavtolip.npz,-6.16484260559082,1
FakeVideo-RealAudio/Asian (South)/women/id06254/00043_id06445_wavtolip.npz,-6.336342811584473,1
FakeVideo-RealAudio/Asian (South)/women/id06254/00043_id07008_wavtolip.npz,-6.2210187911987305,1
FakeVideo-RealAudio/Asian (South)/women/id06254/00043_id07049_wavtolip.npz,-6.116995811462402,1
FakeVideo-RealAudio/Asian (South)/women/id06254/00043_id07051_d1c0Pl2aP_4.npz,-6.21852445602417,1
FakeVideo-RealAudio/Asian (South)/women/id06254/00043_id07051_wavtolip.npz,-6.269103527069092,1
FakeVideo-RealAudio/Asian (South)/women/id06254/00043_id07136_4e43eS5p3_M.npz,-6.282819747924805,1
FakeVideo-RealAudio/Asian (South)/women/id06254/00043_id07236_Fe0sdHw3sc4.npz,-6.249444961547852,1
FakeVideo-RealAudio/Asian (South)/women/id00417/00069_id00235_F7aHtfdzytQ.npz,-6.361159801483154,1
FakeVideo-RealAudio/Asian (South)/women/id00417/00069_id00461_wavtolip.npz,-6.513267517089844,1
FakeVideo-RealAudio/Asian (South)/women/id00417/00069_id00739_CT-6UmfLiU0.npz,-6.356650352478027,1
FakeVideo-RealAudio/Asian (South)/women/id00417/00069_id00739_CT-6UmfLiU0_faceswap.npz,-6.454268455505371,1
FakeVideo-RealAudio/Asian (South)/women/id00417/00069_id00747_wavtolip.npz,-6.467209339141846,1
FakeVideo-RealAudio/Asian (South)/women/id00417/00069_id03559_pgetxl1qbzM.npz,-6.2054338455200195,1
FakeVideo-RealAudio/Asian (South)/women/id00417/00069_id03559_wavtolip.npz,-6.512065887451172,1
FakeVideo-RealAudio/Asian (South)/women/id00417/00069_id03897_wavtolip.npz,-6.045392990112305,1
FakeVideo-RealAudio/Asian (South)/women/id00417/00069_id04530_W5-PTTL9HzU.npz,-6.317011833190918,1
FakeVideo-RealAudio/Asian (South)/women/id00417/00069_id04583_M10zZFjuAb0.npz,-6.335875988006592,1
FakeVideo-RealAudio/Asian (South)/women/id00417/00069_id05434_6p7kCmdOjDQ.npz,-6.33082389831543,1
FakeVideo-RealAudio/Asian (South)/women/id00417/00069_id05478_VJkjRzPt-Jw.npz,-6.334663391113281,1
FakeVideo-RealAudio/Asian (South)/women/id00417/00069_id05478_wavtolip.npz,-6.516388893127441,1
FakeVideo-RealAudio/Asian (South)/women/id00417/00069_id05845_XfMHm6CEwPw.npz,-6.331394195556641,1
FakeVideo-RealAudio/Asian (South)/women/id00417/00069_id06232_wavtolip.npz,-6.225419044494629,1
FakeVideo-RealAudio/Asian (South)/women/id00417/00069_id06268_wavtolip.npz,-6.4453606605529785,1
FakeVideo-RealAudio/Asian (South)/women/id00417/00069_id06445_wavtolip.npz,-6.507824897766113,1
FakeVideo-RealAudio/Asian (South)/women/id00417/00069_id06752_wavtolip.npz,-6.462813377380371,1
FakeVideo-RealAudio/Asian (South)/women/id00417/00069_id07689_wavtolip.npz,-6.507380962371826,1
FakeVideo-RealAudio/Asian (South)/women/id05478/00135_0.npz,-6.013080596923828,1
FakeVideo-RealAudio/Asian (South)/women/id05478/00135_id00043_wavtolip.npz,-6.344300270080566,1
FakeVideo-RealAudio/Asian (South)/women/id05478/00135_id00235_F7aHtfdzytQ.npz,-5.912800312042236,1
FakeVideo-RealAudio/Asian (South)/women/id05478/00135_id00461_wavtolip.npz,-6.192020416259766,1
FakeVideo-RealAudio/Asian (South)/women/id05478/00135_id00488_F3YxmZ9CYFw.npz,-6.081599235534668,1
FakeVideo-RealAudio/Asian (South)/women/id05478/00135_id02619_wavtolip.npz,-6.596377849578857,1
FakeVideo-RealAudio/Asian (South)/women/id05478/00135_id03559_pgetxl1qbzM.npz,-6.075897216796875,1
FakeVideo-RealAudio/Asian (South)/women/id05478/00135_id04583_M10zZFjuAb0.npz,-6.059102535247803,1
FakeVideo-RealAudio/Asian (South)/women/id05478/00135_id04927_8MD618FRyfA.npz,-6.004913330078125,1
FakeVideo-RealAudio/Asian (South)/women/id05478/00135_id05435_OvX-Jv_whcU.npz,-6.058229923248291,1
FakeVideo-RealAudio/Asian (South)/women/id05478/00135_id05845_XfMHm6CEwPw.npz,-5.976361274719238,1
FakeVideo-RealAudio/Asian (South)/women/id05478/00135_id05845_XfMHm6CEwPw_faceswap.npz,-6.09197998046875,1
FakeVideo-RealAudio/Asian (South)/women/id05478/00135_id05920_wavtolip.npz,-6.375430583953857,1
FakeVideo-RealAudio/Asian (South)/women/id05478/00135_id06232_wavtolip.npz,-6.046382904052734,1
FakeVideo-RealAudio/Asian (South)/women/id05478/00135_id06268_wavtolip.npz,-6.203802108764648,1
FakeVideo-RealAudio/Asian (South)/women/id05478/00135_id06438_vf3xBVgYqYA.npz,-6.006255149841309,1
FakeVideo-RealAudio/Asian (South)/women/id05478/00135_id06439_wavtolip.npz,-6.169818878173828,1
FakeVideo-RealAudio/Asian (South)/women/id05478/00135_id06752_wavtolip.npz,-6.176605224609375,1
FakeVideo-RealAudio/Asian (South)/women/id05478/00135_id07051_wavtolip.npz,-6.1164093017578125,1
FakeVideo-RealAudio/Asian (South)/women/id05478/00135_id07377_wavtolip.npz,-5.714912414550781,1
FakeVideo-RealAudio/Asian (South)/women/id06445/00150_0.npz,-6.020492076873779,1
FakeVideo-RealAudio/Asian (South)/women/id06445/00150_id00043_DxY87QyzDN8.npz,-5.271521091461182,1
FakeVideo-RealAudio/Asian (South)/women/id06445/00150_id00080_wavtolip.npz,-5.139611721038818,1
FakeVideo-RealAudio/Asian (South)/women/id06445/00150_id00461_Ort9NW3SJU4.npz,-5.25109338760376,1
FakeVideo-RealAudio/Asian (South)/women/id06445/00150_id02089_wavtolip.npz,-5.6870503425598145,1
FakeVideo-RealAudio/Asian (South)/women/id06445/00150_id02310_wavtolip.npz,-5.771991729736328,1
FakeVideo-RealAudio/Asian (South)/women/id06445/00150_id03815_wavtolip.npz,-6.288320541381836,1
FakeVideo-RealAudio/Asian (South)/women/id06445/00150_id04070_wavtolip.npz,-2.243198871612549,1
FakeVideo-RealAudio/Asian (South)/women/id06445/00150_id04530_wavtolip.npz,-5.634291172027588,1
FakeVideo-RealAudio/Asian (South)/women/id06445/00150_id04582_Pm9dX-TxNx0.npz,-5.265260696411133,1
FakeVideo-RealAudio/Asian (South)/women/id06445/00150_id04582_Pm9dX-TxNx0_faceswap.npz,-5.267733573913574,1
FakeVideo-RealAudio/Asian (South)/women/id06445/00150_id05434_6p7kCmdOjDQ.npz,-5.271586894989014,1
FakeVideo-RealAudio/Asian (South)/women/id06445/00150_id05845_wavtolip.npz,-6.262447834014893,1
FakeVideo-RealAudio/Asian (South)/women/id06445/00150_id06343__Tf30YR4M3w.npz,-5.258361339569092,1
FakeVideo-RealAudio/Asian (South)/women/id06445/00150_id06428_wavtolip.npz,-6.223082542419434,1
FakeVideo-RealAudio/Asian (South)/women/id06445/00150_id06445_wavtolip.npz,-5.295988082885742,1
FakeVideo-RealAudio/Asian (South)/women/id06445/00150_id07078_sLVbTD3Dtgw.npz,-5.258045673370361,1
FakeVideo-RealAudio/Asian (South)/women/id06445/00150_id07136_4e43eS5p3_M.npz,-5.269944667816162,1
FakeVideo-RealAudio/Asian (South)/women/id06445/00150_id07236_wavtolip.npz,-5.796130180358887,1
FakeVideo-RealAudio/Asian (South)/women/id06445/00150_id07377_FGNavKcGANA.npz,-5.265370845794678,1
FakeVideo-RealAudio/Asian (South)/women/id04582/00180_0.npz,-4.6826066970825195,1
FakeVideo-RealAudio/Asian (South)/women/id04582/00180_id00043_DxY87QyzDN8.npz,-5.644649505615234,1
FakeVideo-RealAudio/Asian (South)/women/id04582/00180_id00149_wavtolip.npz,-6.025417327880859,1
FakeVideo-RealAudio/Asian (South)/women/id04582/00180_id00235_F7aHtfdzytQ.npz,-5.629249572753906,1
FakeVideo-RealAudio/Asian (South)/women/id04582/00180_id00417_GhIZam3v09g.npz,-5.66192626953125,1
FakeVideo-RealAudio/Asian (South)/women/id04582/00180_id00461_wavtolip.npz,-6.186835289001465,1
FakeVideo-RealAudio/Asian (South)/women/id04582/00180_id00747_wavtolip.npz,-6.016914367675781,1
FakeVideo-RealAudio/Asian (South)/women/id04582/00180_id02089_ZC5FjKDazrM.npz,-5.659632682800293,1
FakeVideo-RealAudio/Asian (South)/women/id04582/00180_id04529_wavtolip.npz,-6.405400276184082,1
FakeVideo-RealAudio/Asian (South)/women/id04582/00180_id04564_wavtolip.npz,-6.023983001708984,1
FakeVideo-RealAudio/Asian (South)/women/id04582/00180_id04927_wavtolip.npz,-6.466974258422852,1
FakeVideo-RealAudio/Asian (South)/women/id04582/00180_id06254_8VSfI86Fua4.npz,-5.622763633728027,1
FakeVideo-RealAudio/Asian (South)/women/id04582/00180_id06268_wavtolip.npz,-6.141773223876953,1
FakeVideo-RealAudio/Asian (South)/women/id04582/00180_id06439_wavtolip.npz,-6.060312271118164,1
FakeVideo-RealAudio/Asian (South)/women/id04582/00180_id06445_NWtdqOxEbDY.npz,-5.654312610626221,1
FakeVideo-RealAudio/Asian (South)/women/id04582/00180_id06445_NWtdqOxEbDY_faceswap.npz,-4.667374134063721,1
FakeVideo-RealAudio/Asian (South)/women/id04582/00180_id07051_wavtolip.npz,-5.932260036468506,1
FakeVideo-RealAudio/Asian (South)/women/id04582/00180_id07136_4e43eS5p3_M.npz,-5.650786876678467,1
FakeVideo-RealAudio/Asian (South)/women/id04582/00180_id07236_Fe0sdHw3sc4.npz,-5.658596038818359,1
FakeVideo-RealAudio/Asian (South)/women/id04582/00180_id07689_wavtolip.npz,-6.220977306365967,1
FakeVideo-RealAudio/Asian (South)/women/id02089/00092_0.npz,-5.917225360870361,1
FakeVideo-RealAudio/Asian (South)/women/id02089/00092_id02310_wavtolip.npz,-5.778458595275879,1
FakeVideo-RealAudio/Asian (South)/women/id02089/00092_id03559_pgetxl1qbzM.npz,-5.391114234924316,1
FakeVideo-RealAudio/Asian (South)/women/id02089/00092_id03985_wavtolip.npz,-6.111907005310059,1
FakeVideo-RealAudio/Asian (South)/women/id02089/00092_id04529_S92uo-UShxE.npz,-5.514616966247559,1
FakeVideo-RealAudio/Asian (South)/women/id02089/00092_id04529_S92uo-UShxE_faceswap.npz,-5.527358055114746,1
FakeVideo-RealAudio/Asian (South)/women/id02089/00092_id04564_xUz03LwKRtQ.npz,-5.500186920166016,1
FakeVideo-RealAudio/Asian (South)/women/id02089/00092_id04582_Pm9dX-TxNx0.npz,-5.310287952423096,1
FakeVideo-RealAudio/Asian (South)/women/id02089/00092_id04582_wavtolip.npz,-5.715125560760498,1
FakeVideo-RealAudio/Asian (South)/women/id02089/00092_id04927_8MD618FRyfA.npz,-5.554590225219727,1
FakeVideo-RealAudio/Asian (South)/women/id02089/00092_id05434_6p7kCmdOjDQ.npz,-5.413277626037598,1
FakeVideo-RealAudio/Asian (South)/women/id02089/00092_id05478_wavtolip.npz,-6.164454460144043,1
FakeVideo-RealAudio/Asian (South)/women/id02089/00092_id05845_wavtolip.npz,-6.264727592468262,1
FakeVideo-RealAudio/Asian (South)/women/id02089/00092_id06254_8VSfI86Fua4.npz,-5.468593597412109,1
FakeVideo-RealAudio/Asian (South)/women/id02089/00092_id06254_wavtolip.npz,-6.375274658203125,1
FakeVideo-RealAudio/Asian (South)/women/id02089/00092_id06343_wavtolip.npz,-6.58277702331543,1
FakeVideo-RealAudio/Asian (South)/women/id02089/00092_id06445_NWtdqOxEbDY.npz,-5.500924110412598,1
FakeVideo-RealAudio/Asian (South)/women/id02089/00092_id06752_wavtolip.npz,-5.723024845123291,1
FakeVideo-RealAudio/Asian (South)/women/id02089/00092_id07377_wavtolip.npz,-5.8508381843566895,1
FakeVideo-RealAudio/Asian (South)/women/id02089/00092_id07686_wavtolip.npz,-4.798915863037109,1
FakeVideo-RealAudio/Asian (South)/women/id00149/00284_0.npz,-4.938304424285889,1
FakeVideo-RealAudio/Asian (South)/women/id00149/00284_id00149_wavtolip.npz,-6.033048629760742,1
FakeVideo-RealAudio/Asian (South)/women/id00149/00284_id00417_wavtolip.npz,-6.451983451843262,1
FakeVideo-RealAudio/Asian (South)/women/id00149/00284_id00461_Ort9NW3SJU4.npz,-5.991978168487549,1
FakeVideo-RealAudio/Asian (South)/women/id00149/00284_id00747_wavtolip.npz,-5.58424186706543,1
FakeVideo-RealAudio/Asian (South)/women/id00149/00284_id02310_zA-8Pw0SvZg.npz,-6.005589008331299,1
FakeVideo-RealAudio/Asian (South)/women/id00149/00284_id02619_wavtolip.npz,-6.6243896484375,1
FakeVideo-RealAudio/Asian (South)/women/id00149/00284_id03559_pgetxl1qbzM.npz,-5.938061237335205,1
FakeVideo-RealAudio/Asian (South)/women/id00149/00284_id04530_W5-PTTL9HzU.npz,-6.000363349914551,1
FakeVideo-RealAudio/Asian (South)/women/id00149/00284_id04582_wavtolip.npz,-6.034954071044922,1
FakeVideo-RealAudio/Asian (South)/women/id00149/00284_id04583_M10zZFjuAb0.npz,-5.997236251831055,1
FakeVideo-RealAudio/Asian (South)/women/id00149/00284_id04583_wavtolip.npz,-6.23052978515625,1
FakeVideo-RealAudio/Asian (South)/women/id00149/00284_id05920_wavtolip.npz,-6.385796070098877,1
FakeVideo-RealAudio/Asian (South)/women/id00149/00284_id06232_wavtolip.npz,-5.59218692779541,1
FakeVideo-RealAudio/Asian (South)/women/id00149/00284_id06343_wavtolip.npz,-6.596313953399658,1
FakeVideo-RealAudio/Asian (South)/women/id00149/00284_id07136_4e43eS5p3_M.npz,-5.969258785247803,1
FakeVideo-RealAudio/Asian (South)/women/id00149/00284_id07136_4e43eS5p3_M_faceswap.npz,-6.014357566833496,1
FakeVideo-RealAudio/Asian (South)/women/id00149/00284_id07377_FGNavKcGANA.npz,-5.9710774421691895,1
FakeVideo-RealAudio/Asian (South)/women/id00149/00284_id07686_wavtolip.npz,-4.623771667480469,1
FakeVideo-RealAudio/Asian (South)/women/id00149/00284_id07689_2ie0g83JkgA.npz,-5.99854040145874,1
FakeVideo-RealAudio/Asian (South)/women/id06439/00118_id00043_wavtolip.npz,-6.338417053222656,1
FakeVideo-RealAudio/Asian (South)/women/id06439/00118_id00417_GhIZam3v09g.npz,-6.004064559936523,1
FakeVideo-RealAudio/Asian (South)/women/id06439/00118_id00417_GhIZam3v09g_faceswap.npz,-5.654210567474365,1
FakeVideo-RealAudio/Asian (South)/women/id06439/00118_id00739_wavtolip.npz,-5.988890171051025,1
FakeVideo-RealAudio/Asian (South)/women/id06439/00118_id02310_wavtolip.npz,-6.030757904052734,1
FakeVideo-RealAudio/Asian (South)/women/id06439/00118_id02619_wavtolip.npz,-6.501072883605957,1
FakeVideo-RealAudio/Asian (South)/women/id06439/00118_id04529_wavtolip.npz,-6.38502311706543,1
FakeVideo-RealAudio/Asian (South)/women/id06439/00118_id04583_M10zZFjuAb0.npz,-6.025277614593506,1
FakeVideo-RealAudio/Asian (South)/women/id06439/00118_id05435_wavtolip.npz,-2.803492546081543,1
FakeVideo-RealAudio/Asian (South)/women/id06439/00118_id05478_VJkjRzPt-Jw.npz,-6.042563438415527,1
FakeVideo-RealAudio/Asian (South)/women/id06439/00118_id06232_wavtolip.npz,-5.420129776000977,1
FakeVideo-RealAudio/Asian (South)/women/id06439/00118_id06428_A9nvRKd1afA.npz,-5.990662097930908,1
FakeVideo-RealAudio/Asian (South)/women/id06439/00118_id06428_wavtolip.npz,-6.230377674102783,1
FakeVideo-RealAudio/Asian (South)/women/id06439/00118_id06437_wavtolip.npz,-5.818243503570557,1
FakeVideo-RealAudio/Asian (South)/women/id06439/00118_id06445_NWtdqOxEbDY.npz,-6.039912223815918,1
FakeVideo-RealAudio/Asian (South)/women/id06439/00118_id06752_wavtolip.npz,-5.996669292449951,1
FakeVideo-RealAudio/Asian (South)/women/id06439/00118_id07136_4e43eS5p3_M.npz,-6.019976615905762,1
FakeVideo-RealAudio/Asian (South)/women/id06439/00118_id07377_FGNavKcGANA.npz,-6.034224510192871,1
FakeVideo-RealAudio/Asian (South)/women/id06439/00118_id07689_2ie0g83JkgA.npz,-6.023680686950684,1
FakeVideo-RealAudio/Asian (South)/women/id05931/00013_0.npz,-6.330657005310059,1
FakeVideo-RealAudio/Asian (South)/women/id05931/00013_id00149_wavtolip.npz,-6.410809516906738,1
FakeVideo-RealAudio/Asian (South)/women/id05931/00013_id00235_wavtolip.npz,-5.971604347229004,1
FakeVideo-RealAudio/Asian (South)/women/id05931/00013_id00739_CT-6UmfLiU0.npz,-6.472443580627441,1
FakeVideo-RealAudio/Asian (South)/women/id05931/00013_id01026_rM4ZERt7oM0.npz,-6.440781593322754,1
FakeVideo-RealAudio/Asian (South)/women/id05931/00013_id01026_rM4ZERt7oM0_faceswap.npz,-6.39932918548584,1
FakeVideo-RealAudio/Asian (South)/women/id05931/00013_id02089_wavtolip.npz,-6.326957702636719,1
FakeVideo-RealAudio/Asian (South)/women/id05931/00013_id03559_pgetxl1qbzM.npz,-6.406862258911133,1
FakeVideo-RealAudio/Asian (South)/women/id05931/00013_id03559_wavtolip.npz,-6.505472183227539,1
FakeVideo-RealAudio/Asian (South)/women/id05931/00013_id04070_wavtolip.npz,-3.0148863792419434,1
FakeVideo-RealAudio/Asian (South)/women/id05931/00013_id04583_wavtolip.npz,-6.422609329223633,1
FakeVideo-RealAudio/Asian (South)/women/id05931/00013_id04927_8MD618FRyfA.npz,-6.397043704986572,1
FakeVideo-RealAudio/Asian (South)/women/id05931/00013_id05435_OvX-Jv_whcU.npz,-6.377032279968262,1
FakeVideo-RealAudio/Asian (South)/women/id05931/00013_id05435_wavtolip.npz,-1.1044504642486572,1
FakeVideo-RealAudio/Asian (South)/women/id05931/00013_id05845_XfMHm6CEwPw.npz,-6.402828216552734,1
FakeVideo-RealAudio/Asian (South)/women/id05931/00013_id06268_wavtolip.npz,-6.444543838500977,1
FakeVideo-RealAudio/Asian (South)/women/id05931/00013_id07049_BiljgZcyWI4.npz,-6.440802574157715,1
FakeVideo-RealAudio/Asian (South)/women/id05931/00013_id07136_4e43eS5p3_M.npz,-6.451999187469482,1
FakeVideo-RealAudio/Asian (South)/women/id05931/00013_id07236_wavtolip.npz,-6.477527618408203,1
FakeVideo-RealAudio/Asian (South)/women/id05931/00013_id07689_wavtolip.npz,-6.473543167114258,1
FakeVideo-RealAudio/Asian (South)/women/id07051/00083_id00461_Ort9NW3SJU4.npz,-5.948716163635254,1
FakeVideo-RealAudio/Asian (South)/women/id07051/00083_id00461_wavtolip.npz,-6.186044692993164,1
FakeVideo-RealAudio/Asian (South)/women/id07051/00083_id00739_wavtolip.npz,-6.069974899291992,1
FakeVideo-RealAudio/Asian (South)/women/id07051/00083_id01026_wavtolip.npz,-6.504534721374512,1
FakeVideo-RealAudio/Asian (South)/women/id07051/00083_id02310_wavtolip.npz,-5.956262588500977,1
FakeVideo-RealAudio/Asian (South)/women/id07051/00083_id03559_pgetxl1qbzM.npz,-5.9416890144348145,1
FakeVideo-RealAudio/Asian (South)/women/id07051/00083_id03559_wavtolip.npz,-5.963257312774658,1
FakeVideo-RealAudio/Asian (South)/women/id07051/00083_id04530_W5-PTTL9HzU.npz,-5.941837787628174,1
FakeVideo-RealAudio/Asian (South)/women/id07051/00083_id04564_xUz03LwKRtQ.npz,-5.949995994567871,1
FakeVideo-RealAudio/Asian (South)/women/id07051/00083_id04582_wavtolip.npz,-5.952914714813232,1
FakeVideo-RealAudio/Asian (South)/women/id07051/00083_id04583_M10zZFjuAb0.npz,-5.954654693603516,1
FakeVideo-RealAudio/Asian (South)/women/id07051/00083_id05434_wavtolip.npz,-6.516110420227051,1
FakeVideo-RealAudio/Asian (South)/women/id07051/00083_id05435_OvX-Jv_whcU.npz,-5.947890281677246,1
FakeVideo-RealAudio/Asian (South)/women/id07051/00083_id05478_wavtolip.npz,-6.177871227264404,1
FakeVideo-RealAudio/Asian (South)/women/id07051/00083_id06428_A9nvRKd1afA.npz,-5.9275288581848145,1
FakeVideo-RealAudio/Asian (South)/women/id07051/00083_id06428_A9nvRKd1afA_faceswap.npz,-5.90546178817749,1
FakeVideo-RealAudio/Asian (South)/women/id07051/00083_id06438_wavtolip.npz,-6.509184837341309,1
FakeVideo-RealAudio/Asian (South)/women/id07051/00083_id07136_4e43eS5p3_M.npz,-5.948887348175049,1
FakeVideo-RealAudio/Asian (South)/women/id07051/00083_id07377_wavtolip.npz,-5.654388427734375,1
FakeVideo-RealAudio/African/men/id01835/00130_id00173_UHoMXLSjlDo.npz,-5.889866828918457,1
FakeVideo-RealAudio/African/men/id01835/00130_id00366_RSOgEoek8WM.npz,-5.802732944488525,1
FakeVideo-RealAudio/African/men/id01835/00130_id00366_wavtolip.npz,-3.2834091186523438,1
FakeVideo-RealAudio/African/men/id01835/00130_id00475_wavtolip.npz,-5.90372896194458,1
FakeVideo-RealAudio/African/men/id01835/00130_id00476_wavtolip.npz,-5.924184799194336,1
FakeVideo-RealAudio/African/men/id01835/00130_id00518_wavtolip.npz,-6.46012544631958,1
FakeVideo-RealAudio/African/men/id01835/00130_id00701_lW6uzLIOwd0.npz,-5.892290115356445,1
FakeVideo-RealAudio/African/men/id01835/00130_id00761_QtTNFhCCgzw.npz,-5.87551212310791,1
FakeVideo-RealAudio/African/men/id01835/00130_id00761_QtTNFhCCgzw_faceswap.npz,-5.860384464263916,1
FakeVideo-RealAudio/African/men/id01835/00130_id00830_rfl3Teg9uew.npz,-5.879687309265137,1
FakeVideo-RealAudio/African/men/id01835/00130_id00944_DiW5D62667U.npz,-5.886285781860352,1
FakeVideo-RealAudio/African/men/id01835/00130_id01036_AohKaMtIHxA.npz,-5.855996608734131,1
FakeVideo-RealAudio/African/men/id01835/00130_id01076_wavtolip.npz,-6.502010345458984,1
FakeVideo-RealAudio/African/men/id01835/00130_id01171_wavtolip.npz,-6.384111404418945,1
FakeVideo-RealAudio/African/men/id01835/00130_id01528_wavtolip.npz,-6.1427717208862305,1
FakeVideo-RealAudio/African/men/id01835/00130_id01920_wavtolip.npz,-6.1205315589904785,1
FakeVideo-RealAudio/African/men/id01835/00130_id02005_wavtolip.npz,-5.998516082763672,1
FakeVideo-RealAudio/African/men/id01835/00130_id02268_irA9myDvW-I.npz,-5.871802806854248,1
FakeVideo-RealAudio/African/men/id01835/00130_id02342_wavtolip.npz,-5.867331504821777,1
FakeVideo-RealAudio/African/men/id02040/00476_id00391_TjJgUZaenWI.npz,-6.56618070602417,1
FakeVideo-RealAudio/African/men/id02040/00476_id00391_wavtolip.npz,-6.586328506469727,1
FakeVideo-RealAudio/African/men/id02040/00476_id00478_wavtolip.npz,-6.571417808532715,1
FakeVideo-RealAudio/African/men/id02040/00476_id01179_wavtolip.npz,-6.564034938812256,1
FakeVideo-RealAudio/African/men/id02040/00476_id01392_fF-g0KFJ7lg.npz,-6.544070243835449,1
FakeVideo-RealAudio/African/men/id02040/00476_id01530_8kiAt_4gQGI.npz,-6.5408477783203125,1
FakeVideo-RealAudio/African/men/id02040/00476_id01530_wavtolip.npz,-5.64510440826416,1
FakeVideo-RealAudio/African/men/id02040/00476_id01598_wavtolip.npz,-6.50357723236084,1
FakeVideo-RealAudio/African/men/id02040/00476_id01637_wavtolip.npz,-6.460835933685303,1
FakeVideo-RealAudio/African/men/id02040/00476_id01691_IVtS5z8Jrrk.npz,-6.565296173095703,1
FakeVideo-RealAudio/African/men/id02040/00476_id01691_wavtolip.npz,-6.556448936462402,1
FakeVideo-RealAudio/African/men/id02040/00476_id01933_wavtolip.npz,-6.5559773445129395,1
FakeVideo-RealAudio/African/men/id02040/00476_id02040_wavtolip.npz,-6.570478916168213,1
FakeVideo-RealAudio/African/men/id02040/00476_id02296_wavtolip.npz,-5.112994194030762,1
FakeVideo-RealAudio/African/men/id01392/00167_1.npz,-6.532514572143555,1
FakeVideo-RealAudio/African/men/id01392/00167_2.npz,-5.556926727294922,1
FakeVideo-RealAudio/African/men/id01392/00167_3.npz,-2.465651512145996,1
FakeVideo-RealAudio/African/men/id01392/00167_id00391_TjJgUZaenWI.npz,-5.771725654602051,1
FakeVideo-RealAudio/African/men/id01392/00167_id00478_wavtolip.npz,-5.892615795135498,1
FakeVideo-RealAudio/African/men/id01392/00167_id00701_lW6uzLIOwd0.npz,-5.782776832580566,1
FakeVideo-RealAudio/African/men/id01392/00167_id00987_wavtolip.npz,-5.890743255615234,1
FakeVideo-RealAudio/African/men/id01392/00167_id01170_7eoTTk4xyNo.npz,-5.776765823364258,1
FakeVideo-RealAudio/African/men/id01392/00167_id01171_wavtolip.npz,-6.393359184265137,1
FakeVideo-RealAudio/African/men/id01392/00167_id01179_RnqLJMrWELw.npz,-5.828656196594238,1
FakeVideo-RealAudio/African/men/id01392/00167_id01207_mt129WTRSII.npz,-5.777823448181152,1
FakeVideo-RealAudio/African/men/id01392/00167_id01236_wavtolip.npz,-6.554123878479004,1
FakeVideo-RealAudio/African/men/id01392/00167_id01392_wavtolip.npz,-5.84105110168457,1
FakeVideo-RealAudio/African/men/id01392/00167_id01530_wavtolip.npz,-6.444467067718506,1
FakeVideo-RealAudio/African/men/id01392/00167_id01597_52WEZxe4_GE.npz,-5.775299072265625,1
FakeVideo-RealAudio/African/men/id01392/00167_id01598_wavtolip.npz,-6.345891952514648,1
FakeVideo-RealAudio/African/men/id01392/00167_id01691_wavtolip.npz,-5.893627166748047,1
FakeVideo-RealAudio/African/men/id01392/00167_id01920_w9C_knCPD94.npz,-5.797130107879639,1
FakeVideo-RealAudio/African/men/id01392/00167_id01933_wavtolip.npz,-6.422209739685059,1
FakeVideo-RealAudio/African/men/id01392/00167_id02268_wavtolip.npz,-6.024919509887695,1
FakeVideo-RealAudio/African/men/id01392/00167_id02494_lObg47hQleE.npz,-5.789034843444824,1
FakeVideo-RealAudio/African/men/id01717/00005_0.npz,-5.990476608276367,1
FakeVideo-RealAudio/African/men/id01717/00005_id00366_RSOgEoek8WM.npz,-6.432138442993164,1
FakeVideo-RealAudio/African/men/id01717/00005_id00518_wavtolip.npz,-6.5169782638549805,1
FakeVideo-RealAudio/African/men/id01717/00005_id00701_lW6uzLIOwd0.npz,-6.472831726074219,1
FakeVideo-RealAudio/African/men/id01717/00005_id00701_wavtolip.npz,-5.382935047149658,1
FakeVideo-RealAudio/African/men/id01717/00005_id00987_wavtolip.npz,-6.52452278137207,1
FakeVideo-RealAudio/African/men/id01717/00005_id01036_wavtolip.npz,-6.489192962646484,1
FakeVideo-RealAudio/African/men/id01717/00005_id01076_9bqxgm5fT58.npz,-6.44737434387207,1
FakeVideo-RealAudio/African/men/id01717/00005_id01076_wavtolip.npz,-6.521681785583496,1
FakeVideo-RealAudio/African/men/id01717/00005_id01171_wavtolip.npz,-6.4715166091918945,1
FakeVideo-RealAudio/African/men/id01717/00005_id01452_4MqeoSxSy3w.npz,-6.45197868347168,1
FakeVideo-RealAudio/African/men/id01717/00005_id01528_wavtolip.npz,-6.53066873550415,1
FakeVideo-RealAudio/African/men/id01717/00005_id01637_wavtolip.npz,-6.527847766876221,1
FakeVideo-RealAudio/African/men/id01717/00005_id01920_w9C_knCPD94.npz,-6.483334541320801,1
FakeVideo-RealAudio/African/men/id01717/00005_id02005_7_Egh9mW5y4.npz,-6.453484535217285,1
FakeVideo-RealAudio/African/men/id01717/00005_id02005_7_Egh9mW5y4_faceswap.npz,-6.457218170166016,1
FakeVideo-RealAudio/African/men/id01717/00005_id02051_wavtolip.npz,-6.581606388092041,1
FakeVideo-RealAudio/African/men/id01717/00005_id02316_yrrNcmZ-xmI.npz,-6.4577531814575195,1
FakeVideo-RealAudio/African/men/id01717/00005_id02342_wavtolip.npz,-6.334768772125244,1
FakeVideo-RealAudio/African/men/id01779/00010_0.npz,-5.683919429779053,1
FakeVideo-RealAudio/African/men/id01779/00010_id00173_wavtolip.npz,-6.086234092712402,1
FakeVideo-RealAudio/African/men/id01779/00010_id00366_wavtolip.npz,-5.1281232833862305,1
FakeVideo-RealAudio/African/men/id01779/00010_id00701_lW6uzLIOwd0.npz,-4.77371072769165,1
FakeVideo-RealAudio/African/men/id01779/00010_id00701_wavtolip.npz,-6.128851890563965,1
FakeVideo-RealAudio/African/men/id01779/00010_id00987_wavtolip.npz,-6.229832649230957,1
FakeVideo-RealAudio/African/men/id01779/00010_id01036_AohKaMtIHxA.npz,-4.129390239715576,1
FakeVideo-RealAudio/African/men/id01779/00010_id01036_wavtolip.npz,-6.2364702224731445,1
FakeVideo-RealAudio/African/men/id01779/00010_id01171_XSINMRoTb0E.npz,-4.4762749671936035,1
FakeVideo-RealAudio/African/men/id01779/00010_id01171_wavtolip.npz,-6.431998252868652,1
FakeVideo-RealAudio/African/men/id01779/00010_id01179_wavtolip.npz,-6.4303388595581055,1
FakeVideo-RealAudio/African/men/id01779/00010_id01392_wavtolip.npz,-6.197129249572754,1
FakeVideo-RealAudio/African/men/id01779/00010_id01637_5VjcPZm8knM.npz,-3.879005193710327,1
FakeVideo-RealAudio/African/men/id01779/00010_id01691_IVtS5z8Jrrk.npz,-4.54996919631958,1
FakeVideo-RealAudio/African/men/id01779/00010_id01691_IVtS5z8Jrrk_faceswap.npz,-4.428468704223633,1
FakeVideo-RealAudio/African/men/id01779/00010_id01856_6Q2f3b1QNRM.npz,-3.9483697414398193,1
FakeVideo-RealAudio/African/men/id01779/00010_id01933_wavtolip.npz,-6.42589807510376,1
FakeVideo-RealAudio/African/men/id01779/00010_id02268_irA9myDvW-I.npz,-4.392106533050537,1
FakeVideo-RealAudio/African/men/id01779/00010_id02494_lObg47hQleE.npz,-4.725052356719971,1
FakeVideo-RealAudio/African/men/id01779/00010_id04727_wavtolip.npz,-6.569296360015869,1
FakeVideo-RealAudio/African/men/id01179/00160_id00076_wavtolip.npz,-6.398273468017578,1
FakeVideo-RealAudio/African/men/id01179/00160_id00166_PQV2ZbJBLNk.npz,-6.342161178588867,1
FakeVideo-RealAudio/African/men/id01179/00160_id00166_wavtolip.npz,-6.0640869140625,1
FakeVideo-RealAudio/African/men/id01179/00160_id00366_wavtolip.npz,-5.002788543701172,1
FakeVideo-RealAudio/African/men/id01179/00160_id00391_TjJgUZaenWI.npz,-6.325307369232178,1
FakeVideo-RealAudio/African/men/id01179/00160_id00391_wavtolip.npz,-6.442251205444336,1
FakeVideo-RealAudio/African/men/id01179/00160_id00476_UgdYVJ6xPYg.npz,-6.352427959442139,1
FakeVideo-RealAudio/African/men/id01179/00160_id00987_wavtolip.npz,-6.393764495849609,1
FakeVideo-RealAudio/African/men/id01179/00160_id01170_7eoTTk4xyNo.npz,-6.404548645019531,1
FakeVideo-RealAudio/African/men/id01179/00160_id01179_wavtolip.npz,-5.835472583770752,1
FakeVideo-RealAudio/African/men/id01179/00160_id01207_mt129WTRSII.npz,-6.292267799377441,1
FakeVideo-RealAudio/African/men/id01179/00160_id01236_wavtolip.npz,-6.418056488037109,1
FakeVideo-RealAudio/African/men/id01179/00160_id01544_wavtolip.npz,-6.38253116607666,1
FakeVideo-RealAudio/African/men/id01179/00160_id01637_5VjcPZm8knM.npz,-6.030124187469482,1
FakeVideo-RealAudio/African/men/id01179/00160_id01920_wavtolip.npz,-6.438663959503174,1
FakeVideo-RealAudio/African/men/id01179/00160_id02005_7_Egh9mW5y4.npz,-5.9101386070251465,1
FakeVideo-RealAudio/African/men/id01179/00160_id02005_7_Egh9mW5y4_faceswap.npz,-6.42140007019043,1
FakeVideo-RealAudio/African/men/id01179/00160_id02040_wavtolip.npz,-6.542395114898682,1
FakeVideo-RealAudio/African/men/id01179/00160_id02342_RJPBPhJB8TA.npz,-6.3616533279418945,1
FakeVideo-RealAudio/African/men/id01528/00017_id00166_wavtolip.npz,-6.018784523010254,1
FakeVideo-RealAudio/African/men/id01528/00017_id00478_wavtolip.npz,-6.160014629364014,1
FakeVideo-RealAudio/African/men/id01528/00017_id00518_qm7oQcDg4oI.npz,-6.151238441467285,1
FakeVideo-RealAudio/African/men/id01528/00017_id00518_wavtolip.npz,-6.476223945617676,1
FakeVideo-RealAudio/African/men/id01528/00017_id00944_DiW5D62667U.npz,-6.146829605102539,1
FakeVideo-RealAudio/African/men/id01528/00017_id01076_wavtolip.npz,-6.501173496246338,1
FakeVideo-RealAudio/African/men/id01528/00017_id01207_mt129WTRSII.npz,-6.152737140655518,1
FakeVideo-RealAudio/African/men/id01528/00017_id01236_7WdumGR5-JM.npz,-6.150476455688477,1
FakeVideo-RealAudio/African/men/id01528/00017_id01392_wavtolip.npz,-6.031763076782227,1
FakeVideo-RealAudio/African/men/id01528/00017_id01452_4MqeoSxSy3w.npz,-6.140997886657715,1
FakeVideo-RealAudio/African/men/id01528/00017_id01452_4MqeoSxSy3w_faceswap.npz,-6.154764652252197,1
FakeVideo-RealAudio/African/men/id01528/00017_id01528_wavtolip.npz,-6.143444061279297,1
FakeVideo-RealAudio/African/men/id01528/00017_id01597_52WEZxe4_GE.npz,-6.149023056030273,1
FakeVideo-RealAudio/African/men/id01528/00017_id01779_wavtolip.npz,-3.5966622829437256,1
FakeVideo-RealAudio/African/men/id01528/00017_id01835_wavtolip.npz,-6.129849433898926,1
FakeVideo-RealAudio/African/men/id01528/00017_id01920_wavtolip.npz,-6.160333633422852,1
FakeVideo-RealAudio/African/men/id01528/00017_id01933_I5XXxgK7QpE.npz,-6.149179935455322,1
FakeVideo-RealAudio/African/men/id01528/00017_id01972_hBYoeQTm8ZQ.npz,-6.147116184234619,1
FakeVideo-RealAudio/African/men/id01528/00017_id02268_wavtolip.npz,-6.106928825378418,1
FakeVideo-RealAudio/African/men/id00076/00109_1.npz,-5.785531997680664,1
FakeVideo-RealAudio/African/men/id00076/00109_10.npz,-6.2289252281188965,1
FakeVideo-RealAudio/African/men/id00076/00109_11.npz,-5.548001289367676,1
FakeVideo-RealAudio/African/men/id00076/00109_12.npz,-6.480492115020752,1
FakeVideo-RealAudio/African/men/id00076/00109_2.npz,-6.502907752990723,1
FakeVideo-RealAudio/African/men/id00076/00109_3.npz,-5.9745306968688965,1
FakeVideo-RealAudio/African/men/id00076/00109_4.npz,-6.0275187492370605,1
FakeVideo-RealAudio/African/men/id00076/00109_6.npz,-6.347916126251221,1
FakeVideo-RealAudio/African/men/id00076/00109_7.npz,-6.254392147064209,1
FakeVideo-RealAudio/African/men/id00076/00109_8.npz,-6.381440162658691,1
FakeVideo-RealAudio/African/men/id00076/00109_9.npz,-6.568334579467773,1
FakeVideo-RealAudio/African/men/id00076/00109_id00166_wavtolip.npz,-5.988611698150635,1
FakeVideo-RealAudio/African/men/id00076/00109_id00173_UHoMXLSjlDo.npz,-5.63410758972168,1
FakeVideo-RealAudio/African/men/id00076/00109_id00366_RSOgEoek8WM.npz,-5.64731502532959,1
FakeVideo-RealAudio/African/men/id00076/00109_id00475_wavtolip.npz,-1.2256189584732056,1
FakeVideo-RealAudio/African/men/id00076/00109_id00761_wavtolip.npz,-4.8226776123046875,1
FakeVideo-RealAudio/African/men/id00076/00109_id00830_rfl3Teg9uew.npz,-5.595402240753174,1
FakeVideo-RealAudio/African/men/id00076/00109_id01036_AohKaMtIHxA.npz,-5.6632184982299805,1
FakeVideo-RealAudio/African/men/id00076/00109_id01076_wavtolip.npz,-6.437475681304932,1
FakeVideo-RealAudio/African/men/id00076/00109_id01207_mt129WTRSII.npz,-5.6567559242248535,1
FakeVideo-RealAudio/African/men/id00076/00109_id01544_uBo9585VW2A.npz,-5.601099014282227,1
FakeVideo-RealAudio/African/men/id00076/00109_id01544_wavtolip.npz,-6.605022430419922,1
FakeVideo-RealAudio/African/men/id00076/00109_id01597_wavtolip.npz,-6.304061412811279,1
FakeVideo-RealAudio/African/men/id00076/00109_id01717_wavtolip.npz,-6.4586076736450195,1
FakeVideo-RealAudio/African/men/id00076/00109_id01972_wavtolip.npz,-5.282442092895508,1
FakeVideo-RealAudio/African/men/id00076/00109_id01995_YUR9wTypwIo.npz,-5.644408702850342,1
FakeVideo-RealAudio/African/men/id00076/00109_id02005_7_Egh9mW5y4.npz,-5.654234409332275,1
FakeVideo-RealAudio/African/men/id00076/00109_id02296_wavtolip.npz,-6.139233589172363,1
FakeVideo-RealAudio/African/men/id00076/00109_id02342_RJPBPhJB8TA.npz,-5.691850662231445,1
FakeVideo-RealAudio/African/men/id00076/00109_id02342_wavtolip.npz,-5.894211292266846,1
FakeVideo-RealAudio/African/men/id00076/00109_id04727_AAnyugIAXao.npz,-5.649118423461914,1
FakeVideo-RealAudio/African/men/id02268/00036_id00475_wavtolip.npz,-6.023747444152832,1
FakeVideo-RealAudio/African/men/id02268/00036_id00478_wavtolip.npz,-6.0322113037109375,1
FakeVideo-RealAudio/African/men/id02268/00036_id00830_wavtolip.npz,-6.046103477478027,1
FakeVideo-RealAudio/African/men/id02268/00036_id01036_wavtolip.npz,-6.041344165802002,1
FakeVideo-RealAudio/African/men/id02268/00036_id01236_7WdumGR5-JM.npz,-5.964542388916016,1
FakeVideo-RealAudio/African/men/id02268/00036_id01452_wavtolip.npz,-3.4650793075561523,1
FakeVideo-RealAudio/African/men/id02268/00036_id01521_jthjSmLdLOg.npz,-5.969470024108887,1
FakeVideo-RealAudio/African/men/id02268/00036_id01521_wavtolip.npz,-6.575810432434082,1
FakeVideo-RealAudio/African/men/id02268/00036_id01528_wavtolip.npz,-6.154690265655518,1
FakeVideo-RealAudio/African/men/id02268/00036_id01610_wavtolip.npz,-6.171213150024414,1
FakeVideo-RealAudio/African/men/id02268/00036_id01691_IVtS5z8Jrrk.npz,-5.978453636169434,1
FakeVideo-RealAudio/African/men/id02268/00036_id01717_wavtolip.npz,-6.484403610229492,1
FakeVideo-RealAudio/African/men/id02268/00036_id01779_wavtolip.npz,-5.553576469421387,1
FakeVideo-RealAudio/African/men/id02268/00036_id01835_UZbWA0QfXXA.npz,-5.950353622436523,1
FakeVideo-RealAudio/African/men/id02268/00036_id01856_6Q2f3b1QNRM.npz,-5.96714973449707,1
FakeVideo-RealAudio/African/men/id02268/00036_id02296_IAgOrCuY8vU.npz,-5.975096702575684,1
FakeVideo-RealAudio/African/men/id02268/00036_id02494_lObg47hQleE.npz,-5.972813606262207,1
FakeVideo-RealAudio/African/men/id01170/00021_id00173_wavtolip.npz,-6.111268520355225,1
FakeVideo-RealAudio/African/men/id01170/00021_id00391_TjJgUZaenWI.npz,-5.993381500244141,1
FakeVideo-RealAudio/African/men/id01170/00021_id00476_wavtolip.npz,-6.044417858123779,1
FakeVideo-RealAudio/African/men/id01170/00021_id00830_rfl3Teg9uew.npz,-6.004971027374268,1
FakeVideo-RealAudio/African/men/id01170/00021_id00944_wavtolip.npz,-6.105774879455566,1
FakeVideo-RealAudio/African/men/id01170/00021_id00987_wavtolip.npz,-6.038381576538086,1
FakeVideo-RealAudio/African/men/id01170/00021_id01171_XSINMRoTb0E.npz,-6.017571449279785,1
FakeVideo-RealAudio/African/men/id01170/00021_id01392_fF-g0KFJ7lg.npz,-6.009232521057129,1
FakeVideo-RealAudio/African/men/id01170/00021_id01521_wavtolip.npz,-6.580519199371338,1
FakeVideo-RealAudio/African/men/id01170/00021_id01597_52WEZxe4_GE.npz,-6.002455711364746,1
FakeVideo-RealAudio/African/men/id01170/00021_id01610_l8zb_iaDJJA.npz,-6.0247321128845215,1
FakeVideo-RealAudio/African/men/id01170/00021_id01610_wavtolip.npz,-6.146717071533203,1
FakeVideo-RealAudio/African/men/id01170/00021_id01835_wavtolip.npz,-6.003836154937744,1
FakeVideo-RealAudio/African/men/id01170/00021_id01933_I5XXxgK7QpE.npz,-5.9767985343933105,1
FakeVideo-RealAudio/African/men/id01170/00021_id01933_I5XXxgK7QpE_faceswap.npz,-6.004627227783203,1
FakeVideo-RealAudio/African/men/id01170/00021_id02051_wavtolip.npz,-5.382283687591553,1
FakeVideo-RealAudio/African/men/id01170/00021_id02296_wavtolip.npz,-6.131929397583008,1
FakeVideo-RealAudio/African/men/id01170/00021_id02316_wavtolip.npz,-6.32049036026001,1
FakeVideo-RealAudio/African/men/id01170/00021_id04727_AAnyugIAXao.npz,-6.008947372436523,1
FakeVideo-RealAudio/African/men/id01637/00002_0.npz,-5.718502044677734,1
FakeVideo-RealAudio/African/men/id01637/00002_00.npz,-5.795726776123047,1
FakeVideo-RealAudio/African/men/id01637/00002_1.npz,-6.503191947937012,1
FakeVideo-RealAudio/African/men/id01637/00002_2.npz,-5.935315132141113,1
FakeVideo-RealAudio/African/men/id01637/00002_3.npz,-6.025516510009766,1
FakeVideo-RealAudio/African/men/id01637/00002_id00166_PQV2ZbJBLNk.npz,-6.254986763000488,1
FakeVideo-RealAudio/African/men/id01637/00002_id00166_wavtolip.npz,-6.1754841804504395,1
FakeVideo-RealAudio/African/men/id01637/00002_id00366_RSOgEoek8WM.npz,-6.261053562164307,1
FakeVideo-RealAudio/African/men/id01637/00002_id00944_DiW5D62667U.npz,-6.266733169555664,1
FakeVideo-RealAudio/African/men/id01637/00002_id01036_wavtolip.npz,-6.222692966461182,1
FakeVideo-RealAudio/African/men/id01637/00002_id01170_7eoTTk4xyNo.npz,-6.265134811401367,1
FakeVideo-RealAudio/African/men/id01637/00002_id01544_wavtolip.npz,-6.596325874328613,1
FakeVideo-RealAudio/African/men/id01637/00002_id01597_wavtolip.npz,-6.295755863189697,1
FakeVideo-RealAudio/African/men/id01637/00002_id01598_wavtolip.npz,-6.316929817199707,1
FakeVideo-RealAudio/African/men/id01637/00002_id01610_l8zb_iaDJJA.npz,-6.261859893798828,1
FakeVideo-RealAudio/African/men/id01637/00002_id01691_wavtolip.npz,-6.2620086669921875,1
FakeVideo-RealAudio/African/men/id01637/00002_id01835_wavtolip.npz,-6.182722091674805,1
FakeVideo-RealAudio/African/men/id01637/00002_id01920_w9C_knCPD94.npz,-6.268208026885986,1
FakeVideo-RealAudio/African/men/id01637/00002_id01933_wavtolip.npz,-6.413649082183838,1
FakeVideo-RealAudio/African/men/id01637/00002_id02005_7_Egh9mW5y4.npz,-6.257511138916016,1
FakeVideo-RealAudio/African/men/id01637/00002_id02316_wavtolip.npz,-6.334537506103516,1
FakeVideo-RealAudio/African/men/id01637/00002_id02494_lObg47hQleE.npz,-6.247553825378418,1
FakeVideo-RealAudio/African/men/id01637/00002_id02494_wavtolip.npz,-4.869087219238281,1
FakeVideo-RealAudio/African/men/id02051/00015_id00173_UHoMXLSjlDo.npz,-6.528433799743652,1
FakeVideo-RealAudio/African/men/id02051/00015_id00476_wavtolip.npz,-6.583569526672363,1
FakeVideo-RealAudio/African/men/id02051/00015_id00701_lW6uzLIOwd0.npz,-6.524469375610352,1
FakeVideo-RealAudio/African/men/id02051/00015_id00761_wavtolip.npz,-6.104424476623535,1
FakeVideo-RealAudio/African/men/id02051/00015_id01170_wavtolip.npz,-6.356882572174072,1
FakeVideo-RealAudio/African/men/id02051/00015_id01236_wavtolip.npz,-6.532569885253906,1
FakeVideo-RealAudio/African/men/id02051/00015_id01392_wavtolip.npz,-6.514896392822266,1
FakeVideo-RealAudio/African/men/id02051/00015_id01521_jthjSmLdLOg.npz,-6.537744998931885,1
FakeVideo-RealAudio/African/men/id02051/00015_id01530_wavtolip.npz,-6.523856163024902,1
FakeVideo-RealAudio/African/men/id02051/00015_id01598_wavtolip.npz,-6.474193572998047,1
FakeVideo-RealAudio/African/men/id02051/00015_id01610_l8zb_iaDJJA.npz,-6.547828674316406,1
FakeVideo-RealAudio/African/men/id02051/00015_id01835_UZbWA0QfXXA.npz,-6.552126884460449,1
FakeVideo-RealAudio/African/men/id02051/00015_id01920_w9C_knCPD94.npz,-6.544442176818848,1
FakeVideo-RealAudio/African/men/id02051/00015_id01972_wavtolip.npz,-6.169635772705078,1
FakeVideo-RealAudio/African/men/id02051/00015_id01995_YUR9wTypwIo.npz,-6.554139614105225,1
FakeVideo-RealAudio/African/men/id02051/00015_id02005_wavtolip.npz,-6.455911159515381,1
FakeVideo-RealAudio/African/men/id02051/00015_id02040_wl6EVkamZFQ.npz,-6.509772300720215,1
FakeVideo-RealAudio/African/men/id02051/00015_id02268_wavtolip.npz,-6.504351615905762,1
FakeVideo-RealAudio/African/men/id00366/00118_id00076_Isiq7cA-DNE.npz,-5.775801658630371,1
FakeVideo-RealAudio/African/men/id00366/00118_id00076_Isiq7cA-DNE_faceswap.npz,-5.583916664123535,1
FakeVideo-RealAudio/African/men/id00366/00118_id00076_wavtolip.npz,-5.808094024658203,1
FakeVideo-RealAudio/African/men/id00366/00118_id00166_wavtolip.npz,-6.077414035797119,1
FakeVideo-RealAudio/African/men/id00366/00118_id00173_wavtolip.npz,-5.808311462402344,1
FakeVideo-RealAudio/African/men/id00366/00118_id00391_wavtolip.npz,-5.835216522216797,1
FakeVideo-RealAudio/African/men/id00366/00118_id00475_wavtolip.npz,-5.776823043823242,1
FakeVideo-RealAudio/African/men/id00366/00118_id00476_UgdYVJ6xPYg.npz,-5.714298248291016,1
FakeVideo-RealAudio/African/men/id00366/00118_id00781_fvsSae9yc0A.npz,-5.49520206451416,1
FakeVideo-RealAudio/African/men/id00366/00118_id00987_wavtolip.npz,-5.835111618041992,1
FakeVideo-RealAudio/African/men/id00366/00118_id01076_wavtolip.npz,-6.49700927734375,1
FakeVideo-RealAudio/African/men/id00366/00118_id01170_wavtolip.npz,-5.972629070281982,1
FakeVideo-RealAudio/African/men/id00366/00118_id01171_wavtolip.npz,-6.452001094818115,1
FakeVideo-RealAudio/African/men/id00366/00118_id01207_mt129WTRSII.npz,-5.6768364906311035,1
FakeVideo-RealAudio/African/men/id00366/00118_id01207_wavtolip.npz,-6.416130065917969,1
FakeVideo-RealAudio/African/men/id00366/00118_id01452_wavtolip.npz,-6.3917155265808105,1
FakeVideo-RealAudio/African/men/id00366/00118_id01544_uBo9585VW2A.npz,-5.551095962524414,1
FakeVideo-RealAudio/African/men/id00366/00118_id01610_wavtolip.npz,-6.153842926025391,1
FakeVideo-RealAudio/African/men/id00366/00118_id01637_5VjcPZm8knM.npz,-5.745914459228516,1
FakeVideo-RealAudio/African/men/id00366/00118_id01637_wavtolip.npz,-6.236881256103516,1
FakeVideo-RealAudio/African/men/id00366/00118_id01691_IVtS5z8Jrrk.npz,-5.674138069152832,1
FakeVideo-RealAudio/African/men/id00366/00118_id01691_wavtolip.npz,-5.840843677520752,1
FakeVideo-RealAudio/African/men/id00366/00118_id01717_JDW6p8yU13A.npz,-5.633162498474121,1
FakeVideo-RealAudio/African/men/id00366/00118_id01779_wavtolip.npz,-4.79072904586792,1
FakeVideo-RealAudio/African/men/id00366/00118_id01920_w9C_knCPD94.npz,-5.678794860839844,1
FakeVideo-RealAudio/African/men/id00366/00118_id01933_wavtolip.npz,-6.431755065917969,1
FakeVideo-RealAudio/African/men/id00366/00118_id01972_wavtolip.npz,-5.726072311401367,1
FakeVideo-RealAudio/African/men/id00366/00118_id02005_7_Egh9mW5y4.npz,-5.595928192138672,1
FakeVideo-RealAudio/African/men/id00366/00118_id02040_wavtolip.npz,-6.543309211730957,1
FakeVideo-RealAudio/African/men/id00366/00118_id02494_wavtolip.npz,-6.543887138366699,1
FakeVideo-RealAudio/African/men/id00366/00118_id04727_wavtolip.npz,-6.556863307952881,1
FakeVideo-RealAudio/African/women/id00359/00053_id00460_wavtolip.npz,-6.520518779754639,1
FakeVideo-RealAudio/African/women/id00359/00053_id00568_wavtolip.npz,-4.921902179718018,1
FakeVideo-RealAudio/African/women/id00359/00053_id01532_wavtolip.npz,-6.289767265319824,1
FakeVideo-RealAudio/African/women/id00359/00053_id01838_q_lUk55OrL0.npz,-3.888735294342041,1
FakeVideo-RealAudio/African/women/id00359/00053_id01838_q_lUk55OrL0_faceswap.npz,-5.421034812927246,1
FakeVideo-RealAudio/African/women/id00359/00053_id02071_cHuDh9F87vA.npz,-2.578930377960205,1
FakeVideo-RealAudio/African/women/id00359/00053_id02508_wavtolip.npz,-5.874151229858398,1
FakeVideo-RealAudio/African/women/id00359/00053_id02586_dEYzYDsbAeo.npz,1.8990880250930786,1
FakeVideo-RealAudio/African/women/id00359/00053_id02838_kaCQlSGlLe8.npz,-3.62617826461792,1
FakeVideo-RealAudio/African/women/id00359/00053_id02838_wavtolip.npz,-6.549559593200684,1
FakeVideo-RealAudio/African/women/id00359/00053_id03103_wavtolip.npz,-6.572903633117676,1
FakeVideo-RealAudio/African/women/id00359/00053_id04374_wavtolip.npz,-6.325725555419922,1
FakeVideo-RealAudio/African/women/id00359/00053_id04376_wavtolip.npz,-6.617130279541016,1
FakeVideo-RealAudio/African/women/id00359/00053_id04540_wavtolip.npz,-6.476339340209961,1
FakeVideo-RealAudio/African/women/id00359/00053_id04547_3Qy2g2M47Aw.npz,-1.300107479095459,1
FakeVideo-RealAudio/African/women/id00359/00053_id04547_wavtolip.npz,-6.5360493659973145,1
FakeVideo-RealAudio/African/women/id00359/00053_id04820_64ybrA1atlM.npz,-3.4679739475250244,1
FakeVideo-RealAudio/African/women/id00359/00053_id05106_ZnnDdjlABM4.npz,-0.9769102334976196,1
FakeVideo-RealAudio/African/women/id00359/00053_id05980_bbg4HtuM_jo.npz,-4.142148017883301,1
FakeVideo-RealAudio/African/women/id01907/00148_0.npz,-6.312773704528809,1
FakeVideo-RealAudio/African/women/id01907/00148_id00220_WlHLlTQKj8g.npz,-6.357063293457031,1
FakeVideo-RealAudio/African/women/id01907/00148_id00371_t20i0HtPwW0.npz,-6.355861186981201,1
FakeVideo-RealAudio/African/women/id01907/00148_id00829_aMEvVaUBq2Y.npz,-6.245913505554199,1
FakeVideo-RealAudio/African/women/id01907/00148_id00829_wavtolip.npz,-6.363848686218262,1
FakeVideo-RealAudio/African/women/id01907/00148_id00832_Jr4-dXRChME.npz,-6.322171211242676,1
FakeVideo-RealAudio/African/women/id01907/00148_id01178_wavtolip.npz,-6.429669380187988,1
FakeVideo-RealAudio/African/women/id01907/00148_id01532_XnlWp_s_f7Q.npz,-6.098345756530762,1
FakeVideo-RealAudio/African/women/id01907/00148_id01532_wavtolip.npz,-6.313149452209473,1
FakeVideo-RealAudio/African/women/id01907/00148_id02948_wavtolip.npz,-6.60356330871582,1
FakeVideo-RealAudio/African/women/id01907/00148_id03658_wavtolip.npz,-6.327933311462402,1
FakeVideo-RealAudio/African/women/id01907/00148_id04376_wavtolip.npz,-6.398404121398926,1
FakeVideo-RealAudio/African/women/id01907/00148_id04689_wavtolip.npz,-6.402454853057861,1
FakeVideo-RealAudio/African/women/id01907/00148_id04705_ziJ9JsYr4R0.npz,-6.235673904418945,1
FakeVideo-RealAudio/African/women/id01907/00148_id04820_wavtolip.npz,-6.453547954559326,1
FakeVideo-RealAudio/African/women/id01907/00148_id05231_wavtolip.npz,-6.423334121704102,1
FakeVideo-RealAudio/African/women/id01907/00148_id05235_ASy8lP3SRtw.npz,-6.314179420471191,1
FakeVideo-RealAudio/African/women/id01907/00148_id05235_ASy8lP3SRtw_faceswap.npz,-6.017655849456787,1
FakeVideo-RealAudio/African/women/id01907/00148_id05252_CMxIX3absYM.npz,-5.982604026794434,1
FakeVideo-RealAudio/African/women/id01907/00148_id05252_wavtolip.npz,-6.428814888000488,1
FakeVideo-RealAudio/African/women/id01661/00059.npz,-6.223479270935059,1
FakeVideo-RealAudio/African/women/id01661/00059_id00371_t20i0HtPwW0.npz,-1.994428038597107,1
FakeVideo-RealAudio/African/women/id01661/00059_id00460_wavtolip.npz,-6.598821640014648,1
FakeVideo-RealAudio/African/women/id01661/00059_id00568_wavtolip.npz,-6.017792224884033,1
FakeVideo-RealAudio/African/women/id01661/00059_id01661_wavtolip.npz,-5.684781551361084,1
FakeVideo-RealAudio/African/women/id01661/00059_id01783_WBUM0bHzWNA.npz,-2.3658664226531982,1
FakeVideo-RealAudio/African/women/id01661/00059_id01838_wavtolip.npz,-6.390976428985596,1
FakeVideo-RealAudio/African/women/id01661/00059_id01907_LBcRkuRq0uY.npz,0.5738412141799927,1
FakeVideo-RealAudio/African/women/id01661/00059_id02071_cHuDh9F87vA.npz,-5.387859344482422,1
FakeVideo-RealAudio/African/women/id01661/00059_id02721_wavtolip.npz,-4.342907428741455,1
FakeVideo-RealAudio/African/women/id01661/00059_id02824_wavtolip.npz,-6.462742805480957,1
FakeVideo-RealAudio/African/women/id01661/00059_id04055_0qrzF4HLXHY.npz,-3.9573566913604736,1
FakeVideo-RealAudio/African/women/id01661/00059_id04055_wavtolip.npz,-6.58978271484375,1
FakeVideo-RealAudio/African/women/id01661/00059_id04689_wavtolip.npz,-6.594104766845703,1
FakeVideo-RealAudio/African/women/id01661/00059_id04705_wavtolip.npz,-6.522985935211182,1
FakeVideo-RealAudio/African/women/id01661/00059_id04820_wavtolip.npz,-6.590488433837891,1
FakeVideo-RealAudio/African/women/id01661/00059_id04939_i4v2cXo9HIQ.npz,2.950812339782715,1
FakeVideo-RealAudio/African/women/id01661/00059_id05252_CMxIX3absYM.npz,-5.863117218017578,1
FakeVideo-RealAudio/African/women/id03747/00273_0.npz,-5.58313512802124,1
FakeVideo-RealAudio/African/women/id03747/00273_id00220_WlHLlTQKj8g.npz,-5.407138347625732,1
FakeVideo-RealAudio/African/women/id03747/00273_id00359_RZMQan-7me4.npz,-5.412006378173828,1
FakeVideo-RealAudio/African/women/id03747/00273_id01661_wavtolip.npz,-5.634984970092773,1
FakeVideo-RealAudio/African/women/id03747/00273_id01838_wavtolip.npz,-5.714698791503906,1
FakeVideo-RealAudio/African/women/id03747/00273_id01907_wavtolip.npz,-6.427716255187988,1
FakeVideo-RealAudio/African/women/id03747/00273_id02071_cHuDh9F87vA.npz,-5.410774230957031,1
FakeVideo-RealAudio/African/women/id03747/00273_id02301_wavtolip.npz,-5.871879577636719,1
FakeVideo-RealAudio/African/women/id03747/00273_id02617_wavtolip.npz,-5.651791572570801,1
FakeVideo-RealAudio/African/women/id03747/00273_id02824_glBy_mYcXZw.npz,-5.416790008544922,1
FakeVideo-RealAudio/African/women/id03747/00273_id02824_glBy_mYcXZw_faceswap.npz,-5.404060363769531,1
FakeVideo-RealAudio/African/women/id03747/00273_id04055_wavtolip.npz,-6.57373571395874,1
FakeVideo-RealAudio/African/women/id03747/00273_id04374_SWltOOZmlWM.npz,-5.410684108734131,1
FakeVideo-RealAudio/African/women/id03747/00273_id04540_wavtolip.npz,-5.803509712219238,1
FakeVideo-RealAudio/African/women/id03747/00273_id04689_0YqK1ksKjLg.npz,-5.409640312194824,1
FakeVideo-RealAudio/African/women/id03747/00273_id04736_wavtolip.npz,-6.108613014221191,1
FakeVideo-RealAudio/African/women/id03747/00273_id04939_wavtolip.npz,-6.33161735534668,1
FakeVideo-RealAudio/African/women/id03747/00273_id05231_wfbM5puT6eQ.npz,-5.41678524017334,1
FakeVideo-RealAudio/African/women/id03747/00273_id05235_ASy8lP3SRtw.npz,-5.40941858291626,1
FakeVideo-RealAudio/African/women/id03747/00273_id05251_wavtolip.npz,3.0628468990325928,1
FakeVideo-RealAudio/African/women/id03713/00249_id00359_wavtolip.npz,-0.44578683376312256,1
FakeVideo-RealAudio/African/women/id03713/00249_id00371_t20i0HtPwW0.npz,-6.234013080596924,1
FakeVideo-RealAudio/African/women/id03713/00249_id00460_9sVM1Crx1FA.npz,-6.3177289962768555,1
FakeVideo-RealAudio/African/women/id03713/00249_id00568_wavtolip.npz,-5.731524467468262,1
FakeVideo-RealAudio/African/women/id03713/00249_id01532_XnlWp_s_f7Q.npz,-6.410599231719971,1
FakeVideo-RealAudio/African/women/id03713/00249_id01907_wavtolip.npz,-6.558904647827148,1
FakeVideo-RealAudio/African/women/id03713/00249_id02301_wavtolip.npz,-5.864033222198486,1
FakeVideo-RealAudio/African/women/id03713/00249_id02617_4EZjRXC4fLk_faceswap.npz,-6.481191635131836,1
FakeVideo-RealAudio/African/women/id03713/00249_id02721_wavtolip.npz,-0.061909258365631104,1
FakeVideo-RealAudio/African/women/id03713/00249_id02824_glBy_mYcXZw.npz,-5.623316287994385,1
FakeVideo-RealAudio/African/women/id03713/00249_id02948_wavtolip.npz,-6.614603042602539,1
FakeVideo-RealAudio/African/women/id03713/00249_id03103_wiCYm3THQPw.npz,-6.405876159667969,1
FakeVideo-RealAudio/African/women/id03713/00249_id03658_8Wtu9VXKqjY.npz,-6.432318687438965,1
FakeVideo-RealAudio/African/women/id03713/00249_id03713_wavtolip.npz,-6.5137763023376465,1
FakeVideo-RealAudio/African/women/id03713/00249_id04547_wavtolip.npz,-6.526503562927246,1
FakeVideo-RealAudio/African/women/id03713/00249_id04689_wavtolip.npz,-6.571922302246094,1
FakeVideo-RealAudio/African/women/id03713/00249_id04736__D2k4fMhEfQ.npz,-6.469518661499023,1
FakeVideo-RealAudio/African/women/id03713/00249_id05231_wavtolip.npz,-6.349041938781738,1
FakeVideo-RealAudio/African/women/id02721/00424_0.npz,4.080183506011963,1
FakeVideo-RealAudio/African/women/id02721/00424_id00371_t20i0HtPwW0.npz,-1.894111156463623,1
FakeVideo-RealAudio/African/women/id02721/00424_id00568_gakhcJXnJZ8.npz,-0.644689679145813,1
FakeVideo-RealAudio/African/women/id02721/00424_id00577_wavtolip.npz,-6.227258682250977,1
FakeVideo-RealAudio/African/women/id02721/00424_id01838_wavtolip.npz,-5.902276039123535,1
FakeVideo-RealAudio/African/women/id02721/00424_id02586_dEYzYDsbAeo.npz,2.2767491340637207,1
FakeVideo-RealAudio/African/women/id02721/00424_id02586_wavtolip.npz,-6.593770503997803,1
FakeVideo-RealAudio/African/women/id02721/00424_id02617_wavtolip.npz,-6.30811071395874,1
FakeVideo-RealAudio/African/women/id02721/00424_id02808_nZtvxh6Eesc.npz,-1.5844753980636597,1
FakeVideo-RealAudio/African/women/id02721/00424_id02808_wavtolip.npz,-6.355545997619629,1
FakeVideo-RealAudio/African/women/id02721/00424_id02824_wavtolip.npz,-5.47160005569458,1
FakeVideo-RealAudio/African/women/id02721/00424_id02838_wavtolip.npz,-6.34348726272583,1
FakeVideo-RealAudio/African/women/id02721/00424_id02948__ZEDGNWjuFE.npz,-1.921919584274292,1
FakeVideo-RealAudio/African/women/id02721/00424_id03569_wavtolip.npz,-6.637803554534912,1
FakeVideo-RealAudio/African/women/id02721/00424_id03658_8Wtu9VXKqjY.npz,0.894925594329834,1
FakeVideo-RealAudio/African/women/id02721/00424_id03658_8Wtu9VXKqjY_faceswap.npz,-1.0425506830215454,1
FakeVideo-RealAudio/African/women/id02721/00424_id04245_wavtolip.npz,-6.16789436340332,1
FakeVideo-RealAudio/African/women/id02721/00424_id04376_wavtolip.npz,-6.401582717895508,1
FakeVideo-RealAudio/African/women/id02721/00424_id04705_ziJ9JsYr4R0.npz,-1.4300576448440552,1
FakeVideo-RealAudio/African/women/id02721/00424_id05231_wfbM5puT6eQ.npz,-0.8292253017425537,1
FakeVideo-RealAudio/African/women/id04547/00052_id00577_wavtolip.npz,-6.3172149658203125,1
FakeVideo-RealAudio/African/women/id04547/00052_id00829_aMEvVaUBq2Y.npz,-6.3292975425720215,1
FakeVideo-RealAudio/African/women/id04547/00052_id02071_wavtolip.npz,-6.6673994064331055,1
FakeVideo-RealAudio/African/women/id04547/00052_id02508_wavtolip.npz,-6.155115604400635,1
FakeVideo-RealAudio/African/women/id04547/00052_id02586_dEYzYDsbAeo.npz,-6.3738603591918945,1
FakeVideo-RealAudio/African/women/id04547/00052_id02721_wavtolip.npz,-3.657489538192749,1
FakeVideo-RealAudio/African/women/id04547/00052_id02824_wavtolip.npz,-6.373673915863037,1
FakeVideo-RealAudio/African/women/id04547/00052_id03103_wiCYm3THQPw.npz,-6.3773579597473145,1
FakeVideo-RealAudio/African/women/id04547/00052_id03656_draVIyyqLtk.npz,-6.393894195556641,1
FakeVideo-RealAudio/African/women/id04547/00052_id04374_SWltOOZmlWM.npz,-6.378503322601318,1
FakeVideo-RealAudio/African/women/id04547/00052_id04376_wavtolip.npz,-6.362419128417969,1
FakeVideo-RealAudio/African/women/id04547/00052_id04540_9KNIjew03AQ.npz,-6.394887924194336,1
FakeVideo-RealAudio/African/women/id04547/00052_id04540_wavtolip.npz,-6.219954013824463,1
FakeVideo-RealAudio/African/women/id04547/00052_id04820_wavtolip.npz,-6.469085693359375,1
FakeVideo-RealAudio/African/women/id04547/00052_id04939_i4v2cXo9HIQ.npz,-6.385066986083984,1
FakeVideo-RealAudio/African/women/id04547/00052_id05106_wavtolip.npz,-4.670676231384277,1
FakeVideo-RealAudio/African/women/id04547/00052_id05251_wavtolip.npz,-3.2907655239105225,1
FakeVideo-RealAudio/African/women/id00220/00027.npz,-0.5165331959724426,1
FakeVideo-RealAudio/African/women/id00220/00027_id00371_t20i0HtPwW0.npz,-6.247081756591797,1
FakeVideo-RealAudio/African/women/id00220/00027_id00568_wavtolip.npz,-4.633003234863281,1
FakeVideo-RealAudio/African/women/id00220/00027_id00707_wavtolip.npz,-6.4259490966796875,1
FakeVideo-RealAudio/African/women/id00220/00027_id01178_6XpgYMiKxhc.npz,-0.934737503528595,1
FakeVideo-RealAudio/African/women/id00220/00027_id01907_LBcRkuRq0uY.npz,-4.983983516693115,1
FakeVideo-RealAudio/African/women/id00220/00027_id02071_wavtolip.npz,-6.627235412597656,1
FakeVideo-RealAudio/African/women/id00220/00027_id02721_wavtolip.npz,-1.0356155633926392,1
FakeVideo-RealAudio/African/women/id00220/00027_id02824_glBy_mYcXZw.npz,-5.479598045349121,1
FakeVideo-RealAudio/African/women/id00220/00027_id02838_wavtolip.npz,-6.539529323577881,1
FakeVideo-RealAudio/African/women/id00220/00027_id03103_wavtolip.npz,-6.5085225105285645,1
FakeVideo-RealAudio/African/women/id00220/00027_id03569_YO0EpPm9p-8.npz,-6.022976875305176,1
FakeVideo-RealAudio/African/women/id00220/00027_id03656_wavtolip.npz,-6.5948381423950195,1
FakeVideo-RealAudio/African/women/id00220/00027_id04705_wavtolip.npz,-6.5390777587890625,1
FakeVideo-RealAudio/African/women/id00220/00027_id04820_wavtolip.npz,-6.491443634033203,1
FakeVideo-RealAudio/African/women/id00220/00027_id04939_i4v2cXo9HIQ.npz,-6.293288230895996,1
FakeVideo-RealAudio/African/women/id00220/00027_id05251_wavtolip.npz,-5.67193603515625,1
FakeVideo-RealAudio/African/women/id04820/00015_id00832_wavtolip.npz,-6.358896255493164,1
FakeVideo-RealAudio/African/women/id04820/00015_id01783_wavtolip.npz,-6.478083610534668,1
FakeVideo-RealAudio/African/women/id04820/00015_id02071_wavtolip.npz,-6.658769130706787,1
FakeVideo-RealAudio/African/women/id04820/00015_id02721_wavtolip.npz,-2.1576709747314453,1
FakeVideo-RealAudio/African/women/id04820/00015_id02948__ZEDGNWjuFE.npz,-6.406510353088379,1
FakeVideo-RealAudio/African/women/id04820/00015_id02948__ZEDGNWjuFE_faceswap.npz,-6.269517421722412,1
FakeVideo-RealAudio/African/women/id04820/00015_id03103_wavtolip.npz,-6.365123748779297,1
FakeVideo-RealAudio/African/women/id04820/00015_id03656_wavtolip.npz,-6.470890998840332,1
FakeVideo-RealAudio/African/women/id04820/00015_id04374_wavtolip.npz,-6.46899938583374,1
FakeVideo-RealAudio/African/women/id04820/00015_id04705_wavtolip.npz,-6.433704376220703,1
FakeVideo-RealAudio/African/women/id04820/00015_id05251_wavtolip.npz,-5.0602312088012695,1
FakeVideo-RealAudio/African/women/id04820/00015_id05980_wavtolip.npz,-4.452191352844238,1
FakeVideo-RealAudio/African/women/id04736/00083_0.npz,-6.561037063598633,1
FakeVideo-RealAudio/African/women/id04736/00083_id00359_wavtolip.npz,2.124997615814209,1
FakeVideo-RealAudio/African/women/id04736/00083_id00568_wavtolip.npz,-4.919257164001465,1
FakeVideo-RealAudio/African/women/id04736/00083_id00829_wavtolip.npz,-6.10822057723999,1
FakeVideo-RealAudio/African/women/id04736/00083_id01178_wavtolip.npz,-6.334301948547363,1
FakeVideo-RealAudio/African/women/id04736/00083_id02071_wavtolip.npz,-6.643344402313232,1
FakeVideo-RealAudio/African/women/id04736/00083_id02824_wavtolip.npz,-6.289807319641113,1
FakeVideo-RealAudio/African/women/id04736/00083_id03569_wavtolip.npz,-6.480550765991211,1
FakeVideo-RealAudio/African/women/id04736/00083_id03713_wavtolip.npz,-6.369746208190918,1
FakeVideo-RealAudio/African/women/id04736/00083_id04055_wavtolip.npz,-6.598692417144775,1
FakeVideo-RealAudio/African/women/id04736/00083_id04547_wavtolip.npz,-6.395757675170898,1
FakeVideo-RealAudio/African/women/id04736/00083_id05235_ASy8lP3SRtw.npz,-5.737600803375244,1
FakeVideo-RealAudio/African/women/id04736/00083_id05235_ASy8lP3SRtw_faceswap.npz,-5.940036296844482,1
FakeVideo-RealAudio/African/women/id04376/00181_id00220_WlHLlTQKj8g.npz,-6.1909589767456055,1
FakeVideo-RealAudio/African/women/id04376/00181_id00460_wavtolip.npz,-6.414289474487305,1
FakeVideo-RealAudio/African/women/id04376/00181_id00829_aMEvVaUBq2Y.npz,-6.334244728088379,1
FakeVideo-RealAudio/African/women/id04376/00181_id01178_wavtolip.npz,-6.41584587097168,1
FakeVideo-RealAudio/African/women/id04376/00181_id02071_wavtolip.npz,-6.657144546508789,1
FakeVideo-RealAudio/African/women/id04376/00181_id02586_dEYzYDsbAeo.npz,-6.111471176147461,1
FakeVideo-RealAudio/African/women/id04376/00181_id02838_kaCQlSGlLe8.npz,-6.206238269805908,1
FakeVideo-RealAudio/African/women/id04376/00181_id03569_wavtolip.npz,-6.579620838165283,1
FakeVideo-RealAudio/African/women/id04376/00181_id03658_8Wtu9VXKqjY.npz,-6.319140434265137,1
FakeVideo-RealAudio/African/women/id04376/00181_id04245_wavtolip.npz,-6.225836753845215,1
FakeVideo-RealAudio/African/women/id04376/00181_id04374_SWltOOZmlWM.npz,-6.181024551391602,1
FakeVideo-RealAudio/African/women/id04376/00181_id04437_2csrqaF55pk_faceswap.npz,-6.379570960998535,1
FakeVideo-RealAudio/African/women/id04376/00181_id04547_wavtolip.npz,-6.071739196777344,1
FakeVideo-RealAudio/African/women/id04376/00181_id04689_wavtolip.npz,-6.423384189605713,1
FakeVideo-RealAudio/African/women/id04376/00181_id04705_wavtolip.npz,-6.394626140594482,1
FakeVideo-RealAudio/African/women/id04376/00181_id04820_wavtolip.npz,-6.472291946411133,1
FakeVideo-RealAudio/African/women/id04376/00181_id05231_wavtolip.npz,-6.388587951660156,1
FakeVideo-RealAudio/African/women/id04374/00032_id00460_wavtolip.npz,-6.293901443481445,1
FakeVideo-RealAudio/African/women/id04374/00032_id00568_wavtolip.npz,-4.6405205726623535,1
FakeVideo-RealAudio/African/women/id04374/00032_id00577_wavtolip.npz,-6.3629984855651855,1
FakeVideo-RealAudio/African/women/id04374/00032_id00707_feeHCIlo6jg.npz,-0.41814935207366943,1
FakeVideo-RealAudio/African/women/id04374/00032_id02586_dEYzYDsbAeo.npz,-2.5430312156677246,1
FakeVideo-RealAudio/African/women/id04374/00032_id02586_wavtolip.npz,-6.575553894042969,1
FakeVideo-RealAudio/African/women/id04374/00032_id02721_wavtolip.npz,-2.3647193908691406,1
FakeVideo-RealAudio/African/women/id04374/00032_id02808_wavtolip.npz,-6.1518988609313965,1
FakeVideo-RealAudio/African/women/id04374/00032_id02838_kaCQlSGlLe8.npz,-6.022076606750488,1
FakeVideo-RealAudio/African/women/id04374/00032_id03656_draVIyyqLtk.npz,-5.656571865081787,1
FakeVideo-RealAudio/African/women/id04374/00032_id03658_wavtolip.npz,-6.115756988525391,1
FakeVideo-RealAudio/African/women/id04374/00032_id04374_wavtolip.npz,-6.104781150817871,1
FakeVideo-RealAudio/African/women/id04374/00032_id04547_3Qy2g2M47Aw.npz,-3.3698623180389404,1
FakeVideo-RealAudio/African/women/id04374/00032_id04689_0YqK1ksKjLg_faceswap.npz,-6.162653923034668,1
FakeVideo-RealAudio/African/women/id04374/00032_id05231_wfbM5puT6eQ.npz,-5.949445724487305,1
FakeVideo-RealAudio/African/women/id04374/00032_id05235_wavtolip.npz,-6.2744646072387695,1
FakeVideo-RealAudio/African/women/id04374/00032_id05251_wavtolip.npz,-1.0197371244430542,1
FakeVideo-RealAudio/African/women/id02824/00130_id00568_wavtolip.npz,-3.898730516433716,1
FakeVideo-RealAudio/African/women/id02824/00130_id00592_wavtolip.npz,-6.367306709289551,1
FakeVideo-RealAudio/African/women/id02824/00130_id00707_wavtolip.npz,-6.1753830909729,1
FakeVideo-RealAudio/African/women/id02824/00130_id00832_Jr4-dXRChME.npz,-6.369146347045898,1
FakeVideo-RealAudio/African/women/id02824/00130_id01661_SdP_Monh-_4.npz,-6.377508163452148,1
FakeVideo-RealAudio/African/women/id02824/00130_id01661_wavtolip.npz,-5.684844017028809,1
FakeVideo-RealAudio/African/women/id02824/00130_id02617_wavtolip.npz,-6.37018346786499,1
FakeVideo-RealAudio/African/women/id02824/00130_id02948_wavtolip.npz,-6.606481552124023,1
FakeVideo-RealAudio/African/women/id02824/00130_id03656_draVIyyqLtk.npz,-6.38239049911499,1
FakeVideo-RealAudio/African/women/id02824/00130_id03747_wQOOhZvnrq4.npz,-6.362741470336914,1
FakeVideo-RealAudio/African/women/id02824/00130_id03747_wQOOhZvnrq4_faceswap.npz,-6.294351577758789,1
FakeVideo-RealAudio/African/women/id02824/00130_id04245_wavtolip.npz,-6.3283915519714355,1
FakeVideo-RealAudio/African/women/id02824/00130_id04540_wavtolip.npz,-6.034256935119629,1
FakeVideo-RealAudio/African/women/id02824/00130_id04705_ziJ9JsYr4R0.npz,-6.361062526702881,1
FakeVideo-RealAudio/African/women/id02824/00130_id04736_wavtolip.npz,-6.3747100830078125,1
FakeVideo-RealAudio/African/women/id02824/00130_id05231_wfbM5puT6eQ.npz,-6.3609771728515625,1
FakeVideo-RealAudio/African/women/id02824/00130_id05251_wavtolip.npz,-5.474617958068848,1
FakeVideo-RealAudio/African/women/id02824/00130_id05252_CMxIX3absYM.npz,-6.371306419372559,1
FakeVideo-RealAudio/Caucasian (American)/men/id04216/00470_0.npz,-6.474557876586914,1
FakeVideo-RealAudio/Caucasian (American)/men/id04216/00470_id00018_sap-FjURHlc.npz,-3.0701284408569336,1
FakeVideo-RealAudio/Caucasian (American)/men/id04216/00470_id00018_wavtolip.npz,-6.295012474060059,1
FakeVideo-RealAudio/Caucasian (American)/men/id04216/00470_id00029_TGpCGl036qk.npz,-5.999007701873779,1
FakeVideo-RealAudio/Caucasian (American)/men/id04216/00470_id00029_TGpCGl036qk_faceswap.npz,-4.954178810119629,1
FakeVideo-RealAudio/Caucasian (American)/men/id04216/00470_id00060_wavtolip.npz,-4.242423057556152,1
FakeVideo-RealAudio/Caucasian (American)/men/id04216/00470_id00062_bctnrIvZHTs.npz,-5.3439788818359375,1
FakeVideo-RealAudio/Caucasian (American)/men/id04216/00470_id00169__V1xAwwG29U.npz,-4.363670349121094,1
FakeVideo-RealAudio/Caucasian (American)/men/id04216/00470_id00179_Ux9OYyipQi8.npz,-3.172886371612549,1
FakeVideo-RealAudio/Caucasian (American)/men/id04216/00470_id00179_wavtolip.npz,-6.4692206382751465,1
FakeVideo-RealAudio/Caucasian (American)/men/id04216/00470_id00243_wavtolip.npz,-6.033082008361816,1
FakeVideo-RealAudio/Caucasian (American)/men/id04216/00470_id00529_wavtolip.npz,-6.2392096519470215,1
FakeVideo-RealAudio/Caucasian (American)/men/id04216/00470_id00945_wavtolip.npz,-6.406344413757324,1
FakeVideo-RealAudio/Caucasian (American)/men/id04216/00470_id00971_wavtolip.npz,-6.117444038391113,1
FakeVideo-RealAudio/Caucasian (American)/men/id04216/00470_id01044_yL58R6zBNf4.npz,-6.134480953216553,1
FakeVideo-RealAudio/Caucasian (American)/men/id04216/00470_id01096_wavtolip.npz,-6.361382484436035,1
FakeVideo-RealAudio/Caucasian (American)/men/id04216/00470_id01105_qxMlGJlyfA8.npz,-6.183836936950684,1
FakeVideo-RealAudio/Caucasian (American)/men/id04216/00470_id01163_QSMeUEH3lJM.npz,-6.309007167816162,1
FakeVideo-RealAudio/Caucasian (American)/men/id04216/00470_id01210_wavtolip.npz,-6.499326705932617,1
FakeVideo-RealAudio/Caucasian (American)/men/id04216/00470_id01239_gJvquKo7kbA.npz,-6.0397844314575195,1
FakeVideo-RealAudio/Caucasian (American)/men/id04216/00470_id03757_wavtolip.npz,-6.562008380889893,1
FakeVideo-RealAudio/Caucasian (American)/men/id04216/00470_id04073_KT7B07WFWyM.npz,-6.172685623168945,1
FakeVideo-RealAudio/Caucasian (American)/men/id03525/00048_0.npz,-5.235071659088135,1
FakeVideo-RealAudio/Caucasian (American)/men/id03525/00048_1.npz,-6.324284553527832,1
FakeVideo-RealAudio/Caucasian (American)/men/id03525/00048_2.npz,-6.548917770385742,1
FakeVideo-RealAudio/Caucasian (American)/men/id03525/00048_id00060_gZ4RkcQ0SXE.npz,-5.1277923583984375,1
FakeVideo-RealAudio/Caucasian (American)/men/id03525/00048_id00062_bctnrIvZHTs.npz,-6.054365158081055,1
FakeVideo-RealAudio/Caucasian (American)/men/id03525/00048_id00087_0ZbOp9FgZf8.npz,-6.088807106018066,1
FakeVideo-RealAudio/Caucasian (American)/men/id03525/00048_id00264_wavtolip.npz,-6.471663475036621,1
FakeVideo-RealAudio/Caucasian (American)/men/id03525/00048_id00529_xtx2GeQN-DQ.npz,-6.019707679748535,1
FakeVideo-RealAudio/Caucasian (American)/men/id03525/00048_id00708_wavtolip.npz,-6.4468865394592285,1
FakeVideo-RealAudio/Caucasian (American)/men/id03525/00048_id00945_V-rSeF8o5pc.npz,-3.4606451988220215,1
FakeVideo-RealAudio/Caucasian (American)/men/id03525/00048_id01044_wavtolip.npz,-6.155540466308594,1
FakeVideo-RealAudio/Caucasian (American)/men/id03525/00048_id01044_yL58R6zBNf4.npz,-6.023037910461426,1
FakeVideo-RealAudio/Caucasian (American)/men/id03525/00048_id01096_wavtolip.npz,-6.1586103439331055,1
FakeVideo-RealAudio/Caucasian (American)/men/id03525/00048_id01163_QSMeUEH3lJM.npz,-6.038275718688965,1
FakeVideo-RealAudio/Caucasian (American)/men/id03525/00048_id01163_wavtolip.npz,-6.398919582366943,1
FakeVideo-RealAudio/Caucasian (American)/men/id03525/00048_id01182_wavtolip.npz,-6.0061259269714355,1
FakeVideo-RealAudio/Caucasian (American)/men/id03525/00048_id01210_sMdOO7NqsGY.npz,-5.170610427856445,1
FakeVideo-RealAudio/Caucasian (American)/men/id03525/00048_id01211_wavtolip.npz,-6.318422317504883,1
FakeVideo-RealAudio/Caucasian (American)/men/id03525/00048_id01239_wavtolip.npz,-6.105938911437988,1
FakeVideo-RealAudio/Caucasian (American)/men/id03525/00048_id03668_wavtolip.npz,-6.148334980010986,1
FakeVideo-RealAudio/Caucasian (American)/men/id03525/00048_id03757_L-M-XbdFLQM.npz,-6.09135103225708,1
FakeVideo-RealAudio/Caucasian (American)/men/id03525/00048_id04219_wavtolip.npz,-6.47627067565918,1
FakeVideo-RealAudio/Caucasian (American)/men/id03525/00048_id04221_5XfsCrxGvj4.npz,-5.077401161193848,1
FakeVideo-RealAudio/Caucasian (American)/men/id03525/00048_id04221_5XfsCrxGvj4_faceswap.npz,-5.973742485046387,1
FakeVideo-RealAudio/Caucasian (American)/men/id03757/00149_0.npz,-1.3390921354293823,1
FakeVideo-RealAudio/Caucasian (American)/men/id03757/00149_1.npz,-6.1965436935424805,1
FakeVideo-RealAudio/Caucasian (American)/men/id03757/00149_3.npz,-6.017156600952148,1
FakeVideo-RealAudio/Caucasian (American)/men/id03757/00149_id00018_sap-FjURHlc.npz,-6.56397819519043,1
FakeVideo-RealAudio/Caucasian (American)/men/id03757/00149_id00020_VXYAbbQWyQM.npz,-6.567188262939453,1
FakeVideo-RealAudio/Caucasian (American)/men/id03757/00149_id00049_wavtolip.npz,-6.433647155761719,1
FakeVideo-RealAudio/Caucasian (American)/men/id03757/00149_id00087_0ZbOp9FgZf8.npz,-6.549544334411621,1
FakeVideo-RealAudio/Caucasian (American)/men/id03757/00149_id00169__V1xAwwG29U.npz,-6.563391208648682,1
FakeVideo-RealAudio/Caucasian (American)/men/id03757/00149_id00243_wavtolip.npz,-6.361813068389893,1
FakeVideo-RealAudio/Caucasian (American)/men/id03757/00149_id00696_wavtolip.npz,-6.513711929321289,1
FakeVideo-RealAudio/Caucasian (American)/men/id03757/00149_id00775_yeCUxHgUHxc.npz,-6.573701858520508,1
FakeVideo-RealAudio/Caucasian (American)/men/id03757/00149_id00943_wavtolip.npz,-5.7989959716796875,1
FakeVideo-RealAudio/Caucasian (American)/men/id03757/00149_id00945_wavtolip.npz,-6.457690715789795,1
FakeVideo-RealAudio/Caucasian (American)/men/id03757/00149_id00971_edWrVVn-rC4.npz,-6.571162700653076,1
FakeVideo-RealAudio/Caucasian (American)/men/id03757/00149_id01042_wavtolip.npz,-6.442917823791504,1
FakeVideo-RealAudio/Caucasian (American)/men/id03757/00149_id01124_wavtolip.npz,-6.588985919952393,1
FakeVideo-RealAudio/Caucasian (American)/men/id03757/00149_id01168_Uz7M0nTbgWM.npz,-6.574785232543945,1
FakeVideo-RealAudio/Caucasian (American)/men/id03757/00149_id01168_Uz7M0nTbgWM_faceswap.npz,-6.558689594268799,1
FakeVideo-RealAudio/Caucasian (American)/men/id03757/00149_id01168_wavtolip.npz,-6.56561803817749,1
FakeVideo-RealAudio/Caucasian (American)/men/id03757/00149_id01172_8f8sdrQatpw.npz,-6.537331581115723,1
FakeVideo-RealAudio/Caucasian (American)/men/id03757/00149_id01201_Q8XWfmNiWYA.npz,-6.541537761688232,1
FakeVideo-RealAudio/Caucasian (American)/men/id03757/00149_id01239_wavtolip.npz,-6.526349067687988,1
FakeVideo-RealAudio/Caucasian (American)/men/id03757/00149_id04034_8ZeJXbjFa_o.npz,-6.561037063598633,1
FakeVideo-RealAudio/Caucasian (American)/men/id03757/00149_id04216_wavtolip.npz,-6.520437240600586,1
FakeVideo-RealAudio/Caucasian (American)/men/id00169/00021_0.npz,-6.378732204437256,1
FakeVideo-RealAudio/Caucasian (American)/men/id00169/00021_id00018_sap-FjURHlc.npz,-6.13810920715332,1
FakeVideo-RealAudio/Caucasian (American)/men/id00169/00021_id00029_wavtolip.npz,-6.432784557342529,1
FakeVideo-RealAudio/Caucasian (American)/men/id00169/00021_id00088_wavtolip.npz,-6.3988356590271,1
FakeVideo-RealAudio/Caucasian (American)/men/id00169/00021_id00179_Ux9OYyipQi8.npz,-6.2150750160217285,1
FakeVideo-RealAudio/Caucasian (American)/men/id00169/00021_id00179_Ux9OYyipQi8_faceswap.npz,-6.340692520141602,1
FakeVideo-RealAudio/Caucasian (American)/men/id00169/00021_id00184_wavtolip.npz,-6.4334492683410645,1
FakeVideo-RealAudio/Caucasian (American)/men/id00169/00021_id00696_7PrURACjhqU.npz,-2.7029988765716553,1
FakeVideo-RealAudio/Caucasian (American)/men/id00169/00021_id00696_wavtolip.npz,-6.383670806884766,1
FakeVideo-RealAudio/Caucasian (American)/men/id00169/00021_id00775_wavtolip.npz,-6.462741851806641,1
FakeVideo-RealAudio/Caucasian (American)/men/id00169/00021_id01035_wavtolip.npz,-6.433332443237305,1
FakeVideo-RealAudio/Caucasian (American)/men/id00169/00021_id01048_keflA4viWt8.npz,-1.6919519901275635,1
FakeVideo-RealAudio/Caucasian (American)/men/id00169/00021_id01163_QSMeUEH3lJM.npz,-6.371456146240234,1
FakeVideo-RealAudio/Caucasian (American)/men/id00169/00021_id01163_wavtolip.npz,-6.386519908905029,1
FakeVideo-RealAudio/Caucasian (American)/men/id00169/00021_id01175_wavtolip.npz,-6.439450263977051,1
FakeVideo-RealAudio/Caucasian (American)/men/id00169/00021_id01182_wavtolip.npz,-6.161871433258057,1
FakeVideo-RealAudio/Caucasian (American)/men/id00169/00021_id01192_kAht8HG7-1s.npz,-2.2475171089172363,1
FakeVideo-RealAudio/Caucasian (American)/men/id00169/00021_id01201_Q8XWfmNiWYA.npz,-6.4011125564575195,1
FakeVideo-RealAudio/Caucasian (American)/men/id00169/00021_id03525_wavtolip.npz,-6.266946315765381,1
FakeVideo-RealAudio/Caucasian (American)/men/id00169/00021_id03668_mjurT3_7DpE.npz,-3.9562079906463623,1
FakeVideo-RealAudio/Caucasian (American)/men/id00169/00021_id03678_dsfCxodI9i8.npz,-4.3055806159973145,1
FakeVideo-RealAudio/Caucasian (American)/men/id00169/00021_id04216_uDwxIsHkBIM.npz,0.4877789318561554,1
FakeVideo-RealAudio/Caucasian (American)/men/id00184/00241_id00018_sap-FjURHlc.npz,-5.971096992492676,1
FakeVideo-RealAudio/Caucasian (American)/men/id00184/00241_id00018_wavtolip.npz,-6.389570236206055,1
FakeVideo-RealAudio/Caucasian (American)/men/id00184/00241_id00062_bctnrIvZHTs.npz,-6.154760360717773,1
FakeVideo-RealAudio/Caucasian (American)/men/id00184/00241_id00062_wavtolip.npz,-6.252388954162598,1
FakeVideo-RealAudio/Caucasian (American)/men/id00184/00241_id00087_0ZbOp9FgZf8.npz,-6.1988325119018555,1
FakeVideo-RealAudio/Caucasian (American)/men/id00184/00241_id00087_0ZbOp9FgZf8_faceswap.npz,-6.287921905517578,1
FakeVideo-RealAudio/Caucasian (American)/men/id00184/00241_id00184_wavtolip.npz,-6.195705890655518,1
FakeVideo-RealAudio/Caucasian (American)/men/id00184/00241_id00264_wavtolip.npz,-6.447732925415039,1
FakeVideo-RealAudio/Caucasian (American)/men/id00184/00241_id00529_wavtolip.npz,-6.316780090332031,1
FakeVideo-RealAudio/Caucasian (American)/men/id00184/00241_id01042_afqWPqWwJIY.npz,-6.170802593231201,1
FakeVideo-RealAudio/Caucasian (American)/men/id00184/00241_id01044_wavtolip.npz,-6.297693252563477,1
FakeVideo-RealAudio/Caucasian (American)/men/id00184/00241_id01048_keflA4viWt8.npz,-5.464808940887451,1
FakeVideo-RealAudio/Caucasian (American)/men/id00184/00241_id01163_wavtolip.npz,-6.402822971343994,1
FakeVideo-RealAudio/Caucasian (American)/men/id00184/00241_id01201_Q8XWfmNiWYA.npz,-5.664673805236816,1
FakeVideo-RealAudio/Caucasian (American)/men/id00184/00241_id03668_wavtolip.npz,-6.292916297912598,1
FakeVideo-RealAudio/Caucasian (American)/men/id00184/00241_id03757_L-M-XbdFLQM.npz,-6.264562129974365,1
FakeVideo-RealAudio/Caucasian (American)/men/id00184/00241_id03757_wavtolip.npz,-6.584738731384277,1
FakeVideo-RealAudio/Caucasian (American)/men/id00184/00241_id04034_wavtolip.npz,-6.204396724700928,1
FakeVideo-RealAudio/Caucasian (American)/men/id00184/00241_id04216_uDwxIsHkBIM.npz,-6.05181360244751,1
FakeVideo-RealAudio/Caucasian (American)/men/id00184/00241_id04219_9llHvP-jYDg.npz,-6.245640754699707,1
FakeVideo-RealAudio/Caucasian (American)/men/id00184/00241_id04221_5XfsCrxGvj4.npz,-6.126379013061523,1
FakeVideo-RealAudio/Caucasian (American)/men/id00021/00010_id00018_sap-FjURHlc.npz,-6.443875789642334,1
FakeVideo-RealAudio/Caucasian (American)/men/id00021/00010_id00029_wavtolip.npz,-6.478315353393555,1
FakeVideo-RealAudio/Caucasian (American)/men/id00021/00010_id00049_wavtolip.npz,-6.288082122802734,1
FakeVideo-RealAudio/Caucasian (American)/men/id00021/00010_id00052_NK_leX996Yk.npz,-6.429696559906006,1
FakeVideo-RealAudio/Caucasian (American)/men/id00021/00010_id00088_6WIDWxr8vuU.npz,-6.401815891265869,1
FakeVideo-RealAudio/Caucasian (American)/men/id00021/00010_id00088_6WIDWxr8vuU_faceswap.npz,-6.383727550506592,1
FakeVideo-RealAudio/Caucasian (American)/men/id00021/00010_id00088_wavtolip.npz,-6.3107194900512695,1
FakeVideo-RealAudio/Caucasian (American)/men/id00021/00010_id00169_wavtolip.npz,-6.480525493621826,1
FakeVideo-RealAudio/Caucasian (American)/men/id00021/00010_id00179_Ux9OYyipQi8.npz,-6.430709362030029,1
FakeVideo-RealAudio/Caucasian (American)/men/id00021/00010_id00179_wavtolip.npz,-6.387907981872559,1
FakeVideo-RealAudio/Caucasian (American)/men/id00021/00010_id00775_wavtolip.npz,-6.460812091827393,1
FakeVideo-RealAudio/Caucasian (American)/men/id00021/00010_id00943_LxSv2rnBGA8.npz,-6.300157070159912,1
FakeVideo-RealAudio/Caucasian (American)/men/id00021/00010_id00943_wavtolip.npz,-6.121120452880859,1
FakeVideo-RealAudio/Caucasian (American)/men/id00021/00010_id01035_6EWG3Ywu3jg.npz,-6.348912715911865,1
FakeVideo-RealAudio/Caucasian (American)/men/id00021/00010_id01124_wavtolip.npz,-6.486554145812988,1
FakeVideo-RealAudio/Caucasian (American)/men/id00021/00010_id01175_Q_36xlWL6_o.npz,-6.415754318237305,1
FakeVideo-RealAudio/Caucasian (American)/men/id00021/00010_id01192_kAht8HG7-1s.npz,-6.42612361907959,1
FakeVideo-RealAudio/Caucasian (American)/men/id00021/00010_id01210_wavtolip.npz,-6.481642246246338,1
FakeVideo-RealAudio/Caucasian (American)/men/id00021/00010_id03525_wavtolip.npz,3.1468822956085205,1
FakeVideo-RealAudio/Caucasian (American)/men/id00021/00010_id04073_KT7B07WFWyM.npz,-6.442869186401367,1
FakeVideo-RealAudio/Caucasian (American)/men/id00021/00010_id04216_uDwxIsHkBIM.npz,-6.454368591308594,1
FakeVideo-RealAudio/Caucasian (American)/men/id01163/00195_0.npz,-2.5745458602905273,1
FakeVideo-RealAudio/Caucasian (American)/men/id01163/00195_id00018_sap-FjURHlc.npz,-6.3492279052734375,1
FakeVideo-RealAudio/Caucasian (American)/men/id01163/00195_id00018_sap-FjURHlc_faceswap.npz,-6.366591453552246,1
FakeVideo-RealAudio/Caucasian (American)/men/id01163/00195_id00060_gZ4RkcQ0SXE.npz,-6.3939995765686035,1
FakeVideo-RealAudio/Caucasian (American)/men/id01163/00195_id00062_bctnrIvZHTs.npz,-6.416562080383301,1
FakeVideo-RealAudio/Caucasian (American)/men/id01163/00195_id00062_wavtolip.npz,-6.40560245513916,1
FakeVideo-RealAudio/Caucasian (American)/men/id01163/00195_id00088_6WIDWxr8vuU.npz,-6.370804786682129,1
FakeVideo-RealAudio/Caucasian (American)/men/id01163/00195_id00169__V1xAwwG29U.npz,-6.394079208374023,1
FakeVideo-RealAudio/Caucasian (American)/men/id01163/00195_id00179_Ux9OYyipQi8.npz,-6.386273384094238,1
FakeVideo-RealAudio/Caucasian (American)/men/id01163/00195_id00529_wavtolip.npz,-6.244728088378906,1
FakeVideo-RealAudio/Caucasian (American)/men/id01163/00195_id00529_xtx2GeQN-DQ.npz,-6.4096527099609375,1
FakeVideo-RealAudio/Caucasian (American)/men/id01163/00195_id00708_wavtolip.npz,-6.497189521789551,1
FakeVideo-RealAudio/Caucasian (American)/men/id01163/00195_id01035_wavtolip.npz,-6.423728942871094,1
FakeVideo-RealAudio/Caucasian (American)/men/id01163/00195_id01096_wavtolip.npz,-6.429049491882324,1
FakeVideo-RealAudio/Caucasian (American)/men/id01163/00195_id01124_Lnf2oGSM00s.npz,-6.394939422607422,1
FakeVideo-RealAudio/Caucasian (American)/men/id01163/00195_id01192_kAht8HG7-1s.npz,-6.383604049682617,1
FakeVideo-RealAudio/Caucasian (American)/men/id01163/00195_id01239_wavtolip.npz,-6.387881278991699,1
FakeVideo-RealAudio/Caucasian (American)/men/id01163/00195_id03525_wavtolip.npz,-6.003572463989258,1
FakeVideo-RealAudio/Caucasian (American)/men/id01163/00195_id03668_wavtolip.npz,-6.4302520751953125,1
FakeVideo-RealAudio/Caucasian (American)/men/id01163/00195_id03757_wavtolip.npz,-6.568264007568359,1
FakeVideo-RealAudio/Caucasian (American)/men/id01163/00195_id04073_wavtolip.npz,-6.395013809204102,1
FakeVideo-RealAudio/Caucasian (American)/men/id01163/00195_id04216_uDwxIsHkBIM.npz,-6.391496181488037,1
FakeVideo-RealAudio/Caucasian (American)/men/id00088/00005_id00018_sap-FjURHlc.npz,-5.6893696784973145,1
FakeVideo-RealAudio/Caucasian (American)/men/id00088/00005_id00021_6uNNej-JZ-c.npz,-0.5824925899505615,1
FakeVideo-RealAudio/Caucasian (American)/men/id00088/00005_id00021_6uNNej-JZ-c_faceswap.npz,-6.343687057495117,1
FakeVideo-RealAudio/Caucasian (American)/men/id00088/00005_id00049_S_EHTUF-mQY.npz,-6.275895118713379,1
FakeVideo-RealAudio/Caucasian (American)/men/id00088/00005_id00052_NK_leX996Yk.npz,-6.1862640380859375,1
FakeVideo-RealAudio/Caucasian (American)/men/id00088/00005_id00060_gZ4RkcQ0SXE.npz,-6.133266925811768,1
FakeVideo-RealAudio/Caucasian (American)/men/id00088/00005_id00087_wavtolip.npz,-6.3270392417907715,1
FakeVideo-RealAudio/Caucasian (American)/men/id00088/00005_id00243_oWwEIXM3oZQ.npz,-5.951501369476318,1
FakeVideo-RealAudio/Caucasian (American)/men/id00088/00005_id00945_wavtolip.npz,-6.384751319885254,1
FakeVideo-RealAudio/Caucasian (American)/men/id00088/00005_id01035_wavtolip.npz,-6.431770324707031,1
FakeVideo-RealAudio/Caucasian (American)/men/id00088/00005_id01124_Lnf2oGSM00s.npz,-5.793060302734375,1
FakeVideo-RealAudio/Caucasian (American)/men/id00088/00005_id01163_QSMeUEH3lJM.npz,-4.331257343292236,1
FakeVideo-RealAudio/Caucasian (American)/men/id00088/00005_id01168_wavtolip.npz,-6.439354419708252,1
FakeVideo-RealAudio/Caucasian (American)/men/id00088/00005_id01182_wavtolip.npz,-6.248222827911377,1
FakeVideo-RealAudio/Caucasian (American)/men/id00088/00005_id01182_zca-PHR_U40.npz,-4.952705383300781,1
FakeVideo-RealAudio/Caucasian (American)/men/id00088/00005_id01201_Q8XWfmNiWYA.npz,-5.445732593536377,1
FakeVideo-RealAudio/Caucasian (American)/men/id00088/00005_id01211_wavtolip.npz,-6.422770023345947,1
FakeVideo-RealAudio/Caucasian (American)/men/id00088/00005_id03525_wavtolip.npz,-2.3474643230438232,1
FakeVideo-RealAudio/Caucasian (American)/men/id00088/00005_id04073_wavtolip.npz,-6.435946941375732,1
FakeVideo-RealAudio/Caucasian (American)/men/id00088/00005_id04219_wavtolip.npz,-6.5238356590271,1
FakeVideo-RealAudio/Caucasian (American)/men/id00088/00005_id04221_wavtolip.npz,-6.400208473205566,1
FakeVideo-RealAudio/Caucasian (American)/men/id00264/00257_0.npz,-6.372947692871094,1
FakeVideo-RealAudio/Caucasian (American)/men/id00264/00257_1.npz,-4.364551067352295,1
FakeVideo-RealAudio/Caucasian (American)/men/id00264/00257_2.npz,-5.432792663574219,1
FakeVideo-RealAudio/Caucasian (American)/men/id00264/00257_3.npz,-3.3259294033050537,1
FakeVideo-RealAudio/Caucasian (American)/men/id00264/00257_id00018_sap-FjURHlc.npz,-6.172240734100342,1
FakeVideo-RealAudio/Caucasian (American)/men/id00264/00257_id00018_wavtolip.npz,-6.312536716461182,1
FakeVideo-RealAudio/Caucasian (American)/men/id00264/00257_id00021_wavtolip.npz,-6.4534125328063965,1
FakeVideo-RealAudio/Caucasian (American)/men/id00264/00257_id00049_S_EHTUF-mQY.npz,-6.303780555725098,1
FakeVideo-RealAudio/Caucasian (American)/men/id00264/00257_id00052_NK_leX996Yk.npz,-6.156476020812988,1
FakeVideo-RealAudio/Caucasian (American)/men/id00264/00257_id00052_wavtolip.npz,-4.540058135986328,1
FakeVideo-RealAudio/Caucasian (American)/men/id00264/00257_id00169_wavtolip.npz,-6.455591201782227,1
FakeVideo-RealAudio/Caucasian (American)/men/id00264/00257_id00184_wavtolip.npz,-6.444130897521973,1
FakeVideo-RealAudio/Caucasian (American)/men/id00264/00257_id00529_xtx2GeQN-DQ.npz,-6.370820045471191,1
FakeVideo-RealAudio/Caucasian (American)/men/id00264/00257_id00696_7PrURACjhqU.npz,-6.361177444458008,1
FakeVideo-RealAudio/Caucasian (American)/men/id00264/00257_id00696_wavtolip.npz,-6.428702354431152,1
FakeVideo-RealAudio/Caucasian (American)/men/id00264/00257_id00945_V-rSeF8o5pc.npz,-6.442300319671631,1
FakeVideo-RealAudio/Caucasian (American)/men/id00264/00257_id01044_wavtolip.npz,-6.480319023132324,1
FakeVideo-RealAudio/Caucasian (American)/men/id00264/00257_id01124_wavtolip.npz,-6.478477478027344,1
FakeVideo-RealAudio/Caucasian (American)/men/id00264/00257_id01163_wavtolip.npz,-6.338993549346924,1
FakeVideo-RealAudio/Caucasian (American)/men/id00264/00257_id01182_zca-PHR_U40.npz,-6.264129638671875,1
FakeVideo-RealAudio/Caucasian (American)/men/id00264/00257_id01201_Q8XWfmNiWYA.npz,-6.324316024780273,1
FakeVideo-RealAudio/Caucasian (American)/men/id00264/00257_id03525_wavtolip.npz,-5.0676069259643555,1
FakeVideo-RealAudio/Caucasian (American)/men/id00264/00257_id03757_L-M-XbdFLQM.npz,-6.286503791809082,1
FakeVideo-RealAudio/Caucasian (American)/men/id00264/00257_id04073_KT7B07WFWyM.npz,-5.672067165374756,1
FakeVideo-RealAudio/Caucasian (American)/men/id00529/00409_id00018_sap-FjURHlc.npz,-6.218275547027588,1
FakeVideo-RealAudio/Caucasian (American)/men/id00529/00409_id00049_S_EHTUF-mQY.npz,-6.2753520011901855,1
FakeVideo-RealAudio/Caucasian (American)/men/id00529/00409_id00060_gZ4RkcQ0SXE.npz,-6.209479331970215,1
FakeVideo-RealAudio/Caucasian (American)/men/id00529/00409_id00062_wavtolip.npz,-6.350002765655518,1
FakeVideo-RealAudio/Caucasian (American)/men/id00529/00409_id00243_oWwEIXM3oZQ.npz,-6.219441890716553,1
FakeVideo-RealAudio/Caucasian (American)/men/id00529/00409_id00264_wavtolip.npz,-6.376166343688965,1
FakeVideo-RealAudio/Caucasian (American)/men/id00529/00409_id00775_wavtolip.npz,-6.454635143280029,1
FakeVideo-RealAudio/Caucasian (American)/men/id00529/00409_id01035_wavtolip.npz,-6.347566604614258,1
FakeVideo-RealAudio/Caucasian (American)/men/id00529/00409_id01042_wavtolip.npz,-6.448976516723633,1
FakeVideo-RealAudio/Caucasian (American)/men/id00529/00409_id01124_wavtolip.npz,-6.356235504150391,1
FakeVideo-RealAudio/Caucasian (American)/men/id00529/00409_id01163_QSMeUEH3lJM.npz,-6.21148681640625,1
FakeVideo-RealAudio/Caucasian (American)/men/id00529/00409_id01168_Uz7M0nTbgWM.npz,-6.275442123413086,1
FakeVideo-RealAudio/Caucasian (American)/men/id00529/00409_id01172_8f8sdrQatpw.npz,-6.310420036315918,1
FakeVideo-RealAudio/Caucasian (American)/men/id00529/00409_id01175_wavtolip.npz,-6.375585556030273,1
FakeVideo-RealAudio/Caucasian (American)/men/id00529/00409_id01211_wavtolip.npz,-6.279579162597656,1
FakeVideo-RealAudio/Caucasian (American)/men/id00529/00409_id03668_mjurT3_7DpE.npz,-6.269207000732422,1
FakeVideo-RealAudio/Caucasian (American)/men/id00529/00409_id03678_dsfCxodI9i8.npz,-6.269850254058838,1
FakeVideo-RealAudio/Caucasian (American)/men/id00529/00409_id03678_dsfCxodI9i8_faceswap.npz,-6.290829181671143,1
FakeVideo-RealAudio/Caucasian (American)/men/id00529/00409_id04034_8ZeJXbjFa_o.npz,-6.192610740661621,1
FakeVideo-RealAudio/Caucasian (American)/men/id00529/00409_id04073_wavtolip.npz,-6.343141555786133,1
FakeVideo-RealAudio/Caucasian (American)/men/id00529/00409_id04219_wavtolip.npz,-6.399601936340332,1
FakeVideo-RealAudio/Caucasian (American)/men/id00943/00304_0.npz,-5.731617450714111,1
FakeVideo-RealAudio/Caucasian (American)/men/id00943/00304_id00021_6uNNej-JZ-c.npz,-5.646825790405273,1
FakeVideo-RealAudio/Caucasian (American)/men/id00943/00304_id00021_6uNNej-JZ-c_faceswap.npz,-5.6836700439453125,1
FakeVideo-RealAudio/Caucasian (American)/men/id00943/00304_id00049_S_EHTUF-mQY.npz,-5.303746700286865,1
FakeVideo-RealAudio/Caucasian (American)/men/id00943/00304_id00052_NK_leX996Yk.npz,-5.448883533477783,1
FakeVideo-RealAudio/Caucasian (American)/men/id00943/00304_id00060_gZ4RkcQ0SXE.npz,-5.383981704711914,1
FakeVideo-RealAudio/Caucasian (American)/men/id00943/00304_id00060_wavtolip.npz,-3.6567161083221436,1
FakeVideo-RealAudio/Caucasian (American)/men/id00943/00304_id00179_Ux9OYyipQi8.npz,-5.4827094078063965,1
FakeVideo-RealAudio/Caucasian (American)/men/id00943/00304_id00345_wavtolip.npz,-6.3248395919799805,1
FakeVideo-RealAudio/Caucasian (American)/men/id00943/00304_id00529_wavtolip.npz,-6.248409271240234,1
FakeVideo-RealAudio/Caucasian (American)/men/id00943/00304_id00529_xtx2GeQN-DQ.npz,-5.475008964538574,1
FakeVideo-RealAudio/Caucasian (American)/men/id00943/00304_id00708_wavtolip.npz,-6.463786602020264,1
FakeVideo-RealAudio/Caucasian (American)/men/id00943/00304_id00775_yeCUxHgUHxc.npz,-5.335240364074707,1
FakeVideo-RealAudio/Caucasian (American)/men/id00943/00304_id00945_V-rSeF8o5pc.npz,-5.633573532104492,1
FakeVideo-RealAudio/Caucasian (American)/men/id00943/00304_id00945_wavtolip.npz,-6.403500080108643,1
FakeVideo-RealAudio/Caucasian (American)/men/id00943/00304_id01042_wavtolip.npz,-6.4676008224487305,1
FakeVideo-RealAudio/Caucasian (American)/men/id00943/00304_id01044_yL58R6zBNf4.npz,-5.568814754486084,1
FakeVideo-RealAudio/Caucasian (American)/men/id00943/00304_id01096_GHuYIC1WDks.npz,-5.5774641036987305,1
FakeVideo-RealAudio/Caucasian (American)/men/id00943/00304_id01172_wavtolip.npz,-2.8748462200164795,1
FakeVideo-RealAudio/Caucasian (American)/men/id00943/00304_id01201_wavtolip.npz,-5.890842437744141,1
FakeVideo-RealAudio/Caucasian (American)/men/id00943/00304_id03757_wavtolip.npz,-6.523144721984863,1
FakeVideo-RealAudio/Caucasian (American)/men/id00943/00304_id04216_wavtolip.npz,-6.3343000411987305,1
FakeVideo-RealAudio/Caucasian (American)/men/id01096/00037_0.npz,-5.872241973876953,1
FakeVideo-RealAudio/Caucasian (American)/men/id01096/00037_id00029_TGpCGl036qk.npz,-5.396122455596924,1
FakeVideo-RealAudio/Caucasian (American)/men/id01096/00037_id00060_wavtolip.npz,-2.0701162815093994,1
FakeVideo-RealAudio/Caucasian (American)/men/id01096/00037_id00087_0ZbOp9FgZf8.npz,-5.393739223480225,1
FakeVideo-RealAudio/Caucasian (American)/men/id01096/00037_id00179_Ux9OYyipQi8.npz,-5.396578311920166,1
FakeVideo-RealAudio/Caucasian (American)/men/id01096/00037_id00243_wavtolip.npz,-6.115869522094727,1
FakeVideo-RealAudio/Caucasian (American)/men/id01096/00037_id00708_Dzmb0FH1xBc.npz,-5.401278018951416,1
FakeVideo-RealAudio/Caucasian (American)/men/id01096/00037_id00775_yeCUxHgUHxc.npz,-5.402536869049072,1
FakeVideo-RealAudio/Caucasian (American)/men/id01096/00037_id00775_yeCUxHgUHxc_faceswap.npz,-5.387831211090088,1
FakeVideo-RealAudio/Caucasian (American)/men/id01096/00037_id00777_wavtolip.npz,-5.654260635375977,1
FakeVideo-RealAudio/Caucasian (American)/men/id01096/00037_id00943_LxSv2rnBGA8.npz,-5.391987323760986,1
FakeVideo-RealAudio/Caucasian (American)/men/id01096/00037_id00943_wavtolip.npz,-5.818748474121094,1
FakeVideo-RealAudio/Caucasian (American)/men/id01096/00037_id01035_wavtolip.npz,-6.331616401672363,1
FakeVideo-RealAudio/Caucasian (American)/men/id01096/00037_id01042_afqWPqWwJIY.npz,-5.387025833129883,1
FakeVideo-RealAudio/Caucasian (American)/men/id01096/00037_id01048_keflA4viWt8.npz,-5.3958282470703125,1
FakeVideo-RealAudio/Caucasian (American)/men/id01096/00037_id01048_wavtolip.npz,-6.306460857391357,1
FakeVideo-RealAudio/Caucasian (American)/men/id01096/00037_id01124_wavtolip.npz,-5.463860988616943,1
FakeVideo-RealAudio/Caucasian (American)/men/id01096/00037_id01163_wavtolip.npz,-6.373652458190918,1
FakeVideo-RealAudio/Caucasian (American)/men/id01096/00037_id01239_gJvquKo7kbA.npz,-5.390876770019531,1
FakeVideo-RealAudio/Caucasian (American)/men/id01096/00037_id03668_wavtolip.npz,-5.636184215545654,1
FakeVideo-RealAudio/Caucasian (American)/men/id01096/00037_id04216_wavtolip.npz,-6.351205825805664,1
FakeVideo-RealAudio/Caucasian (American)/men/id01096/00037_id04221_5XfsCrxGvj4.npz,-5.383152484893799,1
FakeVideo-RealAudio/Caucasian (American)/men/id00345/00243_0.npz,-6.423394203186035,1
FakeVideo-RealAudio/Caucasian (American)/men/id00345/00243_id00021_wavtolip.npz,-5.8212432861328125,1
FakeVideo-RealAudio/Caucasian (American)/men/id00345/00243_id00049_wavtolip.npz,-4.965366363525391,1
FakeVideo-RealAudio/Caucasian (American)/men/id00345/00243_id00060_wavtolip.npz,-3.940925121307373,1
FakeVideo-RealAudio/Caucasian (American)/men/id00345/00243_id00062_wavtolip.npz,-6.545228958129883,1
FakeVideo-RealAudio/Caucasian (American)/men/id00345/00243_id00088_6WIDWxr8vuU.npz,-6.379495620727539,1
FakeVideo-RealAudio/Caucasian (American)/men/id00345/00243_id00169__V1xAwwG29U.npz,-6.29595947265625,1
FakeVideo-RealAudio/Caucasian (American)/men/id00345/00243_id00169_wavtolip.npz,-6.577689170837402,1
FakeVideo-RealAudio/Caucasian (American)/men/id00345/00243_id00179_Ux9OYyipQi8.npz,-6.106973648071289,1
FakeVideo-RealAudio/Caucasian (American)/men/id00345/00243_id00179_Ux9OYyipQi8_faceswap.npz,-6.385220527648926,1
FakeVideo-RealAudio/Caucasian (American)/men/id00345/00243_id00179_wavtolip.npz,-6.592912673950195,1
FakeVideo-RealAudio/Caucasian (American)/men/id00345/00243_id00696_7PrURACjhqU.npz,-6.341180324554443,1
FakeVideo-RealAudio/Caucasian (American)/men/id00345/00243_id00945_wavtolip.npz,-6.295724868774414,1
FakeVideo-RealAudio/Caucasian (American)/men/id00345/00243_id01124_Lnf2oGSM00s.npz,-6.268101692199707,1
FakeVideo-RealAudio/Caucasian (American)/men/id00345/00243_id01182_wavtolip.npz,-5.023334503173828,1
FakeVideo-RealAudio/Caucasian (American)/men/id00345/00243_id01182_zca-PHR_U40.npz,-6.060018539428711,1
FakeVideo-RealAudio/Caucasian (American)/men/id00345/00243_id01210_sMdOO7NqsGY.npz,-6.2405853271484375,1
FakeVideo-RealAudio/Caucasian (American)/men/id00345/00243_id01211_ALJX69-RDG8.npz,-6.323129653930664,1
FakeVideo-RealAudio/Caucasian (American)/men/id00345/00243_id01239_gJvquKo7kbA.npz,-6.160641670227051,1
FakeVideo-RealAudio/Caucasian (American)/men/id00345/00243_id03668_wavtolip.npz,-6.593422889709473,1
FakeVideo-RealAudio/Caucasian (American)/men/id00345/00243_id04073_KT7B07WFWyM.npz,-6.300345420837402,1
FakeVideo-RealAudio/Caucasian (American)/men/id00345/00243_id04221_wavtolip.npz,-6.486175060272217,1
FakeVideo-RealAudio/Caucasian (American)/men/id01192/00217_id00062_bctnrIvZHTs.npz,-6.118267059326172,1
FakeVideo-RealAudio/Caucasian (American)/men/id01192/00217_id00169__V1xAwwG29U.npz,-6.138513565063477,1
FakeVideo-RealAudio/Caucasian (American)/men/id01192/00217_id00184_wavtolip.npz,-6.270169258117676,1
FakeVideo-RealAudio/Caucasian (American)/men/id01192/00217_id00243_wavtolip.npz,-5.755884170532227,1
FakeVideo-RealAudio/Caucasian (American)/men/id01192/00217_id00529_wavtolip.npz,-6.306199550628662,1
FakeVideo-RealAudio/Caucasian (American)/men/id01192/00217_id00708_wavtolip.npz,-6.506309509277344,1
FakeVideo-RealAudio/Caucasian (American)/men/id01192/00217_id00775_yeCUxHgUHxc.npz,-6.1327691078186035,1
FakeVideo-RealAudio/Caucasian (American)/men/id01192/00217_id00943_wavtolip.npz,-6.124556064605713,1
FakeVideo-RealAudio/Caucasian (American)/men/id01192/00217_id00945_wavtolip.npz,-6.271923542022705,1
FakeVideo-RealAudio/Caucasian (American)/men/id01192/00217_id01042_afqWPqWwJIY.npz,-6.147680282592773,1
FakeVideo-RealAudio/Caucasian (American)/men/id01192/00217_id01044_wavtolip.npz,-6.219303131103516,1
FakeVideo-RealAudio/Caucasian (American)/men/id01192/00217_id01044_yL58R6zBNf4.npz,-6.141073226928711,1
FakeVideo-RealAudio/Caucasian (American)/men/id01192/00217_id01105_qxMlGJlyfA8.npz,-6.14415979385376,1
FakeVideo-RealAudio/Caucasian (American)/men/id01192/00217_id01105_qxMlGJlyfA8_faceswap.npz,-6.158885955810547,1
FakeVideo-RealAudio/Caucasian (American)/men/id01192/00217_id01163_QSMeUEH3lJM.npz,-6.144529342651367,1
FakeVideo-RealAudio/Caucasian (American)/men/id01192/00217_id01201_wavtolip.npz,-6.206385135650635,1
FakeVideo-RealAudio/Caucasian (American)/men/id01192/00217_id01239_gJvquKo7kbA.npz,-6.109220027923584,1
FakeVideo-RealAudio/Caucasian (American)/men/id01192/00217_id04034_wavtolip.npz,-6.19651985168457,1
FakeVideo-RealAudio/Caucasian (American)/men/id01192/00217_id04073_KT7B07WFWyM.npz,-6.154594421386719,1
FakeVideo-RealAudio/Caucasian (American)/men/id01192/00217_id04073_wavtolip.npz,-6.213809967041016,1
FakeVideo-RealAudio/Caucasian (American)/men/id01192/00217_id04221_5XfsCrxGvj4.npz,-6.13231086730957,1
FakeVideo-RealAudio/Caucasian (American)/men/id03678/00078_0.npz,-6.035678863525391,1
FakeVideo-RealAudio/Caucasian (American)/men/id03678/00078_id00018_sap-FjURHlc.npz,-6.221717357635498,1
FakeVideo-RealAudio/Caucasian (American)/men/id03678/00078_id00021_wavtolip.npz,-6.068607330322266,1
FakeVideo-RealAudio/Caucasian (American)/men/id03678/00078_id00049_S_EHTUF-mQY.npz,-6.2051286697387695,1
FakeVideo-RealAudio/Caucasian (American)/men/id03678/00078_id00169__V1xAwwG29U.npz,-6.258452415466309,1
FakeVideo-RealAudio/Caucasian (American)/men/id03678/00078_id00243_oWwEIXM3oZQ.npz,-6.216360569000244,1
FakeVideo-RealAudio/Caucasian (American)/men/id03678/00078_id00345_wavtolip.npz,-6.510567665100098,1
FakeVideo-RealAudio/Caucasian (American)/men/id03678/00078_id00529_xtx2GeQN-DQ.npz,-6.2139892578125,1
FakeVideo-RealAudio/Caucasian (American)/men/id03678/00078_id00696_7PrURACjhqU.npz,-6.197168350219727,1
FakeVideo-RealAudio/Caucasian (American)/men/id03678/00078_id00775_wavtolip.npz,-6.014397621154785,1
FakeVideo-RealAudio/Caucasian (American)/men/id03678/00078_id01048_wavtolip.npz,-6.449583530426025,1
FakeVideo-RealAudio/Caucasian (American)/men/id03678/00078_id01124_Lnf2oGSM00s.npz,-6.205499172210693,1
FakeVideo-RealAudio/Caucasian (American)/men/id03678/00078_id01124_wavtolip.npz,-6.425499439239502,1
FakeVideo-RealAudio/Caucasian (American)/men/id03678/00078_id01163_QSMeUEH3lJM.npz,-6.206646919250488,1
FakeVideo-RealAudio/Caucasian (American)/men/id03678/00078_id01172_8f8sdrQatpw.npz,-6.206567287445068,1
FakeVideo-RealAudio/Caucasian (American)/men/id03678/00078_id01182_wavtolip.npz,-5.078140735626221,1
FakeVideo-RealAudio/Caucasian (American)/men/id03678/00078_id01192_wavtolip.npz,-6.384805679321289,1
FakeVideo-RealAudio/Caucasian (American)/men/id03678/00078_id01201_wavtolip.npz,-6.412045001983643,1
FakeVideo-RealAudio/Caucasian (American)/men/id03678/00078_id03668_mjurT3_7DpE.npz,-6.274065971374512,1
FakeVideo-RealAudio/Caucasian (American)/men/id03678/00078_id03668_mjurT3_7DpE_faceswap.npz,-6.197492599487305,1
FakeVideo-RealAudio/Caucasian (American)/men/id03678/00078_id03757_wavtolip.npz,-6.553219795227051,1
FakeVideo-RealAudio/Caucasian (American)/men/id03678/00078_id04219_wavtolip.npz,-5.166202545166016,1
FakeVideo-RealAudio/Caucasian (American)/men/id00018/00181_0.npz,-6.173958778381348,1
FakeVideo-RealAudio/Caucasian (American)/men/id00018/00181_id00060_wavtolip.npz,-5.090023517608643,1
FakeVideo-RealAudio/Caucasian (American)/men/id00018/00181_id00088_6WIDWxr8vuU.npz,-6.224495887756348,1
FakeVideo-RealAudio/Caucasian (American)/men/id00018/00181_id00169__V1xAwwG29U.npz,-6.342912197113037,1
FakeVideo-RealAudio/Caucasian (American)/men/id00018/00181_id00243_oWwEIXM3oZQ.npz,-6.3298211097717285,1
FakeVideo-RealAudio/Caucasian (American)/men/id00018/00181_id00264_wavtolip.npz,-6.426022529602051,1
FakeVideo-RealAudio/Caucasian (American)/men/id00018/00181_id00696_7PrURACjhqU.npz,-6.379490852355957,1
FakeVideo-RealAudio/Caucasian (American)/men/id00018/00181_id01035_wavtolip.npz,-6.419661521911621,1
FakeVideo-RealAudio/Caucasian (American)/men/id00018/00181_id01048_wavtolip.npz,-6.516279220581055,1
FakeVideo-RealAudio/Caucasian (American)/men/id00018/00181_id01124_Lnf2oGSM00s.npz,-6.360755920410156,1
FakeVideo-RealAudio/Caucasian (American)/men/id00018/00181_id01163_QSMeUEH3lJM.npz,-6.287745475769043,1
FakeVideo-RealAudio/Caucasian (American)/men/id00018/00181_id01163_wavtolip.npz,-6.433320999145508,1
FakeVideo-RealAudio/Caucasian (American)/men/id00018/00181_id01182_wavtolip.npz,-5.390092849731445,1
FakeVideo-RealAudio/Caucasian (American)/men/id00018/00181_id01192_wavtolip.npz,-6.407477378845215,1
FakeVideo-RealAudio/Caucasian (American)/men/id00018/00181_id01201_Q8XWfmNiWYA.npz,-6.294005393981934,1
FakeVideo-RealAudio/Caucasian (American)/men/id00018/00181_id01201_Q8XWfmNiWYA_faceswap.npz,-6.384883403778076,1
FakeVideo-RealAudio/Caucasian (American)/men/id00018/00181_id01210_wavtolip.npz,-6.495434761047363,1
FakeVideo-RealAudio/Caucasian (American)/men/id00018/00181_id03525_wavtolip.npz,-6.146859169006348,1
FakeVideo-RealAudio/Caucasian (American)/men/id00018/00181_id03678_dsfCxodI9i8.npz,-6.1416192054748535,1
FakeVideo-RealAudio/Caucasian (American)/men/id00018/00181_id03757_L-M-XbdFLQM.npz,-6.259115695953369,1
FakeVideo-RealAudio/Caucasian (American)/men/id00018/00181_id04219_9llHvP-jYDg.npz,-6.335029125213623,1
FakeVideo-RealAudio/Caucasian (American)/men/id00018/00181_id04219_wavtolip.npz,-6.512451171875,1
FakeVideo-RealAudio/Caucasian (American)/men/id00049/00118_id00018_sap-FjURHlc.npz,-5.855923175811768,1
FakeVideo-RealAudio/Caucasian (American)/men/id00049/00118_id00020_VXYAbbQWyQM.npz,-5.418150424957275,1
FakeVideo-RealAudio/Caucasian (American)/men/id00049/00118_id00169__V1xAwwG29U.npz,-5.686614990234375,1
FakeVideo-RealAudio/Caucasian (American)/men/id00049/00118_id00169_wavtolip.npz,-6.402318954467773,1
FakeVideo-RealAudio/Caucasian (American)/men/id00049/00118_id00179_wavtolip.npz,-6.332388401031494,1
FakeVideo-RealAudio/Caucasian (American)/men/id00049/00118_id00345_wavtolip.npz,-6.4919939041137695,1
FakeVideo-RealAudio/Caucasian (American)/men/id00049/00118_id00529_xtx2GeQN-DQ.npz,-5.890374183654785,1
FakeVideo-RealAudio/Caucasian (American)/men/id00049/00118_id00696_7PrURACjhqU.npz,-5.9901652336120605,1
FakeVideo-RealAudio/Caucasian (American)/men/id00049/00118_id00775_yeCUxHgUHxc.npz,-5.973423957824707,1
FakeVideo-RealAudio/Caucasian (American)/men/id00049/00118_id00775_yeCUxHgUHxc_faceswap.npz,-6.041134834289551,1
FakeVideo-RealAudio/Caucasian (American)/men/id00049/00118_id00943_LxSv2rnBGA8.npz,-5.874643802642822,1
FakeVideo-RealAudio/Caucasian (American)/men/id00049/00118_id01163_wavtolip.npz,-6.375398635864258,1
FakeVideo-RealAudio/Caucasian (American)/men/id00049/00118_id01182_wavtolip.npz,-5.7467875480651855,1
FakeVideo-RealAudio/Caucasian (American)/men/id00049/00118_id01192_wavtolip.npz,-6.117761611938477,1
FakeVideo-RealAudio/Caucasian (American)/men/id00049/00118_id01201_wavtolip.npz,-6.05174446105957,1
FakeVideo-RealAudio/Caucasian (American)/men/id00049/00118_id03668_mjurT3_7DpE.npz,-5.9925618171691895,1
FakeVideo-RealAudio/Caucasian (American)/men/id00049/00118_id03668_wavtolip.npz,-6.156332969665527,1
FakeVideo-RealAudio/Caucasian (American)/men/id00049/00118_id03678_dsfCxodI9i8.npz,-5.966653823852539,1
FakeVideo-RealAudio/Caucasian (American)/men/id00049/00118_id03678_wavtolip.npz,-6.344820499420166,1
FakeVideo-RealAudio/Caucasian (American)/men/id00049/00118_id04216_wavtolip.npz,-6.361982345581055,1
FakeVideo-RealAudio/Caucasian (American)/men/id00049/00118_id04219_9llHvP-jYDg.npz,-5.876176834106445,1
FakeVideo-RealAudio/Caucasian (American)/men/id00087/00002_id00029_wavtolip.npz,-6.069157600402832,1
FakeVideo-RealAudio/Caucasian (American)/men/id00087/00002_id00060_wavtolip.npz,-5.4529643058776855,1
FakeVideo-RealAudio/Caucasian (American)/men/id00087/00002_id00184_WaTN0ry04Qs.npz,-6.0725297927856445,1
FakeVideo-RealAudio/Caucasian (American)/men/id00087/00002_id00345_wavtolip.npz,-6.483000755310059,1
FakeVideo-RealAudio/Caucasian (American)/men/id00087/00002_id00696_wavtolip.npz,-6.285223960876465,1
FakeVideo-RealAudio/Caucasian (American)/men/id00087/00002_id00708_Dzmb0FH1xBc.npz,-3.9405839443206787,1
FakeVideo-RealAudio/Caucasian (American)/men/id00087/00002_id00775_yeCUxHgUHxc.npz,-6.06604528427124,1
FakeVideo-RealAudio/Caucasian (American)/men/id00087/00002_id00775_yeCUxHgUHxc_faceswap.npz,-5.931771278381348,1
FakeVideo-RealAudio/Caucasian (American)/men/id00087/00002_id00777_wavtolip.npz,-6.126986026763916,1
FakeVideo-RealAudio/Caucasian (American)/men/id00087/00002_id00943_LxSv2rnBGA8.npz,-6.108516216278076,1
FakeVideo-RealAudio/Caucasian (American)/men/id00087/00002_id00945_V-rSeF8o5pc.npz,-6.105762481689453,1
FakeVideo-RealAudio/Caucasian (American)/men/id00087/00002_id01042_afqWPqWwJIY.npz,-6.0511474609375,1
FakeVideo-RealAudio/Caucasian (American)/men/id00087/00002_id01044_wavtolip.npz,-6.121312141418457,1
FakeVideo-RealAudio/Caucasian (American)/men/id00087/00002_id01044_yL58R6zBNf4.npz,-6.003820896148682,1
FakeVideo-RealAudio/Caucasian (American)/men/id00087/00002_id01096_GHuYIC1WDks.npz,-6.00821590423584,1
FakeVideo-RealAudio/Caucasian (American)/men/id00087/00002_id01168_wavtolip.npz,-6.397231578826904,1
FakeVideo-RealAudio/Caucasian (American)/men/id00087/00002_id01172_wavtolip.npz,-4.6263813972473145,1
FakeVideo-RealAudio/Caucasian (American)/men/id00087/00002_id03525_5qVmWkkCk3k.npz,-5.782601356506348,1
FakeVideo-RealAudio/Caucasian (American)/men/id00087/00002_id03668_wavtolip.npz,-6.124610900878906,1
FakeVideo-RealAudio/Caucasian (American)/men/id00087/00002_id03757_L-M-XbdFLQM.npz,-6.122584819793701,1
FakeVideo-RealAudio/Caucasian (American)/men/id00087/00002_id04216_wavtolip.npz,-6.32663631439209,1
FakeVideo-RealAudio/Caucasian (American)/women/id01216/00025_0.npz,-5.998046875,1
FakeVideo-RealAudio/Caucasian (American)/women/id01216/00025_id00025_PjSeVtbvSjA.npz,4.651790142059326,1
FakeVideo-RealAudio/Caucasian (American)/women/id01216/00025_id00097_PchMB8-P1lw.npz,4.579677104949951,1
FakeVideo-RealAudio/Caucasian (American)/women/id01216/00025_id00261_wavtolip.npz,-5.935357570648193,1
FakeVideo-RealAudio/Caucasian (American)/women/id01216/00025_id00272_VLY1boTtbRM.npz,4.617286682128906,1
FakeVideo-RealAudio/Caucasian (American)/women/id01216/00025_id00383_wavtolip.npz,-5.813004493713379,1
FakeVideo-RealAudio/Caucasian (American)/women/id01216/00025_id00458_wavtolip.npz,-4.856943607330322,1
FakeVideo-RealAudio/Caucasian (American)/women/id01216/00025_id00462_EMnGfAq9gg4.npz,4.6495747566223145,1
FakeVideo-RealAudio/Caucasian (American)/women/id01216/00025_id00575_wavtolip.npz,-6.289919853210449,1
FakeVideo-RealAudio/Caucasian (American)/women/id01216/00025_id00618_wavtolip.npz,-5.962060928344727,1
FakeVideo-RealAudio/Caucasian (American)/women/id01216/00025_id00841_wavtolip.npz,-5.141166687011719,1
FakeVideo-RealAudio/Caucasian (American)/women/id01216/00025_id01004_wavtolip.npz,-6.524774551391602,1
FakeVideo-RealAudio/Caucasian (American)/women/id01216/00025_id01075_MtJUiHspdT0.npz,4.67371940612793,1
FakeVideo-RealAudio/Caucasian (American)/women/id01216/00025_id01091_wavtolip.npz,-6.309240341186523,1
FakeVideo-RealAudio/Caucasian (American)/women/id01216/00025_id01217_7lVC4xEK_6E.npz,4.585173606872559,1
FakeVideo-RealAudio/Caucasian (American)/women/id01216/00025_id01223_TO3ym8Gwp7k.npz,4.525771141052246,1
FakeVideo-RealAudio/Caucasian (American)/women/id01216/00025_id01225_WuzuZoM84Ws.npz,4.714815616607666,1
FakeVideo-RealAudio/Caucasian (American)/women/id01216/00025_id01227_wavtolip.npz,-6.042768955230713,1
FakeVideo-RealAudio/Caucasian (American)/women/id01216/00025_id01231_XXpYdOHUF-g.npz,4.702923774719238,1
FakeVideo-RealAudio/Caucasian (American)/women/id01216/00025_id03556_wavtolip.npz,-5.5205230712890625,1
FakeVideo-RealAudio/Caucasian (American)/women/id01216/00025_id03707_pwNcRPQ5qdo.npz,4.588859558105469,1
FakeVideo-RealAudio/Caucasian (American)/women/id01216/00025_id03707_pwNcRPQ5qdo_faceswap.npz,4.926758766174316,1
FakeVideo-RealAudio/Caucasian (American)/women/id03781/00021_0.npz,-6.241672039031982,1
FakeVideo-RealAudio/Caucasian (American)/women/id03781/00113_id00025_PjSeVtbvSjA.npz,-6.345789909362793,1
FakeVideo-RealAudio/Caucasian (American)/women/id03781/00113_id00428_Kr7n-68JWww.npz,-6.353864669799805,1
FakeVideo-RealAudio/Caucasian (American)/women/id03781/00113_id00428_wavtolip.npz,-6.395866394042969,1
FakeVideo-RealAudio/Caucasian (American)/women/id03781/00113_id00458_wavtolip.npz,-5.3628129959106445,1
FakeVideo-RealAudio/Caucasian (American)/women/id03781/00113_id00462_EMnGfAq9gg4.npz,-6.356345176696777,1
FakeVideo-RealAudio/Caucasian (American)/women/id03781/00113_id00555_wavtolip.npz,-6.336404800415039,1
FakeVideo-RealAudio/Caucasian (American)/women/id03781/00113_id00618__TwV2SmUIlY.npz,-6.353276252746582,1
FakeVideo-RealAudio/Caucasian (American)/women/id03781/00113_id00680_wavtolip.npz,-6.413585662841797,1
FakeVideo-RealAudio/Caucasian (American)/women/id03781/00113_id00841_wavtolip.npz,-5.0147705078125,1
FakeVideo-RealAudio/Caucasian (American)/women/id03781/00113_id00848_o1_9Cu3YMN0.npz,-6.359454154968262,1
FakeVideo-RealAudio/Caucasian (American)/women/id03781/00113_id00848_wavtolip.npz,-6.398592948913574,1
FakeVideo-RealAudio/Caucasian (American)/women/id03781/00113_id01004_867Wlj7Gw68.npz,-6.362268447875977,1
FakeVideo-RealAudio/Caucasian (American)/women/id03781/00113_id01005_wavtolip.npz,-6.39337158203125,1
FakeVideo-RealAudio/Caucasian (American)/women/id03781/00113_id01091_wavtolip.npz,-6.371358871459961,1
FakeVideo-RealAudio/Caucasian (American)/women/id03781/00113_id01225_wavtolip.npz,-5.864584445953369,1
FakeVideo-RealAudio/Caucasian (American)/women/id03781/00113_id01227_wavtolip.npz,-5.3229193687438965,1
FakeVideo-RealAudio/Caucasian (American)/women/id03781/00113_id01245_7pYBPczR_z0.npz,-6.358241081237793,1
FakeVideo-RealAudio/Caucasian (American)/women/id03781/00113_id02464_1hxJsZYV7mI.npz,-6.369961261749268,1
FakeVideo-RealAudio/Caucasian (American)/women/id03781/00113_id02466_VOgaA7O5yWY.npz,-6.340452194213867,1
FakeVideo-RealAudio/Caucasian (American)/women/id03781/00113_id03605_JGZt9DAhBRs.npz,-6.372023582458496,1
FakeVideo-RealAudio/Caucasian (American)/women/id03781/00195_0.npz,-5.842910289764404,1
FakeVideo-RealAudio/Caucasian (American)/women/id03781/00336_0.npz,-5.795615196228027,1
FakeVideo-RealAudio/Caucasian (American)/women/id00398/00016_0.npz,-5.969993591308594,1
FakeVideo-RealAudio/Caucasian (American)/women/id00398/00016_id00025_PjSeVtbvSjA.npz,-6.201615333557129,1
FakeVideo-RealAudio/Caucasian (American)/women/id00398/00016_id00098_wavtolip.npz,-5.393679141998291,1
FakeVideo-RealAudio/Caucasian (American)/women/id00398/00016_id00100_sZ0Ex4WUEgM.npz,-6.231512069702148,1
FakeVideo-RealAudio/Caucasian (American)/women/id00398/00016_id00231_wavtolip.npz,-6.131020545959473,1
FakeVideo-RealAudio/Caucasian (American)/women/id00398/00016_id00272_VLY1boTtbRM.npz,-6.250548362731934,1
FakeVideo-RealAudio/Caucasian (American)/women/id00398/00016_id00381_wavtolip.npz,-2.516296148300171,1
FakeVideo-RealAudio/Caucasian (American)/women/id00398/00016_id00385_oqf8cNi7lOI.npz,-6.225100517272949,1
FakeVideo-RealAudio/Caucasian (American)/women/id00398/00016_id00575_iPfJcAJQ84Y.npz,-6.2499589920043945,1
FakeVideo-RealAudio/Caucasian (American)/women/id00398/00016_id00575_wavtolip.npz,-6.294436931610107,1
FakeVideo-RealAudio/Caucasian (American)/women/id00398/00016_id00618__TwV2SmUIlY.npz,-6.230859279632568,1
FakeVideo-RealAudio/Caucasian (American)/women/id00398/00016_id00618__TwV2SmUIlY_faceswap.npz,-6.209433078765869,1
FakeVideo-RealAudio/Caucasian (American)/women/id00398/00016_id00835_zWTp4szbb5k.npz,-6.248831748962402,1
FakeVideo-RealAudio/Caucasian (American)/women/id00398/00016_id00841_wavtolip.npz,-4.264617919921875,1
FakeVideo-RealAudio/Caucasian (American)/women/id00398/00016_id00842_wavtolip.npz,-5.971183776855469,1
FakeVideo-RealAudio/Caucasian (American)/women/id00398/00016_id01004_wavtolip.npz,-6.54863166809082,1
FakeVideo-RealAudio/Caucasian (American)/women/id00398/00016_id01225_WuzuZoM84Ws.npz,-6.2504401206970215,1
FakeVideo-RealAudio/Caucasian (American)/women/id00398/00016_id01225_wavtolip.npz,-3.7438604831695557,1
FakeVideo-RealAudio/Caucasian (American)/women/id00398/00016_id01231_XXpYdOHUF-g.npz,-6.238893985748291,1
FakeVideo-RealAudio/Caucasian (American)/women/id00398/00016_id01238_VPdv2sexRy0.npz,-6.162453651428223,1
FakeVideo-RealAudio/Caucasian (American)/women/id00398/00016_id03696_wavtolip.npz,-5.04361629486084,1
FakeVideo-RealAudio/Caucasian (American)/women/id00398/00016_id03781_wavtolip.npz,-6.269279479980469,1
FakeVideo-RealAudio/Caucasian (American)/women/id00616/00305_0.npz,-6.207884788513184,1
FakeVideo-RealAudio/Caucasian (American)/women/id00616/00305_id00098_Rs_fnQ0tnqQ.npz,-5.815797805786133,1
FakeVideo-RealAudio/Caucasian (American)/women/id00616/00305_id00098_wavtolip.npz,-5.6887712478637695,1
FakeVideo-RealAudio/Caucasian (American)/women/id00616/00305_id00100_wavtolip.npz,-5.616733551025391,1
FakeVideo-RealAudio/Caucasian (American)/women/id00616/00305_id00261_gYQ5Scz5FnA.npz,-5.760073661804199,1
FakeVideo-RealAudio/Caucasian (American)/women/id00616/00305_id00291_L_SLT-j82Ms.npz,-5.812069892883301,1
FakeVideo-RealAudio/Caucasian (American)/women/id00616/00305_id00291_wavtolip.npz,-5.330974102020264,1
FakeVideo-RealAudio/Caucasian (American)/women/id00616/00305_id00381_79zqA0CZh8s.npz,-5.807949066162109,1
FakeVideo-RealAudio/Caucasian (American)/women/id00616/00305_id00381_wavtolip.npz,-4.635553359985352,1
FakeVideo-RealAudio/Caucasian (American)/women/id00616/00305_id00431_DyRvPN6rEfU.npz,-5.766332626342773,1
FakeVideo-RealAudio/Caucasian (American)/women/id00616/00305_id00680_wavtolip.npz,-6.1950531005859375,1
FakeVideo-RealAudio/Caucasian (American)/women/id00616/00305_id00835_wavtolip.npz,-6.444965839385986,1
FakeVideo-RealAudio/Caucasian (American)/women/id00616/00305_id00841_wavtolip.npz,-4.06791877746582,1
FakeVideo-RealAudio/Caucasian (American)/women/id00616/00305_id00842_wavtolip.npz,-6.176527500152588,1
FakeVideo-RealAudio/Caucasian (American)/women/id00616/00305_id01225_WuzuZoM84Ws.npz,-5.651662826538086,1
FakeVideo-RealAudio/Caucasian (American)/women/id00616/00305_id01225_wavtolip.npz,-5.9123640060424805,1
FakeVideo-RealAudio/Caucasian (American)/women/id00616/00305_id01227_eNr-P3gIrgo.npz,-5.732036590576172,1
FakeVideo-RealAudio/Caucasian (American)/women/id00616/00305_id01245_7pYBPczR_z0.npz,-5.633209228515625,1
FakeVideo-RealAudio/Caucasian (American)/women/id00616/00305_id02464_wavtolip.npz,-5.842831611633301,1
FakeVideo-RealAudio/Caucasian (American)/women/id00616/00305_id03605_JGZt9DAhBRs.npz,-5.772487640380859,1
FakeVideo-RealAudio/Caucasian (American)/women/id00616/00305_id03696_Kz45DNXKLXI.npz,-5.781426429748535,1
FakeVideo-RealAudio/Caucasian (American)/women/id00145/00043_id00025_PjSeVtbvSjA.npz,-6.117040634155273,1
FakeVideo-RealAudio/Caucasian (American)/women/id00145/00043_id00098_wavtolip.npz,-6.224655628204346,1
FakeVideo-RealAudio/Caucasian (American)/women/id00145/00043_id00180_lkeAa8Od_tg.npz,-6.020881175994873,1
FakeVideo-RealAudio/Caucasian (American)/women/id00145/00043_id00383_wavtolip.npz,-6.0849714279174805,1
FakeVideo-RealAudio/Caucasian (American)/women/id00145/00043_id00428_Kr7n-68JWww.npz,-6.005594253540039,1
FakeVideo-RealAudio/Caucasian (American)/women/id00145/00043_id00458_K4t1pQZL7ck.npz,-6.00382137298584,1
FakeVideo-RealAudio/Caucasian (American)/women/id00145/00043_id00458_wavtolip.npz,-4.557014465332031,1
FakeVideo-RealAudio/Caucasian (American)/women/id00145/00043_id00462_wavtolip.npz,-6.442475318908691,1
FakeVideo-RealAudio/Caucasian (American)/women/id00145/00043_id00555_wavtolip.npz,-6.164890766143799,1
FakeVideo-RealAudio/Caucasian (American)/women/id00145/00043_id00618__TwV2SmUIlY.npz,-6.042355060577393,1
FakeVideo-RealAudio/Caucasian (American)/women/id00145/00043_id01004_867Wlj7Gw68.npz,-5.853586673736572,1
FakeVideo-RealAudio/Caucasian (American)/women/id00145/00043_id01004_867Wlj7Gw68_faceswap.npz,-6.012325286865234,1
FakeVideo-RealAudio/Caucasian (American)/women/id00145/00043_id01005_wavtolip.npz,-6.0428996086120605,1
FakeVideo-RealAudio/Caucasian (American)/women/id00145/00043_id01075_wavtolip.npz,-5.99647331237793,1
FakeVideo-RealAudio/Caucasian (American)/women/id00145/00043_id01223_TO3ym8Gwp7k.npz,-6.017281532287598,1
FakeVideo-RealAudio/Caucasian (American)/women/id00145/00043_id01248_2y-HnTO8WrQ.npz,-5.858375549316406,1
FakeVideo-RealAudio/Caucasian (American)/women/id00145/00043_id03605_JGZt9DAhBRs.npz,-6.0509161949157715,1
FakeVideo-RealAudio/Caucasian (American)/women/id00145/00043_id03605_wavtolip.npz,-6.099913597106934,1
FakeVideo-RealAudio/Caucasian (American)/women/id00145/00043_id03696_wavtolip.npz,-4.949979782104492,1
FakeVideo-RealAudio/Caucasian (American)/women/id00145/00043_id03707_pwNcRPQ5qdo.npz,-6.028009414672852,1
FakeVideo-RealAudio/Caucasian (American)/women/id00145/00043_id03781_wavtolip.npz,-6.29766321182251,1
FakeVideo-RealAudio/Caucasian (American)/women/id00261/00048_id00100_sZ0Ex4WUEgM.npz,-6.265787124633789,1
FakeVideo-RealAudio/Caucasian (American)/women/id00261/00048_id00180_wavtolip.npz,-6.296690940856934,1
FakeVideo-RealAudio/Caucasian (American)/women/id00261/00048_id00190_oZUSqqG9wu4.npz,-6.2643256187438965,1
FakeVideo-RealAudio/Caucasian (American)/women/id00261/00048_id00231_wavtolip.npz,-6.285207271575928,1
FakeVideo-RealAudio/Caucasian (American)/women/id00261/00048_id00261_wavtolip.npz,-6.270371437072754,1
FakeVideo-RealAudio/Caucasian (American)/women/id00261/00048_id00385_oqf8cNi7lOI.npz,-6.261552810668945,1
FakeVideo-RealAudio/Caucasian (American)/women/id00261/00048_id00418_wavtolip.npz,-6.357741832733154,1
FakeVideo-RealAudio/Caucasian (American)/women/id00261/00048_id00428_Kr7n-68JWww.npz,-6.268551826477051,1
FakeVideo-RealAudio/Caucasian (American)/women/id00261/00048_id00431_wavtolip.npz,-6.655457019805908,1
FakeVideo-RealAudio/Caucasian (American)/women/id00261/00048_id00618__TwV2SmUIlY.npz,-6.265170097351074,1
FakeVideo-RealAudio/Caucasian (American)/women/id00261/00048_id00680_wavtolip.npz,-6.448300361633301,1
FakeVideo-RealAudio/Caucasian (American)/women/id00261/00048_id01075_MtJUiHspdT0.npz,-6.266719818115234,1
FakeVideo-RealAudio/Caucasian (American)/women/id00261/00048_id01225_wavtolip.npz,-5.986380100250244,1
FakeVideo-RealAudio/Caucasian (American)/women/id00261/00048_id01227_eNr-P3gIrgo.npz,-6.269780158996582,1
FakeVideo-RealAudio/Caucasian (American)/women/id00261/00048_id01227_wavtolip.npz,-6.332530975341797,1
FakeVideo-RealAudio/Caucasian (American)/women/id00261/00048_id01231_XXpYdOHUF-g.npz,-6.268738746643066,1
FakeVideo-RealAudio/Caucasian (American)/women/id00261/00048_id01245_wavtolip.npz,-6.288108825683594,1
FakeVideo-RealAudio/Caucasian (American)/women/id00261/00048_id03605_JGZt9DAhBRs.npz,-6.271343231201172,1
FakeVideo-RealAudio/Caucasian (American)/women/id00261/00048_id03605_JGZt9DAhBRs_faceswap.npz,-6.264483451843262,1
FakeVideo-RealAudio/Caucasian (American)/women/id00261/00048_id03605_wavtolip.npz,-6.238857269287109,1
FakeVideo-RealAudio/Caucasian (American)/women/id00261/00048_id03696_Kz45DNXKLXI.npz,-6.266875267028809,1
FakeVideo-RealAudio/Caucasian (American)/women/id00752/00340_0.npz,-5.979182243347168,1
FakeVideo-RealAudio/Caucasian (American)/women/id00752/00340_id00097_PchMB8-P1lw.npz,-5.527957439422607,1
FakeVideo-RealAudio/Caucasian (American)/women/id00752/00340_id00098_Rs_fnQ0tnqQ.npz,-5.443326473236084,1
FakeVideo-RealAudio/Caucasian (American)/women/id00752/00340_id00098_wavtolip.npz,-6.2945556640625,1
FakeVideo-RealAudio/Caucasian (American)/women/id00752/00340_id00100_sZ0Ex4WUEgM.npz,-5.53075647354126,1
FakeVideo-RealAudio/Caucasian (American)/women/id00752/00340_id00190_wavtolip.npz,-6.458654403686523,1
FakeVideo-RealAudio/Caucasian (American)/women/id00752/00340_id00261_wavtolip.npz,-6.226404666900635,1
FakeVideo-RealAudio/Caucasian (American)/women/id00752/00340_id00272_VLY1boTtbRM.npz,-4.58910608291626,1
FakeVideo-RealAudio/Caucasian (American)/women/id00752/00340_id00428_Kr7n-68JWww.npz,-5.498009204864502,1
FakeVideo-RealAudio/Caucasian (American)/women/id00752/00340_id00462_wavtolip.npz,-6.440162181854248,1
FakeVideo-RealAudio/Caucasian (American)/women/id00752/00340_id00555_4DWmIb1tFZQ.npz,-5.497786998748779,1
FakeVideo-RealAudio/Caucasian (American)/women/id00752/00340_id00575_wavtolip.npz,-6.213955879211426,1
FakeVideo-RealAudio/Caucasian (American)/women/id00752/00340_id00752_wavtolip.npz,-5.026634693145752,1
FakeVideo-RealAudio/Caucasian (American)/women/id00752/00340_id00842_wavtolip.npz,-6.143952369689941,1
FakeVideo-RealAudio/Caucasian (American)/women/id00752/00340_id01075_wavtolip.npz,-5.508218765258789,1
FakeVideo-RealAudio/Caucasian (American)/women/id00752/00340_id01227_eNr-P3gIrgo.npz,-5.523587703704834,1
FakeVideo-RealAudio/Caucasian (American)/women/id00752/00340_id01227_eNr-P3gIrgo_faceswap.npz,-5.285464763641357,1
FakeVideo-RealAudio/Caucasian (American)/women/id00752/00340_id01245_wavtolip.npz,-5.877420902252197,1
FakeVideo-RealAudio/Caucasian (American)/women/id00752/00340_id02464_1hxJsZYV7mI.npz,-5.4627838134765625,1
FakeVideo-RealAudio/Caucasian (American)/women/id00752/00340_id03696_wavtolip.npz,-5.297918319702148,1
FakeVideo-RealAudio/Caucasian (American)/women/id00752/00340_id03707_pwNcRPQ5qdo.npz,-5.512659549713135,1
FakeVideo-RealAudio/Caucasian (American)/women/id00752/00340_id03781_jbHfYGVNqTg.npz,-5.458554744720459,1
FakeVideo-RealAudio/Caucasian (American)/women/id00098/00004_0.npz,-6.342625617980957,1
FakeVideo-RealAudio/Caucasian (American)/women/id00098/00004_id00098_wavtolip.npz,-6.443517208099365,1
FakeVideo-RealAudio/Caucasian (American)/women/id00098/00004_id00180_lkeAa8Od_tg.npz,-6.408226013183594,1
FakeVideo-RealAudio/Caucasian (American)/women/id00098/00004_id00231_wavtolip.npz,-6.553981304168701,1
FakeVideo-RealAudio/Caucasian (American)/women/id00098/00004_id00398_wavtolip.npz,-6.5868449211120605,1
FakeVideo-RealAudio/Caucasian (American)/women/id00098/00004_id00428_Kr7n-68JWww.npz,-6.453210830688477,1
FakeVideo-RealAudio/Caucasian (American)/women/id00098/00004_id00458_K4t1pQZL7ck.npz,-6.394811630249023,1
FakeVideo-RealAudio/Caucasian (American)/women/id00098/00004_id00555_4DWmIb1tFZQ.npz,-6.447607040405273,1
FakeVideo-RealAudio/Caucasian (American)/women/id00098/00004_id00616_wavtolip.npz,-6.1791911125183105,1
FakeVideo-RealAudio/Caucasian (American)/women/id00098/00004_id00616_xT51pPmksJw.npz,-6.312878131866455,1
FakeVideo-RealAudio/Caucasian (American)/women/id00098/00004_id00616_xT51pPmksJw_faceswap.npz,-6.248135566711426,1
FakeVideo-RealAudio/Caucasian (American)/women/id00098/00004_id00618_wavtolip.npz,-6.443326950073242,1
FakeVideo-RealAudio/Caucasian (American)/women/id00098/00004_id01004_867Wlj7Gw68.npz,-6.448591709136963,1
FakeVideo-RealAudio/Caucasian (American)/women/id00098/00004_id01004_wavtolip.npz,-6.576992034912109,1
FakeVideo-RealAudio/Caucasian (American)/women/id00098/00004_id01005_lJZrqhcRFSA.npz,-6.378432750701904,1
FakeVideo-RealAudio/Caucasian (American)/women/id00098/00004_id01091_oM2XdIGMM2c.npz,-6.386799335479736,1
FakeVideo-RealAudio/Caucasian (American)/women/id00098/00004_id01225_WuzuZoM84Ws.npz,-6.464883804321289,1
FakeVideo-RealAudio/Caucasian (American)/women/id00098/00004_id01227_wavtolip.npz,-6.476090431213379,1
FakeVideo-RealAudio/Caucasian (American)/women/id00098/00004_id01245_7pYBPczR_z0.npz,-6.378973960876465,1
FakeVideo-RealAudio/Caucasian (American)/women/id00098/00004_id01248_wavtolip.npz,-6.502906799316406,1
FakeVideo-RealAudio/Caucasian (American)/women/id00098/00004_id02464_wavtolip.npz,-6.255527496337891,1
FakeVideo-RealAudio/Caucasian (American)/women/id00098/00004_id02466_wavtolip.npz,-6.16935920715332,1
FakeVideo-RealAudio/Caucasian (American)/women/id01217/00005_0.npz,-6.306557655334473,1
FakeVideo-RealAudio/Caucasian (American)/women/id01217/00005_id00097_PchMB8-P1lw.npz,-6.028162002563477,1
FakeVideo-RealAudio/Caucasian (American)/women/id01217/00005_id00145_wavtolip.npz,-6.09219217300415,1
FakeVideo-RealAudio/Caucasian (American)/women/id01217/00005_id00231_wavtolip.npz,-6.077529430389404,1
FakeVideo-RealAudio/Caucasian (American)/women/id01217/00005_id00272_wavtolip.npz,-5.941771507263184,1
FakeVideo-RealAudio/Caucasian (American)/women/id01217/00005_id00383_n6i0VWqGcKI.npz,-6.001962184906006,1
FakeVideo-RealAudio/Caucasian (American)/women/id01217/00005_id00428_wavtolip.npz,-6.020576477050781,1
FakeVideo-RealAudio/Caucasian (American)/women/id01217/00005_id00431_wavtolip.npz,-6.649162292480469,1
FakeVideo-RealAudio/Caucasian (American)/women/id01217/00005_id00462_EMnGfAq9gg4.npz,-6.009763717651367,1
FakeVideo-RealAudio/Caucasian (American)/women/id01217/00005_id00618_wavtolip.npz,-6.1937713623046875,1
FakeVideo-RealAudio/Caucasian (American)/women/id01217/00005_id00752_wavtolip.npz,-6.069762706756592,1
FakeVideo-RealAudio/Caucasian (American)/women/id01217/00005_id00835_zWTp4szbb5k.npz,-6.004057884216309,1
FakeVideo-RealAudio/Caucasian (American)/women/id01217/00005_id00842_wavtolip.npz,-6.142019271850586,1
FakeVideo-RealAudio/Caucasian (American)/women/id01217/00005_id01091_oM2XdIGMM2c.npz,-5.99238920211792,1
FakeVideo-RealAudio/Caucasian (American)/women/id01217/00005_id01091_wavtolip.npz,-5.958133220672607,1
FakeVideo-RealAudio/Caucasian (American)/women/id01217/00005_id01216_IRxEWpT_lZs.npz,-5.989971160888672,1
FakeVideo-RealAudio/Caucasian (American)/women/id01217/00005_id01223_TO3ym8Gwp7k.npz,-5.989267826080322,1
FakeVideo-RealAudio/Caucasian (American)/women/id01217/00005_id01225_WuzuZoM84Ws.npz,-5.940614223480225,1
FakeVideo-RealAudio/Caucasian (American)/women/id01217/00005_id01248_2y-HnTO8WrQ.npz,-5.990538597106934,1
FakeVideo-RealAudio/Caucasian (American)/women/id01217/00005_id01248_2y-HnTO8WrQ_faceswap.npz,-5.994113922119141,1
FakeVideo-RealAudio/Caucasian (American)/women/id01217/00005_id02466_VOgaA7O5yWY.npz,-5.987293720245361,1
FakeVideo-RealAudio/Caucasian (American)/women/id01217/00005_id03707_wavtolip.npz,-6.133538722991943,1
FakeVideo-RealAudio/Caucasian (American)/women/id01091/00236_0.npz,-6.513805389404297,1
FakeVideo-RealAudio/Caucasian (American)/women/id01091/00236_id00025_PjSeVtbvSjA.npz,-5.746821403503418,1
FakeVideo-RealAudio/Caucasian (American)/women/id01091/00236_id00180_lkeAa8Od_tg.npz,-5.910336494445801,1
FakeVideo-RealAudio/Caucasian (American)/women/id01091/00236_id00231_Pi8vVHrPQMU.npz,-6.136054515838623,1
FakeVideo-RealAudio/Caucasian (American)/women/id01091/00236_id00291_wavtolip.npz,-6.282754898071289,1
FakeVideo-RealAudio/Caucasian (American)/women/id01091/00236_id00418_wavtolip.npz,-6.335610866546631,1
FakeVideo-RealAudio/Caucasian (American)/women/id01091/00236_id00428_Kr7n-68JWww.npz,-6.195487976074219,1
FakeVideo-RealAudio/Caucasian (American)/women/id01091/00236_id00428_wavtolip.npz,-6.376410484313965,1
FakeVideo-RealAudio/Caucasian (American)/women/id01091/00236_id00431_wavtolip.npz,-6.612737655639648,1
FakeVideo-RealAudio/Caucasian (American)/women/id01091/00236_id00555_4DWmIb1tFZQ.npz,-6.265460968017578,1
FakeVideo-RealAudio/Caucasian (American)/women/id01091/00236_id00835_zWTp4szbb5k.npz,-6.042215824127197,1
FakeVideo-RealAudio/Caucasian (American)/women/id01091/00236_id00842__jwlpdZvqus.npz,-6.2372307777404785,1
FakeVideo-RealAudio/Caucasian (American)/women/id01091/00236_id00842_wavtolip.npz,-6.360245704650879,1
FakeVideo-RealAudio/Caucasian (American)/women/id01091/00236_id00848_wavtolip.npz,-6.3590803146362305,1
FakeVideo-RealAudio/Caucasian (American)/women/id01091/00236_id01004_867Wlj7Gw68.npz,-6.274608612060547,1
FakeVideo-RealAudio/Caucasian (American)/women/id01091/00236_id01004_wavtolip.npz,-6.51577091217041,1
FakeVideo-RealAudio/Caucasian (American)/women/id01091/00236_id01217_7lVC4xEK_6E.npz,-6.012325286865234,1
FakeVideo-RealAudio/Caucasian (American)/women/id01091/00236_id01217_wavtolip.npz,-6.198102951049805,1
FakeVideo-RealAudio/Caucasian (American)/women/id01091/00236_id03696_Kz45DNXKLXI.npz,-6.333930969238281,1
FakeVideo-RealAudio/Caucasian (American)/women/id01091/00236_id03696_Kz45DNXKLXI_faceswap.npz,-6.234563827514648,1
FakeVideo-RealAudio/Caucasian (American)/women/id01091/00236_id03707_wavtolip.npz,-6.283681869506836,1
FakeVideo-RealAudio/Caucasian (American)/women/id01091/00236_id03781_wavtolip.npz,-6.333370685577393,1
FakeVideo-RealAudio/Caucasian (American)/women/id03605/00048_1.npz,-5.540277481079102,1
FakeVideo-RealAudio/Caucasian (American)/women/id03605/00048_3.npz,-5.064971446990967,1
FakeVideo-RealAudio/Caucasian (American)/women/id03605/00048_id00097_wavtolip.npz,-6.560698509216309,1
FakeVideo-RealAudio/Caucasian (American)/women/id03605/00048_id00100_sZ0Ex4WUEgM.npz,-6.224966526031494,1
FakeVideo-RealAudio/Caucasian (American)/women/id03605/00048_id00100_wavtolip.npz,-5.700204849243164,1
FakeVideo-RealAudio/Caucasian (American)/women/id03605/00048_id00145_JveyoCdoCuI.npz,-6.184438705444336,1
FakeVideo-RealAudio/Caucasian (American)/women/id03605/00048_id00180_lkeAa8Od_tg.npz,-6.237814426422119,1
FakeVideo-RealAudio/Caucasian (American)/women/id03605/00048_id00231_Pi8vVHrPQMU.npz,-6.210452079772949,1
FakeVideo-RealAudio/Caucasian (American)/women/id03605/00048_id00261_gYQ5Scz5FnA.npz,-6.211339473724365,1
FakeVideo-RealAudio/Caucasian (American)/women/id03605/00048_id00385_wavtolip.npz,-6.291604995727539,1
FakeVideo-RealAudio/Caucasian (American)/women/id03605/00048_id00428_Kr7n-68JWww.npz,-6.208499431610107,1
FakeVideo-RealAudio/Caucasian (American)/women/id03605/00048_id00575_wavtolip.npz,-6.362283229827881,1
FakeVideo-RealAudio/Caucasian (American)/women/id03605/00048_id00618_wavtolip.npz,-6.024532794952393,1
FakeVideo-RealAudio/Caucasian (American)/women/id03605/00048_id01004_867Wlj7Gw68.npz,-6.20796537399292,1
FakeVideo-RealAudio/Caucasian (American)/women/id03605/00048_id01004_wavtolip.npz,-6.548038482666016,1
FakeVideo-RealAudio/Caucasian (American)/women/id03605/00048_id01231_wavtolip.npz,-6.34725284576416,1
FakeVideo-RealAudio/Caucasian (American)/women/id03605/00048_id01238_VPdv2sexRy0.npz,-6.213034629821777,1
FakeVideo-RealAudio/Caucasian (American)/women/id03605/00048_id01238_wavtolip.npz,6.386970520019531,1
FakeVideo-RealAudio/Caucasian (American)/women/id03605/00048_id01245_wavtolip.npz,-6.252962112426758,1
FakeVideo-RealAudio/Caucasian (American)/women/id03605/00048_id01248_2y-HnTO8WrQ.npz,-6.224930286407471,1
FakeVideo-RealAudio/Caucasian (American)/women/id03605/00048_id03556_wavtolip.npz,-6.362188816070557,1
FakeVideo-RealAudio/Caucasian (American)/women/id03605/00048_id03781_jbHfYGVNqTg.npz,-6.225556373596191,1
FakeVideo-RealAudio/Caucasian (American)/women/id03556/00043_id00098_wavtolip.npz,-6.341156005859375,1
FakeVideo-RealAudio/Caucasian (American)/women/id03556/00043_id00190_wavtolip.npz,-6.476624011993408,1
FakeVideo-RealAudio/Caucasian (American)/women/id03556/00043_id00272_VLY1boTtbRM.npz,-5.4582295417785645,1
FakeVideo-RealAudio/Caucasian (American)/women/id03556/00043_id00272_wavtolip.npz,-5.937660217285156,1
FakeVideo-RealAudio/Caucasian (American)/women/id03556/00043_id00291_L_SLT-j82Ms.npz,-5.377846717834473,1
FakeVideo-RealAudio/Caucasian (American)/women/id03556/00043_id00291_wavtolip.npz,-6.5089521408081055,1
FakeVideo-RealAudio/Caucasian (American)/women/id03556/00043_id00385_wavtolip.npz,-5.863796710968018,1
FakeVideo-RealAudio/Caucasian (American)/women/id03556/00043_id00431_wavtolip.npz,-6.653067588806152,1
FakeVideo-RealAudio/Caucasian (American)/women/id03556/00043_id00575_iPfJcAJQ84Y.npz,-5.417629241943359,1
FakeVideo-RealAudio/Caucasian (American)/women/id03556/00043_id00575_wavtolip.npz,-6.301791667938232,1
FakeVideo-RealAudio/Caucasian (American)/women/id03556/00043_id00842_wavtolip.npz,-6.117292404174805,1
FakeVideo-RealAudio/Caucasian (American)/women/id03556/00043_id01004_867Wlj7Gw68.npz,-5.484900951385498,1
FakeVideo-RealAudio/Caucasian (American)/women/id03556/00043_id01005_lJZrqhcRFSA.npz,-5.342970848083496,1
FakeVideo-RealAudio/Caucasian (American)/women/id03556/00043_id01075_wavtolip.npz,-5.5197672843933105,1
FakeVideo-RealAudio/Caucasian (American)/women/id03556/00043_id01091_oM2XdIGMM2c.npz,-5.17038106918335,1
FakeVideo-RealAudio/Caucasian (American)/women/id03556/00043_id01217_wavtolip.npz,-5.983056545257568,1
FakeVideo-RealAudio/Caucasian (American)/women/id03556/00043_id01225_WuzuZoM84Ws.npz,-5.471616744995117,1
FakeVideo-RealAudio/Caucasian (American)/women/id03556/00043_id02464_1hxJsZYV7mI.npz,-5.413450717926025,1
FakeVideo-RealAudio/Caucasian (American)/women/id03556/00043_id02464_1hxJsZYV7mI_faceswap.npz,-5.355646133422852,1
FakeVideo-RealAudio/Caucasian (American)/women/id03556/00043_id02466_VOgaA7O5yWY.npz,-5.440168380737305,1
FakeVideo-RealAudio/Caucasian (American)/women/id03556/00043_id03781_jbHfYGVNqTg.npz,-5.4250288009643555,1
FakeVideo-RealAudio/Caucasian (American)/women/id01004/00028_id00025_PjSeVtbvSjA.npz,-6.47637414932251,1
FakeVideo-RealAudio/Caucasian (American)/women/id01004/00028_id00098_wavtolip.npz,-6.131062984466553,1
FakeVideo-RealAudio/Caucasian (American)/women/id01004/00028_id00145_JveyoCdoCuI.npz,-6.524497032165527,1
FakeVideo-RealAudio/Caucasian (American)/women/id01004/00028_id00231_Pi8vVHrPQMU.npz,-6.515296936035156,1
FakeVideo-RealAudio/Caucasian (American)/women/id01004/00028_id00383_wavtolip.npz,-5.931460380554199,1
FakeVideo-RealAudio/Caucasian (American)/women/id01004/00028_id00385_wavtolip.npz,-6.546665191650391,1
FakeVideo-RealAudio/Caucasian (American)/women/id01004/00028_id00418_wavtolip.npz,-4.74844217300415,1
FakeVideo-RealAudio/Caucasian (American)/women/id01004/00028_id00428_Kr7n-68JWww.npz,-6.535497188568115,1
FakeVideo-RealAudio/Caucasian (American)/women/id01004/00028_id00428_Kr7n-68JWww_faceswap.npz,-6.491430282592773,1
FakeVideo-RealAudio/Caucasian (American)/women/id01004/00028_id00462_EMnGfAq9gg4.npz,-6.508474349975586,1
FakeVideo-RealAudio/Caucasian (American)/women/id01004/00028_id00680_wavtolip.npz,-6.432710647583008,1
FakeVideo-RealAudio/Caucasian (American)/women/id01004/00028_id00842_wavtolip.npz,-6.527904510498047,1
FakeVideo-RealAudio/Caucasian (American)/women/id01004/00028_id00848_wavtolip.npz,-6.502292633056641,1
FakeVideo-RealAudio/Caucasian (American)/women/id01004/00028_id01005_lJZrqhcRFSA.npz,-6.544661521911621,1
FakeVideo-RealAudio/Caucasian (American)/women/id01004/00028_id01091_oM2XdIGMM2c.npz,-6.51924991607666,1
FakeVideo-RealAudio/Caucasian (American)/women/id01004/00028_id01248_2y-HnTO8WrQ.npz,-6.540563106536865,1
FakeVideo-RealAudio/Caucasian (American)/women/id01004/00028_id01248_wavtolip.npz,-6.422260284423828,1
FakeVideo-RealAudio/Caucasian (American)/women/id01004/00028_id02464_wavtolip.npz,-5.7821760177612305,1
FakeVideo-RealAudio/Caucasian (American)/women/id01004/00028_id02466_VOgaA7O5yWY.npz,-6.516939163208008,1
FakeVideo-RealAudio/Caucasian (American)/women/id01004/00028_id03707_wavtolip.npz,-6.5663347244262695,1
FakeVideo-RealAudio/Caucasian (American)/women/id01004/00028_id03781_jbHfYGVNqTg.npz,-6.511988639831543,1
FakeVideo-RealAudio/Caucasian (American)/women/id00841/00078_0.npz,-6.261198043823242,1
FakeVideo-RealAudio/Caucasian (American)/women/id00841/00078_1.npz,-5.547926425933838,1
FakeVideo-RealAudio/Caucasian (American)/women/id00841/00078_2.npz,-5.7201361656188965,1
FakeVideo-RealAudio/Caucasian (American)/women/id00841/00078_id00100_sZ0Ex4WUEgM.npz,-5.575807571411133,1
FakeVideo-RealAudio/Caucasian (American)/women/id00841/00078_id00100_wavtolip.npz,-5.734549522399902,1
FakeVideo-RealAudio/Caucasian (American)/women/id00841/00078_id00145_JveyoCdoCuI.npz,-5.757963180541992,1
FakeVideo-RealAudio/Caucasian (American)/women/id00841/00078_id00180_lkeAa8Od_tg.npz,-5.572330951690674,1
FakeVideo-RealAudio/Caucasian (American)/women/id00841/00078_id00291_wavtolip.npz,-6.336025238037109,1
FakeVideo-RealAudio/Caucasian (American)/women/id00841/00078_id00398_wavtolip.npz,-6.271670818328857,1
FakeVideo-RealAudio/Caucasian (American)/women/id00841/00078_id00428_Kr7n-68JWww.npz,-5.719308853149414,1
FakeVideo-RealAudio/Caucasian (American)/women/id00841/00078_id00752_wavtolip.npz,-6.1120381355285645,1
FakeVideo-RealAudio/Caucasian (American)/women/id00841/00078_id00835_wavtolip.npz,-6.540701866149902,1
FakeVideo-RealAudio/Caucasian (American)/women/id00841/00078_id01004_wavtolip.npz,-6.566810131072998,1
FakeVideo-RealAudio/Caucasian (American)/women/id00841/00078_id01005_lJZrqhcRFSA.npz,-5.705841541290283,1
FakeVideo-RealAudio/Caucasian (American)/women/id00841/00078_id01075_MtJUiHspdT0.npz,-5.77652645111084,1
FakeVideo-RealAudio/Caucasian (American)/women/id00841/00078_id01075_MtJUiHspdT0_faceswap.npz,-5.453712463378906,1
FakeVideo-RealAudio/Caucasian (American)/women/id00841/00078_id01075_wavtolip.npz,-5.851537704467773,1
FakeVideo-RealAudio/Caucasian (American)/women/id00841/00078_id01227_eNr-P3gIrgo.npz,-5.769169807434082,1
FakeVideo-RealAudio/Caucasian (American)/women/id00841/00078_id01231_wavtolip.npz,-6.134990692138672,1
FakeVideo-RealAudio/Caucasian (American)/women/id00841/00078_id01238_VPdv2sexRy0.npz,-5.645408630371094,1
FakeVideo-RealAudio/Caucasian (American)/women/id00841/00078_id01245_7pYBPczR_z0.npz,-5.731820583343506,1
FakeVideo-RealAudio/Caucasian (American)/women/id00841/00078_id01248_wavtolip.npz,-6.322458267211914,1
FakeVideo-RealAudio/Caucasian (American)/women/id00841/00078_id02464_wavtolip.npz,-6.0461320877075195,1
FakeVideo-RealAudio/Caucasian (American)/women/id00841/00078_id03707_pwNcRPQ5qdo.npz,-5.126715660095215,1
FakeVideo-RealAudio/Caucasian (American)/women/id03707/00055_id00025_PjSeVtbvSjA.npz,-5.893929481506348,1
FakeVideo-RealAudio/Caucasian (American)/women/id03707/00055_id00097_wavtolip.npz,-6.561037540435791,1
FakeVideo-RealAudio/Caucasian (American)/women/id03707/00055_id00145_JveyoCdoCuI.npz,-5.974414825439453,1
FakeVideo-RealAudio/Caucasian (American)/women/id03707/00055_id00190_oZUSqqG9wu4.npz,-5.942618370056152,1
FakeVideo-RealAudio/Caucasian (American)/women/id03707/00055_id00261_wavtolip.npz,-6.183897972106934,1
FakeVideo-RealAudio/Caucasian (American)/women/id03707/00055_id00272_VLY1boTtbRM.npz,-5.9937543869018555,1
FakeVideo-RealAudio/Caucasian (American)/women/id03707/00055_id00291_wavtolip.npz,-5.116361141204834,1
FakeVideo-RealAudio/Caucasian (American)/women/id03707/00055_id00398_wavtolip.npz,-6.275091171264648,1
FakeVideo-RealAudio/Caucasian (American)/women/id03707/00055_id00575_wavtolip.npz,-6.201751232147217,1
FakeVideo-RealAudio/Caucasian (American)/women/id03707/00055_id00835_wavtolip.npz,-6.403580665588379,1
FakeVideo-RealAudio/Caucasian (American)/women/id03707/00055_id00835_zWTp4szbb5k.npz,-5.952333450317383,1
FakeVideo-RealAudio/Caucasian (American)/women/id03707/00055_id00841_fpsEfICAgxk.npz,-5.978567600250244,1
FakeVideo-RealAudio/Caucasian (American)/women/id03707/00055_id01004_wavtolip.npz,-6.562333106994629,1
FakeVideo-RealAudio/Caucasian (American)/women/id03707/00055_id01216_IRxEWpT_lZs.npz,-5.996694564819336,1
FakeVideo-RealAudio/Caucasian (American)/women/id03707/00055_id01225_wavtolip.npz,-5.280993938446045,1
FakeVideo-RealAudio/Caucasian (American)/women/id03707/00055_id01227_eNr-P3gIrgo.npz,-5.990089416503906,1
FakeVideo-RealAudio/Caucasian (American)/women/id03707/00055_id01238_wavtolip.npz,6.4572343826293945,1
FakeVideo-RealAudio/Caucasian (American)/women/id03707/00055_id01248_2y-HnTO8WrQ.npz,-5.982963562011719,1
FakeVideo-RealAudio/Caucasian (American)/women/id03707/00055_id02466_VOgaA7O5yWY.npz,-5.9979753494262695,1
FakeVideo-RealAudio/Caucasian (American)/women/id03707/00055_id02466_VOgaA7O5yWY_faceswap.npz,-6.042017936706543,1
FakeVideo-RealAudio/Caucasian (American)/women/id03707/00055_id03781_wavtolip.npz,-6.383631706237793,1
FakeVideo-RealAudio/Caucasian (American)/women/id00383/00171_0.npz,-5.975986480712891,1
FakeVideo-RealAudio/Caucasian (American)/women/id00383/00171_id00100_sZ0Ex4WUEgM.npz,-4.908979415893555,1
FakeVideo-RealAudio/Caucasian (American)/women/id00383/00171_id00231_Pi8vVHrPQMU.npz,-3.5588178634643555,1
FakeVideo-RealAudio/Caucasian (American)/women/id00383/00171_id00261_wavtolip.npz,-6.077866554260254,1
FakeVideo-RealAudio/Caucasian (American)/women/id00383/00171_id00272_VLY1boTtbRM.npz,-5.766008377075195,1
FakeVideo-RealAudio/Caucasian (American)/women/id00383/00171_id00418_wavtolip.npz,-6.371122360229492,1
FakeVideo-RealAudio/Caucasian (American)/women/id00383/00171_id00555_wavtolip.npz,-6.154541969299316,1
FakeVideo-RealAudio/Caucasian (American)/women/id00383/00171_id00575_iPfJcAJQ84Y.npz,-5.2087578773498535,1
FakeVideo-RealAudio/Caucasian (American)/women/id00383/00171_id00848_wavtolip.npz,-6.166460990905762,1
FakeVideo-RealAudio/Caucasian (American)/women/id00383/00171_id01004_867Wlj7Gw68.npz,-5.885729789733887,1
FakeVideo-RealAudio/Caucasian (American)/women/id00383/00171_id01005_lJZrqhcRFSA.npz,-5.675752639770508,1
FakeVideo-RealAudio/Caucasian (American)/women/id00383/00171_id01005_wavtolip.npz,-6.167501926422119,1
FakeVideo-RealAudio/Caucasian (American)/women/id00383/00171_id01217_7lVC4xEK_6E.npz,-5.3699870109558105,1
FakeVideo-RealAudio/Caucasian (American)/women/id00383/00171_id01217_7lVC4xEK_6E_faceswap.npz,-4.932451248168945,1
FakeVideo-RealAudio/Caucasian (American)/women/id00383/00171_id01217_wavtolip.npz,-5.992933750152588,1
FakeVideo-RealAudio/Caucasian (American)/women/id00383/00171_id01223_wavtolip.npz,4.480306625366211,1
FakeVideo-RealAudio/Caucasian (American)/women/id00383/00171_id01225_wavtolip.npz,-5.98057222366333,1
FakeVideo-RealAudio/Caucasian (American)/women/id00383/00171_id01248_2y-HnTO8WrQ.npz,-5.928769588470459,1
FakeVideo-RealAudio/Caucasian (American)/women/id00383/00171_id02464_1hxJsZYV7mI.npz,-4.274438858032227,1
FakeVideo-RealAudio/Caucasian (American)/women/id00383/00171_id02466_VOgaA7O5yWY.npz,-5.090356349945068,1
FakeVideo-RealAudio/Caucasian (American)/women/id00383/00171_id03556_wavtolip.npz,-6.1746087074279785,1
FakeVideo-RealAudio/Caucasian (American)/women/id00383/00171_id03696_wavtolip.npz,-4.923226356506348,1
FakeVideo-RealAudio/Caucasian (American)/women/id00097/00162_0.npz,-6.123380184173584,1
FakeVideo-RealAudio/Caucasian (American)/women/id00097/00162_id00025_PjSeVtbvSjA.npz,-6.40043830871582,1
FakeVideo-RealAudio/Caucasian (American)/women/id00097/00162_id00100_sZ0Ex4WUEgM.npz,-6.46622371673584,1
FakeVideo-RealAudio/Caucasian (American)/women/id00097/00162_id00180_lkeAa8Od_tg.npz,-6.425287246704102,1
FakeVideo-RealAudio/Caucasian (American)/women/id00097/00162_id00272_VLY1boTtbRM.npz,-6.450174331665039,1
FakeVideo-RealAudio/Caucasian (American)/women/id00097/00162_id00575_wavtolip.npz,-6.472560882568359,1
FakeVideo-RealAudio/Caucasian (American)/women/id00097/00162_id00752_wavtolip.npz,-6.509486198425293,1
FakeVideo-RealAudio/Caucasian (American)/women/id00097/00162_id00848_wavtolip.npz,-6.563303470611572,1
FakeVideo-RealAudio/Caucasian (American)/women/id00097/00162_id01075_wavtolip.npz,-6.497390270233154,1
FakeVideo-RealAudio/Caucasian (American)/women/id00097/00162_id01091_wavtolip.npz,-6.560561180114746,1
FakeVideo-RealAudio/Caucasian (American)/women/id00097/00162_id01216_IRxEWpT_lZs.npz,-6.419867038726807,1
FakeVideo-RealAudio/Caucasian (American)/women/id00097/00162_id01217_7lVC4xEK_6E.npz,-6.431204795837402,1
FakeVideo-RealAudio/Caucasian (American)/women/id00097/00162_id01217_wavtolip.npz,-6.444064617156982,1
FakeVideo-RealAudio/Caucasian (American)/women/id00097/00162_id01225_WuzuZoM84Ws.npz,-6.451781749725342,1
FakeVideo-RealAudio/Caucasian (American)/women/id00097/00162_id01225_wavtolip.npz,-6.121817588806152,1
FakeVideo-RealAudio/Caucasian (American)/women/id00097/00162_id01231_XXpYdOHUF-g.npz,-6.440700531005859,1
FakeVideo-RealAudio/Caucasian (American)/women/id00097/00162_id01231_wavtolip.npz,-5.190464019775391,1
FakeVideo-RealAudio/Caucasian (American)/women/id00097/00162_id01238_VPdv2sexRy0.npz,-6.436266899108887,1
FakeVideo-RealAudio/Caucasian (American)/women/id00097/00162_id03605_JGZt9DAhBRs.npz,-6.41932487487793,1
FakeVideo-RealAudio/Caucasian (American)/women/id00097/00162_id03696_wavtolip.npz,-5.393781661987305,1
FakeVideo-RealAudio/Caucasian (American)/women/id00097/00162_id03781_wavtolip.npz,-6.505903244018555,1
FakeVideo-RealAudio/Caucasian (American)/women/id00842/00043_id00100_wavtolip.npz,-5.895884037017822,1
FakeVideo-RealAudio/Caucasian (American)/women/id00842/00043_id00190_wavtolip.npz,-6.467092514038086,1
FakeVideo-RealAudio/Caucasian (American)/women/id00842/00043_id00261_wavtolip.npz,-6.186596393585205,1
FakeVideo-RealAudio/Caucasian (American)/women/id00842/00043_id00272_wavtolip.npz,-6.050061225891113,1
FakeVideo-RealAudio/Caucasian (American)/women/id00842/00043_id00385_oqf8cNi7lOI.npz,-5.831457138061523,1
FakeVideo-RealAudio/Caucasian (American)/women/id00842/00043_id00418_KSTOz7H0OuQ.npz,-5.894908905029297,1
FakeVideo-RealAudio/Caucasian (American)/women/id00842/00043_id00428_Kr7n-68JWww.npz,-5.926767349243164,1
FakeVideo-RealAudio/Caucasian (American)/women/id00842/00043_id00431_DyRvPN6rEfU.npz,-5.8793535232543945,1
FakeVideo-RealAudio/Caucasian (American)/women/id00842/00043_id00462_wavtolip.npz,-6.452320098876953,1
FakeVideo-RealAudio/Caucasian (American)/women/id00842/00043_id00555_wavtolip.npz,-6.198121547698975,1
FakeVideo-RealAudio/Caucasian (American)/women/id00842/00043_id00616_wavtolip.npz,-6.142507076263428,1
FakeVideo-RealAudio/Caucasian (American)/women/id00842/00043_id00752_wavtolip.npz,-6.187213897705078,1
FakeVideo-RealAudio/Caucasian (American)/women/id00842/00043_id00835_zWTp4szbb5k.npz,-5.742131233215332,1
FakeVideo-RealAudio/Caucasian (American)/women/id00842/00043_id01005_lJZrqhcRFSA.npz,-5.771285057067871,1
FakeVideo-RealAudio/Caucasian (American)/women/id00842/00043_id01075_MtJUiHspdT0.npz,-5.996642589569092,1
FakeVideo-RealAudio/Caucasian (American)/women/id00842/00043_id01091_oM2XdIGMM2c.npz,-6.0373125076293945,1
FakeVideo-RealAudio/Caucasian (American)/women/id00842/00043_id01216_wavtolip.npz,5.3188934326171875,1
FakeVideo-RealAudio/Caucasian (American)/women/id00842/00043_id01223_TO3ym8Gwp7k.npz,-5.564661026000977,1
FakeVideo-RealAudio/Caucasian (American)/women/id00842/00043_id02464_1hxJsZYV7mI.npz,-6.053047180175781,1
FakeVideo-RealAudio/Caucasian (American)/women/id00842/00043_id03781_wavtolip.npz,-6.321983337402344,1
FakeVideo-RealAudio/Caucasian (American)/women/id02466/00136_id00180_wavtolip.npz,-6.1363205909729,1
FakeVideo-RealAudio/Caucasian (American)/women/id02466/00136_id00231_Pi8vVHrPQMU.npz,-2.7853784561157227,1
FakeVideo-RealAudio/Caucasian (American)/women/id02466/00136_id00231_wavtolip.npz,-6.03462028503418,1
FakeVideo-RealAudio/Caucasian (American)/women/id02466/00136_id00291_wavtolip.npz,-6.302538871765137,1
FakeVideo-RealAudio/Caucasian (American)/women/id02466/00136_id00383_n6i0VWqGcKI.npz,-3.3933119773864746,1
FakeVideo-RealAudio/Caucasian (American)/women/id02466/00136_id00383_wavtolip.npz,-5.716665267944336,1
FakeVideo-RealAudio/Caucasian (American)/women/id02466/00136_id00431_wavtolip.npz,-6.598634719848633,1
FakeVideo-RealAudio/Caucasian (American)/women/id02466/00136_id00462_EMnGfAq9gg4.npz,-4.062684059143066,1
FakeVideo-RealAudio/Caucasian (American)/women/id02466/00136_id00618__TwV2SmUIlY.npz,-4.6413750648498535,1
FakeVideo-RealAudio/Caucasian (American)/women/id02466/00136_id00841_wavtolip.npz,-4.765315532684326,1
FakeVideo-RealAudio/Caucasian (American)/women/id02466/00136_id00848_o1_9Cu3YMN0.npz,-3.5186822414398193,1
FakeVideo-RealAudio/Caucasian (American)/women/id02466/00136_id01004_867Wlj7Gw68.npz,-3.5168633460998535,1
FakeVideo-RealAudio/Caucasian (American)/women/id02466/00136_id01005_lJZrqhcRFSA.npz,-2.5903468132019043,1
FakeVideo-RealAudio/Caucasian (American)/women/id02466/00136_id01217_wavtolip.npz,-5.9553937911987305,1
FakeVideo-RealAudio/Caucasian (American)/women/id02466/00136_id01238_wavtolip.npz,6.602632999420166,1
FakeVideo-RealAudio/Caucasian (American)/women/id02466/00136_id01248_2y-HnTO8WrQ.npz,-3.225228786468506,1
FakeVideo-RealAudio/Caucasian (American)/women/id02466/00136_id02464_wavtolip.npz,-5.636306285858154,1
FakeVideo-RealAudio/Caucasian (American)/women/id02466/00136_id02466_wavtolip.npz,-4.542089939117432,1
FakeVideo-RealAudio/Caucasian (American)/women/id02466/00136_id03707_pwNcRPQ5qdo.npz,-3.112553596496582,1
FakeVideo-RealAudio/Caucasian (American)/women/id02466/00136_id03707_pwNcRPQ5qdo_faceswap.npz,-4.406919002532959,1
FakeVideo-RealAudio/Caucasian (American)/women/id02466/00136_id03781_jbHfYGVNqTg.npz,-3.273097276687622,1
FakeVideo-RealAudio/Caucasian (American)/women/id00462/00143_0.npz,-6.008638858795166,1
FakeVideo-RealAudio/Caucasian (American)/women/id00462/00143_id00025_wavtolip.npz,-6.514039993286133,1
FakeVideo-RealAudio/Caucasian (American)/women/id00462/00143_id00097_wavtolip.npz,-6.5316481590271,1
FakeVideo-RealAudio/Caucasian (American)/women/id00462/00143_id00100_sZ0Ex4WUEgM.npz,-6.01436710357666,1
FakeVideo-RealAudio/Caucasian (American)/women/id00462/00143_id00180_wavtolip.npz,-4.838769435882568,1
FakeVideo-RealAudio/Caucasian (American)/women/id00462/00143_id00190_wavtolip.npz,-6.472968101501465,1
FakeVideo-RealAudio/Caucasian (American)/women/id00462/00143_id00381_79zqA0CZh8s.npz,-6.103897571563721,1
FakeVideo-RealAudio/Caucasian (American)/women/id00462/00143_id00431_wavtolip.npz,-6.620391845703125,1
FakeVideo-RealAudio/Caucasian (American)/women/id00462/00143_id00616_wavtolip.npz,-6.33303165435791,1
FakeVideo-RealAudio/Caucasian (American)/women/id00462/00143_id00835_zWTp4szbb5k.npz,-5.743937015533447,1
FakeVideo-RealAudio/Caucasian (American)/women/id00462/00143_id00835_zWTp4szbb5k_faceswap.npz,-6.0939531326293945,1
FakeVideo-RealAudio/Caucasian (American)/women/id00462/00143_id00841_wavtolip.npz,-4.899587631225586,1
FakeVideo-RealAudio/Caucasian (American)/women/id00462/00143_id01004_867Wlj7Gw68.npz,-6.112494945526123,1
FakeVideo-RealAudio/Caucasian (American)/women/id00462/00143_id01217_7lVC4xEK_6E.npz,-6.131588935852051,1
FakeVideo-RealAudio/Caucasian (American)/women/id00462/00143_id01217_wavtolip.npz,-6.303776264190674,1
FakeVideo-RealAudio/Caucasian (American)/women/id00462/00143_id01223_TO3ym8Gwp7k.npz,-6.121597766876221,1
FakeVideo-RealAudio/Caucasian (American)/women/id00462/00143_id01223_wavtolip.npz,-3.9407572746276855,1
FakeVideo-RealAudio/Caucasian (American)/women/id00462/00143_id01227_eNr-P3gIrgo.npz,-6.171200275421143,1
FakeVideo-RealAudio/Caucasian (American)/women/id00462/00143_id01231_XXpYdOHUF-g.npz,-5.981601715087891,1
FakeVideo-RealAudio/Caucasian (American)/women/id00462/00143_id01238_VPdv2sexRy0.npz,-6.018416404724121,1
FakeVideo-RealAudio/Caucasian (American)/women/id00462/00143_id01238_wavtolip.npz,6.380023002624512,1
FakeVideo-RealAudio/Caucasian (American)/women/id00462/00143_id02466_VOgaA7O5yWY.npz,-6.221953392028809,1
FakeVideo-RealAudio/Caucasian (American)/women/id01248/00005_id00180_lkeAa8Od_tg.npz,-6.280693054199219,1
FakeVideo-RealAudio/Caucasian (American)/women/id01248/00005_id00231_Pi8vVHrPQMU.npz,-6.35065221786499,1
FakeVideo-RealAudio/Caucasian (American)/women/id01248/00005_id00231_wavtolip.npz,-6.498809814453125,1
FakeVideo-RealAudio/Caucasian (American)/women/id01248/00005_id00381_79zqA0CZh8s.npz,-6.34737491607666,1
FakeVideo-RealAudio/Caucasian (American)/women/id01248/00005_id00458_wavtolip.npz,-5.094789505004883,1
FakeVideo-RealAudio/Caucasian (American)/women/id01248/00005_id00462_wavtolip.npz,-6.381596088409424,1
FakeVideo-RealAudio/Caucasian (American)/women/id01248/00005_id00618_wavtolip.npz,-6.421027660369873,1
FakeVideo-RealAudio/Caucasian (American)/women/id01248/00005_id00835_wavtolip.npz,-6.4442243576049805,1
FakeVideo-RealAudio/Caucasian (American)/women/id01248/00005_id00835_zWTp4szbb5k.npz,-6.3563690185546875,1
FakeVideo-RealAudio/Caucasian (American)/women/id01248/00005_id01004_867Wlj7Gw68.npz,-6.281848907470703,1
FakeVideo-RealAudio/Caucasian (American)/women/id01248/00005_id01075_MtJUiHspdT0.npz,-6.313547134399414,1
FakeVideo-RealAudio/Caucasian (American)/women/id01248/00005_id01075_wavtolip.npz,-6.413848400115967,1
FakeVideo-RealAudio/Caucasian (American)/women/id01248/00005_id01091_wavtolip.npz,-6.471975326538086,1
FakeVideo-RealAudio/Caucasian (American)/women/id01248/00005_id01216_wavtolip.npz,5.611423492431641,1
FakeVideo-RealAudio/Caucasian (American)/women/id01248/00005_id01217_7lVC4xEK_6E.npz,-6.323372840881348,1
FakeVideo-RealAudio/Caucasian (American)/women/id01248/00005_id01223_TO3ym8Gwp7k.npz,-6.307934761047363,1
FakeVideo-RealAudio/Caucasian (American)/women/id01248/00005_id01227_wavtolip.npz,-6.396760940551758,1
FakeVideo-RealAudio/Caucasian (American)/women/id01248/00005_id02466_VOgaA7O5yWY.npz,-6.291583061218262,1
FakeVideo-RealAudio/Caucasian (American)/women/id01248/00005_id03696_wavtolip.npz,-5.1599040031433105,1
FakeVideo-RealAudio/Caucasian (American)/women/id01248/00005_id03707_pwNcRPQ5qdo.npz,-6.318151950836182,1
FakeVideo-RealAudio/Asian (East)/men/id06878/00001.npz,-6.33050537109375,1
FakeVideo-RealAudio/Asian (East)/men/id06878/00001_id00056_wavtolip.npz,-5.605384349822998,1
FakeVideo-RealAudio/Asian (East)/men/id06878/00001_id02365_wavtolip.npz,-6.122007369995117,1
FakeVideo-RealAudio/Asian (East)/men/id06878/00001_id02553_wavtolip.npz,-6.370822429656982,1
FakeVideo-RealAudio/Asian (East)/men/id06878/00001_id03889_wavtolip.npz,-6.392453670501709,1
FakeVideo-RealAudio/Asian (East)/men/id06878/00001_id04687_wavtolip.npz,-5.344804286956787,1
FakeVideo-RealAudio/Asian (East)/men/id06878/00001_id04774_wavtolip.npz,-6.446673393249512,1
FakeVideo-RealAudio/Asian (East)/men/id06878/00001_id04884_wavtolip.npz,-6.175614356994629,1
FakeVideo-RealAudio/Asian (East)/men/id06878/00001_id05383_wavtolip.npz,-6.494965076446533,1
FakeVideo-RealAudio/Asian (East)/men/id06878/00001_id08299_wavtolip.npz,-6.568653583526611,1
FakeVideo-RealAudio/Asian (East)/men/id06878/00001_id08613_wavtolip.npz,-5.802618026733398,1
FakeVideo-RealAudio/Asian (East)/men/id09143/00056_id00863_wavtolip.npz,-4.4350762367248535,1
FakeVideo-RealAudio/Asian (East)/men/id09143/00056_id01204_biYGqpYBp7o.npz,-6.500568389892578,1
FakeVideo-RealAudio/Asian (East)/men/id09143/00056_id01204_biYGqpYBp7o_faceswap.npz,-6.404799938201904,1
FakeVideo-RealAudio/Asian (East)/men/id09143/00056_id01215_wavtolip.npz,-6.10986328125,1
FakeVideo-RealAudio/Asian (East)/men/id09143/00056_id01589_ZCwF6XVRiAU.npz,-6.574531555175781,1
FakeVideo-RealAudio/Asian (East)/men/id09143/00056_id01589_wavtolip.npz,-6.317773342132568,1
FakeVideo-RealAudio/Asian (East)/men/id09143/00056_id01683_wavtolip.npz,-6.632014751434326,1
FakeVideo-RealAudio/Asian (East)/men/id09143/00056_id02553_QTahH2rc8go.npz,-6.608818531036377,1
FakeVideo-RealAudio/Asian (East)/men/id09143/00056_id04789_wavtolip.npz,-6.248712062835693,1
FakeVideo-RealAudio/Asian (East)/men/id09143/00056_id06470_XoAiqCrOlyk.npz,-6.416143417358398,1
FakeVideo-RealAudio/Asian (East)/men/id09143/00056_id06470_wavtolip.npz,-3.1044511795043945,1
FakeVideo-RealAudio/Asian (East)/men/id09143/00056_id06594_wavtolip.npz,-6.5580902099609375,1
FakeVideo-RealAudio/Asian (East)/men/id09143/00056_id06807_wavtolip.npz,-6.439072608947754,1
FakeVideo-RealAudio/Asian (East)/men/id09143/00056_id07102_4gKPlwvjpsI.npz,-5.703422546386719,1
FakeVideo-RealAudio/Asian (East)/men/id09143/00056_id07102_wavtolip.npz,-6.513147354125977,1
FakeVideo-RealAudio/Asian (East)/men/id09143/00056_id08652_wavtolip.npz,-6.021428108215332,1
FakeVideo-RealAudio/Asian (East)/men/id09143/00056_id09053_6baCAGutGFg.npz,-6.628267765045166,1
FakeVideo-RealAudio/Asian (East)/men/id08652/00006.npz,-5.487644195556641,1
FakeVideo-RealAudio/Asian (East)/men/id08652/00006_id01215_wavtolip.npz,-6.594686031341553,1
FakeVideo-RealAudio/Asian (East)/men/id08652/00006_id02365_wavtolip.npz,-6.4626336097717285,1
FakeVideo-RealAudio/Asian (East)/men/id08652/00006_id04222_wavtolip.npz,-6.53583288192749,1
FakeVideo-RealAudio/Asian (East)/men/id08652/00006_id04687_wavtolip.npz,-6.602285385131836,1
FakeVideo-RealAudio/Asian (East)/men/id08652/00006_id05383_wavtolip.npz,-6.610930442810059,1
FakeVideo-RealAudio/Asian (East)/men/id08652/00006_id06152_wavtolip.npz,-6.572566986083984,1
FakeVideo-RealAudio/Asian (East)/men/id08652/00006_id06467_wavtolip.npz,-6.562253952026367,1
FakeVideo-RealAudio/Asian (East)/men/id08652/00006_id08299_wavtolip.npz,-6.617168426513672,1
FakeVideo-RealAudio/Asian (East)/men/id08652/00006_id08652_wavtolip.npz,-6.384539604187012,1
FakeVideo-RealAudio/Asian (East)/men/id08652/00006_id09143_wavtolip.npz,-6.65352201461792,1
FakeVideo-RealAudio/Asian (East)/men/id06807/00015.npz,-5.946314811706543,1
FakeVideo-RealAudio/Asian (East)/men/id06807/00015_id00560_wavtolip.npz,-6.573319911956787,1
FakeVideo-RealAudio/Asian (East)/men/id06807/00015_id00863_wavtolip.npz,-4.962588787078857,1
FakeVideo-RealAudio/Asian (East)/men/id06807/00015_id01683_wavtolip.npz,-6.398499011993408,1
FakeVideo-RealAudio/Asian (East)/men/id06807/00015_id02561_wavtolip.npz,-5.801912784576416,1
FakeVideo-RealAudio/Asian (East)/men/id06807/00015_id04691_wavtolip.npz,-5.945613861083984,1
FakeVideo-RealAudio/Asian (East)/men/id06807/00015_id04774_wavtolip.npz,-6.496110916137695,1
FakeVideo-RealAudio/Asian (East)/men/id06807/00015_id06269_wavtolip.npz,-6.46256160736084,1
FakeVideo-RealAudio/Asian (East)/men/id06807/00015_id06591_wavtolip.npz,-6.482547760009766,1
FakeVideo-RealAudio/Asian (East)/men/id06807/00015_id06807_wavtolip.npz,-5.886284828186035,1
FakeVideo-RealAudio/Asian (East)/men/id06807/00015_id08652_wavtolip.npz,-6.356335163116455,1
FakeVideo-RealAudio/Asian (East)/men/id04687/00066_id00126_wavtolip.npz,-6.394951343536377,1
FakeVideo-RealAudio/Asian (East)/men/id04687/00066_id00560_wavtolip.npz,-6.503127098083496,1
FakeVideo-RealAudio/Asian (East)/men/id04687/00066_id00740_wavtolip.npz,-6.455679893493652,1
FakeVideo-RealAudio/Asian (East)/men/id04687/00066_id01589_ZCwF6XVRiAU.npz,-4.117393970489502,1
FakeVideo-RealAudio/Asian (East)/men/id04687/00066_id01589_wavtolip.npz,-6.376684188842773,1
FakeVideo-RealAudio/Asian (East)/men/id04687/00066_id02332_hlo8q3-L9vI.npz,-6.317351341247559,1
FakeVideo-RealAudio/Asian (East)/men/id04687/00066_id02493_zYAm6W46Mcg.npz,-6.268655776977539,1
FakeVideo-RealAudio/Asian (East)/men/id04687/00066_id02493_zYAm6W46Mcg_faceswap.npz,4.023406982421875,1
FakeVideo-RealAudio/Asian (East)/men/id04687/00066_id02553_QTahH2rc8go.npz,-6.371386528015137,1
FakeVideo-RealAudio/Asian (East)/men/id04687/00066_id02553_wavtolip.npz,-6.392726898193359,1
FakeVideo-RealAudio/Asian (East)/men/id04687/00066_id03889_C54Tw6xrc4U.npz,-6.0272908210754395,1
FakeVideo-RealAudio/Asian (East)/men/id04687/00066_id03889_wavtolip.npz,-6.409669399261475,1
FakeVideo-RealAudio/Asian (East)/men/id04687/00066_id04111_wavtolip.npz,-6.355476379394531,1
FakeVideo-RealAudio/Asian (East)/men/id04687/00066_id04222_EAw7MSynKF8.npz,-6.3635358810424805,1
FakeVideo-RealAudio/Asian (East)/men/id04687/00066_id04222_wavtolip.npz,-6.272980213165283,1
FakeVideo-RealAudio/Asian (East)/men/id04687/00066_id04884_eq_wk7h1Gzo.npz,5.2251691818237305,1
FakeVideo-RealAudio/Asian (East)/men/id04687/00066_id06269_wavtolip.npz,-6.470871925354004,1
FakeVideo-RealAudio/Asian (East)/men/id04687/00066_id06470_XoAiqCrOlyk.npz,-6.372727870941162,1
FakeVideo-RealAudio/Asian (East)/men/id04687/00066_id08299_wavtolip.npz,-6.572659492492676,1
FakeVideo-RealAudio/Asian (East)/men/id07338/00003.npz,-6.571499824523926,1
FakeVideo-RealAudio/Asian (East)/men/id07338/00003_id01683_wavtolip.npz,-6.612602233886719,1
FakeVideo-RealAudio/Asian (East)/men/id07338/00003_id04111_wavtolip.npz,-6.156599998474121,1
FakeVideo-RealAudio/Asian (East)/men/id07338/00003_id04687_wavtolip.npz,-6.597144603729248,1
FakeVideo-RealAudio/Asian (East)/men/id07338/00003_id04691_wavtolip.npz,-6.512777328491211,1
FakeVideo-RealAudio/Asian (East)/men/id07338/00003_id04774_wavtolip.npz,-6.246331214904785,1
FakeVideo-RealAudio/Asian (East)/men/id07338/00003_id04884_wavtolip.npz,-6.144578456878662,1
FakeVideo-RealAudio/Asian (East)/men/id07338/00003_id05332_wavtolip.npz,-6.565942764282227,1
FakeVideo-RealAudio/Asian (East)/men/id07338/00003_id06470_wavtolip.npz,4.884005069732666,1
FakeVideo-RealAudio/Asian (East)/men/id07338/00003_id06776_wavtolip.npz,-6.551825523376465,1
FakeVideo-RealAudio/Asian (East)/men/id07338/00003_id07102_wavtolip.npz,-6.391170978546143,1
FakeVideo-RealAudio/Asian (East)/men/id01204/00092_id00056_GUh0mNVw0U8.npz,-6.0311174392700195,1
FakeVideo-RealAudio/Asian (East)/men/id01204/00092_id00560_wavtolip.npz,-6.599207878112793,1
FakeVideo-RealAudio/Asian (East)/men/id01204/00092_id00597_wavtolip.npz,-6.054648399353027,1
FakeVideo-RealAudio/Asian (East)/men/id01204/00092_id01589_ZCwF6XVRiAU.npz,-6.028343200683594,1
FakeVideo-RealAudio/Asian (East)/men/id01204/00092_id02332_wavtolip.npz,4.361222267150879,1
FakeVideo-RealAudio/Asian (East)/men/id01204/00092_id02365_KTHM_LvjcgY.npz,-5.982015132904053,1
FakeVideo-RealAudio/Asian (East)/men/id01204/00092_id02493_zYAm6W46Mcg.npz,-6.017253875732422,1
FakeVideo-RealAudio/Asian (East)/men/id01204/00092_id03028_wavtolip.npz,-5.8752264976501465,1
FakeVideo-RealAudio/Asian (East)/men/id01204/00092_id03889_C54Tw6xrc4U.npz,-6.024834632873535,1
FakeVideo-RealAudio/Asian (East)/men/id01204/00092_id04111_wavtolip.npz,-5.585681915283203,1
FakeVideo-RealAudio/Asian (East)/men/id01204/00092_id04687_wavtolip.npz,-6.137467384338379,1
FakeVideo-RealAudio/Asian (East)/men/id01204/00092_id05332_wavtolip.npz,-5.78948974609375,1
FakeVideo-RealAudio/Asian (East)/men/id01204/00092_id06269_Jm9bEizIGBE.npz,-6.031658172607422,1
FakeVideo-RealAudio/Asian (East)/men/id01204/00092_id06269_wavtolip.npz,-6.531610012054443,1
FakeVideo-RealAudio/Asian (East)/men/id01204/00092_id06535_wavtolip.npz,-6.2092509269714355,1
FakeVideo-RealAudio/Asian (East)/men/id01204/00092_id06591_wavtolip.npz,-5.7800397872924805,1
FakeVideo-RealAudio/Asian (East)/men/id01204/00092_id09053_6baCAGutGFg.npz,-6.041271209716797,1
FakeVideo-RealAudio/Asian (East)/men/id01204/00092_id09143_rnD7HryoyLY.npz,-6.029243469238281,1
FakeVideo-RealAudio/Asian (East)/men/id01204/00092_id09143_rnD7HryoyLY_faceswap.npz,-6.031572341918945,1
FakeVideo-RealAudio/Asian (East)/men/id03889/00052_id00560_wavtolip.npz,-6.516684055328369,1
FakeVideo-RealAudio/Asian (East)/men/id03889/00052_id01212_wavtolip.npz,-6.10307502746582,1
FakeVideo-RealAudio/Asian (East)/men/id03889/00052_id01215_wavtolip.npz,-6.454590797424316,1
FakeVideo-RealAudio/Asian (East)/men/id03889/00052_id01589_ZCwF6XVRiAU.npz,-6.163083553314209,1
FakeVideo-RealAudio/Asian (East)/men/id03889/00052_id01589_ZCwF6XVRiAU_faceswap.npz,-6.219768047332764,1
FakeVideo-RealAudio/Asian (East)/men/id03889/00052_id02332_hlo8q3-L9vI.npz,-6.317682266235352,1
FakeVideo-RealAudio/Asian (East)/men/id03889/00052_id02332_wavtolip.npz,-0.4414832890033722,1
FakeVideo-RealAudio/Asian (East)/men/id03889/00052_id02365_KTHM_LvjcgY.npz,-6.272289752960205,1
FakeVideo-RealAudio/Asian (East)/men/id03889/00052_id02493_zYAm6W46Mcg.npz,-6.307474613189697,1
FakeVideo-RealAudio/Asian (East)/men/id03889/00052_id04111_wavtolip.npz,-6.2314863204956055,1
FakeVideo-RealAudio/Asian (East)/men/id03889/00052_id04687_cSxCV6zdmwo.npz,-6.3253021240234375,1
FakeVideo-RealAudio/Asian (East)/men/id03889/00052_id04774_k3yOcTA95dg.npz,-6.284343242645264,1
FakeVideo-RealAudio/Asian (East)/men/id03889/00052_id05743_wavtolip.npz,-6.319559097290039,1
FakeVideo-RealAudio/Asian (East)/men/id03889/00052_id06152_wavtolip.npz,-6.3424506187438965,1
FakeVideo-RealAudio/Asian (East)/men/id03889/00052_id06269_wavtolip.npz,-6.532644271850586,1
FakeVideo-RealAudio/Asian (East)/men/id03889/00052_id06591_wavtolip.npz,-6.082952499389648,1
FakeVideo-RealAudio/Asian (East)/men/id03889/00052_id06878_wavtolip.npz,-6.386247634887695,1
FakeVideo-RealAudio/Asian (East)/men/id08299/00110_0.npz,-5.7798752784729,1
FakeVideo-RealAudio/Asian (East)/men/id08299/00110_1.npz,-5.887519836425781,1
FakeVideo-RealAudio/Asian (East)/men/id08299/00110_2.npz,-6.017587661743164,1
FakeVideo-RealAudio/Asian (East)/men/id08299/00110_3.npz,-4.485757350921631,1
FakeVideo-RealAudio/Asian (East)/men/id08299/00110_id03028_wavtolip.npz,-6.554156303405762,1
FakeVideo-RealAudio/Asian (East)/men/id08299/00110_id03965_wavtolip.npz,-6.299871921539307,1
FakeVideo-RealAudio/Asian (East)/men/id08299/00110_id04726_wavtolip.npz,-6.535654544830322,1
FakeVideo-RealAudio/Asian (East)/men/id08299/00110_id04789_wavtolip.npz,-6.4958906173706055,1
FakeVideo-RealAudio/Asian (East)/men/id08299/00110_id05268_wavtolip.npz,-6.160523891448975,1
FakeVideo-RealAudio/Asian (East)/men/id08299/00110_id05332_wavtolip.npz,-6.553555488586426,1
FakeVideo-RealAudio/Asian (East)/men/id08299/00110_id05479_wavtolip.npz,-6.292514801025391,1
FakeVideo-RealAudio/Asian (East)/men/id08299/00110_id06467_wavtolip.npz,-6.546905994415283,1
FakeVideo-RealAudio/Asian (East)/men/id08299/00110_id06807_wavtolip.npz,-6.446506977081299,1
FakeVideo-RealAudio/Asian (East)/men/id08299/00110_id08299_wavtolip.npz,-6.568559169769287,1
FakeVideo-RealAudio/Asian (East)/women/id08819/00052_id00137_wavtolip.npz,-6.366684913635254,1
FakeVideo-RealAudio/Asian (East)/women/id08819/00052_id00566_wavtolip.npz,-6.605771541595459,1
FakeVideo-RealAudio/Asian (East)/women/id08819/00052_id00579_yc8eTBM4N3c.npz,-5.520914077758789,1
FakeVideo-RealAudio/Asian (East)/women/id08819/00052_id00763_wavtolip.npz,-5.880537986755371,1
FakeVideo-RealAudio/Asian (East)/women/id08819/00052_id01281_wavtolip.npz,-5.9866743087768555,1
FakeVideo-RealAudio/Asian (East)/women/id08819/00052_id02807_eFC0STvhou4.npz,-5.510470390319824,1
FakeVideo-RealAudio/Asian (East)/women/id08819/00052_id04701_7mnc8w6jRlM.npz,-5.489885330200195,1
FakeVideo-RealAudio/Asian (East)/women/id08819/00052_id05576_g3SKd3BsV9I.npz,-5.512712478637695,1
FakeVideo-RealAudio/Asian (East)/women/id08819/00052_id06060___Bf93SjJP0.npz,-5.501484394073486,1
FakeVideo-RealAudio/Asian (East)/women/id08819/00052_id06066_9e5vgpwmruA.npz,-5.519496917724609,1
FakeVideo-RealAudio/Asian (East)/women/id08819/00052_id07039_wavtolip.npz,-6.20628547668457,1
FakeVideo-RealAudio/Asian (East)/women/id08819/00052_id07739_TmuvLVNBm8o.npz,-5.513948440551758,1
FakeVideo-RealAudio/Asian (East)/women/id08819/00052_id07799_wavtolip.npz,-5.574411869049072,1
FakeVideo-RealAudio/Asian (East)/women/id08819/00052_id08402_wavtolip.npz,-6.041433811187744,1
FakeVideo-RealAudio/Asian (East)/women/id08819/00052_id08819_wavtolip.npz,-5.563766002655029,1
FakeVideo-RealAudio/Asian (East)/women/id08819/00052_id09171_wavtolip.npz,-6.150167465209961,1
FakeVideo-RealAudio/Asian (East)/women/id08819/00052_id09175_wavtolip.npz,-6.327715873718262,1
FakeVideo-RealAudio/Asian (East)/women/id00566/00032_id00137_L22Rc38U5BA.npz,-4.66618013381958,1
FakeVideo-RealAudio/Asian (East)/women/id00566/00032_id00935_wavtolip.npz,-6.142799377441406,1
FakeVideo-RealAudio/Asian (East)/women/id00566/00032_id02587_KzwJPH5_8j0.npz,-6.548356056213379,1
FakeVideo-RealAudio/Asian (East)/women/id00566/00032_id02587_KzwJPH5_8j0_faceswap.npz,-6.5700225830078125,1
FakeVideo-RealAudio/Asian (East)/women/id00566/00032_id02807_wavtolip.npz,-6.601613998413086,1
FakeVideo-RealAudio/Asian (East)/women/id00566/00032_id03379_wavtolip.npz,-6.49454927444458,1
FakeVideo-RealAudio/Asian (East)/women/id00566/00032_id04414_0sJN-9GIO-M.npz,-6.567557334899902,1
FakeVideo-RealAudio/Asian (East)/women/id00566/00032_id04701_7mnc8w6jRlM.npz,-1.9166569709777832,1
FakeVideo-RealAudio/Asian (East)/women/id00566/00032_id05620_wavtolip.npz,-6.598733425140381,1
FakeVideo-RealAudio/Asian (East)/women/id00566/00032_id05844_bkmHULxZv40.npz,-6.50814151763916,1
FakeVideo-RealAudio/Asian (East)/women/id00566/00032_id06061_TckvmWR97vo.npz,-5.722529888153076,1
FakeVideo-RealAudio/Asian (East)/women/id00566/00032_id06388_wavtolip.npz,-6.089332580566406,1
FakeVideo-RealAudio/Asian (East)/women/id00566/00032_id06427_dBBAKe2EA_o.npz,-6.568492889404297,1
FakeVideo-RealAudio/Asian (East)/women/id00566/00032_id06443_wavtolip.npz,-6.553553104400635,1
FakeVideo-RealAudio/Asian (East)/women/id00566/00032_id08397_wavtolip.npz,-0.9525855183601379,1
FakeVideo-RealAudio/Asian (East)/women/id00566/00032_id08402_wavtolip.npz,-6.544366836547852,1
FakeVideo-RealAudio/Asian (East)/women/id00566/00032_id09125_wavtolip.npz,-6.183091163635254,1
FakeVideo-RealAudio/Asian (East)/women/id00566/00032_id09174_Qspzu6tyArc.npz,-6.541802406311035,1
FakeVideo-RealAudio/Asian (East)/women/id00566/00032_id09181_wavtolip.npz,2.2338836193084717,1
FakeVideo-RealAudio/Asian (East)/women/id05631/00073_id00137_L22Rc38U5BA.npz,-6.181164741516113,1
FakeVideo-RealAudio/Asian (East)/women/id05631/00073_id00430_wavtolip.npz,-6.402037620544434,1
FakeVideo-RealAudio/Asian (East)/women/id05631/00073_id01281_ojEe5zGWESc.npz,-6.185731410980225,1
FakeVideo-RealAudio/Asian (East)/women/id05631/00073_id02587_KzwJPH5_8j0.npz,-6.1221513748168945,1
FakeVideo-RealAudio/Asian (East)/women/id05631/00073_id03379_wavtolip.npz,-6.458963394165039,1
FakeVideo-RealAudio/Asian (East)/women/id05631/00073_id04057_SmHwNbR-498.npz,-6.152339458465576,1
FakeVideo-RealAudio/Asian (East)/women/id05631/00073_id04066_DkqznbB2WxQ.npz,-6.123573303222656,1
FakeVideo-RealAudio/Asian (East)/women/id05631/00073_id04414_wavtolip.npz,-6.364343643188477,1
FakeVideo-RealAudio/Asian (East)/women/id05631/00073_id04701_7mnc8w6jRlM.npz,-6.17258882522583,1
FakeVideo-RealAudio/Asian (East)/women/id05631/00073_id05620_wavtolip.npz,-6.305202007293701,1
FakeVideo-RealAudio/Asian (East)/women/id05631/00073_id05844_bkmHULxZv40.npz,-6.182857513427734,1
FakeVideo-RealAudio/Asian (East)/women/id05631/00073_id06065_Rni34oVUpTA.npz,-6.172630786895752,1
FakeVideo-RealAudio/Asian (East)/women/id05631/00073_id06065_Rni34oVUpTA_faceswap.npz,-6.17185115814209,1
FakeVideo-RealAudio/Asian (East)/women/id05631/00073_id06388_wavtolip.npz,-6.159791946411133,1
FakeVideo-RealAudio/Asian (East)/women/id05631/00073_id06462_wavtolip.npz,-6.407142162322998,1
FakeVideo-RealAudio/Asian (East)/women/id05631/00073_id07383_wavtolip.npz,-6.209819793701172,1
FakeVideo-RealAudio/Asian (East)/women/id05631/00073_id09171_wavtolip.npz,-6.219298362731934,1
FakeVideo-RealAudio/Asian (East)/women/id05631/00073_id09175_wavtolip.npz,-6.318801403045654,1
FakeVideo-RealAudio/Asian (East)/women/id05631/00073_id09181_wavtolip.npz,-1.470643401145935,1
FakeVideo-RealAudio/Asian (East)/women/id06054/00010_id00430_wavtolip.npz,-6.425013542175293,1
FakeVideo-RealAudio/Asian (East)/women/id06054/00010_id00579_yc8eTBM4N3c.npz,-5.347134590148926,1
FakeVideo-RealAudio/Asian (East)/women/id06054/00010_id00579_yc8eTBM4N3c_faceswap.npz,-5.954322814941406,1
FakeVideo-RealAudio/Asian (East)/women/id06054/00010_id00763_wavtolip.npz,-5.480345726013184,1
FakeVideo-RealAudio/Asian (East)/women/id06054/00010_id01281_wavtolip.npz,-3.056173086166382,1
FakeVideo-RealAudio/Asian (East)/women/id06054/00010_id02587_KzwJPH5_8j0.npz,-4.9157938957214355,1
FakeVideo-RealAudio/Asian (East)/women/id06054/00010_id02807_eFC0STvhou4.npz,-5.199676990509033,1
FakeVideo-RealAudio/Asian (East)/women/id06054/00010_id03379_wavtolip.npz,-6.38149356842041,1
FakeVideo-RealAudio/Asian (East)/women/id06054/00010_id04057_SmHwNbR-498.npz,-5.420670509338379,1
FakeVideo-RealAudio/Asian (East)/women/id06054/00010_id04066_wavtolip.npz,-6.344568729400635,1
FakeVideo-RealAudio/Asian (East)/women/id06054/00010_id04144__FJg9YswRzQ.npz,-5.332551002502441,1
FakeVideo-RealAudio/Asian (East)/women/id06054/00010_id06054_wavtolip.npz,-5.590023517608643,1
FakeVideo-RealAudio/Asian (East)/women/id06054/00010_id06462_Nn79kE76MA4.npz,-4.915637969970703,1
FakeVideo-RealAudio/Asian (East)/women/id06054/00010_id06462_wavtolip.npz,-6.478740692138672,1
FakeVideo-RealAudio/Asian (East)/women/id06054/00010_id07039_wavtolip.npz,-6.2520599365234375,1
FakeVideo-RealAudio/Asian (East)/women/id06054/00010_id07901_wavtolip.npz,-6.480443000793457,1
FakeVideo-RealAudio/Asian (East)/women/id06054/00010_id08402_nedfiSXfmQ0.npz,-5.184334754943848,1
FakeVideo-RealAudio/Asian (East)/women/id06054/00010_id08819_uDQ-DFVg5Sk.npz,-4.7009596824646,1
FakeVideo-RealAudio/Asian (East)/women/id06054/00010_id09175_wavtolip.npz,-6.3526692390441895,1
FakeVideo-RealAudio/Asian (East)/women/id04701/00017_id00137_wavtolip.npz,-5.382055282592773,1
FakeVideo-RealAudio/Asian (East)/women/id04701/00017_id00582_wavtolip.npz,-6.301135063171387,1
FakeVideo-RealAudio/Asian (East)/women/id04701/00017_id01451_wavtolip.npz,-6.305239200592041,1
FakeVideo-RealAudio/Asian (East)/women/id04701/00017_id03940_axeR0CLu96U.npz,-6.189269065856934,1
FakeVideo-RealAudio/Asian (East)/women/id04701/00017_id04144__FJg9YswRzQ.npz,-5.839805603027344,1
FakeVideo-RealAudio/Asian (East)/women/id04701/00017_id04144_wavtolip.npz,-4.890624046325684,1
FakeVideo-RealAudio/Asian (East)/women/id04701/00017_id04414_0sJN-9GIO-M.npz,-6.1568450927734375,1
FakeVideo-RealAudio/Asian (East)/women/id04701/00017_id05631_wavtolip.npz,-6.20783805847168,1
FakeVideo-RealAudio/Asian (East)/women/id04701/00017_id06054_wavtolip.npz,-5.127288341522217,1
FakeVideo-RealAudio/Asian (East)/women/id04701/00017_id06061_wavtolip.npz,-6.236077785491943,1
FakeVideo-RealAudio/Asian (East)/women/id04701/00017_id06066_wavtolip.npz,-6.283596038818359,1
FakeVideo-RealAudio/Asian (East)/women/id04701/00017_id06225_wavtolip.npz,-6.165671348571777,1
FakeVideo-RealAudio/Asian (East)/women/id04701/00017_id06462_Nn79kE76MA4.npz,-6.064334869384766,1
FakeVideo-RealAudio/Asian (East)/women/id04701/00017_id06462_Nn79kE76MA4_faceswap.npz,-6.183974266052246,1
FakeVideo-RealAudio/Asian (East)/women/id04701/00017_id07739_TmuvLVNBm8o.npz,-6.0873565673828125,1
FakeVideo-RealAudio/Asian (East)/women/id04701/00017_id07799_gO6nidmxrJU.npz,-5.968814849853516,1
FakeVideo-RealAudio/Asian (East)/women/id04701/00017_id07799_wavtolip.npz,-6.317282676696777,1
FakeVideo-RealAudio/Asian (East)/women/id04701/00017_id09174_Qspzu6tyArc.npz,-6.134850978851318,1
FakeVideo-RealAudio/Asian (East)/women/id04701/00017_id09175_YWe7UOnEyHU.npz,-6.095827102661133,1
FakeVideo-RealAudio/Asian (East)/women/id09174/00015_id00137_L22Rc38U5BA.npz,-5.754467964172363,1
FakeVideo-RealAudio/Asian (East)/women/id09174/00015_id00582_9gvF6IohoUI.npz,-4.4442877769470215,1
FakeVideo-RealAudio/Asian (East)/women/id09174/00015_id00763_wavtolip.npz,-5.737452983856201,1
FakeVideo-RealAudio/Asian (East)/women/id09174/00015_id02587_KzwJPH5_8j0.npz,-4.268668174743652,1
FakeVideo-RealAudio/Asian (East)/women/id09174/00015_id02587_KzwJPH5_8j0_faceswap.npz,-5.179044723510742,1
FakeVideo-RealAudio/Asian (East)/women/id09174/00015_id03211_wavtolip.npz,2.2720935344696045,1
FakeVideo-RealAudio/Asian (East)/women/id09174/00015_id04701_7mnc8w6jRlM.npz,-5.490732669830322,1
FakeVideo-RealAudio/Asian (East)/women/id09174/00015_id04701_wavtolip.npz,-6.368456840515137,1
FakeVideo-RealAudio/Asian (East)/women/id09174/00015_id05576_wavtolip.npz,-6.617947578430176,1
FakeVideo-RealAudio/Asian (East)/women/id09174/00015_id05620_DmPPLeOZkHo.npz,-5.991584777832031,1
FakeVideo-RealAudio/Asian (East)/women/id09174/00015_id05631_wavtolip.npz,-5.6611738204956055,1
FakeVideo-RealAudio/Asian (East)/women/id09174/00015_id05844_bkmHULxZv40.npz,-6.1688232421875,1
FakeVideo-RealAudio/Asian (East)/women/id09174/00015_id06065_wavtolip.npz,-6.45988130569458,1
FakeVideo-RealAudio/Asian (East)/women/id09174/00015_id06462_Nn79kE76MA4.npz,-5.354129791259766,1
FakeVideo-RealAudio/Asian (East)/women/id09174/00015_id06462_wavtolip.npz,-6.611786365509033,1
FakeVideo-RealAudio/Asian (East)/women/id09174/00015_id07039_wavtolip.npz,-6.42429256439209,1
FakeVideo-RealAudio/Asian (East)/women/id09174/00015_id07799_gO6nidmxrJU.npz,-4.692086696624756,1
FakeVideo-RealAudio/Asian (East)/women/id09174/00015_id09125_wavtolip.npz,-6.240960121154785,1
FakeVideo-RealAudio/Asian (East)/women/id09174/00015_id09174_wavtolip.npz,-5.867625713348389,1
FakeVideo-RealAudio/Asian (East)/women/id09125/00098_id00137_L22Rc38U5BA.npz,-2.531001091003418,1
FakeVideo-RealAudio/Asian (East)/women/id09125/00098_id00137_wavtolip.npz,-6.361124515533447,1
FakeVideo-RealAudio/Asian (East)/women/id09125/00098_id00579_yc8eTBM4N3c.npz,4.569276809692383,1
FakeVideo-RealAudio/Asian (East)/women/id09125/00098_id02807_wavtolip.npz,-6.256252765655518,1
FakeVideo-RealAudio/Asian (East)/women/id09125/00098_id03211_HK4oe6Hi91E.npz,4.941388130187988,1
FakeVideo-RealAudio/Asian (East)/women/id09125/00098_id06060_wavtolip.npz,-6.458399295806885,1
FakeVideo-RealAudio/Asian (East)/women/id09125/00098_id06061_wavtolip.npz,-6.07632303237915,1
FakeVideo-RealAudio/Asian (East)/women/id09125/00098_id06066_wavtolip.npz,-6.220175266265869,1
FakeVideo-RealAudio/Asian (East)/women/id09125/00098_id06225_AERbd8rJHDw.npz,4.8614654541015625,1
FakeVideo-RealAudio/Asian (East)/women/id09125/00098_id06225_wavtolip.npz,-6.103099346160889,1
FakeVideo-RealAudio/Asian (East)/women/id09125/00098_id06462_Nn79kE76MA4.npz,3.4285666942596436,1
FakeVideo-RealAudio/Asian (East)/women/id09125/00098_id07739_TmuvLVNBm8o.npz,5.02517557144165,1
FakeVideo-RealAudio/Asian (East)/women/id09125/00098_id08397_wavtolip.npz,5.989987850189209,1
FakeVideo-RealAudio/Asian (East)/women/id09125/00098_id09125_wavtolip.npz,-5.314411163330078,1
FakeVideo-RealAudio/Asian (East)/women/id09125/00098_id09171_wavtolip.npz,-6.1474385261535645,1
FakeVideo-RealAudio/Asian (East)/women/id09125/00098_id09181_wavtolip.npz,-2.384450912475586,1
FakeVideo-RealAudio/Asian (East)/women/id09125/00098_id09181_ypUYBHscgD8.npz,4.642512321472168,1
FakeVideo-RealAudio/Asian (East)/women/id05620/00005_id00137_L22Rc38U5BA.npz,-6.2188262939453125,1
FakeVideo-RealAudio/Asian (East)/women/id05620/00005_id00566_V3Hg_HMhuwQ.npz,-6.248574733734131,1
FakeVideo-RealAudio/Asian (East)/women/id05620/00005_id00935_wavtolip.npz,-6.179189682006836,1
FakeVideo-RealAudio/Asian (East)/women/id05620/00005_id02807_eFC0STvhou4.npz,-6.200957298278809,1
FakeVideo-RealAudio/Asian (East)/women/id05620/00005_id02807_wavtolip.npz,-6.303071022033691,1
FakeVideo-RealAudio/Asian (East)/women/id05620/00005_id03211_wavtolip.npz,-6.285670757293701,1
FakeVideo-RealAudio/Asian (East)/women/id05620/00005_id04701_7mnc8w6jRlM.npz,-6.172626972198486,1
FakeVideo-RealAudio/Asian (East)/women/id05620/00005_id05844_wavtolip.npz,-6.400974273681641,1
FakeVideo-RealAudio/Asian (East)/women/id05620/00005_id06060_wavtolip.npz,-6.380388259887695,1
FakeVideo-RealAudio/Asian (East)/women/id05620/00005_id06061_TckvmWR97vo.npz,-6.190072059631348,1
FakeVideo-RealAudio/Asian (East)/women/id05620/00005_id06061_TckvmWR97vo_faceswap.npz,-6.135084629058838,1
FakeVideo-RealAudio/Asian (East)/women/id05620/00005_id06066_9e5vgpwmruA.npz,-6.199349880218506,1
FakeVideo-RealAudio/Asian (East)/women/id05620/00005_id06388_wavtolip.npz,-6.182991981506348,1
FakeVideo-RealAudio/Asian (East)/women/id05620/00005_id07383_G9gjJrz6L94.npz,-6.186732292175293,1
FakeVideo-RealAudio/Asian (East)/women/id05620/00005_id07901_wavtolip.npz,-6.474126815795898,1
FakeVideo-RealAudio/Asian (East)/women/id05620/00005_id08139_wavtolip.npz,-6.277612686157227,1
FakeVideo-RealAudio/Asian (East)/women/id05620/00005_id09116_wavtolip.npz,-6.457727432250977,1
FakeVideo-RealAudio/Asian (East)/women/id05620/00005_id09125_wavtolip.npz,2.593691825866699,1
FakeVideo-RealAudio/Asian (East)/women/id05576/00368_id00363_XNRwEZtddRk.npz,-6.0555739402771,1
FakeVideo-RealAudio/Asian (East)/women/id05576/00368_id00582_9gvF6IohoUI.npz,-6.053093910217285,1
FakeVideo-RealAudio/Asian (East)/women/id05576/00368_id01281_wavtolip.npz,-3.7226645946502686,1
FakeVideo-RealAudio/Asian (East)/women/id05576/00368_id02807_eFC0STvhou4.npz,-6.041115760803223,1
FakeVideo-RealAudio/Asian (East)/women/id05576/00368_id04057_wavtolip.npz,-5.785693645477295,1
FakeVideo-RealAudio/Asian (East)/women/id05576/00368_id05620_wavtolip.npz,-6.277154445648193,1
FakeVideo-RealAudio/Asian (East)/women/id05576/00368_id06066_9e5vgpwmruA.npz,-6.060280799865723,1
FakeVideo-RealAudio/Asian (East)/women/id05576/00368_id06066_wavtolip.npz,-6.055350303649902,1
FakeVideo-RealAudio/Asian (East)/women/id05576/00368_id06158_C6FpHdewEzA.npz,-6.053023338317871,1
FakeVideo-RealAudio/Asian (East)/women/id05576/00368_id06158_wavtolip.npz,-5.981893539428711,1
FakeVideo-RealAudio/Asian (East)/women/id05576/00368_id06427_wavtolip.npz,-6.317813396453857,1
FakeVideo-RealAudio/Asian (East)/women/id05576/00368_id07739_wavtolip.npz,-4.693757057189941,1
FakeVideo-RealAudio/Asian (East)/women/id05576/00368_id08397_zvY3EjwSL1Q.npz,-6.063937187194824,1
FakeVideo-RealAudio/Asian (East)/women/id05576/00368_id08819_uDQ-DFVg5Sk.npz,-6.035186767578125,1
FakeVideo-RealAudio/Asian (East)/women/id05576/00368_id09116_wavtolip.npz,-6.449311256408691,1
FakeVideo-RealAudio/Asian (East)/women/id05576/00368_id09174_wavtolip.npz,-6.135214328765869,1
FakeVideo-RealAudio/Asian (East)/women/id05576/00368_id09175_YWe7UOnEyHU.npz,-6.057870388031006,1
FakeVideo-RealAudio/Asian (East)/women/id05576/00368_id09181_wavtolip.npz,1.6402424573898315,1
FakeVideo-RealAudio/Asian (East)/women/id06388/00005_id00137_wavtolip.npz,-6.318724632263184,1
FakeVideo-RealAudio/Asian (East)/women/id06388/00005_id00763_wavtolip.npz,-6.143824100494385,1
FakeVideo-RealAudio/Asian (East)/women/id06388/00005_id01281_ojEe5zGWESc.npz,-5.011826038360596,1
FakeVideo-RealAudio/Asian (East)/women/id06388/00005_id01281_ojEe5zGWESc_faceswap.npz,-4.81189489364624,1
FakeVideo-RealAudio/Asian (East)/women/id06388/00005_id03211_HK4oe6Hi91E.npz,-4.3163628578186035,1
FakeVideo-RealAudio/Asian (East)/women/id06388/00005_id03211_wavtolip.npz,-6.25837516784668,1
FakeVideo-RealAudio/Asian (East)/women/id06388/00005_id04057_wavtolip.npz,-6.025437355041504,1
FakeVideo-RealAudio/Asian (East)/women/id06388/00005_id04701_wavtolip.npz,-6.257568359375,1
FakeVideo-RealAudio/Asian (East)/women/id06388/00005_id05620_wavtolip.npz,-6.305758476257324,1
FakeVideo-RealAudio/Asian (East)/women/id06388/00005_id06060_wavtolip.npz,-6.2027459144592285,1
FakeVideo-RealAudio/Asian (East)/women/id06388/00005_id06065_wavtolip.npz,-6.290656089782715,1
FakeVideo-RealAudio/Asian (East)/women/id06388/00005_id06443_wavtolip.npz,-6.22038459777832,1
FakeVideo-RealAudio/Asian (East)/women/id06388/00005_id07383_G9gjJrz6L94.npz,-5.341821193695068,1
FakeVideo-RealAudio/Asian (East)/women/id06388/00005_id07799_wavtolip.npz,-6.254619598388672,1
FakeVideo-RealAudio/Asian (East)/women/id06388/00005_id08402_nedfiSXfmQ0.npz,-3.1442205905914307,1
FakeVideo-RealAudio/Asian (East)/women/id06388/00005_id09171_B-JRLp6chC0.npz,-4.8167643547058105,1
FakeVideo-RealAudio/Asian (East)/women/id06388/00005_id09175_YWe7UOnEyHU.npz,-4.20188045501709,1
FakeVideo-RealAudio/Asian (East)/women/id06388/00005_id09181_ypUYBHscgD8.npz,-4.641910552978516,1
FakeVideo-RealAudio/Asian (East)/women/id00582/00006_id00566_wavtolip.npz,-6.578525543212891,1
FakeVideo-RealAudio/Asian (East)/women/id00582/00006_id00582_wavtolip.npz,-5.723041534423828,1
FakeVideo-RealAudio/Asian (East)/women/id00582/00006_id02807_eFC0STvhou4.npz,-5.676250457763672,1
FakeVideo-RealAudio/Asian (East)/women/id00582/00006_id03211_HK4oe6Hi91E.npz,-5.672955513000488,1
FakeVideo-RealAudio/Asian (East)/women/id00582/00006_id03211_wavtolip.npz,-6.157920837402344,1
FakeVideo-RealAudio/Asian (East)/women/id00582/00006_id03379_A32nCObAHiI.npz,-5.689916610717773,1
FakeVideo-RealAudio/Asian (East)/women/id00582/00006_id03379_A32nCObAHiI_faceswap.npz,-5.716719627380371,1
FakeVideo-RealAudio/Asian (East)/women/id00582/00006_id04144__FJg9YswRzQ.npz,-5.687891006469727,1
FakeVideo-RealAudio/Asian (East)/women/id00582/00006_id06388_AtidJ-WlONc.npz,-5.659420013427734,1
FakeVideo-RealAudio/Asian (East)/women/id00582/00006_id06462_wavtolip.npz,-6.439432144165039,1
FakeVideo-RealAudio/Asian (East)/women/id00582/00006_id07739_wavtolip.npz,-3.5906925201416016,1
FakeVideo-RealAudio/Asian (East)/women/id00582/00006_id07901_wavtolip.npz,-6.511680603027344,1
FakeVideo-RealAudio/Asian (East)/women/id00582/00006_id08397_wavtolip.npz,3.1223514080047607,1
FakeVideo-RealAudio/Asian (East)/women/id00582/00006_id08402_wavtolip.npz,-6.000949859619141,1
FakeVideo-RealAudio/Asian (East)/women/id00582/00006_id08819_wavtolip.npz,-5.641095161437988,1
FakeVideo-RealAudio/Asian (East)/women/id00582/00006_id09171_wavtolip.npz,-6.143749237060547,1
FakeVideo-RealAudio/Asian (East)/women/id00582/00006_id09174_Qspzu6tyArc.npz,-5.654343605041504,1
FakeVideo-RealAudio/Asian (East)/women/id00582/00006_id09181_ypUYBHscgD8.npz,-5.6484551429748535,1
FakeVideo-RealAudio/Asian (East)/women/id00363/00014_id00566_wavtolip.npz,-6.583800792694092,1
FakeVideo-RealAudio/Asian (East)/women/id00363/00014_id00763_lI1GEn3Ima0.npz,-5.0782060623168945,1
FakeVideo-RealAudio/Asian (East)/women/id00363/00014_id00935_wavtolip.npz,-5.4614081382751465,1
FakeVideo-RealAudio/Asian (East)/women/id00363/00014_id03379_A32nCObAHiI.npz,-5.849009037017822,1
FakeVideo-RealAudio/Asian (East)/women/id00363/00014_id03940_wavtolip.npz,-6.426133155822754,1
FakeVideo-RealAudio/Asian (East)/women/id00363/00014_id04144__FJg9YswRzQ.npz,-6.035702705383301,1
FakeVideo-RealAudio/Asian (East)/women/id00363/00014_id04701_7mnc8w6jRlM.npz,-5.685332775115967,1
FakeVideo-RealAudio/Asian (East)/women/id00363/00014_id04701_wavtolip.npz,-6.469537258148193,1
FakeVideo-RealAudio/Asian (East)/women/id00363/00014_id05576_g3SKd3BsV9I.npz,-5.897044658660889,1
FakeVideo-RealAudio/Asian (East)/women/id00363/00014_id05620_wavtolip.npz,-6.626038074493408,1
FakeVideo-RealAudio/Asian (East)/women/id00363/00014_id05844_wavtolip.npz,-6.534579277038574,1
FakeVideo-RealAudio/Asian (East)/women/id00363/00014_id06060_wavtolip.npz,-6.439059257507324,1
FakeVideo-RealAudio/Asian (East)/women/id00363/00014_id06066_9e5vgpwmruA.npz,-5.752151012420654,1
FakeVideo-RealAudio/Asian (East)/women/id00363/00014_id06066_wavtolip.npz,-6.577110290527344,1
FakeVideo-RealAudio/Asian (East)/women/id00363/00014_id06427_wavtolip.npz,-6.488670349121094,1
FakeVideo-RealAudio/Asian (East)/women/id00363/00014_id08139_wavtolip.npz,-6.453474998474121,1
FakeVideo-RealAudio/Asian (East)/women/id00363/00014_id09175_YWe7UOnEyHU.npz,-5.870025634765625,1
FakeVideo-RealAudio/Asian (East)/women/id06158/00015_id00137_wavtolip.npz,-6.388242721557617,1
FakeVideo-RealAudio/Asian (East)/women/id06158/00015_id01281_ojEe5zGWESc.npz,-6.29249382019043,1
FakeVideo-RealAudio/Asian (East)/women/id06158/00015_id02807_eFC0STvhou4.npz,-6.192811965942383,1
FakeVideo-RealAudio/Asian (East)/women/id06158/00015_id03940_axeR0CLu96U.npz,-6.250810146331787,1
FakeVideo-RealAudio/Asian (East)/women/id06158/00015_id03940_axeR0CLu96U_faceswap.npz,-6.286015033721924,1
FakeVideo-RealAudio/Asian (East)/women/id06158/00015_id03940_wavtolip.npz,-6.276611804962158,1
FakeVideo-RealAudio/Asian (East)/women/id06158/00015_id04057_wavtolip.npz,-6.257709980010986,1
FakeVideo-RealAudio/Asian (East)/women/id06158/00015_id04701_7mnc8w6jRlM.npz,-6.268671035766602,1
FakeVideo-RealAudio/Asian (East)/women/id06158/00015_id05844_bkmHULxZv40.npz,-6.248416900634766,1
FakeVideo-RealAudio/Asian (East)/women/id06158/00015_id06066_wavtolip.npz,-5.969767093658447,1
FakeVideo-RealAudio/Asian (East)/women/id06158/00015_id06443_wavtolip.npz,-6.368788242340088,1
FakeVideo-RealAudio/Asian (East)/women/id06158/00015_id06462_wavtolip.npz,-6.474658966064453,1
FakeVideo-RealAudio/Asian (East)/women/id06158/00015_id07383_wavtolip.npz,-6.377908706665039,1
FakeVideo-RealAudio/Asian (East)/women/id06158/00015_id08397_zvY3EjwSL1Q.npz,-6.285004615783691,1
FakeVideo-RealAudio/Asian (East)/women/id06158/00015_id09116_wavtolip.npz,-6.504889011383057,1
FakeVideo-RealAudio/Asian (East)/women/id06158/00015_id09125_wavtolip.npz,-0.7715055346488953,1
FakeVideo-RealAudio/Asian (East)/women/id06158/00015_id09174_wavtolip.npz,-5.878939628601074,1
FakeVideo-RealAudio/Asian (East)/women/id03211/00032_id00582_9gvF6IohoUI.npz,-5.315502643585205,1
FakeVideo-RealAudio/Asian (East)/women/id03211/00032_id00582_9gvF6IohoUI_faceswap.npz,-4.25059700012207,1
FakeVideo-RealAudio/Asian (East)/women/id03211/00032_id00935_wavtolip.npz,-6.012639045715332,1
FakeVideo-RealAudio/Asian (East)/women/id03211/00032_id02587_KzwJPH5_8j0.npz,-6.11081075668335,1
FakeVideo-RealAudio/Asian (East)/women/id03211/00032_id02587_wavtolip.npz,-5.479140758514404,1
FakeVideo-RealAudio/Asian (East)/women/id03211/00032_id03940_axeR0CLu96U.npz,-6.154706001281738,1
FakeVideo-RealAudio/Asian (East)/women/id03211/00032_id04057_wavtolip.npz,-6.02742862701416,1
FakeVideo-RealAudio/Asian (East)/women/id03211/00032_id04066_DkqznbB2WxQ.npz,-5.365318775177002,1
FakeVideo-RealAudio/Asian (East)/women/id03211/00032_id04066_wavtolip.npz,-4.879209518432617,1
FakeVideo-RealAudio/Asian (East)/women/id03211/00032_id04414_0sJN-9GIO-M.npz,-4.9390435218811035,1
FakeVideo-RealAudio/Asian (East)/women/id03211/00032_id04701_wavtolip.npz,-6.2734375,1
FakeVideo-RealAudio/Asian (East)/women/id03211/00032_id06066_wavtolip.npz,-6.220631122589111,1
FakeVideo-RealAudio/Asian (East)/women/id03211/00032_id06158_C6FpHdewEzA.npz,-5.920061111450195,1
FakeVideo-RealAudio/Asian (East)/women/id03211/00032_id06225_AERbd8rJHDw.npz,-0.9720110893249512,1
FakeVideo-RealAudio/Asian (East)/women/id03211/00032_id06225_wavtolip.npz,-6.150210380554199,1
FakeVideo-RealAudio/Asian (East)/women/id03211/00032_id06427_dBBAKe2EA_o.npz,-3.7659974098205566,1
FakeVideo-RealAudio/Asian (East)/women/id03211/00032_id09116_wavtolip.npz,-6.518468856811523,1
FakeVideo-RealAudio/Asian (East)/women/id03211/00032_id09125_wavtolip.npz,-1.907820463180542,1
FakeVideo-RealAudio/Asian (East)/women/id03211/00032_id09171_wavtolip.npz,-6.171776294708252,1
FakeVideo-RealAudio/Caucasian (European)/men/id01052/00072_0.npz,4.330789089202881,1
FakeVideo-RealAudio/Caucasian (European)/men/id01052/00076_0.npz,-5.8168511390686035,1
FakeVideo-RealAudio/Caucasian (European)/men/id01052/00076_id00171_PWU6n0qrv4c.npz,4.077362537384033,1
FakeVideo-RealAudio/Caucasian (European)/men/id01052/00076_id00186_wavtolip.npz,-5.980809688568115,1
FakeVideo-RealAudio/Caucasian (European)/men/id01052/00076_id00241_DlI4wqSFwbI.npz,3.920646905899048,1
FakeVideo-RealAudio/Caucasian (European)/men/id01052/00076_id00266_wavtolip.npz,-5.720515251159668,1
FakeVideo-RealAudio/Caucasian (European)/men/id01052/00076_id00305_LdcY3ILdQrE.npz,3.8705503940582275,1
FakeVideo-RealAudio/Caucasian (European)/men/id01052/00076_id00305_wavtolip.npz,-5.931773662567139,1
FakeVideo-RealAudio/Caucasian (European)/men/id01052/00076_id00306_CDX55F3nWNc.npz,3.89129900932312,1
FakeVideo-RealAudio/Caucasian (European)/men/id01052/00076_id00358_wavtolip.npz,-5.896768569946289,1
FakeVideo-RealAudio/Caucasian (European)/men/id01052/00076_id00519_wavtolip.npz,-6.605938911437988,1
FakeVideo-RealAudio/Caucasian (European)/men/id01052/00076_id00548_DXbYU3qhN7U.npz,4.166739463806152,1
FakeVideo-RealAudio/Caucasian (European)/men/id01052/00076_id00594_wavtolip.npz,-5.915310859680176,1
FakeVideo-RealAudio/Caucasian (European)/men/id01052/00076_id00709_Rh23ELMGsIQ.npz,4.178503036499023,1
FakeVideo-RealAudio/Caucasian (European)/men/id01052/00076_id00709_Rh23ELMGsIQ_faceswap.npz,4.304218292236328,1
FakeVideo-RealAudio/Caucasian (European)/men/id01052/00076_id00709_wavtolip.npz,-5.9419074058532715,1
FakeVideo-RealAudio/Caucasian (European)/men/id01052/00076_id00981_wavtolip.npz,-6.1275835037231445,1
FakeVideo-RealAudio/Caucasian (European)/men/id01052/00076_id00990_G-qzOIgxEoE.npz,3.846726655960083,1
FakeVideo-RealAudio/Caucasian (European)/men/id01052/00076_id00999_wavtolip.npz,-5.832698345184326,1
FakeVideo-RealAudio/Caucasian (European)/men/id01052/00076_id01051_jPxk6s6FM6Y.npz,4.048167705535889,1
FakeVideo-RealAudio/Caucasian (European)/men/id01052/00076_id01098_BwmSumx6P1U.npz,3.9945552349090576,1
FakeVideo-RealAudio/Caucasian (European)/men/id01052/00076_id01102_aGFUkdgmo3A.npz,3.825101852416992,1
FakeVideo-RealAudio/Caucasian (European)/men/id01052/00076_id02567_wavtolip.npz,-6.366429328918457,1
FakeVideo-RealAudio/Caucasian (European)/men/id01052/00239_0.npz,-6.519092559814453,1
FakeVideo-RealAudio/Caucasian (European)/men/id00709/00206_0.npz,-5.394378185272217,1
FakeVideo-RealAudio/Caucasian (European)/men/id00709/00206_1.npz,-5.499341011047363,1
FakeVideo-RealAudio/Caucasian (European)/men/id00709/00206_id00063_cVZBXC2rjPM.npz,-5.826001167297363,1
FakeVideo-RealAudio/Caucasian (European)/men/id00709/00206_id00063_wavtolip.npz,-6.141385078430176,1
FakeVideo-RealAudio/Caucasian (European)/men/id00709/00206_id00225_MHSgwpfHAXw.npz,-5.785447597503662,1
FakeVideo-RealAudio/Caucasian (European)/men/id00709/00206_id00292_wavtolip.npz,-6.469174861907959,1
FakeVideo-RealAudio/Caucasian (European)/men/id00709/00206_id00306_wavtolip.npz,-5.8792643547058105,1
FakeVideo-RealAudio/Caucasian (European)/men/id00709/00206_id00358_vsVwGKy79kM.npz,-5.856542110443115,1
FakeVideo-RealAudio/Caucasian (European)/men/id00709/00206_id00519_wavtolip.npz,-6.606108665466309,1
FakeVideo-RealAudio/Caucasian (European)/men/id00709/00206_id00535_BhvTIJ-YG5s.npz,-5.868676662445068,1
FakeVideo-RealAudio/Caucasian (European)/men/id00709/00206_id00535_wavtolip.npz,-6.586513519287109,1
FakeVideo-RealAudio/Caucasian (European)/men/id00709/00206_id00548_DXbYU3qhN7U.npz,-5.677311420440674,1
FakeVideo-RealAudio/Caucasian (European)/men/id00709/00206_id00919_XDUn0Pskyrk.npz,-5.848384380340576,1
FakeVideo-RealAudio/Caucasian (European)/men/id00709/00206_id00946_wavtolip.npz,-6.370644569396973,1
FakeVideo-RealAudio/Caucasian (European)/men/id00709/00206_id00981_wavtolip.npz,-6.215267658233643,1
FakeVideo-RealAudio/Caucasian (European)/men/id00709/00206_id00999_SjnM4XFBz0M.npz,-5.736606597900391,1
FakeVideo-RealAudio/Caucasian (European)/men/id00709/00206_id01052_Kf4nlIEHfaU.npz,-5.841154098510742,1
FakeVideo-RealAudio/Caucasian (European)/men/id00709/00206_id01052_wavtolip.npz,3.9134576320648193,1
FakeVideo-RealAudio/Caucasian (European)/men/id00709/00206_id01058_wavtolip.npz,-5.86775541305542,1
FakeVideo-RealAudio/Caucasian (European)/men/id00709/00206_id01126_wavtolip.npz,-5.827722549438477,1
FakeVideo-RealAudio/Caucasian (European)/men/id00709/00206_id02567_4Ao5jgpSXdw.npz,-5.778788089752197,1
FakeVideo-RealAudio/Caucasian (European)/men/id00709/00206_id03205_gXytNIcANKw.npz,-5.862133026123047,1
FakeVideo-RealAudio/Caucasian (European)/men/id00306/00015_id00055_wavtolip.npz,-5.922044277191162,1
FakeVideo-RealAudio/Caucasian (European)/men/id00306/00015_id00186_wavtolip.npz,-5.982447147369385,1
FakeVideo-RealAudio/Caucasian (European)/men/id00306/00015_id00241_DlI4wqSFwbI.npz,-5.886224269866943,1
FakeVideo-RealAudio/Caucasian (European)/men/id00306/00015_id00282_wavtolip.npz,-6.13795804977417,1
FakeVideo-RealAudio/Caucasian (European)/men/id00306/00015_id00292_qELK8N_DykA.npz,-5.860687255859375,1
FakeVideo-RealAudio/Caucasian (European)/men/id00306/00015_id00415_saYfEadFy_s.npz,-5.8785905838012695,1
FakeVideo-RealAudio/Caucasian (European)/men/id00306/00015_id00535_wavtolip.npz,-6.599715232849121,1
FakeVideo-RealAudio/Caucasian (European)/men/id00306/00015_id00554_wavtolip.npz,-6.592482089996338,1
FakeVideo-RealAudio/Caucasian (European)/men/id00306/00015_id00990_wavtolip.npz,-6.272824764251709,1
FakeVideo-RealAudio/Caucasian (European)/men/id00306/00015_id01052_Kf4nlIEHfaU.npz,-5.883373737335205,1
FakeVideo-RealAudio/Caucasian (European)/men/id00306/00015_id01052_wavtolip.npz,3.774351119995117,1
FakeVideo-RealAudio/Caucasian (European)/men/id00306/00015_id01058_2DKbOjf3Wyo.npz,-5.883903980255127,1
FakeVideo-RealAudio/Caucasian (European)/men/id00306/00015_id01058_2DKbOjf3Wyo_faceswap.npz,-5.868789196014404,1
FakeVideo-RealAudio/Caucasian (European)/men/id00306/00015_id01058_wavtolip.npz,-5.898563385009766,1
FakeVideo-RealAudio/Caucasian (European)/men/id00306/00015_id01099_wavtolip.npz,-5.242255687713623,1
FakeVideo-RealAudio/Caucasian (European)/men/id00306/00015_id01126_wavtolip.npz,-5.8537397384643555,1
FakeVideo-RealAudio/Caucasian (European)/men/id00306/00015_id01154_tvmOcaG4A4w.npz,-5.875846862792969,1
FakeVideo-RealAudio/Caucasian (European)/men/id00306/00015_id01156_RT99eogJo4k.npz,-5.883316993713379,1
FakeVideo-RealAudio/Caucasian (European)/men/id00292/00072_id00055_XzCF6sJ8Axc.npz,-6.453026294708252,1
FakeVideo-RealAudio/Caucasian (European)/men/id00292/00072_id00185_wavtolip.npz,-4.4895219802856445,1
FakeVideo-RealAudio/Caucasian (European)/men/id00292/00072_id00186_wavtolip.npz,-5.8965559005737305,1
FakeVideo-RealAudio/Caucasian (European)/men/id00292/00072_id00192_By3wxX0dyDw.npz,-6.365994453430176,1
FakeVideo-RealAudio/Caucasian (European)/men/id00292/00072_id00192_By3wxX0dyDw_faceswap.npz,-6.473477363586426,1
FakeVideo-RealAudio/Caucasian (European)/men/id00292/00072_id00282_iTsqWj6GEbo.npz,-6.366764068603516,1
FakeVideo-RealAudio/Caucasian (European)/men/id00292/00072_id00282_wavtolip.npz,-6.485495567321777,1
FakeVideo-RealAudio/Caucasian (European)/men/id00292/00072_id00292_wavtolip.npz,-6.479547500610352,1
FakeVideo-RealAudio/Caucasian (European)/men/id00292/00072_id00306_CDX55F3nWNc.npz,-6.445830345153809,1
FakeVideo-RealAudio/Caucasian (European)/men/id00292/00072_id00368_KohcGDsg29U.npz,-6.454813003540039,1
FakeVideo-RealAudio/Caucasian (European)/men/id00292/00072_id00520_wavtolip.npz,-2.7521965503692627,1
FakeVideo-RealAudio/Caucasian (European)/men/id00292/00072_id00963_1s6PjtI643E.npz,-6.47578239440918,1
FakeVideo-RealAudio/Caucasian (European)/men/id00292/00072_id00981_OmNALjENDkI.npz,-6.327355861663818,1
FakeVideo-RealAudio/Caucasian (European)/men/id00292/00072_id00981_wavtolip.npz,-6.402338027954102,1
FakeVideo-RealAudio/Caucasian (European)/men/id00292/00072_id01098_wavtolip.npz,4.689414978027344,1
FakeVideo-RealAudio/Caucasian (European)/men/id00292/00072_id01099_ZpgbIKxzkrg.npz,-6.439913749694824,1
FakeVideo-RealAudio/Caucasian (European)/men/id00292/00072_id01099_wavtolip.npz,-6.121750354766846,1
FakeVideo-RealAudio/Caucasian (European)/men/id00292/00072_id01156_RT99eogJo4k.npz,-6.429950714111328,1
FakeVideo-RealAudio/Caucasian (European)/men/id00292/00072_id01156_wavtolip.npz,-6.344084739685059,1
FakeVideo-RealAudio/Caucasian (European)/men/id00292/00072_id01157_wavtolip.npz,-6.453974723815918,1
FakeVideo-RealAudio/Caucasian (European)/men/id00292/00072_id01157_yDgqfOWVKko.npz,-6.449628829956055,1
FakeVideo-RealAudio/Caucasian (European)/men/id00919/00063_id00063_cVZBXC2rjPM.npz,-6.117094993591309,1
FakeVideo-RealAudio/Caucasian (European)/men/id00919/00063_id00063_wavtolip.npz,-6.522869110107422,1
FakeVideo-RealAudio/Caucasian (European)/men/id00919/00063_id00183_wavtolip.npz,-3.427159070968628,1
FakeVideo-RealAudio/Caucasian (European)/men/id00919/00063_id00187_wavtolip.npz,-3.9807662963867188,1
FakeVideo-RealAudio/Caucasian (European)/men/id00919/00063_id00358_vsVwGKy79kM.npz,-5.877414226531982,1
FakeVideo-RealAudio/Caucasian (European)/men/id00919/00063_id00368_wavtolip.npz,-6.430458068847656,1
FakeVideo-RealAudio/Caucasian (European)/men/id00919/00063_id00535_BhvTIJ-YG5s.npz,-5.751543045043945,1
FakeVideo-RealAudio/Caucasian (European)/men/id00919/00063_id00554_wavtolip.npz,-6.60137939453125,1
FakeVideo-RealAudio/Caucasian (European)/men/id00919/00063_id00559_Y7ovoKuvL78.npz,-6.04917049407959,1
FakeVideo-RealAudio/Caucasian (European)/men/id00919/00063_id00559_wavtolip.npz,-6.536221027374268,1
FakeVideo-RealAudio/Caucasian (European)/men/id00919/00063_id00709_Rh23ELMGsIQ.npz,-5.886509895324707,1
FakeVideo-RealAudio/Caucasian (European)/men/id00919/00063_id00919_wavtolip.npz,-5.710341453552246,1
FakeVideo-RealAudio/Caucasian (European)/men/id00919/00063_id01052_wavtolip.npz,2.9053585529327393,1
FakeVideo-RealAudio/Caucasian (European)/men/id00919/00063_id01098_wavtolip.npz,3.550283670425415,1
FakeVideo-RealAudio/Caucasian (European)/men/id00919/00063_id01099_ZpgbIKxzkrg.npz,-5.143796920776367,1
FakeVideo-RealAudio/Caucasian (European)/men/id00919/00063_id01102_wavtolip.npz,-6.591423034667969,1
FakeVideo-RealAudio/Caucasian (European)/men/id00919/00063_id01156_RT99eogJo4k.npz,-6.083434581756592,1
FakeVideo-RealAudio/Caucasian (European)/men/id00919/00063_id01157_yDgqfOWVKko.npz,-6.327455997467041,1
FakeVideo-RealAudio/Caucasian (European)/men/id00919/00063_id02567_4Ao5jgpSXdw.npz,-6.077320098876953,1
FakeVideo-RealAudio/Caucasian (European)/men/id00919/00063_id03205_gXytNIcANKw.npz,-5.708101272583008,1
FakeVideo-RealAudio/Caucasian (European)/men/id01099/00206_id00055_XzCF6sJ8Axc.npz,-5.841710567474365,1
FakeVideo-RealAudio/Caucasian (European)/men/id01099/00206_id00063_cVZBXC2rjPM.npz,-5.75660514831543,1
FakeVideo-RealAudio/Caucasian (European)/men/id01099/00206_id00063_wavtolip.npz,-6.3780903816223145,1
FakeVideo-RealAudio/Caucasian (European)/men/id01099/00206_id00192_wavtolip.npz,-6.23450231552124,1
FakeVideo-RealAudio/Caucasian (European)/men/id01099/00206_id00225_wavtolip.npz,-6.228680610656738,1
FakeVideo-RealAudio/Caucasian (European)/men/id01099/00206_id00253_cyTfcQDjvU0.npz,-5.887124061584473,1
FakeVideo-RealAudio/Caucasian (European)/men/id01099/00206_id00292_qELK8N_DykA.npz,-6.030113697052002,1
FakeVideo-RealAudio/Caucasian (European)/men/id01099/00206_id00305_wavtolip.npz,-6.22746467590332,1
FakeVideo-RealAudio/Caucasian (European)/men/id01099/00206_id00368_wavtolip.npz,-6.2094011306762695,1
FakeVideo-RealAudio/Caucasian (European)/men/id01099/00206_id00535_BhvTIJ-YG5s.npz,-5.5908684730529785,1
FakeVideo-RealAudio/Caucasian (European)/men/id01099/00206_id00554_crjq1dFN1Ko.npz,-6.058409214019775,1
FakeVideo-RealAudio/Caucasian (European)/men/id01099/00206_id00554_wavtolip.npz,-6.632102012634277,1
FakeVideo-RealAudio/Caucasian (European)/men/id01099/00206_id00559_Y7ovoKuvL78.npz,-5.465329647064209,1
FakeVideo-RealAudio/Caucasian (European)/men/id01099/00206_id00559_wavtolip.npz,-6.1946611404418945,1
FakeVideo-RealAudio/Caucasian (European)/men/id01099/00206_id00919_XDUn0Pskyrk.npz,-5.497292995452881,1
FakeVideo-RealAudio/Caucasian (European)/men/id01099/00206_id00919_XDUn0Pskyrk_faceswap.npz,-5.679734230041504,1
FakeVideo-RealAudio/Caucasian (European)/men/id01099/00206_id00990_wavtolip.npz,-6.298530101776123,1
FakeVideo-RealAudio/Caucasian (European)/men/id01099/00206_id01098_wavtolip.npz,2.274299144744873,1
FakeVideo-RealAudio/Caucasian (European)/men/id01099/00206_id01157_wavtolip.npz,-6.316594123840332,1
FakeVideo-RealAudio/Caucasian (European)/men/id01099/00206_id01157_yDgqfOWVKko.npz,-5.940722465515137,1
FakeVideo-RealAudio/Caucasian (European)/men/id00358/00217_id00063_cVZBXC2rjPM.npz,-5.253781318664551,1
FakeVideo-RealAudio/Caucasian (European)/men/id00358/00217_id00063_cVZBXC2rjPM_faceswap.npz,-4.955574989318848,1
FakeVideo-RealAudio/Caucasian (European)/men/id00358/00217_id00063_wavtolip.npz,-6.3671417236328125,1
FakeVideo-RealAudio/Caucasian (European)/men/id00358/00217_id00183_wavtolip.npz,-6.237314224243164,1
FakeVideo-RealAudio/Caucasian (European)/men/id00358/00217_id00185_wavtolip.npz,-6.172581672668457,1
FakeVideo-RealAudio/Caucasian (European)/men/id00358/00217_id00186_KTjDxHTlzg0.npz,-5.265881061553955,1
FakeVideo-RealAudio/Caucasian (European)/men/id00358/00217_id00225_MHSgwpfHAXw.npz,-5.2575883865356445,1
FakeVideo-RealAudio/Caucasian (European)/men/id00358/00217_id00282_wavtolip.npz,-6.059735298156738,1
FakeVideo-RealAudio/Caucasian (European)/men/id00358/00217_id00520_wavtolip.npz,-4.343579292297363,1
FakeVideo-RealAudio/Caucasian (European)/men/id00358/00217_id00535_BhvTIJ-YG5s.npz,-5.277698040008545,1
FakeVideo-RealAudio/Caucasian (European)/men/id00358/00217_id00548_wavtolip.npz,-6.114587783813477,1
FakeVideo-RealAudio/Caucasian (European)/men/id00358/00217_id00709_Rh23ELMGsIQ.npz,-5.248260974884033,1
FakeVideo-RealAudio/Caucasian (European)/men/id00358/00217_id00709_wavtolip.npz,-5.856103420257568,1
FakeVideo-RealAudio/Caucasian (European)/men/id00358/00217_id00981_OmNALjENDkI.npz,-5.27897310256958,1
FakeVideo-RealAudio/Caucasian (European)/men/id00358/00217_id01051_jPxk6s6FM6Y.npz,-5.214974880218506,1
FakeVideo-RealAudio/Caucasian (European)/men/id00358/00217_id01098_wavtolip.npz,2.453930377960205,1
FakeVideo-RealAudio/Caucasian (European)/men/id00358/00217_id01102_aGFUkdgmo3A.npz,-5.27697229385376,1
FakeVideo-RealAudio/Caucasian (European)/men/id00358/00217_id01102_wavtolip.npz,-6.543248176574707,1
FakeVideo-RealAudio/Caucasian (European)/men/id00358/00217_id01154_wavtolip.npz,-6.468614101409912,1
FakeVideo-RealAudio/Caucasian (European)/men/id00358/00217_id01157_yDgqfOWVKko.npz,-5.25910758972168,1
FakeVideo-RealAudio/Caucasian (European)/men/id00282/00268_id00063_cVZBXC2rjPM.npz,-6.030976295471191,1
FakeVideo-RealAudio/Caucasian (European)/men/id00282/00268_id00171_PWU6n0qrv4c.npz,-6.1342692375183105,1
FakeVideo-RealAudio/Caucasian (European)/men/id00282/00268_id00187_wavtolip.npz,-6.076078414916992,1
FakeVideo-RealAudio/Caucasian (European)/men/id00282/00268_id00225_wavtolip.npz,-6.149321556091309,1
FakeVideo-RealAudio/Caucasian (European)/men/id00282/00268_id00241_wavtolip.npz,-6.06524133682251,1
FakeVideo-RealAudio/Caucasian (European)/men/id00282/00268_id00265_wavtolip.npz,-6.510732173919678,1
FakeVideo-RealAudio/Caucasian (European)/men/id00282/00268_id00282_wavtolip.npz,-6.123775005340576,1
FakeVideo-RealAudio/Caucasian (European)/men/id00282/00268_id00292_qELK8N_DykA.npz,-6.140256404876709,1
FakeVideo-RealAudio/Caucasian (European)/men/id00282/00268_id00305_LdcY3ILdQrE.npz,-6.110436916351318,1
FakeVideo-RealAudio/Caucasian (European)/men/id00282/00268_id00305_LdcY3ILdQrE_faceswap.npz,-5.913132667541504,1
FakeVideo-RealAudio/Caucasian (European)/men/id00282/00268_id00368_KohcGDsg29U.npz,-6.141434669494629,1
FakeVideo-RealAudio/Caucasian (European)/men/id00282/00268_id00498_N_BjyJsx80g.npz,-6.0756683349609375,1
FakeVideo-RealAudio/Caucasian (European)/men/id00282/00268_id00519_wavtolip.npz,-6.602273941040039,1
FakeVideo-RealAudio/Caucasian (European)/men/id00282/00268_id00594_wavtolip.npz,-6.06234073638916,1
FakeVideo-RealAudio/Caucasian (European)/men/id00282/00268_id00909_nEQbKqo1XCs.npz,-6.054399490356445,1
FakeVideo-RealAudio/Caucasian (European)/men/id00282/00268_id00919_wavtolip.npz,-6.183681011199951,1
FakeVideo-RealAudio/Caucasian (European)/men/id00282/00268_id01051_wavtolip.npz,-5.986534118652344,1
FakeVideo-RealAudio/Caucasian (European)/men/id00282/00268_id01058_2DKbOjf3Wyo.npz,-6.003404140472412,1
FakeVideo-RealAudio/Caucasian (European)/men/id00282/00268_id01099_wavtolip.npz,-3.9889395236968994,1
FakeVideo-RealAudio/Caucasian (European)/men/id00282/00268_id01123_Xid_-DpIHX4.npz,-6.106049060821533,1
FakeVideo-RealAudio/Caucasian (European)/men/id00282/00268_id03205_gXytNIcANKw.npz,-5.9997148513793945,1
FakeVideo-RealAudio/Caucasian (European)/men/id01051/00027_0.npz,-5.55480432510376,1
FakeVideo-RealAudio/Caucasian (European)/men/id01051/00322_0.npz,-4.205859184265137,1
FakeVideo-RealAudio/Caucasian (European)/men/id01051/00322_2.npz,-5.93869686126709,1
FakeVideo-RealAudio/Caucasian (European)/men/id01051/00322_id00185_wavtolip.npz,-2.548495054244995,1
FakeVideo-RealAudio/Caucasian (European)/men/id01051/00322_id00186_KTjDxHTlzg0.npz,-5.492164611816406,1
FakeVideo-RealAudio/Caucasian (European)/men/id01051/00322_id00187_dwaPMrJANMQ.npz,-5.414226055145264,1
FakeVideo-RealAudio/Caucasian (European)/men/id01051/00322_id00358_vsVwGKy79kM.npz,-5.469071388244629,1
FakeVideo-RealAudio/Caucasian (European)/men/id01051/00322_id00358_wavtolip.npz,-5.484400749206543,1
FakeVideo-RealAudio/Caucasian (European)/men/id01051/00322_id00368_wavtolip.npz,-5.966574192047119,1
FakeVideo-RealAudio/Caucasian (European)/men/id01051/00322_id00498_wavtolip.npz,-6.59114933013916,1
FakeVideo-RealAudio/Caucasian (European)/men/id01051/00322_id00535_BhvTIJ-YG5s.npz,-5.499822616577148,1
FakeVideo-RealAudio/Caucasian (European)/men/id01051/00322_id00535_wavtolip.npz,-6.55714750289917,1
FakeVideo-RealAudio/Caucasian (European)/men/id01051/00322_id00709_Rh23ELMGsIQ.npz,-5.478347301483154,1
FakeVideo-RealAudio/Caucasian (European)/men/id01051/00322_id00919_wavtolip.npz,-6.218296051025391,1
FakeVideo-RealAudio/Caucasian (European)/men/id01051/00322_id00946_wavtolip.npz,-6.590163707733154,1
FakeVideo-RealAudio/Caucasian (European)/men/id01051/00322_id00963_wavtolip.npz,-5.563534736633301,1
FakeVideo-RealAudio/Caucasian (European)/men/id01051/00322_id01052_Kf4nlIEHfaU.npz,-5.482534408569336,1
FakeVideo-RealAudio/Caucasian (European)/men/id01051/00322_id01098_BwmSumx6P1U.npz,-5.483531951904297,1
FakeVideo-RealAudio/Caucasian (European)/men/id01051/00322_id01102_aGFUkdgmo3A.npz,-5.481427192687988,1
FakeVideo-RealAudio/Caucasian (European)/men/id01051/00322_id01102_wavtolip.npz,-6.530247688293457,1
FakeVideo-RealAudio/Caucasian (European)/men/id01051/00322_id01154_wavtolip.npz,-6.494016647338867,1
FakeVideo-RealAudio/Caucasian (European)/men/id01051/00322_id01156_RT99eogJo4k.npz,-5.476437568664551,1
FakeVideo-RealAudio/Caucasian (European)/men/id01051/00322_id02567_4Ao5jgpSXdw.npz,-5.414557933807373,1
FakeVideo-RealAudio/Caucasian (European)/men/id00415/00017_id00183_wavtolip.npz,-6.053925037384033,1
FakeVideo-RealAudio/Caucasian (European)/men/id00415/00017_id00183_z2DhZllPWUQ.npz,-6.1197991371154785,1
FakeVideo-RealAudio/Caucasian (European)/men/id00415/00017_id00185_wavtolip.npz,-6.198173999786377,1
FakeVideo-RealAudio/Caucasian (European)/men/id00415/00017_id00192_By3wxX0dyDw.npz,-6.006087779998779,1
FakeVideo-RealAudio/Caucasian (European)/men/id00415/00017_id00192_By3wxX0dyDw_faceswap.npz,-6.114632606506348,1
FakeVideo-RealAudio/Caucasian (European)/men/id00415/00017_id00241_DlI4wqSFwbI.npz,-6.115076065063477,1
FakeVideo-RealAudio/Caucasian (European)/men/id00415/00017_id00265_wavtolip.npz,-6.561712265014648,1
FakeVideo-RealAudio/Caucasian (European)/men/id00415/00017_id00292_qELK8N_DykA.npz,-6.112598419189453,1
FakeVideo-RealAudio/Caucasian (European)/men/id00415/00017_id00292_wavtolip.npz,-6.50147819519043,1
FakeVideo-RealAudio/Caucasian (European)/men/id00415/00017_id00306_CDX55F3nWNc.npz,-6.095800399780273,1
FakeVideo-RealAudio/Caucasian (European)/men/id00415/00017_id00306_wavtolip.npz,-6.156357288360596,1
FakeVideo-RealAudio/Caucasian (European)/men/id00415/00017_id00358_wavtolip.npz,-6.104119300842285,1
FakeVideo-RealAudio/Caucasian (European)/men/id00415/00017_id00520_wavtolip.npz,-5.245710372924805,1
FakeVideo-RealAudio/Caucasian (European)/men/id00415/00017_id00559_Y7ovoKuvL78.npz,-6.018446922302246,1
FakeVideo-RealAudio/Caucasian (European)/men/id00415/00017_id00963_1s6PjtI643E.npz,-6.10440731048584,1
FakeVideo-RealAudio/Caucasian (European)/men/id00415/00017_id00963_wavtolip.npz,-6.0623321533203125,1
FakeVideo-RealAudio/Caucasian (European)/men/id00415/00017_id00999_SjnM4XFBz0M.npz,-6.112908363342285,1
FakeVideo-RealAudio/Caucasian (European)/men/id00415/00017_id01058_2DKbOjf3Wyo.npz,-5.949549674987793,1
FakeVideo-RealAudio/Caucasian (European)/men/id00415/00017_id01154_wavtolip.npz,-6.451291561126709,1
FakeVideo-RealAudio/Caucasian (European)/men/id00415/00017_id01157_wavtolip.npz,-6.358065128326416,1
FakeVideo-RealAudio/Caucasian (European)/men/id00187/00360_0.npz,-5.850090980529785,1
FakeVideo-RealAudio/Caucasian (European)/men/id00187/00360_id00185_1lsGWpwnl1M.npz,-5.547537803649902,1
FakeVideo-RealAudio/Caucasian (European)/men/id00187/00360_id00186_KTjDxHTlzg0.npz,-5.829781532287598,1
FakeVideo-RealAudio/Caucasian (European)/men/id00187/00360_id00225_MHSgwpfHAXw.npz,-5.806359767913818,1
FakeVideo-RealAudio/Caucasian (European)/men/id00187/00360_id00241_DlI4wqSFwbI.npz,-5.762543678283691,1
FakeVideo-RealAudio/Caucasian (European)/men/id00187/00360_id00265_dZq57FoxXR4.npz,-5.840126037597656,1
FakeVideo-RealAudio/Caucasian (European)/men/id00187/00360_id00282_wavtolip.npz,-6.060198783874512,1
FakeVideo-RealAudio/Caucasian (European)/men/id00187/00360_id00498_wavtolip.npz,-4.84333610534668,1
FakeVideo-RealAudio/Caucasian (European)/men/id00187/00360_id00554_wavtolip.npz,-6.604362964630127,1
FakeVideo-RealAudio/Caucasian (European)/men/id00187/00360_id00963_wavtolip.npz,-5.542224884033203,1
FakeVideo-RealAudio/Caucasian (European)/men/id00187/00360_id00981_wavtolip.npz,-6.177109718322754,1
FakeVideo-RealAudio/Caucasian (European)/men/id00187/00360_id00999_SjnM4XFBz0M.npz,-5.788317680358887,1
FakeVideo-RealAudio/Caucasian (European)/men/id00187/00360_id01051_jPxk6s6FM6Y.npz,-5.7702436447143555,1
FakeVideo-RealAudio/Caucasian (European)/men/id00187/00360_id01051_jPxk6s6FM6Y_faceswap.npz,-5.795191764831543,1
FakeVideo-RealAudio/Caucasian (European)/men/id00187/00360_id01052_Kf4nlIEHfaU.npz,-5.80525541305542,1
FakeVideo-RealAudio/Caucasian (European)/men/id00187/00360_id01102_aGFUkdgmo3A.npz,-5.814828872680664,1
FakeVideo-RealAudio/Caucasian (European)/men/id00187/00360_id01126_wavtolip.npz,-5.836050033569336,1
FakeVideo-RealAudio/Caucasian (European)/men/id00187/00360_id01154_wavtolip.npz,-6.4768266677856445,1
FakeVideo-RealAudio/Caucasian (European)/men/id00187/00360_id01157_wavtolip.npz,-6.334224224090576,1
FakeVideo-RealAudio/Caucasian (European)/men/id00187/00360_id02567_4Ao5jgpSXdw.npz,-5.8014373779296875,1
FakeVideo-RealAudio/Caucasian (European)/men/id00055/00120_id00063_cVZBXC2rjPM.npz,-5.9395647048950195,1
FakeVideo-RealAudio/Caucasian (European)/men/id00055/00120_id00183_z2DhZllPWUQ.npz,-6.172513008117676,1
FakeVideo-RealAudio/Caucasian (European)/men/id00055/00120_id00183_z2DhZllPWUQ_faceswap.npz,-5.996938228607178,1
FakeVideo-RealAudio/Caucasian (European)/men/id00055/00120_id00185_wavtolip.npz,0.605966329574585,1
FakeVideo-RealAudio/Caucasian (European)/men/id00055/00120_id00282_iTsqWj6GEbo.npz,-6.001803398132324,1
FakeVideo-RealAudio/Caucasian (European)/men/id00055/00120_id00282_wavtolip.npz,-6.32406759262085,1
FakeVideo-RealAudio/Caucasian (European)/men/id00055/00120_id00292_qELK8N_DykA.npz,-6.1722822189331055,1
FakeVideo-RealAudio/Caucasian (European)/men/id00055/00120_id00358_wavtolip.npz,-4.255327224731445,1
FakeVideo-RealAudio/Caucasian (European)/men/id00055/00120_id00415_saYfEadFy_s.npz,-6.090847969055176,1
FakeVideo-RealAudio/Caucasian (European)/men/id00055/00120_id00519_wavtolip.npz,-6.627490520477295,1
FakeVideo-RealAudio/Caucasian (European)/men/id00055/00120_id00520_wavtolip.npz,-4.683138370513916,1
FakeVideo-RealAudio/Caucasian (European)/men/id00055/00120_id00535_BhvTIJ-YG5s.npz,-6.119652271270752,1
FakeVideo-RealAudio/Caucasian (European)/men/id00055/00120_id00559_Y7ovoKuvL78.npz,-5.931439399719238,1
FakeVideo-RealAudio/Caucasian (European)/men/id00055/00120_id00946_wavtolip.npz,-6.320682048797607,1
FakeVideo-RealAudio/Caucasian (European)/men/id00055/00120_id00963_wavtolip.npz,-6.420630931854248,1
FakeVideo-RealAudio/Caucasian (European)/men/id00055/00120_id00981_OmNALjENDkI.npz,-6.093410491943359,1
FakeVideo-RealAudio/Caucasian (European)/men/id00055/00120_id00981_wavtolip.npz,-6.350185394287109,1
FakeVideo-RealAudio/Caucasian (European)/men/id00055/00120_id01051_wavtolip.npz,-6.376180171966553,1
FakeVideo-RealAudio/Caucasian (European)/men/id00055/00120_id01099_ZpgbIKxzkrg.npz,-5.254692077636719,1
FakeVideo-RealAudio/Caucasian (European)/men/id00055/00120_id01156_wavtolip.npz,-5.126885890960693,1
FakeVideo-RealAudio/Caucasian (European)/men/id00498/00014_4.npz,-4.784305095672607,1
FakeVideo-RealAudio/Caucasian (European)/men/id00498/00014_id00055_XzCF6sJ8Axc.npz,-6.636816024780273,1
FakeVideo-RealAudio/Caucasian (European)/men/id00498/00014_id00063_cVZBXC2rjPM.npz,3.288463830947876,1
FakeVideo-RealAudio/Caucasian (European)/men/id00498/00014_id00171_wavtolip.npz,-6.230552673339844,1
FakeVideo-RealAudio/Caucasian (European)/men/id00498/00014_id00192_By3wxX0dyDw.npz,-6.637934684753418,1
FakeVideo-RealAudio/Caucasian (European)/men/id00498/00014_id00192_By3wxX0dyDw_faceswap.npz,-6.549088001251221,1
FakeVideo-RealAudio/Caucasian (European)/men/id00498/00014_id00241_DlI4wqSFwbI.npz,-6.25249719619751,1
FakeVideo-RealAudio/Caucasian (European)/men/id00498/00014_id00241_wavtolip.npz,-6.504339218139648,1
FakeVideo-RealAudio/Caucasian (European)/men/id00498/00014_id00253_cyTfcQDjvU0.npz,-6.638498306274414,1
FakeVideo-RealAudio/Caucasian (European)/men/id00498/00014_id00282_iTsqWj6GEbo.npz,-6.626703262329102,1
FakeVideo-RealAudio/Caucasian (European)/men/id00498/00014_id00282_wavtolip.npz,-6.4048051834106445,1
FakeVideo-RealAudio/Caucasian (European)/men/id00498/00014_id00292_qELK8N_DykA.npz,-6.62584114074707,1
FakeVideo-RealAudio/Caucasian (European)/men/id00498/00014_id00368_KohcGDsg29U.npz,-6.626726150512695,1
FakeVideo-RealAudio/Caucasian (European)/men/id00498/00014_id00415_wavtolip.npz,-6.522486209869385,1
FakeVideo-RealAudio/Caucasian (European)/men/id00498/00014_id00520_wavtolip.npz,-3.8665072917938232,1
FakeVideo-RealAudio/Caucasian (European)/men/id00498/00014_id00559_Y7ovoKuvL78.npz,-3.161860466003418,1
FakeVideo-RealAudio/Caucasian (European)/men/id00498/00014_id00999_wavtolip.npz,-6.281744003295898,1
FakeVideo-RealAudio/Caucasian (European)/men/id00498/00014_id01052_wavtolip.npz,3.590078353881836,1
FakeVideo-RealAudio/Caucasian (European)/men/id00498/00014_id01098_wavtolip.npz,5.083347797393799,1
FakeVideo-RealAudio/Caucasian (European)/men/id00498/00014_id01123_Xid_-DpIHX4.npz,-6.613214015960693,1
FakeVideo-RealAudio/Caucasian (European)/men/id00498/00014_id01123_wavtolip.npz,-6.6372222900390625,1
FakeVideo-RealAudio/Caucasian (European)/men/id00498/00014_id03205_wavtolip.npz,-6.393710136413574,1
FakeVideo-RealAudio/Caucasian (European)/men/id00063/00021_id00055_XzCF6sJ8Axc.npz,-6.296179294586182,1
FakeVideo-RealAudio/Caucasian (European)/men/id00063/00021_id00055_wavtolip.npz,-6.1535491943359375,1
FakeVideo-RealAudio/Caucasian (European)/men/id00063/00021_id00185_wavtolip.npz,-5.0835185050964355,1
FakeVideo-RealAudio/Caucasian (European)/men/id00063/00021_id00225_wavtolip.npz,-6.411578178405762,1
FakeVideo-RealAudio/Caucasian (European)/men/id00063/00021_id00241_DlI4wqSFwbI.npz,-6.303828239440918,1
FakeVideo-RealAudio/Caucasian (European)/men/id00063/00021_id00241_wavtolip.npz,-6.367504119873047,1
FakeVideo-RealAudio/Caucasian (European)/men/id00063/00021_id00253_wavtolip.npz,-6.65074348449707,1
FakeVideo-RealAudio/Caucasian (European)/men/id00063/00021_id00282_iTsqWj6GEbo.npz,-6.340786933898926,1
FakeVideo-RealAudio/Caucasian (European)/men/id00063/00021_id00306_wavtolip.npz,-6.405322074890137,1
FakeVideo-RealAudio/Caucasian (European)/men/id00063/00021_id00358_vsVwGKy79kM.npz,-6.087535858154297,1
FakeVideo-RealAudio/Caucasian (European)/men/id00063/00021_id00358_vsVwGKy79kM_faceswap.npz,-6.383928298950195,1
FakeVideo-RealAudio/Caucasian (European)/men/id00063/00021_id00368_wavtolip.npz,-6.341985702514648,1
FakeVideo-RealAudio/Caucasian (European)/men/id00063/00021_id00535_BhvTIJ-YG5s.npz,-6.2164483070373535,1
FakeVideo-RealAudio/Caucasian (European)/men/id00063/00021_id00919_XDUn0Pskyrk.npz,-6.30658483505249,1
FakeVideo-RealAudio/Caucasian (European)/men/id00063/00021_id00999_wavtolip.npz,-6.215701103210449,1
FakeVideo-RealAudio/Caucasian (European)/men/id00063/00021_id01052_wavtolip.npz,4.4404377937316895,1
FakeVideo-RealAudio/Caucasian (European)/men/id00063/00021_id01123_wavtolip.npz,-6.43986701965332,1
FakeVideo-RealAudio/Caucasian (European)/men/id00063/00021_id01156_RT99eogJo4k.npz,-5.652128219604492,1
FakeVideo-RealAudio/Caucasian (European)/men/id00063/00021_id01157_yDgqfOWVKko.npz,-5.916367053985596,1
FakeVideo-RealAudio/Caucasian (European)/men/id00063/00021_id02567_4Ao5jgpSXdw.npz,-6.371370315551758,1
FakeVideo-RealAudio/Caucasian (European)/men/id00063/00021_id03205_gXytNIcANKw.npz,-6.333362579345703,1
FakeVideo-RealAudio/Caucasian (European)/men/id00946/00126_0.npz,-6.279157638549805,1
FakeVideo-RealAudio/Caucasian (European)/men/id00946/00126_id00171_PWU6n0qrv4c.npz,-6.478008270263672,1
FakeVideo-RealAudio/Caucasian (European)/men/id00946/00126_id00183_wavtolip.npz,-5.861365795135498,1
FakeVideo-RealAudio/Caucasian (European)/men/id00946/00126_id00358_vsVwGKy79kM.npz,-6.425685882568359,1
FakeVideo-RealAudio/Caucasian (European)/men/id00946/00126_id00520_dOAxKi1t6GI.npz,-6.4722747802734375,1
FakeVideo-RealAudio/Caucasian (European)/men/id00946/00126_id00559_wavtolip.npz,-6.449448585510254,1
FakeVideo-RealAudio/Caucasian (European)/men/id00946/00126_id00594_2WHHoksbeVw.npz,-6.081970691680908,1
FakeVideo-RealAudio/Caucasian (European)/men/id00946/00126_id00594_wavtolip.npz,-6.3034138679504395,1
FakeVideo-RealAudio/Caucasian (European)/men/id00946/00126_id00709_Rh23ELMGsIQ.npz,-6.3422465324401855,1
FakeVideo-RealAudio/Caucasian (European)/men/id00946/00126_id00919_XDUn0Pskyrk.npz,-6.424939155578613,1
FakeVideo-RealAudio/Caucasian (European)/men/id00946/00126_id00963_wavtolip.npz,-6.574981689453125,1
FakeVideo-RealAudio/Caucasian (European)/men/id00946/00126_id00990_G-qzOIgxEoE.npz,-6.389185428619385,1
FakeVideo-RealAudio/Caucasian (European)/men/id00946/00126_id00990_G-qzOIgxEoE_faceswap.npz,-6.527841567993164,1
FakeVideo-RealAudio/Caucasian (European)/men/id00946/00126_id00990_wavtolip.npz,-6.0983686447143555,1
FakeVideo-RealAudio/Caucasian (European)/men/id00946/00126_id00999_SjnM4XFBz0M.npz,-6.512029647827148,1
FakeVideo-RealAudio/Caucasian (European)/men/id00946/00126_id01058_wavtolip.npz,-6.614433765411377,1
FakeVideo-RealAudio/Caucasian (European)/men/id00946/00126_id01098_BwmSumx6P1U.npz,-6.370139122009277,1
FakeVideo-RealAudio/Caucasian (European)/men/id00946/00126_id01099_ZpgbIKxzkrg.npz,-6.3660101890563965,1
FakeVideo-RealAudio/Caucasian (European)/men/id00946/00126_id01123_wavtolip.npz,-6.596556663513184,1
FakeVideo-RealAudio/Caucasian (European)/men/id00946/00126_id01126_wavtolip.npz,-6.613008499145508,1
FakeVideo-RealAudio/Caucasian (European)/men/id00946/00126_id01154_wavtolip.npz,-6.53768253326416,1
FakeVideo-RealAudio/Caucasian (European)/men/id00946/00126_id03205_wavtolip.npz,-6.230689525604248,1
FakeVideo-RealAudio/Caucasian (European)/women/id01001/00086_id00068_wavtolip.npz,-6.07564115524292,1
FakeVideo-RealAudio/Caucasian (European)/women/id01001/00086_id00188_e-vm5FB3idA.npz,-6.230857849121094,1
FakeVideo-RealAudio/Caucasian (European)/women/id01001/00086_id00234_wavtolip.npz,-6.159672260284424,1
FakeVideo-RealAudio/Caucasian (European)/women/id01001/00086_id00262_3p7sRWAAh1Q.npz,-6.233250141143799,1
FakeVideo-RealAudio/Caucasian (European)/women/id01001/00086_id00262_wavtolip.npz,-6.198951244354248,1
FakeVideo-RealAudio/Caucasian (European)/women/id01001/00086_id00287_wavtolip.npz,-5.067781448364258,1
FakeVideo-RealAudio/Caucasian (European)/women/id01001/00086_id00332__zNddcZV1EU.npz,-6.080920219421387,1
FakeVideo-RealAudio/Caucasian (European)/women/id01001/00086_id00374_w1qI7y9AGTc.npz,-5.845656394958496,1
FakeVideo-RealAudio/Caucasian (European)/women/id01001/00086_id00403_wavtolip.npz,-6.151699066162109,1
FakeVideo-RealAudio/Caucasian (European)/women/id01001/00086_id00434_wavtolip.npz,-5.20107364654541,1
FakeVideo-RealAudio/Caucasian (European)/women/id01001/00086_id00569_gSynmpwioV4.npz,-6.27667236328125,1
FakeVideo-RealAudio/Caucasian (European)/women/id01001/00086_id00569_wavtolip.npz,-6.459896087646484,1
FakeVideo-RealAudio/Caucasian (European)/women/id01001/00086_id00633_UXrTMta1EDM.npz,-6.008588790893555,1
FakeVideo-RealAudio/Caucasian (European)/women/id01001/00086_id00633_UXrTMta1EDM_faceswap.npz,-6.176650047302246,1
FakeVideo-RealAudio/Caucasian (European)/women/id01001/00086_id00735_ivJSkq5hGOQ.npz,-6.2274274826049805,1
FakeVideo-RealAudio/Caucasian (European)/women/id01001/00086_id01002_eQTviHjyISo.npz,-5.586616516113281,1
FakeVideo-RealAudio/Caucasian (European)/women/id01001/00086_id01018_wavtolip.npz,-6.295302867889404,1
FakeVideo-RealAudio/Caucasian (European)/women/id01001/00086_id03649_wavtolip.npz,-6.383051872253418,1
FakeVideo-RealAudio/Caucasian (European)/women/id01001/00086_id03816_XXD0yTNei50.npz,-6.077606201171875,1
FakeVideo-RealAudio/Caucasian (European)/women/id01001/00086_id03858_wavtolip.npz,-5.0835747718811035,1
FakeVideo-RealAudio/Caucasian (European)/women/id00071/00014_id00188_e-vm5FB3idA.npz,-5.925506591796875,1
FakeVideo-RealAudio/Caucasian (European)/women/id00071/00014_id00188_wavtolip.npz,-6.432353973388672,1
FakeVideo-RealAudio/Caucasian (European)/women/id00071/00014_id00232_kL0cCveU1zg.npz,-5.767374515533447,1
FakeVideo-RealAudio/Caucasian (European)/women/id00071/00014_id00262_3p7sRWAAh1Q.npz,-5.904912948608398,1
FakeVideo-RealAudio/Caucasian (European)/women/id00071/00014_id00270_hoEQ70-sDME.npz,-5.893563270568848,1
FakeVideo-RealAudio/Caucasian (European)/women/id00071/00014_id00330_wavtolip.npz,-5.762124538421631,1
FakeVideo-RealAudio/Caucasian (European)/women/id00071/00014_id00379_fgkgYHCuk4g.npz,-5.952507019042969,1
FakeVideo-RealAudio/Caucasian (European)/women/id00071/00014_id00581_7AxvP19LGKg.npz,-5.844615936279297,1
FakeVideo-RealAudio/Caucasian (European)/women/id00071/00014_id00589_wavtolip.npz,-6.531016826629639,1
FakeVideo-RealAudio/Caucasian (European)/women/id00071/00014_id00633_wavtolip.npz,-5.79380989074707,1
FakeVideo-RealAudio/Caucasian (European)/women/id00071/00014_id00735_ivJSkq5hGOQ.npz,-6.026397705078125,1
FakeVideo-RealAudio/Caucasian (European)/women/id00071/00014_id00813_wavtolip.npz,-6.42324161529541,1
FakeVideo-RealAudio/Caucasian (European)/women/id00071/00014_id00897_0ayFw8JhoyI.npz,-5.9474287033081055,1
FakeVideo-RealAudio/Caucasian (European)/women/id00071/00014_id01001_wavtolip.npz,-6.416909217834473,1
FakeVideo-RealAudio/Caucasian (European)/women/id00071/00014_id01018_wavtolip.npz,-6.4790778160095215,1
FakeVideo-RealAudio/Caucasian (European)/women/id00071/00014_id03371_truKMXt8Dak.npz,-5.8667755126953125,1
FakeVideo-RealAudio/Caucasian (European)/women/id00071/00014_id03371_truKMXt8Dak_faceswap.npz,-5.754977703094482,1
FakeVideo-RealAudio/Caucasian (European)/women/id00071/00014_id03716_wavtolip.npz,-6.397148132324219,1
FakeVideo-RealAudio/Caucasian (European)/women/id00071/00014_id03816_XXD0yTNei50.npz,-5.722483158111572,1
FakeVideo-RealAudio/Caucasian (European)/women/id00071/00014_id03816_wavtolip.npz,-6.199366569519043,1
FakeVideo-RealAudio/Caucasian (European)/women/id00071/00014_id03844_wavtolip.npz,-3.4433579444885254,1
FakeVideo-RealAudio/Caucasian (European)/women/id00634/00078_0.npz,-5.907610893249512,1
FakeVideo-RealAudio/Caucasian (European)/women/id00634/00078_id00234_wavtolip.npz,-5.975702285766602,1
FakeVideo-RealAudio/Caucasian (European)/women/id00634/00078_id00287_wavtolip.npz,-5.462920188903809,1
FakeVideo-RealAudio/Caucasian (European)/women/id00634/00078_id00325_wavtolip.npz,-6.055232048034668,1
FakeVideo-RealAudio/Caucasian (European)/women/id00634/00078_id00373_wavtolip.npz,6.311095237731934,1
FakeVideo-RealAudio/Caucasian (European)/women/id00634/00078_id00395_wM5kGJfTtEM.npz,-5.939085006713867,1
FakeVideo-RealAudio/Caucasian (European)/women/id00634/00078_id00484_u7YTz8eFZv0.npz,-5.922654628753662,1
FakeVideo-RealAudio/Caucasian (European)/women/id00634/00078_id00491_wavtolip.npz,-6.392725467681885,1
FakeVideo-RealAudio/Caucasian (European)/women/id00634/00078_id00495_E46aiMUC4A0.npz,-5.644262313842773,1
FakeVideo-RealAudio/Caucasian (European)/women/id00634/00078_id00569_wavtolip.npz,-6.4802165031433105,1
FakeVideo-RealAudio/Caucasian (European)/women/id00634/00078_id00581_7AxvP19LGKg.npz,-5.853038787841797,1
FakeVideo-RealAudio/Caucasian (European)/women/id00634/00078_id00589_uOzKwYEVR6s.npz,-5.89052677154541,1
FakeVideo-RealAudio/Caucasian (European)/women/id00634/00078_id00591_1Jo8xElXQMs.npz,-5.923302173614502,1
FakeVideo-RealAudio/Caucasian (European)/women/id00634/00078_id00633_wavtolip.npz,-5.995840549468994,1
FakeVideo-RealAudio/Caucasian (European)/women/id00634/00078_id00823_KgExwCvgrUk.npz,-5.766730308532715,1
FakeVideo-RealAudio/Caucasian (European)/women/id00634/00078_id00826_MYagwzy91Yk.npz,-3.452099561691284,1
FakeVideo-RealAudio/Caucasian (European)/women/id00634/00078_id00897_wavtolip.npz,-4.67650032043457,1
FakeVideo-RealAudio/Caucasian (European)/women/id00634/00078_id01001_wavtolip.npz,-6.316851615905762,1
FakeVideo-RealAudio/Caucasian (European)/women/id00634/00078_id03589_9NxOQlwpMys.npz,-5.765791416168213,1
FakeVideo-RealAudio/Caucasian (European)/women/id00634/00078_id03649_389qfFqUddI.npz,-4.941117286682129,1
FakeVideo-RealAudio/Caucasian (European)/women/id00634/00078_id03649_389qfFqUddI_faceswap.npz,-5.892895698547363,1
FakeVideo-RealAudio/Caucasian (European)/women/id00634/00078_id03941_wavtolip.npz,-6.344814300537109,1
FakeVideo-RealAudio/Caucasian (European)/women/id03589/00002_0.npz,-5.555871963500977,1
FakeVideo-RealAudio/Caucasian (European)/women/id03589/00002_id00068_A7uFnQw--bY.npz,-6.072948455810547,1
FakeVideo-RealAudio/Caucasian (European)/women/id03589/00002_id00071_wavtolip.npz,-5.649372100830078,1
FakeVideo-RealAudio/Caucasian (European)/women/id03589/00002_id00234_wavtolip.npz,-6.055727958679199,1
FakeVideo-RealAudio/Caucasian (European)/women/id03589/00002_id00262_3p7sRWAAh1Q.npz,-6.005814552307129,1
FakeVideo-RealAudio/Caucasian (European)/women/id03589/00002_id00270_wavtolip.npz,-6.215576648712158,1
FakeVideo-RealAudio/Caucasian (European)/women/id03589/00002_id00287_2NpfYjyMsPM.npz,-6.046173095703125,1
FakeVideo-RealAudio/Caucasian (European)/women/id03589/00002_id00332_wavtolip.npz,-6.074091911315918,1
FakeVideo-RealAudio/Caucasian (European)/women/id03589/00002_id00374_wavtolip.npz,-6.160070419311523,1
FakeVideo-RealAudio/Caucasian (European)/women/id03589/00002_id00395_wM5kGJfTtEM.npz,-6.045502185821533,1
FakeVideo-RealAudio/Caucasian (European)/women/id03589/00002_id00495_E46aiMUC4A0.npz,-6.067390441894531,1
FakeVideo-RealAudio/Caucasian (European)/women/id03589/00002_id00495_E46aiMUC4A0_faceswap.npz,-5.912193298339844,1
FakeVideo-RealAudio/Caucasian (European)/women/id03589/00002_id00495_wavtolip.npz,-6.5182013511657715,1
FakeVideo-RealAudio/Caucasian (European)/women/id03589/00002_id00496_SImaDcXQnh8.npz,-6.060484409332275,1
FakeVideo-RealAudio/Caucasian (European)/women/id03589/00002_id00589_uOzKwYEVR6s.npz,-6.067415237426758,1
FakeVideo-RealAudio/Caucasian (European)/women/id03589/00002_id00589_wavtolip.npz,-5.3423171043396,1
FakeVideo-RealAudio/Caucasian (European)/women/id03589/00002_id00633_wavtolip.npz,-6.1210408210754395,1
FakeVideo-RealAudio/Caucasian (European)/women/id03589/00002_id00634_z5t9oJizDQg.npz,-6.0764312744140625,1
FakeVideo-RealAudio/Caucasian (European)/women/id03589/00002_id03649_389qfFqUddI.npz,-6.013684272766113,1
FakeVideo-RealAudio/Caucasian (European)/women/id03589/00002_id03844_wavtolip.npz,-6.432732582092285,1
FakeVideo-RealAudio/Caucasian (European)/women/id03589/00002_id03858_uKVqPfRf-ac.npz,-6.022468566894531,1
FakeVideo-RealAudio/Caucasian (European)/women/id03589/00002_id03858_wavtolip.npz,-5.8640851974487305,1
FakeVideo-RealAudio/Caucasian (European)/women/id03620/00081_id00068_wavtolip.npz,-6.022034168243408,1
FakeVideo-RealAudio/Caucasian (European)/women/id03620/00081_id00188_e-vm5FB3idA.npz,-2.5563864707946777,1
FakeVideo-RealAudio/Caucasian (European)/women/id03620/00081_id00270_wavtolip.npz,-6.160660743713379,1
FakeVideo-RealAudio/Caucasian (European)/women/id03620/00081_id00287_2NpfYjyMsPM.npz,-2.47721004486084,1
FakeVideo-RealAudio/Caucasian (European)/women/id03620/00081_id00325_4vJtbNe0L98.npz,-2.8374738693237305,1
FakeVideo-RealAudio/Caucasian (European)/women/id03620/00081_id00328_wavtolip.npz,-6.302775859832764,1
FakeVideo-RealAudio/Caucasian (European)/women/id03620/00081_id00365_XV-imLNJvfk.npz,-2.422905445098877,1
FakeVideo-RealAudio/Caucasian (European)/women/id03620/00081_id00373_5NXv3Dxkd6E.npz,-2.690924644470215,1
FakeVideo-RealAudio/Caucasian (European)/women/id03620/00081_id00374_w1qI7y9AGTc.npz,1.2838356494903564,1
FakeVideo-RealAudio/Caucasian (European)/women/id03620/00081_id00379_wavtolip.npz,-6.35165548324585,1
FakeVideo-RealAudio/Caucasian (European)/women/id03620/00081_id00496_SImaDcXQnh8.npz,-2.9658007621765137,1
FakeVideo-RealAudio/Caucasian (European)/women/id03620/00081_id00496_SImaDcXQnh8_faceswap.npz,-3.4607419967651367,1
FakeVideo-RealAudio/Caucasian (European)/women/id03620/00081_id00496_wavtolip.npz,-5.728661060333252,1
FakeVideo-RealAudio/Caucasian (European)/women/id03620/00081_id00581_wavtolip.npz,-4.8714280128479,1
FakeVideo-RealAudio/Caucasian (European)/women/id03620/00081_id00589_wavtolip.npz,-2.484238386154175,1
FakeVideo-RealAudio/Caucasian (European)/women/id03620/00081_id00633_wavtolip.npz,-5.955583095550537,1
FakeVideo-RealAudio/Caucasian (European)/women/id03620/00081_id00806_wavtolip.npz,-5.555679798126221,1
FakeVideo-RealAudio/Caucasian (European)/women/id03620/00081_id01018_VNPt_GB5QiE.npz,-3.052316904067993,1
FakeVideo-RealAudio/Caucasian (European)/women/id03620/00081_id03651_EjcoRkL6loI.npz,-2.742335319519043,1
FakeVideo-RealAudio/Caucasian (European)/women/id03620/00081_id03844_AEAEN1Lns2c.npz,-2.184446334838867,1
FakeVideo-RealAudio/Caucasian (European)/women/id03620/00081_id03844_wavtolip.npz,-6.418583869934082,1
FakeVideo-RealAudio/Caucasian (European)/women/id00569/00239_0.npz,-6.058260440826416,1
FakeVideo-RealAudio/Caucasian (European)/women/id00569/00239_1.npz,-5.929416656494141,1
FakeVideo-RealAudio/Caucasian (European)/women/id00569/00239_2.npz,6.093910217285156,1
FakeVideo-RealAudio/Caucasian (European)/women/id00569/00239_id00068_wavtolip.npz,-6.4062347412109375,1
FakeVideo-RealAudio/Caucasian (European)/women/id00569/00239_id00188_e-vm5FB3idA.npz,-6.445420265197754,1
FakeVideo-RealAudio/Caucasian (European)/women/id00569/00239_id00262_wavtolip.npz,-6.387346267700195,1
FakeVideo-RealAudio/Caucasian (European)/women/id00569/00239_id00270_hoEQ70-sDME.npz,-6.435236930847168,1
FakeVideo-RealAudio/Caucasian (European)/women/id00569/00239_id00328_wavtolip.npz,-6.445680618286133,1
FakeVideo-RealAudio/Caucasian (European)/women/id00569/00239_id00330_wavtolip.npz,-5.804407596588135,1
FakeVideo-RealAudio/Caucasian (European)/women/id00569/00239_id00373_5NXv3Dxkd6E.npz,-6.45004940032959,1
FakeVideo-RealAudio/Caucasian (European)/women/id00569/00239_id00403_wavtolip.npz,-6.395766258239746,1
FakeVideo-RealAudio/Caucasian (European)/women/id00569/00239_id00484_u7YTz8eFZv0.npz,-6.440154552459717,1
FakeVideo-RealAudio/Caucasian (European)/women/id00569/00239_id00491_ShjiTWoOtM4.npz,-6.455429553985596,1
FakeVideo-RealAudio/Caucasian (European)/women/id00569/00239_id00491_wavtolip.npz,-6.344701290130615,1
FakeVideo-RealAudio/Caucasian (European)/women/id00569/00239_id00633_UXrTMta1EDM.npz,-6.443021774291992,1
FakeVideo-RealAudio/Caucasian (European)/women/id00569/00239_id00735_wavtolip.npz,-6.412693977355957,1
FakeVideo-RealAudio/Caucasian (European)/women/id00569/00239_id00826_wavtolip.npz,-5.129502296447754,1
FakeVideo-RealAudio/Caucasian (European)/women/id00569/00239_id00897_0ayFw8JhoyI.npz,-6.440396785736084,1
FakeVideo-RealAudio/Caucasian (European)/women/id00569/00239_id01001_wavtolip.npz,-6.459111213684082,1
FakeVideo-RealAudio/Caucasian (European)/women/id00569/00239_id01002_eQTviHjyISo.npz,-6.443365573883057,1
FakeVideo-RealAudio/Caucasian (European)/women/id00569/00239_id01002_wavtolip.npz,-6.303709030151367,1
FakeVideo-RealAudio/Caucasian (European)/women/id00569/00239_id01018_VNPt_GB5QiE.npz,-6.456003665924072,1
FakeVideo-RealAudio/Caucasian (European)/women/id00569/00239_id03371_truKMXt8Dak.npz,-6.44803524017334,1
FakeVideo-RealAudio/Caucasian (European)/women/id00365/00078_0.npz,-5.491878986358643,1
FakeVideo-RealAudio/Caucasian (European)/women/id00365/00078_id00068_A7uFnQw--bY.npz,-6.366677284240723,1
FakeVideo-RealAudio/Caucasian (European)/women/id00365/00078_id00232_kL0cCveU1zg.npz,-6.342329025268555,1
FakeVideo-RealAudio/Caucasian (European)/women/id00365/00078_id00287_2NpfYjyMsPM.npz,-6.372333526611328,1
FakeVideo-RealAudio/Caucasian (European)/women/id00365/00078_id00325_wavtolip.npz,-6.0026350021362305,1
FakeVideo-RealAudio/Caucasian (European)/women/id00365/00078_id00330_zCFFgGSIZ_s_faceswap.npz,-6.252368927001953,1
FakeVideo-RealAudio/Caucasian (European)/women/id00365/00078_id00365_wavtolip.npz,-6.425911903381348,1
FakeVideo-RealAudio/Caucasian (European)/women/id00365/00078_id00379_wavtolip.npz,-6.37548828125,1
FakeVideo-RealAudio/Caucasian (European)/women/id00365/00078_id00395_wavtolip.npz,-6.3550262451171875,1
FakeVideo-RealAudio/Caucasian (European)/women/id00365/00078_id00484_u7YTz8eFZv0.npz,-6.3264336585998535,1
FakeVideo-RealAudio/Caucasian (European)/women/id00365/00078_id00495_E46aiMUC4A0.npz,-6.3127593994140625,1
FakeVideo-RealAudio/Caucasian (European)/women/id00365/00078_id00634_wavtolip.npz,-6.409669876098633,1
FakeVideo-RealAudio/Caucasian (European)/women/id00365/00078_id00735_wavtolip.npz,-6.384825706481934,1
FakeVideo-RealAudio/Caucasian (European)/women/id00365/00078_id00813_dKs9CWJIkSI.npz,-6.258240699768066,1
FakeVideo-RealAudio/Caucasian (European)/women/id00365/00078_id00813_wavtolip.npz,-6.415660858154297,1
FakeVideo-RealAudio/Caucasian (European)/women/id00365/00078_id00823_wavtolip.npz,-6.371194839477539,1
FakeVideo-RealAudio/Caucasian (European)/women/id00365/00078_id01002_wavtolip.npz,-6.340642929077148,1
FakeVideo-RealAudio/Caucasian (European)/women/id00365/00078_id03858_uKVqPfRf-ac.npz,-6.372452735900879,1
FakeVideo-RealAudio/Caucasian (European)/women/id00365/00078_id03941_wavtolip.npz,-6.34681510925293,1
FakeVideo-RealAudio/Caucasian (European)/women/id01002/00043_0.npz,-4.823925495147705,1
FakeVideo-RealAudio/Caucasian (European)/women/id01002/00043_id00042_wavtolip.npz,-5.059406280517578,1
FakeVideo-RealAudio/Caucasian (European)/women/id01002/00043_id00188_e-vm5FB3idA.npz,-6.3917236328125,1
FakeVideo-RealAudio/Caucasian (European)/women/id01002/00043_id00232_wavtolip.npz,-6.528525352478027,1
FakeVideo-RealAudio/Caucasian (European)/women/id01002/00043_id00270_wavtolip.npz,-6.516812324523926,1
FakeVideo-RealAudio/Caucasian (European)/women/id01002/00043_id00287_2NpfYjyMsPM.npz,-6.394861221313477,1
FakeVideo-RealAudio/Caucasian (European)/women/id01002/00043_id00325_4vJtbNe0L98.npz,-6.403347492218018,1
FakeVideo-RealAudio/Caucasian (European)/women/id01002/00043_id00365_wavtolip.npz,-6.413584232330322,1
FakeVideo-RealAudio/Caucasian (European)/women/id01002/00043_id00379_wavtolip.npz,-6.519896984100342,1
FakeVideo-RealAudio/Caucasian (European)/women/id01002/00043_id00395_wavtolip.npz,-6.2493696212768555,1
FakeVideo-RealAudio/Caucasian (European)/women/id01002/00043_id00491_ShjiTWoOtM4.npz,-6.409028053283691,1
FakeVideo-RealAudio/Caucasian (European)/women/id01002/00043_id00569_gSynmpwioV4.npz,-6.386550426483154,1
FakeVideo-RealAudio/Caucasian (European)/women/id01002/00043_id00581_7AxvP19LGKg.npz,-6.3958282470703125,1
FakeVideo-RealAudio/Caucasian (European)/women/id01002/00043_id00633_UXrTMta1EDM.npz,-6.394994735717773,1
FakeVideo-RealAudio/Caucasian (European)/women/id01002/00043_id00633_UXrTMta1EDM_faceswap.npz,-6.361816883087158,1
FakeVideo-RealAudio/Caucasian (European)/women/id01002/00043_id00633_wavtolip.npz,-6.424891471862793,1
FakeVideo-RealAudio/Caucasian (European)/women/id01002/00043_id00823_wavtolip.npz,-6.4404616355896,1
FakeVideo-RealAudio/Caucasian (European)/women/id01002/00043_id01001_dHJc8dh9X8c.npz,-6.392673492431641,1
FakeVideo-RealAudio/Caucasian (European)/women/id01002/00043_id03371_truKMXt8Dak.npz,-6.3981709480285645,1
FakeVideo-RealAudio/Caucasian (European)/women/id01002/00043_id03620_wavtolip.npz,-5.048428058624268,1
FakeVideo-RealAudio/Caucasian (European)/women/id01002/00043_id03651_EjcoRkL6loI.npz,-6.378669738769531,1
FakeVideo-RealAudio/Caucasian (European)/women/id01002/00043_id03941_wavtolip.npz,-6.32675313949585,1
FakeVideo-RealAudio/Caucasian (European)/women/id00373/00028_0.npz,-5.716155052185059,1
FakeVideo-RealAudio/Caucasian (European)/women/id00373/00028_id00188_e-vm5FB3idA.npz,6.855527400970459,1
FakeVideo-RealAudio/Caucasian (European)/women/id00373/00028_id00232_wavtolip.npz,-5.998177528381348,1
FakeVideo-RealAudio/Caucasian (European)/women/id00373/00028_id00328_ytKnCbJSEcU.npz,6.858643054962158,1
FakeVideo-RealAudio/Caucasian (European)/women/id00373/00028_id00330_zCFFgGSIZ_s.npz,6.507694721221924,1
FakeVideo-RealAudio/Caucasian (European)/women/id00373/00028_id00374_w1qI7y9AGTc.npz,7.320463180541992,1
FakeVideo-RealAudio/Caucasian (European)/women/id00373/00028_id00379_wavtolip.npz,-6.322204113006592,1
FakeVideo-RealAudio/Caucasian (European)/women/id00373/00028_id00434_wavtolip.npz,-5.254474639892578,1
FakeVideo-RealAudio/Caucasian (European)/women/id00373/00028_id00484_u7YTz8eFZv0.npz,7.047492027282715,1
FakeVideo-RealAudio/Caucasian (European)/women/id00373/00028_id00484_wavtolip.npz,-6.365945816040039,1
FakeVideo-RealAudio/Caucasian (European)/women/id00373/00028_id00495_E46aiMUC4A0.npz,6.848992347717285,1
FakeVideo-RealAudio/Caucasian (European)/women/id00373/00028_id00495_wavtolip.npz,-6.412130355834961,1
FakeVideo-RealAudio/Caucasian (European)/women/id00373/00028_id00569_gSynmpwioV4.npz,6.6361894607543945,1
FakeVideo-RealAudio/Caucasian (European)/women/id00373/00028_id00589_uOzKwYEVR6s.npz,6.585651874542236,1
FakeVideo-RealAudio/Caucasian (European)/women/id00373/00028_id00823_KgExwCvgrUk.npz,6.9528303146362305,1
FakeVideo-RealAudio/Caucasian (European)/women/id00373/00028_id00823_wavtolip.npz,-6.104439735412598,1
FakeVideo-RealAudio/Caucasian (European)/women/id00373/00028_id00897_0ayFw8JhoyI.npz,7.189349174499512,1
FakeVideo-RealAudio/Caucasian (European)/women/id00373/00028_id01001_wavtolip.npz,-6.218777179718018,1
FakeVideo-RealAudio/Caucasian (European)/women/id00373/00028_id03371_wavtolip.npz,-5.872426509857178,1
FakeVideo-RealAudio/Caucasian (European)/women/id00373/00028_id03620_wavtolip.npz,-1.600303053855896,1
FakeVideo-RealAudio/Caucasian (European)/women/id00373/00028_id03941_wavtolip.npz,-6.3781328201293945,1
FakeVideo-RealAudio/Caucasian (European)/women/id03649/00001_0.npz,-5.389190673828125,1
FakeVideo-RealAudio/Caucasian (European)/women/id03649/00001_id00068_A7uFnQw--bY.npz,-6.310735702514648,1
FakeVideo-RealAudio/Caucasian (European)/women/id03649/00001_id00188_e-vm5FB3idA.npz,-6.258665561676025,1
FakeVideo-RealAudio/Caucasian (European)/women/id03649/00001_id00271_wavtolip.npz,-6.584737300872803,1
FakeVideo-RealAudio/Caucasian (European)/women/id03649/00001_id00325_4vJtbNe0L98.npz,-6.336507797241211,1
FakeVideo-RealAudio/Caucasian (European)/women/id03649/00001_id00325_wavtolip.npz,-5.557224273681641,1
FakeVideo-RealAudio/Caucasian (European)/women/id03649/00001_id00330_wavtolip.npz,-5.99412727355957,1
FakeVideo-RealAudio/Caucasian (European)/women/id03649/00001_id00373_wavtolip.npz,5.936583518981934,1
FakeVideo-RealAudio/Caucasian (European)/women/id03649/00001_id00374_wavtolip.npz,-6.400392532348633,1
FakeVideo-RealAudio/Caucasian (European)/women/id03649/00001_id00403_wavtolip.npz,-6.334139823913574,1
FakeVideo-RealAudio/Caucasian (European)/women/id03649/00001_id00491_wavtolip.npz,-6.302412986755371,1
FakeVideo-RealAudio/Caucasian (European)/women/id03649/00001_id00495_wavtolip.npz,-6.53047513961792,1
FakeVideo-RealAudio/Caucasian (European)/women/id03649/00001_id00569_gSynmpwioV4.npz,-6.353670120239258,1
FakeVideo-RealAudio/Caucasian (European)/women/id03649/00001_id00581_wavtolip.npz,-4.868499755859375,1
FakeVideo-RealAudio/Caucasian (European)/women/id03649/00001_id00589_uOzKwYEVR6s.npz,-6.270108699798584,1
FakeVideo-RealAudio/Caucasian (European)/women/id03649/00001_id00591_1Jo8xElXQMs.npz,-6.345187664031982,1
FakeVideo-RealAudio/Caucasian (European)/women/id03649/00001_id00633_UXrTMta1EDM.npz,-6.269805431365967,1
FakeVideo-RealAudio/Caucasian (European)/women/id03649/00001_id00634_z5t9oJizDQg.npz,-6.283697128295898,1
FakeVideo-RealAudio/Caucasian (European)/women/id03649/00001_id00634_z5t9oJizDQg_faceswap.npz,-6.3799638748168945,1
FakeVideo-RealAudio/Caucasian (European)/women/id03649/00001_id00823_wavtolip.npz,-6.324987411499023,1
FakeVideo-RealAudio/Caucasian (European)/women/id03649/00001_id00826_MYagwzy91Yk.npz,-6.29386568069458,1
FakeVideo-RealAudio/Caucasian (European)/women/id03649/00001_id03589_9NxOQlwpMys.npz,-6.296241760253906,1
FakeVideo-RealAudio/Caucasian (European)/women/id00379/00043_id00071_wavtolip.npz,-4.760664939880371,1
FakeVideo-RealAudio/Caucasian (European)/women/id00379/00043_id00188_e-vm5FB3idA.npz,-6.049993991851807,1
FakeVideo-RealAudio/Caucasian (European)/women/id00379/00043_id00262_3p7sRWAAh1Q.npz,-5.984119415283203,1
FakeVideo-RealAudio/Caucasian (European)/women/id00379/00043_id00270_hoEQ70-sDME.npz,-6.126450061798096,1
FakeVideo-RealAudio/Caucasian (European)/women/id00379/00043_id00287_2NpfYjyMsPM.npz,-6.062626838684082,1
FakeVideo-RealAudio/Caucasian (European)/women/id00379/00043_id00328_wavtolip.npz,-6.3942790031433105,1
FakeVideo-RealAudio/Caucasian (European)/women/id00379/00043_id00330_wavtolip.npz,-5.966197490692139,1
FakeVideo-RealAudio/Caucasian (European)/women/id00379/00043_id00491_wavtolip.npz,-6.238799095153809,1
FakeVideo-RealAudio/Caucasian (European)/women/id00379/00043_id00496_SImaDcXQnh8.npz,-6.119322776794434,1
FakeVideo-RealAudio/Caucasian (European)/women/id00379/00043_id00569_wavtolip.npz,-6.458893775939941,1
FakeVideo-RealAudio/Caucasian (European)/women/id00379/00043_id00581_wavtolip.npz,-3.939429521560669,1
FakeVideo-RealAudio/Caucasian (European)/women/id00379/00043_id00633_UXrTMta1EDM.npz,-6.229552745819092,1
FakeVideo-RealAudio/Caucasian (European)/women/id00379/00043_id00633_UXrTMta1EDM_faceswap.npz,-6.117767333984375,1
FakeVideo-RealAudio/Caucasian (European)/women/id00379/00043_id00806_0sk9s9lFIAk.npz,-6.134463310241699,1
FakeVideo-RealAudio/Caucasian (European)/women/id00379/00043_id00823_wavtolip.npz,-6.316249847412109,1
FakeVideo-RealAudio/Caucasian (European)/women/id00379/00043_id00897_0ayFw8JhoyI.npz,-5.721563816070557,1
FakeVideo-RealAudio/Caucasian (European)/women/id00379/00043_id00897_wavtolip.npz,0.9772820472717285,1
FakeVideo-RealAudio/Caucasian (European)/women/id00379/00043_id03371_wavtolip.npz,-6.331061363220215,1
FakeVideo-RealAudio/Caucasian (European)/women/id00379/00043_id03651_wavtolip.npz,-6.163955211639404,1
FakeVideo-RealAudio/Caucasian (European)/women/id00379/00043_id03716_s-lxbGafZQA.npz,-5.798367023468018,1
FakeVideo-RealAudio/Caucasian (European)/women/id00332/00293_0.npz,-3.8947505950927734,1
FakeVideo-RealAudio/Caucasian (European)/women/id00332/00293_id00188_wavtolip.npz,-6.300652980804443,1
FakeVideo-RealAudio/Caucasian (European)/women/id00332/00293_id00234_M3g5KRLJB60.npz,-5.932647705078125,1
FakeVideo-RealAudio/Caucasian (European)/women/id00332/00293_id00270_hoEQ70-sDME.npz,-5.76643180847168,1
FakeVideo-RealAudio/Caucasian (European)/women/id00332/00293_id00270_wavtolip.npz,-5.873080730438232,1
FakeVideo-RealAudio/Caucasian (European)/women/id00332/00293_id00287_wavtolip.npz,-6.2666425704956055,1
FakeVideo-RealAudio/Caucasian (European)/women/id00332/00293_id00330_zCFFgGSIZ_s.npz,-5.87179708480835,1
FakeVideo-RealAudio/Caucasian (European)/women/id00332/00293_id00365_wavtolip.npz,-6.42431116104126,1
FakeVideo-RealAudio/Caucasian (European)/women/id00332/00293_id00434_HPXkk-HGXVI.npz,-5.879012107849121,1
FakeVideo-RealAudio/Caucasian (European)/women/id00332/00293_id00496_wavtolip.npz,-6.138904571533203,1
FakeVideo-RealAudio/Caucasian (European)/women/id00332/00293_id00581_wavtolip.npz,-5.328566074371338,1
FakeVideo-RealAudio/Caucasian (European)/women/id00332/00293_id00591_1Jo8xElXQMs.npz,-5.871232509613037,1
FakeVideo-RealAudio/Caucasian (European)/women/id00332/00293_id00591_wavtolip.npz,-6.607852458953857,1
FakeVideo-RealAudio/Caucasian (European)/women/id00332/00293_id00633_UXrTMta1EDM.npz,-5.848989486694336,1
FakeVideo-RealAudio/Caucasian (European)/women/id00332/00293_id00826_wavtolip.npz,-6.020166873931885,1
FakeVideo-RealAudio/Caucasian (European)/women/id00332/00293_id00897_0ayFw8JhoyI.npz,-5.830540180206299,1
FakeVideo-RealAudio/Caucasian (European)/women/id00332/00293_id01018_wavtolip.npz,-6.13082218170166,1
FakeVideo-RealAudio/Caucasian (European)/women/id00332/00293_id03371_wavtolip.npz,-6.115494728088379,1
FakeVideo-RealAudio/Caucasian (European)/women/id00332/00293_id03858_uKVqPfRf-ac.npz,-5.793519973754883,1
FakeVideo-RealAudio/Caucasian (European)/women/id00325/00015_id00042_4yuJSkaZwn0.npz,-6.079172134399414,1
FakeVideo-RealAudio/Caucasian (European)/women/id00325/00015_id00042_4yuJSkaZwn0_faceswap.npz,-5.744823932647705,1
FakeVideo-RealAudio/Caucasian (European)/women/id00325/00015_id00042_wavtolip.npz,-2.033133029937744,1
FakeVideo-RealAudio/Caucasian (European)/women/id00325/00015_id00188_wavtolip.npz,-6.400186538696289,1
FakeVideo-RealAudio/Caucasian (European)/women/id00325/00015_id00262_wavtolip.npz,-6.075104713439941,1
FakeVideo-RealAudio/Caucasian (European)/women/id00325/00015_id00287_2NpfYjyMsPM.npz,-6.066280364990234,1
FakeVideo-RealAudio/Caucasian (European)/women/id00325/00015_id00365_XV-imLNJvfk.npz,-6.066871643066406,1
FakeVideo-RealAudio/Caucasian (European)/women/id00325/00015_id00569_wavtolip.npz,-6.476819038391113,1
FakeVideo-RealAudio/Caucasian (European)/women/id00325/00015_id00581_wavtolip.npz,-4.523778438568115,1
FakeVideo-RealAudio/Caucasian (European)/women/id00325/00015_id00589_wavtolip.npz,-1.2216740846633911,1
FakeVideo-RealAudio/Caucasian (European)/women/id00325/00015_id00591_1Jo8xElXQMs.npz,-6.078715801239014,1
FakeVideo-RealAudio/Caucasian (European)/women/id00325/00015_id00591_wavtolip.npz,-6.608558654785156,1
FakeVideo-RealAudio/Caucasian (European)/women/id00325/00015_id00633_UXrTMta1EDM.npz,-6.062063694000244,1
FakeVideo-RealAudio/Caucasian (European)/women/id00325/00015_id00897_0ayFw8JhoyI.npz,-6.0751776695251465,1
FakeVideo-RealAudio/Caucasian (European)/women/id00325/00015_id01002_eQTviHjyISo.npz,-6.06199836730957,1
FakeVideo-RealAudio/Caucasian (European)/women/id00325/00015_id03371_wavtolip.npz,-6.076211452484131,1
FakeVideo-RealAudio/Caucasian (European)/women/id00325/00015_id03620_YkXM5A8w07E.npz,-5.875001907348633,1
FakeVideo-RealAudio/Caucasian (European)/women/id00325/00015_id03649_389qfFqUddI.npz,-6.049004554748535,1
FakeVideo-RealAudio/Caucasian (European)/women/id00325/00015_id03649_wavtolip.npz,-6.388980388641357,1
FakeVideo-RealAudio/Caucasian (European)/women/id00325/00015_id03651_EjcoRkL6loI.npz,-6.075122833251953,1
FakeVideo-RealAudio/Caucasian (European)/women/id00325/00015_id03858_wavtolip.npz,-5.6374616622924805,1
FakeVideo-RealAudio/Caucasian (European)/women/id03716/00040_0.npz,-6.047954082489014,1
FakeVideo-RealAudio/Caucasian (European)/women/id03716/00040_id00068_wavtolip.npz,-6.098002910614014,1
FakeVideo-RealAudio/Caucasian (European)/women/id03716/00040_id00234_wavtolip.npz,-6.016046524047852,1
FakeVideo-RealAudio/Caucasian (European)/women/id03716/00040_id00328_wavtolip.npz,-6.341060638427734,1
FakeVideo-RealAudio/Caucasian (European)/women/id03716/00040_id00330_wavtolip.npz,-5.77442741394043,1
FakeVideo-RealAudio/Caucasian (European)/women/id03716/00040_id00332__zNddcZV1EU.npz,-5.720974922180176,1
FakeVideo-RealAudio/Caucasian (European)/women/id03716/00040_id00365_XV-imLNJvfk.npz,-5.714293956756592,1
FakeVideo-RealAudio/Caucasian (European)/women/id03716/00040_id00365_wavtolip.npz,-6.4207258224487305,1
FakeVideo-RealAudio/Caucasian (European)/women/id03716/00040_id00373_wavtolip.npz,7.206521511077881,1
FakeVideo-RealAudio/Caucasian (European)/women/id03716/00040_id00379_fgkgYHCuk4g.npz,-5.711330413818359,1
FakeVideo-RealAudio/Caucasian (European)/women/id03716/00040_id00395_wM5kGJfTtEM.npz,-5.714996337890625,1
FakeVideo-RealAudio/Caucasian (European)/women/id03716/00040_id00591_1Jo8xElXQMs.npz,-5.703516006469727,1
FakeVideo-RealAudio/Caucasian (European)/women/id03716/00040_id00633_UXrTMta1EDM.npz,-5.715232849121094,1
FakeVideo-RealAudio/Caucasian (European)/women/id03716/00040_id00633_wavtolip.npz,-5.990093231201172,1
FakeVideo-RealAudio/Caucasian (European)/women/id03716/00040_id00813_wavtolip.npz,-5.729499816894531,1
FakeVideo-RealAudio/Caucasian (European)/women/id03716/00040_id00826_wavtolip.npz,-6.071960926055908,1
FakeVideo-RealAudio/Caucasian (European)/women/id03716/00040_id00897_0ayFw8JhoyI.npz,-5.709186553955078,1
FakeVideo-RealAudio/Caucasian (European)/women/id03716/00040_id03651_EjcoRkL6loI.npz,-5.686779022216797,1
FakeVideo-RealAudio/Caucasian (European)/women/id03716/00040_id03651_EjcoRkL6loI_faceswap.npz,-5.7052130699157715,1
FakeVideo-RealAudio/Caucasian (European)/women/id03716/00040_id03716_wavtolip.npz,-5.42221212387085,1
FakeVideo-RealAudio/Caucasian (European)/women/id03716/00040_id03816_XXD0yTNei50.npz,-5.715234756469727,1
FakeVideo-RealAudio/Caucasian (European)/women/id03716/00040_id03858_uKVqPfRf-ac.npz,-5.714173316955566,1
FakeVideo-RealAudio/Caucasian (European)/women/id00262/00028_0.npz,-5.855944633483887,1
FakeVideo-RealAudio/Caucasian (European)/women/id00262/00028_id00068_wavtolip.npz,-6.059060096740723,1
FakeVideo-RealAudio/Caucasian (European)/women/id00262/00028_id00071_JU1cVINUTZA.npz,-5.448914527893066,1
FakeVideo-RealAudio/Caucasian (European)/women/id00262/00028_id00270_hoEQ70-sDME.npz,-5.44658899307251,1
FakeVideo-RealAudio/Caucasian (European)/women/id00262/00028_id00270_wavtolip.npz,-6.217569828033447,1
FakeVideo-RealAudio/Caucasian (European)/women/id00262/00028_id00271_wavtolip.npz,-6.617031574249268,1
FakeVideo-RealAudio/Caucasian (European)/women/id00262/00028_id00287_2NpfYjyMsPM.npz,-5.449900150299072,1
FakeVideo-RealAudio/Caucasian (European)/women/id00262/00028_id00287_2NpfYjyMsPM_faceswap.npz,-5.423044204711914,1
FakeVideo-RealAudio/Caucasian (European)/women/id00262/00028_id00365_wavtolip.npz,-6.445103168487549,1
FakeVideo-RealAudio/Caucasian (European)/women/id00262/00028_id00373_wavtolip.npz,4.070540428161621,1
FakeVideo-RealAudio/Caucasian (European)/women/id00262/00028_id00395_wM5kGJfTtEM.npz,-5.443628787994385,1
FakeVideo-RealAudio/Caucasian (European)/women/id00262/00028_id00495_E46aiMUC4A0.npz,-5.358229637145996,1
FakeVideo-RealAudio/Caucasian (European)/women/id00262/00028_id00496_SImaDcXQnh8.npz,-5.4431471824646,1
FakeVideo-RealAudio/Caucasian (European)/women/id00262/00028_id00496_wavtolip.npz,-5.742044925689697,1
FakeVideo-RealAudio/Caucasian (European)/women/id00262/00028_id00633_UXrTMta1EDM.npz,-5.43134069442749,1
FakeVideo-RealAudio/Caucasian (European)/women/id00262/00028_id00633_wavtolip.npz,-6.0032758712768555,1
FakeVideo-RealAudio/Caucasian (European)/women/id00262/00028_id00634_wavtolip.npz,-6.016962051391602,1
FakeVideo-RealAudio/Caucasian (European)/women/id00262/00028_id00813_dKs9CWJIkSI.npz,-5.371738910675049,1
FakeVideo-RealAudio/Caucasian (European)/women/id00262/00028_id00826_wavtolip.npz,-5.6141157150268555,1
FakeVideo-RealAudio/Caucasian (European)/women/id00262/00028_id03816_XXD0yTNei50.npz,-5.443271160125732,1
FakeVideo-RealAudio/Caucasian (European)/women/id00262/00028_id03816_wavtolip.npz,-6.204519271850586,1
FakeVideo-RealAudio/Caucasian (European)/women/id00262/00028_id03941_SsYtP8Ze88Q.npz,-5.4456787109375,1
FakeVideo-RealAudio/Caucasian (European)/women/id00328/00092_0.npz,-3.2264132499694824,1
FakeVideo-RealAudio/Caucasian (European)/women/id00328/00092_id00068_wavtolip.npz,-6.0817108154296875,1
FakeVideo-RealAudio/Caucasian (European)/women/id00328/00092_id00188_e-vm5FB3idA.npz,-6.283382892608643,1
FakeVideo-RealAudio/Caucasian (European)/women/id00328/00092_id00188_wavtolip.npz,-6.36013650894165,1
FakeVideo-RealAudio/Caucasian (European)/women/id00328/00092_id00232_kL0cCveU1zg.npz,-6.19672966003418,1
FakeVideo-RealAudio/Caucasian (European)/women/id00328/00092_id00271_wavtolip.npz,-6.607174873352051,1
FakeVideo-RealAudio/Caucasian (European)/women/id00328/00092_id00328_wavtolip.npz,-6.33924674987793,1
FakeVideo-RealAudio/Caucasian (European)/women/id00328/00092_id00373_5NXv3Dxkd6E.npz,-6.184793949127197,1
FakeVideo-RealAudio/Caucasian (European)/women/id00328/00092_id00395_wavtolip.npz,-6.425445556640625,1
FakeVideo-RealAudio/Caucasian (European)/women/id00328/00092_id00403_n4LSCxzFr6o.npz,-6.016364097595215,1
FakeVideo-RealAudio/Caucasian (European)/women/id00328/00092_id00484_u7YTz8eFZv0.npz,-6.253937721252441,1
FakeVideo-RealAudio/Caucasian (European)/women/id00328/00092_id00484_u7YTz8eFZv0_faceswap.npz,-6.326888084411621,1
FakeVideo-RealAudio/Caucasian (European)/women/id00328/00092_id00491_wavtolip.npz,-6.242125511169434,1
FakeVideo-RealAudio/Caucasian (European)/women/id00328/00092_id00495_E46aiMUC4A0.npz,-6.205574035644531,1
FakeVideo-RealAudio/Caucasian (European)/women/id00328/00092_id00569_wavtolip.npz,-6.4801740646362305,1
FakeVideo-RealAudio/Caucasian (European)/women/id00328/00092_id00735_wavtolip.npz,-6.357745170593262,1
FakeVideo-RealAudio/Caucasian (European)/women/id00328/00092_id03371_truKMXt8Dak.npz,-6.278881072998047,1
FakeVideo-RealAudio/Caucasian (European)/women/id00328/00092_id03620_YkXM5A8w07E.npz,-6.313901424407959,1
FakeVideo-RealAudio/Caucasian (European)/women/id00328/00092_id03651_wavtolip.npz,-5.687770366668701,1
FakeVideo-RealAudio/Caucasian (European)/women/id00328/00092_id03716_wavtolip.npz,-6.041025161743164,1
FakeVideo-RealAudio/Caucasian (European)/women/id00328/00092_id03844_AEAEN1Lns2c.npz,-6.159355163574219,1
FakeVideo-RealAudio/Caucasian (European)/women/id00328/00092_id03858_uKVqPfRf-ac.npz,-6.327539443969727,1
FakeVideo-RealAudio/Caucasian (European)/women/id00589/00130_0.npz,-5.509835243225098,1
FakeVideo-RealAudio/Caucasian (European)/women/id00589/00130_id00042_wavtolip.npz,-2.9176342487335205,1
FakeVideo-RealAudio/Caucasian (European)/women/id00589/00130_id00188_wavtolip.npz,-6.3997650146484375,1
FakeVideo-RealAudio/Caucasian (European)/women/id00589/00130_id00232_wavtolip.npz,-6.129090309143066,1
FakeVideo-RealAudio/Caucasian (European)/women/id00589/00130_id00262_wavtolip.npz,-6.046940803527832,1
FakeVideo-RealAudio/Caucasian (European)/women/id00589/00130_id00270_wavtolip.npz,-6.213449478149414,1
FakeVideo-RealAudio/Caucasian (European)/women/id00589/00130_id00271_je6JSLqEEcw.npz,-2.4280219078063965,1
FakeVideo-RealAudio/Caucasian (European)/women/id00589/00130_id00287_wavtolip.npz,-5.339302062988281,1
FakeVideo-RealAudio/Caucasian (European)/women/id00589/00130_id00373_5NXv3Dxkd6E.npz,-4.185871124267578,1
FakeVideo-RealAudio/Caucasian (European)/women/id00589/00130_id00495_E46aiMUC4A0.npz,-5.835237979888916,1
FakeVideo-RealAudio/Caucasian (European)/women/id00589/00130_id00591_1Jo8xElXQMs.npz,4.701918601989746,1
FakeVideo-RealAudio/Caucasian (European)/women/id00589/00130_id00634_z5t9oJizDQg.npz,-4.742711544036865,1
FakeVideo-RealAudio/Caucasian (European)/women/id00589/00130_id00634_z5t9oJizDQg_faceswap.npz,-5.314977645874023,1
FakeVideo-RealAudio/Caucasian (European)/women/id00589/00130_id00735_wavtolip.npz,-6.2278642654418945,1
FakeVideo-RealAudio/Caucasian (European)/women/id00589/00130_id00813_wavtolip.npz,-6.155016899108887,1
FakeVideo-RealAudio/Caucasian (European)/women/id00589/00130_id00897_0ayFw8JhoyI.npz,-0.44375964999198914,1
FakeVideo-RealAudio/Caucasian (European)/women/id00589/00130_id01002_wavtolip.npz,-5.995331764221191,1
FakeVideo-RealAudio/Caucasian (European)/women/id00589/00130_id03589_9NxOQlwpMys.npz,-4.195404529571533,1
FakeVideo-RealAudio/Caucasian (European)/women/id00589/00130_id03589_wavtolip.npz,-6.1020073890686035,1
FakeVideo-RealAudio/Caucasian (European)/women/id00589/00130_id03620_YkXM5A8w07E.npz,3.8316574096679688,1
FakeVideo-RealAudio/Caucasian (European)/women/id00589/00130_id03649_389qfFqUddI.npz,1.2778563499450684,1
FakeVideo-RealAudio/Caucasian (European)/women/id00589/00130_id03858_uKVqPfRf-ac.npz,4.859786033630371,1
RealVideo-FakeAudio/Asian (South)/men/id06354/00021_fake.npz,8.27048110961914,1
RealVideo-FakeAudio/Asian (South)/men/id08314/00028_fake.npz,8.756359100341797,1
RealVideo-FakeAudio/Asian (South)/men/id07233/00010_fake.npz,8.728192329406738,1
RealVideo-FakeAudio/Asian (South)/men/id07179/00206_fake.npz,8.751803398132324,1
RealVideo-FakeAudio/Asian (South)/men/id00860/00154_fake.npz,8.798239707946777,1
RealVideo-FakeAudio/Asian (South)/men/id07768/00143_fake.npz,8.916553497314453,1
RealVideo-FakeAudio/Asian (South)/men/id00078/00114_fake.npz,8.613703727722168,1
RealVideo-FakeAudio/Asian (South)/men/id03599/00072_fake.npz,8.435032844543457,1
RealVideo-FakeAudio/Asian (South)/men/id00745/00165_fake.npz,8.638970375061035,1
RealVideo-FakeAudio/Asian (South)/men/id07161/00159_fake.npz,8.391581535339355,1
RealVideo-FakeAudio/Asian (South)/men/id04561/00248_fake.npz,8.379170417785645,1
RealVideo-FakeAudio/Asian (South)/men/id07463/00028_fake.npz,8.759029388427734,1
RealVideo-FakeAudio/Asian (South)/men/id07182/00040_fake.npz,8.445353507995605,1
RealVideo-FakeAudio/Asian (South)/men/id00459/00382_fake.npz,8.625493049621582,1
RealVideo-FakeAudio/Asian (South)/men/id04928/00027_fake.npz,8.339192390441895,1
RealVideo-FakeAudio/Asian (South)/men/id00032/00028_fake.npz,7.429429054260254,1
RealVideo-FakeAudio/Asian (South)/women/id04070/00072_fake.npz,8.319636344909668,1
RealVideo-FakeAudio/Asian (South)/women/id03985/00005_fake.npz,8.306469917297363,1
RealVideo-FakeAudio/Asian (South)/women/id00747/00053_fake.npz,8.131916046142578,1
RealVideo-FakeAudio/Asian (South)/women/id07689/00028_fake.npz,6.557945251464844,1
RealVideo-FakeAudio/Asian (South)/women/id05920/00161_fake.npz,6.899236679077148,1
RealVideo-FakeAudio/Asian (South)/women/id06254/00043_fake.npz,8.312275886535645,1
RealVideo-FakeAudio/Asian (South)/women/id00417/00069_fake.npz,7.900328636169434,1
RealVideo-FakeAudio/Asian (South)/women/id05478/00135_fake.npz,7.723311424255371,1
RealVideo-FakeAudio/Asian (South)/women/id06445/00150_fake.npz,8.811704635620117,1
RealVideo-FakeAudio/Asian (South)/women/id04582/00180_fake.npz,8.441691398620605,1
RealVideo-FakeAudio/Asian (South)/women/id02089/00092_fake.npz,8.78364372253418,1
RealVideo-FakeAudio/Asian (South)/women/id00149/00284_fake.npz,8.404340744018555,1
RealVideo-FakeAudio/Asian (South)/women/id06439/00118_fake.npz,8.420515060424805,1
RealVideo-FakeAudio/Asian (South)/women/id05931/00013_fake.npz,8.897235870361328,1
RealVideo-FakeAudio/Asian (South)/women/id07051/00083_fake.npz,8.327672958374023,1
RealVideo-FakeAudio/African/men/id01835/00130_fake.npz,8.517848014831543,1
RealVideo-FakeAudio/African/men/id02040/00476_fake.npz,5.492187976837158,1
RealVideo-FakeAudio/African/men/id01392/00167_fake.npz,8.734776496887207,1
RealVideo-FakeAudio/African/men/id01717/00005_fake.npz,8.868324279785156,1
RealVideo-FakeAudio/African/men/id01779/00010_fake.npz,8.64001178741455,1
RealVideo-FakeAudio/African/men/id01179/00160_fake.npz,8.557819366455078,1
RealVideo-FakeAudio/African/men/id01528/00017_fake.npz,8.508366584777832,1
RealVideo-FakeAudio/African/men/id00076/00109_fake.npz,8.28057861328125,1
RealVideo-FakeAudio/African/men/id02268/00036_fake.npz,9.060690879821777,1
RealVideo-FakeAudio/African/men/id01170/00021_fake.npz,9.186736106872559,1
RealVideo-FakeAudio/African/men/id01637/00002_fake.npz,8.185193061828613,1
RealVideo-FakeAudio/African/men/id02051/00015_fake.npz,6.462050437927246,1
RealVideo-FakeAudio/African/men/id00366/00118_fake.npz,8.644617080688477,1
RealVideo-FakeAudio/African/women/id00359/00053_fake.npz,8.679584503173828,1
RealVideo-FakeAudio/African/women/id01907/00148_fake.npz,6.821807384490967,1
RealVideo-FakeAudio/African/women/id01661/00059_fake.npz,8.52451229095459,1
RealVideo-FakeAudio/African/women/id03747/00273_fake.npz,8.65469741821289,1
RealVideo-FakeAudio/African/women/id03713/00249_fake.npz,8.520999908447266,1
RealVideo-FakeAudio/African/women/id02721/00424_fake.npz,8.593940734863281,1
RealVideo-FakeAudio/African/women/id04547/00052_fake.npz,8.879804611206055,1
RealVideo-FakeAudio/African/women/id00220/00027_fake.npz,8.406540870666504,1
RealVideo-FakeAudio/African/women/id04820/00015_fake.npz,7.737513065338135,1
RealVideo-FakeAudio/African/women/id04736/00083_fake.npz,8.12144947052002,1
RealVideo-FakeAudio/African/women/id04376/00181_fake.npz,8.634848594665527,1
RealVideo-FakeAudio/African/women/id04374/00032_fake.npz,8.549592018127441,1
RealVideo-FakeAudio/African/women/id02824/00130_fake.npz,8.726055145263672,1
RealVideo-FakeAudio/Caucasian (American)/men/id04216/00470_fake.npz,8.624008178710938,1
RealVideo-FakeAudio/Caucasian (American)/men/id03525/00048_fake.npz,8.668554306030273,1
RealVideo-FakeAudio/Caucasian (American)/men/id03757/00149_fake.npz,8.591788291931152,1
RealVideo-FakeAudio/Caucasian (American)/men/id00169/00021_fake.npz,8.433382987976074,1
RealVideo-FakeAudio/Caucasian (American)/men/id00184/00241_fake.npz,8.176362037658691,1
RealVideo-FakeAudio/Caucasian (American)/men/id00021/00010_fake.npz,8.420647621154785,1
RealVideo-FakeAudio/Caucasian (American)/men/id01163/00195_fake.npz,8.275008201599121,1
RealVideo-FakeAudio/Caucasian (American)/men/id00088/00005_fake.npz,8.734108924865723,1
RealVideo-FakeAudio/Caucasian (American)/men/id00264/00257_fake.npz,8.597325325012207,1
RealVideo-FakeAudio/Caucasian (American)/men/id00529/00409_fake.npz,6.787874221801758,1
RealVideo-FakeAudio/Caucasian (American)/men/id00943/00304_fake.npz,8.692739486694336,1
RealVideo-FakeAudio/Caucasian (American)/men/id01096/00037_fake.npz,9.192031860351562,1
RealVideo-FakeAudio/Caucasian (American)/men/id00345/00243_fake.npz,8.08934211730957,1
RealVideo-FakeAudio/Caucasian (American)/men/id01192/00217_fake.npz,8.375615119934082,1
RealVideo-FakeAudio/Caucasian (American)/men/id03678/00078_fake.npz,8.657391548156738,1
RealVideo-FakeAudio/Caucasian (American)/men/id00018/00181_fake.npz,8.64407730102539,1
RealVideo-FakeAudio/Caucasian (American)/men/id00049/00118_fake.npz,8.496051788330078,1
RealVideo-FakeAudio/Caucasian (American)/men/id00087/00002_fake.npz,8.699522972106934,1
RealVideo-FakeAudio/Caucasian (American)/women/id01216/00025_fake.npz,8.989567756652832,1
RealVideo-FakeAudio/Caucasian (American)/women/id03781/00113_fake.npz,8.434316635131836,1
RealVideo-FakeAudio/Caucasian (American)/women/id00398/00016_fake.npz,8.013089179992676,1
RealVideo-FakeAudio/Caucasian (American)/women/id00616/00305_fake.npz,8.620981216430664,1
RealVideo-FakeAudio/Caucasian (American)/women/id00145/00043_fake.npz,8.480927467346191,1
RealVideo-FakeAudio/Caucasian (American)/women/id00261/00048_fake.npz,8.496345520019531,1
RealVideo-FakeAudio/Caucasian (American)/women/id00752/00340_fake.npz,8.591238021850586,1
RealVideo-FakeAudio/Caucasian (American)/women/id00098/00004_fake.npz,8.725475311279297,1
RealVideo-FakeAudio/Caucasian (American)/women/id01217/00005_fake.npz,8.833502769470215,1
RealVideo-FakeAudio/Caucasian (American)/women/id01091/00236_fake.npz,7.952718734741211,1
RealVideo-FakeAudio/Caucasian (American)/women/id03605/00048_fake.npz,8.42622184753418,1
RealVideo-FakeAudio/Caucasian (American)/women/id03556/00043_fake.npz,8.71881103515625,1
RealVideo-FakeAudio/Caucasian (American)/women/id01004/00028_fake.npz,8.381584167480469,1
RealVideo-FakeAudio/Caucasian (American)/women/id00841/00078_fake.npz,8.017301559448242,1
RealVideo-FakeAudio/Caucasian (American)/women/id03707/00055_fake.npz,7.691165447235107,1
RealVideo-FakeAudio/Caucasian (American)/women/id00383/00171_fake.npz,8.722098350524902,1
RealVideo-FakeAudio/Caucasian (American)/women/id00097/00162_fake.npz,8.160042762756348,1
RealVideo-FakeAudio/Caucasian (American)/women/id00842/00043_fake.npz,8.34030532836914,1
RealVideo-FakeAudio/Caucasian (American)/women/id02466/00136_fake.npz,8.536588668823242,1
RealVideo-FakeAudio/Caucasian (American)/women/id00462/00143_fake.npz,8.068241119384766,1
RealVideo-FakeAudio/Caucasian (American)/women/id01248/00005_fake.npz,8.869452476501465,1
RealVideo-FakeAudio/Asian (East)/men/id06878/00001_fake.npz,8.559577941894531,1
RealVideo-FakeAudio/Asian (East)/men/id09143/00056_fake.npz,8.830933570861816,1
RealVideo-FakeAudio/Asian (East)/men/id08652/00006_fake.npz,8.72895336151123,1
RealVideo-FakeAudio/Asian (East)/men/id06807/00015_fake.npz,8.426466941833496,1
RealVideo-FakeAudio/Asian (East)/men/id04687/00066_fake.npz,8.546550750732422,1
RealVideo-FakeAudio/Asian (East)/men/id07338/00003_fake.npz,8.665022850036621,1
RealVideo-FakeAudio/Asian (East)/men/id01204/00092_fake.npz,8.598045349121094,1
RealVideo-FakeAudio/Asian (East)/men/id03889/00052_fake.npz,8.386287689208984,1
RealVideo-FakeAudio/Asian (East)/men/id08299/00110_fake.npz,8.336530685424805,1
RealVideo-FakeAudio/Asian (East)/women/id08819/00052_fake.npz,8.585454940795898,1
RealVideo-FakeAudio/Asian (East)/women/id00566/00032_fake.npz,7.823471546173096,1
RealVideo-FakeAudio/Asian (East)/women/id05631/00073_fake.npz,8.713654518127441,1
RealVideo-FakeAudio/Asian (East)/women/id06054/00010_fake.npz,8.223176956176758,1
RealVideo-FakeAudio/Asian (East)/women/id04701/00017_fake.npz,8.103334426879883,1
RealVideo-FakeAudio/Asian (East)/women/id09174/00015_fake.npz,8.45901870727539,1
RealVideo-FakeAudio/Asian (East)/women/id09125/00098_fake.npz,8.416180610656738,1
RealVideo-FakeAudio/Asian (East)/women/id05620/00005_fake.npz,8.734503746032715,1
RealVideo-FakeAudio/Asian (East)/women/id05576/00368_fake.npz,8.321372985839844,1
RealVideo-FakeAudio/Asian (East)/women/id06388/00005_fake.npz,8.18404483795166,1
RealVideo-FakeAudio/Asian (East)/women/id00582/00006_fake.npz,8.55355453491211,1
RealVideo-FakeAudio/Asian (East)/women/id00363/00014_fake.npz,8.886662483215332,1
RealVideo-FakeAudio/Asian (East)/women/id06158/00015_fake.npz,8.743914604187012,1
RealVideo-FakeAudio/Asian (East)/women/id03211/00032_fake.npz,8.633676528930664,1
RealVideo-FakeAudio/Caucasian (European)/men/id01052/00076_fake.npz,7.806169033050537,1
RealVideo-FakeAudio/Caucasian (European)/men/id00709/00206_fake.npz,8.511876106262207,1
RealVideo-FakeAudio/Caucasian (European)/men/id00306/00015_fake.npz,8.63187313079834,1
RealVideo-FakeAudio/Caucasian (European)/men/id00292/00072_fake.npz,8.144998550415039,1
RealVideo-FakeAudio/Caucasian (European)/men/id00919/00063_fake.npz,8.800872802734375,1
RealVideo-FakeAudio/Caucasian (European)/men/id01099/00206_fake.npz,8.663008689880371,1
RealVideo-FakeAudio/Caucasian (European)/men/id00358/00217_fake.npz,8.688094139099121,1
RealVideo-FakeAudio/Caucasian (European)/men/id00282/00268_fake.npz,8.256722450256348,1
RealVideo-FakeAudio/Caucasian (European)/men/id01051/00322_fake.npz,8.818320274353027,1
RealVideo-FakeAudio/Caucasian (European)/men/id00415/00017_fake.npz,8.514714241027832,1
RealVideo-FakeAudio/Caucasian (European)/men/id00187/00360_fake.npz,8.729266166687012,1
RealVideo-FakeAudio/Caucasian (European)/men/id00055/00120_fake.npz,8.71351432800293,1
RealVideo-FakeAudio/Caucasian (European)/men/id00498/00014_fake.npz,8.503257751464844,1
RealVideo-FakeAudio/Caucasian (European)/men/id00063/00021_fake.npz,8.61051082611084,1
RealVideo-FakeAudio/Caucasian (European)/men/id00946/00126_fake.npz,8.743764877319336,1
RealVideo-FakeAudio/Caucasian (European)/women/id01001/00086_fake.npz,8.028756141662598,1
RealVideo-FakeAudio/Caucasian (European)/women/id00071/00014_fake.npz,8.598669052124023,1
RealVideo-FakeAudio/Caucasian (European)/women/id00634/00078_fake.npz,8.469669342041016,1
RealVideo-FakeAudio/Caucasian (European)/women/id03589/00002_fake.npz,8.320724487304688,1
RealVideo-FakeAudio/Caucasian (European)/women/id03620/00081_fake.npz,8.75355052947998,1
RealVideo-FakeAudio/Caucasian (European)/women/id00569/00239_fake.npz,8.754708290100098,1
RealVideo-FakeAudio/Caucasian (European)/women/id00365/00078_fake.npz,8.480758666992188,1
RealVideo-FakeAudio/Caucasian (European)/women/id01002/00043_fake.npz,8.674749374389648,1
RealVideo-FakeAudio/Caucasian (European)/women/id00373/00028_fake.npz,8.943243980407715,1
RealVideo-FakeAudio/Caucasian (European)/women/id03649/00001_fake.npz,8.267870903015137,1
RealVideo-FakeAudio/Caucasian (European)/women/id00379/00043_fake.npz,7.670843124389648,1
RealVideo-FakeAudio/Caucasian (European)/women/id00332/00293_fake.npz,7.70684814453125,1
RealVideo-FakeAudio/Caucasian (European)/women/id00325/00015_fake.npz,8.169281959533691,1
RealVideo-FakeAudio/Caucasian (European)/women/id03716/00040_fake.npz,8.529500007629395,1
RealVideo-FakeAudio/Caucasian (European)/women/id00262/00028_fake.npz,8.775697708129883,1
RealVideo-FakeAudio/Caucasian (European)/women/id00328/00092_fake.npz,7.893858909606934,1
RealVideo-FakeAudio/Caucasian (European)/women/id00589/00130_fake.npz,7.963382720947266,1
RealVideo-RealAudio/Asian (South)/men/id06354/00021.npz,-6.25038480758667,0
RealVideo-RealAudio/Asian (South)/men/id08314/00028.npz,-5.725742340087891,0
RealVideo-RealAudio/Asian (South)/men/id07233/00010.npz,-6.153464317321777,0
RealVideo-RealAudio/Asian (South)/men/id07179/00206.npz,-4.84036922454834,0
RealVideo-RealAudio/Asian (South)/men/id00860/00154.npz,-6.446589946746826,0
RealVideo-RealAudio/Asian (South)/men/id07768/00143.npz,-5.8806304931640625,0
RealVideo-RealAudio/Asian (South)/men/id00078/00114.npz,-6.336410045623779,0
RealVideo-RealAudio/Asian (South)/men/id03599/00072.npz,-6.070138454437256,0
RealVideo-RealAudio/Asian (South)/men/id00745/00165.npz,1.9983042478561401,0
RealVideo-RealAudio/Asian (South)/men/id07161/00159.npz,-6.490096092224121,0
RealVideo-RealAudio/Asian (South)/men/id04561/00248.npz,-6.4275994300842285,0
RealVideo-RealAudio/Asian (South)/men/id07463/00028.npz,-6.185956001281738,0
RealVideo-RealAudio/Asian (South)/men/id07182/00040.npz,-6.3992743492126465,0
RealVideo-RealAudio/Asian (South)/men/id00459/00382.npz,-5.514056205749512,0
RealVideo-RealAudio/Asian (South)/men/id04928/00027.npz,-6.167383670806885,0
RealVideo-RealAudio/Asian (South)/men/id00032/00028.npz,-6.164063453674316,0
RealVideo-RealAudio/Asian (South)/women/id04070/00072.npz,-4.945676326751709,0
RealVideo-RealAudio/Asian (South)/women/id03985/00005.npz,-5.953676223754883,0
RealVideo-RealAudio/Asian (South)/women/id00747/00053.npz,-6.069005966186523,0
RealVideo-RealAudio/Asian (South)/women/id07689/00028.npz,-6.151969909667969,0
RealVideo-RealAudio/Asian (South)/women/id05920/00161.npz,-6.36280632019043,0
RealVideo-RealAudio/Asian (South)/women/id06254/00043.npz,-6.311279296875,0
RealVideo-RealAudio/Asian (South)/women/id00417/00069.npz,-6.445391654968262,0
RealVideo-RealAudio/Asian (South)/women/id05478/00135.npz,-6.0376691818237305,0
RealVideo-RealAudio/Asian (South)/women/id06445/00150.npz,-5.284750461578369,0
RealVideo-RealAudio/Asian (South)/women/id04582/00180.npz,-5.6427106857299805,0
RealVideo-RealAudio/Asian (South)/women/id02089/00092.npz,-5.450192451477051,0
RealVideo-RealAudio/Asian (South)/women/id00149/00284.npz,-6.0204997062683105,0
RealVideo-RealAudio/Asian (South)/women/id06439/00118.npz,-5.898621559143066,0
RealVideo-RealAudio/Asian (South)/women/id05931/00013.npz,-6.421479225158691,0
RealVideo-RealAudio/Asian (South)/women/id07051/00083.npz,-5.938131809234619,0
RealVideo-RealAudio/African/men/id01835/00130.npz,-5.891787528991699,0
RealVideo-RealAudio/African/men/id02040/00476.npz,-6.55918550491333,0
RealVideo-RealAudio/African/men/id01392/00167.npz,-5.847207069396973,0
RealVideo-RealAudio/African/men/id01717/00005.npz,-6.463625907897949,0
RealVideo-RealAudio/African/men/id01779/00010.npz,-5.215584754943848,0
RealVideo-RealAudio/African/men/id01179/00160.npz,-6.060606002807617,0
RealVideo-RealAudio/African/men/id01528/00017.npz,-6.152556419372559,0
RealVideo-RealAudio/African/men/id00076/00109.npz,-5.644148826599121,0
RealVideo-RealAudio/African/men/id02268/00036.npz,-5.983141899108887,0
RealVideo-RealAudio/African/men/id01170/00021.npz,-6.02494478225708,0
RealVideo-RealAudio/African/men/id01637/00002.npz,-6.245235919952393,0
RealVideo-RealAudio/African/men/id02051/00015.npz,-6.566370010375977,0
RealVideo-RealAudio/African/men/id00366/00118.npz,-5.348502159118652,0
RealVideo-RealAudio/African/women/id00359/00053.npz,-6.0209455490112305,0
RealVideo-RealAudio/African/women/id01907/00148.npz,-6.302443504333496,0
RealVideo-RealAudio/African/women/id01661/00059.npz,-6.223479270935059,0
RealVideo-RealAudio/African/women/id03747/00273.npz,-5.407232284545898,0
RealVideo-RealAudio/African/women/id03713/00249.npz,-6.496158599853516,0
RealVideo-RealAudio/African/women/id02721/00424.npz,-1.4060841798782349,0
RealVideo-RealAudio/African/women/id04547/00052.npz,-6.376482963562012,0
RealVideo-RealAudio/African/women/id00220/00027.npz,-0.5165331959724426,0
RealVideo-RealAudio/African/women/id04820/00015.npz,-6.385903358459473,0
RealVideo-RealAudio/African/women/id04736/00083.npz,-6.03914737701416,0
RealVideo-RealAudio/African/women/id04376/00181.npz,-6.339193344116211,0
RealVideo-RealAudio/African/women/id04374/00032.npz,-6.1105546951293945,0
RealVideo-RealAudio/African/women/id02824/00130.npz,-6.29403829574585,0
RealVideo-RealAudio/Caucasian (American)/men/id04216/00470.npz,-6.300197601318359,0
RealVideo-RealAudio/Caucasian (American)/men/id03525/00048.npz,-6.08004093170166,0
RealVideo-RealAudio/Caucasian (American)/men/id03757/00149.npz,-6.559037208557129,0
RealVideo-RealAudio/Caucasian (American)/men/id00169/00021.npz,-6.407567977905273,0
RealVideo-RealAudio/Caucasian (American)/men/id00184/00241.npz,-6.193790435791016,0
RealVideo-RealAudio/Caucasian (American)/men/id00021/00010.npz,-6.459300518035889,0
RealVideo-RealAudio/Caucasian (American)/men/id01163/00195.npz,-6.382287979125977,0
RealVideo-RealAudio/Caucasian (American)/men/id00088/00005.npz,-6.382546901702881,0
RealVideo-RealAudio/Caucasian (American)/men/id00264/00257.npz,-6.447490692138672,0
RealVideo-RealAudio/Caucasian (American)/men/id00529/00409.npz,-6.282326698303223,0
RealVideo-RealAudio/Caucasian (American)/men/id00943/00304.npz,-5.760682106018066,0
RealVideo-RealAudio/Caucasian (American)/men/id01096/00037.npz,-5.3857293128967285,0
RealVideo-RealAudio/Caucasian (American)/men/id00345/00243.npz,-6.383092880249023,0
RealVideo-RealAudio/Caucasian (American)/men/id01192/00217.npz,-6.118372917175293,0
RealVideo-RealAudio/Caucasian (American)/men/id03678/00078.npz,-6.168393611907959,0
RealVideo-RealAudio/Caucasian (American)/men/id00018/00181.npz,-6.410580158233643,0
RealVideo-RealAudio/Caucasian (American)/men/id00049/00118.npz,-6.014182090759277,0
RealVideo-RealAudio/Caucasian (American)/men/id00087/00002.npz,-6.119111061096191,0
RealVideo-RealAudio/Caucasian (American)/women/id01216/00025.npz,4.974103927612305,0
RealVideo-RealAudio/Caucasian (American)/women/id03781/00113.npz,-6.364631652832031,0
RealVideo-RealAudio/Caucasian (American)/women/id00398/00016.npz,-6.247191429138184,0
RealVideo-RealAudio/Caucasian (American)/women/id00616/00305.npz,-5.802722454071045,0
RealVideo-RealAudio/Caucasian (American)/women/id00145/00043.npz,-6.114002704620361,0
RealVideo-RealAudio/Caucasian (American)/women/id00261/00048.npz,-6.258977890014648,0
RealVideo-RealAudio/Caucasian (American)/women/id00752/00340.npz,-5.516079902648926,0
RealVideo-RealAudio/Caucasian (American)/women/id00098/00004.npz,-6.401984691619873,0
RealVideo-RealAudio/Caucasian (American)/women/id01217/00005.npz,-6.013165473937988,0
RealVideo-RealAudio/Caucasian (American)/women/id01091/00236.npz,-6.345925807952881,0
RealVideo-RealAudio/Caucasian (American)/women/id03605/00048.npz,-6.258429050445557,0
RealVideo-RealAudio/Caucasian (American)/women/id03556/00043.npz,-5.477797508239746,0
RealVideo-RealAudio/Caucasian (American)/women/id01004/00028.npz,-6.522430896759033,0
RealVideo-RealAudio/Caucasian (American)/women/id00841/00078.npz,-5.241427421569824,0
RealVideo-RealAudio/Caucasian (American)/women/id03707/00055.npz,-6.090620517730713,0
RealVideo-RealAudio/Caucasian (American)/women/id00383/00171.npz,-6.018524169921875,0
RealVideo-RealAudio/Caucasian (American)/women/id00097/00162.npz,-6.499584197998047,0
RealVideo-RealAudio/Caucasian (American)/women/id00842/00043.npz,-6.100065231323242,0
RealVideo-RealAudio/Caucasian (American)/women/id02466/00136.npz,-4.7483625411987305,0
RealVideo-RealAudio/Caucasian (American)/women/id00462/00143.npz,-6.10201358795166,0
RealVideo-RealAudio/Caucasian (American)/women/id01248/00005.npz,-6.363667964935303,0
RealVideo-RealAudio/Asian (East)/men/id06878/00001.npz,-6.33050537109375,0
RealVideo-RealAudio/Asian (East)/men/id09143/00056.npz,-6.5190582275390625,0
RealVideo-RealAudio/Asian (East)/men/id08652/00006.npz,-5.487644195556641,0
RealVideo-RealAudio/Asian (East)/men/id06807/00015.npz,-5.946314811706543,0
RealVideo-RealAudio/Asian (East)/men/id04687/00066.npz,-1.5608222484588623,0
RealVideo-RealAudio/Asian (East)/men/id07338/00003.npz,-6.571499824523926,0
RealVideo-RealAudio/Asian (East)/men/id01204/00092.npz,-6.01956844329834,0
RealVideo-RealAudio/Asian (East)/men/id03889/00052.npz,-6.3226447105407715,0
RealVideo-RealAudio/Asian (East)/men/id08299/00110.npz,-6.543281078338623,0
RealVideo-RealAudio/Asian (East)/women/id08819/00052.npz,-5.51324462890625,0
RealVideo-RealAudio/Asian (East)/women/id00566/00032.npz,-6.531073570251465,0
RealVideo-RealAudio/Asian (East)/women/id05631/00073.npz,-6.1531805992126465,0
RealVideo-RealAudio/Asian (East)/women/id06054/00010.npz,-5.86661958694458,0
RealVideo-RealAudio/Asian (East)/women/id04701/00017.npz,-6.262699127197266,0
RealVideo-RealAudio/Asian (East)/women/id09174/00015.npz,-4.85452127456665,0
RealVideo-RealAudio/Asian (East)/women/id09125/00098.npz,-5.499300956726074,0
RealVideo-RealAudio/Asian (East)/women/id05620/00005.npz,-6.138850212097168,0
RealVideo-RealAudio/Asian (East)/women/id05576/00368.npz,-6.0827436447143555,0
RealVideo-RealAudio/Asian (East)/women/id06388/00005.npz,-5.831787109375,0
RealVideo-RealAudio/Asian (East)/women/id00582/00006.npz,-5.716331481933594,0
RealVideo-RealAudio/Asian (East)/women/id00363/00014.npz,-6.082422733306885,0
RealVideo-RealAudio/Asian (East)/women/id06158/00015.npz,-6.319257736206055,0
RealVideo-RealAudio/Asian (East)/women/id03211/00032.npz,4.687489986419678,0
RealVideo-RealAudio/Caucasian (European)/men/id01052/00076.npz,4.5108795166015625,0
RealVideo-RealAudio/Caucasian (European)/men/id00709/00206.npz,-5.857303142547607,0
RealVideo-RealAudio/Caucasian (European)/men/id00306/00015.npz,-5.885904312133789,0
RealVideo-RealAudio/Caucasian (European)/men/id00292/00072.npz,-6.470583915710449,0
RealVideo-RealAudio/Caucasian (European)/men/id00919/00063.npz,-6.234343528747559,0
RealVideo-RealAudio/Caucasian (European)/men/id01099/00206.npz,-5.853549480438232,0
RealVideo-RealAudio/Caucasian (European)/men/id00358/00217.npz,-5.268486499786377,0
RealVideo-RealAudio/Caucasian (European)/men/id00282/00268.npz,-6.026505470275879,0
RealVideo-RealAudio/Caucasian (European)/men/id01051/00322.npz,-5.494230270385742,0
RealVideo-RealAudio/Caucasian (European)/men/id00415/00017.npz,-6.058404922485352,0
RealVideo-RealAudio/Caucasian (European)/men/id00187/00360.npz,-5.809266090393066,0
RealVideo-RealAudio/Caucasian (European)/men/id00055/00120.npz,-6.256833553314209,0
RealVideo-RealAudio/Caucasian (European)/men/id00498/00014.npz,-6.609248161315918,0
RealVideo-RealAudio/Caucasian (European)/men/id00063/00021.npz,-6.366369247436523,0
RealVideo-RealAudio/Caucasian (European)/men/id00946/00126.npz,-6.514934539794922,0
RealVideo-RealAudio/Caucasian (European)/women/id01001/00086.npz,-6.25496768951416,0
RealVideo-RealAudio/Caucasian (European)/women/id00071/00014.npz,-6.1000800132751465,0
RealVideo-RealAudio/Caucasian (European)/women/id00634/00078.npz,-5.968644618988037,0
RealVideo-RealAudio/Caucasian (European)/women/id03589/00002.npz,-5.992927074432373,0
RealVideo-RealAudio/Caucasian (European)/women/id03620/00081.npz,-4.13664436340332,0
RealVideo-RealAudio/Caucasian (European)/women/id00569/00239.npz,-6.4478020668029785,0
RealVideo-RealAudio/Caucasian (European)/women/id00365/00078.npz,-6.41571569442749,0
RealVideo-RealAudio/Caucasian (European)/women/id01002/00043.npz,-6.36018180847168,0
RealVideo-RealAudio/Caucasian (European)/women/id00373/00028.npz,6.442680358886719,0
RealVideo-RealAudio/Caucasian (European)/women/id03649/00001.npz,-6.323189735412598,0
RealVideo-RealAudio/Caucasian (European)/women/id00379/00043.npz,-6.273057460784912,0
RealVideo-RealAudio/Caucasian (European)/women/id00332/00293.npz,-5.809403419494629,0
RealVideo-RealAudio/Caucasian (European)/women/id00325/00015.npz,-5.721587181091309,0
RealVideo-RealAudio/Caucasian (European)/women/id03716/00040.npz,-5.714739799499512,0
RealVideo-RealAudio/Caucasian (European)/women/id00262/00028.npz,-5.4345245361328125,0
RealVideo-RealAudio/Caucasian (European)/women/id00328/00092.npz,-6.353415489196777,0
RealVideo-RealAudio/Caucasian (European)/women/id00589/00130.npz,-5.893033027648926,0
