path,score,label
FakeVideo-FakeAudio/Asian (South)/men/id06354/00021_id00032_AQMDc6SKNXs_id07463_wavtolip.npz,7.982481479644775,1
FakeVideo-FakeAudio/Asian (South)/men/id06354/00021_id00033_wavtolip.npz,9.280611038208008,1
FakeVideo-FakeAudio/Asian (South)/men/id06354/00021_id00103_qpTVaP4y5DQ_id03945_wavtolip.npz,10.302132606506348,1
FakeVideo-FakeAudio/Asian (South)/men/id06354/00021_id00350_75IFJNFAMIM_id04562_wavtolip.npz,10.1896390914917,1
FakeVideo-FakeAudio/Asian (South)/men/id06354/00021_id00685_wavtolip.npz,10.790818214416504,1
FakeVideo-FakeAudio/Asian (South)/men/id06354/00021_id00732_wavtolip.npz,10.242537498474121,1
FakeVideo-FakeAudio/Asian (South)/men/id06354/00021_id00773_2j3lUETJ57I_id00459_wavtolip.npz,6.013016700744629,1
FakeVideo-FakeAudio/Asian (South)/men/id06354/00021_id00816_wavtolip.npz,10.543319702148438,1
FakeVideo-FakeAudio/Asian (South)/men/id06354/00021_id04599_Q60DPi5Nhmk_id03599_wavtolip.npz,6.937012672424316,1
FakeVideo-FakeAudio/Asian (South)/men/id06354/00021_id06355_wavtolip.npz,9.03256893157959,1
FakeVideo-FakeAudio/Asian (South)/men/id06354/00021_id07058_JXJTxhrICl0_id07165_wavtolip.npz,10.34073543548584,1
FakeVideo-FakeAudio/Asian (South)/men/id06354/00021_id07108_qwfQPcvjGRY_id07233_wavtolip.npz,9.021435737609863,1
FakeVideo-FakeAudio/Asian (South)/men/id06354/00021_id07108_wavtolip.npz,8.548311233520508,1
FakeVideo-FakeAudio/Asian (South)/men/id06354/00021_id07179_wavtolip.npz,-1.9743578433990479,1
FakeVideo-FakeAudio/Asian (South)/men/id06354/00021_id07194_NDJaiff98Fo_faceswap_id03945_wavtolip.npz,10.166699409484863,1
FakeVideo-FakeAudio/Asian (South)/men/id06354/00021_id07194_NDJaiff98Fo_faceswap_id04537_wavtolip.npz,9.751958847045898,1
FakeVideo-FakeAudio/Asian (South)/men/id06354/00021_id07194_NDJaiff98Fo_faceswap_id04601_wavtolip.npz,7.243245601654053,1
FakeVideo-FakeAudio/Asian (South)/men/id06354/00021_id07194_NDJaiff98Fo_faceswap_id07200_wavtolip.npz,10.086685180664062,1
FakeVideo-FakeAudio/Asian (South)/men/id06354/00021_id07194_NDJaiff98Fo_faceswap_id07768_wavtolip.npz,2.5366108417510986,1
FakeVideo-FakeAudio/Asian (South)/men/id06354/00021_id07194_NDJaiff98Fo_id00857_wavtolip.npz,4.90618371963501,1
FakeVideo-FakeAudio/Asian (South)/men/id06354/00021_id07210_wavtolip.npz,-2.9994356632232666,1
FakeVideo-FakeAudio/Asian (South)/men/id06354/00021_id08314_wavtolip.npz,10.19522476196289,1
FakeVideo-FakeAudio/Asian (South)/men/id08314/00028_id00078_9CoVxzTOAhk_faceswap_id00459_wavtolip.npz,8.732182502746582,1
FakeVideo-FakeAudio/Asian (South)/men/id08314/00028_id00078_9CoVxzTOAhk_faceswap_id00685_wavtolip.npz,8.247544288635254,1
FakeVideo-FakeAudio/Asian (South)/men/id08314/00028_id00078_9CoVxzTOAhk_faceswap_id00745_wavtolip.npz,10.162176132202148,1
FakeVideo-FakeAudio/Asian (South)/men/id08314/00028_id00078_9CoVxzTOAhk_faceswap_id00857_wavtolip.npz,4.942022323608398,1
FakeVideo-FakeAudio/Asian (South)/men/id08314/00028_id00078_9CoVxzTOAhk_faceswap_id04599_wavtolip.npz,8.745831489562988,1
FakeVideo-FakeAudio/Asian (South)/men/id08314/00028_id00078_9CoVxzTOAhk_id03180_wavtolip.npz,10.555221557617188,1
FakeVideo-FakeAudio/Asian (South)/men/id08314/00028_id00078_wavtolip.npz,2.7465593814849854,1
FakeVideo-FakeAudio/Asian (South)/men/id08314/00028_id00103_qpTVaP4y5DQ_id07233_wavtolip.npz,9.733240127563477,1
FakeVideo-FakeAudio/Asian (South)/men/id08314/00028_id00459_wavtolip.npz,8.546270370483398,1
FakeVideo-FakeAudio/Asian (South)/men/id08314/00028_id00732_amGRpH0AJCs_id04928_wavtolip.npz,9.544439315795898,1
FakeVideo-FakeAudio/Asian (South)/men/id08314/00028_id00745_wavtolip.npz,10.085195541381836,1
FakeVideo-FakeAudio/Asian (South)/men/id08314/00028_id00773_2j3lUETJ57I_id00082_wavtolip.npz,9.068458557128906,1
FakeVideo-FakeAudio/Asian (South)/men/id08314/00028_id00816_wavtolip.npz,9.667364120483398,1
FakeVideo-FakeAudio/Asian (South)/men/id08314/00028_id03344_wavtolip.npz,7.055505275726318,1
FakeVideo-FakeAudio/Asian (South)/men/id08314/00028_id04599_wavtolip.npz,8.83509349822998,1
FakeVideo-FakeAudio/Asian (South)/men/id08314/00028_id04601_wavtolip.npz,8.99445629119873,1
FakeVideo-FakeAudio/Asian (South)/men/id08314/00028_id06753_wavtolip.npz,0.5861818790435791,1
FakeVideo-FakeAudio/Asian (South)/men/id08314/00028_id07163_wavtolip.npz,7.863638877868652,1
FakeVideo-FakeAudio/Asian (South)/men/id08314/00028_id07194_NDJaiff98Fo_id07210_wavtolip.npz,8.765567779541016,1
FakeVideo-FakeAudio/Asian (South)/men/id08314/00028_id07195_wXqfHGtaBn4_id06355_wavtolip.npz,8.443058967590332,1
FakeVideo-FakeAudio/Asian (South)/men/id08314/00028_id08457_wavtolip.npz,6.318427562713623,1
FakeVideo-FakeAudio/Asian (South)/men/id07233/00010_id00032_wavtolip.npz,9.439023971557617,1
FakeVideo-FakeAudio/Asian (South)/men/id07233/00010_id00078_wavtolip.npz,-0.9401660561561584,1
FakeVideo-FakeAudio/Asian (South)/men/id07233/00010_id00082_wavtolip.npz,3.802433729171753,1
FakeVideo-FakeAudio/Asian (South)/men/id07233/00010_id00685_wavtolip.npz,10.852567672729492,1
FakeVideo-FakeAudio/Asian (South)/men/id07233/00010_id00732_wavtolip.npz,9.972894668579102,1
FakeVideo-FakeAudio/Asian (South)/men/id07233/00010_id00769_BqHVSZdoVpM_id07165_wavtolip.npz,10.354257583618164,1
FakeVideo-FakeAudio/Asian (South)/men/id07233/00010_id00773_wavtolip.npz,9.532525062561035,1
FakeVideo-FakeAudio/Asian (South)/men/id07233/00010_id00816_wavtolip.npz,10.133946418762207,1
FakeVideo-FakeAudio/Asian (South)/men/id07233/00010_id03945_8gN6kSKpLRg_id07768_wavtolip.npz,2.952009916305542,1
FakeVideo-FakeAudio/Asian (South)/men/id07233/00010_id04537_G1e1UFopjfI_id04928_wavtolip.npz,9.797202110290527,1
FakeVideo-FakeAudio/Asian (South)/men/id07233/00010_id04554_8rSKsBhAaDo_id04599_wavtolip.npz,8.072059631347656,1
FakeVideo-FakeAudio/Asian (South)/men/id07233/00010_id04562_qio_Gs7wjvY_id07463_wavtolip.npz,9.019553184509277,1
FakeVideo-FakeAudio/Asian (South)/men/id07233/00010_id07161_wavtolip.npz,9.433402061462402,1
FakeVideo-FakeAudio/Asian (South)/men/id07233/00010_id07165_oJ_iy16IBTM_id07161_wavtolip.npz,9.636462211608887,1
FakeVideo-FakeAudio/Asian (South)/men/id07233/00010_id07195_wavtolip.npz,8.828895568847656,1
FakeVideo-FakeAudio/Asian (South)/men/id07233/00010_id07200_quCElxMhW6g_faceswap_id00103_wavtolip.npz,8.113740921020508,1
FakeVideo-FakeAudio/Asian (South)/men/id07233/00010_id07200_quCElxMhW6g_faceswap_id00773_wavtolip.npz,9.376618385314941,1
FakeVideo-FakeAudio/Asian (South)/men/id07233/00010_id07200_quCElxMhW6g_faceswap_id06753_wavtolip.npz,-0.5985620617866516,1
FakeVideo-FakeAudio/Asian (South)/men/id07233/00010_id07200_quCElxMhW6g_faceswap_id07195_wavtolip.npz,8.491593360900879,1
FakeVideo-FakeAudio/Asian (South)/men/id07233/00010_id07200_quCElxMhW6g_faceswap_id07463_wavtolip.npz,8.78672981262207,1
FakeVideo-FakeAudio/Asian (South)/men/id07233/00010_id07200_quCElxMhW6g_id04562_wavtolip.npz,9.986983299255371,1
FakeVideo-FakeAudio/Asian (South)/men/id07179/00206_id00078_wavtolip.npz,2.56925892829895,1
FakeVideo-FakeAudio/Asian (South)/men/id07179/00206_id00082_wavtolip.npz,8.645601272583008,1
FakeVideo-FakeAudio/Asian (South)/men/id07179/00206_id00459_ubskcDDe7kM_id00103_wavtolip.npz,8.036336898803711,1
FakeVideo-FakeAudio/Asian (South)/men/id07179/00206_id00685_wavtolip.npz,10.20197868347168,1
FakeVideo-FakeAudio/Asian (South)/men/id07179/00206_id00857_wavtolip.npz,4.980587005615234,1
FakeVideo-FakeAudio/Asian (South)/men/id07179/00206_id03344_wavtolip.npz,6.856903553009033,1
FakeVideo-FakeAudio/Asian (South)/men/id07179/00206_id03599_wavtolip.npz,9.385358810424805,1
FakeVideo-FakeAudio/Asian (South)/men/id07179/00206_id04526_dHGXa49tzWI_id00860_wavtolip.npz,9.362485885620117,1
FakeVideo-FakeAudio/Asian (South)/men/id07179/00206_id06334_EMORdZRY1r0_id04537_wavtolip.npz,9.7288818359375,1
FakeVideo-FakeAudio/Asian (South)/men/id07179/00206_id06753_wavtolip.npz,1.608073115348816,1
FakeVideo-FakeAudio/Asian (South)/men/id07179/00206_id07163_aO7f_YmkQnc_id00816_wavtolip.npz,9.689600944519043,1
FakeVideo-FakeAudio/Asian (South)/men/id07179/00206_id07165_oJ_iy16IBTM_faceswap_id00032_wavtolip.npz,1.5706731081008911,1
FakeVideo-FakeAudio/Asian (South)/men/id07179/00206_id07165_oJ_iy16IBTM_faceswap_id00082_wavtolip.npz,8.416794776916504,1
FakeVideo-FakeAudio/Asian (South)/men/id07179/00206_id07165_oJ_iy16IBTM_faceswap_id03180_wavtolip.npz,10.598442077636719,1
FakeVideo-FakeAudio/Asian (South)/men/id07179/00206_id07165_oJ_iy16IBTM_faceswap_id04928_wavtolip.npz,9.08151626586914,1
FakeVideo-FakeAudio/Asian (South)/men/id07179/00206_id07165_oJ_iy16IBTM_faceswap_id07233_wavtolip.npz,9.665032386779785,1
FakeVideo-FakeAudio/Asian (South)/men/id07179/00206_id07165_oJ_iy16IBTM_id07058_wavtolip.npz,9.3551607131958,1
FakeVideo-FakeAudio/Asian (South)/men/id07179/00206_id07195_wavtolip.npz,5.639074325561523,1
FakeVideo-FakeAudio/Asian (South)/men/id07179/00206_id07210_wavtolip.npz,8.61170768737793,1
FakeVideo-FakeAudio/Asian (South)/men/id07179/00206_id07768_mD6x-0ihLOI_id08313_wavtolip.npz,8.681788444519043,1
FakeVideo-FakeAudio/Asian (South)/men/id07179/00206_id08314_66ufcsq8IWA_id00078_wavtolip.npz,2.7175252437591553,1
FakeVideo-FakeAudio/Asian (South)/men/id07179/00206_id08314_wavtolip.npz,10.013569831848145,1
FakeVideo-FakeAudio/Asian (South)/men/id00860/00154_id00033_gduDuRWhnlQ_id00860_wavtolip.npz,9.729830741882324,1
FakeVideo-FakeAudio/Asian (South)/men/id00860/00154_id00033_wavtolip.npz,9.054235458374023,1
FakeVideo-FakeAudio/Asian (South)/men/id00860/00154_id00082_wavtolip.npz,3.7337982654571533,1
FakeVideo-FakeAudio/Asian (South)/men/id00860/00154_id00414_d3N2NrpGSp0_id06334_wavtolip.npz,10.511595726013184,1
FakeVideo-FakeAudio/Asian (South)/men/id00860/00154_id00459_ubskcDDe7kM_id00078_wavtolip.npz,-0.588490903377533,1
FakeVideo-FakeAudio/Asian (South)/men/id00860/00154_id00459_wavtolip.npz,6.890563011169434,1
FakeVideo-FakeAudio/Asian (South)/men/id00860/00154_id00773_wavtolip.npz,9.489880561828613,1
FakeVideo-FakeAudio/Asian (South)/men/id00860/00154_id03180_6wNTK7NkOd8_id00459_wavtolip.npz,6.742895603179932,1
FakeVideo-FakeAudio/Asian (South)/men/id00860/00154_id04537_G1e1UFopjfI_faceswap_id00860_wavtolip.npz,9.827529907226562,1
FakeVideo-FakeAudio/Asian (South)/men/id00860/00154_id04537_G1e1UFopjfI_faceswap_id04554_wavtolip.npz,9.801196098327637,1
FakeVideo-FakeAudio/Asian (South)/men/id00860/00154_id04537_G1e1UFopjfI_faceswap_id04928_wavtolip.npz,9.95363998413086,1
FakeVideo-FakeAudio/Asian (South)/men/id00860/00154_id04537_G1e1UFopjfI_faceswap_id07108_wavtolip.npz,9.682108879089355,1
FakeVideo-FakeAudio/Asian (South)/men/id00860/00154_id04537_G1e1UFopjfI_faceswap_id07233_wavtolip.npz,9.294007301330566,1
FakeVideo-FakeAudio/Asian (South)/men/id00860/00154_id04554_wavtolip.npz,9.775958061218262,1
FakeVideo-FakeAudio/Asian (South)/men/id00860/00154_id06753_wavtolip.npz,-0.8333302736282349,1
FakeVideo-FakeAudio/Asian (South)/men/id00860/00154_id07165_oJ_iy16IBTM_id00773_wavtolip.npz,9.512158393859863,1
FakeVideo-FakeAudio/Asian (South)/men/id00860/00154_id07165_wavtolip.npz,10.478952407836914,1
FakeVideo-FakeAudio/Asian (South)/men/id00860/00154_id07195_wXqfHGtaBn4_id07768_wavtolip.npz,2.7520155906677246,1
FakeVideo-FakeAudio/Asian (South)/men/id00860/00154_id07200_quCElxMhW6g_id04562_wavtolip.npz,10.146023750305176,1
FakeVideo-FakeAudio/Asian (South)/men/id00860/00154_id07210_wavtolip.npz,0.8431887626647949,1
FakeVideo-FakeAudio/Asian (South)/men/id00860/00154_id08457_wavtolip.npz,9.01611614227295,1
FakeVideo-FakeAudio/Asian (South)/men/id07768/00143_id00033_gduDuRWhnlQ_id00816_wavtolip.npz,10.165389060974121,1
FakeVideo-FakeAudio/Asian (South)/men/id07768/00143_id00033_wavtolip.npz,8.831290245056152,1
FakeVideo-FakeAudio/Asian (South)/men/id07768/00143_id00078_wavtolip.npz,2.7232511043548584,1
FakeVideo-FakeAudio/Asian (South)/men/id07768/00143_id00103_qpTVaP4y5DQ_id07768_wavtolip.npz,2.687809705734253,1
FakeVideo-FakeAudio/Asian (South)/men/id07768/00143_id00459_wavtolip.npz,6.004147052764893,1
FakeVideo-FakeAudio/Asian (South)/men/id07768/00143_id00685_wavtolip.npz,10.879263877868652,1
FakeVideo-FakeAudio/Asian (South)/men/id07768/00143_id00732_amGRpH0AJCs_faceswap_id00459_wavtolip.npz,5.921462059020996,1
FakeVideo-FakeAudio/Asian (South)/men/id07768/00143_id00732_amGRpH0AJCs_faceswap_id00769_wavtolip.npz,8.670270919799805,1
FakeVideo-FakeAudio/Asian (South)/men/id07768/00143_id00732_amGRpH0AJCs_faceswap_id04562_wavtolip.npz,10.267407417297363,1
FakeVideo-FakeAudio/Asian (South)/men/id07768/00143_id00732_amGRpH0AJCs_faceswap_id07210_wavtolip.npz,8.56247329711914,1
FakeVideo-FakeAudio/Asian (South)/men/id07768/00143_id00732_amGRpH0AJCs_faceswap_id08314_wavtolip.npz,10.613301277160645,1
FakeVideo-FakeAudio/Asian (South)/men/id07768/00143_id00857_yJ7bbvwL4kU_id07179_wavtolip.npz,5.786020278930664,1
FakeVideo-FakeAudio/Asian (South)/men/id07768/00143_id03344_vyNnOo6lU0o_id06753_wavtolip.npz,-0.8249329328536987,1
FakeVideo-FakeAudio/Asian (South)/men/id07768/00143_id04560_wavtolip.npz,9.20974063873291,1
FakeVideo-FakeAudio/Asian (South)/men/id07768/00143_id04562_wavtolip.npz,10.244783401489258,1
FakeVideo-FakeAudio/Asian (South)/men/id07768/00143_id06354_PmWLmcJNUhM_id04526_wavtolip.npz,9.942320823669434,1
FakeVideo-FakeAudio/Asian (South)/men/id07768/00143_id07058_wavtolip.npz,9.149781227111816,1
FakeVideo-FakeAudio/Asian (South)/men/id07768/00143_id07108_wavtolip.npz,8.261322975158691,1
FakeVideo-FakeAudio/Asian (South)/men/id07768/00143_id07161_wavtolip.npz,9.492511749267578,1
FakeVideo-FakeAudio/Asian (South)/men/id07768/00143_id07163_aO7f_YmkQnc_id04537_wavtolip.npz,9.765217781066895,1
FakeVideo-FakeAudio/Asian (South)/men/id07768/00143_id08313_wavtolip.npz,8.39341926574707,1
FakeVideo-FakeAudio/Asian (South)/men/id00078/00114_id00103_qpTVaP4y5DQ_faceswap_id03945_wavtolip.npz,10.019031524658203,1
FakeVideo-FakeAudio/Asian (South)/men/id00078/00114_id00103_qpTVaP4y5DQ_faceswap_id04560_wavtolip.npz,8.777569770812988,1
FakeVideo-FakeAudio/Asian (South)/men/id00078/00114_id00103_qpTVaP4y5DQ_faceswap_id07194_wavtolip.npz,6.702638626098633,1
FakeVideo-FakeAudio/Asian (South)/men/id00078/00114_id00103_qpTVaP4y5DQ_faceswap_id07768_wavtolip.npz,2.9767398834228516,1
FakeVideo-FakeAudio/Asian (South)/men/id00078/00114_id00103_qpTVaP4y5DQ_id00816_wavtolip.npz,10.039142608642578,1
FakeVideo-FakeAudio/Asian (South)/men/id00078/00114_id00350_75IFJNFAMIM_id00033_wavtolip.npz,8.772457122802734,1
FakeVideo-FakeAudio/Asian (South)/men/id00078/00114_id00685_wavtolip.npz,10.848406791687012,1
FakeVideo-FakeAudio/Asian (South)/men/id00078/00114_id00732_wavtolip.npz,10.35011100769043,1
FakeVideo-FakeAudio/Asian (South)/men/id00078/00114_id00857_wavtolip.npz,4.927062034606934,1
FakeVideo-FakeAudio/Asian (South)/men/id00078/00114_id00857_yJ7bbvwL4kU_id00816_wavtolip.npz,10.057342529296875,1
FakeVideo-FakeAudio/Asian (South)/men/id00078/00114_id03180_wavtolip.npz,10.460619926452637,1
FakeVideo-FakeAudio/Asian (South)/men/id00078/00114_id03344_vyNnOo6lU0o_id00773_wavtolip.npz,9.330941200256348,1
FakeVideo-FakeAudio/Asian (South)/men/id00078/00114_id03599_wavtolip.npz,7.79622220993042,1
FakeVideo-FakeAudio/Asian (South)/men/id00078/00114_id03599_y27BDmRUqMQ_id07161_wavtolip.npz,9.697037696838379,1
FakeVideo-FakeAudio/Asian (South)/men/id00078/00114_id04537_wavtolip.npz,9.620420455932617,1
FakeVideo-FakeAudio/Asian (South)/men/id00078/00114_id04560_wavtolip.npz,8.737136840820312,1
FakeVideo-FakeAudio/Asian (South)/men/id00078/00114_id06354_PmWLmcJNUhM_id06334_wavtolip.npz,10.39150619506836,1
FakeVideo-FakeAudio/Asian (South)/men/id00078/00114_id07058_JXJTxhrICl0_id07058_wavtolip.npz,9.415658950805664,1
FakeVideo-FakeAudio/Asian (South)/men/id00078/00114_id07058_wavtolip.npz,9.245890617370605,1
FakeVideo-FakeAudio/Asian (South)/men/id00078/00114_id07163_wavtolip.npz,7.844683647155762,1
FakeVideo-FakeAudio/Asian (South)/men/id00078/00114_id07210_0160kET2rUM_id04562_wavtolip.npz,10.190461158752441,1
FakeVideo-FakeAudio/Asian (South)/men/id00078/00114_id08313_wavtolip.npz,8.115137100219727,1
FakeVideo-FakeAudio/Asian (South)/men/id03599/00072_id00032_wavtolip.npz,1.1528745889663696,1
FakeVideo-FakeAudio/Asian (South)/men/id03599/00072_id00033_wavtolip.npz,9.328522682189941,1
FakeVideo-FakeAudio/Asian (South)/men/id03599/00072_id00103_qpTVaP4y5DQ_id00032_wavtolip.npz,1.1151635646820068,1
FakeVideo-FakeAudio/Asian (South)/men/id03599/00072_id00350_75IFJNFAMIM_id07195_wavtolip.npz,5.924222469329834,1
FakeVideo-FakeAudio/Asian (South)/men/id03599/00072_id00773_2j3lUETJ57I_id07233_wavtolip.npz,10.06551456451416,1
FakeVideo-FakeAudio/Asian (South)/men/id03599/00072_id00857_wavtolip.npz,4.877949237823486,1
FakeVideo-FakeAudio/Asian (South)/men/id03599/00072_id00857_yJ7bbvwL4kU_id00860_wavtolip.npz,9.48233413696289,1
FakeVideo-FakeAudio/Asian (South)/men/id03599/00072_id03344_wavtolip.npz,7.093311309814453,1
FakeVideo-FakeAudio/Asian (South)/men/id03599/00072_id04526_wavtolip.npz,9.958497047424316,1
FakeVideo-FakeAudio/Asian (South)/men/id03599/00072_id04554_wavtolip.npz,8.877629280090332,1
FakeVideo-FakeAudio/Asian (South)/men/id03599/00072_id04562_qio_Gs7wjvY_id04537_wavtolip.npz,9.93952465057373,1
FakeVideo-FakeAudio/Asian (South)/men/id03599/00072_id06334_wavtolip.npz,10.078008651733398,1
FakeVideo-FakeAudio/Asian (South)/men/id03599/00072_id06753_BRg5r4jHC3I_id07210_wavtolip.npz,8.731468200683594,1
FakeVideo-FakeAudio/Asian (South)/men/id03599/00072_id07108_wavtolip.npz,8.448668479919434,1
FakeVideo-FakeAudio/Asian (South)/men/id03599/00072_id07210_wavtolip.npz,8.919586181640625,1
FakeVideo-FakeAudio/Asian (South)/men/id03599/00072_id08313_t6WZ9KCaXBM_faceswap_id04601_wavtolip.npz,9.109193801879883,1
FakeVideo-FakeAudio/Asian (South)/men/id03599/00072_id08313_t6WZ9KCaXBM_faceswap_id07163_wavtolip.npz,7.915535926818848,1
FakeVideo-FakeAudio/Asian (South)/men/id03599/00072_id08313_t6WZ9KCaXBM_faceswap_id07165_wavtolip.npz,10.588729858398438,1
FakeVideo-FakeAudio/Asian (South)/men/id03599/00072_id08313_t6WZ9KCaXBM_faceswap_id07210_wavtolip.npz,8.568140983581543,1
FakeVideo-FakeAudio/Asian (South)/men/id03599/00072_id08313_t6WZ9KCaXBM_id06355_wavtolip.npz,8.44051456451416,1
FakeVideo-FakeAudio/Asian (South)/men/id03599/00072_id08457_vFyjAJwQulM_id07194_wavtolip.npz,6.64137077331543,1
FakeVideo-FakeAudio/Asian (South)/men/id00745/00165_id00032_wavtolip.npz,9.789011001586914,1
FakeVideo-FakeAudio/Asian (South)/men/id00745/00165_id00033_gduDuRWhnlQ_faceswap_id00032_wavtolip.npz,9.871506690979004,1
FakeVideo-FakeAudio/Asian (South)/men/id00745/00165_id00033_gduDuRWhnlQ_faceswap_id03599_wavtolip.npz,6.847927570343018,1
FakeVideo-FakeAudio/Asian (South)/men/id00745/00165_id00033_gduDuRWhnlQ_faceswap_id04554_wavtolip.npz,10.362998008728027,1
FakeVideo-FakeAudio/Asian (South)/men/id00745/00165_id00033_gduDuRWhnlQ_faceswap_id04562_wavtolip.npz,10.208276748657227,1
FakeVideo-FakeAudio/Asian (South)/men/id00745/00165_id00033_gduDuRWhnlQ_faceswap_id07182_wavtolip.npz,9.177428245544434,1
FakeVideo-FakeAudio/Asian (South)/men/id00745/00165_id00033_gduDuRWhnlQ_id04554_wavtolip.npz,10.492424964904785,1
FakeVideo-FakeAudio/Asian (South)/men/id00745/00165_id00082_wavtolip.npz,5.251750946044922,1
FakeVideo-FakeAudio/Asian (South)/men/id00745/00165_id00103_wavtolip.npz,8.069994926452637,1
FakeVideo-FakeAudio/Asian (South)/men/id00745/00165_id00857_yJ7bbvwL4kU_id07179_wavtolip.npz,-2.450831651687622,1
FakeVideo-FakeAudio/Asian (South)/men/id00745/00165_id03945_wavtolip.npz,10.303811073303223,1
FakeVideo-FakeAudio/Asian (South)/men/id00745/00165_id04537_wavtolip.npz,9.567277908325195,1
FakeVideo-FakeAudio/Asian (South)/men/id00745/00165_id04561_tU_UYY5hSvc_id04599_wavtolip.npz,8.055888175964355,1
FakeVideo-FakeAudio/Asian (South)/men/id00745/00165_id04599_wavtolip.npz,7.876091480255127,1
FakeVideo-FakeAudio/Asian (South)/men/id00745/00165_id04928_wavtolip.npz,9.05908203125,1
FakeVideo-FakeAudio/Asian (South)/men/id00745/00165_id06354_PmWLmcJNUhM_id00033_wavtolip.npz,9.684893608093262,1
FakeVideo-FakeAudio/Asian (South)/men/id00745/00165_id07108_qwfQPcvjGRY_id00769_wavtolip.npz,9.0828857421875,1
FakeVideo-FakeAudio/Asian (South)/men/id00745/00165_id07161_OYWKr82Zu38_id04537_wavtolip.npz,9.939322471618652,1
FakeVideo-FakeAudio/Asian (South)/men/id00745/00165_id07165_wavtolip.npz,10.244215965270996,1
FakeVideo-FakeAudio/Asian (South)/men/id00745/00165_id07195_wXqfHGtaBn4_id00732_wavtolip.npz,10.131070137023926,1
FakeVideo-FakeAudio/Asian (South)/men/id00745/00165_id07210_wavtolip.npz,1.0811291933059692,1
FakeVideo-FakeAudio/Asian (South)/men/id00745/00165_id08314_wavtolip.npz,10.1384916305542,1
FakeVideo-FakeAudio/Asian (South)/men/id07161/00159_id00082_wavtolip.npz,5.948030471801758,1
FakeVideo-FakeAudio/Asian (South)/men/id07161/00159_id00103_wavtolip.npz,8.078275680541992,1
FakeVideo-FakeAudio/Asian (South)/men/id07161/00159_id00414_d3N2NrpGSp0_id04554_wavtolip.npz,9.762392044067383,1
FakeVideo-FakeAudio/Asian (South)/men/id07161/00159_id00459_wavtolip.npz,6.506913661956787,1
FakeVideo-FakeAudio/Asian (South)/men/id07161/00159_id00745_eODND1ul7vE_id03945_wavtolip.npz,10.566351890563965,1
FakeVideo-FakeAudio/Asian (South)/men/id07161/00159_id00816_wavtolip.npz,10.54022216796875,1
FakeVideo-FakeAudio/Asian (South)/men/id07161/00159_id03344_vyNnOo6lU0o_id00103_wavtolip.npz,8.074394226074219,1
FakeVideo-FakeAudio/Asian (South)/men/id07161/00159_id04601_x4Apx8z6nOg_id04601_wavtolip.npz,9.10754108428955,1
FakeVideo-FakeAudio/Asian (South)/men/id07161/00159_id04928_wavtolip.npz,10.38100814819336,1
FakeVideo-FakeAudio/Asian (South)/men/id07161/00159_id06354_PmWLmcJNUhM_id00685_wavtolip.npz,11.001193046569824,1
FakeVideo-FakeAudio/Asian (South)/men/id07161/00159_id06355_wavtolip.npz,9.142435073852539,1
FakeVideo-FakeAudio/Asian (South)/men/id07161/00159_id07108_qwfQPcvjGRY_id07195_wavtolip.npz,2.3192059993743896,1
FakeVideo-FakeAudio/Asian (South)/men/id07161/00159_id07165_wavtolip.npz,10.63413143157959,1
FakeVideo-FakeAudio/Asian (South)/men/id07161/00159_id07194_NDJaiff98Fo_id07161_wavtolip.npz,9.478689193725586,1
FakeVideo-FakeAudio/Asian (South)/men/id07161/00159_id07195_wXqfHGtaBn4_faceswap_id00103_wavtolip.npz,8.113972663879395,1
FakeVideo-FakeAudio/Asian (South)/men/id07161/00159_id07195_wXqfHGtaBn4_faceswap_id00732_wavtolip.npz,10.319246292114258,1
FakeVideo-FakeAudio/Asian (South)/men/id07161/00159_id07195_wXqfHGtaBn4_faceswap_id06355_wavtolip.npz,8.774650573730469,1
FakeVideo-FakeAudio/Asian (South)/men/id07161/00159_id07195_wXqfHGtaBn4_faceswap_id07179_wavtolip.npz,-1.6699960231781006,1
FakeVideo-FakeAudio/Asian (South)/men/id07161/00159_id07195_wXqfHGtaBn4_faceswap_id07200_wavtolip.npz,9.897192001342773,1
FakeVideo-FakeAudio/Asian (South)/men/id07161/00159_id07195_wXqfHGtaBn4_id04526_wavtolip.npz,10.277884483337402,1
FakeVideo-FakeAudio/Asian (South)/men/id07161/00159_id07195_wavtolip.npz,2.2791242599487305,1
FakeVideo-FakeAudio/Asian (South)/men/id07161/00159_id08314_wavtolip.npz,10.427614212036133,1
FakeVideo-FakeAudio/Asian (South)/men/id04561/00248_id00033_gduDuRWhnlQ_id00032_wavtolip.npz,9.126920700073242,1
FakeVideo-FakeAudio/Asian (South)/men/id04561/00248_id00078_wavtolip.npz,-0.46323198080062866,1
FakeVideo-FakeAudio/Asian (South)/men/id04561/00248_id00103_qpTVaP4y5DQ_id04928_wavtolip.npz,9.821950912475586,1
FakeVideo-FakeAudio/Asian (South)/men/id04561/00248_id00769_BqHVSZdoVpM_id00773_wavtolip.npz,9.390921592712402,1
FakeVideo-FakeAudio/Asian (South)/men/id04561/00248_id00773_2j3lUETJ57I_id08313_wavtolip.npz,8.739498138427734,1
FakeVideo-FakeAudio/Asian (South)/men/id04561/00248_id00857_yJ7bbvwL4kU_id07768_wavtolip.npz,2.946146249771118,1
FakeVideo-FakeAudio/Asian (South)/men/id04561/00248_id03344_vyNnOo6lU0o_id00816_wavtolip.npz,10.639126777648926,1
FakeVideo-FakeAudio/Asian (South)/men/id04561/00248_id03945_wavtolip.npz,10.48872184753418,1
FakeVideo-FakeAudio/Asian (South)/men/id04561/00248_id04562_wavtolip.npz,9.918610572814941,1
FakeVideo-FakeAudio/Asian (South)/men/id04561/00248_id04599_wavtolip.npz,8.101053237915039,1
FakeVideo-FakeAudio/Asian (South)/men/id04561/00248_id04601_wavtolip.npz,9.141263961791992,1
FakeVideo-FakeAudio/Asian (South)/men/id04561/00248_id06753_wavtolip.npz,-0.7701663970947266,1
FakeVideo-FakeAudio/Asian (South)/men/id04561/00248_id07163_wavtolip.npz,7.944817543029785,1
FakeVideo-FakeAudio/Asian (South)/men/id04561/00248_id07233_wavtolip.npz,8.792577743530273,1
FakeVideo-FakeAudio/Asian (South)/men/id04561/00248_id07768_wavtolip.npz,3.044426441192627,1
FakeVideo-FakeAudio/Asian (South)/men/id07463/00028_id00032_wavtolip.npz,1.3928232192993164,1
FakeVideo-FakeAudio/Asian (South)/men/id07463/00028_id00033_wavtolip.npz,8.984505653381348,1
FakeVideo-FakeAudio/Asian (South)/men/id07463/00028_id00414_wavtolip.npz,9.057528495788574,1
FakeVideo-FakeAudio/Asian (South)/men/id07463/00028_id00745_wavtolip.npz,10.219944953918457,1
FakeVideo-FakeAudio/Asian (South)/men/id07463/00028_id00769_wavtolip.npz,8.858965873718262,1
FakeVideo-FakeAudio/Asian (South)/men/id07463/00028_id00773_2j3lUETJ57I_id00033_wavtolip.npz,9.040792465209961,1
FakeVideo-FakeAudio/Asian (South)/men/id07463/00028_id03180_6wNTK7NkOd8_id04560_wavtolip.npz,8.846485137939453,1
FakeVideo-FakeAudio/Asian (South)/men/id07463/00028_id03599_y27BDmRUqMQ_id03599_wavtolip.npz,7.660789489746094,1
FakeVideo-FakeAudio/Asian (South)/men/id07463/00028_id04562_qio_Gs7wjvY_faceswap_id00773_wavtolip.npz,9.379764556884766,1
FakeVideo-FakeAudio/Asian (South)/men/id07463/00028_id04562_qio_Gs7wjvY_faceswap_id00860_wavtolip.npz,9.3993501663208,1
FakeVideo-FakeAudio/Asian (South)/men/id07463/00028_id04562_qio_Gs7wjvY_faceswap_id07058_wavtolip.npz,9.218546867370605,1
FakeVideo-FakeAudio/Asian (South)/men/id07463/00028_id04562_qio_Gs7wjvY_faceswap_id07233_wavtolip.npz,9.747319221496582,1
FakeVideo-FakeAudio/Asian (South)/men/id07463/00028_id04562_qio_Gs7wjvY_faceswap_id08313_wavtolip.npz,9.044351577758789,1
FakeVideo-FakeAudio/Asian (South)/men/id07463/00028_id04562_qio_Gs7wjvY_id04554_wavtolip.npz,9.988970756530762,1
FakeVideo-FakeAudio/Asian (South)/men/id07463/00028_id04599_wavtolip.npz,8.899724960327148,1
FakeVideo-FakeAudio/Asian (South)/men/id07463/00028_id06753_wavtolip.npz,-0.35634079575538635,1
FakeVideo-FakeAudio/Asian (South)/men/id07463/00028_id07182_717IRon_OIQ_id07179_wavtolip.npz,5.8472418785095215,1
FakeVideo-FakeAudio/Asian (South)/men/id07463/00028_id07182_wavtolip.npz,9.354612350463867,1
FakeVideo-FakeAudio/Asian (South)/men/id07463/00028_id07194_NDJaiff98Fo_id00732_wavtolip.npz,4.300963878631592,1
FakeVideo-FakeAudio/Asian (South)/men/id07463/00028_id07768_wavtolip.npz,10.003654479980469,1
FakeVideo-FakeAudio/Asian (South)/men/id07182/00040_id00032_AQMDc6SKNXs_id04526_wavtolip.npz,10.371094703674316,1
FakeVideo-FakeAudio/Asian (South)/men/id07182/00040_id00103_qpTVaP4y5DQ_id00773_wavtolip.npz,9.401144027709961,1
FakeVideo-FakeAudio/Asian (South)/men/id07182/00040_id00732_amGRpH0AJCs_id00032_wavtolip.npz,9.816198348999023,1
FakeVideo-FakeAudio/Asian (South)/men/id07182/00040_id00769_wavtolip.npz,8.498024940490723,1
FakeVideo-FakeAudio/Asian (South)/men/id07182/00040_id03180_wavtolip.npz,10.556114196777344,1
FakeVideo-FakeAudio/Asian (South)/men/id07182/00040_id03344_wavtolip.npz,-0.6759791970252991,1
FakeVideo-FakeAudio/Asian (South)/men/id07182/00040_id04537_wavtolip.npz,9.736660957336426,1
FakeVideo-FakeAudio/Asian (South)/men/id07182/00040_id04562_qio_Gs7wjvY_faceswap_id00078_wavtolip.npz,0.8368831872940063,1
FakeVideo-FakeAudio/Asian (South)/men/id07182/00040_id04562_qio_Gs7wjvY_faceswap_id00860_wavtolip.npz,9.424325942993164,1
FakeVideo-FakeAudio/Asian (South)/men/id07182/00040_id04562_qio_Gs7wjvY_faceswap_id03945_wavtolip.npz,10.346352577209473,1
FakeVideo-FakeAudio/Asian (South)/men/id07182/00040_id04562_qio_Gs7wjvY_faceswap_id07463_wavtolip.npz,7.209608554840088,1
FakeVideo-FakeAudio/Asian (South)/men/id07182/00040_id04562_qio_Gs7wjvY_faceswap_id08457_wavtolip.npz,5.5120015144348145,1
FakeVideo-FakeAudio/Asian (South)/men/id07182/00040_id04562_qio_Gs7wjvY_id00773_wavtolip.npz,9.341092109680176,1
FakeVideo-FakeAudio/Asian (South)/men/id07182/00040_id04599_wavtolip.npz,7.944628715515137,1
FakeVideo-FakeAudio/Asian (South)/men/id07182/00040_id06753_wavtolip.npz,-0.44691938161849976,1
FakeVideo-FakeAudio/Asian (South)/men/id07182/00040_id07058_wavtolip.npz,9.246651649475098,1
FakeVideo-FakeAudio/Asian (South)/men/id07182/00040_id07163_wavtolip.npz,7.957475662231445,1
FakeVideo-FakeAudio/Asian (South)/men/id07182/00040_id07194_NDJaiff98Fo_id07161_wavtolip.npz,9.656755447387695,1
FakeVideo-FakeAudio/Asian (South)/men/id07182/00040_id07463_AAYjDglMf2Q_id07768_wavtolip.npz,2.7658815383911133,1
FakeVideo-FakeAudio/Asian (South)/men/id07182/00040_id08314_wavtolip.npz,10.048393249511719,1
FakeVideo-FakeAudio/Asian (South)/men/id07182/00040_id08457_vFyjAJwQulM_id07210_wavtolip.npz,1.054376244544983,1
FakeVideo-FakeAudio/Asian (South)/men/id00459/00382_id00032_wavtolip.npz,1.5028187036514282,1
FakeVideo-FakeAudio/Asian (South)/men/id00459/00382_id00414_wavtolip.npz,8.987932205200195,1
FakeVideo-FakeAudio/Asian (South)/men/id00459/00382_id00769_BqHVSZdoVpM_faceswap_id03344_wavtolip.npz,6.828782558441162,1
FakeVideo-FakeAudio/Asian (South)/men/id00459/00382_id00769_BqHVSZdoVpM_faceswap_id04554_wavtolip.npz,10.42170524597168,1
FakeVideo-FakeAudio/Asian (South)/men/id00459/00382_id00769_BqHVSZdoVpM_faceswap_id04560_wavtolip.npz,9.203146934509277,1
FakeVideo-FakeAudio/Asian (South)/men/id00459/00382_id00769_BqHVSZdoVpM_faceswap_id07195_wavtolip.npz,5.7825469970703125,1
FakeVideo-FakeAudio/Asian (South)/men/id00459/00382_id00769_BqHVSZdoVpM_faceswap_id08457_wavtolip.npz,6.3369903564453125,1
FakeVideo-FakeAudio/Asian (South)/men/id00459/00382_id00769_BqHVSZdoVpM_id00082_wavtolip.npz,8.822673797607422,1
FakeVideo-FakeAudio/Asian (South)/men/id00459/00382_id00816_wavtolip.npz,9.407097816467285,1
FakeVideo-FakeAudio/Asian (South)/men/id00459/00382_id00857_wavtolip.npz,4.957746505737305,1
FakeVideo-FakeAudio/Asian (South)/men/id00459/00382_id03344_vyNnOo6lU0o_id07161_wavtolip.npz,9.610179901123047,1
FakeVideo-FakeAudio/Asian (South)/men/id00459/00382_id04562_wavtolip.npz,10.044588088989258,1
FakeVideo-FakeAudio/Asian (South)/men/id00459/00382_id06354_PmWLmcJNUhM_id03945_wavtolip.npz,10.030980110168457,1
FakeVideo-FakeAudio/Asian (South)/men/id00459/00382_id06355_wavtolip.npz,8.302122116088867,1
FakeVideo-FakeAudio/Asian (South)/men/id00459/00382_id07108_qwfQPcvjGRY_id00082_wavtolip.npz,8.737859725952148,1
FakeVideo-FakeAudio/Asian (South)/men/id00459/00382_id07161_wavtolip.npz,9.35258960723877,1
FakeVideo-FakeAudio/Asian (South)/men/id00459/00382_id07165_oJ_iy16IBTM_id00459_wavtolip.npz,6.8343610763549805,1
FakeVideo-FakeAudio/Asian (South)/men/id00459/00382_id07194_NDJaiff98Fo_id04560_wavtolip.npz,9.542276382446289,1
FakeVideo-FakeAudio/Asian (South)/men/id00459/00382_id07195_wavtolip.npz,5.701649188995361,1
FakeVideo-FakeAudio/Asian (South)/men/id00459/00382_id07200_quCElxMhW6g_id00685_wavtolip.npz,7.890832424163818,1
FakeVideo-FakeAudio/Asian (South)/men/id00459/00382_id07210_wavtolip.npz,8.459574699401855,1
FakeVideo-FakeAudio/Asian (South)/men/id04928/00027_id00032_AQMDc6SKNXs_id00816_wavtolip.npz,9.415217399597168,1
FakeVideo-FakeAudio/Asian (South)/men/id04928/00027_id00033_gduDuRWhnlQ_id00857_wavtolip.npz,4.9315385818481445,1
FakeVideo-FakeAudio/Asian (South)/men/id04928/00027_id00350_75IFJNFAMIM_id07768_wavtolip.npz,9.941150665283203,1
FakeVideo-FakeAudio/Asian (South)/men/id04928/00027_id00414_wavtolip.npz,8.881871223449707,1
FakeVideo-FakeAudio/Asian (South)/men/id04928/00027_id00685_wavtolip.npz,10.048073768615723,1
FakeVideo-FakeAudio/Asian (South)/men/id04928/00027_id00732_amGRpH0AJCs_id04601_wavtolip.npz,9.047351837158203,1
FakeVideo-FakeAudio/Asian (South)/men/id04928/00027_id00769_wavtolip.npz,8.762139320373535,1
FakeVideo-FakeAudio/Asian (South)/men/id04928/00027_id00816_wavtolip.npz,9.46595287322998,1
FakeVideo-FakeAudio/Asian (South)/men/id04928/00027_id03344_vyNnOo6lU0o_id04928_wavtolip.npz,9.757174491882324,1
FakeVideo-FakeAudio/Asian (South)/men/id04928/00027_id03945_wavtolip.npz,10.277498245239258,1
FakeVideo-FakeAudio/Asian (South)/men/id04928/00027_id04537_wavtolip.npz,9.713004112243652,1
FakeVideo-FakeAudio/Asian (South)/men/id04928/00027_id04560_RlpdjaEmxXQ_faceswap_id04560_wavtolip.npz,9.172388076782227,1
FakeVideo-FakeAudio/Asian (South)/men/id04928/00027_id04560_RlpdjaEmxXQ_faceswap_id04599_wavtolip.npz,8.525351524353027,1
FakeVideo-FakeAudio/Asian (South)/men/id04928/00027_id04560_RlpdjaEmxXQ_faceswap_id04928_wavtolip.npz,9.770833969116211,1
FakeVideo-FakeAudio/Asian (South)/men/id04928/00027_id04560_RlpdjaEmxXQ_faceswap_id08313_wavtolip.npz,8.953700065612793,1
FakeVideo-FakeAudio/Asian (South)/men/id04928/00027_id04560_RlpdjaEmxXQ_id07194_wavtolip.npz,6.606025695800781,1
FakeVideo-FakeAudio/Asian (South)/men/id04928/00027_id04560_wavtolip.npz,9.325084686279297,1
FakeVideo-FakeAudio/Asian (South)/men/id04928/00027_id06355_wavtolip.npz,8.672489166259766,1
FakeVideo-FakeAudio/Asian (South)/men/id04928/00027_id07210_wavtolip.npz,8.794000625610352,1
FakeVideo-FakeAudio/Asian (South)/men/id04928/00027_id07768_wavtolip.npz,10.030143737792969,1
FakeVideo-FakeAudio/Asian (South)/men/id04928/00027_id08457_vFyjAJwQulM_id07182_wavtolip.npz,9.585622787475586,1
FakeVideo-FakeAudio/Asian (South)/men/id00032/00028_0_id00860_wavtolip.npz,9.364985466003418,1
FakeVideo-FakeAudio/Asian (South)/men/id00032/00028_0_id04601_wavtolip.npz,8.982868194580078,1
FakeVideo-FakeAudio/Asian (South)/men/id00032/00028_0_id06355_wavtolip.npz,8.309877395629883,1
FakeVideo-FakeAudio/Asian (South)/men/id00032/00028_0_id07108_wavtolip.npz,8.3146333694458,1
FakeVideo-FakeAudio/Asian (South)/men/id00032/00028_0_id07463_wavtolip.npz,7.633991241455078,1
FakeVideo-FakeAudio/Asian (South)/men/id00032/00028_1_id04601_wavtolip.npz,9.015152931213379,1
FakeVideo-FakeAudio/Asian (South)/men/id00032/00028_1_id06354_wavtolip.npz,10.623574256896973,1
FakeVideo-FakeAudio/Asian (South)/men/id00032/00028_1_id07108_wavtolip.npz,9.74060344696045,1
FakeVideo-FakeAudio/Asian (South)/men/id00032/00028_1_id07463_wavtolip.npz,7.729939937591553,1
FakeVideo-FakeAudio/Asian (South)/men/id00032/00028_2_id03599_wavtolip.npz,6.039489269256592,1
FakeVideo-FakeAudio/Asian (South)/men/id00032/00028_2_id04537_wavtolip.npz,9.600834846496582,1
FakeVideo-FakeAudio/Asian (South)/men/id00032/00028_2_id04554_wavtolip.npz,9.624309539794922,1
FakeVideo-FakeAudio/Asian (South)/men/id00032/00028_2_id07179_wavtolip.npz,5.7330169677734375,1
FakeVideo-FakeAudio/Asian (South)/men/id00032/00028_3_id00769_wavtolip.npz,8.663016319274902,1
FakeVideo-FakeAudio/Asian (South)/men/id00032/00028_3_id00860_wavtolip.npz,9.253253936767578,1
FakeVideo-FakeAudio/Asian (South)/men/id00032/00028_3_id03180_wavtolip.npz,10.354816436767578,1
FakeVideo-FakeAudio/Asian (South)/men/id00032/00028_3_id03344_wavtolip.npz,6.7604146003723145,1
FakeVideo-FakeAudio/Asian (South)/men/id00032/00028_3_id07768_wavtolip.npz,9.770462036132812,1
FakeVideo-FakeAudio/Asian (South)/men/id00032/00028_id00033_gduDuRWhnlQ_id00082_wavtolip.npz,4.376986026763916,1
FakeVideo-FakeAudio/Asian (South)/men/id00032/00028_id00033_wavtolip.npz,9.023666381835938,1
FakeVideo-FakeAudio/Asian (South)/men/id00032/00028_id00745_eODND1ul7vE_id07179_wavtolip.npz,5.909130573272705,1
FakeVideo-FakeAudio/Asian (South)/men/id00032/00028_id00769_BqHVSZdoVpM_id00732_wavtolip.npz,4.2435503005981445,1
FakeVideo-FakeAudio/Asian (South)/men/id00032/00028_id00816_wavtolip.npz,9.900564193725586,1
FakeVideo-FakeAudio/Asian (South)/men/id00032/00028_id00860_wavtolip.npz,9.86479377746582,1
FakeVideo-FakeAudio/Asian (South)/men/id00032/00028_id03344_vyNnOo6lU0o_id00459_wavtolip.npz,7.895796298980713,1
FakeVideo-FakeAudio/Asian (South)/men/id00032/00028_id04560_RlpdjaEmxXQ_id00032_wavtolip.npz,10.162025451660156,1
FakeVideo-FakeAudio/Asian (South)/men/id00032/00028_id04562_wavtolip.npz,10.607837677001953,1
FakeVideo-FakeAudio/Asian (South)/men/id00032/00028_id04599_Q60DPi5Nhmk_id03945_wavtolip.npz,10.221851348876953,1
FakeVideo-FakeAudio/Asian (South)/men/id00032/00028_id04928_wavtolip.npz,9.827122688293457,1
FakeVideo-FakeAudio/Asian (South)/men/id00032/00028_id06354_PmWLmcJNUhM_id07058_wavtolip.npz,9.349658012390137,1
FakeVideo-FakeAudio/Asian (South)/men/id00032/00028_id07058_wavtolip.npz,9.58128547668457,1
FakeVideo-FakeAudio/Asian (South)/men/id00032/00028_id07194_NDJaiff98Fo_id00745_wavtolip.npz,10.557738304138184,1
FakeVideo-FakeAudio/Asian (South)/men/id00032/00028_id07194_wavtolip.npz,6.83279275894165,1
FakeVideo-FakeAudio/Asian (South)/men/id00032/00028_id07200_wavtolip.npz,9.707316398620605,1
FakeVideo-FakeAudio/Asian (South)/men/id00032/00028_id07768_wavtolip.npz,10.041625022888184,1
FakeVideo-FakeAudio/Asian (South)/women/id04070/00072_id01026_wavtolip.npz,8.832989692687988,1
FakeVideo-FakeAudio/Asian (South)/women/id04070/00072_id02310_wavtolip.npz,9.890746116638184,1
FakeVideo-FakeAudio/Asian (South)/women/id04070/00072_id02310_zA-8Pw0SvZg_id04583_wavtolip.npz,6.236559867858887,1
FakeVideo-FakeAudio/Asian (South)/women/id04070/00072_id03559_wavtolip.npz,10.046263694763184,1
FakeVideo-FakeAudio/Asian (South)/women/id04070/00072_id03897_wavtolip.npz,9.397337913513184,1
FakeVideo-FakeAudio/Asian (South)/women/id04070/00072_id04070_wavtolip.npz,9.169269561767578,1
FakeVideo-FakeAudio/Asian (South)/women/id04070/00072_id04927_wavtolip.npz,10.458219528198242,1
FakeVideo-FakeAudio/Asian (South)/women/id04070/00072_id05920_LuLTJu54joo_id03985_wavtolip.npz,8.943642616271973,1
FakeVideo-FakeAudio/Asian (South)/women/id04070/00072_id05931_wavtolip.npz,9.201937675476074,1
FakeVideo-FakeAudio/Asian (South)/women/id04070/00072_id06254_8VSfI86Fua4_id03897_wavtolip.npz,9.34402084350586,1
FakeVideo-FakeAudio/Asian (South)/women/id04070/00072_id06343__Tf30YR4M3w_id00739_wavtolip.npz,9.73878002166748,1
FakeVideo-FakeAudio/Asian (South)/women/id04070/00072_id06428_A9nvRKd1afA_id06254_wavtolip.npz,9.00462818145752,1
FakeVideo-FakeAudio/Asian (South)/women/id04070/00072_id06752_PYYIloTJiH0_id07049_wavtolip.npz,8.857381820678711,1
FakeVideo-FakeAudio/Asian (South)/women/id04070/00072_id07008_wavtolip.npz,9.61174201965332,1
FakeVideo-FakeAudio/Asian (South)/women/id04070/00072_id07051_wavtolip.npz,-0.291755348443985,1
FakeVideo-FakeAudio/Asian (South)/women/id04070/00072_id07078_sLVbTD3Dtgw_faceswap_id00488_wavtolip.npz,2.026252031326294,1
FakeVideo-FakeAudio/Asian (South)/women/id04070/00072_id07078_sLVbTD3Dtgw_faceswap_id03815_wavtolip.npz,8.026845932006836,1
FakeVideo-FakeAudio/Asian (South)/women/id04070/00072_id07078_sLVbTD3Dtgw_faceswap_id06428_wavtolip.npz,9.391828536987305,1
FakeVideo-FakeAudio/Asian (South)/women/id04070/00072_id07078_sLVbTD3Dtgw_faceswap_id07377_wavtolip.npz,10.598207473754883,1
FakeVideo-FakeAudio/Asian (South)/women/id04070/00072_id07078_sLVbTD3Dtgw_id06343_wavtolip.npz,8.72441291809082,1
FakeVideo-FakeAudio/Asian (South)/women/id04070/00072_id07236_wavtolip.npz,8.8497953414917,1
FakeVideo-FakeAudio/Asian (South)/women/id03985/00005_id00080_wavtolip.npz,6.380394458770752,1
FakeVideo-FakeAudio/Asian (South)/women/id03985/00005_id00149_s2evR-nUhVY_id06438_wavtolip.npz,8.808274269104004,1
FakeVideo-FakeAudio/Asian (South)/women/id03985/00005_id01026_rM4ZERt7oM0_id04490_wavtolip.npz,9.47791862487793,1
FakeVideo-FakeAudio/Asian (South)/women/id03985/00005_id02619_wavtolip.npz,8.70853328704834,1
FakeVideo-FakeAudio/Asian (South)/women/id03985/00005_id04070_wavtolip.npz,9.030962944030762,1
FakeVideo-FakeAudio/Asian (South)/women/id03985/00005_id04490_wavtolip.npz,9.05105972290039,1
FakeVideo-FakeAudio/Asian (South)/women/id03985/00005_id04529_S92uo-UShxE_id03815_wavtolip.npz,6.332840919494629,1
FakeVideo-FakeAudio/Asian (South)/women/id03985/00005_id04530_W5-PTTL9HzU_id06438_wavtolip.npz,8.890214920043945,1
FakeVideo-FakeAudio/Asian (South)/women/id03985/00005_id04564_wavtolip.npz,0.8136258721351624,1
FakeVideo-FakeAudio/Asian (South)/women/id03985/00005_id04583_wavtolip.npz,7.38776159286499,1
FakeVideo-FakeAudio/Asian (South)/women/id03985/00005_id04927_wavtolip.npz,10.561899185180664,1
FakeVideo-FakeAudio/Asian (South)/women/id03985/00005_id05845_wavtolip.npz,9.68713092803955,1
FakeVideo-FakeAudio/Asian (South)/women/id03985/00005_id06428_A9nvRKd1afA_id04582_wavtolip.npz,-0.47014883160591125,1
FakeVideo-FakeAudio/Asian (South)/women/id03985/00005_id06438_wavtolip.npz,8.709860801696777,1
FakeVideo-FakeAudio/Asian (South)/women/id03985/00005_id07051_d1c0Pl2aP_4_id05845_wavtolip.npz,9.812679290771484,1
FakeVideo-FakeAudio/Asian (South)/women/id03985/00005_id07051_wavtolip.npz,0.6774908900260925,1
FakeVideo-FakeAudio/Asian (South)/women/id03985/00005_id07377_FGNavKcGANA_id00235_wavtolip.npz,9.065092086791992,1
FakeVideo-FakeAudio/Asian (South)/women/id03985/00005_id07686_lwSGz24c1Bs_faceswap_id00149_wavtolip.npz,3.17329478263855,1
FakeVideo-FakeAudio/Asian (South)/women/id03985/00005_id07686_lwSGz24c1Bs_faceswap_id01026_wavtolip.npz,8.7277193069458,1
FakeVideo-FakeAudio/Asian (South)/women/id03985/00005_id07686_lwSGz24c1Bs_faceswap_id07049_wavtolip.npz,8.634917259216309,1
FakeVideo-FakeAudio/Asian (South)/women/id03985/00005_id07686_lwSGz24c1Bs_faceswap_id07689_wavtolip.npz,10.395490646362305,1
FakeVideo-FakeAudio/Asian (South)/women/id03985/00005_id07686_lwSGz24c1Bs_id04070_wavtolip.npz,9.140445709228516,1
FakeVideo-FakeAudio/Asian (South)/women/id00747/00053_id00235_F7aHtfdzytQ_id04070_wavtolip.npz,9.362754821777344,1
FakeVideo-FakeAudio/Asian (South)/women/id00747/00053_id00488_wavtolip.npz,6.703917503356934,1
FakeVideo-FakeAudio/Asian (South)/women/id00747/00053_id00739_wavtolip.npz,9.647995948791504,1
FakeVideo-FakeAudio/Asian (South)/women/id00747/00053_id02089_wavtolip.npz,9.25932788848877,1
FakeVideo-FakeAudio/Asian (South)/women/id00747/00053_id02310_zA-8Pw0SvZg_faceswap_id02619_wavtolip.npz,8.910124778747559,1
FakeVideo-FakeAudio/Asian (South)/women/id00747/00053_id02310_zA-8Pw0SvZg_faceswap_id06268_wavtolip.npz,9.055657386779785,1
FakeVideo-FakeAudio/Asian (South)/women/id00747/00053_id02310_zA-8Pw0SvZg_faceswap_id06437_wavtolip.npz,9.599259376525879,1
FakeVideo-FakeAudio/Asian (South)/women/id00747/00053_id02310_zA-8Pw0SvZg_faceswap_id06752_wavtolip.npz,6.604866981506348,1
FakeVideo-FakeAudio/Asian (South)/women/id00747/00053_id02310_zA-8Pw0SvZg_id06343_wavtolip.npz,8.945844650268555,1
FakeVideo-FakeAudio/Asian (South)/women/id00747/00053_id02619_6AKIR2gTCNU_id03559_wavtolip.npz,10.216357231140137,1
FakeVideo-FakeAudio/Asian (South)/women/id00747/00053_id04564_xUz03LwKRtQ_id07051_wavtolip.npz,8.963412284851074,1
FakeVideo-FakeAudio/Asian (South)/women/id00747/00053_id04582_Pm9dX-TxNx0_id04490_wavtolip.npz,9.157219886779785,1
FakeVideo-FakeAudio/Asian (South)/women/id00747/00053_id04582_wavtolip.npz,-0.552314817905426,1
FakeVideo-FakeAudio/Asian (South)/women/id00747/00053_id04583_wavtolip.npz,6.328705787658691,1
FakeVideo-FakeAudio/Asian (South)/women/id00747/00053_id04927_8MD618FRyfA_id04582_wavtolip.npz,-0.10669343173503876,1
FakeVideo-FakeAudio/Asian (South)/women/id00747/00053_id05845_wavtolip.npz,8.034196853637695,1
FakeVideo-FakeAudio/Asian (South)/women/id00747/00053_id06268_h9p-Na_iA1s_id07051_wavtolip.npz,9.395964622497559,1
FakeVideo-FakeAudio/Asian (South)/women/id00747/00053_id06343_wavtolip.npz,8.758106231689453,1
FakeVideo-FakeAudio/Asian (South)/women/id00747/00053_id06752_wavtolip.npz,6.67711067199707,1
FakeVideo-FakeAudio/Asian (South)/women/id00747/00053_id07049_wavtolip.npz,7.083496570587158,1
FakeVideo-FakeAudio/Asian (South)/women/id00747/00053_id07236_Fe0sdHw3sc4_id06343_wavtolip.npz,8.76758861541748,1
FakeVideo-FakeAudio/Asian (South)/women/id00747/00053_id07686_wavtolip.npz,8.084100723266602,1
FakeVideo-FakeAudio/Asian (South)/women/id07689/00028_1_id00235_wavtolip.npz,7.9479169845581055,1
FakeVideo-FakeAudio/Asian (South)/women/id07689/00028_1_id03897_wavtolip.npz,9.308034896850586,1
FakeVideo-FakeAudio/Asian (South)/women/id07689/00028_1_id04582_wavtolip.npz,9.788045883178711,1
FakeVideo-FakeAudio/Asian (South)/women/id07689/00028_1_id05435_wavtolip.npz,9.20278549194336,1
FakeVideo-FakeAudio/Asian (South)/women/id07689/00028_1_id07136_wavtolip.npz,9.26546859741211,1
FakeVideo-FakeAudio/Asian (South)/women/id07689/00028_2_id00043_wavtolip.npz,-3.4516444206237793,1
FakeVideo-FakeAudio/Asian (South)/women/id07689/00028_2_id03559_wavtolip.npz,9.770163536071777,1
FakeVideo-FakeAudio/Asian (South)/women/id07689/00028_2_id05435_wavtolip.npz,9.220932960510254,1
FakeVideo-FakeAudio/Asian (South)/women/id07689/00028_2_id06439_wavtolip.npz,-1.0292291641235352,1
FakeVideo-FakeAudio/Asian (South)/women/id07689/00028_2_id07686_wavtolip.npz,9.420804977416992,1
FakeVideo-FakeAudio/Asian (South)/women/id07689/00028_3_id00235_wavtolip.npz,8.185924530029297,1
FakeVideo-FakeAudio/Asian (South)/women/id07689/00028_3_id04564_wavtolip.npz,9.841310501098633,1
FakeVideo-FakeAudio/Asian (South)/women/id07689/00028_3_id06438_wavtolip.npz,8.641578674316406,1
FakeVideo-FakeAudio/Asian (South)/women/id07689/00028_3_id07686_wavtolip.npz,8.064603805541992,1
FakeVideo-FakeAudio/Asian (South)/women/id07689/00028_3_id07689_wavtolip.npz,-0.3813096284866333,1
FakeVideo-FakeAudio/Asian (South)/women/id07689/00028_id00747_wavtolip.npz,8.52698802947998,1
FakeVideo-FakeAudio/Asian (South)/women/id07689/00028_id02310_wavtolip.npz,10.343839645385742,1
FakeVideo-FakeAudio/Asian (South)/women/id07689/00028_id03985_01aVtyjfVFM_faceswap_id04529_wavtolip.npz,9.104515075683594,1
FakeVideo-FakeAudio/Asian (South)/women/id07689/00028_id03985_01aVtyjfVFM_faceswap_id06254_wavtolip.npz,8.844100952148438,1
FakeVideo-FakeAudio/Asian (South)/women/id07689/00028_id03985_01aVtyjfVFM_faceswap_id06343_wavtolip.npz,8.626566886901855,1
FakeVideo-FakeAudio/Asian (South)/women/id07689/00028_id03985_01aVtyjfVFM_faceswap_id06437_wavtolip.npz,9.36508846282959,1
FakeVideo-FakeAudio/Asian (South)/women/id07689/00028_id03985_01aVtyjfVFM_faceswap_id07236_wavtolip.npz,8.727944374084473,1
FakeVideo-FakeAudio/Asian (South)/women/id07689/00028_id03985_01aVtyjfVFM_id06438_wavtolip.npz,8.689115524291992,1
FakeVideo-FakeAudio/Asian (South)/women/id07689/00028_id04070_wavtolip.npz,9.196478843688965,1
FakeVideo-FakeAudio/Asian (South)/women/id07689/00028_id04530_wavtolip.npz,5.6584153175354,1
FakeVideo-FakeAudio/Asian (South)/women/id07689/00028_id05434_6p7kCmdOjDQ_id06428_wavtolip.npz,9.773097038269043,1
FakeVideo-FakeAudio/Asian (South)/women/id07689/00028_id05435_OvX-Jv_whcU_id05435_wavtolip.npz,9.378949165344238,1
FakeVideo-FakeAudio/Asian (South)/women/id07689/00028_id05845_XfMHm6CEwPw_id06232_wavtolip.npz,6.960394382476807,1
FakeVideo-FakeAudio/Asian (South)/women/id07689/00028_id05920_LuLTJu54joo_id07051_wavtolip.npz,0.5184488296508789,1
FakeVideo-FakeAudio/Asian (South)/women/id07689/00028_id06254_wavtolip.npz,8.940319061279297,1
FakeVideo-FakeAudio/Asian (South)/women/id07689/00028_id06343_wavtolip.npz,8.637322425842285,1
FakeVideo-FakeAudio/Asian (South)/women/id07689/00028_id06438_vf3xBVgYqYA_id06232_wavtolip.npz,6.913852691650391,1
FakeVideo-FakeAudio/Asian (South)/women/id07689/00028_id07008_wavtolip.npz,9.82628345489502,1
FakeVideo-FakeAudio/Asian (South)/women/id07689/00028_id07136_4e43eS5p3_M_id04582_wavtolip.npz,-1.4020702838897705,1
FakeVideo-FakeAudio/Asian (South)/women/id07689/00028_id07377_wavtolip.npz,10.827223777770996,1
FakeVideo-FakeAudio/Asian (South)/women/id07689/00028_id07686_wavtolip.npz,8.110199928283691,1
FakeVideo-FakeAudio/Asian (South)/women/id05920/00161_id00461_wavtolip.npz,10.599668502807617,1
FakeVideo-FakeAudio/Asian (South)/women/id05920/00161_id00488_wavtolip.npz,2.1689252853393555,1
FakeVideo-FakeAudio/Asian (South)/women/id05920/00161_id02089_wavtolip.npz,7.688660144805908,1
FakeVideo-FakeAudio/Asian (South)/women/id05920/00161_id03559_wavtolip.npz,10.06449031829834,1
FakeVideo-FakeAudio/Asian (South)/women/id05920/00161_id04927_8MD618FRyfA_id04070_wavtolip.npz,9.172327041625977,1
FakeVideo-FakeAudio/Asian (South)/women/id05920/00161_id05478_wavtolip.npz,9.029479026794434,1
FakeVideo-FakeAudio/Asian (South)/women/id05920/00161_id05845_XfMHm6CEwPw_faceswap_id00043_wavtolip.npz,4.52279806137085,1
FakeVideo-FakeAudio/Asian (South)/women/id05920/00161_id05845_XfMHm6CEwPw_faceswap_id00747_wavtolip.npz,7.94151496887207,1
FakeVideo-FakeAudio/Asian (South)/women/id05920/00161_id05845_XfMHm6CEwPw_faceswap_id05845_wavtolip.npz,10.299925804138184,1
FakeVideo-FakeAudio/Asian (South)/women/id05920/00161_id05845_XfMHm6CEwPw_faceswap_id06439_wavtolip.npz,8.41114330291748,1
FakeVideo-FakeAudio/Asian (South)/women/id05920/00161_id05845_XfMHm6CEwPw_faceswap_id06752_wavtolip.npz,4.06739616394043,1
FakeVideo-FakeAudio/Asian (South)/women/id05920/00161_id05845_XfMHm6CEwPw_id04070_wavtolip.npz,8.958539009094238,1
FakeVideo-FakeAudio/Asian (South)/women/id05920/00161_id05931_bFqu86NV3hk_id07051_wavtolip.npz,-0.07703810930252075,1
FakeVideo-FakeAudio/Asian (South)/women/id05920/00161_id06428_A9nvRKd1afA_id00739_wavtolip.npz,10.035035133361816,1
FakeVideo-FakeAudio/Asian (South)/women/id05920/00161_id06437_wavtolip.npz,9.844791412353516,1
FakeVideo-FakeAudio/Asian (South)/women/id05920/00161_id06438_wavtolip.npz,8.85108470916748,1
FakeVideo-FakeAudio/Asian (South)/women/id05920/00161_id07008_wavtolip.npz,9.974868774414062,1
FakeVideo-FakeAudio/Asian (South)/women/id05920/00161_id07049_BiljgZcyWI4_id07689_wavtolip.npz,10.814932823181152,1
FakeVideo-FakeAudio/Asian (South)/women/id05920/00161_id07049_wavtolip.npz,9.081144332885742,1
FakeVideo-FakeAudio/Asian (South)/women/id05920/00161_id07078_sLVbTD3Dtgw_id06232_wavtolip.npz,7.2284016609191895,1
FakeVideo-FakeAudio/Asian (South)/women/id05920/00161_id07377_FGNavKcGANA_id06343_wavtolip.npz,8.807191848754883,1
FakeVideo-FakeAudio/Asian (South)/women/id05920/00161_id07689_2ie0g83JkgA_id00747_wavtolip.npz,7.609167098999023,1
FakeVideo-FakeAudio/Asian (South)/women/id06254/00043_id00417_GhIZam3v09g_id06437_wavtolip.npz,9.5338134765625,1
FakeVideo-FakeAudio/Asian (South)/women/id06254/00043_id00488_wavtolip.npz,2.3493380546569824,1
FakeVideo-FakeAudio/Asian (South)/women/id06254/00043_id00747_wavtolip.npz,7.0649285316467285,1
FakeVideo-FakeAudio/Asian (South)/women/id06254/00043_id02310_wavtolip.npz,6.094062328338623,1
FakeVideo-FakeAudio/Asian (South)/women/id06254/00043_id03559_wavtolip.npz,9.957784652709961,1
FakeVideo-FakeAudio/Asian (South)/women/id06254/00043_id04529_wavtolip.npz,8.959332466125488,1
FakeVideo-FakeAudio/Asian (South)/women/id06254/00043_id04530_wavtolip.npz,8.295597076416016,1
FakeVideo-FakeAudio/Asian (South)/women/id06254/00043_id04564_xUz03LwKRtQ_id00739_wavtolip.npz,9.573057174682617,1
FakeVideo-FakeAudio/Asian (South)/women/id06254/00043_id04582_Pm9dX-TxNx0_id05920_wavtolip.npz,8.427486419677734,1
FakeVideo-FakeAudio/Asian (South)/women/id06254/00043_id04927_wavtolip.npz,10.536266326904297,1
FakeVideo-FakeAudio/Asian (South)/women/id06254/00043_id05845_XfMHm6CEwPw_id06232_wavtolip.npz,6.830295085906982,1
FakeVideo-FakeAudio/Asian (South)/women/id06254/00043_id05931_bFqu86NV3hk_faceswap_id00043_wavtolip.npz,4.139908790588379,1
FakeVideo-FakeAudio/Asian (South)/women/id06254/00043_id05931_bFqu86NV3hk_faceswap_id04530_wavtolip.npz,8.407010078430176,1
FakeVideo-FakeAudio/Asian (South)/women/id06254/00043_id05931_bFqu86NV3hk_faceswap_id05435_wavtolip.npz,9.347861289978027,1
FakeVideo-FakeAudio/Asian (South)/women/id06254/00043_id05931_bFqu86NV3hk_faceswap_id05920_wavtolip.npz,8.501812934875488,1
FakeVideo-FakeAudio/Asian (South)/women/id06254/00043_id05931_bFqu86NV3hk_faceswap_id06428_wavtolip.npz,9.909815788269043,1
FakeVideo-FakeAudio/Asian (South)/women/id06254/00043_id05931_bFqu86NV3hk_id00417_wavtolip.npz,5.4071807861328125,1
FakeVideo-FakeAudio/Asian (South)/women/id06254/00043_id06343_wavtolip.npz,8.646803855895996,1
FakeVideo-FakeAudio/Asian (South)/women/id06254/00043_id06428_wavtolip.npz,9.573814392089844,1
FakeVideo-FakeAudio/Asian (South)/women/id06254/00043_id06439_wavtolip.npz,8.184642791748047,1
FakeVideo-FakeAudio/Asian (South)/women/id06254/00043_id07136_4e43eS5p3_M_id06254_wavtolip.npz,9.594520568847656,1
FakeVideo-FakeAudio/Asian (South)/women/id06254/00043_id07236_Fe0sdHw3sc4_id00235_wavtolip.npz,9.07693099975586,1
FakeVideo-FakeAudio/Asian (South)/women/id00417/00069_id00235_F7aHtfdzytQ_id06752_wavtolip.npz,4.286875247955322,1
FakeVideo-FakeAudio/Asian (South)/women/id00417/00069_id00461_wavtolip.npz,10.772116661071777,1
FakeVideo-FakeAudio/Asian (South)/women/id00417/00069_id00488_wavtolip.npz,4.984218597412109,1
FakeVideo-FakeAudio/Asian (South)/women/id00417/00069_id00739_CT-6UmfLiU0_faceswap_id04490_wavtolip.npz,9.239171981811523,1
FakeVideo-FakeAudio/Asian (South)/women/id00417/00069_id00739_CT-6UmfLiU0_faceswap_id04564_wavtolip.npz,-1.0263851881027222,1
FakeVideo-FakeAudio/Asian (South)/women/id00417/00069_id00739_CT-6UmfLiU0_faceswap_id05435_wavtolip.npz,9.306346893310547,1
FakeVideo-FakeAudio/Asian (South)/women/id00417/00069_id00739_CT-6UmfLiU0_id06439_wavtolip.npz,8.25820255279541,1
FakeVideo-FakeAudio/Asian (South)/women/id00417/00069_id00747_wavtolip.npz,9.154035568237305,1
FakeVideo-FakeAudio/Asian (South)/women/id00417/00069_id01026_wavtolip.npz,8.752602577209473,1
FakeVideo-FakeAudio/Asian (South)/women/id00417/00069_id03559_pgetxl1qbzM_id04529_wavtolip.npz,10.11242389678955,1
FakeVideo-FakeAudio/Asian (South)/women/id00417/00069_id04529_wavtolip.npz,10.056736946105957,1
FakeVideo-FakeAudio/Asian (South)/women/id00417/00069_id04530_W5-PTTL9HzU_id07049_wavtolip.npz,8.836443901062012,1
FakeVideo-FakeAudio/Asian (South)/women/id00417/00069_id04582_wavtolip.npz,-1.6102385520935059,1
FakeVideo-FakeAudio/Asian (South)/women/id00417/00069_id04583_M10zZFjuAb0_id06343_wavtolip.npz,8.861823081970215,1
FakeVideo-FakeAudio/Asian (South)/women/id00417/00069_id05434_6p7kCmdOjDQ_id07008_wavtolip.npz,10.222773551940918,1
FakeVideo-FakeAudio/Asian (South)/women/id00417/00069_id05478_VJkjRzPt-Jw_id02619_wavtolip.npz,9.122478485107422,1
FakeVideo-FakeAudio/Asian (South)/women/id00417/00069_id05845_XfMHm6CEwPw_id01026_wavtolip.npz,8.687413215637207,1
FakeVideo-FakeAudio/Asian (South)/women/id00417/00069_id06254_wavtolip.npz,9.857206344604492,1
FakeVideo-FakeAudio/Asian (South)/women/id00417/00069_id06438_wavtolip.npz,8.869736671447754,1
FakeVideo-FakeAudio/Asian (South)/women/id00417/00069_id07051_wavtolip.npz,-0.6589285135269165,1
FakeVideo-FakeAudio/Asian (South)/women/id05478/00135_id00080_wavtolip.npz,10.60925006866455,1
FakeVideo-FakeAudio/Asian (South)/women/id05478/00135_id00149_wavtolip.npz,2.917865514755249,1
FakeVideo-FakeAudio/Asian (South)/women/id05478/00135_id00488_F3YxmZ9CYFw_id03559_wavtolip.npz,10.061650276184082,1
FakeVideo-FakeAudio/Asian (South)/women/id05478/00135_id02089_wavtolip.npz,9.284570693969727,1
FakeVideo-FakeAudio/Asian (South)/women/id05478/00135_id03559_pgetxl1qbzM_id06268_wavtolip.npz,9.325726509094238,1
FakeVideo-FakeAudio/Asian (South)/women/id05478/00135_id03559_wavtolip.npz,10.31717300415039,1
FakeVideo-FakeAudio/Asian (South)/women/id05478/00135_id04070_wavtolip.npz,9.92945384979248,1
FakeVideo-FakeAudio/Asian (South)/women/id05478/00135_id04583_M10zZFjuAb0_id06752_wavtolip.npz,6.762319087982178,1
FakeVideo-FakeAudio/Asian (South)/women/id05478/00135_id04927_8MD618FRyfA_id07236_wavtolip.npz,9.174117088317871,1
FakeVideo-FakeAudio/Asian (South)/women/id05478/00135_id05435_OvX-Jv_whcU_id03897_wavtolip.npz,10.053770065307617,1
FakeVideo-FakeAudio/Asian (South)/women/id05478/00135_id05845_XfMHm6CEwPw_faceswap_id02310_wavtolip.npz,10.214527130126953,1
FakeVideo-FakeAudio/Asian (South)/women/id05478/00135_id05845_XfMHm6CEwPw_faceswap_id05845_wavtolip.npz,7.692074298858643,1
FakeVideo-FakeAudio/Asian (South)/women/id05478/00135_id05845_XfMHm6CEwPw_faceswap_id06752_wavtolip.npz,6.836947441101074,1
FakeVideo-FakeAudio/Asian (South)/women/id05478/00135_id05845_XfMHm6CEwPw_faceswap_id07051_wavtolip.npz,-0.18639600276947021,1
FakeVideo-FakeAudio/Asian (South)/women/id05478/00135_id05845_XfMHm6CEwPw_faceswap_id07686_wavtolip.npz,8.469849586486816,1
FakeVideo-FakeAudio/Asian (South)/women/id05478/00135_id05845_XfMHm6CEwPw_id04529_wavtolip.npz,9.65507984161377,1
FakeVideo-FakeAudio/Asian (South)/women/id05478/00135_id06268_wavtolip.npz,9.351652145385742,1
FakeVideo-FakeAudio/Asian (South)/women/id05478/00135_id06437_wavtolip.npz,9.675332069396973,1
FakeVideo-FakeAudio/Asian (South)/women/id05478/00135_id06438_vf3xBVgYqYA_id04564_wavtolip.npz,0.09582458436489105,1
FakeVideo-FakeAudio/Asian (South)/women/id05478/00135_id07377_wavtolip.npz,10.843317985534668,1
FakeVideo-FakeAudio/Asian (South)/women/id06445/00150_id00043_DxY87QyzDN8_id03897_wavtolip.npz,9.43491268157959,1
FakeVideo-FakeAudio/Asian (South)/women/id06445/00150_id00080_wavtolip.npz,10.27527141571045,1
FakeVideo-FakeAudio/Asian (South)/women/id06445/00150_id00235_wavtolip.npz,8.065678596496582,1
FakeVideo-FakeAudio/Asian (South)/women/id06445/00150_id00417_wavtolip.npz,5.2607879638671875,1
FakeVideo-FakeAudio/Asian (South)/women/id06445/00150_id00461_Ort9NW3SJU4_id07236_wavtolip.npz,8.804471015930176,1
FakeVideo-FakeAudio/Asian (South)/women/id06445/00150_id00461_wavtolip.npz,10.260477066040039,1
FakeVideo-FakeAudio/Asian (South)/women/id06445/00150_id03897_wavtolip.npz,9.36788558959961,1
FakeVideo-FakeAudio/Asian (South)/women/id06445/00150_id04530_wavtolip.npz,5.552365303039551,1
FakeVideo-FakeAudio/Asian (South)/women/id06445/00150_id04582_Pm9dX-TxNx0_faceswap_id00417_wavtolip.npz,5.221831321716309,1
FakeVideo-FakeAudio/Asian (South)/women/id06445/00150_id04582_Pm9dX-TxNx0_faceswap_id00488_wavtolip.npz,3.5322887897491455,1
FakeVideo-FakeAudio/Asian (South)/women/id06445/00150_id04582_Pm9dX-TxNx0_faceswap_id06438_wavtolip.npz,8.598662376403809,1
FakeVideo-FakeAudio/Asian (South)/women/id06445/00150_id04582_Pm9dX-TxNx0_faceswap_id07051_wavtolip.npz,9.103499412536621,1
FakeVideo-FakeAudio/Asian (South)/women/id06445/00150_id04582_Pm9dX-TxNx0_faceswap_id07377_wavtolip.npz,9.816450119018555,1
FakeVideo-FakeAudio/Asian (South)/women/id06445/00150_id04582_Pm9dX-TxNx0_id00080_wavtolip.npz,10.423851013183594,1
FakeVideo-FakeAudio/Asian (South)/women/id06445/00150_id05434_6p7kCmdOjDQ_id01026_wavtolip.npz,8.808950424194336,1
FakeVideo-FakeAudio/Asian (South)/women/id06445/00150_id05435_wavtolip.npz,9.068084716796875,1
FakeVideo-FakeAudio/Asian (South)/women/id06445/00150_id06343__Tf30YR4M3w_id07686_wavtolip.npz,8.254050254821777,1
FakeVideo-FakeAudio/Asian (South)/women/id06445/00150_id06343_wavtolip.npz,8.625407218933105,1
FakeVideo-FakeAudio/Asian (South)/women/id06445/00150_id07008_wavtolip.npz,7.389322280883789,1
FakeVideo-FakeAudio/Asian (South)/women/id06445/00150_id07078_sLVbTD3Dtgw_id07051_wavtolip.npz,9.02625560760498,1
FakeVideo-FakeAudio/Asian (South)/women/id06445/00150_id07136_4e43eS5p3_M_id07686_wavtolip.npz,8.202235221862793,1
FakeVideo-FakeAudio/Asian (South)/women/id06445/00150_id07377_FGNavKcGANA_id01026_wavtolip.npz,8.798446655273438,1
FakeVideo-FakeAudio/Asian (South)/women/id04582/00180_id00043_DxY87QyzDN8_id06439_wavtolip.npz,9.344661712646484,1
FakeVideo-FakeAudio/Asian (South)/women/id04582/00180_id00235_F7aHtfdzytQ_id06439_wavtolip.npz,9.245423316955566,1
FakeVideo-FakeAudio/Asian (South)/women/id04582/00180_id00417_GhIZam3v09g_id06439_wavtolip.npz,9.180395126342773,1
FakeVideo-FakeAudio/Asian (South)/women/id04582/00180_id00417_wavtolip.npz,5.2105021476745605,1
FakeVideo-FakeAudio/Asian (South)/women/id04582/00180_id00739_wavtolip.npz,9.546098709106445,1
FakeVideo-FakeAudio/Asian (South)/women/id04582/00180_id01026_wavtolip.npz,8.772705078125,1
FakeVideo-FakeAudio/Asian (South)/women/id04582/00180_id02089_ZC5FjKDazrM_id06428_wavtolip.npz,9.68628978729248,1
FakeVideo-FakeAudio/Asian (South)/women/id04582/00180_id03559_wavtolip.npz,8.304059982299805,1
FakeVideo-FakeAudio/Asian (South)/women/id04582/00180_id04583_wavtolip.npz,6.282986164093018,1
FakeVideo-FakeAudio/Asian (South)/women/id04582/00180_id05931_wavtolip.npz,9.002656936645508,1
FakeVideo-FakeAudio/Asian (South)/women/id04582/00180_id06254_8VSfI86Fua4_id04564_wavtolip.npz,9.764307975769043,1
FakeVideo-FakeAudio/Asian (South)/women/id04582/00180_id06268_wavtolip.npz,9.258384704589844,1
FakeVideo-FakeAudio/Asian (South)/women/id04582/00180_id06428_wavtolip.npz,9.581975936889648,1
FakeVideo-FakeAudio/Asian (South)/women/id04582/00180_id06445_NWtdqOxEbDY_faceswap_id00461_wavtolip.npz,10.21234130859375,1
FakeVideo-FakeAudio/Asian (South)/women/id04582/00180_id06445_NWtdqOxEbDY_faceswap_id02310_wavtolip.npz,9.946105003356934,1
FakeVideo-FakeAudio/Asian (South)/women/id04582/00180_id06445_NWtdqOxEbDY_faceswap_id02619_wavtolip.npz,9.006505966186523,1
FakeVideo-FakeAudio/Asian (South)/women/id04582/00180_id06445_NWtdqOxEbDY_faceswap_id05478_wavtolip.npz,6.835791110992432,1
FakeVideo-FakeAudio/Asian (South)/women/id04582/00180_id06445_NWtdqOxEbDY_faceswap_id07689_wavtolip.npz,-0.5212880373001099,1
FakeVideo-FakeAudio/Asian (South)/women/id04582/00180_id06445_NWtdqOxEbDY_id04530_wavtolip.npz,5.590576171875,1
FakeVideo-FakeAudio/Asian (South)/women/id04582/00180_id07136_4e43eS5p3_M_id03815_wavtolip.npz,8.117369651794434,1
FakeVideo-FakeAudio/Asian (South)/women/id04582/00180_id07236_Fe0sdHw3sc4_id00235_wavtolip.npz,8.247725486755371,1
FakeVideo-FakeAudio/Asian (South)/women/id04582/00180_id07689_wavtolip.npz,-0.7941498160362244,1
FakeVideo-FakeAudio/Asian (South)/women/id02089/00092_id00739_wavtolip.npz,9.91578483581543,1
FakeVideo-FakeAudio/Asian (South)/women/id02089/00092_id01026_wavtolip.npz,8.751676559448242,1
FakeVideo-FakeAudio/Asian (South)/women/id02089/00092_id02310_wavtolip.npz,10.096518516540527,1
FakeVideo-FakeAudio/Asian (South)/women/id02089/00092_id03559_pgetxl1qbzM_id00747_wavtolip.npz,6.515548229217529,1
FakeVideo-FakeAudio/Asian (South)/women/id02089/00092_id03897_wavtolip.npz,9.632156372070312,1
FakeVideo-FakeAudio/Asian (South)/women/id02089/00092_id04529_S92uo-UShxE_faceswap_id00235_wavtolip.npz,8.05078125,1
FakeVideo-FakeAudio/Asian (South)/women/id02089/00092_id04529_S92uo-UShxE_faceswap_id00417_wavtolip.npz,5.262247085571289,1
FakeVideo-FakeAudio/Asian (South)/women/id02089/00092_id04529_S92uo-UShxE_faceswap_id00739_wavtolip.npz,10.017950057983398,1
FakeVideo-FakeAudio/Asian (South)/women/id02089/00092_id04529_S92uo-UShxE_faceswap_id04529_wavtolip.npz,9.66684341430664,1
FakeVideo-FakeAudio/Asian (South)/women/id02089/00092_id04529_S92uo-UShxE_faceswap_id07049_wavtolip.npz,6.948534965515137,1
FakeVideo-FakeAudio/Asian (South)/women/id02089/00092_id04529_S92uo-UShxE_id07686_wavtolip.npz,8.36805248260498,1
FakeVideo-FakeAudio/Asian (South)/women/id02089/00092_id04529_wavtolip.npz,9.811450004577637,1
FakeVideo-FakeAudio/Asian (South)/women/id02089/00092_id04564_xUz03LwKRtQ_id00461_wavtolip.npz,10.279346466064453,1
FakeVideo-FakeAudio/Asian (South)/women/id02089/00092_id04582_Pm9dX-TxNx0_id00080_wavtolip.npz,10.349048614501953,1
FakeVideo-FakeAudio/Asian (South)/women/id02089/00092_id04927_8MD618FRyfA_id04529_wavtolip.npz,9.53111457824707,1
FakeVideo-FakeAudio/Asian (South)/women/id02089/00092_id04927_wavtolip.npz,10.56240463256836,1
FakeVideo-FakeAudio/Asian (South)/women/id02089/00092_id05434_6p7kCmdOjDQ_id01026_wavtolip.npz,8.73182201385498,1
FakeVideo-FakeAudio/Asian (South)/women/id02089/00092_id06254_8VSfI86Fua4_id03985_wavtolip.npz,9.06283950805664,1
FakeVideo-FakeAudio/Asian (South)/women/id02089/00092_id06428_wavtolip.npz,9.42516803741455,1
FakeVideo-FakeAudio/Asian (South)/women/id02089/00092_id06445_NWtdqOxEbDY_id07236_wavtolip.npz,8.888999938964844,1
FakeVideo-FakeAudio/Asian (South)/women/id02089/00092_id07051_wavtolip.npz,9.462240219116211,1
FakeVideo-FakeAudio/Asian (South)/women/id02089/00092_id07686_wavtolip.npz,8.675939559936523,1
FakeVideo-FakeAudio/Asian (South)/women/id00149/00284_id00461_Ort9NW3SJU4_id04927_wavtolip.npz,10.522576332092285,1
FakeVideo-FakeAudio/Asian (South)/women/id00149/00284_id00747_wavtolip.npz,6.324873924255371,1
FakeVideo-FakeAudio/Asian (South)/women/id00149/00284_id01026_wavtolip.npz,8.650508880615234,1
FakeVideo-FakeAudio/Asian (South)/women/id00149/00284_id02310_zA-8Pw0SvZg_id07686_wavtolip.npz,8.208024024963379,1
FakeVideo-FakeAudio/Asian (South)/women/id00149/00284_id03559_pgetxl1qbzM_id06752_wavtolip.npz,7.002316474914551,1
FakeVideo-FakeAudio/Asian (South)/women/id00149/00284_id04490_wavtolip.npz,8.979134559631348,1
FakeVideo-FakeAudio/Asian (South)/women/id00149/00284_id04530_W5-PTTL9HzU_id04582_wavtolip.npz,-0.046229287981987,1
FakeVideo-FakeAudio/Asian (South)/women/id00149/00284_id04583_M10zZFjuAb0_id06343_wavtolip.npz,8.72590160369873,1
FakeVideo-FakeAudio/Asian (South)/women/id00149/00284_id04583_wavtolip.npz,6.3045573234558105,1
FakeVideo-FakeAudio/Asian (South)/women/id00149/00284_id05435_wavtolip.npz,9.07379150390625,1
FakeVideo-FakeAudio/Asian (South)/women/id00149/00284_id05478_wavtolip.npz,6.925468921661377,1
FakeVideo-FakeAudio/Asian (South)/women/id00149/00284_id06232_wavtolip.npz,6.808673858642578,1
FakeVideo-FakeAudio/Asian (South)/women/id00149/00284_id06254_wavtolip.npz,9.058213233947754,1
FakeVideo-FakeAudio/Asian (South)/women/id00149/00284_id06439_wavtolip.npz,9.307098388671875,1
FakeVideo-FakeAudio/Asian (South)/women/id00149/00284_id07051_wavtolip.npz,9.043567657470703,1
FakeVideo-FakeAudio/Asian (South)/women/id00149/00284_id07136_4e43eS5p3_M_faceswap_id02310_wavtolip.npz,9.809042930603027,1
FakeVideo-FakeAudio/Asian (South)/women/id00149/00284_id07136_4e43eS5p3_M_faceswap_id05920_wavtolip.npz,8.474339485168457,1
FakeVideo-FakeAudio/Asian (South)/women/id00149/00284_id07136_4e43eS5p3_M_faceswap_id06428_wavtolip.npz,9.462544441223145,1
FakeVideo-FakeAudio/Asian (South)/women/id00149/00284_id07136_4e43eS5p3_M_id00747_wavtolip.npz,6.380039691925049,1
FakeVideo-FakeAudio/Asian (South)/women/id00149/00284_id07377_FGNavKcGANA_id00417_wavtolip.npz,5.270590782165527,1
FakeVideo-FakeAudio/Asian (South)/women/id00149/00284_id07689_2ie0g83JkgA_id04530_wavtolip.npz,5.587425708770752,1
FakeVideo-FakeAudio/Asian (South)/women/id06439/00118_id00417_GhIZam3v09g_faceswap_id00235_wavtolip.npz,7.991878986358643,1
FakeVideo-FakeAudio/Asian (South)/women/id06439/00118_id00417_GhIZam3v09g_faceswap_id03815_wavtolip.npz,8.029440879821777,1
FakeVideo-FakeAudio/Asian (South)/women/id06439/00118_id00417_GhIZam3v09g_faceswap_id04564_wavtolip.npz,9.53409194946289,1
FakeVideo-FakeAudio/Asian (South)/women/id06439/00118_id00417_GhIZam3v09g_faceswap_id05931_wavtolip.npz,9.074630737304688,1
FakeVideo-FakeAudio/Asian (South)/women/id06439/00118_id00417_GhIZam3v09g_faceswap_id07049_wavtolip.npz,6.816505432128906,1
FakeVideo-FakeAudio/Asian (South)/women/id06439/00118_id00417_GhIZam3v09g_id00488_wavtolip.npz,6.651670932769775,1
FakeVideo-FakeAudio/Asian (South)/women/id06439/00118_id01026_wavtolip.npz,8.82431411743164,1
FakeVideo-FakeAudio/Asian (South)/women/id06439/00118_id03897_wavtolip.npz,9.66230297088623,1
FakeVideo-FakeAudio/Asian (South)/women/id06439/00118_id04070_wavtolip.npz,9.101241111755371,1
FakeVideo-FakeAudio/Asian (South)/women/id06439/00118_id04529_wavtolip.npz,9.05483627319336,1
FakeVideo-FakeAudio/Asian (South)/women/id06439/00118_id04583_wavtolip.npz,6.210751056671143,1
FakeVideo-FakeAudio/Asian (South)/women/id06439/00118_id04927_wavtolip.npz,10.52812671661377,1
FakeVideo-FakeAudio/Asian (South)/women/id06439/00118_id05478_VJkjRzPt-Jw_id00461_wavtolip.npz,10.245809555053711,1
FakeVideo-FakeAudio/Asian (South)/women/id06439/00118_id05478_wavtolip.npz,6.759423732757568,1
FakeVideo-FakeAudio/Asian (South)/women/id06439/00118_id06254_wavtolip.npz,8.979571342468262,1
FakeVideo-FakeAudio/Asian (South)/women/id06439/00118_id06428_A9nvRKd1afA_id05845_wavtolip.npz,8.097150802612305,1
FakeVideo-FakeAudio/Asian (South)/women/id06439/00118_id06438_wavtolip.npz,8.674015998840332,1
FakeVideo-FakeAudio/Asian (South)/women/id06439/00118_id06445_NWtdqOxEbDY_id00417_wavtolip.npz,5.2731475830078125,1
FakeVideo-FakeAudio/Asian (South)/women/id06439/00118_id07049_wavtolip.npz,6.861537456512451,1
FakeVideo-FakeAudio/Asian (South)/women/id06439/00118_id07136_4e43eS5p3_M_id04070_wavtolip.npz,9.223820686340332,1
FakeVideo-FakeAudio/Asian (South)/women/id06439/00118_id07377_FGNavKcGANA_id03985_wavtolip.npz,9.34841537475586,1
FakeVideo-FakeAudio/Asian (South)/women/id06439/00118_id07689_2ie0g83JkgA_id00739_wavtolip.npz,9.758487701416016,1
FakeVideo-FakeAudio/Asian (South)/women/id05931/00013_id00488_wavtolip.npz,5.017092227935791,1
FakeVideo-FakeAudio/Asian (South)/women/id05931/00013_id00747_wavtolip.npz,9.038227081298828,1
FakeVideo-FakeAudio/Asian (South)/women/id05931/00013_id01026_rM4ZERt7oM0_faceswap_id04070_wavtolip.npz,8.857498168945312,1
FakeVideo-FakeAudio/Asian (South)/women/id05931/00013_id01026_rM4ZERt7oM0_faceswap_id05931_wavtolip.npz,9.05091381072998,1
FakeVideo-FakeAudio/Asian (South)/women/id05931/00013_id01026_rM4ZERt7oM0_faceswap_id06232_wavtolip.npz,7.384512901306152,1
FakeVideo-FakeAudio/Asian (South)/women/id05931/00013_id01026_rM4ZERt7oM0_faceswap_id07008_wavtolip.npz,10.14736270904541,1
FakeVideo-FakeAudio/Asian (South)/women/id05931/00013_id01026_rM4ZERt7oM0_id07049_wavtolip.npz,8.722424507141113,1
FakeVideo-FakeAudio/Asian (South)/women/id05931/00013_id02089_wavtolip.npz,8.096370697021484,1
FakeVideo-FakeAudio/Asian (South)/women/id05931/00013_id02619_wavtolip.npz,8.975005149841309,1
FakeVideo-FakeAudio/Asian (South)/women/id05931/00013_id03559_pgetxl1qbzM_id03559_wavtolip.npz,9.938141822814941,1
FakeVideo-FakeAudio/Asian (South)/women/id05931/00013_id03815_wavtolip.npz,8.735289573669434,1
FakeVideo-FakeAudio/Asian (South)/women/id05931/00013_id03985_wavtolip.npz,9.302900314331055,1
FakeVideo-FakeAudio/Asian (South)/women/id05931/00013_id04927_8MD618FRyfA_id05434_wavtolip.npz,8.730588912963867,1
FakeVideo-FakeAudio/Asian (South)/women/id05931/00013_id05435_OvX-Jv_whcU_id05435_wavtolip.npz,9.342257499694824,1
FakeVideo-FakeAudio/Asian (South)/women/id05931/00013_id05478_wavtolip.npz,8.342757225036621,1
FakeVideo-FakeAudio/Asian (South)/women/id05931/00013_id05845_XfMHm6CEwPw_id00488_wavtolip.npz,4.931123733520508,1
FakeVideo-FakeAudio/Asian (South)/women/id05931/00013_id06438_wavtolip.npz,9.064971923828125,1
FakeVideo-FakeAudio/Asian (South)/women/id05931/00013_id07049_BiljgZcyWI4_id06752_wavtolip.npz,4.014737129211426,1
FakeVideo-FakeAudio/Asian (South)/women/id05931/00013_id07049_wavtolip.npz,9.038034439086914,1
FakeVideo-FakeAudio/Asian (South)/women/id05931/00013_id07136_4e43eS5p3_M_id06232_wavtolip.npz,7.370682716369629,1
FakeVideo-FakeAudio/Asian (South)/women/id05931/00013_id07236_wavtolip.npz,8.887285232543945,1
FakeVideo-FakeAudio/Asian (South)/women/id07051/00083_id00461_Ort9NW3SJU4_id07689_wavtolip.npz,0.17584258317947388,1
FakeVideo-FakeAudio/Asian (South)/women/id07051/00083_id00461_wavtolip.npz,10.267437934875488,1
FakeVideo-FakeAudio/Asian (South)/women/id07051/00083_id02089_wavtolip.npz,9.042911529541016,1
FakeVideo-FakeAudio/Asian (South)/women/id07051/00083_id03559_pgetxl1qbzM_id05931_wavtolip.npz,9.097216606140137,1
FakeVideo-FakeAudio/Asian (South)/women/id07051/00083_id03815_wavtolip.npz,8.112425804138184,1
FakeVideo-FakeAudio/Asian (South)/women/id07051/00083_id04529_wavtolip.npz,9.37761402130127,1
FakeVideo-FakeAudio/Asian (South)/women/id07051/00083_id04530_W5-PTTL9HzU_id04582_wavtolip.npz,0.1864871084690094,1
FakeVideo-FakeAudio/Asian (South)/women/id07051/00083_id04530_wavtolip.npz,5.658838272094727,1
FakeVideo-FakeAudio/Asian (South)/women/id07051/00083_id04564_xUz03LwKRtQ_id00043_wavtolip.npz,8.0935640335083,1
FakeVideo-FakeAudio/Asian (South)/women/id07051/00083_id04583_M10zZFjuAb0_id00080_wavtolip.npz,10.12067699432373,1
FakeVideo-FakeAudio/Asian (South)/women/id07051/00083_id05435_OvX-Jv_whcU_id00488_wavtolip.npz,3.4874613285064697,1
FakeVideo-FakeAudio/Asian (South)/women/id07051/00083_id06254_wavtolip.npz,9.28117561340332,1
FakeVideo-FakeAudio/Asian (South)/women/id07051/00083_id06428_A9nvRKd1afA_faceswap_id00488_wavtolip.npz,3.5428178310394287,1
FakeVideo-FakeAudio/Asian (South)/women/id07051/00083_id06428_A9nvRKd1afA_faceswap_id03559_wavtolip.npz,10.284625053405762,1
FakeVideo-FakeAudio/Asian (South)/women/id07051/00083_id06428_A9nvRKd1afA_faceswap_id04070_wavtolip.npz,9.255992889404297,1
FakeVideo-FakeAudio/Asian (South)/women/id07051/00083_id06428_A9nvRKd1afA_faceswap_id05434_wavtolip.npz,8.683015823364258,1
FakeVideo-FakeAudio/Asian (South)/women/id07051/00083_id06428_A9nvRKd1afA_faceswap_id06428_wavtolip.npz,9.350144386291504,1
FakeVideo-FakeAudio/Asian (South)/women/id07051/00083_id06428_A9nvRKd1afA_id00417_wavtolip.npz,5.215140342712402,1
FakeVideo-FakeAudio/Asian (South)/women/id07051/00083_id06428_wavtolip.npz,9.38034725189209,1
FakeVideo-FakeAudio/Asian (South)/women/id07051/00083_id07008_wavtolip.npz,7.435488700866699,1
FakeVideo-FakeAudio/Asian (South)/women/id07051/00083_id07136_4e43eS5p3_M_id00488_wavtolip.npz,3.4443087577819824,1
FakeVideo-FakeAudio/Asian (South)/women/id07051/00083_id07236_wavtolip.npz,8.761834144592285,1
FakeVideo-FakeAudio/African/men/id01835/00130_id00173_UHoMXLSjlDo_id01610_wavtolip.npz,7.653908729553223,1
FakeVideo-FakeAudio/African/men/id01835/00130_id00173_wavtolip.npz,8.84557819366455,1
FakeVideo-FakeAudio/African/men/id01835/00130_id00366_RSOgEoek8WM_id01691_wavtolip.npz,9.768003463745117,1
FakeVideo-FakeAudio/African/men/id01835/00130_id00701_lW6uzLIOwd0_id00391_wavtolip.npz,0.750511109828949,1
FakeVideo-FakeAudio/African/men/id01835/00130_id00761_QtTNFhCCgzw_faceswap_id00391_wavtolip.npz,0.816874623298645,1
FakeVideo-FakeAudio/African/men/id01835/00130_id00761_QtTNFhCCgzw_faceswap_id00518_wavtolip.npz,2.577131986618042,1
FakeVideo-FakeAudio/African/men/id01835/00130_id00761_QtTNFhCCgzw_faceswap_id01170_wavtolip.npz,9.529247283935547,1
FakeVideo-FakeAudio/African/men/id01835/00130_id00761_QtTNFhCCgzw_faceswap_id02051_wavtolip.npz,7.374729633331299,1
FakeVideo-FakeAudio/African/men/id01835/00130_id00761_QtTNFhCCgzw_faceswap_id02494_wavtolip.npz,8.105781555175781,1
FakeVideo-FakeAudio/African/men/id01835/00130_id00761_QtTNFhCCgzw_id02296_wavtolip.npz,2.755063533782959,1
FakeVideo-FakeAudio/African/men/id01835/00130_id00761_wavtolip.npz,9.110734939575195,1
FakeVideo-FakeAudio/African/men/id01835/00130_id00781_wavtolip.npz,7.7813029289245605,1
FakeVideo-FakeAudio/African/men/id01835/00130_id00830_rfl3Teg9uew_id01392_wavtolip.npz,9.989214897155762,1
FakeVideo-FakeAudio/African/men/id01835/00130_id00944_DiW5D62667U_id01392_wavtolip.npz,9.920108795166016,1
FakeVideo-FakeAudio/African/men/id01835/00130_id01036_AohKaMtIHxA_id02342_wavtolip.npz,9.866503715515137,1
FakeVideo-FakeAudio/African/men/id01835/00130_id01036_wavtolip.npz,10.321351051330566,1
FakeVideo-FakeAudio/African/men/id01835/00130_id01076_wavtolip.npz,8.783791542053223,1
FakeVideo-FakeAudio/African/men/id01835/00130_id01236_wavtolip.npz,9.841192245483398,1
FakeVideo-FakeAudio/African/men/id01835/00130_id01528_wavtolip.npz,7.42975378036499,1
FakeVideo-FakeAudio/African/men/id01835/00130_id02268_irA9myDvW-I_id01179_wavtolip.npz,8.085601806640625,1
FakeVideo-FakeAudio/African/men/id01835/00130_id02296_wavtolip.npz,2.74088191986084,1
FakeVideo-FakeAudio/African/men/id01835/00130_id04727_wavtolip.npz,8.693854331970215,1
FakeVideo-FakeAudio/African/men/id02040/00476_id00391_TjJgUZaenWI_id00944_wavtolip.npz,10.351759910583496,1
FakeVideo-FakeAudio/African/men/id02040/00476_id00476_wavtolip.npz,10.122393608093262,1
FakeVideo-FakeAudio/African/men/id02040/00476_id00761_wavtolip.npz,10.430549621582031,1
FakeVideo-FakeAudio/African/men/id02040/00476_id00944_wavtolip.npz,10.296116828918457,1
FakeVideo-FakeAudio/African/men/id02040/00476_id01392_fF-g0KFJ7lg_id01036_wavtolip.npz,10.644110679626465,1
FakeVideo-FakeAudio/African/men/id02040/00476_id01392_wavtolip.npz,10.029617309570312,1
FakeVideo-FakeAudio/African/men/id02040/00476_id01452_wavtolip.npz,9.564674377441406,1
FakeVideo-FakeAudio/African/men/id02040/00476_id01528_wavtolip.npz,11.170433044433594,1
FakeVideo-FakeAudio/African/men/id02040/00476_id01530_8kiAt_4gQGI_id02005_wavtolip.npz,6.2056355476379395,1
FakeVideo-FakeAudio/African/men/id02040/00476_id01530_wavtolip.npz,3.6019725799560547,1
FakeVideo-FakeAudio/African/men/id02040/00476_id01691_IVtS5z8Jrrk_id01717_wavtolip.npz,9.260698318481445,1
FakeVideo-FakeAudio/African/men/id02040/00476_id01717_wavtolip.npz,8.988775253295898,1
FakeVideo-FakeAudio/African/men/id02040/00476_id01995_wavtolip.npz,-1.7893022298812866,1
FakeVideo-FakeAudio/African/men/id02040/00476_id02051_wavtolip.npz,8.860997200012207,1
FakeVideo-FakeAudio/African/men/id01392/00167_2_id00166_wavtolip.npz,8.85538101196289,1
FakeVideo-FakeAudio/African/men/id01392/00167_2_id00475_wavtolip.npz,8.093035697937012,1
FakeVideo-FakeAudio/African/men/id01392/00167_2_id00478_wavtolip.npz,10.569571495056152,1
FakeVideo-FakeAudio/African/men/id01392/00167_2_id01207_wavtolip.npz,4.152195930480957,1
FakeVideo-FakeAudio/African/men/id01392/00167_2_id01521_wavtolip.npz,7.2363786697387695,1
FakeVideo-FakeAudio/African/men/id01392/00167_3_id00830_wavtolip.npz,10.241162300109863,1
FakeVideo-FakeAudio/African/men/id01392/00167_3_id01392_wavtolip.npz,10.169757843017578,1
FakeVideo-FakeAudio/African/men/id01392/00167_3_id01610_wavtolip.npz,9.532766342163086,1
FakeVideo-FakeAudio/African/men/id01392/00167_3_id01933_wavtolip.npz,5.855698108673096,1
FakeVideo-FakeAudio/African/men/id01392/00167_3_id02040_wavtolip.npz,3.4203755855560303,1
FakeVideo-FakeAudio/African/men/id01392/00167_id00366_wavtolip.npz,8.939813613891602,1
FakeVideo-FakeAudio/African/men/id01392/00167_id00391_TjJgUZaenWI_id01598_wavtolip.npz,9.583218574523926,1
FakeVideo-FakeAudio/African/men/id01392/00167_id00475_wavtolip.npz,9.143567085266113,1
FakeVideo-FakeAudio/African/men/id01392/00167_id00701_wavtolip.npz,8.315590858459473,1
FakeVideo-FakeAudio/African/men/id01392/00167_id00761_wavtolip.npz,9.434934616088867,1
FakeVideo-FakeAudio/African/men/id01392/00167_id01179_RnqLJMrWELw_id02268_wavtolip.npz,9.611448287963867,1
FakeVideo-FakeAudio/African/men/id01392/00167_id01207_mt129WTRSII_id01691_wavtolip.npz,10.039894104003906,1
FakeVideo-FakeAudio/African/men/id01392/00167_id01207_wavtolip.npz,4.16246223449707,1
FakeVideo-FakeAudio/African/men/id01392/00167_id01521_wavtolip.npz,7.178539276123047,1
FakeVideo-FakeAudio/African/men/id01392/00167_id01597_52WEZxe4_GE_id01920_wavtolip.npz,9.140610694885254,1
FakeVideo-FakeAudio/African/men/id01392/00167_id01610_wavtolip.npz,7.985057353973389,1
FakeVideo-FakeAudio/African/men/id01392/00167_id01920_w9C_knCPD94_id02040_wavtolip.npz,3.4089455604553223,1
FakeVideo-FakeAudio/African/men/id01392/00167_id01972_wavtolip.npz,10.264324188232422,1
FakeVideo-FakeAudio/African/men/id01392/00167_id02005_wavtolip.npz,10.633663177490234,1
FakeVideo-FakeAudio/African/men/id01392/00167_id02494_wavtolip.npz,8.256807327270508,1
FakeVideo-FakeAudio/African/men/id01717/00005_id00166_wavtolip.npz,9.382092475891113,1
FakeVideo-FakeAudio/African/men/id01717/00005_id00366_RSOgEoek8WM_id02268_wavtolip.npz,10.48525333404541,1
FakeVideo-FakeAudio/African/men/id01717/00005_id00366_wavtolip.npz,9.314695358276367,1
FakeVideo-FakeAudio/African/men/id01717/00005_id00518_wavtolip.npz,7.177524566650391,1
FakeVideo-FakeAudio/African/men/id01717/00005_id00701_lW6uzLIOwd0_id01207_wavtolip.npz,8.524794578552246,1
FakeVideo-FakeAudio/African/men/id01717/00005_id00761_wavtolip.npz,10.257164001464844,1
FakeVideo-FakeAudio/African/men/id01717/00005_id00781_wavtolip.npz,9.132823944091797,1
FakeVideo-FakeAudio/African/men/id01717/00005_id00987_wavtolip.npz,3.992953062057495,1
FakeVideo-FakeAudio/African/men/id01717/00005_id01171_wavtolip.npz,9.970503807067871,1
FakeVideo-FakeAudio/African/men/id01717/00005_id01392_wavtolip.npz,10.254292488098145,1
FakeVideo-FakeAudio/African/men/id01717/00005_id01452_4MqeoSxSy3w_id01856_wavtolip.npz,6.026800632476807,1
FakeVideo-FakeAudio/African/men/id01717/00005_id01544_wavtolip.npz,9.295987129211426,1
FakeVideo-FakeAudio/African/men/id01717/00005_id01920_w9C_knCPD94_id01598_wavtolip.npz,9.376875877380371,1
FakeVideo-FakeAudio/African/men/id01717/00005_id02005_7_Egh9mW5y4_faceswap_id01170_wavtolip.npz,10.177886009216309,1
FakeVideo-FakeAudio/African/men/id01717/00005_id02005_7_Egh9mW5y4_faceswap_id01392_wavtolip.npz,10.007513046264648,1
FakeVideo-FakeAudio/African/men/id01717/00005_id02005_7_Egh9mW5y4_faceswap_id01691_wavtolip.npz,9.724891662597656,1
FakeVideo-FakeAudio/African/men/id01717/00005_id02005_7_Egh9mW5y4_faceswap_id01779_wavtolip.npz,9.59174919128418,1
FakeVideo-FakeAudio/African/men/id01717/00005_id02005_7_Egh9mW5y4_faceswap_id04727_wavtolip.npz,8.658977508544922,1
FakeVideo-FakeAudio/African/men/id01717/00005_id02005_7_Egh9mW5y4_id01076_wavtolip.npz,9.070084571838379,1
FakeVideo-FakeAudio/African/men/id01717/00005_id02316_yrrNcmZ-xmI_id01544_wavtolip.npz,9.35405158996582,1
FakeVideo-FakeAudio/African/men/id01717/00005_id04727_wavtolip.npz,8.964770317077637,1
FakeVideo-FakeAudio/African/men/id01779/00010_id00475_wavtolip.npz,8.266942024230957,1
FakeVideo-FakeAudio/African/men/id01779/00010_id00518_wavtolip.npz,2.513509511947632,1
FakeVideo-FakeAudio/African/men/id01779/00010_id00701_lW6uzLIOwd0_id00366_wavtolip.npz,7.575812339782715,1
FakeVideo-FakeAudio/African/men/id01779/00010_id00781_wavtolip.npz,7.917804718017578,1
FakeVideo-FakeAudio/African/men/id01779/00010_id01036_AohKaMtIHxA_id01637_wavtolip.npz,8.320499420166016,1
FakeVideo-FakeAudio/African/men/id01779/00010_id01036_wavtolip.npz,11.073149681091309,1
FakeVideo-FakeAudio/African/men/id01779/00010_id01076_wavtolip.npz,8.904651641845703,1
FakeVideo-FakeAudio/African/men/id01779/00010_id01171_XSINMRoTb0E_id01076_wavtolip.npz,8.922699928283691,1
FakeVideo-FakeAudio/African/men/id01779/00010_id01528_wavtolip.npz,11.222432136535645,1
FakeVideo-FakeAudio/African/men/id01779/00010_id01530_wavtolip.npz,9.972171783447266,1
FakeVideo-FakeAudio/African/men/id01779/00010_id01544_wavtolip.npz,9.13293743133545,1
FakeVideo-FakeAudio/African/men/id01779/00010_id01637_5VjcPZm8knM_id01972_wavtolip.npz,10.633797645568848,1
FakeVideo-FakeAudio/African/men/id01779/00010_id01691_IVtS5z8Jrrk_faceswap_id00173_wavtolip.npz,8.735269546508789,1
FakeVideo-FakeAudio/African/men/id01779/00010_id01691_IVtS5z8Jrrk_faceswap_id00478_wavtolip.npz,10.593964576721191,1
FakeVideo-FakeAudio/African/men/id01779/00010_id01691_IVtS5z8Jrrk_faceswap_id00701_wavtolip.npz,6.10100793838501,1
FakeVideo-FakeAudio/African/men/id01779/00010_id01691_IVtS5z8Jrrk_faceswap_id01170_wavtolip.npz,9.436378479003906,1
FakeVideo-FakeAudio/African/men/id01779/00010_id01691_IVtS5z8Jrrk_faceswap_id01779_wavtolip.npz,9.8211088180542,1
FakeVideo-FakeAudio/African/men/id01779/00010_id01691_IVtS5z8Jrrk_id00391_wavtolip.npz,-0.6549203395843506,1
FakeVideo-FakeAudio/African/men/id01779/00010_id01779_wavtolip.npz,9.72199821472168,1
FakeVideo-FakeAudio/African/men/id01779/00010_id01856_6Q2f3b1QNRM_id00830_wavtolip.npz,10.170337677001953,1
FakeVideo-FakeAudio/African/men/id01779/00010_id02268_irA9myDvW-I_id01452_wavtolip.npz,9.466812133789062,1
FakeVideo-FakeAudio/African/men/id01779/00010_id02268_wavtolip.npz,9.651537895202637,1
FakeVideo-FakeAudio/African/men/id01779/00010_id02494_lObg47hQleE_id01076_wavtolip.npz,9.057775497436523,1
FakeVideo-FakeAudio/African/men/id01179/00160_id00166_PQV2ZbJBLNk_id01544_wavtolip.npz,9.033935546875,1
FakeVideo-FakeAudio/African/men/id01179/00160_id00173_wavtolip.npz,2.7228691577911377,1
FakeVideo-FakeAudio/African/men/id01179/00160_id00391_TjJgUZaenWI_id01171_wavtolip.npz,8.930889129638672,1
FakeVideo-FakeAudio/African/men/id01179/00160_id00476_UgdYVJ6xPYg_id01856_wavtolip.npz,5.936417579650879,1
FakeVideo-FakeAudio/African/men/id01179/00160_id00518_wavtolip.npz,2.4713737964630127,1
FakeVideo-FakeAudio/African/men/id01179/00160_id01170_7eoTTk4xyNo_id01856_wavtolip.npz,5.976740837097168,1
FakeVideo-FakeAudio/African/men/id01179/00160_id01171_wavtolip.npz,8.887899398803711,1
FakeVideo-FakeAudio/African/men/id01179/00160_id01207_mt129WTRSII_id01171_wavtolip.npz,8.902231216430664,1
FakeVideo-FakeAudio/African/men/id01179/00160_id01207_wavtolip.npz,4.062180519104004,1
FakeVideo-FakeAudio/African/men/id01179/00160_id01392_wavtolip.npz,10.20919418334961,1
FakeVideo-FakeAudio/African/men/id01179/00160_id01544_wavtolip.npz,8.99908447265625,1
FakeVideo-FakeAudio/African/men/id01179/00160_id01598_wavtolip.npz,9.20518684387207,1
FakeVideo-FakeAudio/African/men/id01179/00160_id01637_5VjcPZm8knM_id01995_wavtolip.npz,-1.0408542156219482,1
FakeVideo-FakeAudio/African/men/id01179/00160_id01691_wavtolip.npz,9.969558715820312,1
FakeVideo-FakeAudio/African/men/id01179/00160_id01717_wavtolip.npz,8.813976287841797,1
FakeVideo-FakeAudio/African/men/id01179/00160_id02005_7_Egh9mW5y4_faceswap_id01528_wavtolip.npz,11.128416061401367,1
FakeVideo-FakeAudio/African/men/id01179/00160_id02005_7_Egh9mW5y4_faceswap_id01779_wavtolip.npz,9.892960548400879,1
FakeVideo-FakeAudio/African/men/id01179/00160_id02005_7_Egh9mW5y4_faceswap_id01835_wavtolip.npz,2.9927031993865967,1
FakeVideo-FakeAudio/African/men/id01179/00160_id02005_7_Egh9mW5y4_faceswap_id01972_wavtolip.npz,10.281950950622559,1
FakeVideo-FakeAudio/African/men/id01179/00160_id02005_7_Egh9mW5y4_faceswap_id02316_wavtolip.npz,9.172484397888184,1
FakeVideo-FakeAudio/African/men/id01179/00160_id02005_7_Egh9mW5y4_id00366_wavtolip.npz,7.344058036804199,1
FakeVideo-FakeAudio/African/men/id01179/00160_id02342_RJPBPhJB8TA_id01779_wavtolip.npz,9.875859260559082,1
FakeVideo-FakeAudio/African/men/id01179/00160_id02342_wavtolip.npz,0.7829378843307495,1
FakeVideo-FakeAudio/African/men/id01528/00017_id00173_wavtolip.npz,8.777154922485352,1
FakeVideo-FakeAudio/African/men/id01528/00017_id00518_qm7oQcDg4oI_id00781_wavtolip.npz,7.961544513702393,1
FakeVideo-FakeAudio/African/men/id01528/00017_id00944_DiW5D62667U_id02296_wavtolip.npz,2.8030130863189697,1
FakeVideo-FakeAudio/African/men/id01528/00017_id00944_wavtolip.npz,8.126691818237305,1
FakeVideo-FakeAudio/African/men/id01528/00017_id00987_wavtolip.npz,3.887911319732666,1
FakeVideo-FakeAudio/African/men/id01528/00017_id01076_wavtolip.npz,8.817158699035645,1
FakeVideo-FakeAudio/African/men/id01528/00017_id01171_wavtolip.npz,8.647354125976562,1
FakeVideo-FakeAudio/African/men/id01528/00017_id01207_mt129WTRSII_id01207_wavtolip.npz,4.175354480743408,1
FakeVideo-FakeAudio/African/men/id01528/00017_id01236_7WdumGR5-JM_id02342_wavtolip.npz,9.709953308105469,1
FakeVideo-FakeAudio/African/men/id01528/00017_id01236_wavtolip.npz,9.81158447265625,1
FakeVideo-FakeAudio/African/men/id01528/00017_id01452_4MqeoSxSy3w_faceswap_id00701_wavtolip.npz,9.689884185791016,1
FakeVideo-FakeAudio/African/men/id01528/00017_id01452_4MqeoSxSy3w_faceswap_id01076_wavtolip.npz,8.892699241638184,1
FakeVideo-FakeAudio/African/men/id01528/00017_id01452_4MqeoSxSy3w_faceswap_id01610_wavtolip.npz,7.84790563583374,1
FakeVideo-FakeAudio/African/men/id01528/00017_id01452_4MqeoSxSy3w_faceswap_id02005_wavtolip.npz,10.37790584564209,1
FakeVideo-FakeAudio/African/men/id01528/00017_id01452_4MqeoSxSy3w_faceswap_id02494_wavtolip.npz,8.220131874084473,1
FakeVideo-FakeAudio/African/men/id01528/00017_id01452_4MqeoSxSy3w_id04727_wavtolip.npz,8.830801963806152,1
FakeVideo-FakeAudio/African/men/id01528/00017_id01597_52WEZxe4_GE_id00476_wavtolip.npz,10.58786392211914,1
FakeVideo-FakeAudio/African/men/id01528/00017_id01598_wavtolip.npz,9.109204292297363,1
FakeVideo-FakeAudio/African/men/id01528/00017_id01933_I5XXxgK7QpE_id00391_wavtolip.npz,-0.5884774923324585,1
FakeVideo-FakeAudio/African/men/id01528/00017_id01972_hBYoeQTm8ZQ_id01610_wavtolip.npz,7.701048374176025,1
FakeVideo-FakeAudio/African/men/id01528/00017_id02005_wavtolip.npz,10.389130592346191,1
FakeVideo-FakeAudio/African/men/id01528/00017_id02040_wavtolip.npz,3.4568827152252197,1
FakeVideo-FakeAudio/African/men/id01528/00017_id02296_wavtolip.npz,2.7247776985168457,1
FakeVideo-FakeAudio/African/men/id00076/00109_10_id00476_wavtolip.npz,10.028178215026855,1
FakeVideo-FakeAudio/African/men/id00076/00109_10_id01076_wavtolip.npz,9.031550407409668,1
FakeVideo-FakeAudio/African/men/id00076/00109_10_id01179_wavtolip.npz,-0.0028393324464559555,1
FakeVideo-FakeAudio/African/men/id00076/00109_10_id02005_wavtolip.npz,6.132045269012451,1
FakeVideo-FakeAudio/African/men/id00076/00109_10_id02342_wavtolip.npz,0.7100692987442017,1
FakeVideo-FakeAudio/African/men/id00076/00109_12_id00518_wavtolip.npz,5.350244045257568,1
FakeVideo-FakeAudio/African/men/id00076/00109_12_id00761_wavtolip.npz,10.102654457092285,1
FakeVideo-FakeAudio/African/men/id00076/00109_12_id00987_wavtolip.npz,3.273451328277588,1
FakeVideo-FakeAudio/African/men/id00076/00109_12_id01856_wavtolip.npz,5.834904670715332,1
FakeVideo-FakeAudio/African/men/id00076/00109_12_id02296_wavtolip.npz,2.884901285171509,1
FakeVideo-FakeAudio/African/men/id00076/00109_2_id00166_wavtolip.npz,8.996145248413086,1
FakeVideo-FakeAudio/African/men/id00076/00109_2_id00701_wavtolip.npz,4.761098384857178,1
FakeVideo-FakeAudio/African/men/id00076/00109_2_id01236_wavtolip.npz,9.9015474319458,1
FakeVideo-FakeAudio/African/men/id00076/00109_2_id01521_wavtolip.npz,8.774598121643066,1
FakeVideo-FakeAudio/African/men/id00076/00109_2_id01598_wavtolip.npz,9.81640911102295,1
FakeVideo-FakeAudio/African/men/id00076/00109_4_id01392_wavtolip.npz,9.780227661132812,1
FakeVideo-FakeAudio/African/men/id00076/00109_4_id01528_wavtolip.npz,11.288857460021973,1
FakeVideo-FakeAudio/African/men/id00076/00109_4_id01691_wavtolip.npz,10.016058921813965,1
FakeVideo-FakeAudio/African/men/id00076/00109_4_id01995_wavtolip.npz,8.5560884475708,1
FakeVideo-FakeAudio/African/men/id00076/00109_4_id02296_wavtolip.npz,2.5725831985473633,1
FakeVideo-FakeAudio/African/men/id00076/00109_7_id00166_wavtolip.npz,8.809276580810547,1
FakeVideo-FakeAudio/African/men/id00076/00109_7_id00478_wavtolip.npz,10.658472061157227,1
FakeVideo-FakeAudio/African/men/id00076/00109_7_id01452_wavtolip.npz,9.292654037475586,1
FakeVideo-FakeAudio/African/men/id00076/00109_7_id01717_wavtolip.npz,8.68017578125,1
FakeVideo-FakeAudio/African/men/id00076/00109_7_id01995_wavtolip.npz,8.335498809814453,1
FakeVideo-FakeAudio/African/men/id00076/00109_8_id00166_wavtolip.npz,9.08396053314209,1
FakeVideo-FakeAudio/African/men/id00076/00109_8_id00701_wavtolip.npz,5.155066967010498,1
FakeVideo-FakeAudio/African/men/id00076/00109_8_id00761_wavtolip.npz,10.553483009338379,1
FakeVideo-FakeAudio/African/men/id00076/00109_8_id01170_wavtolip.npz,10.496427536010742,1
FakeVideo-FakeAudio/African/men/id00076/00109_8_id02005_wavtolip.npz,5.366493225097656,1
FakeVideo-FakeAudio/African/men/id00076/00109_9_id00076_wavtolip.npz,7.313046932220459,1
FakeVideo-FakeAudio/African/men/id00076/00109_9_id01036_wavtolip.npz,10.293453216552734,1
FakeVideo-FakeAudio/African/men/id00076/00109_9_id01452_wavtolip.npz,9.315584182739258,1
FakeVideo-FakeAudio/African/men/id00076/00109_9_id01528_wavtolip.npz,11.123462677001953,1
FakeVideo-FakeAudio/African/men/id00076/00109_9_id02005_wavtolip.npz,9.65613842010498,1
FakeVideo-FakeAudio/African/men/id00076/00109_id00173_UHoMXLSjlDo_id00475_wavtolip.npz,2.493812084197998,1
FakeVideo-FakeAudio/African/men/id00076/00109_id00366_RSOgEoek8WM_id01995_wavtolip.npz,8.388744354248047,1
FakeVideo-FakeAudio/African/men/id00076/00109_id00391_wavtolip.npz,1.5010088682174683,1
FakeVideo-FakeAudio/African/men/id00076/00109_id00475_wavtolip.npz,2.894911527633667,1
FakeVideo-FakeAudio/African/men/id00076/00109_id00476_wavtolip.npz,9.908727645874023,1
FakeVideo-FakeAudio/African/men/id00076/00109_id00701_wavtolip.npz,6.581228256225586,1
FakeVideo-FakeAudio/African/men/id00076/00109_id00830_rfl3Teg9uew_id01544_wavtolip.npz,8.730839729309082,1
FakeVideo-FakeAudio/African/men/id00076/00109_id01036_AohKaMtIHxA_id00476_wavtolip.npz,10.194015502929688,1
FakeVideo-FakeAudio/African/men/id00076/00109_id01207_mt129WTRSII_id02316_wavtolip.npz,7.111484527587891,1
FakeVideo-FakeAudio/African/men/id00076/00109_id01207_wavtolip.npz,4.169862747192383,1
FakeVideo-FakeAudio/African/men/id00076/00109_id01544_uBo9585VW2A_id01779_wavtolip.npz,6.485816478729248,1
FakeVideo-FakeAudio/African/men/id00076/00109_id01637_wavtolip.npz,7.99614953994751,1
FakeVideo-FakeAudio/African/men/id00076/00109_id01691_wavtolip.npz,9.389127731323242,1
FakeVideo-FakeAudio/African/men/id00076/00109_id01920_wavtolip.npz,8.75606632232666,1
FakeVideo-FakeAudio/African/men/id00076/00109_id01995_YUR9wTypwIo_id01691_wavtolip.npz,9.6525239944458,1
FakeVideo-FakeAudio/African/men/id00076/00109_id02005_7_Egh9mW5y4_id01972_wavtolip.npz,10.226415634155273,1
FakeVideo-FakeAudio/African/men/id00076/00109_id02005_wavtolip.npz,10.219578742980957,1
FakeVideo-FakeAudio/African/men/id00076/00109_id02316_wavtolip.npz,7.046985149383545,1
FakeVideo-FakeAudio/African/men/id00076/00109_id02342_RJPBPhJB8TA_id00166_wavtolip.npz,7.5433878898620605,1
FakeVideo-FakeAudio/African/men/id00076/00109_id04727_AAnyugIAXao_id00391_wavtolip.npz,1.46790611743927,1
FakeVideo-FakeAudio/African/men/id02268/00036_id00076_wavtolip.npz,4.640670299530029,1
FakeVideo-FakeAudio/African/men/id02268/00036_id00166_wavtolip.npz,8.020840644836426,1
FakeVideo-FakeAudio/African/men/id02268/00036_id00173_wavtolip.npz,9.513493537902832,1
FakeVideo-FakeAudio/African/men/id02268/00036_id00781_wavtolip.npz,7.875650405883789,1
FakeVideo-FakeAudio/African/men/id02268/00036_id01236_7WdumGR5-JM_id01597_wavtolip.npz,7.225187301635742,1
FakeVideo-FakeAudio/African/men/id02268/00036_id01521_jthjSmLdLOg_id01597_wavtolip.npz,7.256584644317627,1
FakeVideo-FakeAudio/African/men/id02268/00036_id01530_wavtolip.npz,10.492818832397461,1
FakeVideo-FakeAudio/African/men/id02268/00036_id01691_IVtS5z8Jrrk_id00944_wavtolip.npz,8.677017211914062,1
FakeVideo-FakeAudio/African/men/id02268/00036_id01717_wavtolip.npz,9.230118751525879,1
FakeVideo-FakeAudio/African/men/id02268/00036_id01835_UZbWA0QfXXA_id01856_wavtolip.npz,6.050504684448242,1
FakeVideo-FakeAudio/African/men/id02268/00036_id01856_6Q2f3b1QNRM_id01207_wavtolip.npz,3.9950966835021973,1
FakeVideo-FakeAudio/African/men/id02268/00036_id01920_wavtolip.npz,9.371682167053223,1
FakeVideo-FakeAudio/African/men/id02268/00036_id02040_wavtolip.npz,3.4006507396698,1
FakeVideo-FakeAudio/African/men/id02268/00036_id02268_wavtolip.npz,10.046850204467773,1
FakeVideo-FakeAudio/African/men/id02268/00036_id02296_IAgOrCuY8vU_id01598_wavtolip.npz,9.909560203552246,1
FakeVideo-FakeAudio/African/men/id02268/00036_id02316_wavtolip.npz,7.641814231872559,1
FakeVideo-FakeAudio/African/men/id02268/00036_id02494_lObg47hQleE_id00391_wavtolip.npz,-0.18790476024150848,1
FakeVideo-FakeAudio/African/men/id01170/00021_id00166_wavtolip.npz,7.884810924530029,1
FakeVideo-FakeAudio/African/men/id01170/00021_id00391_TjJgUZaenWI_id01598_wavtolip.npz,9.773039817810059,1
FakeVideo-FakeAudio/African/men/id01170/00021_id00761_wavtolip.npz,10.014618873596191,1
FakeVideo-FakeAudio/African/men/id01170/00021_id00830_rfl3Teg9uew_id01170_wavtolip.npz,9.468871116638184,1
FakeVideo-FakeAudio/African/men/id01170/00021_id01076_wavtolip.npz,8.888690948486328,1
FakeVideo-FakeAudio/African/men/id01170/00021_id01170_wavtolip.npz,9.652295112609863,1
FakeVideo-FakeAudio/African/men/id01170/00021_id01171_XSINMRoTb0E_id02342_wavtolip.npz,9.855613708496094,1
FakeVideo-FakeAudio/African/men/id01170/00021_id01392_fF-g0KFJ7lg_id00478_wavtolip.npz,10.72391128540039,1
FakeVideo-FakeAudio/African/men/id01170/00021_id01392_wavtolip.npz,10.0258150100708,1
FakeVideo-FakeAudio/African/men/id01170/00021_id01452_wavtolip.npz,9.651018142700195,1
FakeVideo-FakeAudio/African/men/id01170/00021_id01544_wavtolip.npz,9.362202644348145,1
FakeVideo-FakeAudio/African/men/id01170/00021_id01597_52WEZxe4_GE_id01076_wavtolip.npz,8.948684692382812,1
FakeVideo-FakeAudio/African/men/id01170/00021_id01610_l8zb_iaDJJA_id01856_wavtolip.npz,6.099788665771484,1
FakeVideo-FakeAudio/African/men/id01170/00021_id01691_wavtolip.npz,10.670450210571289,1
FakeVideo-FakeAudio/African/men/id01170/00021_id01779_wavtolip.npz,6.603232383728027,1
FakeVideo-FakeAudio/African/men/id01170/00021_id01920_wavtolip.npz,9.16219425201416,1
FakeVideo-FakeAudio/African/men/id01170/00021_id01933_I5XXxgK7QpE_faceswap_id00478_wavtolip.npz,10.79099178314209,1
FakeVideo-FakeAudio/African/men/id01170/00021_id01933_I5XXxgK7QpE_faceswap_id01597_wavtolip.npz,6.9956374168396,1
FakeVideo-FakeAudio/African/men/id01170/00021_id01933_I5XXxgK7QpE_faceswap_id01637_wavtolip.npz,8.588635444641113,1
FakeVideo-FakeAudio/African/men/id01170/00021_id01933_I5XXxgK7QpE_faceswap_id01856_wavtolip.npz,6.071237087249756,1
FakeVideo-FakeAudio/African/men/id01170/00021_id01933_I5XXxgK7QpE_id00781_wavtolip.npz,7.983040809631348,1
FakeVideo-FakeAudio/African/men/id01170/00021_id04727_AAnyugIAXao_id01392_wavtolip.npz,9.822653770446777,1
FakeVideo-FakeAudio/African/men/id01637/00002_1_id01598_wavtolip.npz,9.944170951843262,1
FakeVideo-FakeAudio/African/men/id01637/00002_1_id01610_wavtolip.npz,10.046900749206543,1
FakeVideo-FakeAudio/African/men/id01637/00002_1_id01920_wavtolip.npz,7.873159408569336,1
FakeVideo-FakeAudio/African/men/id01637/00002_1_id02296_wavtolip.npz,2.9322996139526367,1
FakeVideo-FakeAudio/African/men/id01637/00002_1_id02342_wavtolip.npz,0.4968903362751007,1
FakeVideo-FakeAudio/African/men/id01637/00002_2_id00701_wavtolip.npz,9.681933403015137,1
FakeVideo-FakeAudio/African/men/id01637/00002_2_id00761_wavtolip.npz,10.389701843261719,1
FakeVideo-FakeAudio/African/men/id01637/00002_2_id00944_wavtolip.npz,9.818655014038086,1
FakeVideo-FakeAudio/African/men/id01637/00002_2_id01392_wavtolip.npz,9.998255729675293,1
FakeVideo-FakeAudio/African/men/id01637/00002_2_id01452_wavtolip.npz,9.334403991699219,1
FakeVideo-FakeAudio/African/men/id01637/00002_id00076_wavtolip.npz,5.09733247756958,1
FakeVideo-FakeAudio/African/men/id01637/00002_id00166_PQV2ZbJBLNk_id04727_wavtolip.npz,9.059123992919922,1
FakeVideo-FakeAudio/African/men/id01637/00002_id00366_RSOgEoek8WM_id02268_wavtolip.npz,9.55876350402832,1
FakeVideo-FakeAudio/African/men/id01637/00002_id00391_wavtolip.npz,-0.17722582817077637,1
FakeVideo-FakeAudio/African/men/id01637/00002_id00761_wavtolip.npz,10.074630737304688,1
FakeVideo-FakeAudio/African/men/id01637/00002_id00944_DiW5D62667U_id01856_wavtolip.npz,6.036123752593994,1
FakeVideo-FakeAudio/African/men/id01637/00002_id01170_7eoTTk4xyNo_id01452_wavtolip.npz,9.205765724182129,1
FakeVideo-FakeAudio/African/men/id01637/00002_id01170_wavtolip.npz,10.106432914733887,1
FakeVideo-FakeAudio/African/men/id01637/00002_id01171_wavtolip.npz,8.90339183807373,1
FakeVideo-FakeAudio/African/men/id01637/00002_id01236_wavtolip.npz,9.916455268859863,1
FakeVideo-FakeAudio/African/men/id01637/00002_id01392_wavtolip.npz,9.79240608215332,1
FakeVideo-FakeAudio/African/men/id01637/00002_id01610_l8zb_iaDJJA_id01236_wavtolip.npz,9.910871505737305,1
FakeVideo-FakeAudio/African/men/id01637/00002_id01691_wavtolip.npz,9.959280967712402,1
FakeVideo-FakeAudio/African/men/id01637/00002_id01920_w9C_knCPD94_id00076_wavtolip.npz,5.093103408813477,1
FakeVideo-FakeAudio/African/men/id01637/00002_id02005_7_Egh9mW5y4_id01392_wavtolip.npz,9.863394737243652,1
FakeVideo-FakeAudio/African/men/id01637/00002_id02051_wavtolip.npz,7.423126697540283,1
FakeVideo-FakeAudio/African/men/id01637/00002_id02316_wavtolip.npz,7.072882652282715,1
FakeVideo-FakeAudio/African/men/id01637/00002_id02494_lObg47hQleE_id01530_wavtolip.npz,9.958002090454102,1
FakeVideo-FakeAudio/African/men/id02051/00015_id00076_wavtolip.npz,4.106352806091309,1
FakeVideo-FakeAudio/African/men/id02051/00015_id00166_wavtolip.npz,9.19371223449707,1
FakeVideo-FakeAudio/African/men/id02051/00015_id00173_UHoMXLSjlDo_id01691_wavtolip.npz,10.087484359741211,1
FakeVideo-FakeAudio/African/men/id02051/00015_id00173_wavtolip.npz,2.7812559604644775,1
FakeVideo-FakeAudio/African/men/id02051/00015_id00701_lW6uzLIOwd0_id01779_wavtolip.npz,9.730725288391113,1
FakeVideo-FakeAudio/African/men/id02051/00015_id00987_wavtolip.npz,3.737423896789551,1
FakeVideo-FakeAudio/African/men/id02051/00015_id01236_wavtolip.npz,9.893019676208496,1
FakeVideo-FakeAudio/African/men/id02051/00015_id01521_jthjSmLdLOg_id00761_wavtolip.npz,10.32954216003418,1
FakeVideo-FakeAudio/African/men/id02051/00015_id01530_wavtolip.npz,3.696056365966797,1
FakeVideo-FakeAudio/African/men/id02051/00015_id01610_l8zb_iaDJJA_id01717_wavtolip.npz,8.903753280639648,1
FakeVideo-FakeAudio/African/men/id02051/00015_id01691_wavtolip.npz,10.479540824890137,1
FakeVideo-FakeAudio/African/men/id02051/00015_id01835_UZbWA0QfXXA_id00944_wavtolip.npz,10.201255798339844,1
FakeVideo-FakeAudio/African/men/id02051/00015_id01835_wavtolip.npz,8.820478439331055,1
FakeVideo-FakeAudio/African/men/id02051/00015_id01995_YUR9wTypwIo_id00476_wavtolip.npz,9.933553695678711,1
FakeVideo-FakeAudio/African/men/id02051/00015_id02040_wl6EVkamZFQ_id00781_wavtolip.npz,9.040218353271484,1
FakeVideo-FakeAudio/African/men/id02051/00015_id02316_wavtolip.npz,9.119044303894043,1
FakeVideo-FakeAudio/African/men/id02051/00015_id02342_wavtolip.npz,0.7089247703552246,1
FakeVideo-FakeAudio/African/men/id00366/00118_id00076_Isiq7cA-DNE_faceswap_id01170_wavtolip.npz,9.478633880615234,1
FakeVideo-FakeAudio/African/men/id00366/00118_id00076_Isiq7cA-DNE_faceswap_id01779_wavtolip.npz,6.521204948425293,1
FakeVideo-FakeAudio/African/men/id00366/00118_id00076_Isiq7cA-DNE_faceswap_id02316_wavtolip.npz,7.14968729019165,1
FakeVideo-FakeAudio/African/men/id00366/00118_id00076_Isiq7cA-DNE_faceswap_id02342_wavtolip.npz,9.878649711608887,1
FakeVideo-FakeAudio/African/men/id00366/00118_id00076_Isiq7cA-DNE_faceswap_id02494_wavtolip.npz,8.133139610290527,1
FakeVideo-FakeAudio/African/men/id00366/00118_id00076_Isiq7cA-DNE_id00944_wavtolip.npz,8.703714370727539,1
FakeVideo-FakeAudio/African/men/id00366/00118_id00476_UgdYVJ6xPYg_id00076_wavtolip.npz,9.50343132019043,1
FakeVideo-FakeAudio/African/men/id00366/00118_id00781_fvsSae9yc0A_id01597_wavtolip.npz,6.8994460105896,1
FakeVideo-FakeAudio/African/men/id00366/00118_id00781_wavtolip.npz,7.888492584228516,1
FakeVideo-FakeAudio/African/men/id00366/00118_id01170_wavtolip.npz,9.690093040466309,1
FakeVideo-FakeAudio/African/men/id00366/00118_id01207_mt129WTRSII_id02316_wavtolip.npz,7.310000896453857,1
FakeVideo-FakeAudio/African/men/id00366/00118_id01236_wavtolip.npz,9.971083641052246,1
FakeVideo-FakeAudio/African/men/id00366/00118_id01528_wavtolip.npz,7.6644415855407715,1
FakeVideo-FakeAudio/African/men/id00366/00118_id01544_uBo9585VW2A_id02342_wavtolip.npz,9.778532981872559,1
FakeVideo-FakeAudio/African/men/id00366/00118_id01598_wavtolip.npz,9.640307426452637,1
FakeVideo-FakeAudio/African/men/id00366/00118_id01637_5VjcPZm8knM_id01835_wavtolip.npz,4.291234016418457,1
FakeVideo-FakeAudio/African/men/id00366/00118_id01691_IVtS5z8Jrrk_id01597_wavtolip.npz,7.332571029663086,1
FakeVideo-FakeAudio/African/men/id00366/00118_id01717_JDW6p8yU13A_id01856_wavtolip.npz,5.970665454864502,1
FakeVideo-FakeAudio/African/men/id00366/00118_id01717_wavtolip.npz,8.753813743591309,1
FakeVideo-FakeAudio/African/men/id00366/00118_id01835_wavtolip.npz,4.521331787109375,1
FakeVideo-FakeAudio/African/men/id00366/00118_id01856_wavtolip.npz,6.029691696166992,1
FakeVideo-FakeAudio/African/men/id00366/00118_id01920_w9C_knCPD94_id01170_wavtolip.npz,9.778973579406738,1
FakeVideo-FakeAudio/African/men/id00366/00118_id02005_7_Egh9mW5y4_id01544_wavtolip.npz,9.199023246765137,1
FakeVideo-FakeAudio/African/men/id00366/00118_id02005_wavtolip.npz,10.331018447875977,1
FakeVideo-FakeAudio/African/men/id00366/00118_id02268_wavtolip.npz,9.624768257141113,1
FakeVideo-FakeAudio/African/women/id00359/00053_id00460_wavtolip.npz,-3.1032156944274902,1
FakeVideo-FakeAudio/African/women/id00359/00053_id01178_wavtolip.npz,-0.414360910654068,1
FakeVideo-FakeAudio/African/women/id00359/00053_id01838_q_lUk55OrL0_faceswap_id00568_wavtolip.npz,7.744138717651367,1
FakeVideo-FakeAudio/African/women/id00359/00053_id01838_q_lUk55OrL0_faceswap_id03658_wavtolip.npz,10.130654335021973,1
FakeVideo-FakeAudio/African/women/id00359/00053_id01838_q_lUk55OrL0_faceswap_id04736_wavtolip.npz,7.764072418212891,1
FakeVideo-FakeAudio/African/women/id00359/00053_id01838_q_lUk55OrL0_faceswap_id05106_wavtolip.npz,10.07713794708252,1
FakeVideo-FakeAudio/African/women/id00359/00053_id01838_q_lUk55OrL0_faceswap_id05252_wavtolip.npz,10.845012664794922,1
FakeVideo-FakeAudio/African/women/id00359/00053_id01838_wavtolip.npz,10.375814437866211,1
FakeVideo-FakeAudio/African/women/id00359/00053_id02071_cHuDh9F87vA_id02948_wavtolip.npz,9.174195289611816,1
FakeVideo-FakeAudio/African/women/id00359/00053_id02508_wavtolip.npz,5.842533588409424,1
FakeVideo-FakeAudio/African/women/id00359/00053_id02586_dEYzYDsbAeo_id01907_wavtolip.npz,10.48163890838623,1
FakeVideo-FakeAudio/African/women/id00359/00053_id02721_wavtolip.npz,9.998125076293945,1
FakeVideo-FakeAudio/African/women/id00359/00053_id02838_kaCQlSGlLe8_id04689_wavtolip.npz,9.805364608764648,1
FakeVideo-FakeAudio/African/women/id00359/00053_id02948_wavtolip.npz,9.161123275756836,1
FakeVideo-FakeAudio/African/women/id00359/00053_id04376_wavtolip.npz,10.698836326599121,1
FakeVideo-FakeAudio/African/women/id00359/00053_id04437_wavtolip.npz,7.2924628257751465,1
FakeVideo-FakeAudio/African/women/id00359/00053_id04547_3Qy2g2M47Aw_id03747_wavtolip.npz,3.8036391735076904,1
FakeVideo-FakeAudio/African/women/id00359/00053_id04736_wavtolip.npz,7.7899322509765625,1
FakeVideo-FakeAudio/African/women/id00359/00053_id04820_64ybrA1atlM_id00577_wavtolip.npz,11.309578895568848,1
FakeVideo-FakeAudio/African/women/id00359/00053_id05106_ZnnDdjlABM4_id03569_wavtolip.npz,9.816033363342285,1
FakeVideo-FakeAudio/African/women/id00359/00053_id05980_bbg4HtuM_jo_id00829_wavtolip.npz,8.559426307678223,1
FakeVideo-FakeAudio/African/women/id00359/00053_id05980_wavtolip.npz,9.263884544372559,1
FakeVideo-FakeAudio/African/women/id01907/00148_id00220_WlHLlTQKj8g_id00359_wavtolip.npz,9.442843437194824,1
FakeVideo-FakeAudio/African/women/id01907/00148_id00371_t20i0HtPwW0_id00832_wavtolip.npz,9.106224060058594,1
FakeVideo-FakeAudio/African/women/id01907/00148_id00829_aMEvVaUBq2Y_id00592_wavtolip.npz,5.871199131011963,1
FakeVideo-FakeAudio/African/women/id01907/00148_id00832_Jr4-dXRChME_id00577_wavtolip.npz,10.997467994689941,1
FakeVideo-FakeAudio/African/women/id01907/00148_id01532_XnlWp_s_f7Q_id02301_wavtolip.npz,8.88813591003418,1
FakeVideo-FakeAudio/African/women/id01907/00148_id01838_wavtolip.npz,10.484641075134277,1
FakeVideo-FakeAudio/African/women/id01907/00148_id02586_wavtolip.npz,9.24339771270752,1
FakeVideo-FakeAudio/African/women/id01907/00148_id03569_wavtolip.npz,9.697417259216309,1
FakeVideo-FakeAudio/African/women/id01907/00148_id03747_wavtolip.npz,3.594979763031006,1
FakeVideo-FakeAudio/African/women/id01907/00148_id04055_wavtolip.npz,8.715227127075195,1
FakeVideo-FakeAudio/African/women/id01907/00148_id04705_wavtolip.npz,5.147066593170166,1
FakeVideo-FakeAudio/African/women/id01907/00148_id04705_ziJ9JsYr4R0_id01838_wavtolip.npz,10.42932415008545,1
FakeVideo-FakeAudio/African/women/id01907/00148_id04736_wavtolip.npz,0.57386314868927,1
FakeVideo-FakeAudio/African/women/id01907/00148_id04820_wavtolip.npz,7.877254962921143,1
FakeVideo-FakeAudio/African/women/id01907/00148_id04939_wavtolip.npz,8.70942211151123,1
FakeVideo-FakeAudio/African/women/id01907/00148_id05235_ASy8lP3SRtw_faceswap_id00371_wavtolip.npz,9.297396659851074,1
FakeVideo-FakeAudio/African/women/id01907/00148_id05235_ASy8lP3SRtw_faceswap_id03656_wavtolip.npz,6.72857666015625,1
FakeVideo-FakeAudio/African/women/id01907/00148_id05235_ASy8lP3SRtw_faceswap_id04437_wavtolip.npz,9.143343925476074,1
FakeVideo-FakeAudio/African/women/id01907/00148_id05235_ASy8lP3SRtw_faceswap_id05251_wavtolip.npz,9.533028602600098,1
FakeVideo-FakeAudio/African/women/id01907/00148_id05235_ASy8lP3SRtw_faceswap_id05252_wavtolip.npz,10.428648948669434,1
FakeVideo-FakeAudio/African/women/id01907/00148_id05235_ASy8lP3SRtw_id02838_wavtolip.npz,0.7611929178237915,1
FakeVideo-FakeAudio/African/women/id01907/00148_id05252_CMxIX3absYM_id00832_wavtolip.npz,9.012420654296875,1
FakeVideo-FakeAudio/African/women/id01661/00059_id00371_t20i0HtPwW0_id05980_wavtolip.npz,9.400237083435059,1
FakeVideo-FakeAudio/African/women/id01661/00059_id00371_wavtolip.npz,8.794235229492188,1
FakeVideo-FakeAudio/African/women/id01661/00059_id00577_wavtolip.npz,11.35062313079834,1
FakeVideo-FakeAudio/African/women/id01661/00059_id00592_wavtolip.npz,-3.2333576679229736,1
FakeVideo-FakeAudio/African/women/id01661/00059_id00832_wavtolip.npz,9.405709266662598,1
FakeVideo-FakeAudio/African/women/id01661/00059_id01178_wavtolip.npz,-3.8435776233673096,1
FakeVideo-FakeAudio/African/women/id01661/00059_id01661_wavtolip.npz,9.394366264343262,1
FakeVideo-FakeAudio/African/women/id01661/00059_id01783_WBUM0bHzWNA_id04376_wavtolip.npz,10.51136589050293,1
FakeVideo-FakeAudio/African/women/id01661/00059_id01838_wavtolip.npz,10.854090690612793,1
FakeVideo-FakeAudio/African/women/id01661/00059_id01907_LBcRkuRq0uY_id02808_wavtolip.npz,-0.26676279306411743,1
FakeVideo-FakeAudio/African/women/id01661/00059_id02071_wavtolip.npz,7.316823959350586,1
FakeVideo-FakeAudio/African/women/id01661/00059_id02508_wavtolip.npz,7.3360466957092285,1
FakeVideo-FakeAudio/African/women/id01661/00059_id02586_wavtolip.npz,9.396598815917969,1
FakeVideo-FakeAudio/African/women/id01661/00059_id03656_wavtolip.npz,6.015493869781494,1
FakeVideo-FakeAudio/African/women/id01661/00059_id03713_wavtolip.npz,9.416366577148438,1
FakeVideo-FakeAudio/African/women/id01661/00059_id04055_0qrzF4HLXHY_id04055_wavtolip.npz,9.525782585144043,1
FakeVideo-FakeAudio/African/women/id01661/00059_id04055_wavtolip.npz,9.167349815368652,1
FakeVideo-FakeAudio/African/women/id01661/00059_id04939_i4v2cXo9HIQ_id02071_wavtolip.npz,7.376940727233887,1
FakeVideo-FakeAudio/African/women/id01661/00059_id05252_CMxIX3absYM_id00592_wavtolip.npz,-2.5520992279052734,1
FakeVideo-FakeAudio/African/women/id03747/00273_id00220_WlHLlTQKj8g_id05251_wavtolip.npz,9.466926574707031,1
FakeVideo-FakeAudio/African/women/id03747/00273_id00220_wavtolip.npz,9.507707595825195,1
FakeVideo-FakeAudio/African/women/id03747/00273_id00359_RZMQan-7me4_id00592_wavtolip.npz,4.096128463745117,1
FakeVideo-FakeAudio/African/women/id03747/00273_id00577_wavtolip.npz,10.911306381225586,1
FakeVideo-FakeAudio/African/women/id03747/00273_id00707_wavtolip.npz,10.06029987335205,1
FakeVideo-FakeAudio/African/women/id03747/00273_id01907_wavtolip.npz,-0.23000988364219666,1
FakeVideo-FakeAudio/African/women/id03747/00273_id02071_cHuDh9F87vA_id02071_wavtolip.npz,7.286221981048584,1
FakeVideo-FakeAudio/African/women/id03747/00273_id02617_wavtolip.npz,10.358551979064941,1
FakeVideo-FakeAudio/African/women/id03747/00273_id02808_wavtolip.npz,10.53142261505127,1
FakeVideo-FakeAudio/African/women/id03747/00273_id02824_glBy_mYcXZw_faceswap_id01661_wavtolip.npz,8.702364921569824,1
FakeVideo-FakeAudio/African/women/id03747/00273_id02824_glBy_mYcXZw_faceswap_id04055_wavtolip.npz,8.47884464263916,1
FakeVideo-FakeAudio/African/women/id03747/00273_id02824_glBy_mYcXZw_faceswap_id04374_wavtolip.npz,8.946090698242188,1
FakeVideo-FakeAudio/African/women/id03747/00273_id02824_glBy_mYcXZw_faceswap_id04547_wavtolip.npz,9.723409652709961,1
FakeVideo-FakeAudio/African/women/id03747/00273_id02824_glBy_mYcXZw_faceswap_id05235_wavtolip.npz,9.375944137573242,1
FakeVideo-FakeAudio/African/women/id03747/00273_id02824_glBy_mYcXZw_id00592_wavtolip.npz,4.059523105621338,1
FakeVideo-FakeAudio/African/women/id03747/00273_id02838_wavtolip.npz,9.56190299987793,1
FakeVideo-FakeAudio/African/women/id03747/00273_id03569_wavtolip.npz,9.751191139221191,1
FakeVideo-FakeAudio/African/women/id03747/00273_id04374_SWltOOZmlWM_id05252_wavtolip.npz,10.363090515136719,1
FakeVideo-FakeAudio/African/women/id03747/00273_id04689_0YqK1ksKjLg_id00359_wavtolip.npz,9.515212059020996,1
FakeVideo-FakeAudio/African/women/id03747/00273_id05231_wavtolip.npz,8.486310958862305,1
FakeVideo-FakeAudio/African/women/id03747/00273_id05231_wfbM5puT6eQ_id02948_wavtolip.npz,4.900774955749512,1
FakeVideo-FakeAudio/African/women/id03747/00273_id05235_ASy8lP3SRtw_id05251_wavtolip.npz,9.452963829040527,1
FakeVideo-FakeAudio/African/women/id03747/00273_id05235_wavtolip.npz,9.390793800354004,1
FakeVideo-FakeAudio/African/women/id03713/00249_id00371_t20i0HtPwW0_id04689_wavtolip.npz,9.73596477508545,1
FakeVideo-FakeAudio/African/women/id03713/00249_id00371_wavtolip.npz,7.011142730712891,1
FakeVideo-FakeAudio/African/women/id03713/00249_id00577_wavtolip.npz,11.405416488647461,1
FakeVideo-FakeAudio/African/women/id03713/00249_id01532_XnlWp_s_f7Q_id05106_wavtolip.npz,5.336016654968262,1
FakeVideo-FakeAudio/African/women/id03713/00249_id01661_wavtolip.npz,9.154828071594238,1
FakeVideo-FakeAudio/African/women/id03713/00249_id01783_wavtolip.npz,7.813117980957031,1
FakeVideo-FakeAudio/African/women/id03713/00249_id02508_wavtolip.npz,3.506650686264038,1
FakeVideo-FakeAudio/African/women/id03713/00249_id02586_wavtolip.npz,9.52920913696289,1
FakeVideo-FakeAudio/African/women/id03713/00249_id02617_4EZjRXC4fLk_faceswap_id00220_wavtolip.npz,9.47049617767334,1
FakeVideo-FakeAudio/African/women/id03713/00249_id02617_4EZjRXC4fLk_faceswap_id00832_wavtolip.npz,9.136951446533203,1
FakeVideo-FakeAudio/African/women/id03713/00249_id02617_4EZjRXC4fLk_faceswap_id01178_wavtolip.npz,-2.5917139053344727,1
FakeVideo-FakeAudio/African/women/id03713/00249_id02617_4EZjRXC4fLk_faceswap_id01532_wavtolip.npz,8.143795013427734,1
FakeVideo-FakeAudio/African/women/id03713/00249_id02617_4EZjRXC4fLk_faceswap_id04245_wavtolip.npz,9.672172546386719,1
FakeVideo-FakeAudio/African/women/id03713/00249_id02721_wavtolip.npz,9.577625274658203,1
FakeVideo-FakeAudio/African/women/id03713/00249_id02824_glBy_mYcXZw_id04437_wavtolip.npz,8.95275592803955,1
FakeVideo-FakeAudio/African/women/id03713/00249_id03103_wiCYm3THQPw_id04820_wavtolip.npz,9.454503059387207,1
FakeVideo-FakeAudio/African/women/id03713/00249_id03658_8Wtu9VXKqjY_id05235_wavtolip.npz,10.276721000671387,1
FakeVideo-FakeAudio/African/women/id03713/00249_id04736__D2k4fMhEfQ_id00829_wavtolip.npz,9.628949165344238,1
FakeVideo-FakeAudio/African/women/id03713/00249_id04736_wavtolip.npz,2.779582977294922,1
FakeVideo-FakeAudio/African/women/id02721/00424_id00359_wavtolip.npz,9.526345252990723,1
FakeVideo-FakeAudio/African/women/id02721/00424_id00371_t20i0HtPwW0_id04939_wavtolip.npz,9.256156921386719,1
FakeVideo-FakeAudio/African/women/id02721/00424_id00568_gakhcJXnJZ8_id04939_wavtolip.npz,9.399660110473633,1
FakeVideo-FakeAudio/African/women/id02721/00424_id00707_wavtolip.npz,10.279921531677246,1
FakeVideo-FakeAudio/African/women/id02721/00424_id01178_wavtolip.npz,9.402573585510254,1
FakeVideo-FakeAudio/African/women/id02721/00424_id01661_wavtolip.npz,9.006356239318848,1
FakeVideo-FakeAudio/African/women/id02721/00424_id01783_wavtolip.npz,6.742588996887207,1
FakeVideo-FakeAudio/African/women/id02721/00424_id02071_wavtolip.npz,7.31326150894165,1
FakeVideo-FakeAudio/African/women/id02721/00424_id02586_dEYzYDsbAeo_id04939_wavtolip.npz,9.414373397827148,1
FakeVideo-FakeAudio/African/women/id02721/00424_id02617_wavtolip.npz,10.605570793151855,1
FakeVideo-FakeAudio/African/women/id02721/00424_id02721_wavtolip.npz,9.952143669128418,1
FakeVideo-FakeAudio/African/women/id02721/00424_id02808_nZtvxh6Eesc_id00371_wavtolip.npz,9.385908126831055,1
FakeVideo-FakeAudio/African/women/id02721/00424_id02824_wavtolip.npz,9.858475685119629,1
FakeVideo-FakeAudio/African/women/id02721/00424_id02948__ZEDGNWjuFE_id05235_wavtolip.npz,10.11085033416748,1
FakeVideo-FakeAudio/African/women/id02721/00424_id03658_8Wtu9VXKqjY_faceswap_id00371_wavtolip.npz,9.158249855041504,1
FakeVideo-FakeAudio/African/women/id02721/00424_id03658_8Wtu9VXKqjY_faceswap_id02824_wavtolip.npz,9.827166557312012,1
FakeVideo-FakeAudio/African/women/id02721/00424_id03658_8Wtu9VXKqjY_faceswap_id02838_wavtolip.npz,0.4960710108280182,1
FakeVideo-FakeAudio/African/women/id02721/00424_id03658_8Wtu9VXKqjY_faceswap_id02948_wavtolip.npz,4.860297679901123,1
FakeVideo-FakeAudio/African/women/id02721/00424_id03658_8Wtu9VXKqjY_faceswap_id04820_wavtolip.npz,8.251254081726074,1
FakeVideo-FakeAudio/African/women/id02721/00424_id03658_8Wtu9VXKqjY_id02808_wavtolip.npz,0.07062074542045593,1
FakeVideo-FakeAudio/African/women/id02721/00424_id03658_wavtolip.npz,10.518535614013672,1
FakeVideo-FakeAudio/African/women/id02721/00424_id04705_ziJ9JsYr4R0_id05980_wavtolip.npz,9.44675064086914,1
FakeVideo-FakeAudio/African/women/id02721/00424_id05231_wfbM5puT6eQ_id00568_wavtolip.npz,8.885096549987793,1
FakeVideo-FakeAudio/African/women/id04547/00052_2_id00832_wavtolip.npz,8.886862754821777,1
FakeVideo-FakeAudio/African/women/id04547/00052_2_id02617_wavtolip.npz,10.644135475158691,1
FakeVideo-FakeAudio/African/women/id04547/00052_2_id02808_wavtolip.npz,-0.09182761609554291,1
FakeVideo-FakeAudio/African/women/id04547/00052_2_id02824_wavtolip.npz,9.774564743041992,1
FakeVideo-FakeAudio/African/women/id04547/00052_2_id05251_wavtolip.npz,9.649012565612793,1
FakeVideo-FakeAudio/African/women/id04547/00052_id00568_wavtolip.npz,9.051137924194336,1
FakeVideo-FakeAudio/African/women/id04547/00052_id00829_aMEvVaUBq2Y_id04540_wavtolip.npz,9.729135513305664,1
FakeVideo-FakeAudio/African/women/id04547/00052_id00832_wavtolip.npz,8.976823806762695,1
FakeVideo-FakeAudio/African/women/id04547/00052_id01532_wavtolip.npz,9.504976272583008,1
FakeVideo-FakeAudio/African/women/id04547/00052_id01783_wavtolip.npz,6.358706474304199,1
FakeVideo-FakeAudio/African/women/id04547/00052_id02586_dEYzYDsbAeo_id02586_wavtolip.npz,9.524832725524902,1
FakeVideo-FakeAudio/African/women/id04547/00052_id02721_wavtolip.npz,9.033382415771484,1
FakeVideo-FakeAudio/African/women/id04547/00052_id03103_wiCYm3THQPw_id00460_wavtolip.npz,0.6596192121505737,1
FakeVideo-FakeAudio/African/women/id04547/00052_id03656_draVIyyqLtk_id02808_wavtolip.npz,0.6053263545036316,1
FakeVideo-FakeAudio/African/women/id04547/00052_id03713_wavtolip.npz,8.670380592346191,1
FakeVideo-FakeAudio/African/women/id04547/00052_id04374_SWltOOZmlWM_id04939_wavtolip.npz,8.874276161193848,1
FakeVideo-FakeAudio/African/women/id04547/00052_id04540_9KNIjew03AQ_id01661_wavtolip.npz,8.898355484008789,1
FakeVideo-FakeAudio/African/women/id04547/00052_id04540_wavtolip.npz,9.716903686523438,1
FakeVideo-FakeAudio/African/women/id04547/00052_id04689_wavtolip.npz,9.946122169494629,1
FakeVideo-FakeAudio/African/women/id00220/00027_id00220_wavtolip.npz,10.448195457458496,1
FakeVideo-FakeAudio/African/women/id00220/00027_id00707_wavtolip.npz,9.982711791992188,1
FakeVideo-FakeAudio/African/women/id00220/00027_id01178_6XpgYMiKxhc_id05235_wavtolip.npz,10.33558177947998,1
FakeVideo-FakeAudio/African/women/id00220/00027_id01907_LBcRkuRq0uY_id04705_wavtolip.npz,5.067997455596924,1
FakeVideo-FakeAudio/African/women/id00220/00027_id02586_wavtolip.npz,9.198501586914062,1
FakeVideo-FakeAudio/African/women/id00220/00027_id02617_wavtolip.npz,10.197628021240234,1
FakeVideo-FakeAudio/African/women/id00220/00027_id02824_glBy_mYcXZw_id04437_wavtolip.npz,9.307049751281738,1
FakeVideo-FakeAudio/African/women/id00220/00027_id02838_wavtolip.npz,1.5170537233352661,1
FakeVideo-FakeAudio/African/women/id00220/00027_id02948_wavtolip.npz,4.955141544342041,1
FakeVideo-FakeAudio/African/women/id00220/00027_id03569_YO0EpPm9p-8_id04376_wavtolip.npz,10.699738502502441,1
FakeVideo-FakeAudio/African/women/id00220/00027_id03569_wavtolip.npz,9.883844375610352,1
FakeVideo-FakeAudio/African/women/id00220/00027_id03658_wavtolip.npz,10.39326000213623,1
FakeVideo-FakeAudio/African/women/id00220/00027_id04376_wavtolip.npz,10.521102905273438,1
FakeVideo-FakeAudio/African/women/id00220/00027_id04939_i4v2cXo9HIQ_id00707_wavtolip.npz,10.041747093200684,1
FakeVideo-FakeAudio/African/women/id00220/00027_id05251_wavtolip.npz,9.722879409790039,1
FakeVideo-FakeAudio/African/women/id00220/00027_id05252_wavtolip.npz,10.354485511779785,1
FakeVideo-FakeAudio/African/women/id04820/00015_id00220_wavtolip.npz,9.630877494812012,1
FakeVideo-FakeAudio/African/women/id04820/00015_id00359_wavtolip.npz,9.437267303466797,1
FakeVideo-FakeAudio/African/women/id04820/00015_id01178_wavtolip.npz,9.31643009185791,1
FakeVideo-FakeAudio/African/women/id04820/00015_id01783_wavtolip.npz,6.940462112426758,1
FakeVideo-FakeAudio/African/women/id04820/00015_id02617_wavtolip.npz,10.497416496276855,1
FakeVideo-FakeAudio/African/women/id04820/00015_id02824_wavtolip.npz,9.496081352233887,1
FakeVideo-FakeAudio/African/women/id04820/00015_id02948__ZEDGNWjuFE_faceswap_id00568_wavtolip.npz,5.9191436767578125,1
FakeVideo-FakeAudio/African/women/id04820/00015_id02948__ZEDGNWjuFE_faceswap_id01783_wavtolip.npz,6.869480133056641,1
FakeVideo-FakeAudio/African/women/id04820/00015_id02948__ZEDGNWjuFE_faceswap_id02721_wavtolip.npz,8.863723754882812,1
FakeVideo-FakeAudio/African/women/id04820/00015_id02948__ZEDGNWjuFE_faceswap_id04376_wavtolip.npz,10.729978561401367,1
FakeVideo-FakeAudio/African/women/id04820/00015_id02948__ZEDGNWjuFE_faceswap_id04689_wavtolip.npz,9.784101486206055,1
FakeVideo-FakeAudio/African/women/id04820/00015_id02948__ZEDGNWjuFE_id04939_wavtolip.npz,8.914791107177734,1
FakeVideo-FakeAudio/African/women/id04820/00015_id03747_wavtolip.npz,0.7951467037200928,1
FakeVideo-FakeAudio/African/women/id04820/00015_id04055_wavtolip.npz,8.591728210449219,1
FakeVideo-FakeAudio/African/women/id04820/00015_id05106_wavtolip.npz,5.158112525939941,1
FakeVideo-FakeAudio/African/women/id04736/00083_id00359_wavtolip.npz,9.450979232788086,1
FakeVideo-FakeAudio/African/women/id04736/00083_id01661_wavtolip.npz,8.843243598937988,1
FakeVideo-FakeAudio/African/women/id04736/00083_id02071_wavtolip.npz,7.2849626541137695,1
FakeVideo-FakeAudio/African/women/id04736/00083_id02508_wavtolip.npz,3.2458856105804443,1
FakeVideo-FakeAudio/African/women/id04736/00083_id04055_wavtolip.npz,8.644221305847168,1
FakeVideo-FakeAudio/African/women/id04736/00083_id04689_wavtolip.npz,9.705696105957031,1
FakeVideo-FakeAudio/African/women/id04736/00083_id05235_ASy8lP3SRtw_faceswap_id00592_wavtolip.npz,4.099393367767334,1
FakeVideo-FakeAudio/African/women/id04736/00083_id05235_ASy8lP3SRtw_faceswap_id01907_wavtolip.npz,-0.5782091617584229,1
FakeVideo-FakeAudio/African/women/id04736/00083_id05235_ASy8lP3SRtw_faceswap_id02721_wavtolip.npz,9.191597938537598,1
FakeVideo-FakeAudio/African/women/id04736/00083_id05235_ASy8lP3SRtw_faceswap_id04245_wavtolip.npz,9.759452819824219,1
FakeVideo-FakeAudio/African/women/id04736/00083_id05235_ASy8lP3SRtw_id05231_wavtolip.npz,8.843003273010254,1
FakeVideo-FakeAudio/African/women/id04736/00083_id05251_wavtolip.npz,9.486405372619629,1
FakeVideo-FakeAudio/African/women/id04736/00083_id05252_wavtolip.npz,10.1517972946167,1
FakeVideo-FakeAudio/African/women/id04376/00181_id00220_WlHLlTQKj8g_id04547_wavtolip.npz,9.915254592895508,1
FakeVideo-FakeAudio/African/women/id04376/00181_id00220_wavtolip.npz,9.40718936920166,1
FakeVideo-FakeAudio/African/women/id04376/00181_id00829_aMEvVaUBq2Y_id02948_wavtolip.npz,4.860297203063965,1
FakeVideo-FakeAudio/African/women/id04376/00181_id00829_wavtolip.npz,9.999679565429688,1
FakeVideo-FakeAudio/African/women/id04376/00181_id01661_wavtolip.npz,9.098532676696777,1
FakeVideo-FakeAudio/African/women/id04376/00181_id01783_wavtolip.npz,6.813057899475098,1
FakeVideo-FakeAudio/African/women/id04376/00181_id02301_wavtolip.npz,8.752951622009277,1
FakeVideo-FakeAudio/African/women/id04376/00181_id02508_wavtolip.npz,6.049236297607422,1
FakeVideo-FakeAudio/African/women/id04376/00181_id02586_dEYzYDsbAeo_id05106_wavtolip.npz,5.255801200866699,1
FakeVideo-FakeAudio/African/women/id04376/00181_id02838_kaCQlSGlLe8_id05231_wavtolip.npz,10.105935096740723,1
FakeVideo-FakeAudio/African/women/id04376/00181_id03656_wavtolip.npz,4.784830093383789,1
FakeVideo-FakeAudio/African/women/id04376/00181_id03658_8Wtu9VXKqjY_id02586_wavtolip.npz,9.390643119812012,1
FakeVideo-FakeAudio/African/women/id04376/00181_id04055_wavtolip.npz,8.606524467468262,1
FakeVideo-FakeAudio/African/women/id04376/00181_id04374_SWltOOZmlWM_id01838_wavtolip.npz,10.403637886047363,1
FakeVideo-FakeAudio/African/women/id04376/00181_id04437_2csrqaF55pk_faceswap_id00371_wavtolip.npz,8.761519432067871,1
FakeVideo-FakeAudio/African/women/id04376/00181_id04437_2csrqaF55pk_faceswap_id00460_wavtolip.npz,-4.2354230880737305,1
FakeVideo-FakeAudio/African/women/id04376/00181_id04437_2csrqaF55pk_faceswap_id00577_wavtolip.npz,10.870140075683594,1
FakeVideo-FakeAudio/African/women/id04376/00181_id04437_2csrqaF55pk_faceswap_id01838_wavtolip.npz,10.206075668334961,1
FakeVideo-FakeAudio/African/women/id04376/00181_id04437_2csrqaF55pk_faceswap_id02721_wavtolip.npz,9.30772590637207,1
FakeVideo-FakeAudio/African/women/id04376/00181_id05106_wavtolip.npz,5.086371421813965,1
FakeVideo-FakeAudio/African/women/id04374/00032_id00359_wavtolip.npz,9.346390724182129,1
FakeVideo-FakeAudio/African/women/id04374/00032_id00592_wavtolip.npz,4.148604393005371,1
FakeVideo-FakeAudio/African/women/id04374/00032_id00707_feeHCIlo6jg_id04055_wavtolip.npz,8.673994064331055,1
FakeVideo-FakeAudio/African/women/id04374/00032_id00832_wavtolip.npz,9.03400707244873,1
FakeVideo-FakeAudio/African/women/id04374/00032_id02617_wavtolip.npz,10.660745620727539,1
FakeVideo-FakeAudio/African/women/id04374/00032_id02721_wavtolip.npz,9.28371524810791,1
FakeVideo-FakeAudio/African/women/id04374/00032_id02824_wavtolip.npz,9.699084281921387,1
FakeVideo-FakeAudio/African/women/id04374/00032_id02838_kaCQlSGlLe8_id01783_wavtolip.npz,8.748865127563477,1
FakeVideo-FakeAudio/African/women/id04374/00032_id03656_draVIyyqLtk_id04437_wavtolip.npz,9.27546215057373,1
FakeVideo-FakeAudio/African/women/id04374/00032_id04547_3Qy2g2M47Aw_id02301_wavtolip.npz,8.827000617980957,1
FakeVideo-FakeAudio/African/women/id04374/00032_id04689_0YqK1ksKjLg_faceswap_id00371_wavtolip.npz,9.179521560668945,1
FakeVideo-FakeAudio/African/women/id04374/00032_id04689_0YqK1ksKjLg_faceswap_id01532_wavtolip.npz,9.534967422485352,1
FakeVideo-FakeAudio/African/women/id04374/00032_id04689_0YqK1ksKjLg_faceswap_id04689_wavtolip.npz,9.349148750305176,1
FakeVideo-FakeAudio/African/women/id04374/00032_id04689_0YqK1ksKjLg_faceswap_id05231_wavtolip.npz,8.395142555236816,1
FakeVideo-FakeAudio/African/women/id04374/00032_id04820_wavtolip.npz,7.986557960510254,1
FakeVideo-FakeAudio/African/women/id04374/00032_id04939_wavtolip.npz,9.409228324890137,1
FakeVideo-FakeAudio/African/women/id04374/00032_id05106_wavtolip.npz,5.155792236328125,1
FakeVideo-FakeAudio/African/women/id04374/00032_id05231_wfbM5puT6eQ_id03569_wavtolip.npz,9.757879257202148,1
FakeVideo-FakeAudio/African/women/id02824/00130_id00359_wavtolip.npz,9.83246898651123,1
FakeVideo-FakeAudio/African/women/id02824/00130_id00568_wavtolip.npz,9.30525016784668,1
FakeVideo-FakeAudio/African/women/id02824/00130_id00829_wavtolip.npz,10.275938987731934,1
FakeVideo-FakeAudio/African/women/id02824/00130_id00832_Jr4-dXRChME_id04939_wavtolip.npz,8.90200424194336,1
FakeVideo-FakeAudio/African/women/id02824/00130_id00832_wavtolip.npz,9.40268325805664,1
FakeVideo-FakeAudio/African/women/id02824/00130_id01532_wavtolip.npz,9.83232307434082,1
FakeVideo-FakeAudio/African/women/id02824/00130_id01661_SdP_Monh-_4_id00568_wavtolip.npz,9.264686584472656,1
FakeVideo-FakeAudio/African/women/id02824/00130_id02301_wavtolip.npz,9.506999969482422,1
FakeVideo-FakeAudio/African/women/id02824/00130_id02824_wavtolip.npz,9.73686408996582,1
FakeVideo-FakeAudio/African/women/id02824/00130_id03656_draVIyyqLtk_id04437_wavtolip.npz,9.327256202697754,1
FakeVideo-FakeAudio/African/women/id02824/00130_id03747_wQOOhZvnrq4_faceswap_id01783_wavtolip.npz,6.300600051879883,1
FakeVideo-FakeAudio/African/women/id02824/00130_id03747_wQOOhZvnrq4_faceswap_id02617_wavtolip.npz,10.810003280639648,1
FakeVideo-FakeAudio/African/women/id02824/00130_id03747_wQOOhZvnrq4_faceswap_id04245_wavtolip.npz,10.481858253479004,1
FakeVideo-FakeAudio/African/women/id02824/00130_id03747_wQOOhZvnrq4_faceswap_id05106_wavtolip.npz,5.287967205047607,1
FakeVideo-FakeAudio/African/women/id02824/00130_id03747_wQOOhZvnrq4_faceswap_id05231_wavtolip.npz,9.121847152709961,1
FakeVideo-FakeAudio/African/women/id02824/00130_id03747_wQOOhZvnrq4_id03713_wavtolip.npz,8.829458236694336,1
FakeVideo-FakeAudio/African/women/id02824/00130_id04437_wavtolip.npz,9.365195274353027,1
FakeVideo-FakeAudio/African/women/id02824/00130_id04705_ziJ9JsYr4R0_id02948_wavtolip.npz,4.829896926879883,1
FakeVideo-FakeAudio/African/women/id02824/00130_id05106_wavtolip.npz,5.155717849731445,1
FakeVideo-FakeAudio/African/women/id02824/00130_id05231_wfbM5puT6eQ_id02721_wavtolip.npz,9.290844917297363,1
FakeVideo-FakeAudio/African/women/id02824/00130_id05252_CMxIX3absYM_id02721_wavtolip.npz,9.275941848754883,1
FakeVideo-FakeAudio/African/women/id02824/00130_id05252_wavtolip.npz,10.757587432861328,1
FakeVideo-FakeAudio/Caucasian (American)/men/id04216/00470_id00018_sap-FjURHlc_id00777_wavtolip.npz,10.546095848083496,1
FakeVideo-FakeAudio/Caucasian (American)/men/id04216/00470_id00029_TGpCGl036qk_faceswap_id00029_wavtolip.npz,3.871783494949341,1
FakeVideo-FakeAudio/Caucasian (American)/men/id04216/00470_id00029_TGpCGl036qk_faceswap_id00087_wavtolip.npz,9.604547500610352,1
FakeVideo-FakeAudio/Caucasian (American)/men/id04216/00470_id00029_TGpCGl036qk_faceswap_id01042_wavtolip.npz,9.936327934265137,1
FakeVideo-FakeAudio/Caucasian (American)/men/id04216/00470_id00029_TGpCGl036qk_faceswap_id01163_wavtolip.npz,9.585968017578125,1
FakeVideo-FakeAudio/Caucasian (American)/men/id04216/00470_id00029_TGpCGl036qk_faceswap_id01175_wavtolip.npz,5.50616979598999,1
FakeVideo-FakeAudio/Caucasian (American)/men/id04216/00470_id00029_TGpCGl036qk_id01192_wavtolip.npz,10.764107704162598,1
FakeVideo-FakeAudio/Caucasian (American)/men/id04216/00470_id00052_wavtolip.npz,-1.2957806587219238,1
FakeVideo-FakeAudio/Caucasian (American)/men/id04216/00470_id00062_bctnrIvZHTs_id00184_wavtolip.npz,9.832923889160156,1
FakeVideo-FakeAudio/Caucasian (American)/men/id04216/00470_id00062_wavtolip.npz,10.851176261901855,1
FakeVideo-FakeAudio/Caucasian (American)/men/id04216/00470_id00169__V1xAwwG29U_id03678_wavtolip.npz,7.981152057647705,1
FakeVideo-FakeAudio/Caucasian (American)/men/id04216/00470_id00179_Ux9OYyipQi8_id04073_wavtolip.npz,10.496909141540527,1
FakeVideo-FakeAudio/Caucasian (American)/men/id04216/00470_id00529_wavtolip.npz,6.034255027770996,1
FakeVideo-FakeAudio/Caucasian (American)/men/id04216/00470_id00708_wavtolip.npz,7.1936140060424805,1
FakeVideo-FakeAudio/Caucasian (American)/men/id04216/00470_id00775_wavtolip.npz,6.725841522216797,1
FakeVideo-FakeAudio/Caucasian (American)/men/id04216/00470_id00945_wavtolip.npz,8.834368705749512,1
FakeVideo-FakeAudio/Caucasian (American)/men/id04216/00470_id01044_yL58R6zBNf4_id01192_wavtolip.npz,10.778395652770996,1
FakeVideo-FakeAudio/Caucasian (American)/men/id04216/00470_id01048_wavtolip.npz,9.2167387008667,1
FakeVideo-FakeAudio/Caucasian (American)/men/id04216/00470_id01105_qxMlGJlyfA8_id01172_wavtolip.npz,5.3182053565979,1
FakeVideo-FakeAudio/Caucasian (American)/men/id04216/00470_id01163_QSMeUEH3lJM_id00169_wavtolip.npz,7.481019973754883,1
FakeVideo-FakeAudio/Caucasian (American)/men/id04216/00470_id01175_wavtolip.npz,5.454131603240967,1
FakeVideo-FakeAudio/Caucasian (American)/men/id04216/00470_id01239_gJvquKo7kbA_id04073_wavtolip.npz,10.326323509216309,1
FakeVideo-FakeAudio/Caucasian (American)/men/id04216/00470_id03668_wavtolip.npz,8.671769142150879,1
FakeVideo-FakeAudio/Caucasian (American)/men/id04216/00470_id03678_wavtolip.npz,8.331608772277832,1
FakeVideo-FakeAudio/Caucasian (American)/men/id04216/00470_id04073_KT7B07WFWyM_id01175_wavtolip.npz,5.52848482131958,1
FakeVideo-FakeAudio/Caucasian (American)/men/id03525/00048_0_id00060_wavtolip.npz,7.2933669090271,1
FakeVideo-FakeAudio/Caucasian (American)/men/id03525/00048_0_id00945_wavtolip.npz,8.594963073730469,1
FakeVideo-FakeAudio/Caucasian (American)/men/id03525/00048_0_id01168_wavtolip.npz,9.532796859741211,1
FakeVideo-FakeAudio/Caucasian (American)/men/id03525/00048_0_id01182_wavtolip.npz,10.164671897888184,1
FakeVideo-FakeAudio/Caucasian (American)/men/id03525/00048_0_id01201_wavtolip.npz,9.640225410461426,1
FakeVideo-FakeAudio/Caucasian (American)/men/id03525/00048_1_id00179_wavtolip.npz,4.321269989013672,1
FakeVideo-FakeAudio/Caucasian (American)/men/id03525/00048_1_id00696_wavtolip.npz,9.732192039489746,1
FakeVideo-FakeAudio/Caucasian (American)/men/id03525/00048_1_id01048_wavtolip.npz,9.014366149902344,1
FakeVideo-FakeAudio/Caucasian (American)/men/id03525/00048_1_id03757_wavtolip.npz,6.6398539543151855,1
FakeVideo-FakeAudio/Caucasian (American)/men/id03525/00048_1_id04216_wavtolip.npz,10.030970573425293,1
FakeVideo-FakeAudio/Caucasian (American)/men/id03525/00048_2_id00020_wavtolip.npz,0.07909565418958664,1
FakeVideo-FakeAudio/Caucasian (American)/men/id03525/00048_2_id00777_wavtolip.npz,10.157971382141113,1
FakeVideo-FakeAudio/Caucasian (American)/men/id03525/00048_2_id01105_wavtolip.npz,8.695497512817383,1
FakeVideo-FakeAudio/Caucasian (American)/men/id03525/00048_2_id01192_wavtolip.npz,10.572072982788086,1
FakeVideo-FakeAudio/Caucasian (American)/men/id03525/00048_2_id04219_wavtolip.npz,-1.7645808458328247,1
FakeVideo-FakeAudio/Caucasian (American)/men/id03525/00048_id00060_gZ4RkcQ0SXE_id01182_wavtolip.npz,10.524151802062988,1
FakeVideo-FakeAudio/Caucasian (American)/men/id03525/00048_id00062_bctnrIvZHTs_id01210_wavtolip.npz,9.152812957763672,1
FakeVideo-FakeAudio/Caucasian (American)/men/id03525/00048_id00087_0ZbOp9FgZf8_id00062_wavtolip.npz,10.806315422058105,1
FakeVideo-FakeAudio/Caucasian (American)/men/id03525/00048_id00087_wavtolip.npz,8.57907772064209,1
FakeVideo-FakeAudio/Caucasian (American)/men/id03525/00048_id00169_wavtolip.npz,7.172881126403809,1
FakeVideo-FakeAudio/Caucasian (American)/men/id03525/00048_id00529_xtx2GeQN-DQ_id01172_wavtolip.npz,5.415314674377441,1
FakeVideo-FakeAudio/Caucasian (American)/men/id03525/00048_id00777_wavtolip.npz,10.376364707946777,1
FakeVideo-FakeAudio/Caucasian (American)/men/id03525/00048_id00945_V-rSeF8o5pc_id00264_wavtolip.npz,9.556133270263672,1
FakeVideo-FakeAudio/Caucasian (American)/men/id03525/00048_id00971_wavtolip.npz,0.13733187317848206,1
FakeVideo-FakeAudio/Caucasian (American)/men/id03525/00048_id01035_wavtolip.npz,10.279962539672852,1
FakeVideo-FakeAudio/Caucasian (American)/men/id03525/00048_id01044_wavtolip.npz,1.407047152519226,1
FakeVideo-FakeAudio/Caucasian (American)/men/id03525/00048_id01044_yL58R6zBNf4_id00087_wavtolip.npz,8.5931396484375,1
FakeVideo-FakeAudio/Caucasian (American)/men/id03525/00048_id01124_wavtolip.npz,10.090343475341797,1
FakeVideo-FakeAudio/Caucasian (American)/men/id03525/00048_id01163_QSMeUEH3lJM_id04219_wavtolip.npz,8.168557167053223,1
FakeVideo-FakeAudio/Caucasian (American)/men/id03525/00048_id01201_wavtolip.npz,9.726412773132324,1
FakeVideo-FakeAudio/Caucasian (American)/men/id03525/00048_id01210_sMdOO7NqsGY_id00529_wavtolip.npz,6.141842842102051,1
FakeVideo-FakeAudio/Caucasian (American)/men/id03525/00048_id03757_L-M-XbdFLQM_id01168_wavtolip.npz,9.497995376586914,1
FakeVideo-FakeAudio/Caucasian (American)/men/id03525/00048_id03757_wavtolip.npz,6.580983638763428,1
FakeVideo-FakeAudio/Caucasian (American)/men/id03525/00048_id04219_wavtolip.npz,8.38298511505127,1
FakeVideo-FakeAudio/Caucasian (American)/men/id03525/00048_id04221_5XfsCrxGvj4_faceswap_id00029_wavtolip.npz,3.8210442066192627,1
FakeVideo-FakeAudio/Caucasian (American)/men/id03525/00048_id04221_5XfsCrxGvj4_faceswap_id00087_wavtolip.npz,8.576930046081543,1
FakeVideo-FakeAudio/Caucasian (American)/men/id03525/00048_id04221_5XfsCrxGvj4_faceswap_id00943_wavtolip.npz,9.185715675354004,1
FakeVideo-FakeAudio/Caucasian (American)/men/id03525/00048_id04221_5XfsCrxGvj4_faceswap_id01172_wavtolip.npz,5.287686347961426,1
FakeVideo-FakeAudio/Caucasian (American)/men/id03525/00048_id04221_5XfsCrxGvj4_faceswap_id03757_wavtolip.npz,6.599447250366211,1
FakeVideo-FakeAudio/Caucasian (American)/men/id03525/00048_id04221_5XfsCrxGvj4_id00708_wavtolip.npz,7.111405849456787,1
FakeVideo-FakeAudio/Caucasian (American)/men/id03757/00149_0_id00018_wavtolip.npz,3.2230396270751953,1
FakeVideo-FakeAudio/Caucasian (American)/men/id03757/00149_0_id00169_wavtolip.npz,7.155276775360107,1
FakeVideo-FakeAudio/Caucasian (American)/men/id03757/00149_0_id01048_wavtolip.npz,9.209054946899414,1
FakeVideo-FakeAudio/Caucasian (American)/men/id03757/00149_0_id01124_wavtolip.npz,10.212157249450684,1
FakeVideo-FakeAudio/Caucasian (American)/men/id03757/00149_0_id04219_wavtolip.npz,8.013221740722656,1
FakeVideo-FakeAudio/Caucasian (American)/men/id03757/00149_1_id00052_wavtolip.npz,-1.4122153520584106,1
FakeVideo-FakeAudio/Caucasian (American)/men/id03757/00149_1_id00062_wavtolip.npz,10.819367408752441,1
FakeVideo-FakeAudio/Caucasian (American)/men/id03757/00149_1_id00264_wavtolip.npz,9.27746295928955,1
FakeVideo-FakeAudio/Caucasian (American)/men/id03757/00149_1_id00777_wavtolip.npz,10.448461532592773,1
FakeVideo-FakeAudio/Caucasian (American)/men/id03757/00149_1_id01035_wavtolip.npz,10.299375534057617,1
FakeVideo-FakeAudio/Caucasian (American)/men/id03757/00149_3_id00087_wavtolip.npz,8.61646556854248,1
FakeVideo-FakeAudio/Caucasian (American)/men/id03757/00149_3_id00775_wavtolip.npz,6.788110256195068,1
FakeVideo-FakeAudio/Caucasian (American)/men/id03757/00149_3_id01048_wavtolip.npz,9.089802742004395,1
FakeVideo-FakeAudio/Caucasian (American)/men/id03757/00149_3_id01172_wavtolip.npz,5.302671432495117,1
FakeVideo-FakeAudio/Caucasian (American)/men/id03757/00149_3_id04219_wavtolip.npz,8.297171592712402,1
FakeVideo-FakeAudio/Caucasian (American)/men/id03757/00149_id00018_sap-FjURHlc_id00777_wavtolip.npz,10.216910362243652,1
FakeVideo-FakeAudio/Caucasian (American)/men/id03757/00149_id00020_VXYAbbQWyQM_id00169_wavtolip.npz,9.517851829528809,1
FakeVideo-FakeAudio/Caucasian (American)/men/id03757/00149_id00052_wavtolip.npz,-1.9553884267807007,1
FakeVideo-FakeAudio/Caucasian (American)/men/id03757/00149_id00088_wavtolip.npz,9.133498191833496,1
FakeVideo-FakeAudio/Caucasian (American)/men/id03757/00149_id00169__V1xAwwG29U_id00021_wavtolip.npz,7.9660444259643555,1
FakeVideo-FakeAudio/Caucasian (American)/men/id03757/00149_id00184_wavtolip.npz,9.940714836120605,1
FakeVideo-FakeAudio/Caucasian (American)/men/id03757/00149_id00345_wavtolip.npz,8.762626647949219,1
FakeVideo-FakeAudio/Caucasian (American)/men/id03757/00149_id00708_wavtolip.npz,0.5345446467399597,1
FakeVideo-FakeAudio/Caucasian (American)/men/id03757/00149_id00775_yeCUxHgUHxc_id04216_wavtolip.npz,10.280721664428711,1
FakeVideo-FakeAudio/Caucasian (American)/men/id03757/00149_id00945_wavtolip.npz,7.810390472412109,1
FakeVideo-FakeAudio/Caucasian (American)/men/id03757/00149_id00971_edWrVVn-rC4_id01211_wavtolip.npz,8.027667045593262,1
FakeVideo-FakeAudio/Caucasian (American)/men/id03757/00149_id01105_wavtolip.npz,8.723578453063965,1
FakeVideo-FakeAudio/Caucasian (American)/men/id03757/00149_id01124_wavtolip.npz,9.783027648925781,1
FakeVideo-FakeAudio/Caucasian (American)/men/id03757/00149_id01168_Uz7M0nTbgWM_faceswap_id00062_wavtolip.npz,10.630906105041504,1
FakeVideo-FakeAudio/Caucasian (American)/men/id03757/00149_id01168_Uz7M0nTbgWM_faceswap_id00945_wavtolip.npz,7.817813873291016,1
FakeVideo-FakeAudio/Caucasian (American)/men/id03757/00149_id01168_Uz7M0nTbgWM_faceswap_id01044_wavtolip.npz,0.40622809529304504,1
FakeVideo-FakeAudio/Caucasian (American)/men/id03757/00149_id01168_Uz7M0nTbgWM_faceswap_id01192_wavtolip.npz,10.4816312789917,1
FakeVideo-FakeAudio/Caucasian (American)/men/id03757/00149_id01168_Uz7M0nTbgWM_faceswap_id03757_wavtolip.npz,9.469782829284668,1
FakeVideo-FakeAudio/Caucasian (American)/men/id03757/00149_id01168_Uz7M0nTbgWM_id04221_wavtolip.npz,-1.8468103408813477,1
FakeVideo-FakeAudio/Caucasian (American)/men/id03757/00149_id01172_8f8sdrQatpw_id01105_wavtolip.npz,8.891383171081543,1
FakeVideo-FakeAudio/Caucasian (American)/men/id03757/00149_id01201_Q8XWfmNiWYA_id03525_wavtolip.npz,10.175732612609863,1
FakeVideo-FakeAudio/Caucasian (American)/men/id03757/00149_id03757_wavtolip.npz,9.464871406555176,1
FakeVideo-FakeAudio/Caucasian (American)/men/id03757/00149_id04034_8ZeJXbjFa_o_id01042_wavtolip.npz,10.023134231567383,1
FakeVideo-FakeAudio/Caucasian (American)/men/id03757/00149_id04216_wavtolip.npz,10.045589447021484,1
FakeVideo-FakeAudio/Caucasian (American)/men/id00169/00021_id00018_sap-FjURHlc_id00088_wavtolip.npz,9.304494857788086,1
FakeVideo-FakeAudio/Caucasian (American)/men/id00169/00021_id00020_wavtolip.npz,0.7477589249610901,1
FakeVideo-FakeAudio/Caucasian (American)/men/id00169/00021_id00049_wavtolip.npz,3.0543060302734375,1
FakeVideo-FakeAudio/Caucasian (American)/men/id00169/00021_id00052_wavtolip.npz,-1.6142535209655762,1
FakeVideo-FakeAudio/Caucasian (American)/men/id00169/00021_id00179_Ux9OYyipQi8_faceswap_id00169_wavtolip.npz,9.118216514587402,1
FakeVideo-FakeAudio/Caucasian (American)/men/id00169/00021_id00179_Ux9OYyipQi8_faceswap_id00529_wavtolip.npz,6.804910659790039,1
FakeVideo-FakeAudio/Caucasian (American)/men/id00169/00021_id00179_Ux9OYyipQi8_faceswap_id00943_wavtolip.npz,8.382594108581543,1
FakeVideo-FakeAudio/Caucasian (American)/men/id00169/00021_id00179_Ux9OYyipQi8_faceswap_id03668_wavtolip.npz,8.93300724029541,1
FakeVideo-FakeAudio/Caucasian (American)/men/id00169/00021_id00179_Ux9OYyipQi8_faceswap_id03757_wavtolip.npz,6.753050327301025,1
FakeVideo-FakeAudio/Caucasian (American)/men/id00169/00021_id00179_Ux9OYyipQi8_id03678_wavtolip.npz,8.172046661376953,1
FakeVideo-FakeAudio/Caucasian (American)/men/id00169/00021_id00243_wavtolip.npz,-2.017038345336914,1
FakeVideo-FakeAudio/Caucasian (American)/men/id00169/00021_id00529_wavtolip.npz,6.836461544036865,1
FakeVideo-FakeAudio/Caucasian (American)/men/id00169/00021_id00696_7PrURACjhqU_id00021_wavtolip.npz,3.5130791664123535,1
FakeVideo-FakeAudio/Caucasian (American)/men/id00169/00021_id00943_wavtolip.npz,8.53444766998291,1
FakeVideo-FakeAudio/Caucasian (American)/men/id00169/00021_id00945_wavtolip.npz,8.39239501953125,1
FakeVideo-FakeAudio/Caucasian (American)/men/id00169/00021_id01042_wavtolip.npz,10.100411415100098,1
FakeVideo-FakeAudio/Caucasian (American)/men/id00169/00021_id01048_keflA4viWt8_id00529_wavtolip.npz,6.854142189025879,1
FakeVideo-FakeAudio/Caucasian (American)/men/id00169/00021_id01096_wavtolip.npz,10.364008903503418,1
FakeVideo-FakeAudio/Caucasian (American)/men/id00169/00021_id01163_QSMeUEH3lJM_id00243_wavtolip.npz,-2.3688080310821533,1
FakeVideo-FakeAudio/Caucasian (American)/men/id00169/00021_id01182_wavtolip.npz,10.53466796875,1
FakeVideo-FakeAudio/Caucasian (American)/men/id00169/00021_id01192_kAht8HG7-1s_id04073_wavtolip.npz,10.649112701416016,1
FakeVideo-FakeAudio/Caucasian (American)/men/id00169/00021_id01201_Q8XWfmNiWYA_id04219_wavtolip.npz,8.154997825622559,1
FakeVideo-FakeAudio/Caucasian (American)/men/id00169/00021_id03668_mjurT3_7DpE_id00088_wavtolip.npz,9.138936042785645,1
FakeVideo-FakeAudio/Caucasian (American)/men/id00169/00021_id03678_dsfCxodI9i8_id03678_wavtolip.npz,8.12485408782959,1
FakeVideo-FakeAudio/Caucasian (American)/men/id00169/00021_id04216_uDwxIsHkBIM_id03668_wavtolip.npz,9.003087043762207,1
FakeVideo-FakeAudio/Caucasian (American)/men/id00184/00241_id00018_sap-FjURHlc_id00945_wavtolip.npz,8.853522300720215,1
FakeVideo-FakeAudio/Caucasian (American)/men/id00184/00241_id00020_wavtolip.npz,0.7350938320159912,1
FakeVideo-FakeAudio/Caucasian (American)/men/id00184/00241_id00021_wavtolip.npz,3.3265938758850098,1
FakeVideo-FakeAudio/Caucasian (American)/men/id00184/00241_id00060_wavtolip.npz,8.153878211975098,1
FakeVideo-FakeAudio/Caucasian (American)/men/id00184/00241_id00062_bctnrIvZHTs_id01168_wavtolip.npz,9.520848274230957,1
FakeVideo-FakeAudio/Caucasian (American)/men/id00184/00241_id00087_0ZbOp9FgZf8_faceswap_id00088_wavtolip.npz,9.080728530883789,1
FakeVideo-FakeAudio/Caucasian (American)/men/id00184/00241_id00087_0ZbOp9FgZf8_faceswap_id00184_wavtolip.npz,9.902298927307129,1
FakeVideo-FakeAudio/Caucasian (American)/men/id00184/00241_id00087_0ZbOp9FgZf8_faceswap_id00264_wavtolip.npz,9.796523094177246,1
FakeVideo-FakeAudio/Caucasian (American)/men/id00184/00241_id00087_0ZbOp9FgZf8_faceswap_id00777_wavtolip.npz,10.454005241394043,1
FakeVideo-FakeAudio/Caucasian (American)/men/id00184/00241_id00087_0ZbOp9FgZf8_faceswap_id01035_wavtolip.npz,10.34919261932373,1
FakeVideo-FakeAudio/Caucasian (American)/men/id00184/00241_id00087_0ZbOp9FgZf8_id00020_wavtolip.npz,0.7667951583862305,1
FakeVideo-FakeAudio/Caucasian (American)/men/id00184/00241_id00184_wavtolip.npz,10.032419204711914,1
FakeVideo-FakeAudio/Caucasian (American)/men/id00184/00241_id00243_wavtolip.npz,3.505937337875366,1
FakeVideo-FakeAudio/Caucasian (American)/men/id00184/00241_id00708_wavtolip.npz,7.514101505279541,1
FakeVideo-FakeAudio/Caucasian (American)/men/id00184/00241_id01042_afqWPqWwJIY_id01201_wavtolip.npz,10.443473815917969,1
FakeVideo-FakeAudio/Caucasian (American)/men/id00184/00241_id01048_keflA4viWt8_id00169_wavtolip.npz,7.47040319442749,1
FakeVideo-FakeAudio/Caucasian (American)/men/id00184/00241_id01105_wavtolip.npz,9.445638656616211,1
FakeVideo-FakeAudio/Caucasian (American)/men/id00184/00241_id01201_Q8XWfmNiWYA_id01044_wavtolip.npz,0.6724889278411865,1
FakeVideo-FakeAudio/Caucasian (American)/men/id00184/00241_id01201_wavtolip.npz,10.447206497192383,1
FakeVideo-FakeAudio/Caucasian (American)/men/id00184/00241_id01239_wavtolip.npz,9.236001014709473,1
FakeVideo-FakeAudio/Caucasian (American)/men/id00184/00241_id03757_L-M-XbdFLQM_id00264_wavtolip.npz,9.591447830200195,1
FakeVideo-FakeAudio/Caucasian (American)/men/id00184/00241_id04034_wavtolip.npz,1.217413067817688,1
FakeVideo-FakeAudio/Caucasian (American)/men/id00184/00241_id04216_uDwxIsHkBIM_id00264_wavtolip.npz,9.696761131286621,1
FakeVideo-FakeAudio/Caucasian (American)/men/id00184/00241_id04219_9llHvP-jYDg_id01172_wavtolip.npz,5.275845050811768,1
FakeVideo-FakeAudio/Caucasian (American)/men/id00184/00241_id04221_5XfsCrxGvj4_id01168_wavtolip.npz,9.612988471984863,1
FakeVideo-FakeAudio/Caucasian (American)/men/id00021/00010_id00018_sap-FjURHlc_id01182_wavtolip.npz,10.483011245727539,1
FakeVideo-FakeAudio/Caucasian (American)/men/id00021/00010_id00021_wavtolip.npz,8.03765869140625,1
FakeVideo-FakeAudio/Caucasian (American)/men/id00021/00010_id00052_NK_leX996Yk_id00708_wavtolip.npz,7.287251949310303,1
FakeVideo-FakeAudio/Caucasian (American)/men/id00021/00010_id00062_wavtolip.npz,10.820324897766113,1
FakeVideo-FakeAudio/Caucasian (American)/men/id00021/00010_id00088_6WIDWxr8vuU_faceswap_id00062_wavtolip.npz,10.85529613494873,1
FakeVideo-FakeAudio/Caucasian (American)/men/id00021/00010_id00088_6WIDWxr8vuU_faceswap_id00088_wavtolip.npz,9.221757888793945,1
FakeVideo-FakeAudio/Caucasian (American)/men/id00021/00010_id00088_6WIDWxr8vuU_faceswap_id00775_wavtolip.npz,6.777771949768066,1
FakeVideo-FakeAudio/Caucasian (American)/men/id00021/00010_id00088_6WIDWxr8vuU_faceswap_id01182_wavtolip.npz,10.594977378845215,1
FakeVideo-FakeAudio/Caucasian (American)/men/id00021/00010_id00088_6WIDWxr8vuU_faceswap_id04216_wavtolip.npz,10.144367218017578,1
FakeVideo-FakeAudio/Caucasian (American)/men/id00021/00010_id00088_6WIDWxr8vuU_id00529_wavtolip.npz,6.987887382507324,1
FakeVideo-FakeAudio/Caucasian (American)/men/id00021/00010_id00179_Ux9OYyipQi8_id01044_wavtolip.npz,-0.42694684863090515,1
FakeVideo-FakeAudio/Caucasian (American)/men/id00021/00010_id00696_wavtolip.npz,10.141759872436523,1
FakeVideo-FakeAudio/Caucasian (American)/men/id00021/00010_id00775_wavtolip.npz,6.713395118713379,1
FakeVideo-FakeAudio/Caucasian (American)/men/id00021/00010_id00943_LxSv2rnBGA8_id01175_wavtolip.npz,7.2477898597717285,1
FakeVideo-FakeAudio/Caucasian (American)/men/id00021/00010_id01035_6EWG3Ywu3jg_id04221_wavtolip.npz,-2.6985950469970703,1
FakeVideo-FakeAudio/Caucasian (American)/men/id00021/00010_id01035_wavtolip.npz,10.483354568481445,1
FakeVideo-FakeAudio/Caucasian (American)/men/id00021/00010_id01048_wavtolip.npz,9.31027889251709,1
FakeVideo-FakeAudio/Caucasian (American)/men/id00021/00010_id01105_wavtolip.npz,7.948650360107422,1
FakeVideo-FakeAudio/Caucasian (American)/men/id00021/00010_id01124_wavtolip.npz,9.984618186950684,1
FakeVideo-FakeAudio/Caucasian (American)/men/id00021/00010_id01175_Q_36xlWL6_o_id04073_wavtolip.npz,10.465499877929688,1
FakeVideo-FakeAudio/Caucasian (American)/men/id00021/00010_id01182_wavtolip.npz,10.381293296813965,1
FakeVideo-FakeAudio/Caucasian (American)/men/id00021/00010_id01192_kAht8HG7-1s_id04221_wavtolip.npz,-2.2145094871520996,1
FakeVideo-FakeAudio/Caucasian (American)/men/id00021/00010_id04073_KT7B07WFWyM_id00529_wavtolip.npz,6.99821138381958,1
FakeVideo-FakeAudio/Caucasian (American)/men/id00021/00010_id04216_uDwxIsHkBIM_id00775_wavtolip.npz,6.725452423095703,1
FakeVideo-FakeAudio/Caucasian (American)/men/id00021/00010_id04219_wavtolip.npz,8.173553466796875,1
FakeVideo-FakeAudio/Caucasian (American)/men/id01163/00195_id00018_sap-FjURHlc_faceswap_id00087_wavtolip.npz,0.3017493784427643,1
FakeVideo-FakeAudio/Caucasian (American)/men/id01163/00195_id00018_sap-FjURHlc_faceswap_id01096_wavtolip.npz,10.084905624389648,1
FakeVideo-FakeAudio/Caucasian (American)/men/id01163/00195_id00018_sap-FjURHlc_faceswap_id03678_wavtolip.npz,7.888625144958496,1
FakeVideo-FakeAudio/Caucasian (American)/men/id01163/00195_id00018_sap-FjURHlc_faceswap_id04073_wavtolip.npz,10.384154319763184,1
FakeVideo-FakeAudio/Caucasian (American)/men/id01163/00195_id00018_sap-FjURHlc_faceswap_id04219_wavtolip.npz,7.973533630371094,1
FakeVideo-FakeAudio/Caucasian (American)/men/id01163/00195_id00018_sap-FjURHlc_id00179_wavtolip.npz,3.9813449382781982,1
FakeVideo-FakeAudio/Caucasian (American)/men/id01163/00195_id00021_wavtolip.npz,3.4634246826171875,1
FakeVideo-FakeAudio/Caucasian (American)/men/id01163/00195_id00060_gZ4RkcQ0SXE_id01211_wavtolip.npz,7.835770130157471,1
FakeVideo-FakeAudio/Caucasian (American)/men/id01163/00195_id00062_bctnrIvZHTs_id00943_wavtolip.npz,7.605320453643799,1
FakeVideo-FakeAudio/Caucasian (American)/men/id01163/00195_id00062_wavtolip.npz,10.66003704071045,1
FakeVideo-FakeAudio/Caucasian (American)/men/id01163/00195_id00088_6WIDWxr8vuU_id01211_wavtolip.npz,8.077093124389648,1
FakeVideo-FakeAudio/Caucasian (American)/men/id01163/00195_id00179_Ux9OYyipQi8_id01042_wavtolip.npz,10.013633728027344,1
FakeVideo-FakeAudio/Caucasian (American)/men/id01163/00195_id00529_xtx2GeQN-DQ_id00169_wavtolip.npz,9.217185974121094,1
FakeVideo-FakeAudio/Caucasian (American)/men/id01163/00195_id00696_wavtolip.npz,9.910584449768066,1
FakeVideo-FakeAudio/Caucasian (American)/men/id01163/00195_id00775_wavtolip.npz,6.688224792480469,1
FakeVideo-FakeAudio/Caucasian (American)/men/id01163/00195_id00945_wavtolip.npz,8.198563575744629,1
FakeVideo-FakeAudio/Caucasian (American)/men/id01163/00195_id01105_wavtolip.npz,9.598278045654297,1
FakeVideo-FakeAudio/Caucasian (American)/men/id01163/00195_id01124_Lnf2oGSM00s_id00243_wavtolip.npz,-1.7386596202850342,1
FakeVideo-FakeAudio/Caucasian (American)/men/id01163/00195_id01172_wavtolip.npz,5.2080230712890625,1
FakeVideo-FakeAudio/Caucasian (American)/men/id01163/00195_id01192_kAht8HG7-1s_id04073_wavtolip.npz,10.413026809692383,1
FakeVideo-FakeAudio/Caucasian (American)/men/id01163/00195_id04073_wavtolip.npz,10.476036071777344,1
FakeVideo-FakeAudio/Caucasian (American)/men/id01163/00195_id04216_uDwxIsHkBIM_id00529_wavtolip.npz,6.728911399841309,1
FakeVideo-FakeAudio/Caucasian (American)/men/id01163/00195_id04219_wavtolip.npz,7.87876558303833,1
FakeVideo-FakeAudio/Caucasian (American)/men/id01163/00195_id04221_wavtolip.npz,-1.7827646732330322,1
FakeVideo-FakeAudio/Caucasian (American)/men/id00088/00005_id00018_sap-FjURHlc_id00529_wavtolip.npz,6.83656644821167,1
FakeVideo-FakeAudio/Caucasian (American)/men/id00088/00005_id00020_wavtolip.npz,0.9707097411155701,1
FakeVideo-FakeAudio/Caucasian (American)/men/id00088/00005_id00021_6uNNej-JZ-c_faceswap_id00020_wavtolip.npz,1.0984872579574585,1
FakeVideo-FakeAudio/Caucasian (American)/men/id00088/00005_id00021_6uNNej-JZ-c_faceswap_id00029_wavtolip.npz,4.165048122406006,1
FakeVideo-FakeAudio/Caucasian (American)/men/id00088/00005_id00021_6uNNej-JZ-c_faceswap_id00060_wavtolip.npz,8.130815505981445,1
FakeVideo-FakeAudio/Caucasian (American)/men/id00088/00005_id00021_6uNNej-JZ-c_faceswap_id00179_wavtolip.npz,4.338241100311279,1
FakeVideo-FakeAudio/Caucasian (American)/men/id00088/00005_id00021_6uNNej-JZ-c_faceswap_id04219_wavtolip.npz,8.241117477416992,1
FakeVideo-FakeAudio/Caucasian (American)/men/id00088/00005_id00021_6uNNej-JZ-c_id00345_wavtolip.npz,8.746119499206543,1
FakeVideo-FakeAudio/Caucasian (American)/men/id00088/00005_id00029_wavtolip.npz,4.036930561065674,1
FakeVideo-FakeAudio/Caucasian (American)/men/id00088/00005_id00049_S_EHTUF-mQY_id00049_wavtolip.npz,1.9147446155548096,1
FakeVideo-FakeAudio/Caucasian (American)/men/id00088/00005_id00052_wavtolip.npz,-1.9845579862594604,1
FakeVideo-FakeAudio/Caucasian (American)/men/id00088/00005_id00060_gZ4RkcQ0SXE_id00029_wavtolip.npz,4.058002471923828,1
FakeVideo-FakeAudio/Caucasian (American)/men/id00088/00005_id00060_wavtolip.npz,8.278300285339355,1
FakeVideo-FakeAudio/Caucasian (American)/men/id00088/00005_id00062_wavtolip.npz,10.705916404724121,1
FakeVideo-FakeAudio/Caucasian (American)/men/id00088/00005_id00243_oWwEIXM3oZQ_id00049_wavtolip.npz,1.9809049367904663,1
FakeVideo-FakeAudio/Caucasian (American)/men/id00088/00005_id00264_wavtolip.npz,9.529358863830566,1
FakeVideo-FakeAudio/Caucasian (American)/men/id00088/00005_id00345_wavtolip.npz,8.794846534729004,1
FakeVideo-FakeAudio/Caucasian (American)/men/id00088/00005_id01042_wavtolip.npz,10.035834312438965,1
FakeVideo-FakeAudio/Caucasian (American)/men/id00088/00005_id01096_wavtolip.npz,10.282254219055176,1
FakeVideo-FakeAudio/Caucasian (American)/men/id00088/00005_id01124_Lnf2oGSM00s_id00169_wavtolip.npz,8.991082191467285,1
FakeVideo-FakeAudio/Caucasian (American)/men/id00088/00005_id01124_wavtolip.npz,9.973282814025879,1
FakeVideo-FakeAudio/Caucasian (American)/men/id00088/00005_id01163_QSMeUEH3lJM_id00087_wavtolip.npz,-0.06554220616817474,1
FakeVideo-FakeAudio/Caucasian (American)/men/id00088/00005_id01182_zca-PHR_U40_id00018_wavtolip.npz,3.875051498413086,1
FakeVideo-FakeAudio/Caucasian (American)/men/id00088/00005_id01201_Q8XWfmNiWYA_id01239_wavtolip.npz,2.1910905838012695,1
FakeVideo-FakeAudio/Caucasian (American)/men/id00264/00257_0_id00018_wavtolip.npz,6.426731586456299,1
FakeVideo-FakeAudio/Caucasian (American)/men/id00264/00257_0_id00943_wavtolip.npz,7.847372055053711,1
FakeVideo-FakeAudio/Caucasian (American)/men/id00264/00257_0_id01096_wavtolip.npz,9.851787567138672,1
FakeVideo-FakeAudio/Caucasian (American)/men/id00264/00257_0_id01182_wavtolip.npz,10.057299613952637,1
FakeVideo-FakeAudio/Caucasian (American)/men/id00264/00257_0_id03678_wavtolip.npz,8.830327987670898,1
FakeVideo-FakeAudio/Caucasian (American)/men/id00264/00257_1_id00169_wavtolip.npz,8.924379348754883,1
FakeVideo-FakeAudio/Caucasian (American)/men/id00264/00257_1_id00243_wavtolip.npz,-1.4742510318756104,1
FakeVideo-FakeAudio/Caucasian (American)/men/id00264/00257_1_id00943_wavtolip.npz,7.932087421417236,1
FakeVideo-FakeAudio/Caucasian (American)/men/id00264/00257_1_id01048_wavtolip.npz,9.389949798583984,1
FakeVideo-FakeAudio/Caucasian (American)/men/id00264/00257_1_id01163_wavtolip.npz,9.371135711669922,1
FakeVideo-FakeAudio/Caucasian (American)/men/id00264/00257_2_id00021_wavtolip.npz,3.4377291202545166,1
FakeVideo-FakeAudio/Caucasian (American)/men/id00264/00257_2_id01124_wavtolip.npz,9.188586235046387,1
FakeVideo-FakeAudio/Caucasian (American)/men/id00264/00257_2_id01172_wavtolip.npz,5.274409770965576,1
FakeVideo-FakeAudio/Caucasian (American)/men/id00264/00257_2_id01210_wavtolip.npz,9.120019912719727,1
FakeVideo-FakeAudio/Caucasian (American)/men/id00264/00257_2_id04221_wavtolip.npz,4.38052225112915,1
FakeVideo-FakeAudio/Caucasian (American)/men/id00264/00257_3_id00021_wavtolip.npz,3.564262628555298,1
FakeVideo-FakeAudio/Caucasian (American)/men/id00264/00257_3_id00060_wavtolip.npz,7.615642070770264,1
FakeVideo-FakeAudio/Caucasian (American)/men/id00264/00257_3_id00062_wavtolip.npz,10.825325012207031,1
FakeVideo-FakeAudio/Caucasian (American)/men/id00264/00257_3_id00777_wavtolip.npz,10.968579292297363,1
FakeVideo-FakeAudio/Caucasian (American)/men/id00264/00257_3_id03678_wavtolip.npz,7.8756022453308105,1
FakeVideo-FakeAudio/Caucasian (American)/men/id00264/00257_id00018_sap-FjURHlc_id00169_wavtolip.npz,9.068211555480957,1
FakeVideo-FakeAudio/Caucasian (American)/men/id00264/00257_id00018_wavtolip.npz,6.527197360992432,1
FakeVideo-FakeAudio/Caucasian (American)/men/id00264/00257_id00021_wavtolip.npz,3.516298294067383,1
FakeVideo-FakeAudio/Caucasian (American)/men/id00264/00257_id00049_S_EHTUF-mQY_id00179_wavtolip.npz,4.327037811279297,1
FakeVideo-FakeAudio/Caucasian (American)/men/id00264/00257_id00052_NK_leX996Yk_id01210_wavtolip.npz,9.079895973205566,1
FakeVideo-FakeAudio/Caucasian (American)/men/id00264/00257_id00052_wavtolip.npz,-0.4494006931781769,1
FakeVideo-FakeAudio/Caucasian (American)/men/id00264/00257_id00169_wavtolip.npz,9.018207550048828,1
FakeVideo-FakeAudio/Caucasian (American)/men/id00264/00257_id00184_wavtolip.npz,10.06908893585205,1
FakeVideo-FakeAudio/Caucasian (American)/men/id00264/00257_id00243_wavtolip.npz,-1.7854666709899902,1
FakeVideo-FakeAudio/Caucasian (American)/men/id00264/00257_id00345_wavtolip.npz,8.709930419921875,1
FakeVideo-FakeAudio/Caucasian (American)/men/id00264/00257_id00529_xtx2GeQN-DQ_id01124_wavtolip.npz,10.000150680541992,1
FakeVideo-FakeAudio/Caucasian (American)/men/id00264/00257_id00696_7PrURACjhqU_id01210_wavtolip.npz,9.114873886108398,1
FakeVideo-FakeAudio/Caucasian (American)/men/id00264/00257_id00945_V-rSeF8o5pc_id01210_wavtolip.npz,9.093303680419922,1
FakeVideo-FakeAudio/Caucasian (American)/men/id00264/00257_id00945_wavtolip.npz,8.314961433410645,1
FakeVideo-FakeAudio/Caucasian (American)/men/id00264/00257_id00971_wavtolip.npz,0.08200015127658844,1
FakeVideo-FakeAudio/Caucasian (American)/men/id00264/00257_id01182_zca-PHR_U40_id04034_wavtolip.npz,0.7100304961204529,1
FakeVideo-FakeAudio/Caucasian (American)/men/id00264/00257_id01201_Q8XWfmNiWYA_id00020_wavtolip.npz,0.5649076700210571,1
FakeVideo-FakeAudio/Caucasian (American)/men/id00264/00257_id03678_wavtolip.npz,8.832442283630371,1
FakeVideo-FakeAudio/Caucasian (American)/men/id00264/00257_id03757_L-M-XbdFLQM_id00943_wavtolip.npz,7.578598499298096,1
FakeVideo-FakeAudio/Caucasian (American)/men/id00264/00257_id04073_KT7B07WFWyM_id00062_wavtolip.npz,10.694161415100098,1
FakeVideo-FakeAudio/Caucasian (American)/men/id00529/00409_id00018_sap-FjURHlc_id01124_wavtolip.npz,10.012513160705566,1
FakeVideo-FakeAudio/Caucasian (American)/men/id00529/00409_id00020_wavtolip.npz,0.8451383113861084,1
FakeVideo-FakeAudio/Caucasian (American)/men/id00529/00409_id00029_wavtolip.npz,4.104484558105469,1
FakeVideo-FakeAudio/Caucasian (American)/men/id00529/00409_id00049_S_EHTUF-mQY_id00943_wavtolip.npz,8.39350414276123,1
FakeVideo-FakeAudio/Caucasian (American)/men/id00529/00409_id00060_gZ4RkcQ0SXE_id01105_wavtolip.npz,9.553889274597168,1
FakeVideo-FakeAudio/Caucasian (American)/men/id00529/00409_id00060_wavtolip.npz,8.193028450012207,1
FakeVideo-FakeAudio/Caucasian (American)/men/id00529/00409_id00169_wavtolip.npz,7.315720558166504,1
FakeVideo-FakeAudio/Caucasian (American)/men/id00529/00409_id00184_wavtolip.npz,10.069588661193848,1
FakeVideo-FakeAudio/Caucasian (American)/men/id00529/00409_id00243_oWwEIXM3oZQ_id01239_wavtolip.npz,2.9916083812713623,1
FakeVideo-FakeAudio/Caucasian (American)/men/id00529/00409_id00243_wavtolip.npz,3.0308008193969727,1
FakeVideo-FakeAudio/Caucasian (American)/men/id00529/00409_id00777_wavtolip.npz,10.5137939453125,1
FakeVideo-FakeAudio/Caucasian (American)/men/id00529/00409_id01105_wavtolip.npz,9.394696235656738,1
FakeVideo-FakeAudio/Caucasian (American)/men/id00529/00409_id01163_QSMeUEH3lJM_id00777_wavtolip.npz,10.704329490661621,1
FakeVideo-FakeAudio/Caucasian (American)/men/id00529/00409_id01168_Uz7M0nTbgWM_id00088_wavtolip.npz,9.245672225952148,1
FakeVideo-FakeAudio/Caucasian (American)/men/id00529/00409_id01172_8f8sdrQatpw_id01042_wavtolip.npz,10.207311630249023,1
FakeVideo-FakeAudio/Caucasian (American)/men/id00529/00409_id01182_wavtolip.npz,10.528167724609375,1
FakeVideo-FakeAudio/Caucasian (American)/men/id00529/00409_id01239_wavtolip.npz,3.0011274814605713,1
FakeVideo-FakeAudio/Caucasian (American)/men/id00529/00409_id03668_mjurT3_7DpE_id01172_wavtolip.npz,5.338983058929443,1
FakeVideo-FakeAudio/Caucasian (American)/men/id00529/00409_id03678_dsfCxodI9i8_faceswap_id00021_wavtolip.npz,3.347465753555298,1
FakeVideo-FakeAudio/Caucasian (American)/men/id00529/00409_id03678_dsfCxodI9i8_faceswap_id00243_wavtolip.npz,3.0164577960968018,1
FakeVideo-FakeAudio/Caucasian (American)/men/id00529/00409_id03678_dsfCxodI9i8_faceswap_id01042_wavtolip.npz,9.95272159576416,1
FakeVideo-FakeAudio/Caucasian (American)/men/id00529/00409_id03678_dsfCxodI9i8_faceswap_id01201_wavtolip.npz,10.465466499328613,1
FakeVideo-FakeAudio/Caucasian (American)/men/id00529/00409_id03678_dsfCxodI9i8_faceswap_id04034_wavtolip.npz,1.3410722017288208,1
FakeVideo-FakeAudio/Caucasian (American)/men/id00529/00409_id03678_dsfCxodI9i8_id00708_wavtolip.npz,7.388120174407959,1
FakeVideo-FakeAudio/Caucasian (American)/men/id00529/00409_id04034_8ZeJXbjFa_o_id01175_wavtolip.npz,5.526775360107422,1
FakeVideo-FakeAudio/Caucasian (American)/men/id00943/00304_id00021_6uNNej-JZ-c_faceswap_id00018_wavtolip.npz,3.6958625316619873,1
FakeVideo-FakeAudio/Caucasian (American)/men/id00943/00304_id00021_6uNNej-JZ-c_faceswap_id00029_wavtolip.npz,5.143922328948975,1
FakeVideo-FakeAudio/Caucasian (American)/men/id00943/00304_id00021_6uNNej-JZ-c_faceswap_id00087_wavtolip.npz,7.661914348602295,1
FakeVideo-FakeAudio/Caucasian (American)/men/id00943/00304_id00021_6uNNej-JZ-c_faceswap_id00179_wavtolip.npz,4.297626495361328,1
FakeVideo-FakeAudio/Caucasian (American)/men/id00943/00304_id00021_6uNNej-JZ-c_faceswap_id00184_wavtolip.npz,7.860632419586182,1
FakeVideo-FakeAudio/Caucasian (American)/men/id00943/00304_id00021_6uNNej-JZ-c_id04073_wavtolip.npz,10.631180763244629,1
FakeVideo-FakeAudio/Caucasian (American)/men/id00943/00304_id00049_S_EHTUF-mQY_id04221_wavtolip.npz,4.780848503112793,1
FakeVideo-FakeAudio/Caucasian (American)/men/id00943/00304_id00052_NK_leX996Yk_id01172_wavtolip.npz,5.323545455932617,1
FakeVideo-FakeAudio/Caucasian (American)/men/id00943/00304_id00060_gZ4RkcQ0SXE_id04221_wavtolip.npz,4.49185037612915,1
FakeVideo-FakeAudio/Caucasian (American)/men/id00943/00304_id00088_wavtolip.npz,9.085860252380371,1
FakeVideo-FakeAudio/Caucasian (American)/men/id00943/00304_id00179_Ux9OYyipQi8_id00179_wavtolip.npz,4.399517059326172,1
FakeVideo-FakeAudio/Caucasian (American)/men/id00943/00304_id00179_wavtolip.npz,4.266046524047852,1
FakeVideo-FakeAudio/Caucasian (American)/men/id00943/00304_id00184_wavtolip.npz,7.858647346496582,1
FakeVideo-FakeAudio/Caucasian (American)/men/id00943/00304_id00529_wavtolip.npz,6.118460178375244,1
FakeVideo-FakeAudio/Caucasian (American)/men/id00943/00304_id00529_xtx2GeQN-DQ_id00169_wavtolip.npz,7.198413848876953,1
FakeVideo-FakeAudio/Caucasian (American)/men/id00943/00304_id00777_wavtolip.npz,10.491961479187012,1
FakeVideo-FakeAudio/Caucasian (American)/men/id00943/00304_id00945_V-rSeF8o5pc_id04216_wavtolip.npz,10.108147621154785,1
FakeVideo-FakeAudio/Caucasian (American)/men/id00943/00304_id01044_yL58R6zBNf4_id00169_wavtolip.npz,7.290851593017578,1
FakeVideo-FakeAudio/Caucasian (American)/men/id00943/00304_id01192_wavtolip.npz,10.173828125,1
FakeVideo-FakeAudio/Caucasian (American)/men/id00943/00304_id01210_wavtolip.npz,9.13710880279541,1
FakeVideo-FakeAudio/Caucasian (American)/men/id00943/00304_id01211_wavtolip.npz,7.572931289672852,1
FakeVideo-FakeAudio/Caucasian (American)/men/id00943/00304_id03525_wavtolip.npz,8.153016090393066,1
FakeVideo-FakeAudio/Caucasian (American)/men/id00943/00304_id03757_wavtolip.npz,6.646744251251221,1
FakeVideo-FakeAudio/Caucasian (American)/men/id01096/00037_id00020_wavtolip.npz,8.610843658447266,1
FakeVideo-FakeAudio/Caucasian (American)/men/id01096/00037_id00029_TGpCGl036qk_id00696_wavtolip.npz,10.07852554321289,1
FakeVideo-FakeAudio/Caucasian (American)/men/id01096/00037_id00029_wavtolip.npz,4.467191696166992,1
FakeVideo-FakeAudio/Caucasian (American)/men/id01096/00037_id00052_wavtolip.npz,5.373774528503418,1
FakeVideo-FakeAudio/Caucasian (American)/men/id01096/00037_id00087_0ZbOp9FgZf8_id03757_wavtolip.npz,6.765481948852539,1
FakeVideo-FakeAudio/Caucasian (American)/men/id01096/00037_id00179_Ux9OYyipQi8_id01105_wavtolip.npz,9.170326232910156,1
FakeVideo-FakeAudio/Caucasian (American)/men/id01096/00037_id00696_wavtolip.npz,9.838290214538574,1
FakeVideo-FakeAudio/Caucasian (American)/men/id01096/00037_id00708_Dzmb0FH1xBc_id00179_wavtolip.npz,4.190691947937012,1
FakeVideo-FakeAudio/Caucasian (American)/men/id01096/00037_id00775_yeCUxHgUHxc_faceswap_id00018_wavtolip.npz,3.743353843688965,1
FakeVideo-FakeAudio/Caucasian (American)/men/id01096/00037_id00775_yeCUxHgUHxc_faceswap_id00696_wavtolip.npz,9.801377296447754,1
FakeVideo-FakeAudio/Caucasian (American)/men/id01096/00037_id00775_yeCUxHgUHxc_faceswap_id00943_wavtolip.npz,8.450651168823242,1
FakeVideo-FakeAudio/Caucasian (American)/men/id01096/00037_id00775_yeCUxHgUHxc_faceswap_id01124_wavtolip.npz,9.319729804992676,1
FakeVideo-FakeAudio/Caucasian (American)/men/id01096/00037_id00775_yeCUxHgUHxc_faceswap_id03757_wavtolip.npz,6.703955173492432,1
FakeVideo-FakeAudio/Caucasian (American)/men/id01096/00037_id00775_yeCUxHgUHxc_id01211_wavtolip.npz,7.736738681793213,1
FakeVideo-FakeAudio/Caucasian (American)/men/id01096/00037_id00777_wavtolip.npz,9.96057415008545,1
FakeVideo-FakeAudio/Caucasian (American)/men/id01096/00037_id00943_LxSv2rnBGA8_id01042_wavtolip.npz,9.978961944580078,1
FakeVideo-FakeAudio/Caucasian (American)/men/id01096/00037_id00943_wavtolip.npz,8.390565872192383,1
FakeVideo-FakeAudio/Caucasian (American)/men/id01096/00037_id00971_wavtolip.npz,8.164119720458984,1
FakeVideo-FakeAudio/Caucasian (American)/men/id01096/00037_id01042_afqWPqWwJIY_id03525_wavtolip.npz,8.218262672424316,1
FakeVideo-FakeAudio/Caucasian (American)/men/id01096/00037_id01048_keflA4viWt8_id01182_wavtolip.npz,10.491219520568848,1
FakeVideo-FakeAudio/Caucasian (American)/men/id01096/00037_id01210_wavtolip.npz,9.110893249511719,1
FakeVideo-FakeAudio/Caucasian (American)/men/id01096/00037_id01239_gJvquKo7kbA_id01182_wavtolip.npz,10.240147590637207,1
FakeVideo-FakeAudio/Caucasian (American)/men/id01096/00037_id03678_wavtolip.npz,7.844357490539551,1
FakeVideo-FakeAudio/Caucasian (American)/men/id01096/00037_id03757_wavtolip.npz,6.700471878051758,1
FakeVideo-FakeAudio/Caucasian (American)/men/id01096/00037_id04221_5XfsCrxGvj4_id00018_wavtolip.npz,3.7917640209198,1
FakeVideo-FakeAudio/Caucasian (American)/men/id00345/00243_id00060_wavtolip.npz,9.330206871032715,1
FakeVideo-FakeAudio/Caucasian (American)/men/id00345/00243_id00062_wavtolip.npz,10.576287269592285,1
FakeVideo-FakeAudio/Caucasian (American)/men/id00345/00243_id00087_wavtolip.npz,1.51447331905365,1
FakeVideo-FakeAudio/Caucasian (American)/men/id00345/00243_id00088_6WIDWxr8vuU_id03668_wavtolip.npz,9.11701774597168,1
FakeVideo-FakeAudio/Caucasian (American)/men/id00345/00243_id00179_Ux9OYyipQi8_faceswap_id00945_wavtolip.npz,8.330485343933105,1
FakeVideo-FakeAudio/Caucasian (American)/men/id00345/00243_id00179_Ux9OYyipQi8_faceswap_id01168_wavtolip.npz,9.758503913879395,1
FakeVideo-FakeAudio/Caucasian (American)/men/id00345/00243_id00179_Ux9OYyipQi8_faceswap_id01175_wavtolip.npz,7.489778995513916,1
FakeVideo-FakeAudio/Caucasian (American)/men/id00345/00243_id00179_Ux9OYyipQi8_faceswap_id01201_wavtolip.npz,10.111672401428223,1
FakeVideo-FakeAudio/Caucasian (American)/men/id00345/00243_id00179_Ux9OYyipQi8_faceswap_id04073_wavtolip.npz,10.293691635131836,1
FakeVideo-FakeAudio/Caucasian (American)/men/id00345/00243_id00179_Ux9OYyipQi8_id01201_wavtolip.npz,10.144281387329102,1
FakeVideo-FakeAudio/Caucasian (American)/men/id00345/00243_id00184_wavtolip.npz,9.990767478942871,1
FakeVideo-FakeAudio/Caucasian (American)/men/id00345/00243_id00696_7PrURACjhqU_id01239_wavtolip.npz,6.8532819747924805,1
FakeVideo-FakeAudio/Caucasian (American)/men/id00345/00243_id00696_wavtolip.npz,10.489617347717285,1
FakeVideo-FakeAudio/Caucasian (American)/men/id00345/00243_id00777_wavtolip.npz,10.317291259765625,1
FakeVideo-FakeAudio/Caucasian (American)/men/id00345/00243_id01105_wavtolip.npz,8.991806983947754,1
FakeVideo-FakeAudio/Caucasian (American)/men/id00345/00243_id01124_Lnf2oGSM00s_id01035_wavtolip.npz,10.358468055725098,1
FakeVideo-FakeAudio/Caucasian (American)/men/id00345/00243_id01182_zca-PHR_U40_id00052_wavtolip.npz,-2.374558925628662,1
FakeVideo-FakeAudio/Caucasian (American)/men/id00345/00243_id01201_wavtolip.npz,10.143903732299805,1
FakeVideo-FakeAudio/Caucasian (American)/men/id00345/00243_id01210_sMdOO7NqsGY_id00049_wavtolip.npz,4.6884331703186035,1
FakeVideo-FakeAudio/Caucasian (American)/men/id00345/00243_id01211_ALJX69-RDG8_id00049_wavtolip.npz,4.774444103240967,1
FakeVideo-FakeAudio/Caucasian (American)/men/id00345/00243_id01239_gJvquKo7kbA_id01096_wavtolip.npz,9.92507266998291,1
FakeVideo-FakeAudio/Caucasian (American)/men/id00345/00243_id03525_wavtolip.npz,10.267020225524902,1
FakeVideo-FakeAudio/Caucasian (American)/men/id00345/00243_id04073_KT7B07WFWyM_id00052_wavtolip.npz,-1.6767553091049194,1
FakeVideo-FakeAudio/Caucasian (American)/men/id00345/00243_id04216_wavtolip.npz,10.104362487792969,1
FakeVideo-FakeAudio/Caucasian (American)/men/id01192/00217_id00029_wavtolip.npz,3.5131494998931885,1
FakeVideo-FakeAudio/Caucasian (American)/men/id01192/00217_id00052_wavtolip.npz,-1.311815619468689,1
FakeVideo-FakeAudio/Caucasian (American)/men/id01192/00217_id00062_bctnrIvZHTs_id04216_wavtolip.npz,10.011863708496094,1
FakeVideo-FakeAudio/Caucasian (American)/men/id01192/00217_id00087_wavtolip.npz,8.684845924377441,1
FakeVideo-FakeAudio/Caucasian (American)/men/id01192/00217_id00088_wavtolip.npz,9.198933601379395,1
FakeVideo-FakeAudio/Caucasian (American)/men/id01192/00217_id00169__V1xAwwG29U_id00345_wavtolip.npz,8.668564796447754,1
FakeVideo-FakeAudio/Caucasian (American)/men/id01192/00217_id00169_wavtolip.npz,7.218048572540283,1
FakeVideo-FakeAudio/Caucasian (American)/men/id01192/00217_id00775_wavtolip.npz,6.701022624969482,1
FakeVideo-FakeAudio/Caucasian (American)/men/id01192/00217_id00775_yeCUxHgUHxc_id01201_wavtolip.npz,10.366191864013672,1
FakeVideo-FakeAudio/Caucasian (American)/men/id01192/00217_id00943_wavtolip.npz,7.389988422393799,1
FakeVideo-FakeAudio/Caucasian (American)/men/id01192/00217_id01035_wavtolip.npz,10.326581001281738,1
FakeVideo-FakeAudio/Caucasian (American)/men/id01192/00217_id01042_afqWPqWwJIY_id00529_wavtolip.npz,6.2428131103515625,1
FakeVideo-FakeAudio/Caucasian (American)/men/id01192/00217_id01044_yL58R6zBNf4_id03757_wavtolip.npz,6.789026260375977,1
FakeVideo-FakeAudio/Caucasian (American)/men/id01192/00217_id01096_wavtolip.npz,10.10457992553711,1
FakeVideo-FakeAudio/Caucasian (American)/men/id01192/00217_id01105_qxMlGJlyfA8_faceswap_id00021_wavtolip.npz,3.4599008560180664,1
FakeVideo-FakeAudio/Caucasian (American)/men/id01192/00217_id01105_qxMlGJlyfA8_faceswap_id00029_wavtolip.npz,3.413558006286621,1
FakeVideo-FakeAudio/Caucasian (American)/men/id01192/00217_id01105_qxMlGJlyfA8_faceswap_id00087_wavtolip.npz,8.627572059631348,1
FakeVideo-FakeAudio/Caucasian (American)/men/id01192/00217_id01105_qxMlGJlyfA8_faceswap_id00529_wavtolip.npz,6.1494903564453125,1
FakeVideo-FakeAudio/Caucasian (American)/men/id01192/00217_id01105_qxMlGJlyfA8_faceswap_id00943_wavtolip.npz,7.394558429718018,1
FakeVideo-FakeAudio/Caucasian (American)/men/id01192/00217_id01105_qxMlGJlyfA8_id01192_wavtolip.npz,10.086352348327637,1
FakeVideo-FakeAudio/Caucasian (American)/men/id01192/00217_id01163_QSMeUEH3lJM_id04219_wavtolip.npz,8.082649230957031,1
FakeVideo-FakeAudio/Caucasian (American)/men/id01192/00217_id01239_gJvquKo7kbA_id03668_wavtolip.npz,9.763360977172852,1
FakeVideo-FakeAudio/Caucasian (American)/men/id01192/00217_id04073_KT7B07WFWyM_id01168_wavtolip.npz,9.599139213562012,1
FakeVideo-FakeAudio/Caucasian (American)/men/id01192/00217_id04219_wavtolip.npz,7.7347540855407715,1
FakeVideo-FakeAudio/Caucasian (American)/men/id01192/00217_id04221_5XfsCrxGvj4_id01239_wavtolip.npz,3.1096794605255127,1
FakeVideo-FakeAudio/Caucasian (American)/men/id03678/00078_id00018_sap-FjURHlc_id03668_wavtolip.npz,9.641524314880371,1
FakeVideo-FakeAudio/Caucasian (American)/men/id03678/00078_id00049_S_EHTUF-mQY_id00345_wavtolip.npz,8.731147766113281,1
FakeVideo-FakeAudio/Caucasian (American)/men/id03678/00078_id00049_wavtolip.npz,-0.8479285836219788,1
FakeVideo-FakeAudio/Caucasian (American)/men/id03678/00078_id00060_wavtolip.npz,8.260327339172363,1
FakeVideo-FakeAudio/Caucasian (American)/men/id03678/00078_id00169__V1xAwwG29U_id00243_wavtolip.npz,-1.8592852354049683,1
FakeVideo-FakeAudio/Caucasian (American)/men/id03678/00078_id00243_oWwEIXM3oZQ_id00087_wavtolip.npz,0.0844203531742096,1
FakeVideo-FakeAudio/Caucasian (American)/men/id03678/00078_id00264_wavtolip.npz,9.350072860717773,1
FakeVideo-FakeAudio/Caucasian (American)/men/id03678/00078_id00345_wavtolip.npz,8.751119613647461,1
FakeVideo-FakeAudio/Caucasian (American)/men/id03678/00078_id00529_wavtolip.npz,7.033657073974609,1
FakeVideo-FakeAudio/Caucasian (American)/men/id03678/00078_id00529_xtx2GeQN-DQ_id00264_wavtolip.npz,9.565675735473633,1
FakeVideo-FakeAudio/Caucasian (American)/men/id03678/00078_id00696_7PrURACjhqU_id01239_wavtolip.npz,3.233893871307373,1
FakeVideo-FakeAudio/Caucasian (American)/men/id03678/00078_id00777_wavtolip.npz,10.733609199523926,1
FakeVideo-FakeAudio/Caucasian (American)/men/id03678/00078_id00971_wavtolip.npz,0.1976432055234909,1
FakeVideo-FakeAudio/Caucasian (American)/men/id03678/00078_id01124_Lnf2oGSM00s_id00777_wavtolip.npz,10.736737251281738,1
FakeVideo-FakeAudio/Caucasian (American)/men/id03678/00078_id01163_QSMeUEH3lJM_id00062_wavtolip.npz,10.77093505859375,1
FakeVideo-FakeAudio/Caucasian (American)/men/id03678/00078_id01172_8f8sdrQatpw_id03525_wavtolip.npz,10.241792678833008,1
FakeVideo-FakeAudio/Caucasian (American)/men/id03678/00078_id01182_wavtolip.npz,10.239828109741211,1
FakeVideo-FakeAudio/Caucasian (American)/men/id03678/00078_id01192_wavtolip.npz,10.615918159484863,1
FakeVideo-FakeAudio/Caucasian (American)/men/id03678/00078_id03668_mjurT3_7DpE_faceswap_id00021_wavtolip.npz,3.5184905529022217,1
FakeVideo-FakeAudio/Caucasian (American)/men/id03678/00078_id03668_mjurT3_7DpE_faceswap_id00184_wavtolip.npz,9.969120979309082,1
FakeVideo-FakeAudio/Caucasian (American)/men/id03678/00078_id03668_mjurT3_7DpE_faceswap_id01172_wavtolip.npz,5.207449436187744,1
FakeVideo-FakeAudio/Caucasian (American)/men/id03678/00078_id03668_mjurT3_7DpE_faceswap_id01192_wavtolip.npz,10.371302604675293,1
FakeVideo-FakeAudio/Caucasian (American)/men/id03678/00078_id03668_mjurT3_7DpE_faceswap_id01239_wavtolip.npz,3.207446336746216,1
FakeVideo-FakeAudio/Caucasian (American)/men/id03678/00078_id03668_mjurT3_7DpE_id00088_wavtolip.npz,9.351028442382812,1
FakeVideo-FakeAudio/Caucasian (American)/men/id03678/00078_id04034_wavtolip.npz,1.3290412425994873,1
FakeVideo-FakeAudio/Caucasian (American)/men/id00018/00181_id00029_wavtolip.npz,4.09144926071167,1
FakeVideo-FakeAudio/Caucasian (American)/men/id00018/00181_id00052_wavtolip.npz,-1.6777596473693848,1
FakeVideo-FakeAudio/Caucasian (American)/men/id00018/00181_id00088_6WIDWxr8vuU_id01096_wavtolip.npz,10.207818984985352,1
FakeVideo-FakeAudio/Caucasian (American)/men/id00018/00181_id00169__V1xAwwG29U_id01210_wavtolip.npz,9.10495662689209,1
FakeVideo-FakeAudio/Caucasian (American)/men/id00018/00181_id00243_oWwEIXM3oZQ_id00945_wavtolip.npz,8.427323341369629,1
FakeVideo-FakeAudio/Caucasian (American)/men/id00018/00181_id00264_wavtolip.npz,9.408171653747559,1
FakeVideo-FakeAudio/Caucasian (American)/men/id00018/00181_id00529_wavtolip.npz,6.9255828857421875,1
FakeVideo-FakeAudio/Caucasian (American)/men/id00018/00181_id00696_7PrURACjhqU_id00021_wavtolip.npz,3.4957642555236816,1
FakeVideo-FakeAudio/Caucasian (American)/men/id00018/00181_id00696_wavtolip.npz,9.94264030456543,1
FakeVideo-FakeAudio/Caucasian (American)/men/id00018/00181_id01048_wavtolip.npz,9.049779891967773,1
FakeVideo-FakeAudio/Caucasian (American)/men/id00018/00181_id01124_Lnf2oGSM00s_id00243_wavtolip.npz,-1.7921332120895386,1
FakeVideo-FakeAudio/Caucasian (American)/men/id00018/00181_id01163_QSMeUEH3lJM_id00696_wavtolip.npz,10.03235912322998,1
FakeVideo-FakeAudio/Caucasian (American)/men/id00018/00181_id01175_wavtolip.npz,5.446252822875977,1
FakeVideo-FakeAudio/Caucasian (American)/men/id00018/00181_id01201_Q8XWfmNiWYA_faceswap_id00243_wavtolip.npz,-1.5448909997940063,1
FakeVideo-FakeAudio/Caucasian (American)/men/id00018/00181_id01201_Q8XWfmNiWYA_faceswap_id00777_wavtolip.npz,10.484171867370605,1
FakeVideo-FakeAudio/Caucasian (American)/men/id00018/00181_id01201_Q8XWfmNiWYA_faceswap_id00945_wavtolip.npz,8.32336711883545,1
FakeVideo-FakeAudio/Caucasian (American)/men/id00018/00181_id01201_Q8XWfmNiWYA_faceswap_id01239_wavtolip.npz,2.940241575241089,1
FakeVideo-FakeAudio/Caucasian (American)/men/id00018/00181_id01201_Q8XWfmNiWYA_faceswap_id03678_wavtolip.npz,8.980990409851074,1
FakeVideo-FakeAudio/Caucasian (American)/men/id00018/00181_id01201_Q8XWfmNiWYA_id00777_wavtolip.npz,10.775609016418457,1
FakeVideo-FakeAudio/Caucasian (American)/men/id00018/00181_id03678_dsfCxodI9i8_id00021_wavtolip.npz,3.4713242053985596,1
FakeVideo-FakeAudio/Caucasian (American)/men/id00018/00181_id03757_L-M-XbdFLQM_id00088_wavtolip.npz,9.26370906829834,1
FakeVideo-FakeAudio/Caucasian (American)/men/id00018/00181_id03757_wavtolip.npz,6.595037460327148,1
FakeVideo-FakeAudio/Caucasian (American)/men/id00018/00181_id04216_wavtolip.npz,10.01445198059082,1
FakeVideo-FakeAudio/Caucasian (American)/men/id00018/00181_id04219_9llHvP-jYDg_id01048_wavtolip.npz,9.193737030029297,1
FakeVideo-FakeAudio/Caucasian (American)/men/id00049/00118_id00018_sap-FjURHlc_id00345_wavtolip.npz,8.711458206176758,1
FakeVideo-FakeAudio/Caucasian (American)/men/id00049/00118_id00020_VXYAbbQWyQM_id01042_wavtolip.npz,10.055014610290527,1
FakeVideo-FakeAudio/Caucasian (American)/men/id00049/00118_id00052_wavtolip.npz,-1.1170049905776978,1
FakeVideo-FakeAudio/Caucasian (American)/men/id00049/00118_id00087_wavtolip.npz,8.626202583312988,1
FakeVideo-FakeAudio/Caucasian (American)/men/id00049/00118_id00169__V1xAwwG29U_id01048_wavtolip.npz,9.143352508544922,1
FakeVideo-FakeAudio/Caucasian (American)/men/id00049/00118_id00243_wavtolip.npz,3.4554755687713623,1
FakeVideo-FakeAudio/Caucasian (American)/men/id00049/00118_id00345_wavtolip.npz,8.733081817626953,1
FakeVideo-FakeAudio/Caucasian (American)/men/id00049/00118_id00529_xtx2GeQN-DQ_id04221_wavtolip.npz,7.564188003540039,1
FakeVideo-FakeAudio/Caucasian (American)/men/id00049/00118_id00696_7PrURACjhqU_id03757_wavtolip.npz,6.990978240966797,1
FakeVideo-FakeAudio/Caucasian (American)/men/id00049/00118_id00775_yeCUxHgUHxc_faceswap_id00062_wavtolip.npz,10.774027824401855,1
FakeVideo-FakeAudio/Caucasian (American)/men/id00049/00118_id00775_yeCUxHgUHxc_faceswap_id00696_wavtolip.npz,9.754833221435547,1
FakeVideo-FakeAudio/Caucasian (American)/men/id00049/00118_id00775_yeCUxHgUHxc_faceswap_id01163_wavtolip.npz,9.512320518493652,1
FakeVideo-FakeAudio/Caucasian (American)/men/id00049/00118_id00775_yeCUxHgUHxc_faceswap_id03678_wavtolip.npz,7.765153884887695,1
FakeVideo-FakeAudio/Caucasian (American)/men/id00049/00118_id00775_yeCUxHgUHxc_faceswap_id04216_wavtolip.npz,10.039511680603027,1
FakeVideo-FakeAudio/Caucasian (American)/men/id00049/00118_id00775_yeCUxHgUHxc_id00169_wavtolip.npz,7.3519721031188965,1
FakeVideo-FakeAudio/Caucasian (American)/men/id00049/00118_id00943_LxSv2rnBGA8_id01124_wavtolip.npz,10.221156120300293,1
FakeVideo-FakeAudio/Caucasian (American)/men/id00049/00118_id00943_wavtolip.npz,9.724193572998047,1
FakeVideo-FakeAudio/Caucasian (American)/men/id00049/00118_id01035_wavtolip.npz,10.06765079498291,1
FakeVideo-FakeAudio/Caucasian (American)/men/id00049/00118_id01048_wavtolip.npz,9.316078186035156,1
FakeVideo-FakeAudio/Caucasian (American)/men/id00049/00118_id01096_wavtolip.npz,10.352380752563477,1
FakeVideo-FakeAudio/Caucasian (American)/men/id00049/00118_id01211_wavtolip.npz,7.860229969024658,1
FakeVideo-FakeAudio/Caucasian (American)/men/id00049/00118_id03525_wavtolip.npz,9.725322723388672,1
FakeVideo-FakeAudio/Caucasian (American)/men/id00049/00118_id03668_mjurT3_7DpE_id01048_wavtolip.npz,9.158787727355957,1
FakeVideo-FakeAudio/Caucasian (American)/men/id00049/00118_id03678_dsfCxodI9i8_id01096_wavtolip.npz,10.594208717346191,1
FakeVideo-FakeAudio/Caucasian (American)/men/id00049/00118_id04219_9llHvP-jYDg_id00945_wavtolip.npz,8.716302871704102,1
FakeVideo-FakeAudio/Caucasian (American)/men/id00087/00002_id00060_wavtolip.npz,7.388987064361572,1
FakeVideo-FakeAudio/Caucasian (American)/men/id00087/00002_id00062_wavtolip.npz,10.862027168273926,1
FakeVideo-FakeAudio/Caucasian (American)/men/id00087/00002_id00184_WaTN0ry04Qs_id04073_wavtolip.npz,10.540716171264648,1
FakeVideo-FakeAudio/Caucasian (American)/men/id00087/00002_id00529_wavtolip.npz,6.103726863861084,1
FakeVideo-FakeAudio/Caucasian (American)/men/id00087/00002_id00708_Dzmb0FH1xBc_id00943_wavtolip.npz,8.030137062072754,1
FakeVideo-FakeAudio/Caucasian (American)/men/id00087/00002_id00775_yeCUxHgUHxc_faceswap_id00018_wavtolip.npz,3.6399481296539307,1
FakeVideo-FakeAudio/Caucasian (American)/men/id00087/00002_id00775_yeCUxHgUHxc_faceswap_id00264_wavtolip.npz,9.400952339172363,1
FakeVideo-FakeAudio/Caucasian (American)/men/id00087/00002_id00775_yeCUxHgUHxc_faceswap_id01124_wavtolip.npz,10.036831855773926,1
FakeVideo-FakeAudio/Caucasian (American)/men/id00087/00002_id00775_yeCUxHgUHxc_faceswap_id03757_wavtolip.npz,6.641208171844482,1
FakeVideo-FakeAudio/Caucasian (American)/men/id00087/00002_id00775_yeCUxHgUHxc_faceswap_id04034_wavtolip.npz,1.7717546224594116,1
FakeVideo-FakeAudio/Caucasian (American)/men/id00087/00002_id00775_yeCUxHgUHxc_id01239_wavtolip.npz,6.215038776397705,1
FakeVideo-FakeAudio/Caucasian (American)/men/id00087/00002_id00943_LxSv2rnBGA8_id00021_wavtolip.npz,3.492539167404175,1
FakeVideo-FakeAudio/Caucasian (American)/men/id00087/00002_id00945_V-rSeF8o5pc_id04219_wavtolip.npz,8.262594223022461,1
FakeVideo-FakeAudio/Caucasian (American)/men/id00087/00002_id01035_wavtolip.npz,10.231411933898926,1
FakeVideo-FakeAudio/Caucasian (American)/men/id00087/00002_id01042_afqWPqWwJIY_id00943_wavtolip.npz,8.104097366333008,1
FakeVideo-FakeAudio/Caucasian (American)/men/id00087/00002_id01044_yL58R6zBNf4_id03668_wavtolip.npz,9.891919136047363,1
FakeVideo-FakeAudio/Caucasian (American)/men/id00087/00002_id01096_GHuYIC1WDks_id04216_wavtolip.npz,9.959863662719727,1
FakeVideo-FakeAudio/Caucasian (American)/men/id00087/00002_id01105_wavtolip.npz,9.260027885437012,1
FakeVideo-FakeAudio/Caucasian (American)/men/id00087/00002_id01172_wavtolip.npz,5.229995250701904,1
FakeVideo-FakeAudio/Caucasian (American)/men/id00087/00002_id01210_wavtolip.npz,8.981024742126465,1
FakeVideo-FakeAudio/Caucasian (American)/men/id00087/00002_id03525_5qVmWkkCk3k_id00088_wavtolip.npz,9.357484817504883,1
FakeVideo-FakeAudio/Caucasian (American)/men/id00087/00002_id03757_L-M-XbdFLQM_id03678_wavtolip.npz,7.836339473724365,1
FakeVideo-FakeAudio/Caucasian (American)/men/id00087/00002_id03757_wavtolip.npz,6.5620880126953125,1
FakeVideo-FakeAudio/Caucasian (American)/men/id00087/00002_id04073_wavtolip.npz,10.457331657409668,1
FakeVideo-FakeAudio/Caucasian (American)/men/id00087/00002_id04221_wavtolip.npz,7.274877548217773,1
FakeVideo-FakeAudio/Caucasian (American)/women/id01216/00025_id00025_PjSeVtbvSjA_id00848_wavtolip.npz,5.368496417999268,1
FakeVideo-FakeAudio/Caucasian (American)/women/id01216/00025_id00097_PchMB8-P1lw_id01216_wavtolip.npz,10.358964920043945,1
FakeVideo-FakeAudio/Caucasian (American)/women/id01216/00025_id00180_wavtolip.npz,9.186775207519531,1
FakeVideo-FakeAudio/Caucasian (American)/women/id01216/00025_id00272_VLY1boTtbRM_id00180_wavtolip.npz,9.514187812805176,1
FakeVideo-FakeAudio/Caucasian (American)/women/id01216/00025_id00381_wavtolip.npz,7.994591236114502,1
FakeVideo-FakeAudio/Caucasian (American)/women/id01216/00025_id00458_wavtolip.npz,9.416356086730957,1
FakeVideo-FakeAudio/Caucasian (American)/women/id01216/00025_id00462_EMnGfAq9gg4_id00618_wavtolip.npz,7.079361438751221,1
FakeVideo-FakeAudio/Caucasian (American)/women/id01216/00025_id00618_wavtolip.npz,7.119387149810791,1
FakeVideo-FakeAudio/Caucasian (American)/women/id01216/00025_id00835_wavtolip.npz,8.831192016601562,1
FakeVideo-FakeAudio/Caucasian (American)/women/id01216/00025_id01075_MtJUiHspdT0_id00616_wavtolip.npz,9.816282272338867,1
FakeVideo-FakeAudio/Caucasian (American)/women/id01216/00025_id01075_wavtolip.npz,10.039850234985352,1
FakeVideo-FakeAudio/Caucasian (American)/women/id01216/00025_id01091_wavtolip.npz,5.44598913192749,1
FakeVideo-FakeAudio/Caucasian (American)/women/id01216/00025_id01217_7lVC4xEK_6E_id00428_wavtolip.npz,3.684705972671509,1
FakeVideo-FakeAudio/Caucasian (American)/women/id01216/00025_id01223_TO3ym8Gwp7k_id01227_wavtolip.npz,9.41919231414795,1
FakeVideo-FakeAudio/Caucasian (American)/women/id01216/00025_id01225_WuzuZoM84Ws_id00555_wavtolip.npz,9.657526016235352,1
FakeVideo-FakeAudio/Caucasian (American)/women/id01216/00025_id01225_wavtolip.npz,2.8487987518310547,1
FakeVideo-FakeAudio/Caucasian (American)/women/id01216/00025_id01231_XXpYdOHUF-g_id03781_wavtolip.npz,10.385978698730469,1
FakeVideo-FakeAudio/Caucasian (American)/women/id01216/00025_id03696_wavtolip.npz,8.707657814025879,1
FakeVideo-FakeAudio/Caucasian (American)/women/id01216/00025_id03707_pwNcRPQ5qdo_faceswap_id00291_wavtolip.npz,6.389064788818359,1
FakeVideo-FakeAudio/Caucasian (American)/women/id01216/00025_id03707_pwNcRPQ5qdo_faceswap_id00618_wavtolip.npz,7.019580364227295,1
FakeVideo-FakeAudio/Caucasian (American)/women/id01216/00025_id03707_pwNcRPQ5qdo_faceswap_id01005_wavtolip.npz,8.477460861206055,1
FakeVideo-FakeAudio/Caucasian (American)/women/id01216/00025_id03707_pwNcRPQ5qdo_faceswap_id01225_wavtolip.npz,2.9361484050750732,1
FakeVideo-FakeAudio/Caucasian (American)/women/id01216/00025_id03707_pwNcRPQ5qdo_faceswap_id01245_wavtolip.npz,9.464371681213379,1
FakeVideo-FakeAudio/Caucasian (American)/women/id03781/00113_id00025_PjSeVtbvSjA_id00100_wavtolip.npz,9.471277236938477,1
FakeVideo-FakeAudio/Caucasian (American)/women/id03781/00113_id00025_wavtolip.npz,6.986148834228516,1
FakeVideo-FakeAudio/Caucasian (American)/women/id03781/00113_id00100_wavtolip.npz,9.404056549072266,1
FakeVideo-FakeAudio/Caucasian (American)/women/id03781/00113_id00180_wavtolip.npz,9.445259094238281,1
FakeVideo-FakeAudio/Caucasian (American)/women/id03781/00113_id00381_wavtolip.npz,10.0050630569458,1
FakeVideo-FakeAudio/Caucasian (American)/women/id03781/00113_id00428_Kr7n-68JWww_id02464_wavtolip.npz,6.227201461791992,1
FakeVideo-FakeAudio/Caucasian (American)/women/id03781/00113_id00431_wavtolip.npz,9.9341459274292,1
FakeVideo-FakeAudio/Caucasian (American)/women/id03781/00113_id00458_wavtolip.npz,10.282319068908691,1
FakeVideo-FakeAudio/Caucasian (American)/women/id03781/00113_id00462_EMnGfAq9gg4_id00398_wavtolip.npz,9.04671859741211,1
FakeVideo-FakeAudio/Caucasian (American)/women/id03781/00113_id00848_o1_9Cu3YMN0_id00383_wavtolip.npz,9.59624195098877,1
FakeVideo-FakeAudio/Caucasian (American)/women/id03781/00113_id01004_867Wlj7Gw68_id01245_wavtolip.npz,8.388391494750977,1
FakeVideo-FakeAudio/Caucasian (American)/women/id03781/00113_id01075_wavtolip.npz,0.9022083282470703,1
FakeVideo-FakeAudio/Caucasian (American)/women/id03781/00113_id01217_wavtolip.npz,10.335474014282227,1
FakeVideo-FakeAudio/Caucasian (American)/women/id03781/00113_id01227_wavtolip.npz,9.835711479187012,1
FakeVideo-FakeAudio/Caucasian (American)/women/id03781/00113_id01245_7pYBPczR_z0_id00618_wavtolip.npz,8.692093849182129,1
FakeVideo-FakeAudio/Caucasian (American)/women/id03781/00113_id02464_1hxJsZYV7mI_id00428_wavtolip.npz,5.377588272094727,1
FakeVideo-FakeAudio/Caucasian (American)/women/id03781/00113_id02466_VOgaA7O5yWY_id01245_wavtolip.npz,8.487905502319336,1
FakeVideo-FakeAudio/Caucasian (American)/women/id03781/00113_id02466_wavtolip.npz,10.027307510375977,1
FakeVideo-FakeAudio/Caucasian (American)/women/id03781/00113_id03605_JGZt9DAhBRs_id00025_wavtolip.npz,6.9669365882873535,1
FakeVideo-FakeAudio/Caucasian (American)/women/id00398/00016_id00025_PjSeVtbvSjA_id01225_wavtolip.npz,8.249200820922852,1
FakeVideo-FakeAudio/Caucasian (American)/women/id00398/00016_id00100_sZ0Ex4WUEgM_id00180_wavtolip.npz,9.168052673339844,1
FakeVideo-FakeAudio/Caucasian (American)/women/id00398/00016_id00100_wavtolip.npz,9.501821517944336,1
FakeVideo-FakeAudio/Caucasian (American)/women/id00398/00016_id00385_oqf8cNi7lOI_id03707_wavtolip.npz,9.432229995727539,1
FakeVideo-FakeAudio/Caucasian (American)/women/id00398/00016_id00428_wavtolip.npz,7.679577827453613,1
FakeVideo-FakeAudio/Caucasian (American)/women/id00398/00016_id00431_wavtolip.npz,9.687252044677734,1
FakeVideo-FakeAudio/Caucasian (American)/women/id00398/00016_id00575_iPfJcAJQ84Y_id01004_wavtolip.npz,9.1973295211792,1
FakeVideo-FakeAudio/Caucasian (American)/women/id00398/00016_id00616_wavtolip.npz,10.525248527526855,1
FakeVideo-FakeAudio/Caucasian (American)/women/id00398/00016_id00618__TwV2SmUIlY_faceswap_id00190_wavtolip.npz,9.184439659118652,1
FakeVideo-FakeAudio/Caucasian (American)/women/id00398/00016_id00618__TwV2SmUIlY_faceswap_id00272_wavtolip.npz,7.69890022277832,1
FakeVideo-FakeAudio/Caucasian (American)/women/id00398/00016_id00618__TwV2SmUIlY_faceswap_id00383_wavtolip.npz,9.683156967163086,1
FakeVideo-FakeAudio/Caucasian (American)/women/id00398/00016_id00618__TwV2SmUIlY_faceswap_id01217_wavtolip.npz,10.02699089050293,1
FakeVideo-FakeAudio/Caucasian (American)/women/id00398/00016_id00618__TwV2SmUIlY_faceswap_id02464_wavtolip.npz,6.250741004943848,1
FakeVideo-FakeAudio/Caucasian (American)/women/id00398/00016_id00835_zWTp4szbb5k_id00231_wavtolip.npz,9.095786094665527,1
FakeVideo-FakeAudio/Caucasian (American)/women/id00398/00016_id01004_wavtolip.npz,9.172890663146973,1
FakeVideo-FakeAudio/Caucasian (American)/women/id00398/00016_id01091_wavtolip.npz,5.43869686126709,1
FakeVideo-FakeAudio/Caucasian (American)/women/id00398/00016_id01216_wavtolip.npz,3.9323782920837402,1
FakeVideo-FakeAudio/Caucasian (American)/women/id00398/00016_id01223_wavtolip.npz,7.1309661865234375,1
FakeVideo-FakeAudio/Caucasian (American)/women/id00398/00016_id01225_WuzuZoM84Ws_id00842_wavtolip.npz,9.244861602783203,1
FakeVideo-FakeAudio/Caucasian (American)/women/id00398/00016_id01227_wavtolip.npz,8.998201370239258,1
FakeVideo-FakeAudio/Caucasian (American)/women/id00398/00016_id01231_XXpYdOHUF-g_id01217_wavtolip.npz,10.062652587890625,1
FakeVideo-FakeAudio/Caucasian (American)/women/id00398/00016_id01238_VPdv2sexRy0_id00145_wavtolip.npz,10.54643726348877,1
FakeVideo-FakeAudio/Caucasian (American)/women/id00398/00016_id03707_wavtolip.npz,9.594781875610352,1
FakeVideo-FakeAudio/Caucasian (American)/women/id00616/00305_id00098_Rs_fnQ0tnqQ_id01004_wavtolip.npz,9.539676666259766,1
FakeVideo-FakeAudio/Caucasian (American)/women/id00616/00305_id00180_wavtolip.npz,9.554628372192383,1
FakeVideo-FakeAudio/Caucasian (American)/women/id00616/00305_id00231_wavtolip.npz,3.0611677169799805,1
FakeVideo-FakeAudio/Caucasian (American)/women/id00616/00305_id00261_gYQ5Scz5FnA_id00190_wavtolip.npz,9.402360916137695,1
FakeVideo-FakeAudio/Caucasian (American)/women/id00616/00305_id00272_wavtolip.npz,9.38551139831543,1
FakeVideo-FakeAudio/Caucasian (American)/women/id00616/00305_id00291_L_SLT-j82Ms_id00428_wavtolip.npz,3.6723132133483887,1
FakeVideo-FakeAudio/Caucasian (American)/women/id00616/00305_id00431_DyRvPN6rEfU_id00261_wavtolip.npz,7.666057109832764,1
FakeVideo-FakeAudio/Caucasian (American)/women/id00616/00305_id00752_wavtolip.npz,10.232548713684082,1
FakeVideo-FakeAudio/Caucasian (American)/women/id00616/00305_id00842_wavtolip.npz,8.074385643005371,1
FakeVideo-FakeAudio/Caucasian (American)/women/id00616/00305_id01004_wavtolip.npz,9.505633354187012,1
FakeVideo-FakeAudio/Caucasian (American)/women/id00616/00305_id01225_WuzuZoM84Ws_id00616_wavtolip.npz,10.129876136779785,1
FakeVideo-FakeAudio/Caucasian (American)/women/id00616/00305_id01227_eNr-P3gIrgo_id03781_wavtolip.npz,10.48429012298584,1
FakeVideo-FakeAudio/Caucasian (American)/women/id00616/00305_id01231_wavtolip.npz,7.0531511306762695,1
FakeVideo-FakeAudio/Caucasian (American)/women/id00616/00305_id01245_7pYBPczR_z0_id01004_wavtolip.npz,9.661833763122559,1
FakeVideo-FakeAudio/Caucasian (American)/women/id00616/00305_id02464_wavtolip.npz,6.234192848205566,1
FakeVideo-FakeAudio/Caucasian (American)/women/id00616/00305_id02466_wavtolip.npz,9.755317687988281,1
FakeVideo-FakeAudio/Caucasian (American)/women/id00616/00305_id03605_JGZt9DAhBRs_id00190_wavtolip.npz,9.427618980407715,1
FakeVideo-FakeAudio/Caucasian (American)/women/id00616/00305_id03696_Kz45DNXKLXI_id00458_wavtolip.npz,9.586929321289062,1
FakeVideo-FakeAudio/Caucasian (American)/women/id00145/00043_id00025_PjSeVtbvSjA_id01075_wavtolip.npz,2.385356903076172,1
FakeVideo-FakeAudio/Caucasian (American)/women/id00145/00043_id00025_wavtolip.npz,4.635721683502197,1
FakeVideo-FakeAudio/Caucasian (American)/women/id00145/00043_id00097_wavtolip.npz,3.0827035903930664,1
FakeVideo-FakeAudio/Caucasian (American)/women/id00145/00043_id00180_lkeAa8Od_tg_id00458_wavtolip.npz,9.458539962768555,1
FakeVideo-FakeAudio/Caucasian (American)/women/id00145/00043_id00261_wavtolip.npz,7.599379062652588,1
FakeVideo-FakeAudio/Caucasian (American)/women/id00145/00043_id00428_Kr7n-68JWww_id00835_wavtolip.npz,8.63305377960205,1
FakeVideo-FakeAudio/Caucasian (American)/women/id00145/00043_id00458_K4t1pQZL7ck_id00431_wavtolip.npz,9.773771286010742,1
FakeVideo-FakeAudio/Caucasian (American)/women/id00145/00043_id00458_wavtolip.npz,9.465010643005371,1
FakeVideo-FakeAudio/Caucasian (American)/women/id00145/00043_id00618__TwV2SmUIlY_id00616_wavtolip.npz,10.525415420532227,1
FakeVideo-FakeAudio/Caucasian (American)/women/id00145/00043_id00618_wavtolip.npz,7.11262321472168,1
FakeVideo-FakeAudio/Caucasian (American)/women/id00145/00043_id00680_wavtolip.npz,9.514615058898926,1
FakeVideo-FakeAudio/Caucasian (American)/women/id00145/00043_id01004_867Wlj7Gw68_faceswap_id00097_wavtolip.npz,3.1418569087982178,1
FakeVideo-FakeAudio/Caucasian (American)/women/id00145/00043_id01004_867Wlj7Gw68_faceswap_id00291_wavtolip.npz,6.543388366699219,1
FakeVideo-FakeAudio/Caucasian (American)/women/id00145/00043_id01004_867Wlj7Gw68_faceswap_id00458_wavtolip.npz,9.463215827941895,1
FakeVideo-FakeAudio/Caucasian (American)/women/id00145/00043_id01004_867Wlj7Gw68_faceswap_id00616_wavtolip.npz,10.572705268859863,1
FakeVideo-FakeAudio/Caucasian (American)/women/id00145/00043_id01004_867Wlj7Gw68_faceswap_id03707_wavtolip.npz,8.140218734741211,1
FakeVideo-FakeAudio/Caucasian (American)/women/id00145/00043_id01004_867Wlj7Gw68_id00428_wavtolip.npz,7.6729888916015625,1
FakeVideo-FakeAudio/Caucasian (American)/women/id00145/00043_id01005_wavtolip.npz,8.784014701843262,1
FakeVideo-FakeAudio/Caucasian (American)/women/id00145/00043_id01223_TO3ym8Gwp7k_id00835_wavtolip.npz,8.762392044067383,1
FakeVideo-FakeAudio/Caucasian (American)/women/id00145/00043_id01231_wavtolip.npz,1.0181221961975098,1
FakeVideo-FakeAudio/Caucasian (American)/women/id00145/00043_id01248_2y-HnTO8WrQ_id00555_wavtolip.npz,10.045097351074219,1
FakeVideo-FakeAudio/Caucasian (American)/women/id00145/00043_id02464_wavtolip.npz,6.224848747253418,1
FakeVideo-FakeAudio/Caucasian (American)/women/id00145/00043_id03605_JGZt9DAhBRs_id00383_wavtolip.npz,9.545022964477539,1
FakeVideo-FakeAudio/Caucasian (American)/women/id00145/00043_id03781_wavtolip.npz,10.293153762817383,1
FakeVideo-FakeAudio/Caucasian (American)/women/id00261/00048_id00100_sZ0Ex4WUEgM_id01231_wavtolip.npz,-0.11151247471570969,1
FakeVideo-FakeAudio/Caucasian (American)/women/id00261/00048_id00190_oZUSqqG9wu4_id01075_wavtolip.npz,0.5421295762062073,1
FakeVideo-FakeAudio/Caucasian (American)/women/id00261/00048_id00231_wavtolip.npz,10.66779613494873,1
FakeVideo-FakeAudio/Caucasian (American)/women/id00261/00048_id00272_wavtolip.npz,3.1731393337249756,1
FakeVideo-FakeAudio/Caucasian (American)/women/id00261/00048_id00383_wavtolip.npz,10.019705772399902,1
FakeVideo-FakeAudio/Caucasian (American)/women/id00261/00048_id00385_oqf8cNi7lOI_id00848_wavtolip.npz,6.939556121826172,1
FakeVideo-FakeAudio/Caucasian (American)/women/id00261/00048_id00398_wavtolip.npz,9.557888984680176,1
FakeVideo-FakeAudio/Caucasian (American)/women/id00261/00048_id00428_Kr7n-68JWww_id03605_wavtolip.npz,9.47650146484375,1
FakeVideo-FakeAudio/Caucasian (American)/women/id00261/00048_id00462_wavtolip.npz,8.719250679016113,1
FakeVideo-FakeAudio/Caucasian (American)/women/id00261/00048_id00618__TwV2SmUIlY_id00261_wavtolip.npz,9.191202163696289,1
FakeVideo-FakeAudio/Caucasian (American)/women/id00261/00048_id01005_wavtolip.npz,6.090972423553467,1
FakeVideo-FakeAudio/Caucasian (American)/women/id00261/00048_id01075_MtJUiHspdT0_id03605_wavtolip.npz,9.450908660888672,1
FakeVideo-FakeAudio/Caucasian (American)/women/id00261/00048_id01227_eNr-P3gIrgo_id01005_wavtolip.npz,6.235410690307617,1
FakeVideo-FakeAudio/Caucasian (American)/women/id00261/00048_id01231_XXpYdOHUF-g_id00272_wavtolip.npz,3.096083164215088,1
FakeVideo-FakeAudio/Caucasian (American)/women/id00261/00048_id01245_wavtolip.npz,9.806854248046875,1
FakeVideo-FakeAudio/Caucasian (American)/women/id00261/00048_id02466_wavtolip.npz,10.266461372375488,1
FakeVideo-FakeAudio/Caucasian (American)/women/id00261/00048_id03556_wavtolip.npz,10.36169719696045,1
FakeVideo-FakeAudio/Caucasian (American)/women/id00261/00048_id03605_JGZt9DAhBRs_faceswap_id00428_wavtolip.npz,8.566831588745117,1
FakeVideo-FakeAudio/Caucasian (American)/women/id00261/00048_id03605_JGZt9DAhBRs_faceswap_id00462_wavtolip.npz,8.847925186157227,1
FakeVideo-FakeAudio/Caucasian (American)/women/id00261/00048_id03605_JGZt9DAhBRs_faceswap_id01216_wavtolip.npz,3.274197816848755,1
FakeVideo-FakeAudio/Caucasian (American)/women/id00261/00048_id03605_JGZt9DAhBRs_faceswap_id03707_wavtolip.npz,10.153071403503418,1
FakeVideo-FakeAudio/Caucasian (American)/women/id00261/00048_id03605_JGZt9DAhBRs_id01217_wavtolip.npz,10.404045104980469,1
FakeVideo-FakeAudio/Caucasian (American)/women/id00261/00048_id03696_Kz45DNXKLXI_id00431_wavtolip.npz,10.000513076782227,1
FakeVideo-FakeAudio/Caucasian (American)/women/id00752/00340_id00097_PchMB8-P1lw_id01245_wavtolip.npz,9.654253959655762,1
FakeVideo-FakeAudio/Caucasian (American)/women/id00752/00340_id00097_wavtolip.npz,2.5114850997924805,1
FakeVideo-FakeAudio/Caucasian (American)/women/id00752/00340_id00098_Rs_fnQ0tnqQ_id02464_wavtolip.npz,6.484854698181152,1
FakeVideo-FakeAudio/Caucasian (American)/women/id00752/00340_id00100_sZ0Ex4WUEgM_id00145_wavtolip.npz,10.971449851989746,1
FakeVideo-FakeAudio/Caucasian (American)/women/id00752/00340_id00272_VLY1boTtbRM_id03556_wavtolip.npz,10.123252868652344,1
FakeVideo-FakeAudio/Caucasian (American)/women/id00752/00340_id00381_wavtolip.npz,8.231266975402832,1
FakeVideo-FakeAudio/Caucasian (American)/women/id00752/00340_id00398_wavtolip.npz,8.763815879821777,1
FakeVideo-FakeAudio/Caucasian (American)/women/id00752/00340_id00428_Kr7n-68JWww_id00842_wavtolip.npz,8.044373512268066,1
FakeVideo-FakeAudio/Caucasian (American)/women/id00752/00340_id00428_wavtolip.npz,3.583763360977173,1
FakeVideo-FakeAudio/Caucasian (American)/women/id00752/00340_id00555_4DWmIb1tFZQ_id00458_wavtolip.npz,9.612275123596191,1
FakeVideo-FakeAudio/Caucasian (American)/women/id00752/00340_id00618_wavtolip.npz,7.232234001159668,1
FakeVideo-FakeAudio/Caucasian (American)/women/id00752/00340_id00680_wavtolip.npz,9.671490669250488,1
FakeVideo-FakeAudio/Caucasian (American)/women/id00752/00340_id00848_wavtolip.npz,5.358550548553467,1
FakeVideo-FakeAudio/Caucasian (American)/women/id00752/00340_id01217_wavtolip.npz,9.69690227508545,1
FakeVideo-FakeAudio/Caucasian (American)/women/id00752/00340_id01223_wavtolip.npz,2.8350439071655273,1
FakeVideo-FakeAudio/Caucasian (American)/women/id00752/00340_id01227_eNr-P3gIrgo_faceswap_id00180_wavtolip.npz,9.799224853515625,1
FakeVideo-FakeAudio/Caucasian (American)/women/id00752/00340_id01227_eNr-P3gIrgo_faceswap_id00841_wavtolip.npz,2.385460376739502,1
FakeVideo-FakeAudio/Caucasian (American)/women/id00752/00340_id01227_eNr-P3gIrgo_faceswap_id01231_wavtolip.npz,6.949670314788818,1
FakeVideo-FakeAudio/Caucasian (American)/women/id00752/00340_id01227_eNr-P3gIrgo_faceswap_id03605_wavtolip.npz,9.424076080322266,1
FakeVideo-FakeAudio/Caucasian (American)/women/id00752/00340_id01227_eNr-P3gIrgo_id01231_wavtolip.npz,6.840760231018066,1
FakeVideo-FakeAudio/Caucasian (American)/women/id00752/00340_id01238_wavtolip.npz,8.083828926086426,1
FakeVideo-FakeAudio/Caucasian (American)/women/id00752/00340_id02464_1hxJsZYV7mI_id03696_wavtolip.npz,9.083027839660645,1
FakeVideo-FakeAudio/Caucasian (American)/women/id00752/00340_id03707_pwNcRPQ5qdo_id00848_wavtolip.npz,5.378872394561768,1
FakeVideo-FakeAudio/Caucasian (American)/women/id00752/00340_id03781_jbHfYGVNqTg_id00398_wavtolip.npz,8.870026588439941,1
FakeVideo-FakeAudio/Caucasian (American)/women/id00098/00004_id00180_lkeAa8Od_tg_id01231_wavtolip.npz,0.5405369997024536,1
FakeVideo-FakeAudio/Caucasian (American)/women/id00098/00004_id00291_wavtolip.npz,1.7044981718063354,1
FakeVideo-FakeAudio/Caucasian (American)/women/id00098/00004_id00428_Kr7n-68JWww_id00842_wavtolip.npz,9.185103416442871,1
FakeVideo-FakeAudio/Caucasian (American)/women/id00098/00004_id00428_wavtolip.npz,7.436807155609131,1
FakeVideo-FakeAudio/Caucasian (American)/women/id00098/00004_id00458_K4t1pQZL7ck_id00100_wavtolip.npz,9.643285751342773,1
FakeVideo-FakeAudio/Caucasian (American)/women/id00098/00004_id00555_4DWmIb1tFZQ_id00097_wavtolip.npz,10.586645126342773,1
FakeVideo-FakeAudio/Caucasian (American)/women/id00098/00004_id00616_xT51pPmksJw_faceswap_id00025_wavtolip.npz,5.173642635345459,1
FakeVideo-FakeAudio/Caucasian (American)/women/id00098/00004_id00616_xT51pPmksJw_faceswap_id00097_wavtolip.npz,10.447566032409668,1
FakeVideo-FakeAudio/Caucasian (American)/women/id00098/00004_id00616_xT51pPmksJw_faceswap_id00098_wavtolip.npz,9.230768203735352,1
FakeVideo-FakeAudio/Caucasian (American)/women/id00098/00004_id00616_xT51pPmksJw_faceswap_id01223_wavtolip.npz,6.737102508544922,1
FakeVideo-FakeAudio/Caucasian (American)/women/id00098/00004_id00616_xT51pPmksJw_faceswap_id02466_wavtolip.npz,10.102502822875977,1
FakeVideo-FakeAudio/Caucasian (American)/women/id00098/00004_id00618_wavtolip.npz,8.479222297668457,1
FakeVideo-FakeAudio/Caucasian (American)/women/id00098/00004_id01004_867Wlj7Gw68_id00458_wavtolip.npz,10.497077941894531,1
FakeVideo-FakeAudio/Caucasian (American)/women/id00098/00004_id01091_oM2XdIGMM2c_id03556_wavtolip.npz,10.888822555541992,1
FakeVideo-FakeAudio/Caucasian (American)/women/id00098/00004_id01216_wavtolip.npz,0.27383339405059814,1
FakeVideo-FakeAudio/Caucasian (American)/women/id00098/00004_id01225_WuzuZoM84Ws_id00616_wavtolip.npz,10.624006271362305,1
FakeVideo-FakeAudio/Caucasian (American)/women/id00098/00004_id01231_wavtolip.npz,0.31983309984207153,1
FakeVideo-FakeAudio/Caucasian (American)/women/id00098/00004_id01245_7pYBPczR_z0_id01245_wavtolip.npz,8.64359188079834,1
FakeVideo-FakeAudio/Caucasian (American)/women/id00098/00004_id01245_wavtolip.npz,8.61622142791748,1
FakeVideo-FakeAudio/Caucasian (American)/women/id00098/00004_id02464_wavtolip.npz,6.220271110534668,1
FakeVideo-FakeAudio/Caucasian (American)/women/id01217/00005_id00097_PchMB8-P1lw_id00190_wavtolip.npz,9.134441375732422,1
FakeVideo-FakeAudio/Caucasian (American)/women/id01217/00005_id00190_wavtolip.npz,9.121424674987793,1
FakeVideo-FakeAudio/Caucasian (American)/women/id01217/00005_id00383_n6i0VWqGcKI_id00835_wavtolip.npz,8.62853717803955,1
FakeVideo-FakeAudio/Caucasian (American)/women/id01217/00005_id00462_EMnGfAq9gg4_id03556_wavtolip.npz,9.932738304138184,1
FakeVideo-FakeAudio/Caucasian (American)/women/id01217/00005_id00616_wavtolip.npz,10.543193817138672,1
FakeVideo-FakeAudio/Caucasian (American)/women/id01217/00005_id00835_zWTp4szbb5k_id03696_wavtolip.npz,8.765096664428711,1
FakeVideo-FakeAudio/Caucasian (American)/women/id01217/00005_id01075_wavtolip.npz,1.7467542886734009,1
FakeVideo-FakeAudio/Caucasian (American)/women/id01217/00005_id01091_oM2XdIGMM2c_id00842_wavtolip.npz,7.991730690002441,1
FakeVideo-FakeAudio/Caucasian (American)/women/id01217/00005_id01216_IRxEWpT_lZs_id01225_wavtolip.npz,2.7811694145202637,1
FakeVideo-FakeAudio/Caucasian (American)/women/id01217/00005_id01223_TO3ym8Gwp7k_id00100_wavtolip.npz,9.525086402893066,1
FakeVideo-FakeAudio/Caucasian (American)/women/id01217/00005_id01225_WuzuZoM84Ws_id03696_wavtolip.npz,8.560860633850098,1
FakeVideo-FakeAudio/Caucasian (American)/women/id01217/00005_id01227_wavtolip.npz,9.016708374023438,1
FakeVideo-FakeAudio/Caucasian (American)/women/id01217/00005_id01248_2y-HnTO8WrQ_faceswap_id00145_wavtolip.npz,10.605074882507324,1
FakeVideo-FakeAudio/Caucasian (American)/women/id01217/00005_id01248_2y-HnTO8WrQ_faceswap_id00261_wavtolip.npz,7.588312149047852,1
FakeVideo-FakeAudio/Caucasian (American)/women/id01217/00005_id01248_2y-HnTO8WrQ_faceswap_id00383_wavtolip.npz,9.260431289672852,1
FakeVideo-FakeAudio/Caucasian (American)/women/id01217/00005_id01248_2y-HnTO8WrQ_faceswap_id00385_wavtolip.npz,9.80494213104248,1
FakeVideo-FakeAudio/Caucasian (American)/women/id01217/00005_id01248_2y-HnTO8WrQ_faceswap_id00431_wavtolip.npz,9.938164710998535,1
FakeVideo-FakeAudio/Caucasian (American)/women/id01217/00005_id01248_2y-HnTO8WrQ_id00752_wavtolip.npz,10.036219596862793,1
FakeVideo-FakeAudio/Caucasian (American)/women/id01217/00005_id01248_wavtolip.npz,8.019220352172852,1
FakeVideo-FakeAudio/Caucasian (American)/women/id01217/00005_id02466_VOgaA7O5yWY_id03556_wavtolip.npz,9.926589965820312,1
FakeVideo-FakeAudio/Caucasian (American)/women/id01217/00005_id03556_wavtolip.npz,9.627047538757324,1
FakeVideo-FakeAudio/Caucasian (American)/women/id01217/00005_id03707_wavtolip.npz,8.007511138916016,1
FakeVideo-FakeAudio/Caucasian (American)/women/id01091/00236_id00025_PjSeVtbvSjA_id00428_wavtolip.npz,5.3832197189331055,1
FakeVideo-FakeAudio/Caucasian (American)/women/id01091/00236_id00097_wavtolip.npz,3.012406587600708,1
FakeVideo-FakeAudio/Caucasian (American)/women/id01091/00236_id00180_lkeAa8Od_tg_id01005_wavtolip.npz,5.003451347351074,1
FakeVideo-FakeAudio/Caucasian (American)/women/id01091/00236_id00231_Pi8vVHrPQMU_id00100_wavtolip.npz,9.30862045288086,1
FakeVideo-FakeAudio/Caucasian (American)/women/id01091/00236_id00261_wavtolip.npz,9.16653060913086,1
FakeVideo-FakeAudio/Caucasian (American)/women/id01091/00236_id00428_Kr7n-68JWww_id03707_wavtolip.npz,1.0823075771331787,1
FakeVideo-FakeAudio/Caucasian (American)/women/id01091/00236_id00555_4DWmIb1tFZQ_id01005_wavtolip.npz,4.846656799316406,1
FakeVideo-FakeAudio/Caucasian (American)/women/id01091/00236_id00618_wavtolip.npz,8.386842727661133,1
FakeVideo-FakeAudio/Caucasian (American)/women/id01091/00236_id00752_wavtolip.npz,9.552644729614258,1
FakeVideo-FakeAudio/Caucasian (American)/women/id01091/00236_id00835_zWTp4szbb5k_id00618_wavtolip.npz,8.487208366394043,1
FakeVideo-FakeAudio/Caucasian (American)/women/id01091/00236_id00842__jwlpdZvqus_id00848_wavtolip.npz,6.0769524574279785,1
FakeVideo-FakeAudio/Caucasian (American)/women/id01091/00236_id01004_867Wlj7Gw68_id03696_wavtolip.npz,9.02361011505127,1
FakeVideo-FakeAudio/Caucasian (American)/women/id01091/00236_id01217_7lVC4xEK_6E_id01005_wavtolip.npz,4.801275730133057,1
FakeVideo-FakeAudio/Caucasian (American)/women/id01091/00236_id01238_wavtolip.npz,7.9748077392578125,1
FakeVideo-FakeAudio/Caucasian (American)/women/id01091/00236_id01245_wavtolip.npz,8.242059707641602,1
FakeVideo-FakeAudio/Caucasian (American)/women/id01091/00236_id02466_wavtolip.npz,9.98137092590332,1
FakeVideo-FakeAudio/Caucasian (American)/women/id01091/00236_id03556_wavtolip.npz,10.824358940124512,1
FakeVideo-FakeAudio/Caucasian (American)/women/id01091/00236_id03696_Kz45DNXKLXI_faceswap_id00575_wavtolip.npz,9.694576263427734,1
FakeVideo-FakeAudio/Caucasian (American)/women/id01091/00236_id03696_Kz45DNXKLXI_faceswap_id01217_wavtolip.npz,10.12387466430664,1
FakeVideo-FakeAudio/Caucasian (American)/women/id01091/00236_id03696_Kz45DNXKLXI_faceswap_id01231_wavtolip.npz,0.6939843893051147,1
FakeVideo-FakeAudio/Caucasian (American)/women/id01091/00236_id03696_Kz45DNXKLXI_faceswap_id01248_wavtolip.npz,8.04411792755127,1
FakeVideo-FakeAudio/Caucasian (American)/women/id01091/00236_id03696_Kz45DNXKLXI_faceswap_id03781_wavtolip.npz,10.301594734191895,1
FakeVideo-FakeAudio/Caucasian (American)/women/id01091/00236_id03696_Kz45DNXKLXI_id00381_wavtolip.npz,9.912863731384277,1
FakeVideo-FakeAudio/Caucasian (American)/women/id01091/00236_id03781_wavtolip.npz,10.29675579071045,1
FakeVideo-FakeAudio/Caucasian (American)/women/id03605/00048_0_id00100_wavtolip.npz,9.289052963256836,1
FakeVideo-FakeAudio/Caucasian (American)/women/id03605/00048_0_id01227_wavtolip.npz,9.238299369812012,1
FakeVideo-FakeAudio/Caucasian (American)/women/id03605/00048_0_id01238_wavtolip.npz,7.965644359588623,1
FakeVideo-FakeAudio/Caucasian (American)/women/id03605/00048_0_id01245_wavtolip.npz,8.58349609375,1
FakeVideo-FakeAudio/Caucasian (American)/women/id03605/00048_0_id03556_wavtolip.npz,10.22205924987793,1
FakeVideo-FakeAudio/Caucasian (American)/women/id03605/00048_1_id00145_wavtolip.npz,10.730721473693848,1
FakeVideo-FakeAudio/Caucasian (American)/women/id03605/00048_1_id00180_wavtolip.npz,9.499687194824219,1
FakeVideo-FakeAudio/Caucasian (American)/women/id03605/00048_1_id00385_wavtolip.npz,8.781096458435059,1
FakeVideo-FakeAudio/Caucasian (American)/women/id03605/00048_1_id01248_wavtolip.npz,8.23263931274414,1
FakeVideo-FakeAudio/Caucasian (American)/women/id03605/00048_1_id03696_wavtolip.npz,8.822382926940918,1
FakeVideo-FakeAudio/Caucasian (American)/women/id03605/00048_2_id00100_wavtolip.npz,9.717931747436523,1
FakeVideo-FakeAudio/Caucasian (American)/women/id03605/00048_2_id00835_wavtolip.npz,8.637338638305664,1
FakeVideo-FakeAudio/Caucasian (American)/women/id03605/00048_2_id01075_wavtolip.npz,0.728184700012207,1
FakeVideo-FakeAudio/Caucasian (American)/women/id03605/00048_2_id01227_wavtolip.npz,9.002153396606445,1
FakeVideo-FakeAudio/Caucasian (American)/women/id03605/00048_2_id01245_wavtolip.npz,9.431913375854492,1
FakeVideo-FakeAudio/Caucasian (American)/women/id03605/00048_3_id00190_wavtolip.npz,9.455573081970215,1
FakeVideo-FakeAudio/Caucasian (American)/women/id03605/00048_3_id00381_wavtolip.npz,7.920982837677002,1
FakeVideo-FakeAudio/Caucasian (American)/women/id03605/00048_3_id00575_wavtolip.npz,9.533716201782227,1
FakeVideo-FakeAudio/Caucasian (American)/women/id03605/00048_3_id00618_wavtolip.npz,7.249632358551025,1
FakeVideo-FakeAudio/Caucasian (American)/women/id03605/00048_3_id01227_wavtolip.npz,9.088007926940918,1
FakeVideo-FakeAudio/Caucasian (American)/women/id03605/00048_id00025_wavtolip.npz,5.2154927253723145,1
FakeVideo-FakeAudio/Caucasian (American)/women/id03605/00048_id00100_sZ0Ex4WUEgM_id00398_wavtolip.npz,9.046679496765137,1
FakeVideo-FakeAudio/Caucasian (American)/women/id03605/00048_id00145_JveyoCdoCuI_id00231_wavtolip.npz,9.588020324707031,1
FakeVideo-FakeAudio/Caucasian (American)/women/id03605/00048_id00231_Pi8vVHrPQMU_id01216_wavtolip.npz,3.341745138168335,1
FakeVideo-FakeAudio/Caucasian (American)/women/id03605/00048_id00272_wavtolip.npz,7.566554069519043,1
FakeVideo-FakeAudio/Caucasian (American)/women/id03605/00048_id00428_Kr7n-68JWww_id01227_wavtolip.npz,9.395118713378906,1
FakeVideo-FakeAudio/Caucasian (American)/women/id03605/00048_id00431_wavtolip.npz,9.976880073547363,1
FakeVideo-FakeAudio/Caucasian (American)/women/id03605/00048_id00462_wavtolip.npz,8.69666576385498,1
FakeVideo-FakeAudio/Caucasian (American)/women/id03605/00048_id00842_wavtolip.npz,9.188935279846191,1
FakeVideo-FakeAudio/Caucasian (American)/women/id03605/00048_id00848_wavtolip.npz,6.308508396148682,1
FakeVideo-FakeAudio/Caucasian (American)/women/id03605/00048_id01004_867Wlj7Gw68_id00841_wavtolip.npz,5.393316268920898,1
FakeVideo-FakeAudio/Caucasian (American)/women/id03605/00048_id01238_VPdv2sexRy0_id00398_wavtolip.npz,8.957446098327637,1
FakeVideo-FakeAudio/Caucasian (American)/women/id03605/00048_id01248_2y-HnTO8WrQ_id01217_wavtolip.npz,10.18565559387207,1
FakeVideo-FakeAudio/Caucasian (American)/women/id03605/00048_id02464_wavtolip.npz,6.18165922164917,1
FakeVideo-FakeAudio/Caucasian (American)/women/id03605/00048_id03707_wavtolip.npz,1.3297078609466553,1
FakeVideo-FakeAudio/Caucasian (American)/women/id03605/00048_id03781_jbHfYGVNqTg_id00835_wavtolip.npz,8.797629356384277,1
FakeVideo-FakeAudio/Caucasian (American)/women/id03556/00043_id00097_wavtolip.npz,2.8395700454711914,1
FakeVideo-FakeAudio/Caucasian (American)/women/id03556/00043_id00145_wavtolip.npz,10.893176078796387,1
FakeVideo-FakeAudio/Caucasian (American)/women/id03556/00043_id00272_VLY1boTtbRM_id00180_wavtolip.npz,9.446043968200684,1
FakeVideo-FakeAudio/Caucasian (American)/women/id03556/00043_id00291_L_SLT-j82Ms_id01225_wavtolip.npz,2.5417373180389404,1
FakeVideo-FakeAudio/Caucasian (American)/women/id03556/00043_id00431_wavtolip.npz,9.87983226776123,1
FakeVideo-FakeAudio/Caucasian (American)/women/id03556/00043_id00616_wavtolip.npz,9.994213104248047,1
FakeVideo-FakeAudio/Caucasian (American)/women/id03556/00043_id00618_wavtolip.npz,7.445882797241211,1
FakeVideo-FakeAudio/Caucasian (American)/women/id03556/00043_id01004_867Wlj7Gw68_id00458_wavtolip.npz,9.584025382995605,1
FakeVideo-FakeAudio/Caucasian (American)/women/id03556/00043_id01005_lJZrqhcRFSA_id03707_wavtolip.npz,8.170472145080566,1
FakeVideo-FakeAudio/Caucasian (American)/women/id03556/00043_id01091_oM2XdIGMM2c_id01216_wavtolip.npz,10.276684761047363,1
FakeVideo-FakeAudio/Caucasian (American)/women/id03556/00043_id01217_wavtolip.npz,9.62423324584961,1
FakeVideo-FakeAudio/Caucasian (American)/women/id03556/00043_id01225_WuzuZoM84Ws_id00381_wavtolip.npz,7.977850437164307,1
FakeVideo-FakeAudio/Caucasian (American)/women/id03556/00043_id01227_wavtolip.npz,9.336211204528809,1
FakeVideo-FakeAudio/Caucasian (American)/women/id03556/00043_id01231_wavtolip.npz,6.874965667724609,1
FakeVideo-FakeAudio/Caucasian (American)/women/id03556/00043_id02464_1hxJsZYV7mI_faceswap_id00428_wavtolip.npz,3.6680777072906494,1
FakeVideo-FakeAudio/Caucasian (American)/women/id03556/00043_id02464_1hxJsZYV7mI_faceswap_id00462_wavtolip.npz,8.658573150634766,1
FakeVideo-FakeAudio/Caucasian (American)/women/id03556/00043_id02464_1hxJsZYV7mI_faceswap_id00835_wavtolip.npz,8.659650802612305,1
FakeVideo-FakeAudio/Caucasian (American)/women/id03556/00043_id02464_1hxJsZYV7mI_faceswap_id00842_wavtolip.npz,8.005692481994629,1
FakeVideo-FakeAudio/Caucasian (American)/women/id03556/00043_id02464_1hxJsZYV7mI_faceswap_id01005_wavtolip.npz,8.593160629272461,1
FakeVideo-FakeAudio/Caucasian (American)/women/id03556/00043_id02464_1hxJsZYV7mI_id00616_wavtolip.npz,9.889104843139648,1
FakeVideo-FakeAudio/Caucasian (American)/women/id03556/00043_id02466_VOgaA7O5yWY_id00431_wavtolip.npz,10.034049034118652,1
FakeVideo-FakeAudio/Caucasian (American)/women/id03556/00043_id03781_jbHfYGVNqTg_id00097_wavtolip.npz,2.1472957134246826,1
FakeVideo-FakeAudio/Caucasian (American)/women/id03556/00043_id03781_wavtolip.npz,10.821147918701172,1
FakeVideo-FakeAudio/Caucasian (American)/women/id01004/00028_id00025_PjSeVtbvSjA_id00100_wavtolip.npz,9.693693161010742,1
FakeVideo-FakeAudio/Caucasian (American)/women/id01004/00028_id00145_JveyoCdoCuI_id03605_wavtolip.npz,10.055891036987305,1
FakeVideo-FakeAudio/Caucasian (American)/women/id01004/00028_id00190_wavtolip.npz,8.362460136413574,1
FakeVideo-FakeAudio/Caucasian (American)/women/id01004/00028_id00231_Pi8vVHrPQMU_id03556_wavtolip.npz,10.765583038330078,1
FakeVideo-FakeAudio/Caucasian (American)/women/id01004/00028_id00428_Kr7n-68JWww_faceswap_id00428_wavtolip.npz,6.872476577758789,1
FakeVideo-FakeAudio/Caucasian (American)/women/id01004/00028_id00428_Kr7n-68JWww_faceswap_id00462_wavtolip.npz,9.090683937072754,1
FakeVideo-FakeAudio/Caucasian (American)/women/id01004/00028_id00428_Kr7n-68JWww_faceswap_id01248_wavtolip.npz,9.168030738830566,1
FakeVideo-FakeAudio/Caucasian (American)/women/id01004/00028_id00428_Kr7n-68JWww_faceswap_id02464_wavtolip.npz,6.217048645019531,1
FakeVideo-FakeAudio/Caucasian (American)/women/id01004/00028_id00428_Kr7n-68JWww_id00261_wavtolip.npz,7.01517915725708,1
FakeVideo-FakeAudio/Caucasian (American)/women/id01004/00028_id00458_wavtolip.npz,10.34887409210205,1
FakeVideo-FakeAudio/Caucasian (American)/women/id01004/00028_id00462_EMnGfAq9gg4_id00100_wavtolip.npz,9.71735668182373,1
FakeVideo-FakeAudio/Caucasian (American)/women/id01004/00028_id00680_wavtolip.npz,-1.7987726926803589,1
FakeVideo-FakeAudio/Caucasian (American)/women/id01004/00028_id00835_wavtolip.npz,8.50222396850586,1
FakeVideo-FakeAudio/Caucasian (American)/women/id01004/00028_id00841_wavtolip.npz,6.508790493011475,1
FakeVideo-FakeAudio/Caucasian (American)/women/id01004/00028_id00848_wavtolip.npz,6.802982807159424,1
FakeVideo-FakeAudio/Caucasian (American)/women/id01004/00028_id01005_lJZrqhcRFSA_id03781_wavtolip.npz,10.508401870727539,1
FakeVideo-FakeAudio/Caucasian (American)/women/id01004/00028_id01091_oM2XdIGMM2c_id00555_wavtolip.npz,10.6571683883667,1
FakeVideo-FakeAudio/Caucasian (American)/women/id01004/00028_id01231_wavtolip.npz,0.6665450930595398,1
FakeVideo-FakeAudio/Caucasian (American)/women/id01004/00028_id01248_2y-HnTO8WrQ_id00555_wavtolip.npz,10.52913761138916,1
FakeVideo-FakeAudio/Caucasian (American)/women/id01004/00028_id03556_wavtolip.npz,10.600835800170898,1
FakeVideo-FakeAudio/Caucasian (American)/women/id01004/00028_id03781_jbHfYGVNqTg_id03707_wavtolip.npz,1.268771767616272,1
FakeVideo-FakeAudio/Caucasian (American)/women/id00841/00078_0_id00462_wavtolip.npz,8.707709312438965,1
FakeVideo-FakeAudio/Caucasian (American)/women/id00841/00078_0_id00616_wavtolip.npz,10.527453422546387,1
FakeVideo-FakeAudio/Caucasian (American)/women/id00841/00078_0_id01005_wavtolip.npz,5.3424835205078125,1
FakeVideo-FakeAudio/Caucasian (American)/women/id00841/00078_0_id01245_wavtolip.npz,8.560209274291992,1
FakeVideo-FakeAudio/Caucasian (American)/women/id00841/00078_0_id03781_wavtolip.npz,10.413995742797852,1
FakeVideo-FakeAudio/Caucasian (American)/women/id00841/00078_1_id00098_wavtolip.npz,8.498348236083984,1
FakeVideo-FakeAudio/Caucasian (American)/women/id00841/00078_1_id00418_wavtolip.npz,9.52017879486084,1
FakeVideo-FakeAudio/Caucasian (American)/women/id00841/00078_1_id00462_wavtolip.npz,8.841896057128906,1
FakeVideo-FakeAudio/Caucasian (American)/women/id00841/00078_1_id01217_wavtolip.npz,9.564201354980469,1
FakeVideo-FakeAudio/Caucasian (American)/women/id00841/00078_1_id01245_wavtolip.npz,9.490467071533203,1
FakeVideo-FakeAudio/Caucasian (American)/women/id00841/00078_2_id00025_wavtolip.npz,5.877812385559082,1
FakeVideo-FakeAudio/Caucasian (American)/women/id00841/00078_2_id00428_wavtolip.npz,3.7554664611816406,1
FakeVideo-FakeAudio/Caucasian (American)/women/id00841/00078_2_id00842_wavtolip.npz,8.183052062988281,1
FakeVideo-FakeAudio/Caucasian (American)/women/id00841/00078_2_id01217_wavtolip.npz,9.580086708068848,1
FakeVideo-FakeAudio/Caucasian (American)/women/id00841/00078_2_id03605_wavtolip.npz,9.588953018188477,1
FakeVideo-FakeAudio/Caucasian (American)/women/id00841/00078_id00097_wavtolip.npz,2.6178157329559326,1
FakeVideo-FakeAudio/Caucasian (American)/women/id00841/00078_id00100_sZ0Ex4WUEgM_id01248_wavtolip.npz,8.787751197814941,1
FakeVideo-FakeAudio/Caucasian (American)/women/id00841/00078_id00145_JveyoCdoCuI_id01216_wavtolip.npz,3.928514003753662,1
FakeVideo-FakeAudio/Caucasian (American)/women/id00841/00078_id00145_wavtolip.npz,10.67508316040039,1
FakeVideo-FakeAudio/Caucasian (American)/women/id00841/00078_id00180_lkeAa8Od_tg_id00431_wavtolip.npz,10.168316841125488,1
FakeVideo-FakeAudio/Caucasian (American)/women/id00841/00078_id00272_wavtolip.npz,8.213571548461914,1
FakeVideo-FakeAudio/Caucasian (American)/women/id00841/00078_id00428_Kr7n-68JWww_id03781_wavtolip.npz,10.689656257629395,1
FakeVideo-FakeAudio/Caucasian (American)/women/id00841/00078_id00618_wavtolip.npz,7.178333759307861,1
FakeVideo-FakeAudio/Caucasian (American)/women/id00841/00078_id00680_wavtolip.npz,9.620880126953125,1
FakeVideo-FakeAudio/Caucasian (American)/women/id00841/00078_id01005_lJZrqhcRFSA_id03781_wavtolip.npz,10.779623985290527,1
FakeVideo-FakeAudio/Caucasian (American)/women/id00841/00078_id01075_MtJUiHspdT0_faceswap_id00180_wavtolip.npz,9.141711235046387,1
FakeVideo-FakeAudio/Caucasian (American)/women/id00841/00078_id01075_MtJUiHspdT0_faceswap_id00261_wavtolip.npz,7.553887367248535,1
FakeVideo-FakeAudio/Caucasian (American)/women/id00841/00078_id01075_MtJUiHspdT0_faceswap_id00462_wavtolip.npz,8.803150177001953,1
FakeVideo-FakeAudio/Caucasian (American)/women/id00841/00078_id01075_MtJUiHspdT0_faceswap_id00848_wavtolip.npz,5.95423698425293,1
FakeVideo-FakeAudio/Caucasian (American)/women/id00841/00078_id01075_MtJUiHspdT0_id01216_wavtolip.npz,4.15891170501709,1
FakeVideo-FakeAudio/Caucasian (American)/women/id00841/00078_id01216_wavtolip.npz,3.7326509952545166,1
FakeVideo-FakeAudio/Caucasian (American)/women/id00841/00078_id01227_eNr-P3gIrgo_id01005_wavtolip.npz,9.168096542358398,1
FakeVideo-FakeAudio/Caucasian (American)/women/id00841/00078_id01238_VPdv2sexRy0_id00025_wavtolip.npz,4.504149436950684,1
FakeVideo-FakeAudio/Caucasian (American)/women/id00841/00078_id01238_wavtolip.npz,8.163346290588379,1
FakeVideo-FakeAudio/Caucasian (American)/women/id00841/00078_id01245_7pYBPczR_z0_id01225_wavtolip.npz,2.6181845664978027,1
FakeVideo-FakeAudio/Caucasian (American)/women/id00841/00078_id01248_wavtolip.npz,8.372842788696289,1
FakeVideo-FakeAudio/Caucasian (American)/women/id00841/00078_id03556_wavtolip.npz,9.968476295471191,1
FakeVideo-FakeAudio/Caucasian (American)/women/id00841/00078_id03696_wavtolip.npz,8.65606689453125,1
FakeVideo-FakeAudio/Caucasian (American)/women/id00841/00078_id03707_pwNcRPQ5qdo_id01216_wavtolip.npz,3.8980228900909424,1
FakeVideo-FakeAudio/Caucasian (American)/women/id03707/00055_id00025_PjSeVtbvSjA_id00145_wavtolip.npz,10.686829566955566,1
FakeVideo-FakeAudio/Caucasian (American)/women/id03707/00055_id00025_wavtolip.npz,5.168380260467529,1
FakeVideo-FakeAudio/Caucasian (American)/women/id03707/00055_id00100_wavtolip.npz,9.777360916137695,1
FakeVideo-FakeAudio/Caucasian (American)/women/id03707/00055_id00145_JveyoCdoCuI_id01004_wavtolip.npz,9.37675952911377,1
FakeVideo-FakeAudio/Caucasian (American)/women/id03707/00055_id00145_wavtolip.npz,10.611306190490723,1
FakeVideo-FakeAudio/Caucasian (American)/women/id03707/00055_id00190_oZUSqqG9wu4_id01091_wavtolip.npz,5.620325088500977,1
FakeVideo-FakeAudio/Caucasian (American)/women/id03707/00055_id00272_VLY1boTtbRM_id01091_wavtolip.npz,5.552607536315918,1
FakeVideo-FakeAudio/Caucasian (American)/women/id03707/00055_id00272_wavtolip.npz,6.763686180114746,1
FakeVideo-FakeAudio/Caucasian (American)/women/id03707/00055_id00291_wavtolip.npz,6.567953586578369,1
FakeVideo-FakeAudio/Caucasian (American)/women/id03707/00055_id00458_wavtolip.npz,10.119477272033691,1
FakeVideo-FakeAudio/Caucasian (American)/women/id03707/00055_id00835_zWTp4szbb5k_id01216_wavtolip.npz,3.2189831733703613,1
FakeVideo-FakeAudio/Caucasian (American)/women/id03707/00055_id01091_wavtolip.npz,5.452647686004639,1
FakeVideo-FakeAudio/Caucasian (American)/women/id03707/00055_id01216_IRxEWpT_lZs_id03605_wavtolip.npz,9.54987907409668,1
FakeVideo-FakeAudio/Caucasian (American)/women/id03707/00055_id01227_eNr-P3gIrgo_id00752_wavtolip.npz,9.912035942077637,1
FakeVideo-FakeAudio/Caucasian (American)/women/id03707/00055_id01231_wavtolip.npz,0.9109308123588562,1
FakeVideo-FakeAudio/Caucasian (American)/women/id03707/00055_id01238_wavtolip.npz,8.073060989379883,1
FakeVideo-FakeAudio/Caucasian (American)/women/id03707/00055_id01248_2y-HnTO8WrQ_id03605_wavtolip.npz,9.417909622192383,1
FakeVideo-FakeAudio/Caucasian (American)/women/id03707/00055_id02466_VOgaA7O5yWY_faceswap_id00097_wavtolip.npz,3.045081853866577,1
FakeVideo-FakeAudio/Caucasian (American)/women/id03707/00055_id02466_VOgaA7O5yWY_faceswap_id00231_wavtolip.npz,9.191360473632812,1
FakeVideo-FakeAudio/Caucasian (American)/women/id03707/00055_id02466_VOgaA7O5yWY_faceswap_id00458_wavtolip.npz,10.160161018371582,1
FakeVideo-FakeAudio/Caucasian (American)/women/id03707/00055_id02466_VOgaA7O5yWY_faceswap_id02464_wavtolip.npz,6.412883758544922,1
FakeVideo-FakeAudio/Caucasian (American)/women/id03707/00055_id02466_VOgaA7O5yWY_faceswap_id03696_wavtolip.npz,8.730608940124512,1
FakeVideo-FakeAudio/Caucasian (American)/women/id03707/00055_id02466_VOgaA7O5yWY_id00383_wavtolip.npz,9.729816436767578,1
FakeVideo-FakeAudio/Caucasian (American)/women/id00383/00171_id00100_sZ0Ex4WUEgM_id00398_wavtolip.npz,8.636518478393555,1
FakeVideo-FakeAudio/Caucasian (American)/women/id00383/00171_id00100_wavtolip.npz,9.510878562927246,1
FakeVideo-FakeAudio/Caucasian (American)/women/id00383/00171_id00180_wavtolip.npz,9.625020980834961,1
FakeVideo-FakeAudio/Caucasian (American)/women/id00383/00171_id00190_wavtolip.npz,9.212116241455078,1
FakeVideo-FakeAudio/Caucasian (American)/women/id00383/00171_id00231_Pi8vVHrPQMU_id00555_wavtolip.npz,10.052872657775879,1
FakeVideo-FakeAudio/Caucasian (American)/women/id00383/00171_id00261_wavtolip.npz,7.6108245849609375,1
FakeVideo-FakeAudio/Caucasian (American)/women/id00383/00171_id00272_VLY1boTtbRM_id00261_wavtolip.npz,7.5306854248046875,1
FakeVideo-FakeAudio/Caucasian (American)/women/id00383/00171_id00291_wavtolip.npz,6.378097057342529,1
FakeVideo-FakeAudio/Caucasian (American)/women/id00383/00171_id00462_wavtolip.npz,8.856620788574219,1
FakeVideo-FakeAudio/Caucasian (American)/women/id00383/00171_id00575_iPfJcAJQ84Y_id00180_wavtolip.npz,9.576563835144043,1
FakeVideo-FakeAudio/Caucasian (American)/women/id00383/00171_id00841_wavtolip.npz,3.0775609016418457,1
FakeVideo-FakeAudio/Caucasian (American)/women/id00383/00171_id00848_wavtolip.npz,5.772246360778809,1
FakeVideo-FakeAudio/Caucasian (American)/women/id00383/00171_id01004_867Wlj7Gw68_id00100_wavtolip.npz,9.601456642150879,1
FakeVideo-FakeAudio/Caucasian (American)/women/id00383/00171_id01005_lJZrqhcRFSA_id00383_wavtolip.npz,9.8696870803833,1
FakeVideo-FakeAudio/Caucasian (American)/women/id00383/00171_id01091_wavtolip.npz,5.411037921905518,1
FakeVideo-FakeAudio/Caucasian (American)/women/id00383/00171_id01217_7lVC4xEK_6E_faceswap_id00383_wavtolip.npz,9.488593101501465,1
FakeVideo-FakeAudio/Caucasian (American)/women/id00383/00171_id01217_7lVC4xEK_6E_faceswap_id00842_wavtolip.npz,8.100790977478027,1
FakeVideo-FakeAudio/Caucasian (American)/women/id00383/00171_id01217_7lVC4xEK_6E_faceswap_id01075_wavtolip.npz,1.8389829397201538,1
FakeVideo-FakeAudio/Caucasian (American)/women/id00383/00171_id01217_7lVC4xEK_6E_faceswap_id01227_wavtolip.npz,9.100132942199707,1
FakeVideo-FakeAudio/Caucasian (American)/women/id00383/00171_id01217_7lVC4xEK_6E_faceswap_id03556_wavtolip.npz,10.11480712890625,1
FakeVideo-FakeAudio/Caucasian (American)/women/id00383/00171_id01217_7lVC4xEK_6E_id01216_wavtolip.npz,3.855679512023926,1
FakeVideo-FakeAudio/Caucasian (American)/women/id00383/00171_id01225_wavtolip.npz,2.7060983180999756,1
FakeVideo-FakeAudio/Caucasian (American)/women/id00383/00171_id01248_2y-HnTO8WrQ_id00383_wavtolip.npz,9.575103759765625,1
FakeVideo-FakeAudio/Caucasian (American)/women/id00383/00171_id02466_VOgaA7O5yWY_id01223_wavtolip.npz,3.0249838829040527,1
FakeVideo-FakeAudio/Caucasian (American)/women/id00097/00162_id00025_PjSeVtbvSjA_id03556_wavtolip.npz,10.927268028259277,1
FakeVideo-FakeAudio/Caucasian (American)/women/id00097/00162_id00097_wavtolip.npz,10.574311256408691,1
FakeVideo-FakeAudio/Caucasian (American)/women/id00097/00162_id00100_sZ0Ex4WUEgM_id01231_wavtolip.npz,0.38001111149787903,1
FakeVideo-FakeAudio/Caucasian (American)/women/id00097/00162_id00180_lkeAa8Od_tg_id00231_wavtolip.npz,9.77564811706543,1
FakeVideo-FakeAudio/Caucasian (American)/women/id00097/00162_id00261_wavtolip.npz,6.959292888641357,1
FakeVideo-FakeAudio/Caucasian (American)/women/id00097/00162_id00272_VLY1boTtbRM_id00190_wavtolip.npz,8.85136604309082,1
FakeVideo-FakeAudio/Caucasian (American)/women/id00097/00162_id00291_wavtolip.npz,3.2784957885742188,1
FakeVideo-FakeAudio/Caucasian (American)/women/id00097/00162_id00428_wavtolip.npz,6.838341236114502,1
FakeVideo-FakeAudio/Caucasian (American)/women/id00097/00162_id00680_wavtolip.npz,-2.206993341445923,1
FakeVideo-FakeAudio/Caucasian (American)/women/id00097/00162_id00842_wavtolip.npz,9.395151138305664,1
FakeVideo-FakeAudio/Caucasian (American)/women/id00097/00162_id01217_7lVC4xEK_6E_id01005_wavtolip.npz,4.21372127532959,1
FakeVideo-FakeAudio/Caucasian (American)/women/id00097/00162_id01225_WuzuZoM84Ws_id00097_wavtolip.npz,10.639811515808105,1
FakeVideo-FakeAudio/Caucasian (American)/women/id00097/00162_id01231_XXpYdOHUF-g_id00097_wavtolip.npz,10.650890350341797,1
FakeVideo-FakeAudio/Caucasian (American)/women/id00097/00162_id01238_VPdv2sexRy0_id00462_wavtolip.npz,9.235652923583984,1
FakeVideo-FakeAudio/Caucasian (American)/women/id00097/00162_id01248_wavtolip.npz,9.751011848449707,1
FakeVideo-FakeAudio/Caucasian (American)/women/id00097/00162_id03605_JGZt9DAhBRs_id03781_wavtolip.npz,10.665999412536621,1
FakeVideo-FakeAudio/Caucasian (American)/women/id00097/00162_id03707_wavtolip.npz,0.7629810571670532,1
FakeVideo-FakeAudio/Caucasian (American)/women/id00842/00043_id00025_wavtolip.npz,5.372729778289795,1
FakeVideo-FakeAudio/Caucasian (American)/women/id00842/00043_id00145_wavtolip.npz,10.412181854248047,1
FakeVideo-FakeAudio/Caucasian (American)/women/id00842/00043_id00180_wavtolip.npz,9.769172668457031,1
FakeVideo-FakeAudio/Caucasian (American)/women/id00842/00043_id00231_wavtolip.npz,8.777337074279785,1
FakeVideo-FakeAudio/Caucasian (American)/women/id00842/00043_id00383_wavtolip.npz,9.961686134338379,1
FakeVideo-FakeAudio/Caucasian (American)/women/id00842/00043_id00385_oqf8cNi7lOI_id00381_wavtolip.npz,8.078886032104492,1
FakeVideo-FakeAudio/Caucasian (American)/women/id00842/00043_id00398_wavtolip.npz,8.704814910888672,1
FakeVideo-FakeAudio/Caucasian (American)/women/id00842/00043_id00418_KSTOz7H0OuQ_id03707_wavtolip.npz,8.45874309539795,1
FakeVideo-FakeAudio/Caucasian (American)/women/id00842/00043_id00428_Kr7n-68JWww_id01004_wavtolip.npz,9.325237274169922,1
FakeVideo-FakeAudio/Caucasian (American)/women/id00842/00043_id00431_DyRvPN6rEfU_id01004_wavtolip.npz,9.367207527160645,1
FakeVideo-FakeAudio/Caucasian (American)/women/id00842/00043_id00680_wavtolip.npz,9.796372413635254,1
FakeVideo-FakeAudio/Caucasian (American)/women/id00842/00043_id01005_lJZrqhcRFSA_id01091_wavtolip.npz,5.548778533935547,1
FakeVideo-FakeAudio/Caucasian (American)/women/id00842/00043_id01075_MtJUiHspdT0_id01005_wavtolip.npz,8.72879695892334,1
FakeVideo-FakeAudio/Caucasian (American)/women/id00842/00043_id01075_wavtolip.npz,7.23158597946167,1
FakeVideo-FakeAudio/Caucasian (American)/women/id00842/00043_id01091_oM2XdIGMM2c_id01238_wavtolip.npz,7.962387561798096,1
FakeVideo-FakeAudio/Caucasian (American)/women/id00842/00043_id01223_TO3ym8Gwp7k_id01216_wavtolip.npz,3.9306910037994385,1
FakeVideo-FakeAudio/Caucasian (American)/women/id00842/00043_id02464_1hxJsZYV7mI_id01248_wavtolip.npz,8.533564567565918,1
FakeVideo-FakeAudio/Caucasian (American)/women/id00842/00043_id02466_wavtolip.npz,9.837361335754395,1
FakeVideo-FakeAudio/Caucasian (American)/women/id00842/00043_id03781_wavtolip.npz,10.498764991760254,1
FakeVideo-FakeAudio/Caucasian (American)/women/id02466/00136_id00190_wavtolip.npz,9.244794845581055,1
FakeVideo-FakeAudio/Caucasian (American)/women/id02466/00136_id00231_Pi8vVHrPQMU_id01227_wavtolip.npz,9.22768497467041,1
FakeVideo-FakeAudio/Caucasian (American)/women/id02466/00136_id00272_wavtolip.npz,8.735457420349121,1
FakeVideo-FakeAudio/Caucasian (American)/women/id02466/00136_id00383_n6i0VWqGcKI_id00752_wavtolip.npz,10.149537086486816,1
FakeVideo-FakeAudio/Caucasian (American)/women/id02466/00136_id00458_wavtolip.npz,9.499014854431152,1
FakeVideo-FakeAudio/Caucasian (American)/women/id02466/00136_id00462_EMnGfAq9gg4_id00190_wavtolip.npz,9.423480033874512,1
FakeVideo-FakeAudio/Caucasian (American)/women/id02466/00136_id00618__TwV2SmUIlY_id01005_wavtolip.npz,8.58052921295166,1
FakeVideo-FakeAudio/Caucasian (American)/women/id02466/00136_id00680_wavtolip.npz,9.560518264770508,1
FakeVideo-FakeAudio/Caucasian (American)/women/id02466/00136_id00752_wavtolip.npz,9.993409156799316,1
FakeVideo-FakeAudio/Caucasian (American)/women/id02466/00136_id00835_wavtolip.npz,8.603930473327637,1
FakeVideo-FakeAudio/Caucasian (American)/women/id02466/00136_id00848_o1_9Cu3YMN0_id00291_wavtolip.npz,6.499690055847168,1
FakeVideo-FakeAudio/Caucasian (American)/women/id02466/00136_id01004_867Wlj7Gw68_id00841_wavtolip.npz,2.992058038711548,1
FakeVideo-FakeAudio/Caucasian (American)/women/id02466/00136_id01005_lJZrqhcRFSA_id00428_wavtolip.npz,3.693617582321167,1
FakeVideo-FakeAudio/Caucasian (American)/women/id02466/00136_id01227_wavtolip.npz,9.168418884277344,1
FakeVideo-FakeAudio/Caucasian (American)/women/id02466/00136_id01231_wavtolip.npz,6.77755069732666,1
FakeVideo-FakeAudio/Caucasian (American)/women/id02466/00136_id01248_2y-HnTO8WrQ_id00383_wavtolip.npz,9.3462495803833,1
FakeVideo-FakeAudio/Caucasian (American)/women/id02466/00136_id01248_wavtolip.npz,8.228150367736816,1
FakeVideo-FakeAudio/Caucasian (American)/women/id02466/00136_id03707_pwNcRPQ5qdo_faceswap_id00616_wavtolip.npz,9.838483810424805,1
FakeVideo-FakeAudio/Caucasian (American)/women/id02466/00136_id03707_pwNcRPQ5qdo_faceswap_id00835_wavtolip.npz,8.556233406066895,1
FakeVideo-FakeAudio/Caucasian (American)/women/id02466/00136_id03707_pwNcRPQ5qdo_faceswap_id03605_wavtolip.npz,9.436466217041016,1
FakeVideo-FakeAudio/Caucasian (American)/women/id02466/00136_id03707_pwNcRPQ5qdo_faceswap_id03781_wavtolip.npz,10.312224388122559,1
FakeVideo-FakeAudio/Caucasian (American)/women/id02466/00136_id03781_jbHfYGVNqTg_id03707_wavtolip.npz,8.426830291748047,1
FakeVideo-FakeAudio/Caucasian (American)/women/id00462/00143_id00100_sZ0Ex4WUEgM_id01238_wavtolip.npz,8.130631446838379,1
FakeVideo-FakeAudio/Caucasian (American)/women/id00462/00143_id00272_wavtolip.npz,8.16937255859375,1
FakeVideo-FakeAudio/Caucasian (American)/women/id00462/00143_id00381_79zqA0CZh8s_id01227_wavtolip.npz,8.113825798034668,1
FakeVideo-FakeAudio/Caucasian (American)/women/id00462/00143_id00398_wavtolip.npz,7.85209846496582,1
FakeVideo-FakeAudio/Caucasian (American)/women/id00462/00143_id00835_wavtolip.npz,8.663426399230957,1
FakeVideo-FakeAudio/Caucasian (American)/women/id00462/00143_id00835_zWTp4szbb5k_faceswap_id00385_wavtolip.npz,8.706527709960938,1
FakeVideo-FakeAudio/Caucasian (American)/women/id00462/00143_id00835_zWTp4szbb5k_faceswap_id00431_wavtolip.npz,9.859910011291504,1
FakeVideo-FakeAudio/Caucasian (American)/women/id00462/00143_id00835_zWTp4szbb5k_faceswap_id00848_wavtolip.npz,6.971495151519775,1
FakeVideo-FakeAudio/Caucasian (American)/women/id00462/00143_id00835_zWTp4szbb5k_faceswap_id01091_wavtolip.npz,7.792784690856934,1
FakeVideo-FakeAudio/Caucasian (American)/women/id00462/00143_id00835_zWTp4szbb5k_faceswap_id01223_wavtolip.npz,6.306678771972656,1
FakeVideo-FakeAudio/Caucasian (American)/women/id00462/00143_id00835_zWTp4szbb5k_id00383_wavtolip.npz,9.766590118408203,1
FakeVideo-FakeAudio/Caucasian (American)/women/id00462/00143_id00848_wavtolip.npz,7.060671329498291,1
FakeVideo-FakeAudio/Caucasian (American)/women/id00462/00143_id01004_867Wlj7Gw68_id00431_wavtolip.npz,9.809454917907715,1
FakeVideo-FakeAudio/Caucasian (American)/women/id00462/00143_id01075_wavtolip.npz,1.5636816024780273,1
FakeVideo-FakeAudio/Caucasian (American)/women/id00462/00143_id01217_7lVC4xEK_6E_id00555_wavtolip.npz,10.483264923095703,1
FakeVideo-FakeAudio/Caucasian (American)/women/id00462/00143_id01223_TO3ym8Gwp7k_id01091_wavtolip.npz,7.891780853271484,1
FakeVideo-FakeAudio/Caucasian (American)/women/id00462/00143_id01227_eNr-P3gIrgo_id00616_wavtolip.npz,10.38435173034668,1
FakeVideo-FakeAudio/Caucasian (American)/women/id00462/00143_id01231_XXpYdOHUF-g_id00261_wavtolip.npz,6.018707275390625,1
FakeVideo-FakeAudio/Caucasian (American)/women/id00462/00143_id01238_VPdv2sexRy0_id00381_wavtolip.npz,10.19591999053955,1
FakeVideo-FakeAudio/Caucasian (American)/women/id00462/00143_id01245_wavtolip.npz,10.05688190460205,1
FakeVideo-FakeAudio/Caucasian (American)/women/id00462/00143_id02466_VOgaA7O5yWY_id00555_wavtolip.npz,10.573224067687988,1
FakeVideo-FakeAudio/Caucasian (American)/women/id00462/00143_id02466_wavtolip.npz,9.953401565551758,1
FakeVideo-FakeAudio/Caucasian (American)/women/id00462/00143_id03605_wavtolip.npz,9.744925498962402,1
FakeVideo-FakeAudio/Caucasian (American)/women/id00462/00143_id03707_wavtolip.npz,9.987940788269043,1
FakeVideo-FakeAudio/Caucasian (American)/women/id01248/00005_id00025_wavtolip.npz,4.387607574462891,1
FakeVideo-FakeAudio/Caucasian (American)/women/id01248/00005_id00180_lkeAa8Od_tg_id00097_wavtolip.npz,2.887214183807373,1
FakeVideo-FakeAudio/Caucasian (American)/women/id01248/00005_id00231_wavtolip.npz,9.756128311157227,1
FakeVideo-FakeAudio/Caucasian (American)/women/id01248/00005_id00261_wavtolip.npz,4.813020706176758,1
FakeVideo-FakeAudio/Caucasian (American)/women/id01248/00005_id00381_79zqA0CZh8s_id00458_wavtolip.npz,10.115973472595215,1
FakeVideo-FakeAudio/Caucasian (American)/women/id01248/00005_id00428_wavtolip.npz,6.469396114349365,1
FakeVideo-FakeAudio/Caucasian (American)/women/id01248/00005_id00458_wavtolip.npz,10.22856616973877,1
FakeVideo-FakeAudio/Caucasian (American)/women/id01248/00005_id00835_zWTp4szbb5k_id00145_wavtolip.npz,10.64526653289795,1
FakeVideo-FakeAudio/Caucasian (American)/women/id01248/00005_id00842_wavtolip.npz,9.202404975891113,1
FakeVideo-FakeAudio/Caucasian (American)/women/id01248/00005_id01004_867Wlj7Gw68_id01217_wavtolip.npz,10.285564422607422,1
FakeVideo-FakeAudio/Caucasian (American)/women/id01248/00005_id01075_MtJUiHspdT0_id01227_wavtolip.npz,8.015076637268066,1
FakeVideo-FakeAudio/Caucasian (American)/women/id01248/00005_id01091_wavtolip.npz,7.707889556884766,1
FakeVideo-FakeAudio/Caucasian (American)/women/id01248/00005_id01217_7lVC4xEK_6E_id00841_wavtolip.npz,5.308485507965088,1
FakeVideo-FakeAudio/Caucasian (American)/women/id01248/00005_id01223_TO3ym8Gwp7k_id01231_wavtolip.npz,0.05296536907553673,1
FakeVideo-FakeAudio/Caucasian (American)/women/id01248/00005_id01225_wavtolip.npz,9.609391212463379,1
FakeVideo-FakeAudio/Caucasian (American)/women/id01248/00005_id02466_VOgaA7O5yWY_id00291_wavtolip.npz,6.385888576507568,1
FakeVideo-FakeAudio/Caucasian (American)/women/id01248/00005_id03605_wavtolip.npz,9.846992492675781,1
FakeVideo-FakeAudio/Caucasian (American)/women/id01248/00005_id03707_pwNcRPQ5qdo_id00680_wavtolip.npz,-2.2259130477905273,1
FakeVideo-FakeAudio/Asian (East)/men/id06878/00001_id00597_wavtolip.npz,7.022480487823486,1
FakeVideo-FakeAudio/Asian (East)/men/id06878/00001_id00740_wavtolip.npz,9.358765602111816,1
FakeVideo-FakeAudio/Asian (East)/men/id06878/00001_id01683_wavtolip.npz,9.776798248291016,1
FakeVideo-FakeAudio/Asian (East)/men/id06878/00001_id02365_wavtolip.npz,9.650858879089355,1
FakeVideo-FakeAudio/Asian (East)/men/id06878/00001_id02493_wavtolip.npz,8.163505554199219,1
FakeVideo-FakeAudio/Asian (East)/men/id06878/00001_id03889_wavtolip.npz,8.04230785369873,1
FakeVideo-FakeAudio/Asian (East)/men/id06878/00001_id04691_wavtolip.npz,9.111943244934082,1
FakeVideo-FakeAudio/Asian (East)/men/id06878/00001_id04774_wavtolip.npz,8.820908546447754,1
FakeVideo-FakeAudio/Asian (East)/men/id06878/00001_id04789_wavtolip.npz,9.37038803100586,1
FakeVideo-FakeAudio/Asian (East)/men/id06878/00001_id05383_wavtolip.npz,6.299402713775635,1
FakeVideo-FakeAudio/Asian (East)/men/id06878/00001_id06467_wavtolip.npz,8.739816665649414,1
FakeVideo-FakeAudio/Asian (East)/men/id06878/00001_id06776_wavtolip.npz,10.150630950927734,1
FakeVideo-FakeAudio/Asian (East)/men/id06878/00001_id06878_wavtolip.npz,9.024616241455078,1
FakeVideo-FakeAudio/Asian (East)/men/id09143/00056_id00560_wavtolip.npz,9.687262535095215,1
FakeVideo-FakeAudio/Asian (East)/men/id09143/00056_id01204_biYGqpYBp7o_faceswap_id03889_wavtolip.npz,1.3372914791107178,1
FakeVideo-FakeAudio/Asian (East)/men/id09143/00056_id01204_biYGqpYBp7o_faceswap_id04691_wavtolip.npz,8.458426475524902,1
FakeVideo-FakeAudio/Asian (East)/men/id09143/00056_id01204_biYGqpYBp7o_faceswap_id04774_wavtolip.npz,8.723125457763672,1
FakeVideo-FakeAudio/Asian (East)/men/id09143/00056_id01204_biYGqpYBp7o_faceswap_id06467_wavtolip.npz,7.413377285003662,1
FakeVideo-FakeAudio/Asian (East)/men/id09143/00056_id01589_ZCwF6XVRiAU_id04687_wavtolip.npz,9.270729064941406,1
FakeVideo-FakeAudio/Asian (East)/men/id09143/00056_id02553_QTahH2rc8go_id04111_wavtolip.npz,10.140531539916992,1
FakeVideo-FakeAudio/Asian (East)/men/id09143/00056_id03168_wavtolip.npz,8.925715446472168,1
FakeVideo-FakeAudio/Asian (East)/men/id09143/00056_id04111_wavtolip.npz,9.896393775939941,1
FakeVideo-FakeAudio/Asian (East)/men/id09143/00056_id04774_wavtolip.npz,8.880200386047363,1
FakeVideo-FakeAudio/Asian (East)/men/id09143/00056_id06470_XoAiqCrOlyk_id08299_wavtolip.npz,9.234615325927734,1
FakeVideo-FakeAudio/Asian (East)/men/id09143/00056_id06591_wavtolip.npz,8.90162467956543,1
FakeVideo-FakeAudio/Asian (East)/men/id09143/00056_id06878_wavtolip.npz,8.993815422058105,1
FakeVideo-FakeAudio/Asian (East)/men/id09143/00056_id07102_4gKPlwvjpsI_id04691_wavtolip.npz,8.310296058654785,1
FakeVideo-FakeAudio/Asian (East)/men/id09143/00056_id07338_wavtolip.npz,8.929291725158691,1
FakeVideo-FakeAudio/Asian (East)/men/id09143/00056_id08652_wavtolip.npz,9.297937393188477,1
FakeVideo-FakeAudio/Asian (East)/men/id09143/00056_id09053_wavtolip.npz,9.864497184753418,1
FakeVideo-FakeAudio/Asian (East)/men/id08652/00006_id00056_wavtolip.npz,9.233710289001465,1
FakeVideo-FakeAudio/Asian (East)/men/id08652/00006_id00560_wavtolip.npz,9.021726608276367,1
FakeVideo-FakeAudio/Asian (East)/men/id08652/00006_id00597_wavtolip.npz,8.813803672790527,1
FakeVideo-FakeAudio/Asian (East)/men/id08652/00006_id00863_wavtolip.npz,9.263118743896484,1
FakeVideo-FakeAudio/Asian (East)/men/id08652/00006_id01589_wavtolip.npz,5.9708476066589355,1
FakeVideo-FakeAudio/Asian (East)/men/id08652/00006_id02365_wavtolip.npz,9.367594718933105,1
FakeVideo-FakeAudio/Asian (East)/men/id08652/00006_id02561_wavtolip.npz,9.378861427307129,1
FakeVideo-FakeAudio/Asian (East)/men/id08652/00006_id03028_wavtolip.npz,10.707419395446777,1
FakeVideo-FakeAudio/Asian (East)/men/id08652/00006_id04774_wavtolip.npz,9.032649040222168,1
FakeVideo-FakeAudio/Asian (East)/men/id08652/00006_id06878_wavtolip.npz,8.976526260375977,1
FakeVideo-FakeAudio/Asian (East)/men/id08652/00006_id08299_wavtolip.npz,9.172106742858887,1
FakeVideo-FakeAudio/Asian (East)/men/id08652/00006_id08652_wavtolip.npz,9.068214416503906,1
FakeVideo-FakeAudio/Asian (East)/men/id06807/00015_id00126_wavtolip.npz,10.21983814239502,1
FakeVideo-FakeAudio/Asian (East)/men/id06807/00015_id01589_wavtolip.npz,3.6306920051574707,1
FakeVideo-FakeAudio/Asian (East)/men/id06807/00015_id01683_wavtolip.npz,10.252293586730957,1
FakeVideo-FakeAudio/Asian (East)/men/id06807/00015_id02553_wavtolip.npz,3.221421957015991,1
FakeVideo-FakeAudio/Asian (East)/men/id06807/00015_id04111_wavtolip.npz,9.64738655090332,1
FakeVideo-FakeAudio/Asian (East)/men/id06807/00015_id04222_wavtolip.npz,6.6402153968811035,1
FakeVideo-FakeAudio/Asian (East)/men/id06807/00015_id05268_wavtolip.npz,8.919102668762207,1
FakeVideo-FakeAudio/Asian (East)/men/id06807/00015_id06467_wavtolip.npz,9.13756275177002,1
FakeVideo-FakeAudio/Asian (East)/men/id06807/00015_id06776_wavtolip.npz,-4.034557342529297,1
FakeVideo-FakeAudio/Asian (East)/men/id06807/00015_id07338_wavtolip.npz,8.780799865722656,1
FakeVideo-FakeAudio/Asian (East)/men/id06807/00015_id08652_wavtolip.npz,9.405072212219238,1
FakeVideo-FakeAudio/Asian (East)/men/id06807/00015_id09053_wavtolip.npz,9.726668357849121,1
FakeVideo-FakeAudio/Asian (East)/men/id04687/00066_id01589_ZCwF6XVRiAU_id00597_wavtolip.npz,8.767394065856934,1
FakeVideo-FakeAudio/Asian (East)/men/id04687/00066_id02332_hlo8q3-L9vI_id09053_wavtolip.npz,9.644949913024902,1
FakeVideo-FakeAudio/Asian (East)/men/id04687/00066_id02332_wavtolip.npz,9.842827796936035,1
FakeVideo-FakeAudio/Asian (East)/men/id04687/00066_id02493_zYAm6W46Mcg_faceswap_id00056_wavtolip.npz,6.143817901611328,1
FakeVideo-FakeAudio/Asian (East)/men/id04687/00066_id02493_zYAm6W46Mcg_faceswap_id04691_wavtolip.npz,9.20376205444336,1
FakeVideo-FakeAudio/Asian (East)/men/id04687/00066_id02493_zYAm6W46Mcg_faceswap_id04726_wavtolip.npz,5.717555999755859,1
FakeVideo-FakeAudio/Asian (East)/men/id04687/00066_id02493_zYAm6W46Mcg_faceswap_id05332_wavtolip.npz,6.37581729888916,1
FakeVideo-FakeAudio/Asian (East)/men/id04687/00066_id02493_zYAm6W46Mcg_id04774_wavtolip.npz,9.138713836669922,1
FakeVideo-FakeAudio/Asian (East)/men/id04687/00066_id02553_QTahH2rc8go_id01212_wavtolip.npz,8.100061416625977,1
FakeVideo-FakeAudio/Asian (East)/men/id04687/00066_id03028_wavtolip.npz,11.060332298278809,1
FakeVideo-FakeAudio/Asian (East)/men/id04687/00066_id03168_wavtolip.npz,7.7932515144348145,1
FakeVideo-FakeAudio/Asian (East)/men/id04687/00066_id03889_C54Tw6xrc4U_id04111_wavtolip.npz,9.514677047729492,1
FakeVideo-FakeAudio/Asian (East)/men/id04687/00066_id03889_wavtolip.npz,8.660530090332031,1
FakeVideo-FakeAudio/Asian (East)/men/id04687/00066_id03965_wavtolip.npz,9.536199569702148,1
FakeVideo-FakeAudio/Asian (East)/men/id04687/00066_id04222_EAw7MSynKF8_id03168_wavtolip.npz,7.898855686187744,1
FakeVideo-FakeAudio/Asian (East)/men/id04687/00066_id04789_wavtolip.npz,9.189536094665527,1
FakeVideo-FakeAudio/Asian (East)/men/id04687/00066_id04884_eq_wk7h1Gzo_id02332_wavtolip.npz,10.05982494354248,1
FakeVideo-FakeAudio/Asian (East)/men/id04687/00066_id06152_wavtolip.npz,0.37574297189712524,1
FakeVideo-FakeAudio/Asian (East)/men/id04687/00066_id06878_wavtolip.npz,9.159441947937012,1
FakeVideo-FakeAudio/Asian (East)/men/id04687/00066_id08299_wavtolip.npz,9.450776100158691,1
FakeVideo-FakeAudio/Asian (East)/men/id07338/00003_id00056_wavtolip.npz,9.498700141906738,1
FakeVideo-FakeAudio/Asian (East)/men/id07338/00003_id00126_wavtolip.npz,10.318431854248047,1
FakeVideo-FakeAudio/Asian (East)/men/id07338/00003_id00560_wavtolip.npz,9.493407249450684,1
FakeVideo-FakeAudio/Asian (East)/men/id07338/00003_id01204_wavtolip.npz,5.556295871734619,1
FakeVideo-FakeAudio/Asian (East)/men/id07338/00003_id02553_wavtolip.npz,9.145858764648438,1
FakeVideo-FakeAudio/Asian (East)/men/id07338/00003_id03168_wavtolip.npz,8.831427574157715,1
FakeVideo-FakeAudio/Asian (East)/men/id07338/00003_id04111_wavtolip.npz,9.878579139709473,1
FakeVideo-FakeAudio/Asian (East)/men/id07338/00003_id04222_wavtolip.npz,8.180704116821289,1
FakeVideo-FakeAudio/Asian (East)/men/id07338/00003_id04687_wavtolip.npz,9.314125061035156,1
FakeVideo-FakeAudio/Asian (East)/men/id07338/00003_id04789_wavtolip.npz,9.266960144042969,1
FakeVideo-FakeAudio/Asian (East)/men/id07338/00003_id06269_wavtolip.npz,7.166274547576904,1
FakeVideo-FakeAudio/Asian (East)/men/id07338/00003_id06467_wavtolip.npz,0.7778030633926392,1
FakeVideo-FakeAudio/Asian (East)/men/id07338/00003_id06591_wavtolip.npz,9.17846393585205,1
FakeVideo-FakeAudio/Asian (East)/men/id07338/00003_id06878_wavtolip.npz,9.138171195983887,1
FakeVideo-FakeAudio/Asian (East)/men/id01204/00092_id00056_GUh0mNVw0U8_id05383_wavtolip.npz,6.266219615936279,1
FakeVideo-FakeAudio/Asian (East)/men/id01204/00092_id00560_wavtolip.npz,9.163284301757812,1
FakeVideo-FakeAudio/Asian (East)/men/id01204/00092_id00597_wavtolip.npz,9.416840553283691,1
FakeVideo-FakeAudio/Asian (East)/men/id01204/00092_id01589_ZCwF6XVRiAU_id02553_wavtolip.npz,3.2289083003997803,1
FakeVideo-FakeAudio/Asian (East)/men/id01204/00092_id02365_KTHM_LvjcgY_id00056_wavtolip.npz,6.20993709564209,1
FakeVideo-FakeAudio/Asian (East)/men/id01204/00092_id02493_zYAm6W46Mcg_id05332_wavtolip.npz,6.30348539352417,1
FakeVideo-FakeAudio/Asian (East)/men/id01204/00092_id02553_wavtolip.npz,3.2058238983154297,1
FakeVideo-FakeAudio/Asian (East)/men/id01204/00092_id03889_C54Tw6xrc4U_id09143_wavtolip.npz,9.631255149841309,1
FakeVideo-FakeAudio/Asian (East)/men/id01204/00092_id04789_wavtolip.npz,9.058004379272461,1
FakeVideo-FakeAudio/Asian (East)/men/id01204/00092_id05268_wavtolip.npz,8.956947326660156,1
FakeVideo-FakeAudio/Asian (East)/men/id01204/00092_id06269_Jm9bEizIGBE_id00863_wavtolip.npz,9.133504867553711,1
FakeVideo-FakeAudio/Asian (East)/men/id01204/00092_id06776_wavtolip.npz,-4.138991832733154,1
FakeVideo-FakeAudio/Asian (East)/men/id01204/00092_id09053_6baCAGutGFg_id04789_wavtolip.npz,9.334699630737305,1
FakeVideo-FakeAudio/Asian (East)/men/id01204/00092_id09053_wavtolip.npz,9.763117790222168,1
FakeVideo-FakeAudio/Asian (East)/men/id01204/00092_id09143_rnD7HryoyLY_faceswap_id00863_wavtolip.npz,9.167597770690918,1
FakeVideo-FakeAudio/Asian (East)/men/id01204/00092_id09143_rnD7HryoyLY_faceswap_id01212_wavtolip.npz,2.6259498596191406,1
FakeVideo-FakeAudio/Asian (East)/men/id01204/00092_id09143_rnD7HryoyLY_faceswap_id05743_wavtolip.npz,2.368938446044922,1
FakeVideo-FakeAudio/Asian (East)/men/id01204/00092_id09143_rnD7HryoyLY_faceswap_id06470_wavtolip.npz,9.676227569580078,1
FakeVideo-FakeAudio/Asian (East)/men/id01204/00092_id09143_rnD7HryoyLY_id08613_wavtolip.npz,8.844708442687988,1
FakeVideo-FakeAudio/Asian (East)/men/id01204/00092_id09143_wavtolip.npz,9.690075874328613,1
FakeVideo-FakeAudio/Asian (East)/men/id03889/00052_id00597_wavtolip.npz,8.628942489624023,1
FakeVideo-FakeAudio/Asian (East)/men/id03889/00052_id00740_wavtolip.npz,9.780862808227539,1
FakeVideo-FakeAudio/Asian (East)/men/id03889/00052_id01204_wavtolip.npz,4.032059192657471,1
FakeVideo-FakeAudio/Asian (East)/men/id03889/00052_id01589_ZCwF6XVRiAU_faceswap_id01683_wavtolip.npz,9.69667911529541,1
FakeVideo-FakeAudio/Asian (East)/men/id03889/00052_id01589_ZCwF6XVRiAU_faceswap_id03965_wavtolip.npz,9.437939643859863,1
FakeVideo-FakeAudio/Asian (East)/men/id03889/00052_id01589_ZCwF6XVRiAU_faceswap_id04691_wavtolip.npz,9.270284652709961,1
FakeVideo-FakeAudio/Asian (East)/men/id03889/00052_id01589_ZCwF6XVRiAU_faceswap_id05332_wavtolip.npz,6.32606315612793,1
FakeVideo-FakeAudio/Asian (East)/men/id03889/00052_id01589_ZCwF6XVRiAU_id07102_wavtolip.npz,6.598459243774414,1
FakeVideo-FakeAudio/Asian (East)/men/id03889/00052_id02332_hlo8q3-L9vI_id06878_wavtolip.npz,8.923412322998047,1
FakeVideo-FakeAudio/Asian (East)/men/id03889/00052_id02365_KTHM_LvjcgY_id03168_wavtolip.npz,7.945608615875244,1
FakeVideo-FakeAudio/Asian (East)/men/id03889/00052_id02365_wavtolip.npz,9.592033386230469,1
FakeVideo-FakeAudio/Asian (East)/men/id03889/00052_id02493_zYAm6W46Mcg_id00560_wavtolip.npz,9.286966323852539,1
FakeVideo-FakeAudio/Asian (East)/men/id03889/00052_id04687_cSxCV6zdmwo_id02365_wavtolip.npz,9.594985961914062,1
FakeVideo-FakeAudio/Asian (East)/men/id03889/00052_id04687_wavtolip.npz,8.011834144592285,1
FakeVideo-FakeAudio/Asian (East)/men/id03889/00052_id04774_k3yOcTA95dg_id04111_wavtolip.npz,9.458500862121582,1
FakeVideo-FakeAudio/Asian (East)/men/id03889/00052_id06467_wavtolip.npz,8.76681900024414,1
FakeVideo-FakeAudio/Asian (East)/men/id03889/00052_id06776_wavtolip.npz,10.539305686950684,1
FakeVideo-FakeAudio/Asian (East)/men/id03889/00052_id07338_wavtolip.npz,8.80744457244873,1
FakeVideo-FakeAudio/Asian (East)/men/id03889/00052_id08613_wavtolip.npz,8.917716026306152,1
FakeVideo-FakeAudio/Asian (East)/men/id08299/00110_0_id01204_wavtolip.npz,2.3826959133148193,1
FakeVideo-FakeAudio/Asian (East)/men/id08299/00110_0_id02493_wavtolip.npz,8.204327583312988,1
FakeVideo-FakeAudio/Asian (East)/men/id08299/00110_0_id03168_wavtolip.npz,7.874758243560791,1
FakeVideo-FakeAudio/Asian (East)/men/id08299/00110_0_id03889_wavtolip.npz,5.700405597686768,1
FakeVideo-FakeAudio/Asian (East)/men/id08299/00110_0_id04687_wavtolip.npz,7.834851264953613,1
FakeVideo-FakeAudio/Asian (East)/men/id08299/00110_1_id01212_wavtolip.npz,7.895662307739258,1
FakeVideo-FakeAudio/Asian (East)/men/id08299/00110_1_id03028_wavtolip.npz,10.651741981506348,1
FakeVideo-FakeAudio/Asian (East)/men/id08299/00110_1_id04111_wavtolip.npz,9.577306747436523,1
FakeVideo-FakeAudio/Asian (East)/men/id08299/00110_1_id04774_wavtolip.npz,9.148804664611816,1
FakeVideo-FakeAudio/Asian (East)/men/id08299/00110_1_id06269_wavtolip.npz,7.034682273864746,1
FakeVideo-FakeAudio/Asian (East)/men/id08299/00110_2_id00126_wavtolip.npz,10.30496883392334,1
FakeVideo-FakeAudio/Asian (East)/men/id08299/00110_2_id01589_wavtolip.npz,2.246249198913574,1
FakeVideo-FakeAudio/Asian (East)/men/id08299/00110_2_id01683_wavtolip.npz,10.33621597290039,1
FakeVideo-FakeAudio/Asian (East)/men/id08299/00110_2_id03889_wavtolip.npz,7.450190544128418,1
FakeVideo-FakeAudio/Asian (East)/men/id08299/00110_2_id04726_wavtolip.npz,4.7527241706848145,1
FakeVideo-FakeAudio/Asian (East)/men/id08299/00110_3_id01212_wavtolip.npz,7.008481025695801,1
FakeVideo-FakeAudio/Asian (East)/men/id08299/00110_3_id03965_wavtolip.npz,8.993078231811523,1
FakeVideo-FakeAudio/Asian (East)/men/id08299/00110_3_id06467_wavtolip.npz,7.661015510559082,1
FakeVideo-FakeAudio/Asian (East)/men/id08299/00110_3_id06591_wavtolip.npz,8.876977920532227,1
FakeVideo-FakeAudio/Asian (East)/men/id08299/00110_3_id06878_wavtolip.npz,8.914438247680664,1
FakeVideo-FakeAudio/Asian (East)/men/id08299/00110_id00056_wavtolip.npz,9.61042308807373,1
FakeVideo-FakeAudio/Asian (East)/men/id08299/00110_id00126_wavtolip.npz,10.606095314025879,1
FakeVideo-FakeAudio/Asian (East)/men/id08299/00110_id00597_wavtolip.npz,7.930299758911133,1
FakeVideo-FakeAudio/Asian (East)/men/id08299/00110_id00863_wavtolip.npz,9.315896987915039,1
FakeVideo-FakeAudio/Asian (East)/men/id08299/00110_id02332_wavtolip.npz,2.2204928398132324,1
FakeVideo-FakeAudio/Asian (East)/men/id08299/00110_id02365_wavtolip.npz,9.783016204833984,1
FakeVideo-FakeAudio/Asian (East)/men/id08299/00110_id03889_wavtolip.npz,5.5014967918396,1
FakeVideo-FakeAudio/Asian (East)/men/id08299/00110_id06470_wavtolip.npz,9.322115898132324,1
FakeVideo-FakeAudio/Asian (East)/men/id08299/00110_id07102_wavtolip.npz,6.747123718261719,1
FakeVideo-FakeAudio/Asian (East)/men/id08299/00110_id07338_wavtolip.npz,8.98516845703125,1
FakeVideo-FakeAudio/Asian (East)/women/id08819/00052_id00430_wavtolip.npz,6.93039083480835,1
FakeVideo-FakeAudio/Asian (East)/women/id08819/00052_id00566_wavtolip.npz,8.546422958374023,1
FakeVideo-FakeAudio/Asian (East)/women/id08819/00052_id00579_yc8eTBM4N3c_id06065_wavtolip.npz,9.343306541442871,1
FakeVideo-FakeAudio/Asian (East)/women/id08819/00052_id02807_eFC0STvhou4_id00137_wavtolip.npz,7.312038421630859,1
FakeVideo-FakeAudio/Asian (East)/women/id08819/00052_id03211_wavtolip.npz,9.292649269104004,1
FakeVideo-FakeAudio/Asian (East)/women/id08819/00052_id05576_g3SKd3BsV9I_id06066_wavtolip.npz,3.5072436332702637,1
FakeVideo-FakeAudio/Asian (East)/women/id08819/00052_id06054_wavtolip.npz,6.936763763427734,1
FakeVideo-FakeAudio/Asian (East)/women/id08819/00052_id06060___Bf93SjJP0_id05631_wavtolip.npz,9.480743408203125,1
FakeVideo-FakeAudio/Asian (East)/women/id08819/00052_id06066_9e5vgpwmruA_id03211_wavtolip.npz,9.274394989013672,1
FakeVideo-FakeAudio/Asian (East)/women/id08819/00052_id06462_wavtolip.npz,9.383524894714355,1
FakeVideo-FakeAudio/Asian (East)/women/id08819/00052_id07739_TmuvLVNBm8o_id07799_wavtolip.npz,10.717239379882812,1
FakeVideo-FakeAudio/Asian (East)/women/id08819/00052_id09116_wavtolip.npz,8.8456392288208,1
FakeVideo-FakeAudio/Asian (East)/women/id00566/00032_id00137_wavtolip.npz,8.121864318847656,1
FakeVideo-FakeAudio/Asian (East)/women/id00566/00032_id00579_wavtolip.npz,7.481080532073975,1
FakeVideo-FakeAudio/Asian (East)/women/id00566/00032_id00935_wavtolip.npz,4.258925437927246,1
FakeVideo-FakeAudio/Asian (East)/women/id00566/00032_id02587_KzwJPH5_8j0_faceswap_id04057_wavtolip.npz,6.425698757171631,1
FakeVideo-FakeAudio/Asian (East)/women/id00566/00032_id02587_KzwJPH5_8j0_faceswap_id05576_wavtolip.npz,10.826725959777832,1
FakeVideo-FakeAudio/Asian (East)/women/id00566/00032_id02587_KzwJPH5_8j0_faceswap_id05631_wavtolip.npz,9.650935173034668,1
FakeVideo-FakeAudio/Asian (East)/women/id00566/00032_id02587_KzwJPH5_8j0_faceswap_id06462_wavtolip.npz,9.754517555236816,1
FakeVideo-FakeAudio/Asian (East)/women/id00566/00032_id02587_KzwJPH5_8j0_id07739_wavtolip.npz,9.460326194763184,1
FakeVideo-FakeAudio/Asian (East)/women/id00566/00032_id04414_wavtolip.npz,9.853774070739746,1
FakeVideo-FakeAudio/Asian (East)/women/id00566/00032_id05576_wavtolip.npz,10.831450462341309,1
FakeVideo-FakeAudio/Asian (East)/women/id00566/00032_id06054_wavtolip.npz,2.6334829330444336,1
FakeVideo-FakeAudio/Asian (East)/women/id00566/00032_id06061_TckvmWR97vo_id00430_wavtolip.npz,8.531408309936523,1
FakeVideo-FakeAudio/Asian (East)/women/id00566/00032_id06061_wavtolip.npz,9.712994575500488,1
FakeVideo-FakeAudio/Asian (East)/women/id00566/00032_id06427_dBBAKe2EA_o_id03211_wavtolip.npz,9.73206901550293,1
FakeVideo-FakeAudio/Asian (East)/women/id00566/00032_id08397_wavtolip.npz,9.717848777770996,1
FakeVideo-FakeAudio/Asian (East)/women/id00566/00032_id09174_Qspzu6tyArc_id06066_wavtolip.npz,-2.3968255519866943,1
FakeVideo-FakeAudio/Asian (East)/women/id05631/00073_id00137_L22Rc38U5BA_id06462_wavtolip.npz,9.743962287902832,1
FakeVideo-FakeAudio/Asian (East)/women/id05631/00073_id00137_wavtolip.npz,7.374041557312012,1
FakeVideo-FakeAudio/Asian (East)/women/id05631/00073_id00579_wavtolip.npz,5.189536094665527,1
FakeVideo-FakeAudio/Asian (East)/women/id05631/00073_id01281_wavtolip.npz,8.665502548217773,1
FakeVideo-FakeAudio/Asian (East)/women/id05631/00073_id02587_KzwJPH5_8j0_id04414_wavtolip.npz,9.30722427368164,1
FakeVideo-FakeAudio/Asian (East)/women/id05631/00073_id04701_wavtolip.npz,9.77495002746582,1
FakeVideo-FakeAudio/Asian (East)/women/id05631/00073_id06065_Rni34oVUpTA_faceswap_id00430_wavtolip.npz,6.913054943084717,1
FakeVideo-FakeAudio/Asian (East)/women/id05631/00073_id06065_Rni34oVUpTA_faceswap_id00566_wavtolip.npz,8.12568473815918,1
FakeVideo-FakeAudio/Asian (East)/women/id05631/00073_id06065_Rni34oVUpTA_faceswap_id04414_wavtolip.npz,9.254851341247559,1
FakeVideo-FakeAudio/Asian (East)/women/id05631/00073_id06065_Rni34oVUpTA_faceswap_id05576_wavtolip.npz,10.665786743164062,1
FakeVideo-FakeAudio/Asian (East)/women/id05631/00073_id06065_Rni34oVUpTA_faceswap_id08819_wavtolip.npz,-1.1713571548461914,1
FakeVideo-FakeAudio/Asian (East)/women/id05631/00073_id06065_Rni34oVUpTA_id00763_wavtolip.npz,4.192627906799316,1
FakeVideo-FakeAudio/Asian (East)/women/id05631/00073_id08139_wavtolip.npz,9.06594467163086,1
FakeVideo-FakeAudio/Asian (East)/women/id05631/00073_id08397_wavtolip.npz,9.705677032470703,1
FakeVideo-FakeAudio/Asian (East)/women/id05631/00073_id09116_wavtolip.npz,8.717157363891602,1
FakeVideo-FakeAudio/Asian (East)/women/id05631/00073_id09174_wavtolip.npz,8.971278190612793,1
FakeVideo-FakeAudio/Asian (East)/women/id05631/00073_id09181_wavtolip.npz,10.5714750289917,1
FakeVideo-FakeAudio/Asian (East)/women/id06054/00010_id00137_wavtolip.npz,7.448618412017822,1
FakeVideo-FakeAudio/Asian (East)/women/id06054/00010_id00579_yc8eTBM4N3c_faceswap_id00579_wavtolip.npz,5.19091272354126,1
FakeVideo-FakeAudio/Asian (East)/women/id06054/00010_id00579_yc8eTBM4N3c_faceswap_id06065_wavtolip.npz,8.843949317932129,1
FakeVideo-FakeAudio/Asian (East)/women/id06054/00010_id00579_yc8eTBM4N3c_faceswap_id06388_wavtolip.npz,9.60827922821045,1
FakeVideo-FakeAudio/Asian (East)/women/id06054/00010_id00579_yc8eTBM4N3c_faceswap_id07739_wavtolip.npz,9.588205337524414,1
FakeVideo-FakeAudio/Asian (East)/women/id06054/00010_id00579_yc8eTBM4N3c_id02587_wavtolip.npz,8.530708312988281,1
FakeVideo-FakeAudio/Asian (East)/women/id06054/00010_id02587_KzwJPH5_8j0_id00430_wavtolip.npz,6.923374176025391,1
FakeVideo-FakeAudio/Asian (East)/women/id06054/00010_id02587_wavtolip.npz,8.453904151916504,1
FakeVideo-FakeAudio/Asian (East)/women/id06054/00010_id04057_SmHwNbR-498_id08397_wavtolip.npz,9.376701354980469,1
FakeVideo-FakeAudio/Asian (East)/women/id06054/00010_id04144__FJg9YswRzQ_id01281_wavtolip.npz,8.602617263793945,1
FakeVideo-FakeAudio/Asian (East)/women/id06054/00010_id05844_wavtolip.npz,8.515735626220703,1
FakeVideo-FakeAudio/Asian (East)/women/id06054/00010_id06060_wavtolip.npz,10.741856575012207,1
FakeVideo-FakeAudio/Asian (East)/women/id06054/00010_id06065_wavtolip.npz,8.947224617004395,1
FakeVideo-FakeAudio/Asian (East)/women/id06054/00010_id06066_wavtolip.npz,-3.598829746246338,1
FakeVideo-FakeAudio/Asian (East)/women/id06054/00010_id06462_wavtolip.npz,9.578693389892578,1
FakeVideo-FakeAudio/Asian (East)/women/id06054/00010_id08402_nedfiSXfmQ0_id00430_wavtolip.npz,6.97380256652832,1
FakeVideo-FakeAudio/Asian (East)/women/id06054/00010_id08819_uDQ-DFVg5Sk_id06225_wavtolip.npz,8.832803726196289,1
FakeVideo-FakeAudio/Asian (East)/women/id06054/00010_id09116_wavtolip.npz,8.924128532409668,1
FakeVideo-FakeAudio/Asian (East)/women/id06054/00010_id09171_wavtolip.npz,10.85081672668457,1
FakeVideo-FakeAudio/Asian (East)/women/id04701/00017_id01281_wavtolip.npz,8.312170028686523,1
FakeVideo-FakeAudio/Asian (East)/women/id04701/00017_id03940_axeR0CLu96U_id09175_wavtolip.npz,8.44266414642334,1
FakeVideo-FakeAudio/Asian (East)/women/id04701/00017_id04144__FJg9YswRzQ_id00579_wavtolip.npz,5.230354309082031,1
FakeVideo-FakeAudio/Asian (East)/women/id04701/00017_id04144_wavtolip.npz,9.458881378173828,1
FakeVideo-FakeAudio/Asian (East)/women/id04701/00017_id05844_wavtolip.npz,8.58031940460205,1
FakeVideo-FakeAudio/Asian (East)/women/id04701/00017_id06054_wavtolip.npz,7.007500648498535,1
FakeVideo-FakeAudio/Asian (East)/women/id04701/00017_id06065_wavtolip.npz,8.758964538574219,1
FakeVideo-FakeAudio/Asian (East)/women/id04701/00017_id06158_wavtolip.npz,7.163936614990234,1
FakeVideo-FakeAudio/Asian (East)/women/id04701/00017_id06462_Nn79kE76MA4_faceswap_id00566_wavtolip.npz,8.252955436706543,1
FakeVideo-FakeAudio/Asian (East)/women/id04701/00017_id06462_Nn79kE76MA4_faceswap_id00763_wavtolip.npz,6.037688732147217,1
FakeVideo-FakeAudio/Asian (East)/women/id04701/00017_id06462_Nn79kE76MA4_faceswap_id02587_wavtolip.npz,8.466018676757812,1
FakeVideo-FakeAudio/Asian (East)/women/id04701/00017_id06462_Nn79kE76MA4_faceswap_id02807_wavtolip.npz,10.999154090881348,1
FakeVideo-FakeAudio/Asian (East)/women/id04701/00017_id06462_Nn79kE76MA4_faceswap_id06443_wavtolip.npz,2.6604249477386475,1
FakeVideo-FakeAudio/Asian (East)/women/id04701/00017_id06462_Nn79kE76MA4_id06054_wavtolip.npz,7.019092082977295,1
FakeVideo-FakeAudio/Asian (East)/women/id04701/00017_id07739_TmuvLVNBm8o_id08819_wavtolip.npz,-1.237338900566101,1
FakeVideo-FakeAudio/Asian (East)/women/id04701/00017_id07799_gO6nidmxrJU_id07799_wavtolip.npz,10.314599990844727,1
FakeVideo-FakeAudio/Asian (East)/women/id04701/00017_id08819_wavtolip.npz,-1.1800053119659424,1
FakeVideo-FakeAudio/Asian (East)/women/id04701/00017_id09174_Qspzu6tyArc_id06060_wavtolip.npz,10.736244201660156,1
FakeVideo-FakeAudio/Asian (East)/women/id04701/00017_id09175_YWe7UOnEyHU_id00579_wavtolip.npz,5.235794544219971,1
FakeVideo-FakeAudio/Asian (East)/women/id09174/00015_id00137_L22Rc38U5BA_id06061_wavtolip.npz,9.55901050567627,1
FakeVideo-FakeAudio/Asian (East)/women/id09174/00015_id00137_wavtolip.npz,8.141292572021484,1
FakeVideo-FakeAudio/Asian (East)/women/id09174/00015_id00363_wavtolip.npz,9.578879356384277,1
FakeVideo-FakeAudio/Asian (East)/women/id09174/00015_id02587_KzwJPH5_8j0_faceswap_id03211_wavtolip.npz,9.511534690856934,1
FakeVideo-FakeAudio/Asian (East)/women/id09174/00015_id02587_KzwJPH5_8j0_faceswap_id06054_wavtolip.npz,2.737992525100708,1
FakeVideo-FakeAudio/Asian (East)/women/id09174/00015_id02587_KzwJPH5_8j0_faceswap_id06060_wavtolip.npz,10.707889556884766,1
FakeVideo-FakeAudio/Asian (East)/women/id09174/00015_id02587_KzwJPH5_8j0_faceswap_id09181_wavtolip.npz,10.139786720275879,1
FakeVideo-FakeAudio/Asian (East)/women/id09174/00015_id04701_7mnc8w6jRlM_id07739_wavtolip.npz,9.250199317932129,1
FakeVideo-FakeAudio/Asian (East)/women/id09174/00015_id05631_wavtolip.npz,9.641569137573242,1
FakeVideo-FakeAudio/Asian (East)/women/id09174/00015_id05844_bkmHULxZv40_id06054_wavtolip.npz,2.642925262451172,1
FakeVideo-FakeAudio/Asian (East)/women/id09174/00015_id05844_wavtolip.npz,9.566704750061035,1
FakeVideo-FakeAudio/Asian (East)/women/id09174/00015_id06060_wavtolip.npz,10.747783660888672,1
FakeVideo-FakeAudio/Asian (East)/women/id09174/00015_id08819_wavtolip.npz,-1.0655146837234497,1
FakeVideo-FakeAudio/Asian (East)/women/id09174/00015_id09116_wavtolip.npz,9.735596656799316,1
FakeVideo-FakeAudio/Asian (East)/women/id09174/00015_id09171_wavtolip.npz,10.81117057800293,1
FakeVideo-FakeAudio/Asian (East)/women/id09125/00098_id00430_wavtolip.npz,6.962172508239746,1
FakeVideo-FakeAudio/Asian (East)/women/id09125/00098_id00579_yc8eTBM4N3c_id05631_wavtolip.npz,9.503693580627441,1
FakeVideo-FakeAudio/Asian (East)/women/id09125/00098_id01281_wavtolip.npz,8.953975677490234,1
FakeVideo-FakeAudio/Asian (East)/women/id09125/00098_id02587_wavtolip.npz,7.282304286956787,1
FakeVideo-FakeAudio/Asian (East)/women/id09125/00098_id03211_HK4oe6Hi91E_id05631_wavtolip.npz,9.511475563049316,1
FakeVideo-FakeAudio/Asian (East)/women/id09125/00098_id03379_wavtolip.npz,7.517688274383545,1
FakeVideo-FakeAudio/Asian (East)/women/id09125/00098_id04057_wavtolip.npz,7.524523735046387,1
FakeVideo-FakeAudio/Asian (East)/women/id09125/00098_id04144_wavtolip.npz,9.898930549621582,1
FakeVideo-FakeAudio/Asian (East)/women/id09125/00098_id06158_wavtolip.npz,7.3707427978515625,1
FakeVideo-FakeAudio/Asian (East)/women/id09125/00098_id06225_wavtolip.npz,9.816427230834961,1
FakeVideo-FakeAudio/Asian (East)/women/id09125/00098_id06462_Nn79kE76MA4_id04057_wavtolip.npz,7.278521537780762,1
FakeVideo-FakeAudio/Asian (East)/women/id09125/00098_id07739_TmuvLVNBm8o_id05844_wavtolip.npz,8.522974014282227,1
FakeVideo-FakeAudio/Asian (East)/women/id09125/00098_id07799_wavtolip.npz,10.352023124694824,1
FakeVideo-FakeAudio/Asian (East)/women/id09125/00098_id09174_wavtolip.npz,8.771746635437012,1
FakeVideo-FakeAudio/Asian (East)/women/id09125/00098_id09181_ypUYBHscgD8_id06225_wavtolip.npz,9.74305534362793,1
FakeVideo-FakeAudio/Asian (East)/women/id05620/00005_id00137_wavtolip.npz,7.249544143676758,1
FakeVideo-FakeAudio/Asian (East)/women/id05620/00005_id00566_V3Hg_HMhuwQ_id00430_wavtolip.npz,7.038941860198975,1
FakeVideo-FakeAudio/Asian (East)/women/id05620/00005_id00579_wavtolip.npz,5.239256858825684,1
FakeVideo-FakeAudio/Asian (East)/women/id05620/00005_id02807_eFC0STvhou4_id04144_wavtolip.npz,9.7943754196167,1
FakeVideo-FakeAudio/Asian (East)/women/id05620/00005_id04144_wavtolip.npz,9.768587112426758,1
FakeVideo-FakeAudio/Asian (East)/women/id05620/00005_id05620_wavtolip.npz,9.574732780456543,1
FakeVideo-FakeAudio/Asian (East)/women/id05620/00005_id05631_wavtolip.npz,9.601181030273438,1
FakeVideo-FakeAudio/Asian (East)/women/id05620/00005_id06061_TckvmWR97vo_faceswap_id03379_wavtolip.npz,7.37313985824585,1
FakeVideo-FakeAudio/Asian (East)/women/id05620/00005_id06061_TckvmWR97vo_faceswap_id04414_wavtolip.npz,9.102697372436523,1
FakeVideo-FakeAudio/Asian (East)/women/id05620/00005_id06061_TckvmWR97vo_faceswap_id04701_wavtolip.npz,9.498819351196289,1
FakeVideo-FakeAudio/Asian (East)/women/id05620/00005_id06061_TckvmWR97vo_faceswap_id05631_wavtolip.npz,9.662181854248047,1
FakeVideo-FakeAudio/Asian (East)/women/id05620/00005_id06061_TckvmWR97vo_faceswap_id09181_wavtolip.npz,10.34387493133545,1
FakeVideo-FakeAudio/Asian (East)/women/id05620/00005_id06061_TckvmWR97vo_id00566_wavtolip.npz,8.812995910644531,1
FakeVideo-FakeAudio/Asian (East)/women/id05620/00005_id06066_9e5vgpwmruA_id07039_wavtolip.npz,8.8705472946167,1
FakeVideo-FakeAudio/Asian (East)/women/id05620/00005_id06066_wavtolip.npz,-2.254908323287964,1
FakeVideo-FakeAudio/Asian (East)/women/id05620/00005_id07799_wavtolip.npz,10.108263969421387,1
FakeVideo-FakeAudio/Asian (East)/women/id05620/00005_id09181_wavtolip.npz,10.44864559173584,1
FakeVideo-FakeAudio/Asian (East)/women/id05576/00368_id00363_XNRwEZtddRk_id00763_wavtolip.npz,4.657045841217041,1
FakeVideo-FakeAudio/Asian (East)/women/id05576/00368_id00566_wavtolip.npz,8.280168533325195,1
FakeVideo-FakeAudio/Asian (East)/women/id05576/00368_id02807_eFC0STvhou4_id00763_wavtolip.npz,4.48308801651001,1
FakeVideo-FakeAudio/Asian (East)/women/id05576/00368_id03211_wavtolip.npz,8.9956693649292,1
FakeVideo-FakeAudio/Asian (East)/women/id05576/00368_id04144_wavtolip.npz,9.679971694946289,1
FakeVideo-FakeAudio/Asian (East)/women/id05576/00368_id04701_wavtolip.npz,9.425912857055664,1
FakeVideo-FakeAudio/Asian (East)/women/id05576/00368_id05631_wavtolip.npz,9.400460243225098,1
FakeVideo-FakeAudio/Asian (East)/women/id05576/00368_id06061_wavtolip.npz,9.39013957977295,1
FakeVideo-FakeAudio/Asian (East)/women/id05576/00368_id06066_9e5vgpwmruA_id00935_wavtolip.npz,4.228367328643799,1
FakeVideo-FakeAudio/Asian (East)/women/id05576/00368_id06066_wavtolip.npz,3.5298197269439697,1
FakeVideo-FakeAudio/Asian (East)/women/id05576/00368_id06158_C6FpHdewEzA_id00430_wavtolip.npz,6.865721702575684,1
FakeVideo-FakeAudio/Asian (East)/women/id05576/00368_id08139_wavtolip.npz,8.911327362060547,1
FakeVideo-FakeAudio/Asian (East)/women/id05576/00368_id08397_zvY3EjwSL1Q_id06054_wavtolip.npz,7.063418865203857,1
FakeVideo-FakeAudio/Asian (East)/women/id05576/00368_id08819_uDQ-DFVg5Sk_id09116_wavtolip.npz,8.456279754638672,1
FakeVideo-FakeAudio/Asian (East)/women/id05576/00368_id09116_wavtolip.npz,8.560080528259277,1
FakeVideo-FakeAudio/Asian (East)/women/id05576/00368_id09175_YWe7UOnEyHU_id00763_wavtolip.npz,4.386562347412109,1
FakeVideo-FakeAudio/Asian (East)/women/id06388/00005_id00579_wavtolip.npz,5.174388885498047,1
FakeVideo-FakeAudio/Asian (East)/women/id06388/00005_id01281_ojEe5zGWESc_faceswap_id03211_wavtolip.npz,9.7291259765625,1
FakeVideo-FakeAudio/Asian (East)/women/id06388/00005_id01281_ojEe5zGWESc_faceswap_id04414_wavtolip.npz,9.140795707702637,1
FakeVideo-FakeAudio/Asian (East)/women/id06388/00005_id01281_ojEe5zGWESc_faceswap_id05620_wavtolip.npz,9.71570873260498,1
FakeVideo-FakeAudio/Asian (East)/women/id06388/00005_id01281_ojEe5zGWESc_faceswap_id08139_wavtolip.npz,9.526850700378418,1
FakeVideo-FakeAudio/Asian (East)/women/id06388/00005_id04057_wavtolip.npz,9.518012046813965,1
FakeVideo-FakeAudio/Asian (East)/women/id06388/00005_id04701_wavtolip.npz,9.390229225158691,1
FakeVideo-FakeAudio/Asian (East)/women/id06388/00005_id06054_wavtolip.npz,6.926592826843262,1
FakeVideo-FakeAudio/Asian (East)/women/id06388/00005_id06065_wavtolip.npz,8.745111465454102,1
FakeVideo-FakeAudio/Asian (East)/women/id06388/00005_id06462_wavtolip.npz,9.555569648742676,1
FakeVideo-FakeAudio/Asian (East)/women/id06388/00005_id08397_wavtolip.npz,9.374237060546875,1
FakeVideo-FakeAudio/Asian (East)/women/id06388/00005_id08402_nedfiSXfmQ0_id03379_wavtolip.npz,7.352972984313965,1
FakeVideo-FakeAudio/Asian (East)/women/id06388/00005_id09116_wavtolip.npz,8.467649459838867,1
FakeVideo-FakeAudio/Asian (East)/women/id06388/00005_id09171_B-JRLp6chC0_id00579_wavtolip.npz,5.220770359039307,1
FakeVideo-FakeAudio/Asian (East)/women/id06388/00005_id09175_YWe7UOnEyHU_id00363_wavtolip.npz,9.636855125427246,1
FakeVideo-FakeAudio/Asian (East)/women/id06388/00005_id09181_ypUYBHscgD8_id06225_wavtolip.npz,7.816279411315918,1
FakeVideo-FakeAudio/Asian (East)/women/id00582/00006_id00137_wavtolip.npz,7.439417362213135,1
FakeVideo-FakeAudio/Asian (East)/women/id00582/00006_id00566_wavtolip.npz,8.382424354553223,1
FakeVideo-FakeAudio/Asian (East)/women/id00582/00006_id01281_wavtolip.npz,7.274796962738037,1
FakeVideo-FakeAudio/Asian (East)/women/id00582/00006_id02807_eFC0STvhou4_id00137_wavtolip.npz,7.28805685043335,1
FakeVideo-FakeAudio/Asian (East)/women/id00582/00006_id03211_HK4oe6Hi91E_id06054_wavtolip.npz,6.868161678314209,1
FakeVideo-FakeAudio/Asian (East)/women/id00582/00006_id03379_A32nCObAHiI_faceswap_id00137_wavtolip.npz,7.123556137084961,1
FakeVideo-FakeAudio/Asian (East)/women/id00582/00006_id03379_A32nCObAHiI_faceswap_id00935_wavtolip.npz,9.308511734008789,1
FakeVideo-FakeAudio/Asian (East)/women/id00582/00006_id03379_A32nCObAHiI_faceswap_id05620_wavtolip.npz,9.587374687194824,1
FakeVideo-FakeAudio/Asian (East)/women/id00582/00006_id03379_A32nCObAHiI_faceswap_id06158_wavtolip.npz,7.170062065124512,1
FakeVideo-FakeAudio/Asian (East)/women/id00582/00006_id03379_A32nCObAHiI_id07799_wavtolip.npz,10.774921417236328,1
FakeVideo-FakeAudio/Asian (East)/women/id00582/00006_id03379_wavtolip.npz,7.464184284210205,1
FakeVideo-FakeAudio/Asian (East)/women/id00582/00006_id04144__FJg9YswRzQ_id05576_wavtolip.npz,10.348273277282715,1
FakeVideo-FakeAudio/Asian (East)/women/id00582/00006_id04701_wavtolip.npz,9.392130851745605,1
FakeVideo-FakeAudio/Asian (East)/women/id00582/00006_id06065_wavtolip.npz,8.709352493286133,1
FakeVideo-FakeAudio/Asian (East)/women/id00582/00006_id06388_AtidJ-WlONc_id08139_wavtolip.npz,8.957828521728516,1
FakeVideo-FakeAudio/Asian (East)/women/id00582/00006_id09171_wavtolip.npz,10.151734352111816,1
FakeVideo-FakeAudio/Asian (East)/women/id00582/00006_id09174_Qspzu6tyArc_id02587_wavtolip.npz,7.2439470291137695,1
FakeVideo-FakeAudio/Asian (East)/women/id00582/00006_id09174_wavtolip.npz,8.86213207244873,1
FakeVideo-FakeAudio/Asian (East)/women/id00363/00014_id00763_lI1GEn3Ima0_id05631_wavtolip.npz,9.65079402923584,1
FakeVideo-FakeAudio/Asian (East)/women/id00363/00014_id03379_A32nCObAHiI_id09175_wavtolip.npz,8.158890724182129,1
FakeVideo-FakeAudio/Asian (East)/women/id00363/00014_id04144__FJg9YswRzQ_id00763_wavtolip.npz,3.557230234146118,1
FakeVideo-FakeAudio/Asian (East)/women/id00363/00014_id04701_wavtolip.npz,9.330185890197754,1
FakeVideo-FakeAudio/Asian (East)/women/id00363/00014_id05576_wavtolip.npz,10.738096237182617,1
FakeVideo-FakeAudio/Asian (East)/women/id00363/00014_id05844_wavtolip.npz,9.90925407409668,1
FakeVideo-FakeAudio/Asian (East)/women/id00363/00014_id06054_wavtolip.npz,3.2348287105560303,1
FakeVideo-FakeAudio/Asian (East)/women/id00363/00014_id06066_9e5vgpwmruA_id00566_wavtolip.npz,8.596729278564453,1
FakeVideo-FakeAudio/Asian (East)/women/id00363/00014_id06443_wavtolip.npz,1.052159309387207,1
FakeVideo-FakeAudio/Asian (East)/women/id00363/00014_id08139_wavtolip.npz,9.551602363586426,1
FakeVideo-FakeAudio/Asian (East)/women/id00363/00014_id08819_wavtolip.npz,-1.9848899841308594,1
FakeVideo-FakeAudio/Asian (East)/women/id00363/00014_id09175_YWe7UOnEyHU_id07739_wavtolip.npz,9.749338150024414,1
FakeVideo-FakeAudio/Asian (East)/women/id00363/00014_id09175_wavtolip.npz,8.262062072753906,1
FakeVideo-FakeAudio/Asian (East)/women/id06158/00015_id00763_wavtolip.npz,5.484034538269043,1
FakeVideo-FakeAudio/Asian (East)/women/id06158/00015_id03940_axeR0CLu96U_faceswap_id02587_wavtolip.npz,8.594918251037598,1
FakeVideo-FakeAudio/Asian (East)/women/id06158/00015_id03940_axeR0CLu96U_faceswap_id04414_wavtolip.npz,9.061038970947266,1
FakeVideo-FakeAudio/Asian (East)/women/id06158/00015_id03940_axeR0CLu96U_faceswap_id05620_wavtolip.npz,9.653406143188477,1
FakeVideo-FakeAudio/Asian (East)/women/id06158/00015_id03940_axeR0CLu96U_faceswap_id06065_wavtolip.npz,8.759739875793457,1
FakeVideo-FakeAudio/Asian (East)/women/id06158/00015_id03940_axeR0CLu96U_faceswap_id06443_wavtolip.npz,2.6716432571411133,1
FakeVideo-FakeAudio/Asian (East)/women/id06158/00015_id03940_axeR0CLu96U_id06061_wavtolip.npz,9.801246643066406,1
FakeVideo-FakeAudio/Asian (East)/women/id06158/00015_id04057_wavtolip.npz,9.928215026855469,1
FakeVideo-FakeAudio/Asian (East)/women/id06158/00015_id04701_7mnc8w6jRlM_id07799_wavtolip.npz,10.135683059692383,1
FakeVideo-FakeAudio/Asian (East)/women/id06158/00015_id04701_wavtolip.npz,9.314979553222656,1
FakeVideo-FakeAudio/Asian (East)/women/id06158/00015_id06054_wavtolip.npz,1.278638243675232,1
FakeVideo-FakeAudio/Asian (East)/women/id06158/00015_id06060_wavtolip.npz,10.790340423583984,1
FakeVideo-FakeAudio/Asian (East)/women/id06158/00015_id06462_wavtolip.npz,9.817309379577637,1
FakeVideo-FakeAudio/Asian (East)/women/id06158/00015_id08397_zvY3EjwSL1Q_id01281_wavtolip.npz,8.924812316894531,1
FakeVideo-FakeAudio/Asian (East)/women/id03211/00032_id00363_wavtolip.npz,9.648582458496094,1
FakeVideo-FakeAudio/Asian (East)/women/id03211/00032_id00582_9gvF6IohoUI_faceswap_id04414_wavtolip.npz,9.363533973693848,1
FakeVideo-FakeAudio/Asian (East)/women/id03211/00032_id00582_9gvF6IohoUI_faceswap_id05620_wavtolip.npz,9.425028800964355,1
FakeVideo-FakeAudio/Asian (East)/women/id03211/00032_id00582_9gvF6IohoUI_faceswap_id05631_wavtolip.npz,9.460616111755371,1
FakeVideo-FakeAudio/Asian (East)/women/id03211/00032_id00582_9gvF6IohoUI_faceswap_id06225_wavtolip.npz,9.009923934936523,1
FakeVideo-FakeAudio/Asian (East)/women/id03211/00032_id00582_9gvF6IohoUI_faceswap_id06388_wavtolip.npz,9.405145645141602,1
FakeVideo-FakeAudio/Asian (East)/women/id03211/00032_id00582_9gvF6IohoUI_id04414_wavtolip.npz,9.186777114868164,1
FakeVideo-FakeAudio/Asian (East)/women/id03211/00032_id00935_wavtolip.npz,4.263153553009033,1
FakeVideo-FakeAudio/Asian (East)/women/id03211/00032_id02587_KzwJPH5_8j0_id06054_wavtolip.npz,6.843608379364014,1
FakeVideo-FakeAudio/Asian (East)/women/id03211/00032_id02587_wavtolip.npz,7.229780673980713,1
FakeVideo-FakeAudio/Asian (East)/women/id03211/00032_id03940_axeR0CLu96U_id06462_wavtolip.npz,9.793858528137207,1
FakeVideo-FakeAudio/Asian (East)/women/id03211/00032_id04066_DkqznbB2WxQ_id05576_wavtolip.npz,10.916838645935059,1
FakeVideo-FakeAudio/Asian (East)/women/id03211/00032_id04414_0sJN-9GIO-M_id05620_wavtolip.npz,9.579303741455078,1
FakeVideo-FakeAudio/Asian (East)/women/id03211/00032_id04414_wavtolip.npz,9.197548866271973,1
FakeVideo-FakeAudio/Asian (East)/women/id03211/00032_id05631_wavtolip.npz,9.383577346801758,1
FakeVideo-FakeAudio/Asian (East)/women/id03211/00032_id06158_C6FpHdewEzA_id05844_wavtolip.npz,8.50052547454834,1
FakeVideo-FakeAudio/Asian (East)/women/id03211/00032_id06427_dBBAKe2EA_o_id05631_wavtolip.npz,9.520404815673828,1
FakeVideo-FakeAudio/Asian (East)/women/id03211/00032_id09181_wavtolip.npz,10.46129322052002,1
FakeVideo-FakeAudio/Caucasian (European)/men/id01052/00076_id00171_PWU6n0qrv4c_id00266_wavtolip.npz,9.342007637023926,1
FakeVideo-FakeAudio/Caucasian (European)/men/id01052/00076_id00185_wavtolip.npz,4.682985782623291,1
FakeVideo-FakeAudio/Caucasian (European)/men/id01052/00076_id00225_wavtolip.npz,10.095845222473145,1
FakeVideo-FakeAudio/Caucasian (European)/men/id01052/00076_id00241_DlI4wqSFwbI_id00990_wavtolip.npz,8.38057804107666,1
FakeVideo-FakeAudio/Caucasian (European)/men/id01052/00076_id00266_wavtolip.npz,9.44958782196045,1
FakeVideo-FakeAudio/Caucasian (European)/men/id01052/00076_id00282_wavtolip.npz,9.820113182067871,1
FakeVideo-FakeAudio/Caucasian (European)/men/id01052/00076_id00305_LdcY3ILdQrE_id00265_wavtolip.npz,8.785934448242188,1
FakeVideo-FakeAudio/Caucasian (European)/men/id01052/00076_id00306_CDX55F3nWNc_id00981_wavtolip.npz,1.292063593864441,1
FakeVideo-FakeAudio/Caucasian (European)/men/id01052/00076_id00415_wavtolip.npz,9.461934089660645,1
FakeVideo-FakeAudio/Caucasian (European)/men/id01052/00076_id00498_wavtolip.npz,8.907792091369629,1
FakeVideo-FakeAudio/Caucasian (European)/men/id01052/00076_id00548_DXbYU3qhN7U_id00520_wavtolip.npz,9.737119674682617,1
FakeVideo-FakeAudio/Caucasian (European)/men/id01052/00076_id00548_wavtolip.npz,9.60202407836914,1
FakeVideo-FakeAudio/Caucasian (European)/men/id01052/00076_id00559_wavtolip.npz,10.005929946899414,1
FakeVideo-FakeAudio/Caucasian (European)/men/id01052/00076_id00709_Rh23ELMGsIQ_faceswap_id00063_wavtolip.npz,9.490848541259766,1
FakeVideo-FakeAudio/Caucasian (European)/men/id01052/00076_id00709_Rh23ELMGsIQ_faceswap_id00225_wavtolip.npz,10.076375961303711,1
FakeVideo-FakeAudio/Caucasian (European)/men/id01052/00076_id00709_Rh23ELMGsIQ_faceswap_id00265_wavtolip.npz,8.76186752319336,1
FakeVideo-FakeAudio/Caucasian (European)/men/id01052/00076_id00709_Rh23ELMGsIQ_faceswap_id01052_wavtolip.npz,9.6399564743042,1
FakeVideo-FakeAudio/Caucasian (European)/men/id01052/00076_id00709_Rh23ELMGsIQ_faceswap_id01156_wavtolip.npz,2.8817508220672607,1
FakeVideo-FakeAudio/Caucasian (European)/men/id01052/00076_id00709_Rh23ELMGsIQ_id00241_wavtolip.npz,8.570199966430664,1
FakeVideo-FakeAudio/Caucasian (European)/men/id01052/00076_id00963_wavtolip.npz,8.174488067626953,1
FakeVideo-FakeAudio/Caucasian (European)/men/id01052/00076_id00990_G-qzOIgxEoE_id00186_wavtolip.npz,5.5715107917785645,1
FakeVideo-FakeAudio/Caucasian (European)/men/id01052/00076_id01051_jPxk6s6FM6Y_id00183_wavtolip.npz,9.455172538757324,1
FakeVideo-FakeAudio/Caucasian (European)/men/id01052/00076_id01098_BwmSumx6P1U_id00368_wavtolip.npz,7.3238348960876465,1
FakeVideo-FakeAudio/Caucasian (European)/men/id01052/00076_id01102_aGFUkdgmo3A_id00292_wavtolip.npz,4.209140300750732,1
FakeVideo-FakeAudio/Caucasian (European)/men/id01052/00076_id01123_wavtolip.npz,5.671005725860596,1
FakeVideo-FakeAudio/Caucasian (European)/men/id00709/00206_1_id00187_wavtolip.npz,9.686990737915039,1
FakeVideo-FakeAudio/Caucasian (European)/men/id00709/00206_1_id00548_wavtolip.npz,9.540403366088867,1
FakeVideo-FakeAudio/Caucasian (European)/men/id00709/00206_1_id00709_wavtolip.npz,8.648451805114746,1
FakeVideo-FakeAudio/Caucasian (European)/men/id00709/00206_1_id00963_wavtolip.npz,9.55378532409668,1
FakeVideo-FakeAudio/Caucasian (European)/men/id00709/00206_1_id01102_wavtolip.npz,9.138900756835938,1
FakeVideo-FakeAudio/Caucasian (European)/men/id00709/00206_id00063_cVZBXC2rjPM_id01098_wavtolip.npz,9.165946960449219,1
FakeVideo-FakeAudio/Caucasian (European)/men/id00709/00206_id00225_MHSgwpfHAXw_id00063_wavtolip.npz,9.462050437927246,1
FakeVideo-FakeAudio/Caucasian (European)/men/id00709/00206_id00241_wavtolip.npz,8.709339141845703,1
FakeVideo-FakeAudio/Caucasian (European)/men/id00709/00206_id00358_vsVwGKy79kM_id01098_wavtolip.npz,9.107722282409668,1
FakeVideo-FakeAudio/Caucasian (European)/men/id00709/00206_id00358_wavtolip.npz,10.365487098693848,1
FakeVideo-FakeAudio/Caucasian (European)/men/id00709/00206_id00415_wavtolip.npz,9.382662773132324,1
FakeVideo-FakeAudio/Caucasian (European)/men/id00709/00206_id00535_BhvTIJ-YG5s_id00055_wavtolip.npz,9.182838439941406,1
FakeVideo-FakeAudio/Caucasian (European)/men/id00709/00206_id00548_DXbYU3qhN7U_id01102_wavtolip.npz,9.41704273223877,1
FakeVideo-FakeAudio/Caucasian (European)/men/id00709/00206_id00559_wavtolip.npz,9.922048568725586,1
FakeVideo-FakeAudio/Caucasian (European)/men/id00709/00206_id00919_XDUn0Pskyrk_id01157_wavtolip.npz,9.050857543945312,1
FakeVideo-FakeAudio/Caucasian (European)/men/id00709/00206_id00919_wavtolip.npz,9.154057502746582,1
FakeVideo-FakeAudio/Caucasian (European)/men/id00709/00206_id00999_SjnM4XFBz0M_id00520_wavtolip.npz,9.68325424194336,1
FakeVideo-FakeAudio/Caucasian (European)/men/id00709/00206_id01052_Kf4nlIEHfaU_id00185_wavtolip.npz,4.678035259246826,1
FakeVideo-FakeAudio/Caucasian (European)/men/id00709/00206_id01052_wavtolip.npz,9.7210693359375,1
FakeVideo-FakeAudio/Caucasian (European)/men/id00709/00206_id01102_wavtolip.npz,9.065040588378906,1
FakeVideo-FakeAudio/Caucasian (European)/men/id00709/00206_id01123_wavtolip.npz,5.650579929351807,1
FakeVideo-FakeAudio/Caucasian (European)/men/id00709/00206_id01126_wavtolip.npz,9.987276077270508,1
FakeVideo-FakeAudio/Caucasian (European)/men/id00709/00206_id01154_wavtolip.npz,5.615476131439209,1
FakeVideo-FakeAudio/Caucasian (European)/men/id00709/00206_id02567_4Ao5jgpSXdw_id00919_wavtolip.npz,9.160429000854492,1
FakeVideo-FakeAudio/Caucasian (European)/men/id00709/00206_id03205_gXytNIcANKw_id00241_wavtolip.npz,8.918743133544922,1
FakeVideo-FakeAudio/Caucasian (European)/men/id00306/00015_id00063_wavtolip.npz,9.466057777404785,1
FakeVideo-FakeAudio/Caucasian (European)/men/id00306/00015_id00241_DlI4wqSFwbI_id01154_wavtolip.npz,5.657955646514893,1
FakeVideo-FakeAudio/Caucasian (European)/men/id00306/00015_id00241_wavtolip.npz,8.895792961120605,1
FakeVideo-FakeAudio/Caucasian (European)/men/id00306/00015_id00292_qELK8N_DykA_id00554_wavtolip.npz,8.331823348999023,1
FakeVideo-FakeAudio/Caucasian (European)/men/id00306/00015_id00292_wavtolip.npz,4.273032188415527,1
FakeVideo-FakeAudio/Caucasian (European)/men/id00306/00015_id00415_saYfEadFy_s_id00559_wavtolip.npz,10.076282501220703,1
FakeVideo-FakeAudio/Caucasian (European)/men/id00306/00015_id00594_wavtolip.npz,6.4651665687561035,1
FakeVideo-FakeAudio/Caucasian (European)/men/id00306/00015_id00909_wavtolip.npz,2.382749319076538,1
FakeVideo-FakeAudio/Caucasian (European)/men/id00306/00015_id01051_wavtolip.npz,8.805734634399414,1
FakeVideo-FakeAudio/Caucasian (European)/men/id00306/00015_id01052_Kf4nlIEHfaU_id01154_wavtolip.npz,5.6164045333862305,1
FakeVideo-FakeAudio/Caucasian (European)/men/id00306/00015_id01052_wavtolip.npz,9.559005737304688,1
FakeVideo-FakeAudio/Caucasian (European)/men/id00306/00015_id01058_2DKbOjf3Wyo_faceswap_id00253_wavtolip.npz,7.555886268615723,1
FakeVideo-FakeAudio/Caucasian (European)/men/id00306/00015_id01058_2DKbOjf3Wyo_faceswap_id00535_wavtolip.npz,6.328859806060791,1
FakeVideo-FakeAudio/Caucasian (European)/men/id00306/00015_id01058_2DKbOjf3Wyo_faceswap_id00559_wavtolip.npz,10.098455429077148,1
FakeVideo-FakeAudio/Caucasian (European)/men/id00306/00015_id01058_2DKbOjf3Wyo_faceswap_id00919_wavtolip.npz,9.107683181762695,1
FakeVideo-FakeAudio/Caucasian (European)/men/id00306/00015_id01058_2DKbOjf3Wyo_faceswap_id01157_wavtolip.npz,9.112319946289062,1
FakeVideo-FakeAudio/Caucasian (European)/men/id00306/00015_id01058_2DKbOjf3Wyo_id00171_wavtolip.npz,7.842497825622559,1
FakeVideo-FakeAudio/Caucasian (European)/men/id00306/00015_id01098_wavtolip.npz,8.954703330993652,1
FakeVideo-FakeAudio/Caucasian (European)/men/id00306/00015_id01123_wavtolip.npz,5.624851703643799,1
FakeVideo-FakeAudio/Caucasian (European)/men/id00306/00015_id01126_wavtolip.npz,9.828401565551758,1
FakeVideo-FakeAudio/Caucasian (European)/men/id00306/00015_id01154_tvmOcaG4A4w_id01051_wavtolip.npz,8.876017570495605,1
FakeVideo-FakeAudio/Caucasian (European)/men/id00306/00015_id01156_RT99eogJo4k_id01156_wavtolip.npz,2.2753844261169434,1
FakeVideo-FakeAudio/Caucasian (European)/men/id00292/00072_id00055_XzCF6sJ8Axc_id00306_wavtolip.npz,3.169778823852539,1
FakeVideo-FakeAudio/Caucasian (European)/men/id00292/00072_id00187_wavtolip.npz,7.582674503326416,1
FakeVideo-FakeAudio/Caucasian (European)/men/id00292/00072_id00192_By3wxX0dyDw_faceswap_id00225_wavtolip.npz,9.361458778381348,1
FakeVideo-FakeAudio/Caucasian (European)/men/id00292/00072_id00192_By3wxX0dyDw_faceswap_id00709_wavtolip.npz,7.054288387298584,1
FakeVideo-FakeAudio/Caucasian (European)/men/id00292/00072_id00192_By3wxX0dyDw_faceswap_id00919_wavtolip.npz,9.090350151062012,1
FakeVideo-FakeAudio/Caucasian (European)/men/id00292/00072_id00192_By3wxX0dyDw_faceswap_id01052_wavtolip.npz,9.809744834899902,1
FakeVideo-FakeAudio/Caucasian (European)/men/id00292/00072_id00192_By3wxX0dyDw_faceswap_id01102_wavtolip.npz,9.288481712341309,1
FakeVideo-FakeAudio/Caucasian (European)/men/id00292/00072_id00192_By3wxX0dyDw_id00520_wavtolip.npz,10.080411911010742,1
FakeVideo-FakeAudio/Caucasian (European)/men/id00292/00072_id00265_wavtolip.npz,8.797945022583008,1
FakeVideo-FakeAudio/Caucasian (European)/men/id00292/00072_id00266_wavtolip.npz,4.995203018188477,1
FakeVideo-FakeAudio/Caucasian (European)/men/id00292/00072_id00282_iTsqWj6GEbo_id00055_wavtolip.npz,9.224503517150879,1
FakeVideo-FakeAudio/Caucasian (European)/men/id00292/00072_id00282_wavtolip.npz,10.588342666625977,1
FakeVideo-FakeAudio/Caucasian (European)/men/id00292/00072_id00306_CDX55F3nWNc_id00305_wavtolip.npz,7.633731365203857,1
FakeVideo-FakeAudio/Caucasian (European)/men/id00292/00072_id00368_KohcGDsg29U_id00415_wavtolip.npz,8.872262954711914,1
FakeVideo-FakeAudio/Caucasian (European)/men/id00292/00072_id00559_wavtolip.npz,10.460269927978516,1
FakeVideo-FakeAudio/Caucasian (European)/men/id00292/00072_id00963_1s6PjtI643E_id00694_wavtolip.npz,6.8435797691345215,1
FakeVideo-FakeAudio/Caucasian (European)/men/id00292/00072_id00981_OmNALjENDkI_id01098_wavtolip.npz,9.024750709533691,1
FakeVideo-FakeAudio/Caucasian (European)/men/id00292/00072_id01098_wavtolip.npz,9.1275053024292,1
FakeVideo-FakeAudio/Caucasian (European)/men/id00292/00072_id01099_ZpgbIKxzkrg_id00548_wavtolip.npz,1.9037543535232544,1
FakeVideo-FakeAudio/Caucasian (European)/men/id00292/00072_id01102_wavtolip.npz,9.042491912841797,1
FakeVideo-FakeAudio/Caucasian (European)/men/id00292/00072_id01126_wavtolip.npz,8.523682594299316,1
FakeVideo-FakeAudio/Caucasian (European)/men/id00292/00072_id01154_wavtolip.npz,9.301468849182129,1
FakeVideo-FakeAudio/Caucasian (European)/men/id00292/00072_id01156_RT99eogJo4k_id02567_wavtolip.npz,8.236692428588867,1
FakeVideo-FakeAudio/Caucasian (European)/men/id00292/00072_id01157_yDgqfOWVKko_id01156_wavtolip.npz,2.080742120742798,1
FakeVideo-FakeAudio/Caucasian (European)/men/id00292/00072_id02567_wavtolip.npz,8.193085670471191,1
FakeVideo-FakeAudio/Caucasian (European)/men/id00919/00063_id00055_wavtolip.npz,9.405168533325195,1
FakeVideo-FakeAudio/Caucasian (European)/men/id00919/00063_id00063_cVZBXC2rjPM_id00990_wavtolip.npz,3.2212891578674316,1
FakeVideo-FakeAudio/Caucasian (European)/men/id00919/00063_id00171_wavtolip.npz,2.6752235889434814,1
FakeVideo-FakeAudio/Caucasian (European)/men/id00919/00063_id00265_wavtolip.npz,9.346439361572266,1
FakeVideo-FakeAudio/Caucasian (European)/men/id00919/00063_id00306_wavtolip.npz,1.6730509996414185,1
FakeVideo-FakeAudio/Caucasian (European)/men/id00919/00063_id00358_vsVwGKy79kM_id00594_wavtolip.npz,-0.7394573092460632,1
FakeVideo-FakeAudio/Caucasian (European)/men/id00919/00063_id00368_wavtolip.npz,8.730195045471191,1
FakeVideo-FakeAudio/Caucasian (European)/men/id00919/00063_id00535_BhvTIJ-YG5s_id02567_wavtolip.npz,7.282951831817627,1
FakeVideo-FakeAudio/Caucasian (European)/men/id00919/00063_id00535_wavtolip.npz,6.273890972137451,1
FakeVideo-FakeAudio/Caucasian (European)/men/id00919/00063_id00559_Y7ovoKuvL78_id01051_wavtolip.npz,9.552408218383789,1
FakeVideo-FakeAudio/Caucasian (European)/men/id00919/00063_id00709_Rh23ELMGsIQ_id00266_wavtolip.npz,8.068694114685059,1
FakeVideo-FakeAudio/Caucasian (European)/men/id00919/00063_id00909_wavtolip.npz,3.7906546592712402,1
FakeVideo-FakeAudio/Caucasian (European)/men/id00919/00063_id00919_wavtolip.npz,9.202479362487793,1
FakeVideo-FakeAudio/Caucasian (European)/men/id00919/00063_id01099_ZpgbIKxzkrg_id00946_wavtolip.npz,8.812663078308105,1
FakeVideo-FakeAudio/Caucasian (European)/men/id00919/00063_id01156_RT99eogJo4k_id00306_wavtolip.npz,1.499822735786438,1
FakeVideo-FakeAudio/Caucasian (European)/men/id00919/00063_id01156_wavtolip.npz,2.4373555183410645,1
FakeVideo-FakeAudio/Caucasian (European)/men/id00919/00063_id01157_yDgqfOWVKko_id00694_wavtolip.npz,6.870532512664795,1
FakeVideo-FakeAudio/Caucasian (European)/men/id00919/00063_id02567_4Ao5jgpSXdw_id00519_wavtolip.npz,9.385458946228027,1
FakeVideo-FakeAudio/Caucasian (European)/men/id00919/00063_id03205_gXytNIcANKw_id01051_wavtolip.npz,9.484357833862305,1
FakeVideo-FakeAudio/Caucasian (European)/men/id00919/00063_id03205_wavtolip.npz,9.042805671691895,1
FakeVideo-FakeAudio/Caucasian (European)/men/id01099/00206_id00055_XzCF6sJ8Axc_id00548_wavtolip.npz,2.118429183959961,1
FakeVideo-FakeAudio/Caucasian (European)/men/id01099/00206_id00063_cVZBXC2rjPM_id00186_wavtolip.npz,10.031651496887207,1
FakeVideo-FakeAudio/Caucasian (European)/men/id01099/00206_id00171_wavtolip.npz,1.9277122020721436,1
FakeVideo-FakeAudio/Caucasian (European)/men/id01099/00206_id00183_wavtolip.npz,9.748648643493652,1
FakeVideo-FakeAudio/Caucasian (European)/men/id01099/00206_id00225_wavtolip.npz,9.714107513427734,1
FakeVideo-FakeAudio/Caucasian (European)/men/id01099/00206_id00253_cyTfcQDjvU0_id00055_wavtolip.npz,9.592370986938477,1
FakeVideo-FakeAudio/Caucasian (European)/men/id01099/00206_id00253_wavtolip.npz,7.478829383850098,1
FakeVideo-FakeAudio/Caucasian (European)/men/id01099/00206_id00292_qELK8N_DykA_id00185_wavtolip.npz,9.421943664550781,1
FakeVideo-FakeAudio/Caucasian (European)/men/id01099/00206_id00358_wavtolip.npz,10.75084400177002,1
FakeVideo-FakeAudio/Caucasian (European)/men/id01099/00206_id00519_wavtolip.npz,9.803403854370117,1
FakeVideo-FakeAudio/Caucasian (European)/men/id01099/00206_id00535_BhvTIJ-YG5s_id00548_wavtolip.npz,2.1814472675323486,1
FakeVideo-FakeAudio/Caucasian (European)/men/id01099/00206_id00554_crjq1dFN1Ko_id01123_wavtolip.npz,1.5124640464782715,1
FakeVideo-FakeAudio/Caucasian (European)/men/id01099/00206_id00559_Y7ovoKuvL78_id00498_wavtolip.npz,9.227861404418945,1
FakeVideo-FakeAudio/Caucasian (European)/men/id01099/00206_id00694_wavtolip.npz,8.46865177154541,1
FakeVideo-FakeAudio/Caucasian (European)/men/id01099/00206_id00709_wavtolip.npz,8.783251762390137,1
FakeVideo-FakeAudio/Caucasian (European)/men/id01099/00206_id00919_XDUn0Pskyrk_faceswap_id00055_wavtolip.npz,9.44140911102295,1
FakeVideo-FakeAudio/Caucasian (European)/men/id01099/00206_id00919_XDUn0Pskyrk_faceswap_id00694_wavtolip.npz,8.658222198486328,1
FakeVideo-FakeAudio/Caucasian (European)/men/id01099/00206_id00919_XDUn0Pskyrk_faceswap_id01058_wavtolip.npz,6.967705249786377,1
FakeVideo-FakeAudio/Caucasian (European)/men/id01099/00206_id00919_XDUn0Pskyrk_faceswap_id01156_wavtolip.npz,3.5461771488189697,1
FakeVideo-FakeAudio/Caucasian (European)/men/id01099/00206_id00919_XDUn0Pskyrk_faceswap_id03205_wavtolip.npz,8.969575881958008,1
FakeVideo-FakeAudio/Caucasian (European)/men/id01099/00206_id00919_XDUn0Pskyrk_id00241_wavtolip.npz,8.292924880981445,1
FakeVideo-FakeAudio/Caucasian (European)/men/id01099/00206_id00946_wavtolip.npz,8.21512508392334,1
FakeVideo-FakeAudio/Caucasian (European)/men/id01099/00206_id01058_wavtolip.npz,7.061015605926514,1
FakeVideo-FakeAudio/Caucasian (European)/men/id01099/00206_id01157_yDgqfOWVKko_id00999_wavtolip.npz,8.899904251098633,1
FakeVideo-FakeAudio/Caucasian (European)/men/id00358/00217_id00063_cVZBXC2rjPM_faceswap_id00055_wavtolip.npz,9.122723579406738,1
FakeVideo-FakeAudio/Caucasian (European)/men/id00358/00217_id00063_cVZBXC2rjPM_faceswap_id00063_wavtolip.npz,9.558238983154297,1
FakeVideo-FakeAudio/Caucasian (European)/men/id00358/00217_id00063_cVZBXC2rjPM_faceswap_id00187_wavtolip.npz,9.985953330993652,1
FakeVideo-FakeAudio/Caucasian (European)/men/id00358/00217_id00063_cVZBXC2rjPM_faceswap_id00253_wavtolip.npz,7.536495208740234,1
FakeVideo-FakeAudio/Caucasian (European)/men/id00358/00217_id00063_cVZBXC2rjPM_faceswap_id01099_wavtolip.npz,6.972801685333252,1
FakeVideo-FakeAudio/Caucasian (European)/men/id00358/00217_id00063_cVZBXC2rjPM_id00192_wavtolip.npz,10.710878372192383,1
FakeVideo-FakeAudio/Caucasian (European)/men/id00358/00217_id00183_wavtolip.npz,9.532220840454102,1
FakeVideo-FakeAudio/Caucasian (European)/men/id00358/00217_id00186_KTjDxHTlzg0_id00266_wavtolip.npz,8.058329582214355,1
FakeVideo-FakeAudio/Caucasian (European)/men/id00358/00217_id00225_MHSgwpfHAXw_id00999_wavtolip.npz,9.162125587463379,1
FakeVideo-FakeAudio/Caucasian (European)/men/id00358/00217_id00225_wavtolip.npz,9.532307624816895,1
FakeVideo-FakeAudio/Caucasian (European)/men/id00358/00217_id00265_wavtolip.npz,8.801700592041016,1
FakeVideo-FakeAudio/Caucasian (European)/men/id00358/00217_id00292_wavtolip.npz,4.291536331176758,1
FakeVideo-FakeAudio/Caucasian (European)/men/id00358/00217_id00415_wavtolip.npz,9.481868743896484,1
FakeVideo-FakeAudio/Caucasian (European)/men/id00358/00217_id00535_BhvTIJ-YG5s_id01156_wavtolip.npz,5.300372123718262,1
FakeVideo-FakeAudio/Caucasian (European)/men/id00358/00217_id00694_wavtolip.npz,8.300333023071289,1
FakeVideo-FakeAudio/Caucasian (European)/men/id00358/00217_id00709_Rh23ELMGsIQ_id01154_wavtolip.npz,5.721898078918457,1
FakeVideo-FakeAudio/Caucasian (European)/men/id00358/00217_id00946_wavtolip.npz,8.10643482208252,1
FakeVideo-FakeAudio/Caucasian (European)/men/id00358/00217_id00981_OmNALjENDkI_id00709_wavtolip.npz,8.799236297607422,1
FakeVideo-FakeAudio/Caucasian (European)/men/id00358/00217_id00990_wavtolip.npz,7.840657711029053,1
FakeVideo-FakeAudio/Caucasian (European)/men/id00358/00217_id01051_jPxk6s6FM6Y_id00694_wavtolip.npz,8.572543144226074,1
FakeVideo-FakeAudio/Caucasian (European)/men/id00358/00217_id01098_wavtolip.npz,9.025272369384766,1
FakeVideo-FakeAudio/Caucasian (European)/men/id00358/00217_id01102_aGFUkdgmo3A_id01154_wavtolip.npz,5.740245342254639,1
FakeVideo-FakeAudio/Caucasian (European)/men/id00358/00217_id01154_wavtolip.npz,5.645689964294434,1
FakeVideo-FakeAudio/Caucasian (European)/men/id00358/00217_id01157_yDgqfOWVKko_id03205_wavtolip.npz,8.811522483825684,1
FakeVideo-FakeAudio/Caucasian (European)/men/id00282/00268_id00063_cVZBXC2rjPM_id00554_wavtolip.npz,8.354809761047363,1
FakeVideo-FakeAudio/Caucasian (European)/men/id00282/00268_id00171_PWU6n0qrv4c_id01052_wavtolip.npz,9.766547203063965,1
FakeVideo-FakeAudio/Caucasian (European)/men/id00282/00268_id00171_wavtolip.npz,2.7778754234313965,1
FakeVideo-FakeAudio/Caucasian (European)/men/id00282/00268_id00185_wavtolip.npz,4.770340442657471,1
FakeVideo-FakeAudio/Caucasian (European)/men/id00282/00268_id00192_wavtolip.npz,10.88998794555664,1
FakeVideo-FakeAudio/Caucasian (European)/men/id00282/00268_id00241_wavtolip.npz,8.324828147888184,1
FakeVideo-FakeAudio/Caucasian (European)/men/id00282/00268_id00265_wavtolip.npz,8.789841651916504,1
FakeVideo-FakeAudio/Caucasian (European)/men/id00282/00268_id00282_wavtolip.npz,9.655728340148926,1
FakeVideo-FakeAudio/Caucasian (European)/men/id00282/00268_id00292_qELK8N_DykA_id00183_wavtolip.npz,9.57382583618164,1
FakeVideo-FakeAudio/Caucasian (European)/men/id00282/00268_id00305_LdcY3ILdQrE_faceswap_id00306_wavtolip.npz,4.514794826507568,1
FakeVideo-FakeAudio/Caucasian (European)/men/id00282/00268_id00305_LdcY3ILdQrE_faceswap_id00368_wavtolip.npz,9.858744621276855,1
FakeVideo-FakeAudio/Caucasian (European)/men/id00282/00268_id00305_LdcY3ILdQrE_faceswap_id00709_wavtolip.npz,9.124834060668945,1
FakeVideo-FakeAudio/Caucasian (European)/men/id00282/00268_id00305_LdcY3ILdQrE_faceswap_id01052_wavtolip.npz,9.838672637939453,1
FakeVideo-FakeAudio/Caucasian (European)/men/id00282/00268_id00305_LdcY3ILdQrE_faceswap_id01156_wavtolip.npz,2.9673595428466797,1
FakeVideo-FakeAudio/Caucasian (European)/men/id00282/00268_id00305_LdcY3ILdQrE_id00554_wavtolip.npz,8.353599548339844,1
FakeVideo-FakeAudio/Caucasian (European)/men/id00282/00268_id00368_KohcGDsg29U_id00963_wavtolip.npz,9.598296165466309,1
FakeVideo-FakeAudio/Caucasian (European)/men/id00282/00268_id00415_wavtolip.npz,9.332736015319824,1
FakeVideo-FakeAudio/Caucasian (European)/men/id00282/00268_id00498_N_BjyJsx80g_id00594_wavtolip.npz,0.052262187004089355,1
FakeVideo-FakeAudio/Caucasian (European)/men/id00282/00268_id00909_nEQbKqo1XCs_id02567_wavtolip.npz,8.052335739135742,1
FakeVideo-FakeAudio/Caucasian (European)/men/id00282/00268_id01051_wavtolip.npz,9.191880226135254,1
FakeVideo-FakeAudio/Caucasian (European)/men/id00282/00268_id01058_2DKbOjf3Wyo_id03205_wavtolip.npz,8.852775573730469,1
FakeVideo-FakeAudio/Caucasian (European)/men/id00282/00268_id01098_wavtolip.npz,9.10207748413086,1
FakeVideo-FakeAudio/Caucasian (European)/men/id00282/00268_id01123_Xid_-DpIHX4_id00498_wavtolip.npz,9.062185287475586,1
FakeVideo-FakeAudio/Caucasian (European)/men/id00282/00268_id01126_wavtolip.npz,9.597711563110352,1
FakeVideo-FakeAudio/Caucasian (European)/men/id00282/00268_id03205_gXytNIcANKw_id01154_wavtolip.npz,5.651129722595215,1
FakeVideo-FakeAudio/Caucasian (European)/men/id01051/00322_2_id00063_wavtolip.npz,9.407258033752441,1
FakeVideo-FakeAudio/Caucasian (European)/men/id01051/00322_2_id00186_wavtolip.npz,9.689178466796875,1
FakeVideo-FakeAudio/Caucasian (European)/men/id01051/00322_2_id00305_wavtolip.npz,7.54728889465332,1
FakeVideo-FakeAudio/Caucasian (European)/men/id01051/00322_2_id00990_wavtolip.npz,8.076251983642578,1
FakeVideo-FakeAudio/Caucasian (European)/men/id01051/00322_2_id01099_wavtolip.npz,7.064297676086426,1
FakeVideo-FakeAudio/Caucasian (European)/men/id01051/00322_id00186_KTjDxHTlzg0_id00709_wavtolip.npz,8.828432083129883,1
FakeVideo-FakeAudio/Caucasian (European)/men/id01051/00322_id00187_dwaPMrJANMQ_id00415_wavtolip.npz,9.638961791992188,1
FakeVideo-FakeAudio/Caucasian (European)/men/id01051/00322_id00187_wavtolip.npz,9.70317268371582,1
FakeVideo-FakeAudio/Caucasian (European)/men/id01051/00322_id00192_wavtolip.npz,10.784289360046387,1
FakeVideo-FakeAudio/Caucasian (European)/men/id01051/00322_id00265_wavtolip.npz,8.79497241973877,1
FakeVideo-FakeAudio/Caucasian (European)/men/id01051/00322_id00305_wavtolip.npz,1.757714867591858,1
FakeVideo-FakeAudio/Caucasian (European)/men/id01051/00322_id00306_wavtolip.npz,9.620299339294434,1
FakeVideo-FakeAudio/Caucasian (European)/men/id01051/00322_id00358_vsVwGKy79kM_id01051_wavtolip.npz,8.83035945892334,1
FakeVideo-FakeAudio/Caucasian (European)/men/id01051/00322_id00358_wavtolip.npz,10.363198280334473,1
FakeVideo-FakeAudio/Caucasian (European)/men/id01051/00322_id00535_BhvTIJ-YG5s_id00171_wavtolip.npz,9.557036399841309,1
FakeVideo-FakeAudio/Caucasian (European)/men/id01051/00322_id00548_wavtolip.npz,9.68381118774414,1
FakeVideo-FakeAudio/Caucasian (European)/men/id01051/00322_id00709_Rh23ELMGsIQ_id00520_wavtolip.npz,9.784698486328125,1
FakeVideo-FakeAudio/Caucasian (European)/men/id01051/00322_id01052_Kf4nlIEHfaU_id03205_wavtolip.npz,8.792314529418945,1
FakeVideo-FakeAudio/Caucasian (European)/men/id01051/00322_id01058_wavtolip.npz,8.494795799255371,1
FakeVideo-FakeAudio/Caucasian (European)/men/id01051/00322_id01098_BwmSumx6P1U_id02567_wavtolip.npz,8.14392375946045,1
FakeVideo-FakeAudio/Caucasian (European)/men/id01051/00322_id01102_aGFUkdgmo3A_faceswap_id00709_wavtolip.npz,8.86165714263916,1
FakeVideo-FakeAudio/Caucasian (European)/men/id01051/00322_id01102_aGFUkdgmo3A_faceswap_id00919_wavtolip.npz,9.383389472961426,1
FakeVideo-FakeAudio/Caucasian (European)/men/id01051/00322_id01102_aGFUkdgmo3A_faceswap_id00946_wavtolip.npz,8.198893547058105,1
FakeVideo-FakeAudio/Caucasian (European)/men/id01051/00322_id01102_aGFUkdgmo3A_faceswap_id01102_wavtolip.npz,9.295772552490234,1
FakeVideo-FakeAudio/Caucasian (European)/men/id01051/00322_id01102_aGFUkdgmo3A_faceswap_id01156_wavtolip.npz,5.242942810058594,1
FakeVideo-FakeAudio/Caucasian (European)/men/id01051/00322_id01102_aGFUkdgmo3A_id00548_wavtolip.npz,9.323647499084473,1
FakeVideo-FakeAudio/Caucasian (European)/men/id01051/00322_id01156_RT99eogJo4k_id03205_wavtolip.npz,8.831771850585938,1
FakeVideo-FakeAudio/Caucasian (European)/men/id01051/00322_id01156_wavtolip.npz,5.370138168334961,1
FakeVideo-FakeAudio/Caucasian (European)/men/id01051/00322_id02567_4Ao5jgpSXdw_id00519_wavtolip.npz,10.15255069732666,1
FakeVideo-FakeAudio/Caucasian (European)/men/id01051/00322_id02567_wavtolip.npz,8.046679496765137,1
FakeVideo-FakeAudio/Caucasian (European)/men/id00415/00017_id00183_z2DhZllPWUQ_id00909_wavtolip.npz,2.4245798587799072,1
FakeVideo-FakeAudio/Caucasian (European)/men/id00415/00017_id00192_By3wxX0dyDw_faceswap_id00368_wavtolip.npz,9.860321998596191,1
FakeVideo-FakeAudio/Caucasian (European)/men/id00415/00017_id00192_By3wxX0dyDw_faceswap_id00520_wavtolip.npz,10.095502853393555,1
FakeVideo-FakeAudio/Caucasian (European)/men/id00415/00017_id00192_By3wxX0dyDw_faceswap_id00548_wavtolip.npz,9.702194213867188,1
FakeVideo-FakeAudio/Caucasian (European)/men/id00415/00017_id00192_By3wxX0dyDw_faceswap_id00909_wavtolip.npz,2.2362587451934814,1
FakeVideo-FakeAudio/Caucasian (European)/men/id00415/00017_id00192_By3wxX0dyDw_faceswap_id01154_wavtolip.npz,5.748216152191162,1
FakeVideo-FakeAudio/Caucasian (European)/men/id00415/00017_id00192_By3wxX0dyDw_id00963_wavtolip.npz,8.618795394897461,1
FakeVideo-FakeAudio/Caucasian (European)/men/id00415/00017_id00241_DlI4wqSFwbI_id00186_wavtolip.npz,9.693601608276367,1
FakeVideo-FakeAudio/Caucasian (European)/men/id00415/00017_id00241_wavtolip.npz,8.106947898864746,1
FakeVideo-FakeAudio/Caucasian (European)/men/id00415/00017_id00292_qELK8N_DykA_id00055_wavtolip.npz,9.260600090026855,1
FakeVideo-FakeAudio/Caucasian (European)/men/id00415/00017_id00305_wavtolip.npz,9.399561882019043,1
FakeVideo-FakeAudio/Caucasian (European)/men/id00415/00017_id00306_CDX55F3nWNc_id00415_wavtolip.npz,8.932992935180664,1
FakeVideo-FakeAudio/Caucasian (European)/men/id00415/00017_id00520_wavtolip.npz,10.093443870544434,1
FakeVideo-FakeAudio/Caucasian (European)/men/id00415/00017_id00559_Y7ovoKuvL78_id00055_wavtolip.npz,8.998820304870605,1
FakeVideo-FakeAudio/Caucasian (European)/men/id00415/00017_id00594_wavtolip.npz,-0.07780712842941284,1
FakeVideo-FakeAudio/Caucasian (European)/men/id00415/00017_id00963_1s6PjtI643E_id00282_wavtolip.npz,9.660294532775879,1
FakeVideo-FakeAudio/Caucasian (European)/men/id00415/00017_id00963_wavtolip.npz,8.706975936889648,1
FakeVideo-FakeAudio/Caucasian (European)/men/id00415/00017_id00999_SjnM4XFBz0M_id00306_wavtolip.npz,3.4941017627716064,1
FakeVideo-FakeAudio/Caucasian (European)/men/id00415/00017_id01058_2DKbOjf3Wyo_id00919_wavtolip.npz,9.200862884521484,1
FakeVideo-FakeAudio/Caucasian (European)/men/id00415/00017_id01058_wavtolip.npz,9.51416301727295,1
FakeVideo-FakeAudio/Caucasian (European)/men/id00415/00017_id01099_wavtolip.npz,6.823894023895264,1
FakeVideo-FakeAudio/Caucasian (European)/men/id00415/00017_id01123_wavtolip.npz,5.604012489318848,1
FakeVideo-FakeAudio/Caucasian (European)/men/id00415/00017_id01126_wavtolip.npz,10.065418243408203,1
FakeVideo-FakeAudio/Caucasian (European)/men/id00415/00017_id01156_wavtolip.npz,2.5410659313201904,1
FakeVideo-FakeAudio/Caucasian (European)/men/id00187/00360_id00055_wavtolip.npz,9.088364601135254,1
FakeVideo-FakeAudio/Caucasian (European)/men/id00187/00360_id00171_wavtolip.npz,7.493371486663818,1
FakeVideo-FakeAudio/Caucasian (European)/men/id00187/00360_id00183_wavtolip.npz,9.691499710083008,1
FakeVideo-FakeAudio/Caucasian (European)/men/id00187/00360_id00185_1lsGWpwnl1M_id00999_wavtolip.npz,9.059612274169922,1
FakeVideo-FakeAudio/Caucasian (European)/men/id00187/00360_id00186_KTjDxHTlzg0_id03205_wavtolip.npz,8.745399475097656,1
FakeVideo-FakeAudio/Caucasian (European)/men/id00187/00360_id00225_MHSgwpfHAXw_id00415_wavtolip.npz,9.476037979125977,1
FakeVideo-FakeAudio/Caucasian (European)/men/id00187/00360_id00225_wavtolip.npz,10.0645170211792,1
FakeVideo-FakeAudio/Caucasian (European)/men/id00187/00360_id00241_DlI4wqSFwbI_id01098_wavtolip.npz,9.146973609924316,1
FakeVideo-FakeAudio/Caucasian (European)/men/id00187/00360_id00265_dZq57FoxXR4_id01051_wavtolip.npz,8.8558349609375,1
FakeVideo-FakeAudio/Caucasian (European)/men/id00187/00360_id00282_wavtolip.npz,9.251747131347656,1
FakeVideo-FakeAudio/Caucasian (European)/men/id00187/00360_id00909_wavtolip.npz,2.427570104598999,1
FakeVideo-FakeAudio/Caucasian (European)/men/id00187/00360_id00990_wavtolip.npz,8.141411781311035,1
FakeVideo-FakeAudio/Caucasian (European)/men/id00187/00360_id00999_SjnM4XFBz0M_id00186_wavtolip.npz,5.386356353759766,1
FakeVideo-FakeAudio/Caucasian (European)/men/id00187/00360_id01051_jPxk6s6FM6Y_faceswap_id00186_wavtolip.npz,5.422999382019043,1
FakeVideo-FakeAudio/Caucasian (European)/men/id00187/00360_id01051_jPxk6s6FM6Y_faceswap_id00225_wavtolip.npz,9.991929054260254,1
FakeVideo-FakeAudio/Caucasian (European)/men/id00187/00360_id01051_jPxk6s6FM6Y_faceswap_id00535_wavtolip.npz,6.331892967224121,1
FakeVideo-FakeAudio/Caucasian (European)/men/id00187/00360_id01051_jPxk6s6FM6Y_faceswap_id00554_wavtolip.npz,8.24086856842041,1
FakeVideo-FakeAudio/Caucasian (European)/men/id00187/00360_id01051_jPxk6s6FM6Y_faceswap_id01157_wavtolip.npz,9.02595043182373,1
FakeVideo-FakeAudio/Caucasian (European)/men/id00187/00360_id01051_jPxk6s6FM6Y_id00946_wavtolip.npz,8.141260147094727,1
FakeVideo-FakeAudio/Caucasian (European)/men/id00187/00360_id01052_Kf4nlIEHfaU_id00963_wavtolip.npz,9.22415828704834,1
FakeVideo-FakeAudio/Caucasian (European)/men/id00187/00360_id01102_aGFUkdgmo3A_id00594_wavtolip.npz,6.27942419052124,1
FakeVideo-FakeAudio/Caucasian (European)/men/id00187/00360_id01154_wavtolip.npz,5.59796142578125,1
FakeVideo-FakeAudio/Caucasian (European)/men/id00187/00360_id01156_wavtolip.npz,2.316709041595459,1
FakeVideo-FakeAudio/Caucasian (European)/men/id00187/00360_id01157_wavtolip.npz,9.067601203918457,1
FakeVideo-FakeAudio/Caucasian (European)/men/id00187/00360_id02567_4Ao5jgpSXdw_id00946_wavtolip.npz,8.177749633789062,1
FakeVideo-FakeAudio/Caucasian (European)/men/id00055/00120_id00063_cVZBXC2rjPM_id01058_wavtolip.npz,5.2475056648254395,1
FakeVideo-FakeAudio/Caucasian (European)/men/id00055/00120_id00171_wavtolip.npz,8.27287483215332,1
FakeVideo-FakeAudio/Caucasian (European)/men/id00055/00120_id00183_z2DhZllPWUQ_faceswap_id00183_wavtolip.npz,9.642838478088379,1
FakeVideo-FakeAudio/Caucasian (European)/men/id00055/00120_id00183_z2DhZllPWUQ_faceswap_id00709_wavtolip.npz,7.967504024505615,1
FakeVideo-FakeAudio/Caucasian (European)/men/id00055/00120_id00183_z2DhZllPWUQ_faceswap_id00909_wavtolip.npz,7.0120158195495605,1
FakeVideo-FakeAudio/Caucasian (European)/men/id00055/00120_id00183_z2DhZllPWUQ_faceswap_id01051_wavtolip.npz,9.006789207458496,1
FakeVideo-FakeAudio/Caucasian (European)/men/id00055/00120_id00183_z2DhZllPWUQ_faceswap_id01157_wavtolip.npz,9.395975112915039,1
FakeVideo-FakeAudio/Caucasian (European)/men/id00055/00120_id00183_z2DhZllPWUQ_id01052_wavtolip.npz,9.789383888244629,1
FakeVideo-FakeAudio/Caucasian (European)/men/id00055/00120_id00192_wavtolip.npz,10.855514526367188,1
FakeVideo-FakeAudio/Caucasian (European)/men/id00055/00120_id00241_wavtolip.npz,7.9327287673950195,1
FakeVideo-FakeAudio/Caucasian (European)/men/id00055/00120_id00253_wavtolip.npz,7.399324893951416,1
FakeVideo-FakeAudio/Caucasian (European)/men/id00055/00120_id00282_iTsqWj6GEbo_id00225_wavtolip.npz,9.325787544250488,1
FakeVideo-FakeAudio/Caucasian (European)/men/id00055/00120_id00292_qELK8N_DykA_id00981_wavtolip.npz,8.249748229980469,1
FakeVideo-FakeAudio/Caucasian (European)/men/id00055/00120_id00415_saYfEadFy_s_id01052_wavtolip.npz,9.654294967651367,1
FakeVideo-FakeAudio/Caucasian (European)/men/id00055/00120_id00415_wavtolip.npz,8.94637680053711,1
FakeVideo-FakeAudio/Caucasian (European)/men/id00055/00120_id00535_BhvTIJ-YG5s_id01099_wavtolip.npz,9.2680082321167,1
FakeVideo-FakeAudio/Caucasian (European)/men/id00055/00120_id00559_Y7ovoKuvL78_id01051_wavtolip.npz,9.077434539794922,1
FakeVideo-FakeAudio/Caucasian (European)/men/id00055/00120_id00909_wavtolip.npz,6.9098334312438965,1
FakeVideo-FakeAudio/Caucasian (European)/men/id00055/00120_id00981_OmNALjENDkI_id01052_wavtolip.npz,9.606517791748047,1
FakeVideo-FakeAudio/Caucasian (European)/men/id00055/00120_id00981_wavtolip.npz,8.0396089553833,1
FakeVideo-FakeAudio/Caucasian (European)/men/id00055/00120_id01058_wavtolip.npz,5.225013732910156,1
FakeVideo-FakeAudio/Caucasian (European)/men/id00055/00120_id01099_ZpgbIKxzkrg_id01156_wavtolip.npz,2.0922329425811768,1
FakeVideo-FakeAudio/Caucasian (European)/men/id00055/00120_id01123_wavtolip.npz,1.367477297782898,1
FakeVideo-FakeAudio/Caucasian (European)/men/id00055/00120_id01154_wavtolip.npz,5.61570930480957,1
FakeVideo-FakeAudio/Caucasian (European)/men/id00498/00014_4_id00187_wavtolip.npz,9.620234489440918,1
FakeVideo-FakeAudio/Caucasian (European)/men/id00498/00014_4_id00594_wavtolip.npz,0.4268895089626312,1
FakeVideo-FakeAudio/Caucasian (European)/men/id00498/00014_4_id01154_wavtolip.npz,5.604708671569824,1
FakeVideo-FakeAudio/Caucasian (European)/men/id00498/00014_4_id02567_wavtolip.npz,7.89266300201416,1
FakeVideo-FakeAudio/Caucasian (European)/men/id00498/00014_4_id03205_wavtolip.npz,8.778475761413574,1
FakeVideo-FakeAudio/Caucasian (European)/men/id00498/00014_id00055_XzCF6sJ8Axc_id00548_wavtolip.npz,1.5647987127304077,1
FakeVideo-FakeAudio/Caucasian (European)/men/id00498/00014_id00055_wavtolip.npz,9.382835388183594,1
FakeVideo-FakeAudio/Caucasian (European)/men/id00498/00014_id00063_cVZBXC2rjPM_id00963_wavtolip.npz,8.937052726745605,1
FakeVideo-FakeAudio/Caucasian (European)/men/id00498/00014_id00171_wavtolip.npz,3.3703877925872803,1
FakeVideo-FakeAudio/Caucasian (European)/men/id00498/00014_id00185_wavtolip.npz,9.492350578308105,1
FakeVideo-FakeAudio/Caucasian (European)/men/id00498/00014_id00192_By3wxX0dyDw_faceswap_id00520_wavtolip.npz,10.077550888061523,1
FakeVideo-FakeAudio/Caucasian (European)/men/id00498/00014_id00192_By3wxX0dyDw_faceswap_id00594_wavtolip.npz,0.7011383175849915,1
FakeVideo-FakeAudio/Caucasian (European)/men/id00498/00014_id00192_By3wxX0dyDw_faceswap_id00919_wavtolip.npz,9.234604835510254,1
FakeVideo-FakeAudio/Caucasian (European)/men/id00498/00014_id00192_By3wxX0dyDw_faceswap_id00981_wavtolip.npz,6.381461143493652,1
FakeVideo-FakeAudio/Caucasian (European)/men/id00498/00014_id00192_By3wxX0dyDw_faceswap_id01099_wavtolip.npz,9.536806106567383,1
FakeVideo-FakeAudio/Caucasian (European)/men/id00498/00014_id00192_By3wxX0dyDw_id01099_wavtolip.npz,9.572254180908203,1
FakeVideo-FakeAudio/Caucasian (European)/men/id00498/00014_id00192_wavtolip.npz,10.761290550231934,1
FakeVideo-FakeAudio/Caucasian (European)/men/id00498/00014_id00225_wavtolip.npz,9.3434476852417,1
FakeVideo-FakeAudio/Caucasian (European)/men/id00498/00014_id00241_DlI4wqSFwbI_id00498_wavtolip.npz,9.466601371765137,1
FakeVideo-FakeAudio/Caucasian (European)/men/id00498/00014_id00253_cyTfcQDjvU0_id00909_wavtolip.npz,7.7353057861328125,1
FakeVideo-FakeAudio/Caucasian (European)/men/id00498/00014_id00282_iTsqWj6GEbo_id00594_wavtolip.npz,0.9228078126907349,1
FakeVideo-FakeAudio/Caucasian (European)/men/id00498/00014_id00292_qELK8N_DykA_id00358_wavtolip.npz,9.953031539916992,1
FakeVideo-FakeAudio/Caucasian (European)/men/id00498/00014_id00305_wavtolip.npz,6.348764419555664,1
FakeVideo-FakeAudio/Caucasian (European)/men/id00498/00014_id00368_KohcGDsg29U_id00183_wavtolip.npz,10.334477424621582,1
FakeVideo-FakeAudio/Caucasian (European)/men/id00498/00014_id00498_wavtolip.npz,9.301434516906738,1
FakeVideo-FakeAudio/Caucasian (European)/men/id00498/00014_id00520_wavtolip.npz,10.072097778320312,1
FakeVideo-FakeAudio/Caucasian (European)/men/id00498/00014_id00559_Y7ovoKuvL78_id00192_wavtolip.npz,10.814779281616211,1
FakeVideo-FakeAudio/Caucasian (European)/men/id00498/00014_id01099_wavtolip.npz,9.481616973876953,1
FakeVideo-FakeAudio/Caucasian (European)/men/id00498/00014_id01123_Xid_-DpIHX4_id00946_wavtolip.npz,8.814191818237305,1
FakeVideo-FakeAudio/Caucasian (European)/men/id00498/00014_id03205_wavtolip.npz,9.145716667175293,1
FakeVideo-FakeAudio/Caucasian (European)/men/id00063/00021_id00055_XzCF6sJ8Axc_id00990_wavtolip.npz,8.704634666442871,1
FakeVideo-FakeAudio/Caucasian (European)/men/id00063/00021_id00183_wavtolip.npz,9.802816390991211,1
FakeVideo-FakeAudio/Caucasian (European)/men/id00063/00021_id00241_DlI4wqSFwbI_id01154_wavtolip.npz,5.6750264167785645,1
FakeVideo-FakeAudio/Caucasian (European)/men/id00063/00021_id00282_iTsqWj6GEbo_id00694_wavtolip.npz,8.402219772338867,1
FakeVideo-FakeAudio/Caucasian (European)/men/id00063/00021_id00282_wavtolip.npz,10.588896751403809,1
FakeVideo-FakeAudio/Caucasian (European)/men/id00063/00021_id00358_vsVwGKy79kM_faceswap_id00171_wavtolip.npz,8.345404624938965,1
FakeVideo-FakeAudio/Caucasian (European)/men/id00063/00021_id00358_vsVwGKy79kM_faceswap_id00186_wavtolip.npz,10.323988914489746,1
FakeVideo-FakeAudio/Caucasian (European)/men/id00063/00021_id00358_vsVwGKy79kM_faceswap_id00241_wavtolip.npz,8.08169937133789,1
FakeVideo-FakeAudio/Caucasian (European)/men/id00063/00021_id00358_vsVwGKy79kM_faceswap_id00306_wavtolip.npz,4.308594226837158,1
FakeVideo-FakeAudio/Caucasian (European)/men/id00063/00021_id00358_vsVwGKy79kM_faceswap_id01156_wavtolip.npz,2.5119431018829346,1
FakeVideo-FakeAudio/Caucasian (European)/men/id00063/00021_id00358_vsVwGKy79kM_id01156_wavtolip.npz,2.1781437397003174,1
FakeVideo-FakeAudio/Caucasian (European)/men/id00063/00021_id00368_wavtolip.npz,9.1088228225708,1
FakeVideo-FakeAudio/Caucasian (European)/men/id00063/00021_id00498_wavtolip.npz,9.048839569091797,1
FakeVideo-FakeAudio/Caucasian (European)/men/id00063/00021_id00520_wavtolip.npz,9.983342170715332,1
FakeVideo-FakeAudio/Caucasian (European)/men/id00063/00021_id00535_BhvTIJ-YG5s_id00368_wavtolip.npz,9.58128833770752,1
FakeVideo-FakeAudio/Caucasian (European)/men/id00063/00021_id00559_wavtolip.npz,10.7025728225708,1
FakeVideo-FakeAudio/Caucasian (European)/men/id00063/00021_id00919_XDUn0Pskyrk_id00554_wavtolip.npz,8.250765800476074,1
FakeVideo-FakeAudio/Caucasian (European)/men/id00063/00021_id00946_wavtolip.npz,8.213397026062012,1
FakeVideo-FakeAudio/Caucasian (European)/men/id00063/00021_id00990_wavtolip.npz,8.836820602416992,1
FakeVideo-FakeAudio/Caucasian (European)/men/id00063/00021_id01156_RT99eogJo4k_id00559_wavtolip.npz,10.735220909118652,1
FakeVideo-FakeAudio/Caucasian (European)/men/id00063/00021_id01157_wavtolip.npz,9.339722633361816,1
FakeVideo-FakeAudio/Caucasian (European)/men/id00063/00021_id01157_yDgqfOWVKko_id00520_wavtolip.npz,10.04538631439209,1
FakeVideo-FakeAudio/Caucasian (European)/men/id00063/00021_id02567_4Ao5jgpSXdw_id00225_wavtolip.npz,9.53267765045166,1
FakeVideo-FakeAudio/Caucasian (European)/men/id00063/00021_id02567_wavtolip.npz,8.483170509338379,1
FakeVideo-FakeAudio/Caucasian (European)/men/id00063/00021_id03205_gXytNIcANKw_id01099_wavtolip.npz,9.669768333435059,1
FakeVideo-FakeAudio/Caucasian (European)/men/id00946/00126_id00063_wavtolip.npz,8.376696586608887,1
FakeVideo-FakeAudio/Caucasian (European)/men/id00946/00126_id00171_PWU6n0qrv4c_id01154_wavtolip.npz,8.656481742858887,1
FakeVideo-FakeAudio/Caucasian (European)/men/id00946/00126_id00187_wavtolip.npz,8.726619720458984,1
FakeVideo-FakeAudio/Caucasian (European)/men/id00946/00126_id00225_wavtolip.npz,9.464333534240723,1
FakeVideo-FakeAudio/Caucasian (European)/men/id00946/00126_id00358_vsVwGKy79kM_id00266_wavtolip.npz,8.452130317687988,1
FakeVideo-FakeAudio/Caucasian (European)/men/id00946/00126_id00415_wavtolip.npz,5.775909900665283,1
FakeVideo-FakeAudio/Caucasian (European)/men/id00946/00126_id00520_dOAxKi1t6GI_id03205_wavtolip.npz,9.043661117553711,1
FakeVideo-FakeAudio/Caucasian (European)/men/id00946/00126_id00520_wavtolip.npz,10.045671463012695,1
FakeVideo-FakeAudio/Caucasian (European)/men/id00946/00126_id00535_wavtolip.npz,6.265997409820557,1
FakeVideo-FakeAudio/Caucasian (European)/men/id00946/00126_id00594_2WHHoksbeVw_id00963_wavtolip.npz,8.480207443237305,1
FakeVideo-FakeAudio/Caucasian (European)/men/id00946/00126_id00594_wavtolip.npz,0.1393001228570938,1
FakeVideo-FakeAudio/Caucasian (European)/men/id00946/00126_id00709_Rh23ELMGsIQ_id01058_wavtolip.npz,9.30717945098877,1
FakeVideo-FakeAudio/Caucasian (European)/men/id00946/00126_id00919_XDUn0Pskyrk_id00265_wavtolip.npz,9.47809886932373,1
FakeVideo-FakeAudio/Caucasian (European)/men/id00946/00126_id00963_wavtolip.npz,8.36856746673584,1
FakeVideo-FakeAudio/Caucasian (European)/men/id00946/00126_id00990_G-qzOIgxEoE_faceswap_id00171_wavtolip.npz,2.3420872688293457,1
FakeVideo-FakeAudio/Caucasian (European)/men/id00946/00126_id00990_G-qzOIgxEoE_faceswap_id00253_wavtolip.npz,7.387005805969238,1
FakeVideo-FakeAudio/Caucasian (European)/men/id00946/00126_id00990_G-qzOIgxEoE_faceswap_id00292_wavtolip.npz,8.238811492919922,1
FakeVideo-FakeAudio/Caucasian (European)/men/id00946/00126_id00990_G-qzOIgxEoE_faceswap_id00519_wavtolip.npz,9.503289222717285,1
FakeVideo-FakeAudio/Caucasian (European)/men/id00946/00126_id00990_G-qzOIgxEoE_faceswap_id00594_wavtolip.npz,-0.10037187486886978,1
FakeVideo-FakeAudio/Caucasian (European)/men/id00946/00126_id00990_G-qzOIgxEoE_id00266_wavtolip.npz,8.33301067352295,1
FakeVideo-FakeAudio/Caucasian (European)/men/id00946/00126_id00999_SjnM4XFBz0M_id01157_wavtolip.npz,9.450243949890137,1
FakeVideo-FakeAudio/Caucasian (European)/men/id00946/00126_id01098_BwmSumx6P1U_id00694_wavtolip.npz,6.908147811889648,1
FakeVideo-FakeAudio/Caucasian (European)/men/id00946/00126_id01098_wavtolip.npz,9.703787803649902,1
FakeVideo-FakeAudio/Caucasian (European)/men/id00946/00126_id01099_ZpgbIKxzkrg_id00192_wavtolip.npz,10.948714256286621,1
FakeVideo-FakeAudio/Caucasian (European)/men/id00946/00126_id01123_wavtolip.npz,1.6228907108306885,1
FakeVideo-FakeAudio/Caucasian (European)/women/id01001/00086_id00042_wavtolip.npz,9.504551887512207,1
FakeVideo-FakeAudio/Caucasian (European)/women/id01001/00086_id00188_e-vm5FB3idA_id00379_wavtolip.npz,8.067036628723145,1
FakeVideo-FakeAudio/Caucasian (European)/women/id01001/00086_id00232_wavtolip.npz,8.703543663024902,1
FakeVideo-FakeAudio/Caucasian (European)/women/id01001/00086_id00262_3p7sRWAAh1Q_id03844_wavtolip.npz,8.460325241088867,1
FakeVideo-FakeAudio/Caucasian (European)/women/id01001/00086_id00287_wavtolip.npz,9.376861572265625,1
FakeVideo-FakeAudio/Caucasian (European)/women/id01001/00086_id00332__zNddcZV1EU_id03649_wavtolip.npz,8.671455383300781,1
FakeVideo-FakeAudio/Caucasian (European)/women/id01001/00086_id00374_w1qI7y9AGTc_id03651_wavtolip.npz,8.833789825439453,1
FakeVideo-FakeAudio/Caucasian (European)/women/id01001/00086_id00496_wavtolip.npz,10.084919929504395,1
FakeVideo-FakeAudio/Caucasian (European)/women/id01001/00086_id00569_gSynmpwioV4_id00806_wavtolip.npz,9.698335647583008,1
FakeVideo-FakeAudio/Caucasian (European)/women/id01001/00086_id00633_UXrTMta1EDM_faceswap_id00330_wavtolip.npz,5.92235803604126,1
FakeVideo-FakeAudio/Caucasian (European)/women/id01001/00086_id00633_UXrTMta1EDM_faceswap_id00395_wavtolip.npz,8.960294723510742,1
FakeVideo-FakeAudio/Caucasian (European)/women/id01001/00086_id00633_UXrTMta1EDM_faceswap_id00495_wavtolip.npz,8.921562194824219,1
FakeVideo-FakeAudio/Caucasian (European)/women/id01001/00086_id00633_UXrTMta1EDM_faceswap_id00897_wavtolip.npz,10.216900825500488,1
FakeVideo-FakeAudio/Caucasian (European)/women/id01001/00086_id00633_UXrTMta1EDM_faceswap_id03651_wavtolip.npz,8.853471755981445,1
FakeVideo-FakeAudio/Caucasian (European)/women/id01001/00086_id00633_UXrTMta1EDM_id00325_wavtolip.npz,10.719350814819336,1
FakeVideo-FakeAudio/Caucasian (European)/women/id01001/00086_id00735_ivJSkq5hGOQ_id00271_wavtolip.npz,9.30614948272705,1
FakeVideo-FakeAudio/Caucasian (European)/women/id01001/00086_id00735_wavtolip.npz,9.218698501586914,1
FakeVideo-FakeAudio/Caucasian (European)/women/id01001/00086_id00823_wavtolip.npz,5.954125881195068,1
FakeVideo-FakeAudio/Caucasian (European)/women/id01001/00086_id00826_wavtolip.npz,9.877965927124023,1
FakeVideo-FakeAudio/Caucasian (European)/women/id01001/00086_id03371_wavtolip.npz,10.26068115234375,1
FakeVideo-FakeAudio/Caucasian (European)/women/id01001/00086_id03651_wavtolip.npz,8.906898498535156,1
FakeVideo-FakeAudio/Caucasian (European)/women/id01001/00086_id03816_XXD0yTNei50_id00287_wavtolip.npz,9.38607406616211,1
FakeVideo-FakeAudio/Caucasian (European)/women/id00071/00014_id00188_e-vm5FB3idA_id03651_wavtolip.npz,8.90891170501709,1
FakeVideo-FakeAudio/Caucasian (European)/women/id00071/00014_id00232_kL0cCveU1zg_id00806_wavtolip.npz,9.562807083129883,1
FakeVideo-FakeAudio/Caucasian (European)/women/id00071/00014_id00262_3p7sRWAAh1Q_id00270_wavtolip.npz,0.7626146078109741,1
FakeVideo-FakeAudio/Caucasian (European)/women/id00071/00014_id00262_wavtolip.npz,-1.0557546615600586,1
FakeVideo-FakeAudio/Caucasian (European)/women/id00071/00014_id00270_hoEQ70-sDME_id00591_wavtolip.npz,8.144071578979492,1
FakeVideo-FakeAudio/Caucasian (European)/women/id00071/00014_id00271_wavtolip.npz,9.193277359008789,1
FakeVideo-FakeAudio/Caucasian (European)/women/id00071/00014_id00328_wavtolip.npz,10.04525089263916,1
FakeVideo-FakeAudio/Caucasian (European)/women/id00071/00014_id00379_fgkgYHCuk4g_id03620_wavtolip.npz,7.170173645019531,1
FakeVideo-FakeAudio/Caucasian (European)/women/id00071/00014_id00403_wavtolip.npz,10.197701454162598,1
FakeVideo-FakeAudio/Caucasian (European)/women/id00071/00014_id00581_7AxvP19LGKg_id00232_wavtolip.npz,6.270751953125,1
FakeVideo-FakeAudio/Caucasian (European)/women/id00071/00014_id00735_ivJSkq5hGOQ_id03589_wavtolip.npz,10.621357917785645,1
FakeVideo-FakeAudio/Caucasian (European)/women/id00071/00014_id00897_0ayFw8JhoyI_id00496_wavtolip.npz,10.227051734924316,1
FakeVideo-FakeAudio/Caucasian (European)/women/id00071/00014_id03371_truKMXt8Dak_faceswap_id00271_wavtolip.npz,9.306049346923828,1
FakeVideo-FakeAudio/Caucasian (European)/women/id00071/00014_id03371_truKMXt8Dak_faceswap_id00806_wavtolip.npz,9.046120643615723,1
FakeVideo-FakeAudio/Caucasian (European)/women/id00071/00014_id03371_truKMXt8Dak_faceswap_id01018_wavtolip.npz,0.7080379724502563,1
FakeVideo-FakeAudio/Caucasian (European)/women/id00071/00014_id03371_truKMXt8Dak_faceswap_id03716_wavtolip.npz,-0.42424851655960083,1
FakeVideo-FakeAudio/Caucasian (European)/women/id00071/00014_id03371_truKMXt8Dak_id00071_wavtolip.npz,9.484917640686035,1
FakeVideo-FakeAudio/Caucasian (European)/women/id00071/00014_id03371_wavtolip.npz,10.814003944396973,1
FakeVideo-FakeAudio/Caucasian (European)/women/id00071/00014_id03651_wavtolip.npz,8.832108497619629,1
FakeVideo-FakeAudio/Caucasian (European)/women/id00071/00014_id03716_wavtolip.npz,-0.4012760519981384,1
FakeVideo-FakeAudio/Caucasian (European)/women/id00071/00014_id03816_XXD0yTNei50_id00271_wavtolip.npz,9.413581848144531,1
FakeVideo-FakeAudio/Caucasian (European)/women/id00634/00078_id00042_wavtolip.npz,9.792823791503906,1
FakeVideo-FakeAudio/Caucasian (European)/women/id00634/00078_id00270_wavtolip.npz,2.6839241981506348,1
FakeVideo-FakeAudio/Caucasian (European)/women/id00634/00078_id00287_wavtolip.npz,9.761285781860352,1
FakeVideo-FakeAudio/Caucasian (European)/women/id00634/00078_id00330_wavtolip.npz,6.4314045906066895,1
FakeVideo-FakeAudio/Caucasian (European)/women/id00634/00078_id00395_wM5kGJfTtEM_id00379_wavtolip.npz,7.120964050292969,1
FakeVideo-FakeAudio/Caucasian (European)/women/id00634/00078_id00403_wavtolip.npz,9.33212947845459,1
FakeVideo-FakeAudio/Caucasian (European)/women/id00634/00078_id00484_u7YTz8eFZv0_id00330_wavtolip.npz,6.59311580657959,1
FakeVideo-FakeAudio/Caucasian (European)/women/id00634/00078_id00484_wavtolip.npz,9.848370552062988,1
FakeVideo-FakeAudio/Caucasian (European)/women/id00634/00078_id00495_E46aiMUC4A0_id00328_wavtolip.npz,9.433005332946777,1
FakeVideo-FakeAudio/Caucasian (European)/women/id00634/00078_id00496_wavtolip.npz,9.870574951171875,1
FakeVideo-FakeAudio/Caucasian (European)/women/id00634/00078_id00569_wavtolip.npz,7.65222692489624,1
FakeVideo-FakeAudio/Caucasian (European)/women/id00634/00078_id00581_7AxvP19LGKg_id00434_wavtolip.npz,10.596638679504395,1
FakeVideo-FakeAudio/Caucasian (European)/women/id00634/00078_id00589_uOzKwYEVR6s_id00330_wavtolip.npz,6.513706207275391,1
FakeVideo-FakeAudio/Caucasian (European)/women/id00634/00078_id00591_1Jo8xElXQMs_id00071_wavtolip.npz,8.884275436401367,1
FakeVideo-FakeAudio/Caucasian (European)/women/id00634/00078_id00813_wavtolip.npz,9.011221885681152,1
FakeVideo-FakeAudio/Caucasian (European)/women/id00634/00078_id00826_MYagwzy91Yk_id00806_wavtolip.npz,10.392234802246094,1
FakeVideo-FakeAudio/Caucasian (European)/women/id00634/00078_id03589_9NxOQlwpMys_id00569_wavtolip.npz,7.40561056137085,1
FakeVideo-FakeAudio/Caucasian (European)/women/id00634/00078_id03649_389qfFqUddI_faceswap_id00188_wavtolip.npz,9.337939262390137,1
FakeVideo-FakeAudio/Caucasian (European)/women/id00634/00078_id03649_389qfFqUddI_faceswap_id00569_wavtolip.npz,7.6686577796936035,1
FakeVideo-FakeAudio/Caucasian (European)/women/id00634/00078_id03649_389qfFqUddI_faceswap_id00581_wavtolip.npz,8.530264854431152,1
FakeVideo-FakeAudio/Caucasian (European)/women/id00634/00078_id03649_389qfFqUddI_faceswap_id01002_wavtolip.npz,8.402898788452148,1
FakeVideo-FakeAudio/Caucasian (European)/women/id00634/00078_id03649_389qfFqUddI_faceswap_id03941_wavtolip.npz,7.800629138946533,1
FakeVideo-FakeAudio/Caucasian (European)/women/id00634/00078_id03649_389qfFqUddI_id00232_wavtolip.npz,8.792156219482422,1
FakeVideo-FakeAudio/Caucasian (European)/women/id03589/00002_id00068_A7uFnQw--bY_id00287_wavtolip.npz,9.463786125183105,1
FakeVideo-FakeAudio/Caucasian (European)/women/id03589/00002_id00188_wavtolip.npz,9.3026123046875,1
FakeVideo-FakeAudio/Caucasian (European)/women/id03589/00002_id00262_3p7sRWAAh1Q_id03651_wavtolip.npz,8.78982162475586,1
FakeVideo-FakeAudio/Caucasian (European)/women/id03589/00002_id00262_wavtolip.npz,2.072382926940918,1
FakeVideo-FakeAudio/Caucasian (European)/women/id03589/00002_id00270_wavtolip.npz,2.8130924701690674,1
FakeVideo-FakeAudio/Caucasian (European)/women/id03589/00002_id00287_2NpfYjyMsPM_id00071_wavtolip.npz,8.959369659423828,1
FakeVideo-FakeAudio/Caucasian (European)/women/id03589/00002_id00373_wavtolip.npz,9.969698905944824,1
FakeVideo-FakeAudio/Caucasian (European)/women/id03589/00002_id00395_wM5kGJfTtEM_id00271_wavtolip.npz,9.435616493225098,1
FakeVideo-FakeAudio/Caucasian (European)/women/id03589/00002_id00495_E46aiMUC4A0_faceswap_id00271_wavtolip.npz,9.065754890441895,1
FakeVideo-FakeAudio/Caucasian (European)/women/id03589/00002_id00495_E46aiMUC4A0_faceswap_id00328_wavtolip.npz,8.879141807556152,1
FakeVideo-FakeAudio/Caucasian (European)/women/id03589/00002_id00495_E46aiMUC4A0_faceswap_id00434_wavtolip.npz,10.483587265014648,1
FakeVideo-FakeAudio/Caucasian (European)/women/id03589/00002_id00495_E46aiMUC4A0_faceswap_id01002_wavtolip.npz,7.9777936935424805,1
FakeVideo-FakeAudio/Caucasian (European)/women/id03589/00002_id00495_E46aiMUC4A0_id00581_wavtolip.npz,3.2391443252563477,1
FakeVideo-FakeAudio/Caucasian (European)/women/id03589/00002_id00495_wavtolip.npz,8.938859939575195,1
FakeVideo-FakeAudio/Caucasian (European)/women/id03589/00002_id00496_SImaDcXQnh8_id00271_wavtolip.npz,9.387815475463867,1
FakeVideo-FakeAudio/Caucasian (European)/women/id03589/00002_id00634_z5t9oJizDQg_id00374_wavtolip.npz,10.343592643737793,1
FakeVideo-FakeAudio/Caucasian (European)/women/id03589/00002_id00806_wavtolip.npz,10.104372024536133,1
FakeVideo-FakeAudio/Caucasian (European)/women/id03589/00002_id01002_wavtolip.npz,8.392975807189941,1
FakeVideo-FakeAudio/Caucasian (European)/women/id03589/00002_id03371_wavtolip.npz,10.689579963684082,1
FakeVideo-FakeAudio/Caucasian (European)/women/id03589/00002_id03649_389qfFqUddI_id00633_wavtolip.npz,10.19814395904541,1
FakeVideo-FakeAudio/Caucasian (European)/women/id03589/00002_id03858_uKVqPfRf-ac_id01002_wavtolip.npz,8.568304061889648,1
FakeVideo-FakeAudio/Caucasian (European)/women/id03620/00081_id00262_wavtolip.npz,9.846302032470703,1
FakeVideo-FakeAudio/Caucasian (European)/women/id03620/00081_id00270_wavtolip.npz,2.6378371715545654,1
FakeVideo-FakeAudio/Caucasian (European)/women/id03620/00081_id00287_2NpfYjyMsPM_id00270_wavtolip.npz,2.7123160362243652,1
FakeVideo-FakeAudio/Caucasian (European)/women/id03620/00081_id00325_4vJtbNe0L98_id00897_wavtolip.npz,10.292696952819824,1
FakeVideo-FakeAudio/Caucasian (European)/women/id03620/00081_id00328_wavtolip.npz,8.8397798538208,1
FakeVideo-FakeAudio/Caucasian (European)/women/id03620/00081_id00332_wavtolip.npz,7.129174709320068,1
FakeVideo-FakeAudio/Caucasian (European)/women/id03620/00081_id00365_XV-imLNJvfk_id00071_wavtolip.npz,9.064967155456543,1
FakeVideo-FakeAudio/Caucasian (European)/women/id03620/00081_id00373_5NXv3Dxkd6E_id00484_wavtolip.npz,9.994895935058594,1
FakeVideo-FakeAudio/Caucasian (European)/women/id03620/00081_id00374_w1qI7y9AGTc_id00232_wavtolip.npz,8.624892234802246,1
FakeVideo-FakeAudio/Caucasian (European)/women/id03620/00081_id00496_SImaDcXQnh8_faceswap_id00234_wavtolip.npz,10.585397720336914,1
FakeVideo-FakeAudio/Caucasian (European)/women/id03620/00081_id00496_SImaDcXQnh8_faceswap_id00332_wavtolip.npz,7.120785713195801,1
FakeVideo-FakeAudio/Caucasian (European)/women/id03620/00081_id00496_SImaDcXQnh8_faceswap_id03589_wavtolip.npz,9.662337303161621,1
FakeVideo-FakeAudio/Caucasian (European)/women/id03620/00081_id00496_SImaDcXQnh8_faceswap_id03649_wavtolip.npz,8.669478416442871,1
FakeVideo-FakeAudio/Caucasian (European)/women/id03620/00081_id00496_SImaDcXQnh8_id00332_wavtolip.npz,7.202800750732422,1
FakeVideo-FakeAudio/Caucasian (European)/women/id03620/00081_id00634_wavtolip.npz,9.97928237915039,1
FakeVideo-FakeAudio/Caucasian (European)/women/id03620/00081_id00823_wavtolip.npz,5.952912330627441,1
FakeVideo-FakeAudio/Caucasian (European)/women/id03620/00081_id01018_VNPt_GB5QiE_id00484_wavtolip.npz,10.087406158447266,1
FakeVideo-FakeAudio/Caucasian (European)/women/id03620/00081_id01018_wavtolip.npz,9.642127990722656,1
FakeVideo-FakeAudio/Caucasian (European)/women/id03620/00081_id03589_wavtolip.npz,9.918214797973633,1
FakeVideo-FakeAudio/Caucasian (European)/women/id03620/00081_id03651_wavtolip.npz,8.79075813293457,1
FakeVideo-FakeAudio/Caucasian (European)/women/id03620/00081_id03716_wavtolip.npz,4.363414287567139,1
FakeVideo-FakeAudio/Caucasian (European)/women/id03620/00081_id03844_AEAEN1Lns2c_id00373_wavtolip.npz,5.093470096588135,1
FakeVideo-FakeAudio/Caucasian (European)/women/id00569/00239_0_id00330_wavtolip.npz,7.002406597137451,1
FakeVideo-FakeAudio/Caucasian (European)/women/id00569/00239_0_id00491_wavtolip.npz,9.104822158813477,1
FakeVideo-FakeAudio/Caucasian (European)/women/id00569/00239_0_id03589_wavtolip.npz,10.912833213806152,1
FakeVideo-FakeAudio/Caucasian (European)/women/id00569/00239_0_id03816_wavtolip.npz,10.41633129119873,1
FakeVideo-FakeAudio/Caucasian (European)/women/id00569/00239_0_id03941_wavtolip.npz,7.724461555480957,1
FakeVideo-FakeAudio/Caucasian (European)/women/id00569/00239_1_id00262_wavtolip.npz,3.0702579021453857,1
FakeVideo-FakeAudio/Caucasian (European)/women/id00569/00239_1_id00735_wavtolip.npz,8.831033706665039,1
FakeVideo-FakeAudio/Caucasian (European)/women/id00569/00239_1_id01002_wavtolip.npz,7.970123767852783,1
FakeVideo-FakeAudio/Caucasian (European)/women/id00569/00239_1_id03649_wavtolip.npz,8.78529167175293,1
FakeVideo-FakeAudio/Caucasian (European)/women/id00569/00239_1_id03716_wavtolip.npz,0.5152009129524231,1
FakeVideo-FakeAudio/Caucasian (European)/women/id00569/00239_2_id00287_wavtolip.npz,9.552718162536621,1
FakeVideo-FakeAudio/Caucasian (European)/women/id00569/00239_2_id00332_wavtolip.npz,7.037347316741943,1
FakeVideo-FakeAudio/Caucasian (European)/women/id00569/00239_2_id00633_wavtolip.npz,8.943058967590332,1
FakeVideo-FakeAudio/Caucasian (European)/women/id00569/00239_2_id00735_wavtolip.npz,8.774134635925293,1
FakeVideo-FakeAudio/Caucasian (European)/women/id00569/00239_2_id03371_wavtolip.npz,9.910798072814941,1
FakeVideo-FakeAudio/Caucasian (European)/women/id00569/00239_id00188_e-vm5FB3idA_id00373_wavtolip.npz,10.408201217651367,1
FakeVideo-FakeAudio/Caucasian (European)/women/id00569/00239_id00232_wavtolip.npz,5.676973342895508,1
FakeVideo-FakeAudio/Caucasian (European)/women/id00569/00239_id00271_wavtolip.npz,9.167309761047363,1
FakeVideo-FakeAudio/Caucasian (European)/women/id00569/00239_id00287_wavtolip.npz,9.690268516540527,1
FakeVideo-FakeAudio/Caucasian (European)/women/id00569/00239_id00332_wavtolip.npz,4.3806867599487305,1
FakeVideo-FakeAudio/Caucasian (European)/women/id00569/00239_id00373_5NXv3Dxkd6E_id03651_wavtolip.npz,8.743767738342285,1
FakeVideo-FakeAudio/Caucasian (European)/women/id00569/00239_id00434_wavtolip.npz,10.927628517150879,1
FakeVideo-FakeAudio/Caucasian (European)/women/id00569/00239_id00484_u7YTz8eFZv0_id03716_wavtolip.npz,-1.211883783340454,1
FakeVideo-FakeAudio/Caucasian (European)/women/id00569/00239_id00491_ShjiTWoOtM4_id00232_wavtolip.npz,5.731978416442871,1
FakeVideo-FakeAudio/Caucasian (European)/women/id00569/00239_id00633_UXrTMta1EDM_id00735_wavtolip.npz,9.194608688354492,1
FakeVideo-FakeAudio/Caucasian (European)/women/id00569/00239_id00633_wavtolip.npz,10.520605087280273,1
FakeVideo-FakeAudio/Caucasian (European)/women/id00569/00239_id00897_0ayFw8JhoyI_id03649_wavtolip.npz,9.031940460205078,1
FakeVideo-FakeAudio/Caucasian (European)/women/id00569/00239_id00897_wavtolip.npz,10.582016944885254,1
FakeVideo-FakeAudio/Caucasian (European)/women/id00569/00239_id01002_eQTviHjyISo_id00496_wavtolip.npz,9.550329208374023,1
FakeVideo-FakeAudio/Caucasian (European)/women/id00569/00239_id01002_wavtolip.npz,8.62618637084961,1
FakeVideo-FakeAudio/Caucasian (European)/women/id00569/00239_id01018_VNPt_GB5QiE_id03589_wavtolip.npz,10.599503517150879,1
FakeVideo-FakeAudio/Caucasian (European)/women/id00569/00239_id01018_wavtolip.npz,3.3398985862731934,1
FakeVideo-FakeAudio/Caucasian (European)/women/id00569/00239_id03371_truKMXt8Dak_id00271_wavtolip.npz,9.486424446105957,1
FakeVideo-FakeAudio/Caucasian (European)/women/id00365/00078_0_id00271_wavtolip.npz,9.058877944946289,1
FakeVideo-FakeAudio/Caucasian (European)/women/id00365/00078_0_id00569_wavtolip.npz,7.4328436851501465,1
FakeVideo-FakeAudio/Caucasian (European)/women/id00365/00078_0_id00634_wavtolip.npz,9.492794036865234,1
FakeVideo-FakeAudio/Caucasian (European)/women/id00365/00078_0_id03816_wavtolip.npz,8.234838485717773,1
FakeVideo-FakeAudio/Caucasian (European)/women/id00365/00078_id00068_A7uFnQw--bY_id01002_wavtolip.npz,8.318901062011719,1
FakeVideo-FakeAudio/Caucasian (European)/women/id00365/00078_id00232_kL0cCveU1zg_id00071_wavtolip.npz,8.578880310058594,1
FakeVideo-FakeAudio/Caucasian (European)/women/id00365/00078_id00234_wavtolip.npz,10.433594703674316,1
FakeVideo-FakeAudio/Caucasian (European)/women/id00365/00078_id00270_wavtolip.npz,0.7934624552726746,1
FakeVideo-FakeAudio/Caucasian (European)/women/id00365/00078_id00287_2NpfYjyMsPM_id00581_wavtolip.npz,3.334815502166748,1
FakeVideo-FakeAudio/Caucasian (European)/women/id00365/00078_id00287_wavtolip.npz,9.730405807495117,1
FakeVideo-FakeAudio/Caucasian (European)/women/id00365/00078_id00330_wavtolip.npz,5.888986587524414,1
FakeVideo-FakeAudio/Caucasian (European)/women/id00365/00078_id00330_zCFFgGSIZ_s_faceswap_id00042_wavtolip.npz,9.5604248046875,1
FakeVideo-FakeAudio/Caucasian (European)/women/id00365/00078_id00330_zCFFgGSIZ_s_faceswap_id00379_wavtolip.npz,8.238123893737793,1
FakeVideo-FakeAudio/Caucasian (European)/women/id00365/00078_id00330_zCFFgGSIZ_s_faceswap_id00569_wavtolip.npz,7.404657363891602,1
FakeVideo-FakeAudio/Caucasian (European)/women/id00365/00078_id00330_zCFFgGSIZ_s_faceswap_id03716_wavtolip.npz,-0.7673580646514893,1
FakeVideo-FakeAudio/Caucasian (European)/women/id00365/00078_id00332_wavtolip.npz,2.6556639671325684,1
FakeVideo-FakeAudio/Caucasian (European)/women/id00365/00078_id00395_wavtolip.npz,8.945562362670898,1
FakeVideo-FakeAudio/Caucasian (European)/women/id00365/00078_id00495_E46aiMUC4A0_id03716_wavtolip.npz,-0.7641053795814514,1
FakeVideo-FakeAudio/Caucasian (European)/women/id00365/00078_id00495_wavtolip.npz,9.00282096862793,1
FakeVideo-FakeAudio/Caucasian (European)/women/id00365/00078_id00813_dKs9CWJIkSI_id00735_wavtolip.npz,9.346955299377441,1
FakeVideo-FakeAudio/Caucasian (European)/women/id00365/00078_id00897_wavtolip.npz,10.360493659973145,1
FakeVideo-FakeAudio/Caucasian (European)/women/id00365/00078_id03371_wavtolip.npz,10.492701530456543,1
FakeVideo-FakeAudio/Caucasian (European)/women/id00365/00078_id03858_uKVqPfRf-ac_id00569_wavtolip.npz,7.6110148429870605,1
FakeVideo-FakeAudio/Caucasian (European)/women/id01002/00043_id00188_e-vm5FB3idA_id00232_wavtolip.npz,7.838947296142578,1
FakeVideo-FakeAudio/Caucasian (European)/women/id01002/00043_id00234_wavtolip.npz,10.430100440979004,1
FakeVideo-FakeAudio/Caucasian (European)/women/id01002/00043_id00287_2NpfYjyMsPM_id03649_wavtolip.npz,9.07843017578125,1
FakeVideo-FakeAudio/Caucasian (European)/women/id01002/00043_id00325_4vJtbNe0L98_id00330_wavtolip.npz,6.94406795501709,1
FakeVideo-FakeAudio/Caucasian (European)/women/id01002/00043_id00434_wavtolip.npz,10.515389442443848,1
FakeVideo-FakeAudio/Caucasian (European)/women/id01002/00043_id00491_ShjiTWoOtM4_id00581_wavtolip.npz,4.652885913848877,1
FakeVideo-FakeAudio/Caucasian (European)/women/id01002/00043_id00569_wavtolip.npz,10.144684791564941,1
FakeVideo-FakeAudio/Caucasian (European)/women/id01002/00043_id00581_7AxvP19LGKg_id00271_wavtolip.npz,9.249679565429688,1
FakeVideo-FakeAudio/Caucasian (European)/women/id01002/00043_id00633_UXrTMta1EDM_faceswap_id00042_wavtolip.npz,9.890015602111816,1
FakeVideo-FakeAudio/Caucasian (European)/women/id01002/00043_id00633_UXrTMta1EDM_faceswap_id00365_wavtolip.npz,9.6705322265625,1
FakeVideo-FakeAudio/Caucasian (European)/women/id01002/00043_id00633_UXrTMta1EDM_faceswap_id00897_wavtolip.npz,10.337857246398926,1
FakeVideo-FakeAudio/Caucasian (European)/women/id01002/00043_id00633_UXrTMta1EDM_faceswap_id03620_wavtolip.npz,8.110834121704102,1
FakeVideo-FakeAudio/Caucasian (European)/women/id01002/00043_id00633_UXrTMta1EDM_id00484_wavtolip.npz,9.999937057495117,1
FakeVideo-FakeAudio/Caucasian (European)/women/id01002/00043_id00813_wavtolip.npz,8.4694185256958,1
FakeVideo-FakeAudio/Caucasian (European)/women/id01002/00043_id00826_wavtolip.npz,10.093859672546387,1
FakeVideo-FakeAudio/Caucasian (European)/women/id01002/00043_id00897_wavtolip.npz,10.359606742858887,1
FakeVideo-FakeAudio/Caucasian (European)/women/id01002/00043_id01001_dHJc8dh9X8c_id03844_wavtolip.npz,9.411652565002441,1
FakeVideo-FakeAudio/Caucasian (European)/women/id01002/00043_id01018_wavtolip.npz,4.372345447540283,1
FakeVideo-FakeAudio/Caucasian (European)/women/id01002/00043_id03371_truKMXt8Dak_id00373_wavtolip.npz,9.943780899047852,1
FakeVideo-FakeAudio/Caucasian (European)/women/id01002/00043_id03858_wavtolip.npz,7.958715438842773,1
FakeVideo-FakeAudio/Caucasian (European)/women/id01002/00043_id03941_wavtolip.npz,7.894889831542969,1
FakeVideo-FakeAudio/Caucasian (European)/women/id00373/00028_id00188_e-vm5FB3idA_id00634_wavtolip.npz,9.48526382446289,1
FakeVideo-FakeAudio/Caucasian (European)/women/id00373/00028_id00188_wavtolip.npz,9.126250267028809,1
FakeVideo-FakeAudio/Caucasian (European)/women/id00373/00028_id00232_wavtolip.npz,8.229500770568848,1
FakeVideo-FakeAudio/Caucasian (European)/women/id00373/00028_id00234_wavtolip.npz,10.359421730041504,1
FakeVideo-FakeAudio/Caucasian (European)/women/id00373/00028_id00270_wavtolip.npz,2.722198963165283,1
FakeVideo-FakeAudio/Caucasian (European)/women/id00373/00028_id00328_ytKnCbJSEcU_id03716_wavtolip.npz,5.0804901123046875,1
FakeVideo-FakeAudio/Caucasian (European)/women/id00373/00028_id00330_zCFFgGSIZ_s_id03651_wavtolip.npz,8.873800277709961,1
FakeVideo-FakeAudio/Caucasian (European)/women/id00373/00028_id00374_w1qI7y9AGTc_id00826_wavtolip.npz,9.391223907470703,1
FakeVideo-FakeAudio/Caucasian (European)/women/id00373/00028_id00484_u7YTz8eFZv0_id00823_wavtolip.npz,5.973654747009277,1
FakeVideo-FakeAudio/Caucasian (European)/women/id00373/00028_id00495_E46aiMUC4A0_id03651_wavtolip.npz,8.828289031982422,1
FakeVideo-FakeAudio/Caucasian (European)/women/id00373/00028_id00569_gSynmpwioV4_id00262_wavtolip.npz,5.365917205810547,1
FakeVideo-FakeAudio/Caucasian (European)/women/id00373/00028_id00569_wavtolip.npz,7.444997787475586,1
FakeVideo-FakeAudio/Caucasian (European)/women/id00373/00028_id00589_uOzKwYEVR6s_id00330_wavtolip.npz,6.464195251464844,1
FakeVideo-FakeAudio/Caucasian (European)/women/id00373/00028_id00591_wavtolip.npz,8.138163566589355,1
FakeVideo-FakeAudio/Caucasian (European)/women/id00373/00028_id00823_KgExwCvgrUk_id00434_wavtolip.npz,7.407742023468018,1
FakeVideo-FakeAudio/Caucasian (European)/women/id00373/00028_id00897_0ayFw8JhoyI_id00271_wavtolip.npz,9.25927448272705,1
FakeVideo-FakeAudio/Caucasian (European)/women/id00373/00028_id01018_wavtolip.npz,9.58867073059082,1
FakeVideo-FakeAudio/Caucasian (European)/women/id00373/00028_id03371_wavtolip.npz,9.952710151672363,1
FakeVideo-FakeAudio/Caucasian (European)/women/id00373/00028_id03844_wavtolip.npz,8.502635955810547,1
FakeVideo-FakeAudio/Caucasian (European)/women/id03649/00001_id00068_A7uFnQw--bY_id00270_wavtolip.npz,0.5230960249900818,1
FakeVideo-FakeAudio/Caucasian (European)/women/id03649/00001_id00188_e-vm5FB3idA_id01002_wavtolip.npz,8.09826374053955,1
FakeVideo-FakeAudio/Caucasian (European)/women/id03649/00001_id00234_wavtolip.npz,10.373208045959473,1
FakeVideo-FakeAudio/Caucasian (European)/women/id03649/00001_id00271_wavtolip.npz,9.225991249084473,1
FakeVideo-FakeAudio/Caucasian (European)/women/id03649/00001_id00325_4vJtbNe0L98_id03941_wavtolip.npz,7.815211296081543,1
FakeVideo-FakeAudio/Caucasian (European)/women/id03649/00001_id00325_wavtolip.npz,10.726030349731445,1
FakeVideo-FakeAudio/Caucasian (European)/women/id03649/00001_id00374_wavtolip.npz,10.391839981079102,1
FakeVideo-FakeAudio/Caucasian (European)/women/id03649/00001_id00434_wavtolip.npz,10.522534370422363,1
FakeVideo-FakeAudio/Caucasian (European)/women/id03649/00001_id00484_wavtolip.npz,9.744074821472168,1
FakeVideo-FakeAudio/Caucasian (European)/women/id03649/00001_id00569_gSynmpwioV4_id00434_wavtolip.npz,10.421700477600098,1
FakeVideo-FakeAudio/Caucasian (European)/women/id03649/00001_id00589_uOzKwYEVR6s_id00373_wavtolip.npz,10.067179679870605,1
FakeVideo-FakeAudio/Caucasian (European)/women/id03649/00001_id00591_1Jo8xElXQMs_id00287_wavtolip.npz,9.463273048400879,1
FakeVideo-FakeAudio/Caucasian (European)/women/id03649/00001_id00633_UXrTMta1EDM_id00287_wavtolip.npz,9.697368621826172,1
FakeVideo-FakeAudio/Caucasian (European)/women/id03649/00001_id00633_wavtolip.npz,10.511212348937988,1
FakeVideo-FakeAudio/Caucasian (European)/women/id03649/00001_id00634_z5t9oJizDQg_faceswap_id00325_wavtolip.npz,10.651915550231934,1
FakeVideo-FakeAudio/Caucasian (European)/women/id03649/00001_id00634_z5t9oJizDQg_faceswap_id00495_wavtolip.npz,9.02607536315918,1
FakeVideo-FakeAudio/Caucasian (European)/women/id03649/00001_id00634_z5t9oJizDQg_faceswap_id03844_wavtolip.npz,8.62598991394043,1
FakeVideo-FakeAudio/Caucasian (European)/women/id03649/00001_id00634_z5t9oJizDQg_id03941_wavtolip.npz,7.694361686706543,1
FakeVideo-FakeAudio/Caucasian (European)/women/id03649/00001_id00813_wavtolip.npz,8.978479385375977,1
FakeVideo-FakeAudio/Caucasian (European)/women/id03649/00001_id00826_MYagwzy91Yk_id00634_wavtolip.npz,9.3795804977417,1
FakeVideo-FakeAudio/Caucasian (European)/women/id03649/00001_id03589_9NxOQlwpMys_id00434_wavtolip.npz,10.383321762084961,1
FakeVideo-FakeAudio/Caucasian (European)/women/id03649/00001_id03620_wavtolip.npz,7.649557590484619,1
FakeVideo-FakeAudio/Caucasian (European)/women/id03649/00001_id03649_wavtolip.npz,9.044697761535645,1
FakeVideo-FakeAudio/Caucasian (European)/women/id00379/00043_id00232_wavtolip.npz,8.566354751586914,1
FakeVideo-FakeAudio/Caucasian (European)/women/id00379/00043_id00262_3p7sRWAAh1Q_id00188_wavtolip.npz,9.205098152160645,1
FakeVideo-FakeAudio/Caucasian (European)/women/id00379/00043_id00270_hoEQ70-sDME_id03371_wavtolip.npz,10.266326904296875,1
FakeVideo-FakeAudio/Caucasian (European)/women/id00379/00043_id00287_2NpfYjyMsPM_id00735_wavtolip.npz,9.32410717010498,1
FakeVideo-FakeAudio/Caucasian (European)/women/id00379/00043_id00379_wavtolip.npz,8.257442474365234,1
FakeVideo-FakeAudio/Caucasian (European)/women/id00379/00043_id00403_wavtolip.npz,9.848749160766602,1
FakeVideo-FakeAudio/Caucasian (European)/women/id00379/00043_id00496_SImaDcXQnh8_id00395_wavtolip.npz,8.93531322479248,1
FakeVideo-FakeAudio/Caucasian (European)/women/id00379/00043_id00581_wavtolip.npz,2.955432653427124,1
FakeVideo-FakeAudio/Caucasian (European)/women/id00379/00043_id00633_UXrTMta1EDM_faceswap_id00071_wavtolip.npz,8.70676040649414,1
FakeVideo-FakeAudio/Caucasian (European)/women/id00379/00043_id00633_UXrTMta1EDM_faceswap_id00270_wavtolip.npz,0.7713091969490051,1
FakeVideo-FakeAudio/Caucasian (European)/women/id00379/00043_id00633_UXrTMta1EDM_faceswap_id00332_wavtolip.npz,8.609016418457031,1
FakeVideo-FakeAudio/Caucasian (European)/women/id00379/00043_id00633_UXrTMta1EDM_faceswap_id00395_wavtolip.npz,8.875438690185547,1
FakeVideo-FakeAudio/Caucasian (European)/women/id00379/00043_id00633_UXrTMta1EDM_faceswap_id01018_wavtolip.npz,2.364602565765381,1
FakeVideo-FakeAudio/Caucasian (European)/women/id00379/00043_id00633_UXrTMta1EDM_id00325_wavtolip.npz,10.796025276184082,1
FakeVideo-FakeAudio/Caucasian (European)/women/id00379/00043_id00735_wavtolip.npz,9.374894142150879,1
FakeVideo-FakeAudio/Caucasian (European)/women/id00379/00043_id00806_0sk9s9lFIAk_id00581_wavtolip.npz,2.9448957443237305,1
FakeVideo-FakeAudio/Caucasian (European)/women/id00379/00043_id00806_wavtolip.npz,9.76146411895752,1
FakeVideo-FakeAudio/Caucasian (European)/women/id00379/00043_id00823_wavtolip.npz,5.950606822967529,1
FakeVideo-FakeAudio/Caucasian (European)/women/id00379/00043_id00897_0ayFw8JhoyI_id00271_wavtolip.npz,9.25390625,1
FakeVideo-FakeAudio/Caucasian (European)/women/id00379/00043_id03620_wavtolip.npz,7.678903579711914,1
FakeVideo-FakeAudio/Caucasian (European)/women/id00379/00043_id03649_wavtolip.npz,8.684483528137207,1
FakeVideo-FakeAudio/Caucasian (European)/women/id00379/00043_id03716_s-lxbGafZQA_id03620_wavtolip.npz,7.669150352478027,1
FakeVideo-FakeAudio/Caucasian (European)/women/id00379/00043_id03858_wavtolip.npz,9.234872817993164,1
FakeVideo-FakeAudio/Caucasian (European)/women/id00332/00293_id00042_wavtolip.npz,9.804673194885254,1
FakeVideo-FakeAudio/Caucasian (European)/women/id00332/00293_id00071_wavtolip.npz,8.83364486694336,1
FakeVideo-FakeAudio/Caucasian (European)/women/id00332/00293_id00270_hoEQ70-sDME_id00042_wavtolip.npz,9.71023178100586,1
FakeVideo-FakeAudio/Caucasian (European)/women/id00332/00293_id00330_zCFFgGSIZ_s_id03844_wavtolip.npz,8.597329139709473,1
FakeVideo-FakeAudio/Caucasian (European)/women/id00332/00293_id00379_wavtolip.npz,7.482118606567383,1
FakeVideo-FakeAudio/Caucasian (European)/women/id00332/00293_id00395_wavtolip.npz,8.870862007141113,1
FakeVideo-FakeAudio/Caucasian (European)/women/id00332/00293_id00403_wavtolip.npz,9.746524810791016,1
FakeVideo-FakeAudio/Caucasian (European)/women/id00332/00293_id00434_HPXkk-HGXVI_id00735_wavtolip.npz,9.093530654907227,1
FakeVideo-FakeAudio/Caucasian (European)/women/id00332/00293_id00496_wavtolip.npz,10.431241989135742,1
FakeVideo-FakeAudio/Caucasian (European)/women/id00332/00293_id00569_wavtolip.npz,7.534045219421387,1
FakeVideo-FakeAudio/Caucasian (European)/women/id00332/00293_id00591_1Jo8xElXQMs_id00325_wavtolip.npz,10.19754695892334,1
FakeVideo-FakeAudio/Caucasian (European)/women/id00332/00293_id00633_UXrTMta1EDM_id00826_wavtolip.npz,9.220630645751953,1
FakeVideo-FakeAudio/Caucasian (European)/women/id00332/00293_id00806_wavtolip.npz,10.129704475402832,1
FakeVideo-FakeAudio/Caucasian (European)/women/id00332/00293_id00897_0ayFw8JhoyI_id00373_wavtolip.npz,10.322443008422852,1
FakeVideo-FakeAudio/Caucasian (European)/women/id00332/00293_id03371_wavtolip.npz,10.542962074279785,1
FakeVideo-FakeAudio/Caucasian (European)/women/id00332/00293_id03844_wavtolip.npz,8.536942481994629,1
FakeVideo-FakeAudio/Caucasian (European)/women/id00332/00293_id03858_uKVqPfRf-ac_id00569_wavtolip.npz,7.615128517150879,1
FakeVideo-FakeAudio/Caucasian (European)/women/id00325/00015_id00042_4yuJSkaZwn0_faceswap_id00188_wavtolip.npz,9.158284187316895,1
FakeVideo-FakeAudio/Caucasian (European)/women/id00325/00015_id00042_4yuJSkaZwn0_faceswap_id00232_wavtolip.npz,8.620261192321777,1
FakeVideo-FakeAudio/Caucasian (European)/women/id00325/00015_id00042_4yuJSkaZwn0_faceswap_id00484_wavtolip.npz,9.91486644744873,1
FakeVideo-FakeAudio/Caucasian (European)/women/id00325/00015_id00042_4yuJSkaZwn0_faceswap_id00591_wavtolip.npz,8.027778625488281,1
FakeVideo-FakeAudio/Caucasian (European)/women/id00325/00015_id00042_4yuJSkaZwn0_id00826_wavtolip.npz,9.461870193481445,1
FakeVideo-FakeAudio/Caucasian (European)/women/id00325/00015_id00188_wavtolip.npz,9.293503761291504,1
FakeVideo-FakeAudio/Caucasian (European)/women/id00325/00015_id00271_wavtolip.npz,9.134157180786133,1
FakeVideo-FakeAudio/Caucasian (European)/women/id00325/00015_id00287_2NpfYjyMsPM_id03371_wavtolip.npz,10.704960823059082,1
FakeVideo-FakeAudio/Caucasian (European)/women/id00325/00015_id00330_wavtolip.npz,6.59879732131958,1
FakeVideo-FakeAudio/Caucasian (European)/women/id00325/00015_id00365_XV-imLNJvfk_id00332_wavtolip.npz,7.124531269073486,1
FakeVideo-FakeAudio/Caucasian (European)/women/id00325/00015_id00569_wavtolip.npz,7.512221336364746,1
FakeVideo-FakeAudio/Caucasian (European)/women/id00325/00015_id00806_wavtolip.npz,10.274518013000488,1
FakeVideo-FakeAudio/Caucasian (European)/women/id00325/00015_id00813_wavtolip.npz,9.10616683959961,1
FakeVideo-FakeAudio/Caucasian (European)/women/id00325/00015_id00823_wavtolip.npz,5.940892696380615,1
FakeVideo-FakeAudio/Caucasian (European)/women/id00325/00015_id00897_0ayFw8JhoyI_id00484_wavtolip.npz,9.658913612365723,1
FakeVideo-FakeAudio/Caucasian (European)/women/id00325/00015_id01002_eQTviHjyISo_id00325_wavtolip.npz,9.930190086364746,1
FakeVideo-FakeAudio/Caucasian (European)/women/id00325/00015_id03589_wavtolip.npz,9.694340705871582,1
FakeVideo-FakeAudio/Caucasian (European)/women/id00325/00015_id03620_YkXM5A8w07E_id03844_wavtolip.npz,8.656991004943848,1
FakeVideo-FakeAudio/Caucasian (European)/women/id00325/00015_id03649_389qfFqUddI_id00330_wavtolip.npz,6.504439353942871,1
FakeVideo-FakeAudio/Caucasian (European)/women/id00325/00015_id03651_EjcoRkL6loI_id00806_wavtolip.npz,10.555851936340332,1
FakeVideo-FakeAudio/Caucasian (European)/women/id00325/00015_id03844_wavtolip.npz,8.445216178894043,1
FakeVideo-FakeAudio/Caucasian (European)/women/id03716/00040_id00262_wavtolip.npz,5.359343528747559,1
FakeVideo-FakeAudio/Caucasian (European)/women/id03716/00040_id00270_wavtolip.npz,2.1067638397216797,1
FakeVideo-FakeAudio/Caucasian (European)/women/id03716/00040_id00330_wavtolip.npz,6.5804901123046875,1
FakeVideo-FakeAudio/Caucasian (European)/women/id03716/00040_id00365_XV-imLNJvfk_id03716_wavtolip.npz,-1.9550962448120117,1
FakeVideo-FakeAudio/Caucasian (European)/women/id03716/00040_id00379_fgkgYHCuk4g_id00823_wavtolip.npz,5.953981399536133,1
FakeVideo-FakeAudio/Caucasian (European)/women/id03716/00040_id00395_wM5kGJfTtEM_id00232_wavtolip.npz,8.464648246765137,1
FakeVideo-FakeAudio/Caucasian (European)/women/id03716/00040_id00434_wavtolip.npz,7.447267532348633,1
FakeVideo-FakeAudio/Caucasian (European)/women/id03716/00040_id00495_wavtolip.npz,8.96302604675293,1
FakeVideo-FakeAudio/Caucasian (European)/women/id03716/00040_id00591_1Jo8xElXQMs_id00823_wavtolip.npz,5.961153507232666,1
FakeVideo-FakeAudio/Caucasian (European)/women/id03716/00040_id00633_UXrTMta1EDM_id00826_wavtolip.npz,9.483490943908691,1
FakeVideo-FakeAudio/Caucasian (European)/women/id03716/00040_id00897_0ayFw8JhoyI_id00232_wavtolip.npz,8.612442970275879,1
FakeVideo-FakeAudio/Caucasian (European)/women/id03716/00040_id00897_wavtolip.npz,10.589581489562988,1
FakeVideo-FakeAudio/Caucasian (European)/women/id03716/00040_id03651_EjcoRkL6loI_faceswap_id00234_wavtolip.npz,10.485932350158691,1
FakeVideo-FakeAudio/Caucasian (European)/women/id03716/00040_id03651_EjcoRkL6loI_faceswap_id00403_wavtolip.npz,9.411089897155762,1
FakeVideo-FakeAudio/Caucasian (European)/women/id03716/00040_id03651_EjcoRkL6loI_faceswap_id00735_wavtolip.npz,8.80593204498291,1
FakeVideo-FakeAudio/Caucasian (European)/women/id03716/00040_id03651_EjcoRkL6loI_faceswap_id01002_wavtolip.npz,8.019744873046875,1
FakeVideo-FakeAudio/Caucasian (European)/women/id03716/00040_id03651_EjcoRkL6loI_faceswap_id03844_wavtolip.npz,8.517716407775879,1
FakeVideo-FakeAudio/Caucasian (European)/women/id03716/00040_id03651_EjcoRkL6loI_id00328_wavtolip.npz,8.89847469329834,1
FakeVideo-FakeAudio/Caucasian (European)/women/id03716/00040_id03716_wavtolip.npz,-1.7699990272521973,1
FakeVideo-FakeAudio/Caucasian (European)/women/id03716/00040_id03816_XXD0yTNei50_id00581_wavtolip.npz,8.607812881469727,1
FakeVideo-FakeAudio/Caucasian (European)/women/id03716/00040_id03844_wavtolip.npz,8.447836875915527,1
FakeVideo-FakeAudio/Caucasian (European)/women/id00262/00028_id00071_JU1cVINUTZA_id00484_wavtolip.npz,10.212430000305176,1
FakeVideo-FakeAudio/Caucasian (European)/women/id00262/00028_id00071_wavtolip.npz,8.830315589904785,1
FakeVideo-FakeAudio/Caucasian (European)/women/id00262/00028_id00270_hoEQ70-sDME_id03651_wavtolip.npz,8.7421293258667,1
FakeVideo-FakeAudio/Caucasian (European)/women/id00262/00028_id00287_2NpfYjyMsPM_faceswap_id00379_wavtolip.npz,7.084231376647949,1
FakeVideo-FakeAudio/Caucasian (European)/women/id00262/00028_id00287_2NpfYjyMsPM_faceswap_id01002_wavtolip.npz,8.086494445800781,1
FakeVideo-FakeAudio/Caucasian (European)/women/id00262/00028_id00287_2NpfYjyMsPM_faceswap_id03620_wavtolip.npz,10.0338134765625,1
FakeVideo-FakeAudio/Caucasian (European)/women/id00262/00028_id00287_2NpfYjyMsPM_faceswap_id03858_wavtolip.npz,8.253621101379395,1
FakeVideo-FakeAudio/Caucasian (European)/women/id00262/00028_id00287_2NpfYjyMsPM_faceswap_id03941_wavtolip.npz,7.665578365325928,1
FakeVideo-FakeAudio/Caucasian (European)/women/id00262/00028_id00328_wavtolip.npz,9.159309387207031,1
FakeVideo-FakeAudio/Caucasian (European)/women/id00262/00028_id00379_wavtolip.npz,7.1664934158325195,1
FakeVideo-FakeAudio/Caucasian (European)/women/id00262/00028_id00395_wM5kGJfTtEM_id03371_wavtolip.npz,10.330410957336426,1
FakeVideo-FakeAudio/Caucasian (European)/women/id00262/00028_id00395_wavtolip.npz,8.880758285522461,1
FakeVideo-FakeAudio/Caucasian (European)/women/id00262/00028_id00495_E46aiMUC4A0_id00591_wavtolip.npz,8.206687927246094,1
FakeVideo-FakeAudio/Caucasian (European)/women/id00262/00028_id00496_SImaDcXQnh8_id00271_wavtolip.npz,9.756753921508789,1
FakeVideo-FakeAudio/Caucasian (European)/women/id00262/00028_id00496_wavtolip.npz,8.773061752319336,1
FakeVideo-FakeAudio/Caucasian (European)/women/id00262/00028_id00633_UXrTMta1EDM_id00806_wavtolip.npz,4.9867072105407715,1
FakeVideo-FakeAudio/Caucasian (European)/women/id00262/00028_id00813_dKs9CWJIkSI_id00434_wavtolip.npz,7.72221040725708,1
FakeVideo-FakeAudio/Caucasian (European)/women/id00262/00028_id00813_wavtolip.npz,9.495173454284668,1
FakeVideo-FakeAudio/Caucasian (European)/women/id00262/00028_id01002_wavtolip.npz,8.125868797302246,1
FakeVideo-FakeAudio/Caucasian (European)/women/id00262/00028_id03651_wavtolip.npz,8.740592956542969,1
FakeVideo-FakeAudio/Caucasian (European)/women/id00262/00028_id03816_XXD0yTNei50_id03716_wavtolip.npz,5.171660900115967,1
FakeVideo-FakeAudio/Caucasian (European)/women/id00262/00028_id03941_SsYtP8Ze88Q_id00325_wavtolip.npz,10.336044311523438,1
FakeVideo-FakeAudio/Caucasian (European)/women/id00262/00028_id03941_wavtolip.npz,7.953314304351807,1
FakeVideo-FakeAudio/Caucasian (European)/women/id00328/00092_id00188_e-vm5FB3idA_id00271_wavtolip.npz,9.134653091430664,1
FakeVideo-FakeAudio/Caucasian (European)/women/id00328/00092_id00232_kL0cCveU1zg_id03716_wavtolip.npz,0.5080597400665283,1
FakeVideo-FakeAudio/Caucasian (European)/women/id00328/00092_id00271_wavtolip.npz,9.236332893371582,1
FakeVideo-FakeAudio/Caucasian (European)/women/id00328/00092_id00287_wavtolip.npz,9.497476577758789,1
FakeVideo-FakeAudio/Caucasian (European)/women/id00328/00092_id00373_5NXv3Dxkd6E_id03844_wavtolip.npz,8.733193397521973,1
FakeVideo-FakeAudio/Caucasian (European)/women/id00328/00092_id00374_wavtolip.npz,10.431614875793457,1
FakeVideo-FakeAudio/Caucasian (European)/women/id00328/00092_id00403_n4LSCxzFr6o_id00806_wavtolip.npz,9.527491569519043,1
FakeVideo-FakeAudio/Caucasian (European)/women/id00328/00092_id00484_u7YTz8eFZv0_faceswap_id00287_wavtolip.npz,9.370674133300781,1
FakeVideo-FakeAudio/Caucasian (European)/women/id00328/00092_id00484_u7YTz8eFZv0_faceswap_id00484_wavtolip.npz,9.696805000305176,1
FakeVideo-FakeAudio/Caucasian (European)/women/id00328/00092_id00484_u7YTz8eFZv0_faceswap_id01002_wavtolip.npz,8.211191177368164,1
FakeVideo-FakeAudio/Caucasian (European)/women/id00328/00092_id00484_u7YTz8eFZv0_faceswap_id03589_wavtolip.npz,10.421460151672363,1
FakeVideo-FakeAudio/Caucasian (European)/women/id00328/00092_id00484_u7YTz8eFZv0_id00496_wavtolip.npz,9.529541015625,1
FakeVideo-FakeAudio/Caucasian (European)/women/id00328/00092_id00495_E46aiMUC4A0_id03844_wavtolip.npz,8.690108299255371,1
FakeVideo-FakeAudio/Caucasian (European)/women/id00328/00092_id00569_wavtolip.npz,7.582376956939697,1
FakeVideo-FakeAudio/Caucasian (European)/women/id00328/00092_id00633_wavtolip.npz,10.553872108459473,1
FakeVideo-FakeAudio/Caucasian (European)/women/id00328/00092_id00634_wavtolip.npz,10.428380012512207,1
FakeVideo-FakeAudio/Caucasian (European)/women/id00328/00092_id00806_wavtolip.npz,9.50689697265625,1
FakeVideo-FakeAudio/Caucasian (European)/women/id00328/00092_id01002_wavtolip.npz,8.267589569091797,1
FakeVideo-FakeAudio/Caucasian (European)/women/id00328/00092_id03371_truKMXt8Dak_id00328_wavtolip.npz,9.595763206481934,1
FakeVideo-FakeAudio/Caucasian (European)/women/id00328/00092_id03620_YkXM5A8w07E_id03858_wavtolip.npz,9.537599563598633,1
FakeVideo-FakeAudio/Caucasian (European)/women/id00328/00092_id03858_uKVqPfRf-ac_id00634_wavtolip.npz,10.605061531066895,1
FakeVideo-FakeAudio/Caucasian (European)/women/id00589/00130_id00270_wavtolip.npz,2.7745251655578613,1
FakeVideo-FakeAudio/Caucasian (European)/women/id00589/00130_id00271_je6JSLqEEcw_id00735_wavtolip.npz,9.039496421813965,1
FakeVideo-FakeAudio/Caucasian (European)/women/id00589/00130_id00287_wavtolip.npz,9.68336009979248,1
FakeVideo-FakeAudio/Caucasian (European)/women/id00589/00130_id00373_5NXv3Dxkd6E_id03371_wavtolip.npz,10.491071701049805,1
FakeVideo-FakeAudio/Caucasian (European)/women/id00589/00130_id00374_wavtolip.npz,10.372254371643066,1
FakeVideo-FakeAudio/Caucasian (European)/women/id00589/00130_id00495_E46aiMUC4A0_id00325_wavtolip.npz,10.80309009552002,1
FakeVideo-FakeAudio/Caucasian (European)/women/id00589/00130_id00581_wavtolip.npz,3.1701598167419434,1
FakeVideo-FakeAudio/Caucasian (European)/women/id00589/00130_id00591_1Jo8xElXQMs_id03620_wavtolip.npz,8.167351722717285,1
FakeVideo-FakeAudio/Caucasian (European)/women/id00589/00130_id00591_wavtolip.npz,8.231593132019043,1
FakeVideo-FakeAudio/Caucasian (European)/women/id00589/00130_id00634_z5t9oJizDQg_faceswap_id00071_wavtolip.npz,8.505073547363281,1
FakeVideo-FakeAudio/Caucasian (European)/women/id00589/00130_id00634_z5t9oJizDQg_faceswap_id00325_wavtolip.npz,10.817902565002441,1
FakeVideo-FakeAudio/Caucasian (European)/women/id00589/00130_id00634_z5t9oJizDQg_faceswap_id00395_wavtolip.npz,9.103676795959473,1
FakeVideo-FakeAudio/Caucasian (European)/women/id00589/00130_id00634_z5t9oJizDQg_faceswap_id00591_wavtolip.npz,8.20474624633789,1
FakeVideo-FakeAudio/Caucasian (European)/women/id00589/00130_id00634_z5t9oJizDQg_faceswap_id00823_wavtolip.npz,5.936350345611572,1
FakeVideo-FakeAudio/Caucasian (European)/women/id00589/00130_id00634_z5t9oJizDQg_id00897_wavtolip.npz,10.270317077636719,1
FakeVideo-FakeAudio/Caucasian (European)/women/id00589/00130_id00813_wavtolip.npz,9.920783042907715,1
FakeVideo-FakeAudio/Caucasian (European)/women/id00589/00130_id00826_wavtolip.npz,9.13042163848877,1
FakeVideo-FakeAudio/Caucasian (European)/women/id00589/00130_id00897_0ayFw8JhoyI_id00379_wavtolip.npz,7.247720241546631,1
FakeVideo-FakeAudio/Caucasian (European)/women/id00589/00130_id00897_wavtolip.npz,10.280440330505371,1
FakeVideo-FakeAudio/Caucasian (European)/women/id00589/00130_id03589_9NxOQlwpMys_id00897_wavtolip.npz,10.182923316955566,1
FakeVideo-FakeAudio/Caucasian (European)/women/id00589/00130_id03620_YkXM5A8w07E_id03858_wavtolip.npz,9.208789825439453,1
FakeVideo-FakeAudio/Caucasian (European)/women/id00589/00130_id03649_389qfFqUddI_id00495_wavtolip.npz,9.046934127807617,1
FakeVideo-FakeAudio/Caucasian (European)/women/id00589/00130_id03651_wavtolip.npz,8.822304725646973,1
FakeVideo-FakeAudio/Caucasian (European)/women/id00589/00130_id03858_uKVqPfRf-ac_id00634_wavtolip.npz,9.74264144897461,1
FakeVideo-RealAudio/Asian (South)/men/id06354/00021_id00032_AQMDc6SKNXs.npz,-4.9090166091918945,1
FakeVideo-RealAudio/Asian (South)/men/id06354/00021_id00103_qpTVaP4y5DQ.npz,-4.915792465209961,1
FakeVideo-RealAudio/Asian (South)/men/id06354/00021_id00103_wavtolip.npz,-4.812838554382324,1
FakeVideo-RealAudio/Asian (South)/men/id06354/00021_id00350_75IFJNFAMIM.npz,-4.892580032348633,1
FakeVideo-RealAudio/Asian (South)/men/id06354/00021_id00350_wavtolip.npz,-2.7948338985443115,1
FakeVideo-RealAudio/Asian (South)/men/id06354/00021_id00685_wavtolip.npz,-4.949032783508301,1
FakeVideo-RealAudio/Asian (South)/men/id06354/00021_id00773_2j3lUETJ57I.npz,-4.887531757354736,1
FakeVideo-RealAudio/Asian (South)/men/id06354/00021_id00860_wavtolip.npz,-4.7564191818237305,1
FakeVideo-RealAudio/Asian (South)/men/id06354/00021_id03599_wavtolip.npz,-4.880045413970947,1
FakeVideo-RealAudio/Asian (South)/men/id06354/00021_id03945_wavtolip.npz,-4.94587516784668,1
FakeVideo-RealAudio/Asian (South)/men/id06354/00021_id04599_Q60DPi5Nhmk.npz,-4.897407531738281,1
FakeVideo-RealAudio/Asian (South)/men/id06354/00021_id04928_wavtolip.npz,-4.935385704040527,1
FakeVideo-RealAudio/Asian (South)/men/id06354/00021_id06334_wavtolip.npz,-4.934964656829834,1
FakeVideo-RealAudio/Asian (South)/men/id06354/00021_id07058_JXJTxhrICl0.npz,-4.908320426940918,1
FakeVideo-RealAudio/Asian (South)/men/id06354/00021_id07108_qwfQPcvjGRY.npz,-4.9116716384887695,1
FakeVideo-RealAudio/Asian (South)/men/id06354/00021_id07194_NDJaiff98Fo.npz,-4.900862216949463,1
FakeVideo-RealAudio/Asian (South)/men/id06354/00021_id07194_NDJaiff98Fo_faceswap.npz,-4.900835037231445,1
FakeVideo-RealAudio/Asian (South)/men/id06354/00021_id07200_wavtolip.npz,-4.2281107902526855,1
FakeVideo-RealAudio/Asian (South)/men/id06354/00021_id07233_wavtolip.npz,-2.9537713527679443,1
FakeVideo-RealAudio/Asian (South)/men/id08314/00028_id00033_wavtolip.npz,-4.206735134124756,1
FakeVideo-RealAudio/Asian (South)/men/id08314/00028_id00078_9CoVxzTOAhk.npz,-3.9558663368225098,1
FakeVideo-RealAudio/Asian (South)/men/id08314/00028_id00078_9CoVxzTOAhk_faceswap.npz,-4.116185188293457,1
FakeVideo-RealAudio/Asian (South)/men/id08314/00028_id00078_wavtolip.npz,-4.689001083374023,1
FakeVideo-RealAudio/Asian (South)/men/id08314/00028_id00082_wavtolip.npz,-4.116700172424316,1
FakeVideo-RealAudio/Asian (South)/men/id08314/00028_id00103_qpTVaP4y5DQ.npz,-4.122162818908691,1
FakeVideo-RealAudio/Asian (South)/men/id08314/00028_id00732_amGRpH0AJCs.npz,-3.8191263675689697,1
FakeVideo-RealAudio/Asian (South)/men/id08314/00028_id00745_wavtolip.npz,0.20901420712471008,1
FakeVideo-RealAudio/Asian (South)/men/id08314/00028_id00769_BqHVSZdoVpM.npz,-3.745082378387451,1
FakeVideo-RealAudio/Asian (South)/men/id08314/00028_id00773_2j3lUETJ57I.npz,-3.8562867641448975,1
FakeVideo-RealAudio/Asian (South)/men/id08314/00028_id00857_wavtolip.npz,-4.959662437438965,1
FakeVideo-RealAudio/Asian (South)/men/id08314/00028_id00860_wavtolip.npz,-4.737404823303223,1
FakeVideo-RealAudio/Asian (South)/men/id08314/00028_id04537_wavtolip.npz,-4.671895980834961,1
FakeVideo-RealAudio/Asian (South)/men/id08314/00028_id06354_PmWLmcJNUhM.npz,-4.034895896911621,1
FakeVideo-RealAudio/Asian (South)/men/id08314/00028_id07058_wavtolip.npz,-4.937835693359375,1
FakeVideo-RealAudio/Asian (South)/men/id08314/00028_id07161_wavtolip.npz,-4.6760735511779785,1
FakeVideo-RealAudio/Asian (South)/men/id08314/00028_id07194_NDJaiff98Fo.npz,-3.7785019874572754,1
FakeVideo-RealAudio/Asian (South)/men/id08314/00028_id07195_wXqfHGtaBn4.npz,-3.9360644817352295,1
FakeVideo-RealAudio/Asian (South)/men/id08314/00028_id07768_wavtolip.npz,-2.679852247238159,1
FakeVideo-RealAudio/Asian (South)/men/id08314/00083_0.npz,-4.115175247192383,1
FakeVideo-RealAudio/Asian (South)/men/id07233/00010_id00032_wavtolip.npz,-4.509256362915039,1
FakeVideo-RealAudio/Asian (South)/men/id07233/00010_id00078_wavtolip.npz,-4.81093692779541,1
FakeVideo-RealAudio/Asian (South)/men/id07233/00010_id00082_wavtolip.npz,-4.665441989898682,1
FakeVideo-RealAudio/Asian (South)/men/id07233/00010_id00459_wavtolip.npz,-1.9938123226165771,1
FakeVideo-RealAudio/Asian (South)/men/id07233/00010_id00769_BqHVSZdoVpM.npz,-2.8172531127929688,1
FakeVideo-RealAudio/Asian (South)/men/id07233/00010_id00857_wavtolip.npz,-4.977527141571045,1
FakeVideo-RealAudio/Asian (South)/men/id07233/00010_id03180_wavtolip.npz,-3.803029775619507,1
FakeVideo-RealAudio/Asian (South)/men/id07233/00010_id03945_8gN6kSKpLRg.npz,-2.8871054649353027,1
FakeVideo-RealAudio/Asian (South)/men/id07233/00010_id04537_G1e1UFopjfI.npz,-3.1560420989990234,1
FakeVideo-RealAudio/Asian (South)/men/id07233/00010_id04537_wavtolip.npz,-4.799747943878174,1
FakeVideo-RealAudio/Asian (South)/men/id07233/00010_id04554_8rSKsBhAaDo.npz,-3.2164149284362793,1
FakeVideo-RealAudio/Asian (South)/men/id07233/00010_id04562_qio_Gs7wjvY.npz,-3.210519790649414,1
FakeVideo-RealAudio/Asian (South)/men/id07233/00010_id06334_wavtolip.npz,-4.811312198638916,1
FakeVideo-RealAudio/Asian (South)/men/id07233/00010_id07163_wavtolip.npz,-4.983548641204834,1
FakeVideo-RealAudio/Asian (South)/men/id07233/00010_id07165_oJ_iy16IBTM.npz,-2.648820400238037,1
FakeVideo-RealAudio/Asian (South)/men/id07233/00010_id07195_wXqfHGtaBn4.npz,-3.274825096130371,1
FakeVideo-RealAudio/Asian (South)/men/id07233/00010_id07200_quCElxMhW6g.npz,-3.80515718460083,1
FakeVideo-RealAudio/Asian (South)/men/id07233/00010_id07200_quCElxMhW6g_faceswap.npz,-3.925687074661255,1
FakeVideo-RealAudio/Asian (South)/men/id07233/00010_id08457_wavtolip.npz,-4.716907501220703,1
FakeVideo-RealAudio/Asian (South)/men/id07233/00180_0.npz,-3.769214391708374,1
FakeVideo-RealAudio/Asian (South)/men/id07179/00206_id00032_wavtolip.npz,-4.2975873947143555,1
FakeVideo-RealAudio/Asian (South)/men/id07179/00206_id00459_ubskcDDe7kM.npz,4.701322555541992,1
FakeVideo-RealAudio/Asian (South)/men/id07179/00206_id00860_wavtolip.npz,-4.678170204162598,1
FakeVideo-RealAudio/Asian (South)/men/id07179/00206_id03945_wavtolip.npz,-4.44709587097168,1
FakeVideo-RealAudio/Asian (South)/men/id07179/00206_id04526_dHGXa49tzWI.npz,4.536778926849365,1
FakeVideo-RealAudio/Asian (South)/men/id07179/00206_id04537_wavtolip.npz,-4.697934627532959,1
FakeVideo-RealAudio/Asian (South)/men/id07179/00206_id04560_wavtolip.npz,-4.759913444519043,1
FakeVideo-RealAudio/Asian (South)/men/id07179/00206_id06334_EMORdZRY1r0.npz,4.565978527069092,1
FakeVideo-RealAudio/Asian (South)/men/id07179/00206_id06354_PmWLmcJNUhM.npz,4.641074180603027,1
FakeVideo-RealAudio/Asian (South)/men/id07179/00206_id07163_aO7f_YmkQnc.npz,4.283044338226318,1
FakeVideo-RealAudio/Asian (South)/men/id07179/00206_id07165_oJ_iy16IBTM.npz,4.1043500900268555,1
FakeVideo-RealAudio/Asian (South)/men/id07179/00206_id07165_oJ_iy16IBTM_faceswap.npz,1.5123238563537598,1
FakeVideo-RealAudio/Asian (South)/men/id07179/00206_id07165_wavtolip.npz,-4.433011054992676,1
FakeVideo-RealAudio/Asian (South)/men/id07179/00206_id07182_wavtolip.npz,-4.748682498931885,1
FakeVideo-RealAudio/Asian (South)/men/id07179/00206_id07200_wavtolip.npz,-3.1704986095428467,1
FakeVideo-RealAudio/Asian (South)/men/id07179/00206_id07233_wavtolip.npz,-1.948612093925476,1
FakeVideo-RealAudio/Asian (South)/men/id07179/00206_id07768_mD6x-0ihLOI.npz,4.430978775024414,1
FakeVideo-RealAudio/Asian (South)/men/id07179/00206_id07768_wavtolip.npz,-1.8462331295013428,1
FakeVideo-RealAudio/Asian (South)/men/id07179/00206_id08314_66ufcsq8IWA.npz,4.431375503540039,1
FakeVideo-RealAudio/Asian (South)/men/id00860/00154_id00033_gduDuRWhnlQ.npz,-4.703575134277344,1
FakeVideo-RealAudio/Asian (South)/men/id00860/00154_id00350_wavtolip.npz,-3.192478895187378,1
FakeVideo-RealAudio/Asian (South)/men/id00860/00154_id00414_d3N2NrpGSp0.npz,-4.755097389221191,1
FakeVideo-RealAudio/Asian (South)/men/id00860/00154_id00459_ubskcDDe7kM.npz,-4.724565505981445,1
FakeVideo-RealAudio/Asian (South)/men/id00860/00154_id00685_wavtolip.npz,-4.820165634155273,1
FakeVideo-RealAudio/Asian (South)/men/id00860/00154_id00769_wavtolip.npz,-4.805560111999512,1
FakeVideo-RealAudio/Asian (South)/men/id00860/00154_id03180_6wNTK7NkOd8.npz,-4.764605522155762,1
FakeVideo-RealAudio/Asian (South)/men/id00860/00154_id03180_wavtolip.npz,-3.6879756450653076,1
FakeVideo-RealAudio/Asian (South)/men/id00860/00154_id03945_wavtolip.npz,-4.819075584411621,1
FakeVideo-RealAudio/Asian (South)/men/id00860/00154_id04537_G1e1UFopjfI.npz,-4.73607063293457,1
FakeVideo-RealAudio/Asian (South)/men/id00860/00154_id04537_G1e1UFopjfI_faceswap.npz,-4.750572204589844,1
FakeVideo-RealAudio/Asian (South)/men/id00860/00154_id04554_wavtolip.npz,-4.780155181884766,1
FakeVideo-RealAudio/Asian (South)/men/id00860/00154_id04561_wavtolip.npz,-4.8519368171691895,1
FakeVideo-RealAudio/Asian (South)/men/id00860/00154_id04928_wavtolip.npz,-4.817758560180664,1
FakeVideo-RealAudio/Asian (South)/men/id00860/00154_id07165_oJ_iy16IBTM.npz,-4.760251522064209,1
FakeVideo-RealAudio/Asian (South)/men/id00860/00154_id07165_wavtolip.npz,-4.767261505126953,1
FakeVideo-RealAudio/Asian (South)/men/id00860/00154_id07195_wXqfHGtaBn4.npz,-4.723963737487793,1
FakeVideo-RealAudio/Asian (South)/men/id00860/00154_id07200_quCElxMhW6g.npz,-4.710599899291992,1
FakeVideo-RealAudio/Asian (South)/men/id00860/00154_id07233_wavtolip.npz,-3.223971366882324,1
FakeVideo-RealAudio/Asian (South)/men/id07768/00143_id00033_gduDuRWhnlQ.npz,-1.7184162139892578,1
FakeVideo-RealAudio/Asian (South)/men/id07768/00143_id00103_qpTVaP4y5DQ.npz,-1.7404552698135376,1
FakeVideo-RealAudio/Asian (South)/men/id07768/00143_id00685_wavtolip.npz,-4.615689754486084,1
FakeVideo-RealAudio/Asian (South)/men/id07768/00143_id00732_amGRpH0AJCs.npz,-1.7826621532440186,1
FakeVideo-RealAudio/Asian (South)/men/id07768/00143_id00732_amGRpH0AJCs_faceswap.npz,-2.1616413593292236,1
FakeVideo-RealAudio/Asian (South)/men/id07768/00143_id00732_wavtolip.npz,-4.596146106719971,1
FakeVideo-RealAudio/Asian (South)/men/id07768/00143_id00745_wavtolip.npz,0.14040014147758484,1
FakeVideo-RealAudio/Asian (South)/men/id07768/00143_id00857_yJ7bbvwL4kU.npz,-1.646334171295166,1
FakeVideo-RealAudio/Asian (South)/men/id07768/00143_id03344_vyNnOo6lU0o.npz,-1.9883770942687988,1
FakeVideo-RealAudio/Asian (South)/men/id07768/00143_id03344_wavtolip.npz,-4.589055061340332,1
FakeVideo-RealAudio/Asian (South)/men/id07768/00143_id03599_wavtolip.npz,-4.5115966796875,1
FakeVideo-RealAudio/Asian (South)/men/id07768/00143_id04537_G1e1UFopjfI.npz,-1.5725511312484741,1
FakeVideo-RealAudio/Asian (South)/men/id07768/00143_id04599_wavtolip.npz,-1.7736724615097046,1
FakeVideo-RealAudio/Asian (South)/men/id07768/00143_id06354_PmWLmcJNUhM.npz,-2.1124954223632812,1
FakeVideo-RealAudio/Asian (South)/men/id07768/00143_id06355_wavtolip.npz,-4.047970771789551,1
FakeVideo-RealAudio/Asian (South)/men/id07768/00143_id07163_aO7f_YmkQnc.npz,-1.7457975149154663,1
FakeVideo-RealAudio/Asian (South)/men/id07768/00143_id07179_wavtolip.npz,-2.066979169845581,1
FakeVideo-RealAudio/Asian (South)/men/id07768/00143_id07182_wavtolip.npz,-4.7484636306762695,1
FakeVideo-RealAudio/Asian (South)/men/id07768/00143_id07195_wavtolip.npz,-4.796389579772949,1
FakeVideo-RealAudio/Asian (South)/men/id00078/00114_id00032_wavtolip.npz,-4.458694934844971,1
FakeVideo-RealAudio/Asian (South)/men/id00078/00114_id00103_qpTVaP4y5DQ.npz,-4.672961235046387,1
FakeVideo-RealAudio/Asian (South)/men/id00078/00114_id00103_qpTVaP4y5DQ_faceswap.npz,-4.671182632446289,1
FakeVideo-RealAudio/Asian (South)/men/id00078/00114_id00350_75IFJNFAMIM.npz,-4.672505855560303,1
FakeVideo-RealAudio/Asian (South)/men/id00078/00114_id00857_wavtolip.npz,-4.934967994689941,1
FakeVideo-RealAudio/Asian (South)/men/id00078/00114_id00857_yJ7bbvwL4kU.npz,-4.672464847564697,1
FakeVideo-RealAudio/Asian (South)/men/id00078/00114_id03344_vyNnOo6lU0o.npz,-4.673033237457275,1
FakeVideo-RealAudio/Asian (South)/men/id00078/00114_id03599_y27BDmRUqMQ.npz,-4.672471046447754,1
FakeVideo-RealAudio/Asian (South)/men/id00078/00114_id04560_wavtolip.npz,-4.763482093811035,1
FakeVideo-RealAudio/Asian (South)/men/id00078/00114_id04561_wavtolip.npz,-4.854964256286621,1
FakeVideo-RealAudio/Asian (South)/men/id00078/00114_id06354_PmWLmcJNUhM.npz,-4.672101020812988,1
FakeVideo-RealAudio/Asian (South)/men/id00078/00114_id07058_JXJTxhrICl0.npz,-4.672504425048828,1
FakeVideo-RealAudio/Asian (South)/men/id00078/00114_id07108_wavtolip.npz,-4.675933837890625,1
FakeVideo-RealAudio/Asian (South)/men/id00078/00114_id07165_wavtolip.npz,-4.627412796020508,1
FakeVideo-RealAudio/Asian (South)/men/id00078/00114_id07179_wavtolip.npz,-2.19748592376709,1
FakeVideo-RealAudio/Asian (South)/men/id00078/00114_id07200_wavtolip.npz,-3.692044496536255,1
FakeVideo-RealAudio/Asian (South)/men/id00078/00114_id07210_0160kET2rUM.npz,-4.673000812530518,1
FakeVideo-RealAudio/Asian (South)/men/id00078/00114_id07233_wavtolip.npz,-3.969527244567871,1
FakeVideo-RealAudio/Asian (South)/men/id00078/00114_id08457_wavtolip.npz,-4.586513519287109,1
FakeVideo-RealAudio/Asian (South)/men/id03599/00072_id00032_wavtolip.npz,-4.395848274230957,1
FakeVideo-RealAudio/Asian (South)/men/id03599/00072_id00078_wavtolip.npz,-4.689271926879883,1
FakeVideo-RealAudio/Asian (South)/men/id03599/00072_id00103_qpTVaP4y5DQ.npz,-4.387194633483887,1
FakeVideo-RealAudio/Asian (South)/men/id03599/00072_id00350_75IFJNFAMIM.npz,-4.335844993591309,1
FakeVideo-RealAudio/Asian (South)/men/id03599/00072_id00414_wavtolip.npz,-4.547116756439209,1
FakeVideo-RealAudio/Asian (South)/men/id03599/00072_id00769_wavtolip.npz,-4.916369438171387,1
FakeVideo-RealAudio/Asian (South)/men/id03599/00072_id00773_2j3lUETJ57I.npz,-4.367034435272217,1
FakeVideo-RealAudio/Asian (South)/men/id03599/00072_id00857_yJ7bbvwL4kU.npz,-4.388671875,1
FakeVideo-RealAudio/Asian (South)/men/id03599/00072_id03344_wavtolip.npz,-4.606053352355957,1
FakeVideo-RealAudio/Asian (South)/men/id03599/00072_id03599_wavtolip.npz,-4.444447994232178,1
FakeVideo-RealAudio/Asian (South)/men/id03599/00072_id04560_wavtolip.npz,-4.779544830322266,1
FakeVideo-RealAudio/Asian (South)/men/id03599/00072_id04562_qio_Gs7wjvY.npz,-4.391276836395264,1
FakeVideo-RealAudio/Asian (South)/men/id03599/00072_id06753_BRg5r4jHC3I.npz,-4.314426422119141,1
FakeVideo-RealAudio/Asian (South)/men/id03599/00072_id06753_wavtolip.npz,-4.4586944580078125,1
FakeVideo-RealAudio/Asian (South)/men/id03599/00072_id07194_wavtolip.npz,1.1989490985870361,1
FakeVideo-RealAudio/Asian (South)/men/id03599/00072_id07233_wavtolip.npz,-3.3568241596221924,1
FakeVideo-RealAudio/Asian (South)/men/id03599/00072_id08313_t6WZ9KCaXBM.npz,-4.374284744262695,1
FakeVideo-RealAudio/Asian (South)/men/id03599/00072_id08313_t6WZ9KCaXBM_faceswap.npz,-4.359892845153809,1
FakeVideo-RealAudio/Asian (South)/men/id03599/00072_id08457_vFyjAJwQulM.npz,-4.320569038391113,1
FakeVideo-RealAudio/Asian (South)/men/id00745/00165_id00033_gduDuRWhnlQ.npz,-0.3983801603317261,1
FakeVideo-RealAudio/Asian (South)/men/id00745/00165_id00033_gduDuRWhnlQ_faceswap.npz,0.6100930571556091,1
FakeVideo-RealAudio/Asian (South)/men/id00745/00165_id00033_wavtolip.npz,-3.72733998298645,1
FakeVideo-RealAudio/Asian (South)/men/id00745/00165_id00082_wavtolip.npz,-4.770275115966797,1
FakeVideo-RealAudio/Asian (South)/men/id00745/00165_id00103_wavtolip.npz,-4.836636066436768,1
FakeVideo-RealAudio/Asian (South)/men/id00745/00165_id00857_yJ7bbvwL4kU.npz,-0.16045215725898743,1
FakeVideo-RealAudio/Asian (South)/men/id00745/00165_id03344_wavtolip.npz,-4.852731704711914,1
FakeVideo-RealAudio/Asian (South)/men/id00745/00165_id04537_wavtolip.npz,-4.895904541015625,1
FakeVideo-RealAudio/Asian (South)/men/id00745/00165_id04560_wavtolip.npz,-4.862490653991699,1
FakeVideo-RealAudio/Asian (South)/men/id00745/00165_id04561_tU_UYY5hSvc.npz,-0.40239784121513367,1
FakeVideo-RealAudio/Asian (South)/men/id00745/00165_id06354_PmWLmcJNUhM.npz,-0.31324732303619385,1
FakeVideo-RealAudio/Asian (South)/men/id00745/00165_id06354_wavtolip.npz,-4.891169548034668,1
FakeVideo-RealAudio/Asian (South)/men/id00745/00165_id07108_qwfQPcvjGRY.npz,-0.1614091992378235,1
FakeVideo-RealAudio/Asian (South)/men/id00745/00165_id07161_OYWKr82Zu38.npz,-0.4771506190299988,1
FakeVideo-RealAudio/Asian (South)/men/id00745/00165_id07195_wXqfHGtaBn4.npz,-0.12731891870498657,1
FakeVideo-RealAudio/Asian (South)/men/id00745/00165_id07200_wavtolip.npz,-4.0127787590026855,1
FakeVideo-RealAudio/Asian (South)/men/id00745/00165_id07210_0160kET2rUM.npz,-0.08660432696342468,1
FakeVideo-RealAudio/Asian (South)/men/id00745/00165_id07233_wavtolip.npz,-2.8920509815216064,1
FakeVideo-RealAudio/Asian (South)/men/id00745/00165_id08457_wavtolip.npz,-4.774886131286621,1
FakeVideo-RealAudio/Asian (South)/men/id07161/00159_id00414_d3N2NrpGSp0.npz,-4.573242664337158,1
FakeVideo-RealAudio/Asian (South)/men/id07161/00159_id00745_eODND1ul7vE.npz,-4.5567779541015625,1
FakeVideo-RealAudio/Asian (South)/men/id07161/00159_id00816_wavtolip.npz,-4.876445293426514,1
FakeVideo-RealAudio/Asian (South)/men/id07161/00159_id00857_wavtolip.npz,-4.9851250648498535,1
FakeVideo-RealAudio/Asian (South)/men/id07161/00159_id03344_vyNnOo6lU0o.npz,-4.563487529754639,1
FakeVideo-RealAudio/Asian (South)/men/id07161/00159_id04537_wavtolip.npz,-4.874298572540283,1
FakeVideo-RealAudio/Asian (South)/men/id07161/00159_id04560_wavtolip.npz,-4.86732816696167,1
FakeVideo-RealAudio/Asian (South)/men/id07161/00159_id04561_wavtolip.npz,-4.879490375518799,1
FakeVideo-RealAudio/Asian (South)/men/id07161/00159_id04601_x4Apx8z6nOg.npz,-4.617526054382324,1
FakeVideo-RealAudio/Asian (South)/men/id07161/00159_id04928_wavtolip.npz,-4.879733562469482,1
FakeVideo-RealAudio/Asian (South)/men/id07161/00159_id06354_PmWLmcJNUhM.npz,-4.586270332336426,1
FakeVideo-RealAudio/Asian (South)/men/id07161/00159_id07108_qwfQPcvjGRY.npz,-4.593991279602051,1
FakeVideo-RealAudio/Asian (South)/men/id07161/00159_id07194_NDJaiff98Fo.npz,-4.573152542114258,1
FakeVideo-RealAudio/Asian (South)/men/id07161/00159_id07194_wavtolip.npz,0.8189290761947632,1
FakeVideo-RealAudio/Asian (South)/men/id07161/00159_id07195_wXqfHGtaBn4.npz,-4.595733642578125,1
FakeVideo-RealAudio/Asian (South)/men/id07161/00159_id07195_wXqfHGtaBn4_faceswap.npz,-4.67146110534668,1
FakeVideo-RealAudio/Asian (South)/men/id07161/00159_id07200_wavtolip.npz,-4.144139289855957,1
FakeVideo-RealAudio/Asian (South)/men/id07161/00159_id07210_wavtolip.npz,-3.567002058029175,1
FakeVideo-RealAudio/Asian (South)/men/id07161/00159_id08313_wavtolip.npz,-4.845923900604248,1
FakeVideo-RealAudio/Asian (South)/men/id04561/00150_0.npz,-4.114353179931641,1
FakeVideo-RealAudio/Asian (South)/men/id04561/00248_id00033_gduDuRWhnlQ.npz,-4.026266098022461,1
FakeVideo-RealAudio/Asian (South)/men/id04561/00248_id00103_qpTVaP4y5DQ.npz,-3.6347317695617676,1
FakeVideo-RealAudio/Asian (South)/men/id04561/00248_id00745_eODND1ul7vE.npz,-4.03583288192749,1
FakeVideo-RealAudio/Asian (South)/men/id04561/00248_id00769_BqHVSZdoVpM.npz,-4.0376152992248535,1
FakeVideo-RealAudio/Asian (South)/men/id04561/00248_id00773_2j3lUETJ57I.npz,-4.246828079223633,1
FakeVideo-RealAudio/Asian (South)/men/id04561/00248_id00773_wavtolip.npz,-4.747594833374023,1
FakeVideo-RealAudio/Asian (South)/men/id04561/00248_id00816_wavtolip.npz,-4.854748725891113,1
FakeVideo-RealAudio/Asian (South)/men/id04561/00248_id00857_yJ7bbvwL4kU.npz,-3.734494686126709,1
FakeVideo-RealAudio/Asian (South)/men/id04561/00248_id03344_vyNnOo6lU0o.npz,-4.406778812408447,1
FakeVideo-RealAudio/Asian (South)/men/id04561/00248_id04560_wavtolip.npz,-4.843145847320557,1
FakeVideo-RealAudio/Asian (South)/men/id04561/00248_id04561_wavtolip.npz,-4.84903621673584,1
FakeVideo-RealAudio/Asian (South)/men/id04561/00248_id04601_wavtolip.npz,-4.900186061859131,1
FakeVideo-RealAudio/Asian (South)/men/id04561/00248_id06334_wavtolip.npz,-4.854384899139404,1
FakeVideo-RealAudio/Asian (South)/men/id04561/00248_id06355_wavtolip.npz,-4.518447399139404,1
FakeVideo-RealAudio/Asian (South)/men/id04561/00248_id07108_qwfQPcvjGRY.npz,-4.557314872741699,1
FakeVideo-RealAudio/Asian (South)/men/id04561/00248_id07108_wavtolip.npz,-4.749979019165039,1
FakeVideo-RealAudio/Asian (South)/men/id04561/00248_id07179_wavtolip.npz,-1.8708277940750122,1
FakeVideo-RealAudio/Asian (South)/men/id04561/00248_id07463_wavtolip.npz,-4.853587627410889,1
FakeVideo-RealAudio/Asian (South)/men/id07463/00028_id00032_wavtolip.npz,-4.418369770050049,1
FakeVideo-RealAudio/Asian (South)/men/id07463/00028_id00033_gduDuRWhnlQ.npz,-4.526878833770752,1
FakeVideo-RealAudio/Asian (South)/men/id07463/00028_id00350_75IFJNFAMIM.npz,-4.526295185089111,1
FakeVideo-RealAudio/Asian (South)/men/id07463/00028_id00459_wavtolip.npz,-1.7265429496765137,1
FakeVideo-RealAudio/Asian (South)/men/id07463/00028_id00773_2j3lUETJ57I.npz,-4.526214122772217,1
FakeVideo-RealAudio/Asian (South)/men/id07463/00028_id03180_6wNTK7NkOd8.npz,-4.52677059173584,1
FakeVideo-RealAudio/Asian (South)/men/id07463/00028_id03599_y27BDmRUqMQ.npz,-4.526407718658447,1
FakeVideo-RealAudio/Asian (South)/men/id07463/00028_id04560_wavtolip.npz,-4.771032333374023,1
FakeVideo-RealAudio/Asian (South)/men/id07463/00028_id04562_qio_Gs7wjvY.npz,-4.526612281799316,1
FakeVideo-RealAudio/Asian (South)/men/id07463/00028_id04562_qio_Gs7wjvY_faceswap.npz,-4.5262064933776855,1
FakeVideo-RealAudio/Asian (South)/men/id07463/00028_id04601_wavtolip.npz,-4.900964736938477,1
FakeVideo-RealAudio/Asian (South)/men/id07463/00028_id06334_wavtolip.npz,-4.284116268157959,1
FakeVideo-RealAudio/Asian (South)/men/id07463/00028_id06354_wavtolip.npz,-4.930167198181152,1
FakeVideo-RealAudio/Asian (South)/men/id07463/00028_id07058_wavtolip.npz,-4.949675559997559,1
FakeVideo-RealAudio/Asian (South)/men/id07463/00028_id07182_717IRon_OIQ.npz,-4.526407241821289,1
FakeVideo-RealAudio/Asian (South)/men/id07463/00028_id07194_NDJaiff98Fo.npz,-4.525899887084961,1
FakeVideo-RealAudio/Asian (South)/men/id07463/00028_id07195_wavtolip.npz,-4.786890983581543,1
FakeVideo-RealAudio/Asian (South)/men/id07463/00028_id07200_wavtolip.npz,-3.6931371688842773,1
FakeVideo-RealAudio/Asian (South)/men/id07463/00028_id07210_wavtolip.npz,-3.6614081859588623,1
FakeVideo-RealAudio/Asian (South)/men/id07182/00040_id00032_AQMDc6SKNXs.npz,-4.730029582977295,1
FakeVideo-RealAudio/Asian (South)/men/id07182/00040_id00033_wavtolip.npz,-3.5873069763183594,1
FakeVideo-RealAudio/Asian (South)/men/id07182/00040_id00103_qpTVaP4y5DQ.npz,-4.735533237457275,1
FakeVideo-RealAudio/Asian (South)/men/id07182/00040_id00350_75IFJNFAMIM.npz,-4.732741355895996,1
FakeVideo-RealAudio/Asian (South)/men/id07182/00040_id00732_amGRpH0AJCs.npz,-4.733585834503174,1
FakeVideo-RealAudio/Asian (South)/men/id07182/00040_id00816_wavtolip.npz,-4.747723579406738,1
FakeVideo-RealAudio/Asian (South)/men/id07182/00040_id04526_wavtolip.npz,-4.570639610290527,1
FakeVideo-RealAudio/Asian (South)/men/id07182/00040_id04554_wavtolip.npz,-4.648877143859863,1
FakeVideo-RealAudio/Asian (South)/men/id07182/00040_id04562_qio_Gs7wjvY.npz,-4.733612060546875,1
FakeVideo-RealAudio/Asian (South)/men/id07182/00040_id04562_qio_Gs7wjvY_faceswap.npz,-4.733396053314209,1
FakeVideo-RealAudio/Asian (South)/men/id07182/00040_id04599_wavtolip.npz,-2.092069149017334,1
FakeVideo-RealAudio/Asian (South)/men/id07182/00040_id06334_wavtolip.npz,-4.750587463378906,1
FakeVideo-RealAudio/Asian (South)/men/id07182/00040_id06354_wavtolip.npz,-4.925225257873535,1
FakeVideo-RealAudio/Asian (South)/men/id07182/00040_id06753_wavtolip.npz,-4.7520904541015625,1
FakeVideo-RealAudio/Asian (South)/men/id07182/00040_id07108_wavtolip.npz,-4.709607124328613,1
FakeVideo-RealAudio/Asian (South)/men/id07182/00040_id07161_wavtolip.npz,-4.5902299880981445,1
FakeVideo-RealAudio/Asian (South)/men/id07182/00040_id07194_NDJaiff98Fo.npz,-4.7327141761779785,1
FakeVideo-RealAudio/Asian (South)/men/id07182/00040_id07463_AAYjDglMf2Q.npz,-4.729569911956787,1
FakeVideo-RealAudio/Asian (South)/men/id07182/00040_id08457_vFyjAJwQulM.npz,-4.7331953048706055,1
FakeVideo-RealAudio/Asian (South)/men/id00459/00382_0.npz,-4.570187568664551,1
FakeVideo-RealAudio/Asian (South)/men/id00459/00382_id00032_wavtolip.npz,-4.289383411407471,1
FakeVideo-RealAudio/Asian (South)/men/id00459/00382_id00033_wavtolip.npz,-3.548142433166504,1
FakeVideo-RealAudio/Asian (South)/men/id00459/00382_id00732_wavtolip.npz,-4.5650529861450195,1
FakeVideo-RealAudio/Asian (South)/men/id00459/00382_id00769_BqHVSZdoVpM.npz,-0.47719714045524597,1
FakeVideo-RealAudio/Asian (South)/men/id00459/00382_id00769_BqHVSZdoVpM_faceswap.npz,-0.7466064691543579,1
FakeVideo-RealAudio/Asian (South)/men/id00459/00382_id00769_wavtolip.npz,-4.871756553649902,1
FakeVideo-RealAudio/Asian (South)/men/id00459/00382_id00860_wavtolip.npz,-4.709432125091553,1
FakeVideo-RealAudio/Asian (South)/men/id00459/00382_id03344_vyNnOo6lU0o.npz,-0.6539905071258545,1
FakeVideo-RealAudio/Asian (South)/men/id00459/00382_id03344_wavtolip.npz,-4.594514846801758,1
FakeVideo-RealAudio/Asian (South)/men/id00459/00382_id04560_wavtolip.npz,-4.764261245727539,1
FakeVideo-RealAudio/Asian (South)/men/id00459/00382_id04561_wavtolip.npz,-4.854375839233398,1
FakeVideo-RealAudio/Asian (South)/men/id00459/00382_id06354_PmWLmcJNUhM.npz,-0.554145872592926,1
FakeVideo-RealAudio/Asian (South)/men/id00459/00382_id07108_qwfQPcvjGRY.npz,-0.6482386589050293,1
FakeVideo-RealAudio/Asian (South)/men/id00459/00382_id07165_oJ_iy16IBTM.npz,-0.5761018395423889,1
FakeVideo-RealAudio/Asian (South)/men/id00459/00382_id07194_NDJaiff98Fo.npz,-0.5426468253135681,1
FakeVideo-RealAudio/Asian (South)/men/id00459/00382_id07195_wavtolip.npz,-4.779685974121094,1
FakeVideo-RealAudio/Asian (South)/men/id00459/00382_id07200_quCElxMhW6g.npz,-0.454086035490036,1
FakeVideo-RealAudio/Asian (South)/men/id00459/00382_id07463_wavtolip.npz,-4.536898612976074,1
FakeVideo-RealAudio/Asian (South)/men/id04928/00027_id00032_AQMDc6SKNXs.npz,-4.481779098510742,1
FakeVideo-RealAudio/Asian (South)/men/id04928/00027_id00033_gduDuRWhnlQ.npz,-4.4982991218566895,1
FakeVideo-RealAudio/Asian (South)/men/id04928/00027_id00078_wavtolip.npz,-4.688250541687012,1
FakeVideo-RealAudio/Asian (South)/men/id04928/00027_id00103_wavtolip.npz,-4.791604995727539,1
FakeVideo-RealAudio/Asian (South)/men/id04928/00027_id00350_75IFJNFAMIM.npz,-4.487638473510742,1
FakeVideo-RealAudio/Asian (South)/men/id04928/00027_id00350_wavtolip.npz,-2.430304527282715,1
FakeVideo-RealAudio/Asian (South)/men/id04928/00027_id00414_wavtolip.npz,-4.54671049118042,1
FakeVideo-RealAudio/Asian (South)/men/id04928/00027_id00732_amGRpH0AJCs.npz,-4.496569633483887,1
FakeVideo-RealAudio/Asian (South)/men/id04928/00027_id00769_wavtolip.npz,-4.897814750671387,1
FakeVideo-RealAudio/Asian (South)/men/id04928/00027_id03344_vyNnOo6lU0o.npz,-4.494073867797852,1
FakeVideo-RealAudio/Asian (South)/men/id04928/00027_id04560_RlpdjaEmxXQ.npz,-4.497101306915283,1
FakeVideo-RealAudio/Asian (South)/men/id04928/00027_id04560_RlpdjaEmxXQ_faceswap.npz,-4.497741222381592,1
FakeVideo-RealAudio/Asian (South)/men/id04928/00027_id04561_wavtolip.npz,-4.85534143447876,1
FakeVideo-RealAudio/Asian (South)/men/id04928/00027_id04599_wavtolip.npz,-3.0837953090667725,1
FakeVideo-RealAudio/Asian (South)/men/id04928/00027_id07194_wavtolip.npz,1.066839575767517,1
FakeVideo-RealAudio/Asian (South)/men/id04928/00027_id07200_wavtolip.npz,-3.43778133392334,1
FakeVideo-RealAudio/Asian (South)/men/id04928/00027_id07233_wavtolip.npz,-3.7994978427886963,1
FakeVideo-RealAudio/Asian (South)/men/id04928/00027_id08457_vFyjAJwQulM.npz,-4.497463226318359,1
FakeVideo-RealAudio/Asian (South)/men/id00032/00028_0.npz,-4.175970077514648,1
FakeVideo-RealAudio/Asian (South)/men/id00032/00028_00.npz,-4.533698081970215,1
FakeVideo-RealAudio/Asian (South)/men/id00032/00028_1.npz,-3.5903005599975586,1
FakeVideo-RealAudio/Asian (South)/men/id00032/00028_2.npz,-4.692296504974365,1
FakeVideo-RealAudio/Asian (South)/men/id00032/00028_3.npz,-4.082971572875977,1
FakeVideo-RealAudio/Asian (South)/men/id00032/00028_id00033_gduDuRWhnlQ.npz,-4.313798427581787,1
FakeVideo-RealAudio/Asian (South)/men/id00032/00028_id00732_wavtolip.npz,-4.553889274597168,1
FakeVideo-RealAudio/Asian (South)/men/id00032/00028_id00745_eODND1ul7vE.npz,-4.236185073852539,1
FakeVideo-RealAudio/Asian (South)/men/id00032/00028_id00769_BqHVSZdoVpM.npz,-4.294194221496582,1
FakeVideo-RealAudio/Asian (South)/men/id00032/00028_id00860_wavtolip.npz,-4.8045244216918945,1
FakeVideo-RealAudio/Asian (South)/men/id00032/00028_id03344_vyNnOo6lU0o.npz,-4.282499313354492,1
FakeVideo-RealAudio/Asian (South)/men/id00032/00028_id03344_wavtolip.npz,-4.604569911956787,1
FakeVideo-RealAudio/Asian (South)/men/id00032/00028_id03945_wavtolip.npz,-4.553451061248779,1
FakeVideo-RealAudio/Asian (South)/men/id00032/00028_id04554_wavtolip.npz,-4.5463948249816895,1
FakeVideo-RealAudio/Asian (South)/men/id00032/00028_id04560_RlpdjaEmxXQ.npz,-4.36668586730957,1
FakeVideo-RealAudio/Asian (South)/men/id00032/00028_id04599_Q60DPi5Nhmk.npz,-4.380605697631836,1
FakeVideo-RealAudio/Asian (South)/men/id00032/00028_id06354_PmWLmcJNUhM.npz,-4.351349353790283,1
FakeVideo-RealAudio/Asian (South)/men/id00032/00028_id06753_wavtolip.npz,-4.553832054138184,1
FakeVideo-RealAudio/Asian (South)/men/id00032/00028_id07058_wavtolip.npz,-4.954798221588135,1
FakeVideo-RealAudio/Asian (South)/men/id00032/00028_id07161_wavtolip.npz,-4.791199207305908,1
FakeVideo-RealAudio/Asian (South)/men/id00032/00028_id07163_wavtolip.npz,-4.989654541015625,1
FakeVideo-RealAudio/Asian (South)/men/id00032/00028_id07194_NDJaiff98Fo.npz,-4.398224830627441,1
FakeVideo-RealAudio/Asian (South)/men/id00032/00028_id07200_wavtolip.npz,-3.7113215923309326,1
FakeVideo-RealAudio/Asian (South)/women/id04070/00072_id00043_wavtolip.npz,-4.6828203201293945,1
FakeVideo-RealAudio/Asian (South)/women/id04070/00072_id00739_wavtolip.npz,-4.615399360656738,1
FakeVideo-RealAudio/Asian (South)/women/id04070/00072_id02089_wavtolip.npz,-4.4011664390563965,1
FakeVideo-RealAudio/Asian (South)/women/id04070/00072_id02310_zA-8Pw0SvZg.npz,-2.7849838733673096,1
FakeVideo-RealAudio/Asian (South)/women/id04070/00072_id02619_wavtolip.npz,-4.851219654083252,1
FakeVideo-RealAudio/Asian (South)/women/id04070/00072_id04490_wavtolip.npz,-4.660951614379883,1
FakeVideo-RealAudio/Asian (South)/women/id04070/00072_id04530_wavtolip.npz,-4.484781265258789,1
FakeVideo-RealAudio/Asian (South)/women/id04070/00072_id04583_wavtolip.npz,-4.6850481033325195,1
FakeVideo-RealAudio/Asian (South)/women/id04070/00072_id04927_wavtolip.npz,-4.775726318359375,1
FakeVideo-RealAudio/Asian (South)/women/id04070/00072_id05435_wavtolip.npz,-1.1716290712356567,1
FakeVideo-RealAudio/Asian (South)/women/id04070/00072_id05920_LuLTJu54joo.npz,-3.1664836406707764,1
FakeVideo-RealAudio/Asian (South)/women/id04070/00072_id06254_8VSfI86Fua4.npz,-2.962343215942383,1
FakeVideo-RealAudio/Asian (South)/women/id04070/00072_id06254_wavtolip.npz,-4.6970601081848145,1
FakeVideo-RealAudio/Asian (South)/women/id04070/00072_id06343__Tf30YR4M3w.npz,-3.4867355823516846,1
FakeVideo-RealAudio/Asian (South)/women/id04070/00072_id06428_A9nvRKd1afA.npz,-2.549433469772339,1
FakeVideo-RealAudio/Asian (South)/women/id04070/00072_id06752_PYYIloTJiH0.npz,-3.0195679664611816,1
FakeVideo-RealAudio/Asian (South)/women/id04070/00072_id07078_sLVbTD3Dtgw.npz,-2.40309739112854,1
FakeVideo-RealAudio/Asian (South)/women/id04070/00072_id07078_sLVbTD3Dtgw_faceswap.npz,-3.186251640319824,1
FakeVideo-RealAudio/Asian (South)/women/id03985/00005_id00149_s2evR-nUhVY.npz,-4.777395248413086,1
FakeVideo-RealAudio/Asian (South)/women/id03985/00005_id00149_wavtolip.npz,-4.412380695343018,1
FakeVideo-RealAudio/Asian (South)/women/id03985/00005_id01026_rM4ZERt7oM0.npz,-4.722282409667969,1
FakeVideo-RealAudio/Asian (South)/women/id03985/00005_id01026_wavtolip.npz,-4.94727087020874,1
FakeVideo-RealAudio/Asian (South)/women/id03985/00005_id02619_wavtolip.npz,-4.747934341430664,1
FakeVideo-RealAudio/Asian (South)/women/id03985/00005_id04529_S92uo-UShxE.npz,-4.694092273712158,1
FakeVideo-RealAudio/Asian (South)/women/id03985/00005_id04530_W5-PTTL9HzU.npz,-4.7466864585876465,1
FakeVideo-RealAudio/Asian (South)/women/id03985/00005_id04564_wavtolip.npz,-4.959446907043457,1
FakeVideo-RealAudio/Asian (South)/women/id03985/00005_id06268_wavtolip.npz,-4.811409950256348,1
FakeVideo-RealAudio/Asian (South)/women/id03985/00005_id06428_A9nvRKd1afA.npz,-4.713152885437012,1
FakeVideo-RealAudio/Asian (South)/women/id03985/00005_id06438_wavtolip.npz,-4.941529273986816,1
FakeVideo-RealAudio/Asian (South)/women/id03985/00005_id06445_wavtolip.npz,-4.952419281005859,1
FakeVideo-RealAudio/Asian (South)/women/id03985/00005_id07051_d1c0Pl2aP_4.npz,-4.752017974853516,1
FakeVideo-RealAudio/Asian (South)/women/id03985/00005_id07051_wavtolip.npz,-4.9579057693481445,1
FakeVideo-RealAudio/Asian (South)/women/id03985/00005_id07377_FGNavKcGANA.npz,-4.769359111785889,1
FakeVideo-RealAudio/Asian (South)/women/id03985/00005_id07686_lwSGz24c1Bs.npz,-4.75413703918457,1
FakeVideo-RealAudio/Asian (South)/women/id03985/00005_id07686_lwSGz24c1Bs_faceswap.npz,-4.634395122528076,1
FakeVideo-RealAudio/Asian (South)/women/id03985/00005_id07686_wavtolip.npz,-3.88620924949646,1
FakeVideo-RealAudio/Asian (South)/women/id03985/00005_id07689_wavtolip.npz,-4.88648796081543,1
FakeVideo-RealAudio/Asian (South)/women/id00747/00053_0.npz,-4.210391044616699,1
FakeVideo-RealAudio/Asian (South)/women/id00747/00053_id00235_F7aHtfdzytQ.npz,-4.415410995483398,1
FakeVideo-RealAudio/Asian (South)/women/id00747/00053_id00739_wavtolip.npz,-4.453146457672119,1
FakeVideo-RealAudio/Asian (South)/women/id00747/00053_id00747_wavtolip.npz,-4.443530559539795,1
FakeVideo-RealAudio/Asian (South)/women/id00747/00053_id02089_wavtolip.npz,-4.163429260253906,1
FakeVideo-RealAudio/Asian (South)/women/id00747/00053_id02310_zA-8Pw0SvZg.npz,-4.425779819488525,1
FakeVideo-RealAudio/Asian (South)/women/id00747/00053_id02310_zA-8Pw0SvZg_faceswap.npz,-4.420727252960205,1
FakeVideo-RealAudio/Asian (South)/women/id00747/00053_id02619_6AKIR2gTCNU.npz,-4.413150787353516,1
FakeVideo-RealAudio/Asian (South)/women/id00747/00053_id03815_wavtolip.npz,-4.612010955810547,1
FakeVideo-RealAudio/Asian (South)/women/id00747/00053_id04490_wavtolip.npz,-4.709925651550293,1
FakeVideo-RealAudio/Asian (South)/women/id00747/00053_id04564_xUz03LwKRtQ.npz,-4.424194812774658,1
FakeVideo-RealAudio/Asian (South)/women/id00747/00053_id04582_Pm9dX-TxNx0.npz,-4.403329849243164,1
FakeVideo-RealAudio/Asian (South)/women/id00747/00053_id04583_wavtolip.npz,-4.677900314331055,1
FakeVideo-RealAudio/Asian (South)/women/id00747/00053_id04927_8MD618FRyfA.npz,-4.408083438873291,1
FakeVideo-RealAudio/Asian (South)/women/id00747/00053_id05920_wavtolip.npz,-4.712348461151123,1
FakeVideo-RealAudio/Asian (South)/women/id00747/00053_id06254_wavtolip.npz,-4.697666645050049,1
FakeVideo-RealAudio/Asian (South)/women/id00747/00053_id06268_h9p-Na_iA1s.npz,-4.4208245277404785,1
FakeVideo-RealAudio/Asian (South)/women/id00747/00053_id06343_wavtolip.npz,-4.911025047302246,1
FakeVideo-RealAudio/Asian (South)/women/id00747/00053_id06428_wavtolip.npz,-4.6192946434021,1
FakeVideo-RealAudio/Asian (South)/women/id00747/00053_id07236_Fe0sdHw3sc4.npz,-4.4258246421813965,1
FakeVideo-RealAudio/Asian (South)/women/id07689/00028_1.npz,-3.770498752593994,1
FakeVideo-RealAudio/Asian (South)/women/id07689/00028_2.npz,-4.215294361114502,1
FakeVideo-RealAudio/Asian (South)/women/id07689/00028_3.npz,-3.873175859451294,1
FakeVideo-RealAudio/Asian (South)/women/id07689/00028_id00080_wavtolip.npz,-4.5408935546875,1
FakeVideo-RealAudio/Asian (South)/women/id07689/00028_id00488_wavtolip.npz,-4.547306060791016,1
FakeVideo-RealAudio/Asian (South)/women/id07689/00028_id01026_wavtolip.npz,-4.833189010620117,1
FakeVideo-RealAudio/Asian (South)/women/id07689/00028_id03985_01aVtyjfVFM.npz,-4.522515296936035,1
FakeVideo-RealAudio/Asian (South)/women/id07689/00028_id03985_01aVtyjfVFM_faceswap.npz,-4.5287957191467285,1
FakeVideo-RealAudio/Asian (South)/women/id07689/00028_id03985_wavtolip.npz,-4.852094650268555,1
FakeVideo-RealAudio/Asian (South)/women/id07689/00028_id04070_wavtolip.npz,-3.146118640899658,1
FakeVideo-RealAudio/Asian (South)/women/id07689/00028_id04583_M10zZFjuAb0.npz,-4.522122383117676,1
FakeVideo-RealAudio/Asian (South)/women/id07689/00028_id05434_6p7kCmdOjDQ.npz,-4.527653694152832,1
FakeVideo-RealAudio/Asian (South)/women/id07689/00028_id05434_wavtolip.npz,-4.8613104820251465,1
FakeVideo-RealAudio/Asian (South)/women/id07689/00028_id05435_OvX-Jv_whcU.npz,-4.524005889892578,1
FakeVideo-RealAudio/Asian (South)/women/id07689/00028_id05845_XfMHm6CEwPw.npz,-4.511143207550049,1
FakeVideo-RealAudio/Asian (South)/women/id07689/00028_id05920_LuLTJu54joo.npz,-4.526160717010498,1
FakeVideo-RealAudio/Asian (South)/women/id07689/00028_id06254_wavtolip.npz,-4.697607517242432,1
FakeVideo-RealAudio/Asian (South)/women/id07689/00028_id06428_wavtolip.npz,-4.62166166305542,1
FakeVideo-RealAudio/Asian (South)/women/id07689/00028_id06438_vf3xBVgYqYA.npz,-4.525361061096191,1
FakeVideo-RealAudio/Asian (South)/women/id07689/00028_id06438_wavtolip.npz,-4.854416370391846,1
FakeVideo-RealAudio/Asian (South)/women/id07689/00028_id06752_wavtolip.npz,-4.547726154327393,1
FakeVideo-RealAudio/Asian (South)/women/id07689/00028_id07136_4e43eS5p3_M.npz,-4.524453163146973,1
FakeVideo-RealAudio/Asian (South)/women/id05920/00161_id00235_wavtolip.npz,-4.623737335205078,1
FakeVideo-RealAudio/Asian (South)/women/id05920/00161_id00488_wavtolip.npz,-4.712747097015381,1
FakeVideo-RealAudio/Asian (South)/women/id05920/00161_id04070_wavtolip.npz,-3.2654099464416504,1
FakeVideo-RealAudio/Asian (South)/women/id05920/00161_id04927_8MD618FRyfA.npz,-4.6908745765686035,1
FakeVideo-RealAudio/Asian (South)/women/id05920/00161_id05434_wavtolip.npz,-4.85623836517334,1
FakeVideo-RealAudio/Asian (South)/women/id05920/00161_id05845_XfMHm6CEwPw.npz,-4.674283981323242,1
FakeVideo-RealAudio/Asian (South)/women/id05920/00161_id05845_XfMHm6CEwPw_faceswap.npz,-4.66220235824585,1
FakeVideo-RealAudio/Asian (South)/women/id05920/00161_id05845_wavtolip.npz,-4.713192462921143,1
FakeVideo-RealAudio/Asian (South)/women/id05920/00161_id05931_bFqu86NV3hk.npz,-4.689344882965088,1
FakeVideo-RealAudio/Asian (South)/women/id05920/00161_id05931_wavtolip.npz,-4.827478408813477,1
FakeVideo-RealAudio/Asian (South)/women/id05920/00161_id06428_A9nvRKd1afA.npz,-4.6745991706848145,1
FakeVideo-RealAudio/Asian (South)/women/id05920/00161_id06437_wavtolip.npz,-4.480653762817383,1
FakeVideo-RealAudio/Asian (South)/women/id05920/00161_id07008_wavtolip.npz,-4.709606170654297,1
FakeVideo-RealAudio/Asian (South)/women/id05920/00161_id07049_BiljgZcyWI4.npz,-4.679372787475586,1
FakeVideo-RealAudio/Asian (South)/women/id05920/00161_id07051_wavtolip.npz,-4.712828159332275,1
FakeVideo-RealAudio/Asian (South)/women/id05920/00161_id07078_sLVbTD3Dtgw.npz,-4.68147611618042,1
FakeVideo-RealAudio/Asian (South)/women/id05920/00161_id07377_FGNavKcGANA.npz,-4.691671371459961,1
FakeVideo-RealAudio/Asian (South)/women/id05920/00161_id07377_wavtolip.npz,-4.591357231140137,1
FakeVideo-RealAudio/Asian (South)/women/id05920/00161_id07689_2ie0g83JkgA.npz,-4.672150611877441,1
FakeVideo-RealAudio/Asian (South)/women/id06254/00043_0.npz,-4.441728115081787,1
FakeVideo-RealAudio/Asian (South)/women/id06254/00043_id00417_GhIZam3v09g.npz,-4.687896251678467,1
FakeVideo-RealAudio/Asian (South)/women/id06254/00043_id00417_wavtolip.npz,-4.806650638580322,1
FakeVideo-RealAudio/Asian (South)/women/id06254/00043_id02619_wavtolip.npz,-4.80103874206543,1
FakeVideo-RealAudio/Asian (South)/women/id06254/00043_id03559_wavtolip.npz,-4.6367902755737305,1
FakeVideo-RealAudio/Asian (South)/women/id06254/00043_id04564_wavtolip.npz,-4.696934223175049,1
FakeVideo-RealAudio/Asian (South)/women/id06254/00043_id04564_xUz03LwKRtQ.npz,-4.68814754486084,1
FakeVideo-RealAudio/Asian (South)/women/id06254/00043_id04582_Pm9dX-TxNx0.npz,-4.6891913414001465,1
FakeVideo-RealAudio/Asian (South)/women/id06254/00043_id05845_XfMHm6CEwPw.npz,-4.688920497894287,1
FakeVideo-RealAudio/Asian (South)/women/id06254/00043_id05931_bFqu86NV3hk.npz,-4.688930034637451,1
FakeVideo-RealAudio/Asian (South)/women/id06254/00043_id05931_bFqu86NV3hk_faceswap.npz,-4.689101219177246,1
FakeVideo-RealAudio/Asian (South)/women/id06254/00043_id06343_wavtolip.npz,-4.909784317016602,1
FakeVideo-RealAudio/Asian (South)/women/id06254/00043_id06437_wavtolip.npz,-4.48317813873291,1
FakeVideo-RealAudio/Asian (South)/women/id06254/00043_id06445_wavtolip.npz,-4.692074775695801,1
FakeVideo-RealAudio/Asian (South)/women/id06254/00043_id07008_wavtolip.npz,-4.682178020477295,1
FakeVideo-RealAudio/Asian (South)/women/id06254/00043_id07049_wavtolip.npz,-4.670069694519043,1
FakeVideo-RealAudio/Asian (South)/women/id06254/00043_id07051_d1c0Pl2aP_4.npz,-4.688325881958008,1
FakeVideo-RealAudio/Asian (South)/women/id06254/00043_id07051_wavtolip.npz,-4.696145534515381,1
FakeVideo-RealAudio/Asian (South)/women/id06254/00043_id07136_4e43eS5p3_M.npz,-4.689165115356445,1
FakeVideo-RealAudio/Asian (South)/women/id06254/00043_id07236_Fe0sdHw3sc4.npz,-4.688126564025879,1
FakeVideo-RealAudio/Asian (South)/women/id00417/00069_id00235_F7aHtfdzytQ.npz,-4.793266296386719,1
FakeVideo-RealAudio/Asian (South)/women/id00417/00069_id00461_wavtolip.npz,-4.84617280960083,1
FakeVideo-RealAudio/Asian (South)/women/id00417/00069_id00739_CT-6UmfLiU0.npz,-4.7901692390441895,1
FakeVideo-RealAudio/Asian (South)/women/id00417/00069_id00739_CT-6UmfLiU0_faceswap.npz,-4.791226387023926,1
FakeVideo-RealAudio/Asian (South)/women/id00417/00069_id00747_wavtolip.npz,-4.820223808288574,1
FakeVideo-RealAudio/Asian (South)/women/id00417/00069_id03559_pgetxl1qbzM.npz,-4.804675102233887,1
FakeVideo-RealAudio/Asian (South)/women/id00417/00069_id03559_wavtolip.npz,-4.820873260498047,1
FakeVideo-RealAudio/Asian (South)/women/id00417/00069_id03897_wavtolip.npz,-4.174918174743652,1
FakeVideo-RealAudio/Asian (South)/women/id00417/00069_id04530_W5-PTTL9HzU.npz,-4.788299083709717,1
FakeVideo-RealAudio/Asian (South)/women/id00417/00069_id04583_M10zZFjuAb0.npz,-4.7918243408203125,1
FakeVideo-RealAudio/Asian (South)/women/id00417/00069_id05434_6p7kCmdOjDQ.npz,-4.79197883605957,1
FakeVideo-RealAudio/Asian (South)/women/id00417/00069_id05478_VJkjRzPt-Jw.npz,-4.792306423187256,1
FakeVideo-RealAudio/Asian (South)/women/id00417/00069_id05478_wavtolip.npz,-4.8461222648620605,1
FakeVideo-RealAudio/Asian (South)/women/id00417/00069_id05845_XfMHm6CEwPw.npz,-4.800183296203613,1
FakeVideo-RealAudio/Asian (South)/women/id00417/00069_id06232_wavtolip.npz,-4.763157844543457,1
FakeVideo-RealAudio/Asian (South)/women/id00417/00069_id06268_wavtolip.npz,-4.7822980880737305,1
FakeVideo-RealAudio/Asian (South)/women/id00417/00069_id06445_wavtolip.npz,-4.8430023193359375,1
FakeVideo-RealAudio/Asian (South)/women/id00417/00069_id06752_wavtolip.npz,-4.845287799835205,1
FakeVideo-RealAudio/Asian (South)/women/id00417/00069_id07689_wavtolip.npz,-4.8313422203063965,1
FakeVideo-RealAudio/Asian (South)/women/id05478/00135_0.npz,-4.257804870605469,1
FakeVideo-RealAudio/Asian (South)/women/id05478/00135_id00043_wavtolip.npz,-4.683034896850586,1
FakeVideo-RealAudio/Asian (South)/women/id05478/00135_id00235_F7aHtfdzytQ.npz,-4.488880634307861,1
FakeVideo-RealAudio/Asian (South)/women/id05478/00135_id00461_wavtolip.npz,-4.51522159576416,1
FakeVideo-RealAudio/Asian (South)/women/id05478/00135_id00488_F3YxmZ9CYFw.npz,-4.489354610443115,1
FakeVideo-RealAudio/Asian (South)/women/id05478/00135_id02619_wavtolip.npz,-4.876346588134766,1
FakeVideo-RealAudio/Asian (South)/women/id05478/00135_id03559_pgetxl1qbzM.npz,-4.488703727722168,1
FakeVideo-RealAudio/Asian (South)/women/id05478/00135_id04583_M10zZFjuAb0.npz,-4.488996982574463,1
FakeVideo-RealAudio/Asian (South)/women/id05478/00135_id04927_8MD618FRyfA.npz,-4.488567352294922,1
FakeVideo-RealAudio/Asian (South)/women/id05478/00135_id05435_OvX-Jv_whcU.npz,-4.488968849182129,1
FakeVideo-RealAudio/Asian (South)/women/id05478/00135_id05845_XfMHm6CEwPw.npz,-4.489161491394043,1
FakeVideo-RealAudio/Asian (South)/women/id05478/00135_id05845_XfMHm6CEwPw_faceswap.npz,-4.488610744476318,1
FakeVideo-RealAudio/Asian (South)/women/id05478/00135_id05920_wavtolip.npz,-4.7120819091796875,1
FakeVideo-RealAudio/Asian (South)/women/id05478/00135_id06232_wavtolip.npz,-4.68547248840332,1
FakeVideo-RealAudio/Asian (South)/women/id05478/00135_id06268_wavtolip.npz,-4.555432319641113,1
FakeVideo-RealAudio/Asian (South)/women/id05478/00135_id06438_vf3xBVgYqYA.npz,-4.488982200622559,1
FakeVideo-RealAudio/Asian (South)/women/id05478/00135_id06439_wavtolip.npz,-4.5021748542785645,1
FakeVideo-RealAudio/Asian (South)/women/id05478/00135_id06752_wavtolip.npz,-4.502622604370117,1
FakeVideo-RealAudio/Asian (South)/women/id05478/00135_id07051_wavtolip.npz,-4.50235652923584,1
FakeVideo-RealAudio/Asian (South)/women/id05478/00135_id07377_wavtolip.npz,-4.289617538452148,1
FakeVideo-RealAudio/Asian (South)/women/id06445/00150_0.npz,-4.384762287139893,1
FakeVideo-RealAudio/Asian (South)/women/id06445/00150_id00043_DxY87QyzDN8.npz,-3.636734962463379,1
FakeVideo-RealAudio/Asian (South)/women/id06445/00150_id00080_wavtolip.npz,-4.542584419250488,1
FakeVideo-RealAudio/Asian (South)/women/id06445/00150_id00461_Ort9NW3SJU4.npz,-3.6366705894470215,1
FakeVideo-RealAudio/Asian (South)/women/id06445/00150_id02089_wavtolip.npz,-3.8086800575256348,1
FakeVideo-RealAudio/Asian (South)/women/id06445/00150_id02310_wavtolip.npz,-4.117086410522461,1
FakeVideo-RealAudio/Asian (South)/women/id06445/00150_id03815_wavtolip.npz,-4.640047073364258,1
FakeVideo-RealAudio/Asian (South)/women/id06445/00150_id04070_wavtolip.npz,-2.7614805698394775,1
FakeVideo-RealAudio/Asian (South)/women/id06445/00150_id04530_wavtolip.npz,-4.419806480407715,1
FakeVideo-RealAudio/Asian (South)/women/id06445/00150_id04582_Pm9dX-TxNx0.npz,-3.6363792419433594,1
FakeVideo-RealAudio/Asian (South)/women/id06445/00150_id04582_Pm9dX-TxNx0_faceswap.npz,-3.636603832244873,1
FakeVideo-RealAudio/Asian (South)/women/id06445/00150_id05434_6p7kCmdOjDQ.npz,-3.637099266052246,1
FakeVideo-RealAudio/Asian (South)/women/id06445/00150_id05845_wavtolip.npz,-4.588470935821533,1
FakeVideo-RealAudio/Asian (South)/women/id06445/00150_id06343__Tf30YR4M3w.npz,-3.6365795135498047,1
FakeVideo-RealAudio/Asian (South)/women/id06445/00150_id06428_wavtolip.npz,-4.618485450744629,1
FakeVideo-RealAudio/Asian (South)/women/id06445/00150_id06445_wavtolip.npz,-3.642327308654785,1
FakeVideo-RealAudio/Asian (South)/women/id06445/00150_id07078_sLVbTD3Dtgw.npz,-3.6356968879699707,1
FakeVideo-RealAudio/Asian (South)/women/id06445/00150_id07136_4e43eS5p3_M.npz,-3.636936664581299,1
FakeVideo-RealAudio/Asian (South)/women/id06445/00150_id07236_wavtolip.npz,-4.696569442749023,1
FakeVideo-RealAudio/Asian (South)/women/id06445/00150_id07377_FGNavKcGANA.npz,-3.636214256286621,1
FakeVideo-RealAudio/Asian (South)/women/id04582/00180_0.npz,-4.696375370025635,1
FakeVideo-RealAudio/Asian (South)/women/id04582/00180_id00043_DxY87QyzDN8.npz,-3.865662097930908,1
FakeVideo-RealAudio/Asian (South)/women/id04582/00180_id00149_wavtolip.npz,-4.191574573516846,1
FakeVideo-RealAudio/Asian (South)/women/id04582/00180_id00235_F7aHtfdzytQ.npz,-3.901196002960205,1
FakeVideo-RealAudio/Asian (South)/women/id04582/00180_id00417_GhIZam3v09g.npz,-3.8312578201293945,1
FakeVideo-RealAudio/Asian (South)/women/id04582/00180_id00461_wavtolip.npz,-4.514998435974121,1
FakeVideo-RealAudio/Asian (South)/women/id04582/00180_id00747_wavtolip.npz,-4.433941841125488,1
FakeVideo-RealAudio/Asian (South)/women/id04582/00180_id02089_ZC5FjKDazrM.npz,-3.8672471046447754,1
FakeVideo-RealAudio/Asian (South)/women/id04582/00180_id04529_wavtolip.npz,-4.736734390258789,1
FakeVideo-RealAudio/Asian (South)/women/id04582/00180_id04564_wavtolip.npz,-4.422902584075928,1
FakeVideo-RealAudio/Asian (South)/women/id04582/00180_id04927_wavtolip.npz,-4.790998458862305,1
FakeVideo-RealAudio/Asian (South)/women/id04582/00180_id06254_8VSfI86Fua4.npz,-3.8964684009552,1
FakeVideo-RealAudio/Asian (South)/women/id04582/00180_id06268_wavtolip.npz,-4.441106796264648,1
FakeVideo-RealAudio/Asian (South)/women/id04582/00180_id06439_wavtolip.npz,-4.394189834594727,1
FakeVideo-RealAudio/Asian (South)/women/id04582/00180_id06445_NWtdqOxEbDY.npz,-3.8828158378601074,1
FakeVideo-RealAudio/Asian (South)/women/id04582/00180_id06445_NWtdqOxEbDY_faceswap.npz,-3.828636884689331,1
FakeVideo-RealAudio/Asian (South)/women/id04582/00180_id07051_wavtolip.npz,-4.281522274017334,1
FakeVideo-RealAudio/Asian (South)/women/id04582/00180_id07136_4e43eS5p3_M.npz,-3.8862125873565674,1
FakeVideo-RealAudio/Asian (South)/women/id04582/00180_id07236_Fe0sdHw3sc4.npz,-3.9282281398773193,1
FakeVideo-RealAudio/Asian (South)/women/id04582/00180_id07689_wavtolip.npz,-4.54128885269165,1
FakeVideo-RealAudio/Asian (South)/women/id02089/00092_0.npz,-4.306222438812256,1
FakeVideo-RealAudio/Asian (South)/women/id02089/00092_id02310_wavtolip.npz,-4.117805480957031,1
FakeVideo-RealAudio/Asian (South)/women/id02089/00092_id03559_pgetxl1qbzM.npz,-3.7900123596191406,1
FakeVideo-RealAudio/Asian (South)/women/id02089/00092_id03985_wavtolip.npz,-4.811410427093506,1
FakeVideo-RealAudio/Asian (South)/women/id02089/00092_id04529_S92uo-UShxE.npz,-3.8426578044891357,1
FakeVideo-RealAudio/Asian (South)/women/id02089/00092_id04529_S92uo-UShxE_faceswap.npz,-3.834353446960449,1
FakeVideo-RealAudio/Asian (South)/women/id02089/00092_id04564_xUz03LwKRtQ.npz,-3.821831226348877,1
FakeVideo-RealAudio/Asian (South)/women/id02089/00092_id04582_Pm9dX-TxNx0.npz,-3.800327777862549,1
FakeVideo-RealAudio/Asian (South)/women/id02089/00092_id04582_wavtolip.npz,-4.026246070861816,1
FakeVideo-RealAudio/Asian (South)/women/id02089/00092_id04927_8MD618FRyfA.npz,-3.8179330825805664,1
FakeVideo-RealAudio/Asian (South)/women/id02089/00092_id05434_6p7kCmdOjDQ.npz,-3.829029083251953,1
FakeVideo-RealAudio/Asian (South)/women/id02089/00092_id05478_wavtolip.npz,-4.502137660980225,1
FakeVideo-RealAudio/Asian (South)/women/id02089/00092_id05845_wavtolip.npz,-4.588566780090332,1
FakeVideo-RealAudio/Asian (South)/women/id02089/00092_id06254_8VSfI86Fua4.npz,-3.833890914916992,1
FakeVideo-RealAudio/Asian (South)/women/id02089/00092_id06254_wavtolip.npz,-4.697630405426025,1
FakeVideo-RealAudio/Asian (South)/women/id02089/00092_id06343_wavtolip.npz,-4.9108428955078125,1
FakeVideo-RealAudio/Asian (South)/women/id02089/00092_id06445_NWtdqOxEbDY.npz,-3.831531047821045,1
FakeVideo-RealAudio/Asian (South)/women/id02089/00092_id06752_wavtolip.npz,-4.043825626373291,1
FakeVideo-RealAudio/Asian (South)/women/id02089/00092_id07377_wavtolip.npz,-4.323546409606934,1
FakeVideo-RealAudio/Asian (South)/women/id02089/00092_id07686_wavtolip.npz,-3.6499366760253906,1
FakeVideo-RealAudio/Asian (South)/women/id00149/00284_0.npz,-3.4630508422851562,1
FakeVideo-RealAudio/Asian (South)/women/id00149/00284_id00149_wavtolip.npz,-4.275979995727539,1
FakeVideo-RealAudio/Asian (South)/women/id00149/00284_id00417_wavtolip.npz,-4.818803787231445,1
FakeVideo-RealAudio/Asian (South)/women/id00149/00284_id00461_Ort9NW3SJU4.npz,-4.174419403076172,1
FakeVideo-RealAudio/Asian (South)/women/id00149/00284_id00747_wavtolip.npz,-4.434388160705566,1
FakeVideo-RealAudio/Asian (South)/women/id00149/00284_id02310_zA-8Pw0SvZg.npz,-4.198550701141357,1
FakeVideo-RealAudio/Asian (South)/women/id00149/00284_id02619_wavtolip.npz,-4.867585182189941,1
FakeVideo-RealAudio/Asian (South)/women/id00149/00284_id03559_pgetxl1qbzM.npz,-4.185224533081055,1
FakeVideo-RealAudio/Asian (South)/women/id00149/00284_id04530_W5-PTTL9HzU.npz,-4.196747303009033,1
FakeVideo-RealAudio/Asian (South)/women/id00149/00284_id04582_wavtolip.npz,-3.437786340713501,1
FakeVideo-RealAudio/Asian (South)/women/id00149/00284_id04583_M10zZFjuAb0.npz,-4.18385124206543,1
FakeVideo-RealAudio/Asian (South)/women/id00149/00284_id04583_wavtolip.npz,-4.66322135925293,1
FakeVideo-RealAudio/Asian (South)/women/id00149/00284_id05920_wavtolip.npz,-4.712543964385986,1
FakeVideo-RealAudio/Asian (South)/women/id00149/00284_id06232_wavtolip.npz,-4.585206031799316,1
FakeVideo-RealAudio/Asian (South)/women/id00149/00284_id06343_wavtolip.npz,-4.910810947418213,1
FakeVideo-RealAudio/Asian (South)/women/id00149/00284_id07136_4e43eS5p3_M.npz,-4.141529560089111,1
FakeVideo-RealAudio/Asian (South)/women/id00149/00284_id07136_4e43eS5p3_M_faceswap.npz,-4.206691741943359,1
FakeVideo-RealAudio/Asian (South)/women/id00149/00284_id07377_FGNavKcGANA.npz,-4.167009353637695,1
FakeVideo-RealAudio/Asian (South)/women/id00149/00284_id07686_wavtolip.npz,-3.481353521347046,1
FakeVideo-RealAudio/Asian (South)/women/id00149/00284_id07689_2ie0g83JkgA.npz,-4.166268348693848,1
FakeVideo-RealAudio/Asian (South)/women/id06439/00118_id00043_wavtolip.npz,-4.681344032287598,1
FakeVideo-RealAudio/Asian (South)/women/id06439/00118_id00417_GhIZam3v09g.npz,-4.37670373916626,1
FakeVideo-RealAudio/Asian (South)/women/id06439/00118_id00417_GhIZam3v09g_faceswap.npz,-4.363578796386719,1
FakeVideo-RealAudio/Asian (South)/women/id06439/00118_id00739_wavtolip.npz,-4.3996710777282715,1
FakeVideo-RealAudio/Asian (South)/women/id06439/00118_id02310_wavtolip.npz,-4.397686004638672,1
FakeVideo-RealAudio/Asian (South)/women/id06439/00118_id02619_wavtolip.npz,-4.820688724517822,1
FakeVideo-RealAudio/Asian (South)/women/id06439/00118_id04529_wavtolip.npz,-4.71823787689209,1
FakeVideo-RealAudio/Asian (South)/women/id06439/00118_id04583_M10zZFjuAb0.npz,-4.376707553863525,1
FakeVideo-RealAudio/Asian (South)/women/id06439/00118_id05435_wavtolip.npz,-1.139501690864563,1
FakeVideo-RealAudio/Asian (South)/women/id06439/00118_id05478_VJkjRzPt-Jw.npz,-4.351831436157227,1
FakeVideo-RealAudio/Asian (South)/women/id06439/00118_id06232_wavtolip.npz,-4.563395977020264,1
FakeVideo-RealAudio/Asian (South)/women/id06439/00118_id06428_A9nvRKd1afA.npz,-4.274192810058594,1
FakeVideo-RealAudio/Asian (South)/women/id06439/00118_id06428_wavtolip.npz,-4.6182146072387695,1
FakeVideo-RealAudio/Asian (South)/women/id06439/00118_id06437_wavtolip.npz,-4.354405403137207,1
FakeVideo-RealAudio/Asian (South)/women/id06439/00118_id06445_NWtdqOxEbDY.npz,-4.351522445678711,1
FakeVideo-RealAudio/Asian (South)/women/id06439/00118_id06752_wavtolip.npz,-4.389652252197266,1
FakeVideo-RealAudio/Asian (South)/women/id06439/00118_id07136_4e43eS5p3_M.npz,-4.2988176345825195,1
FakeVideo-RealAudio/Asian (South)/women/id06439/00118_id07377_FGNavKcGANA.npz,-4.329010009765625,1
FakeVideo-RealAudio/Asian (South)/women/id06439/00118_id07689_2ie0g83JkgA.npz,-4.3699116706848145,1
FakeVideo-RealAudio/Asian (South)/women/id05931/00013_0.npz,-4.682218074798584,1
FakeVideo-RealAudio/Asian (South)/women/id05931/00013_id00149_wavtolip.npz,-4.538731098175049,1
FakeVideo-RealAudio/Asian (South)/women/id05931/00013_id00235_wavtolip.npz,-4.607202529907227,1
FakeVideo-RealAudio/Asian (South)/women/id05931/00013_id00739_CT-6UmfLiU0.npz,-4.794785499572754,1
FakeVideo-RealAudio/Asian (South)/women/id05931/00013_id01026_rM4ZERt7oM0.npz,-4.780113220214844,1
FakeVideo-RealAudio/Asian (South)/women/id05931/00013_id01026_rM4ZERt7oM0_faceswap.npz,-4.7569355964660645,1
FakeVideo-RealAudio/Asian (South)/women/id05931/00013_id02089_wavtolip.npz,-4.709229469299316,1
FakeVideo-RealAudio/Asian (South)/women/id05931/00013_id03559_pgetxl1qbzM.npz,-4.787264347076416,1
FakeVideo-RealAudio/Asian (South)/women/id05931/00013_id03559_wavtolip.npz,-4.822751045227051,1
FakeVideo-RealAudio/Asian (South)/women/id05931/00013_id04070_wavtolip.npz,-3.10951566696167,1
FakeVideo-RealAudio/Asian (South)/women/id05931/00013_id04583_wavtolip.npz,-4.790072441101074,1
FakeVideo-RealAudio/Asian (South)/women/id05931/00013_id04927_8MD618FRyfA.npz,-4.7852702140808105,1
FakeVideo-RealAudio/Asian (South)/women/id05931/00013_id05435_OvX-Jv_whcU.npz,-4.787406921386719,1
FakeVideo-RealAudio/Asian (South)/women/id05931/00013_id05435_wavtolip.npz,-1.3393356800079346,1
FakeVideo-RealAudio/Asian (South)/women/id05931/00013_id05845_XfMHm6CEwPw.npz,-4.783902168273926,1
FakeVideo-RealAudio/Asian (South)/women/id05931/00013_id06268_wavtolip.npz,-4.772703170776367,1
FakeVideo-RealAudio/Asian (South)/women/id05931/00013_id07049_BiljgZcyWI4.npz,-4.792548656463623,1
FakeVideo-RealAudio/Asian (South)/women/id05931/00013_id07136_4e43eS5p3_M.npz,-4.786856651306152,1
FakeVideo-RealAudio/Asian (South)/women/id05931/00013_id07236_wavtolip.npz,-4.83798885345459,1
FakeVideo-RealAudio/Asian (South)/women/id05931/00013_id07689_wavtolip.npz,-4.835777282714844,1
FakeVideo-RealAudio/Asian (South)/women/id07051/00083_id00461_Ort9NW3SJU4.npz,-4.271812915802002,1
FakeVideo-RealAudio/Asian (South)/women/id07051/00083_id00461_wavtolip.npz,-4.5147929191589355,1
FakeVideo-RealAudio/Asian (South)/women/id07051/00083_id00739_wavtolip.npz,-4.394384384155273,1
FakeVideo-RealAudio/Asian (South)/women/id07051/00083_id01026_wavtolip.npz,-4.831480026245117,1
FakeVideo-RealAudio/Asian (South)/women/id07051/00083_id02310_wavtolip.npz,-4.281635761260986,1
FakeVideo-RealAudio/Asian (South)/women/id07051/00083_id03559_pgetxl1qbzM.npz,-4.262840747833252,1
FakeVideo-RealAudio/Asian (South)/women/id07051/00083_id03559_wavtolip.npz,-4.262744426727295,1
FakeVideo-RealAudio/Asian (South)/women/id07051/00083_id04530_W5-PTTL9HzU.npz,-4.271479606628418,1
FakeVideo-RealAudio/Asian (South)/women/id07051/00083_id04564_xUz03LwKRtQ.npz,-4.271666049957275,1
FakeVideo-RealAudio/Asian (South)/women/id07051/00083_id04582_wavtolip.npz,-4.0766496658325195,1
FakeVideo-RealAudio/Asian (South)/women/id07051/00083_id04583_M10zZFjuAb0.npz,-4.271839141845703,1
FakeVideo-RealAudio/Asian (South)/women/id07051/00083_id05434_wavtolip.npz,-4.8519182205200195,1
FakeVideo-RealAudio/Asian (South)/women/id07051/00083_id05435_OvX-Jv_whcU.npz,-4.2714033126831055,1
FakeVideo-RealAudio/Asian (South)/women/id07051/00083_id05478_wavtolip.npz,-4.502310276031494,1
FakeVideo-RealAudio/Asian (South)/women/id07051/00083_id06428_A9nvRKd1afA.npz,-4.271385192871094,1
FakeVideo-RealAudio/Asian (South)/women/id07051/00083_id06428_A9nvRKd1afA_faceswap.npz,-4.2713422775268555,1
FakeVideo-RealAudio/Asian (South)/women/id07051/00083_id06438_wavtolip.npz,-4.835197448730469,1
FakeVideo-RealAudio/Asian (South)/women/id07051/00083_id07136_4e43eS5p3_M.npz,-4.271826267242432,1
FakeVideo-RealAudio/Asian (South)/women/id07051/00083_id07377_wavtolip.npz,-4.2194366455078125,1
FakeVideo-RealAudio/African/men/id01835/00130_id00173_UHoMXLSjlDo.npz,-4.177055835723877,1
FakeVideo-RealAudio/African/men/id01835/00130_id00366_RSOgEoek8WM.npz,-4.075984001159668,1
FakeVideo-RealAudio/African/men/id01835/00130_id00366_wavtolip.npz,-4.2445502281188965,1
FakeVideo-RealAudio/African/men/id01835/00130_id00475_wavtolip.npz,-1.2504123449325562,1
FakeVideo-RealAudio/African/men/id01835/00130_id00476_wavtolip.npz,-4.251317501068115,1
FakeVideo-RealAudio/African/men/id01835/00130_id00518_wavtolip.npz,-4.799844741821289,1
FakeVideo-RealAudio/African/men/id01835/00130_id00701_lW6uzLIOwd0.npz,-4.163705825805664,1
FakeVideo-RealAudio/African/men/id01835/00130_id00761_QtTNFhCCgzw.npz,-4.109114170074463,1
FakeVideo-RealAudio/African/men/id01835/00130_id00761_QtTNFhCCgzw_faceswap.npz,-4.071113586425781,1
FakeVideo-RealAudio/African/men/id01835/00130_id00830_rfl3Teg9uew.npz,-4.105865955352783,1
FakeVideo-RealAudio/African/men/id01835/00130_id00944_DiW5D62667U.npz,-4.090826988220215,1
FakeVideo-RealAudio/African/men/id01835/00130_id01036_AohKaMtIHxA.npz,-4.123073577880859,1
FakeVideo-RealAudio/African/men/id01835/00130_id01076_wavtolip.npz,-4.837116718292236,1
FakeVideo-RealAudio/African/men/id01835/00130_id01171_wavtolip.npz,-4.532099723815918,1
FakeVideo-RealAudio/African/men/id01835/00130_id01528_wavtolip.npz,-4.460948467254639,1
FakeVideo-RealAudio/African/men/id01835/00130_id01920_wavtolip.npz,-4.452692985534668,1
FakeVideo-RealAudio/African/men/id01835/00130_id02005_wavtolip.npz,-4.287468433380127,1
FakeVideo-RealAudio/African/men/id01835/00130_id02268_irA9myDvW-I.npz,-4.101334095001221,1
FakeVideo-RealAudio/African/men/id01835/00130_id02342_wavtolip.npz,-4.463069915771484,1
FakeVideo-RealAudio/African/men/id02040/00476_id00391_TjJgUZaenWI.npz,-4.899994373321533,1
FakeVideo-RealAudio/African/men/id02040/00476_id00391_wavtolip.npz,-4.91041898727417,1
FakeVideo-RealAudio/African/men/id02040/00476_id00478_wavtolip.npz,-4.840287208557129,1
FakeVideo-RealAudio/African/men/id02040/00476_id01179_wavtolip.npz,-4.8689680099487305,1
FakeVideo-RealAudio/African/men/id02040/00476_id01392_fF-g0KFJ7lg.npz,-4.896109580993652,1
FakeVideo-RealAudio/African/men/id02040/00476_id01530_8kiAt_4gQGI.npz,-4.897921562194824,1
FakeVideo-RealAudio/African/men/id02040/00476_id01530_wavtolip.npz,-4.90594482421875,1
FakeVideo-RealAudio/African/men/id02040/00476_id01598_wavtolip.npz,-3.6066272258758545,1
FakeVideo-RealAudio/African/men/id02040/00476_id01637_wavtolip.npz,-4.910553455352783,1
FakeVideo-RealAudio/African/men/id02040/00476_id01691_IVtS5z8Jrrk.npz,-4.899773597717285,1
FakeVideo-RealAudio/African/men/id02040/00476_id01691_wavtolip.npz,-4.892091751098633,1
FakeVideo-RealAudio/African/men/id02040/00476_id01933_wavtolip.npz,-4.909729957580566,1
FakeVideo-RealAudio/African/men/id02040/00476_id02040_wavtolip.npz,-4.909165859222412,1
FakeVideo-RealAudio/African/men/id02040/00476_id02296_wavtolip.npz,-2.858668088912964,1
FakeVideo-RealAudio/African/men/id01392/00167_1.npz,-4.794157028198242,1
FakeVideo-RealAudio/African/men/id01392/00167_2.npz,-3.920410633087158,1
FakeVideo-RealAudio/African/men/id01392/00167_3.npz,-4.341187953948975,1
FakeVideo-RealAudio/African/men/id01392/00167_id00391_TjJgUZaenWI.npz,-4.183657646179199,1
FakeVideo-RealAudio/African/men/id01392/00167_id00478_wavtolip.npz,-4.105027198791504,1
FakeVideo-RealAudio/African/men/id01392/00167_id00701_lW6uzLIOwd0.npz,-4.193197250366211,1
FakeVideo-RealAudio/African/men/id01392/00167_id00987_wavtolip.npz,-4.206399440765381,1
FakeVideo-RealAudio/African/men/id01392/00167_id01170_7eoTTk4xyNo.npz,-4.189609050750732,1
FakeVideo-RealAudio/African/men/id01392/00167_id01171_wavtolip.npz,-4.6243696212768555,1
FakeVideo-RealAudio/African/men/id01392/00167_id01179_RnqLJMrWELw.npz,-4.192970275878906,1
FakeVideo-RealAudio/African/men/id01392/00167_id01207_mt129WTRSII.npz,-4.187556266784668,1
FakeVideo-RealAudio/African/men/id01392/00167_id01236_wavtolip.npz,-4.922979831695557,1
FakeVideo-RealAudio/African/men/id01392/00167_id01392_wavtolip.npz,-4.2061357498168945,1
FakeVideo-RealAudio/African/men/id01392/00167_id01530_wavtolip.npz,-4.894835472106934,1
FakeVideo-RealAudio/African/men/id01392/00167_id01597_52WEZxe4_GE.npz,-4.160277843475342,1
FakeVideo-RealAudio/African/men/id01392/00167_id01598_wavtolip.npz,-3.454807758331299,1
FakeVideo-RealAudio/African/men/id01392/00167_id01691_wavtolip.npz,-4.209993362426758,1
FakeVideo-RealAudio/African/men/id01392/00167_id01920_w9C_knCPD94.npz,-4.190642833709717,1
FakeVideo-RealAudio/African/men/id01392/00167_id01933_wavtolip.npz,-4.771400451660156,1
FakeVideo-RealAudio/African/men/id01392/00167_id02268_wavtolip.npz,-4.352302551269531,1
FakeVideo-RealAudio/African/men/id01392/00167_id02494_lObg47hQleE.npz,-4.190813064575195,1
FakeVideo-RealAudio/African/men/id01717/00005_0.npz,-4.534714698791504,1
FakeVideo-RealAudio/African/men/id01717/00005_id00366_RSOgEoek8WM.npz,-4.155531406402588,1
FakeVideo-RealAudio/African/men/id01717/00005_id00518_wavtolip.npz,-4.850615978240967,1
FakeVideo-RealAudio/African/men/id01717/00005_id00701_lW6uzLIOwd0.npz,-4.1768693923950195,1
FakeVideo-RealAudio/African/men/id01717/00005_id00701_wavtolip.npz,-2.6912200450897217,1
FakeVideo-RealAudio/African/men/id01717/00005_id00987_wavtolip.npz,-4.85018253326416,1
FakeVideo-RealAudio/African/men/id01717/00005_id01036_wavtolip.npz,-4.594442367553711,1
FakeVideo-RealAudio/African/men/id01717/00005_id01076_9bqxgm5fT58.npz,-4.154856204986572,1
FakeVideo-RealAudio/African/men/id01717/00005_id01076_wavtolip.npz,-4.854991436004639,1
FakeVideo-RealAudio/African/men/id01717/00005_id01171_wavtolip.npz,-4.669722080230713,1
FakeVideo-RealAudio/African/men/id01717/00005_id01452_4MqeoSxSy3w.npz,-4.164198398590088,1
FakeVideo-RealAudio/African/men/id01717/00005_id01528_wavtolip.npz,-4.8434648513793945,1
FakeVideo-RealAudio/African/men/id01717/00005_id01637_wavtolip.npz,-4.855031967163086,1
FakeVideo-RealAudio/African/men/id01717/00005_id01920_w9C_knCPD94.npz,-4.172616004943848,1
FakeVideo-RealAudio/African/men/id01717/00005_id02005_7_Egh9mW5y4.npz,-4.070694446563721,1
FakeVideo-RealAudio/African/men/id01717/00005_id02005_7_Egh9mW5y4_faceswap.npz,-4.201444625854492,1
FakeVideo-RealAudio/African/men/id01717/00005_id02051_wavtolip.npz,-4.892886161804199,1
FakeVideo-RealAudio/African/men/id01717/00005_id02316_yrrNcmZ-xmI.npz,-4.126741409301758,1
FakeVideo-RealAudio/African/men/id01717/00005_id02342_wavtolip.npz,-4.827164173126221,1
FakeVideo-RealAudio/African/men/id01779/00010_0.npz,-0.9835999608039856,1
FakeVideo-RealAudio/African/men/id01779/00010_id00173_wavtolip.npz,-4.420220851898193,1
FakeVideo-RealAudio/African/men/id01779/00010_id00366_wavtolip.npz,-4.573796272277832,1
FakeVideo-RealAudio/African/men/id01779/00010_id00701_lW6uzLIOwd0.npz,-2.5467233657836914,1
FakeVideo-RealAudio/African/men/id01779/00010_id00701_wavtolip.npz,-2.1953094005584717,1
FakeVideo-RealAudio/African/men/id01779/00010_id00987_wavtolip.npz,-4.566095352172852,1
FakeVideo-RealAudio/African/men/id01779/00010_id01036_AohKaMtIHxA.npz,-2.457812547683716,1
FakeVideo-RealAudio/African/men/id01779/00010_id01036_wavtolip.npz,-4.503076553344727,1
FakeVideo-RealAudio/African/men/id01779/00010_id01171_XSINMRoTb0E.npz,-2.5943033695220947,1
FakeVideo-RealAudio/African/men/id01779/00010_id01171_wavtolip.npz,-4.7102952003479,1
FakeVideo-RealAudio/African/men/id01779/00010_id01179_wavtolip.npz,-4.747684478759766,1
FakeVideo-RealAudio/African/men/id01779/00010_id01392_wavtolip.npz,-4.55500602722168,1
FakeVideo-RealAudio/African/men/id01779/00010_id01637_5VjcPZm8knM.npz,-2.19897723197937,1
FakeVideo-RealAudio/African/men/id01779/00010_id01691_IVtS5z8Jrrk.npz,-2.4189107418060303,1
FakeVideo-RealAudio/African/men/id01779/00010_id01691_IVtS5z8Jrrk_faceswap.npz,-2.5500078201293945,1
FakeVideo-RealAudio/African/men/id01779/00010_id01856_6Q2f3b1QNRM.npz,-2.369098424911499,1
FakeVideo-RealAudio/African/men/id01779/00010_id01933_wavtolip.npz,-4.775477886199951,1
FakeVideo-RealAudio/African/men/id01779/00010_id02268_irA9myDvW-I.npz,-2.5118448734283447,1
FakeVideo-RealAudio/African/men/id01779/00010_id02494_lObg47hQleE.npz,-2.538393974304199,1
FakeVideo-RealAudio/African/men/id01779/00010_id04727_wavtolip.npz,-4.8282952308654785,1
FakeVideo-RealAudio/African/men/id01179/00160_id00076_wavtolip.npz,-4.599809169769287,1
FakeVideo-RealAudio/African/men/id01179/00160_id00166_PQV2ZbJBLNk.npz,-4.726844787597656,1
FakeVideo-RealAudio/African/men/id01179/00160_id00166_wavtolip.npz,-4.667708396911621,1
FakeVideo-RealAudio/African/men/id01179/00160_id00366_wavtolip.npz,-4.766644477844238,1
FakeVideo-RealAudio/African/men/id01179/00160_id00391_TjJgUZaenWI.npz,-4.715150356292725,1
FakeVideo-RealAudio/African/men/id01179/00160_id00391_wavtolip.npz,-4.76793909072876,1
FakeVideo-RealAudio/African/men/id01179/00160_id00476_UgdYVJ6xPYg.npz,-4.695703983306885,1
FakeVideo-RealAudio/African/men/id01179/00160_id00987_wavtolip.npz,-4.738096237182617,1
FakeVideo-RealAudio/African/men/id01179/00160_id01170_7eoTTk4xyNo.npz,-4.731309413909912,1
FakeVideo-RealAudio/African/men/id01179/00160_id01179_wavtolip.npz,-4.667593479156494,1
FakeVideo-RealAudio/African/men/id01179/00160_id01207_mt129WTRSII.npz,-4.709205627441406,1
FakeVideo-RealAudio/African/men/id01179/00160_id01236_wavtolip.npz,-4.737192153930664,1
FakeVideo-RealAudio/African/men/id01179/00160_id01544_wavtolip.npz,-4.87291145324707,1
FakeVideo-RealAudio/African/men/id01179/00160_id01637_5VjcPZm8knM.npz,-4.726588726043701,1
FakeVideo-RealAudio/African/men/id01179/00160_id01920_wavtolip.npz,-4.7690300941467285,1
FakeVideo-RealAudio/African/men/id01179/00160_id02005_7_Egh9mW5y4.npz,-4.697588920593262,1
FakeVideo-RealAudio/African/men/id01179/00160_id02005_7_Egh9mW5y4_faceswap.npz,-4.731194496154785,1
FakeVideo-RealAudio/African/men/id01179/00160_id02040_wavtolip.npz,-4.902674198150635,1
FakeVideo-RealAudio/African/men/id01179/00160_id02342_RJPBPhJB8TA.npz,-4.701379776000977,1
FakeVideo-RealAudio/African/men/id01528/00017_id00166_wavtolip.npz,-4.436696529388428,1
FakeVideo-RealAudio/African/men/id01528/00017_id00478_wavtolip.npz,-4.401752948760986,1
FakeVideo-RealAudio/African/men/id01528/00017_id00518_qm7oQcDg4oI.npz,-4.460943222045898,1
FakeVideo-RealAudio/African/men/id01528/00017_id00518_wavtolip.npz,-4.807080268859863,1
FakeVideo-RealAudio/African/men/id01528/00017_id00944_DiW5D62667U.npz,-4.450314521789551,1
FakeVideo-RealAudio/African/men/id01528/00017_id01076_wavtolip.npz,-4.83706521987915,1
FakeVideo-RealAudio/African/men/id01528/00017_id01207_mt129WTRSII.npz,-4.461860656738281,1
FakeVideo-RealAudio/African/men/id01528/00017_id01236_7WdumGR5-JM.npz,-4.461592674255371,1
FakeVideo-RealAudio/African/men/id01528/00017_id01392_wavtolip.npz,-4.447308540344238,1
FakeVideo-RealAudio/African/men/id01528/00017_id01452_4MqeoSxSy3w.npz,-4.458367347717285,1
FakeVideo-RealAudio/African/men/id01528/00017_id01452_4MqeoSxSy3w_faceswap.npz,-4.470181465148926,1
FakeVideo-RealAudio/African/men/id01528/00017_id01528_wavtolip.npz,-4.467253684997559,1
FakeVideo-RealAudio/African/men/id01528/00017_id01597_52WEZxe4_GE.npz,-4.456766128540039,1
FakeVideo-RealAudio/African/men/id01528/00017_id01779_wavtolip.npz,-1.7210187911987305,1
FakeVideo-RealAudio/African/men/id01528/00017_id01835_wavtolip.npz,-4.401463985443115,1
FakeVideo-RealAudio/African/men/id01528/00017_id01920_wavtolip.npz,-4.4833083152771,1
FakeVideo-RealAudio/African/men/id01528/00017_id01933_I5XXxgK7QpE.npz,-4.457649230957031,1
FakeVideo-RealAudio/African/men/id01528/00017_id01972_hBYoeQTm8ZQ.npz,-4.46077299118042,1
FakeVideo-RealAudio/African/men/id01528/00017_id02268_wavtolip.npz,-4.464448928833008,1
FakeVideo-RealAudio/African/men/id00076/00109_1.npz,-4.1902689933776855,1
FakeVideo-RealAudio/African/men/id00076/00109_10.npz,-4.871902942657471,1
FakeVideo-RealAudio/African/men/id00076/00109_11.npz,-3.838287830352783,1
FakeVideo-RealAudio/African/men/id00076/00109_12.npz,-4.688230514526367,1
FakeVideo-RealAudio/African/men/id00076/00109_2.npz,-4.772770881652832,1
FakeVideo-RealAudio/African/men/id00076/00109_3.npz,-4.01497220993042,1
FakeVideo-RealAudio/African/men/id00076/00109_4.npz,-4.385921001434326,1
FakeVideo-RealAudio/African/men/id00076/00109_6.npz,-4.754037857055664,1
FakeVideo-RealAudio/African/men/id00076/00109_7.npz,-4.587502956390381,1
FakeVideo-RealAudio/African/men/id00076/00109_8.npz,-3.729708194732666,1
FakeVideo-RealAudio/African/men/id00076/00109_9.npz,-4.746952533721924,1
FakeVideo-RealAudio/African/men/id00076/00109_id00166_wavtolip.npz,-4.410967826843262,1
FakeVideo-RealAudio/African/men/id00076/00109_id00173_UHoMXLSjlDo.npz,-3.7462358474731445,1
FakeVideo-RealAudio/African/men/id00076/00109_id00366_RSOgEoek8WM.npz,-3.7809104919433594,1
FakeVideo-RealAudio/African/men/id00076/00109_id00475_wavtolip.npz,-1.3657312393188477,1
FakeVideo-RealAudio/African/men/id00076/00109_id00761_wavtolip.npz,-3.768050193786621,1
FakeVideo-RealAudio/African/men/id00076/00109_id00830_rfl3Teg9uew.npz,-3.774242877960205,1
FakeVideo-RealAudio/African/men/id00076/00109_id01036_AohKaMtIHxA.npz,-3.716557025909424,1
FakeVideo-RealAudio/African/men/id00076/00109_id01076_wavtolip.npz,-4.836268901824951,1
FakeVideo-RealAudio/African/men/id00076/00109_id01207_mt129WTRSII.npz,-3.7427570819854736,1
FakeVideo-RealAudio/African/men/id00076/00109_id01544_uBo9585VW2A.npz,-3.767645835876465,1
FakeVideo-RealAudio/African/men/id00076/00109_id01544_wavtolip.npz,-4.89010763168335,1
FakeVideo-RealAudio/African/men/id00076/00109_id01597_wavtolip.npz,-4.61392879486084,1
FakeVideo-RealAudio/African/men/id00076/00109_id01717_wavtolip.npz,-3.9309749603271484,1
FakeVideo-RealAudio/African/men/id00076/00109_id01972_wavtolip.npz,-4.019568920135498,1
FakeVideo-RealAudio/African/men/id00076/00109_id01995_YUR9wTypwIo.npz,-3.8578317165374756,1
FakeVideo-RealAudio/African/men/id00076/00109_id02005_7_Egh9mW5y4.npz,-3.817014694213867,1
FakeVideo-RealAudio/African/men/id00076/00109_id02296_wavtolip.npz,-3.9726014137268066,1
FakeVideo-RealAudio/African/men/id00076/00109_id02342_RJPBPhJB8TA.npz,-3.855670213699341,1
FakeVideo-RealAudio/African/men/id00076/00109_id02342_wavtolip.npz,-4.462464332580566,1
FakeVideo-RealAudio/African/men/id00076/00109_id04727_AAnyugIAXao.npz,-3.759657382965088,1
FakeVideo-RealAudio/African/men/id02268/00036_id00475_wavtolip.npz,-3.296908378601074,1
FakeVideo-RealAudio/African/men/id02268/00036_id00478_wavtolip.npz,-4.347906589508057,1
FakeVideo-RealAudio/African/men/id02268/00036_id00830_wavtolip.npz,-4.360800266265869,1
FakeVideo-RealAudio/African/men/id02268/00036_id01036_wavtolip.npz,-4.33875846862793,1
FakeVideo-RealAudio/African/men/id02268/00036_id01236_7WdumGR5-JM.npz,-4.342002868652344,1
FakeVideo-RealAudio/African/men/id02268/00036_id01452_wavtolip.npz,-4.715603351593018,1
FakeVideo-RealAudio/African/men/id02268/00036_id01521_jthjSmLdLOg.npz,-4.340744495391846,1
FakeVideo-RealAudio/African/men/id02268/00036_id01521_wavtolip.npz,-4.923365592956543,1
FakeVideo-RealAudio/African/men/id02268/00036_id01528_wavtolip.npz,-4.481661796569824,1
FakeVideo-RealAudio/African/men/id02268/00036_id01610_wavtolip.npz,-4.486521244049072,1
FakeVideo-RealAudio/African/men/id02268/00036_id01691_IVtS5z8Jrrk.npz,-4.341742992401123,1
FakeVideo-RealAudio/African/men/id02268/00036_id01717_wavtolip.npz,-4.503654479980469,1
FakeVideo-RealAudio/African/men/id02268/00036_id01779_wavtolip.npz,-3.320730686187744,1
FakeVideo-RealAudio/African/men/id02268/00036_id01835_UZbWA0QfXXA.npz,-4.340137004852295,1
FakeVideo-RealAudio/African/men/id02268/00036_id01856_6Q2f3b1QNRM.npz,-4.342377662658691,1
FakeVideo-RealAudio/African/men/id02268/00036_id02296_IAgOrCuY8vU.npz,-4.340280055999756,1
FakeVideo-RealAudio/African/men/id02268/00036_id02494_lObg47hQleE.npz,-4.340682029724121,1
FakeVideo-RealAudio/African/men/id01170/00021_id00173_wavtolip.npz,-4.4418230056762695,1
FakeVideo-RealAudio/African/men/id01170/00021_id00391_TjJgUZaenWI.npz,-4.357193946838379,1
FakeVideo-RealAudio/African/men/id01170/00021_id00476_wavtolip.npz,-4.366029739379883,1
FakeVideo-RealAudio/African/men/id01170/00021_id00830_rfl3Teg9uew.npz,-4.358349800109863,1
FakeVideo-RealAudio/African/men/id01170/00021_id00944_wavtolip.npz,-4.5421247482299805,1
FakeVideo-RealAudio/African/men/id01170/00021_id00987_wavtolip.npz,-4.3642377853393555,1
FakeVideo-RealAudio/African/men/id01170/00021_id01171_XSINMRoTb0E.npz,-4.359074115753174,1
FakeVideo-RealAudio/African/men/id01170/00021_id01392_fF-g0KFJ7lg.npz,-4.3578104972839355,1
FakeVideo-RealAudio/African/men/id01170/00021_id01521_wavtolip.npz,-4.9219865798950195,1
FakeVideo-RealAudio/African/men/id01170/00021_id01597_52WEZxe4_GE.npz,-4.358211994171143,1
FakeVideo-RealAudio/African/men/id01170/00021_id01610_l8zb_iaDJJA.npz,-4.358809471130371,1
FakeVideo-RealAudio/African/men/id01170/00021_id01610_wavtolip.npz,-4.470675468444824,1
FakeVideo-RealAudio/African/men/id01170/00021_id01835_wavtolip.npz,-4.258010387420654,1
FakeVideo-RealAudio/African/men/id01170/00021_id01933_I5XXxgK7QpE.npz,-4.350906848907471,1
FakeVideo-RealAudio/African/men/id01170/00021_id01933_I5XXxgK7QpE_faceswap.npz,-4.357412815093994,1
FakeVideo-RealAudio/African/men/id01170/00021_id02051_wavtolip.npz,-4.882068634033203,1
FakeVideo-RealAudio/African/men/id01170/00021_id02296_wavtolip.npz,-4.482010841369629,1
FakeVideo-RealAudio/African/men/id01170/00021_id02316_wavtolip.npz,-4.517410755157471,1
FakeVideo-RealAudio/African/men/id01170/00021_id04727_AAnyugIAXao.npz,-4.357716083526611,1
FakeVideo-RealAudio/African/men/id01637/00002_0.npz,-4.185105323791504,1
FakeVideo-RealAudio/African/men/id01637/00002_00.npz,-1.5392470359802246,1
FakeVideo-RealAudio/African/men/id01637/00002_1.npz,-4.8358964920043945,1
FakeVideo-RealAudio/African/men/id01637/00002_2.npz,-4.035088539123535,1
FakeVideo-RealAudio/African/men/id01637/00002_3.npz,-4.44675874710083,1
FakeVideo-RealAudio/African/men/id01637/00002_id00166_PQV2ZbJBLNk.npz,-4.58768367767334,1
FakeVideo-RealAudio/African/men/id01637/00002_id00166_wavtolip.npz,-4.551100730895996,1
FakeVideo-RealAudio/African/men/id01637/00002_id00366_RSOgEoek8WM.npz,-4.587886333465576,1
FakeVideo-RealAudio/African/men/id01637/00002_id00944_DiW5D62667U.npz,-4.587876319885254,1
FakeVideo-RealAudio/African/men/id01637/00002_id01036_wavtolip.npz,-4.317405700683594,1
FakeVideo-RealAudio/African/men/id01637/00002_id01170_7eoTTk4xyNo.npz,-4.587923526763916,1
FakeVideo-RealAudio/African/men/id01637/00002_id01544_wavtolip.npz,-4.841622829437256,1
FakeVideo-RealAudio/African/men/id01637/00002_id01597_wavtolip.npz,-4.617354393005371,1
FakeVideo-RealAudio/African/men/id01637/00002_id01598_wavtolip.npz,-3.713813543319702,1
FakeVideo-RealAudio/African/men/id01637/00002_id01610_l8zb_iaDJJA.npz,-4.587690353393555,1
FakeVideo-RealAudio/African/men/id01637/00002_id01691_wavtolip.npz,-4.564806938171387,1
FakeVideo-RealAudio/African/men/id01637/00002_id01835_wavtolip.npz,-4.473282814025879,1
FakeVideo-RealAudio/African/men/id01637/00002_id01920_w9C_knCPD94.npz,-4.587940692901611,1
FakeVideo-RealAudio/African/men/id01637/00002_id01933_wavtolip.npz,-4.7696309089660645,1
FakeVideo-RealAudio/African/men/id01637/00002_id02005_7_Egh9mW5y4.npz,-4.58776330947876,1
FakeVideo-RealAudio/African/men/id01637/00002_id02316_wavtolip.npz,-4.682938575744629,1
FakeVideo-RealAudio/African/men/id01637/00002_id02494_lObg47hQleE.npz,-4.587658882141113,1
FakeVideo-RealAudio/African/men/id01637/00002_id02494_wavtolip.npz,-1.077386498451233,1
FakeVideo-RealAudio/African/men/id02051/00015_id00173_UHoMXLSjlDo.npz,-4.860026836395264,1
FakeVideo-RealAudio/African/men/id02051/00015_id00476_wavtolip.npz,-4.909928321838379,1
FakeVideo-RealAudio/African/men/id02051/00015_id00701_lW6uzLIOwd0.npz,-4.848155975341797,1
FakeVideo-RealAudio/African/men/id02051/00015_id00761_wavtolip.npz,-4.112683296203613,1
FakeVideo-RealAudio/African/men/id02051/00015_id01170_wavtolip.npz,-4.885110855102539,1
FakeVideo-RealAudio/African/men/id02051/00015_id01236_wavtolip.npz,-4.810242652893066,1
FakeVideo-RealAudio/African/men/id02051/00015_id01392_wavtolip.npz,-4.881644248962402,1
FakeVideo-RealAudio/African/men/id02051/00015_id01521_jthjSmLdLOg.npz,-4.858522415161133,1
FakeVideo-RealAudio/African/men/id02051/00015_id01530_wavtolip.npz,-4.906210899353027,1
FakeVideo-RealAudio/African/men/id02051/00015_id01598_wavtolip.npz,-3.4121077060699463,1
FakeVideo-RealAudio/African/men/id02051/00015_id01610_l8zb_iaDJJA.npz,-4.862659454345703,1
FakeVideo-RealAudio/African/men/id02051/00015_id01835_UZbWA0QfXXA.npz,-4.864128112792969,1
FakeVideo-RealAudio/African/men/id02051/00015_id01920_w9C_knCPD94.npz,-4.860531330108643,1
FakeVideo-RealAudio/African/men/id02051/00015_id01972_wavtolip.npz,-4.573025703430176,1
FakeVideo-RealAudio/African/men/id02051/00015_id01995_YUR9wTypwIo.npz,-4.8630876541137695,1
FakeVideo-RealAudio/African/men/id02051/00015_id02005_wavtolip.npz,-4.66480827331543,1
FakeVideo-RealAudio/African/men/id02051/00015_id02040_wl6EVkamZFQ.npz,-4.851016521453857,1
FakeVideo-RealAudio/African/men/id02051/00015_id02268_wavtolip.npz,-4.880980491638184,1
FakeVideo-RealAudio/African/men/id00366/00118_id00076_Isiq7cA-DNE.npz,-4.15152645111084,1
FakeVideo-RealAudio/African/men/id00366/00118_id00076_Isiq7cA-DNE_faceswap.npz,-4.135595798492432,1
FakeVideo-RealAudio/African/men/id00366/00118_id00076_wavtolip.npz,-3.940958261489868,1
FakeVideo-RealAudio/African/men/id00366/00118_id00166_wavtolip.npz,-4.450840950012207,1
FakeVideo-RealAudio/African/men/id00366/00118_id00173_wavtolip.npz,-4.2606916427612305,1
FakeVideo-RealAudio/African/men/id00366/00118_id00391_wavtolip.npz,-4.1617631912231445,1
FakeVideo-RealAudio/African/men/id00366/00118_id00475_wavtolip.npz,-1.790465235710144,1
FakeVideo-RealAudio/African/men/id00366/00118_id00476_UgdYVJ6xPYg.npz,-4.143851280212402,1
FakeVideo-RealAudio/African/men/id00366/00118_id00781_fvsSae9yc0A.npz,-4.147834300994873,1
FakeVideo-RealAudio/African/men/id00366/00118_id00987_wavtolip.npz,-4.099122047424316,1
FakeVideo-RealAudio/African/men/id00366/00118_id01076_wavtolip.npz,-4.837085723876953,1
FakeVideo-RealAudio/African/men/id00366/00118_id01170_wavtolip.npz,-4.361148357391357,1
FakeVideo-RealAudio/African/men/id00366/00118_id01171_wavtolip.npz,-4.723570346832275,1
FakeVideo-RealAudio/African/men/id00366/00118_id01207_mt129WTRSII.npz,-4.147323131561279,1
FakeVideo-RealAudio/African/men/id00366/00118_id01207_wavtolip.npz,-3.859387159347534,1
FakeVideo-RealAudio/African/men/id00366/00118_id01452_wavtolip.npz,-4.719586372375488,1
FakeVideo-RealAudio/African/men/id00366/00118_id01544_uBo9585VW2A.npz,-4.147983551025391,1
FakeVideo-RealAudio/African/men/id00366/00118_id01610_wavtolip.npz,-4.471957206726074,1
FakeVideo-RealAudio/African/men/id00366/00118_id01637_5VjcPZm8knM.npz,-4.144579887390137,1
FakeVideo-RealAudio/African/men/id00366/00118_id01637_wavtolip.npz,-4.600844383239746,1
FakeVideo-RealAudio/African/men/id00366/00118_id01691_IVtS5z8Jrrk.npz,-4.147226333618164,1
FakeVideo-RealAudio/African/men/id00366/00118_id01691_wavtolip.npz,-4.1603498458862305,1
FakeVideo-RealAudio/African/men/id00366/00118_id01717_JDW6p8yU13A.npz,-4.1419548988342285,1
FakeVideo-RealAudio/African/men/id00366/00118_id01779_wavtolip.npz,-2.7944135665893555,1
FakeVideo-RealAudio/African/men/id00366/00118_id01920_w9C_knCPD94.npz,-4.147105693817139,1
FakeVideo-RealAudio/African/men/id00366/00118_id01933_wavtolip.npz,-4.77516508102417,1
FakeVideo-RealAudio/African/men/id00366/00118_id01972_wavtolip.npz,-4.322645664215088,1
FakeVideo-RealAudio/African/men/id00366/00118_id02005_7_Egh9mW5y4.npz,-4.147183418273926,1
FakeVideo-RealAudio/African/men/id00366/00118_id02040_wavtolip.npz,-4.782247066497803,1
FakeVideo-RealAudio/African/men/id00366/00118_id02494_wavtolip.npz,-1.1357663869857788,1
FakeVideo-RealAudio/African/men/id00366/00118_id04727_wavtolip.npz,-4.823162078857422,1
FakeVideo-RealAudio/African/women/id00359/00053_id00460_wavtolip.npz,-4.987839221954346,1
FakeVideo-RealAudio/African/women/id00359/00053_id00568_wavtolip.npz,-4.722060203552246,1
FakeVideo-RealAudio/African/women/id00359/00053_id01532_wavtolip.npz,-4.859401702880859,1
FakeVideo-RealAudio/African/women/id00359/00053_id01838_q_lUk55OrL0.npz,-4.902214527130127,1
FakeVideo-RealAudio/African/women/id00359/00053_id01838_q_lUk55OrL0_faceswap.npz,-4.906915664672852,1
FakeVideo-RealAudio/African/women/id00359/00053_id02071_cHuDh9F87vA.npz,-4.841847896575928,1
FakeVideo-RealAudio/African/women/id00359/00053_id02508_wavtolip.npz,-4.718255519866943,1
FakeVideo-RealAudio/African/women/id00359/00053_id02586_dEYzYDsbAeo.npz,-4.911804676055908,1
FakeVideo-RealAudio/African/women/id00359/00053_id02838_kaCQlSGlLe8.npz,-4.903260231018066,1
FakeVideo-RealAudio/African/women/id00359/00053_id02838_wavtolip.npz,-4.986723899841309,1
FakeVideo-RealAudio/African/women/id00359/00053_id03103_wavtolip.npz,-4.834774971008301,1
FakeVideo-RealAudio/African/women/id00359/00053_id04374_wavtolip.npz,-4.565452575683594,1
FakeVideo-RealAudio/African/women/id00359/00053_id04376_wavtolip.npz,-4.989421844482422,1
FakeVideo-RealAudio/African/women/id00359/00053_id04540_wavtolip.npz,-2.0348167419433594,1
FakeVideo-RealAudio/African/women/id00359/00053_id04547_3Qy2g2M47Aw.npz,-4.9286298751831055,1
FakeVideo-RealAudio/African/women/id00359/00053_id04547_wavtolip.npz,-4.957355976104736,1
FakeVideo-RealAudio/African/women/id00359/00053_id04820_64ybrA1atlM.npz,-4.875842094421387,1
FakeVideo-RealAudio/African/women/id00359/00053_id05106_ZnnDdjlABM4.npz,-4.89759635925293,1
FakeVideo-RealAudio/African/women/id00359/00053_id05980_bbg4HtuM_jo.npz,-4.851855278015137,1
FakeVideo-RealAudio/African/women/id01907/00148_0.npz,-4.655037879943848,1
FakeVideo-RealAudio/African/women/id01907/00148_id00220_WlHLlTQKj8g.npz,-4.754628658294678,1
FakeVideo-RealAudio/African/women/id01907/00148_id00371_t20i0HtPwW0.npz,-4.756404399871826,1
FakeVideo-RealAudio/African/women/id01907/00148_id00829_aMEvVaUBq2Y.npz,-4.747325897216797,1
FakeVideo-RealAudio/African/women/id01907/00148_id00829_wavtolip.npz,-4.73737907409668,1
FakeVideo-RealAudio/African/women/id01907/00148_id00832_Jr4-dXRChME.npz,-4.755903244018555,1
FakeVideo-RealAudio/African/women/id01907/00148_id01178_wavtolip.npz,-4.764401435852051,1
FakeVideo-RealAudio/African/women/id01907/00148_id01532_XnlWp_s_f7Q.npz,-4.7512946128845215,1
FakeVideo-RealAudio/African/women/id01907/00148_id01532_wavtolip.npz,-4.70514440536499,1
FakeVideo-RealAudio/African/women/id01907/00148_id02948_wavtolip.npz,-4.9489030838012695,1
FakeVideo-RealAudio/African/women/id01907/00148_id03658_wavtolip.npz,-4.66646671295166,1
FakeVideo-RealAudio/African/women/id01907/00148_id04376_wavtolip.npz,-4.768527507781982,1
FakeVideo-RealAudio/African/women/id01907/00148_id04689_wavtolip.npz,-4.767342567443848,1
FakeVideo-RealAudio/African/women/id01907/00148_id04705_ziJ9JsYr4R0.npz,-4.7445173263549805,1
FakeVideo-RealAudio/African/women/id01907/00148_id04820_wavtolip.npz,-4.812738418579102,1
FakeVideo-RealAudio/African/women/id01907/00148_id05231_wavtolip.npz,-4.767642498016357,1
FakeVideo-RealAudio/African/women/id01907/00148_id05235_ASy8lP3SRtw.npz,-4.752864837646484,1
FakeVideo-RealAudio/African/women/id01907/00148_id05235_ASy8lP3SRtw_faceswap.npz,-4.749986171722412,1
FakeVideo-RealAudio/African/women/id01907/00148_id05252_CMxIX3absYM.npz,-4.744198799133301,1
FakeVideo-RealAudio/African/women/id01907/00148_id05252_wavtolip.npz,-4.76900053024292,1
FakeVideo-RealAudio/African/women/id01661/00059.npz,-4.635485649108887,1
FakeVideo-RealAudio/African/women/id01661/00059_id00371_t20i0HtPwW0.npz,-4.565299987792969,1
FakeVideo-RealAudio/African/women/id01661/00059_id00460_wavtolip.npz,-4.939170837402344,1
FakeVideo-RealAudio/African/women/id01661/00059_id00568_wavtolip.npz,-4.820034980773926,1
FakeVideo-RealAudio/African/women/id01661/00059_id01661_wavtolip.npz,-4.442859649658203,1
FakeVideo-RealAudio/African/women/id01661/00059_id01783_WBUM0bHzWNA.npz,-4.575160980224609,1
FakeVideo-RealAudio/African/women/id01661/00059_id01838_wavtolip.npz,-4.851346969604492,1
FakeVideo-RealAudio/African/women/id01661/00059_id01907_LBcRkuRq0uY.npz,-4.690740585327148,1
FakeVideo-RealAudio/African/women/id01661/00059_id02071_cHuDh9F87vA.npz,-4.597883701324463,1
FakeVideo-RealAudio/African/women/id01661/00059_id02721_wavtolip.npz,-4.714557647705078,1
FakeVideo-RealAudio/African/women/id01661/00059_id02824_wavtolip.npz,-2.1346731185913086,1
FakeVideo-RealAudio/African/women/id01661/00059_id04055_0qrzF4HLXHY.npz,-4.674472808837891,1
FakeVideo-RealAudio/African/women/id01661/00059_id04055_wavtolip.npz,-4.9128007888793945,1
FakeVideo-RealAudio/African/women/id01661/00059_id04689_wavtolip.npz,-4.938966751098633,1
FakeVideo-RealAudio/African/women/id01661/00059_id04705_wavtolip.npz,-4.93297815322876,1
FakeVideo-RealAudio/African/women/id01661/00059_id04820_wavtolip.npz,-4.925963401794434,1
FakeVideo-RealAudio/African/women/id01661/00059_id04939_i4v2cXo9HIQ.npz,-4.704263687133789,1
FakeVideo-RealAudio/African/women/id01661/00059_id05252_CMxIX3absYM.npz,-4.632773399353027,1
FakeVideo-RealAudio/African/women/id03747/00273_0.npz,-3.9888992309570312,1
FakeVideo-RealAudio/African/women/id03747/00273_id00220_WlHLlTQKj8g.npz,-3.7644143104553223,1
FakeVideo-RealAudio/African/women/id03747/00273_id00359_RZMQan-7me4.npz,-3.7640862464904785,1
FakeVideo-RealAudio/African/women/id03747/00273_id01661_wavtolip.npz,-4.515701770782471,1
FakeVideo-RealAudio/African/women/id03747/00273_id01838_wavtolip.npz,-4.153019905090332,1
FakeVideo-RealAudio/African/women/id03747/00273_id01907_wavtolip.npz,-4.768889904022217,1
FakeVideo-RealAudio/African/women/id03747/00273_id02071_cHuDh9F87vA.npz,-3.763658046722412,1
FakeVideo-RealAudio/African/women/id03747/00273_id02301_wavtolip.npz,-4.745527267456055,1
FakeVideo-RealAudio/African/women/id03747/00273_id02617_wavtolip.npz,-4.138356685638428,1
FakeVideo-RealAudio/African/women/id03747/00273_id02824_glBy_mYcXZw.npz,-3.764523983001709,1
FakeVideo-RealAudio/African/women/id03747/00273_id02824_glBy_mYcXZw_faceswap.npz,-3.7647414207458496,1
FakeVideo-RealAudio/African/women/id03747/00273_id04055_wavtolip.npz,-4.898438930511475,1
FakeVideo-RealAudio/African/women/id03747/00273_id04374_SWltOOZmlWM.npz,-3.765030860900879,1
FakeVideo-RealAudio/African/women/id03747/00273_id04540_wavtolip.npz,-1.1540032625198364,1
FakeVideo-RealAudio/African/women/id03747/00273_id04689_0YqK1ksKjLg.npz,-3.7641525268554688,1
FakeVideo-RealAudio/African/women/id03747/00273_id04736_wavtolip.npz,-4.430901527404785,1
FakeVideo-RealAudio/African/women/id03747/00273_id04939_wavtolip.npz,-4.499309539794922,1
FakeVideo-RealAudio/African/women/id03747/00273_id05231_wfbM5puT6eQ.npz,-3.7639012336730957,1
FakeVideo-RealAudio/African/women/id03747/00273_id05235_ASy8lP3SRtw.npz,-3.764098644256592,1
FakeVideo-RealAudio/African/women/id03747/00273_id05251_wavtolip.npz,-4.28501033782959,1
FakeVideo-RealAudio/African/women/id03713/00249_id00359_wavtolip.npz,-4.8339056968688965,1
FakeVideo-RealAudio/African/women/id03713/00249_id00371_t20i0HtPwW0.npz,-4.419315338134766,1
FakeVideo-RealAudio/African/women/id03713/00249_id00460_9sVM1Crx1FA.npz,-4.5223212242126465,1
FakeVideo-RealAudio/African/women/id03713/00249_id00568_wavtolip.npz,-4.853150367736816,1
FakeVideo-RealAudio/African/women/id03713/00249_id01532_XnlWp_s_f7Q.npz,-4.559384346008301,1
FakeVideo-RealAudio/African/women/id03713/00249_id01907_wavtolip.npz,-4.8995208740234375,1
FakeVideo-RealAudio/African/women/id03713/00249_id02301_wavtolip.npz,-4.773663520812988,1
FakeVideo-RealAudio/African/women/id03713/00249_id02617_4EZjRXC4fLk_faceswap.npz,-4.540882110595703,1
FakeVideo-RealAudio/African/women/id03713/00249_id02721_wavtolip.npz,-4.658000469207764,1
FakeVideo-RealAudio/African/women/id03713/00249_id02824_glBy_mYcXZw.npz,-4.303051471710205,1
FakeVideo-RealAudio/African/women/id03713/00249_id02948_wavtolip.npz,-4.948658466339111,1
FakeVideo-RealAudio/African/women/id03713/00249_id03103_wiCYm3THQPw.npz,-4.508005142211914,1
FakeVideo-RealAudio/African/women/id03713/00249_id03658_8Wtu9VXKqjY.npz,-4.51833963394165,1
FakeVideo-RealAudio/African/women/id03713/00249_id03713_wavtolip.npz,-4.774740219116211,1
FakeVideo-RealAudio/African/women/id03713/00249_id04547_wavtolip.npz,-4.8573150634765625,1
FakeVideo-RealAudio/African/women/id03713/00249_id04689_wavtolip.npz,-4.90111780166626,1
FakeVideo-RealAudio/African/women/id03713/00249_id04736__D2k4fMhEfQ.npz,-4.526717662811279,1
FakeVideo-RealAudio/African/women/id03713/00249_id05231_wavtolip.npz,-4.880353927612305,1
FakeVideo-RealAudio/African/women/id02721/00424_0.npz,-0.05290883779525757,1
FakeVideo-RealAudio/African/women/id02721/00424_id00371_t20i0HtPwW0.npz,-4.441910743713379,1
FakeVideo-RealAudio/African/women/id02721/00424_id00568_gakhcJXnJZ8.npz,-4.510297775268555,1
FakeVideo-RealAudio/African/women/id02721/00424_id00577_wavtolip.npz,-4.733006477355957,1
FakeVideo-RealAudio/African/women/id02721/00424_id01838_wavtolip.npz,-4.499714374542236,1
FakeVideo-RealAudio/African/women/id02721/00424_id02586_dEYzYDsbAeo.npz,-4.445422172546387,1
FakeVideo-RealAudio/African/women/id02721/00424_id02586_wavtolip.npz,-4.945178508758545,1
FakeVideo-RealAudio/African/women/id02721/00424_id02617_wavtolip.npz,-4.684695720672607,1
FakeVideo-RealAudio/African/women/id02721/00424_id02808_nZtvxh6Eesc.npz,-4.479315757751465,1
FakeVideo-RealAudio/African/women/id02721/00424_id02808_wavtolip.npz,-4.6838836669921875,1
FakeVideo-RealAudio/African/women/id02721/00424_id02824_wavtolip.npz,-4.598917007446289,1
FakeVideo-RealAudio/African/women/id02721/00424_id02838_wavtolip.npz,-4.6888885498046875,1
FakeVideo-RealAudio/African/women/id02721/00424_id02948__ZEDGNWjuFE.npz,-4.525153160095215,1
FakeVideo-RealAudio/African/women/id02721/00424_id03569_wavtolip.npz,-4.967223167419434,1
FakeVideo-RealAudio/African/women/id02721/00424_id03658_8Wtu9VXKqjY.npz,-4.491855621337891,1
FakeVideo-RealAudio/African/women/id02721/00424_id03658_8Wtu9VXKqjY_faceswap.npz,-4.513459205627441,1
FakeVideo-RealAudio/African/women/id02721/00424_id04245_wavtolip.npz,-4.67222261428833,1
FakeVideo-RealAudio/African/women/id02721/00424_id04376_wavtolip.npz,-4.752101421356201,1
FakeVideo-RealAudio/African/women/id02721/00424_id04705_ziJ9JsYr4R0.npz,-4.443572998046875,1
FakeVideo-RealAudio/African/women/id02721/00424_id05231_wfbM5puT6eQ.npz,-4.3853864669799805,1
FakeVideo-RealAudio/African/women/id04547/00052_id00577_wavtolip.npz,-4.73516845703125,1
FakeVideo-RealAudio/African/women/id04547/00052_id00829_aMEvVaUBq2Y.npz,-4.686439514160156,1
FakeVideo-RealAudio/African/women/id04547/00052_id02071_wavtolip.npz,-4.989722728729248,1
FakeVideo-RealAudio/African/women/id04547/00052_id02508_wavtolip.npz,-4.66015100479126,1
FakeVideo-RealAudio/African/women/id04547/00052_id02586_dEYzYDsbAeo.npz,-4.69957160949707,1
FakeVideo-RealAudio/African/women/id04547/00052_id02721_wavtolip.npz,-4.515534400939941,1
FakeVideo-RealAudio/African/women/id04547/00052_id02824_wavtolip.npz,-4.6530656814575195,1
FakeVideo-RealAudio/African/women/id04547/00052_id03103_wiCYm3THQPw.npz,-4.703032970428467,1
FakeVideo-RealAudio/African/women/id04547/00052_id03656_draVIyyqLtk.npz,-4.70026969909668,1
FakeVideo-RealAudio/African/women/id04547/00052_id04374_SWltOOZmlWM.npz,-4.7002058029174805,1
FakeVideo-RealAudio/African/women/id04547/00052_id04376_wavtolip.npz,-4.751190662384033,1
FakeVideo-RealAudio/African/women/id04547/00052_id04540_9KNIjew03AQ.npz,-4.705740451812744,1
FakeVideo-RealAudio/African/women/id04547/00052_id04540_wavtolip.npz,-1.3404085636138916,1
FakeVideo-RealAudio/African/women/id04547/00052_id04820_wavtolip.npz,-4.808144569396973,1
FakeVideo-RealAudio/African/women/id04547/00052_id04939_i4v2cXo9HIQ.npz,-4.6995673179626465,1
FakeVideo-RealAudio/African/women/id04547/00052_id05106_wavtolip.npz,-4.334280967712402,1
FakeVideo-RealAudio/African/women/id04547/00052_id05251_wavtolip.npz,-4.715053558349609,1
FakeVideo-RealAudio/African/women/id00220/00027.npz,-4.541049480438232,1
FakeVideo-RealAudio/African/women/id00220/00027_id00371_t20i0HtPwW0.npz,-4.606033802032471,1
FakeVideo-RealAudio/African/women/id00220/00027_id00568_wavtolip.npz,-4.798354148864746,1
FakeVideo-RealAudio/African/women/id00220/00027_id00707_wavtolip.npz,-3.5603487491607666,1
FakeVideo-RealAudio/African/women/id00220/00027_id01178_6XpgYMiKxhc.npz,-4.555160999298096,1
FakeVideo-RealAudio/African/women/id00220/00027_id01907_LBcRkuRq0uY.npz,-4.576231956481934,1
FakeVideo-RealAudio/African/women/id00220/00027_id02071_wavtolip.npz,-4.989731311798096,1
FakeVideo-RealAudio/African/women/id00220/00027_id02721_wavtolip.npz,-4.550812721252441,1
FakeVideo-RealAudio/African/women/id00220/00027_id02824_glBy_mYcXZw.npz,-4.570563316345215,1
FakeVideo-RealAudio/African/women/id00220/00027_id02838_wavtolip.npz,-4.92595100402832,1
FakeVideo-RealAudio/African/women/id00220/00027_id03103_wavtolip.npz,-4.7977213859558105,1
FakeVideo-RealAudio/African/women/id00220/00027_id03569_YO0EpPm9p-8.npz,-4.613903045654297,1
FakeVideo-RealAudio/African/women/id00220/00027_id03656_wavtolip.npz,-4.92863655090332,1
FakeVideo-RealAudio/African/women/id00220/00027_id04705_wavtolip.npz,-4.925826072692871,1
FakeVideo-RealAudio/African/women/id00220/00027_id04820_wavtolip.npz,-4.909482955932617,1
FakeVideo-RealAudio/African/women/id00220/00027_id04939_i4v2cXo9HIQ.npz,-4.73023796081543,1
FakeVideo-RealAudio/African/women/id00220/00027_id05251_wavtolip.npz,-4.4010725021362305,1
FakeVideo-RealAudio/African/women/id04820/00015_id00832_wavtolip.npz,-4.65237283706665,1
FakeVideo-RealAudio/African/women/id04820/00015_id01783_wavtolip.npz,-4.818105220794678,1
FakeVideo-RealAudio/African/women/id04820/00015_id02071_wavtolip.npz,-4.98969030380249,1
FakeVideo-RealAudio/African/women/id04820/00015_id02721_wavtolip.npz,-4.5385918617248535,1
FakeVideo-RealAudio/African/women/id04820/00015_id02948__ZEDGNWjuFE.npz,-4.792025566101074,1
FakeVideo-RealAudio/African/women/id04820/00015_id02948__ZEDGNWjuFE_faceswap.npz,-4.794196128845215,1
FakeVideo-RealAudio/African/women/id04820/00015_id03103_wavtolip.npz,-4.729898452758789,1
FakeVideo-RealAudio/African/women/id04820/00015_id03656_wavtolip.npz,-4.819640636444092,1
FakeVideo-RealAudio/African/women/id04820/00015_id04374_wavtolip.npz,-4.812830924987793,1
FakeVideo-RealAudio/African/women/id04820/00015_id04705_wavtolip.npz,-4.812793731689453,1
FakeVideo-RealAudio/African/women/id04820/00015_id05251_wavtolip.npz,-4.399396896362305,1
FakeVideo-RealAudio/African/women/id04820/00015_id05980_wavtolip.npz,-4.179476261138916,1
FakeVideo-RealAudio/African/women/id04736/00083_0.npz,-4.901153564453125,1
FakeVideo-RealAudio/African/women/id04736/00083_id00359_wavtolip.npz,-4.414126396179199,1
FakeVideo-RealAudio/African/women/id04736/00083_id00568_wavtolip.npz,-4.223536491394043,1
FakeVideo-RealAudio/African/women/id04736/00083_id00829_wavtolip.npz,-4.435318946838379,1
FakeVideo-RealAudio/African/women/id04736/00083_id01178_wavtolip.npz,-4.674058437347412,1
FakeVideo-RealAudio/African/women/id04736/00083_id02071_wavtolip.npz,-4.989930152893066,1
FakeVideo-RealAudio/African/women/id04736/00083_id02824_wavtolip.npz,-4.611039161682129,1
FakeVideo-RealAudio/African/women/id04736/00083_id03569_wavtolip.npz,-4.953887462615967,1
FakeVideo-RealAudio/African/women/id04736/00083_id03713_wavtolip.npz,-4.7633891105651855,1
FakeVideo-RealAudio/African/women/id04736/00083_id04055_wavtolip.npz,-4.903866291046143,1
FakeVideo-RealAudio/African/women/id04736/00083_id04547_wavtolip.npz,-4.7190656661987305,1
FakeVideo-RealAudio/African/women/id04736/00083_id05235_ASy8lP3SRtw.npz,-4.378100395202637,1
FakeVideo-RealAudio/African/women/id04736/00083_id05235_ASy8lP3SRtw_faceswap.npz,-4.379586219787598,1
FakeVideo-RealAudio/African/women/id04376/00181_id00220_WlHLlTQKj8g.npz,-4.735116958618164,1
FakeVideo-RealAudio/African/women/id04376/00181_id00460_wavtolip.npz,-4.752516269683838,1
FakeVideo-RealAudio/African/women/id04376/00181_id00829_aMEvVaUBq2Y.npz,-4.731215953826904,1
FakeVideo-RealAudio/African/women/id04376/00181_id01178_wavtolip.npz,-4.7507405281066895,1
FakeVideo-RealAudio/African/women/id04376/00181_id02071_wavtolip.npz,-4.990016937255859,1
FakeVideo-RealAudio/African/women/id04376/00181_id02586_dEYzYDsbAeo.npz,-4.733607292175293,1
FakeVideo-RealAudio/African/women/id04376/00181_id02838_kaCQlSGlLe8.npz,-4.734290599822998,1
FakeVideo-RealAudio/African/women/id04376/00181_id03569_wavtolip.npz,-4.935281753540039,1
FakeVideo-RealAudio/African/women/id04376/00181_id03658_8Wtu9VXKqjY.npz,-4.7353835105896,1
FakeVideo-RealAudio/African/women/id04376/00181_id04245_wavtolip.npz,-4.745349884033203,1
FakeVideo-RealAudio/African/women/id04376/00181_id04374_SWltOOZmlWM.npz,-4.733240127563477,1
FakeVideo-RealAudio/African/women/id04376/00181_id04437_2csrqaF55pk_faceswap.npz,-4.735479831695557,1
FakeVideo-RealAudio/African/women/id04376/00181_id04547_wavtolip.npz,-4.7164106369018555,1
FakeVideo-RealAudio/African/women/id04376/00181_id04689_wavtolip.npz,-4.752461910247803,1
FakeVideo-RealAudio/African/women/id04376/00181_id04705_wavtolip.npz,-4.751919269561768,1
FakeVideo-RealAudio/African/women/id04376/00181_id04820_wavtolip.npz,-4.816775798797607,1
FakeVideo-RealAudio/African/women/id04376/00181_id05231_wavtolip.npz,-4.7508745193481445,1
FakeVideo-RealAudio/African/women/id04374/00032_id00460_wavtolip.npz,-4.6518449783325195,1
FakeVideo-RealAudio/African/women/id04374/00032_id00568_wavtolip.npz,-4.33361291885376,1
FakeVideo-RealAudio/African/women/id04374/00032_id00577_wavtolip.npz,-4.745753765106201,1
FakeVideo-RealAudio/African/women/id04374/00032_id00707_feeHCIlo6jg.npz,-4.426697731018066,1
FakeVideo-RealAudio/African/women/id04374/00032_id02586_dEYzYDsbAeo.npz,-4.383535861968994,1
FakeVideo-RealAudio/African/women/id04374/00032_id02586_wavtolip.npz,-4.938450336456299,1
FakeVideo-RealAudio/African/women/id04374/00032_id02721_wavtolip.npz,-4.534248352050781,1
FakeVideo-RealAudio/African/women/id04374/00032_id02808_wavtolip.npz,-4.48801851272583,1
FakeVideo-RealAudio/African/women/id04374/00032_id02838_kaCQlSGlLe8.npz,-4.448692798614502,1
FakeVideo-RealAudio/African/women/id04374/00032_id03656_draVIyyqLtk.npz,-4.4530229568481445,1
FakeVideo-RealAudio/African/women/id04374/00032_id03658_wavtolip.npz,-4.401787281036377,1
FakeVideo-RealAudio/African/women/id04374/00032_id04374_wavtolip.npz,-4.421780586242676,1
FakeVideo-RealAudio/African/women/id04374/00032_id04547_3Qy2g2M47Aw.npz,-4.419919490814209,1
FakeVideo-RealAudio/African/women/id04374/00032_id04689_0YqK1ksKjLg_faceswap.npz,-4.41679573059082,1
FakeVideo-RealAudio/African/women/id04374/00032_id05231_wfbM5puT6eQ.npz,-4.390810966491699,1
FakeVideo-RealAudio/African/women/id04374/00032_id05235_wavtolip.npz,-4.614114761352539,1
FakeVideo-RealAudio/African/women/id04374/00032_id05251_wavtolip.npz,-4.564756870269775,1
FakeVideo-RealAudio/African/women/id02824/00130_id00568_wavtolip.npz,-4.667601585388184,1
FakeVideo-RealAudio/African/women/id02824/00130_id00592_wavtolip.npz,-4.734626770019531,1
FakeVideo-RealAudio/African/women/id02824/00130_id00707_wavtolip.npz,-4.1241912841796875,1
FakeVideo-RealAudio/African/women/id02824/00130_id00832_Jr4-dXRChME.npz,-4.700023174285889,1
FakeVideo-RealAudio/African/women/id02824/00130_id01661_SdP_Monh-_4.npz,-4.684625625610352,1
FakeVideo-RealAudio/African/women/id02824/00130_id01661_wavtolip.npz,-4.737360954284668,1
FakeVideo-RealAudio/African/women/id02824/00130_id02617_wavtolip.npz,-4.730689525604248,1
FakeVideo-RealAudio/African/women/id02824/00130_id02948_wavtolip.npz,-4.948691368103027,1
FakeVideo-RealAudio/African/women/id02824/00130_id03656_draVIyyqLtk.npz,-4.686374187469482,1
FakeVideo-RealAudio/African/women/id02824/00130_id03747_wQOOhZvnrq4.npz,-4.694875717163086,1
FakeVideo-RealAudio/African/women/id02824/00130_id03747_wQOOhZvnrq4_faceswap.npz,-4.6952223777771,1
FakeVideo-RealAudio/African/women/id02824/00130_id04245_wavtolip.npz,-4.733023166656494,1
FakeVideo-RealAudio/African/women/id02824/00130_id04540_wavtolip.npz,-1.2073166370391846,1
FakeVideo-RealAudio/African/women/id02824/00130_id04705_ziJ9JsYr4R0.npz,-4.69096565246582,1
FakeVideo-RealAudio/African/women/id02824/00130_id04736_wavtolip.npz,-4.6694016456604,1
FakeVideo-RealAudio/African/women/id02824/00130_id05231_wfbM5puT6eQ.npz,-4.685681343078613,1
FakeVideo-RealAudio/African/women/id02824/00130_id05251_wavtolip.npz,-4.759929656982422,1
FakeVideo-RealAudio/African/women/id02824/00130_id05252_CMxIX3absYM.npz,-4.695467948913574,1
FakeVideo-RealAudio/Caucasian (American)/men/id04216/00470_0.npz,-4.814925193786621,1
FakeVideo-RealAudio/Caucasian (American)/men/id04216/00470_id00018_sap-FjURHlc.npz,-4.589998722076416,1
FakeVideo-RealAudio/Caucasian (American)/men/id04216/00470_id00018_wavtolip.npz,-4.713591575622559,1
FakeVideo-RealAudio/Caucasian (American)/men/id04216/00470_id00029_TGpCGl036qk.npz,-4.65878963470459,1
FakeVideo-RealAudio/Caucasian (American)/men/id04216/00470_id00029_TGpCGl036qk_faceswap.npz,-4.66464376449585,1
FakeVideo-RealAudio/Caucasian (American)/men/id04216/00470_id00060_wavtolip.npz,-4.379524230957031,1
FakeVideo-RealAudio/Caucasian (American)/men/id04216/00470_id00062_bctnrIvZHTs.npz,-4.583466529846191,1
FakeVideo-RealAudio/Caucasian (American)/men/id04216/00470_id00169__V1xAwwG29U.npz,-4.644996643066406,1
FakeVideo-RealAudio/Caucasian (American)/men/id04216/00470_id00179_Ux9OYyipQi8.npz,-4.542428016662598,1
FakeVideo-RealAudio/Caucasian (American)/men/id04216/00470_id00179_wavtolip.npz,-4.759068012237549,1
FakeVideo-RealAudio/Caucasian (American)/men/id04216/00470_id00243_wavtolip.npz,-4.5292863845825195,1
FakeVideo-RealAudio/Caucasian (American)/men/id04216/00470_id00529_wavtolip.npz,-4.615036964416504,1
FakeVideo-RealAudio/Caucasian (American)/men/id04216/00470_id00945_wavtolip.npz,-4.4071364402771,1
FakeVideo-RealAudio/Caucasian (American)/men/id04216/00470_id00971_wavtolip.npz,-4.58024263381958,1
FakeVideo-RealAudio/Caucasian (American)/men/id04216/00470_id01044_yL58R6zBNf4.npz,-4.651222229003906,1
FakeVideo-RealAudio/Caucasian (American)/men/id04216/00470_id01096_wavtolip.npz,-4.6817450523376465,1
FakeVideo-RealAudio/Caucasian (American)/men/id04216/00470_id01105_qxMlGJlyfA8.npz,-4.638099670410156,1
FakeVideo-RealAudio/Caucasian (American)/men/id04216/00470_id01163_QSMeUEH3lJM.npz,-4.666049957275391,1
FakeVideo-RealAudio/Caucasian (American)/men/id04216/00470_id01210_wavtolip.npz,-4.926645755767822,1
FakeVideo-RealAudio/Caucasian (American)/men/id04216/00470_id01239_gJvquKo7kbA.npz,-4.658539772033691,1
FakeVideo-RealAudio/Caucasian (American)/men/id04216/00470_id03757_wavtolip.npz,-4.870977401733398,1
FakeVideo-RealAudio/Caucasian (American)/men/id04216/00470_id04073_KT7B07WFWyM.npz,-4.6209635734558105,1
FakeVideo-RealAudio/Caucasian (American)/men/id03525/00048_0.npz,-3.1272647380828857,1
FakeVideo-RealAudio/Caucasian (American)/men/id03525/00048_1.npz,-4.654367923736572,1
FakeVideo-RealAudio/Caucasian (American)/men/id03525/00048_2.npz,-4.864572525024414,1
FakeVideo-RealAudio/Caucasian (American)/men/id03525/00048_id00060_gZ4RkcQ0SXE.npz,-3.754293203353882,1
FakeVideo-RealAudio/Caucasian (American)/men/id03525/00048_id00062_bctnrIvZHTs.npz,-3.563955783843994,1
FakeVideo-RealAudio/Caucasian (American)/men/id03525/00048_id00087_0ZbOp9FgZf8.npz,-3.7385168075561523,1
FakeVideo-RealAudio/Caucasian (American)/men/id03525/00048_id00264_wavtolip.npz,-4.7985968589782715,1
FakeVideo-RealAudio/Caucasian (American)/men/id03525/00048_id00529_xtx2GeQN-DQ.npz,-3.661374568939209,1
FakeVideo-RealAudio/Caucasian (American)/men/id03525/00048_id00708_wavtolip.npz,-4.847405433654785,1
FakeVideo-RealAudio/Caucasian (American)/men/id03525/00048_id00945_V-rSeF8o5pc.npz,-3.22458553314209,1
FakeVideo-RealAudio/Caucasian (American)/men/id03525/00048_id01044_wavtolip.npz,-4.475851535797119,1
FakeVideo-RealAudio/Caucasian (American)/men/id03525/00048_id01044_yL58R6zBNf4.npz,-3.3873257637023926,1
FakeVideo-RealAudio/Caucasian (American)/men/id03525/00048_id01096_wavtolip.npz,-4.476712226867676,1
FakeVideo-RealAudio/Caucasian (American)/men/id03525/00048_id01163_QSMeUEH3lJM.npz,-3.597557544708252,1
FakeVideo-RealAudio/Caucasian (American)/men/id03525/00048_id01163_wavtolip.npz,-4.28803014755249,1
FakeVideo-RealAudio/Caucasian (American)/men/id03525/00048_id01182_wavtolip.npz,-3.716423749923706,1
FakeVideo-RealAudio/Caucasian (American)/men/id03525/00048_id01210_sMdOO7NqsGY.npz,-3.504746437072754,1
FakeVideo-RealAudio/Caucasian (American)/men/id03525/00048_id01211_wavtolip.npz,-4.626967430114746,1
FakeVideo-RealAudio/Caucasian (American)/men/id03525/00048_id01239_wavtolip.npz,-4.4164323806762695,1
FakeVideo-RealAudio/Caucasian (American)/men/id03525/00048_id03668_wavtolip.npz,-4.4762701988220215,1
FakeVideo-RealAudio/Caucasian (American)/men/id03525/00048_id03757_L-M-XbdFLQM.npz,-3.8643126487731934,1
FakeVideo-RealAudio/Caucasian (American)/men/id03525/00048_id04219_wavtolip.npz,-4.874634742736816,1
FakeVideo-RealAudio/Caucasian (American)/men/id03525/00048_id04221_5XfsCrxGvj4.npz,-3.3405489921569824,1
FakeVideo-RealAudio/Caucasian (American)/men/id03525/00048_id04221_5XfsCrxGvj4_faceswap.npz,-3.4376718997955322,1
FakeVideo-RealAudio/Caucasian (American)/men/id03757/00149_0.npz,-3.128720760345459,1
FakeVideo-RealAudio/Caucasian (American)/men/id03757/00149_1.npz,-4.6521148681640625,1
FakeVideo-RealAudio/Caucasian (American)/men/id03757/00149_3.npz,-3.4347434043884277,1
FakeVideo-RealAudio/Caucasian (American)/men/id03757/00149_id00018_sap-FjURHlc.npz,-4.885830879211426,1
FakeVideo-RealAudio/Caucasian (American)/men/id03757/00149_id00020_VXYAbbQWyQM.npz,-4.883305549621582,1
FakeVideo-RealAudio/Caucasian (American)/men/id03757/00149_id00049_wavtolip.npz,-4.649885654449463,1
FakeVideo-RealAudio/Caucasian (American)/men/id03757/00149_id00087_0ZbOp9FgZf8.npz,-4.868114471435547,1
FakeVideo-RealAudio/Caucasian (American)/men/id03757/00149_id00169__V1xAwwG29U.npz,-4.857630252838135,1
FakeVideo-RealAudio/Caucasian (American)/men/id03757/00149_id00243_wavtolip.npz,-4.699329376220703,1
FakeVideo-RealAudio/Caucasian (American)/men/id03757/00149_id00696_wavtolip.npz,-4.731799602508545,1
FakeVideo-RealAudio/Caucasian (American)/men/id03757/00149_id00775_yeCUxHgUHxc.npz,-4.872082233428955,1
FakeVideo-RealAudio/Caucasian (American)/men/id03757/00149_id00943_wavtolip.npz,-4.184207439422607,1
FakeVideo-RealAudio/Caucasian (American)/men/id03757/00149_id00945_wavtolip.npz,-4.2605180740356445,1
FakeVideo-RealAudio/Caucasian (American)/men/id03757/00149_id00971_edWrVVn-rC4.npz,-4.8794684410095215,1
FakeVideo-RealAudio/Caucasian (American)/men/id03757/00149_id01042_wavtolip.npz,-4.410004615783691,1
FakeVideo-RealAudio/Caucasian (American)/men/id03757/00149_id01124_wavtolip.npz,-4.909496307373047,1
FakeVideo-RealAudio/Caucasian (American)/men/id03757/00149_id01168_Uz7M0nTbgWM.npz,-4.886774063110352,1
FakeVideo-RealAudio/Caucasian (American)/men/id03757/00149_id01168_Uz7M0nTbgWM_faceswap.npz,-4.863821506500244,1
FakeVideo-RealAudio/Caucasian (American)/men/id03757/00149_id01168_wavtolip.npz,-4.8989129066467285,1
FakeVideo-RealAudio/Caucasian (American)/men/id03757/00149_id01172_8f8sdrQatpw.npz,-4.860964775085449,1
FakeVideo-RealAudio/Caucasian (American)/men/id03757/00149_id01201_Q8XWfmNiWYA.npz,-4.867001056671143,1
FakeVideo-RealAudio/Caucasian (American)/men/id03757/00149_id01239_wavtolip.npz,-4.809969425201416,1
FakeVideo-RealAudio/Caucasian (American)/men/id03757/00149_id04034_8ZeJXbjFa_o.npz,-4.879020690917969,1
FakeVideo-RealAudio/Caucasian (American)/men/id03757/00149_id04216_wavtolip.npz,-4.903932094573975,1
FakeVideo-RealAudio/Caucasian (American)/men/id00169/00021_0.npz,-4.311121940612793,1
FakeVideo-RealAudio/Caucasian (American)/men/id00169/00021_id00018_sap-FjURHlc.npz,-4.7369914054870605,1
FakeVideo-RealAudio/Caucasian (American)/men/id00169/00021_id00029_wavtolip.npz,-4.760411739349365,1
FakeVideo-RealAudio/Caucasian (American)/men/id00169/00021_id00088_wavtolip.npz,-4.722642421722412,1
FakeVideo-RealAudio/Caucasian (American)/men/id00169/00021_id00179_Ux9OYyipQi8.npz,-4.740020751953125,1
FakeVideo-RealAudio/Caucasian (American)/men/id00169/00021_id00179_Ux9OYyipQi8_faceswap.npz,-4.739796161651611,1
FakeVideo-RealAudio/Caucasian (American)/men/id00169/00021_id00184_wavtolip.npz,-4.759648323059082,1
FakeVideo-RealAudio/Caucasian (American)/men/id00169/00021_id00696_7PrURACjhqU.npz,-4.739530086517334,1
FakeVideo-RealAudio/Caucasian (American)/men/id00169/00021_id00696_wavtolip.npz,-4.630801200866699,1
FakeVideo-RealAudio/Caucasian (American)/men/id00169/00021_id00775_wavtolip.npz,-4.507780075073242,1
FakeVideo-RealAudio/Caucasian (American)/men/id00169/00021_id01035_wavtolip.npz,-4.751746654510498,1
FakeVideo-RealAudio/Caucasian (American)/men/id00169/00021_id01048_keflA4viWt8.npz,-4.740347385406494,1
FakeVideo-RealAudio/Caucasian (American)/men/id00169/00021_id01163_QSMeUEH3lJM.npz,-4.740164756774902,1
FakeVideo-RealAudio/Caucasian (American)/men/id00169/00021_id01163_wavtolip.npz,-4.278335094451904,1
FakeVideo-RealAudio/Caucasian (American)/men/id00169/00021_id01175_wavtolip.npz,-3.5895793437957764,1
FakeVideo-RealAudio/Caucasian (American)/men/id00169/00021_id01182_wavtolip.npz,-4.293313026428223,1
FakeVideo-RealAudio/Caucasian (American)/men/id00169/00021_id01192_kAht8HG7-1s.npz,-4.733964443206787,1
FakeVideo-RealAudio/Caucasian (American)/men/id00169/00021_id01201_Q8XWfmNiWYA.npz,-4.738977909088135,1
FakeVideo-RealAudio/Caucasian (American)/men/id00169/00021_id03525_wavtolip.npz,-3.863780975341797,1
FakeVideo-RealAudio/Caucasian (American)/men/id00169/00021_id03668_mjurT3_7DpE.npz,-4.739241600036621,1
FakeVideo-RealAudio/Caucasian (American)/men/id00169/00021_id03678_dsfCxodI9i8.npz,-4.738896369934082,1
FakeVideo-RealAudio/Caucasian (American)/men/id00169/00021_id04216_uDwxIsHkBIM.npz,-4.740644454956055,1
FakeVideo-RealAudio/Caucasian (American)/men/id00184/00241_id00018_sap-FjURHlc.npz,-4.60556697845459,1
FakeVideo-RealAudio/Caucasian (American)/men/id00184/00241_id00018_wavtolip.npz,-4.74088191986084,1
FakeVideo-RealAudio/Caucasian (American)/men/id00184/00241_id00062_bctnrIvZHTs.npz,-4.606985569000244,1
FakeVideo-RealAudio/Caucasian (American)/men/id00184/00241_id00062_wavtolip.npz,-4.615151405334473,1
FakeVideo-RealAudio/Caucasian (American)/men/id00184/00241_id00087_0ZbOp9FgZf8.npz,-4.60716438293457,1
FakeVideo-RealAudio/Caucasian (American)/men/id00184/00241_id00087_0ZbOp9FgZf8_faceswap.npz,-4.607028007507324,1
FakeVideo-RealAudio/Caucasian (American)/men/id00184/00241_id00184_wavtolip.npz,-4.614149570465088,1
FakeVideo-RealAudio/Caucasian (American)/men/id00184/00241_id00264_wavtolip.npz,-4.799053192138672,1
FakeVideo-RealAudio/Caucasian (American)/men/id00184/00241_id00529_wavtolip.npz,-4.650259971618652,1
FakeVideo-RealAudio/Caucasian (American)/men/id00184/00241_id01042_afqWPqWwJIY.npz,-4.606200695037842,1
FakeVideo-RealAudio/Caucasian (American)/men/id00184/00241_id01044_wavtolip.npz,-4.615375518798828,1
FakeVideo-RealAudio/Caucasian (American)/men/id00184/00241_id01048_keflA4viWt8.npz,-4.606376647949219,1
FakeVideo-RealAudio/Caucasian (American)/men/id00184/00241_id01163_wavtolip.npz,-4.44242000579834,1
FakeVideo-RealAudio/Caucasian (American)/men/id00184/00241_id01201_Q8XWfmNiWYA.npz,-4.606998920440674,1
FakeVideo-RealAudio/Caucasian (American)/men/id00184/00241_id03668_wavtolip.npz,-4.614735126495361,1
FakeVideo-RealAudio/Caucasian (American)/men/id00184/00241_id03757_L-M-XbdFLQM.npz,-4.607201099395752,1
FakeVideo-RealAudio/Caucasian (American)/men/id00184/00241_id03757_wavtolip.npz,-4.881557464599609,1
FakeVideo-RealAudio/Caucasian (American)/men/id00184/00241_id04034_wavtolip.npz,-4.59838342666626,1
FakeVideo-RealAudio/Caucasian (American)/men/id00184/00241_id04216_uDwxIsHkBIM.npz,-4.606935501098633,1
FakeVideo-RealAudio/Caucasian (American)/men/id00184/00241_id04219_9llHvP-jYDg.npz,-4.607823371887207,1
FakeVideo-RealAudio/Caucasian (American)/men/id00184/00241_id04221_5XfsCrxGvj4.npz,-4.607255935668945,1
FakeVideo-RealAudio/Caucasian (American)/men/id00021/00010_id00018_sap-FjURHlc.npz,-4.769964218139648,1
FakeVideo-RealAudio/Caucasian (American)/men/id00021/00010_id00029_wavtolip.npz,-4.810039043426514,1
FakeVideo-RealAudio/Caucasian (American)/men/id00021/00010_id00049_wavtolip.npz,-4.587522506713867,1
FakeVideo-RealAudio/Caucasian (American)/men/id00021/00010_id00052_NK_leX996Yk.npz,-4.774013519287109,1
FakeVideo-RealAudio/Caucasian (American)/men/id00021/00010_id00088_6WIDWxr8vuU.npz,-4.782299995422363,1
FakeVideo-RealAudio/Caucasian (American)/men/id00021/00010_id00088_6WIDWxr8vuU_faceswap.npz,-4.738430023193359,1
FakeVideo-RealAudio/Caucasian (American)/men/id00021/00010_id00088_wavtolip.npz,-4.683962821960449,1
FakeVideo-RealAudio/Caucasian (American)/men/id00021/00010_id00169_wavtolip.npz,-4.809892177581787,1
FakeVideo-RealAudio/Caucasian (American)/men/id00021/00010_id00179_Ux9OYyipQi8.npz,-4.761538505554199,1
FakeVideo-RealAudio/Caucasian (American)/men/id00021/00010_id00179_wavtolip.npz,-4.745162010192871,1
FakeVideo-RealAudio/Caucasian (American)/men/id00021/00010_id00775_wavtolip.npz,-4.457862377166748,1
FakeVideo-RealAudio/Caucasian (American)/men/id00021/00010_id00943_LxSv2rnBGA8.npz,-4.780585765838623,1
FakeVideo-RealAudio/Caucasian (American)/men/id00021/00010_id00943_wavtolip.npz,-4.5678486824035645,1
FakeVideo-RealAudio/Caucasian (American)/men/id00021/00010_id01035_6EWG3Ywu3jg.npz,-4.7761664390563965,1
FakeVideo-RealAudio/Caucasian (American)/men/id00021/00010_id01124_wavtolip.npz,-4.777688980102539,1
FakeVideo-RealAudio/Caucasian (American)/men/id00021/00010_id01175_Q_36xlWL6_o.npz,-4.774445533752441,1
FakeVideo-RealAudio/Caucasian (American)/men/id00021/00010_id01192_kAht8HG7-1s.npz,-4.775523662567139,1
FakeVideo-RealAudio/Caucasian (American)/men/id00021/00010_id01210_wavtolip.npz,-4.927801132202148,1
FakeVideo-RealAudio/Caucasian (American)/men/id00021/00010_id03525_wavtolip.npz,-3.4181954860687256,1
FakeVideo-RealAudio/Caucasian (American)/men/id00021/00010_id04073_KT7B07WFWyM.npz,-4.772837162017822,1
FakeVideo-RealAudio/Caucasian (American)/men/id00021/00010_id04216_uDwxIsHkBIM.npz,-4.776947021484375,1
FakeVideo-RealAudio/Caucasian (American)/men/id01163/00195_0.npz,-2.00543475151062,1
FakeVideo-RealAudio/Caucasian (American)/men/id01163/00195_id00018_sap-FjURHlc.npz,-4.30410099029541,1
FakeVideo-RealAudio/Caucasian (American)/men/id01163/00195_id00018_sap-FjURHlc_faceswap.npz,-4.317477226257324,1
FakeVideo-RealAudio/Caucasian (American)/men/id01163/00195_id00060_gZ4RkcQ0SXE.npz,-4.475586414337158,1
FakeVideo-RealAudio/Caucasian (American)/men/id01163/00195_id00062_bctnrIvZHTs.npz,-4.562492370605469,1
FakeVideo-RealAudio/Caucasian (American)/men/id01163/00195_id00062_wavtolip.npz,-4.767449855804443,1
FakeVideo-RealAudio/Caucasian (American)/men/id01163/00195_id00088_6WIDWxr8vuU.npz,-4.345017910003662,1
FakeVideo-RealAudio/Caucasian (American)/men/id01163/00195_id00169__V1xAwwG29U.npz,-4.459420680999756,1
FakeVideo-RealAudio/Caucasian (American)/men/id01163/00195_id00179_Ux9OYyipQi8.npz,-4.439188003540039,1
FakeVideo-RealAudio/Caucasian (American)/men/id01163/00195_id00529_wavtolip.npz,-4.691977500915527,1
FakeVideo-RealAudio/Caucasian (American)/men/id01163/00195_id00529_xtx2GeQN-DQ.npz,-4.527226448059082,1
FakeVideo-RealAudio/Caucasian (American)/men/id01163/00195_id00708_wavtolip.npz,-4.846569061279297,1
FakeVideo-RealAudio/Caucasian (American)/men/id01163/00195_id01035_wavtolip.npz,-4.752779006958008,1
FakeVideo-RealAudio/Caucasian (American)/men/id01163/00195_id01096_wavtolip.npz,-4.764421463012695,1
FakeVideo-RealAudio/Caucasian (American)/men/id01163/00195_id01124_Lnf2oGSM00s.npz,-4.4893388748168945,1
FakeVideo-RealAudio/Caucasian (American)/men/id01163/00195_id01192_kAht8HG7-1s.npz,-4.374907970428467,1
FakeVideo-RealAudio/Caucasian (American)/men/id01163/00195_id01239_wavtolip.npz,-4.670514106750488,1
FakeVideo-RealAudio/Caucasian (American)/men/id01163/00195_id03525_wavtolip.npz,-3.553839683532715,1
FakeVideo-RealAudio/Caucasian (American)/men/id01163/00195_id03668_wavtolip.npz,-4.765388011932373,1
FakeVideo-RealAudio/Caucasian (American)/men/id01163/00195_id03757_wavtolip.npz,-4.876650810241699,1
FakeVideo-RealAudio/Caucasian (American)/men/id01163/00195_id04073_wavtolip.npz,-4.754875659942627,1
FakeVideo-RealAudio/Caucasian (American)/men/id01163/00195_id04216_uDwxIsHkBIM.npz,-4.450230598449707,1
FakeVideo-RealAudio/Caucasian (American)/men/id00088/00005_id00018_sap-FjURHlc.npz,-4.587624549865723,1
FakeVideo-RealAudio/Caucasian (American)/men/id00088/00005_id00021_6uNNej-JZ-c.npz,-4.580811500549316,1
FakeVideo-RealAudio/Caucasian (American)/men/id00088/00005_id00021_6uNNej-JZ-c_faceswap.npz,-4.663504600524902,1
FakeVideo-RealAudio/Caucasian (American)/men/id00088/00005_id00049_S_EHTUF-mQY.npz,-4.63766622543335,1
FakeVideo-RealAudio/Caucasian (American)/men/id00088/00005_id00052_NK_leX996Yk.npz,-4.622253894805908,1
FakeVideo-RealAudio/Caucasian (American)/men/id00088/00005_id00060_gZ4RkcQ0SXE.npz,-4.577884674072266,1
FakeVideo-RealAudio/Caucasian (American)/men/id00088/00005_id00087_wavtolip.npz,-4.7428154945373535,1
FakeVideo-RealAudio/Caucasian (American)/men/id00088/00005_id00243_oWwEIXM3oZQ.npz,-4.630181312561035,1
FakeVideo-RealAudio/Caucasian (American)/men/id00088/00005_id00945_wavtolip.npz,-4.444996356964111,1
FakeVideo-RealAudio/Caucasian (American)/men/id00088/00005_id01035_wavtolip.npz,-4.757516860961914,1
FakeVideo-RealAudio/Caucasian (American)/men/id00088/00005_id01124_Lnf2oGSM00s.npz,-4.640387535095215,1
FakeVideo-RealAudio/Caucasian (American)/men/id00088/00005_id01163_QSMeUEH3lJM.npz,-4.635468482971191,1
FakeVideo-RealAudio/Caucasian (American)/men/id00088/00005_id01168_wavtolip.npz,-4.76645565032959,1
FakeVideo-RealAudio/Caucasian (American)/men/id00088/00005_id01182_wavtolip.npz,-4.114800453186035,1
FakeVideo-RealAudio/Caucasian (American)/men/id00088/00005_id01182_zca-PHR_U40.npz,-4.641317367553711,1
FakeVideo-RealAudio/Caucasian (American)/men/id00088/00005_id01201_Q8XWfmNiWYA.npz,-4.576143741607666,1
FakeVideo-RealAudio/Caucasian (American)/men/id00088/00005_id01211_wavtolip.npz,-4.73602294921875,1
FakeVideo-RealAudio/Caucasian (American)/men/id00088/00005_id03525_wavtolip.npz,-3.8828155994415283,1
FakeVideo-RealAudio/Caucasian (American)/men/id00088/00005_id04073_wavtolip.npz,-4.758660316467285,1
FakeVideo-RealAudio/Caucasian (American)/men/id00088/00005_id04219_wavtolip.npz,-4.891735076904297,1
FakeVideo-RealAudio/Caucasian (American)/men/id00088/00005_id04221_wavtolip.npz,-4.538925647735596,1
FakeVideo-RealAudio/Caucasian (American)/men/id00264/00257_0.npz,-4.331355094909668,1
FakeVideo-RealAudio/Caucasian (American)/men/id00264/00257_1.npz,-4.907967567443848,1
FakeVideo-RealAudio/Caucasian (American)/men/id00264/00257_2.npz,-3.7577710151672363,1
FakeVideo-RealAudio/Caucasian (American)/men/id00264/00257_3.npz,-1.919045090675354,1
FakeVideo-RealAudio/Caucasian (American)/men/id00264/00257_id00018_sap-FjURHlc.npz,-4.77615213394165,1
FakeVideo-RealAudio/Caucasian (American)/men/id00264/00257_id00018_wavtolip.npz,-4.744553565979004,1
FakeVideo-RealAudio/Caucasian (American)/men/id00264/00257_id00021_wavtolip.npz,-4.77518367767334,1
FakeVideo-RealAudio/Caucasian (American)/men/id00264/00257_id00049_S_EHTUF-mQY.npz,-4.780866622924805,1
FakeVideo-RealAudio/Caucasian (American)/men/id00264/00257_id00052_NK_leX996Yk.npz,-4.78038215637207,1
FakeVideo-RealAudio/Caucasian (American)/men/id00264/00257_id00052_wavtolip.npz,-3.832195520401001,1
FakeVideo-RealAudio/Caucasian (American)/men/id00264/00257_id00169_wavtolip.npz,-4.798768520355225,1
FakeVideo-RealAudio/Caucasian (American)/men/id00264/00257_id00184_wavtolip.npz,-4.796886920928955,1
FakeVideo-RealAudio/Caucasian (American)/men/id00264/00257_id00529_xtx2GeQN-DQ.npz,-4.783375263214111,1
FakeVideo-RealAudio/Caucasian (American)/men/id00264/00257_id00696_7PrURACjhqU.npz,-4.777713298797607,1
FakeVideo-RealAudio/Caucasian (American)/men/id00264/00257_id00696_wavtolip.npz,-4.625995635986328,1
FakeVideo-RealAudio/Caucasian (American)/men/id00264/00257_id00945_V-rSeF8o5pc.npz,-4.784106731414795,1
FakeVideo-RealAudio/Caucasian (American)/men/id00264/00257_id01044_wavtolip.npz,-4.794094562530518,1
FakeVideo-RealAudio/Caucasian (American)/men/id00264/00257_id01124_wavtolip.npz,-4.795492649078369,1
FakeVideo-RealAudio/Caucasian (American)/men/id00264/00257_id01163_wavtolip.npz,-4.171634197235107,1
FakeVideo-RealAudio/Caucasian (American)/men/id00264/00257_id01182_zca-PHR_U40.npz,-4.782670021057129,1
FakeVideo-RealAudio/Caucasian (American)/men/id00264/00257_id01201_Q8XWfmNiWYA.npz,-4.780767440795898,1
FakeVideo-RealAudio/Caucasian (American)/men/id00264/00257_id03525_wavtolip.npz,-3.5960912704467773,1
FakeVideo-RealAudio/Caucasian (American)/men/id00264/00257_id03757_L-M-XbdFLQM.npz,-4.7810797691345215,1
FakeVideo-RealAudio/Caucasian (American)/men/id00264/00257_id04073_KT7B07WFWyM.npz,-4.781181812286377,1
FakeVideo-RealAudio/Caucasian (American)/men/id00529/00409_id00018_sap-FjURHlc.npz,-4.600978851318359,1
FakeVideo-RealAudio/Caucasian (American)/men/id00529/00409_id00049_S_EHTUF-mQY.npz,-4.623386383056641,1
FakeVideo-RealAudio/Caucasian (American)/men/id00529/00409_id00060_gZ4RkcQ0SXE.npz,-4.617258548736572,1
FakeVideo-RealAudio/Caucasian (American)/men/id00529/00409_id00062_wavtolip.npz,-4.680980205535889,1
FakeVideo-RealAudio/Caucasian (American)/men/id00529/00409_id00243_oWwEIXM3oZQ.npz,-4.616339683532715,1
FakeVideo-RealAudio/Caucasian (American)/men/id00529/00409_id00264_wavtolip.npz,-4.79904842376709,1
FakeVideo-RealAudio/Caucasian (American)/men/id00529/00409_id00775_wavtolip.npz,-4.444420337677002,1
FakeVideo-RealAudio/Caucasian (American)/men/id00529/00409_id01035_wavtolip.npz,-4.6792216300964355,1
FakeVideo-RealAudio/Caucasian (American)/men/id00529/00409_id01042_wavtolip.npz,-4.597377777099609,1
FakeVideo-RealAudio/Caucasian (American)/men/id00529/00409_id01124_wavtolip.npz,-4.687204360961914,1
FakeVideo-RealAudio/Caucasian (American)/men/id00529/00409_id01163_QSMeUEH3lJM.npz,-4.5927910804748535,1
FakeVideo-RealAudio/Caucasian (American)/men/id00529/00409_id01168_Uz7M0nTbgWM.npz,-4.617703437805176,1
FakeVideo-RealAudio/Caucasian (American)/men/id00529/00409_id01172_8f8sdrQatpw.npz,-4.636740684509277,1
FakeVideo-RealAudio/Caucasian (American)/men/id00529/00409_id01175_wavtolip.npz,-3.239407777786255,1
FakeVideo-RealAudio/Caucasian (American)/men/id00529/00409_id01211_wavtolip.npz,-4.66970157623291,1
FakeVideo-RealAudio/Caucasian (American)/men/id00529/00409_id03668_mjurT3_7DpE.npz,-4.619202136993408,1
FakeVideo-RealAudio/Caucasian (American)/men/id00529/00409_id03678_dsfCxodI9i8.npz,-4.615070343017578,1
FakeVideo-RealAudio/Caucasian (American)/men/id00529/00409_id03678_dsfCxodI9i8_faceswap.npz,-4.618619918823242,1
FakeVideo-RealAudio/Caucasian (American)/men/id00529/00409_id04034_8ZeJXbjFa_o.npz,-4.608125686645508,1
FakeVideo-RealAudio/Caucasian (American)/men/id00529/00409_id04073_wavtolip.npz,-4.683399677276611,1
FakeVideo-RealAudio/Caucasian (American)/men/id00529/00409_id04219_wavtolip.npz,-4.868039131164551,1
FakeVideo-RealAudio/Caucasian (American)/men/id00943/00304_0.npz,-4.423569679260254,1
FakeVideo-RealAudio/Caucasian (American)/men/id00943/00304_id00021_6uNNej-JZ-c.npz,-4.142475128173828,1
FakeVideo-RealAudio/Caucasian (American)/men/id00943/00304_id00021_6uNNej-JZ-c_faceswap.npz,-4.108471870422363,1
FakeVideo-RealAudio/Caucasian (American)/men/id00943/00304_id00049_S_EHTUF-mQY.npz,-4.103675365447998,1
FakeVideo-RealAudio/Caucasian (American)/men/id00943/00304_id00052_NK_leX996Yk.npz,-4.095383167266846,1
FakeVideo-RealAudio/Caucasian (American)/men/id00943/00304_id00060_gZ4RkcQ0SXE.npz,-4.100924491882324,1
FakeVideo-RealAudio/Caucasian (American)/men/id00943/00304_id00060_wavtolip.npz,-4.156826972961426,1
FakeVideo-RealAudio/Caucasian (American)/men/id00943/00304_id00179_Ux9OYyipQi8.npz,-4.1037726402282715,1
FakeVideo-RealAudio/Caucasian (American)/men/id00943/00304_id00345_wavtolip.npz,-3.8282153606414795,1
FakeVideo-RealAudio/Caucasian (American)/men/id00943/00304_id00529_wavtolip.npz,-4.57647705078125,1
FakeVideo-RealAudio/Caucasian (American)/men/id00943/00304_id00529_xtx2GeQN-DQ.npz,-4.1461687088012695,1
FakeVideo-RealAudio/Caucasian (American)/men/id00943/00304_id00708_wavtolip.npz,-4.854183673858643,1
FakeVideo-RealAudio/Caucasian (American)/men/id00943/00304_id00775_yeCUxHgUHxc.npz,-4.112806797027588,1
FakeVideo-RealAudio/Caucasian (American)/men/id00943/00304_id00945_V-rSeF8o5pc.npz,-4.161733627319336,1
FakeVideo-RealAudio/Caucasian (American)/men/id00943/00304_id00945_wavtolip.npz,-4.571454048156738,1
FakeVideo-RealAudio/Caucasian (American)/men/id00943/00304_id01042_wavtolip.npz,-4.715998649597168,1
FakeVideo-RealAudio/Caucasian (American)/men/id00943/00304_id01044_yL58R6zBNf4.npz,-4.100451469421387,1
FakeVideo-RealAudio/Caucasian (American)/men/id00943/00304_id01096_GHuYIC1WDks.npz,-4.119072914123535,1
FakeVideo-RealAudio/Caucasian (American)/men/id00943/00304_id01172_wavtolip.npz,0.4991481602191925,1
FakeVideo-RealAudio/Caucasian (American)/men/id00943/00304_id01201_wavtolip.npz,-4.066762924194336,1
FakeVideo-RealAudio/Caucasian (American)/men/id00943/00304_id03757_wavtolip.npz,-4.874752998352051,1
FakeVideo-RealAudio/Caucasian (American)/men/id00943/00304_id04216_wavtolip.npz,-4.675918102264404,1
FakeVideo-RealAudio/Caucasian (American)/men/id01096/00037_0.npz,-4.107831001281738,1
FakeVideo-RealAudio/Caucasian (American)/men/id01096/00037_id00029_TGpCGl036qk.npz,-3.7175402641296387,1
FakeVideo-RealAudio/Caucasian (American)/men/id01096/00037_id00060_wavtolip.npz,-4.1835713386535645,1
FakeVideo-RealAudio/Caucasian (American)/men/id01096/00037_id00087_0ZbOp9FgZf8.npz,-3.717740058898926,1
FakeVideo-RealAudio/Caucasian (American)/men/id01096/00037_id00179_Ux9OYyipQi8.npz,-3.717979907989502,1
FakeVideo-RealAudio/Caucasian (American)/men/id01096/00037_id00243_wavtolip.npz,-4.449276447296143,1
FakeVideo-RealAudio/Caucasian (American)/men/id01096/00037_id00708_Dzmb0FH1xBc.npz,-3.717977523803711,1
FakeVideo-RealAudio/Caucasian (American)/men/id01096/00037_id00775_yeCUxHgUHxc.npz,-3.7181358337402344,1
FakeVideo-RealAudio/Caucasian (American)/men/id01096/00037_id00775_yeCUxHgUHxc_faceswap.npz,-3.7175188064575195,1
FakeVideo-RealAudio/Caucasian (American)/men/id01096/00037_id00777_wavtolip.npz,-3.976548671722412,1
FakeVideo-RealAudio/Caucasian (American)/men/id01096/00037_id00943_LxSv2rnBGA8.npz,-3.7174906730651855,1
FakeVideo-RealAudio/Caucasian (American)/men/id01096/00037_id00943_wavtolip.npz,-4.180742263793945,1
FakeVideo-RealAudio/Caucasian (American)/men/id01096/00037_id01035_wavtolip.npz,-4.6737236976623535,1
FakeVideo-RealAudio/Caucasian (American)/men/id01096/00037_id01042_afqWPqWwJIY.npz,-3.7173104286193848,1
FakeVideo-RealAudio/Caucasian (American)/men/id01096/00037_id01048_keflA4viWt8.npz,-3.7178821563720703,1
FakeVideo-RealAudio/Caucasian (American)/men/id01096/00037_id01048_wavtolip.npz,-4.788727760314941,1
FakeVideo-RealAudio/Caucasian (American)/men/id01096/00037_id01124_wavtolip.npz,-3.7729334831237793,1
FakeVideo-RealAudio/Caucasian (American)/men/id01096/00037_id01163_wavtolip.npz,-4.293770790100098,1
FakeVideo-RealAudio/Caucasian (American)/men/id01096/00037_id01239_gJvquKo7kbA.npz,-3.7176103591918945,1
FakeVideo-RealAudio/Caucasian (American)/men/id01096/00037_id03668_wavtolip.npz,-3.961592197418213,1
FakeVideo-RealAudio/Caucasian (American)/men/id01096/00037_id04216_wavtolip.npz,-4.682075500488281,1
FakeVideo-RealAudio/Caucasian (American)/men/id01096/00037_id04221_5XfsCrxGvj4.npz,-3.717900276184082,1
FakeVideo-RealAudio/Caucasian (American)/men/id00345/00243_0.npz,-4.718156814575195,1
FakeVideo-RealAudio/Caucasian (American)/men/id00345/00243_id00021_wavtolip.npz,-4.8593974113464355,1
FakeVideo-RealAudio/Caucasian (American)/men/id00345/00243_id00049_wavtolip.npz,-4.547488689422607,1
FakeVideo-RealAudio/Caucasian (American)/men/id00345/00243_id00060_wavtolip.npz,-4.24876594543457,1
FakeVideo-RealAudio/Caucasian (American)/men/id00345/00243_id00062_wavtolip.npz,-4.95723819732666,1
FakeVideo-RealAudio/Caucasian (American)/men/id00345/00243_id00088_6WIDWxr8vuU.npz,-4.833016395568848,1
FakeVideo-RealAudio/Caucasian (American)/men/id00345/00243_id00169__V1xAwwG29U.npz,-4.877245903015137,1
FakeVideo-RealAudio/Caucasian (American)/men/id00345/00243_id00169_wavtolip.npz,-4.9444661140441895,1
FakeVideo-RealAudio/Caucasian (American)/men/id00345/00243_id00179_Ux9OYyipQi8.npz,-4.879600524902344,1
FakeVideo-RealAudio/Caucasian (American)/men/id00345/00243_id00179_Ux9OYyipQi8_faceswap.npz,-4.913276195526123,1
FakeVideo-RealAudio/Caucasian (American)/men/id00345/00243_id00179_wavtolip.npz,-4.878717422485352,1
FakeVideo-RealAudio/Caucasian (American)/men/id00345/00243_id00696_7PrURACjhqU.npz,-4.88822078704834,1
FakeVideo-RealAudio/Caucasian (American)/men/id00345/00243_id00945_wavtolip.npz,-4.434474468231201,1
FakeVideo-RealAudio/Caucasian (American)/men/id00345/00243_id01124_Lnf2oGSM00s.npz,-4.924537658691406,1
FakeVideo-RealAudio/Caucasian (American)/men/id00345/00243_id01182_wavtolip.npz,-3.915937662124634,1
FakeVideo-RealAudio/Caucasian (American)/men/id00345/00243_id01182_zca-PHR_U40.npz,-4.874547004699707,1
FakeVideo-RealAudio/Caucasian (American)/men/id00345/00243_id01210_sMdOO7NqsGY.npz,-4.7649312019348145,1
FakeVideo-RealAudio/Caucasian (American)/men/id00345/00243_id01211_ALJX69-RDG8.npz,-4.895689010620117,1
FakeVideo-RealAudio/Caucasian (American)/men/id00345/00243_id01239_gJvquKo7kbA.npz,-4.924773693084717,1
FakeVideo-RealAudio/Caucasian (American)/men/id00345/00243_id03668_wavtolip.npz,-4.755488872528076,1
FakeVideo-RealAudio/Caucasian (American)/men/id00345/00243_id04073_KT7B07WFWyM.npz,-4.915839195251465,1
FakeVideo-RealAudio/Caucasian (American)/men/id00345/00243_id04221_wavtolip.npz,-4.536258220672607,1
FakeVideo-RealAudio/Caucasian (American)/men/id01192/00217_id00062_bctnrIvZHTs.npz,-4.275263786315918,1
FakeVideo-RealAudio/Caucasian (American)/men/id01192/00217_id00169__V1xAwwG29U.npz,-4.335967540740967,1
FakeVideo-RealAudio/Caucasian (American)/men/id01192/00217_id00184_wavtolip.npz,-4.613124847412109,1
FakeVideo-RealAudio/Caucasian (American)/men/id01192/00217_id00243_wavtolip.npz,-4.418741226196289,1
FakeVideo-RealAudio/Caucasian (American)/men/id01192/00217_id00529_wavtolip.npz,-4.624751091003418,1
FakeVideo-RealAudio/Caucasian (American)/men/id01192/00217_id00708_wavtolip.npz,-4.849151611328125,1
FakeVideo-RealAudio/Caucasian (American)/men/id01192/00217_id00775_yeCUxHgUHxc.npz,-4.3683881759643555,1
FakeVideo-RealAudio/Caucasian (American)/men/id01192/00217_id00943_wavtolip.npz,-4.403101444244385,1
FakeVideo-RealAudio/Caucasian (American)/men/id01192/00217_id00945_wavtolip.npz,-4.273279666900635,1
FakeVideo-RealAudio/Caucasian (American)/men/id01192/00217_id01042_afqWPqWwJIY.npz,-4.3908843994140625,1
FakeVideo-RealAudio/Caucasian (American)/men/id01192/00217_id01044_wavtolip.npz,-4.541116714477539,1
FakeVideo-RealAudio/Caucasian (American)/men/id01192/00217_id01044_yL58R6zBNf4.npz,-4.328093528747559,1
FakeVideo-RealAudio/Caucasian (American)/men/id01192/00217_id01105_qxMlGJlyfA8.npz,-4.314220905303955,1
FakeVideo-RealAudio/Caucasian (American)/men/id01192/00217_id01105_qxMlGJlyfA8_faceswap.npz,-4.269835472106934,1
FakeVideo-RealAudio/Caucasian (American)/men/id01192/00217_id01163_QSMeUEH3lJM.npz,-4.350001335144043,1
FakeVideo-RealAudio/Caucasian (American)/men/id01192/00217_id01201_wavtolip.npz,-4.4782891273498535,1
FakeVideo-RealAudio/Caucasian (American)/men/id01192/00217_id01239_gJvquKo7kbA.npz,-4.299727439880371,1
FakeVideo-RealAudio/Caucasian (American)/men/id01192/00217_id04034_wavtolip.npz,-4.531342506408691,1
FakeVideo-RealAudio/Caucasian (American)/men/id01192/00217_id04073_KT7B07WFWyM.npz,-4.375528335571289,1
FakeVideo-RealAudio/Caucasian (American)/men/id01192/00217_id04073_wavtolip.npz,-4.5404181480407715,1
FakeVideo-RealAudio/Caucasian (American)/men/id01192/00217_id04221_5XfsCrxGvj4.npz,-4.363346099853516,1
FakeVideo-RealAudio/Caucasian (American)/men/id03678/00078_0.npz,-4.431066036224365,1
FakeVideo-RealAudio/Caucasian (American)/men/id03678/00078_id00018_sap-FjURHlc.npz,-4.583152770996094,1
FakeVideo-RealAudio/Caucasian (American)/men/id03678/00078_id00021_wavtolip.npz,-4.722297668457031,1
FakeVideo-RealAudio/Caucasian (American)/men/id03678/00078_id00049_S_EHTUF-mQY.npz,-4.5639262199401855,1
FakeVideo-RealAudio/Caucasian (American)/men/id03678/00078_id00169__V1xAwwG29U.npz,-4.477214813232422,1
FakeVideo-RealAudio/Caucasian (American)/men/id03678/00078_id00243_oWwEIXM3oZQ.npz,-4.612091541290283,1
FakeVideo-RealAudio/Caucasian (American)/men/id03678/00078_id00345_wavtolip.npz,-4.579157829284668,1
FakeVideo-RealAudio/Caucasian (American)/men/id03678/00078_id00529_xtx2GeQN-DQ.npz,-4.601582050323486,1
FakeVideo-RealAudio/Caucasian (American)/men/id03678/00078_id00696_7PrURACjhqU.npz,-4.558732032775879,1
FakeVideo-RealAudio/Caucasian (American)/men/id03678/00078_id00775_wavtolip.npz,-4.050748825073242,1
FakeVideo-RealAudio/Caucasian (American)/men/id03678/00078_id01048_wavtolip.npz,-4.832517147064209,1
FakeVideo-RealAudio/Caucasian (American)/men/id03678/00078_id01124_Lnf2oGSM00s.npz,-4.610213279724121,1
FakeVideo-RealAudio/Caucasian (American)/men/id03678/00078_id01124_wavtolip.npz,-4.770747184753418,1
FakeVideo-RealAudio/Caucasian (American)/men/id03678/00078_id01163_QSMeUEH3lJM.npz,-4.6002116203308105,1
FakeVideo-RealAudio/Caucasian (American)/men/id03678/00078_id01172_8f8sdrQatpw.npz,-4.55626916885376,1
FakeVideo-RealAudio/Caucasian (American)/men/id03678/00078_id01182_wavtolip.npz,-3.9009180068969727,1
FakeVideo-RealAudio/Caucasian (American)/men/id03678/00078_id01192_wavtolip.npz,-4.577220916748047,1
FakeVideo-RealAudio/Caucasian (American)/men/id03678/00078_id01201_wavtolip.npz,-4.542370796203613,1
FakeVideo-RealAudio/Caucasian (American)/men/id03678/00078_id03668_mjurT3_7DpE.npz,-4.668425559997559,1
FakeVideo-RealAudio/Caucasian (American)/men/id03678/00078_id03668_mjurT3_7DpE_faceswap.npz,-4.626001834869385,1
FakeVideo-RealAudio/Caucasian (American)/men/id03678/00078_id03757_wavtolip.npz,-4.8949174880981445,1
FakeVideo-RealAudio/Caucasian (American)/men/id03678/00078_id04219_wavtolip.npz,-4.8283843994140625,1
FakeVideo-RealAudio/Caucasian (American)/men/id00018/00181_0.npz,-4.664144515991211,1
FakeVideo-RealAudio/Caucasian (American)/men/id00018/00181_id00060_wavtolip.npz,-4.358978748321533,1
FakeVideo-RealAudio/Caucasian (American)/men/id00018/00181_id00088_6WIDWxr8vuU.npz,-4.673222541809082,1
FakeVideo-RealAudio/Caucasian (American)/men/id00018/00181_id00169__V1xAwwG29U.npz,-4.6890106201171875,1
FakeVideo-RealAudio/Caucasian (American)/men/id00018/00181_id00243_oWwEIXM3oZQ.npz,-4.696749687194824,1
FakeVideo-RealAudio/Caucasian (American)/men/id00018/00181_id00264_wavtolip.npz,-4.798099040985107,1
FakeVideo-RealAudio/Caucasian (American)/men/id00018/00181_id00696_7PrURACjhqU.npz,-4.712328910827637,1
FakeVideo-RealAudio/Caucasian (American)/men/id00018/00181_id01035_wavtolip.npz,-4.754958152770996,1
FakeVideo-RealAudio/Caucasian (American)/men/id00018/00181_id01048_wavtolip.npz,-4.831045627593994,1
FakeVideo-RealAudio/Caucasian (American)/men/id00018/00181_id01124_Lnf2oGSM00s.npz,-4.702789306640625,1
FakeVideo-RealAudio/Caucasian (American)/men/id00018/00181_id01163_QSMeUEH3lJM.npz,-4.7313313484191895,1
FakeVideo-RealAudio/Caucasian (American)/men/id00018/00181_id01163_wavtolip.npz,-4.48234224319458,1
FakeVideo-RealAudio/Caucasian (American)/men/id00018/00181_id01182_wavtolip.npz,-3.8370633125305176,1
FakeVideo-RealAudio/Caucasian (American)/men/id00018/00181_id01192_wavtolip.npz,-4.688941955566406,1
FakeVideo-RealAudio/Caucasian (American)/men/id00018/00181_id01201_Q8XWfmNiWYA.npz,-4.702040672302246,1
FakeVideo-RealAudio/Caucasian (American)/men/id00018/00181_id01201_Q8XWfmNiWYA_faceswap.npz,-4.728603363037109,1
FakeVideo-RealAudio/Caucasian (American)/men/id00018/00181_id01210_wavtolip.npz,-4.92617130279541,1
FakeVideo-RealAudio/Caucasian (American)/men/id00018/00181_id03525_wavtolip.npz,-4.156619548797607,1
FakeVideo-RealAudio/Caucasian (American)/men/id00018/00181_id03678_dsfCxodI9i8.npz,-4.653822898864746,1
FakeVideo-RealAudio/Caucasian (American)/men/id00018/00181_id03757_L-M-XbdFLQM.npz,-4.704473495483398,1
FakeVideo-RealAudio/Caucasian (American)/men/id00018/00181_id04219_9llHvP-jYDg.npz,-4.71652889251709,1
FakeVideo-RealAudio/Caucasian (American)/men/id00018/00181_id04219_wavtolip.npz,-4.8845014572143555,1
FakeVideo-RealAudio/Caucasian (American)/men/id00049/00118_id00018_sap-FjURHlc.npz,-4.093400955200195,1
FakeVideo-RealAudio/Caucasian (American)/men/id00049/00118_id00020_VXYAbbQWyQM.npz,-4.053776741027832,1
FakeVideo-RealAudio/Caucasian (American)/men/id00049/00118_id00169__V1xAwwG29U.npz,-4.044036865234375,1
FakeVideo-RealAudio/Caucasian (American)/men/id00049/00118_id00169_wavtolip.npz,-4.7569074630737305,1
FakeVideo-RealAudio/Caucasian (American)/men/id00049/00118_id00179_wavtolip.npz,-4.762178897857666,1
FakeVideo-RealAudio/Caucasian (American)/men/id00049/00118_id00345_wavtolip.npz,-4.929014205932617,1
FakeVideo-RealAudio/Caucasian (American)/men/id00049/00118_id00529_xtx2GeQN-DQ.npz,-4.1075263023376465,1
FakeVideo-RealAudio/Caucasian (American)/men/id00049/00118_id00696_7PrURACjhqU.npz,-4.127536296844482,1
FakeVideo-RealAudio/Caucasian (American)/men/id00049/00118_id00775_yeCUxHgUHxc.npz,-4.148097515106201,1
FakeVideo-RealAudio/Caucasian (American)/men/id00049/00118_id00775_yeCUxHgUHxc_faceswap.npz,-4.310755729675293,1
FakeVideo-RealAudio/Caucasian (American)/men/id00049/00118_id00943_LxSv2rnBGA8.npz,-4.201516628265381,1
FakeVideo-RealAudio/Caucasian (American)/men/id00049/00118_id01163_wavtolip.npz,-4.371196746826172,1
FakeVideo-RealAudio/Caucasian (American)/men/id00049/00118_id01182_wavtolip.npz,-3.6687490940093994,1
FakeVideo-RealAudio/Caucasian (American)/men/id00049/00118_id01192_wavtolip.npz,-4.204212665557861,1
FakeVideo-RealAudio/Caucasian (American)/men/id00049/00118_id01201_wavtolip.npz,-4.334353446960449,1
FakeVideo-RealAudio/Caucasian (American)/men/id00049/00118_id03668_mjurT3_7DpE.npz,-4.222567558288574,1
FakeVideo-RealAudio/Caucasian (American)/men/id00049/00118_id03668_wavtolip.npz,-4.47689962387085,1
FakeVideo-RealAudio/Caucasian (American)/men/id00049/00118_id03678_dsfCxodI9i8.npz,-4.131675720214844,1
FakeVideo-RealAudio/Caucasian (American)/men/id00049/00118_id03678_wavtolip.npz,-4.557742118835449,1
FakeVideo-RealAudio/Caucasian (American)/men/id00049/00118_id04216_wavtolip.npz,-4.68208122253418,1
FakeVideo-RealAudio/Caucasian (American)/men/id00049/00118_id04219_9llHvP-jYDg.npz,-4.118204593658447,1
FakeVideo-RealAudio/Caucasian (American)/men/id00087/00002_id00029_wavtolip.npz,-4.451429843902588,1
FakeVideo-RealAudio/Caucasian (American)/men/id00087/00002_id00060_wavtolip.npz,-4.216273307800293,1
FakeVideo-RealAudio/Caucasian (American)/men/id00087/00002_id00184_WaTN0ry04Qs.npz,-4.431615829467773,1
FakeVideo-RealAudio/Caucasian (American)/men/id00087/00002_id00345_wavtolip.npz,-4.927325248718262,1
FakeVideo-RealAudio/Caucasian (American)/men/id00087/00002_id00696_wavtolip.npz,-4.518383026123047,1
FakeVideo-RealAudio/Caucasian (American)/men/id00087/00002_id00708_Dzmb0FH1xBc.npz,-4.424375534057617,1
FakeVideo-RealAudio/Caucasian (American)/men/id00087/00002_id00775_yeCUxHgUHxc.npz,-4.432168960571289,1
FakeVideo-RealAudio/Caucasian (American)/men/id00087/00002_id00775_yeCUxHgUHxc_faceswap.npz,-4.434427738189697,1
FakeVideo-RealAudio/Caucasian (American)/men/id00087/00002_id00777_wavtolip.npz,-4.447925090789795,1
FakeVideo-RealAudio/Caucasian (American)/men/id00087/00002_id00943_LxSv2rnBGA8.npz,-4.430812835693359,1
FakeVideo-RealAudio/Caucasian (American)/men/id00087/00002_id00945_V-rSeF8o5pc.npz,-4.4333577156066895,1
FakeVideo-RealAudio/Caucasian (American)/men/id00087/00002_id01042_afqWPqWwJIY.npz,-4.427568435668945,1
FakeVideo-RealAudio/Caucasian (American)/men/id00087/00002_id01044_wavtolip.npz,-4.451105117797852,1
FakeVideo-RealAudio/Caucasian (American)/men/id00087/00002_id01044_yL58R6zBNf4.npz,-4.429572582244873,1
FakeVideo-RealAudio/Caucasian (American)/men/id00087/00002_id01096_GHuYIC1WDks.npz,-4.426328182220459,1
FakeVideo-RealAudio/Caucasian (American)/men/id00087/00002_id01168_wavtolip.npz,-4.724593162536621,1
FakeVideo-RealAudio/Caucasian (American)/men/id00087/00002_id01172_wavtolip.npz,0.7178393602371216,1
FakeVideo-RealAudio/Caucasian (American)/men/id00087/00002_id03525_5qVmWkkCk3k.npz,-4.429842472076416,1
FakeVideo-RealAudio/Caucasian (American)/men/id00087/00002_id03668_wavtolip.npz,-4.4521684646606445,1
FakeVideo-RealAudio/Caucasian (American)/men/id00087/00002_id03757_L-M-XbdFLQM.npz,-4.4344072341918945,1
FakeVideo-RealAudio/Caucasian (American)/men/id00087/00002_id04216_wavtolip.npz,-4.681276798248291,1
FakeVideo-RealAudio/Caucasian (American)/women/id01216/00025_0.npz,-4.360490798950195,1
FakeVideo-RealAudio/Caucasian (American)/women/id01216/00025_id00025_PjSeVtbvSjA.npz,0.5445572733879089,1
FakeVideo-RealAudio/Caucasian (American)/women/id01216/00025_id00097_PchMB8-P1lw.npz,0.4883207678794861,1
FakeVideo-RealAudio/Caucasian (American)/women/id01216/00025_id00261_wavtolip.npz,-4.554579734802246,1
FakeVideo-RealAudio/Caucasian (American)/women/id01216/00025_id00272_VLY1boTtbRM.npz,0.5011047720909119,1
FakeVideo-RealAudio/Caucasian (American)/women/id01216/00025_id00383_wavtolip.npz,-3.0123724937438965,1
FakeVideo-RealAudio/Caucasian (American)/women/id01216/00025_id00458_wavtolip.npz,-2.8278515338897705,1
FakeVideo-RealAudio/Caucasian (American)/women/id01216/00025_id00462_EMnGfAq9gg4.npz,0.5476483702659607,1
FakeVideo-RealAudio/Caucasian (American)/women/id01216/00025_id00575_wavtolip.npz,-4.6231303215026855,1
FakeVideo-RealAudio/Caucasian (American)/women/id01216/00025_id00618_wavtolip.npz,-4.570572376251221,1
FakeVideo-RealAudio/Caucasian (American)/women/id01216/00025_id00841_wavtolip.npz,-3.2406182289123535,1
FakeVideo-RealAudio/Caucasian (American)/women/id01216/00025_id01004_wavtolip.npz,-4.893768787384033,1
FakeVideo-RealAudio/Caucasian (American)/women/id01216/00025_id01075_MtJUiHspdT0.npz,0.47144556045532227,1
FakeVideo-RealAudio/Caucasian (American)/women/id01216/00025_id01091_wavtolip.npz,-4.724287509918213,1
FakeVideo-RealAudio/Caucasian (American)/women/id01216/00025_id01217_7lVC4xEK_6E.npz,0.40136438608169556,1
FakeVideo-RealAudio/Caucasian (American)/women/id01216/00025_id01223_TO3ym8Gwp7k.npz,0.531528115272522,1
FakeVideo-RealAudio/Caucasian (American)/women/id01216/00025_id01225_WuzuZoM84Ws.npz,0.6510865688323975,1
FakeVideo-RealAudio/Caucasian (American)/women/id01216/00025_id01227_wavtolip.npz,-4.3715105056762695,1
FakeVideo-RealAudio/Caucasian (American)/women/id01216/00025_id01231_XXpYdOHUF-g.npz,0.4940771162509918,1
FakeVideo-RealAudio/Caucasian (American)/women/id01216/00025_id03556_wavtolip.npz,-3.808546543121338,1
FakeVideo-RealAudio/Caucasian (American)/women/id01216/00025_id03707_pwNcRPQ5qdo.npz,0.49664613604545593,1
FakeVideo-RealAudio/Caucasian (American)/women/id01216/00025_id03707_pwNcRPQ5qdo_faceswap.npz,0.8785913586616516,1
FakeVideo-RealAudio/Caucasian (American)/women/id03781/00021_0.npz,-4.689664840698242,1
FakeVideo-RealAudio/Caucasian (American)/women/id03781/00113_id00025_PjSeVtbvSjA.npz,-4.714786529541016,1
FakeVideo-RealAudio/Caucasian (American)/women/id03781/00113_id00428_Kr7n-68JWww.npz,-4.711121082305908,1
FakeVideo-RealAudio/Caucasian (American)/women/id03781/00113_id00428_wavtolip.npz,-4.726294994354248,1
FakeVideo-RealAudio/Caucasian (American)/women/id03781/00113_id00458_wavtolip.npz,-2.0938351154327393,1
FakeVideo-RealAudio/Caucasian (American)/women/id03781/00113_id00462_EMnGfAq9gg4.npz,-4.709547996520996,1
FakeVideo-RealAudio/Caucasian (American)/women/id03781/00113_id00555_wavtolip.npz,-4.707334041595459,1
FakeVideo-RealAudio/Caucasian (American)/women/id03781/00113_id00618__TwV2SmUIlY.npz,-4.710196495056152,1
FakeVideo-RealAudio/Caucasian (American)/women/id03781/00113_id00680_wavtolip.npz,-4.747882843017578,1
FakeVideo-RealAudio/Caucasian (American)/women/id03781/00113_id00841_wavtolip.npz,-3.574751377105713,1
FakeVideo-RealAudio/Caucasian (American)/women/id03781/00113_id00848_o1_9Cu3YMN0.npz,-4.710448741912842,1
FakeVideo-RealAudio/Caucasian (American)/women/id03781/00113_id00848_wavtolip.npz,-4.728496074676514,1
FakeVideo-RealAudio/Caucasian (American)/women/id03781/00113_id01004_867Wlj7Gw68.npz,-4.710993766784668,1
FakeVideo-RealAudio/Caucasian (American)/women/id03781/00113_id01005_wavtolip.npz,-4.723628520965576,1
FakeVideo-RealAudio/Caucasian (American)/women/id03781/00113_id01091_wavtolip.npz,-4.725668907165527,1
FakeVideo-RealAudio/Caucasian (American)/women/id03781/00113_id01225_wavtolip.npz,-4.41416072845459,1
FakeVideo-RealAudio/Caucasian (American)/women/id03781/00113_id01227_wavtolip.npz,-4.470466613769531,1
FakeVideo-RealAudio/Caucasian (American)/women/id03781/00113_id01245_7pYBPczR_z0.npz,-4.710326671600342,1
FakeVideo-RealAudio/Caucasian (American)/women/id03781/00113_id02464_1hxJsZYV7mI.npz,-4.711801052093506,1
FakeVideo-RealAudio/Caucasian (American)/women/id03781/00113_id02466_VOgaA7O5yWY.npz,-4.712338924407959,1
FakeVideo-RealAudio/Caucasian (American)/women/id03781/00113_id03605_JGZt9DAhBRs.npz,-4.711617469787598,1
FakeVideo-RealAudio/Caucasian (American)/women/id03781/00195_0.npz,-4.2723164558410645,1
FakeVideo-RealAudio/Caucasian (American)/women/id03781/00336_0.npz,-4.130133628845215,1
FakeVideo-RealAudio/Caucasian (American)/women/id00398/00016_0.npz,-4.337819576263428,1
FakeVideo-RealAudio/Caucasian (American)/women/id00398/00016_id00025_PjSeVtbvSjA.npz,-4.598996162414551,1
FakeVideo-RealAudio/Caucasian (American)/women/id00398/00016_id00098_wavtolip.npz,-3.3741087913513184,1
FakeVideo-RealAudio/Caucasian (American)/women/id00398/00016_id00100_sZ0Ex4WUEgM.npz,-4.598776340484619,1
FakeVideo-RealAudio/Caucasian (American)/women/id00398/00016_id00231_wavtolip.npz,-4.360174179077148,1
FakeVideo-RealAudio/Caucasian (American)/women/id00398/00016_id00272_VLY1boTtbRM.npz,-4.597805023193359,1
FakeVideo-RealAudio/Caucasian (American)/women/id00398/00016_id00381_wavtolip.npz,-3.586106061935425,1
FakeVideo-RealAudio/Caucasian (American)/women/id00398/00016_id00385_oqf8cNi7lOI.npz,-4.597994804382324,1
FakeVideo-RealAudio/Caucasian (American)/women/id00398/00016_id00575_iPfJcAJQ84Y.npz,-4.599388122558594,1
FakeVideo-RealAudio/Caucasian (American)/women/id00398/00016_id00575_wavtolip.npz,-4.62304162979126,1
FakeVideo-RealAudio/Caucasian (American)/women/id00398/00016_id00618__TwV2SmUIlY.npz,-4.599186897277832,1
FakeVideo-RealAudio/Caucasian (American)/women/id00398/00016_id00618__TwV2SmUIlY_faceswap.npz,-4.596466541290283,1
FakeVideo-RealAudio/Caucasian (American)/women/id00398/00016_id00835_zWTp4szbb5k.npz,-4.5988359451293945,1
FakeVideo-RealAudio/Caucasian (American)/women/id00398/00016_id00841_wavtolip.npz,-3.408628463745117,1
FakeVideo-RealAudio/Caucasian (American)/women/id00398/00016_id00842_wavtolip.npz,-4.607431888580322,1
FakeVideo-RealAudio/Caucasian (American)/women/id00398/00016_id01004_wavtolip.npz,-4.895031452178955,1
FakeVideo-RealAudio/Caucasian (American)/women/id00398/00016_id01225_WuzuZoM84Ws.npz,-4.600013256072998,1
FakeVideo-RealAudio/Caucasian (American)/women/id00398/00016_id01225_wavtolip.npz,-3.6714835166931152,1
FakeVideo-RealAudio/Caucasian (American)/women/id00398/00016_id01231_XXpYdOHUF-g.npz,-4.599400043487549,1
FakeVideo-RealAudio/Caucasian (American)/women/id00398/00016_id01238_VPdv2sexRy0.npz,-4.598334312438965,1
FakeVideo-RealAudio/Caucasian (American)/women/id00398/00016_id03696_wavtolip.npz,-4.380032062530518,1
FakeVideo-RealAudio/Caucasian (American)/women/id00398/00016_id03781_wavtolip.npz,-4.724311351776123,1
FakeVideo-RealAudio/Caucasian (American)/women/id00616/00305_0.npz,-4.615857124328613,1
FakeVideo-RealAudio/Caucasian (American)/women/id00616/00305_id00098_Rs_fnQ0tnqQ.npz,-3.5440757274627686,1
FakeVideo-RealAudio/Caucasian (American)/women/id00616/00305_id00098_wavtolip.npz,-3.6538796424865723,1
FakeVideo-RealAudio/Caucasian (American)/women/id00616/00305_id00100_wavtolip.npz,-3.999685764312744,1
FakeVideo-RealAudio/Caucasian (American)/women/id00616/00305_id00261_gYQ5Scz5FnA.npz,-3.3190624713897705,1
FakeVideo-RealAudio/Caucasian (American)/women/id00616/00305_id00291_L_SLT-j82Ms.npz,-3.3792314529418945,1
FakeVideo-RealAudio/Caucasian (American)/women/id00616/00305_id00291_wavtolip.npz,-4.843812942504883,1
FakeVideo-RealAudio/Caucasian (American)/women/id00616/00305_id00381_79zqA0CZh8s.npz,-3.373420476913452,1
FakeVideo-RealAudio/Caucasian (American)/women/id00616/00305_id00381_wavtolip.npz,-3.8585262298583984,1
FakeVideo-RealAudio/Caucasian (American)/women/id00616/00305_id00431_DyRvPN6rEfU.npz,-3.4417452812194824,1
FakeVideo-RealAudio/Caucasian (American)/women/id00616/00305_id00680_wavtolip.npz,-4.69769287109375,1
FakeVideo-RealAudio/Caucasian (American)/women/id00616/00305_id00835_wavtolip.npz,-4.840390205383301,1
FakeVideo-RealAudio/Caucasian (American)/women/id00616/00305_id00841_wavtolip.npz,-3.346806764602661,1
FakeVideo-RealAudio/Caucasian (American)/women/id00616/00305_id00842_wavtolip.npz,-4.53693962097168,1
FakeVideo-RealAudio/Caucasian (American)/women/id00616/00305_id01225_WuzuZoM84Ws.npz,-3.1645030975341797,1
FakeVideo-RealAudio/Caucasian (American)/women/id00616/00305_id01225_wavtolip.npz,-4.528899192810059,1
FakeVideo-RealAudio/Caucasian (American)/women/id00616/00305_id01227_eNr-P3gIrgo.npz,-3.046746253967285,1
FakeVideo-RealAudio/Caucasian (American)/women/id00616/00305_id01245_7pYBPczR_z0.npz,-3.4697020053863525,1
FakeVideo-RealAudio/Caucasian (American)/women/id00616/00305_id02464_wavtolip.npz,-1.4250701665878296,1
FakeVideo-RealAudio/Caucasian (American)/women/id00616/00305_id03605_JGZt9DAhBRs.npz,-3.4808170795440674,1
FakeVideo-RealAudio/Caucasian (American)/women/id00616/00305_id03696_Kz45DNXKLXI.npz,-3.414633274078369,1
FakeVideo-RealAudio/Caucasian (American)/women/id00145/00043_id00025_PjSeVtbvSjA.npz,-4.3419671058654785,1
FakeVideo-RealAudio/Caucasian (American)/women/id00145/00043_id00098_wavtolip.npz,-3.9151391983032227,1
FakeVideo-RealAudio/Caucasian (American)/women/id00145/00043_id00180_lkeAa8Od_tg.npz,-4.377699851989746,1
FakeVideo-RealAudio/Caucasian (American)/women/id00145/00043_id00383_wavtolip.npz,-2.992471218109131,1
FakeVideo-RealAudio/Caucasian (American)/women/id00145/00043_id00428_Kr7n-68JWww.npz,-4.396023750305176,1
FakeVideo-RealAudio/Caucasian (American)/women/id00145/00043_id00458_K4t1pQZL7ck.npz,-4.4054741859436035,1
FakeVideo-RealAudio/Caucasian (American)/women/id00145/00043_id00458_wavtolip.npz,-2.73829984664917,1
FakeVideo-RealAudio/Caucasian (American)/women/id00145/00043_id00462_wavtolip.npz,-3.4036307334899902,1
FakeVideo-RealAudio/Caucasian (American)/women/id00145/00043_id00555_wavtolip.npz,-4.4986114501953125,1
FakeVideo-RealAudio/Caucasian (American)/women/id00145/00043_id00618__TwV2SmUIlY.npz,-4.3196258544921875,1
FakeVideo-RealAudio/Caucasian (American)/women/id00145/00043_id01004_867Wlj7Gw68.npz,-4.344471454620361,1
FakeVideo-RealAudio/Caucasian (American)/women/id00145/00043_id01004_867Wlj7Gw68_faceswap.npz,-4.3824615478515625,1
FakeVideo-RealAudio/Caucasian (American)/women/id00145/00043_id01005_wavtolip.npz,-4.499361515045166,1
FakeVideo-RealAudio/Caucasian (American)/women/id00145/00043_id01075_wavtolip.npz,-4.495567798614502,1
FakeVideo-RealAudio/Caucasian (American)/women/id00145/00043_id01223_TO3ym8Gwp7k.npz,-4.372322082519531,1
FakeVideo-RealAudio/Caucasian (American)/women/id00145/00043_id01248_2y-HnTO8WrQ.npz,-4.351794242858887,1
FakeVideo-RealAudio/Caucasian (American)/women/id00145/00043_id03605_JGZt9DAhBRs.npz,-4.399506568908691,1
FakeVideo-RealAudio/Caucasian (American)/women/id00145/00043_id03605_wavtolip.npz,-3.882786989212036,1
FakeVideo-RealAudio/Caucasian (American)/women/id00145/00043_id03696_wavtolip.npz,-4.274447441101074,1
FakeVideo-RealAudio/Caucasian (American)/women/id00145/00043_id03707_pwNcRPQ5qdo.npz,-4.386031150817871,1
FakeVideo-RealAudio/Caucasian (American)/women/id00145/00043_id03781_wavtolip.npz,-4.710326671600342,1
FakeVideo-RealAudio/Caucasian (American)/women/id00261/00048_id00100_sZ0Ex4WUEgM.npz,-4.607234477996826,1
FakeVideo-RealAudio/Caucasian (American)/women/id00261/00048_id00180_wavtolip.npz,-4.70253324508667,1
FakeVideo-RealAudio/Caucasian (American)/women/id00261/00048_id00190_oZUSqqG9wu4.npz,-4.608789443969727,1
FakeVideo-RealAudio/Caucasian (American)/women/id00261/00048_id00231_wavtolip.npz,-4.5734477043151855,1
FakeVideo-RealAudio/Caucasian (American)/women/id00261/00048_id00261_wavtolip.npz,-4.617370128631592,1
FakeVideo-RealAudio/Caucasian (American)/women/id00261/00048_id00385_oqf8cNi7lOI.npz,-4.600336074829102,1
FakeVideo-RealAudio/Caucasian (American)/women/id00261/00048_id00418_wavtolip.npz,-4.700045585632324,1
FakeVideo-RealAudio/Caucasian (American)/women/id00261/00048_id00428_Kr7n-68JWww.npz,-4.609910011291504,1
FakeVideo-RealAudio/Caucasian (American)/women/id00261/00048_id00431_wavtolip.npz,-4.979270935058594,1
FakeVideo-RealAudio/Caucasian (American)/women/id00261/00048_id00618__TwV2SmUIlY.npz,-4.608061790466309,1
FakeVideo-RealAudio/Caucasian (American)/women/id00261/00048_id00680_wavtolip.npz,-4.767025470733643,1
FakeVideo-RealAudio/Caucasian (American)/women/id00261/00048_id01075_MtJUiHspdT0.npz,-4.6071367263793945,1
FakeVideo-RealAudio/Caucasian (American)/women/id00261/00048_id01225_wavtolip.npz,-4.476153373718262,1
FakeVideo-RealAudio/Caucasian (American)/women/id00261/00048_id01227_eNr-P3gIrgo.npz,-4.604875564575195,1
FakeVideo-RealAudio/Caucasian (American)/women/id00261/00048_id01227_wavtolip.npz,-4.603048801422119,1
FakeVideo-RealAudio/Caucasian (American)/women/id00261/00048_id01231_XXpYdOHUF-g.npz,-4.605241298675537,1
FakeVideo-RealAudio/Caucasian (American)/women/id00261/00048_id01245_wavtolip.npz,-4.60911750793457,1
FakeVideo-RealAudio/Caucasian (American)/women/id00261/00048_id03605_JGZt9DAhBRs.npz,-4.6091718673706055,1
FakeVideo-RealAudio/Caucasian (American)/women/id00261/00048_id03605_JGZt9DAhBRs_faceswap.npz,-4.613354682922363,1
FakeVideo-RealAudio/Caucasian (American)/women/id00261/00048_id03605_wavtolip.npz,-4.259233474731445,1
FakeVideo-RealAudio/Caucasian (American)/women/id00261/00048_id03696_Kz45DNXKLXI.npz,-4.595416069030762,1
FakeVideo-RealAudio/Caucasian (American)/women/id00752/00340_0.npz,-4.591884613037109,1
FakeVideo-RealAudio/Caucasian (American)/women/id00752/00340_id00097_PchMB8-P1lw.npz,-3.868504285812378,1
FakeVideo-RealAudio/Caucasian (American)/women/id00752/00340_id00098_Rs_fnQ0tnqQ.npz,-3.8490405082702637,1
FakeVideo-RealAudio/Caucasian (American)/women/id00752/00340_id00098_wavtolip.npz,-3.9397425651550293,1
FakeVideo-RealAudio/Caucasian (American)/women/id00752/00340_id00100_sZ0Ex4WUEgM.npz,-3.853567123413086,1
FakeVideo-RealAudio/Caucasian (American)/women/id00752/00340_id00190_wavtolip.npz,-4.812740325927734,1
FakeVideo-RealAudio/Caucasian (American)/women/id00752/00340_id00261_wavtolip.npz,-4.607794761657715,1
FakeVideo-RealAudio/Caucasian (American)/women/id00752/00340_id00272_VLY1boTtbRM.npz,-3.8472137451171875,1
FakeVideo-RealAudio/Caucasian (American)/women/id00752/00340_id00428_Kr7n-68JWww.npz,-3.8542373180389404,1
FakeVideo-RealAudio/Caucasian (American)/women/id00752/00340_id00462_wavtolip.npz,-4.128725528717041,1
FakeVideo-RealAudio/Caucasian (American)/women/id00752/00340_id00555_4DWmIb1tFZQ.npz,-3.853961706161499,1
FakeVideo-RealAudio/Caucasian (American)/women/id00752/00340_id00575_wavtolip.npz,-4.622583389282227,1
FakeVideo-RealAudio/Caucasian (American)/women/id00752/00340_id00752_wavtolip.npz,-3.8136367797851562,1
FakeVideo-RealAudio/Caucasian (American)/women/id00752/00340_id00842_wavtolip.npz,-4.532512664794922,1
FakeVideo-RealAudio/Caucasian (American)/women/id00752/00340_id01075_wavtolip.npz,-3.8458447456359863,1
FakeVideo-RealAudio/Caucasian (American)/women/id00752/00340_id01227_eNr-P3gIrgo.npz,-3.8484559059143066,1
FakeVideo-RealAudio/Caucasian (American)/women/id00752/00340_id01227_eNr-P3gIrgo_faceswap.npz,-3.8472442626953125,1
FakeVideo-RealAudio/Caucasian (American)/women/id00752/00340_id01245_wavtolip.npz,-4.132333755493164,1
FakeVideo-RealAudio/Caucasian (American)/women/id00752/00340_id02464_1hxJsZYV7mI.npz,-3.8513081073760986,1
FakeVideo-RealAudio/Caucasian (American)/women/id00752/00340_id03696_wavtolip.npz,-4.284533500671387,1
FakeVideo-RealAudio/Caucasian (American)/women/id00752/00340_id03707_pwNcRPQ5qdo.npz,-3.8411943912506104,1
FakeVideo-RealAudio/Caucasian (American)/women/id00752/00340_id03781_jbHfYGVNqTg.npz,-3.8550944328308105,1
FakeVideo-RealAudio/Caucasian (American)/women/id00098/00004_0.npz,-4.7153520584106445,1
FakeVideo-RealAudio/Caucasian (American)/women/id00098/00004_id00098_wavtolip.npz,-4.27166748046875,1
FakeVideo-RealAudio/Caucasian (American)/women/id00098/00004_id00180_lkeAa8Od_tg.npz,-4.376850605010986,1
FakeVideo-RealAudio/Caucasian (American)/women/id00098/00004_id00231_wavtolip.npz,-4.780779838562012,1
FakeVideo-RealAudio/Caucasian (American)/women/id00098/00004_id00398_wavtolip.npz,-4.909893035888672,1
FakeVideo-RealAudio/Caucasian (American)/women/id00098/00004_id00428_Kr7n-68JWww.npz,-4.4916582107543945,1
FakeVideo-RealAudio/Caucasian (American)/women/id00098/00004_id00458_K4t1pQZL7ck.npz,-4.401967525482178,1
FakeVideo-RealAudio/Caucasian (American)/women/id00098/00004_id00555_4DWmIb1tFZQ.npz,-4.495279312133789,1
FakeVideo-RealAudio/Caucasian (American)/women/id00098/00004_id00616_wavtolip.npz,-2.3239121437072754,1
FakeVideo-RealAudio/Caucasian (American)/women/id00098/00004_id00616_xT51pPmksJw.npz,-4.323410987854004,1
FakeVideo-RealAudio/Caucasian (American)/women/id00098/00004_id00616_xT51pPmksJw_faceswap.npz,-4.118544578552246,1
FakeVideo-RealAudio/Caucasian (American)/women/id00098/00004_id00618_wavtolip.npz,-4.882656097412109,1
FakeVideo-RealAudio/Caucasian (American)/women/id00098/00004_id01004_867Wlj7Gw68.npz,-4.450687885284424,1
FakeVideo-RealAudio/Caucasian (American)/women/id00098/00004_id01004_wavtolip.npz,-4.909744739532471,1
FakeVideo-RealAudio/Caucasian (American)/women/id00098/00004_id01005_lJZrqhcRFSA.npz,-4.495551586151123,1
FakeVideo-RealAudio/Caucasian (American)/women/id00098/00004_id01091_oM2XdIGMM2c.npz,-4.58249044418335,1
FakeVideo-RealAudio/Caucasian (American)/women/id00098/00004_id01225_WuzuZoM84Ws.npz,-4.596576690673828,1
FakeVideo-RealAudio/Caucasian (American)/women/id00098/00004_id01227_wavtolip.npz,-4.717551231384277,1
FakeVideo-RealAudio/Caucasian (American)/women/id00098/00004_id01245_7pYBPczR_z0.npz,-4.456277847290039,1
FakeVideo-RealAudio/Caucasian (American)/women/id00098/00004_id01248_wavtolip.npz,-4.862979412078857,1
FakeVideo-RealAudio/Caucasian (American)/women/id00098/00004_id02464_wavtolip.npz,-1.2846018075942993,1
FakeVideo-RealAudio/Caucasian (American)/women/id00098/00004_id02466_wavtolip.npz,-4.880038261413574,1
FakeVideo-RealAudio/Caucasian (American)/women/id01217/00005_0.npz,-4.714310646057129,1
FakeVideo-RealAudio/Caucasian (American)/women/id01217/00005_id00097_PchMB8-P1lw.npz,-4.3641357421875,1
FakeVideo-RealAudio/Caucasian (American)/women/id01217/00005_id00145_wavtolip.npz,-4.334089279174805,1
FakeVideo-RealAudio/Caucasian (American)/women/id01217/00005_id00231_wavtolip.npz,-4.3629255294799805,1
FakeVideo-RealAudio/Caucasian (American)/women/id01217/00005_id00272_wavtolip.npz,-4.390895843505859,1
FakeVideo-RealAudio/Caucasian (American)/women/id01217/00005_id00383_n6i0VWqGcKI.npz,-4.347895622253418,1
FakeVideo-RealAudio/Caucasian (American)/women/id01217/00005_id00428_wavtolip.npz,-4.410553932189941,1
FakeVideo-RealAudio/Caucasian (American)/women/id01217/00005_id00431_wavtolip.npz,-4.978356838226318,1
FakeVideo-RealAudio/Caucasian (American)/women/id01217/00005_id00462_EMnGfAq9gg4.npz,-4.359499931335449,1
FakeVideo-RealAudio/Caucasian (American)/women/id01217/00005_id00618_wavtolip.npz,-4.6181182861328125,1
FakeVideo-RealAudio/Caucasian (American)/women/id01217/00005_id00752_wavtolip.npz,-4.310115814208984,1
FakeVideo-RealAudio/Caucasian (American)/women/id01217/00005_id00835_zWTp4szbb5k.npz,-4.355117321014404,1
FakeVideo-RealAudio/Caucasian (American)/women/id01217/00005_id00842_wavtolip.npz,-4.521703243255615,1
FakeVideo-RealAudio/Caucasian (American)/women/id01217/00005_id01091_oM2XdIGMM2c.npz,-4.351145267486572,1
FakeVideo-RealAudio/Caucasian (American)/women/id01217/00005_id01091_wavtolip.npz,-4.723356246948242,1
FakeVideo-RealAudio/Caucasian (American)/women/id01217/00005_id01216_IRxEWpT_lZs.npz,-4.328629493713379,1
FakeVideo-RealAudio/Caucasian (American)/women/id01217/00005_id01223_TO3ym8Gwp7k.npz,-4.35025691986084,1
FakeVideo-RealAudio/Caucasian (American)/women/id01217/00005_id01225_WuzuZoM84Ws.npz,-4.310235977172852,1
FakeVideo-RealAudio/Caucasian (American)/women/id01217/00005_id01248_2y-HnTO8WrQ.npz,-4.338713645935059,1
FakeVideo-RealAudio/Caucasian (American)/women/id01217/00005_id01248_2y-HnTO8WrQ_faceswap.npz,-4.352595329284668,1
FakeVideo-RealAudio/Caucasian (American)/women/id01217/00005_id02466_VOgaA7O5yWY.npz,-4.315279960632324,1
FakeVideo-RealAudio/Caucasian (American)/women/id01217/00005_id03707_wavtolip.npz,-4.546431064605713,1
FakeVideo-RealAudio/Caucasian (American)/women/id01091/00236_0.npz,-4.8852949142456055,1
FakeVideo-RealAudio/Caucasian (American)/women/id01091/00236_id00025_PjSeVtbvSjA.npz,-4.713434219360352,1
FakeVideo-RealAudio/Caucasian (American)/women/id01091/00236_id00180_lkeAa8Od_tg.npz,-4.708258628845215,1
FakeVideo-RealAudio/Caucasian (American)/women/id01091/00236_id00231_Pi8vVHrPQMU.npz,-4.714882850646973,1
FakeVideo-RealAudio/Caucasian (American)/women/id01091/00236_id00291_wavtolip.npz,-4.842722415924072,1
FakeVideo-RealAudio/Caucasian (American)/women/id01091/00236_id00418_wavtolip.npz,-4.655754089355469,1
FakeVideo-RealAudio/Caucasian (American)/women/id01091/00236_id00428_Kr7n-68JWww.npz,-4.712474346160889,1
FakeVideo-RealAudio/Caucasian (American)/women/id01091/00236_id00428_wavtolip.npz,-4.727090835571289,1
FakeVideo-RealAudio/Caucasian (American)/women/id01091/00236_id00431_wavtolip.npz,-4.97769832611084,1
FakeVideo-RealAudio/Caucasian (American)/women/id01091/00236_id00555_4DWmIb1tFZQ.npz,-4.713739395141602,1
FakeVideo-RealAudio/Caucasian (American)/women/id01091/00236_id00835_zWTp4szbb5k.npz,-4.71555757522583,1
FakeVideo-RealAudio/Caucasian (American)/women/id01091/00236_id00842__jwlpdZvqus.npz,-4.716407299041748,1
FakeVideo-RealAudio/Caucasian (American)/women/id01091/00236_id00842_wavtolip.npz,-4.709542274475098,1
FakeVideo-RealAudio/Caucasian (American)/women/id01091/00236_id00848_wavtolip.npz,-4.724555492401123,1
FakeVideo-RealAudio/Caucasian (American)/women/id01091/00236_id01004_867Wlj7Gw68.npz,-4.716403007507324,1
FakeVideo-RealAudio/Caucasian (American)/women/id01091/00236_id01004_wavtolip.npz,-4.894261360168457,1
FakeVideo-RealAudio/Caucasian (American)/women/id01091/00236_id01217_7lVC4xEK_6E.npz,-4.711561679840088,1
FakeVideo-RealAudio/Caucasian (American)/women/id01091/00236_id01217_wavtolip.npz,-4.600067138671875,1
FakeVideo-RealAudio/Caucasian (American)/women/id01091/00236_id03696_Kz45DNXKLXI.npz,-4.715906143188477,1
FakeVideo-RealAudio/Caucasian (American)/women/id01091/00236_id03696_Kz45DNXKLXI_faceswap.npz,-4.7148332595825195,1
FakeVideo-RealAudio/Caucasian (American)/women/id01091/00236_id03707_wavtolip.npz,-4.727341175079346,1
FakeVideo-RealAudio/Caucasian (American)/women/id01091/00236_id03781_wavtolip.npz,-4.689589500427246,1
FakeVideo-RealAudio/Caucasian (American)/women/id03605/00048_1.npz,-3.859436273574829,1
FakeVideo-RealAudio/Caucasian (American)/women/id03605/00048_3.npz,-3.9086294174194336,1
FakeVideo-RealAudio/Caucasian (American)/women/id03605/00048_id00097_wavtolip.npz,-4.8920135498046875,1
FakeVideo-RealAudio/Caucasian (American)/women/id03605/00048_id00100_sZ0Ex4WUEgM.npz,-4.3019866943359375,1
FakeVideo-RealAudio/Caucasian (American)/women/id03605/00048_id00100_wavtolip.npz,-3.716808319091797,1
FakeVideo-RealAudio/Caucasian (American)/women/id03605/00048_id00145_JveyoCdoCuI.npz,-4.2180681228637695,1
FakeVideo-RealAudio/Caucasian (American)/women/id03605/00048_id00180_lkeAa8Od_tg.npz,-4.286518096923828,1
FakeVideo-RealAudio/Caucasian (American)/women/id03605/00048_id00231_Pi8vVHrPQMU.npz,-4.231207847595215,1
FakeVideo-RealAudio/Caucasian (American)/women/id03605/00048_id00261_gYQ5Scz5FnA.npz,-4.264893531799316,1
FakeVideo-RealAudio/Caucasian (American)/women/id03605/00048_id00385_wavtolip.npz,-4.674038887023926,1
FakeVideo-RealAudio/Caucasian (American)/women/id03605/00048_id00428_Kr7n-68JWww.npz,-4.262109279632568,1
FakeVideo-RealAudio/Caucasian (American)/women/id03605/00048_id00575_wavtolip.npz,-4.689614295959473,1
FakeVideo-RealAudio/Caucasian (American)/women/id03605/00048_id00618_wavtolip.npz,-4.603333473205566,1
FakeVideo-RealAudio/Caucasian (American)/women/id03605/00048_id01004_867Wlj7Gw68.npz,-4.324617385864258,1
FakeVideo-RealAudio/Caucasian (American)/women/id03605/00048_id01004_wavtolip.npz,-4.895034313201904,1
FakeVideo-RealAudio/Caucasian (American)/women/id03605/00048_id01231_wavtolip.npz,-4.687312602996826,1
FakeVideo-RealAudio/Caucasian (American)/women/id03605/00048_id01238_VPdv2sexRy0.npz,-4.188541412353516,1
FakeVideo-RealAudio/Caucasian (American)/women/id03605/00048_id01238_wavtolip.npz,6.744374752044678,1
FakeVideo-RealAudio/Caucasian (American)/women/id03605/00048_id01245_wavtolip.npz,-4.313085556030273,1
FakeVideo-RealAudio/Caucasian (American)/women/id03605/00048_id01248_2y-HnTO8WrQ.npz,-4.2574462890625,1
FakeVideo-RealAudio/Caucasian (American)/women/id03605/00048_id03556_wavtolip.npz,-4.6896514892578125,1
FakeVideo-RealAudio/Caucasian (American)/women/id03605/00048_id03781_jbHfYGVNqTg.npz,-4.290715217590332,1
FakeVideo-RealAudio/Caucasian (American)/women/id03556/00043_id00098_wavtolip.npz,-3.6738967895507812,1
FakeVideo-RealAudio/Caucasian (American)/women/id03556/00043_id00190_wavtolip.npz,-4.80666446685791,1
FakeVideo-RealAudio/Caucasian (American)/women/id03556/00043_id00272_VLY1boTtbRM.npz,-3.008787155151367,1
FakeVideo-RealAudio/Caucasian (American)/women/id03556/00043_id00272_wavtolip.npz,-4.282014846801758,1
FakeVideo-RealAudio/Caucasian (American)/women/id03556/00043_id00291_L_SLT-j82Ms.npz,-1.7948850393295288,1
FakeVideo-RealAudio/Caucasian (American)/women/id03556/00043_id00291_wavtolip.npz,-4.8462138175964355,1
FakeVideo-RealAudio/Caucasian (American)/women/id03556/00043_id00385_wavtolip.npz,-4.199269771575928,1
FakeVideo-RealAudio/Caucasian (American)/women/id03556/00043_id00431_wavtolip.npz,-4.979434013366699,1
FakeVideo-RealAudio/Caucasian (American)/women/id03556/00043_id00575_iPfJcAJQ84Y.npz,-2.8293166160583496,1
FakeVideo-RealAudio/Caucasian (American)/women/id03556/00043_id00575_wavtolip.npz,-4.623088359832764,1
FakeVideo-RealAudio/Caucasian (American)/women/id03556/00043_id00842_wavtolip.npz,-4.53074836730957,1
FakeVideo-RealAudio/Caucasian (American)/women/id03556/00043_id01004_867Wlj7Gw68.npz,-3.1014838218688965,1
FakeVideo-RealAudio/Caucasian (American)/women/id03556/00043_id01005_lJZrqhcRFSA.npz,-1.58457612991333,1
FakeVideo-RealAudio/Caucasian (American)/women/id03556/00043_id01075_wavtolip.npz,-3.871807098388672,1
FakeVideo-RealAudio/Caucasian (American)/women/id03556/00043_id01091_oM2XdIGMM2c.npz,-2.4954729080200195,1
FakeVideo-RealAudio/Caucasian (American)/women/id03556/00043_id01217_wavtolip.npz,-4.343085289001465,1
FakeVideo-RealAudio/Caucasian (American)/women/id03556/00043_id01225_WuzuZoM84Ws.npz,-3.5806963443756104,1
FakeVideo-RealAudio/Caucasian (American)/women/id03556/00043_id02464_1hxJsZYV7mI.npz,-2.9896039962768555,1
FakeVideo-RealAudio/Caucasian (American)/women/id03556/00043_id02464_1hxJsZYV7mI_faceswap.npz,-2.8242831230163574,1
FakeVideo-RealAudio/Caucasian (American)/women/id03556/00043_id02466_VOgaA7O5yWY.npz,-2.701277256011963,1
FakeVideo-RealAudio/Caucasian (American)/women/id03556/00043_id03781_jbHfYGVNqTg.npz,-2.686797857284546,1
FakeVideo-RealAudio/Caucasian (American)/women/id01004/00028_id00025_PjSeVtbvSjA.npz,-4.887723922729492,1
FakeVideo-RealAudio/Caucasian (American)/women/id01004/00028_id00098_wavtolip.npz,-3.6666221618652344,1
FakeVideo-RealAudio/Caucasian (American)/women/id01004/00028_id00145_JveyoCdoCuI.npz,-4.8882975578308105,1
FakeVideo-RealAudio/Caucasian (American)/women/id01004/00028_id00231_Pi8vVHrPQMU.npz,-4.887767314910889,1
FakeVideo-RealAudio/Caucasian (American)/women/id01004/00028_id00383_wavtolip.npz,-2.526355028152466,1
FakeVideo-RealAudio/Caucasian (American)/women/id01004/00028_id00385_wavtolip.npz,-4.88226318359375,1
FakeVideo-RealAudio/Caucasian (American)/women/id01004/00028_id00418_wavtolip.npz,-4.744382858276367,1
FakeVideo-RealAudio/Caucasian (American)/women/id01004/00028_id00428_Kr7n-68JWww.npz,-4.888064861297607,1
FakeVideo-RealAudio/Caucasian (American)/women/id01004/00028_id00428_Kr7n-68JWww_faceswap.npz,-4.88725471496582,1
FakeVideo-RealAudio/Caucasian (American)/women/id01004/00028_id00462_EMnGfAq9gg4.npz,-4.887465000152588,1
FakeVideo-RealAudio/Caucasian (American)/women/id01004/00028_id00680_wavtolip.npz,-4.844784736633301,1
FakeVideo-RealAudio/Caucasian (American)/women/id01004/00028_id00842_wavtolip.npz,-4.865800857543945,1
FakeVideo-RealAudio/Caucasian (American)/women/id01004/00028_id00848_wavtolip.npz,-4.8968095779418945,1
FakeVideo-RealAudio/Caucasian (American)/women/id01004/00028_id01005_lJZrqhcRFSA.npz,-4.888980388641357,1
FakeVideo-RealAudio/Caucasian (American)/women/id01004/00028_id01091_oM2XdIGMM2c.npz,-4.887319087982178,1
FakeVideo-RealAudio/Caucasian (American)/women/id01004/00028_id01248_2y-HnTO8WrQ.npz,-4.888214588165283,1
FakeVideo-RealAudio/Caucasian (American)/women/id01004/00028_id01248_wavtolip.npz,-4.834576606750488,1
FakeVideo-RealAudio/Caucasian (American)/women/id01004/00028_id02464_wavtolip.npz,-1.3642526865005493,1
FakeVideo-RealAudio/Caucasian (American)/women/id01004/00028_id02466_VOgaA7O5yWY.npz,-4.8878493309021,1
FakeVideo-RealAudio/Caucasian (American)/women/id01004/00028_id03707_wavtolip.npz,-4.901198863983154,1
FakeVideo-RealAudio/Caucasian (American)/women/id01004/00028_id03781_jbHfYGVNqTg.npz,-4.885897159576416,1
FakeVideo-RealAudio/Caucasian (American)/women/id00841/00078_0.npz,-4.334438323974609,1
FakeVideo-RealAudio/Caucasian (American)/women/id00841/00078_1.npz,-3.863211154937744,1
FakeVideo-RealAudio/Caucasian (American)/women/id00841/00078_2.npz,-4.019035816192627,1
FakeVideo-RealAudio/Caucasian (American)/women/id00841/00078_id00100_sZ0Ex4WUEgM.npz,-4.2666497230529785,1
FakeVideo-RealAudio/Caucasian (American)/women/id00841/00078_id00100_wavtolip.npz,-3.58034610748291,1
FakeVideo-RealAudio/Caucasian (American)/women/id00841/00078_id00145_JveyoCdoCuI.npz,-4.197044372558594,1
FakeVideo-RealAudio/Caucasian (American)/women/id00841/00078_id00180_lkeAa8Od_tg.npz,-4.14338493347168,1
FakeVideo-RealAudio/Caucasian (American)/women/id00841/00078_id00291_wavtolip.npz,-4.844627380371094,1
FakeVideo-RealAudio/Caucasian (American)/women/id00841/00078_id00398_wavtolip.npz,-4.613386631011963,1
FakeVideo-RealAudio/Caucasian (American)/women/id00841/00078_id00428_Kr7n-68JWww.npz,-4.21723747253418,1
FakeVideo-RealAudio/Caucasian (American)/women/id00841/00078_id00752_wavtolip.npz,-4.394786834716797,1
FakeVideo-RealAudio/Caucasian (American)/women/id00841/00078_id00835_wavtolip.npz,-4.911940574645996,1
FakeVideo-RealAudio/Caucasian (American)/women/id00841/00078_id01004_wavtolip.npz,-4.896238327026367,1
FakeVideo-RealAudio/Caucasian (American)/women/id00841/00078_id01005_lJZrqhcRFSA.npz,-4.237170219421387,1
FakeVideo-RealAudio/Caucasian (American)/women/id00841/00078_id01075_MtJUiHspdT0.npz,-4.291682720184326,1
FakeVideo-RealAudio/Caucasian (American)/women/id00841/00078_id01075_MtJUiHspdT0_faceswap.npz,-4.147368431091309,1
FakeVideo-RealAudio/Caucasian (American)/women/id00841/00078_id01075_wavtolip.npz,-4.492652893066406,1
FakeVideo-RealAudio/Caucasian (American)/women/id00841/00078_id01227_eNr-P3gIrgo.npz,-4.177136421203613,1
FakeVideo-RealAudio/Caucasian (American)/women/id00841/00078_id01231_wavtolip.npz,-4.452467441558838,1
FakeVideo-RealAudio/Caucasian (American)/women/id00841/00078_id01238_VPdv2sexRy0.npz,-4.142708778381348,1
FakeVideo-RealAudio/Caucasian (American)/women/id00841/00078_id01245_7pYBPczR_z0.npz,-4.217510223388672,1
FakeVideo-RealAudio/Caucasian (American)/women/id00841/00078_id01248_wavtolip.npz,-4.7725019454956055,1
FakeVideo-RealAudio/Caucasian (American)/women/id00841/00078_id02464_wavtolip.npz,-1.2142056226730347,1
FakeVideo-RealAudio/Caucasian (American)/women/id00841/00078_id03707_pwNcRPQ5qdo.npz,-3.797102689743042,1
FakeVideo-RealAudio/Caucasian (American)/women/id03707/00055_id00025_PjSeVtbvSjA.npz,-4.530268669128418,1
FakeVideo-RealAudio/Caucasian (American)/women/id03707/00055_id00097_wavtolip.npz,-4.8922529220581055,1
FakeVideo-RealAudio/Caucasian (American)/women/id03707/00055_id00145_JveyoCdoCuI.npz,-4.528160095214844,1
FakeVideo-RealAudio/Caucasian (American)/women/id03707/00055_id00190_oZUSqqG9wu4.npz,-4.529664516448975,1
FakeVideo-RealAudio/Caucasian (American)/women/id03707/00055_id00261_wavtolip.npz,-4.615711212158203,1
FakeVideo-RealAudio/Caucasian (American)/women/id03707/00055_id00272_VLY1boTtbRM.npz,-4.528558254241943,1
FakeVideo-RealAudio/Caucasian (American)/women/id03707/00055_id00291_wavtolip.npz,-4.843939304351807,1
FakeVideo-RealAudio/Caucasian (American)/women/id03707/00055_id00398_wavtolip.npz,-4.615201950073242,1
FakeVideo-RealAudio/Caucasian (American)/women/id03707/00055_id00575_wavtolip.npz,-4.622564792633057,1
FakeVideo-RealAudio/Caucasian (American)/women/id03707/00055_id00835_wavtolip.npz,-4.655449390411377,1
FakeVideo-RealAudio/Caucasian (American)/women/id03707/00055_id00835_zWTp4szbb5k.npz,-4.5256500244140625,1
FakeVideo-RealAudio/Caucasian (American)/women/id03707/00055_id00841_fpsEfICAgxk.npz,-4.527276515960693,1
FakeVideo-RealAudio/Caucasian (American)/women/id03707/00055_id01004_wavtolip.npz,-4.899040222167969,1
FakeVideo-RealAudio/Caucasian (American)/women/id03707/00055_id01216_IRxEWpT_lZs.npz,-4.528519153594971,1
FakeVideo-RealAudio/Caucasian (American)/women/id03707/00055_id01225_wavtolip.npz,-3.73106050491333,1
FakeVideo-RealAudio/Caucasian (American)/women/id03707/00055_id01227_eNr-P3gIrgo.npz,-4.53016996383667,1
FakeVideo-RealAudio/Caucasian (American)/women/id03707/00055_id01238_wavtolip.npz,6.759270191192627,1
FakeVideo-RealAudio/Caucasian (American)/women/id03707/00055_id01248_2y-HnTO8WrQ.npz,-4.525395393371582,1
FakeVideo-RealAudio/Caucasian (American)/women/id03707/00055_id02466_VOgaA7O5yWY.npz,-4.528656005859375,1
FakeVideo-RealAudio/Caucasian (American)/women/id03707/00055_id02466_VOgaA7O5yWY_faceswap.npz,-4.53279447555542,1
FakeVideo-RealAudio/Caucasian (American)/women/id03707/00055_id03781_wavtolip.npz,-4.727353096008301,1
FakeVideo-RealAudio/Caucasian (American)/women/id00383/00171_0.npz,-4.3376874923706055,1
FakeVideo-RealAudio/Caucasian (American)/women/id00383/00171_id00100_sZ0Ex4WUEgM.npz,-1.8427577018737793,1
FakeVideo-RealAudio/Caucasian (American)/women/id00383/00171_id00231_Pi8vVHrPQMU.npz,-1.462477684020996,1
FakeVideo-RealAudio/Caucasian (American)/women/id00383/00171_id00261_wavtolip.npz,-4.563625812530518,1
FakeVideo-RealAudio/Caucasian (American)/women/id00383/00171_id00272_VLY1boTtbRM.npz,-1.6065701246261597,1
FakeVideo-RealAudio/Caucasian (American)/women/id00383/00171_id00418_wavtolip.npz,-4.656207084655762,1
FakeVideo-RealAudio/Caucasian (American)/women/id00383/00171_id00555_wavtolip.npz,-4.491359710693359,1
FakeVideo-RealAudio/Caucasian (American)/women/id00383/00171_id00575_iPfJcAJQ84Y.npz,-1.6081981658935547,1
FakeVideo-RealAudio/Caucasian (American)/women/id00383/00171_id00848_wavtolip.npz,-4.5003662109375,1
FakeVideo-RealAudio/Caucasian (American)/women/id00383/00171_id01004_867Wlj7Gw68.npz,-1.8113467693328857,1
FakeVideo-RealAudio/Caucasian (American)/women/id00383/00171_id01005_lJZrqhcRFSA.npz,-1.6728399991989136,1
FakeVideo-RealAudio/Caucasian (American)/women/id00383/00171_id01005_wavtolip.npz,-4.467381954193115,1
FakeVideo-RealAudio/Caucasian (American)/women/id00383/00171_id01217_7lVC4xEK_6E.npz,-1.5805431604385376,1
FakeVideo-RealAudio/Caucasian (American)/women/id00383/00171_id01217_7lVC4xEK_6E_faceswap.npz,-2.0913710594177246,1
FakeVideo-RealAudio/Caucasian (American)/women/id00383/00171_id01217_wavtolip.npz,-4.398451805114746,1
FakeVideo-RealAudio/Caucasian (American)/women/id00383/00171_id01223_wavtolip.npz,-3.4259119033813477,1
FakeVideo-RealAudio/Caucasian (American)/women/id00383/00171_id01225_wavtolip.npz,-4.411370277404785,1
FakeVideo-RealAudio/Caucasian (American)/women/id00383/00171_id01248_2y-HnTO8WrQ.npz,-1.7254695892333984,1
FakeVideo-RealAudio/Caucasian (American)/women/id00383/00171_id02464_1hxJsZYV7mI.npz,-1.6358685493469238,1
FakeVideo-RealAudio/Caucasian (American)/women/id00383/00171_id02466_VOgaA7O5yWY.npz,-1.5796470642089844,1
FakeVideo-RealAudio/Caucasian (American)/women/id00383/00171_id03556_wavtolip.npz,-4.501763820648193,1
FakeVideo-RealAudio/Caucasian (American)/women/id00383/00171_id03696_wavtolip.npz,-4.2718939781188965,1
FakeVideo-RealAudio/Caucasian (American)/women/id00097/00162_0.npz,-4.458044528961182,1
FakeVideo-RealAudio/Caucasian (American)/women/id00097/00162_id00025_PjSeVtbvSjA.npz,-4.871581077575684,1
FakeVideo-RealAudio/Caucasian (American)/women/id00097/00162_id00100_sZ0Ex4WUEgM.npz,-4.870904445648193,1
FakeVideo-RealAudio/Caucasian (American)/women/id00097/00162_id00180_lkeAa8Od_tg.npz,-4.871614456176758,1
FakeVideo-RealAudio/Caucasian (American)/women/id00097/00162_id00272_VLY1boTtbRM.npz,-4.871298313140869,1
FakeVideo-RealAudio/Caucasian (American)/women/id00097/00162_id00575_wavtolip.npz,-4.890851020812988,1
FakeVideo-RealAudio/Caucasian (American)/women/id00097/00162_id00752_wavtolip.npz,-4.804450035095215,1
FakeVideo-RealAudio/Caucasian (American)/women/id00097/00162_id00848_wavtolip.npz,-4.891812324523926,1
FakeVideo-RealAudio/Caucasian (American)/women/id00097/00162_id01075_wavtolip.npz,-4.8822126388549805,1
FakeVideo-RealAudio/Caucasian (American)/women/id00097/00162_id01091_wavtolip.npz,-4.891807556152344,1
FakeVideo-RealAudio/Caucasian (American)/women/id00097/00162_id01216_IRxEWpT_lZs.npz,-4.8711748123168945,1
FakeVideo-RealAudio/Caucasian (American)/women/id00097/00162_id01217_7lVC4xEK_6E.npz,-4.870824337005615,1
FakeVideo-RealAudio/Caucasian (American)/women/id00097/00162_id01217_wavtolip.npz,-4.864731788635254,1
FakeVideo-RealAudio/Caucasian (American)/women/id00097/00162_id01225_WuzuZoM84Ws.npz,-4.87221097946167,1
FakeVideo-RealAudio/Caucasian (American)/women/id00097/00162_id01225_wavtolip.npz,-4.768671989440918,1
FakeVideo-RealAudio/Caucasian (American)/women/id00097/00162_id01231_XXpYdOHUF-g.npz,-4.87020206451416,1
FakeVideo-RealAudio/Caucasian (American)/women/id00097/00162_id01231_wavtolip.npz,-4.832695007324219,1
FakeVideo-RealAudio/Caucasian (American)/women/id00097/00162_id01238_VPdv2sexRy0.npz,-4.871291160583496,1
FakeVideo-RealAudio/Caucasian (American)/women/id00097/00162_id03605_JGZt9DAhBRs.npz,-4.8712005615234375,1
FakeVideo-RealAudio/Caucasian (American)/women/id00097/00162_id03696_wavtolip.npz,-4.551471710205078,1
FakeVideo-RealAudio/Caucasian (American)/women/id00097/00162_id03781_wavtolip.npz,-4.8828229904174805,1
FakeVideo-RealAudio/Caucasian (American)/women/id00842/00043_id00100_wavtolip.npz,-4.283596992492676,1
FakeVideo-RealAudio/Caucasian (American)/women/id00842/00043_id00190_wavtolip.npz,-4.815912246704102,1
FakeVideo-RealAudio/Caucasian (American)/women/id00842/00043_id00261_wavtolip.npz,-4.517738342285156,1
FakeVideo-RealAudio/Caucasian (American)/women/id00842/00043_id00272_wavtolip.npz,-4.520500659942627,1
FakeVideo-RealAudio/Caucasian (American)/women/id00842/00043_id00385_oqf8cNi7lOI.npz,-4.521406173706055,1
FakeVideo-RealAudio/Caucasian (American)/women/id00842/00043_id00418_KSTOz7H0OuQ.npz,-4.518754005432129,1
FakeVideo-RealAudio/Caucasian (American)/women/id00842/00043_id00428_Kr7n-68JWww.npz,-4.516139984130859,1
FakeVideo-RealAudio/Caucasian (American)/women/id00842/00043_id00431_DyRvPN6rEfU.npz,-4.521225452423096,1
FakeVideo-RealAudio/Caucasian (American)/women/id00842/00043_id00462_wavtolip.npz,-4.029405117034912,1
FakeVideo-RealAudio/Caucasian (American)/women/id00842/00043_id00555_wavtolip.npz,-4.528669357299805,1
FakeVideo-RealAudio/Caucasian (American)/women/id00842/00043_id00616_wavtolip.npz,-3.712470054626465,1
FakeVideo-RealAudio/Caucasian (American)/women/id00842/00043_id00752_wavtolip.npz,-4.490730285644531,1
FakeVideo-RealAudio/Caucasian (American)/women/id00842/00043_id00835_zWTp4szbb5k.npz,-4.519415855407715,1
FakeVideo-RealAudio/Caucasian (American)/women/id00842/00043_id01005_lJZrqhcRFSA.npz,-4.5041632652282715,1
FakeVideo-RealAudio/Caucasian (American)/women/id00842/00043_id01075_MtJUiHspdT0.npz,-4.516351222991943,1
FakeVideo-RealAudio/Caucasian (American)/women/id00842/00043_id01091_oM2XdIGMM2c.npz,-4.511867523193359,1
FakeVideo-RealAudio/Caucasian (American)/women/id00842/00043_id01216_wavtolip.npz,1.2964634895324707,1
FakeVideo-RealAudio/Caucasian (American)/women/id00842/00043_id01223_TO3ym8Gwp7k.npz,-4.5208964347839355,1
FakeVideo-RealAudio/Caucasian (American)/women/id00842/00043_id02464_1hxJsZYV7mI.npz,-4.507354736328125,1
FakeVideo-RealAudio/Caucasian (American)/women/id00842/00043_id03781_wavtolip.npz,-4.723974227905273,1
FakeVideo-RealAudio/Caucasian (American)/women/id02466/00136_id00180_wavtolip.npz,-4.642730712890625,1
FakeVideo-RealAudio/Caucasian (American)/women/id02466/00136_id00231_Pi8vVHrPQMU.npz,-3.9691247940063477,1
FakeVideo-RealAudio/Caucasian (American)/women/id02466/00136_id00231_wavtolip.npz,-4.277004241943359,1
FakeVideo-RealAudio/Caucasian (American)/women/id02466/00136_id00291_wavtolip.npz,-4.8448309898376465,1
FakeVideo-RealAudio/Caucasian (American)/women/id02466/00136_id00383_n6i0VWqGcKI.npz,-3.9699840545654297,1
FakeVideo-RealAudio/Caucasian (American)/women/id02466/00136_id00383_wavtolip.npz,-2.9101386070251465,1
FakeVideo-RealAudio/Caucasian (American)/women/id02466/00136_id00431_wavtolip.npz,-4.978254318237305,1
FakeVideo-RealAudio/Caucasian (American)/women/id02466/00136_id00462_EMnGfAq9gg4.npz,-3.9686594009399414,1
FakeVideo-RealAudio/Caucasian (American)/women/id02466/00136_id00618__TwV2SmUIlY.npz,-3.9685187339782715,1
FakeVideo-RealAudio/Caucasian (American)/women/id02466/00136_id00841_wavtolip.npz,-3.320699453353882,1
FakeVideo-RealAudio/Caucasian (American)/women/id02466/00136_id00848_o1_9Cu3YMN0.npz,-3.9698123931884766,1
FakeVideo-RealAudio/Caucasian (American)/women/id02466/00136_id01004_867Wlj7Gw68.npz,-3.9697113037109375,1
FakeVideo-RealAudio/Caucasian (American)/women/id02466/00136_id01005_lJZrqhcRFSA.npz,-3.9694552421569824,1
FakeVideo-RealAudio/Caucasian (American)/women/id02466/00136_id01217_wavtolip.npz,-4.336400985717773,1
FakeVideo-RealAudio/Caucasian (American)/women/id02466/00136_id01238_wavtolip.npz,6.7480621337890625,1
FakeVideo-RealAudio/Caucasian (American)/women/id02466/00136_id01248_2y-HnTO8WrQ.npz,-3.9693961143493652,1
FakeVideo-RealAudio/Caucasian (American)/women/id02466/00136_id02464_wavtolip.npz,-1.2179726362228394,1
FakeVideo-RealAudio/Caucasian (American)/women/id02466/00136_id02466_wavtolip.npz,-3.9792051315307617,1
FakeVideo-RealAudio/Caucasian (American)/women/id02466/00136_id03707_pwNcRPQ5qdo.npz,-3.9694342613220215,1
FakeVideo-RealAudio/Caucasian (American)/women/id02466/00136_id03707_pwNcRPQ5qdo_faceswap.npz,-3.9725546836853027,1
FakeVideo-RealAudio/Caucasian (American)/women/id02466/00136_id03781_jbHfYGVNqTg.npz,-3.9696245193481445,1
FakeVideo-RealAudio/Caucasian (American)/women/id00462/00143_0.npz,-4.6340789794921875,1
FakeVideo-RealAudio/Caucasian (American)/women/id00462/00143_id00025_wavtolip.npz,-4.854621887207031,1
FakeVideo-RealAudio/Caucasian (American)/women/id00462/00143_id00097_wavtolip.npz,-4.891925811767578,1
FakeVideo-RealAudio/Caucasian (American)/women/id00462/00143_id00100_sZ0Ex4WUEgM.npz,-2.7607429027557373,1
FakeVideo-RealAudio/Caucasian (American)/women/id00462/00143_id00180_wavtolip.npz,-4.460423946380615,1
FakeVideo-RealAudio/Caucasian (American)/women/id00462/00143_id00190_wavtolip.npz,-4.837728500366211,1
FakeVideo-RealAudio/Caucasian (American)/women/id00462/00143_id00381_79zqA0CZh8s.npz,-2.838386297225952,1
FakeVideo-RealAudio/Caucasian (American)/women/id00462/00143_id00431_wavtolip.npz,-4.977252006530762,1
FakeVideo-RealAudio/Caucasian (American)/women/id00462/00143_id00616_wavtolip.npz,-3.9738025665283203,1
FakeVideo-RealAudio/Caucasian (American)/women/id00462/00143_id00835_zWTp4szbb5k.npz,-3.046351432800293,1
FakeVideo-RealAudio/Caucasian (American)/women/id00462/00143_id00835_zWTp4szbb5k_faceswap.npz,-2.8621890544891357,1
FakeVideo-RealAudio/Caucasian (American)/women/id00462/00143_id00841_wavtolip.npz,-3.2768399715423584,1
FakeVideo-RealAudio/Caucasian (American)/women/id00462/00143_id01004_867Wlj7Gw68.npz,-2.7337796688079834,1
FakeVideo-RealAudio/Caucasian (American)/women/id00462/00143_id01217_7lVC4xEK_6E.npz,-2.687680244445801,1
FakeVideo-RealAudio/Caucasian (American)/women/id00462/00143_id01217_wavtolip.npz,-4.72733211517334,1
FakeVideo-RealAudio/Caucasian (American)/women/id00462/00143_id01223_TO3ym8Gwp7k.npz,-2.9210152626037598,1
FakeVideo-RealAudio/Caucasian (American)/women/id00462/00143_id01223_wavtolip.npz,-4.242040634155273,1
FakeVideo-RealAudio/Caucasian (American)/women/id00462/00143_id01227_eNr-P3gIrgo.npz,-2.719130277633667,1
FakeVideo-RealAudio/Caucasian (American)/women/id00462/00143_id01231_XXpYdOHUF-g.npz,-2.701831817626953,1
FakeVideo-RealAudio/Caucasian (American)/women/id00462/00143_id01238_VPdv2sexRy0.npz,-2.7352967262268066,1
FakeVideo-RealAudio/Caucasian (American)/women/id00462/00143_id01238_wavtolip.npz,6.7525315284729,1
FakeVideo-RealAudio/Caucasian (American)/women/id00462/00143_id02466_VOgaA7O5yWY.npz,-2.9255354404449463,1
FakeVideo-RealAudio/Caucasian (American)/women/id01248/00005_id00180_lkeAa8Od_tg.npz,-4.806122779846191,1
FakeVideo-RealAudio/Caucasian (American)/women/id01248/00005_id00231_Pi8vVHrPQMU.npz,-4.816505432128906,1
FakeVideo-RealAudio/Caucasian (American)/women/id01248/00005_id00231_wavtolip.npz,-4.679281234741211,1
FakeVideo-RealAudio/Caucasian (American)/women/id01248/00005_id00381_79zqA0CZh8s.npz,-4.80208683013916,1
FakeVideo-RealAudio/Caucasian (American)/women/id01248/00005_id00458_wavtolip.npz,-2.426806926727295,1
FakeVideo-RealAudio/Caucasian (American)/women/id01248/00005_id00462_wavtolip.npz,-3.497258424758911,1
FakeVideo-RealAudio/Caucasian (American)/women/id01248/00005_id00618_wavtolip.npz,-4.831413745880127,1
FakeVideo-RealAudio/Caucasian (American)/women/id01248/00005_id00835_wavtolip.npz,-4.7490644454956055,1
FakeVideo-RealAudio/Caucasian (American)/women/id01248/00005_id00835_zWTp4szbb5k.npz,-4.827606201171875,1
FakeVideo-RealAudio/Caucasian (American)/women/id01248/00005_id01004_867Wlj7Gw68.npz,-4.794048309326172,1
FakeVideo-RealAudio/Caucasian (American)/women/id01248/00005_id01075_MtJUiHspdT0.npz,-4.816805362701416,1
FakeVideo-RealAudio/Caucasian (American)/women/id01248/00005_id01075_wavtolip.npz,-4.842221736907959,1
FakeVideo-RealAudio/Caucasian (American)/women/id01248/00005_id01091_wavtolip.npz,-4.860560417175293,1
FakeVideo-RealAudio/Caucasian (American)/women/id01248/00005_id01216_wavtolip.npz,1.9249927997589111,1
FakeVideo-RealAudio/Caucasian (American)/women/id01248/00005_id01217_7lVC4xEK_6E.npz,-4.816957473754883,1
FakeVideo-RealAudio/Caucasian (American)/women/id01248/00005_id01223_TO3ym8Gwp7k.npz,-4.803850173950195,1
FakeVideo-RealAudio/Caucasian (American)/women/id01248/00005_id01227_wavtolip.npz,-4.075047492980957,1
FakeVideo-RealAudio/Caucasian (American)/women/id01248/00005_id02466_VOgaA7O5yWY.npz,-4.817629337310791,1
FakeVideo-RealAudio/Caucasian (American)/women/id01248/00005_id03696_wavtolip.npz,-4.3520331382751465,1
FakeVideo-RealAudio/Caucasian (American)/women/id01248/00005_id03707_pwNcRPQ5qdo.npz,-4.8033013343811035,1
FakeVideo-RealAudio/Asian (East)/men/id06878/00001.npz,-4.523707389831543,1
FakeVideo-RealAudio/Asian (East)/men/id06878/00001_id00056_wavtolip.npz,-3.4008469581604004,1
FakeVideo-RealAudio/Asian (East)/men/id06878/00001_id02365_wavtolip.npz,-4.567097187042236,1
FakeVideo-RealAudio/Asian (East)/men/id06878/00001_id02553_wavtolip.npz,-4.701061725616455,1
FakeVideo-RealAudio/Asian (East)/men/id06878/00001_id03889_wavtolip.npz,-4.71950101852417,1
FakeVideo-RealAudio/Asian (East)/men/id06878/00001_id04687_wavtolip.npz,-4.724599838256836,1
FakeVideo-RealAudio/Asian (East)/men/id06878/00001_id04774_wavtolip.npz,-4.799726486206055,1
FakeVideo-RealAudio/Asian (East)/men/id06878/00001_id04884_wavtolip.npz,-4.511303424835205,1
FakeVideo-RealAudio/Asian (East)/men/id06878/00001_id05383_wavtolip.npz,-4.810062885284424,1
FakeVideo-RealAudio/Asian (East)/men/id06878/00001_id08299_wavtolip.npz,-4.900417327880859,1
FakeVideo-RealAudio/Asian (East)/men/id06878/00001_id08613_wavtolip.npz,-2.5001299381256104,1
FakeVideo-RealAudio/Asian (East)/men/id09143/00056_id00863_wavtolip.npz,-3.833008050918579,1
FakeVideo-RealAudio/Asian (East)/men/id09143/00056_id01204_biYGqpYBp7o.npz,-4.951393127441406,1
FakeVideo-RealAudio/Asian (East)/men/id09143/00056_id01204_biYGqpYBp7o_faceswap.npz,-4.955449104309082,1
FakeVideo-RealAudio/Asian (East)/men/id09143/00056_id01215_wavtolip.npz,-3.336674213409424,1
FakeVideo-RealAudio/Asian (East)/men/id09143/00056_id01589_ZCwF6XVRiAU.npz,-4.956670761108398,1
FakeVideo-RealAudio/Asian (East)/men/id09143/00056_id01589_wavtolip.npz,-4.726053237915039,1
FakeVideo-RealAudio/Asian (East)/men/id09143/00056_id01683_wavtolip.npz,-4.971710681915283,1
FakeVideo-RealAudio/Asian (East)/men/id09143/00056_id02553_QTahH2rc8go.npz,-4.958766937255859,1
FakeVideo-RealAudio/Asian (East)/men/id09143/00056_id04789_wavtolip.npz,-4.121416091918945,1
FakeVideo-RealAudio/Asian (East)/men/id09143/00056_id06470_XoAiqCrOlyk.npz,-4.947636604309082,1
FakeVideo-RealAudio/Asian (East)/men/id09143/00056_id06470_wavtolip.npz,-0.44569873809814453,1
FakeVideo-RealAudio/Asian (East)/men/id09143/00056_id06594_wavtolip.npz,-4.709920883178711,1
FakeVideo-RealAudio/Asian (East)/men/id09143/00056_id06807_wavtolip.npz,-2.6695146560668945,1
FakeVideo-RealAudio/Asian (East)/men/id09143/00056_id07102_4gKPlwvjpsI.npz,-4.9434404373168945,1
FakeVideo-RealAudio/Asian (East)/men/id09143/00056_id07102_wavtolip.npz,-4.425655841827393,1
FakeVideo-RealAudio/Asian (East)/men/id09143/00056_id08652_wavtolip.npz,-4.653951644897461,1
FakeVideo-RealAudio/Asian (East)/men/id09143/00056_id09053_6baCAGutGFg.npz,-4.958608627319336,1
FakeVideo-RealAudio/Asian (East)/men/id08652/00006.npz,-4.6319804191589355,1
FakeVideo-RealAudio/Asian (East)/men/id08652/00006_id01215_wavtolip.npz,-3.1767897605895996,1
FakeVideo-RealAudio/Asian (East)/men/id08652/00006_id02365_wavtolip.npz,-4.801945209503174,1
FakeVideo-RealAudio/Asian (East)/men/id08652/00006_id04222_wavtolip.npz,-4.842831134796143,1
FakeVideo-RealAudio/Asian (East)/men/id08652/00006_id04687_wavtolip.npz,-4.935508728027344,1
FakeVideo-RealAudio/Asian (East)/men/id08652/00006_id05383_wavtolip.npz,-4.938436031341553,1
FakeVideo-RealAudio/Asian (East)/men/id08652/00006_id06152_wavtolip.npz,-4.915624618530273,1
FakeVideo-RealAudio/Asian (East)/men/id08652/00006_id06467_wavtolip.npz,-4.909157752990723,1
FakeVideo-RealAudio/Asian (East)/men/id08652/00006_id08299_wavtolip.npz,-4.938850402832031,1
FakeVideo-RealAudio/Asian (East)/men/id08652/00006_id08652_wavtolip.npz,-4.798165798187256,1
FakeVideo-RealAudio/Asian (East)/men/id08652/00006_id09143_wavtolip.npz,-4.979178428649902,1
FakeVideo-RealAudio/Asian (East)/men/id06807/00015.npz,-1.9515259265899658,1
FakeVideo-RealAudio/Asian (East)/men/id06807/00015_id00560_wavtolip.npz,-4.89638090133667,1
FakeVideo-RealAudio/Asian (East)/men/id06807/00015_id00863_wavtolip.npz,-4.098414421081543,1
FakeVideo-RealAudio/Asian (East)/men/id06807/00015_id01683_wavtolip.npz,-4.733129024505615,1
FakeVideo-RealAudio/Asian (East)/men/id06807/00015_id02561_wavtolip.npz,-4.337140083312988,1
FakeVideo-RealAudio/Asian (East)/men/id06807/00015_id04691_wavtolip.npz,-3.8101089000701904,1
FakeVideo-RealAudio/Asian (East)/men/id06807/00015_id04774_wavtolip.npz,-4.818936347961426,1
FakeVideo-RealAudio/Asian (East)/men/id06807/00015_id06269_wavtolip.npz,-4.8532304763793945,1
FakeVideo-RealAudio/Asian (East)/men/id06807/00015_id06591_wavtolip.npz,-2.6249964237213135,1
FakeVideo-RealAudio/Asian (East)/men/id06807/00015_id06807_wavtolip.npz,-1.3658276796340942,1
FakeVideo-RealAudio/Asian (East)/men/id06807/00015_id08652_wavtolip.npz,-4.877099990844727,1
FakeVideo-RealAudio/Asian (East)/men/id04687/00066_id00126_wavtolip.npz,-4.726768493652344,1
FakeVideo-RealAudio/Asian (East)/men/id04687/00066_id00560_wavtolip.npz,-4.876258850097656,1
FakeVideo-RealAudio/Asian (East)/men/id04687/00066_id00740_wavtolip.npz,-4.776866436004639,1
FakeVideo-RealAudio/Asian (East)/men/id04687/00066_id01589_ZCwF6XVRiAU.npz,-4.628396987915039,1
FakeVideo-RealAudio/Asian (East)/men/id04687/00066_id01589_wavtolip.npz,-4.696857452392578,1
FakeVideo-RealAudio/Asian (East)/men/id04687/00066_id02332_hlo8q3-L9vI.npz,-4.613503456115723,1
FakeVideo-RealAudio/Asian (East)/men/id04687/00066_id02493_zYAm6W46Mcg.npz,-4.630806922912598,1
FakeVideo-RealAudio/Asian (East)/men/id04687/00066_id02493_zYAm6W46Mcg_faceswap.npz,-4.3430986404418945,1
FakeVideo-RealAudio/Asian (East)/men/id04687/00066_id02553_QTahH2rc8go.npz,-4.657551288604736,1
FakeVideo-RealAudio/Asian (East)/men/id04687/00066_id02553_wavtolip.npz,-4.715484142303467,1
FakeVideo-RealAudio/Asian (East)/men/id04687/00066_id03889_C54Tw6xrc4U.npz,-4.4101176261901855,1
FakeVideo-RealAudio/Asian (East)/men/id04687/00066_id03889_wavtolip.npz,-4.728519439697266,1
FakeVideo-RealAudio/Asian (East)/men/id04687/00066_id04111_wavtolip.npz,-4.713372230529785,1
FakeVideo-RealAudio/Asian (East)/men/id04687/00066_id04222_EAw7MSynKF8.npz,-4.57916259765625,1
FakeVideo-RealAudio/Asian (East)/men/id04687/00066_id04222_wavtolip.npz,-4.588217735290527,1
FakeVideo-RealAudio/Asian (East)/men/id04687/00066_id04884_eq_wk7h1Gzo.npz,-4.299886703491211,1
FakeVideo-RealAudio/Asian (East)/men/id04687/00066_id06269_wavtolip.npz,-4.854950428009033,1
FakeVideo-RealAudio/Asian (East)/men/id04687/00066_id06470_XoAiqCrOlyk.npz,-4.661359786987305,1
FakeVideo-RealAudio/Asian (East)/men/id04687/00066_id08299_wavtolip.npz,-4.900591850280762,1
FakeVideo-RealAudio/Asian (East)/men/id07338/00003.npz,-4.8646464347839355,1
FakeVideo-RealAudio/Asian (East)/men/id07338/00003_id01683_wavtolip.npz,-4.949151992797852,1
FakeVideo-RealAudio/Asian (East)/men/id07338/00003_id04111_wavtolip.npz,-4.854666709899902,1
FakeVideo-RealAudio/Asian (East)/men/id07338/00003_id04687_wavtolip.npz,-4.956899642944336,1
FakeVideo-RealAudio/Asian (East)/men/id07338/00003_id04691_wavtolip.npz,-3.7006847858428955,1
FakeVideo-RealAudio/Asian (East)/men/id07338/00003_id04774_wavtolip.npz,-4.919428825378418,1
FakeVideo-RealAudio/Asian (East)/men/id07338/00003_id04884_wavtolip.npz,-4.32962703704834,1
FakeVideo-RealAudio/Asian (East)/men/id07338/00003_id05332_wavtolip.npz,-4.953832149505615,1
FakeVideo-RealAudio/Asian (East)/men/id07338/00003_id06470_wavtolip.npz,0.22126984596252441,1
FakeVideo-RealAudio/Asian (East)/men/id07338/00003_id06776_wavtolip.npz,-4.799908638000488,1
FakeVideo-RealAudio/Asian (East)/men/id07338/00003_id07102_wavtolip.npz,-4.258331298828125,1
FakeVideo-RealAudio/Asian (East)/men/id01204/00092_id00056_GUh0mNVw0U8.npz,-4.315728187561035,1
FakeVideo-RealAudio/Asian (East)/men/id01204/00092_id00560_wavtolip.npz,-4.924044609069824,1
FakeVideo-RealAudio/Asian (East)/men/id01204/00092_id00597_wavtolip.npz,-4.381148815155029,1
FakeVideo-RealAudio/Asian (East)/men/id01204/00092_id01589_ZCwF6XVRiAU.npz,-4.34476375579834,1
FakeVideo-RealAudio/Asian (East)/men/id01204/00092_id02332_wavtolip.npz,0.1791565716266632,1
FakeVideo-RealAudio/Asian (East)/men/id01204/00092_id02365_KTHM_LvjcgY.npz,-4.311314582824707,1
FakeVideo-RealAudio/Asian (East)/men/id01204/00092_id02493_zYAm6W46Mcg.npz,-4.340854644775391,1
FakeVideo-RealAudio/Asian (East)/men/id01204/00092_id03028_wavtolip.npz,-4.279784202575684,1
FakeVideo-RealAudio/Asian (East)/men/id01204/00092_id03889_C54Tw6xrc4U.npz,-4.323307037353516,1
FakeVideo-RealAudio/Asian (East)/men/id01204/00092_id04111_wavtolip.npz,-4.346900939941406,1
FakeVideo-RealAudio/Asian (East)/men/id01204/00092_id04687_wavtolip.npz,-4.722805500030518,1
FakeVideo-RealAudio/Asian (East)/men/id01204/00092_id05332_wavtolip.npz,-4.750143051147461,1
FakeVideo-RealAudio/Asian (East)/men/id01204/00092_id06269_Jm9bEizIGBE.npz,-4.345551490783691,1
FakeVideo-RealAudio/Asian (East)/men/id01204/00092_id06269_wavtolip.npz,-4.853017807006836,1
FakeVideo-RealAudio/Asian (East)/men/id01204/00092_id06535_wavtolip.npz,-4.528881072998047,1
FakeVideo-RealAudio/Asian (East)/men/id01204/00092_id06591_wavtolip.npz,-1.6520631313323975,1
FakeVideo-RealAudio/Asian (East)/men/id01204/00092_id09053_6baCAGutGFg.npz,-4.336330413818359,1
FakeVideo-RealAudio/Asian (East)/men/id01204/00092_id09143_rnD7HryoyLY.npz,-4.355393886566162,1
FakeVideo-RealAudio/Asian (East)/men/id01204/00092_id09143_rnD7HryoyLY_faceswap.npz,-4.342545032501221,1
FakeVideo-RealAudio/Asian (East)/men/id03889/00052_id00560_wavtolip.npz,-4.920027732849121,1
FakeVideo-RealAudio/Asian (East)/men/id03889/00052_id01212_wavtolip.npz,-4.6317548751831055,1
FakeVideo-RealAudio/Asian (East)/men/id03889/00052_id01215_wavtolip.npz,-4.731159210205078,1
FakeVideo-RealAudio/Asian (East)/men/id03889/00052_id01589_ZCwF6XVRiAU.npz,-4.588351249694824,1
FakeVideo-RealAudio/Asian (East)/men/id03889/00052_id01589_ZCwF6XVRiAU_faceswap.npz,-4.572126388549805,1
FakeVideo-RealAudio/Asian (East)/men/id03889/00052_id02332_hlo8q3-L9vI.npz,-4.594906330108643,1
FakeVideo-RealAudio/Asian (East)/men/id03889/00052_id02332_wavtolip.npz,-0.29464805126190186,1
FakeVideo-RealAudio/Asian (East)/men/id03889/00052_id02365_KTHM_LvjcgY.npz,-4.491361618041992,1
FakeVideo-RealAudio/Asian (East)/men/id03889/00052_id02493_zYAm6W46Mcg.npz,-4.563864707946777,1
FakeVideo-RealAudio/Asian (East)/men/id03889/00052_id04111_wavtolip.npz,-4.654107093811035,1
FakeVideo-RealAudio/Asian (East)/men/id03889/00052_id04687_cSxCV6zdmwo.npz,-4.228801250457764,1
FakeVideo-RealAudio/Asian (East)/men/id03889/00052_id04774_k3yOcTA95dg.npz,-4.605611801147461,1
FakeVideo-RealAudio/Asian (East)/men/id03889/00052_id05743_wavtolip.npz,-4.665663242340088,1
FakeVideo-RealAudio/Asian (East)/men/id03889/00052_id06152_wavtolip.npz,-4.6601457595825195,1
FakeVideo-RealAudio/Asian (East)/men/id03889/00052_id06269_wavtolip.npz,-4.854820251464844,1
FakeVideo-RealAudio/Asian (East)/men/id03889/00052_id06591_wavtolip.npz,-1.9305881261825562,1
FakeVideo-RealAudio/Asian (East)/men/id03889/00052_id06878_wavtolip.npz,-4.593325614929199,1
FakeVideo-RealAudio/Asian (East)/men/id08299/00110_0.npz,0.13532808423042297,1
FakeVideo-RealAudio/Asian (East)/men/id08299/00110_1.npz,-4.715548515319824,1
FakeVideo-RealAudio/Asian (East)/men/id08299/00110_2.npz,-4.353071212768555,1
FakeVideo-RealAudio/Asian (East)/men/id08299/00110_3.npz,-4.7719292640686035,1
FakeVideo-RealAudio/Asian (East)/men/id08299/00110_id03028_wavtolip.npz,-4.852646350860596,1
FakeVideo-RealAudio/Asian (East)/men/id08299/00110_id03965_wavtolip.npz,-2.55633282661438,1
FakeVideo-RealAudio/Asian (East)/men/id08299/00110_id04726_wavtolip.npz,-4.828245162963867,1
FakeVideo-RealAudio/Asian (East)/men/id08299/00110_id04789_wavtolip.npz,-4.534245491027832,1
FakeVideo-RealAudio/Asian (East)/men/id08299/00110_id05268_wavtolip.npz,-4.751406669616699,1
FakeVideo-RealAudio/Asian (East)/men/id08299/00110_id05332_wavtolip.npz,-4.9011640548706055,1
FakeVideo-RealAudio/Asian (East)/men/id08299/00110_id05479_wavtolip.npz,-4.812431335449219,1
FakeVideo-RealAudio/Asian (East)/men/id08299/00110_id06467_wavtolip.npz,-4.891880035400391,1
FakeVideo-RealAudio/Asian (East)/men/id08299/00110_id06807_wavtolip.npz,-3.5011754035949707,1
FakeVideo-RealAudio/Asian (East)/men/id08299/00110_id08299_wavtolip.npz,-4.898299217224121,1
FakeVideo-RealAudio/Asian (East)/women/id08819/00052_id00137_wavtolip.npz,-4.77025032043457,1
FakeVideo-RealAudio/Asian (East)/women/id08819/00052_id00566_wavtolip.npz,-4.930100917816162,1
FakeVideo-RealAudio/Asian (East)/women/id08819/00052_id00579_yc8eTBM4N3c.npz,-3.87747859954834,1
FakeVideo-RealAudio/Asian (East)/women/id08819/00052_id00763_wavtolip.npz,-4.156613826751709,1
FakeVideo-RealAudio/Asian (East)/women/id08819/00052_id01281_wavtolip.npz,-4.333948135375977,1
FakeVideo-RealAudio/Asian (East)/women/id08819/00052_id02807_eFC0STvhou4.npz,-3.8757591247558594,1
FakeVideo-RealAudio/Asian (East)/women/id08819/00052_id04701_7mnc8w6jRlM.npz,-3.8657660484313965,1
FakeVideo-RealAudio/Asian (East)/women/id08819/00052_id05576_g3SKd3BsV9I.npz,-3.8727269172668457,1
FakeVideo-RealAudio/Asian (East)/women/id08819/00052_id06060___Bf93SjJP0.npz,-3.871063232421875,1
FakeVideo-RealAudio/Asian (East)/women/id08819/00052_id06066_9e5vgpwmruA.npz,-3.8727474212646484,1
FakeVideo-RealAudio/Asian (East)/women/id08819/00052_id07039_wavtolip.npz,-4.158123970031738,1
FakeVideo-RealAudio/Asian (East)/women/id08819/00052_id07739_TmuvLVNBm8o.npz,-3.8751821517944336,1
FakeVideo-RealAudio/Asian (East)/women/id08819/00052_id07799_wavtolip.npz,-3.8909878730773926,1
FakeVideo-RealAudio/Asian (East)/women/id08819/00052_id08402_wavtolip.npz,-4.369972229003906,1
FakeVideo-RealAudio/Asian (East)/women/id08819/00052_id08819_wavtolip.npz,-3.888644218444824,1
FakeVideo-RealAudio/Asian (East)/women/id08819/00052_id09171_wavtolip.npz,-4.4709649085998535,1
FakeVideo-RealAudio/Asian (East)/women/id08819/00052_id09175_wavtolip.npz,-4.652436256408691,1
FakeVideo-RealAudio/Asian (East)/women/id00566/00032_id00137_L22Rc38U5BA.npz,-4.902257442474365,1
FakeVideo-RealAudio/Asian (East)/women/id00566/00032_id00935_wavtolip.npz,-2.745588779449463,1
FakeVideo-RealAudio/Asian (East)/women/id00566/00032_id02587_KzwJPH5_8j0.npz,-4.902985572814941,1
FakeVideo-RealAudio/Asian (East)/women/id00566/00032_id02587_KzwJPH5_8j0_faceswap.npz,-4.901069641113281,1
FakeVideo-RealAudio/Asian (East)/women/id00566/00032_id02807_wavtolip.npz,-4.929086685180664,1
FakeVideo-RealAudio/Asian (East)/women/id00566/00032_id03379_wavtolip.npz,-4.604615688323975,1
FakeVideo-RealAudio/Asian (East)/women/id00566/00032_id04414_0sJN-9GIO-M.npz,-4.903477191925049,1
FakeVideo-RealAudio/Asian (East)/women/id00566/00032_id04701_7mnc8w6jRlM.npz,-4.901369094848633,1
FakeVideo-RealAudio/Asian (East)/women/id00566/00032_id05620_wavtolip.npz,-4.927150726318359,1
FakeVideo-RealAudio/Asian (East)/women/id00566/00032_id05844_bkmHULxZv40.npz,-4.9015302658081055,1
FakeVideo-RealAudio/Asian (East)/women/id00566/00032_id06061_TckvmWR97vo.npz,-4.899417877197266,1
FakeVideo-RealAudio/Asian (East)/women/id00566/00032_id06388_wavtolip.npz,-4.88019323348999,1
FakeVideo-RealAudio/Asian (East)/women/id00566/00032_id06427_dBBAKe2EA_o.npz,-4.902023792266846,1
FakeVideo-RealAudio/Asian (East)/women/id00566/00032_id06443_wavtolip.npz,-4.9082136154174805,1
FakeVideo-RealAudio/Asian (East)/women/id00566/00032_id08397_wavtolip.npz,-0.4057849645614624,1
FakeVideo-RealAudio/Asian (East)/women/id00566/00032_id08402_wavtolip.npz,-4.751396656036377,1
FakeVideo-RealAudio/Asian (East)/women/id00566/00032_id09125_wavtolip.npz,-4.815767288208008,1
FakeVideo-RealAudio/Asian (East)/women/id00566/00032_id09174_Qspzu6tyArc.npz,-4.9018168449401855,1
FakeVideo-RealAudio/Asian (East)/women/id00566/00032_id09181_wavtolip.npz,-4.270582675933838,1
FakeVideo-RealAudio/Asian (East)/women/id05631/00073_id00137_L22Rc38U5BA.npz,-4.531007766723633,1
FakeVideo-RealAudio/Asian (East)/women/id05631/00073_id00430_wavtolip.npz,-4.801450729370117,1
FakeVideo-RealAudio/Asian (East)/women/id05631/00073_id01281_ojEe5zGWESc.npz,-4.531813621520996,1
FakeVideo-RealAudio/Asian (East)/women/id05631/00073_id02587_KzwJPH5_8j0.npz,-4.532182216644287,1
FakeVideo-RealAudio/Asian (East)/women/id05631/00073_id03379_wavtolip.npz,-4.676734447479248,1
FakeVideo-RealAudio/Asian (East)/women/id05631/00073_id04057_SmHwNbR-498.npz,-4.532358646392822,1
FakeVideo-RealAudio/Asian (East)/women/id05631/00073_id04066_DkqznbB2WxQ.npz,-4.531407356262207,1
FakeVideo-RealAudio/Asian (East)/women/id05631/00073_id04414_wavtolip.npz,-4.796102523803711,1
FakeVideo-RealAudio/Asian (East)/women/id05631/00073_id04701_7mnc8w6jRlM.npz,-4.531704902648926,1
FakeVideo-RealAudio/Asian (East)/women/id05631/00073_id05620_wavtolip.npz,-4.623109817504883,1
FakeVideo-RealAudio/Asian (East)/women/id05631/00073_id05844_bkmHULxZv40.npz,-4.53227424621582,1
FakeVideo-RealAudio/Asian (East)/women/id05631/00073_id06065_Rni34oVUpTA.npz,-4.532008647918701,1
FakeVideo-RealAudio/Asian (East)/women/id05631/00073_id06065_Rni34oVUpTA_faceswap.npz,-4.533072471618652,1
FakeVideo-RealAudio/Asian (East)/women/id05631/00073_id06388_wavtolip.npz,-4.614918231964111,1
FakeVideo-RealAudio/Asian (East)/women/id05631/00073_id06462_wavtolip.npz,-4.79049825668335,1
FakeVideo-RealAudio/Asian (East)/women/id05631/00073_id07383_wavtolip.npz,-4.546339511871338,1
FakeVideo-RealAudio/Asian (East)/women/id05631/00073_id09171_wavtolip.npz,-4.546347141265869,1
FakeVideo-RealAudio/Asian (East)/women/id05631/00073_id09175_wavtolip.npz,-4.65228796005249,1
FakeVideo-RealAudio/Asian (East)/women/id05631/00073_id09181_wavtolip.npz,-4.4204182624816895,1
FakeVideo-RealAudio/Asian (East)/women/id06054/00010_id00430_wavtolip.npz,-4.804340839385986,1
FakeVideo-RealAudio/Asian (East)/women/id06054/00010_id00579_yc8eTBM4N3c.npz,-3.759814739227295,1
FakeVideo-RealAudio/Asian (East)/women/id06054/00010_id00579_yc8eTBM4N3c_faceswap.npz,-3.5788395404815674,1
FakeVideo-RealAudio/Asian (East)/women/id06054/00010_id00763_wavtolip.npz,-4.144644260406494,1
FakeVideo-RealAudio/Asian (East)/women/id06054/00010_id01281_wavtolip.npz,-4.66043758392334,1
FakeVideo-RealAudio/Asian (East)/women/id06054/00010_id02587_KzwJPH5_8j0.npz,-3.6174163818359375,1
FakeVideo-RealAudio/Asian (East)/women/id06054/00010_id02807_eFC0STvhou4.npz,-3.694305419921875,1
FakeVideo-RealAudio/Asian (East)/women/id06054/00010_id03379_wavtolip.npz,-4.59306526184082,1
FakeVideo-RealAudio/Asian (East)/women/id06054/00010_id04057_SmHwNbR-498.npz,-3.8892173767089844,1
FakeVideo-RealAudio/Asian (East)/women/id06054/00010_id04066_wavtolip.npz,-4.6821417808532715,1
FakeVideo-RealAudio/Asian (East)/women/id06054/00010_id04144__FJg9YswRzQ.npz,-3.8091492652893066,1
FakeVideo-RealAudio/Asian (East)/women/id06054/00010_id06054_wavtolip.npz,-3.679036855697632,1
FakeVideo-RealAudio/Asian (East)/women/id06054/00010_id06462_Nn79kE76MA4.npz,-3.4748947620391846,1
FakeVideo-RealAudio/Asian (East)/women/id06054/00010_id06462_wavtolip.npz,-4.80631160736084,1
FakeVideo-RealAudio/Asian (East)/women/id06054/00010_id07039_wavtolip.npz,-4.130312919616699,1
FakeVideo-RealAudio/Asian (East)/women/id06054/00010_id07901_wavtolip.npz,-4.7566022872924805,1
FakeVideo-RealAudio/Asian (East)/women/id06054/00010_id08402_nedfiSXfmQ0.npz,-3.898496389389038,1
FakeVideo-RealAudio/Asian (East)/women/id06054/00010_id08819_uDQ-DFVg5Sk.npz,-3.3470582962036133,1
FakeVideo-RealAudio/Asian (East)/women/id06054/00010_id09175_wavtolip.npz,-4.682133197784424,1
FakeVideo-RealAudio/Asian (East)/women/id04701/00017_id00137_wavtolip.npz,-4.5004167556762695,1
FakeVideo-RealAudio/Asian (East)/women/id04701/00017_id00582_wavtolip.npz,-4.649893283843994,1
FakeVideo-RealAudio/Asian (East)/women/id04701/00017_id01451_wavtolip.npz,-4.650797367095947,1
FakeVideo-RealAudio/Asian (East)/women/id04701/00017_id03940_axeR0CLu96U.npz,-4.635483741760254,1
FakeVideo-RealAudio/Asian (East)/women/id04701/00017_id04144__FJg9YswRzQ.npz,-4.634355068206787,1
FakeVideo-RealAudio/Asian (East)/women/id04701/00017_id04144_wavtolip.npz,-4.526666641235352,1
FakeVideo-RealAudio/Asian (East)/women/id04701/00017_id04414_0sJN-9GIO-M.npz,-4.633963108062744,1
FakeVideo-RealAudio/Asian (East)/women/id04701/00017_id05631_wavtolip.npz,-4.648486137390137,1
FakeVideo-RealAudio/Asian (East)/women/id04701/00017_id06054_wavtolip.npz,-3.1615676879882812,1
FakeVideo-RealAudio/Asian (East)/women/id04701/00017_id06061_wavtolip.npz,-4.646829128265381,1
FakeVideo-RealAudio/Asian (East)/women/id04701/00017_id06066_wavtolip.npz,-4.559900760650635,1
FakeVideo-RealAudio/Asian (East)/women/id04701/00017_id06225_wavtolip.npz,-4.515386581420898,1
FakeVideo-RealAudio/Asian (East)/women/id04701/00017_id06462_Nn79kE76MA4.npz,-4.633665561676025,1
FakeVideo-RealAudio/Asian (East)/women/id04701/00017_id06462_Nn79kE76MA4_faceswap.npz,-4.634370803833008,1
FakeVideo-RealAudio/Asian (East)/women/id04701/00017_id07739_TmuvLVNBm8o.npz,-4.634925842285156,1
FakeVideo-RealAudio/Asian (East)/women/id04701/00017_id07799_gO6nidmxrJU.npz,-4.633298397064209,1
FakeVideo-RealAudio/Asian (East)/women/id04701/00017_id07799_wavtolip.npz,-4.65095329284668,1
FakeVideo-RealAudio/Asian (East)/women/id04701/00017_id09174_Qspzu6tyArc.npz,-4.631856441497803,1
FakeVideo-RealAudio/Asian (East)/women/id04701/00017_id09175_YWe7UOnEyHU.npz,-4.636223316192627,1
FakeVideo-RealAudio/Asian (East)/women/id09174/00015_id00137_L22Rc38U5BA.npz,-2.37003231048584,1
FakeVideo-RealAudio/Asian (East)/women/id09174/00015_id00582_9gvF6IohoUI.npz,-1.9836103916168213,1
FakeVideo-RealAudio/Asian (East)/women/id09174/00015_id00763_wavtolip.npz,-4.155025005340576,1
FakeVideo-RealAudio/Asian (East)/women/id09174/00015_id02587_KzwJPH5_8j0.npz,-2.024582624435425,1
FakeVideo-RealAudio/Asian (East)/women/id09174/00015_id02587_KzwJPH5_8j0_faceswap.npz,-2.0578768253326416,1
FakeVideo-RealAudio/Asian (East)/women/id09174/00015_id03211_wavtolip.npz,-3.36018967628479,1
FakeVideo-RealAudio/Asian (East)/women/id09174/00015_id04701_7mnc8w6jRlM.npz,-2.1023433208465576,1
FakeVideo-RealAudio/Asian (East)/women/id09174/00015_id04701_wavtolip.npz,-4.915065765380859,1
FakeVideo-RealAudio/Asian (East)/women/id09174/00015_id05576_wavtolip.npz,-4.942549705505371,1
FakeVideo-RealAudio/Asian (East)/women/id09174/00015_id05620_DmPPLeOZkHo.npz,-2.289168357849121,1
FakeVideo-RealAudio/Asian (East)/women/id09174/00015_id05631_wavtolip.npz,-4.944036483764648,1
FakeVideo-RealAudio/Asian (East)/women/id09174/00015_id05844_bkmHULxZv40.npz,-2.305936813354492,1
FakeVideo-RealAudio/Asian (East)/women/id09174/00015_id06065_wavtolip.npz,-4.900391578674316,1
FakeVideo-RealAudio/Asian (East)/women/id09174/00015_id06462_Nn79kE76MA4.npz,-2.15824556350708,1
FakeVideo-RealAudio/Asian (East)/women/id09174/00015_id06462_wavtolip.npz,-4.943016052246094,1
FakeVideo-RealAudio/Asian (East)/women/id09174/00015_id07039_wavtolip.npz,-4.306157112121582,1
FakeVideo-RealAudio/Asian (East)/women/id09174/00015_id07799_gO6nidmxrJU.npz,-2.0902371406555176,1
FakeVideo-RealAudio/Asian (East)/women/id09174/00015_id09125_wavtolip.npz,-4.850683689117432,1
FakeVideo-RealAudio/Asian (East)/women/id09174/00015_id09174_wavtolip.npz,-2.029690980911255,1
FakeVideo-RealAudio/Asian (East)/women/id09125/00098_id00137_L22Rc38U5BA.npz,-4.341538429260254,1
FakeVideo-RealAudio/Asian (East)/women/id09125/00098_id00137_wavtolip.npz,-4.711997985839844,1
FakeVideo-RealAudio/Asian (East)/women/id09125/00098_id00579_yc8eTBM4N3c.npz,-4.14218807220459,1
FakeVideo-RealAudio/Asian (East)/women/id09125/00098_id02807_wavtolip.npz,-4.574302673339844,1
FakeVideo-RealAudio/Asian (East)/women/id09125/00098_id03211_HK4oe6Hi91E.npz,-3.746522903442383,1
FakeVideo-RealAudio/Asian (East)/women/id09125/00098_id06060_wavtolip.npz,-4.825063705444336,1
FakeVideo-RealAudio/Asian (East)/women/id09125/00098_id06061_wavtolip.npz,-4.4255218505859375,1
FakeVideo-RealAudio/Asian (East)/women/id09125/00098_id06066_wavtolip.npz,-4.5044989585876465,1
FakeVideo-RealAudio/Asian (East)/women/id09125/00098_id06225_AERbd8rJHDw.npz,-2.9640121459960938,1
FakeVideo-RealAudio/Asian (East)/women/id09125/00098_id06225_wavtolip.npz,-4.407883644104004,1
FakeVideo-RealAudio/Asian (East)/women/id09125/00098_id06462_Nn79kE76MA4.npz,-3.9126477241516113,1
FakeVideo-RealAudio/Asian (East)/women/id09125/00098_id07739_TmuvLVNBm8o.npz,-3.8857147693634033,1
FakeVideo-RealAudio/Asian (East)/women/id09125/00098_id08397_wavtolip.npz,-0.8140767812728882,1
FakeVideo-RealAudio/Asian (East)/women/id09125/00098_id09125_wavtolip.npz,-3.991605758666992,1
FakeVideo-RealAudio/Asian (East)/women/id09125/00098_id09171_wavtolip.npz,-4.471182823181152,1
FakeVideo-RealAudio/Asian (East)/women/id09125/00098_id09181_wavtolip.npz,-4.20427131652832,1
FakeVideo-RealAudio/Asian (East)/women/id09125/00098_id09181_ypUYBHscgD8.npz,-3.9102964401245117,1
FakeVideo-RealAudio/Asian (East)/women/id05620/00005_id00137_L22Rc38U5BA.npz,-4.614025592803955,1
FakeVideo-RealAudio/Asian (East)/women/id05620/00005_id00566_V3Hg_HMhuwQ.npz,-4.614866733551025,1
FakeVideo-RealAudio/Asian (East)/women/id05620/00005_id00935_wavtolip.npz,-4.169683456420898,1
FakeVideo-RealAudio/Asian (East)/women/id05620/00005_id02807_eFC0STvhou4.npz,-4.6146955490112305,1
FakeVideo-RealAudio/Asian (East)/women/id05620/00005_id02807_wavtolip.npz,-4.622865676879883,1
FakeVideo-RealAudio/Asian (East)/women/id05620/00005_id03211_wavtolip.npz,-4.6100897789001465,1
FakeVideo-RealAudio/Asian (East)/women/id05620/00005_id04701_7mnc8w6jRlM.npz,-4.615030288696289,1
FakeVideo-RealAudio/Asian (East)/women/id05620/00005_id05844_wavtolip.npz,-4.7132568359375,1
FakeVideo-RealAudio/Asian (East)/women/id05620/00005_id06060_wavtolip.npz,-4.881807327270508,1
FakeVideo-RealAudio/Asian (East)/women/id05620/00005_id06061_TckvmWR97vo.npz,-4.614139556884766,1
FakeVideo-RealAudio/Asian (East)/women/id05620/00005_id06061_TckvmWR97vo_faceswap.npz,-4.60715913772583,1
FakeVideo-RealAudio/Asian (East)/women/id05620/00005_id06066_9e5vgpwmruA.npz,-4.6100077629089355,1
FakeVideo-RealAudio/Asian (East)/women/id05620/00005_id06388_wavtolip.npz,-4.612263202667236,1
FakeVideo-RealAudio/Asian (East)/women/id05620/00005_id07383_G9gjJrz6L94.npz,-4.609380722045898,1
FakeVideo-RealAudio/Asian (East)/women/id05620/00005_id07901_wavtolip.npz,-4.638607978820801,1
FakeVideo-RealAudio/Asian (East)/women/id05620/00005_id08139_wavtolip.npz,-4.539477348327637,1
FakeVideo-RealAudio/Asian (East)/women/id05620/00005_id09116_wavtolip.npz,-4.852575302124023,1
FakeVideo-RealAudio/Asian (East)/women/id05620/00005_id09125_wavtolip.npz,-3.7164292335510254,1
FakeVideo-RealAudio/Asian (East)/women/id05576/00368_id00363_XNRwEZtddRk.npz,-4.409525394439697,1
FakeVideo-RealAudio/Asian (East)/women/id05576/00368_id00582_9gvF6IohoUI.npz,-4.406463146209717,1
FakeVideo-RealAudio/Asian (East)/women/id05576/00368_id01281_wavtolip.npz,-4.360997676849365,1
FakeVideo-RealAudio/Asian (East)/women/id05576/00368_id02807_eFC0STvhou4.npz,-4.408817291259766,1
FakeVideo-RealAudio/Asian (East)/women/id05576/00368_id04057_wavtolip.npz,-3.784285068511963,1
FakeVideo-RealAudio/Asian (East)/women/id05576/00368_id05620_wavtolip.npz,-4.62086820602417,1
FakeVideo-RealAudio/Asian (East)/women/id05576/00368_id06066_9e5vgpwmruA.npz,-4.40959358215332,1
FakeVideo-RealAudio/Asian (East)/women/id05576/00368_id06066_wavtolip.npz,-4.515459060668945,1
FakeVideo-RealAudio/Asian (East)/women/id05576/00368_id06158_C6FpHdewEzA.npz,-4.406913757324219,1
FakeVideo-RealAudio/Asian (East)/women/id05576/00368_id06158_wavtolip.npz,-4.593230247497559,1
FakeVideo-RealAudio/Asian (East)/women/id05576/00368_id06427_wavtolip.npz,-4.67245626449585,1
FakeVideo-RealAudio/Asian (East)/women/id05576/00368_id07739_wavtolip.npz,-3.1322426795959473,1
FakeVideo-RealAudio/Asian (East)/women/id05576/00368_id08397_zvY3EjwSL1Q.npz,-4.4096527099609375,1
FakeVideo-RealAudio/Asian (East)/women/id05576/00368_id08819_uDQ-DFVg5Sk.npz,-4.40675163269043,1
FakeVideo-RealAudio/Asian (East)/women/id05576/00368_id09116_wavtolip.npz,-4.812906265258789,1
FakeVideo-RealAudio/Asian (East)/women/id05576/00368_id09174_wavtolip.npz,-1.979398250579834,1
FakeVideo-RealAudio/Asian (East)/women/id05576/00368_id09175_YWe7UOnEyHU.npz,-4.4021806716918945,1
FakeVideo-RealAudio/Asian (East)/women/id05576/00368_id09181_wavtolip.npz,-4.175962924957275,1
FakeVideo-RealAudio/Asian (East)/women/id06388/00005_id00137_wavtolip.npz,-4.606706142425537,1
FakeVideo-RealAudio/Asian (East)/women/id06388/00005_id00763_wavtolip.npz,-4.44497537612915,1
FakeVideo-RealAudio/Asian (East)/women/id06388/00005_id01281_ojEe5zGWESc.npz,-4.564903736114502,1
FakeVideo-RealAudio/Asian (East)/women/id06388/00005_id01281_ojEe5zGWESc_faceswap.npz,-4.572628021240234,1
FakeVideo-RealAudio/Asian (East)/women/id06388/00005_id03211_HK4oe6Hi91E.npz,-4.566836833953857,1
FakeVideo-RealAudio/Asian (East)/women/id06388/00005_id03211_wavtolip.npz,-4.553138732910156,1
FakeVideo-RealAudio/Asian (East)/women/id06388/00005_id04057_wavtolip.npz,-3.621520519256592,1
FakeVideo-RealAudio/Asian (East)/women/id06388/00005_id04701_wavtolip.npz,-4.647683620452881,1
FakeVideo-RealAudio/Asian (East)/women/id06388/00005_id05620_wavtolip.npz,-4.622117519378662,1
FakeVideo-RealAudio/Asian (East)/women/id06388/00005_id06060_wavtolip.npz,-4.845991134643555,1
FakeVideo-RealAudio/Asian (East)/women/id06388/00005_id06065_wavtolip.npz,-4.639492988586426,1
FakeVideo-RealAudio/Asian (East)/women/id06388/00005_id06443_wavtolip.npz,-4.608098983764648,1
FakeVideo-RealAudio/Asian (East)/women/id06388/00005_id07383_G9gjJrz6L94.npz,-4.562458038330078,1
FakeVideo-RealAudio/Asian (East)/women/id06388/00005_id07799_wavtolip.npz,-4.621048450469971,1
FakeVideo-RealAudio/Asian (East)/women/id06388/00005_id08402_nedfiSXfmQ0.npz,-4.586641311645508,1
FakeVideo-RealAudio/Asian (East)/women/id06388/00005_id09171_B-JRLp6chC0.npz,-4.584615707397461,1
FakeVideo-RealAudio/Asian (East)/women/id06388/00005_id09175_YWe7UOnEyHU.npz,-4.5645599365234375,1
FakeVideo-RealAudio/Asian (East)/women/id06388/00005_id09181_ypUYBHscgD8.npz,-4.571741580963135,1
FakeVideo-RealAudio/Asian (East)/women/id00582/00006_id00566_wavtolip.npz,-4.92618465423584,1
FakeVideo-RealAudio/Asian (East)/women/id00582/00006_id00582_wavtolip.npz,-4.04988956451416,1
FakeVideo-RealAudio/Asian (East)/women/id00582/00006_id02807_eFC0STvhou4.npz,-4.04132604598999,1
FakeVideo-RealAudio/Asian (East)/women/id00582/00006_id03211_HK4oe6Hi91E.npz,-4.04236364364624,1
FakeVideo-RealAudio/Asian (East)/women/id00582/00006_id03211_wavtolip.npz,-4.4731011390686035,1
FakeVideo-RealAudio/Asian (East)/women/id00582/00006_id03379_A32nCObAHiI.npz,-4.041524887084961,1
FakeVideo-RealAudio/Asian (East)/women/id00582/00006_id03379_A32nCObAHiI_faceswap.npz,-4.040517807006836,1
FakeVideo-RealAudio/Asian (East)/women/id00582/00006_id04144__FJg9YswRzQ.npz,-4.041608810424805,1
FakeVideo-RealAudio/Asian (East)/women/id00582/00006_id06388_AtidJ-WlONc.npz,-4.038568496704102,1
FakeVideo-RealAudio/Asian (East)/women/id00582/00006_id06462_wavtolip.npz,-4.767647743225098,1
FakeVideo-RealAudio/Asian (East)/women/id00582/00006_id07739_wavtolip.npz,-2.848400115966797,1
FakeVideo-RealAudio/Asian (East)/women/id00582/00006_id07901_wavtolip.npz,-4.720323085784912,1
FakeVideo-RealAudio/Asian (East)/women/id00582/00006_id08397_wavtolip.npz,-2.1687796115875244,1
FakeVideo-RealAudio/Asian (East)/women/id00582/00006_id08402_wavtolip.npz,-4.3692827224731445,1
FakeVideo-RealAudio/Asian (East)/women/id00582/00006_id08819_wavtolip.npz,-4.027279376983643,1
FakeVideo-RealAudio/Asian (East)/women/id00582/00006_id09171_wavtolip.npz,-4.470787048339844,1
FakeVideo-RealAudio/Asian (East)/women/id00582/00006_id09174_Qspzu6tyArc.npz,-4.0410590171813965,1
FakeVideo-RealAudio/Asian (East)/women/id00582/00006_id09181_ypUYBHscgD8.npz,-4.037989139556885,1
FakeVideo-RealAudio/Asian (East)/women/id00363/00014_id00566_wavtolip.npz,-4.931990146636963,1
FakeVideo-RealAudio/Asian (East)/women/id00363/00014_id00763_lI1GEn3Ima0.npz,-1.310408115386963,1
FakeVideo-RealAudio/Asian (East)/women/id00363/00014_id00935_wavtolip.npz,-2.6387195587158203,1
FakeVideo-RealAudio/Asian (East)/women/id00363/00014_id03379_A32nCObAHiI.npz,-0.9723585247993469,1
FakeVideo-RealAudio/Asian (East)/women/id00363/00014_id03940_wavtolip.npz,-4.862351417541504,1
FakeVideo-RealAudio/Asian (East)/women/id00363/00014_id04144__FJg9YswRzQ.npz,-0.8891412615776062,1
FakeVideo-RealAudio/Asian (East)/women/id00363/00014_id04701_7mnc8w6jRlM.npz,-1.099295735359192,1
FakeVideo-RealAudio/Asian (East)/women/id00363/00014_id04701_wavtolip.npz,-4.930500030517578,1
FakeVideo-RealAudio/Asian (East)/women/id00363/00014_id05576_g3SKd3BsV9I.npz,-0.5492247343063354,1
FakeVideo-RealAudio/Asian (East)/women/id00363/00014_id05620_wavtolip.npz,-4.939309120178223,1
FakeVideo-RealAudio/Asian (East)/women/id00363/00014_id05844_wavtolip.npz,-4.91696834564209,1
FakeVideo-RealAudio/Asian (East)/women/id00363/00014_id06060_wavtolip.npz,-4.912264347076416,1
FakeVideo-RealAudio/Asian (East)/women/id00363/00014_id06066_9e5vgpwmruA.npz,-1.033850908279419,1
FakeVideo-RealAudio/Asian (East)/women/id00363/00014_id06066_wavtolip.npz,-4.8170599937438965,1
FakeVideo-RealAudio/Asian (East)/women/id00363/00014_id06427_wavtolip.npz,-4.899106979370117,1
FakeVideo-RealAudio/Asian (East)/women/id00363/00014_id08139_wavtolip.npz,-4.439899444580078,1
FakeVideo-RealAudio/Asian (East)/women/id00363/00014_id09175_YWe7UOnEyHU.npz,-0.6311485171318054,1
FakeVideo-RealAudio/Asian (East)/women/id06158/00015_id00137_wavtolip.npz,-4.635625839233398,1
FakeVideo-RealAudio/Asian (East)/women/id06158/00015_id01281_ojEe5zGWESc.npz,-4.669367790222168,1
FakeVideo-RealAudio/Asian (East)/women/id06158/00015_id02807_eFC0STvhou4.npz,-4.6826276779174805,1
FakeVideo-RealAudio/Asian (East)/women/id06158/00015_id03940_axeR0CLu96U.npz,-4.6784257888793945,1
FakeVideo-RealAudio/Asian (East)/women/id06158/00015_id03940_axeR0CLu96U_faceswap.npz,-4.681536674499512,1
FakeVideo-RealAudio/Asian (East)/women/id06158/00015_id03940_wavtolip.npz,-4.70208215713501,1
FakeVideo-RealAudio/Asian (East)/women/id06158/00015_id04057_wavtolip.npz,-4.172190189361572,1
FakeVideo-RealAudio/Asian (East)/women/id06158/00015_id04701_7mnc8w6jRlM.npz,-4.6748175621032715,1
FakeVideo-RealAudio/Asian (East)/women/id06158/00015_id05844_bkmHULxZv40.npz,-4.671537399291992,1
FakeVideo-RealAudio/Asian (East)/women/id06158/00015_id06066_wavtolip.npz,-4.626981258392334,1
FakeVideo-RealAudio/Asian (East)/women/id06158/00015_id06443_wavtolip.npz,-4.698094367980957,1
FakeVideo-RealAudio/Asian (East)/women/id06158/00015_id06462_wavtolip.npz,-4.80515193939209,1
FakeVideo-RealAudio/Asian (East)/women/id06158/00015_id07383_wavtolip.npz,-4.712191104888916,1
FakeVideo-RealAudio/Asian (East)/women/id06158/00015_id08397_zvY3EjwSL1Q.npz,-4.683170795440674,1
FakeVideo-RealAudio/Asian (East)/women/id06158/00015_id09116_wavtolip.npz,-4.84295129776001,1
FakeVideo-RealAudio/Asian (East)/women/id06158/00015_id09125_wavtolip.npz,-3.8525519371032715,1
FakeVideo-RealAudio/Asian (East)/women/id06158/00015_id09174_wavtolip.npz,-1.9574185609817505,1
FakeVideo-RealAudio/Asian (East)/women/id03211/00032_id00582_9gvF6IohoUI.npz,-4.440041542053223,1
FakeVideo-RealAudio/Asian (East)/women/id03211/00032_id00582_9gvF6IohoUI_faceswap.npz,-4.45673131942749,1
FakeVideo-RealAudio/Asian (East)/women/id03211/00032_id00935_wavtolip.npz,-4.23187780380249,1
FakeVideo-RealAudio/Asian (East)/women/id03211/00032_id02587_KzwJPH5_8j0.npz,-4.441689491271973,1
FakeVideo-RealAudio/Asian (East)/women/id03211/00032_id02587_wavtolip.npz,1.0736594200134277,1
FakeVideo-RealAudio/Asian (East)/women/id03211/00032_id03940_axeR0CLu96U.npz,-4.43052864074707,1
FakeVideo-RealAudio/Asian (East)/women/id03211/00032_id04057_wavtolip.npz,-4.132386207580566,1
FakeVideo-RealAudio/Asian (East)/women/id03211/00032_id04066_DkqznbB2WxQ.npz,-4.449333190917969,1
FakeVideo-RealAudio/Asian (East)/women/id03211/00032_id04066_wavtolip.npz,-4.487330436706543,1
FakeVideo-RealAudio/Asian (East)/women/id03211/00032_id04414_0sJN-9GIO-M.npz,-4.4613447189331055,1
FakeVideo-RealAudio/Asian (East)/women/id03211/00032_id04701_wavtolip.npz,-4.65083122253418,1
FakeVideo-RealAudio/Asian (East)/women/id03211/00032_id06066_wavtolip.npz,-4.530316352844238,1
FakeVideo-RealAudio/Asian (East)/women/id03211/00032_id06158_C6FpHdewEzA.npz,-4.317602157592773,1
FakeVideo-RealAudio/Asian (East)/women/id03211/00032_id06225_AERbd8rJHDw.npz,-4.289175033569336,1
FakeVideo-RealAudio/Asian (East)/women/id03211/00032_id06225_wavtolip.npz,-4.477748870849609,1
FakeVideo-RealAudio/Asian (East)/women/id03211/00032_id06427_dBBAKe2EA_o.npz,-4.438616752624512,1
FakeVideo-RealAudio/Asian (East)/women/id03211/00032_id09116_wavtolip.npz,-4.853141784667969,1
FakeVideo-RealAudio/Asian (East)/women/id03211/00032_id09125_wavtolip.npz,-4.2123260498046875,1
FakeVideo-RealAudio/Asian (East)/women/id03211/00032_id09171_wavtolip.npz,-4.502356052398682,1
FakeVideo-RealAudio/Caucasian (European)/men/id01052/00072_0.npz,-4.258478164672852,1
FakeVideo-RealAudio/Caucasian (European)/men/id01052/00076_0.npz,-3.7855191230773926,1
FakeVideo-RealAudio/Caucasian (European)/men/id01052/00076_id00171_PWU6n0qrv4c.npz,-4.258129596710205,1
FakeVideo-RealAudio/Caucasian (European)/men/id01052/00076_id00186_wavtolip.npz,-4.311222076416016,1
FakeVideo-RealAudio/Caucasian (European)/men/id01052/00076_id00241_DlI4wqSFwbI.npz,-4.257344722747803,1
FakeVideo-RealAudio/Caucasian (European)/men/id01052/00076_id00266_wavtolip.npz,-4.251613140106201,1
FakeVideo-RealAudio/Caucasian (European)/men/id01052/00076_id00305_LdcY3ILdQrE.npz,-4.258880615234375,1
FakeVideo-RealAudio/Caucasian (European)/men/id01052/00076_id00305_wavtolip.npz,-4.264462471008301,1
FakeVideo-RealAudio/Caucasian (European)/men/id01052/00076_id00306_CDX55F3nWNc.npz,-4.253450393676758,1
FakeVideo-RealAudio/Caucasian (European)/men/id01052/00076_id00358_wavtolip.npz,-3.952644109725952,1
FakeVideo-RealAudio/Caucasian (European)/men/id01052/00076_id00519_wavtolip.npz,-4.925065994262695,1
FakeVideo-RealAudio/Caucasian (European)/men/id01052/00076_id00548_DXbYU3qhN7U.npz,-4.253056526184082,1
FakeVideo-RealAudio/Caucasian (European)/men/id01052/00076_id00594_wavtolip.npz,-4.147153854370117,1
FakeVideo-RealAudio/Caucasian (European)/men/id01052/00076_id00709_Rh23ELMGsIQ.npz,-4.254971981048584,1
FakeVideo-RealAudio/Caucasian (European)/men/id01052/00076_id00709_Rh23ELMGsIQ_faceswap.npz,-4.255943298339844,1
FakeVideo-RealAudio/Caucasian (European)/men/id01052/00076_id00709_wavtolip.npz,-4.265230178833008,1
FakeVideo-RealAudio/Caucasian (European)/men/id01052/00076_id00981_wavtolip.npz,-4.539576530456543,1
FakeVideo-RealAudio/Caucasian (European)/men/id01052/00076_id00990_G-qzOIgxEoE.npz,-4.245481014251709,1
FakeVideo-RealAudio/Caucasian (European)/men/id01052/00076_id00999_wavtolip.npz,-4.22999382019043,1
FakeVideo-RealAudio/Caucasian (European)/men/id01052/00076_id01051_jPxk6s6FM6Y.npz,-4.2532243728637695,1
FakeVideo-RealAudio/Caucasian (European)/men/id01052/00076_id01098_BwmSumx6P1U.npz,-4.252630710601807,1
FakeVideo-RealAudio/Caucasian (European)/men/id01052/00076_id01102_aGFUkdgmo3A.npz,-4.2574052810668945,1
FakeVideo-RealAudio/Caucasian (European)/men/id01052/00076_id02567_wavtolip.npz,-4.689773082733154,1
FakeVideo-RealAudio/Caucasian (European)/men/id01052/00239_0.npz,-4.876543998718262,1
FakeVideo-RealAudio/Caucasian (European)/men/id00709/00206_0.npz,-4.380222797393799,1
FakeVideo-RealAudio/Caucasian (European)/men/id00709/00206_1.npz,-3.857999324798584,1
FakeVideo-RealAudio/Caucasian (European)/men/id00709/00206_id00063_cVZBXC2rjPM.npz,-4.178245544433594,1
FakeVideo-RealAudio/Caucasian (European)/men/id00709/00206_id00063_wavtolip.npz,-4.0018415451049805,1
FakeVideo-RealAudio/Caucasian (European)/men/id00709/00206_id00225_MHSgwpfHAXw.npz,-4.180902004241943,1
FakeVideo-RealAudio/Caucasian (European)/men/id00709/00206_id00292_wavtolip.npz,-4.7712297439575195,1
FakeVideo-RealAudio/Caucasian (European)/men/id00709/00206_id00306_wavtolip.npz,-4.212141036987305,1
FakeVideo-RealAudio/Caucasian (European)/men/id00709/00206_id00358_vsVwGKy79kM.npz,-4.1823506355285645,1
FakeVideo-RealAudio/Caucasian (European)/men/id00709/00206_id00519_wavtolip.npz,-4.912585258483887,1
FakeVideo-RealAudio/Caucasian (European)/men/id00709/00206_id00535_BhvTIJ-YG5s.npz,-4.183501243591309,1
FakeVideo-RealAudio/Caucasian (European)/men/id00709/00206_id00535_wavtolip.npz,-4.943752288818359,1
FakeVideo-RealAudio/Caucasian (European)/men/id00709/00206_id00548_DXbYU3qhN7U.npz,-4.179430961608887,1
FakeVideo-RealAudio/Caucasian (European)/men/id00709/00206_id00919_XDUn0Pskyrk.npz,-4.182661056518555,1
FakeVideo-RealAudio/Caucasian (European)/men/id00709/00206_id00946_wavtolip.npz,-4.875166893005371,1
FakeVideo-RealAudio/Caucasian (European)/men/id00709/00206_id00981_wavtolip.npz,-4.540919303894043,1
FakeVideo-RealAudio/Caucasian (European)/men/id00709/00206_id00999_SjnM4XFBz0M.npz,-4.151378631591797,1
FakeVideo-RealAudio/Caucasian (European)/men/id00709/00206_id01052_Kf4nlIEHfaU.npz,-4.18074893951416,1
FakeVideo-RealAudio/Caucasian (European)/men/id00709/00206_id01052_wavtolip.npz,-4.265222072601318,1
FakeVideo-RealAudio/Caucasian (European)/men/id00709/00206_id01058_wavtolip.npz,-4.188395977020264,1
FakeVideo-RealAudio/Caucasian (European)/men/id00709/00206_id01126_wavtolip.npz,-4.187966346740723,1
FakeVideo-RealAudio/Caucasian (European)/men/id00709/00206_id02567_4Ao5jgpSXdw.npz,-4.170131683349609,1
FakeVideo-RealAudio/Caucasian (European)/men/id00709/00206_id03205_gXytNIcANKw.npz,-4.179080486297607,1
FakeVideo-RealAudio/Caucasian (European)/men/id00306/00015_id00055_wavtolip.npz,-4.000855445861816,1
FakeVideo-RealAudio/Caucasian (European)/men/id00306/00015_id00186_wavtolip.npz,-4.310300350189209,1
FakeVideo-RealAudio/Caucasian (European)/men/id00306/00015_id00241_DlI4wqSFwbI.npz,-4.209747314453125,1
FakeVideo-RealAudio/Caucasian (European)/men/id00306/00015_id00282_wavtolip.npz,-4.430395126342773,1
FakeVideo-RealAudio/Caucasian (European)/men/id00306/00015_id00292_qELK8N_DykA.npz,-4.20989465713501,1
FakeVideo-RealAudio/Caucasian (European)/men/id00306/00015_id00415_saYfEadFy_s.npz,-4.209766864776611,1
FakeVideo-RealAudio/Caucasian (European)/men/id00306/00015_id00535_wavtolip.npz,-4.944944381713867,1
FakeVideo-RealAudio/Caucasian (European)/men/id00306/00015_id00554_wavtolip.npz,-4.297126293182373,1
FakeVideo-RealAudio/Caucasian (European)/men/id00306/00015_id00990_wavtolip.npz,-4.66935920715332,1
FakeVideo-RealAudio/Caucasian (European)/men/id00306/00015_id01052_Kf4nlIEHfaU.npz,-4.20907735824585,1
FakeVideo-RealAudio/Caucasian (European)/men/id00306/00015_id01052_wavtolip.npz,-4.265772342681885,1
FakeVideo-RealAudio/Caucasian (European)/men/id00306/00015_id01058_2DKbOjf3Wyo.npz,-4.209403038024902,1
FakeVideo-RealAudio/Caucasian (European)/men/id00306/00015_id01058_2DKbOjf3Wyo_faceswap.npz,-4.21031379699707,1
FakeVideo-RealAudio/Caucasian (European)/men/id00306/00015_id01058_wavtolip.npz,-4.215935707092285,1
FakeVideo-RealAudio/Caucasian (European)/men/id00306/00015_id01099_wavtolip.npz,-3.399912118911743,1
FakeVideo-RealAudio/Caucasian (European)/men/id00306/00015_id01126_wavtolip.npz,-4.217034339904785,1
FakeVideo-RealAudio/Caucasian (European)/men/id00306/00015_id01154_tvmOcaG4A4w.npz,-4.210578918457031,1
FakeVideo-RealAudio/Caucasian (European)/men/id00306/00015_id01156_RT99eogJo4k.npz,-4.210139274597168,1
FakeVideo-RealAudio/Caucasian (European)/men/id00292/00072_id00055_XzCF6sJ8Axc.npz,-4.7806396484375,1
FakeVideo-RealAudio/Caucasian (European)/men/id00292/00072_id00185_wavtolip.npz,-4.692251205444336,1
FakeVideo-RealAudio/Caucasian (European)/men/id00292/00072_id00186_wavtolip.npz,-4.811478137969971,1
FakeVideo-RealAudio/Caucasian (European)/men/id00292/00072_id00192_By3wxX0dyDw.npz,-4.770897388458252,1
FakeVideo-RealAudio/Caucasian (European)/men/id00292/00072_id00192_By3wxX0dyDw_faceswap.npz,-4.777229309082031,1
FakeVideo-RealAudio/Caucasian (European)/men/id00292/00072_id00282_iTsqWj6GEbo.npz,-4.771093368530273,1
FakeVideo-RealAudio/Caucasian (European)/men/id00292/00072_id00282_wavtolip.npz,-4.7840986251831055,1
FakeVideo-RealAudio/Caucasian (European)/men/id00292/00072_id00292_wavtolip.npz,-4.7461137771606445,1
FakeVideo-RealAudio/Caucasian (European)/men/id00292/00072_id00306_CDX55F3nWNc.npz,-4.738378524780273,1
FakeVideo-RealAudio/Caucasian (European)/men/id00292/00072_id00368_KohcGDsg29U.npz,-4.480850696563721,1
FakeVideo-RealAudio/Caucasian (European)/men/id00292/00072_id00520_wavtolip.npz,-0.6464157104492188,1
FakeVideo-RealAudio/Caucasian (European)/men/id00292/00072_id00963_1s6PjtI643E.npz,-4.6561737060546875,1
FakeVideo-RealAudio/Caucasian (European)/men/id00292/00072_id00981_OmNALjENDkI.npz,-4.773550033569336,1
FakeVideo-RealAudio/Caucasian (European)/men/id00292/00072_id00981_wavtolip.npz,-4.810693740844727,1
FakeVideo-RealAudio/Caucasian (European)/men/id00292/00072_id01098_wavtolip.npz,-3.7095696926116943,1
FakeVideo-RealAudio/Caucasian (European)/men/id00292/00072_id01099_ZpgbIKxzkrg.npz,-4.727172374725342,1
FakeVideo-RealAudio/Caucasian (European)/men/id00292/00072_id01099_wavtolip.npz,-4.061029434204102,1
FakeVideo-RealAudio/Caucasian (European)/men/id00292/00072_id01156_RT99eogJo4k.npz,-4.737558364868164,1
FakeVideo-RealAudio/Caucasian (European)/men/id00292/00072_id01156_wavtolip.npz,-4.803600311279297,1
FakeVideo-RealAudio/Caucasian (European)/men/id00292/00072_id01157_wavtolip.npz,-4.628817558288574,1
FakeVideo-RealAudio/Caucasian (European)/men/id00292/00072_id01157_yDgqfOWVKko.npz,-4.7501044273376465,1
FakeVideo-RealAudio/Caucasian (European)/men/id00919/00063_id00063_cVZBXC2rjPM.npz,-3.964311122894287,1
FakeVideo-RealAudio/Caucasian (European)/men/id00919/00063_id00063_wavtolip.npz,-4.368147850036621,1
FakeVideo-RealAudio/Caucasian (European)/men/id00919/00063_id00183_wavtolip.npz,-2.567171335220337,1
FakeVideo-RealAudio/Caucasian (European)/men/id00919/00063_id00187_wavtolip.npz,-3.50374436378479,1
FakeVideo-RealAudio/Caucasian (European)/men/id00919/00063_id00358_vsVwGKy79kM.npz,-3.8406260013580322,1
FakeVideo-RealAudio/Caucasian (European)/men/id00919/00063_id00368_wavtolip.npz,-1.903311014175415,1
FakeVideo-RealAudio/Caucasian (European)/men/id00919/00063_id00535_BhvTIJ-YG5s.npz,-3.9162330627441406,1
FakeVideo-RealAudio/Caucasian (European)/men/id00919/00063_id00554_wavtolip.npz,-4.148383617401123,1
FakeVideo-RealAudio/Caucasian (European)/men/id00919/00063_id00559_Y7ovoKuvL78.npz,-3.93428635597229,1
FakeVideo-RealAudio/Caucasian (European)/men/id00919/00063_id00559_wavtolip.npz,-3.4923057556152344,1
FakeVideo-RealAudio/Caucasian (European)/men/id00919/00063_id00709_Rh23ELMGsIQ.npz,-3.863629102706909,1
FakeVideo-RealAudio/Caucasian (European)/men/id00919/00063_id00919_wavtolip.npz,-4.2791972160339355,1
FakeVideo-RealAudio/Caucasian (European)/men/id00919/00063_id01052_wavtolip.npz,-4.946709156036377,1
FakeVideo-RealAudio/Caucasian (European)/men/id00919/00063_id01098_wavtolip.npz,-3.773493528366089,1
FakeVideo-RealAudio/Caucasian (European)/men/id00919/00063_id01099_ZpgbIKxzkrg.npz,-3.86751389503479,1
FakeVideo-RealAudio/Caucasian (European)/men/id00919/00063_id01102_wavtolip.npz,-4.92864465713501,1
FakeVideo-RealAudio/Caucasian (European)/men/id00919/00063_id01156_RT99eogJo4k.npz,-3.8753108978271484,1
FakeVideo-RealAudio/Caucasian (European)/men/id00919/00063_id01157_yDgqfOWVKko.npz,-4.085465908050537,1
FakeVideo-RealAudio/Caucasian (European)/men/id00919/00063_id02567_4Ao5jgpSXdw.npz,-3.9895308017730713,1
FakeVideo-RealAudio/Caucasian (European)/men/id00919/00063_id03205_gXytNIcANKw.npz,-3.8774571418762207,1
FakeVideo-RealAudio/Caucasian (European)/men/id01099/00206_id00055_XzCF6sJ8Axc.npz,-3.9757344722747803,1
FakeVideo-RealAudio/Caucasian (European)/men/id01099/00206_id00063_cVZBXC2rjPM.npz,-3.883112907409668,1
FakeVideo-RealAudio/Caucasian (European)/men/id01099/00206_id00063_wavtolip.npz,-4.028749465942383,1
FakeVideo-RealAudio/Caucasian (European)/men/id01099/00206_id00192_wavtolip.npz,-4.553201198577881,1
FakeVideo-RealAudio/Caucasian (European)/men/id01099/00206_id00225_wavtolip.npz,-4.554008960723877,1
FakeVideo-RealAudio/Caucasian (European)/men/id01099/00206_id00253_cyTfcQDjvU0.npz,-3.8880391120910645,1
FakeVideo-RealAudio/Caucasian (European)/men/id01099/00206_id00292_qELK8N_DykA.npz,-4.041553974151611,1
FakeVideo-RealAudio/Caucasian (European)/men/id01099/00206_id00305_wavtolip.npz,-4.552914142608643,1
FakeVideo-RealAudio/Caucasian (European)/men/id01099/00206_id00368_wavtolip.npz,-3.8225760459899902,1
FakeVideo-RealAudio/Caucasian (European)/men/id01099/00206_id00535_BhvTIJ-YG5s.npz,-3.8255279064178467,1
FakeVideo-RealAudio/Caucasian (European)/men/id01099/00206_id00554_crjq1dFN1Ko.npz,-4.163145542144775,1
FakeVideo-RealAudio/Caucasian (European)/men/id01099/00206_id00554_wavtolip.npz,-4.64188814163208,1
FakeVideo-RealAudio/Caucasian (European)/men/id01099/00206_id00559_Y7ovoKuvL78.npz,-3.7666516304016113,1
FakeVideo-RealAudio/Caucasian (European)/men/id01099/00206_id00559_wavtolip.npz,-3.8005752563476562,1
FakeVideo-RealAudio/Caucasian (European)/men/id01099/00206_id00919_XDUn0Pskyrk.npz,-3.6980903148651123,1
FakeVideo-RealAudio/Caucasian (European)/men/id01099/00206_id00919_XDUn0Pskyrk_faceswap.npz,-3.7929468154907227,1
FakeVideo-RealAudio/Caucasian (European)/men/id01099/00206_id00990_wavtolip.npz,-4.670820236206055,1
FakeVideo-RealAudio/Caucasian (European)/men/id01099/00206_id01098_wavtolip.npz,-4.567068099975586,1
FakeVideo-RealAudio/Caucasian (European)/men/id01099/00206_id01157_wavtolip.npz,-4.608639717102051,1
FakeVideo-RealAudio/Caucasian (European)/men/id01099/00206_id01157_yDgqfOWVKko.npz,-3.985131025314331,1
FakeVideo-RealAudio/Caucasian (European)/men/id00358/00217_id00063_cVZBXC2rjPM.npz,-3.530696153640747,1
FakeVideo-RealAudio/Caucasian (European)/men/id00358/00217_id00063_cVZBXC2rjPM_faceswap.npz,-3.526583194732666,1
FakeVideo-RealAudio/Caucasian (European)/men/id00358/00217_id00063_wavtolip.npz,-4.104425430297852,1
FakeVideo-RealAudio/Caucasian (European)/men/id00358/00217_id00183_wavtolip.npz,-3.4333784580230713,1
FakeVideo-RealAudio/Caucasian (European)/men/id00358/00217_id00185_wavtolip.npz,-4.4736127853393555,1
FakeVideo-RealAudio/Caucasian (European)/men/id00358/00217_id00186_KTjDxHTlzg0.npz,-3.514909267425537,1
FakeVideo-RealAudio/Caucasian (European)/men/id00358/00217_id00225_MHSgwpfHAXw.npz,-3.5439069271087646,1
FakeVideo-RealAudio/Caucasian (European)/men/id00358/00217_id00282_wavtolip.npz,-4.426152229309082,1
FakeVideo-RealAudio/Caucasian (European)/men/id00358/00217_id00520_wavtolip.npz,0.15075775980949402,1
FakeVideo-RealAudio/Caucasian (European)/men/id00358/00217_id00535_BhvTIJ-YG5s.npz,-3.5238332748413086,1
FakeVideo-RealAudio/Caucasian (European)/men/id00358/00217_id00548_wavtolip.npz,-4.5091552734375,1
FakeVideo-RealAudio/Caucasian (European)/men/id00358/00217_id00709_Rh23ELMGsIQ.npz,-3.5514113903045654,1
FakeVideo-RealAudio/Caucasian (European)/men/id00358/00217_id00709_wavtolip.npz,-4.185594081878662,1
FakeVideo-RealAudio/Caucasian (European)/men/id00358/00217_id00981_OmNALjENDkI.npz,-3.5585334300994873,1
FakeVideo-RealAudio/Caucasian (European)/men/id00358/00217_id01051_jPxk6s6FM6Y.npz,-3.5208418369293213,1
FakeVideo-RealAudio/Caucasian (European)/men/id00358/00217_id01098_wavtolip.npz,-4.059986591339111,1
FakeVideo-RealAudio/Caucasian (European)/men/id00358/00217_id01102_aGFUkdgmo3A.npz,-3.518571615219116,1
FakeVideo-RealAudio/Caucasian (European)/men/id00358/00217_id01102_wavtolip.npz,-4.862580299377441,1
FakeVideo-RealAudio/Caucasian (European)/men/id00358/00217_id01154_wavtolip.npz,-4.807338714599609,1
FakeVideo-RealAudio/Caucasian (European)/men/id00358/00217_id01157_yDgqfOWVKko.npz,-3.5303025245666504,1
FakeVideo-RealAudio/Caucasian (European)/men/id00282/00268_id00063_cVZBXC2rjPM.npz,-4.420323371887207,1
FakeVideo-RealAudio/Caucasian (European)/men/id00282/00268_id00171_PWU6n0qrv4c.npz,-4.423394203186035,1
FakeVideo-RealAudio/Caucasian (European)/men/id00282/00268_id00187_wavtolip.npz,-2.1337509155273438,1
FakeVideo-RealAudio/Caucasian (European)/men/id00282/00268_id00225_wavtolip.npz,-4.4689459800720215,1
FakeVideo-RealAudio/Caucasian (European)/men/id00282/00268_id00241_wavtolip.npz,-4.162782669067383,1
FakeVideo-RealAudio/Caucasian (European)/men/id00282/00268_id00265_wavtolip.npz,-4.86456823348999,1
FakeVideo-RealAudio/Caucasian (European)/men/id00282/00268_id00282_wavtolip.npz,-4.456903457641602,1
FakeVideo-RealAudio/Caucasian (European)/men/id00282/00268_id00292_qELK8N_DykA.npz,-4.45035457611084,1
FakeVideo-RealAudio/Caucasian (European)/men/id00282/00268_id00305_LdcY3ILdQrE.npz,-4.4212751388549805,1
FakeVideo-RealAudio/Caucasian (European)/men/id00282/00268_id00305_LdcY3ILdQrE_faceswap.npz,-4.401969909667969,1
FakeVideo-RealAudio/Caucasian (European)/men/id00282/00268_id00368_KohcGDsg29U.npz,-4.449662685394287,1
FakeVideo-RealAudio/Caucasian (European)/men/id00282/00268_id00498_N_BjyJsx80g.npz,-4.431350231170654,1
FakeVideo-RealAudio/Caucasian (European)/men/id00282/00268_id00519_wavtolip.npz,-4.922721862792969,1
FakeVideo-RealAudio/Caucasian (European)/men/id00282/00268_id00594_wavtolip.npz,-4.048512935638428,1
FakeVideo-RealAudio/Caucasian (European)/men/id00282/00268_id00909_nEQbKqo1XCs.npz,-4.411578178405762,1
FakeVideo-RealAudio/Caucasian (European)/men/id00282/00268_id00919_wavtolip.npz,-4.000847816467285,1
FakeVideo-RealAudio/Caucasian (European)/men/id00282/00268_id01051_wavtolip.npz,-3.2819759845733643,1
FakeVideo-RealAudio/Caucasian (European)/men/id00282/00268_id01058_2DKbOjf3Wyo.npz,-4.412108421325684,1
FakeVideo-RealAudio/Caucasian (European)/men/id00282/00268_id01099_wavtolip.npz,-2.8364360332489014,1
FakeVideo-RealAudio/Caucasian (European)/men/id00282/00268_id01123_Xid_-DpIHX4.npz,-4.4192609786987305,1
FakeVideo-RealAudio/Caucasian (European)/men/id00282/00268_id03205_gXytNIcANKw.npz,-4.403970241546631,1
FakeVideo-RealAudio/Caucasian (European)/men/id01051/00027_0.npz,-4.12518835067749,1
FakeVideo-RealAudio/Caucasian (European)/men/id01051/00322_0.npz,-4.644411563873291,1
FakeVideo-RealAudio/Caucasian (European)/men/id01051/00322_2.npz,-4.286139488220215,1
FakeVideo-RealAudio/Caucasian (European)/men/id01051/00322_id00185_wavtolip.npz,-4.476353645324707,1
FakeVideo-RealAudio/Caucasian (European)/men/id01051/00322_id00186_KTjDxHTlzg0.npz,-2.4300079345703125,1
FakeVideo-RealAudio/Caucasian (European)/men/id01051/00322_id00187_dwaPMrJANMQ.npz,-2.0565402507781982,1
FakeVideo-RealAudio/Caucasian (European)/men/id01051/00322_id00358_vsVwGKy79kM.npz,-2.0952742099761963,1
FakeVideo-RealAudio/Caucasian (European)/men/id01051/00322_id00358_wavtolip.npz,-3.766218662261963,1
FakeVideo-RealAudio/Caucasian (European)/men/id01051/00322_id00368_wavtolip.npz,-3.0536983013153076,1
FakeVideo-RealAudio/Caucasian (European)/men/id01051/00322_id00498_wavtolip.npz,-4.205120086669922,1
FakeVideo-RealAudio/Caucasian (European)/men/id01051/00322_id00535_BhvTIJ-YG5s.npz,-2.311915397644043,1
FakeVideo-RealAudio/Caucasian (European)/men/id01051/00322_id00535_wavtolip.npz,-4.94398307800293,1
FakeVideo-RealAudio/Caucasian (European)/men/id01051/00322_id00709_Rh23ELMGsIQ.npz,-2.044783115386963,1
FakeVideo-RealAudio/Caucasian (European)/men/id01051/00322_id00919_wavtolip.npz,-4.066909313201904,1
FakeVideo-RealAudio/Caucasian (European)/men/id01051/00322_id00946_wavtolip.npz,-4.93506383895874,1
FakeVideo-RealAudio/Caucasian (European)/men/id01051/00322_id00963_wavtolip.npz,-3.798917531967163,1
FakeVideo-RealAudio/Caucasian (European)/men/id01051/00322_id01052_Kf4nlIEHfaU.npz,-2.2409141063690186,1
FakeVideo-RealAudio/Caucasian (European)/men/id01051/00322_id01098_BwmSumx6P1U.npz,-2.0249290466308594,1
FakeVideo-RealAudio/Caucasian (European)/men/id01051/00322_id01102_aGFUkdgmo3A.npz,-1.9309780597686768,1
FakeVideo-RealAudio/Caucasian (European)/men/id01051/00322_id01102_wavtolip.npz,-4.858346939086914,1
FakeVideo-RealAudio/Caucasian (European)/men/id01051/00322_id01154_wavtolip.npz,-4.809127330780029,1
FakeVideo-RealAudio/Caucasian (European)/men/id01051/00322_id01156_RT99eogJo4k.npz,-2.2051784992218018,1
FakeVideo-RealAudio/Caucasian (European)/men/id01051/00322_id02567_4Ao5jgpSXdw.npz,-2.4559690952301025,1
FakeVideo-RealAudio/Caucasian (European)/men/id00415/00017_id00183_wavtolip.npz,-3.6172847747802734,1
FakeVideo-RealAudio/Caucasian (European)/men/id00415/00017_id00183_z2DhZllPWUQ.npz,-4.454984664916992,1
FakeVideo-RealAudio/Caucasian (European)/men/id00415/00017_id00185_wavtolip.npz,-4.520146369934082,1
FakeVideo-RealAudio/Caucasian (European)/men/id00415/00017_id00192_By3wxX0dyDw.npz,-4.423323631286621,1
FakeVideo-RealAudio/Caucasian (European)/men/id00415/00017_id00192_By3wxX0dyDw_faceswap.npz,-4.466792583465576,1
FakeVideo-RealAudio/Caucasian (European)/men/id00415/00017_id00241_DlI4wqSFwbI.npz,-4.4415106773376465,1
FakeVideo-RealAudio/Caucasian (European)/men/id00415/00017_id00265_wavtolip.npz,-4.900371074676514,1
FakeVideo-RealAudio/Caucasian (European)/men/id00415/00017_id00292_qELK8N_DykA.npz,-4.45398473739624,1
FakeVideo-RealAudio/Caucasian (European)/men/id00415/00017_id00292_wavtolip.npz,-4.694606304168701,1
FakeVideo-RealAudio/Caucasian (European)/men/id00415/00017_id00306_CDX55F3nWNc.npz,-4.454885959625244,1
FakeVideo-RealAudio/Caucasian (European)/men/id00415/00017_id00306_wavtolip.npz,-4.480555057525635,1
FakeVideo-RealAudio/Caucasian (European)/men/id00415/00017_id00358_wavtolip.npz,-4.228394031524658,1
FakeVideo-RealAudio/Caucasian (European)/men/id00415/00017_id00520_wavtolip.npz,-0.18525339663028717,1
FakeVideo-RealAudio/Caucasian (European)/men/id00415/00017_id00559_Y7ovoKuvL78.npz,-4.42635440826416,1
FakeVideo-RealAudio/Caucasian (European)/men/id00415/00017_id00963_1s6PjtI643E.npz,-4.46235990524292,1
FakeVideo-RealAudio/Caucasian (European)/men/id00415/00017_id00963_wavtolip.npz,-4.469008445739746,1
FakeVideo-RealAudio/Caucasian (European)/men/id00415/00017_id00999_SjnM4XFBz0M.npz,-4.47158145904541,1
FakeVideo-RealAudio/Caucasian (European)/men/id00415/00017_id01058_2DKbOjf3Wyo.npz,-4.450141906738281,1
FakeVideo-RealAudio/Caucasian (European)/men/id00415/00017_id01154_wavtolip.npz,-4.804376125335693,1
FakeVideo-RealAudio/Caucasian (European)/men/id00415/00017_id01157_wavtolip.npz,-4.661477088928223,1
FakeVideo-RealAudio/Caucasian (European)/men/id00187/00360_0.npz,-3.0463335514068604,1
FakeVideo-RealAudio/Caucasian (European)/men/id00187/00360_id00185_1lsGWpwnl1M.npz,-1.6548181772232056,1
FakeVideo-RealAudio/Caucasian (European)/men/id00187/00360_id00186_KTjDxHTlzg0.npz,-1.777645230293274,1
FakeVideo-RealAudio/Caucasian (European)/men/id00187/00360_id00225_MHSgwpfHAXw.npz,-1.7418632507324219,1
FakeVideo-RealAudio/Caucasian (European)/men/id00187/00360_id00241_DlI4wqSFwbI.npz,-1.5368332862854004,1
FakeVideo-RealAudio/Caucasian (European)/men/id00187/00360_id00265_dZq57FoxXR4.npz,-1.870952844619751,1
FakeVideo-RealAudio/Caucasian (European)/men/id00187/00360_id00282_wavtolip.npz,-4.430787086486816,1
FakeVideo-RealAudio/Caucasian (European)/men/id00187/00360_id00498_wavtolip.npz,-4.948047637939453,1
FakeVideo-RealAudio/Caucasian (European)/men/id00187/00360_id00554_wavtolip.npz,-4.32762336730957,1
FakeVideo-RealAudio/Caucasian (European)/men/id00187/00360_id00963_wavtolip.npz,-4.154520034790039,1
FakeVideo-RealAudio/Caucasian (European)/men/id00187/00360_id00981_wavtolip.npz,-4.540318965911865,1
FakeVideo-RealAudio/Caucasian (European)/men/id00187/00360_id00999_SjnM4XFBz0M.npz,-1.5063952207565308,1
FakeVideo-RealAudio/Caucasian (European)/men/id00187/00360_id01051_jPxk6s6FM6Y.npz,-1.5363792181015015,1
FakeVideo-RealAudio/Caucasian (European)/men/id00187/00360_id01051_jPxk6s6FM6Y_faceswap.npz,-1.753981590270996,1
FakeVideo-RealAudio/Caucasian (European)/men/id00187/00360_id01052_Kf4nlIEHfaU.npz,-1.6375993490219116,1
FakeVideo-RealAudio/Caucasian (European)/men/id00187/00360_id01102_aGFUkdgmo3A.npz,-1.6622331142425537,1
FakeVideo-RealAudio/Caucasian (European)/men/id00187/00360_id01126_wavtolip.npz,-4.180474758148193,1
FakeVideo-RealAudio/Caucasian (European)/men/id00187/00360_id01154_wavtolip.npz,-4.806049346923828,1
FakeVideo-RealAudio/Caucasian (European)/men/id00187/00360_id01157_wavtolip.npz,-4.564028739929199,1
FakeVideo-RealAudio/Caucasian (European)/men/id00187/00360_id02567_4Ao5jgpSXdw.npz,-1.6261807680130005,1
FakeVideo-RealAudio/Caucasian (European)/men/id00055/00120_id00063_cVZBXC2rjPM.npz,-4.026737689971924,1
FakeVideo-RealAudio/Caucasian (European)/men/id00055/00120_id00183_z2DhZllPWUQ.npz,-4.224293231964111,1
FakeVideo-RealAudio/Caucasian (European)/men/id00055/00120_id00183_z2DhZllPWUQ_faceswap.npz,-4.027929306030273,1
FakeVideo-RealAudio/Caucasian (European)/men/id00055/00120_id00185_wavtolip.npz,-4.66741943359375,1
FakeVideo-RealAudio/Caucasian (European)/men/id00055/00120_id00282_iTsqWj6GEbo.npz,-4.161967754364014,1
FakeVideo-RealAudio/Caucasian (European)/men/id00055/00120_id00282_wavtolip.npz,-4.682985305786133,1
FakeVideo-RealAudio/Caucasian (European)/men/id00055/00120_id00292_qELK8N_DykA.npz,-4.191936016082764,1
FakeVideo-RealAudio/Caucasian (European)/men/id00055/00120_id00358_wavtolip.npz,-4.138476848602295,1
FakeVideo-RealAudio/Caucasian (European)/men/id00055/00120_id00415_saYfEadFy_s.npz,-4.13327693939209,1
FakeVideo-RealAudio/Caucasian (European)/men/id00055/00120_id00519_wavtolip.npz,-4.935732841491699,1
FakeVideo-RealAudio/Caucasian (European)/men/id00055/00120_id00520_wavtolip.npz,-0.8803882002830505,1
FakeVideo-RealAudio/Caucasian (European)/men/id00055/00120_id00535_BhvTIJ-YG5s.npz,-4.107715129852295,1
FakeVideo-RealAudio/Caucasian (European)/men/id00055/00120_id00559_Y7ovoKuvL78.npz,-4.029123306274414,1
FakeVideo-RealAudio/Caucasian (European)/men/id00055/00120_id00946_wavtolip.npz,-4.8634352684021,1
FakeVideo-RealAudio/Caucasian (European)/men/id00055/00120_id00963_wavtolip.npz,-4.726764678955078,1
FakeVideo-RealAudio/Caucasian (European)/men/id00055/00120_id00981_OmNALjENDkI.npz,-4.198794364929199,1
FakeVideo-RealAudio/Caucasian (European)/men/id00055/00120_id00981_wavtolip.npz,-4.766787528991699,1
FakeVideo-RealAudio/Caucasian (European)/men/id00055/00120_id01051_wavtolip.npz,-3.194410562515259,1
FakeVideo-RealAudio/Caucasian (European)/men/id00055/00120_id01099_ZpgbIKxzkrg.npz,-3.9110958576202393,1
FakeVideo-RealAudio/Caucasian (European)/men/id00055/00120_id01156_wavtolip.npz,-4.7484822273254395,1
FakeVideo-RealAudio/Caucasian (European)/men/id00498/00014_4.npz,0.16314050555229187,1
FakeVideo-RealAudio/Caucasian (European)/men/id00498/00014_id00055_XzCF6sJ8Axc.npz,-4.9537672996521,1
FakeVideo-RealAudio/Caucasian (European)/men/id00498/00014_id00063_cVZBXC2rjPM.npz,-2.0968313217163086,1
FakeVideo-RealAudio/Caucasian (European)/men/id00498/00014_id00171_wavtolip.npz,-4.120301246643066,1
FakeVideo-RealAudio/Caucasian (European)/men/id00498/00014_id00192_By3wxX0dyDw.npz,-4.952854156494141,1
FakeVideo-RealAudio/Caucasian (European)/men/id00498/00014_id00192_By3wxX0dyDw_faceswap.npz,-4.949321746826172,1
FakeVideo-RealAudio/Caucasian (European)/men/id00498/00014_id00241_DlI4wqSFwbI.npz,-4.087349891662598,1
FakeVideo-RealAudio/Caucasian (European)/men/id00498/00014_id00241_wavtolip.npz,-3.7742769718170166,1
FakeVideo-RealAudio/Caucasian (European)/men/id00498/00014_id00253_cyTfcQDjvU0.npz,-4.931840896606445,1
FakeVideo-RealAudio/Caucasian (European)/men/id00498/00014_id00282_iTsqWj6GEbo.npz,-4.947134971618652,1
FakeVideo-RealAudio/Caucasian (European)/men/id00498/00014_id00282_wavtolip.npz,-4.887432098388672,1
FakeVideo-RealAudio/Caucasian (European)/men/id00498/00014_id00292_qELK8N_DykA.npz,-4.939025402069092,1
FakeVideo-RealAudio/Caucasian (European)/men/id00498/00014_id00368_KohcGDsg29U.npz,-4.9488701820373535,1
FakeVideo-RealAudio/Caucasian (European)/men/id00498/00014_id00415_wavtolip.npz,-4.9770989418029785,1
FakeVideo-RealAudio/Caucasian (European)/men/id00498/00014_id00520_wavtolip.npz,-1.9861881732940674,1
FakeVideo-RealAudio/Caucasian (European)/men/id00498/00014_id00559_Y7ovoKuvL78.npz,-4.745178699493408,1
FakeVideo-RealAudio/Caucasian (European)/men/id00498/00014_id00999_wavtolip.npz,-4.876648902893066,1
FakeVideo-RealAudio/Caucasian (European)/men/id00498/00014_id01052_wavtolip.npz,-4.978399276733398,1
FakeVideo-RealAudio/Caucasian (European)/men/id00498/00014_id01098_wavtolip.npz,-4.039328098297119,1
FakeVideo-RealAudio/Caucasian (European)/men/id00498/00014_id01123_Xid_-DpIHX4.npz,-4.929974555969238,1
FakeVideo-RealAudio/Caucasian (European)/men/id00498/00014_id01123_wavtolip.npz,-4.9660258293151855,1
FakeVideo-RealAudio/Caucasian (European)/men/id00498/00014_id03205_wavtolip.npz,-4.881857872009277,1
FakeVideo-RealAudio/Caucasian (European)/men/id00063/00021_id00055_XzCF6sJ8Axc.npz,-3.8816466331481934,1
FakeVideo-RealAudio/Caucasian (European)/men/id00063/00021_id00055_wavtolip.npz,-4.296805381774902,1
FakeVideo-RealAudio/Caucasian (European)/men/id00063/00021_id00185_wavtolip.npz,-4.712725639343262,1
FakeVideo-RealAudio/Caucasian (European)/men/id00063/00021_id00225_wavtolip.npz,-4.768301963806152,1
FakeVideo-RealAudio/Caucasian (European)/men/id00063/00021_id00241_DlI4wqSFwbI.npz,-3.9429712295532227,1
FakeVideo-RealAudio/Caucasian (European)/men/id00063/00021_id00241_wavtolip.npz,-4.34527587890625,1
FakeVideo-RealAudio/Caucasian (European)/men/id00063/00021_id00253_wavtolip.npz,-4.978104114532471,1
FakeVideo-RealAudio/Caucasian (European)/men/id00063/00021_id00282_iTsqWj6GEbo.npz,-3.8976073265075684,1
FakeVideo-RealAudio/Caucasian (European)/men/id00063/00021_id00306_wavtolip.npz,-4.767714500427246,1
FakeVideo-RealAudio/Caucasian (European)/men/id00063/00021_id00358_vsVwGKy79kM.npz,-3.8925840854644775,1
FakeVideo-RealAudio/Caucasian (European)/men/id00063/00021_id00358_vsVwGKy79kM_faceswap.npz,-3.988170623779297,1
FakeVideo-RealAudio/Caucasian (European)/men/id00063/00021_id00368_wavtolip.npz,-3.1498913764953613,1
FakeVideo-RealAudio/Caucasian (European)/men/id00063/00021_id00535_BhvTIJ-YG5s.npz,-3.974639892578125,1
FakeVideo-RealAudio/Caucasian (European)/men/id00063/00021_id00919_XDUn0Pskyrk.npz,-3.8411850929260254,1
FakeVideo-RealAudio/Caucasian (European)/men/id00063/00021_id00999_wavtolip.npz,-4.697948455810547,1
FakeVideo-RealAudio/Caucasian (European)/men/id00063/00021_id01052_wavtolip.npz,-4.767617225646973,1
FakeVideo-RealAudio/Caucasian (European)/men/id00063/00021_id01123_wavtolip.npz,-4.764756679534912,1
FakeVideo-RealAudio/Caucasian (European)/men/id00063/00021_id01156_RT99eogJo4k.npz,-3.8171277046203613,1
FakeVideo-RealAudio/Caucasian (European)/men/id00063/00021_id01157_yDgqfOWVKko.npz,-3.9131624698638916,1
FakeVideo-RealAudio/Caucasian (European)/men/id00063/00021_id02567_4Ao5jgpSXdw.npz,-4.031140327453613,1
FakeVideo-RealAudio/Caucasian (European)/men/id00063/00021_id03205_gXytNIcANKw.npz,-3.9190545082092285,1
FakeVideo-RealAudio/Caucasian (European)/men/id00946/00126_0.npz,-4.643738269805908,1
FakeVideo-RealAudio/Caucasian (European)/men/id00946/00126_id00171_PWU6n0qrv4c.npz,-4.854737281799316,1
FakeVideo-RealAudio/Caucasian (European)/men/id00946/00126_id00183_wavtolip.npz,-2.313856363296509,1
FakeVideo-RealAudio/Caucasian (European)/men/id00946/00126_id00358_vsVwGKy79kM.npz,-4.862046241760254,1
FakeVideo-RealAudio/Caucasian (European)/men/id00946/00126_id00520_dOAxKi1t6GI.npz,-4.869877815246582,1
FakeVideo-RealAudio/Caucasian (European)/men/id00946/00126_id00559_wavtolip.npz,-2.892610549926758,1
FakeVideo-RealAudio/Caucasian (European)/men/id00946/00126_id00594_2WHHoksbeVw.npz,-4.863980293273926,1
FakeVideo-RealAudio/Caucasian (European)/men/id00946/00126_id00594_wavtolip.npz,-4.218284606933594,1
FakeVideo-RealAudio/Caucasian (European)/men/id00946/00126_id00709_Rh23ELMGsIQ.npz,-4.856302738189697,1
FakeVideo-RealAudio/Caucasian (European)/men/id00946/00126_id00919_XDUn0Pskyrk.npz,-4.855062484741211,1
FakeVideo-RealAudio/Caucasian (European)/men/id00946/00126_id00963_wavtolip.npz,-4.928951740264893,1
FakeVideo-RealAudio/Caucasian (European)/men/id00946/00126_id00990_G-qzOIgxEoE.npz,-4.860383033752441,1
FakeVideo-RealAudio/Caucasian (European)/men/id00946/00126_id00990_G-qzOIgxEoE_faceswap.npz,-4.888840675354004,1
FakeVideo-RealAudio/Caucasian (European)/men/id00946/00126_id00990_wavtolip.npz,-4.9402899742126465,1
FakeVideo-RealAudio/Caucasian (European)/men/id00946/00126_id00999_SjnM4XFBz0M.npz,-4.859355926513672,1
FakeVideo-RealAudio/Caucasian (European)/men/id00946/00126_id01058_wavtolip.npz,-4.945478916168213,1
FakeVideo-RealAudio/Caucasian (European)/men/id00946/00126_id01098_BwmSumx6P1U.npz,-4.866823196411133,1
FakeVideo-RealAudio/Caucasian (European)/men/id00946/00126_id01099_ZpgbIKxzkrg.npz,-4.849673748016357,1
FakeVideo-RealAudio/Caucasian (European)/men/id00946/00126_id01123_wavtolip.npz,-4.932333946228027,1
FakeVideo-RealAudio/Caucasian (European)/men/id00946/00126_id01126_wavtolip.npz,-4.939330577850342,1
FakeVideo-RealAudio/Caucasian (European)/men/id00946/00126_id01154_wavtolip.npz,-4.912007808685303,1
FakeVideo-RealAudio/Caucasian (European)/men/id00946/00126_id03205_wavtolip.npz,-4.777848243713379,1
FakeVideo-RealAudio/Caucasian (European)/women/id01001/00086_id00068_wavtolip.npz,-3.8267822265625,1
FakeVideo-RealAudio/Caucasian (European)/women/id01001/00086_id00188_e-vm5FB3idA.npz,-4.627777099609375,1
FakeVideo-RealAudio/Caucasian (European)/women/id01001/00086_id00234_wavtolip.npz,-4.44361686706543,1
FakeVideo-RealAudio/Caucasian (European)/women/id01001/00086_id00262_3p7sRWAAh1Q.npz,-4.638120651245117,1
FakeVideo-RealAudio/Caucasian (European)/women/id01001/00086_id00262_wavtolip.npz,-4.514853000640869,1
FakeVideo-RealAudio/Caucasian (European)/women/id01001/00086_id00287_wavtolip.npz,-4.680331230163574,1
FakeVideo-RealAudio/Caucasian (European)/women/id01001/00086_id00332__zNddcZV1EU.npz,-4.613269329071045,1
FakeVideo-RealAudio/Caucasian (European)/women/id01001/00086_id00374_w1qI7y9AGTc.npz,-4.620574474334717,1
FakeVideo-RealAudio/Caucasian (European)/women/id01001/00086_id00403_wavtolip.npz,-4.654711723327637,1
FakeVideo-RealAudio/Caucasian (European)/women/id01001/00086_id00434_wavtolip.npz,-1.317864179611206,1
FakeVideo-RealAudio/Caucasian (European)/women/id01001/00086_id00569_gSynmpwioV4.npz,-4.635477542877197,1
FakeVideo-RealAudio/Caucasian (European)/women/id01001/00086_id00569_wavtolip.npz,-4.797807216644287,1
FakeVideo-RealAudio/Caucasian (European)/women/id01001/00086_id00633_UXrTMta1EDM.npz,-4.604257583618164,1
FakeVideo-RealAudio/Caucasian (European)/women/id01001/00086_id00633_UXrTMta1EDM_faceswap.npz,-4.536518573760986,1
FakeVideo-RealAudio/Caucasian (European)/women/id01001/00086_id00735_ivJSkq5hGOQ.npz,-4.606842041015625,1
FakeVideo-RealAudio/Caucasian (European)/women/id01001/00086_id01002_eQTviHjyISo.npz,-4.57828426361084,1
FakeVideo-RealAudio/Caucasian (European)/women/id01001/00086_id01018_wavtolip.npz,-4.667520523071289,1
FakeVideo-RealAudio/Caucasian (European)/women/id01001/00086_id03649_wavtolip.npz,-4.531105041503906,1
FakeVideo-RealAudio/Caucasian (European)/women/id01001/00086_id03816_XXD0yTNei50.npz,-4.57724142074585,1
FakeVideo-RealAudio/Caucasian (European)/women/id01001/00086_id03858_wavtolip.npz,-3.854233741760254,1
FakeVideo-RealAudio/Caucasian (European)/women/id00071/00014_id00188_e-vm5FB3idA.npz,-4.630373001098633,1
FakeVideo-RealAudio/Caucasian (European)/women/id00071/00014_id00188_wavtolip.npz,-4.8433356285095215,1
FakeVideo-RealAudio/Caucasian (European)/women/id00071/00014_id00232_kL0cCveU1zg.npz,-4.624578475952148,1
FakeVideo-RealAudio/Caucasian (European)/women/id00071/00014_id00262_3p7sRWAAh1Q.npz,-4.44647216796875,1
FakeVideo-RealAudio/Caucasian (European)/women/id00071/00014_id00270_hoEQ70-sDME.npz,-4.53682804107666,1
FakeVideo-RealAudio/Caucasian (European)/women/id00071/00014_id00330_wavtolip.npz,-4.511787414550781,1
FakeVideo-RealAudio/Caucasian (European)/women/id00071/00014_id00379_fgkgYHCuk4g.npz,-4.473708152770996,1
FakeVideo-RealAudio/Caucasian (European)/women/id00071/00014_id00581_7AxvP19LGKg.npz,-4.66848611831665,1
FakeVideo-RealAudio/Caucasian (European)/women/id00071/00014_id00589_wavtolip.npz,-4.849281311035156,1
FakeVideo-RealAudio/Caucasian (European)/women/id00071/00014_id00633_wavtolip.npz,-4.862053871154785,1
FakeVideo-RealAudio/Caucasian (European)/women/id00071/00014_id00735_ivJSkq5hGOQ.npz,-4.343760967254639,1
FakeVideo-RealAudio/Caucasian (European)/women/id00071/00014_id00813_wavtolip.npz,-4.847721576690674,1
FakeVideo-RealAudio/Caucasian (European)/women/id00071/00014_id00897_0ayFw8JhoyI.npz,-4.468306064605713,1
FakeVideo-RealAudio/Caucasian (European)/women/id00071/00014_id01001_wavtolip.npz,-4.776839256286621,1
FakeVideo-RealAudio/Caucasian (European)/women/id00071/00014_id01018_wavtolip.npz,-4.843114852905273,1
FakeVideo-RealAudio/Caucasian (European)/women/id00071/00014_id03371_truKMXt8Dak.npz,-4.64886474609375,1
FakeVideo-RealAudio/Caucasian (European)/women/id00071/00014_id03371_truKMXt8Dak_faceswap.npz,-4.472996234893799,1
FakeVideo-RealAudio/Caucasian (European)/women/id00071/00014_id03716_wavtolip.npz,-4.823887348175049,1
FakeVideo-RealAudio/Caucasian (European)/women/id00071/00014_id03816_XXD0yTNei50.npz,-4.665339946746826,1
FakeVideo-RealAudio/Caucasian (European)/women/id00071/00014_id03816_wavtolip.npz,-4.864195823669434,1
FakeVideo-RealAudio/Caucasian (European)/women/id00071/00014_id03844_wavtolip.npz,-4.857463359832764,1
FakeVideo-RealAudio/Caucasian (European)/women/id00634/00078_0.npz,-3.57413911819458,1
FakeVideo-RealAudio/Caucasian (European)/women/id00634/00078_id00234_wavtolip.npz,-4.117773056030273,1
FakeVideo-RealAudio/Caucasian (European)/women/id00634/00078_id00287_wavtolip.npz,-4.614150524139404,1
FakeVideo-RealAudio/Caucasian (European)/women/id00634/00078_id00325_wavtolip.npz,-4.418406963348389,1
FakeVideo-RealAudio/Caucasian (European)/women/id00634/00078_id00373_wavtolip.npz,0.6934614181518555,1
FakeVideo-RealAudio/Caucasian (European)/women/id00634/00078_id00395_wM5kGJfTtEM.npz,-4.32559061050415,1
FakeVideo-RealAudio/Caucasian (European)/women/id00634/00078_id00484_u7YTz8eFZv0.npz,-4.326517581939697,1
FakeVideo-RealAudio/Caucasian (European)/women/id00634/00078_id00491_wavtolip.npz,-4.526930809020996,1
FakeVideo-RealAudio/Caucasian (European)/women/id00634/00078_id00495_E46aiMUC4A0.npz,-4.326741695404053,1
FakeVideo-RealAudio/Caucasian (European)/women/id00634/00078_id00569_wavtolip.npz,-4.8027520179748535,1
FakeVideo-RealAudio/Caucasian (European)/women/id00634/00078_id00581_7AxvP19LGKg.npz,-4.322225093841553,1
FakeVideo-RealAudio/Caucasian (European)/women/id00634/00078_id00589_uOzKwYEVR6s.npz,-4.326516628265381,1
FakeVideo-RealAudio/Caucasian (European)/women/id00634/00078_id00591_1Jo8xElXQMs.npz,-4.327006816864014,1
FakeVideo-RealAudio/Caucasian (European)/women/id00634/00078_id00633_wavtolip.npz,-4.338589668273926,1
FakeVideo-RealAudio/Caucasian (European)/women/id00634/00078_id00823_KgExwCvgrUk.npz,-4.325150966644287,1
FakeVideo-RealAudio/Caucasian (European)/women/id00634/00078_id00826_MYagwzy91Yk.npz,-4.325201034545898,1
FakeVideo-RealAudio/Caucasian (European)/women/id00634/00078_id00897_wavtolip.npz,-4.225374698638916,1
FakeVideo-RealAudio/Caucasian (European)/women/id00634/00078_id01001_wavtolip.npz,-4.598523139953613,1
FakeVideo-RealAudio/Caucasian (European)/women/id00634/00078_id03589_9NxOQlwpMys.npz,-4.325678825378418,1
FakeVideo-RealAudio/Caucasian (European)/women/id00634/00078_id03649_389qfFqUddI.npz,-4.3259596824646,1
FakeVideo-RealAudio/Caucasian (European)/women/id00634/00078_id03649_389qfFqUddI_faceswap.npz,-4.327877521514893,1
FakeVideo-RealAudio/Caucasian (European)/women/id00634/00078_id03941_wavtolip.npz,-3.5326075553894043,1
FakeVideo-RealAudio/Caucasian (European)/women/id03589/00002_0.npz,-3.836289167404175,1
FakeVideo-RealAudio/Caucasian (European)/women/id03589/00002_id00068_A7uFnQw--bY.npz,-4.400731086730957,1
FakeVideo-RealAudio/Caucasian (European)/women/id03589/00002_id00071_wavtolip.npz,-4.399860382080078,1
FakeVideo-RealAudio/Caucasian (European)/women/id03589/00002_id00234_wavtolip.npz,-4.321059703826904,1
FakeVideo-RealAudio/Caucasian (European)/women/id03589/00002_id00262_3p7sRWAAh1Q.npz,-4.063314437866211,1
FakeVideo-RealAudio/Caucasian (European)/women/id03589/00002_id00270_wavtolip.npz,-4.52704381942749,1
FakeVideo-RealAudio/Caucasian (European)/women/id03589/00002_id00287_2NpfYjyMsPM.npz,-4.373266220092773,1
FakeVideo-RealAudio/Caucasian (European)/women/id03589/00002_id00332_wavtolip.npz,-3.9883453845977783,1
FakeVideo-RealAudio/Caucasian (European)/women/id03589/00002_id00374_wavtolip.npz,-4.40426778793335,1
FakeVideo-RealAudio/Caucasian (European)/women/id03589/00002_id00395_wM5kGJfTtEM.npz,-4.379497528076172,1
FakeVideo-RealAudio/Caucasian (European)/women/id03589/00002_id00495_E46aiMUC4A0.npz,-4.391556739807129,1
FakeVideo-RealAudio/Caucasian (European)/women/id03589/00002_id00495_E46aiMUC4A0_faceswap.npz,-4.384148597717285,1
FakeVideo-RealAudio/Caucasian (European)/women/id03589/00002_id00495_wavtolip.npz,-4.895598888397217,1
FakeVideo-RealAudio/Caucasian (European)/women/id03589/00002_id00496_SImaDcXQnh8.npz,-4.379785060882568,1
FakeVideo-RealAudio/Caucasian (European)/women/id03589/00002_id00589_uOzKwYEVR6s.npz,-4.400137424468994,1
FakeVideo-RealAudio/Caucasian (European)/women/id03589/00002_id00589_wavtolip.npz,-3.800872325897217,1
FakeVideo-RealAudio/Caucasian (European)/women/id03589/00002_id00633_wavtolip.npz,-4.446560859680176,1
FakeVideo-RealAudio/Caucasian (European)/women/id03589/00002_id00634_z5t9oJizDQg.npz,-4.40083122253418,1
FakeVideo-RealAudio/Caucasian (European)/women/id03589/00002_id03649_389qfFqUddI.npz,-4.364153861999512,1
FakeVideo-RealAudio/Caucasian (European)/women/id03589/00002_id03844_wavtolip.npz,-4.801419734954834,1
FakeVideo-RealAudio/Caucasian (European)/women/id03589/00002_id03858_uKVqPfRf-ac.npz,-4.358538627624512,1
FakeVideo-RealAudio/Caucasian (European)/women/id03589/00002_id03858_wavtolip.npz,-4.250103950500488,1
FakeVideo-RealAudio/Caucasian (European)/women/id03620/00081_id00068_wavtolip.npz,-3.6217236518859863,1
FakeVideo-RealAudio/Caucasian (European)/women/id03620/00081_id00188_e-vm5FB3idA.npz,-1.282190203666687,1
FakeVideo-RealAudio/Caucasian (European)/women/id03620/00081_id00270_wavtolip.npz,-4.158329010009766,1
FakeVideo-RealAudio/Caucasian (European)/women/id03620/00081_id00287_2NpfYjyMsPM.npz,-1.262352466583252,1
FakeVideo-RealAudio/Caucasian (European)/women/id03620/00081_id00325_4vJtbNe0L98.npz,-1.6041070222854614,1
FakeVideo-RealAudio/Caucasian (European)/women/id03620/00081_id00328_wavtolip.npz,-4.725879669189453,1
FakeVideo-RealAudio/Caucasian (European)/women/id03620/00081_id00365_XV-imLNJvfk.npz,-1.2542096376419067,1
FakeVideo-RealAudio/Caucasian (European)/women/id03620/00081_id00373_5NXv3Dxkd6E.npz,-1.2800627946853638,1
FakeVideo-RealAudio/Caucasian (European)/women/id03620/00081_id00374_w1qI7y9AGTc.npz,-1.647167444229126,1
FakeVideo-RealAudio/Caucasian (European)/women/id03620/00081_id00379_wavtolip.npz,-4.68929386138916,1
FakeVideo-RealAudio/Caucasian (European)/women/id03620/00081_id00496_SImaDcXQnh8.npz,-1.2524330615997314,1
FakeVideo-RealAudio/Caucasian (European)/women/id03620/00081_id00496_SImaDcXQnh8_faceswap.npz,-1.4957939386367798,1
FakeVideo-RealAudio/Caucasian (European)/women/id03620/00081_id00496_wavtolip.npz,-4.05901575088501,1
FakeVideo-RealAudio/Caucasian (European)/women/id03620/00081_id00581_wavtolip.npz,-3.5549726486206055,1
FakeVideo-RealAudio/Caucasian (European)/women/id03620/00081_id00589_wavtolip.npz,-1.1295446157455444,1
FakeVideo-RealAudio/Caucasian (European)/women/id03620/00081_id00633_wavtolip.npz,-4.327978134155273,1
FakeVideo-RealAudio/Caucasian (European)/women/id03620/00081_id00806_wavtolip.npz,-3.8775553703308105,1
FakeVideo-RealAudio/Caucasian (European)/women/id03620/00081_id01018_VNPt_GB5QiE.npz,-1.647018551826477,1
FakeVideo-RealAudio/Caucasian (European)/women/id03620/00081_id03651_EjcoRkL6loI.npz,-1.4397305250167847,1
FakeVideo-RealAudio/Caucasian (European)/women/id03620/00081_id03844_AEAEN1Lns2c.npz,-1.2282752990722656,1
FakeVideo-RealAudio/Caucasian (European)/women/id03620/00081_id03844_wavtolip.npz,-4.8022050857543945,1
FakeVideo-RealAudio/Caucasian (European)/women/id00569/00239_0.npz,-4.325291633605957,1
FakeVideo-RealAudio/Caucasian (European)/women/id00569/00239_1.npz,-3.8202013969421387,1
FakeVideo-RealAudio/Caucasian (European)/women/id00569/00239_2.npz,1.0124449729919434,1
FakeVideo-RealAudio/Caucasian (European)/women/id00569/00239_id00068_wavtolip.npz,-4.128382205963135,1
FakeVideo-RealAudio/Caucasian (European)/women/id00569/00239_id00188_e-vm5FB3idA.npz,-4.784241676330566,1
FakeVideo-RealAudio/Caucasian (European)/women/id00569/00239_id00262_wavtolip.npz,-4.3905534744262695,1
FakeVideo-RealAudio/Caucasian (European)/women/id00569/00239_id00270_hoEQ70-sDME.npz,-4.782165050506592,1
FakeVideo-RealAudio/Caucasian (European)/women/id00569/00239_id00328_wavtolip.npz,-4.801861763000488,1
FakeVideo-RealAudio/Caucasian (European)/women/id00569/00239_id00330_wavtolip.npz,-4.422031402587891,1
FakeVideo-RealAudio/Caucasian (European)/women/id00569/00239_id00373_5NXv3Dxkd6E.npz,-4.741146564483643,1
FakeVideo-RealAudio/Caucasian (European)/women/id00569/00239_id00403_wavtolip.npz,-4.793646812438965,1
FakeVideo-RealAudio/Caucasian (European)/women/id00569/00239_id00484_u7YTz8eFZv0.npz,-4.784143447875977,1
FakeVideo-RealAudio/Caucasian (European)/women/id00569/00239_id00491_ShjiTWoOtM4.npz,-4.784075736999512,1
FakeVideo-RealAudio/Caucasian (European)/women/id00569/00239_id00491_wavtolip.npz,-4.286196708679199,1
FakeVideo-RealAudio/Caucasian (European)/women/id00569/00239_id00633_UXrTMta1EDM.npz,-4.784818649291992,1
FakeVideo-RealAudio/Caucasian (European)/women/id00569/00239_id00735_wavtolip.npz,-4.53202486038208,1
FakeVideo-RealAudio/Caucasian (European)/women/id00569/00239_id00826_wavtolip.npz,-3.033369302749634,1
FakeVideo-RealAudio/Caucasian (European)/women/id00569/00239_id00897_0ayFw8JhoyI.npz,-4.783255100250244,1
FakeVideo-RealAudio/Caucasian (European)/women/id00569/00239_id01001_wavtolip.npz,-4.797558784484863,1
FakeVideo-RealAudio/Caucasian (European)/women/id00569/00239_id01002_eQTviHjyISo.npz,-4.7784576416015625,1
FakeVideo-RealAudio/Caucasian (European)/women/id00569/00239_id01002_wavtolip.npz,-4.243338584899902,1
FakeVideo-RealAudio/Caucasian (European)/women/id00569/00239_id01018_VNPt_GB5QiE.npz,-4.78489875793457,1
FakeVideo-RealAudio/Caucasian (European)/women/id00569/00239_id03371_truKMXt8Dak.npz,-4.782373428344727,1
FakeVideo-RealAudio/Caucasian (European)/women/id00365/00078_0.npz,-3.4195964336395264,1
FakeVideo-RealAudio/Caucasian (European)/women/id00365/00078_id00068_A7uFnQw--bY.npz,-4.7303619384765625,1
FakeVideo-RealAudio/Caucasian (European)/women/id00365/00078_id00232_kL0cCveU1zg.npz,-4.718149185180664,1
FakeVideo-RealAudio/Caucasian (European)/women/id00365/00078_id00287_2NpfYjyMsPM.npz,-4.719326019287109,1
FakeVideo-RealAudio/Caucasian (European)/women/id00365/00078_id00325_wavtolip.npz,-2.941434144973755,1
FakeVideo-RealAudio/Caucasian (European)/women/id00365/00078_id00330_zCFFgGSIZ_s_faceswap.npz,-4.7172017097473145,1
FakeVideo-RealAudio/Caucasian (European)/women/id00365/00078_id00365_wavtolip.npz,-4.757686614990234,1
FakeVideo-RealAudio/Caucasian (European)/women/id00365/00078_id00379_wavtolip.npz,-4.766817569732666,1
FakeVideo-RealAudio/Caucasian (European)/women/id00365/00078_id00395_wavtolip.npz,-4.706133842468262,1
FakeVideo-RealAudio/Caucasian (European)/women/id00365/00078_id00484_u7YTz8eFZv0.npz,-4.715528964996338,1
FakeVideo-RealAudio/Caucasian (European)/women/id00365/00078_id00495_E46aiMUC4A0.npz,-4.725557327270508,1
FakeVideo-RealAudio/Caucasian (European)/women/id00365/00078_id00634_wavtolip.npz,-4.767456531524658,1
FakeVideo-RealAudio/Caucasian (European)/women/id00365/00078_id00735_wavtolip.npz,-4.429364204406738,1
FakeVideo-RealAudio/Caucasian (European)/women/id00365/00078_id00813_dKs9CWJIkSI.npz,-4.719331741333008,1
FakeVideo-RealAudio/Caucasian (European)/women/id00365/00078_id00813_wavtolip.npz,-4.764919757843018,1
FakeVideo-RealAudio/Caucasian (European)/women/id00365/00078_id00823_wavtolip.npz,-3.8701252937316895,1
FakeVideo-RealAudio/Caucasian (European)/women/id00365/00078_id01002_wavtolip.npz,-3.968630313873291,1
FakeVideo-RealAudio/Caucasian (European)/women/id00365/00078_id03858_uKVqPfRf-ac.npz,-4.71127986907959,1
FakeVideo-RealAudio/Caucasian (European)/women/id00365/00078_id03941_wavtolip.npz,-3.4508137702941895,1
FakeVideo-RealAudio/Caucasian (European)/women/id01002/00043_0.npz,-3.6703128814697266,1
FakeVideo-RealAudio/Caucasian (European)/women/id01002/00043_id00042_wavtolip.npz,-1.3103989362716675,1
FakeVideo-RealAudio/Caucasian (European)/women/id01002/00043_id00188_e-vm5FB3idA.npz,-3.918144464492798,1
FakeVideo-RealAudio/Caucasian (European)/women/id01002/00043_id00232_wavtolip.npz,-4.85487174987793,1
FakeVideo-RealAudio/Caucasian (European)/women/id01002/00043_id00270_wavtolip.npz,-4.855002403259277,1
FakeVideo-RealAudio/Caucasian (European)/women/id01002/00043_id00287_2NpfYjyMsPM.npz,-3.8883159160614014,1
FakeVideo-RealAudio/Caucasian (European)/women/id01002/00043_id00325_4vJtbNe0L98.npz,-3.922837495803833,1
FakeVideo-RealAudio/Caucasian (European)/women/id01002/00043_id00365_wavtolip.npz,-4.830843448638916,1
FakeVideo-RealAudio/Caucasian (European)/women/id01002/00043_id00379_wavtolip.npz,-4.853707790374756,1
FakeVideo-RealAudio/Caucasian (European)/women/id01002/00043_id00395_wavtolip.npz,-4.746206283569336,1
FakeVideo-RealAudio/Caucasian (European)/women/id01002/00043_id00491_ShjiTWoOtM4.npz,-3.970839023590088,1
FakeVideo-RealAudio/Caucasian (European)/women/id01002/00043_id00569_gSynmpwioV4.npz,-3.8055806159973145,1
FakeVideo-RealAudio/Caucasian (European)/women/id01002/00043_id00581_7AxvP19LGKg.npz,-3.8960938453674316,1
FakeVideo-RealAudio/Caucasian (European)/women/id01002/00043_id00633_UXrTMta1EDM.npz,-3.886343479156494,1
FakeVideo-RealAudio/Caucasian (European)/women/id01002/00043_id00633_UXrTMta1EDM_faceswap.npz,-3.211561679840088,1
FakeVideo-RealAudio/Caucasian (European)/women/id01002/00043_id00633_wavtolip.npz,-4.854898929595947,1
FakeVideo-RealAudio/Caucasian (European)/women/id01002/00043_id00823_wavtolip.npz,-3.9151198863983154,1
FakeVideo-RealAudio/Caucasian (European)/women/id01002/00043_id01001_dHJc8dh9X8c.npz,-3.8833978176116943,1
FakeVideo-RealAudio/Caucasian (European)/women/id01002/00043_id03371_truKMXt8Dak.npz,-3.889665126800537,1
FakeVideo-RealAudio/Caucasian (European)/women/id01002/00043_id03620_wavtolip.npz,-3.3248324394226074,1
FakeVideo-RealAudio/Caucasian (European)/women/id01002/00043_id03651_EjcoRkL6loI.npz,-3.836853265762329,1
FakeVideo-RealAudio/Caucasian (European)/women/id01002/00043_id03941_wavtolip.npz,-4.0692219734191895,1
FakeVideo-RealAudio/Caucasian (European)/women/id00373/00028_0.npz,-4.091074466705322,1
FakeVideo-RealAudio/Caucasian (European)/women/id00373/00028_id00188_e-vm5FB3idA.npz,1.0027503967285156,1
FakeVideo-RealAudio/Caucasian (European)/women/id00373/00028_id00232_wavtolip.npz,-4.377259254455566,1
FakeVideo-RealAudio/Caucasian (European)/women/id00373/00028_id00328_ytKnCbJSEcU.npz,1.1020805835723877,1
FakeVideo-RealAudio/Caucasian (European)/women/id00373/00028_id00330_zCFFgGSIZ_s.npz,1.1173299551010132,1
FakeVideo-RealAudio/Caucasian (European)/women/id00373/00028_id00374_w1qI7y9AGTc.npz,1.2206778526306152,1
FakeVideo-RealAudio/Caucasian (European)/women/id00373/00028_id00379_wavtolip.npz,-4.683085918426514,1
FakeVideo-RealAudio/Caucasian (European)/women/id00373/00028_id00434_wavtolip.npz,-1.5802886486053467,1
FakeVideo-RealAudio/Caucasian (European)/women/id00373/00028_id00484_u7YTz8eFZv0.npz,1.074573278427124,1
FakeVideo-RealAudio/Caucasian (European)/women/id00373/00028_id00484_wavtolip.npz,-4.723552703857422,1
FakeVideo-RealAudio/Caucasian (European)/women/id00373/00028_id00495_E46aiMUC4A0.npz,1.2116434574127197,1
FakeVideo-RealAudio/Caucasian (European)/women/id00373/00028_id00495_wavtolip.npz,-4.878087520599365,1
FakeVideo-RealAudio/Caucasian (European)/women/id00373/00028_id00569_gSynmpwioV4.npz,1.161494255065918,1
FakeVideo-RealAudio/Caucasian (European)/women/id00373/00028_id00589_uOzKwYEVR6s.npz,1.0698127746582031,1
FakeVideo-RealAudio/Caucasian (European)/women/id00373/00028_id00823_KgExwCvgrUk.npz,0.9782531261444092,1
FakeVideo-RealAudio/Caucasian (European)/women/id00373/00028_id00823_wavtolip.npz,-3.5836193561553955,1
FakeVideo-RealAudio/Caucasian (European)/women/id00373/00028_id00897_0ayFw8JhoyI.npz,1.2173091173171997,1
FakeVideo-RealAudio/Caucasian (European)/women/id00373/00028_id01001_wavtolip.npz,-4.5292158126831055,1
FakeVideo-RealAudio/Caucasian (European)/women/id00373/00028_id03371_wavtolip.npz,-4.243046760559082,1
FakeVideo-RealAudio/Caucasian (European)/women/id00373/00028_id03620_wavtolip.npz,-1.0412732362747192,1
FakeVideo-RealAudio/Caucasian (European)/women/id00373/00028_id03941_wavtolip.npz,-3.606875419616699,1
FakeVideo-RealAudio/Caucasian (European)/women/id03649/00001_0.npz,-3.7504706382751465,1
FakeVideo-RealAudio/Caucasian (European)/women/id03649/00001_id00068_A7uFnQw--bY.npz,-4.522007942199707,1
FakeVideo-RealAudio/Caucasian (European)/women/id03649/00001_id00188_e-vm5FB3idA.npz,-4.507730960845947,1
FakeVideo-RealAudio/Caucasian (European)/women/id03649/00001_id00271_wavtolip.npz,-4.945982933044434,1
FakeVideo-RealAudio/Caucasian (European)/women/id03649/00001_id00325_4vJtbNe0L98.npz,-4.511109828948975,1
FakeVideo-RealAudio/Caucasian (European)/women/id03649/00001_id00325_wavtolip.npz,-3.025280475616455,1
FakeVideo-RealAudio/Caucasian (European)/women/id03649/00001_id00330_wavtolip.npz,-4.465297222137451,1
FakeVideo-RealAudio/Caucasian (European)/women/id03649/00001_id00373_wavtolip.npz,1.3380862474441528,1
FakeVideo-RealAudio/Caucasian (European)/women/id03649/00001_id00374_wavtolip.npz,-4.601927757263184,1
FakeVideo-RealAudio/Caucasian (European)/women/id03649/00001_id00403_wavtolip.npz,-4.7556939125061035,1
FakeVideo-RealAudio/Caucasian (European)/women/id03649/00001_id00491_wavtolip.npz,-4.423881530761719,1
FakeVideo-RealAudio/Caucasian (European)/women/id03649/00001_id00495_wavtolip.npz,-4.885633945465088,1
FakeVideo-RealAudio/Caucasian (European)/women/id03649/00001_id00569_gSynmpwioV4.npz,-4.5385966300964355,1
FakeVideo-RealAudio/Caucasian (European)/women/id03649/00001_id00581_wavtolip.npz,-4.1345343589782715,1
FakeVideo-RealAudio/Caucasian (European)/women/id03649/00001_id00589_uOzKwYEVR6s.npz,-4.506197929382324,1
FakeVideo-RealAudio/Caucasian (European)/women/id03649/00001_id00591_1Jo8xElXQMs.npz,-4.530298233032227,1
FakeVideo-RealAudio/Caucasian (European)/women/id03649/00001_id00633_UXrTMta1EDM.npz,-4.464433193206787,1
FakeVideo-RealAudio/Caucasian (European)/women/id03649/00001_id00634_z5t9oJizDQg.npz,-4.504270553588867,1
FakeVideo-RealAudio/Caucasian (European)/women/id03649/00001_id00634_z5t9oJizDQg_faceswap.npz,-4.590385437011719,1
FakeVideo-RealAudio/Caucasian (European)/women/id03649/00001_id00823_wavtolip.npz,-3.837284564971924,1
FakeVideo-RealAudio/Caucasian (European)/women/id03649/00001_id00826_MYagwzy91Yk.npz,-4.497919082641602,1
FakeVideo-RealAudio/Caucasian (European)/women/id03649/00001_id03589_9NxOQlwpMys.npz,-4.5260772705078125,1
FakeVideo-RealAudio/Caucasian (European)/women/id00379/00043_id00071_wavtolip.npz,-4.241830348968506,1
FakeVideo-RealAudio/Caucasian (European)/women/id00379/00043_id00188_e-vm5FB3idA.npz,-4.665188312530518,1
FakeVideo-RealAudio/Caucasian (European)/women/id00379/00043_id00262_3p7sRWAAh1Q.npz,-4.668560981750488,1
FakeVideo-RealAudio/Caucasian (European)/women/id00379/00043_id00270_hoEQ70-sDME.npz,-4.666500091552734,1
FakeVideo-RealAudio/Caucasian (European)/women/id00379/00043_id00287_2NpfYjyMsPM.npz,-4.665793418884277,1
FakeVideo-RealAudio/Caucasian (European)/women/id00379/00043_id00328_wavtolip.npz,-4.728274345397949,1
FakeVideo-RealAudio/Caucasian (European)/women/id00379/00043_id00330_wavtolip.npz,-4.473268508911133,1
FakeVideo-RealAudio/Caucasian (European)/women/id00379/00043_id00491_wavtolip.npz,-4.403258800506592,1
FakeVideo-RealAudio/Caucasian (European)/women/id00379/00043_id00496_SImaDcXQnh8.npz,-4.6617021560668945,1
FakeVideo-RealAudio/Caucasian (European)/women/id00379/00043_id00569_wavtolip.npz,-4.799901962280273,1
FakeVideo-RealAudio/Caucasian (European)/women/id00379/00043_id00581_wavtolip.npz,-4.052570819854736,1
FakeVideo-RealAudio/Caucasian (European)/women/id00379/00043_id00633_UXrTMta1EDM.npz,-4.667661190032959,1
FakeVideo-RealAudio/Caucasian (European)/women/id00379/00043_id00633_UXrTMta1EDM_faceswap.npz,-4.663983345031738,1
FakeVideo-RealAudio/Caucasian (European)/women/id00379/00043_id00806_0sk9s9lFIAk.npz,-4.665050983428955,1
FakeVideo-RealAudio/Caucasian (European)/women/id00379/00043_id00823_wavtolip.npz,-3.83085560798645,1
FakeVideo-RealAudio/Caucasian (European)/women/id00379/00043_id00897_0ayFw8JhoyI.npz,-4.671125411987305,1
FakeVideo-RealAudio/Caucasian (European)/women/id00379/00043_id00897_wavtolip.npz,-4.681590557098389,1
FakeVideo-RealAudio/Caucasian (European)/women/id00379/00043_id03371_wavtolip.npz,-4.673130035400391,1
FakeVideo-RealAudio/Caucasian (European)/women/id00379/00043_id03651_wavtolip.npz,-3.3644890785217285,1
FakeVideo-RealAudio/Caucasian (European)/women/id00379/00043_id03716_s-lxbGafZQA.npz,-4.660120487213135,1
FakeVideo-RealAudio/Caucasian (European)/women/id00332/00293_0.npz,-3.5942797660827637,1
FakeVideo-RealAudio/Caucasian (European)/women/id00332/00293_id00188_wavtolip.npz,-4.768749237060547,1
FakeVideo-RealAudio/Caucasian (European)/women/id00332/00293_id00234_M3g5KRLJB60.npz,-3.6801631450653076,1
FakeVideo-RealAudio/Caucasian (European)/women/id00332/00293_id00270_hoEQ70-sDME.npz,-3.692312717437744,1
FakeVideo-RealAudio/Caucasian (European)/women/id00332/00293_id00270_wavtolip.npz,-4.025996685028076,1
FakeVideo-RealAudio/Caucasian (European)/women/id00332/00293_id00287_wavtolip.npz,-4.782386302947998,1
FakeVideo-RealAudio/Caucasian (European)/women/id00332/00293_id00330_zCFFgGSIZ_s.npz,-3.6453075408935547,1
FakeVideo-RealAudio/Caucasian (European)/women/id00332/00293_id00365_wavtolip.npz,-4.760082244873047,1
FakeVideo-RealAudio/Caucasian (European)/women/id00332/00293_id00434_HPXkk-HGXVI.npz,-3.588463068008423,1
FakeVideo-RealAudio/Caucasian (European)/women/id00332/00293_id00496_wavtolip.npz,-4.480778217315674,1
FakeVideo-RealAudio/Caucasian (European)/women/id00332/00293_id00581_wavtolip.npz,-3.976250171661377,1
FakeVideo-RealAudio/Caucasian (European)/women/id00332/00293_id00591_1Jo8xElXQMs.npz,-3.6818315982818604,1
FakeVideo-RealAudio/Caucasian (European)/women/id00332/00293_id00591_wavtolip.npz,-4.92984676361084,1
FakeVideo-RealAudio/Caucasian (European)/women/id00332/00293_id00633_UXrTMta1EDM.npz,-3.614798069000244,1
FakeVideo-RealAudio/Caucasian (European)/women/id00332/00293_id00826_wavtolip.npz,-4.056891918182373,1
FakeVideo-RealAudio/Caucasian (European)/women/id00332/00293_id00897_0ayFw8JhoyI.npz,-3.616382360458374,1
FakeVideo-RealAudio/Caucasian (European)/women/id00332/00293_id01018_wavtolip.npz,-4.472455024719238,1
FakeVideo-RealAudio/Caucasian (European)/women/id00332/00293_id03371_wavtolip.npz,-4.474645614624023,1
FakeVideo-RealAudio/Caucasian (European)/women/id00332/00293_id03858_uKVqPfRf-ac.npz,-3.653258800506592,1
FakeVideo-RealAudio/Caucasian (European)/women/id00325/00015_id00042_4yuJSkaZwn0.npz,-4.4095988273620605,1
FakeVideo-RealAudio/Caucasian (European)/women/id00325/00015_id00042_4yuJSkaZwn0_faceswap.npz,-4.404308795928955,1
FakeVideo-RealAudio/Caucasian (European)/women/id00325/00015_id00042_wavtolip.npz,-0.13145776093006134,1
FakeVideo-RealAudio/Caucasian (European)/women/id00325/00015_id00188_wavtolip.npz,-4.794009685516357,1
FakeVideo-RealAudio/Caucasian (European)/women/id00325/00015_id00262_wavtolip.npz,-4.4081621170043945,1
FakeVideo-RealAudio/Caucasian (European)/women/id00325/00015_id00287_2NpfYjyMsPM.npz,-4.409430503845215,1
FakeVideo-RealAudio/Caucasian (European)/women/id00325/00015_id00365_XV-imLNJvfk.npz,-4.407650470733643,1
FakeVideo-RealAudio/Caucasian (European)/women/id00325/00015_id00569_wavtolip.npz,-4.801731109619141,1
FakeVideo-RealAudio/Caucasian (European)/women/id00325/00015_id00581_wavtolip.npz,-3.8992395401000977,1
FakeVideo-RealAudio/Caucasian (European)/women/id00325/00015_id00589_wavtolip.npz,-3.4779582023620605,1
FakeVideo-RealAudio/Caucasian (European)/women/id00325/00015_id00591_1Jo8xElXQMs.npz,-4.4079108238220215,1
FakeVideo-RealAudio/Caucasian (European)/women/id00325/00015_id00591_wavtolip.npz,-4.929723739624023,1
FakeVideo-RealAudio/Caucasian (European)/women/id00325/00015_id00633_UXrTMta1EDM.npz,-4.407703399658203,1
FakeVideo-RealAudio/Caucasian (European)/women/id00325/00015_id00897_0ayFw8JhoyI.npz,-4.407070636749268,1
FakeVideo-RealAudio/Caucasian (European)/women/id00325/00015_id01002_eQTviHjyISo.npz,-4.407614707946777,1
FakeVideo-RealAudio/Caucasian (European)/women/id00325/00015_id03371_wavtolip.npz,-4.419489860534668,1
FakeVideo-RealAudio/Caucasian (European)/women/id00325/00015_id03620_YkXM5A8w07E.npz,-4.406418323516846,1
FakeVideo-RealAudio/Caucasian (European)/women/id00325/00015_id03649_389qfFqUddI.npz,-4.407495975494385,1
FakeVideo-RealAudio/Caucasian (European)/women/id00325/00015_id03649_wavtolip.npz,-4.619858741760254,1
FakeVideo-RealAudio/Caucasian (European)/women/id00325/00015_id03651_EjcoRkL6loI.npz,-4.406938552856445,1
FakeVideo-RealAudio/Caucasian (European)/women/id00325/00015_id03858_wavtolip.npz,-4.144783973693848,1
FakeVideo-RealAudio/Caucasian (European)/women/id03716/00040_0.npz,-4.4022111892700195,1
FakeVideo-RealAudio/Caucasian (European)/women/id03716/00040_id00068_wavtolip.npz,-3.93851637840271,1
FakeVideo-RealAudio/Caucasian (European)/women/id03716/00040_id00234_wavtolip.npz,-4.273861885070801,1
FakeVideo-RealAudio/Caucasian (European)/women/id03716/00040_id00328_wavtolip.npz,-4.7273406982421875,1
FakeVideo-RealAudio/Caucasian (European)/women/id03716/00040_id00330_wavtolip.npz,-4.251275539398193,1
FakeVideo-RealAudio/Caucasian (European)/women/id03716/00040_id00332__zNddcZV1EU.npz,-4.028266906738281,1
FakeVideo-RealAudio/Caucasian (European)/women/id03716/00040_id00365_XV-imLNJvfk.npz,-4.025539875030518,1
FakeVideo-RealAudio/Caucasian (European)/women/id03716/00040_id00365_wavtolip.npz,-4.757620334625244,1
FakeVideo-RealAudio/Caucasian (European)/women/id03716/00040_id00373_wavtolip.npz,1.521430253982544,1
FakeVideo-RealAudio/Caucasian (European)/women/id03716/00040_id00379_fgkgYHCuk4g.npz,-4.024234771728516,1
FakeVideo-RealAudio/Caucasian (European)/women/id03716/00040_id00395_wM5kGJfTtEM.npz,-4.030423164367676,1
FakeVideo-RealAudio/Caucasian (European)/women/id03716/00040_id00591_1Jo8xElXQMs.npz,-4.027810096740723,1
FakeVideo-RealAudio/Caucasian (European)/women/id03716/00040_id00633_UXrTMta1EDM.npz,-4.023415565490723,1
FakeVideo-RealAudio/Caucasian (European)/women/id03716/00040_id00633_wavtolip.npz,-4.328331470489502,1
FakeVideo-RealAudio/Caucasian (European)/women/id03716/00040_id00813_wavtolip.npz,-4.070806980133057,1
FakeVideo-RealAudio/Caucasian (European)/women/id03716/00040_id00826_wavtolip.npz,-4.029698848724365,1
FakeVideo-RealAudio/Caucasian (European)/women/id03716/00040_id00897_0ayFw8JhoyI.npz,-4.028827667236328,1
FakeVideo-RealAudio/Caucasian (European)/women/id03716/00040_id03651_EjcoRkL6loI.npz,-4.020866394042969,1
FakeVideo-RealAudio/Caucasian (European)/women/id03716/00040_id03651_EjcoRkL6loI_faceswap.npz,-4.013927459716797,1
FakeVideo-RealAudio/Caucasian (European)/women/id03716/00040_id03716_wavtolip.npz,-4.003190040588379,1
FakeVideo-RealAudio/Caucasian (European)/women/id03716/00040_id03816_XXD0yTNei50.npz,-4.026582717895508,1
FakeVideo-RealAudio/Caucasian (European)/women/id03716/00040_id03858_uKVqPfRf-ac.npz,-4.0215325355529785,1
FakeVideo-RealAudio/Caucasian (European)/women/id00262/00028_0.npz,-3.81245756149292,1
FakeVideo-RealAudio/Caucasian (European)/women/id00262/00028_id00068_wavtolip.npz,-3.7942147254943848,1
FakeVideo-RealAudio/Caucasian (European)/women/id00262/00028_id00071_JU1cVINUTZA.npz,-3.751913070678711,1
FakeVideo-RealAudio/Caucasian (European)/women/id00262/00028_id00270_hoEQ70-sDME.npz,-3.7270913124084473,1
FakeVideo-RealAudio/Caucasian (European)/women/id00262/00028_id00270_wavtolip.npz,-4.531829357147217,1
FakeVideo-RealAudio/Caucasian (European)/women/id00262/00028_id00271_wavtolip.npz,-4.948632717132568,1
FakeVideo-RealAudio/Caucasian (European)/women/id00262/00028_id00287_2NpfYjyMsPM.npz,-3.7562577724456787,1
FakeVideo-RealAudio/Caucasian (European)/women/id00262/00028_id00287_2NpfYjyMsPM_faceswap.npz,-3.7447309494018555,1
FakeVideo-RealAudio/Caucasian (European)/women/id00262/00028_id00365_wavtolip.npz,-4.767431735992432,1
FakeVideo-RealAudio/Caucasian (European)/women/id00262/00028_id00373_wavtolip.npz,0.06988926231861115,1
FakeVideo-RealAudio/Caucasian (European)/women/id00262/00028_id00395_wM5kGJfTtEM.npz,-3.7510740756988525,1
FakeVideo-RealAudio/Caucasian (European)/women/id00262/00028_id00495_E46aiMUC4A0.npz,-3.7426061630249023,1
FakeVideo-RealAudio/Caucasian (European)/women/id00262/00028_id00496_SImaDcXQnh8.npz,-3.757580518722534,1
FakeVideo-RealAudio/Caucasian (European)/women/id00262/00028_id00496_wavtolip.npz,-4.059435844421387,1
FakeVideo-RealAudio/Caucasian (European)/women/id00262/00028_id00633_UXrTMta1EDM.npz,-3.7166619300842285,1
FakeVideo-RealAudio/Caucasian (European)/women/id00262/00028_id00633_wavtolip.npz,-4.328641414642334,1
FakeVideo-RealAudio/Caucasian (European)/women/id00262/00028_id00634_wavtolip.npz,-4.338048458099365,1
FakeVideo-RealAudio/Caucasian (European)/women/id00262/00028_id00813_dKs9CWJIkSI.npz,-3.752469539642334,1
FakeVideo-RealAudio/Caucasian (European)/women/id00262/00028_id00826_wavtolip.npz,-3.904963254928589,1
FakeVideo-RealAudio/Caucasian (European)/women/id00262/00028_id03816_XXD0yTNei50.npz,-3.74385142326355,1
FakeVideo-RealAudio/Caucasian (European)/women/id00262/00028_id03816_wavtolip.npz,-4.7285261154174805,1
FakeVideo-RealAudio/Caucasian (European)/women/id00262/00028_id03941_SsYtP8Ze88Q.npz,-3.7656726837158203,1
FakeVideo-RealAudio/Caucasian (European)/women/id00328/00092_0.npz,-3.5980911254882812,1
FakeVideo-RealAudio/Caucasian (European)/women/id00328/00092_id00068_wavtolip.npz,-3.9232168197631836,1
FakeVideo-RealAudio/Caucasian (European)/women/id00328/00092_id00188_e-vm5FB3idA.npz,-2.002869129180908,1
FakeVideo-RealAudio/Caucasian (European)/women/id00328/00092_id00188_wavtolip.npz,-4.781272888183594,1
FakeVideo-RealAudio/Caucasian (European)/women/id00328/00092_id00232_kL0cCveU1zg.npz,-1.9169987440109253,1
FakeVideo-RealAudio/Caucasian (European)/women/id00328/00092_id00271_wavtolip.npz,-4.947780132293701,1
FakeVideo-RealAudio/Caucasian (European)/women/id00328/00092_id00328_wavtolip.npz,-4.723994255065918,1
FakeVideo-RealAudio/Caucasian (European)/women/id00328/00092_id00373_5NXv3Dxkd6E.npz,-1.9786112308502197,1
FakeVideo-RealAudio/Caucasian (European)/women/id00328/00092_id00395_wavtolip.npz,-4.723167419433594,1
FakeVideo-RealAudio/Caucasian (European)/women/id00328/00092_id00403_n4LSCxzFr6o.npz,-2.2302358150482178,1
FakeVideo-RealAudio/Caucasian (European)/women/id00328/00092_id00484_u7YTz8eFZv0.npz,-1.6906033754348755,1
FakeVideo-RealAudio/Caucasian (European)/women/id00328/00092_id00484_u7YTz8eFZv0_faceswap.npz,-0.9825009703636169,1
FakeVideo-RealAudio/Caucasian (European)/women/id00328/00092_id00491_wavtolip.npz,-4.461043357849121,1
FakeVideo-RealAudio/Caucasian (European)/women/id00328/00092_id00495_E46aiMUC4A0.npz,-2.5570321083068848,1
FakeVideo-RealAudio/Caucasian (European)/women/id00328/00092_id00569_wavtolip.npz,-4.802170753479004,1
FakeVideo-RealAudio/Caucasian (European)/women/id00328/00092_id00735_wavtolip.npz,-4.391671657562256,1
FakeVideo-RealAudio/Caucasian (European)/women/id00328/00092_id03371_truKMXt8Dak.npz,-1.770886778831482,1
FakeVideo-RealAudio/Caucasian (European)/women/id00328/00092_id03620_YkXM5A8w07E.npz,-2.319847345352173,1
FakeVideo-RealAudio/Caucasian (European)/women/id00328/00092_id03651_wavtolip.npz,-3.074397563934326,1
FakeVideo-RealAudio/Caucasian (European)/women/id00328/00092_id03716_wavtolip.npz,-4.639708042144775,1
FakeVideo-RealAudio/Caucasian (European)/women/id00328/00092_id03844_AEAEN1Lns2c.npz,-1.8698114156723022,1
FakeVideo-RealAudio/Caucasian (European)/women/id00328/00092_id03858_uKVqPfRf-ac.npz,-1.9193748235702515,1
FakeVideo-RealAudio/Caucasian (European)/women/id00589/00130_0.npz,-4.707271575927734,1
FakeVideo-RealAudio/Caucasian (European)/women/id00589/00130_id00042_wavtolip.npz,0.09922558814287186,1
FakeVideo-RealAudio/Caucasian (European)/women/id00589/00130_id00188_wavtolip.npz,-4.7830810546875,1
FakeVideo-RealAudio/Caucasian (European)/women/id00589/00130_id00232_wavtolip.npz,-4.5047221183776855,1
FakeVideo-RealAudio/Caucasian (European)/women/id00589/00130_id00262_wavtolip.npz,-4.3616485595703125,1
FakeVideo-RealAudio/Caucasian (European)/women/id00589/00130_id00270_wavtolip.npz,-4.4989752769470215,1
FakeVideo-RealAudio/Caucasian (European)/women/id00589/00130_id00271_je6JSLqEEcw.npz,-3.9912991523742676,1
FakeVideo-RealAudio/Caucasian (European)/women/id00589/00130_id00287_wavtolip.npz,-4.67160177230835,1
FakeVideo-RealAudio/Caucasian (European)/women/id00589/00130_id00373_5NXv3Dxkd6E.npz,-4.017327785491943,1
FakeVideo-RealAudio/Caucasian (European)/women/id00589/00130_id00495_E46aiMUC4A0.npz,-4.015212535858154,1
FakeVideo-RealAudio/Caucasian (European)/women/id00589/00130_id00591_1Jo8xElXQMs.npz,-0.6478539705276489,1
FakeVideo-RealAudio/Caucasian (European)/women/id00589/00130_id00634_z5t9oJizDQg.npz,-0.6298292875289917,1
FakeVideo-RealAudio/Caucasian (European)/women/id00589/00130_id00634_z5t9oJizDQg_faceswap.npz,-2.386018753051758,1
FakeVideo-RealAudio/Caucasian (European)/women/id00589/00130_id00735_wavtolip.npz,-4.273984432220459,1
FakeVideo-RealAudio/Caucasian (European)/women/id00589/00130_id00813_wavtolip.npz,-4.500275611877441,1
FakeVideo-RealAudio/Caucasian (European)/women/id00589/00130_id00897_0ayFw8JhoyI.npz,-3.533740758895874,1
FakeVideo-RealAudio/Caucasian (European)/women/id00589/00130_id01002_wavtolip.npz,-3.6847896575927734,1
FakeVideo-RealAudio/Caucasian (European)/women/id00589/00130_id03589_9NxOQlwpMys.npz,-3.8795995712280273,1
FakeVideo-RealAudio/Caucasian (European)/women/id00589/00130_id03589_wavtolip.npz,-4.486763954162598,1
FakeVideo-RealAudio/Caucasian (European)/women/id00589/00130_id03620_YkXM5A8w07E.npz,-3.2393412590026855,1
FakeVideo-RealAudio/Caucasian (European)/women/id00589/00130_id03649_389qfFqUddI.npz,-1.2299531698226929,1
FakeVideo-RealAudio/Caucasian (European)/women/id00589/00130_id03858_uKVqPfRf-ac.npz,-1.9973937273025513,1
RealVideo-FakeAudio/Asian (South)/men/id06354/00021_fake.npz,9.109307289123535,1
RealVideo-FakeAudio/Asian (South)/men/id08314/00028_fake.npz,10.36229133605957,1
RealVideo-FakeAudio/Asian (South)/men/id07233/00010_fake.npz,9.993821144104004,1
RealVideo-FakeAudio/Asian (South)/men/id07179/00206_fake.npz,9.62530517578125,1
RealVideo-FakeAudio/Asian (South)/men/id00860/00154_fake.npz,9.795063972473145,1
RealVideo-FakeAudio/Asian (South)/men/id07768/00143_fake.npz,10.239431381225586,1
RealVideo-FakeAudio/Asian (South)/men/id00078/00114_fake.npz,9.464975357055664,1
RealVideo-FakeAudio/Asian (South)/men/id03599/00072_fake.npz,9.732769012451172,1
RealVideo-FakeAudio/Asian (South)/men/id00745/00165_fake.npz,10.265547752380371,1
RealVideo-FakeAudio/Asian (South)/men/id07161/00159_fake.npz,9.499405860900879,1
RealVideo-FakeAudio/Asian (South)/men/id04561/00248_fake.npz,9.100297927856445,1
RealVideo-FakeAudio/Asian (South)/men/id07463/00028_fake.npz,9.409628868103027,1
RealVideo-FakeAudio/Asian (South)/men/id07182/00040_fake.npz,9.82217025756836,1
RealVideo-FakeAudio/Asian (South)/men/id00459/00382_fake.npz,9.376760482788086,1
RealVideo-FakeAudio/Asian (South)/men/id04928/00027_fake.npz,9.749861717224121,1
RealVideo-FakeAudio/Asian (South)/men/id00032/00028_fake.npz,6.840886116027832,1
RealVideo-FakeAudio/Asian (South)/women/id04070/00072_fake.npz,9.499114036560059,1
RealVideo-FakeAudio/Asian (South)/women/id03985/00005_fake.npz,9.541346549987793,1
RealVideo-FakeAudio/Asian (South)/women/id00747/00053_fake.npz,9.249049186706543,1
RealVideo-FakeAudio/Asian (South)/women/id07689/00028_fake.npz,0.7868387699127197,1
RealVideo-FakeAudio/Asian (South)/women/id05920/00161_fake.npz,3.9231138229370117,1
RealVideo-FakeAudio/Asian (South)/women/id06254/00043_fake.npz,9.712779998779297,1
RealVideo-FakeAudio/Asian (South)/women/id00417/00069_fake.npz,8.283644676208496,1
RealVideo-FakeAudio/Asian (South)/women/id05478/00135_fake.npz,9.120996475219727,1
RealVideo-FakeAudio/Asian (South)/women/id06445/00150_fake.npz,9.736910820007324,1
RealVideo-FakeAudio/Asian (South)/women/id04582/00180_fake.npz,10.311399459838867,1
RealVideo-FakeAudio/Asian (South)/women/id02089/00092_fake.npz,9.739509582519531,1
RealVideo-FakeAudio/Asian (South)/women/id00149/00284_fake.npz,9.274922370910645,1
RealVideo-FakeAudio/Asian (South)/women/id06439/00118_fake.npz,9.544477462768555,1
RealVideo-FakeAudio/Asian (South)/women/id05931/00013_fake.npz,9.600593566894531,1
RealVideo-FakeAudio/Asian (South)/women/id07051/00083_fake.npz,9.736713409423828,1
RealVideo-FakeAudio/African/men/id01835/00130_fake.npz,8.721778869628906,1
RealVideo-FakeAudio/African/men/id02040/00476_fake.npz,4.653695583343506,1
RealVideo-FakeAudio/African/men/id01392/00167_fake.npz,9.985016822814941,1
RealVideo-FakeAudio/African/men/id01717/00005_fake.npz,10.079411506652832,1
RealVideo-FakeAudio/African/men/id01779/00010_fake.npz,9.59945297241211,1
RealVideo-FakeAudio/African/men/id01179/00160_fake.npz,9.984010696411133,1
RealVideo-FakeAudio/African/men/id01528/00017_fake.npz,9.791610717773438,1
RealVideo-FakeAudio/African/men/id00076/00109_fake.npz,9.41869068145752,1
RealVideo-FakeAudio/African/men/id02268/00036_fake.npz,10.450030326843262,1
RealVideo-FakeAudio/African/men/id01170/00021_fake.npz,10.354673385620117,1
RealVideo-FakeAudio/African/men/id01637/00002_fake.npz,9.460787773132324,1
RealVideo-FakeAudio/African/men/id02051/00015_fake.npz,5.822368621826172,1
RealVideo-FakeAudio/African/men/id00366/00118_fake.npz,9.79733657836914,1
RealVideo-FakeAudio/African/women/id00359/00053_fake.npz,9.277363777160645,1
RealVideo-FakeAudio/African/women/id01907/00148_fake.npz,6.893660068511963,1
RealVideo-FakeAudio/African/women/id01661/00059_fake.npz,9.661932945251465,1
RealVideo-FakeAudio/African/women/id03747/00273_fake.npz,10.510781288146973,1
RealVideo-FakeAudio/African/women/id03713/00249_fake.npz,9.375112533569336,1
RealVideo-FakeAudio/African/women/id02721/00424_fake.npz,10.227760314941406,1
RealVideo-FakeAudio/African/women/id04547/00052_fake.npz,10.10773754119873,1
RealVideo-FakeAudio/African/women/id00220/00027_fake.npz,9.80185317993164,1
RealVideo-FakeAudio/African/women/id04820/00015_fake.npz,9.05459213256836,1
RealVideo-FakeAudio/African/women/id04736/00083_fake.npz,9.692169189453125,1
RealVideo-FakeAudio/African/women/id04376/00181_fake.npz,10.160863876342773,1
RealVideo-FakeAudio/African/women/id04374/00032_fake.npz,9.289752006530762,1
RealVideo-FakeAudio/African/women/id02824/00130_fake.npz,10.010749816894531,1
RealVideo-FakeAudio/Caucasian (American)/men/id04216/00470_fake.npz,10.164581298828125,1
RealVideo-FakeAudio/Caucasian (American)/men/id03525/00048_fake.npz,9.755768775939941,1
RealVideo-FakeAudio/Caucasian (American)/men/id03757/00149_fake.npz,9.601555824279785,1
RealVideo-FakeAudio/Caucasian (American)/men/id00169/00021_fake.npz,9.219265937805176,1
RealVideo-FakeAudio/Caucasian (American)/men/id00184/00241_fake.npz,9.794557571411133,1
RealVideo-FakeAudio/Caucasian (American)/men/id00021/00010_fake.npz,9.016153335571289,1
RealVideo-FakeAudio/Caucasian (American)/men/id01163/00195_fake.npz,9.756304740905762,1
RealVideo-FakeAudio/Caucasian (American)/men/id00088/00005_fake.npz,9.780607223510742,1
RealVideo-FakeAudio/Caucasian (American)/men/id00264/00257_fake.npz,9.887413024902344,1
RealVideo-FakeAudio/Caucasian (American)/men/id00529/00409_fake.npz,6.28103494644165,1
RealVideo-FakeAudio/Caucasian (American)/men/id00943/00304_fake.npz,9.798201560974121,1
RealVideo-FakeAudio/Caucasian (American)/men/id01096/00037_fake.npz,9.917011260986328,1
RealVideo-FakeAudio/Caucasian (American)/men/id00345/00243_fake.npz,8.970437049865723,1
RealVideo-FakeAudio/Caucasian (American)/men/id01192/00217_fake.npz,10.149316787719727,1
RealVideo-FakeAudio/Caucasian (American)/men/id03678/00078_fake.npz,9.137308120727539,1
RealVideo-FakeAudio/Caucasian (American)/men/id00018/00181_fake.npz,8.998002052307129,1
RealVideo-FakeAudio/Caucasian (American)/men/id00049/00118_fake.npz,9.765613555908203,1
RealVideo-FakeAudio/Caucasian (American)/men/id00087/00002_fake.npz,9.400808334350586,1
RealVideo-FakeAudio/Caucasian (American)/women/id01216/00025_fake.npz,10.294845581054688,1
RealVideo-FakeAudio/Caucasian (American)/women/id03781/00113_fake.npz,10.214594841003418,1
RealVideo-FakeAudio/Caucasian (American)/women/id00398/00016_fake.npz,9.41070556640625,1
RealVideo-FakeAudio/Caucasian (American)/women/id00616/00305_fake.npz,10.054936408996582,1
RealVideo-FakeAudio/Caucasian (American)/women/id00145/00043_fake.npz,10.170273780822754,1
RealVideo-FakeAudio/Caucasian (American)/women/id00261/00048_fake.npz,8.329510688781738,1
RealVideo-FakeAudio/Caucasian (American)/women/id00752/00340_fake.npz,10.172444343566895,1
RealVideo-FakeAudio/Caucasian (American)/women/id00098/00004_fake.npz,9.650275230407715,1
RealVideo-FakeAudio/Caucasian (American)/women/id01217/00005_fake.npz,9.948566436767578,1
RealVideo-FakeAudio/Caucasian (American)/women/id01091/00236_fake.npz,7.992345333099365,1
RealVideo-FakeAudio/Caucasian (American)/women/id03605/00048_fake.npz,9.574834823608398,1
RealVideo-FakeAudio/Caucasian (American)/women/id03556/00043_fake.npz,10.634413719177246,1
RealVideo-FakeAudio/Caucasian (American)/women/id01004/00028_fake.npz,9.574976921081543,1
RealVideo-FakeAudio/Caucasian (American)/women/id00841/00078_fake.npz,9.180989265441895,1
RealVideo-FakeAudio/Caucasian (American)/women/id03707/00055_fake.npz,9.679698944091797,1
RealVideo-FakeAudio/Caucasian (American)/women/id00383/00171_fake.npz,9.882524490356445,1
RealVideo-FakeAudio/Caucasian (American)/women/id00097/00162_fake.npz,8.500665664672852,1
RealVideo-FakeAudio/Caucasian (American)/women/id00842/00043_fake.npz,9.017714500427246,1
RealVideo-FakeAudio/Caucasian (American)/women/id02466/00136_fake.npz,9.434011459350586,1
RealVideo-FakeAudio/Caucasian (American)/women/id00462/00143_fake.npz,9.429712295532227,1
RealVideo-FakeAudio/Caucasian (American)/women/id01248/00005_fake.npz,9.592580795288086,1
RealVideo-FakeAudio/Asian (East)/men/id06878/00001_fake.npz,9.63344955444336,1
RealVideo-FakeAudio/Asian (East)/men/id09143/00056_fake.npz,9.961965560913086,1
RealVideo-FakeAudio/Asian (East)/men/id08652/00006_fake.npz,9.641396522521973,1
RealVideo-FakeAudio/Asian (East)/men/id06807/00015_fake.npz,9.764717102050781,1
RealVideo-FakeAudio/Asian (East)/men/id04687/00066_fake.npz,9.7355318069458,1
RealVideo-FakeAudio/Asian (East)/men/id07338/00003_fake.npz,9.367255210876465,1
RealVideo-FakeAudio/Asian (East)/men/id01204/00092_fake.npz,10.175087928771973,1
RealVideo-FakeAudio/Asian (East)/men/id03889/00052_fake.npz,9.128917694091797,1
RealVideo-FakeAudio/Asian (East)/men/id08299/00110_fake.npz,9.928735733032227,1
RealVideo-FakeAudio/Asian (East)/women/id08819/00052_fake.npz,10.267988204956055,1
RealVideo-FakeAudio/Asian (East)/women/id00566/00032_fake.npz,8.572836875915527,1
RealVideo-FakeAudio/Asian (East)/women/id05631/00073_fake.npz,9.713409423828125,1
RealVideo-FakeAudio/Asian (East)/women/id06054/00010_fake.npz,9.513336181640625,1
RealVideo-FakeAudio/Asian (East)/women/id04701/00017_fake.npz,9.42329216003418,1
RealVideo-FakeAudio/Asian (East)/women/id09174/00015_fake.npz,9.936772346496582,1
RealVideo-FakeAudio/Asian (East)/women/id09125/00098_fake.npz,10.53760051727295,1
RealVideo-FakeAudio/Asian (East)/women/id05620/00005_fake.npz,9.537171363830566,1
RealVideo-FakeAudio/Asian (East)/women/id05576/00368_fake.npz,10.072707176208496,1
RealVideo-FakeAudio/Asian (East)/women/id06388/00005_fake.npz,9.593123435974121,1
RealVideo-FakeAudio/Asian (East)/women/id00582/00006_fake.npz,10.038861274719238,1
RealVideo-FakeAudio/Asian (East)/women/id00363/00014_fake.npz,10.331403732299805,1
RealVideo-FakeAudio/Asian (East)/women/id06158/00015_fake.npz,10.186885833740234,1
RealVideo-FakeAudio/Asian (East)/women/id03211/00032_fake.npz,9.968820571899414,1
RealVideo-FakeAudio/Caucasian (European)/men/id01052/00076_fake.npz,9.890656471252441,1
RealVideo-FakeAudio/Caucasian (European)/men/id00709/00206_fake.npz,10.068180084228516,1
RealVideo-FakeAudio/Caucasian (European)/men/id00306/00015_fake.npz,10.161937713623047,1
RealVideo-FakeAudio/Caucasian (European)/men/id00292/00072_fake.npz,9.06374740600586,1
RealVideo-FakeAudio/Caucasian (European)/men/id00919/00063_fake.npz,9.116141319274902,1
RealVideo-FakeAudio/Caucasian (European)/men/id01099/00206_fake.npz,9.310823440551758,1
RealVideo-FakeAudio/Caucasian (European)/men/id00358/00217_fake.npz,9.973367691040039,1
RealVideo-FakeAudio/Caucasian (European)/men/id00282/00268_fake.npz,9.972092628479004,1
RealVideo-FakeAudio/Caucasian (European)/men/id01051/00322_fake.npz,9.747917175292969,1
RealVideo-FakeAudio/Caucasian (European)/men/id00415/00017_fake.npz,9.837837219238281,1
RealVideo-FakeAudio/Caucasian (European)/men/id00187/00360_fake.npz,10.075556755065918,1
RealVideo-FakeAudio/Caucasian (European)/men/id00055/00120_fake.npz,9.600120544433594,1
RealVideo-FakeAudio/Caucasian (European)/men/id00498/00014_fake.npz,9.3895263671875,1
RealVideo-FakeAudio/Caucasian (European)/men/id00063/00021_fake.npz,9.786060333251953,1
RealVideo-FakeAudio/Caucasian (European)/men/id00946/00126_fake.npz,9.30550479888916,1
RealVideo-FakeAudio/Caucasian (European)/women/id01001/00086_fake.npz,9.394559860229492,1
RealVideo-FakeAudio/Caucasian (European)/women/id00071/00014_fake.npz,9.36328411102295,1
RealVideo-FakeAudio/Caucasian (European)/women/id00634/00078_fake.npz,10.190865516662598,1
RealVideo-FakeAudio/Caucasian (European)/women/id03589/00002_fake.npz,9.976579666137695,1
RealVideo-FakeAudio/Caucasian (European)/women/id03620/00081_fake.npz,9.973848342895508,1
RealVideo-FakeAudio/Caucasian (European)/women/id00569/00239_fake.npz,10.20545768737793,1
RealVideo-FakeAudio/Caucasian (European)/women/id00365/00078_fake.npz,9.763266563415527,1
RealVideo-FakeAudio/Caucasian (European)/women/id01002/00043_fake.npz,9.487687110900879,1
RealVideo-FakeAudio/Caucasian (European)/women/id00373/00028_fake.npz,10.349675178527832,1
RealVideo-FakeAudio/Caucasian (European)/women/id03649/00001_fake.npz,9.890104293823242,1
RealVideo-FakeAudio/Caucasian (European)/women/id00379/00043_fake.npz,8.45763874053955,1
RealVideo-FakeAudio/Caucasian (European)/women/id00332/00293_fake.npz,8.926560401916504,1
RealVideo-FakeAudio/Caucasian (European)/women/id00325/00015_fake.npz,10.042099952697754,1
RealVideo-FakeAudio/Caucasian (European)/women/id03716/00040_fake.npz,9.314617156982422,1
RealVideo-FakeAudio/Caucasian (European)/women/id00262/00028_fake.npz,10.07552433013916,1
RealVideo-FakeAudio/Caucasian (European)/women/id00328/00092_fake.npz,9.06095027923584,1
RealVideo-FakeAudio/Caucasian (European)/women/id00589/00130_fake.npz,9.401861190795898,1
RealVideo-RealAudio/Asian (South)/men/id06354/00021.npz,-4.8982343673706055,0
RealVideo-RealAudio/Asian (South)/men/id08314/00028.npz,-4.101207256317139,0
RealVideo-RealAudio/Asian (South)/men/id07233/00010.npz,-3.773055076599121,0
RealVideo-RealAudio/Asian (South)/men/id07179/00206.npz,1.222165822982788,0
RealVideo-RealAudio/Asian (South)/men/id00860/00154.npz,-4.746504783630371,0
RealVideo-RealAudio/Asian (South)/men/id07768/00143.npz,-2.5446674823760986,0
RealVideo-RealAudio/Asian (South)/men/id00078/00114.npz,-4.672388553619385,0
RealVideo-RealAudio/Asian (South)/men/id03599/00072.npz,-4.391554832458496,0
RealVideo-RealAudio/Asian (South)/men/id00745/00165.npz,0.49373093247413635,0
RealVideo-RealAudio/Asian (South)/men/id07161/00159.npz,-4.559023857116699,0
RealVideo-RealAudio/Asian (South)/men/id04561/00248.npz,-4.444741249084473,0
RealVideo-RealAudio/Asian (South)/men/id07463/00028.npz,-4.525849342346191,0
RealVideo-RealAudio/Asian (South)/men/id07182/00040.npz,-4.733139991760254,0
RealVideo-RealAudio/Asian (South)/men/id00459/00382.npz,-0.7069320678710938,0
RealVideo-RealAudio/Asian (South)/men/id04928/00027.npz,-4.497686862945557,0
RealVideo-RealAudio/Asian (South)/men/id00032/00028.npz,-4.442742824554443,0
RealVideo-RealAudio/Asian (South)/women/id04070/00072.npz,-3.355165958404541,0
RealVideo-RealAudio/Asian (South)/women/id03985/00005.npz,-4.66096830368042,0
RealVideo-RealAudio/Asian (South)/women/id00747/00053.npz,-4.408519744873047,0
RealVideo-RealAudio/Asian (South)/women/id07689/00028.npz,-4.526493072509766,0
RealVideo-RealAudio/Asian (South)/women/id05920/00161.npz,-4.691143035888672,0
RealVideo-RealAudio/Asian (South)/women/id06254/00043.npz,-4.688307762145996,0
RealVideo-RealAudio/Asian (South)/women/id00417/00069.npz,-4.7778425216674805,0
RealVideo-RealAudio/Asian (South)/women/id05478/00135.npz,-4.4863996505737305,0
RealVideo-RealAudio/Asian (South)/women/id06445/00150.npz,-3.6351513862609863,0
RealVideo-RealAudio/Asian (South)/women/id04582/00180.npz,-3.8772079944610596,0
RealVideo-RealAudio/Asian (South)/women/id02089/00092.npz,-3.776935577392578,0
RealVideo-RealAudio/Asian (South)/women/id00149/00284.npz,-4.264322280883789,0
RealVideo-RealAudio/Asian (South)/women/id06439/00118.npz,-4.36820125579834,0
RealVideo-RealAudio/Asian (South)/women/id05931/00013.npz,-4.772226333618164,0
RealVideo-RealAudio/Asian (South)/women/id07051/00083.npz,-4.271371364593506,0
RealVideo-RealAudio/African/men/id01835/00130.npz,-4.008846282958984,0
RealVideo-RealAudio/African/men/id02040/00476.npz,-4.898755073547363,0
RealVideo-RealAudio/African/men/id01392/00167.npz,-4.194523811340332,0
RealVideo-RealAudio/African/men/id01717/00005.npz,-4.310249328613281,0
RealVideo-RealAudio/African/men/id01779/00010.npz,-2.735513210296631,0
RealVideo-RealAudio/African/men/id01179/00160.npz,-4.706054210662842,0
RealVideo-RealAudio/African/men/id01528/00017.npz,-4.442300796508789,0
RealVideo-RealAudio/African/men/id00076/00109.npz,-3.636693000793457,0
RealVideo-RealAudio/African/men/id02268/00036.npz,-4.337677955627441,0
RealVideo-RealAudio/African/men/id01170/00021.npz,-4.358498573303223,0
RealVideo-RealAudio/African/men/id01637/00002.npz,-4.587526321411133,0
RealVideo-RealAudio/African/men/id02051/00015.npz,-4.8565521240234375,0
RealVideo-RealAudio/African/men/id00366/00118.npz,-4.146453380584717,0
RealVideo-RealAudio/African/women/id00359/00053.npz,-4.93878173828125,0
RealVideo-RealAudio/African/women/id01907/00148.npz,-4.754696369171143,0
RealVideo-RealAudio/African/women/id01661/00059.npz,-4.635485649108887,0
RealVideo-RealAudio/African/women/id03747/00273.npz,-3.763800621032715,0
RealVideo-RealAudio/African/women/id03713/00249.npz,-4.575101852416992,0
RealVideo-RealAudio/African/women/id02721/00424.npz,-4.448188781738281,0
RealVideo-RealAudio/African/women/id04547/00052.npz,-4.697896957397461,0
RealVideo-RealAudio/African/women/id00220/00027.npz,-4.541049480438232,0
RealVideo-RealAudio/African/women/id04820/00015.npz,-4.784072399139404,0
RealVideo-RealAudio/African/women/id04736/00083.npz,-4.340225696563721,0
RealVideo-RealAudio/African/women/id04376/00181.npz,-4.7293806076049805,0
RealVideo-RealAudio/African/women/id04374/00032.npz,-4.443949222564697,0
RealVideo-RealAudio/African/women/id02824/00130.npz,-4.697810173034668,0
RealVideo-RealAudio/Caucasian (American)/men/id04216/00470.npz,-4.659147262573242,0
RealVideo-RealAudio/Caucasian (American)/men/id03525/00048.npz,-3.5748231410980225,0
RealVideo-RealAudio/Caucasian (American)/men/id03757/00149.npz,-4.869645595550537,0
RealVideo-RealAudio/Caucasian (American)/men/id00169/00021.npz,-4.74033784866333,0
RealVideo-RealAudio/Caucasian (American)/men/id00184/00241.npz,-4.603938579559326,0
RealVideo-RealAudio/Caucasian (American)/men/id00021/00010.npz,-4.756714344024658,0
RealVideo-RealAudio/Caucasian (American)/men/id01163/00195.npz,-4.501823425292969,0
RealVideo-RealAudio/Caucasian (American)/men/id00088/00005.npz,-4.66539192199707,0
RealVideo-RealAudio/Caucasian (American)/men/id00264/00257.npz,-4.783120155334473,0
RealVideo-RealAudio/Caucasian (American)/men/id00529/00409.npz,-4.598203659057617,0
RealVideo-RealAudio/Caucasian (American)/men/id00943/00304.npz,-4.111690521240234,0
RealVideo-RealAudio/Caucasian (American)/men/id01096/00037.npz,-3.717026710510254,0
RealVideo-RealAudio/Caucasian (American)/men/id00345/00243.npz,-4.849102973937988,0
RealVideo-RealAudio/Caucasian (American)/men/id01192/00217.npz,-4.192811012268066,0
RealVideo-RealAudio/Caucasian (American)/men/id03678/00078.npz,-4.545553207397461,0
RealVideo-RealAudio/Caucasian (American)/men/id00018/00181.npz,-4.742146968841553,0
RealVideo-RealAudio/Caucasian (American)/men/id00049/00118.npz,-4.294466972351074,0
RealVideo-RealAudio/Caucasian (American)/men/id00087/00002.npz,-4.433826446533203,0
RealVideo-RealAudio/Caucasian (American)/women/id01216/00025.npz,0.8401297926902771,0
RealVideo-RealAudio/Caucasian (American)/women/id03781/00113.npz,-4.711948394775391,0
RealVideo-RealAudio/Caucasian (American)/women/id00398/00016.npz,-4.59613561630249,0
RealVideo-RealAudio/Caucasian (American)/women/id00616/00305.npz,-3.1258771419525146,0
RealVideo-RealAudio/Caucasian (American)/women/id00145/00043.npz,-4.357466220855713,0
RealVideo-RealAudio/Caucasian (American)/women/id00261/00048.npz,-4.578937530517578,0
RealVideo-RealAudio/Caucasian (American)/women/id00752/00340.npz,-3.8622395992279053,0
RealVideo-RealAudio/Caucasian (American)/women/id00098/00004.npz,-4.458001136779785,0
RealVideo-RealAudio/Caucasian (American)/women/id01217/00005.npz,-4.343813419342041,0
RealVideo-RealAudio/Caucasian (American)/women/id01091/00236.npz,-4.713855743408203,0
RealVideo-RealAudio/Caucasian (American)/women/id03605/00048.npz,-4.159646987915039,0
RealVideo-RealAudio/Caucasian (American)/women/id03556/00043.npz,-3.6395604610443115,0
RealVideo-RealAudio/Caucasian (American)/women/id01004/00028.npz,-4.885347843170166,0
RealVideo-RealAudio/Caucasian (American)/women/id00841/00078.npz,-3.912351369857788,0
RealVideo-RealAudio/Caucasian (American)/women/id03707/00055.npz,-4.531518936157227,0
RealVideo-RealAudio/Caucasian (American)/women/id00383/00171.npz,-2.8210582733154297,0
RealVideo-RealAudio/Caucasian (American)/women/id00097/00162.npz,-4.871018409729004,0
RealVideo-RealAudio/Caucasian (American)/women/id00842/00043.npz,-4.511602401733398,0
RealVideo-RealAudio/Caucasian (American)/women/id02466/00136.npz,-3.9669089317321777,0
RealVideo-RealAudio/Caucasian (American)/women/id00462/00143.npz,-2.620687961578369,0
RealVideo-RealAudio/Caucasian (American)/women/id01248/00005.npz,-4.804134368896484,0
RealVideo-RealAudio/Asian (East)/men/id06878/00001.npz,-4.523707389831543,0
RealVideo-RealAudio/Asian (East)/men/id09143/00056.npz,-4.956079006195068,0
RealVideo-RealAudio/Asian (East)/men/id08652/00006.npz,-4.6319804191589355,0
RealVideo-RealAudio/Asian (East)/men/id06807/00015.npz,-1.9515259265899658,0
RealVideo-RealAudio/Asian (East)/men/id04687/00066.npz,-4.348312854766846,0
RealVideo-RealAudio/Asian (East)/men/id07338/00003.npz,-4.8646464347839355,0
RealVideo-RealAudio/Asian (East)/men/id01204/00092.npz,-4.324984550476074,0
RealVideo-RealAudio/Asian (East)/men/id03889/00052.npz,-4.540281295776367,0
RealVideo-RealAudio/Asian (East)/men/id08299/00110.npz,-4.8808722496032715,0
RealVideo-RealAudio/Asian (East)/women/id08819/00052.npz,-3.875157356262207,0
RealVideo-RealAudio/Asian (East)/women/id00566/00032.npz,-4.898428916931152,0
RealVideo-RealAudio/Asian (East)/women/id05631/00073.npz,-4.530466079711914,0
RealVideo-RealAudio/Asian (East)/women/id06054/00010.npz,-3.538895606994629,0
RealVideo-RealAudio/Asian (East)/women/id04701/00017.npz,-4.630791664123535,0
RealVideo-RealAudio/Asian (East)/women/id09174/00015.npz,-1.6335604190826416,0
RealVideo-RealAudio/Asian (East)/women/id09125/00098.npz,-4.277238845825195,0
RealVideo-RealAudio/Asian (East)/women/id05620/00005.npz,-4.6112189292907715,0
RealVideo-RealAudio/Asian (East)/women/id05576/00368.npz,-4.408493995666504,0
RealVideo-RealAudio/Asian (East)/women/id06388/00005.npz,-4.566316604614258,0
RealVideo-RealAudio/Asian (East)/women/id00582/00006.npz,-4.04056453704834,0
RealVideo-RealAudio/Asian (East)/women/id00363/00014.npz,-0.584498405456543,0
RealVideo-RealAudio/Asian (East)/women/id06158/00015.npz,-4.667410373687744,0
RealVideo-RealAudio/Asian (East)/women/id03211/00032.npz,-4.441497325897217,0
RealVideo-RealAudio/Caucasian (European)/men/id01052/00076.npz,-4.259195327758789,0
RealVideo-RealAudio/Caucasian (European)/men/id00709/00206.npz,-4.180911540985107,0
RealVideo-RealAudio/Caucasian (European)/men/id00306/00015.npz,-4.209970951080322,0
RealVideo-RealAudio/Caucasian (European)/men/id00292/00072.npz,-4.745273113250732,0
RealVideo-RealAudio/Caucasian (European)/men/id00919/00063.npz,-3.871960401535034,0
RealVideo-RealAudio/Caucasian (European)/men/id01099/00206.npz,-3.782317638397217,0
RealVideo-RealAudio/Caucasian (European)/men/id00358/00217.npz,-3.5500388145446777,0
RealVideo-RealAudio/Caucasian (European)/men/id00282/00268.npz,-4.404788970947266,0
RealVideo-RealAudio/Caucasian (European)/men/id01051/00322.npz,-2.4872663021087646,0
RealVideo-RealAudio/Caucasian (European)/men/id00415/00017.npz,-4.405632019042969,0
RealVideo-RealAudio/Caucasian (European)/men/id00187/00360.npz,-1.878184199333191,0
RealVideo-RealAudio/Caucasian (European)/men/id00055/00120.npz,-4.286014556884766,0
RealVideo-RealAudio/Caucasian (European)/men/id00498/00014.npz,-4.694938659667969,0
RealVideo-RealAudio/Caucasian (European)/men/id00063/00021.npz,-3.8774847984313965,0
RealVideo-RealAudio/Caucasian (European)/men/id00946/00126.npz,-4.88267707824707,0
RealVideo-RealAudio/Caucasian (European)/women/id01001/00086.npz,-4.625051498413086,0
RealVideo-RealAudio/Caucasian (European)/women/id00071/00014.npz,-4.415051460266113,0
RealVideo-RealAudio/Caucasian (European)/women/id00634/00078.npz,-4.327179908752441,0
RealVideo-RealAudio/Caucasian (European)/women/id03589/00002.npz,-4.353301048278809,0
RealVideo-RealAudio/Caucasian (European)/women/id03620/00081.npz,-2.093942165374756,0
RealVideo-RealAudio/Caucasian (European)/women/id00569/00239.npz,-4.277609348297119,0
RealVideo-RealAudio/Caucasian (European)/women/id00365/00078.npz,-4.7221832275390625,0
RealVideo-RealAudio/Caucasian (European)/women/id01002/00043.npz,-3.6689679622650146,0
RealVideo-RealAudio/Caucasian (European)/women/id00373/00028.npz,0.9429887533187866,0
RealVideo-RealAudio/Caucasian (European)/women/id03649/00001.npz,-4.505087852478027,0
RealVideo-RealAudio/Caucasian (European)/women/id00379/00043.npz,-4.667591094970703,0
RealVideo-RealAudio/Caucasian (European)/women/id00332/00293.npz,-3.5025079250335693,0
RealVideo-RealAudio/Caucasian (European)/women/id00325/00015.npz,-4.403081893920898,0
RealVideo-RealAudio/Caucasian (European)/women/id03716/00040.npz,-4.020604133605957,0
RealVideo-RealAudio/Caucasian (European)/women/id00262/00028.npz,-3.7762579917907715,0
RealVideo-RealAudio/Caucasian (European)/women/id00328/00092.npz,-1.9284124374389648,0
RealVideo-RealAudio/Caucasian (European)/women/id00589/00130.npz,-3.730639934539795,0
