path,score,label
FakeVideo-FakeAudio/African/men/id01835/00130_id00173_UHoMXLSjlDo_id01610_wavtolip.npz,3.329923391342163,1
FakeVideo-FakeAudio/African/men/id01835/00130_id00173_wavtolip.npz,5.138208389282227,1
FakeVideo-FakeAudio/African/men/id01835/00130_id00366_RSOgEoek8WM_id01691_wavtolip.npz,5.573721885681152,1
FakeVideo-FakeAudio/African/men/id01835/00130_id00701_lW6uzLIOwd0_id00391_wavtolip.npz,-0.007418960332870483,1
FakeVideo-FakeAudio/African/men/id01835/00130_id00761_QtTNFhCCgzw_faceswap_id00391_wavtolip.npz,-0.0602913498878479,1
FakeVideo-FakeAudio/African/men/id01835/00130_id00761_QtTNFhCCgzw_faceswap_id00518_wavtolip.npz,1.0193766355514526,1
FakeVideo-FakeAudio/African/men/id01835/00130_id00761_QtTNFhCCgzw_faceswap_id01170_wavtolip.npz,6.503906726837158,1
FakeVideo-FakeAudio/African/men/id01835/00130_id00761_QtTNFhCCgzw_faceswap_id02051_wavtolip.npz,4.169888019561768,1
FakeVideo-FakeAudio/African/men/id01835/00130_id00761_QtTNFhCCgzw_faceswap_id02494_wavtolip.npz,5.200084686279297,1
FakeVideo-FakeAudio/African/men/id01835/00130_id00761_QtTNFhCCgzw_id02296_wavtolip.npz,0.25655505061149597,1
FakeVideo-FakeAudio/African/men/id01835/00130_id00761_wavtolip.npz,5.446715354919434,1
FakeVideo-FakeAudio/African/men/id01835/00130_id00781_wavtolip.npz,4.756742000579834,1
FakeVideo-FakeAudio/African/men/id01835/00130_id00830_rfl3Teg9uew_id01392_wavtolip.npz,5.840640068054199,1
FakeVideo-FakeAudio/African/men/id01835/00130_id00944_DiW5D62667U_id01392_wavtolip.npz,5.792089462280273,1
FakeVideo-FakeAudio/African/men/id01835/00130_id01036_AohKaMtIHxA_id02342_wavtolip.npz,5.534714698791504,1
FakeVideo-FakeAudio/African/men/id01835/00130_id01036_wavtolip.npz,6.620090484619141,1
FakeVideo-FakeAudio/African/men/id01835/00130_id01076_wavtolip.npz,5.728972434997559,1
FakeVideo-FakeAudio/African/men/id01835/00130_id01236_wavtolip.npz,6.507024765014648,1
FakeVideo-FakeAudio/African/men/id01835/00130_id01528_wavtolip.npz,4.446598052978516,1
FakeVideo-FakeAudio/African/men/id01835/00130_id02268_irA9myDvW-I_id01179_wavtolip.npz,4.608016014099121,1
FakeVideo-FakeAudio/African/men/id01835/00130_id02296_wavtolip.npz,0.4599863886833191,1
FakeVideo-FakeAudio/African/men/id01835/00130_id04727_wavtolip.npz,5.652509689331055,1
FakeVideo-FakeAudio/African/men/id02040/00476_id00391_TjJgUZaenWI_id00944_wavtolip.npz,5.280983924865723,1
FakeVideo-FakeAudio/African/men/id02040/00476_id00476_wavtolip.npz,5.287167549133301,1
FakeVideo-FakeAudio/African/men/id02040/00476_id00761_wavtolip.npz,5.609841346740723,1
FakeVideo-FakeAudio/African/men/id02040/00476_id00944_wavtolip.npz,5.084910869598389,1
FakeVideo-FakeAudio/African/men/id02040/00476_id01392_fF-g0KFJ7lg_id01036_wavtolip.npz,6.086060047149658,1
FakeVideo-FakeAudio/African/men/id02040/00476_id01392_wavtolip.npz,5.026396751403809,1
FakeVideo-FakeAudio/African/men/id02040/00476_id01452_wavtolip.npz,5.5109333992004395,1
FakeVideo-FakeAudio/African/men/id02040/00476_id01528_wavtolip.npz,6.440014839172363,1
FakeVideo-FakeAudio/African/men/id02040/00476_id01530_8kiAt_4gQGI_id02005_wavtolip.npz,1.2657378911972046,1
FakeVideo-FakeAudio/African/men/id02040/00476_id01530_wavtolip.npz,0.6147887110710144,1
FakeVideo-FakeAudio/African/men/id02040/00476_id01691_IVtS5z8Jrrk_id01717_wavtolip.npz,5.0957818031311035,1
FakeVideo-FakeAudio/African/men/id02040/00476_id01717_wavtolip.npz,4.999642372131348,1
FakeVideo-FakeAudio/African/men/id02040/00476_id01995_wavtolip.npz,-0.2528802752494812,1
FakeVideo-FakeAudio/African/men/id02040/00476_id02051_wavtolip.npz,5.0588812828063965,1
FakeVideo-FakeAudio/African/men/id01392/00167_2_id00166_wavtolip.npz,5.540018081665039,1
FakeVideo-FakeAudio/African/men/id01392/00167_2_id00475_wavtolip.npz,4.267562389373779,1
FakeVideo-FakeAudio/African/men/id01392/00167_2_id00478_wavtolip.npz,6.501873970031738,1
FakeVideo-FakeAudio/African/men/id01392/00167_2_id01207_wavtolip.npz,1.1055617332458496,1
FakeVideo-FakeAudio/African/men/id01392/00167_2_id01521_wavtolip.npz,4.020834922790527,1
FakeVideo-FakeAudio/African/men/id01392/00167_3_id00830_wavtolip.npz,5.026970863342285,1
FakeVideo-FakeAudio/African/men/id01392/00167_3_id01392_wavtolip.npz,5.703970432281494,1
FakeVideo-FakeAudio/African/men/id01392/00167_3_id01610_wavtolip.npz,4.8527607917785645,1
FakeVideo-FakeAudio/African/men/id01392/00167_3_id01933_wavtolip.npz,1.0053479671478271,1
FakeVideo-FakeAudio/African/men/id01392/00167_3_id02040_wavtolip.npz,0.7300059199333191,1
FakeVideo-FakeAudio/African/men/id01392/00167_id00366_wavtolip.npz,5.341961860656738,1
FakeVideo-FakeAudio/African/men/id01392/00167_id00391_TjJgUZaenWI_id01598_wavtolip.npz,5.577617645263672,1
FakeVideo-FakeAudio/African/men/id01392/00167_id00475_wavtolip.npz,5.28171443939209,1
FakeVideo-FakeAudio/African/men/id01392/00167_id00701_wavtolip.npz,5.047975063323975,1
FakeVideo-FakeAudio/African/men/id01392/00167_id00761_wavtolip.npz,5.482790946960449,1
FakeVideo-FakeAudio/African/men/id01392/00167_id01179_RnqLJMrWELw_id02268_wavtolip.npz,5.660482883453369,1
FakeVideo-FakeAudio/African/men/id01392/00167_id01207_mt129WTRSII_id01691_wavtolip.npz,5.925812244415283,1
FakeVideo-FakeAudio/African/men/id01392/00167_id01207_wavtolip.npz,1.0896215438842773,1
FakeVideo-FakeAudio/African/men/id01392/00167_id01521_wavtolip.npz,3.981191873550415,1
FakeVideo-FakeAudio/African/men/id01392/00167_id01597_52WEZxe4_GE_id01920_wavtolip.npz,4.809715747833252,1
FakeVideo-FakeAudio/African/men/id01392/00167_id01610_wavtolip.npz,3.1913671493530273,1
FakeVideo-FakeAudio/African/men/id01392/00167_id01920_w9C_knCPD94_id02040_wavtolip.npz,0.7864178419113159,1
FakeVideo-FakeAudio/African/men/id01392/00167_id01972_wavtolip.npz,6.5415425300598145,1
FakeVideo-FakeAudio/African/men/id01392/00167_id02005_wavtolip.npz,6.067361831665039,1
FakeVideo-FakeAudio/African/men/id01392/00167_id02494_wavtolip.npz,4.79730224609375,1
FakeVideo-FakeAudio/African/men/id01717/00005_id00166_wavtolip.npz,4.250054359436035,1
FakeVideo-FakeAudio/African/men/id01717/00005_id00366_RSOgEoek8WM_id02268_wavtolip.npz,5.485832691192627,1
FakeVideo-FakeAudio/African/men/id01717/00005_id00366_wavtolip.npz,4.3100361824035645,1
FakeVideo-FakeAudio/African/men/id01717/00005_id00518_wavtolip.npz,3.5071468353271484,1
FakeVideo-FakeAudio/African/men/id01717/00005_id00701_lW6uzLIOwd0_id01207_wavtolip.npz,4.952023983001709,1
FakeVideo-FakeAudio/African/men/id01717/00005_id00761_wavtolip.npz,5.608745098114014,1
FakeVideo-FakeAudio/African/men/id01717/00005_id00781_wavtolip.npz,5.971114635467529,1
FakeVideo-FakeAudio/African/men/id01717/00005_id00987_wavtolip.npz,0.899634063243866,1
FakeVideo-FakeAudio/African/men/id01717/00005_id01171_wavtolip.npz,5.710139274597168,1
FakeVideo-FakeAudio/African/men/id01717/00005_id01392_wavtolip.npz,5.701733589172363,1
FakeVideo-FakeAudio/African/men/id01717/00005_id01452_4MqeoSxSy3w_id01856_wavtolip.npz,0.9422783851623535,1
FakeVideo-FakeAudio/African/men/id01717/00005_id01544_wavtolip.npz,5.199166774749756,1
FakeVideo-FakeAudio/African/men/id01717/00005_id01920_w9C_knCPD94_id01598_wavtolip.npz,5.399974822998047,1
FakeVideo-FakeAudio/African/men/id01717/00005_id02005_7_Egh9mW5y4_faceswap_id01170_wavtolip.npz,6.257143020629883,1
FakeVideo-FakeAudio/African/men/id01717/00005_id02005_7_Egh9mW5y4_faceswap_id01392_wavtolip.npz,5.9146728515625,1
FakeVideo-FakeAudio/African/men/id01717/00005_id02005_7_Egh9mW5y4_faceswap_id01691_wavtolip.npz,5.900663375854492,1
FakeVideo-FakeAudio/African/men/id01717/00005_id02005_7_Egh9mW5y4_faceswap_id01779_wavtolip.npz,5.096005439758301,1
FakeVideo-FakeAudio/African/men/id01717/00005_id02005_7_Egh9mW5y4_faceswap_id04727_wavtolip.npz,5.6324052810668945,1
FakeVideo-FakeAudio/African/men/id01717/00005_id02005_7_Egh9mW5y4_id01076_wavtolip.npz,5.771490097045898,1
FakeVideo-FakeAudio/African/men/id01717/00005_id02316_yrrNcmZ-xmI_id01544_wavtolip.npz,5.191501140594482,1
FakeVideo-FakeAudio/African/men/id01717/00005_id04727_wavtolip.npz,5.066859722137451,1
FakeVideo-FakeAudio/African/men/id01779/00010_id00475_wavtolip.npz,3.5611863136291504,1
FakeVideo-FakeAudio/African/men/id01779/00010_id00518_wavtolip.npz,1.1129333972930908,1
FakeVideo-FakeAudio/African/men/id01779/00010_id00701_lW6uzLIOwd0_id00366_wavtolip.npz,2.721569776535034,1
FakeVideo-FakeAudio/African/men/id01779/00010_id00781_wavtolip.npz,4.931302070617676,1
FakeVideo-FakeAudio/African/men/id01779/00010_id01036_AohKaMtIHxA_id01637_wavtolip.npz,4.432509422302246,1
FakeVideo-FakeAudio/African/men/id01779/00010_id01036_wavtolip.npz,6.392021656036377,1
FakeVideo-FakeAudio/African/men/id01779/00010_id01076_wavtolip.npz,5.77983283996582,1
FakeVideo-FakeAudio/African/men/id01779/00010_id01171_XSINMRoTb0E_id01076_wavtolip.npz,5.658111572265625,1
FakeVideo-FakeAudio/African/men/id01779/00010_id01528_wavtolip.npz,6.8757781982421875,1
FakeVideo-FakeAudio/African/men/id01779/00010_id01530_wavtolip.npz,5.754721164703369,1
FakeVideo-FakeAudio/African/men/id01779/00010_id01544_wavtolip.npz,5.30621337890625,1
FakeVideo-FakeAudio/African/men/id01779/00010_id01637_5VjcPZm8knM_id01972_wavtolip.npz,6.482096195220947,1
FakeVideo-FakeAudio/African/men/id01779/00010_id01691_IVtS5z8Jrrk_faceswap_id00173_wavtolip.npz,5.189971923828125,1
FakeVideo-FakeAudio/African/men/id01779/00010_id01691_IVtS5z8Jrrk_faceswap_id00478_wavtolip.npz,6.364282131195068,1
FakeVideo-FakeAudio/African/men/id01779/00010_id01691_IVtS5z8Jrrk_faceswap_id00701_wavtolip.npz,0.8538949489593506,1
FakeVideo-FakeAudio/African/men/id01779/00010_id01691_IVtS5z8Jrrk_faceswap_id01170_wavtolip.npz,6.19227933883667,1
FakeVideo-FakeAudio/African/men/id01779/00010_id01691_IVtS5z8Jrrk_faceswap_id01779_wavtolip.npz,5.607532024383545,1
FakeVideo-FakeAudio/African/men/id01779/00010_id01691_IVtS5z8Jrrk_id00391_wavtolip.npz,-0.48334643244743347,1
FakeVideo-FakeAudio/African/men/id01779/00010_id01779_wavtolip.npz,5.623705863952637,1
FakeVideo-FakeAudio/African/men/id01779/00010_id01856_6Q2f3b1QNRM_id00830_wavtolip.npz,5.123999118804932,1
FakeVideo-FakeAudio/African/men/id01779/00010_id02268_irA9myDvW-I_id01452_wavtolip.npz,5.788668155670166,1
FakeVideo-FakeAudio/African/men/id01779/00010_id02268_wavtolip.npz,5.453278064727783,1
FakeVideo-FakeAudio/African/men/id01779/00010_id02494_lObg47hQleE_id01076_wavtolip.npz,5.3134965896606445,1
FakeVideo-FakeAudio/African/men/id01179/00160_id00166_PQV2ZbJBLNk_id01544_wavtolip.npz,5.119904518127441,1
FakeVideo-FakeAudio/African/men/id01179/00160_id00173_wavtolip.npz,0.3586239218711853,1
FakeVideo-FakeAudio/African/men/id01179/00160_id00391_TjJgUZaenWI_id01171_wavtolip.npz,5.561656475067139,1
FakeVideo-FakeAudio/African/men/id01179/00160_id00476_UgdYVJ6xPYg_id01856_wavtolip.npz,0.8807843327522278,1
FakeVideo-FakeAudio/African/men/id01179/00160_id00518_wavtolip.npz,0.9861226081848145,1
FakeVideo-FakeAudio/African/men/id01179/00160_id01170_7eoTTk4xyNo_id01856_wavtolip.npz,0.8941577672958374,1
FakeVideo-FakeAudio/African/men/id01179/00160_id01171_wavtolip.npz,5.629232406616211,1
FakeVideo-FakeAudio/African/men/id01179/00160_id01207_mt129WTRSII_id01171_wavtolip.npz,4.995086193084717,1
FakeVideo-FakeAudio/African/men/id01179/00160_id01207_wavtolip.npz,1.0632121562957764,1
FakeVideo-FakeAudio/African/men/id01179/00160_id01392_wavtolip.npz,5.316840648651123,1
FakeVideo-FakeAudio/African/men/id01179/00160_id01544_wavtolip.npz,5.741944313049316,1
FakeVideo-FakeAudio/African/men/id01179/00160_id01598_wavtolip.npz,5.595007419586182,1
FakeVideo-FakeAudio/African/men/id01179/00160_id01637_5VjcPZm8knM_id01995_wavtolip.npz,-0.20857283473014832,1
FakeVideo-FakeAudio/African/men/id01179/00160_id01691_wavtolip.npz,5.035080909729004,1
FakeVideo-FakeAudio/African/men/id01179/00160_id01717_wavtolip.npz,5.555354118347168,1
FakeVideo-FakeAudio/African/men/id01179/00160_id02005_7_Egh9mW5y4_faceswap_id01528_wavtolip.npz,6.441884994506836,1
FakeVideo-FakeAudio/African/men/id01179/00160_id02005_7_Egh9mW5y4_faceswap_id01779_wavtolip.npz,4.6413726806640625,1
FakeVideo-FakeAudio/African/men/id01179/00160_id02005_7_Egh9mW5y4_faceswap_id01835_wavtolip.npz,1.0498762130737305,1
FakeVideo-FakeAudio/African/men/id01179/00160_id02005_7_Egh9mW5y4_faceswap_id01972_wavtolip.npz,6.4098639488220215,1
FakeVideo-FakeAudio/African/men/id01179/00160_id02005_7_Egh9mW5y4_faceswap_id02316_wavtolip.npz,5.592690944671631,1
FakeVideo-FakeAudio/African/men/id01179/00160_id02005_7_Egh9mW5y4_id00366_wavtolip.npz,2.774324893951416,1
FakeVideo-FakeAudio/African/men/id01179/00160_id02342_RJPBPhJB8TA_id01779_wavtolip.npz,5.021137714385986,1
FakeVideo-FakeAudio/African/men/id01179/00160_id02342_wavtolip.npz,0.5904145240783691,1
FakeVideo-FakeAudio/African/men/id01528/00017_id00173_wavtolip.npz,5.42344331741333,1
FakeVideo-FakeAudio/African/men/id01528/00017_id00518_qm7oQcDg4oI_id00781_wavtolip.npz,4.681015491485596,1
FakeVideo-FakeAudio/African/men/id01528/00017_id00944_DiW5D62667U_id02296_wavtolip.npz,0.3705075681209564,1
FakeVideo-FakeAudio/African/men/id01528/00017_id00944_wavtolip.npz,4.866456031799316,1
FakeVideo-FakeAudio/African/men/id01528/00017_id00987_wavtolip.npz,1.0661280155181885,1
FakeVideo-FakeAudio/African/men/id01528/00017_id01076_wavtolip.npz,5.830037593841553,1
FakeVideo-FakeAudio/African/men/id01528/00017_id01171_wavtolip.npz,5.019739151000977,1
FakeVideo-FakeAudio/African/men/id01528/00017_id01207_mt129WTRSII_id01207_wavtolip.npz,1.1106480360031128,1
FakeVideo-FakeAudio/African/men/id01528/00017_id01236_7WdumGR5-JM_id02342_wavtolip.npz,5.968319892883301,1
FakeVideo-FakeAudio/African/men/id01528/00017_id01236_wavtolip.npz,6.50893497467041,1
FakeVideo-FakeAudio/African/men/id01528/00017_id01452_4MqeoSxSy3w_faceswap_id00701_wavtolip.npz,4.618975639343262,1
FakeVideo-FakeAudio/African/men/id01528/00017_id01452_4MqeoSxSy3w_faceswap_id01076_wavtolip.npz,5.74099588394165,1
FakeVideo-FakeAudio/African/men/id01528/00017_id01452_4MqeoSxSy3w_faceswap_id01610_wavtolip.npz,3.2095069885253906,1
FakeVideo-FakeAudio/African/men/id01528/00017_id01452_4MqeoSxSy3w_faceswap_id02005_wavtolip.npz,5.948131561279297,1
FakeVideo-FakeAudio/African/men/id01528/00017_id01452_4MqeoSxSy3w_faceswap_id02494_wavtolip.npz,5.076269626617432,1
FakeVideo-FakeAudio/African/men/id01528/00017_id01452_4MqeoSxSy3w_id04727_wavtolip.npz,5.236241817474365,1
FakeVideo-FakeAudio/African/men/id01528/00017_id01597_52WEZxe4_GE_id00476_wavtolip.npz,6.4307451248168945,1
FakeVideo-FakeAudio/African/men/id01528/00017_id01598_wavtolip.npz,5.649147033691406,1
FakeVideo-FakeAudio/African/men/id01528/00017_id01933_I5XXxgK7QpE_id00391_wavtolip.npz,-0.44966304302215576,1
FakeVideo-FakeAudio/African/men/id01528/00017_id01972_hBYoeQTm8ZQ_id01610_wavtolip.npz,3.7003962993621826,1
FakeVideo-FakeAudio/African/men/id01528/00017_id02005_wavtolip.npz,5.987329483032227,1
FakeVideo-FakeAudio/African/men/id01528/00017_id02040_wavtolip.npz,0.6960207223892212,1
FakeVideo-FakeAudio/African/men/id01528/00017_id02296_wavtolip.npz,0.4382731020450592,1
FakeVideo-FakeAudio/African/men/id00076/00109_10_id00476_wavtolip.npz,6.112192630767822,1
FakeVideo-FakeAudio/African/men/id00076/00109_10_id01076_wavtolip.npz,5.973995208740234,1
FakeVideo-FakeAudio/African/men/id00076/00109_10_id01179_wavtolip.npz,-0.25533461570739746,1
FakeVideo-FakeAudio/African/men/id00076/00109_10_id02005_wavtolip.npz,1.6751933097839355,1
FakeVideo-FakeAudio/African/men/id00076/00109_10_id02342_wavtolip.npz,0.07863232493400574,1
FakeVideo-FakeAudio/African/men/id00076/00109_12_id00518_wavtolip.npz,0.9734987616539001,1
FakeVideo-FakeAudio/African/men/id00076/00109_12_id00761_wavtolip.npz,5.462124824523926,1
FakeVideo-FakeAudio/African/men/id00076/00109_12_id00987_wavtolip.npz,0.9428958296775818,1
FakeVideo-FakeAudio/African/men/id00076/00109_12_id01856_wavtolip.npz,0.862575888633728,1
FakeVideo-FakeAudio/African/men/id00076/00109_12_id02296_wavtolip.npz,0.4634081721305847,1
FakeVideo-FakeAudio/African/men/id00076/00109_2_id00166_wavtolip.npz,5.171478271484375,1
FakeVideo-FakeAudio/African/men/id00076/00109_2_id00701_wavtolip.npz,0.6846039891242981,1
FakeVideo-FakeAudio/African/men/id00076/00109_2_id01236_wavtolip.npz,6.543835639953613,1
FakeVideo-FakeAudio/African/men/id00076/00109_2_id01521_wavtolip.npz,5.674632549285889,1
FakeVideo-FakeAudio/African/men/id00076/00109_2_id01598_wavtolip.npz,5.635101795196533,1
FakeVideo-FakeAudio/African/men/id00076/00109_4_id01392_wavtolip.npz,5.760140895843506,1
FakeVideo-FakeAudio/African/men/id00076/00109_4_id01528_wavtolip.npz,6.4943108558654785,1
FakeVideo-FakeAudio/African/men/id00076/00109_4_id01691_wavtolip.npz,5.267209529876709,1
FakeVideo-FakeAudio/African/men/id00076/00109_4_id01995_wavtolip.npz,4.983261585235596,1
FakeVideo-FakeAudio/African/men/id00076/00109_4_id02296_wavtolip.npz,0.17506542801856995,1
FakeVideo-FakeAudio/African/men/id00076/00109_7_id00166_wavtolip.npz,5.462181091308594,1
FakeVideo-FakeAudio/African/men/id00076/00109_7_id00478_wavtolip.npz,6.466169357299805,1
FakeVideo-FakeAudio/African/men/id00076/00109_7_id01452_wavtolip.npz,6.165146827697754,1
FakeVideo-FakeAudio/African/men/id00076/00109_7_id01717_wavtolip.npz,5.581418991088867,1
FakeVideo-FakeAudio/African/men/id00076/00109_7_id01995_wavtolip.npz,5.651215076446533,1
FakeVideo-FakeAudio/African/men/id00076/00109_8_id00166_wavtolip.npz,5.5555009841918945,1
FakeVideo-FakeAudio/African/men/id00076/00109_8_id00701_wavtolip.npz,0.7542310953140259,1
FakeVideo-FakeAudio/African/men/id00076/00109_8_id00761_wavtolip.npz,6.289499282836914,1
FakeVideo-FakeAudio/African/men/id00076/00109_8_id01170_wavtolip.npz,6.915218353271484,1
FakeVideo-FakeAudio/African/men/id00076/00109_8_id02005_wavtolip.npz,0.8411427736282349,1
FakeVideo-FakeAudio/African/men/id00076/00109_9_id00076_wavtolip.npz,3.63962984085083,1
FakeVideo-FakeAudio/African/men/id00076/00109_9_id01036_wavtolip.npz,6.260430335998535,1
FakeVideo-FakeAudio/African/men/id00076/00109_9_id01452_wavtolip.npz,5.950329303741455,1
FakeVideo-FakeAudio/African/men/id00076/00109_9_id01528_wavtolip.npz,6.749101161956787,1
FakeVideo-FakeAudio/African/men/id00076/00109_9_id02005_wavtolip.npz,6.184944152832031,1
FakeVideo-FakeAudio/African/men/id00076/00109_id00173_UHoMXLSjlDo_id00475_wavtolip.npz,0.8499171733856201,1
FakeVideo-FakeAudio/African/men/id00076/00109_id00366_RSOgEoek8WM_id01995_wavtolip.npz,4.751378059387207,1
FakeVideo-FakeAudio/African/men/id00076/00109_id00391_wavtolip.npz,0.24194225668907166,1
FakeVideo-FakeAudio/African/men/id00076/00109_id00475_wavtolip.npz,1.1020790338516235,1
FakeVideo-FakeAudio/African/men/id00076/00109_id00476_wavtolip.npz,6.234118461608887,1
FakeVideo-FakeAudio/African/men/id00076/00109_id00701_wavtolip.npz,3.132659912109375,1
FakeVideo-FakeAudio/African/men/id00076/00109_id00830_rfl3Teg9uew_id01544_wavtolip.npz,5.389849662780762,1
FakeVideo-FakeAudio/African/men/id00076/00109_id01036_AohKaMtIHxA_id00476_wavtolip.npz,6.0735578536987305,1
FakeVideo-FakeAudio/African/men/id00076/00109_id01207_mt129WTRSII_id02316_wavtolip.npz,3.9186573028564453,1
FakeVideo-FakeAudio/African/men/id00076/00109_id01207_wavtolip.npz,1.0613396167755127,1
FakeVideo-FakeAudio/African/men/id00076/00109_id01544_uBo9585VW2A_id01779_wavtolip.npz,1.8001635074615479,1
FakeVideo-FakeAudio/African/men/id00076/00109_id01637_wavtolip.npz,4.853485107421875,1
FakeVideo-FakeAudio/African/men/id00076/00109_id01691_wavtolip.npz,5.872893810272217,1
FakeVideo-FakeAudio/African/men/id00076/00109_id01920_wavtolip.npz,4.754180431365967,1
FakeVideo-FakeAudio/African/men/id00076/00109_id01995_YUR9wTypwIo_id01691_wavtolip.npz,5.453540802001953,1
FakeVideo-FakeAudio/African/men/id00076/00109_id02005_7_Egh9mW5y4_id01972_wavtolip.npz,6.678257942199707,1
FakeVideo-FakeAudio/African/men/id00076/00109_id02005_wavtolip.npz,6.130475997924805,1
FakeVideo-FakeAudio/African/men/id00076/00109_id02316_wavtolip.npz,3.7077367305755615,1
FakeVideo-FakeAudio/African/men/id00076/00109_id02342_RJPBPhJB8TA_id00166_wavtolip.npz,3.8692615032196045,1
FakeVideo-FakeAudio/African/men/id00076/00109_id04727_AAnyugIAXao_id00391_wavtolip.npz,0.17280922830104828,1
FakeVideo-FakeAudio/African/men/id02268/00036_id00076_wavtolip.npz,0.6158663034439087,1
FakeVideo-FakeAudio/African/men/id02268/00036_id00166_wavtolip.npz,3.375720500946045,1
FakeVideo-FakeAudio/African/men/id02268/00036_id00173_wavtolip.npz,5.164406776428223,1
FakeVideo-FakeAudio/African/men/id02268/00036_id00781_wavtolip.npz,4.789901256561279,1
FakeVideo-FakeAudio/African/men/id02268/00036_id01236_7WdumGR5-JM_id01597_wavtolip.npz,2.9079678058624268,1
FakeVideo-FakeAudio/African/men/id02268/00036_id01521_jthjSmLdLOg_id01597_wavtolip.npz,3.0092337131500244,1
FakeVideo-FakeAudio/African/men/id02268/00036_id01530_wavtolip.npz,6.037778854370117,1
FakeVideo-FakeAudio/African/men/id02268/00036_id01691_IVtS5z8Jrrk_id00944_wavtolip.npz,4.174008846282959,1
FakeVideo-FakeAudio/African/men/id02268/00036_id01717_wavtolip.npz,5.122572422027588,1
FakeVideo-FakeAudio/African/men/id02268/00036_id01835_UZbWA0QfXXA_id01856_wavtolip.npz,0.813530445098877,1
FakeVideo-FakeAudio/African/men/id02268/00036_id01856_6Q2f3b1QNRM_id01207_wavtolip.npz,1.0162111520767212,1
FakeVideo-FakeAudio/African/men/id02268/00036_id01920_wavtolip.npz,4.779108047485352,1
FakeVideo-FakeAudio/African/men/id02268/00036_id02040_wavtolip.npz,0.7085448503494263,1
FakeVideo-FakeAudio/African/men/id02268/00036_id02268_wavtolip.npz,5.315084457397461,1
FakeVideo-FakeAudio/African/men/id02268/00036_id02296_IAgOrCuY8vU_id01598_wavtolip.npz,5.559343338012695,1
FakeVideo-FakeAudio/African/men/id02268/00036_id02316_wavtolip.npz,3.1072819232940674,1
FakeVideo-FakeAudio/African/men/id02268/00036_id02494_lObg47hQleE_id00391_wavtolip.npz,-0.36944839358329773,1
FakeVideo-FakeAudio/African/men/id01170/00021_id00166_wavtolip.npz,3.3175199031829834,1
FakeVideo-FakeAudio/African/men/id01170/00021_id00391_TjJgUZaenWI_id01598_wavtolip.npz,5.600262641906738,1
FakeVideo-FakeAudio/African/men/id01170/00021_id00761_wavtolip.npz,5.996287822723389,1
FakeVideo-FakeAudio/African/men/id01170/00021_id00830_rfl3Teg9uew_id01170_wavtolip.npz,6.014730453491211,1
FakeVideo-FakeAudio/African/men/id01170/00021_id01076_wavtolip.npz,5.659838676452637,1
FakeVideo-FakeAudio/African/men/id01170/00021_id01170_wavtolip.npz,5.810538291931152,1
FakeVideo-FakeAudio/African/men/id01170/00021_id01171_XSINMRoTb0E_id02342_wavtolip.npz,5.528563499450684,1
FakeVideo-FakeAudio/African/men/id01170/00021_id01392_fF-g0KFJ7lg_id00478_wavtolip.npz,6.30640172958374,1
FakeVideo-FakeAudio/African/men/id01170/00021_id01392_wavtolip.npz,5.773037910461426,1
FakeVideo-FakeAudio/African/men/id01170/00021_id01452_wavtolip.npz,5.401662826538086,1
FakeVideo-FakeAudio/African/men/id01170/00021_id01544_wavtolip.npz,5.198437690734863,1
FakeVideo-FakeAudio/African/men/id01170/00021_id01597_52WEZxe4_GE_id01076_wavtolip.npz,5.609873294830322,1
FakeVideo-FakeAudio/African/men/id01170/00021_id01610_l8zb_iaDJJA_id01856_wavtolip.npz,0.8530003428459167,1
FakeVideo-FakeAudio/African/men/id01170/00021_id01691_wavtolip.npz,5.6390814781188965,1
FakeVideo-FakeAudio/African/men/id01170/00021_id01779_wavtolip.npz,1.7967755794525146,1
FakeVideo-FakeAudio/African/men/id01170/00021_id01920_wavtolip.npz,4.76882791519165,1
FakeVideo-FakeAudio/African/men/id01170/00021_id01933_I5XXxgK7QpE_faceswap_id00478_wavtolip.npz,5.911317348480225,1
FakeVideo-FakeAudio/African/men/id01170/00021_id01933_I5XXxgK7QpE_faceswap_id01597_wavtolip.npz,3.085949659347534,1
FakeVideo-FakeAudio/African/men/id01170/00021_id01933_I5XXxgK7QpE_faceswap_id01637_wavtolip.npz,4.434716701507568,1
FakeVideo-FakeAudio/African/men/id01170/00021_id01933_I5XXxgK7QpE_faceswap_id01856_wavtolip.npz,0.834428071975708,1
FakeVideo-FakeAudio/African/men/id01170/00021_id01933_I5XXxgK7QpE_id00781_wavtolip.npz,4.471705436706543,1
FakeVideo-FakeAudio/African/men/id01170/00021_id04727_AAnyugIAXao_id01392_wavtolip.npz,5.740909099578857,1
FakeVideo-FakeAudio/African/men/id01637/00002_1_id01598_wavtolip.npz,5.635367393493652,1
FakeVideo-FakeAudio/African/men/id01637/00002_1_id01610_wavtolip.npz,4.200102806091309,1
FakeVideo-FakeAudio/African/men/id01637/00002_1_id01920_wavtolip.npz,2.5121960639953613,1
FakeVideo-FakeAudio/African/men/id01637/00002_1_id02296_wavtolip.npz,0.26980888843536377,1
FakeVideo-FakeAudio/African/men/id01637/00002_1_id02342_wavtolip.npz,0.07446405291557312,1
FakeVideo-FakeAudio/African/men/id01637/00002_2_id00701_wavtolip.npz,5.449995517730713,1
FakeVideo-FakeAudio/African/men/id01637/00002_2_id00761_wavtolip.npz,6.675634384155273,1
FakeVideo-FakeAudio/African/men/id01637/00002_2_id00944_wavtolip.npz,4.565247058868408,1
FakeVideo-FakeAudio/African/men/id01637/00002_2_id01392_wavtolip.npz,5.779510974884033,1
FakeVideo-FakeAudio/African/men/id01637/00002_2_id01452_wavtolip.npz,6.275650501251221,1
FakeVideo-FakeAudio/African/men/id01637/00002_id00076_wavtolip.npz,0.7591288089752197,1
FakeVideo-FakeAudio/African/men/id01637/00002_id00166_PQV2ZbJBLNk_id04727_wavtolip.npz,4.9943976402282715,1
FakeVideo-FakeAudio/African/men/id01637/00002_id00366_RSOgEoek8WM_id02268_wavtolip.npz,5.571690559387207,1
FakeVideo-FakeAudio/African/men/id01637/00002_id00391_wavtolip.npz,-0.4962959289550781,1
FakeVideo-FakeAudio/African/men/id01637/00002_id00761_wavtolip.npz,6.063302993774414,1
FakeVideo-FakeAudio/African/men/id01637/00002_id00944_DiW5D62667U_id01856_wavtolip.npz,0.8349158763885498,1
FakeVideo-FakeAudio/African/men/id01637/00002_id01170_7eoTTk4xyNo_id01452_wavtolip.npz,5.611009120941162,1
FakeVideo-FakeAudio/African/men/id01637/00002_id01170_wavtolip.npz,6.7056474685668945,1
FakeVideo-FakeAudio/African/men/id01637/00002_id01171_wavtolip.npz,5.658100605010986,1
FakeVideo-FakeAudio/African/men/id01637/00002_id01236_wavtolip.npz,6.581859588623047,1
FakeVideo-FakeAudio/African/men/id01637/00002_id01392_wavtolip.npz,6.066469192504883,1
FakeVideo-FakeAudio/African/men/id01637/00002_id01610_l8zb_iaDJJA_id01236_wavtolip.npz,6.552516460418701,1
FakeVideo-FakeAudio/African/men/id01637/00002_id01691_wavtolip.npz,5.861469268798828,1
FakeVideo-FakeAudio/African/men/id01637/00002_id01920_w9C_knCPD94_id00076_wavtolip.npz,0.7819023132324219,1
FakeVideo-FakeAudio/African/men/id01637/00002_id02005_7_Egh9mW5y4_id01392_wavtolip.npz,5.833127498626709,1
FakeVideo-FakeAudio/African/men/id01637/00002_id02051_wavtolip.npz,3.806156873703003,1
FakeVideo-FakeAudio/African/men/id01637/00002_id02316_wavtolip.npz,3.8685684204101562,1
FakeVideo-FakeAudio/African/men/id01637/00002_id02494_lObg47hQleE_id01530_wavtolip.npz,5.99947452545166,1
FakeVideo-FakeAudio/African/men/id02051/00015_id00076_wavtolip.npz,0.5324117541313171,1
FakeVideo-FakeAudio/African/men/id02051/00015_id00166_wavtolip.npz,4.674983024597168,1
FakeVideo-FakeAudio/African/men/id02051/00015_id00173_UHoMXLSjlDo_id01691_wavtolip.npz,5.35459566116333,1
FakeVideo-FakeAudio/African/men/id02051/00015_id00173_wavtolip.npz,0.37981387972831726,1
FakeVideo-FakeAudio/African/men/id02051/00015_id00701_lW6uzLIOwd0_id01779_wavtolip.npz,4.521803379058838,1
FakeVideo-FakeAudio/African/men/id02051/00015_id00987_wavtolip.npz,0.8586225509643555,1
FakeVideo-FakeAudio/African/men/id02051/00015_id01236_wavtolip.npz,6.381216526031494,1
FakeVideo-FakeAudio/African/men/id02051/00015_id01521_jthjSmLdLOg_id00761_wavtolip.npz,5.674302577972412,1
FakeVideo-FakeAudio/African/men/id02051/00015_id01530_wavtolip.npz,0.6418277621269226,1
FakeVideo-FakeAudio/African/men/id02051/00015_id01610_l8zb_iaDJJA_id01717_wavtolip.npz,5.695391654968262,1
FakeVideo-FakeAudio/African/men/id02051/00015_id01691_wavtolip.npz,5.209002494812012,1
FakeVideo-FakeAudio/African/men/id02051/00015_id01835_UZbWA0QfXXA_id00944_wavtolip.npz,5.183180809020996,1
FakeVideo-FakeAudio/African/men/id02051/00015_id01835_wavtolip.npz,4.381248950958252,1
FakeVideo-FakeAudio/African/men/id02051/00015_id01995_YUR9wTypwIo_id00476_wavtolip.npz,5.434444904327393,1
FakeVideo-FakeAudio/African/men/id02051/00015_id02040_wl6EVkamZFQ_id00781_wavtolip.npz,5.863006591796875,1
FakeVideo-FakeAudio/African/men/id02051/00015_id02316_wavtolip.npz,5.839477062225342,1
FakeVideo-FakeAudio/African/men/id02051/00015_id02342_wavtolip.npz,0.06897611916065216,1
FakeVideo-FakeAudio/African/men/id00366/00118_id00076_Isiq7cA-DNE_faceswap_id01170_wavtolip.npz,6.350410461425781,1
FakeVideo-FakeAudio/African/men/id00366/00118_id00076_Isiq7cA-DNE_faceswap_id01779_wavtolip.npz,2.0457711219787598,1
FakeVideo-FakeAudio/African/men/id00366/00118_id00076_Isiq7cA-DNE_faceswap_id02316_wavtolip.npz,3.579977512359619,1
FakeVideo-FakeAudio/African/men/id00366/00118_id00076_Isiq7cA-DNE_faceswap_id02342_wavtolip.npz,5.630730628967285,1
FakeVideo-FakeAudio/African/men/id00366/00118_id00076_Isiq7cA-DNE_faceswap_id02494_wavtolip.npz,5.183300495147705,1
FakeVideo-FakeAudio/African/men/id00366/00118_id00076_Isiq7cA-DNE_id00944_wavtolip.npz,4.382578372955322,1
FakeVideo-FakeAudio/African/men/id00366/00118_id00476_UgdYVJ6xPYg_id00076_wavtolip.npz,5.959877967834473,1
FakeVideo-FakeAudio/African/men/id00366/00118_id00781_fvsSae9yc0A_id01597_wavtolip.npz,3.1249520778656006,1
FakeVideo-FakeAudio/African/men/id00366/00118_id00781_wavtolip.npz,4.821469783782959,1
FakeVideo-FakeAudio/African/men/id00366/00118_id01170_wavtolip.npz,6.295544624328613,1
FakeVideo-FakeAudio/African/men/id00366/00118_id01207_mt129WTRSII_id02316_wavtolip.npz,3.676405191421509,1
FakeVideo-FakeAudio/African/men/id00366/00118_id01236_wavtolip.npz,6.358356952667236,1
FakeVideo-FakeAudio/African/men/id00366/00118_id01528_wavtolip.npz,4.198648929595947,1
FakeVideo-FakeAudio/African/men/id00366/00118_id01544_uBo9585VW2A_id02342_wavtolip.npz,5.4144792556762695,1
FakeVideo-FakeAudio/African/men/id00366/00118_id01598_wavtolip.npz,5.728489875793457,1
FakeVideo-FakeAudio/African/men/id00366/00118_id01637_5VjcPZm8knM_id01835_wavtolip.npz,1.7670682668685913,1
FakeVideo-FakeAudio/African/men/id00366/00118_id01691_IVtS5z8Jrrk_id01597_wavtolip.npz,2.9868030548095703,1
FakeVideo-FakeAudio/African/men/id00366/00118_id01717_JDW6p8yU13A_id01856_wavtolip.npz,0.8621168732643127,1
FakeVideo-FakeAudio/African/men/id00366/00118_id01717_wavtolip.npz,5.556124687194824,1
FakeVideo-FakeAudio/African/men/id00366/00118_id01835_wavtolip.npz,1.7607526779174805,1
FakeVideo-FakeAudio/African/men/id00366/00118_id01856_wavtolip.npz,0.8724212646484375,1
FakeVideo-FakeAudio/African/men/id00366/00118_id01920_w9C_knCPD94_id01170_wavtolip.npz,6.3046488761901855,1
FakeVideo-FakeAudio/African/men/id00366/00118_id02005_7_Egh9mW5y4_id01544_wavtolip.npz,5.1660614013671875,1
FakeVideo-FakeAudio/African/men/id00366/00118_id02005_wavtolip.npz,6.120065689086914,1
FakeVideo-FakeAudio/African/men/id00366/00118_id02268_wavtolip.npz,5.522176742553711,1
FakeVideo-FakeAudio/African/women/id00359/00053_id00460_wavtolip.npz,-0.9353487491607666,1
FakeVideo-FakeAudio/African/women/id00359/00053_id01178_wavtolip.npz,0.2352432906627655,1
FakeVideo-FakeAudio/African/women/id00359/00053_id01838_q_lUk55OrL0_faceswap_id00568_wavtolip.npz,2.236440658569336,1
FakeVideo-FakeAudio/African/women/id00359/00053_id01838_q_lUk55OrL0_faceswap_id03658_wavtolip.npz,6.489574909210205,1
FakeVideo-FakeAudio/African/women/id00359/00053_id01838_q_lUk55OrL0_faceswap_id04736_wavtolip.npz,3.417123794555664,1
FakeVideo-FakeAudio/African/women/id00359/00053_id01838_q_lUk55OrL0_faceswap_id05106_wavtolip.npz,5.666368007659912,1
FakeVideo-FakeAudio/African/women/id00359/00053_id01838_q_lUk55OrL0_faceswap_id05252_wavtolip.npz,6.922857761383057,1
FakeVideo-FakeAudio/African/women/id00359/00053_id01838_wavtolip.npz,6.049161434173584,1
FakeVideo-FakeAudio/African/women/id00359/00053_id02071_cHuDh9F87vA_id02948_wavtolip.npz,4.501306533813477,1
FakeVideo-FakeAudio/African/women/id00359/00053_id02508_wavtolip.npz,0.9323390126228333,1
FakeVideo-FakeAudio/African/women/id00359/00053_id02586_dEYzYDsbAeo_id01907_wavtolip.npz,5.51907205581665,1
FakeVideo-FakeAudio/African/women/id00359/00053_id02721_wavtolip.npz,5.474284648895264,1
FakeVideo-FakeAudio/African/women/id00359/00053_id02838_kaCQlSGlLe8_id04689_wavtolip.npz,5.363452434539795,1
FakeVideo-FakeAudio/African/women/id00359/00053_id02948_wavtolip.npz,4.52593994140625,1
FakeVideo-FakeAudio/African/women/id00359/00053_id04376_wavtolip.npz,6.769412040710449,1
FakeVideo-FakeAudio/African/women/id00359/00053_id04437_wavtolip.npz,3.1013078689575195,1
FakeVideo-FakeAudio/African/women/id00359/00053_id04547_3Qy2g2M47Aw_id03747_wavtolip.npz,0.35837340354919434,1
FakeVideo-FakeAudio/African/women/id00359/00053_id04736_wavtolip.npz,3.4756357669830322,1
FakeVideo-FakeAudio/African/women/id00359/00053_id04820_64ybrA1atlM_id00577_wavtolip.npz,6.792322158813477,1
FakeVideo-FakeAudio/African/women/id00359/00053_id05106_ZnnDdjlABM4_id03569_wavtolip.npz,6.196030616760254,1
FakeVideo-FakeAudio/African/women/id00359/00053_id05980_bbg4HtuM_jo_id00829_wavtolip.npz,4.048568248748779,1
FakeVideo-FakeAudio/African/women/id00359/00053_id05980_wavtolip.npz,3.9275197982788086,1
FakeVideo-FakeAudio/African/women/id01907/00148_id00220_WlHLlTQKj8g_id00359_wavtolip.npz,5.589388847351074,1
FakeVideo-FakeAudio/African/women/id01907/00148_id00371_t20i0HtPwW0_id00832_wavtolip.npz,4.9847731590271,1
FakeVideo-FakeAudio/African/women/id01907/00148_id00829_aMEvVaUBq2Y_id00592_wavtolip.npz,1.4948471784591675,1
FakeVideo-FakeAudio/African/women/id01907/00148_id00832_Jr4-dXRChME_id00577_wavtolip.npz,6.428979873657227,1
FakeVideo-FakeAudio/African/women/id01907/00148_id01532_XnlWp_s_f7Q_id02301_wavtolip.npz,5.496809482574463,1
FakeVideo-FakeAudio/African/women/id01907/00148_id01838_wavtolip.npz,5.185736179351807,1
FakeVideo-FakeAudio/African/women/id01907/00148_id02586_wavtolip.npz,5.87316370010376,1
FakeVideo-FakeAudio/African/women/id01907/00148_id03569_wavtolip.npz,6.064884662628174,1
FakeVideo-FakeAudio/African/women/id01907/00148_id03747_wavtolip.npz,0.04542124271392822,1
FakeVideo-FakeAudio/African/women/id01907/00148_id04055_wavtolip.npz,4.835383415222168,1
FakeVideo-FakeAudio/African/women/id01907/00148_id04705_wavtolip.npz,0.7858796119689941,1
FakeVideo-FakeAudio/African/women/id01907/00148_id04705_ziJ9JsYr4R0_id01838_wavtolip.npz,5.490401744842529,1
FakeVideo-FakeAudio/African/women/id01907/00148_id04736_wavtolip.npz,0.2819354236125946,1
FakeVideo-FakeAudio/African/women/id01907/00148_id04820_wavtolip.npz,3.5540990829467773,1
FakeVideo-FakeAudio/African/women/id01907/00148_id04939_wavtolip.npz,5.273109436035156,1
FakeVideo-FakeAudio/African/women/id01907/00148_id05235_ASy8lP3SRtw_faceswap_id00371_wavtolip.npz,5.317145347595215,1
FakeVideo-FakeAudio/African/women/id01907/00148_id05235_ASy8lP3SRtw_faceswap_id03656_wavtolip.npz,1.3463026285171509,1
FakeVideo-FakeAudio/African/women/id01907/00148_id05235_ASy8lP3SRtw_faceswap_id04437_wavtolip.npz,5.512698173522949,1
FakeVideo-FakeAudio/African/women/id01907/00148_id05235_ASy8lP3SRtw_faceswap_id05251_wavtolip.npz,6.0598464012146,1
FakeVideo-FakeAudio/African/women/id01907/00148_id05235_ASy8lP3SRtw_faceswap_id05252_wavtolip.npz,6.8256611824035645,1
FakeVideo-FakeAudio/African/women/id01907/00148_id05235_ASy8lP3SRtw_id02838_wavtolip.npz,0.42837056517601013,1
FakeVideo-FakeAudio/African/women/id01907/00148_id05252_CMxIX3absYM_id00832_wavtolip.npz,5.160604953765869,1
FakeVideo-FakeAudio/African/women/id01661/00059_id00371_t20i0HtPwW0_id05980_wavtolip.npz,3.7008321285247803,1
FakeVideo-FakeAudio/African/women/id01661/00059_id00371_wavtolip.npz,4.117173194885254,1
FakeVideo-FakeAudio/African/women/id01661/00059_id00577_wavtolip.npz,6.55314302444458,1
FakeVideo-FakeAudio/African/women/id01661/00059_id00592_wavtolip.npz,-0.3452751338481903,1
FakeVideo-FakeAudio/African/women/id01661/00059_id00832_wavtolip.npz,4.83755350112915,1
FakeVideo-FakeAudio/African/women/id01661/00059_id01178_wavtolip.npz,-0.5307136178016663,1
FakeVideo-FakeAudio/African/women/id01661/00059_id01661_wavtolip.npz,5.372860908508301,1
FakeVideo-FakeAudio/African/women/id01661/00059_id01783_WBUM0bHzWNA_id04376_wavtolip.npz,6.35377836227417,1
FakeVideo-FakeAudio/African/women/id01661/00059_id01838_wavtolip.npz,5.734142303466797,1
FakeVideo-FakeAudio/African/women/id01661/00059_id01907_LBcRkuRq0uY_id02808_wavtolip.npz,-0.0032715797424316406,1
FakeVideo-FakeAudio/African/women/id01661/00059_id02071_wavtolip.npz,3.017930507659912,1
FakeVideo-FakeAudio/African/women/id01661/00059_id02508_wavtolip.npz,1.9629231691360474,1
FakeVideo-FakeAudio/African/women/id01661/00059_id02586_wavtolip.npz,5.5594258308410645,1
FakeVideo-FakeAudio/African/women/id01661/00059_id03656_wavtolip.npz,0.802525520324707,1
FakeVideo-FakeAudio/African/women/id01661/00059_id03713_wavtolip.npz,5.08329963684082,1
FakeVideo-FakeAudio/African/women/id01661/00059_id04055_0qrzF4HLXHY_id04055_wavtolip.npz,5.075688362121582,1
FakeVideo-FakeAudio/African/women/id01661/00059_id04055_wavtolip.npz,5.091934680938721,1
FakeVideo-FakeAudio/African/women/id01661/00059_id04939_i4v2cXo9HIQ_id02071_wavtolip.npz,3.4656171798706055,1
FakeVideo-FakeAudio/African/women/id01661/00059_id05252_CMxIX3absYM_id00592_wavtolip.npz,-0.029392659664154053,1
FakeVideo-FakeAudio/African/women/id03747/00273_id00220_WlHLlTQKj8g_id05251_wavtolip.npz,6.095567226409912,1
FakeVideo-FakeAudio/African/women/id03747/00273_id00220_wavtolip.npz,6.11834192276001,1
FakeVideo-FakeAudio/African/women/id03747/00273_id00359_RZMQan-7me4_id00592_wavtolip.npz,1.1884191036224365,1
FakeVideo-FakeAudio/African/women/id03747/00273_id00577_wavtolip.npz,6.762856960296631,1
FakeVideo-FakeAudio/African/women/id03747/00273_id00707_wavtolip.npz,6.207812309265137,1
FakeVideo-FakeAudio/African/women/id03747/00273_id01907_wavtolip.npz,-0.2548031806945801,1
FakeVideo-FakeAudio/African/women/id03747/00273_id02071_cHuDh9F87vA_id02071_wavtolip.npz,3.7305526733398438,1
FakeVideo-FakeAudio/African/women/id03747/00273_id02617_wavtolip.npz,5.5596513748168945,1
FakeVideo-FakeAudio/African/women/id03747/00273_id02808_wavtolip.npz,6.067162990570068,1
FakeVideo-FakeAudio/African/women/id03747/00273_id02824_glBy_mYcXZw_faceswap_id01661_wavtolip.npz,4.917853832244873,1
FakeVideo-FakeAudio/African/women/id03747/00273_id02824_glBy_mYcXZw_faceswap_id04055_wavtolip.npz,4.675230503082275,1
FakeVideo-FakeAudio/African/women/id03747/00273_id02824_glBy_mYcXZw_faceswap_id04374_wavtolip.npz,5.736069679260254,1
FakeVideo-FakeAudio/African/women/id03747/00273_id02824_glBy_mYcXZw_faceswap_id04547_wavtolip.npz,6.23348331451416,1
FakeVideo-FakeAudio/African/women/id03747/00273_id02824_glBy_mYcXZw_faceswap_id05235_wavtolip.npz,5.65833854675293,1
FakeVideo-FakeAudio/African/women/id03747/00273_id02824_glBy_mYcXZw_id00592_wavtolip.npz,1.144244909286499,1
FakeVideo-FakeAudio/African/women/id03747/00273_id02838_wavtolip.npz,4.967810153961182,1
FakeVideo-FakeAudio/African/women/id03747/00273_id03569_wavtolip.npz,6.12028694152832,1
FakeVideo-FakeAudio/African/women/id03747/00273_id04374_SWltOOZmlWM_id05252_wavtolip.npz,6.340808868408203,1
FakeVideo-FakeAudio/African/women/id03747/00273_id04689_0YqK1ksKjLg_id00359_wavtolip.npz,5.548120975494385,1
FakeVideo-FakeAudio/African/women/id03747/00273_id05231_wavtolip.npz,5.125961780548096,1
FakeVideo-FakeAudio/African/women/id03747/00273_id05231_wfbM5puT6eQ_id02948_wavtolip.npz,0.7612936496734619,1
FakeVideo-FakeAudio/African/women/id03747/00273_id05235_ASy8lP3SRtw_id05251_wavtolip.npz,6.129057884216309,1
FakeVideo-FakeAudio/African/women/id03747/00273_id05235_wavtolip.npz,5.674804210662842,1
FakeVideo-FakeAudio/African/women/id03713/00249_id00371_t20i0HtPwW0_id04689_wavtolip.npz,4.9920454025268555,1
FakeVideo-FakeAudio/African/women/id03713/00249_id00371_wavtolip.npz,1.8660627603530884,1
FakeVideo-FakeAudio/African/women/id03713/00249_id00577_wavtolip.npz,6.805191516876221,1
FakeVideo-FakeAudio/African/women/id03713/00249_id01532_XnlWp_s_f7Q_id05106_wavtolip.npz,0.8062766194343567,1
FakeVideo-FakeAudio/African/women/id03713/00249_id01661_wavtolip.npz,4.7647385597229,1
FakeVideo-FakeAudio/African/women/id03713/00249_id01783_wavtolip.npz,2.5931882858276367,1
FakeVideo-FakeAudio/African/women/id03713/00249_id02508_wavtolip.npz,0.6823241710662842,1
FakeVideo-FakeAudio/African/women/id03713/00249_id02586_wavtolip.npz,5.494811534881592,1
FakeVideo-FakeAudio/African/women/id03713/00249_id02617_4EZjRXC4fLk_faceswap_id00220_wavtolip.npz,6.2616496086120605,1
FakeVideo-FakeAudio/African/women/id03713/00249_id02617_4EZjRXC4fLk_faceswap_id00832_wavtolip.npz,4.9341535568237305,1
FakeVideo-FakeAudio/African/women/id03713/00249_id02617_4EZjRXC4fLk_faceswap_id01178_wavtolip.npz,-0.4390982389450073,1
FakeVideo-FakeAudio/African/women/id03713/00249_id02617_4EZjRXC4fLk_faceswap_id01532_wavtolip.npz,1.463602900505066,1
FakeVideo-FakeAudio/African/women/id03713/00249_id02617_4EZjRXC4fLk_faceswap_id04245_wavtolip.npz,5.144313812255859,1
FakeVideo-FakeAudio/African/women/id03713/00249_id02721_wavtolip.npz,4.562591552734375,1
FakeVideo-FakeAudio/African/women/id03713/00249_id02824_glBy_mYcXZw_id04437_wavtolip.npz,5.6365132331848145,1
FakeVideo-FakeAudio/African/women/id03713/00249_id03103_wiCYm3THQPw_id04820_wavtolip.npz,4.965231418609619,1
FakeVideo-FakeAudio/African/women/id03713/00249_id03658_8Wtu9VXKqjY_id05235_wavtolip.npz,5.761780261993408,1
FakeVideo-FakeAudio/African/women/id03713/00249_id04736__D2k4fMhEfQ_id00829_wavtolip.npz,5.077633857727051,1
FakeVideo-FakeAudio/African/women/id03713/00249_id04736_wavtolip.npz,0.6088443398475647,1
FakeVideo-FakeAudio/African/women/id02721/00424_id00359_wavtolip.npz,5.550968170166016,1
FakeVideo-FakeAudio/African/women/id02721/00424_id00371_t20i0HtPwW0_id04939_wavtolip.npz,5.645143508911133,1
FakeVideo-FakeAudio/African/women/id02721/00424_id00568_gakhcJXnJZ8_id04939_wavtolip.npz,5.546098232269287,1
FakeVideo-FakeAudio/African/women/id02721/00424_id00707_wavtolip.npz,6.2153849601745605,1
FakeVideo-FakeAudio/African/women/id02721/00424_id01178_wavtolip.npz,4.509230136871338,1
FakeVideo-FakeAudio/African/women/id02721/00424_id01661_wavtolip.npz,4.911557197570801,1
FakeVideo-FakeAudio/African/women/id02721/00424_id01783_wavtolip.npz,1.1621463298797607,1
FakeVideo-FakeAudio/African/women/id02721/00424_id02071_wavtolip.npz,3.3805112838745117,1
FakeVideo-FakeAudio/African/women/id02721/00424_id02586_dEYzYDsbAeo_id04939_wavtolip.npz,5.500461578369141,1
FakeVideo-FakeAudio/African/women/id02721/00424_id02617_wavtolip.npz,6.063327789306641,1
FakeVideo-FakeAudio/African/women/id02721/00424_id02721_wavtolip.npz,4.689202308654785,1
FakeVideo-FakeAudio/African/women/id02721/00424_id02808_nZtvxh6Eesc_id00371_wavtolip.npz,5.365135192871094,1
FakeVideo-FakeAudio/African/women/id02721/00424_id02824_wavtolip.npz,5.879069805145264,1
FakeVideo-FakeAudio/African/women/id02721/00424_id02948__ZEDGNWjuFE_id05235_wavtolip.npz,6.0918402671813965,1
FakeVideo-FakeAudio/African/women/id02721/00424_id03658_8Wtu9VXKqjY_faceswap_id00371_wavtolip.npz,5.33404541015625,1
FakeVideo-FakeAudio/African/women/id02721/00424_id03658_8Wtu9VXKqjY_faceswap_id02824_wavtolip.npz,5.842399597167969,1
FakeVideo-FakeAudio/African/women/id02721/00424_id03658_8Wtu9VXKqjY_faceswap_id02838_wavtolip.npz,0.2869167625904083,1
FakeVideo-FakeAudio/African/women/id02721/00424_id03658_8Wtu9VXKqjY_faceswap_id02948_wavtolip.npz,0.8028162121772766,1
FakeVideo-FakeAudio/African/women/id02721/00424_id03658_8Wtu9VXKqjY_faceswap_id04820_wavtolip.npz,3.5728647708892822,1
FakeVideo-FakeAudio/African/women/id02721/00424_id03658_8Wtu9VXKqjY_id02808_wavtolip.npz,-0.10401403903961182,1
FakeVideo-FakeAudio/African/women/id02721/00424_id03658_wavtolip.npz,6.203354358673096,1
FakeVideo-FakeAudio/African/women/id02721/00424_id04705_ziJ9JsYr4R0_id05980_wavtolip.npz,4.378317832946777,1
FakeVideo-FakeAudio/African/women/id02721/00424_id05231_wfbM5puT6eQ_id00568_wavtolip.npz,4.158287525177002,1
FakeVideo-FakeAudio/African/women/id04547/00052_2_id00832_wavtolip.npz,5.549234867095947,1
FakeVideo-FakeAudio/African/women/id04547/00052_2_id02617_wavtolip.npz,5.9610819816589355,1
FakeVideo-FakeAudio/African/women/id04547/00052_2_id02808_wavtolip.npz,-0.45220065116882324,1
FakeVideo-FakeAudio/African/women/id04547/00052_2_id02824_wavtolip.npz,5.9663519859313965,1
FakeVideo-FakeAudio/African/women/id04547/00052_2_id05251_wavtolip.npz,5.990625381469727,1
FakeVideo-FakeAudio/African/women/id04547/00052_id00568_wavtolip.npz,3.538571357727051,1
FakeVideo-FakeAudio/African/women/id04547/00052_id00829_aMEvVaUBq2Y_id04540_wavtolip.npz,6.28574800491333,1
FakeVideo-FakeAudio/African/women/id04547/00052_id00832_wavtolip.npz,5.588244438171387,1
FakeVideo-FakeAudio/African/women/id04547/00052_id01532_wavtolip.npz,5.450760364532471,1
FakeVideo-FakeAudio/African/women/id04547/00052_id01783_wavtolip.npz,0.994367241859436,1
FakeVideo-FakeAudio/African/women/id04547/00052_id02586_dEYzYDsbAeo_id02586_wavtolip.npz,5.8949079513549805,1
FakeVideo-FakeAudio/African/women/id04547/00052_id02721_wavtolip.npz,4.200074195861816,1
FakeVideo-FakeAudio/African/women/id04547/00052_id03103_wiCYm3THQPw_id00460_wavtolip.npz,0.09623008966445923,1
FakeVideo-FakeAudio/African/women/id04547/00052_id03656_draVIyyqLtk_id02808_wavtolip.npz,0.012714982032775879,1
FakeVideo-FakeAudio/African/women/id04547/00052_id03713_wavtolip.npz,5.502707481384277,1
FakeVideo-FakeAudio/African/women/id04547/00052_id04374_SWltOOZmlWM_id04939_wavtolip.npz,5.297266006469727,1
FakeVideo-FakeAudio/African/women/id04547/00052_id04540_9KNIjew03AQ_id01661_wavtolip.npz,4.794166088104248,1
FakeVideo-FakeAudio/African/women/id04547/00052_id04540_wavtolip.npz,6.250506401062012,1
FakeVideo-FakeAudio/African/women/id04547/00052_id04689_wavtolip.npz,5.5757880210876465,1
FakeVideo-FakeAudio/African/women/id00220/00027_id00220_wavtolip.npz,6.787878036499023,1
FakeVideo-FakeAudio/African/women/id00220/00027_id00707_wavtolip.npz,6.452871799468994,1
FakeVideo-FakeAudio/African/women/id00220/00027_id01178_6XpgYMiKxhc_id05235_wavtolip.npz,5.187460422515869,1
FakeVideo-FakeAudio/African/women/id00220/00027_id01907_LBcRkuRq0uY_id04705_wavtolip.npz,0.7448487281799316,1
FakeVideo-FakeAudio/African/women/id00220/00027_id02586_wavtolip.npz,6.062579154968262,1
FakeVideo-FakeAudio/African/women/id00220/00027_id02617_wavtolip.npz,5.907926082611084,1
FakeVideo-FakeAudio/African/women/id00220/00027_id02824_glBy_mYcXZw_id04437_wavtolip.npz,5.480666637420654,1
FakeVideo-FakeAudio/African/women/id00220/00027_id02838_wavtolip.npz,0.5698636174201965,1
FakeVideo-FakeAudio/African/women/id00220/00027_id02948_wavtolip.npz,0.7515379190444946,1
FakeVideo-FakeAudio/African/women/id00220/00027_id03569_YO0EpPm9p-8_id04376_wavtolip.npz,6.220762729644775,1
FakeVideo-FakeAudio/African/women/id00220/00027_id03569_wavtolip.npz,5.805785179138184,1
FakeVideo-FakeAudio/African/women/id00220/00027_id03658_wavtolip.npz,6.16510534286499,1
FakeVideo-FakeAudio/African/women/id00220/00027_id04376_wavtolip.npz,6.2631330490112305,1
FakeVideo-FakeAudio/African/women/id00220/00027_id04939_i4v2cXo9HIQ_id00707_wavtolip.npz,6.362274646759033,1
FakeVideo-FakeAudio/African/women/id00220/00027_id05251_wavtolip.npz,6.4242472648620605,1
FakeVideo-FakeAudio/African/women/id00220/00027_id05252_wavtolip.npz,6.376985549926758,1
FakeVideo-FakeAudio/African/women/id04820/00015_id00220_wavtolip.npz,6.31376838684082,1
FakeVideo-FakeAudio/African/women/id04820/00015_id00359_wavtolip.npz,5.697655200958252,1
FakeVideo-FakeAudio/African/women/id04820/00015_id01178_wavtolip.npz,4.438039779663086,1
FakeVideo-FakeAudio/African/women/id04820/00015_id01783_wavtolip.npz,1.684100866317749,1
FakeVideo-FakeAudio/African/women/id04820/00015_id02617_wavtolip.npz,6.308400630950928,1
FakeVideo-FakeAudio/African/women/id04820/00015_id02824_wavtolip.npz,5.837728023529053,1
FakeVideo-FakeAudio/African/women/id04820/00015_id02948__ZEDGNWjuFE_faceswap_id00568_wavtolip.npz,0.9180263876914978,1
FakeVideo-FakeAudio/African/women/id04820/00015_id02948__ZEDGNWjuFE_faceswap_id01783_wavtolip.npz,1.7732207775115967,1
FakeVideo-FakeAudio/African/women/id04820/00015_id02948__ZEDGNWjuFE_faceswap_id02721_wavtolip.npz,4.159045219421387,1
FakeVideo-FakeAudio/African/women/id04820/00015_id02948__ZEDGNWjuFE_faceswap_id04376_wavtolip.npz,6.511971473693848,1
FakeVideo-FakeAudio/African/women/id04820/00015_id02948__ZEDGNWjuFE_faceswap_id04689_wavtolip.npz,5.344403266906738,1
FakeVideo-FakeAudio/African/women/id04820/00015_id02948__ZEDGNWjuFE_id04939_wavtolip.npz,5.643164157867432,1
FakeVideo-FakeAudio/African/women/id04820/00015_id03747_wavtolip.npz,-0.032477498054504395,1
FakeVideo-FakeAudio/African/women/id04820/00015_id04055_wavtolip.npz,4.6949663162231445,1
FakeVideo-FakeAudio/African/women/id04820/00015_id05106_wavtolip.npz,0.837417721748352,1
FakeVideo-FakeAudio/African/women/id04736/00083_id00359_wavtolip.npz,5.795137405395508,1
FakeVideo-FakeAudio/African/women/id04736/00083_id01661_wavtolip.npz,4.872200012207031,1
FakeVideo-FakeAudio/African/women/id04736/00083_id02071_wavtolip.npz,3.2902286052703857,1
FakeVideo-FakeAudio/African/women/id04736/00083_id02508_wavtolip.npz,0.6872073411941528,1
FakeVideo-FakeAudio/African/women/id04736/00083_id04055_wavtolip.npz,4.557260990142822,1
FakeVideo-FakeAudio/African/women/id04736/00083_id04689_wavtolip.npz,5.953650951385498,1
FakeVideo-FakeAudio/African/women/id04736/00083_id05235_ASy8lP3SRtw_faceswap_id00592_wavtolip.npz,1.3110628128051758,1
FakeVideo-FakeAudio/African/women/id04736/00083_id05235_ASy8lP3SRtw_faceswap_id01907_wavtolip.npz,-0.32668250799179077,1
FakeVideo-FakeAudio/African/women/id04736/00083_id05235_ASy8lP3SRtw_faceswap_id02721_wavtolip.npz,4.452110290527344,1
FakeVideo-FakeAudio/African/women/id04736/00083_id05235_ASy8lP3SRtw_faceswap_id04245_wavtolip.npz,5.755919456481934,1
FakeVideo-FakeAudio/African/women/id04736/00083_id05235_ASy8lP3SRtw_id05231_wavtolip.npz,4.872096061706543,1
FakeVideo-FakeAudio/African/women/id04736/00083_id05251_wavtolip.npz,6.182589530944824,1
FakeVideo-FakeAudio/African/women/id04736/00083_id05252_wavtolip.npz,6.146742820739746,1
FakeVideo-FakeAudio/African/women/id04376/00181_id00220_WlHLlTQKj8g_id04547_wavtolip.npz,6.540844917297363,1
FakeVideo-FakeAudio/African/women/id04376/00181_id00220_wavtolip.npz,5.821944713592529,1
FakeVideo-FakeAudio/African/women/id04376/00181_id00829_aMEvVaUBq2Y_id02948_wavtolip.npz,0.8018026351928711,1
FakeVideo-FakeAudio/African/women/id04376/00181_id00829_wavtolip.npz,5.126333236694336,1
FakeVideo-FakeAudio/African/women/id04376/00181_id01661_wavtolip.npz,4.6846394538879395,1
FakeVideo-FakeAudio/African/women/id04376/00181_id01783_wavtolip.npz,1.5173901319503784,1
FakeVideo-FakeAudio/African/women/id04376/00181_id02301_wavtolip.npz,5.728361129760742,1
FakeVideo-FakeAudio/African/women/id04376/00181_id02508_wavtolip.npz,0.8861180543899536,1
FakeVideo-FakeAudio/African/women/id04376/00181_id02586_dEYzYDsbAeo_id05106_wavtolip.npz,0.810571014881134,1
FakeVideo-FakeAudio/African/women/id04376/00181_id02838_kaCQlSGlLe8_id05231_wavtolip.npz,5.91142463684082,1
FakeVideo-FakeAudio/African/women/id04376/00181_id03656_wavtolip.npz,0.7197482585906982,1
FakeVideo-FakeAudio/African/women/id04376/00181_id03658_8Wtu9VXKqjY_id02586_wavtolip.npz,5.774650573730469,1
FakeVideo-FakeAudio/African/women/id04376/00181_id04055_wavtolip.npz,4.622616767883301,1
FakeVideo-FakeAudio/African/women/id04376/00181_id04374_SWltOOZmlWM_id01838_wavtolip.npz,5.5997233390808105,1
FakeVideo-FakeAudio/African/women/id04376/00181_id04437_2csrqaF55pk_faceswap_id00371_wavtolip.npz,5.382058143615723,1
FakeVideo-FakeAudio/African/women/id04376/00181_id04437_2csrqaF55pk_faceswap_id00460_wavtolip.npz,-0.8298799395561218,1
FakeVideo-FakeAudio/African/women/id04376/00181_id04437_2csrqaF55pk_faceswap_id00577_wavtolip.npz,6.802132606506348,1
FakeVideo-FakeAudio/African/women/id04376/00181_id04437_2csrqaF55pk_faceswap_id01838_wavtolip.npz,5.926796913146973,1
FakeVideo-FakeAudio/African/women/id04376/00181_id04437_2csrqaF55pk_faceswap_id02721_wavtolip.npz,4.7188544273376465,1
FakeVideo-FakeAudio/African/women/id04376/00181_id05106_wavtolip.npz,0.7839762568473816,1
FakeVideo-FakeAudio/African/women/id04374/00032_id00359_wavtolip.npz,5.669605731964111,1
FakeVideo-FakeAudio/African/women/id04374/00032_id00592_wavtolip.npz,1.170759677886963,1
FakeVideo-FakeAudio/African/women/id04374/00032_id00707_feeHCIlo6jg_id04055_wavtolip.npz,4.763932704925537,1
FakeVideo-FakeAudio/African/women/id04374/00032_id00832_wavtolip.npz,5.329735279083252,1
FakeVideo-FakeAudio/African/women/id04374/00032_id02617_wavtolip.npz,6.3303937911987305,1
FakeVideo-FakeAudio/African/women/id04374/00032_id02721_wavtolip.npz,4.684886455535889,1
FakeVideo-FakeAudio/African/women/id04374/00032_id02824_wavtolip.npz,6.098181247711182,1
FakeVideo-FakeAudio/African/women/id04374/00032_id02838_kaCQlSGlLe8_id01783_wavtolip.npz,4.749870300292969,1
FakeVideo-FakeAudio/African/women/id04374/00032_id03656_draVIyyqLtk_id04437_wavtolip.npz,5.769332408905029,1
FakeVideo-FakeAudio/African/women/id04374/00032_id04547_3Qy2g2M47Aw_id02301_wavtolip.npz,5.703887462615967,1
FakeVideo-FakeAudio/African/women/id04374/00032_id04689_0YqK1ksKjLg_faceswap_id00371_wavtolip.npz,5.185461521148682,1
FakeVideo-FakeAudio/African/women/id04374/00032_id04689_0YqK1ksKjLg_faceswap_id01532_wavtolip.npz,5.636783123016357,1
FakeVideo-FakeAudio/African/women/id04374/00032_id04689_0YqK1ksKjLg_faceswap_id04689_wavtolip.npz,6.24614953994751,1
FakeVideo-FakeAudio/African/women/id04374/00032_id04689_0YqK1ksKjLg_faceswap_id05231_wavtolip.npz,5.302445888519287,1
FakeVideo-FakeAudio/African/women/id04374/00032_id04820_wavtolip.npz,3.590825080871582,1
FakeVideo-FakeAudio/African/women/id04374/00032_id04939_wavtolip.npz,5.514263153076172,1
FakeVideo-FakeAudio/African/women/id04374/00032_id05106_wavtolip.npz,0.7923946380615234,1
FakeVideo-FakeAudio/African/women/id04374/00032_id05231_wfbM5puT6eQ_id03569_wavtolip.npz,6.246945858001709,1
FakeVideo-FakeAudio/African/women/id02824/00130_id00359_wavtolip.npz,5.491170406341553,1
FakeVideo-FakeAudio/African/women/id02824/00130_id00568_wavtolip.npz,3.379138708114624,1
FakeVideo-FakeAudio/African/women/id02824/00130_id00829_wavtolip.npz,4.954867839813232,1
FakeVideo-FakeAudio/African/women/id02824/00130_id00832_Jr4-dXRChME_id04939_wavtolip.npz,5.050950527191162,1
FakeVideo-FakeAudio/African/women/id02824/00130_id00832_wavtolip.npz,4.705256938934326,1
FakeVideo-FakeAudio/African/women/id02824/00130_id01532_wavtolip.npz,5.212524890899658,1
FakeVideo-FakeAudio/African/women/id02824/00130_id01661_SdP_Monh-_4_id00568_wavtolip.npz,3.5725224018096924,1
FakeVideo-FakeAudio/African/women/id02824/00130_id02301_wavtolip.npz,4.940349578857422,1
FakeVideo-FakeAudio/African/women/id02824/00130_id02824_wavtolip.npz,5.626266956329346,1
FakeVideo-FakeAudio/African/women/id02824/00130_id03656_draVIyyqLtk_id04437_wavtolip.npz,5.2849626541137695,1
FakeVideo-FakeAudio/African/women/id02824/00130_id03747_wQOOhZvnrq4_faceswap_id01783_wavtolip.npz,0.9904780387878418,1
FakeVideo-FakeAudio/African/women/id02824/00130_id03747_wQOOhZvnrq4_faceswap_id02617_wavtolip.npz,6.037158012390137,1
FakeVideo-FakeAudio/African/women/id02824/00130_id03747_wQOOhZvnrq4_faceswap_id04245_wavtolip.npz,5.889125347137451,1
FakeVideo-FakeAudio/African/women/id02824/00130_id03747_wQOOhZvnrq4_faceswap_id05106_wavtolip.npz,0.8175742030143738,1
FakeVideo-FakeAudio/African/women/id02824/00130_id03747_wQOOhZvnrq4_faceswap_id05231_wavtolip.npz,4.984962463378906,1
FakeVideo-FakeAudio/African/women/id02824/00130_id03747_wQOOhZvnrq4_id03713_wavtolip.npz,5.066376686096191,1
FakeVideo-FakeAudio/African/women/id02824/00130_id04437_wavtolip.npz,5.260084629058838,1
FakeVideo-FakeAudio/African/women/id02824/00130_id04705_ziJ9JsYr4R0_id02948_wavtolip.npz,0.8215628266334534,1
FakeVideo-FakeAudio/African/women/id02824/00130_id05106_wavtolip.npz,0.8071184158325195,1
FakeVideo-FakeAudio/African/women/id02824/00130_id05231_wfbM5puT6eQ_id02721_wavtolip.npz,4.319838523864746,1
FakeVideo-FakeAudio/African/women/id02824/00130_id05252_CMxIX3absYM_id02721_wavtolip.npz,4.247917175292969,1
FakeVideo-FakeAudio/African/women/id02824/00130_id05252_wavtolip.npz,6.487102508544922,1
FakeVideo-RealAudio/African/men/id01835/00130_id00173_UHoMXLSjlDo.npz,-1.838252305984497,1
FakeVideo-RealAudio/African/men/id01835/00130_id00366_RSOgEoek8WM.npz,-1.7026469707489014,1
FakeVideo-RealAudio/African/men/id01835/00130_id00366_wavtolip.npz,-2.048973560333252,1
FakeVideo-RealAudio/African/men/id01835/00130_id00475_wavtolip.npz,-1.5119600296020508,1
FakeVideo-RealAudio/African/men/id01835/00130_id00476_wavtolip.npz,-2.0302937030792236,1
FakeVideo-RealAudio/African/men/id01835/00130_id00518_wavtolip.npz,-2.6415605545043945,1
FakeVideo-RealAudio/African/men/id01835/00130_id00701_lW6uzLIOwd0.npz,-1.8978500366210938,1
FakeVideo-RealAudio/African/men/id01835/00130_id00761_QtTNFhCCgzw.npz,-1.8943021297454834,1
FakeVideo-RealAudio/African/men/id01835/00130_id00761_QtTNFhCCgzw_faceswap.npz,-1.9543564319610596,1
FakeVideo-RealAudio/African/men/id01835/00130_id00830_rfl3Teg9uew.npz,-1.9990150928497314,1
FakeVideo-RealAudio/African/men/id01835/00130_id00944_DiW5D62667U.npz,-1.751959204673767,1
FakeVideo-RealAudio/African/men/id01835/00130_id01036_AohKaMtIHxA.npz,-1.999037265777588,1
FakeVideo-RealAudio/African/men/id01835/00130_id01076_wavtolip.npz,-2.3361434936523438,1
FakeVideo-RealAudio/African/men/id01835/00130_id01171_wavtolip.npz,-1.4681147336959839,1
FakeVideo-RealAudio/African/men/id01835/00130_id01528_wavtolip.npz,-2.3170409202575684,1
FakeVideo-RealAudio/African/men/id01835/00130_id01920_wavtolip.npz,-2.2815699577331543,1
FakeVideo-RealAudio/African/men/id01835/00130_id02005_wavtolip.npz,-1.4024462699890137,1
FakeVideo-RealAudio/African/men/id01835/00130_id02268_irA9myDvW-I.npz,-1.8773612976074219,1
FakeVideo-RealAudio/African/men/id01835/00130_id02342_wavtolip.npz,-1.5455178022384644,1
FakeVideo-RealAudio/African/men/id02040/00476_id00391_TjJgUZaenWI.npz,-2.736539602279663,1
FakeVideo-RealAudio/African/men/id02040/00476_id00391_wavtolip.npz,-2.7534265518188477,1
FakeVideo-RealAudio/African/men/id02040/00476_id00478_wavtolip.npz,-2.691894769668579,1
FakeVideo-RealAudio/African/men/id02040/00476_id01179_wavtolip.npz,-2.5105342864990234,1
FakeVideo-RealAudio/African/men/id02040/00476_id01392_fF-g0KFJ7lg.npz,-2.734280586242676,1
FakeVideo-RealAudio/African/men/id02040/00476_id01530_8kiAt_4gQGI.npz,-2.7286529541015625,1
FakeVideo-RealAudio/African/men/id02040/00476_id01530_wavtolip.npz,-2.400906562805176,1
FakeVideo-RealAudio/African/men/id02040/00476_id01598_wavtolip.npz,-1.7423059940338135,1
FakeVideo-RealAudio/African/men/id02040/00476_id01637_wavtolip.npz,-2.748685836791992,1
FakeVideo-RealAudio/African/men/id02040/00476_id01691_IVtS5z8Jrrk.npz,-2.7375364303588867,1
FakeVideo-RealAudio/African/men/id02040/00476_id01691_wavtolip.npz,-2.6765623092651367,1
FakeVideo-RealAudio/African/men/id02040/00476_id01933_wavtolip.npz,-2.737391471862793,1
FakeVideo-RealAudio/African/men/id02040/00476_id02040_wavtolip.npz,-2.713836908340454,1
FakeVideo-RealAudio/African/men/id02040/00476_id02296_wavtolip.npz,-0.7591385245323181,1
FakeVideo-RealAudio/African/men/id01392/00167_1.npz,-2.5401992797851562,1
FakeVideo-RealAudio/African/men/id01392/00167_2.npz,-1.2087180614471436,1
FakeVideo-RealAudio/African/men/id01392/00167_3.npz,-1.1686855554580688,1
FakeVideo-RealAudio/African/men/id01392/00167_id00391_TjJgUZaenWI.npz,-1.5014219284057617,1
FakeVideo-RealAudio/African/men/id01392/00167_id00478_wavtolip.npz,-2.0515708923339844,1
FakeVideo-RealAudio/African/men/id01392/00167_id00701_lW6uzLIOwd0.npz,-1.406235694885254,1
FakeVideo-RealAudio/African/men/id01392/00167_id00987_wavtolip.npz,-0.9641724824905396,1
FakeVideo-RealAudio/African/men/id01392/00167_id01170_7eoTTk4xyNo.npz,-1.4323978424072266,1
FakeVideo-RealAudio/African/men/id01392/00167_id01171_wavtolip.npz,-2.0127477645874023,1
FakeVideo-RealAudio/African/men/id01392/00167_id01179_RnqLJMrWELw.npz,-1.4641695022583008,1
FakeVideo-RealAudio/African/men/id01392/00167_id01207_mt129WTRSII.npz,-1.4471285343170166,1
FakeVideo-RealAudio/African/men/id01392/00167_id01236_wavtolip.npz,-1.281662106513977,1
FakeVideo-RealAudio/African/men/id01392/00167_id01392_wavtolip.npz,-1.6260981559753418,1
FakeVideo-RealAudio/African/men/id01392/00167_id01530_wavtolip.npz,-2.441451072692871,1
FakeVideo-RealAudio/African/men/id01392/00167_id01597_52WEZxe4_GE.npz,-1.5804343223571777,1
FakeVideo-RealAudio/African/men/id01392/00167_id01598_wavtolip.npz,-1.6934547424316406,1
FakeVideo-RealAudio/African/men/id01392/00167_id01691_wavtolip.npz,-2.0052528381347656,1
FakeVideo-RealAudio/African/men/id01392/00167_id01920_w9C_knCPD94.npz,-1.3700799942016602,1
FakeVideo-RealAudio/African/men/id01392/00167_id01933_wavtolip.npz,-2.6122117042541504,1
FakeVideo-RealAudio/African/men/id01392/00167_id02268_wavtolip.npz,-1.9016220569610596,1
FakeVideo-RealAudio/African/men/id01392/00167_id02494_lObg47hQleE.npz,-1.4605294466018677,1
FakeVideo-RealAudio/African/men/id01717/00005_0.npz,-2.507233142852783,1
FakeVideo-RealAudio/African/men/id01717/00005_id00366_RSOgEoek8WM.npz,-2.1518235206604004,1
FakeVideo-RealAudio/African/men/id01717/00005_id00518_wavtolip.npz,-2.6629488468170166,1
FakeVideo-RealAudio/African/men/id01717/00005_id00701_lW6uzLIOwd0.npz,-2.1796951293945312,1
FakeVideo-RealAudio/African/men/id01717/00005_id00701_wavtolip.npz,-0.946404755115509,1
FakeVideo-RealAudio/African/men/id01717/00005_id00987_wavtolip.npz,-2.6931562423706055,1
FakeVideo-RealAudio/African/men/id01717/00005_id01036_wavtolip.npz,-2.4783897399902344,1
FakeVideo-RealAudio/African/men/id01717/00005_id01076_9bqxgm5fT58.npz,-2.1468095779418945,1
FakeVideo-RealAudio/African/men/id01717/00005_id01076_wavtolip.npz,-2.623880624771118,1
FakeVideo-RealAudio/African/men/id01717/00005_id01171_wavtolip.npz,-1.3664969205856323,1
FakeVideo-RealAudio/African/men/id01717/00005_id01452_4MqeoSxSy3w.npz,-2.0487682819366455,1
FakeVideo-RealAudio/African/men/id01717/00005_id01528_wavtolip.npz,-2.6494786739349365,1
FakeVideo-RealAudio/African/men/id01717/00005_id01637_wavtolip.npz,-2.698890209197998,1
FakeVideo-RealAudio/African/men/id01717/00005_id01920_w9C_knCPD94.npz,-1.904399037361145,1
FakeVideo-RealAudio/African/men/id01717/00005_id02005_7_Egh9mW5y4.npz,-2.0554168224334717,1
FakeVideo-RealAudio/African/men/id01717/00005_id02005_7_Egh9mW5y4_faceswap.npz,-2.0639896392822266,1
FakeVideo-RealAudio/African/men/id01717/00005_id02051_wavtolip.npz,-2.6661934852600098,1
FakeVideo-RealAudio/African/men/id01717/00005_id02316_yrrNcmZ-xmI.npz,-2.1162052154541016,1
FakeVideo-RealAudio/African/men/id01717/00005_id02342_wavtolip.npz,-1.3604776859283447,1
FakeVideo-RealAudio/African/men/id01779/00010_0.npz,-1.2007445096969604,1
FakeVideo-RealAudio/African/men/id01779/00010_id00173_wavtolip.npz,-1.102494239807129,1
FakeVideo-RealAudio/African/men/id01779/00010_id00366_wavtolip.npz,-2.3264942169189453,1
FakeVideo-RealAudio/African/men/id01779/00010_id00701_lW6uzLIOwd0.npz,-0.6975929737091064,1
FakeVideo-RealAudio/African/men/id01779/00010_id00701_wavtolip.npz,-1.5225355625152588,1
FakeVideo-RealAudio/African/men/id01779/00010_id00987_wavtolip.npz,-2.418576240539551,1
FakeVideo-RealAudio/African/men/id01779/00010_id01036_AohKaMtIHxA.npz,-0.6221332550048828,1
FakeVideo-RealAudio/African/men/id01779/00010_id01036_wavtolip.npz,-2.363924264907837,1
FakeVideo-RealAudio/African/men/id01779/00010_id01171_XSINMRoTb0E.npz,-0.69661945104599,1
FakeVideo-RealAudio/African/men/id01779/00010_id01171_wavtolip.npz,-2.366529941558838,1
FakeVideo-RealAudio/African/men/id01779/00010_id01179_wavtolip.npz,-2.501075029373169,1
FakeVideo-RealAudio/African/men/id01779/00010_id01392_wavtolip.npz,-1.7091542482376099,1
FakeVideo-RealAudio/African/men/id01779/00010_id01637_5VjcPZm8knM.npz,-0.6165005564689636,1
FakeVideo-RealAudio/African/men/id01779/00010_id01691_IVtS5z8Jrrk.npz,-0.703411877155304,1
FakeVideo-RealAudio/African/men/id01779/00010_id01691_IVtS5z8Jrrk_faceswap.npz,-0.7686873078346252,1
FakeVideo-RealAudio/African/men/id01779/00010_id01856_6Q2f3b1QNRM.npz,-0.6522806286811829,1
FakeVideo-RealAudio/African/men/id01779/00010_id01933_wavtolip.npz,-2.614499092102051,1
FakeVideo-RealAudio/African/men/id01779/00010_id02268_irA9myDvW-I.npz,-0.6653704047203064,1
FakeVideo-RealAudio/African/men/id01779/00010_id02494_lObg47hQleE.npz,-0.6771665811538696,1
FakeVideo-RealAudio/African/men/id01779/00010_id04727_wavtolip.npz,-2.3162612915039062,1
FakeVideo-RealAudio/African/men/id01179/00160_id00076_wavtolip.npz,-2.454946994781494,1
FakeVideo-RealAudio/African/men/id01179/00160_id00166_PQV2ZbJBLNk.npz,-2.4313979148864746,1
FakeVideo-RealAudio/African/men/id01179/00160_id00166_wavtolip.npz,-1.5161771774291992,1
FakeVideo-RealAudio/African/men/id01179/00160_id00366_wavtolip.npz,-2.1944313049316406,1
FakeVideo-RealAudio/African/men/id01179/00160_id00391_TjJgUZaenWI.npz,-2.383579730987549,1
FakeVideo-RealAudio/African/men/id01179/00160_id00391_wavtolip.npz,-2.587653636932373,1
FakeVideo-RealAudio/African/men/id01179/00160_id00476_UgdYVJ6xPYg.npz,-2.4075870513916016,1
FakeVideo-RealAudio/African/men/id01179/00160_id00987_wavtolip.npz,-2.559899091720581,1
FakeVideo-RealAudio/African/men/id01179/00160_id01170_7eoTTk4xyNo.npz,-2.413742780685425,1
FakeVideo-RealAudio/African/men/id01179/00160_id01179_wavtolip.npz,-2.0106630325317383,1
FakeVideo-RealAudio/African/men/id01179/00160_id01207_mt129WTRSII.npz,-2.4982922077178955,1
FakeVideo-RealAudio/African/men/id01179/00160_id01236_wavtolip.npz,-1.1212751865386963,1
FakeVideo-RealAudio/African/men/id01179/00160_id01544_wavtolip.npz,-1.9392085075378418,1
FakeVideo-RealAudio/African/men/id01179/00160_id01637_5VjcPZm8knM.npz,-2.36614727973938,1
FakeVideo-RealAudio/African/men/id01179/00160_id01920_wavtolip.npz,-2.6003193855285645,1
FakeVideo-RealAudio/African/men/id01179/00160_id02005_7_Egh9mW5y4.npz,-2.4394516944885254,1
FakeVideo-RealAudio/African/men/id01179/00160_id02005_7_Egh9mW5y4_faceswap.npz,-2.4570798873901367,1
FakeVideo-RealAudio/African/men/id01179/00160_id02040_wavtolip.npz,-2.740311622619629,1
FakeVideo-RealAudio/African/men/id01179/00160_id02342_RJPBPhJB8TA.npz,-2.432431221008301,1
FakeVideo-RealAudio/African/men/id01528/00017_id00166_wavtolip.npz,-1.5358119010925293,1
FakeVideo-RealAudio/African/men/id01528/00017_id00478_wavtolip.npz,-2.2475805282592773,1
FakeVideo-RealAudio/African/men/id01528/00017_id00518_qm7oQcDg4oI.npz,-2.309223175048828,1
FakeVideo-RealAudio/African/men/id01528/00017_id00518_wavtolip.npz,-2.6477174758911133,1
FakeVideo-RealAudio/African/men/id01528/00017_id00944_DiW5D62667U.npz,-2.3091979026794434,1
FakeVideo-RealAudio/African/men/id01528/00017_id01076_wavtolip.npz,-2.340754508972168,1
FakeVideo-RealAudio/African/men/id01528/00017_id01207_mt129WTRSII.npz,-2.3088502883911133,1
FakeVideo-RealAudio/African/men/id01528/00017_id01236_7WdumGR5-JM.npz,-2.312875747680664,1
FakeVideo-RealAudio/African/men/id01528/00017_id01392_wavtolip.npz,-1.4951684474945068,1
FakeVideo-RealAudio/African/men/id01528/00017_id01452_4MqeoSxSy3w.npz,-2.3173699378967285,1
FakeVideo-RealAudio/African/men/id01528/00017_id01452_4MqeoSxSy3w_faceswap.npz,-2.3050386905670166,1
FakeVideo-RealAudio/African/men/id01528/00017_id01528_wavtolip.npz,-2.3205676078796387,1
FakeVideo-RealAudio/African/men/id01528/00017_id01597_52WEZxe4_GE.npz,-2.3006591796875,1
FakeVideo-RealAudio/African/men/id01528/00017_id01779_wavtolip.npz,-0.6011836528778076,1
FakeVideo-RealAudio/African/men/id01528/00017_id01835_wavtolip.npz,-2.0327343940734863,1
FakeVideo-RealAudio/African/men/id01528/00017_id01920_wavtolip.npz,-2.288825273513794,1
FakeVideo-RealAudio/African/men/id01528/00017_id01933_I5XXxgK7QpE.npz,-2.308598518371582,1
FakeVideo-RealAudio/African/men/id01528/00017_id01972_hBYoeQTm8ZQ.npz,-2.313417911529541,1
FakeVideo-RealAudio/African/men/id01528/00017_id02268_wavtolip.npz,-1.762141466140747,1
FakeVideo-RealAudio/African/men/id00076/00109_1.npz,-1.413262963294983,1
FakeVideo-RealAudio/African/men/id00076/00109_10.npz,-2.549572229385376,1
FakeVideo-RealAudio/African/men/id00076/00109_11.npz,-1.6325411796569824,1
FakeVideo-RealAudio/African/men/id00076/00109_12.npz,-1.2343873977661133,1
FakeVideo-RealAudio/African/men/id00076/00109_2.npz,-2.6141867637634277,1
FakeVideo-RealAudio/African/men/id00076/00109_3.npz,-1.2595173120498657,1
FakeVideo-RealAudio/African/men/id00076/00109_4.npz,-1.189994215965271,1
FakeVideo-RealAudio/African/men/id00076/00109_6.npz,-2.604065418243408,1
FakeVideo-RealAudio/African/men/id00076/00109_7.npz,-2.4301247596740723,1
FakeVideo-RealAudio/African/men/id00076/00109_8.npz,-2.3037712574005127,1
FakeVideo-RealAudio/African/men/id00076/00109_9.npz,-2.732112169265747,1
FakeVideo-RealAudio/African/men/id00076/00109_id00166_wavtolip.npz,-1.631340503692627,1
FakeVideo-RealAudio/African/men/id00076/00109_id00173_UHoMXLSjlDo.npz,-1.6915078163146973,1
FakeVideo-RealAudio/African/men/id00076/00109_id00366_RSOgEoek8WM.npz,-1.6155446767807007,1
FakeVideo-RealAudio/African/men/id00076/00109_id00475_wavtolip.npz,-1.686892032623291,1
FakeVideo-RealAudio/African/men/id00076/00109_id00761_wavtolip.npz,-1.2485369443893433,1
FakeVideo-RealAudio/African/men/id00076/00109_id00830_rfl3Teg9uew.npz,-1.5934851169586182,1
FakeVideo-RealAudio/African/men/id00076/00109_id01036_AohKaMtIHxA.npz,-1.4995851516723633,1
FakeVideo-RealAudio/African/men/id00076/00109_id01076_wavtolip.npz,-2.3844220638275146,1
FakeVideo-RealAudio/African/men/id00076/00109_id01207_mt129WTRSII.npz,-1.7403005361557007,1
FakeVideo-RealAudio/African/men/id00076/00109_id01544_uBo9585VW2A.npz,-1.6795437335968018,1
FakeVideo-RealAudio/African/men/id00076/00109_id01544_wavtolip.npz,-2.5215277671813965,1
FakeVideo-RealAudio/African/men/id00076/00109_id01597_wavtolip.npz,-2.446732997894287,1
FakeVideo-RealAudio/African/men/id00076/00109_id01717_wavtolip.npz,-2.325000762939453,1
FakeVideo-RealAudio/African/men/id00076/00109_id01972_wavtolip.npz,-1.2180947065353394,1
FakeVideo-RealAudio/African/men/id00076/00109_id01995_YUR9wTypwIo.npz,-1.8701386451721191,1
FakeVideo-RealAudio/African/men/id00076/00109_id02005_7_Egh9mW5y4.npz,-1.4837241172790527,1
FakeVideo-RealAudio/African/men/id00076/00109_id02296_wavtolip.npz,-1.4034416675567627,1
FakeVideo-RealAudio/African/men/id00076/00109_id02342_RJPBPhJB8TA.npz,-1.776808500289917,1
FakeVideo-RealAudio/African/men/id00076/00109_id02342_wavtolip.npz,-1.4803693294525146,1
FakeVideo-RealAudio/African/men/id00076/00109_id04727_AAnyugIAXao.npz,-1.70907723903656,1
FakeVideo-RealAudio/African/men/id02268/00036_id00475_wavtolip.npz,-1.6483895778656006,1
FakeVideo-RealAudio/African/men/id02268/00036_id00478_wavtolip.npz,-2.2057533264160156,1
FakeVideo-RealAudio/African/men/id02268/00036_id00830_wavtolip.npz,-2.212034225463867,1
FakeVideo-RealAudio/African/men/id02268/00036_id01036_wavtolip.npz,-2.17970609664917,1
FakeVideo-RealAudio/African/men/id02268/00036_id01236_7WdumGR5-JM.npz,-1.8532776832580566,1
FakeVideo-RealAudio/African/men/id02268/00036_id01452_wavtolip.npz,-2.026109218597412,1
FakeVideo-RealAudio/African/men/id02268/00036_id01521_jthjSmLdLOg.npz,-1.7800530195236206,1
FakeVideo-RealAudio/African/men/id02268/00036_id01521_wavtolip.npz,-1.753549575805664,1
FakeVideo-RealAudio/African/men/id02268/00036_id01528_wavtolip.npz,-2.328949451446533,1
FakeVideo-RealAudio/African/men/id02268/00036_id01610_wavtolip.npz,-2.2787516117095947,1
FakeVideo-RealAudio/African/men/id02268/00036_id01691_IVtS5z8Jrrk.npz,-1.8510291576385498,1
FakeVideo-RealAudio/African/men/id02268/00036_id01717_wavtolip.npz,-1.9998444318771362,1
FakeVideo-RealAudio/African/men/id02268/00036_id01779_wavtolip.npz,-0.8476628065109253,1
FakeVideo-RealAudio/African/men/id02268/00036_id01835_UZbWA0QfXXA.npz,-1.8654934167861938,1
FakeVideo-RealAudio/African/men/id02268/00036_id01856_6Q2f3b1QNRM.npz,-1.839111328125,1
FakeVideo-RealAudio/African/men/id02268/00036_id02296_IAgOrCuY8vU.npz,-1.8254096508026123,1
FakeVideo-RealAudio/African/men/id02268/00036_id02494_lObg47hQleE.npz,-1.830498456954956,1
FakeVideo-RealAudio/African/men/id01170/00021_id00173_wavtolip.npz,-1.0694851875305176,1
FakeVideo-RealAudio/African/men/id01170/00021_id00391_TjJgUZaenWI.npz,-2.1847686767578125,1
FakeVideo-RealAudio/African/men/id01170/00021_id00476_wavtolip.npz,-2.206054210662842,1
FakeVideo-RealAudio/African/men/id01170/00021_id00830_rfl3Teg9uew.npz,-2.193110466003418,1
FakeVideo-RealAudio/African/men/id01170/00021_id00944_wavtolip.npz,-1.1517128944396973,1
FakeVideo-RealAudio/African/men/id01170/00021_id00987_wavtolip.npz,-2.214369297027588,1
FakeVideo-RealAudio/African/men/id01170/00021_id01171_XSINMRoTb0E.npz,-2.192384719848633,1
FakeVideo-RealAudio/African/men/id01170/00021_id01392_fF-g0KFJ7lg.npz,-2.18685245513916,1
FakeVideo-RealAudio/African/men/id01170/00021_id01521_wavtolip.npz,-1.7880356311798096,1
FakeVideo-RealAudio/African/men/id01170/00021_id01597_52WEZxe4_GE.npz,-2.1914005279541016,1
FakeVideo-RealAudio/African/men/id01170/00021_id01610_l8zb_iaDJJA.npz,-2.1820778846740723,1
FakeVideo-RealAudio/African/men/id01170/00021_id01610_wavtolip.npz,-2.2401301860809326,1
FakeVideo-RealAudio/African/men/id01170/00021_id01835_wavtolip.npz,-1.9973719120025635,1
FakeVideo-RealAudio/African/men/id01170/00021_id01933_I5XXxgK7QpE.npz,-2.1653897762298584,1
FakeVideo-RealAudio/African/men/id01170/00021_id01933_I5XXxgK7QpE_faceswap.npz,-2.1936943531036377,1
FakeVideo-RealAudio/African/men/id01170/00021_id02051_wavtolip.npz,-2.583974838256836,1
FakeVideo-RealAudio/African/men/id01170/00021_id02296_wavtolip.npz,-1.2684686183929443,1
FakeVideo-RealAudio/African/men/id01170/00021_id02316_wavtolip.npz,-1.8000785112380981,1
FakeVideo-RealAudio/African/men/id01170/00021_id04727_AAnyugIAXao.npz,-2.173410415649414,1
FakeVideo-RealAudio/African/men/id01637/00002_0.npz,-1.5055932998657227,1
FakeVideo-RealAudio/African/men/id01637/00002_00.npz,-0.8173729777336121,1
FakeVideo-RealAudio/African/men/id01637/00002_1.npz,-2.1429500579833984,1
FakeVideo-RealAudio/African/men/id01637/00002_2.npz,-1.2214235067367554,1
FakeVideo-RealAudio/African/men/id01637/00002_3.npz,-1.3751063346862793,1
FakeVideo-RealAudio/African/men/id01637/00002_id00166_PQV2ZbJBLNk.npz,-2.4318161010742188,1
FakeVideo-RealAudio/African/men/id01637/00002_id00166_wavtolip.npz,-1.6747196912765503,1
FakeVideo-RealAudio/African/men/id01637/00002_id00366_RSOgEoek8WM.npz,-2.4249510765075684,1
FakeVideo-RealAudio/African/men/id01637/00002_id00944_DiW5D62667U.npz,-2.4224400520324707,1
FakeVideo-RealAudio/African/men/id01637/00002_id01036_wavtolip.npz,-2.1819169521331787,1
FakeVideo-RealAudio/African/men/id01637/00002_id01170_7eoTTk4xyNo.npz,-2.4206185340881348,1
FakeVideo-RealAudio/African/men/id01637/00002_id01544_wavtolip.npz,-2.606008529663086,1
FakeVideo-RealAudio/African/men/id01637/00002_id01597_wavtolip.npz,-2.363913059234619,1
FakeVideo-RealAudio/African/men/id01637/00002_id01598_wavtolip.npz,-1.994535207748413,1
FakeVideo-RealAudio/African/men/id01637/00002_id01610_l8zb_iaDJJA.npz,-2.4218482971191406,1
FakeVideo-RealAudio/African/men/id01637/00002_id01691_wavtolip.npz,-2.402632236480713,1
FakeVideo-RealAudio/African/men/id01637/00002_id01835_wavtolip.npz,-2.3704512119293213,1
FakeVideo-RealAudio/African/men/id01637/00002_id01920_w9C_knCPD94.npz,-2.4143218994140625,1
FakeVideo-RealAudio/African/men/id01637/00002_id01933_wavtolip.npz,-2.579580307006836,1
FakeVideo-RealAudio/African/men/id01637/00002_id02005_7_Egh9mW5y4.npz,-2.41261625289917,1
FakeVideo-RealAudio/African/men/id01637/00002_id02316_wavtolip.npz,-1.8527119159698486,1
FakeVideo-RealAudio/African/men/id01637/00002_id02494_lObg47hQleE.npz,-2.418539524078369,1
FakeVideo-RealAudio/African/men/id01637/00002_id02494_wavtolip.npz,-1.7550830841064453,1
FakeVideo-RealAudio/African/men/id02051/00015_id00173_UHoMXLSjlDo.npz,-2.677933931350708,1
FakeVideo-RealAudio/African/men/id02051/00015_id00476_wavtolip.npz,-2.7331185340881348,1
FakeVideo-RealAudio/African/men/id02051/00015_id00701_lW6uzLIOwd0.npz,-2.678558349609375,1
FakeVideo-RealAudio/African/men/id02051/00015_id00761_wavtolip.npz,-1.4261929988861084,1
FakeVideo-RealAudio/African/men/id02051/00015_id01170_wavtolip.npz,-1.8500590324401855,1
FakeVideo-RealAudio/African/men/id02051/00015_id01236_wavtolip.npz,-1.178208827972412,1
FakeVideo-RealAudio/African/men/id02051/00015_id01392_wavtolip.npz,-1.7940845489501953,1
FakeVideo-RealAudio/African/men/id02051/00015_id01521_jthjSmLdLOg.npz,-2.6696808338165283,1
FakeVideo-RealAudio/African/men/id02051/00015_id01530_wavtolip.npz,-2.655211925506592,1
FakeVideo-RealAudio/African/men/id02051/00015_id01598_wavtolip.npz,-1.8902074098587036,1
FakeVideo-RealAudio/African/men/id02051/00015_id01610_l8zb_iaDJJA.npz,-2.66959285736084,1
FakeVideo-RealAudio/African/men/id02051/00015_id01835_UZbWA0QfXXA.npz,-2.576988458633423,1
FakeVideo-RealAudio/African/men/id02051/00015_id01920_w9C_knCPD94.npz,-2.710203170776367,1
FakeVideo-RealAudio/African/men/id02051/00015_id01972_wavtolip.npz,-1.2995768785476685,1
FakeVideo-RealAudio/African/men/id02051/00015_id01995_YUR9wTypwIo.npz,-2.665205717086792,1
FakeVideo-RealAudio/African/men/id02051/00015_id02005_wavtolip.npz,-1.367483377456665,1
FakeVideo-RealAudio/African/men/id02051/00015_id02040_wl6EVkamZFQ.npz,-2.684227228164673,1
FakeVideo-RealAudio/African/men/id02051/00015_id02268_wavtolip.npz,-1.922376275062561,1
FakeVideo-RealAudio/African/men/id00366/00118_id00076_Isiq7cA-DNE.npz,-1.9775867462158203,1
FakeVideo-RealAudio/African/men/id00366/00118_id00076_Isiq7cA-DNE_faceswap.npz,-1.89658784866333,1
FakeVideo-RealAudio/African/men/id00366/00118_id00076_wavtolip.npz,-1.845176339149475,1
FakeVideo-RealAudio/African/men/id00366/00118_id00166_wavtolip.npz,-1.6520884037017822,1
FakeVideo-RealAudio/African/men/id00366/00118_id00173_wavtolip.npz,-0.8123499155044556,1
FakeVideo-RealAudio/African/men/id00366/00118_id00391_wavtolip.npz,-1.9966692924499512,1
FakeVideo-RealAudio/African/men/id00366/00118_id00475_wavtolip.npz,-1.2462818622589111,1
FakeVideo-RealAudio/African/men/id00366/00118_id00476_UgdYVJ6xPYg.npz,-1.9276955127716064,1
FakeVideo-RealAudio/African/men/id00366/00118_id00781_fvsSae9yc0A.npz,-1.9075467586517334,1
FakeVideo-RealAudio/African/men/id00366/00118_id00987_wavtolip.npz,-0.7127287983894348,1
FakeVideo-RealAudio/African/men/id00366/00118_id01076_wavtolip.npz,-2.63382625579834,1
FakeVideo-RealAudio/African/men/id00366/00118_id01170_wavtolip.npz,-2.0840132236480713,1
FakeVideo-RealAudio/African/men/id00366/00118_id01171_wavtolip.npz,-1.9897785186767578,1
FakeVideo-RealAudio/African/men/id00366/00118_id01207_mt129WTRSII.npz,-1.9732003211975098,1
FakeVideo-RealAudio/African/men/id00366/00118_id01207_wavtolip.npz,-0.5182325839996338,1
FakeVideo-RealAudio/African/men/id00366/00118_id01452_wavtolip.npz,-2.490784168243408,1
FakeVideo-RealAudio/African/men/id00366/00118_id01544_uBo9585VW2A.npz,-1.8745150566101074,1
FakeVideo-RealAudio/African/men/id00366/00118_id01610_wavtolip.npz,-2.175783395767212,1
FakeVideo-RealAudio/African/men/id00366/00118_id01637_5VjcPZm8knM.npz,-1.9646172523498535,1
FakeVideo-RealAudio/African/men/id00366/00118_id01637_wavtolip.npz,-2.43394136428833,1
FakeVideo-RealAudio/African/men/id00366/00118_id01691_IVtS5z8Jrrk.npz,-1.9749159812927246,1
FakeVideo-RealAudio/African/men/id00366/00118_id01691_wavtolip.npz,-2.0066142082214355,1
FakeVideo-RealAudio/African/men/id00366/00118_id01717_JDW6p8yU13A.npz,-1.9425208568572998,1
FakeVideo-RealAudio/African/men/id00366/00118_id01779_wavtolip.npz,-0.7528345584869385,1
FakeVideo-RealAudio/African/men/id00366/00118_id01920_w9C_knCPD94.npz,-1.929757833480835,1
FakeVideo-RealAudio/African/men/id00366/00118_id01933_wavtolip.npz,-2.602907180786133,1
FakeVideo-RealAudio/African/men/id00366/00118_id01972_wavtolip.npz,-1.3728601932525635,1
FakeVideo-RealAudio/African/men/id00366/00118_id02005_7_Egh9mW5y4.npz,-1.923457145690918,1
FakeVideo-RealAudio/African/men/id00366/00118_id02040_wavtolip.npz,-2.72845458984375,1
FakeVideo-RealAudio/African/men/id00366/00118_id02494_wavtolip.npz,-2.6648647785186768,1
FakeVideo-RealAudio/African/men/id00366/00118_id04727_wavtolip.npz,-2.254243850708008,1
FakeVideo-RealAudio/African/women/id00359/00053_id00460_wavtolip.npz,-2.762540340423584,1
FakeVideo-RealAudio/African/women/id00359/00053_id00568_wavtolip.npz,-1.2729415893554688,1
FakeVideo-RealAudio/African/women/id00359/00053_id01532_wavtolip.npz,-2.3849682807922363,1
FakeVideo-RealAudio/African/women/id00359/00053_id01838_q_lUk55OrL0.npz,-2.7357590198516846,1
FakeVideo-RealAudio/African/women/id00359/00053_id01838_q_lUk55OrL0_faceswap.npz,-2.668179512023926,1
FakeVideo-RealAudio/African/women/id00359/00053_id02071_cHuDh9F87vA.npz,-2.537700653076172,1
FakeVideo-RealAudio/African/women/id00359/00053_id02508_wavtolip.npz,-1.396676778793335,1
FakeVideo-RealAudio/African/women/id00359/00053_id02586_dEYzYDsbAeo.npz,-2.6683614253997803,1
FakeVideo-RealAudio/African/women/id00359/00053_id02838_kaCQlSGlLe8.npz,-2.7014377117156982,1
FakeVideo-RealAudio/African/women/id00359/00053_id02838_wavtolip.npz,-2.7978267669677734,1
FakeVideo-RealAudio/African/women/id00359/00053_id03103_wavtolip.npz,-1.7037726640701294,1
FakeVideo-RealAudio/African/women/id00359/00053_id04374_wavtolip.npz,-1.3432937860488892,1
FakeVideo-RealAudio/African/women/id00359/00053_id04376_wavtolip.npz,-2.8363771438598633,1
FakeVideo-RealAudio/African/women/id00359/00053_id04540_wavtolip.npz,-1.4512971639633179,1
FakeVideo-RealAudio/African/women/id00359/00053_id04547_3Qy2g2M47Aw.npz,-2.7302558422088623,1
FakeVideo-RealAudio/African/women/id00359/00053_id04547_wavtolip.npz,-2.784057140350342,1
FakeVideo-RealAudio/African/women/id00359/00053_id04820_64ybrA1atlM.npz,-2.6647017002105713,1
FakeVideo-RealAudio/African/women/id00359/00053_id05106_ZnnDdjlABM4.npz,-2.6995363235473633,1
FakeVideo-RealAudio/African/women/id00359/00053_id05980_bbg4HtuM_jo.npz,-2.677795171737671,1
FakeVideo-RealAudio/African/women/id01907/00148_0.npz,-2.4862380027770996,1
FakeVideo-RealAudio/African/women/id01907/00148_id00220_WlHLlTQKj8g.npz,-2.605213165283203,1
FakeVideo-RealAudio/African/women/id01907/00148_id00371_t20i0HtPwW0.npz,-2.6040730476379395,1
FakeVideo-RealAudio/African/women/id01907/00148_id00829_aMEvVaUBq2Y.npz,-2.5745580196380615,1
FakeVideo-RealAudio/African/women/id01907/00148_id00829_wavtolip.npz,-2.1228010654449463,1
FakeVideo-RealAudio/African/women/id01907/00148_id00832_Jr4-dXRChME.npz,-2.605041980743408,1
FakeVideo-RealAudio/African/women/id01907/00148_id01178_wavtolip.npz,-1.3685407638549805,1
FakeVideo-RealAudio/African/women/id01907/00148_id01532_XnlWp_s_f7Q.npz,-2.5750718116760254,1
FakeVideo-RealAudio/African/women/id01907/00148_id01532_wavtolip.npz,-2.0506954193115234,1
FakeVideo-RealAudio/African/women/id01907/00148_id02948_wavtolip.npz,-2.7744436264038086,1
FakeVideo-RealAudio/African/women/id01907/00148_id03658_wavtolip.npz,-2.41195011138916,1
FakeVideo-RealAudio/African/women/id01907/00148_id04376_wavtolip.npz,-2.5729079246520996,1
FakeVideo-RealAudio/African/women/id01907/00148_id04689_wavtolip.npz,-2.532975912094116,1
FakeVideo-RealAudio/African/women/id01907/00148_id04705_ziJ9JsYr4R0.npz,-2.5992698669433594,1
FakeVideo-RealAudio/African/women/id01907/00148_id04820_wavtolip.npz,-2.6149983406066895,1
FakeVideo-RealAudio/African/women/id01907/00148_id05231_wavtolip.npz,-2.4187803268432617,1
FakeVideo-RealAudio/African/women/id01907/00148_id05235_ASy8lP3SRtw.npz,-2.601078510284424,1
FakeVideo-RealAudio/African/women/id01907/00148_id05235_ASy8lP3SRtw_faceswap.npz,-2.6124143600463867,1
FakeVideo-RealAudio/African/women/id01907/00148_id05252_CMxIX3absYM.npz,-2.6002092361450195,1
FakeVideo-RealAudio/African/women/id01907/00148_id05252_wavtolip.npz,-2.6157541275024414,1
FakeVideo-RealAudio/African/women/id01661/00059.npz,-0.7621372938156128,1
FakeVideo-RealAudio/African/women/id01661/00059_id00371_t20i0HtPwW0.npz,-0.2560962438583374,1
FakeVideo-RealAudio/African/women/id01661/00059_id00460_wavtolip.npz,-2.7518093585968018,1
FakeVideo-RealAudio/African/women/id01661/00059_id00568_wavtolip.npz,-1.2193617820739746,1
FakeVideo-RealAudio/African/women/id01661/00059_id01661_wavtolip.npz,-0.7972890734672546,1
FakeVideo-RealAudio/African/women/id01661/00059_id01783_WBUM0bHzWNA.npz,-0.17618167400360107,1
FakeVideo-RealAudio/African/women/id01661/00059_id01838_wavtolip.npz,-1.2695324420928955,1
FakeVideo-RealAudio/African/women/id01661/00059_id01907_LBcRkuRq0uY.npz,-0.3440643548965454,1
FakeVideo-RealAudio/African/women/id01661/00059_id02071_cHuDh9F87vA.npz,-0.21350741386413574,1
FakeVideo-RealAudio/African/women/id01661/00059_id02721_wavtolip.npz,-1.263413667678833,1
FakeVideo-RealAudio/African/women/id01661/00059_id02824_wavtolip.npz,-0.013865835964679718,1
FakeVideo-RealAudio/African/women/id01661/00059_id04055_0qrzF4HLXHY.npz,-0.430833101272583,1
FakeVideo-RealAudio/African/women/id01661/00059_id04055_wavtolip.npz,-2.7260262966156006,1
FakeVideo-RealAudio/African/women/id01661/00059_id04689_wavtolip.npz,-2.7359299659729004,1
FakeVideo-RealAudio/African/women/id01661/00059_id04705_wavtolip.npz,-2.713876724243164,1
FakeVideo-RealAudio/African/women/id01661/00059_id04820_wavtolip.npz,-2.7617299556732178,1
FakeVideo-RealAudio/African/women/id01661/00059_id04939_i4v2cXo9HIQ.npz,-0.143257737159729,1
FakeVideo-RealAudio/African/women/id01661/00059_id05252_CMxIX3absYM.npz,-0.3865642547607422,1
FakeVideo-RealAudio/African/women/id03747/00273_0.npz,-0.9272045493125916,1
FakeVideo-RealAudio/African/women/id03747/00273_id00220_WlHLlTQKj8g.npz,-1.615739345550537,1
FakeVideo-RealAudio/African/women/id03747/00273_id00359_RZMQan-7me4.npz,-1.618372917175293,1
FakeVideo-RealAudio/African/women/id03747/00273_id01661_wavtolip.npz,-0.9811615943908691,1
FakeVideo-RealAudio/African/women/id03747/00273_id01838_wavtolip.npz,-1.0067752599716187,1
FakeVideo-RealAudio/African/women/id03747/00273_id01907_wavtolip.npz,-2.6228675842285156,1
FakeVideo-RealAudio/African/women/id03747/00273_id02071_cHuDh9F87vA.npz,-1.6182661056518555,1
FakeVideo-RealAudio/African/women/id03747/00273_id02301_wavtolip.npz,-1.7335325479507446,1
FakeVideo-RealAudio/African/women/id03747/00273_id02617_wavtolip.npz,-1.7255170345306396,1
FakeVideo-RealAudio/African/women/id03747/00273_id02824_glBy_mYcXZw.npz,-1.6144828796386719,1
FakeVideo-RealAudio/African/women/id03747/00273_id02824_glBy_mYcXZw_faceswap.npz,-1.6160969734191895,1
FakeVideo-RealAudio/African/women/id03747/00273_id04055_wavtolip.npz,-2.7224607467651367,1
FakeVideo-RealAudio/African/women/id03747/00273_id04374_SWltOOZmlWM.npz,-1.6196064949035645,1
FakeVideo-RealAudio/African/women/id03747/00273_id04540_wavtolip.npz,-1.2724004983901978,1
FakeVideo-RealAudio/African/women/id03747/00273_id04689_0YqK1ksKjLg.npz,-1.6180286407470703,1
FakeVideo-RealAudio/African/women/id03747/00273_id04736_wavtolip.npz,-2.2888193130493164,1
FakeVideo-RealAudio/African/women/id03747/00273_id04939_wavtolip.npz,-1.5182671546936035,1
FakeVideo-RealAudio/African/women/id03747/00273_id05231_wfbM5puT6eQ.npz,-1.6141324043273926,1
FakeVideo-RealAudio/African/women/id03747/00273_id05235_ASy8lP3SRtw.npz,-1.6168498992919922,1
FakeVideo-RealAudio/African/women/id03747/00273_id05251_wavtolip.npz,-2.1227686405181885,1
FakeVideo-RealAudio/African/women/id03713/00249_id00359_wavtolip.npz,-2.5497052669525146,1
FakeVideo-RealAudio/African/women/id03713/00249_id00371_t20i0HtPwW0.npz,-2.1488771438598633,1
FakeVideo-RealAudio/African/women/id03713/00249_id00460_9sVM1Crx1FA.npz,-2.1837639808654785,1
FakeVideo-RealAudio/African/women/id03713/00249_id00568_wavtolip.npz,-1.3764116764068604,1
FakeVideo-RealAudio/African/women/id03713/00249_id01532_XnlWp_s_f7Q.npz,-2.090850353240967,1
FakeVideo-RealAudio/African/women/id03713/00249_id01907_wavtolip.npz,-2.7523579597473145,1
FakeVideo-RealAudio/African/women/id03713/00249_id02301_wavtolip.npz,-1.741126298904419,1
FakeVideo-RealAudio/African/women/id03713/00249_id02617_4EZjRXC4fLk_faceswap.npz,-2.5181007385253906,1
FakeVideo-RealAudio/African/women/id03713/00249_id02721_wavtolip.npz,-1.6954854726791382,1
FakeVideo-RealAudio/African/women/id03713/00249_id02824_glBy_mYcXZw.npz,-1.7860969305038452,1
FakeVideo-RealAudio/African/women/id03713/00249_id02948_wavtolip.npz,-2.7589173316955566,1
FakeVideo-RealAudio/African/women/id03713/00249_id03103_wiCYm3THQPw.npz,-2.3469645977020264,1
FakeVideo-RealAudio/African/women/id03713/00249_id03658_8Wtu9VXKqjY.npz,-2.317263603210449,1
FakeVideo-RealAudio/African/women/id03713/00249_id03713_wavtolip.npz,-2.451770782470703,1
FakeVideo-RealAudio/African/women/id03713/00249_id04547_wavtolip.npz,-2.7328875064849854,1
FakeVideo-RealAudio/African/women/id03713/00249_id04689_wavtolip.npz,-2.7369236946105957,1
FakeVideo-RealAudio/African/women/id03713/00249_id04736__D2k4fMhEfQ.npz,-2.436624526977539,1
FakeVideo-RealAudio/African/women/id03713/00249_id05231_wavtolip.npz,-2.6885905265808105,1
FakeVideo-RealAudio/African/women/id02721/00424_0.npz,0.04108226299285889,1
FakeVideo-RealAudio/African/women/id02721/00424_id00371_t20i0HtPwW0.npz,-1.2533546686172485,1
FakeVideo-RealAudio/African/women/id02721/00424_id00568_gakhcJXnJZ8.npz,-1.1531932353973389,1
FakeVideo-RealAudio/African/women/id02721/00424_id00577_wavtolip.npz,-1.7499866485595703,1
FakeVideo-RealAudio/African/women/id02721/00424_id01838_wavtolip.npz,-1.1459012031555176,1
FakeVideo-RealAudio/African/women/id02721/00424_id02586_dEYzYDsbAeo.npz,-0.9530460834503174,1
FakeVideo-RealAudio/African/women/id02721/00424_id02586_wavtolip.npz,-2.095958709716797,1
FakeVideo-RealAudio/African/women/id02721/00424_id02617_wavtolip.npz,-2.3348515033721924,1
FakeVideo-RealAudio/African/women/id02721/00424_id02808_nZtvxh6Eesc.npz,-0.9698405265808105,1
FakeVideo-RealAudio/African/women/id02721/00424_id02808_wavtolip.npz,-2.312492609024048,1
FakeVideo-RealAudio/African/women/id02721/00424_id02824_wavtolip.npz,-1.4711381196975708,1
FakeVideo-RealAudio/African/women/id02721/00424_id02838_wavtolip.npz,-2.496241807937622,1
FakeVideo-RealAudio/African/women/id02721/00424_id02948__ZEDGNWjuFE.npz,-1.1726362705230713,1
FakeVideo-RealAudio/African/women/id02721/00424_id03569_wavtolip.npz,-2.821971893310547,1
FakeVideo-RealAudio/African/women/id02721/00424_id03658_8Wtu9VXKqjY.npz,-1.106472373008728,1
FakeVideo-RealAudio/African/women/id02721/00424_id03658_8Wtu9VXKqjY_faceswap.npz,-0.975374698638916,1
FakeVideo-RealAudio/African/women/id02721/00424_id04245_wavtolip.npz,-2.523698329925537,1
FakeVideo-RealAudio/African/women/id02721/00424_id04376_wavtolip.npz,-2.5791380405426025,1
FakeVideo-RealAudio/African/women/id02721/00424_id04705_ziJ9JsYr4R0.npz,-1.2221633195877075,1
FakeVideo-RealAudio/African/women/id02721/00424_id05231_wfbM5puT6eQ.npz,-0.9740409851074219,1
FakeVideo-RealAudio/African/women/id04547/00052_id00577_wavtolip.npz,-1.7771103382110596,1
FakeVideo-RealAudio/African/women/id04547/00052_id00829_aMEvVaUBq2Y.npz,-2.25396728515625,1
FakeVideo-RealAudio/African/women/id04547/00052_id02071_wavtolip.npz,-2.4939658641815186,1
FakeVideo-RealAudio/African/women/id04547/00052_id02508_wavtolip.npz,-1.3421392440795898,1
FakeVideo-RealAudio/African/women/id04547/00052_id02586_dEYzYDsbAeo.npz,-2.543058156967163,1
FakeVideo-RealAudio/African/women/id04547/00052_id02721_wavtolip.npz,-1.2916620969772339,1
FakeVideo-RealAudio/African/women/id04547/00052_id02824_wavtolip.npz,-1.596111536026001,1
FakeVideo-RealAudio/African/women/id04547/00052_id03103_wiCYm3THQPw.npz,-2.512636184692383,1
FakeVideo-RealAudio/African/women/id04547/00052_id03656_draVIyyqLtk.npz,-2.440904378890991,1
FakeVideo-RealAudio/African/women/id04547/00052_id04374_SWltOOZmlWM.npz,-2.5499019622802734,1
FakeVideo-RealAudio/African/women/id04547/00052_id04376_wavtolip.npz,-2.5876522064208984,1
FakeVideo-RealAudio/African/women/id04547/00052_id04540_9KNIjew03AQ.npz,-2.290684700012207,1
FakeVideo-RealAudio/African/women/id04547/00052_id04540_wavtolip.npz,-1.2975225448608398,1
FakeVideo-RealAudio/African/women/id04547/00052_id04820_wavtolip.npz,-2.662421226501465,1
FakeVideo-RealAudio/African/women/id04547/00052_id04939_i4v2cXo9HIQ.npz,-2.5322134494781494,1
FakeVideo-RealAudio/African/women/id04547/00052_id05106_wavtolip.npz,-1.1398661136627197,1
FakeVideo-RealAudio/African/women/id04547/00052_id05251_wavtolip.npz,-1.8340914249420166,1
FakeVideo-RealAudio/African/women/id00220/00027.npz,-2.4807779788970947,1
FakeVideo-RealAudio/African/women/id00220/00027_id00371_t20i0HtPwW0.npz,-2.2507669925689697,1
FakeVideo-RealAudio/African/women/id00220/00027_id00568_wavtolip.npz,-1.2479485273361206,1
FakeVideo-RealAudio/African/women/id00220/00027_id00707_wavtolip.npz,-2.4454493522644043,1
FakeVideo-RealAudio/African/women/id00220/00027_id01178_6XpgYMiKxhc.npz,-2.5812036991119385,1
FakeVideo-RealAudio/African/women/id00220/00027_id01907_LBcRkuRq0uY.npz,-2.248056173324585,1
FakeVideo-RealAudio/African/women/id00220/00027_id02071_wavtolip.npz,-2.219027042388916,1
FakeVideo-RealAudio/African/women/id00220/00027_id02721_wavtolip.npz,-1.276002049446106,1
FakeVideo-RealAudio/African/women/id00220/00027_id02824_glBy_mYcXZw.npz,-2.5017104148864746,1
FakeVideo-RealAudio/African/women/id00220/00027_id02838_wavtolip.npz,-2.6818695068359375,1
FakeVideo-RealAudio/African/women/id00220/00027_id03103_wavtolip.npz,-1.4695355892181396,1
FakeVideo-RealAudio/African/women/id00220/00027_id03569_YO0EpPm9p-8.npz,-2.219710350036621,1
FakeVideo-RealAudio/African/women/id00220/00027_id03656_wavtolip.npz,-1.1561217308044434,1
FakeVideo-RealAudio/African/women/id00220/00027_id04705_wavtolip.npz,-2.7015533447265625,1
FakeVideo-RealAudio/African/women/id00220/00027_id04820_wavtolip.npz,-2.7702465057373047,1
FakeVideo-RealAudio/African/women/id00220/00027_id04939_i4v2cXo9HIQ.npz,-2.1649975776672363,1
FakeVideo-RealAudio/African/women/id00220/00027_id05251_wavtolip.npz,-1.6644740104675293,1
FakeVideo-RealAudio/African/women/id04820/00015_id00832_wavtolip.npz,-2.021829843521118,1
FakeVideo-RealAudio/African/women/id04820/00015_id01783_wavtolip.npz,-2.5538148880004883,1
FakeVideo-RealAudio/African/women/id04820/00015_id02071_wavtolip.npz,-2.745043992996216,1
FakeVideo-RealAudio/African/women/id04820/00015_id02721_wavtolip.npz,-1.6207075119018555,1
FakeVideo-RealAudio/African/women/id04820/00015_id02948__ZEDGNWjuFE.npz,-2.6461706161499023,1
FakeVideo-RealAudio/African/women/id04820/00015_id02948__ZEDGNWjuFE_faceswap.npz,-2.6103086471557617,1
FakeVideo-RealAudio/African/women/id04820/00015_id03103_wavtolip.npz,-1.3933329582214355,1
FakeVideo-RealAudio/African/women/id04820/00015_id03656_wavtolip.npz,-1.7049061059951782,1
FakeVideo-RealAudio/African/women/id04820/00015_id04374_wavtolip.npz,-2.0646138191223145,1
FakeVideo-RealAudio/African/women/id04820/00015_id04705_wavtolip.npz,-2.613375186920166,1
FakeVideo-RealAudio/African/women/id04820/00015_id05251_wavtolip.npz,-1.791121482849121,1
FakeVideo-RealAudio/African/women/id04820/00015_id05980_wavtolip.npz,-0.7243045568466187,1
FakeVideo-RealAudio/African/women/id04736/00083_0.npz,-2.679839611053467,1
FakeVideo-RealAudio/African/women/id04736/00083_id00359_wavtolip.npz,-1.8937649726867676,1
FakeVideo-RealAudio/African/women/id04736/00083_id00568_wavtolip.npz,-1.0383380651474,1
FakeVideo-RealAudio/African/women/id04736/00083_id00829_wavtolip.npz,-2.1533865928649902,1
FakeVideo-RealAudio/African/women/id04736/00083_id01178_wavtolip.npz,-2.361682891845703,1
FakeVideo-RealAudio/African/women/id04736/00083_id02071_wavtolip.npz,-2.557516574859619,1
FakeVideo-RealAudio/African/women/id04736/00083_id02824_wavtolip.npz,-1.3478798866271973,1
FakeVideo-RealAudio/African/women/id04736/00083_id03569_wavtolip.npz,-2.739871025085449,1
FakeVideo-RealAudio/African/women/id04736/00083_id03713_wavtolip.npz,-1.915136694908142,1
FakeVideo-RealAudio/African/women/id04736/00083_id04055_wavtolip.npz,-2.63166880607605,1
FakeVideo-RealAudio/African/women/id04736/00083_id04547_wavtolip.npz,-2.549626350402832,1
FakeVideo-RealAudio/African/women/id04736/00083_id05235_ASy8lP3SRtw.npz,-2.2029526233673096,1
FakeVideo-RealAudio/African/women/id04736/00083_id05235_ASy8lP3SRtw_faceswap.npz,-2.248157501220703,1
FakeVideo-RealAudio/African/women/id04376/00181_id00220_WlHLlTQKj8g.npz,-2.569406747817993,1
FakeVideo-RealAudio/African/women/id04376/00181_id00460_wavtolip.npz,-2.5977773666381836,1
FakeVideo-RealAudio/African/women/id04376/00181_id00829_aMEvVaUBq2Y.npz,-2.57481050491333,1
FakeVideo-RealAudio/African/women/id04376/00181_id01178_wavtolip.npz,-2.585165500640869,1
FakeVideo-RealAudio/African/women/id04376/00181_id02071_wavtolip.npz,-2.394042491912842,1
FakeVideo-RealAudio/African/women/id04376/00181_id02586_dEYzYDsbAeo.npz,-2.570615768432617,1
FakeVideo-RealAudio/African/women/id04376/00181_id02838_kaCQlSGlLe8.npz,-2.5736074447631836,1
FakeVideo-RealAudio/African/women/id04376/00181_id03569_wavtolip.npz,-2.812168836593628,1
FakeVideo-RealAudio/African/women/id04376/00181_id03658_8Wtu9VXKqjY.npz,-2.5809292793273926,1
FakeVideo-RealAudio/African/women/id04376/00181_id04245_wavtolip.npz,-2.590273380279541,1
FakeVideo-RealAudio/African/women/id04376/00181_id04374_SWltOOZmlWM.npz,-2.577918529510498,1
FakeVideo-RealAudio/African/women/id04376/00181_id04437_2csrqaF55pk_faceswap.npz,-2.582146644592285,1
FakeVideo-RealAudio/African/women/id04376/00181_id04547_wavtolip.npz,-2.5554864406585693,1
FakeVideo-RealAudio/African/women/id04376/00181_id04689_wavtolip.npz,-2.588475227355957,1
FakeVideo-RealAudio/African/women/id04376/00181_id04705_wavtolip.npz,-2.603695869445801,1
FakeVideo-RealAudio/African/women/id04376/00181_id04820_wavtolip.npz,-2.6718478202819824,1
FakeVideo-RealAudio/African/women/id04376/00181_id05231_wavtolip.npz,-2.4082725048065186,1
FakeVideo-RealAudio/African/women/id04374/00032_id00460_wavtolip.npz,-2.4775588512420654,1
FakeVideo-RealAudio/African/women/id04374/00032_id00568_wavtolip.npz,-1.0500712394714355,1
FakeVideo-RealAudio/African/women/id04374/00032_id00577_wavtolip.npz,-1.938386082649231,1
FakeVideo-RealAudio/African/women/id04374/00032_id00707_feeHCIlo6jg.npz,-1.4738599061965942,1
FakeVideo-RealAudio/African/women/id04374/00032_id02586_dEYzYDsbAeo.npz,-1.188746452331543,1
FakeVideo-RealAudio/African/women/id04374/00032_id02586_wavtolip.npz,-2.0553855895996094,1
FakeVideo-RealAudio/African/women/id04374/00032_id02721_wavtolip.npz,-1.6185811758041382,1
FakeVideo-RealAudio/African/women/id04374/00032_id02808_wavtolip.npz,-2.297339916229248,1
FakeVideo-RealAudio/African/women/id04374/00032_id02838_kaCQlSGlLe8.npz,-2.0018186569213867,1
FakeVideo-RealAudio/African/women/id04374/00032_id03656_draVIyyqLtk.npz,-2.1162493228912354,1
FakeVideo-RealAudio/African/women/id04374/00032_id03658_wavtolip.npz,-2.2485299110412598,1
FakeVideo-RealAudio/African/women/id04374/00032_id04374_wavtolip.npz,-1.6057078838348389,1
FakeVideo-RealAudio/African/women/id04374/00032_id04547_3Qy2g2M47Aw.npz,-1.4805711507797241,1
FakeVideo-RealAudio/African/women/id04374/00032_id04689_0YqK1ksKjLg_faceswap.npz,-2.2259738445281982,1
FakeVideo-RealAudio/African/women/id04374/00032_id05231_wfbM5puT6eQ.npz,-1.3841339349746704,1
FakeVideo-RealAudio/African/women/id04374/00032_id05235_wavtolip.npz,-2.461582660675049,1
FakeVideo-RealAudio/African/women/id04374/00032_id05251_wavtolip.npz,-1.8024309873580933,1
FakeVideo-RealAudio/African/women/id02824/00130_id00568_wavtolip.npz,-1.1709187030792236,1
FakeVideo-RealAudio/African/women/id02824/00130_id00592_wavtolip.npz,-2.3988850116729736,1
FakeVideo-RealAudio/African/women/id02824/00130_id00707_wavtolip.npz,-2.4253525733947754,1
FakeVideo-RealAudio/African/women/id02824/00130_id00832_Jr4-dXRChME.npz,-1.6157324314117432,1
FakeVideo-RealAudio/African/women/id02824/00130_id01661_SdP_Monh-_4.npz,-1.5095500946044922,1
FakeVideo-RealAudio/African/women/id02824/00130_id01661_wavtolip.npz,-0.5995166301727295,1
FakeVideo-RealAudio/African/women/id02824/00130_id02617_wavtolip.npz,-2.229766845703125,1
FakeVideo-RealAudio/African/women/id02824/00130_id02948_wavtolip.npz,-2.7628512382507324,1
FakeVideo-RealAudio/African/women/id02824/00130_id03656_draVIyyqLtk.npz,-1.5565723180770874,1
FakeVideo-RealAudio/African/women/id02824/00130_id03747_wQOOhZvnrq4.npz,-1.5244672298431396,1
FakeVideo-RealAudio/African/women/id02824/00130_id03747_wQOOhZvnrq4_faceswap.npz,-1.537369728088379,1
FakeVideo-RealAudio/African/women/id02824/00130_id04245_wavtolip.npz,-2.5395498275756836,1
FakeVideo-RealAudio/African/women/id02824/00130_id04540_wavtolip.npz,-1.2259089946746826,1
FakeVideo-RealAudio/African/women/id02824/00130_id04705_ziJ9JsYr4R0.npz,-1.514739990234375,1
FakeVideo-RealAudio/African/women/id02824/00130_id04736_wavtolip.npz,-2.52536678314209,1
FakeVideo-RealAudio/African/women/id02824/00130_id05231_wfbM5puT6eQ.npz,-1.5176098346710205,1
FakeVideo-RealAudio/African/women/id02824/00130_id05251_wavtolip.npz,-1.845456600189209,1
FakeVideo-RealAudio/African/women/id02824/00130_id05252_CMxIX3absYM.npz,-1.5650980472564697,1
RealVideo-FakeAudio/African/men/id01835/00130_fake.npz,5.510392189025879,1
RealVideo-FakeAudio/African/men/id02040/00476_fake.npz,0.6923736929893494,1
RealVideo-FakeAudio/African/men/id01392/00167_fake.npz,6.092209339141846,1
RealVideo-FakeAudio/African/men/id01717/00005_fake.npz,5.685396671295166,1
RealVideo-FakeAudio/African/men/id01779/00010_fake.npz,5.080416679382324,1
RealVideo-FakeAudio/African/men/id01179/00160_fake.npz,5.7735466957092285,1
RealVideo-FakeAudio/African/men/id01528/00017_fake.npz,6.180287837982178,1
RealVideo-FakeAudio/African/men/id00076/00109_fake.npz,5.926645278930664,1
RealVideo-FakeAudio/African/men/id02268/00036_fake.npz,5.834114074707031,1
RealVideo-FakeAudio/African/men/id01170/00021_fake.npz,6.207554340362549,1
RealVideo-FakeAudio/African/men/id01637/00002_fake.npz,5.9461259841918945,1
RealVideo-FakeAudio/African/men/id02051/00015_fake.npz,1.875253438949585,1
RealVideo-FakeAudio/African/men/id00366/00118_fake.npz,5.755158424377441,1
RealVideo-FakeAudio/African/women/id00359/00053_fake.npz,5.1635613441467285,1
RealVideo-FakeAudio/African/women/id01907/00148_fake.npz,2.10223388671875,1
RealVideo-FakeAudio/African/women/id01661/00059_fake.npz,5.647552967071533,1
RealVideo-FakeAudio/African/women/id03747/00273_fake.npz,6.389158725738525,1
RealVideo-FakeAudio/African/women/id03713/00249_fake.npz,5.09758996963501,1
RealVideo-FakeAudio/African/women/id02721/00424_fake.npz,5.749504089355469,1
RealVideo-FakeAudio/African/women/id04547/00052_fake.npz,6.518637180328369,1
RealVideo-FakeAudio/African/women/id00220/00027_fake.npz,6.212490558624268,1
RealVideo-FakeAudio/African/women/id04820/00015_fake.npz,5.044867992401123,1
RealVideo-FakeAudio/African/women/id04736/00083_fake.npz,5.990489482879639,1
RealVideo-FakeAudio/African/women/id04376/00181_fake.npz,6.642195701599121,1
RealVideo-FakeAudio/African/women/id04374/00032_fake.npz,5.532104969024658,1
RealVideo-FakeAudio/African/women/id02824/00130_fake.npz,5.336426258087158,1
RealVideo-RealAudio/African/men/id01835/00130.npz,-2.0041627883911133,0
RealVideo-RealAudio/African/men/id02040/00476.npz,-2.746633529663086,0
RealVideo-RealAudio/African/men/id01392/00167.npz,-1.5594743490219116,0
RealVideo-RealAudio/African/men/id01717/00005.npz,-2.2571921348571777,0
RealVideo-RealAudio/African/men/id01779/00010.npz,-0.7332128286361694,0
RealVideo-RealAudio/African/men/id01179/00160.npz,-2.0210204124450684,0
RealVideo-RealAudio/African/men/id01528/00017.npz,-2.3249998092651367,0
RealVideo-RealAudio/African/men/id00076/00109.npz,-1.663055419921875,0
RealVideo-RealAudio/African/men/id02268/00036.npz,-1.8496569395065308,0
RealVideo-RealAudio/African/men/id01170/00021.npz,-2.192277431488037,0
RealVideo-RealAudio/African/men/id01637/00002.npz,-2.438558578491211,0
RealVideo-RealAudio/African/men/id02051/00015.npz,-2.7070653438568115,0
RealVideo-RealAudio/African/men/id00366/00118.npz,-1.9793612957000732,0
RealVideo-RealAudio/African/women/id00359/00053.npz,-2.8011927604675293,0
RealVideo-RealAudio/African/women/id01907/00148.npz,-2.6160569190979004,0
RealVideo-RealAudio/African/women/id01661/00059.npz,-0.7621372938156128,0
RealVideo-RealAudio/African/women/id03747/00273.npz,-1.6184773445129395,0
RealVideo-RealAudio/African/women/id03713/00249.npz,-2.4787492752075195,0
RealVideo-RealAudio/African/women/id02721/00424.npz,-1.019622802734375,0
RealVideo-RealAudio/African/women/id04547/00052.npz,-2.5709128379821777,0
RealVideo-RealAudio/African/women/id00220/00027.npz,-2.4807779788970947,0
RealVideo-RealAudio/African/women/id04820/00015.npz,-2.6446971893310547,0
RealVideo-RealAudio/African/women/id04736/00083.npz,-2.2838120460510254,0
RealVideo-RealAudio/African/women/id04376/00181.npz,-2.588768482208252,0
RealVideo-RealAudio/African/women/id04374/00032.npz,-2.196751594543457,0
RealVideo-RealAudio/African/women/id02824/00130.npz,-1.5490535497665405,0
