path,score_full,score_causal,score_spurious,label
FakeVideo-FakeAudio/African/men/id01835/00130_id00173_UHoMXLSjlDo_id01610_wavtolip.npz,3.499110698699951,3.499110698699951,5.29891300201416,1
FakeVideo-FakeAudio/African/men/id01835/00130_id00173_wavtolip.npz,3.5577855110168457,3.5577855110168457,5.361412525177002,1
FakeVideo-FakeAudio/African/men/id01835/00130_id00366_RSOgEoek8WM_id01691_wavtolip.npz,4.227946758270264,4.227946758270264,5.797248363494873,1
FakeVideo-FakeAudio/African/men/id01835/00130_id00701_lW6uzLIOwd0_id00391_wavtolip.npz,0.21335886418819427,0.21335886418819427,5.79345703125,1
FakeVideo-FakeAudio/African/men/id01835/00130_id00761_QtTNFhCCgzw_faceswap_id00391_wavtolip.npz,0.8917500972747803,0.8917500972747803,5.78399658203125,1
FakeVideo-FakeAudio/African/men/id01835/00130_id00761_QtTNFhCCgzw_faceswap_id00518_wavtolip.npz,0.44573017954826355,0.44573017954826355,5.162712097167969,1
FakeVideo-FakeAudio/African/men/id01835/00130_id00761_QtTNFhCCgzw_faceswap_id01170_wavtolip.npz,4.024055004119873,4.024055004119873,5.5101704597473145,1
FakeVideo-FakeAudio/African/men/id01835/00130_id00761_QtTNFhCCgzw_faceswap_id02051_wavtolip.npz,3.7581450939178467,3.7581450939178467,4.935700416564941,1
FakeVideo-FakeAudio/African/men/id01835/00130_id00761_QtTNFhCCgzw_faceswap_id02494_wavtolip.npz,3.4192562103271484,3.4192562103271484,4.293080806732178,1
FakeVideo-FakeAudio/African/men/id01835/00130_id00761_QtTNFhCCgzw_id02296_wavtolip.npz,0.6553328037261963,0.6553328037261963,5.231620788574219,1
FakeVideo-FakeAudio/African/men/id01835/00130_id00761_wavtolip.npz,3.878718614578247,3.878718614578247,5.315931797027588,1
FakeVideo-FakeAudio/African/men/id01835/00130_id00781_wavtolip.npz,3.1807022094726562,3.1807022094726562,4.682246208190918,1
FakeVideo-FakeAudio/African/men/id01835/00130_id00830_rfl3Teg9uew_id01392_wavtolip.npz,3.7584421634674072,3.7584421634674072,5.336420059204102,1
FakeVideo-FakeAudio/African/men/id01835/00130_id00944_DiW5D62667U_id01392_wavtolip.npz,4.235978603363037,4.235978603363037,5.339975357055664,1
FakeVideo-FakeAudio/African/men/id01835/00130_id01036_AohKaMtIHxA_id02342_wavtolip.npz,3.7026309967041016,3.7026309967041016,5.241918087005615,1
FakeVideo-FakeAudio/African/men/id01835/00130_id01036_wavtolip.npz,4.766311168670654,4.766311168670654,5.84579610824585,1
FakeVideo-FakeAudio/African/men/id01835/00130_id01076_wavtolip.npz,3.8384695053100586,3.8384695053100586,4.763425827026367,1
FakeVideo-FakeAudio/African/men/id01835/00130_id01236_wavtolip.npz,3.4096903800964355,3.4096903800964355,4.777357578277588,1
FakeVideo-FakeAudio/African/men/id01835/00130_id01528_wavtolip.npz,3.6347904205322266,3.6347904205322266,5.474356651306152,1
FakeVideo-FakeAudio/African/men/id01835/00130_id02268_irA9myDvW-I_id01179_wavtolip.npz,2.484280824661255,2.484280824661255,5.198429107666016,1
FakeVideo-FakeAudio/African/men/id01835/00130_id02296_wavtolip.npz,0.7157615423202515,0.7157615423202515,5.208621025085449,1
FakeVideo-FakeAudio/African/men/id01835/00130_id04727_wavtolip.npz,3.6215403079986572,3.6215403079986572,5.055461883544922,1
FakeVideo-FakeAudio/African/men/id02040/00476_id00391_TjJgUZaenWI_id00944_wavtolip.npz,3.3425421714782715,3.3425421714782715,5.132406234741211,1
FakeVideo-FakeAudio/African/men/id02040/00476_id00476_wavtolip.npz,3.9249706268310547,3.9249706268310547,5.134365081787109,1
FakeVideo-FakeAudio/African/men/id02040/00476_id00761_wavtolip.npz,3.97391676902771,3.97391676902771,5.159722328186035,1
FakeVideo-FakeAudio/African/men/id02040/00476_id00944_wavtolip.npz,3.581789016723633,3.581789016723633,5.138147354125977,1
FakeVideo-FakeAudio/African/men/id02040/00476_id01392_fF-g0KFJ7lg_id01036_wavtolip.npz,4.031040191650391,4.031040191650391,5.1678619384765625,1
FakeVideo-FakeAudio/African/men/id02040/00476_id01392_wavtolip.npz,3.8928065299987793,3.8928065299987793,5.148849010467529,1
FakeVideo-FakeAudio/African/men/id02040/00476_id01452_wavtolip.npz,3.822051525115967,3.822051525115967,4.939067840576172,1
FakeVideo-FakeAudio/African/men/id02040/00476_id01528_wavtolip.npz,3.3082284927368164,3.3082284927368164,5.119279861450195,1
FakeVideo-FakeAudio/African/men/id02040/00476_id01530_8kiAt_4gQGI_id02005_wavtolip.npz,3.0025994777679443,3.0025994777679443,5.135634899139404,1
FakeVideo-FakeAudio/African/men/id02040/00476_id01530_wavtolip.npz,2.645106315612793,2.645106315612793,5.141308784484863,1
FakeVideo-FakeAudio/African/men/id02040/00476_id01691_IVtS5z8Jrrk_id01717_wavtolip.npz,4.173127174377441,4.173127174377441,4.877341270446777,1
FakeVideo-FakeAudio/African/men/id02040/00476_id01717_wavtolip.npz,4.181718349456787,4.181718349456787,4.89934778213501,1
FakeVideo-FakeAudio/African/men/id02040/00476_id01995_wavtolip.npz,1.8099229335784912,1.8099229335784912,5.119407653808594,1
FakeVideo-FakeAudio/African/men/id02040/00476_id02051_wavtolip.npz,3.4411566257476807,3.4411566257476807,4.986381530761719,1
FakeVideo-FakeAudio/African/men/id01392/00167_2_id00166_wavtolip.npz,3.6606035232543945,3.6606035232543945,5.319077968597412,1
FakeVideo-FakeAudio/African/men/id01392/00167_2_id00475_wavtolip.npz,4.0130934715271,4.0130934715271,5.368564605712891,1
FakeVideo-FakeAudio/African/men/id01392/00167_2_id00478_wavtolip.npz,4.073935508728027,4.073935508728027,5.241703987121582,1
FakeVideo-FakeAudio/African/men/id01392/00167_2_id01207_wavtolip.npz,2.1295077800750732,2.1295077800750732,5.123983860015869,1
FakeVideo-FakeAudio/African/men/id01392/00167_2_id01521_wavtolip.npz,3.075255870819092,3.075255870819092,4.7926764488220215,1
FakeVideo-FakeAudio/African/men/id01392/00167_3_id00830_wavtolip.npz,3.6163387298583984,3.6163387298583984,5.449947357177734,1
FakeVideo-FakeAudio/African/men/id01392/00167_3_id01392_wavtolip.npz,4.151564598083496,4.151564598083496,5.3988728523254395,1
FakeVideo-FakeAudio/African/men/id01392/00167_3_id01610_wavtolip.npz,4.149044036865234,4.149044036865234,5.357170104980469,1
FakeVideo-FakeAudio/African/men/id01392/00167_3_id01933_wavtolip.npz,3.563960552215576,3.563960552215576,5.285028457641602,1
FakeVideo-FakeAudio/African/men/id01392/00167_3_id02040_wavtolip.npz,2.914196491241455,2.914196491241455,4.398846626281738,1
FakeVideo-FakeAudio/African/men/id01392/00167_id00366_wavtolip.npz,4.183435440063477,4.183435440063477,5.58255672454834,1
FakeVideo-FakeAudio/African/men/id01392/00167_id00391_TjJgUZaenWI_id01598_wavtolip.npz,3.758167266845703,3.758167266845703,5.132730484008789,1
FakeVideo-FakeAudio/African/men/id01392/00167_id00475_wavtolip.npz,4.4908246994018555,4.4908246994018555,5.896704196929932,1
FakeVideo-FakeAudio/African/men/id01392/00167_id00701_wavtolip.npz,4.207807540893555,4.207807540893555,5.707459449768066,1
FakeVideo-FakeAudio/African/men/id01392/00167_id00761_wavtolip.npz,4.1742048263549805,4.1742048263549805,5.351716041564941,1
FakeVideo-FakeAudio/African/men/id01392/00167_id01179_RnqLJMrWELw_id02268_wavtolip.npz,3.0178656578063965,3.0178656578063965,5.37410831451416,1
FakeVideo-FakeAudio/African/men/id01392/00167_id01207_mt129WTRSII_id01691_wavtolip.npz,4.345545291900635,4.345545291900635,5.875399589538574,1
FakeVideo-FakeAudio/African/men/id01392/00167_id01207_wavtolip.npz,2.218186378479004,2.218186378479004,5.148953914642334,1
FakeVideo-FakeAudio/African/men/id01392/00167_id01521_wavtolip.npz,3.4290528297424316,3.4290528297424316,4.819125652313232,1
FakeVideo-FakeAudio/African/men/id01392/00167_id01597_52WEZxe4_GE_id01920_wavtolip.npz,4.217914581298828,4.217914581298828,5.596174716949463,1
FakeVideo-FakeAudio/African/men/id01392/00167_id01610_wavtolip.npz,3.466156244277954,3.466156244277954,5.280009746551514,1
FakeVideo-FakeAudio/African/men/id01392/00167_id01920_w9C_knCPD94_id02040_wavtolip.npz,2.75889253616333,2.75889253616333,4.374129772186279,1
FakeVideo-FakeAudio/African/men/id01392/00167_id01972_wavtolip.npz,4.126777172088623,4.126777172088623,4.8920769691467285,1
FakeVideo-FakeAudio/African/men/id01392/00167_id02005_wavtolip.npz,3.9078221321105957,3.9078221321105957,5.2684221267700195,1
FakeVideo-FakeAudio/African/men/id01392/00167_id02494_wavtolip.npz,3.3102264404296875,3.3102264404296875,4.352938175201416,1
FakeVideo-FakeAudio/African/men/id01717/00005_id00166_wavtolip.npz,2.975749969482422,2.975749969482422,5.153741836547852,1
FakeVideo-FakeAudio/African/men/id01717/00005_id00366_RSOgEoek8WM_id02268_wavtolip.npz,3.0436811447143555,3.0436811447143555,5.161920547485352,1
FakeVideo-FakeAudio/African/men/id01717/00005_id00366_wavtolip.npz,3.3897953033447266,3.3897953033447266,5.22767972946167,1
FakeVideo-FakeAudio/African/men/id01717/00005_id00518_wavtolip.npz,3.557595729827881,3.557595729827881,5.171435832977295,1
FakeVideo-FakeAudio/African/men/id01717/00005_id00701_lW6uzLIOwd0_id01207_wavtolip.npz,3.1061463356018066,3.1061463356018066,5.159487247467041,1
FakeVideo-FakeAudio/African/men/id01717/00005_id00761_wavtolip.npz,3.9773597717285156,3.9773597717285156,5.173030853271484,1
FakeVideo-FakeAudio/African/men/id01717/00005_id00781_wavtolip.npz,3.63124680519104,3.63124680519104,4.746259689331055,1
FakeVideo-FakeAudio/African/men/id01717/00005_id00987_wavtolip.npz,2.9028639793395996,2.9028639793395996,5.219913005828857,1
FakeVideo-FakeAudio/African/men/id01717/00005_id01171_wavtolip.npz,3.809868812561035,3.809868812561035,5.093804836273193,1
FakeVideo-FakeAudio/African/men/id01717/00005_id01392_wavtolip.npz,3.800100803375244,3.800100803375244,5.1533613204956055,1
FakeVideo-FakeAudio/African/men/id01717/00005_id01452_4MqeoSxSy3w_id01856_wavtolip.npz,3.5891294479370117,3.5891294479370117,5.112637519836426,1
FakeVideo-FakeAudio/African/men/id01717/00005_id01544_wavtolip.npz,3.046298027038574,3.046298027038574,5.108880519866943,1
FakeVideo-FakeAudio/African/men/id01717/00005_id01920_w9C_knCPD94_id01598_wavtolip.npz,3.9280786514282227,3.9280786514282227,5.0849761962890625,1
FakeVideo-FakeAudio/African/men/id01717/00005_id02005_7_Egh9mW5y4_faceswap_id01170_wavtolip.npz,3.670959949493408,3.670959949493408,5.217968940734863,1
FakeVideo-FakeAudio/African/men/id01717/00005_id02005_7_Egh9mW5y4_faceswap_id01392_wavtolip.npz,4.097617149353027,4.097617149353027,5.14901065826416,1
FakeVideo-FakeAudio/African/men/id01717/00005_id02005_7_Egh9mW5y4_faceswap_id01691_wavtolip.npz,3.734442710876465,3.734442710876465,5.217228412628174,1
FakeVideo-FakeAudio/African/men/id01717/00005_id02005_7_Egh9mW5y4_faceswap_id01779_wavtolip.npz,3.714148759841919,3.714148759841919,5.182645320892334,1
FakeVideo-FakeAudio/African/men/id01717/00005_id02005_7_Egh9mW5y4_faceswap_id04727_wavtolip.npz,3.565793037414551,3.565793037414551,5.042770862579346,1
FakeVideo-FakeAudio/African/men/id01717/00005_id02005_7_Egh9mW5y4_id01076_wavtolip.npz,3.8550968170166016,3.8550968170166016,4.818011283874512,1
FakeVideo-FakeAudio/African/men/id01717/00005_id02316_yrrNcmZ-xmI_id01544_wavtolip.npz,3.36181640625,3.36181640625,5.080432415008545,1
FakeVideo-FakeAudio/African/men/id01717/00005_id04727_wavtolip.npz,3.4086031913757324,3.4086031913757324,5.049041748046875,1
FakeVideo-FakeAudio/African/men/id01779/00010_id00475_wavtolip.npz,3.463090181350708,3.463090181350708,5.512335300445557,1
FakeVideo-FakeAudio/African/men/id01779/00010_id00518_wavtolip.npz,0.6451098322868347,0.6451098322868347,5.161113262176514,1
FakeVideo-FakeAudio/African/men/id01779/00010_id00701_lW6uzLIOwd0_id00366_wavtolip.npz,3.48917555809021,3.48917555809021,5.46075439453125,1
FakeVideo-FakeAudio/African/men/id01779/00010_id00781_wavtolip.npz,3.345897674560547,3.345897674560547,4.672334671020508,1
FakeVideo-FakeAudio/African/men/id01779/00010_id01036_AohKaMtIHxA_id01637_wavtolip.npz,3.634040355682373,3.634040355682373,5.308773040771484,1
FakeVideo-FakeAudio/African/men/id01779/00010_id01036_wavtolip.npz,4.0892815589904785,4.0892815589904785,5.509801864624023,1
FakeVideo-FakeAudio/African/men/id01779/00010_id01076_wavtolip.npz,3.732269525527954,3.732269525527954,4.813589096069336,1
FakeVideo-FakeAudio/African/men/id01779/00010_id01171_XSINMRoTb0E_id01076_wavtolip.npz,3.8087878227233887,3.8087878227233887,4.842303276062012,1
FakeVideo-FakeAudio/African/men/id01779/00010_id01528_wavtolip.npz,3.7006735801696777,3.7006735801696777,5.390244483947754,1
FakeVideo-FakeAudio/African/men/id01779/00010_id01530_wavtolip.npz,3.544177770614624,3.544177770614624,5.095942974090576,1
FakeVideo-FakeAudio/African/men/id01779/00010_id01544_wavtolip.npz,2.9026174545288086,2.9026174545288086,5.101896286010742,1
FakeVideo-FakeAudio/African/men/id01779/00010_id01637_5VjcPZm8knM_id01972_wavtolip.npz,4.02587366104126,4.02587366104126,4.909319877624512,1
FakeVideo-FakeAudio/African/men/id01779/00010_id01691_IVtS5z8Jrrk_faceswap_id00173_wavtolip.npz,3.177933692932129,3.177933692932129,5.37121057510376,1
FakeVideo-FakeAudio/African/men/id01779/00010_id01691_IVtS5z8Jrrk_faceswap_id00478_wavtolip.npz,4.023715972900391,4.023715972900391,5.403162956237793,1
FakeVideo-FakeAudio/African/men/id01779/00010_id01691_IVtS5z8Jrrk_faceswap_id00701_wavtolip.npz,1.9647245407104492,1.9647245407104492,5.392157077789307,1
FakeVideo-FakeAudio/African/men/id01779/00010_id01691_IVtS5z8Jrrk_faceswap_id01170_wavtolip.npz,3.601250410079956,3.601250410079956,5.488846302032471,1
FakeVideo-FakeAudio/African/men/id01779/00010_id01691_IVtS5z8Jrrk_faceswap_id01779_wavtolip.npz,3.449885368347168,3.449885368347168,5.336610317230225,1
FakeVideo-FakeAudio/African/men/id01779/00010_id01691_IVtS5z8Jrrk_id00391_wavtolip.npz,-0.6913756132125854,-0.6913756132125854,5.435190200805664,1
FakeVideo-FakeAudio/African/men/id01779/00010_id01779_wavtolip.npz,3.403998851776123,3.403998851776123,5.387314796447754,1
FakeVideo-FakeAudio/African/men/id01779/00010_id01856_6Q2f3b1QNRM_id00830_wavtolip.npz,2.619406223297119,2.619406223297119,5.391393661499023,1
FakeVideo-FakeAudio/African/men/id01779/00010_id02268_irA9myDvW-I_id01452_wavtolip.npz,3.072805404663086,3.072805404663086,4.912815093994141,1
FakeVideo-FakeAudio/African/men/id01779/00010_id02268_wavtolip.npz,2.9220237731933594,2.9220237731933594,5.379077434539795,1
FakeVideo-FakeAudio/African/men/id01779/00010_id02494_lObg47hQleE_id01076_wavtolip.npz,3.8191516399383545,3.8191516399383545,4.886592388153076,1
FakeVideo-FakeAudio/African/men/id01179/00160_id00166_PQV2ZbJBLNk_id01544_wavtolip.npz,3.8061201572418213,3.8061201572418213,5.136141777038574,1
FakeVideo-FakeAudio/African/men/id01179/00160_id00173_wavtolip.npz,1.1908235549926758,1.1908235549926758,5.2275824546813965,1
FakeVideo-FakeAudio/African/men/id01179/00160_id00391_TjJgUZaenWI_id01171_wavtolip.npz,3.8327956199645996,3.8327956199645996,5.105530738830566,1
FakeVideo-FakeAudio/African/men/id01179/00160_id00476_UgdYVJ6xPYg_id01856_wavtolip.npz,3.51102352142334,3.51102352142334,5.0703887939453125,1
FakeVideo-FakeAudio/African/men/id01179/00160_id00518_wavtolip.npz,1.106088638305664,1.106088638305664,5.151188373565674,1
FakeVideo-FakeAudio/African/men/id01179/00160_id01170_7eoTTk4xyNo_id01856_wavtolip.npz,3.6876349449157715,3.6876349449157715,5.105608940124512,1
FakeVideo-FakeAudio/African/men/id01179/00160_id01171_wavtolip.npz,3.7373461723327637,3.7373461723327637,5.089065074920654,1
FakeVideo-FakeAudio/African/men/id01179/00160_id01207_mt129WTRSII_id01171_wavtolip.npz,4.023141860961914,4.023141860961914,5.156167507171631,1
FakeVideo-FakeAudio/African/men/id01179/00160_id01207_wavtolip.npz,2.0673956871032715,2.0673956871032715,5.113051414489746,1
FakeVideo-FakeAudio/African/men/id01179/00160_id01392_wavtolip.npz,4.080436706542969,4.080436706542969,5.204257965087891,1
FakeVideo-FakeAudio/African/men/id01179/00160_id01544_wavtolip.npz,3.5999040603637695,3.5999040603637695,5.081932544708252,1
FakeVideo-FakeAudio/African/men/id01179/00160_id01598_wavtolip.npz,4.041194915771484,4.041194915771484,5.166385650634766,1
FakeVideo-FakeAudio/African/men/id01179/00160_id01637_5VjcPZm8knM_id01995_wavtolip.npz,3.099910259246826,3.099910259246826,5.297270774841309,1
FakeVideo-FakeAudio/African/men/id01179/00160_id01691_wavtolip.npz,3.9398677349090576,3.9398677349090576,5.300795555114746,1
FakeVideo-FakeAudio/African/men/id01179/00160_id01717_wavtolip.npz,4.151834487915039,4.151834487915039,4.8589372634887695,1
FakeVideo-FakeAudio/African/men/id01179/00160_id02005_7_Egh9mW5y4_faceswap_id01528_wavtolip.npz,2.6946287155151367,2.6946287155151367,5.18658447265625,1
FakeVideo-FakeAudio/African/men/id01179/00160_id02005_7_Egh9mW5y4_faceswap_id01779_wavtolip.npz,3.766329765319824,3.766329765319824,5.293938636779785,1
FakeVideo-FakeAudio/African/men/id01179/00160_id02005_7_Egh9mW5y4_faceswap_id01835_wavtolip.npz,2.5277819633483887,2.5277819633483887,5.2862868309021,1
FakeVideo-FakeAudio/African/men/id01179/00160_id02005_7_Egh9mW5y4_faceswap_id01972_wavtolip.npz,4.169742107391357,4.169742107391357,4.906035900115967,1
FakeVideo-FakeAudio/African/men/id01179/00160_id02005_7_Egh9mW5y4_faceswap_id02316_wavtolip.npz,3.9917774200439453,3.9917774200439453,4.975146770477295,1
FakeVideo-FakeAudio/African/men/id01179/00160_id02005_7_Egh9mW5y4_id00366_wavtolip.npz,3.0368359088897705,3.0368359088897705,5.287250518798828,1
FakeVideo-FakeAudio/African/men/id01179/00160_id02342_RJPBPhJB8TA_id01779_wavtolip.npz,4.04252290725708,4.04252290725708,5.312126159667969,1
FakeVideo-FakeAudio/African/men/id01179/00160_id02342_wavtolip.npz,2.8315861225128174,2.8315861225128174,5.276211738586426,1
FakeVideo-FakeAudio/African/men/id01528/00017_id00173_wavtolip.npz,4.223184108734131,4.223184108734131,5.431387424468994,1
FakeVideo-FakeAudio/African/men/id01528/00017_id00518_qm7oQcDg4oI_id00781_wavtolip.npz,3.2789087295532227,3.2789087295532227,4.712398052215576,1
FakeVideo-FakeAudio/African/men/id01528/00017_id00944_DiW5D62667U_id02296_wavtolip.npz,2.5204410552978516,2.5204410552978516,5.264077186584473,1
FakeVideo-FakeAudio/African/men/id01528/00017_id00944_wavtolip.npz,4.018374919891357,4.018374919891357,5.388912677764893,1
FakeVideo-FakeAudio/African/men/id01528/00017_id00987_wavtolip.npz,2.9459075927734375,2.9459075927734375,5.543417930603027,1
FakeVideo-FakeAudio/African/men/id01528/00017_id01076_wavtolip.npz,3.6631784439086914,3.6631784439086914,4.7859673500061035,1
FakeVideo-FakeAudio/African/men/id01528/00017_id01171_wavtolip.npz,3.988088369369507,3.988088369369507,5.1198954582214355,1
FakeVideo-FakeAudio/African/men/id01528/00017_id01207_mt129WTRSII_id01207_wavtolip.npz,2.2054696083068848,2.2054696083068848,5.133182048797607,1
FakeVideo-FakeAudio/African/men/id01528/00017_id01236_7WdumGR5-JM_id02342_wavtolip.npz,4.469010353088379,4.469010353088379,5.286444187164307,1
FakeVideo-FakeAudio/African/men/id01528/00017_id01236_wavtolip.npz,3.6742682456970215,3.6742682456970215,4.800293445587158,1
FakeVideo-FakeAudio/African/men/id01528/00017_id01452_4MqeoSxSy3w_faceswap_id00701_wavtolip.npz,4.037020683288574,4.037020683288574,5.562382221221924,1
FakeVideo-FakeAudio/African/men/id01528/00017_id01452_4MqeoSxSy3w_faceswap_id01076_wavtolip.npz,3.741279125213623,3.741279125213623,4.769643783569336,1
FakeVideo-FakeAudio/African/men/id01528/00017_id01452_4MqeoSxSy3w_faceswap_id01610_wavtolip.npz,3.8349905014038086,3.8349905014038086,5.246592044830322,1
FakeVideo-FakeAudio/African/men/id01528/00017_id01452_4MqeoSxSy3w_faceswap_id02005_wavtolip.npz,4.131463050842285,4.131463050842285,5.285614013671875,1
FakeVideo-FakeAudio/African/men/id01528/00017_id01452_4MqeoSxSy3w_faceswap_id02494_wavtolip.npz,2.967423439025879,2.967423439025879,4.356287956237793,1
FakeVideo-FakeAudio/African/men/id01528/00017_id01452_4MqeoSxSy3w_id04727_wavtolip.npz,3.700075626373291,3.700075626373291,5.062676429748535,1
FakeVideo-FakeAudio/African/men/id01528/00017_id01597_52WEZxe4_GE_id00476_wavtolip.npz,4.5532426834106445,4.5532426834106445,5.572525501251221,1
FakeVideo-FakeAudio/African/men/id01528/00017_id01598_wavtolip.npz,3.9161901473999023,3.9161901473999023,5.164599418640137,1
FakeVideo-FakeAudio/African/men/id01528/00017_id01933_I5XXxgK7QpE_id00391_wavtolip.npz,-0.25622597336769104,-0.25622597336769104,5.533515453338623,1
FakeVideo-FakeAudio/African/men/id01528/00017_id01972_hBYoeQTm8ZQ_id01610_wavtolip.npz,3.7459096908569336,3.7459096908569336,5.280917167663574,1
FakeVideo-FakeAudio/African/men/id01528/00017_id02005_wavtolip.npz,4.060263156890869,4.060263156890869,5.282313346862793,1
FakeVideo-FakeAudio/African/men/id01528/00017_id02040_wavtolip.npz,2.904022455215454,2.904022455215454,4.3733954429626465,1
FakeVideo-FakeAudio/African/men/id01528/00017_id02296_wavtolip.npz,2.2741260528564453,2.2741260528564453,5.253925323486328,1
FakeVideo-FakeAudio/African/men/id00076/00109_10_id00476_wavtolip.npz,4.224289894104004,4.224289894104004,5.127429962158203,1
FakeVideo-FakeAudio/African/men/id00076/00109_10_id01076_wavtolip.npz,3.985537528991699,3.985537528991699,4.7992963790893555,1
FakeVideo-FakeAudio/African/men/id00076/00109_10_id01179_wavtolip.npz,0.9398244619369507,0.9398244619369507,5.130833148956299,1
FakeVideo-FakeAudio/African/men/id00076/00109_10_id02005_wavtolip.npz,3.291278839111328,3.291278839111328,5.151871681213379,1
FakeVideo-FakeAudio/African/men/id00076/00109_10_id02342_wavtolip.npz,2.114543914794922,2.114543914794922,5.177177429199219,1
FakeVideo-FakeAudio/African/men/id00076/00109_12_id00518_wavtolip.npz,3.7580409049987793,3.7580409049987793,5.1178741455078125,1
FakeVideo-FakeAudio/African/men/id00076/00109_12_id00761_wavtolip.npz,3.7479748725891113,3.7479748725891113,5.085515022277832,1
FakeVideo-FakeAudio/African/men/id00076/00109_12_id00987_wavtolip.npz,2.4160377979278564,2.4160377979278564,5.132590293884277,1
FakeVideo-FakeAudio/African/men/id00076/00109_12_id01856_wavtolip.npz,3.317472457885742,3.317472457885742,5.023112773895264,1
FakeVideo-FakeAudio/African/men/id00076/00109_12_id02296_wavtolip.npz,1.7878508567810059,1.7878508567810059,5.023216724395752,1
FakeVideo-FakeAudio/African/men/id00076/00109_2_id00166_wavtolip.npz,3.5619258880615234,3.5619258880615234,5.09343147277832,1
FakeVideo-FakeAudio/African/men/id00076/00109_2_id00701_wavtolip.npz,3.388644218444824,3.388644218444824,5.106559753417969,1
FakeVideo-FakeAudio/African/men/id00076/00109_2_id01236_wavtolip.npz,3.3048486709594727,3.3048486709594727,4.768067359924316,1
FakeVideo-FakeAudio/African/men/id00076/00109_2_id01521_wavtolip.npz,2.7491981983184814,2.7491981983184814,4.7843804359436035,1
FakeVideo-FakeAudio/African/men/id00076/00109_2_id01598_wavtolip.npz,3.986833095550537,3.986833095550537,5.161942005157471,1
FakeVideo-FakeAudio/African/men/id00076/00109_4_id01392_wavtolip.npz,4.283447265625,4.283447265625,5.4240217208862305,1
FakeVideo-FakeAudio/African/men/id00076/00109_4_id01528_wavtolip.npz,3.055098056793213,3.055098056793213,5.429343223571777,1
FakeVideo-FakeAudio/African/men/id00076/00109_4_id01691_wavtolip.npz,4.1216816902160645,4.1216816902160645,5.542666912078857,1
FakeVideo-FakeAudio/African/men/id00076/00109_4_id01995_wavtolip.npz,4.367794036865234,4.367794036865234,5.512427806854248,1
FakeVideo-FakeAudio/African/men/id00076/00109_4_id02296_wavtolip.npz,2.2285919189453125,2.2285919189453125,5.26124906539917,1
FakeVideo-FakeAudio/African/men/id00076/00109_7_id00166_wavtolip.npz,3.833263397216797,3.833263397216797,5.336958408355713,1
FakeVideo-FakeAudio/African/men/id00076/00109_7_id00478_wavtolip.npz,4.170975685119629,4.170975685119629,5.438298225402832,1
FakeVideo-FakeAudio/African/men/id00076/00109_7_id01452_wavtolip.npz,3.6687192916870117,3.6687192916870117,4.925359725952148,1
FakeVideo-FakeAudio/African/men/id00076/00109_7_id01717_wavtolip.npz,3.9703640937805176,3.9703640937805176,4.836184978485107,1
FakeVideo-FakeAudio/African/men/id00076/00109_7_id01995_wavtolip.npz,4.311500549316406,4.311500549316406,5.451958179473877,1
FakeVideo-FakeAudio/African/men/id00076/00109_8_id00166_wavtolip.npz,4.0054545402526855,4.0054545402526855,5.293891429901123,1
FakeVideo-FakeAudio/African/men/id00076/00109_8_id00701_wavtolip.npz,2.674482822418213,2.674482822418213,5.283307075500488,1
FakeVideo-FakeAudio/African/men/id00076/00109_8_id00761_wavtolip.npz,4.006617546081543,4.006617546081543,5.284117698669434,1
FakeVideo-FakeAudio/African/men/id00076/00109_8_id01170_wavtolip.npz,3.668159008026123,3.668159008026123,5.327134132385254,1
FakeVideo-FakeAudio/African/men/id00076/00109_8_id02005_wavtolip.npz,2.7058727741241455,2.7058727741241455,5.260227680206299,1
FakeVideo-FakeAudio/African/men/id00076/00109_9_id00076_wavtolip.npz,3.330432891845703,3.330432891845703,4.975766181945801,1
FakeVideo-FakeAudio/African/men/id00076/00109_9_id01036_wavtolip.npz,3.8723206520080566,3.8723206520080566,5.09855842590332,1
FakeVideo-FakeAudio/African/men/id00076/00109_9_id01452_wavtolip.npz,3.4354867935180664,3.4354867935180664,4.856121063232422,1
FakeVideo-FakeAudio/African/men/id00076/00109_9_id01528_wavtolip.npz,3.4457764625549316,3.4457764625549316,4.946547985076904,1
FakeVideo-FakeAudio/African/men/id00076/00109_9_id02005_wavtolip.npz,3.5247530937194824,3.5247530937194824,5.0690717697143555,1
FakeVideo-FakeAudio/African/men/id00076/00109_id00173_UHoMXLSjlDo_id00475_wavtolip.npz,2.3559608459472656,2.3559608459472656,5.861514091491699,1
FakeVideo-FakeAudio/African/men/id00076/00109_id00366_RSOgEoek8WM_id01995_wavtolip.npz,4.000448703765869,4.000448703765869,5.385042667388916,1
FakeVideo-FakeAudio/African/men/id00076/00109_id00391_wavtolip.npz,0.5227921009063721,0.5227921009063721,5.9994120597839355,1
FakeVideo-FakeAudio/African/men/id00076/00109_id00475_wavtolip.npz,1.5272963047027588,1.5272963047027588,5.84115743637085,1
FakeVideo-FakeAudio/African/men/id00076/00109_id00476_wavtolip.npz,4.052979946136475,4.052979946136475,5.666573524475098,1
FakeVideo-FakeAudio/African/men/id00076/00109_id00701_wavtolip.npz,3.2258658409118652,3.2258658409118652,5.663675308227539,1
FakeVideo-FakeAudio/African/men/id00076/00109_id00830_rfl3Teg9uew_id01544_wavtolip.npz,3.097102165222168,3.097102165222168,5.066900253295898,1
FakeVideo-FakeAudio/African/men/id00076/00109_id01036_AohKaMtIHxA_id00476_wavtolip.npz,4.153477668762207,4.153477668762207,5.689235210418701,1
FakeVideo-FakeAudio/African/men/id00076/00109_id01207_mt129WTRSII_id02316_wavtolip.npz,3.599125385284424,3.599125385284424,4.978671073913574,1
FakeVideo-FakeAudio/African/men/id00076/00109_id01207_wavtolip.npz,2.14902925491333,2.14902925491333,5.124780654907227,1
FakeVideo-FakeAudio/African/men/id00076/00109_id01544_uBo9585VW2A_id01779_wavtolip.npz,3.649794101715088,3.649794101715088,5.406984806060791,1
FakeVideo-FakeAudio/African/men/id00076/00109_id01637_wavtolip.npz,3.3370485305786133,3.3370485305786133,5.2809672355651855,1
FakeVideo-FakeAudio/African/men/id00076/00109_id01691_wavtolip.npz,4.469791412353516,4.469791412353516,5.857259750366211,1
FakeVideo-FakeAudio/African/men/id00076/00109_id01920_wavtolip.npz,3.5545496940612793,3.5545496940612793,5.560336112976074,1
FakeVideo-FakeAudio/African/men/id00076/00109_id01995_YUR9wTypwIo_id01691_wavtolip.npz,4.080012321472168,4.080012321472168,5.830082893371582,1
FakeVideo-FakeAudio/African/men/id00076/00109_id02005_7_Egh9mW5y4_id01972_wavtolip.npz,3.9444732666015625,3.9444732666015625,4.903781414031982,1
FakeVideo-FakeAudio/African/men/id00076/00109_id02005_wavtolip.npz,3.6647403240203857,3.6647403240203857,5.2898969650268555,1
FakeVideo-FakeAudio/African/men/id00076/00109_id02316_wavtolip.npz,3.2380266189575195,3.2380266189575195,4.948368072509766,1
FakeVideo-FakeAudio/African/men/id00076/00109_id02342_RJPBPhJB8TA_id00166_wavtolip.npz,3.3786158561706543,3.3786158561706543,5.296596527099609,1
FakeVideo-FakeAudio/African/men/id00076/00109_id04727_AAnyugIAXao_id00391_wavtolip.npz,0.39574241638183594,0.39574241638183594,5.976717472076416,1
FakeVideo-FakeAudio/African/men/id02268/00036_id00076_wavtolip.npz,1.9685908555984497,1.9685908555984497,5.651731491088867,1
FakeVideo-FakeAudio/African/men/id02268/00036_id00166_wavtolip.npz,3.374782085418701,3.374782085418701,5.274206161499023,1
FakeVideo-FakeAudio/African/men/id02268/00036_id00173_wavtolip.npz,2.964522361755371,2.964522361755371,5.393030643463135,1
FakeVideo-FakeAudio/African/men/id02268/00036_id00781_wavtolip.npz,3.6921145915985107,3.6921145915985107,4.756506443023682,1
FakeVideo-FakeAudio/African/men/id02268/00036_id01236_7WdumGR5-JM_id01597_wavtolip.npz,3.5581235885620117,3.5581235885620117,5.3582377433776855,1
FakeVideo-FakeAudio/African/men/id02268/00036_id01521_jthjSmLdLOg_id01597_wavtolip.npz,3.4670119285583496,3.4670119285583496,5.378922462463379,1
FakeVideo-FakeAudio/African/men/id02268/00036_id01530_wavtolip.npz,3.0373919010162354,3.0373919010162354,5.079550743103027,1
FakeVideo-FakeAudio/African/men/id02268/00036_id01691_IVtS5z8Jrrk_id00944_wavtolip.npz,3.896946430206299,3.896946430206299,5.364742279052734,1
FakeVideo-FakeAudio/African/men/id02268/00036_id01717_wavtolip.npz,4.108944892883301,4.108944892883301,4.854146480560303,1
FakeVideo-FakeAudio/African/men/id02268/00036_id01835_UZbWA0QfXXA_id01856_wavtolip.npz,3.7299246788024902,3.7299246788024902,5.055174827575684,1
FakeVideo-FakeAudio/African/men/id02268/00036_id01856_6Q2f3b1QNRM_id01207_wavtolip.npz,2.0781822204589844,2.0781822204589844,5.116363048553467,1
FakeVideo-FakeAudio/African/men/id02268/00036_id01920_wavtolip.npz,3.906956195831299,3.906956195831299,5.555234432220459,1
FakeVideo-FakeAudio/African/men/id02268/00036_id02040_wavtolip.npz,2.3551998138427734,2.3551998138427734,4.363882064819336,1
FakeVideo-FakeAudio/African/men/id02268/00036_id02268_wavtolip.npz,3.4130516052246094,3.4130516052246094,5.373042106628418,1
FakeVideo-FakeAudio/African/men/id02268/00036_id02296_IAgOrCuY8vU_id01598_wavtolip.npz,3.8153939247131348,3.8153939247131348,5.097411155700684,1
FakeVideo-FakeAudio/African/men/id02268/00036_id02316_wavtolip.npz,3.66689133644104,3.66689133644104,4.953014850616455,1
FakeVideo-FakeAudio/African/men/id02268/00036_id02494_lObg47hQleE_id00391_wavtolip.npz,0.16687394678592682,0.16687394678592682,5.586693286895752,1
FakeVideo-FakeAudio/African/men/id01170/00021_id00166_wavtolip.npz,3.067861557006836,3.067861557006836,5.331608295440674,1
FakeVideo-FakeAudio/African/men/id01170/00021_id00391_TjJgUZaenWI_id01598_wavtolip.npz,3.502570152282715,3.502570152282715,5.125792503356934,1
FakeVideo-FakeAudio/African/men/id01170/00021_id00761_wavtolip.npz,4.196081638336182,4.196081638336182,5.406606674194336,1
FakeVideo-FakeAudio/African/men/id01170/00021_id00830_rfl3Teg9uew_id01170_wavtolip.npz,3.802964448928833,3.802964448928833,5.5182271003723145,1
FakeVideo-FakeAudio/African/men/id01170/00021_id01076_wavtolip.npz,3.828415632247925,3.828415632247925,4.831295967102051,1
FakeVideo-FakeAudio/African/men/id01170/00021_id01170_wavtolip.npz,4.1979827880859375,4.1979827880859375,5.54608678817749,1
FakeVideo-FakeAudio/African/men/id01170/00021_id01171_XSINMRoTb0E_id02342_wavtolip.npz,3.871436595916748,3.871436595916748,5.264242172241211,1
FakeVideo-FakeAudio/African/men/id01170/00021_id01392_fF-g0KFJ7lg_id00478_wavtolip.npz,4.266068935394287,4.266068935394287,5.673849582672119,1
FakeVideo-FakeAudio/African/men/id01170/00021_id01392_wavtolip.npz,4.291827201843262,4.291827201843262,5.433976173400879,1
FakeVideo-FakeAudio/African/men/id01170/00021_id01452_wavtolip.npz,2.6069278717041016,2.6069278717041016,4.900832176208496,1
FakeVideo-FakeAudio/African/men/id01170/00021_id01544_wavtolip.npz,3.3425495624542236,3.3425495624542236,5.1541900634765625,1
FakeVideo-FakeAudio/African/men/id01170/00021_id01597_52WEZxe4_GE_id01076_wavtolip.npz,3.622462749481201,3.622462749481201,4.799946308135986,1
FakeVideo-FakeAudio/African/men/id01170/00021_id01610_l8zb_iaDJJA_id01856_wavtolip.npz,3.0819509029388428,3.0819509029388428,5.109777927398682,1
FakeVideo-FakeAudio/African/men/id01170/00021_id01691_wavtolip.npz,4.110335350036621,4.110335350036621,5.745410919189453,1
FakeVideo-FakeAudio/African/men/id01170/00021_id01779_wavtolip.npz,3.301764965057373,3.301764965057373,5.387572288513184,1
FakeVideo-FakeAudio/African/men/id01170/00021_id01920_wavtolip.npz,4.0442047119140625,4.0442047119140625,5.555942535400391,1
FakeVideo-FakeAudio/African/men/id01170/00021_id01933_I5XXxgK7QpE_faceswap_id00478_wavtolip.npz,3.887056589126587,3.887056589126587,5.634275436401367,1
FakeVideo-FakeAudio/African/men/id01170/00021_id01933_I5XXxgK7QpE_faceswap_id01597_wavtolip.npz,3.1057674884796143,3.1057674884796143,5.366864204406738,1
FakeVideo-FakeAudio/African/men/id01170/00021_id01933_I5XXxgK7QpE_faceswap_id01637_wavtolip.npz,3.1560778617858887,3.1560778617858887,5.2611165046691895,1
FakeVideo-FakeAudio/African/men/id01170/00021_id01933_I5XXxgK7QpE_faceswap_id01856_wavtolip.npz,3.2692325115203857,3.2692325115203857,5.091803073883057,1
FakeVideo-FakeAudio/African/men/id01170/00021_id01933_I5XXxgK7QpE_id00781_wavtolip.npz,3.4451160430908203,3.4451160430908203,4.667457103729248,1
FakeVideo-FakeAudio/African/men/id01170/00021_id04727_AAnyugIAXao_id01392_wavtolip.npz,3.8541100025177,3.8541100025177,5.326117992401123,1
FakeVideo-FakeAudio/African/men/id01637/00002_1_id01598_wavtolip.npz,3.958360195159912,3.958360195159912,5.177216529846191,1
FakeVideo-FakeAudio/African/men/id01637/00002_1_id01610_wavtolip.npz,3.526935338973999,3.526935338973999,5.124880790710449,1
FakeVideo-FakeAudio/African/men/id01637/00002_1_id01920_wavtolip.npz,4.122938632965088,4.122938632965088,5.248767852783203,1
FakeVideo-FakeAudio/African/men/id01637/00002_1_id02296_wavtolip.npz,2.954275608062744,2.954275608062744,5.0478715896606445,1
FakeVideo-FakeAudio/African/men/id01637/00002_1_id02342_wavtolip.npz,3.684441566467285,3.684441566467285,5.178205490112305,1
FakeVideo-FakeAudio/African/men/id01637/00002_2_id00701_wavtolip.npz,3.7672078609466553,3.7672078609466553,5.307918071746826,1
FakeVideo-FakeAudio/African/men/id01637/00002_2_id00761_wavtolip.npz,4.2093024253845215,4.2093024253845215,5.331496715545654,1
FakeVideo-FakeAudio/African/men/id01637/00002_2_id00944_wavtolip.npz,2.6734535694122314,2.6734535694122314,5.239953517913818,1
FakeVideo-FakeAudio/African/men/id01637/00002_2_id01392_wavtolip.npz,4.015401840209961,4.015401840209961,5.263862609863281,1
FakeVideo-FakeAudio/African/men/id01637/00002_2_id01452_wavtolip.npz,3.2733168601989746,3.2733168601989746,4.885958194732666,1
FakeVideo-FakeAudio/African/men/id01637/00002_id00076_wavtolip.npz,2.3897249698638916,2.3897249698638916,5.3999738693237305,1
FakeVideo-FakeAudio/African/men/id01637/00002_id00166_PQV2ZbJBLNk_id04727_wavtolip.npz,3.9295926094055176,3.9295926094055176,5.076973915100098,1
FakeVideo-FakeAudio/African/men/id01637/00002_id00366_RSOgEoek8WM_id02268_wavtolip.npz,3.8904125690460205,3.8904125690460205,5.371837615966797,1
FakeVideo-FakeAudio/African/men/id01637/00002_id00391_wavtolip.npz,-0.7152495384216309,-0.7152495384216309,5.450150489807129,1
FakeVideo-FakeAudio/African/men/id01637/00002_id00761_wavtolip.npz,4.13498592376709,4.13498592376709,5.384113311767578,1
FakeVideo-FakeAudio/African/men/id01637/00002_id00944_DiW5D62667U_id01856_wavtolip.npz,3.662367105484009,3.662367105484009,5.076159954071045,1
FakeVideo-FakeAudio/African/men/id01637/00002_id01170_7eoTTk4xyNo_id01452_wavtolip.npz,4.028563022613525,4.028563022613525,4.9865922927856445,1
FakeVideo-FakeAudio/African/men/id01637/00002_id01170_wavtolip.npz,4.124156475067139,4.124156475067139,5.5019330978393555,1
FakeVideo-FakeAudio/African/men/id01637/00002_id01171_wavtolip.npz,3.8021724224090576,3.8021724224090576,5.100259780883789,1
FakeVideo-FakeAudio/African/men/id01637/00002_id01236_wavtolip.npz,3.391822338104248,3.391822338104248,4.788907051086426,1
FakeVideo-FakeAudio/African/men/id01637/00002_id01392_wavtolip.npz,4.3549299240112305,4.3549299240112305,5.4079389572143555,1
FakeVideo-FakeAudio/African/men/id01637/00002_id01610_l8zb_iaDJJA_id01236_wavtolip.npz,3.6687803268432617,3.6687803268432617,4.768556118011475,1
FakeVideo-FakeAudio/African/men/id01637/00002_id01691_wavtolip.npz,3.934532642364502,3.934532642364502,5.459656238555908,1
FakeVideo-FakeAudio/African/men/id01637/00002_id01920_w9C_knCPD94_id00076_wavtolip.npz,2.685725688934326,2.685725688934326,5.404729843139648,1
FakeVideo-FakeAudio/African/men/id01637/00002_id02005_7_Egh9mW5y4_id01392_wavtolip.npz,4.210615158081055,4.210615158081055,5.4055352210998535,1
FakeVideo-FakeAudio/African/men/id01637/00002_id02051_wavtolip.npz,3.3510799407958984,3.3510799407958984,4.99954080581665,1
FakeVideo-FakeAudio/African/men/id01637/00002_id02316_wavtolip.npz,3.6519691944122314,3.6519691944122314,4.963685512542725,1
FakeVideo-FakeAudio/African/men/id01637/00002_id02494_lObg47hQleE_id01530_wavtolip.npz,3.708501100540161,3.708501100540161,5.123627662658691,1
FakeVideo-FakeAudio/African/men/id02051/00015_id00076_wavtolip.npz,0.47516095638275146,0.47516095638275146,5.105100631713867,1
FakeVideo-FakeAudio/African/men/id02051/00015_id00166_wavtolip.npz,3.581449508666992,3.581449508666992,5.119573593139648,1
FakeVideo-FakeAudio/African/men/id02051/00015_id00173_UHoMXLSjlDo_id01691_wavtolip.npz,3.7224175930023193,3.7224175930023193,5.14166784286499,1
FakeVideo-FakeAudio/African/men/id02051/00015_id00173_wavtolip.npz,1.2297817468643188,1.2297817468643188,5.061520576477051,1
FakeVideo-FakeAudio/African/men/id02051/00015_id00701_lW6uzLIOwd0_id01779_wavtolip.npz,3.575500965118408,3.575500965118408,5.193000793457031,1
FakeVideo-FakeAudio/African/men/id02051/00015_id00987_wavtolip.npz,1.4978249073028564,1.4978249073028564,5.144436836242676,1
FakeVideo-FakeAudio/African/men/id02051/00015_id01236_wavtolip.npz,3.6378612518310547,3.6378612518310547,4.792478084564209,1
FakeVideo-FakeAudio/African/men/id02051/00015_id01521_jthjSmLdLOg_id00761_wavtolip.npz,4.21237325668335,4.21237325668335,5.158227920532227,1
FakeVideo-FakeAudio/African/men/id02051/00015_id01530_wavtolip.npz,1.6324565410614014,1.6324565410614014,5.0774712562561035,1
FakeVideo-FakeAudio/African/men/id02051/00015_id01610_l8zb_iaDJJA_id01717_wavtolip.npz,4.111579895019531,4.111579895019531,4.871695041656494,1
FakeVideo-FakeAudio/African/men/id02051/00015_id01691_wavtolip.npz,3.105224847793579,3.105224847793579,5.104710578918457,1
FakeVideo-FakeAudio/African/men/id02051/00015_id01835_UZbWA0QfXXA_id00944_wavtolip.npz,3.474079132080078,3.474079132080078,5.097520351409912,1
FakeVideo-FakeAudio/African/men/id02051/00015_id01835_wavtolip.npz,2.797605514526367,2.797605514526367,5.065557479858398,1
FakeVideo-FakeAudio/African/men/id02051/00015_id01995_YUR9wTypwIo_id00476_wavtolip.npz,4.090532302856445,4.090532302856445,5.111095428466797,1
FakeVideo-FakeAudio/African/men/id02051/00015_id02040_wl6EVkamZFQ_id00781_wavtolip.npz,3.8080532550811768,3.8080532550811768,4.742871284484863,1
FakeVideo-FakeAudio/African/men/id02051/00015_id02316_wavtolip.npz,3.311786413192749,3.311786413192749,4.952218055725098,1
FakeVideo-FakeAudio/African/men/id02051/00015_id02342_wavtolip.npz,2.215637683868408,2.215637683868408,5.1924519538879395,1
FakeVideo-FakeAudio/African/men/id00366/00118_id00076_Isiq7cA-DNE_faceswap_id01170_wavtolip.npz,3.879487991333008,3.879487991333008,5.526136875152588,1
FakeVideo-FakeAudio/African/men/id00366/00118_id00076_Isiq7cA-DNE_faceswap_id01779_wavtolip.npz,3.3697667121887207,3.3697667121887207,5.404104232788086,1
FakeVideo-FakeAudio/African/men/id00366/00118_id00076_Isiq7cA-DNE_faceswap_id02316_wavtolip.npz,3.8957724571228027,3.8957724571228027,4.99617338180542,1
FakeVideo-FakeAudio/African/men/id00366/00118_id00076_Isiq7cA-DNE_faceswap_id02342_wavtolip.npz,4.086432933807373,4.086432933807373,5.2963786125183105,1
FakeVideo-FakeAudio/African/men/id00366/00118_id00076_Isiq7cA-DNE_faceswap_id02494_wavtolip.npz,3.345332384109497,3.345332384109497,4.329582214355469,1
FakeVideo-FakeAudio/African/men/id00366/00118_id00076_Isiq7cA-DNE_id00944_wavtolip.npz,2.9879565238952637,2.9879565238952637,5.407876968383789,1
FakeVideo-FakeAudio/African/men/id00366/00118_id00476_UgdYVJ6xPYg_id00076_wavtolip.npz,4.19472074508667,4.19472074508667,5.788905620574951,1
FakeVideo-FakeAudio/African/men/id00366/00118_id00781_fvsSae9yc0A_id01597_wavtolip.npz,3.637690305709839,3.637690305709839,5.442209243774414,1
FakeVideo-FakeAudio/African/men/id00366/00118_id00781_wavtolip.npz,3.711127996444702,3.711127996444702,4.722555637359619,1
FakeVideo-FakeAudio/African/men/id00366/00118_id01170_wavtolip.npz,3.7006092071533203,3.7006092071533203,5.504451751708984,1
FakeVideo-FakeAudio/African/men/id00366/00118_id01207_mt129WTRSII_id02316_wavtolip.npz,3.9194529056549072,3.9194529056549072,4.992130756378174,1
FakeVideo-FakeAudio/African/men/id00366/00118_id01236_wavtolip.npz,3.6774258613586426,3.6774258613586426,4.774842262268066,1
FakeVideo-FakeAudio/African/men/id00366/00118_id01528_wavtolip.npz,3.337786912918091,3.337786912918091,5.505605220794678,1
FakeVideo-FakeAudio/African/men/id00366/00118_id01544_uBo9585VW2A_id02342_wavtolip.npz,4.212262153625488,4.212262153625488,5.317207336425781,1
FakeVideo-FakeAudio/African/men/id00366/00118_id01598_wavtolip.npz,3.9622764587402344,3.9622764587402344,5.176332473754883,1
FakeVideo-FakeAudio/African/men/id00366/00118_id01637_5VjcPZm8knM_id01835_wavtolip.npz,3.388503074645996,3.388503074645996,5.781871795654297,1
FakeVideo-FakeAudio/African/men/id00366/00118_id01691_IVtS5z8Jrrk_id01597_wavtolip.npz,3.247352123260498,3.247352123260498,5.4201202392578125,1
FakeVideo-FakeAudio/African/men/id00366/00118_id01717_JDW6p8yU13A_id01856_wavtolip.npz,3.258375883102417,3.258375883102417,5.0454182624816895,1
FakeVideo-FakeAudio/African/men/id00366/00118_id01717_wavtolip.npz,4.048023700714111,4.048023700714111,4.875656604766846,1
FakeVideo-FakeAudio/African/men/id00366/00118_id01835_wavtolip.npz,3.0194578170776367,3.0194578170776367,5.746913433074951,1
FakeVideo-FakeAudio/African/men/id00366/00118_id01856_wavtolip.npz,2.914829730987549,2.914829730987549,5.073254585266113,1
FakeVideo-FakeAudio/African/men/id00366/00118_id01920_w9C_knCPD94_id01170_wavtolip.npz,3.5511739253997803,3.5511739253997803,5.486884117126465,1
FakeVideo-FakeAudio/African/men/id00366/00118_id02005_7_Egh9mW5y4_id01544_wavtolip.npz,3.501254081726074,3.501254081726074,5.102540016174316,1
FakeVideo-FakeAudio/African/men/id00366/00118_id02005_wavtolip.npz,4.026001930236816,4.026001930236816,5.285518169403076,1
FakeVideo-FakeAudio/African/men/id00366/00118_id02268_wavtolip.npz,2.7775983810424805,2.7775983810424805,5.415992736816406,1
FakeVideo-FakeAudio/African/women/id00359/00053_id00460_wavtolip.npz,-0.577674150466919,-0.577674150466919,5.0296549797058105,1
FakeVideo-FakeAudio/African/women/id00359/00053_id01178_wavtolip.npz,0.4091233015060425,0.4091233015060425,5.030274868011475,1
FakeVideo-FakeAudio/African/women/id00359/00053_id01838_q_lUk55OrL0_faceswap_id00568_wavtolip.npz,3.3243141174316406,3.3243141174316406,5.030261993408203,1
FakeVideo-FakeAudio/African/women/id00359/00053_id01838_q_lUk55OrL0_faceswap_id03658_wavtolip.npz,3.742403507232666,3.742403507232666,5.011830806732178,1
FakeVideo-FakeAudio/African/women/id00359/00053_id01838_q_lUk55OrL0_faceswap_id04736_wavtolip.npz,3.8022329807281494,3.8022329807281494,5.037426471710205,1
FakeVideo-FakeAudio/African/women/id00359/00053_id01838_q_lUk55OrL0_faceswap_id05106_wavtolip.npz,3.780945301055908,3.780945301055908,5.084267616271973,1
FakeVideo-FakeAudio/African/women/id00359/00053_id01838_q_lUk55OrL0_faceswap_id05252_wavtolip.npz,4.133945941925049,4.133945941925049,4.973580837249756,1
FakeVideo-FakeAudio/African/women/id00359/00053_id01838_wavtolip.npz,3.7055697441101074,3.7055697441101074,5.043875217437744,1
FakeVideo-FakeAudio/African/women/id00359/00053_id02071_cHuDh9F87vA_id02948_wavtolip.npz,3.8569178581237793,3.8569178581237793,4.969891548156738,1
FakeVideo-FakeAudio/African/women/id00359/00053_id02508_wavtolip.npz,3.2738733291625977,3.2738733291625977,5.017947196960449,1
FakeVideo-FakeAudio/African/women/id00359/00053_id02586_dEYzYDsbAeo_id01907_wavtolip.npz,3.9559693336486816,3.9559693336486816,5.0889811515808105,1
FakeVideo-FakeAudio/African/women/id00359/00053_id02721_wavtolip.npz,4.136064529418945,4.136064529418945,5.048213958740234,1
FakeVideo-FakeAudio/African/women/id00359/00053_id02838_kaCQlSGlLe8_id04689_wavtolip.npz,4.021738052368164,4.021738052368164,5.051196098327637,1
FakeVideo-FakeAudio/African/women/id00359/00053_id02948_wavtolip.npz,3.3485937118530273,3.3485937118530273,4.982028007507324,1
FakeVideo-FakeAudio/African/women/id00359/00053_id04376_wavtolip.npz,3.888167381286621,3.888167381286621,5.039670944213867,1
FakeVideo-FakeAudio/African/women/id00359/00053_id04437_wavtolip.npz,3.7678768634796143,3.7678768634796143,5.118525981903076,1
FakeVideo-FakeAudio/African/women/id00359/00053_id04547_3Qy2g2M47Aw_id03747_wavtolip.npz,2.509561061859131,2.509561061859131,5.1767072677612305,1
FakeVideo-FakeAudio/African/women/id00359/00053_id04736_wavtolip.npz,3.8067450523376465,3.8067450523376465,5.067500591278076,1
FakeVideo-FakeAudio/African/women/id00359/00053_id04820_64ybrA1atlM_id00577_wavtolip.npz,2.5352845191955566,2.5352845191955566,5.033891677856445,1
FakeVideo-FakeAudio/African/women/id00359/00053_id05106_ZnnDdjlABM4_id03569_wavtolip.npz,3.785524368286133,3.785524368286133,4.856313705444336,1
FakeVideo-FakeAudio/African/women/id00359/00053_id05980_bbg4HtuM_jo_id00829_wavtolip.npz,3.642179489135742,3.642179489135742,5.040987014770508,1
FakeVideo-FakeAudio/African/women/id00359/00053_id05980_wavtolip.npz,3.525787830352783,3.525787830352783,5.029350757598877,1
FakeVideo-FakeAudio/African/women/id01907/00148_id00220_WlHLlTQKj8g_id00359_wavtolip.npz,3.8824238777160645,3.8824238777160645,4.7410054206848145,1
FakeVideo-FakeAudio/African/women/id01907/00148_id00371_t20i0HtPwW0_id00832_wavtolip.npz,4.207818031311035,4.207818031311035,4.953104019165039,1
FakeVideo-FakeAudio/African/women/id01907/00148_id00829_aMEvVaUBq2Y_id00592_wavtolip.npz,4.126261234283447,4.126261234283447,5.353740692138672,1
FakeVideo-FakeAudio/African/women/id01907/00148_id00832_Jr4-dXRChME_id00577_wavtolip.npz,4.490671157836914,4.490671157836914,5.2341837882995605,1
FakeVideo-FakeAudio/African/women/id01907/00148_id01532_XnlWp_s_f7Q_id02301_wavtolip.npz,4.093990325927734,4.093990325927734,5.009387493133545,1
FakeVideo-FakeAudio/African/women/id01907/00148_id01838_wavtolip.npz,4.072042942047119,4.072042942047119,5.30006217956543,1
FakeVideo-FakeAudio/African/women/id01907/00148_id02586_wavtolip.npz,4.010015964508057,4.010015964508057,5.005810737609863,1
FakeVideo-FakeAudio/African/women/id01907/00148_id03569_wavtolip.npz,3.560161590576172,3.560161590576172,4.894808769226074,1
FakeVideo-FakeAudio/African/women/id01907/00148_id03747_wavtolip.npz,2.326718330383301,2.326718330383301,5.304845333099365,1
FakeVideo-FakeAudio/African/women/id01907/00148_id04055_wavtolip.npz,3.3994600772857666,3.3994600772857666,4.85467004776001,1
FakeVideo-FakeAudio/African/women/id01907/00148_id04705_wavtolip.npz,2.8667263984680176,2.8667263984680176,5.315460205078125,1
FakeVideo-FakeAudio/African/women/id01907/00148_id04705_ziJ9JsYr4R0_id01838_wavtolip.npz,3.6926791667938232,3.6926791667938232,5.2768659591674805,1
FakeVideo-FakeAudio/African/women/id01907/00148_id04736_wavtolip.npz,0.9494530558586121,0.9494530558586121,5.242097854614258,1
FakeVideo-FakeAudio/African/women/id01907/00148_id04820_wavtolip.npz,4.139547348022461,4.139547348022461,5.279000759124756,1
FakeVideo-FakeAudio/African/women/id01907/00148_id04939_wavtolip.npz,3.9048197269439697,3.9048197269439697,4.972940921783447,1
FakeVideo-FakeAudio/African/women/id01907/00148_id05235_ASy8lP3SRtw_faceswap_id00371_wavtolip.npz,3.5174262523651123,3.5174262523651123,5.1913743019104,1
FakeVideo-FakeAudio/African/women/id01907/00148_id05235_ASy8lP3SRtw_faceswap_id03656_wavtolip.npz,3.582292079925537,3.582292079925537,5.247804164886475,1
FakeVideo-FakeAudio/African/women/id01907/00148_id05235_ASy8lP3SRtw_faceswap_id04437_wavtolip.npz,3.786489486694336,3.786489486694336,5.104180335998535,1
FakeVideo-FakeAudio/African/women/id01907/00148_id05235_ASy8lP3SRtw_faceswap_id05251_wavtolip.npz,3.797133207321167,3.797133207321167,4.923925876617432,1
FakeVideo-FakeAudio/African/women/id01907/00148_id05235_ASy8lP3SRtw_faceswap_id05252_wavtolip.npz,3.9287331104278564,3.9287331104278564,5.09917688369751,1
FakeVideo-FakeAudio/African/women/id01907/00148_id05235_ASy8lP3SRtw_id02838_wavtolip.npz,3.4000093936920166,3.4000093936920166,5.319066524505615,1
FakeVideo-FakeAudio/African/women/id01907/00148_id05252_CMxIX3absYM_id00832_wavtolip.npz,4.162253379821777,4.162253379821777,4.95099401473999,1
FakeVideo-FakeAudio/African/women/id01661/00059_id00371_t20i0HtPwW0_id05980_wavtolip.npz,4.050674915313721,4.050674915313721,5.058415412902832,1
FakeVideo-FakeAudio/African/women/id01661/00059_id00371_wavtolip.npz,3.559147596359253,3.559147596359253,5.082674026489258,1
FakeVideo-FakeAudio/African/women/id01661/00059_id00577_wavtolip.npz,4.133144855499268,4.133144855499268,5.1206231117248535,1
FakeVideo-FakeAudio/African/women/id01661/00059_id00592_wavtolip.npz,2.2549304962158203,2.2549304962158203,5.093984603881836,1
FakeVideo-FakeAudio/African/women/id01661/00059_id00832_wavtolip.npz,3.930661201477051,3.930661201477051,4.974323749542236,1
FakeVideo-FakeAudio/African/women/id01661/00059_id01178_wavtolip.npz,-2.8151049613952637,-2.8151049613952637,5.129849433898926,1
FakeVideo-FakeAudio/African/women/id01661/00059_id01661_wavtolip.npz,3.3986425399780273,3.3986425399780273,5.103084564208984,1
FakeVideo-FakeAudio/African/women/id01661/00059_id01783_WBUM0bHzWNA_id04376_wavtolip.npz,4.08261251449585,4.08261251449585,5.075651168823242,1
FakeVideo-FakeAudio/African/women/id01661/00059_id01838_wavtolip.npz,3.3041958808898926,3.3041958808898926,5.132104396820068,1
FakeVideo-FakeAudio/African/women/id01661/00059_id01907_LBcRkuRq0uY_id02808_wavtolip.npz,-0.26147544384002686,-0.26147544384002686,5.138348579406738,1
FakeVideo-FakeAudio/African/women/id01661/00059_id02071_wavtolip.npz,2.477853536605835,2.477853536605835,3.971250057220459,1
FakeVideo-FakeAudio/African/women/id01661/00059_id02508_wavtolip.npz,3.3586511611938477,3.3586511611938477,5.109535217285156,1
FakeVideo-FakeAudio/African/women/id01661/00059_id02586_wavtolip.npz,3.971773624420166,3.971773624420166,4.98541259765625,1
FakeVideo-FakeAudio/African/women/id01661/00059_id03656_wavtolip.npz,3.879199981689453,3.879199981689453,5.12739896774292,1
FakeVideo-FakeAudio/African/women/id01661/00059_id03713_wavtolip.npz,3.7850329875946045,3.7850329875946045,4.964917182922363,1
FakeVideo-FakeAudio/African/women/id01661/00059_id04055_0qrzF4HLXHY_id04055_wavtolip.npz,3.7740230560302734,3.7740230560302734,4.898853302001953,1
FakeVideo-FakeAudio/African/women/id01661/00059_id04055_wavtolip.npz,3.7890589237213135,3.7890589237213135,4.881531715393066,1
FakeVideo-FakeAudio/African/women/id01661/00059_id04939_i4v2cXo9HIQ_id02071_wavtolip.npz,2.526181221008301,2.526181221008301,3.98857045173645,1
FakeVideo-FakeAudio/African/women/id01661/00059_id05252_CMxIX3absYM_id00592_wavtolip.npz,2.479973793029785,2.479973793029785,5.056194305419922,1
FakeVideo-FakeAudio/African/women/id03747/00273_id00220_WlHLlTQKj8g_id05251_wavtolip.npz,3.599499464035034,3.599499464035034,4.939955234527588,1
FakeVideo-FakeAudio/African/women/id03747/00273_id00220_wavtolip.npz,3.9972620010375977,3.9972620010375977,4.7852783203125,1
FakeVideo-FakeAudio/African/women/id03747/00273_id00359_RZMQan-7me4_id00592_wavtolip.npz,3.106635093688965,3.106635093688965,5.225401878356934,1
FakeVideo-FakeAudio/African/women/id03747/00273_id00577_wavtolip.npz,3.9598090648651123,3.9598090648651123,5.195586204528809,1
FakeVideo-FakeAudio/African/women/id03747/00273_id00707_wavtolip.npz,3.776341199874878,3.776341199874878,4.822136878967285,1
FakeVideo-FakeAudio/African/women/id03747/00273_id01907_wavtolip.npz,0.5279850363731384,0.5279850363731384,5.217111110687256,1
FakeVideo-FakeAudio/African/women/id03747/00273_id02071_cHuDh9F87vA_id02071_wavtolip.npz,1.9305182695388794,1.9305182695388794,3.940230369567871,1
FakeVideo-FakeAudio/African/women/id03747/00273_id02617_wavtolip.npz,3.978816509246826,3.978816509246826,5.333558082580566,1
FakeVideo-FakeAudio/African/women/id03747/00273_id02808_wavtolip.npz,4.207958221435547,4.207958221435547,5.722383499145508,1
FakeVideo-FakeAudio/African/women/id03747/00273_id02824_glBy_mYcXZw_faceswap_id01661_wavtolip.npz,3.9310402870178223,3.9310402870178223,5.1182756423950195,1
FakeVideo-FakeAudio/African/women/id03747/00273_id02824_glBy_mYcXZw_faceswap_id04055_wavtolip.npz,3.4430012702941895,3.4430012702941895,4.85865592956543,1
FakeVideo-FakeAudio/African/women/id03747/00273_id02824_glBy_mYcXZw_faceswap_id04374_wavtolip.npz,2.508213520050049,2.508213520050049,3.6854190826416016,1
FakeVideo-FakeAudio/African/women/id03747/00273_id02824_glBy_mYcXZw_faceswap_id04547_wavtolip.npz,3.4007532596588135,3.4007532596588135,4.717541694641113,1
FakeVideo-FakeAudio/African/women/id03747/00273_id02824_glBy_mYcXZw_faceswap_id05235_wavtolip.npz,3.8977227210998535,3.8977227210998535,5.2908830642700195,1
FakeVideo-FakeAudio/African/women/id03747/00273_id02824_glBy_mYcXZw_id00592_wavtolip.npz,2.923088550567627,2.923088550567627,5.2691802978515625,1
FakeVideo-FakeAudio/African/women/id03747/00273_id02838_wavtolip.npz,4.184161186218262,4.184161186218262,5.674192428588867,1
FakeVideo-FakeAudio/African/women/id03747/00273_id03569_wavtolip.npz,3.5051913261413574,3.5051913261413574,4.879604816436768,1
FakeVideo-FakeAudio/African/women/id03747/00273_id04374_SWltOOZmlWM_id05252_wavtolip.npz,4.1270928382873535,4.1270928382873535,5.1225504875183105,1
FakeVideo-FakeAudio/African/women/id03747/00273_id04689_0YqK1ksKjLg_id00359_wavtolip.npz,3.0829520225524902,3.0829520225524902,4.753901481628418,1
FakeVideo-FakeAudio/African/women/id03747/00273_id05231_wavtolip.npz,3.797868490219116,3.797868490219116,5.046270847320557,1
FakeVideo-FakeAudio/African/women/id03747/00273_id05231_wfbM5puT6eQ_id02948_wavtolip.npz,1.954721212387085,1.954721212387085,5.026331424713135,1
FakeVideo-FakeAudio/African/women/id03747/00273_id05235_ASy8lP3SRtw_id05251_wavtolip.npz,3.6054844856262207,3.6054844856262207,4.967625617980957,1
FakeVideo-FakeAudio/African/women/id03747/00273_id05235_wavtolip.npz,3.8374147415161133,3.8374147415161133,5.258642673492432,1
FakeVideo-FakeAudio/African/women/id03713/00249_id00371_t20i0HtPwW0_id04689_wavtolip.npz,3.962143659591675,3.962143659591675,5.16364860534668,1
FakeVideo-FakeAudio/African/women/id03713/00249_id00371_wavtolip.npz,3.2058582305908203,3.2058582305908203,5.033162593841553,1
FakeVideo-FakeAudio/African/women/id03713/00249_id00577_wavtolip.npz,3.5195698738098145,3.5195698738098145,5.132127285003662,1
FakeVideo-FakeAudio/African/women/id03713/00249_id01532_XnlWp_s_f7Q_id05106_wavtolip.npz,1.7014415264129639,1.7014415264129639,5.111929893493652,1
FakeVideo-FakeAudio/African/women/id03713/00249_id01661_wavtolip.npz,3.4765167236328125,3.4765167236328125,5.090151309967041,1
FakeVideo-FakeAudio/African/women/id03713/00249_id01783_wavtolip.npz,2.7261898517608643,2.7261898517608643,5.006644248962402,1
FakeVideo-FakeAudio/African/women/id03713/00249_id02508_wavtolip.npz,2.470139980316162,2.470139980316162,5.067549705505371,1
FakeVideo-FakeAudio/African/women/id03713/00249_id02586_wavtolip.npz,4.019741535186768,4.019741535186768,4.985293388366699,1
FakeVideo-FakeAudio/African/women/id03713/00249_id02617_4EZjRXC4fLk_faceswap_id00220_wavtolip.npz,3.914006233215332,3.914006233215332,4.7891435623168945,1
FakeVideo-FakeAudio/African/women/id03713/00249_id02617_4EZjRXC4fLk_faceswap_id00832_wavtolip.npz,3.9858381748199463,3.9858381748199463,5.002053260803223,1
FakeVideo-FakeAudio/African/women/id03713/00249_id02617_4EZjRXC4fLk_faceswap_id01178_wavtolip.npz,-0.32895803451538086,-0.32895803451538086,5.139490127563477,1
FakeVideo-FakeAudio/African/women/id03713/00249_id02617_4EZjRXC4fLk_faceswap_id01532_wavtolip.npz,4.013630390167236,4.013630390167236,5.194614887237549,1
FakeVideo-FakeAudio/African/women/id03713/00249_id02617_4EZjRXC4fLk_faceswap_id04245_wavtolip.npz,4.043971061706543,4.043971061706543,5.117964744567871,1
FakeVideo-FakeAudio/African/women/id03713/00249_id02721_wavtolip.npz,3.5023980140686035,3.5023980140686035,5.151439666748047,1
FakeVideo-FakeAudio/African/women/id03713/00249_id02824_glBy_mYcXZw_id04437_wavtolip.npz,3.9880051612854004,3.9880051612854004,5.155491828918457,1
FakeVideo-FakeAudio/African/women/id03713/00249_id03103_wiCYm3THQPw_id04820_wavtolip.npz,3.444309711456299,3.444309711456299,5.06314754486084,1
FakeVideo-FakeAudio/African/women/id03713/00249_id03658_8Wtu9VXKqjY_id05235_wavtolip.npz,3.981027364730835,3.981027364730835,5.184316635131836,1
FakeVideo-FakeAudio/African/women/id03713/00249_id04736__D2k4fMhEfQ_id00829_wavtolip.npz,4.071239471435547,4.071239471435547,5.170368671417236,1
FakeVideo-FakeAudio/African/women/id03713/00249_id04736_wavtolip.npz,0.4150104224681854,0.4150104224681854,5.116819858551025,1
FakeVideo-FakeAudio/African/women/id02721/00424_id00359_wavtolip.npz,3.3700835704803467,3.3700835704803467,4.702694892883301,1
FakeVideo-FakeAudio/African/women/id02721/00424_id00371_t20i0HtPwW0_id04939_wavtolip.npz,3.5333058834075928,3.5333058834075928,4.907252311706543,1
FakeVideo-FakeAudio/African/women/id02721/00424_id00568_gakhcJXnJZ8_id04939_wavtolip.npz,3.3052549362182617,3.3052549362182617,4.911595344543457,1
FakeVideo-FakeAudio/African/women/id02721/00424_id00707_wavtolip.npz,3.0698347091674805,3.0698347091674805,4.791676998138428,1
FakeVideo-FakeAudio/African/women/id02721/00424_id01178_wavtolip.npz,3.7124953269958496,3.7124953269958496,5.179781913757324,1
FakeVideo-FakeAudio/African/women/id02721/00424_id01661_wavtolip.npz,3.579239845275879,3.579239845275879,5.074568748474121,1
FakeVideo-FakeAudio/African/women/id02721/00424_id01783_wavtolip.npz,2.4583959579467773,2.4583959579467773,5.241204261779785,1
FakeVideo-FakeAudio/African/women/id02721/00424_id02071_wavtolip.npz,2.0209877490997314,2.0209877490997314,3.905083179473877,1
FakeVideo-FakeAudio/African/women/id02721/00424_id02586_dEYzYDsbAeo_id04939_wavtolip.npz,3.824324607849121,3.824324607849121,4.93117094039917,1
FakeVideo-FakeAudio/African/women/id02721/00424_id02617_wavtolip.npz,4.002305030822754,4.002305030822754,5.317192077636719,1
FakeVideo-FakeAudio/African/women/id02721/00424_id02721_wavtolip.npz,2.4387030601501465,2.4387030601501465,5.292326927185059,1
FakeVideo-FakeAudio/African/women/id02721/00424_id02808_nZtvxh6Eesc_id00371_wavtolip.npz,3.434412717819214,3.434412717819214,5.175792694091797,1
FakeVideo-FakeAudio/African/women/id02721/00424_id02824_wavtolip.npz,4.036398887634277,4.036398887634277,5.173738956451416,1
FakeVideo-FakeAudio/African/women/id02721/00424_id02948__ZEDGNWjuFE_id05235_wavtolip.npz,3.8844685554504395,3.8844685554504395,5.215856075286865,1
FakeVideo-FakeAudio/African/women/id02721/00424_id03658_8Wtu9VXKqjY_faceswap_id00371_wavtolip.npz,3.6033473014831543,3.6033473014831543,5.195596218109131,1
FakeVideo-FakeAudio/African/women/id02721/00424_id03658_8Wtu9VXKqjY_faceswap_id02824_wavtolip.npz,4.146178245544434,4.146178245544434,5.224701404571533,1
FakeVideo-FakeAudio/African/women/id02721/00424_id03658_8Wtu9VXKqjY_faceswap_id02838_wavtolip.npz,2.1414434909820557,2.1414434909820557,5.412439823150635,1
FakeVideo-FakeAudio/African/women/id02721/00424_id03658_8Wtu9VXKqjY_faceswap_id02948_wavtolip.npz,3.045621871948242,3.045621871948242,5.0431318283081055,1
FakeVideo-FakeAudio/African/women/id02721/00424_id03658_8Wtu9VXKqjY_faceswap_id04820_wavtolip.npz,3.7337093353271484,3.7337093353271484,5.175884246826172,1
FakeVideo-FakeAudio/African/women/id02721/00424_id03658_8Wtu9VXKqjY_id02808_wavtolip.npz,-0.9771411418914795,-0.9771411418914795,5.345743656158447,1
FakeVideo-FakeAudio/African/women/id02721/00424_id03658_wavtolip.npz,4.08960485458374,4.08960485458374,5.318661689758301,1
FakeVideo-FakeAudio/African/women/id02721/00424_id04705_ziJ9JsYr4R0_id05980_wavtolip.npz,3.7839155197143555,3.7839155197143555,5.291568756103516,1
FakeVideo-FakeAudio/African/women/id02721/00424_id05231_wfbM5puT6eQ_id00568_wavtolip.npz,3.8313748836517334,3.8313748836517334,5.332313537597656,1
FakeVideo-FakeAudio/African/women/id04547/00052_2_id00832_wavtolip.npz,4.150173664093018,4.150173664093018,4.960016250610352,1
FakeVideo-FakeAudio/African/women/id04547/00052_2_id02617_wavtolip.npz,4.076583385467529,4.076583385467529,5.327545642852783,1
FakeVideo-FakeAudio/African/women/id04547/00052_2_id02808_wavtolip.npz,-0.956023097038269,-0.956023097038269,5.663172721862793,1
FakeVideo-FakeAudio/African/women/id04547/00052_2_id02824_wavtolip.npz,3.482494831085205,3.482494831085205,5.151947975158691,1
FakeVideo-FakeAudio/African/women/id04547/00052_2_id05251_wavtolip.npz,3.623908519744873,3.623908519744873,4.861818790435791,1
FakeVideo-FakeAudio/African/women/id04547/00052_id00568_wavtolip.npz,3.3565597534179688,3.3565597534179688,5.245626449584961,1
FakeVideo-FakeAudio/African/women/id04547/00052_id00829_aMEvVaUBq2Y_id04540_wavtolip.npz,3.8845226764678955,3.8845226764678955,4.693386077880859,1
FakeVideo-FakeAudio/African/women/id04547/00052_id00832_wavtolip.npz,4.055845260620117,4.055845260620117,5.016709804534912,1
FakeVideo-FakeAudio/African/women/id04547/00052_id01532_wavtolip.npz,4.380080223083496,4.380080223083496,5.334898471832275,1
FakeVideo-FakeAudio/African/women/id04547/00052_id01783_wavtolip.npz,2.0778701305389404,2.0778701305389404,5.21137809753418,1
FakeVideo-FakeAudio/African/women/id04547/00052_id02586_dEYzYDsbAeo_id02586_wavtolip.npz,3.3684864044189453,3.3684864044189453,4.953441619873047,1
FakeVideo-FakeAudio/African/women/id04547/00052_id02721_wavtolip.npz,3.5373082160949707,3.5373082160949707,5.281461238861084,1
FakeVideo-FakeAudio/African/women/id04547/00052_id03103_wiCYm3THQPw_id00460_wavtolip.npz,0.6162930130958557,0.6162930130958557,5.264191150665283,1
FakeVideo-FakeAudio/African/women/id04547/00052_id03656_draVIyyqLtk_id02808_wavtolip.npz,-0.9789091944694519,-0.9789091944694519,5.338191032409668,1
FakeVideo-FakeAudio/African/women/id04547/00052_id03713_wavtolip.npz,3.9222006797790527,3.9222006797790527,4.959753036499023,1
FakeVideo-FakeAudio/African/women/id04547/00052_id04374_SWltOOZmlWM_id04939_wavtolip.npz,3.469864845275879,3.469864845275879,4.967077732086182,1
FakeVideo-FakeAudio/African/women/id04547/00052_id04540_9KNIjew03AQ_id01661_wavtolip.npz,3.4862332344055176,3.4862332344055176,5.11810302734375,1
FakeVideo-FakeAudio/African/women/id04547/00052_id04540_wavtolip.npz,3.725893497467041,3.725893497467041,4.709116458892822,1
FakeVideo-FakeAudio/African/women/id04547/00052_id04689_wavtolip.npz,3.84204363822937,3.84204363822937,5.3177571296691895,1
FakeVideo-FakeAudio/African/women/id00220/00027_id00220_wavtolip.npz,3.6376986503601074,3.6376986503601074,4.828763961791992,1
FakeVideo-FakeAudio/African/women/id00220/00027_id00707_wavtolip.npz,3.7357306480407715,3.7357306480407715,4.814992904663086,1
FakeVideo-FakeAudio/African/women/id00220/00027_id01178_6XpgYMiKxhc_id05235_wavtolip.npz,3.943923234939575,3.943923234939575,5.1440839767456055,1
FakeVideo-FakeAudio/African/women/id00220/00027_id01907_LBcRkuRq0uY_id04705_wavtolip.npz,1.8702521324157715,1.8702521324157715,5.071630477905273,1
FakeVideo-FakeAudio/African/women/id00220/00027_id02586_wavtolip.npz,4.091597557067871,4.091597557067871,5.019287586212158,1
FakeVideo-FakeAudio/African/women/id00220/00027_id02617_wavtolip.npz,3.8181228637695312,3.8181228637695312,5.198703765869141,1
FakeVideo-FakeAudio/African/women/id00220/00027_id02824_glBy_mYcXZw_id04437_wavtolip.npz,4.022109031677246,4.022109031677246,5.1434326171875,1
FakeVideo-FakeAudio/African/women/id00220/00027_id02838_wavtolip.npz,3.329035520553589,3.329035520553589,5.203419208526611,1
FakeVideo-FakeAudio/African/women/id00220/00027_id02948_wavtolip.npz,2.519575595855713,2.519575595855713,5.030712127685547,1
FakeVideo-FakeAudio/African/women/id00220/00027_id03569_YO0EpPm9p-8_id04376_wavtolip.npz,3.955482006072998,3.955482006072998,5.090041160583496,1
FakeVideo-FakeAudio/African/women/id00220/00027_id03569_wavtolip.npz,3.087601661682129,3.087601661682129,4.871181964874268,1
FakeVideo-FakeAudio/African/women/id00220/00027_id03658_wavtolip.npz,3.7052783966064453,3.7052783966064453,5.075296878814697,1
FakeVideo-FakeAudio/African/women/id00220/00027_id04376_wavtolip.npz,3.662667751312256,3.662667751312256,5.134157180786133,1
FakeVideo-FakeAudio/African/women/id00220/00027_id04939_i4v2cXo9HIQ_id00707_wavtolip.npz,3.6080007553100586,3.6080007553100586,4.821463584899902,1
FakeVideo-FakeAudio/African/women/id00220/00027_id05251_wavtolip.npz,3.542789936065674,3.542789936065674,4.91965389251709,1
FakeVideo-FakeAudio/African/women/id00220/00027_id05252_wavtolip.npz,3.3843770027160645,3.3843770027160645,5.055256366729736,1
FakeVideo-FakeAudio/African/women/id04820/00015_id00220_wavtolip.npz,3.6956124305725098,3.6956124305725098,4.823599338531494,1
FakeVideo-FakeAudio/African/women/id04820/00015_id00359_wavtolip.npz,3.741260051727295,3.741260051727295,4.751792907714844,1
FakeVideo-FakeAudio/African/women/id04820/00015_id01178_wavtolip.npz,3.710137128829956,3.710137128829956,5.184474468231201,1
FakeVideo-FakeAudio/African/women/id04820/00015_id01783_wavtolip.npz,2.8912672996520996,2.8912672996520996,5.17460823059082,1
FakeVideo-FakeAudio/African/women/id04820/00015_id02617_wavtolip.npz,3.931346893310547,3.931346893310547,5.221545219421387,1
FakeVideo-FakeAudio/African/women/id04820/00015_id02824_wavtolip.npz,3.722318172454834,3.722318172454834,5.197136402130127,1
FakeVideo-FakeAudio/African/women/id04820/00015_id02948__ZEDGNWjuFE_faceswap_id00568_wavtolip.npz,3.3174383640289307,3.3174383640289307,5.231684684753418,1
FakeVideo-FakeAudio/African/women/id04820/00015_id02948__ZEDGNWjuFE_faceswap_id01783_wavtolip.npz,3.3281805515289307,3.3281805515289307,5.189280033111572,1
FakeVideo-FakeAudio/African/women/id04820/00015_id02948__ZEDGNWjuFE_faceswap_id02721_wavtolip.npz,3.0707802772521973,3.0707802772521973,5.212985992431641,1
FakeVideo-FakeAudio/African/women/id04820/00015_id02948__ZEDGNWjuFE_faceswap_id04376_wavtolip.npz,3.769810676574707,3.769810676574707,5.170446872711182,1
FakeVideo-FakeAudio/African/women/id04820/00015_id02948__ZEDGNWjuFE_faceswap_id04689_wavtolip.npz,3.696599006652832,3.696599006652832,5.2676591873168945,1
FakeVideo-FakeAudio/African/women/id04820/00015_id02948__ZEDGNWjuFE_id04939_wavtolip.npz,3.7919607162475586,3.7919607162475586,4.978282928466797,1
FakeVideo-FakeAudio/African/women/id04820/00015_id03747_wavtolip.npz,1.3771350383758545,1.3771350383758545,5.256926536560059,1
FakeVideo-FakeAudio/African/women/id04820/00015_id04055_wavtolip.npz,3.2503767013549805,3.2503767013549805,4.849741458892822,1
FakeVideo-FakeAudio/African/women/id04820/00015_id05106_wavtolip.npz,2.5053319931030273,2.5053319931030273,5.143601417541504,1
FakeVideo-FakeAudio/African/women/id04736/00083_id00359_wavtolip.npz,3.6526622772216797,3.6526622772216797,4.753939151763916,1
FakeVideo-FakeAudio/African/women/id04736/00083_id01661_wavtolip.npz,3.9344332218170166,3.9344332218170166,5.096848964691162,1
FakeVideo-FakeAudio/African/women/id04736/00083_id02071_wavtolip.npz,2.6161036491394043,2.6161036491394043,3.8897056579589844,1
FakeVideo-FakeAudio/African/women/id04736/00083_id02508_wavtolip.npz,2.8323066234588623,2.8323066234588623,5.400432586669922,1
FakeVideo-FakeAudio/African/women/id04736/00083_id04055_wavtolip.npz,3.4310412406921387,3.4310412406921387,4.857432842254639,1
FakeVideo-FakeAudio/African/women/id04736/00083_id04689_wavtolip.npz,3.918074607849121,3.918074607849121,5.380772113800049,1
FakeVideo-FakeAudio/African/women/id04736/00083_id05235_ASy8lP3SRtw_faceswap_id00592_wavtolip.npz,3.1995584964752197,3.1995584964752197,5.315433979034424,1
FakeVideo-FakeAudio/African/women/id04736/00083_id05235_ASy8lP3SRtw_faceswap_id01907_wavtolip.npz,0.7515816688537598,0.7515816688537598,5.278351783752441,1
FakeVideo-FakeAudio/African/women/id04736/00083_id05235_ASy8lP3SRtw_faceswap_id02721_wavtolip.npz,4.046449661254883,4.046449661254883,5.344711780548096,1
FakeVideo-FakeAudio/African/women/id04736/00083_id05235_ASy8lP3SRtw_faceswap_id04245_wavtolip.npz,4.544166088104248,4.544166088104248,5.505390167236328,1
FakeVideo-FakeAudio/African/women/id04736/00083_id05235_ASy8lP3SRtw_id05231_wavtolip.npz,3.288339614868164,3.288339614868164,5.017834663391113,1
FakeVideo-FakeAudio/African/women/id04736/00083_id05251_wavtolip.npz,3.8424794673919678,3.8424794673919678,4.937215805053711,1
FakeVideo-FakeAudio/African/women/id04736/00083_id05252_wavtolip.npz,4.123079776763916,4.123079776763916,5.12280797958374,1
FakeVideo-FakeAudio/African/women/id04376/00181_id00220_WlHLlTQKj8g_id04547_wavtolip.npz,3.3516571521759033,3.3516571521759033,4.701104164123535,1
FakeVideo-FakeAudio/African/women/id04376/00181_id00220_wavtolip.npz,3.7246413230895996,3.7246413230895996,4.839012145996094,1
FakeVideo-FakeAudio/African/women/id04376/00181_id00829_aMEvVaUBq2Y_id02948_wavtolip.npz,2.4289751052856445,2.4289751052856445,5.033615589141846,1
FakeVideo-FakeAudio/African/women/id04376/00181_id00829_wavtolip.npz,2.5638978481292725,2.5638978481292725,5.175398826599121,1
FakeVideo-FakeAudio/African/women/id04376/00181_id01661_wavtolip.npz,3.5191245079040527,3.5191245079040527,5.079896450042725,1
FakeVideo-FakeAudio/African/women/id04376/00181_id01783_wavtolip.npz,2.7247745990753174,2.7247745990753174,5.2501373291015625,1
FakeVideo-FakeAudio/African/women/id04376/00181_id02301_wavtolip.npz,3.6602323055267334,3.6602323055267334,5.0052690505981445,1
FakeVideo-FakeAudio/African/women/id04376/00181_id02508_wavtolip.npz,1.1864628791809082,1.1864628791809082,5.193962097167969,1
FakeVideo-FakeAudio/African/women/id04376/00181_id02586_dEYzYDsbAeo_id05106_wavtolip.npz,2.297701358795166,2.297701358795166,5.103765487670898,1
FakeVideo-FakeAudio/African/women/id04376/00181_id02838_kaCQlSGlLe8_id05231_wavtolip.npz,2.3844618797302246,2.3844618797302246,4.99229621887207,1
FakeVideo-FakeAudio/African/women/id04376/00181_id03656_wavtolip.npz,2.8823938369750977,2.8823938369750977,5.2946343421936035,1
FakeVideo-FakeAudio/African/women/id04376/00181_id03658_8Wtu9VXKqjY_id02586_wavtolip.npz,3.4897050857543945,3.4897050857543945,4.980935096740723,1
FakeVideo-FakeAudio/African/women/id04376/00181_id04055_wavtolip.npz,2.7126526832580566,2.7126526832580566,4.8369011878967285,1
FakeVideo-FakeAudio/African/women/id04376/00181_id04374_SWltOOZmlWM_id01838_wavtolip.npz,3.8523359298706055,3.8523359298706055,5.3378682136535645,1
FakeVideo-FakeAudio/African/women/id04376/00181_id04437_2csrqaF55pk_faceswap_id00371_wavtolip.npz,3.758847713470459,3.758847713470459,5.2427978515625,1
FakeVideo-FakeAudio/African/women/id04376/00181_id04437_2csrqaF55pk_faceswap_id00460_wavtolip.npz,0.5572986006736755,0.5572986006736755,5.240010738372803,1
FakeVideo-FakeAudio/African/women/id04376/00181_id04437_2csrqaF55pk_faceswap_id00577_wavtolip.npz,4.051189422607422,4.051189422607422,5.213479995727539,1
FakeVideo-FakeAudio/African/women/id04376/00181_id04437_2csrqaF55pk_faceswap_id01838_wavtolip.npz,3.605050563812256,3.605050563812256,5.300057888031006,1
FakeVideo-FakeAudio/African/women/id04376/00181_id04437_2csrqaF55pk_faceswap_id02721_wavtolip.npz,2.428952217102051,2.428952217102051,5.215065956115723,1
FakeVideo-FakeAudio/African/women/id04376/00181_id05106_wavtolip.npz,1.845798134803772,1.845798134803772,5.095850944519043,1
FakeVideo-FakeAudio/African/women/id04374/00032_id00359_wavtolip.npz,3.475355625152588,3.475355625152588,4.809032440185547,1
FakeVideo-FakeAudio/African/women/id04374/00032_id00592_wavtolip.npz,3.265047073364258,3.265047073364258,5.279386520385742,1
FakeVideo-FakeAudio/African/women/id04374/00032_id00707_feeHCIlo6jg_id04055_wavtolip.npz,3.8654799461364746,3.8654799461364746,4.906954288482666,1
FakeVideo-FakeAudio/African/women/id04374/00032_id00832_wavtolip.npz,4.062252044677734,4.062252044677734,4.996663570404053,1
FakeVideo-FakeAudio/African/women/id04374/00032_id02617_wavtolip.npz,3.9784226417541504,3.9784226417541504,5.325969696044922,1
FakeVideo-FakeAudio/African/women/id04374/00032_id02721_wavtolip.npz,4.124876499176025,4.124876499176025,5.388541221618652,1
FakeVideo-FakeAudio/African/women/id04374/00032_id02824_wavtolip.npz,4.418367385864258,4.418367385864258,5.3157243728637695,1
FakeVideo-FakeAudio/African/women/id04374/00032_id02838_kaCQlSGlLe8_id01783_wavtolip.npz,4.010010242462158,4.010010242462158,5.4228105545043945,1
FakeVideo-FakeAudio/African/women/id04374/00032_id03656_draVIyyqLtk_id04437_wavtolip.npz,3.9029226303100586,3.9029226303100586,5.164519786834717,1
FakeVideo-FakeAudio/African/women/id04374/00032_id04547_3Qy2g2M47Aw_id02301_wavtolip.npz,3.8285794258117676,3.8285794258117676,4.997126579284668,1
FakeVideo-FakeAudio/African/women/id04374/00032_id04689_0YqK1ksKjLg_faceswap_id00371_wavtolip.npz,3.6351664066314697,3.6351664066314697,5.210508823394775,1
FakeVideo-FakeAudio/African/women/id04374/00032_id04689_0YqK1ksKjLg_faceswap_id01532_wavtolip.npz,4.115793228149414,4.115793228149414,5.320566654205322,1
FakeVideo-FakeAudio/African/women/id04374/00032_id04689_0YqK1ksKjLg_faceswap_id04689_wavtolip.npz,4.304989337921143,4.304989337921143,5.469059467315674,1
FakeVideo-FakeAudio/African/women/id04374/00032_id04689_0YqK1ksKjLg_faceswap_id05231_wavtolip.npz,3.7336435317993164,3.7336435317993164,5.065169334411621,1
FakeVideo-FakeAudio/African/women/id04374/00032_id04820_wavtolip.npz,3.8967223167419434,3.8967223167419434,5.237045764923096,1
FakeVideo-FakeAudio/African/women/id04374/00032_id04939_wavtolip.npz,3.8991525173187256,3.8991525173187256,5.002721786499023,1
FakeVideo-FakeAudio/African/women/id04374/00032_id05106_wavtolip.npz,2.359433174133301,2.359433174133301,5.136676788330078,1
FakeVideo-FakeAudio/African/women/id04374/00032_id05231_wfbM5puT6eQ_id03569_wavtolip.npz,3.533005714416504,3.533005714416504,4.88924503326416,1
FakeVideo-FakeAudio/African/women/id02824/00130_id00359_wavtolip.npz,3.8247790336608887,3.8247790336608887,4.716773509979248,1
FakeVideo-FakeAudio/African/women/id02824/00130_id00568_wavtolip.npz,3.3327836990356445,3.3327836990356445,5.278851509094238,1
FakeVideo-FakeAudio/African/women/id02824/00130_id00829_wavtolip.npz,3.6246438026428223,3.6246438026428223,5.261415481567383,1
FakeVideo-FakeAudio/African/women/id02824/00130_id00832_Jr4-dXRChME_id04939_wavtolip.npz,3.840552568435669,3.840552568435669,4.960493087768555,1
FakeVideo-FakeAudio/African/women/id02824/00130_id00832_wavtolip.npz,3.9318981170654297,3.9318981170654297,5.007081985473633,1
FakeVideo-FakeAudio/African/women/id02824/00130_id01532_wavtolip.npz,4.364874839782715,4.364874839782715,5.322725296020508,1
FakeVideo-FakeAudio/African/women/id02824/00130_id01661_SdP_Monh-_4_id00568_wavtolip.npz,3.8193750381469727,3.8193750381469727,5.276421546936035,1
FakeVideo-FakeAudio/African/women/id02824/00130_id02301_wavtolip.npz,3.637678623199463,3.637678623199463,4.987675189971924,1
FakeVideo-FakeAudio/African/women/id02824/00130_id02824_wavtolip.npz,3.9764764308929443,3.9764764308929443,5.238914489746094,1
FakeVideo-FakeAudio/African/women/id02824/00130_id03656_draVIyyqLtk_id04437_wavtolip.npz,4.05980110168457,4.05980110168457,5.177905559539795,1
FakeVideo-FakeAudio/African/women/id02824/00130_id03747_wQOOhZvnrq4_faceswap_id01783_wavtolip.npz,3.3793506622314453,3.3793506622314453,5.286773681640625,1
FakeVideo-FakeAudio/African/women/id02824/00130_id03747_wQOOhZvnrq4_faceswap_id02617_wavtolip.npz,3.87492036819458,3.87492036819458,5.32681131362915,1
FakeVideo-FakeAudio/African/women/id02824/00130_id03747_wQOOhZvnrq4_faceswap_id04245_wavtolip.npz,4.275879383087158,4.275879383087158,5.3063273429870605,1
FakeVideo-FakeAudio/African/women/id02824/00130_id03747_wQOOhZvnrq4_faceswap_id05106_wavtolip.npz,1.5321747064590454,1.5321747064590454,5.092790603637695,1
FakeVideo-FakeAudio/African/women/id02824/00130_id03747_wQOOhZvnrq4_faceswap_id05231_wavtolip.npz,3.5619144439697266,3.5619144439697266,5.011467933654785,1
FakeVideo-FakeAudio/African/women/id02824/00130_id03747_wQOOhZvnrq4_id03713_wavtolip.npz,3.85726261138916,3.85726261138916,4.895883560180664,1
FakeVideo-FakeAudio/African/women/id02824/00130_id04437_wavtolip.npz,3.7870917320251465,3.7870917320251465,5.148580551147461,1
FakeVideo-FakeAudio/African/women/id02824/00130_id04705_ziJ9JsYr4R0_id02948_wavtolip.npz,3.050261974334717,3.050261974334717,5.042933464050293,1
FakeVideo-FakeAudio/African/women/id02824/00130_id05106_wavtolip.npz,1.664284110069275,1.664284110069275,5.1164774894714355,1
FakeVideo-FakeAudio/African/women/id02824/00130_id05231_wfbM5puT6eQ_id02721_wavtolip.npz,3.390277862548828,3.390277862548828,5.274707794189453,1
FakeVideo-FakeAudio/African/women/id02824/00130_id05252_CMxIX3absYM_id02721_wavtolip.npz,3.71351957321167,3.71351957321167,5.292479038238525,1
FakeVideo-FakeAudio/African/women/id02824/00130_id05252_wavtolip.npz,3.3623013496398926,3.3623013496398926,5.153165817260742,1
FakeVideo-RealAudio/African/men/id01835/00130_id00173_UHoMXLSjlDo.npz,-2.2559871673583984,-2.2559871673583984,5.751767635345459,1
FakeVideo-RealAudio/African/men/id01835/00130_id00366_RSOgEoek8WM.npz,-0.09731113910675049,-0.09731113910675049,5.783209323883057,1
FakeVideo-RealAudio/African/men/id01835/00130_id00366_wavtolip.npz,-1.997251272201538,-1.997251272201538,5.741085052490234,1
FakeVideo-RealAudio/African/men/id01835/00130_id00475_wavtolip.npz,-2.219787120819092,-2.219787120819092,5.698446273803711,1
FakeVideo-RealAudio/African/men/id01835/00130_id00476_wavtolip.npz,-0.6599576473236084,-0.6599576473236084,5.73011589050293,1
FakeVideo-RealAudio/African/men/id01835/00130_id00518_wavtolip.npz,-2.4869744777679443,-2.4869744777679443,5.16151237487793,1
FakeVideo-RealAudio/African/men/id01835/00130_id00701_lW6uzLIOwd0.npz,-2.243987560272217,-2.243987560272217,5.757031440734863,1
FakeVideo-RealAudio/African/men/id01835/00130_id00761_QtTNFhCCgzw.npz,-2.2654833793640137,-2.2654833793640137,5.764705657958984,1
FakeVideo-RealAudio/African/men/id01835/00130_id00761_QtTNFhCCgzw_faceswap.npz,-2.2049241065979004,-2.2049241065979004,5.7619733810424805,1
FakeVideo-RealAudio/African/men/id01835/00130_id00830_rfl3Teg9uew.npz,-2.162419557571411,-2.162419557571411,5.76076078414917,1
FakeVideo-RealAudio/African/men/id01835/00130_id00944_DiW5D62667U.npz,-1.839033603668213,-1.839033603668213,5.762628078460693,1
FakeVideo-RealAudio/African/men/id01835/00130_id01036_AohKaMtIHxA.npz,-0.498882532119751,-0.498882532119751,5.755538463592529,1
FakeVideo-RealAudio/African/men/id01835/00130_id01076_wavtolip.npz,-2.288036346435547,-2.288036346435547,5.153534889221191,1
FakeVideo-RealAudio/African/men/id01835/00130_id01171_wavtolip.npz,-2.8468613624572754,-2.8468613624572754,5.13278341293335,1
FakeVideo-RealAudio/African/men/id01835/00130_id01528_wavtolip.npz,-2.4921178817749023,-2.4921178817749023,5.460090637207031,1
FakeVideo-RealAudio/African/men/id01835/00130_id01920_wavtolip.npz,-2.477235794067383,-2.477235794067383,5.5396552085876465,1
FakeVideo-RealAudio/African/men/id01835/00130_id02005_wavtolip.npz,-2.6923186779022217,-2.6923186779022217,5.315793037414551,1
FakeVideo-RealAudio/African/men/id01835/00130_id02268_irA9myDvW-I.npz,-2.1154232025146484,-2.1154232025146484,5.752229690551758,1
FakeVideo-RealAudio/African/men/id01835/00130_id02342_wavtolip.npz,-1.0021517276763916,-1.0021517276763916,5.461784362792969,1
FakeVideo-RealAudio/African/men/id02040/00476_id00391_TjJgUZaenWI.npz,-0.9685856103897095,-0.9685856103897095,5.102728843688965,1
FakeVideo-RealAudio/African/men/id02040/00476_id00391_wavtolip.npz,-2.930196762084961,-2.930196762084961,5.079406261444092,1
FakeVideo-RealAudio/African/men/id02040/00476_id00478_wavtolip.npz,-2.6901254653930664,-2.6901254653930664,5.150373935699463,1
FakeVideo-RealAudio/African/men/id02040/00476_id01179_wavtolip.npz,-1.721332311630249,-1.721332311630249,5.115860939025879,1
FakeVideo-RealAudio/African/men/id02040/00476_id01392_fF-g0KFJ7lg.npz,-2.91941499710083,-2.91941499710083,5.058742046356201,1
FakeVideo-RealAudio/African/men/id02040/00476_id01530_8kiAt_4gQGI.npz,-2.667725086212158,-2.667725086212158,5.080419540405273,1
FakeVideo-RealAudio/African/men/id02040/00476_id01530_wavtolip.npz,-2.8958988189697266,-2.8958988189697266,5.168626308441162,1
FakeVideo-RealAudio/African/men/id02040/00476_id01598_wavtolip.npz,-2.341094732284546,-2.341094732284546,5.090950965881348,1
FakeVideo-RealAudio/African/men/id02040/00476_id01637_wavtolip.npz,-2.943514347076416,-2.943514347076416,5.107046127319336,1
FakeVideo-RealAudio/African/men/id02040/00476_id01691_IVtS5z8Jrrk.npz,-2.926804542541504,-2.926804542541504,5.073847770690918,1
FakeVideo-RealAudio/African/men/id02040/00476_id01691_wavtolip.npz,-2.9300484657287598,-2.9300484657287598,5.094364643096924,1
FakeVideo-RealAudio/African/men/id02040/00476_id01933_wavtolip.npz,-2.9335103034973145,-2.9335103034973145,5.079470157623291,1
FakeVideo-RealAudio/African/men/id02040/00476_id02040_wavtolip.npz,-2.895200490951538,-2.895200490951538,5.119143009185791,1
FakeVideo-RealAudio/African/men/id02040/00476_id02296_wavtolip.npz,-1.5549288988113403,-1.5549288988113403,5.099217414855957,1
FakeVideo-RealAudio/African/men/id01392/00167_1.npz,-2.931277275085449,-2.931277275085449,5.1433868408203125,1
FakeVideo-RealAudio/African/men/id01392/00167_2.npz,-0.6718599200248718,-0.6718599200248718,5.261523246765137,1
FakeVideo-RealAudio/African/men/id01392/00167_3.npz,-1.8788237571716309,-1.8788237571716309,5.442914009094238,1
FakeVideo-RealAudio/African/men/id01392/00167_id00391_TjJgUZaenWI.npz,-0.498352587223053,-0.498352587223053,5.736380577087402,1
FakeVideo-RealAudio/African/men/id01392/00167_id00478_wavtolip.npz,-2.0085835456848145,-2.0085835456848145,5.776133060455322,1
FakeVideo-RealAudio/African/men/id01392/00167_id00701_lW6uzLIOwd0.npz,-0.7317069172859192,-0.7317069172859192,5.8271098136901855,1
FakeVideo-RealAudio/African/men/id01392/00167_id00987_wavtolip.npz,-2.23160457611084,-2.23160457611084,5.805856227874756,1
FakeVideo-RealAudio/African/men/id01392/00167_id01170_7eoTTk4xyNo.npz,-1.8056100606918335,-1.8056100606918335,5.793644905090332,1
FakeVideo-RealAudio/African/men/id01392/00167_id01171_wavtolip.npz,-2.8501315116882324,-2.8501315116882324,5.078010559082031,1
FakeVideo-RealAudio/African/men/id01392/00167_id01179_RnqLJMrWELw.npz,-2.184420585632324,-2.184420585632324,5.814421653747559,1
FakeVideo-RealAudio/African/men/id01392/00167_id01207_mt129WTRSII.npz,-1.600752592086792,-1.600752592086792,5.783446311950684,1
FakeVideo-RealAudio/African/men/id01392/00167_id01236_wavtolip.npz,-0.8688972592353821,-0.8688972592353821,4.9963297843933105,1
FakeVideo-RealAudio/African/men/id01392/00167_id01392_wavtolip.npz,-2.23472261428833,-2.23472261428833,5.781440734863281,1
FakeVideo-RealAudio/African/men/id01392/00167_id01530_wavtolip.npz,-2.915475845336914,-2.915475845336914,5.122868537902832,1
FakeVideo-RealAudio/African/men/id01392/00167_id01597_52WEZxe4_GE.npz,-1.3874435424804688,-1.3874435424804688,5.768240928649902,1
FakeVideo-RealAudio/African/men/id01392/00167_id01598_wavtolip.npz,-2.1841745376586914,-2.1841745376586914,5.247817039489746,1
FakeVideo-RealAudio/African/men/id01392/00167_id01691_wavtolip.npz,-2.242003917694092,-2.242003917694092,5.78173303604126,1
FakeVideo-RealAudio/African/men/id01392/00167_id01920_w9C_knCPD94.npz,-0.6977609395980835,-0.6977609395980835,5.786559581756592,1
FakeVideo-RealAudio/African/men/id01392/00167_id01933_wavtolip.npz,-1.2860267162322998,-1.2860267162322998,5.191002368927002,1
FakeVideo-RealAudio/African/men/id01392/00167_id02268_wavtolip.npz,-2.391829490661621,-2.391829490661621,5.629753112792969,1
FakeVideo-RealAudio/African/men/id01392/00167_id02494_lObg47hQleE.npz,-2.153252124786377,-2.153252124786377,5.778730869293213,1
FakeVideo-RealAudio/African/men/id01717/00005_0.npz,-2.8004961013793945,-2.8004961013793945,5.236696243286133,1
FakeVideo-RealAudio/African/men/id01717/00005_id00366_RSOgEoek8WM.npz,-2.8410587310791016,-2.8410587310791016,5.14647102355957,1
FakeVideo-RealAudio/African/men/id01717/00005_id00518_wavtolip.npz,-2.7979190349578857,-2.7979190349578857,5.147095203399658,1
FakeVideo-RealAudio/African/men/id01717/00005_id00701_lW6uzLIOwd0.npz,-2.8492560386657715,-2.8492560386657715,5.122663974761963,1
FakeVideo-RealAudio/African/men/id01717/00005_id00701_wavtolip.npz,1.1933292150497437,1.1933292150497437,5.1803364753723145,1
FakeVideo-RealAudio/African/men/id01717/00005_id00987_wavtolip.npz,-2.5278425216674805,-2.5278425216674805,5.173126220703125,1
FakeVideo-RealAudio/African/men/id01717/00005_id01036_wavtolip.npz,-2.8059401512145996,-2.8059401512145996,5.1932268142700195,1
FakeVideo-RealAudio/African/men/id01717/00005_id01076_9bqxgm5fT58.npz,-2.8539013862609863,-2.8539013862609863,5.141386985778809,1
FakeVideo-RealAudio/African/men/id01717/00005_id01076_wavtolip.npz,-2.1869349479675293,-2.1869349479675293,5.203755855560303,1
FakeVideo-RealAudio/African/men/id01717/00005_id01171_wavtolip.npz,-2.7381675243377686,-2.7381675243377686,5.128325939178467,1
FakeVideo-RealAudio/African/men/id01717/00005_id01452_4MqeoSxSy3w.npz,-2.8510637283325195,-2.8510637283325195,5.122662544250488,1
FakeVideo-RealAudio/African/men/id01717/00005_id01528_wavtolip.npz,-2.8685178756713867,-2.8685178756713867,5.09450626373291,1
FakeVideo-RealAudio/African/men/id01717/00005_id01637_wavtolip.npz,-2.881901741027832,-2.881901741027832,5.161848545074463,1
FakeVideo-RealAudio/African/men/id01717/00005_id01920_w9C_knCPD94.npz,-2.747925043106079,-2.747925043106079,5.104129791259766,1
FakeVideo-RealAudio/African/men/id01717/00005_id02005_7_Egh9mW5y4.npz,-2.8514175415039062,-2.8514175415039062,5.108101844787598,1
FakeVideo-RealAudio/African/men/id01717/00005_id02005_7_Egh9mW5y4_faceswap.npz,-2.767199754714966,-2.767199754714966,5.1630425453186035,1
FakeVideo-RealAudio/African/men/id01717/00005_id02051_wavtolip.npz,0.5390268564224243,0.5390268564224243,5.084015846252441,1
FakeVideo-RealAudio/African/men/id01717/00005_id02316_yrrNcmZ-xmI.npz,-2.8408844470977783,-2.8408844470977783,5.140563488006592,1
FakeVideo-RealAudio/African/men/id01717/00005_id02342_wavtolip.npz,-2.415353298187256,-2.415353298187256,5.164004802703857,1
FakeVideo-RealAudio/African/men/id01779/00010_0.npz,0.8538471460342407,0.8538471460342407,5.91033935546875,1
FakeVideo-RealAudio/African/men/id01779/00010_id00173_wavtolip.npz,-2.614193916320801,-2.614193916320801,5.389435768127441,1
FakeVideo-RealAudio/African/men/id01779/00010_id00366_wavtolip.npz,-2.6097264289855957,-2.6097264289855957,5.39890193939209,1
FakeVideo-RealAudio/African/men/id01779/00010_id00701_lW6uzLIOwd0.npz,-1.0621986389160156,-1.0621986389160156,5.460530757904053,1
FakeVideo-RealAudio/African/men/id01779/00010_id00701_wavtolip.npz,-2.5834896564483643,-2.5834896564483643,5.4503560066223145,1
FakeVideo-RealAudio/African/men/id01779/00010_id00987_wavtolip.npz,-2.5998783111572266,-2.5998783111572266,5.481846809387207,1
FakeVideo-RealAudio/African/men/id01779/00010_id01036_AohKaMtIHxA.npz,-0.7014251947402954,-0.7014251947402954,5.488966941833496,1
FakeVideo-RealAudio/African/men/id01779/00010_id01036_wavtolip.npz,-2.604224681854248,-2.604224681854248,5.442598342895508,1
FakeVideo-RealAudio/African/men/id01779/00010_id01171_XSINMRoTb0E.npz,-0.8511898517608643,-0.8511898517608643,5.4711103439331055,1
FakeVideo-RealAudio/African/men/id01779/00010_id01171_wavtolip.npz,-2.8496389389038086,-2.8496389389038086,5.170778274536133,1
FakeVideo-RealAudio/African/men/id01779/00010_id01179_wavtolip.npz,-1.8669373989105225,-1.8669373989105225,5.232513427734375,1
FakeVideo-RealAudio/African/men/id01779/00010_id01392_wavtolip.npz,-2.5983176231384277,-2.5983176231384277,5.405620574951172,1
FakeVideo-RealAudio/African/men/id01779/00010_id01637_5VjcPZm8knM.npz,-1.0507793426513672,-1.0507793426513672,5.4392805099487305,1
FakeVideo-RealAudio/African/men/id01779/00010_id01691_IVtS5z8Jrrk.npz,-1.09730064868927,-1.09730064868927,5.472562789916992,1
FakeVideo-RealAudio/African/men/id01779/00010_id01691_IVtS5z8Jrrk_faceswap.npz,-1.354379415512085,-1.354379415512085,5.461985111236572,1
FakeVideo-RealAudio/African/men/id01779/00010_id01856_6Q2f3b1QNRM.npz,-0.8414720296859741,-0.8414720296859741,5.487733364105225,1
FakeVideo-RealAudio/African/men/id01779/00010_id01933_wavtolip.npz,-2.790478229522705,-2.790478229522705,5.222782135009766,1
FakeVideo-RealAudio/African/men/id01779/00010_id02268_irA9myDvW-I.npz,-1.0106021165847778,-1.0106021165847778,5.457816123962402,1
FakeVideo-RealAudio/African/men/id01779/00010_id02494_lObg47hQleE.npz,-0.989319920539856,-0.989319920539856,5.492441654205322,1
FakeVideo-RealAudio/African/men/id01779/00010_id04727_wavtolip.npz,-3.0178489685058594,-3.0178489685058594,5.02938175201416,1
FakeVideo-RealAudio/African/men/id01179/00160_id00076_wavtolip.npz,-2.7906365394592285,-2.7906365394592285,5.258709907531738,1
FakeVideo-RealAudio/African/men/id01179/00160_id00166_PQV2ZbJBLNk.npz,-1.6204673051834106,-1.6204673051834106,5.266561031341553,1
FakeVideo-RealAudio/African/men/id01179/00160_id00166_wavtolip.npz,-2.7807888984680176,-2.7807888984680176,5.2045488357543945,1
FakeVideo-RealAudio/African/men/id01179/00160_id00366_wavtolip.npz,-0.7747313380241394,-0.7747313380241394,5.227268695831299,1
FakeVideo-RealAudio/African/men/id01179/00160_id00391_TjJgUZaenWI.npz,-1.3591830730438232,-1.3591830730438232,5.276876926422119,1
FakeVideo-RealAudio/African/men/id01179/00160_id00391_wavtolip.npz,-2.7488067150115967,-2.7488067150115967,5.24451208114624,1
FakeVideo-RealAudio/African/men/id01179/00160_id00476_UgdYVJ6xPYg.npz,-1.3616694211959839,-1.3616694211959839,5.253389835357666,1
FakeVideo-RealAudio/African/men/id01179/00160_id00987_wavtolip.npz,-2.6788315773010254,-2.6788315773010254,5.26056432723999,1
FakeVideo-RealAudio/African/men/id01179/00160_id01170_7eoTTk4xyNo.npz,-1.8043617010116577,-1.8043617010116577,5.285720348358154,1
FakeVideo-RealAudio/African/men/id01179/00160_id01179_wavtolip.npz,-2.1123576164245605,-2.1123576164245605,5.251870155334473,1
FakeVideo-RealAudio/African/men/id01179/00160_id01207_mt129WTRSII.npz,-1.4515926837921143,-1.4515926837921143,5.2906904220581055,1
FakeVideo-RealAudio/African/men/id01179/00160_id01236_wavtolip.npz,-2.98769474029541,-2.98769474029541,4.976294994354248,1
FakeVideo-RealAudio/African/men/id01179/00160_id01544_wavtolip.npz,-2.9210588932037354,-2.9210588932037354,5.094544410705566,1
FakeVideo-RealAudio/African/men/id01179/00160_id01637_5VjcPZm8knM.npz,-1.3910722732543945,-1.3910722732543945,5.2694220542907715,1
FakeVideo-RealAudio/African/men/id01179/00160_id01920_wavtolip.npz,-2.4832215309143066,-2.4832215309143066,5.277342796325684,1
FakeVideo-RealAudio/African/men/id01179/00160_id02005_7_Egh9mW5y4.npz,-1.5254085063934326,-1.5254085063934326,5.268772602081299,1
FakeVideo-RealAudio/African/men/id01179/00160_id02005_7_Egh9mW5y4_faceswap.npz,-2.366508722305298,-2.366508722305298,5.265153884887695,1
FakeVideo-RealAudio/African/men/id01179/00160_id02040_wavtolip.npz,-2.2820448875427246,-2.2820448875427246,5.109877586364746,1
FakeVideo-RealAudio/African/men/id01179/00160_id02342_RJPBPhJB8TA.npz,-1.191930890083313,-1.191930890083313,5.2614030838012695,1
FakeVideo-RealAudio/African/men/id01528/00017_id00166_wavtolip.npz,-2.2708845138549805,-2.2708845138549805,5.545338153839111,1
FakeVideo-RealAudio/African/men/id01528/00017_id00478_wavtolip.npz,-1.4416037797927856,-1.4416037797927856,5.536709785461426,1
FakeVideo-RealAudio/African/men/id01528/00017_id00518_qm7oQcDg4oI.npz,-2.2373557090759277,-2.2373557090759277,5.501060962677002,1
FakeVideo-RealAudio/African/men/id01528/00017_id00518_wavtolip.npz,-2.838505268096924,-2.838505268096924,5.1647539138793945,1
FakeVideo-RealAudio/African/men/id01528/00017_id00944_DiW5D62667U.npz,-2.463776111602783,-2.463776111602783,5.482144832611084,1
FakeVideo-RealAudio/African/men/id01528/00017_id01076_wavtolip.npz,-2.8138058185577393,-2.8138058185577393,5.151320457458496,1
FakeVideo-RealAudio/African/men/id01528/00017_id01207_mt129WTRSII.npz,-2.4845938682556152,-2.4845938682556152,5.500663757324219,1
FakeVideo-RealAudio/African/men/id01528/00017_id01236_7WdumGR5-JM.npz,-2.4813990592956543,-2.4813990592956543,5.472297668457031,1
FakeVideo-RealAudio/African/men/id01528/00017_id01392_wavtolip.npz,-1.2971445322036743,-1.2971445322036743,5.464766025543213,1
FakeVideo-RealAudio/African/men/id01528/00017_id01452_4MqeoSxSy3w.npz,-2.4745993614196777,-2.4745993614196777,5.49783182144165,1
FakeVideo-RealAudio/African/men/id01528/00017_id01452_4MqeoSxSy3w_faceswap.npz,-2.4867982864379883,-2.4867982864379883,5.4892072677612305,1
FakeVideo-RealAudio/African/men/id01528/00017_id01528_wavtolip.npz,-1.4011210203170776,-1.4011210203170776,5.46378231048584,1
FakeVideo-RealAudio/African/men/id01528/00017_id01597_52WEZxe4_GE.npz,-2.4496583938598633,-2.4496583938598633,5.501688480377197,1
FakeVideo-RealAudio/African/men/id01528/00017_id01779_wavtolip.npz,0.14660972356796265,0.14660972356796265,5.456350326538086,1
FakeVideo-RealAudio/African/men/id01528/00017_id01835_wavtolip.npz,-2.4828295707702637,-2.4828295707702637,5.4837870597839355,1
FakeVideo-RealAudio/African/men/id01528/00017_id01920_wavtolip.npz,-1.3038949966430664,-1.3038949966430664,5.573590278625488,1
FakeVideo-RealAudio/African/men/id01528/00017_id01933_I5XXxgK7QpE.npz,-0.8108882904052734,-0.8108882904052734,5.450766563415527,1
FakeVideo-RealAudio/African/men/id01528/00017_id01972_hBYoeQTm8ZQ.npz,-2.484951972961426,-2.484951972961426,5.523066520690918,1
FakeVideo-RealAudio/African/men/id01528/00017_id02268_wavtolip.npz,-2.5119051933288574,-2.5119051933288574,5.508455276489258,1
FakeVideo-RealAudio/African/men/id00076/00109_1.npz,-2.211470127105713,-2.211470127105713,5.8044891357421875,1
FakeVideo-RealAudio/African/men/id00076/00109_10.npz,-2.8925461769104004,-2.8925461769104004,5.165255546569824,1
FakeVideo-RealAudio/African/men/id00076/00109_11.npz,-0.8908671140670776,-0.8908671140670776,6.19830322265625,1
FakeVideo-RealAudio/African/men/id00076/00109_12.npz,-2.590622663497925,-2.590622663497925,5.06868314743042,1
FakeVideo-RealAudio/African/men/id00076/00109_2.npz,-2.892360210418701,-2.892360210418701,5.168650150299072,1
FakeVideo-RealAudio/African/men/id00076/00109_3.npz,-2.7285447120666504,-2.7285447120666504,5.243302345275879,1
FakeVideo-RealAudio/African/men/id00076/00109_4.npz,-2.5538783073425293,-2.5538783073425293,5.458853721618652,1
FakeVideo-RealAudio/African/men/id00076/00109_6.npz,-1.785562515258789,-1.785562515258789,5.198886871337891,1
FakeVideo-RealAudio/African/men/id00076/00109_7.npz,-2.613461494445801,-2.613461494445801,5.4779253005981445,1
FakeVideo-RealAudio/African/men/id00076/00109_8.npz,-2.749094009399414,-2.749094009399414,5.295035362243652,1
FakeVideo-RealAudio/African/men/id00076/00109_9.npz,-2.9738993644714355,-2.9738993644714355,5.136202812194824,1
FakeVideo-RealAudio/African/men/id00076/00109_id00166_wavtolip.npz,-2.5112030506134033,-2.5112030506134033,5.468554973602295,1
FakeVideo-RealAudio/African/men/id00076/00109_id00173_UHoMXLSjlDo.npz,-1.6500945091247559,-1.6500945091247559,6.010467052459717,1
FakeVideo-RealAudio/African/men/id00076/00109_id00366_RSOgEoek8WM.npz,-2.063791275024414,-2.063791275024414,6.013128280639648,1
FakeVideo-RealAudio/African/men/id00076/00109_id00475_wavtolip.npz,-1.4647753238677979,-1.4647753238677979,5.844111442565918,1
FakeVideo-RealAudio/African/men/id00076/00109_id00761_wavtolip.npz,-2.322000503540039,-2.322000503540039,5.7182207107543945,1
FakeVideo-RealAudio/African/men/id00076/00109_id00830_rfl3Teg9uew.npz,-2.062969207763672,-2.062969207763672,6.0294036865234375,1
FakeVideo-RealAudio/African/men/id00076/00109_id01036_AohKaMtIHxA.npz,-2.0645556449890137,-2.0645556449890137,6.026468753814697,1
FakeVideo-RealAudio/African/men/id00076/00109_id01076_wavtolip.npz,-2.6551127433776855,-2.6551127433776855,5.169154167175293,1
FakeVideo-RealAudio/African/men/id00076/00109_id01207_mt129WTRSII.npz,-2.068263530731201,-2.068263530731201,6.0077009201049805,1
FakeVideo-RealAudio/African/men/id00076/00109_id01544_uBo9585VW2A.npz,-2.0484795570373535,-2.0484795570373535,6.010021209716797,1
FakeVideo-RealAudio/African/men/id00076/00109_id01544_wavtolip.npz,-2.959005832672119,-2.959005832672119,5.096714019775391,1
FakeVideo-RealAudio/African/men/id00076/00109_id01597_wavtolip.npz,-2.6545934677124023,-2.6545934677124023,5.330544948577881,1
FakeVideo-RealAudio/African/men/id00076/00109_id01717_wavtolip.npz,-1.960087776184082,-1.960087776184082,5.1213908195495605,1
FakeVideo-RealAudio/African/men/id00076/00109_id01972_wavtolip.npz,1.1384812593460083,1.1384812593460083,5.143453598022461,1
FakeVideo-RealAudio/African/men/id00076/00109_id01995_YUR9wTypwIo.npz,-2.0655159950256348,-2.0655159950256348,6.007665157318115,1
FakeVideo-RealAudio/African/men/id00076/00109_id02005_7_Egh9mW5y4.npz,-0.8745290040969849,-0.8745290040969849,6.0161333084106445,1
FakeVideo-RealAudio/African/men/id00076/00109_id02296_wavtolip.npz,-2.6530730724334717,-2.6530730724334717,5.2632575035095215,1
FakeVideo-RealAudio/African/men/id00076/00109_id02342_RJPBPhJB8TA.npz,-2.070150375366211,-2.070150375366211,5.995820999145508,1
FakeVideo-RealAudio/African/men/id00076/00109_id02342_wavtolip.npz,-2.3481802940368652,-2.3481802940368652,5.436893463134766,1
FakeVideo-RealAudio/African/men/id00076/00109_id04727_AAnyugIAXao.npz,-2.063615322113037,-2.063615322113037,6.030645370483398,1
FakeVideo-RealAudio/African/men/id02268/00036_id00475_wavtolip.npz,-1.0579239130020142,-1.0579239130020142,5.6078972816467285,1
FakeVideo-RealAudio/African/men/id02268/00036_id00478_wavtolip.npz,-2.341554641723633,-2.341554641723633,5.623983383178711,1
FakeVideo-RealAudio/African/men/id02268/00036_id00830_wavtolip.npz,-2.383741855621338,-2.383741855621338,5.596915245056152,1
FakeVideo-RealAudio/African/men/id02268/00036_id01036_wavtolip.npz,-2.386390209197998,-2.386390209197998,5.6442670822143555,1
FakeVideo-RealAudio/African/men/id02268/00036_id01236_7WdumGR5-JM.npz,-2.3643388748168945,-2.3643388748168945,5.622633934020996,1
FakeVideo-RealAudio/African/men/id02268/00036_id01452_wavtolip.npz,-2.6803722381591797,-2.6803722381591797,5.288027763366699,1
FakeVideo-RealAudio/African/men/id02268/00036_id01521_jthjSmLdLOg.npz,-2.3323495388031006,-2.3323495388031006,5.616861343383789,1
FakeVideo-RealAudio/African/men/id02268/00036_id01521_wavtolip.npz,-1.5111143589019775,-1.5111143589019775,4.969511032104492,1
FakeVideo-RealAudio/African/men/id02268/00036_id01528_wavtolip.npz,-2.5064163208007812,-2.5064163208007812,5.4436564445495605,1
FakeVideo-RealAudio/African/men/id02268/00036_id01610_wavtolip.npz,-2.491023063659668,-2.491023063659668,5.554178237915039,1
FakeVideo-RealAudio/African/men/id02268/00036_id01691_IVtS5z8Jrrk.npz,-2.3684797286987305,-2.3684797286987305,5.6193342208862305,1
FakeVideo-RealAudio/African/men/id02268/00036_id01717_wavtolip.npz,-2.87943172454834,-2.87943172454834,5.122409820556641,1
FakeVideo-RealAudio/African/men/id02268/00036_id01779_wavtolip.npz,0.7103074789047241,0.7103074789047241,5.471867084503174,1
FakeVideo-RealAudio/African/men/id02268/00036_id01835_UZbWA0QfXXA.npz,-2.3478968143463135,-2.3478968143463135,5.6200690269470215,1
FakeVideo-RealAudio/African/men/id02268/00036_id01856_6Q2f3b1QNRM.npz,-2.365835189819336,-2.365835189819336,5.619912624359131,1
FakeVideo-RealAudio/African/men/id02268/00036_id02296_IAgOrCuY8vU.npz,-2.3652238845825195,-2.3652238845825195,5.6259765625,1
FakeVideo-RealAudio/African/men/id02268/00036_id02494_lObg47hQleE.npz,-2.368229866027832,-2.368229866027832,5.6280598640441895,1
FakeVideo-RealAudio/African/men/id01170/00021_id00173_wavtolip.npz,-2.5797765254974365,-2.5797765254974365,5.466457366943359,1
FakeVideo-RealAudio/African/men/id01170/00021_id00391_TjJgUZaenWI.npz,-2.377607822418213,-2.377607822418213,5.699808120727539,1
FakeVideo-RealAudio/African/men/id01170/00021_id00476_wavtolip.npz,-2.2475368976593018,-2.2475368976593018,5.684718608856201,1
FakeVideo-RealAudio/African/men/id01170/00021_id00830_rfl3Teg9uew.npz,-2.385866641998291,-2.385866641998291,5.725430488586426,1
FakeVideo-RealAudio/African/men/id01170/00021_id00944_wavtolip.npz,-2.0113463401794434,-2.0113463401794434,5.425625801086426,1
FakeVideo-RealAudio/African/men/id01170/00021_id00987_wavtolip.npz,-2.3958849906921387,-2.3958849906921387,5.6706085205078125,1
FakeVideo-RealAudio/African/men/id01170/00021_id01171_XSINMRoTb0E.npz,-2.1030666828155518,-2.1030666828155518,5.722349643707275,1
FakeVideo-RealAudio/African/men/id01170/00021_id01392_fF-g0KFJ7lg.npz,-2.3864240646362305,-2.3864240646362305,5.684745788574219,1
FakeVideo-RealAudio/African/men/id01170/00021_id01521_wavtolip.npz,-2.958779811859131,-2.958779811859131,5.070268154144287,1
FakeVideo-RealAudio/African/men/id01170/00021_id01597_52WEZxe4_GE.npz,-2.381458282470703,-2.381458282470703,5.7018537521362305,1
FakeVideo-RealAudio/African/men/id01170/00021_id01610_l8zb_iaDJJA.npz,-2.386991024017334,-2.386991024017334,5.703251838684082,1
FakeVideo-RealAudio/African/men/id01170/00021_id01610_wavtolip.npz,-2.4993534088134766,-2.4993534088134766,5.593430519104004,1
FakeVideo-RealAudio/African/men/id01170/00021_id01835_wavtolip.npz,-2.3991198539733887,-2.3991198539733887,5.611985683441162,1
FakeVideo-RealAudio/African/men/id01170/00021_id01933_I5XXxgK7QpE.npz,-2.3831706047058105,-2.3831706047058105,5.680136203765869,1
FakeVideo-RealAudio/African/men/id01170/00021_id01933_I5XXxgK7QpE_faceswap.npz,-2.3828659057617188,-2.3828659057617188,5.6821489334106445,1
FakeVideo-RealAudio/African/men/id01170/00021_id02051_wavtolip.npz,-2.9166784286499023,-2.9166784286499023,5.078383922576904,1
FakeVideo-RealAudio/African/men/id01170/00021_id02296_wavtolip.npz,-2.404740333557129,-2.404740333557129,5.300596237182617,1
FakeVideo-RealAudio/African/men/id01170/00021_id02316_wavtolip.npz,-2.647956609725952,-2.647956609725952,5.34322452545166,1
FakeVideo-RealAudio/African/men/id01170/00021_id04727_AAnyugIAXao.npz,-2.382937431335449,-2.382937431335449,5.684974670410156,1
FakeVideo-RealAudio/African/men/id01637/00002_0.npz,-2.2168197631835938,-2.2168197631835938,5.764921188354492,1
FakeVideo-RealAudio/African/men/id01637/00002_00.npz,0.6170196533203125,0.6170196533203125,5.870887279510498,1
FakeVideo-RealAudio/African/men/id01637/00002_1.npz,-2.391676664352417,-2.391676664352417,5.169049263000488,1
FakeVideo-RealAudio/African/men/id01637/00002_2.npz,-2.0558788776397705,-2.0558788776397705,5.263984680175781,1
FakeVideo-RealAudio/African/men/id01637/00002_3.npz,-2.536489486694336,-2.536489486694336,5.4848480224609375,1
FakeVideo-RealAudio/African/men/id01637/00002_id00166_PQV2ZbJBLNk.npz,-2.5483713150024414,-2.5483713150024414,5.4665632247924805,1
FakeVideo-RealAudio/African/men/id01637/00002_id00166_wavtolip.npz,-2.6215572357177734,-2.6215572357177734,5.459097385406494,1
FakeVideo-RealAudio/African/men/id01637/00002_id00366_RSOgEoek8WM.npz,-2.385136604309082,-2.385136604309082,5.490302562713623,1
FakeVideo-RealAudio/African/men/id01637/00002_id00944_DiW5D62667U.npz,-2.418642520904541,-2.418642520904541,5.471502780914307,1
FakeVideo-RealAudio/African/men/id01637/00002_id01036_wavtolip.npz,-0.9322792291641235,-0.9322792291641235,5.423707008361816,1
FakeVideo-RealAudio/African/men/id01637/00002_id01170_7eoTTk4xyNo.npz,-2.0313706398010254,-2.0313706398010254,5.489104747772217,1
FakeVideo-RealAudio/African/men/id01637/00002_id01544_wavtolip.npz,-2.935824394226074,-2.935824394226074,5.110983848571777,1
FakeVideo-RealAudio/African/men/id01637/00002_id01597_wavtolip.npz,-2.611499071121216,-2.611499071121216,5.353753089904785,1
FakeVideo-RealAudio/African/men/id01637/00002_id01598_wavtolip.npz,-1.9894347190856934,-1.9894347190856934,5.249606609344482,1
FakeVideo-RealAudio/African/men/id01637/00002_id01610_l8zb_iaDJJA.npz,-2.6037087440490723,-2.6037087440490723,5.493930816650391,1
FakeVideo-RealAudio/African/men/id01637/00002_id01691_wavtolip.npz,-2.42077374458313,-2.42077374458313,5.390520095825195,1
FakeVideo-RealAudio/African/men/id01637/00002_id01835_wavtolip.npz,-2.613295555114746,-2.613295555114746,5.386713981628418,1
FakeVideo-RealAudio/African/men/id01637/00002_id01920_w9C_knCPD94.npz,-2.1776041984558105,-2.1776041984558105,5.483564376831055,1
FakeVideo-RealAudio/African/men/id01637/00002_id01933_wavtolip.npz,-2.7760672569274902,-2.7760672569274902,5.183043479919434,1
FakeVideo-RealAudio/African/men/id01637/00002_id02005_7_Egh9mW5y4.npz,-2.3135886192321777,-2.3135886192321777,5.4586181640625,1
FakeVideo-RealAudio/African/men/id01637/00002_id02316_wavtolip.npz,-2.5798826217651367,-2.5798826217651367,5.389936447143555,1
FakeVideo-RealAudio/African/men/id01637/00002_id02494_lObg47hQleE.npz,-1.450153112411499,-1.450153112411499,5.463788032531738,1
FakeVideo-RealAudio/African/men/id01637/00002_id02494_wavtolip.npz,-0.8439593315124512,-0.8439593315124512,5.1693549156188965,1
FakeVideo-RealAudio/African/men/id02051/00015_id00173_UHoMXLSjlDo.npz,-1.6527111530303955,-1.6527111530303955,5.061366081237793,1
FakeVideo-RealAudio/African/men/id02051/00015_id00476_wavtolip.npz,-2.9376378059387207,-2.9376378059387207,5.048274040222168,1
FakeVideo-RealAudio/African/men/id02051/00015_id00701_lW6uzLIOwd0.npz,-2.2892024517059326,-2.2892024517059326,5.084770679473877,1
FakeVideo-RealAudio/African/men/id02051/00015_id00761_wavtolip.npz,-2.93814754486084,-2.93814754486084,5.072434425354004,1
FakeVideo-RealAudio/African/men/id02051/00015_id01170_wavtolip.npz,-2.939725875854492,-2.939725875854492,5.11209774017334,1
FakeVideo-RealAudio/African/men/id02051/00015_id01236_wavtolip.npz,-1.5401839017868042,-1.5401839017868042,5.005481243133545,1
FakeVideo-RealAudio/African/men/id02051/00015_id01392_wavtolip.npz,-2.948986530303955,-2.948986530303955,5.019608497619629,1
FakeVideo-RealAudio/African/men/id02051/00015_id01521_jthjSmLdLOg.npz,-0.31371885538101196,-0.31371885538101196,5.031796455383301,1
FakeVideo-RealAudio/African/men/id02051/00015_id01530_wavtolip.npz,-2.311530113220215,-2.311530113220215,5.082218170166016,1
FakeVideo-RealAudio/African/men/id02051/00015_id01598_wavtolip.npz,-2.9279561042785645,-2.9279561042785645,5.113013744354248,1
FakeVideo-RealAudio/African/men/id02051/00015_id01610_l8zb_iaDJJA.npz,-2.0287961959838867,-2.0287961959838867,5.020651817321777,1
FakeVideo-RealAudio/African/men/id02051/00015_id01835_UZbWA0QfXXA.npz,-2.90002703666687,-2.90002703666687,5.091723918914795,1
FakeVideo-RealAudio/African/men/id02051/00015_id01920_w9C_knCPD94.npz,-2.9269161224365234,-2.9269161224365234,5.096675872802734,1
FakeVideo-RealAudio/African/men/id02051/00015_id01972_wavtolip.npz,-0.564325749874115,-0.564325749874115,5.092494010925293,1
FakeVideo-RealAudio/African/men/id02051/00015_id01995_YUR9wTypwIo.npz,-1.8057514429092407,-1.8057514429092407,5.048393726348877,1
FakeVideo-RealAudio/African/men/id02051/00015_id02005_wavtolip.npz,-2.783785581588745,-2.783785581588745,5.153250217437744,1
FakeVideo-RealAudio/African/men/id02051/00015_id02040_wl6EVkamZFQ.npz,-2.6089460849761963,-2.6089460849761963,5.093238830566406,1
FakeVideo-RealAudio/African/men/id02051/00015_id02268_wavtolip.npz,-2.9329833984375,-2.9329833984375,5.073851108551025,1
FakeVideo-RealAudio/African/men/id00366/00118_id00076_Isiq7cA-DNE.npz,-2.1513328552246094,-2.1513328552246094,5.8475494384765625,1
FakeVideo-RealAudio/African/men/id00366/00118_id00076_Isiq7cA-DNE_faceswap.npz,-2.1656904220581055,-2.1656904220581055,5.886807441711426,1
FakeVideo-RealAudio/African/men/id00366/00118_id00076_wavtolip.npz,-0.5544565916061401,-0.5544565916061401,5.87446403503418,1
FakeVideo-RealAudio/African/men/id00366/00118_id00166_wavtolip.npz,-2.2215545177459717,-2.2215545177459717,5.506535053253174,1
FakeVideo-RealAudio/African/men/id00366/00118_id00173_wavtolip.npz,-2.6014866828918457,-2.6014866828918457,5.460066795349121,1
FakeVideo-RealAudio/African/men/id00366/00118_id00391_wavtolip.npz,-2.1884517669677734,-2.1884517669677734,5.882038116455078,1
FakeVideo-RealAudio/African/men/id00366/00118_id00475_wavtolip.npz,-2.0789361000061035,-2.0789361000061035,5.845852375030518,1
FakeVideo-RealAudio/African/men/id00366/00118_id00476_UgdYVJ6xPYg.npz,-0.9546482563018799,-0.9546482563018799,5.852942943572998,1
FakeVideo-RealAudio/African/men/id00366/00118_id00781_fvsSae9yc0A.npz,-2.1541905403137207,-2.1541905403137207,5.863725662231445,1
FakeVideo-RealAudio/African/men/id00366/00118_id00987_wavtolip.npz,-2.1708426475524902,-2.1708426475524902,5.859767436981201,1
FakeVideo-RealAudio/African/men/id00366/00118_id01076_wavtolip.npz,-2.8396153450012207,-2.8396153450012207,5.1929779052734375,1
FakeVideo-RealAudio/African/men/id00366/00118_id01170_wavtolip.npz,-2.343200206756592,-2.343200206756592,5.691967487335205,1
FakeVideo-RealAudio/African/men/id00366/00118_id01171_wavtolip.npz,-2.8463754653930664,-2.8463754653930664,5.128327369689941,1
FakeVideo-RealAudio/African/men/id00366/00118_id01207_mt129WTRSII.npz,-2.084644079208374,-2.084644079208374,5.848790168762207,1
FakeVideo-RealAudio/African/men/id00366/00118_id01207_wavtolip.npz,-2.7957184314727783,-2.7957184314727783,5.2016096115112305,1
FakeVideo-RealAudio/African/men/id00366/00118_id01452_wavtolip.npz,-2.3678579330444336,-2.3678579330444336,5.276536464691162,1
FakeVideo-RealAudio/African/men/id00366/00118_id01544_uBo9585VW2A.npz,-2.1489226818084717,-2.1489226818084717,5.86251163482666,1
FakeVideo-RealAudio/African/men/id00366/00118_id01610_wavtolip.npz,-2.4068868160247803,-2.4068868160247803,5.478219509124756,1
FakeVideo-RealAudio/African/men/id00366/00118_id01637_5VjcPZm8knM.npz,-2.1659340858459473,-2.1659340858459473,5.853844165802002,1
FakeVideo-RealAudio/African/men/id00366/00118_id01637_wavtolip.npz,-2.614598035812378,-2.614598035812378,5.390726566314697,1
FakeVideo-RealAudio/African/men/id00366/00118_id01691_IVtS5z8Jrrk.npz,-2.047747850418091,-2.047747850418091,5.858001708984375,1
FakeVideo-RealAudio/African/men/id00366/00118_id01691_wavtolip.npz,-2.1776981353759766,-2.1776981353759766,5.834377288818359,1
FakeVideo-RealAudio/African/men/id00366/00118_id01717_JDW6p8yU13A.npz,-2.1597471237182617,-2.1597471237182617,5.860255718231201,1
FakeVideo-RealAudio/African/men/id00366/00118_id01779_wavtolip.npz,-0.6096254587173462,-0.6096254587173462,5.447445392608643,1
FakeVideo-RealAudio/African/men/id00366/00118_id01920_w9C_knCPD94.npz,-2.1652979850769043,-2.1652979850769043,5.851348400115967,1
FakeVideo-RealAudio/African/men/id00366/00118_id01933_wavtolip.npz,-2.093520402908325,-2.093520402908325,5.227083206176758,1
FakeVideo-RealAudio/African/men/id00366/00118_id01972_wavtolip.npz,1.805076241493225,1.805076241493225,5.1225104331970215,1
FakeVideo-RealAudio/African/men/id00366/00118_id02005_7_Egh9mW5y4.npz,-2.007251262664795,-2.007251262664795,5.857295513153076,1
FakeVideo-RealAudio/African/men/id00366/00118_id02040_wavtolip.npz,-2.890197277069092,-2.890197277069092,5.081456661224365,1
FakeVideo-RealAudio/African/men/id00366/00118_id02494_wavtolip.npz,-1.1478369235992432,-1.1478369235992432,5.100751876831055,1
FakeVideo-RealAudio/African/men/id00366/00118_id04727_wavtolip.npz,-2.9367003440856934,-2.9367003440856934,5.0982255935668945,1
FakeVideo-RealAudio/African/women/id00359/00053_id00460_wavtolip.npz,-2.977271556854248,-2.977271556854248,5.016129016876221,1
FakeVideo-RealAudio/African/women/id00359/00053_id00568_wavtolip.npz,-0.28188157081604004,-0.28188157081604004,5.052615642547607,1
FakeVideo-RealAudio/African/women/id00359/00053_id01532_wavtolip.npz,-0.7494280338287354,-0.7494280338287354,5.0186944007873535,1
FakeVideo-RealAudio/African/women/id00359/00053_id01838_q_lUk55OrL0.npz,-2.976421356201172,-2.976421356201172,5.1077656745910645,1
FakeVideo-RealAudio/African/women/id00359/00053_id01838_q_lUk55OrL0_faceswap.npz,-2.966498851776123,-2.966498851776123,5.097877025604248,1
FakeVideo-RealAudio/African/women/id00359/00053_id02071_cHuDh9F87vA.npz,-2.9678127765655518,-2.9678127765655518,5.12121057510376,1
FakeVideo-RealAudio/African/women/id00359/00053_id02508_wavtolip.npz,-1.4230042695999146,-1.4230042695999146,5.045435905456543,1
FakeVideo-RealAudio/African/women/id00359/00053_id02586_dEYzYDsbAeo.npz,-2.955817461013794,-2.955817461013794,5.147010803222656,1
FakeVideo-RealAudio/African/women/id00359/00053_id02838_kaCQlSGlLe8.npz,-2.9792003631591797,-2.9792003631591797,5.120124340057373,1
FakeVideo-RealAudio/African/women/id00359/00053_id02838_wavtolip.npz,-2.2688212394714355,-2.2688212394714355,4.964563846588135,1
FakeVideo-RealAudio/African/women/id00359/00053_id03103_wavtolip.npz,-2.9993515014648438,-2.9993515014648438,5.009031772613525,1
FakeVideo-RealAudio/African/women/id00359/00053_id04374_wavtolip.npz,-2.9211602210998535,-2.9211602210998535,5.075445175170898,1
FakeVideo-RealAudio/African/women/id00359/00053_id04376_wavtolip.npz,-2.1905932426452637,-2.1905932426452637,4.990762710571289,1
FakeVideo-RealAudio/African/women/id00359/00053_id04540_wavtolip.npz,-2.1303164958953857,-2.1303164958953857,5.006955623626709,1
FakeVideo-RealAudio/African/women/id00359/00053_id04547_3Qy2g2M47Aw.npz,-2.9362850189208984,-2.9362850189208984,5.128967761993408,1
FakeVideo-RealAudio/African/women/id00359/00053_id04547_wavtolip.npz,-0.7785015106201172,-0.7785015106201172,4.940513610839844,1
FakeVideo-RealAudio/African/women/id00359/00053_id04820_64ybrA1atlM.npz,-2.973567008972168,-2.973567008972168,5.117125988006592,1
FakeVideo-RealAudio/African/women/id00359/00053_id05106_ZnnDdjlABM4.npz,-2.9721269607543945,-2.9721269607543945,5.13635778427124,1
FakeVideo-RealAudio/African/women/id00359/00053_id05980_bbg4HtuM_jo.npz,-2.9760961532592773,-2.9760961532592773,5.1519975662231445,1
FakeVideo-RealAudio/African/women/id01907/00148_0.npz,-2.6762900352478027,-2.6762900352478027,5.396914482116699,1
FakeVideo-RealAudio/African/women/id01907/00148_id00220_WlHLlTQKj8g.npz,-2.658613681793213,-2.658613681793213,5.288057327270508,1
FakeVideo-RealAudio/African/women/id01907/00148_id00371_t20i0HtPwW0.npz,-2.742814064025879,-2.742814064025879,5.276826858520508,1
FakeVideo-RealAudio/African/women/id01907/00148_id00829_aMEvVaUBq2Y.npz,-0.8509740233421326,-0.8509740233421326,5.3083038330078125,1
FakeVideo-RealAudio/African/women/id01907/00148_id00829_wavtolip.npz,-1.687170147895813,-1.687170147895813,5.25792932510376,1
FakeVideo-RealAudio/African/women/id01907/00148_id00832_Jr4-dXRChME.npz,-2.75631046295166,-2.75631046295166,5.288600921630859,1
FakeVideo-RealAudio/African/women/id01907/00148_id01178_wavtolip.npz,-2.3796796798706055,-2.3796796798706055,5.335981369018555,1
FakeVideo-RealAudio/African/women/id01907/00148_id01532_XnlWp_s_f7Q.npz,-2.7353124618530273,-2.7353124618530273,5.3224053382873535,1
FakeVideo-RealAudio/African/women/id01907/00148_id01532_wavtolip.npz,-2.5634450912475586,-2.5634450912475586,5.295913219451904,1
FakeVideo-RealAudio/African/women/id01907/00148_id02948_wavtolip.npz,-2.9629483222961426,-2.9629483222961426,4.996347904205322,1
FakeVideo-RealAudio/African/women/id01907/00148_id03658_wavtolip.npz,-0.5751708745956421,-0.5751708745956421,5.199940204620361,1
FakeVideo-RealAudio/African/women/id01907/00148_id04376_wavtolip.npz,-2.7281646728515625,-2.7281646728515625,5.249452114105225,1
FakeVideo-RealAudio/African/women/id01907/00148_id04689_wavtolip.npz,-2.7676033973693848,-2.7676033973693848,5.3011603355407715,1
FakeVideo-RealAudio/African/women/id01907/00148_id04705_ziJ9JsYr4R0.npz,-1.1905450820922852,-1.1905450820922852,5.26199197769165,1
FakeVideo-RealAudio/African/women/id01907/00148_id04820_wavtolip.npz,-2.604461908340454,-2.604461908340454,5.240732192993164,1
FakeVideo-RealAudio/African/women/id01907/00148_id05231_wavtolip.npz,-2.5655453205108643,-2.5655453205108643,5.240728378295898,1
FakeVideo-RealAudio/African/women/id01907/00148_id05235_ASy8lP3SRtw.npz,-1.7409920692443848,-1.7409920692443848,5.282135963439941,1
FakeVideo-RealAudio/African/women/id01907/00148_id05235_ASy8lP3SRtw_faceswap.npz,0.5215783715248108,0.5215783715248108,5.2634196281433105,1
FakeVideo-RealAudio/African/women/id01907/00148_id05252_CMxIX3absYM.npz,-1.3316949605941772,-1.3316949605941772,5.275470733642578,1
FakeVideo-RealAudio/African/women/id01907/00148_id05252_wavtolip.npz,-1.3017891645431519,-1.3017891645431519,5.210731029510498,1
FakeVideo-RealAudio/African/women/id01661/00059.npz,-2.930655002593994,-2.930655002593994,5.210543632507324,1
FakeVideo-RealAudio/African/women/id01661/00059_id00371_t20i0HtPwW0.npz,-1.2891305685043335,-1.2891305685043335,5.198535442352295,1
FakeVideo-RealAudio/African/women/id01661/00059_id00460_wavtolip.npz,-0.4751478433609009,-0.4751478433609009,5.062002182006836,1
FakeVideo-RealAudio/African/women/id01661/00059_id00568_wavtolip.npz,-2.7396037578582764,-2.7396037578582764,5.114818572998047,1
FakeVideo-RealAudio/African/women/id01661/00059_id01661_wavtolip.npz,-2.330475091934204,-2.330475091934204,5.155490398406982,1
FakeVideo-RealAudio/African/women/id01661/00059_id01783_WBUM0bHzWNA.npz,-2.424017906188965,-2.424017906188965,5.1864142417907715,1
FakeVideo-RealAudio/African/women/id01661/00059_id01838_wavtolip.npz,-1.1642745733261108,-1.1642745733261108,5.0938873291015625,1
FakeVideo-RealAudio/African/women/id01661/00059_id01907_LBcRkuRq0uY.npz,-2.5636978149414062,-2.5636978149414062,5.180532455444336,1
FakeVideo-RealAudio/African/women/id01661/00059_id02071_cHuDh9F87vA.npz,-1.05866277217865,-1.05866277217865,5.182588577270508,1
FakeVideo-RealAudio/African/women/id01661/00059_id02721_wavtolip.npz,-2.967001438140869,-2.967001438140869,5.137762069702148,1
FakeVideo-RealAudio/African/women/id01661/00059_id02824_wavtolip.npz,-1.8332089185714722,-1.8332089185714722,5.140752792358398,1
FakeVideo-RealAudio/African/women/id01661/00059_id04055_0qrzF4HLXHY.npz,-1.1317708492279053,-1.1317708492279053,5.176580429077148,1
FakeVideo-RealAudio/African/women/id01661/00059_id04055_wavtolip.npz,-2.9033305644989014,-2.9033305644989014,5.09847354888916,1
FakeVideo-RealAudio/African/women/id01661/00059_id04689_wavtolip.npz,-2.9425415992736816,-2.9425415992736816,5.15056848526001,1
FakeVideo-RealAudio/African/women/id01661/00059_id04705_wavtolip.npz,-2.949474811553955,-2.949474811553955,5.121072769165039,1
FakeVideo-RealAudio/African/women/id01661/00059_id04820_wavtolip.npz,-2.89919114112854,-2.89919114112854,5.096409320831299,1
FakeVideo-RealAudio/African/women/id01661/00059_id04939_i4v2cXo9HIQ.npz,-2.9149398803710938,-2.9149398803710938,5.217663764953613,1
FakeVideo-RealAudio/African/women/id01661/00059_id05252_CMxIX3absYM.npz,-2.9056081771850586,-2.9056081771850586,5.194159030914307,1
FakeVideo-RealAudio/African/women/id03747/00273_0.npz,0.2687358856201172,0.2687358856201172,5.314044952392578,1
FakeVideo-RealAudio/African/women/id03747/00273_id00220_WlHLlTQKj8g.npz,0.19910283386707306,0.19910283386707306,6.232783794403076,1
FakeVideo-RealAudio/African/women/id03747/00273_id00359_RZMQan-7me4.npz,-1.7852535247802734,-1.7852535247802734,6.235688209533691,1
FakeVideo-RealAudio/African/women/id03747/00273_id01661_wavtolip.npz,-1.0039142370224,-1.0039142370224,5.127903461456299,1
FakeVideo-RealAudio/African/women/id03747/00273_id01838_wavtolip.npz,-2.182575225830078,-2.182575225830078,5.810227870941162,1
FakeVideo-RealAudio/African/women/id03747/00273_id01907_wavtolip.npz,-0.47573208808898926,-0.47573208808898926,5.22505521774292,1
FakeVideo-RealAudio/African/women/id03747/00273_id02071_cHuDh9F87vA.npz,-1.768298864364624,-1.768298864364624,6.231076717376709,1
FakeVideo-RealAudio/African/women/id03747/00273_id02301_wavtolip.npz,-2.451305866241455,-2.451305866241455,5.031795024871826,1
FakeVideo-RealAudio/African/women/id03747/00273_id02617_wavtolip.npz,-1.5626838207244873,-1.5626838207244873,5.91796350479126,1
FakeVideo-RealAudio/African/women/id03747/00273_id02824_glBy_mYcXZw.npz,-1.7416534423828125,-1.7416534423828125,6.239666938781738,1
FakeVideo-RealAudio/African/women/id03747/00273_id02824_glBy_mYcXZw_faceswap.npz,-1.774320125579834,-1.774320125579834,6.257041931152344,1
FakeVideo-RealAudio/African/women/id03747/00273_id04055_wavtolip.npz,-2.9307780265808105,-2.9307780265808105,5.147794723510742,1
FakeVideo-RealAudio/African/women/id03747/00273_id04374_SWltOOZmlWM.npz,-1.741936206817627,-1.741936206817627,6.231647491455078,1
FakeVideo-RealAudio/African/women/id03747/00273_id04540_wavtolip.npz,-2.104292392730713,-2.104292392730713,5.267070770263672,1
FakeVideo-RealAudio/African/women/id03747/00273_id04689_0YqK1ksKjLg.npz,-1.7645163536071777,-1.7645163536071777,6.238520622253418,1
FakeVideo-RealAudio/African/women/id03747/00273_id04736_wavtolip.npz,-0.523829996585846,-0.523829996585846,5.570637226104736,1
FakeVideo-RealAudio/African/women/id03747/00273_id04939_wavtolip.npz,-2.7024688720703125,-2.7024688720703125,5.292877674102783,1
FakeVideo-RealAudio/African/women/id03747/00273_id05231_wfbM5puT6eQ.npz,-1.77642822265625,-1.77642822265625,6.239764213562012,1
FakeVideo-RealAudio/African/women/id03747/00273_id05235_ASy8lP3SRtw.npz,-1.7850346565246582,-1.7850346565246582,6.222941875457764,1
FakeVideo-RealAudio/African/women/id03747/00273_id05251_wavtolip.npz,-1.0805318355560303,-1.0805318355560303,5.080993175506592,1
FakeVideo-RealAudio/African/women/id03713/00249_id00359_wavtolip.npz,-2.9938855171203613,-2.9938855171203613,5.044279098510742,1
FakeVideo-RealAudio/African/women/id03713/00249_id00371_t20i0HtPwW0.npz,-1.1035187244415283,-1.1035187244415283,5.172063827514648,1
FakeVideo-RealAudio/African/women/id03713/00249_id00460_9sVM1Crx1FA.npz,-2.349978446960449,-2.349978446960449,5.131570816040039,1
FakeVideo-RealAudio/African/women/id03713/00249_id00568_wavtolip.npz,-0.7353694438934326,-0.7353694438934326,5.053743362426758,1
FakeVideo-RealAudio/African/women/id03713/00249_id01532_XnlWp_s_f7Q.npz,-2.6294286251068115,-2.6294286251068115,5.182371616363525,1
FakeVideo-RealAudio/African/women/id03713/00249_id01907_wavtolip.npz,-2.914515972137451,-2.914515972137451,5.14326286315918,1
FakeVideo-RealAudio/African/women/id03713/00249_id02301_wavtolip.npz,-1.1097841262817383,-1.1097841262817383,5.050050735473633,1
FakeVideo-RealAudio/African/women/id03713/00249_id02617_4EZjRXC4fLk_faceswap.npz,-2.675637722015381,-2.675637722015381,5.163176536560059,1
FakeVideo-RealAudio/African/women/id03713/00249_id02721_wavtolip.npz,-2.9203639030456543,-2.9203639030456543,5.15138578414917,1
FakeVideo-RealAudio/African/women/id03713/00249_id02824_glBy_mYcXZw.npz,-2.664482593536377,-2.664482593536377,5.161543846130371,1
FakeVideo-RealAudio/African/women/id03713/00249_id02948_wavtolip.npz,-2.973158836364746,-2.973158836364746,4.982656478881836,1
FakeVideo-RealAudio/African/women/id03713/00249_id03103_wiCYm3THQPw.npz,-1.9254189729690552,-1.9254189729690552,5.154209136962891,1
FakeVideo-RealAudio/African/women/id03713/00249_id03658_8Wtu9VXKqjY.npz,-2.6577467918395996,-2.6577467918395996,5.171206951141357,1
FakeVideo-RealAudio/African/women/id03713/00249_id03713_wavtolip.npz,-2.930950164794922,-2.930950164794922,5.096987724304199,1
FakeVideo-RealAudio/African/women/id03713/00249_id04547_wavtolip.npz,-1.9028286933898926,-1.9028286933898926,4.971861839294434,1
FakeVideo-RealAudio/African/women/id03713/00249_id04689_wavtolip.npz,0.38481688499450684,0.38481688499450684,5.124267101287842,1
FakeVideo-RealAudio/African/women/id03713/00249_id04736__D2k4fMhEfQ.npz,-0.8956940770149231,-0.8956940770149231,5.177159786224365,1
FakeVideo-RealAudio/African/women/id03713/00249_id05231_wavtolip.npz,-2.9215316772460938,-2.9215316772460938,5.072080135345459,1
FakeVideo-RealAudio/African/women/id02721/00424_0.npz,2.253420352935791,2.253420352935791,5.596433162689209,1
FakeVideo-RealAudio/African/women/id02721/00424_id00371_t20i0HtPwW0.npz,-2.586162805557251,-2.586162805557251,5.39714241027832,1
FakeVideo-RealAudio/African/women/id02721/00424_id00568_gakhcJXnJZ8.npz,-2.481536626815796,-2.481536626815796,5.363541126251221,1
FakeVideo-RealAudio/African/women/id02721/00424_id00577_wavtolip.npz,-2.582988977432251,-2.582988977432251,5.234030723571777,1
FakeVideo-RealAudio/African/women/id02721/00424_id01838_wavtolip.npz,-0.11393528431653976,-0.11393528431653976,5.308155059814453,1
FakeVideo-RealAudio/African/women/id02721/00424_id02586_dEYzYDsbAeo.npz,-2.0829193592071533,-2.0829193592071533,5.3719964027404785,1
FakeVideo-RealAudio/African/women/id02721/00424_id02586_wavtolip.npz,-1.6825921535491943,-1.6825921535491943,5.065014839172363,1
FakeVideo-RealAudio/African/women/id02721/00424_id02617_wavtolip.npz,-2.7247977256774902,-2.7247977256774902,5.298621654510498,1
FakeVideo-RealAudio/African/women/id02721/00424_id02808_nZtvxh6Eesc.npz,-1.3194923400878906,-1.3194923400878906,5.36368465423584,1
FakeVideo-RealAudio/African/women/id02721/00424_id02808_wavtolip.npz,-2.5136492252349854,-2.5136492252349854,5.330698013305664,1
FakeVideo-RealAudio/African/women/id02721/00424_id02824_wavtolip.npz,-0.2790956497192383,-0.2790956497192383,5.284237384796143,1
FakeVideo-RealAudio/African/women/id02721/00424_id02838_wavtolip.npz,0.49353981018066406,0.49353981018066406,5.290449142456055,1
FakeVideo-RealAudio/African/women/id02721/00424_id02948__ZEDGNWjuFE.npz,-0.6614795923233032,-0.6614795923233032,5.352924823760986,1
FakeVideo-RealAudio/African/women/id02721/00424_id03569_wavtolip.npz,-2.7190871238708496,-2.7190871238708496,4.957632541656494,1
FakeVideo-RealAudio/African/women/id02721/00424_id03658_8Wtu9VXKqjY.npz,-2.5894713401794434,-2.5894713401794434,5.381666660308838,1
FakeVideo-RealAudio/African/women/id02721/00424_id03658_8Wtu9VXKqjY_faceswap.npz,-2.6816015243530273,-2.6816015243530273,5.379063129425049,1
FakeVideo-RealAudio/African/women/id02721/00424_id04245_wavtolip.npz,-2.536675453186035,-2.536675453186035,5.34285831451416,1
FakeVideo-RealAudio/African/women/id02721/00424_id04376_wavtolip.npz,-0.5725379586219788,-0.5725379586219788,5.230839252471924,1
FakeVideo-RealAudio/African/women/id02721/00424_id04705_ziJ9JsYr4R0.npz,-1.2598220109939575,-1.2598220109939575,5.373416900634766,1
FakeVideo-RealAudio/African/women/id02721/00424_id05231_wfbM5puT6eQ.npz,-2.2324576377868652,-2.2324576377868652,5.388761043548584,1
FakeVideo-RealAudio/African/women/id04547/00052_id00577_wavtolip.npz,-2.459683418273926,-2.459683418273926,5.271795749664307,1
FakeVideo-RealAudio/African/women/id04547/00052_id00829_aMEvVaUBq2Y.npz,-1.9188178777694702,-1.9188178777694702,5.313935279846191,1
FakeVideo-RealAudio/African/women/id04547/00052_id02071_wavtolip.npz,-3.0121188163757324,-3.0121188163757324,5.019834518432617,1
FakeVideo-RealAudio/African/women/id04547/00052_id02508_wavtolip.npz,-1.9359817504882812,-1.9359817504882812,5.343925952911377,1
FakeVideo-RealAudio/African/women/id04547/00052_id02586_dEYzYDsbAeo.npz,-2.7501659393310547,-2.7501659393310547,5.29927921295166,1
FakeVideo-RealAudio/African/women/id04547/00052_id02721_wavtolip.npz,-0.878402590751648,-0.878402590751648,5.289471626281738,1
FakeVideo-RealAudio/African/women/id04547/00052_id02824_wavtolip.npz,-1.6604174375534058,-1.6604174375534058,5.299332618713379,1
FakeVideo-RealAudio/African/women/id04547/00052_id03103_wiCYm3THQPw.npz,-2.745299816131592,-2.745299816131592,5.271485328674316,1
FakeVideo-RealAudio/African/women/id04547/00052_id03656_draVIyyqLtk.npz,-2.6566615104675293,-2.6566615104675293,5.280712127685547,1
FakeVideo-RealAudio/African/women/id04547/00052_id04374_SWltOOZmlWM.npz,-1.6922941207885742,-1.6922941207885742,5.269660949707031,1
FakeVideo-RealAudio/African/women/id04547/00052_id04376_wavtolip.npz,-1.9009265899658203,-1.9009265899658203,5.277525901794434,1
FakeVideo-RealAudio/African/women/id04547/00052_id04540_9KNIjew03AQ.npz,-2.7573933601379395,-2.7573933601379395,5.3504228591918945,1
FakeVideo-RealAudio/African/women/id04547/00052_id04540_wavtolip.npz,-1.2990834712982178,-1.2990834712982178,5.238088607788086,1
FakeVideo-RealAudio/African/women/id04547/00052_id04820_wavtolip.npz,-2.8364500999450684,-2.8364500999450684,5.192685604095459,1
FakeVideo-RealAudio/African/women/id04547/00052_id04939_i4v2cXo9HIQ.npz,-2.749326229095459,-2.749326229095459,5.301660060882568,1
FakeVideo-RealAudio/African/women/id04547/00052_id05106_wavtolip.npz,-2.9473202228546143,-2.9473202228546143,5.037954807281494,1
FakeVideo-RealAudio/African/women/id04547/00052_id05251_wavtolip.npz,-1.6400834321975708,-1.6400834321975708,5.069858551025391,1
FakeVideo-RealAudio/African/women/id00220/00027.npz,-2.912541627883911,-2.912541627883911,5.141443729400635,1
FakeVideo-RealAudio/African/women/id00220/00027_id00371_t20i0HtPwW0.npz,-2.9182519912719727,-2.9182519912719727,5.145003318786621,1
FakeVideo-RealAudio/African/women/id00220/00027_id00568_wavtolip.npz,-1.1277523040771484,-1.1277523040771484,5.170127868652344,1
FakeVideo-RealAudio/African/women/id00220/00027_id00707_wavtolip.npz,-2.7957444190979004,-2.7957444190979004,5.120899200439453,1
FakeVideo-RealAudio/African/women/id00220/00027_id01178_6XpgYMiKxhc.npz,-2.655513286590576,-2.655513286590576,5.1117167472839355,1
FakeVideo-RealAudio/African/women/id00220/00027_id01907_LBcRkuRq0uY.npz,-2.9052352905273438,-2.9052352905273438,5.160026550292969,1
FakeVideo-RealAudio/African/women/id00220/00027_id02071_wavtolip.npz,-0.002898484468460083,-0.002898484468460083,5.046822547912598,1
FakeVideo-RealAudio/African/women/id00220/00027_id02721_wavtolip.npz,-2.8855834007263184,-2.8855834007263184,5.149905204772949,1
FakeVideo-RealAudio/African/women/id00220/00027_id02824_glBy_mYcXZw.npz,-2.774507761001587,-2.774507761001587,5.145164966583252,1
FakeVideo-RealAudio/African/women/id00220/00027_id02838_wavtolip.npz,-1.1375097036361694,-1.1375097036361694,5.107320785522461,1
FakeVideo-RealAudio/African/women/id00220/00027_id03103_wavtolip.npz,-2.9196295738220215,-2.9196295738220215,5.05025577545166,1
FakeVideo-RealAudio/African/women/id00220/00027_id03569_YO0EpPm9p-8.npz,-2.8513224124908447,-2.8513224124908447,5.1341657638549805,1
FakeVideo-RealAudio/African/women/id00220/00027_id03656_wavtolip.npz,1.896939754486084,1.896939754486084,5.105567932128906,1
FakeVideo-RealAudio/African/women/id00220/00027_id04705_wavtolip.npz,-2.10636830329895,-2.10636830329895,5.113161087036133,1
FakeVideo-RealAudio/African/women/id00220/00027_id04820_wavtolip.npz,-2.650578498840332,-2.650578498840332,5.077816009521484,1
FakeVideo-RealAudio/African/women/id00220/00027_id04939_i4v2cXo9HIQ.npz,-2.926771640777588,-2.926771640777588,5.134739875793457,1
FakeVideo-RealAudio/African/women/id00220/00027_id05251_wavtolip.npz,-0.7907349467277527,-0.7907349467277527,5.051961421966553,1
FakeVideo-RealAudio/African/women/id04820/00015_id00832_wavtolip.npz,-0.11826753616333008,-0.11826753616333008,5.1948652267456055,1
FakeVideo-RealAudio/African/women/id04820/00015_id01783_wavtolip.npz,-2.0996432304382324,-2.0996432304382324,5.2205376625061035,1
FakeVideo-RealAudio/African/women/id04820/00015_id02071_wavtolip.npz,-2.4333837032318115,-2.4333837032318115,5.055666446685791,1
FakeVideo-RealAudio/African/women/id04820/00015_id02721_wavtolip.npz,-0.9626412391662598,-0.9626412391662598,5.217700481414795,1
FakeVideo-RealAudio/African/women/id04820/00015_id02948__ZEDGNWjuFE.npz,-2.8058977127075195,-2.8058977127075195,5.215336322784424,1
FakeVideo-RealAudio/African/women/id04820/00015_id02948__ZEDGNWjuFE_faceswap.npz,-2.7746357917785645,-2.7746357917785645,5.250494480133057,1
FakeVideo-RealAudio/African/women/id04820/00015_id03103_wavtolip.npz,-0.3192265033721924,-0.3192265033721924,5.185824871063232,1
FakeVideo-RealAudio/African/women/id04820/00015_id03656_wavtolip.npz,-1.5750203132629395,-1.5750203132629395,5.167913913726807,1
FakeVideo-RealAudio/African/women/id04820/00015_id04374_wavtolip.npz,-2.839282274246216,-2.839282274246216,5.214396953582764,1
FakeVideo-RealAudio/African/women/id04820/00015_id04705_wavtolip.npz,-2.834479808807373,-2.834479808807373,5.2137861251831055,1
FakeVideo-RealAudio/African/women/id04820/00015_id05251_wavtolip.npz,-2.5794928073883057,-2.5794928073883057,5.105011463165283,1
FakeVideo-RealAudio/African/women/id04820/00015_id05980_wavtolip.npz,-0.2979710102081299,-0.2979710102081299,5.112923622131348,1
FakeVideo-RealAudio/African/women/id04736/00083_0.npz,-2.909923553466797,-2.909923553466797,5.130720615386963,1
FakeVideo-RealAudio/African/women/id04736/00083_id00359_wavtolip.npz,-2.969860076904297,-2.969860076904297,5.057615280151367,1
FakeVideo-RealAudio/African/women/id04736/00083_id00568_wavtolip.npz,0.08159995079040527,0.08159995079040527,5.58122444152832,1
FakeVideo-RealAudio/African/women/id04736/00083_id00829_wavtolip.npz,-2.468939781188965,-2.468939781188965,5.550786972045898,1
FakeVideo-RealAudio/African/women/id04736/00083_id01178_wavtolip.npz,-2.7167015075683594,-2.7167015075683594,5.282702445983887,1
FakeVideo-RealAudio/African/women/id04736/00083_id02071_wavtolip.npz,-2.6756701469421387,-2.6756701469421387,5.063077926635742,1
FakeVideo-RealAudio/African/women/id04736/00083_id02824_wavtolip.npz,-2.645887613296509,-2.645887613296509,5.311030387878418,1
FakeVideo-RealAudio/African/women/id04736/00083_id03569_wavtolip.npz,-2.940706968307495,-2.940706968307495,4.99454927444458,1
FakeVideo-RealAudio/African/women/id04736/00083_id03713_wavtolip.npz,-2.9155783653259277,-2.9155783653259277,5.165741920471191,1
FakeVideo-RealAudio/African/women/id04736/00083_id04055_wavtolip.npz,-2.933138370513916,-2.933138370513916,5.078231334686279,1
FakeVideo-RealAudio/African/women/id04736/00083_id04547_wavtolip.npz,-1.4616239070892334,-1.4616239070892334,5.162740707397461,1
FakeVideo-RealAudio/African/women/id04736/00083_id05235_ASy8lP3SRtw.npz,-2.322152853012085,-2.322152853012085,5.5664215087890625,1
FakeVideo-RealAudio/African/women/id04736/00083_id05235_ASy8lP3SRtw_faceswap.npz,-2.45159912109375,-2.45159912109375,5.604256629943848,1
FakeVideo-RealAudio/African/women/id04376/00181_id00220_WlHLlTQKj8g.npz,-1.1842753887176514,-1.1842753887176514,5.289062023162842,1
FakeVideo-RealAudio/African/women/id04376/00181_id00460_wavtolip.npz,-2.3265395164489746,-2.3265395164489746,5.2508087158203125,1
FakeVideo-RealAudio/African/women/id04376/00181_id00829_aMEvVaUBq2Y.npz,-2.724968433380127,-2.724968433380127,5.283468246459961,1
FakeVideo-RealAudio/African/women/id04376/00181_id01178_wavtolip.npz,-2.7288036346435547,-2.7288036346435547,5.295190334320068,1
FakeVideo-RealAudio/African/women/id04376/00181_id02071_wavtolip.npz,-2.7263705730438232,-2.7263705730438232,5.060568809509277,1
FakeVideo-RealAudio/African/women/id04376/00181_id02586_dEYzYDsbAeo.npz,-1.3187452554702759,-1.3187452554702759,5.272568702697754,1
FakeVideo-RealAudio/African/women/id04376/00181_id02838_kaCQlSGlLe8.npz,-1.152677297592163,-1.152677297592163,5.270484924316406,1
FakeVideo-RealAudio/African/women/id04376/00181_id03569_wavtolip.npz,-0.5058035254478455,-0.5058035254478455,5.022955417633057,1
FakeVideo-RealAudio/African/women/id04376/00181_id03658_8Wtu9VXKqjY.npz,-0.9540961980819702,-0.9540961980819702,5.312230110168457,1
FakeVideo-RealAudio/African/women/id04376/00181_id04245_wavtolip.npz,-1.9366486072540283,-1.9366486072540283,5.289613723754883,1
FakeVideo-RealAudio/African/women/id04376/00181_id04374_SWltOOZmlWM.npz,-2.693643093109131,-2.693643093109131,5.2888407707214355,1
FakeVideo-RealAudio/African/women/id04376/00181_id04437_2csrqaF55pk_faceswap.npz,-2.717285633087158,-2.717285633087158,5.2823309898376465,1
FakeVideo-RealAudio/African/women/id04376/00181_id04547_wavtolip.npz,-0.8331339359283447,-0.8331339359283447,5.184134006500244,1
FakeVideo-RealAudio/African/women/id04376/00181_id04689_wavtolip.npz,-1.7205780744552612,-1.7205780744552612,5.211309909820557,1
FakeVideo-RealAudio/African/women/id04376/00181_id04705_wavtolip.npz,-2.787325859069824,-2.787325859069824,5.221768379211426,1
FakeVideo-RealAudio/African/women/id04376/00181_id04820_wavtolip.npz,-2.842945098876953,-2.842945098876953,5.182079315185547,1
FakeVideo-RealAudio/African/women/id04376/00181_id05231_wavtolip.npz,-1.8372201919555664,-1.8372201919555664,5.253156661987305,1
FakeVideo-RealAudio/African/women/id04374/00032_id00460_wavtolip.npz,-2.532639503479004,-2.532639503479004,5.409469127655029,1
FakeVideo-RealAudio/African/women/id04374/00032_id00568_wavtolip.npz,-0.6841398477554321,-0.6841398477554321,5.601604461669922,1
FakeVideo-RealAudio/African/women/id04374/00032_id00577_wavtolip.npz,-1.3058496713638306,-1.3058496713638306,5.323550701141357,1
FakeVideo-RealAudio/African/women/id04374/00032_id00707_feeHCIlo6jg.npz,-2.4884591102600098,-2.4884591102600098,5.574673652648926,1
FakeVideo-RealAudio/African/women/id04374/00032_id02586_dEYzYDsbAeo.npz,-2.034867525100708,-2.034867525100708,5.557585716247559,1
FakeVideo-RealAudio/African/women/id04374/00032_id02586_wavtolip.npz,-2.748843193054199,-2.748843193054199,5.1291117668151855,1
FakeVideo-RealAudio/African/women/id04374/00032_id02721_wavtolip.npz,-2.699652671813965,-2.699652671813965,5.433975696563721,1
FakeVideo-RealAudio/African/women/id04374/00032_id02808_wavtolip.npz,-2.3423781394958496,-2.3423781394958496,5.534522533416748,1
FakeVideo-RealAudio/African/women/id04374/00032_id02838_kaCQlSGlLe8.npz,-2.4634292125701904,-2.4634292125701904,5.557503700256348,1
FakeVideo-RealAudio/African/women/id04374/00032_id03656_draVIyyqLtk.npz,-2.4744696617126465,-2.4744696617126465,5.562558174133301,1
FakeVideo-RealAudio/African/women/id04374/00032_id03658_wavtolip.npz,-2.5080456733703613,-2.5080456733703613,5.514251232147217,1
FakeVideo-RealAudio/African/women/id04374/00032_id04374_wavtolip.npz,-2.485790729522705,-2.485790729522705,5.5662431716918945,1
FakeVideo-RealAudio/African/women/id04374/00032_id04547_3Qy2g2M47Aw.npz,-2.4745612144470215,-2.4745612144470215,5.546180725097656,1
FakeVideo-RealAudio/African/women/id04374/00032_id04689_0YqK1ksKjLg_faceswap.npz,-2.5183467864990234,-2.5183467864990234,5.539152145385742,1
FakeVideo-RealAudio/African/women/id04374/00032_id05231_wfbM5puT6eQ.npz,-2.3960466384887695,-2.3960466384887695,5.564011573791504,1
FakeVideo-RealAudio/African/women/id04374/00032_id05235_wavtolip.npz,-2.5666165351867676,-2.5666165351867676,5.466142177581787,1
FakeVideo-RealAudio/African/women/id04374/00032_id05251_wavtolip.npz,-2.7810401916503906,-2.7810401916503906,5.151154041290283,1
FakeVideo-RealAudio/African/women/id02824/00130_id00568_wavtolip.npz,0.692203164100647,0.692203164100647,5.28008508682251,1
FakeVideo-RealAudio/African/women/id02824/00130_id00592_wavtolip.npz,-2.0160388946533203,-2.0160388946533203,5.288917064666748,1
FakeVideo-RealAudio/African/women/id02824/00130_id00707_wavtolip.npz,-2.752317428588867,-2.752317428588867,5.133759021759033,1
FakeVideo-RealAudio/African/women/id02824/00130_id00832_Jr4-dXRChME.npz,-2.407881736755371,-2.407881736755371,5.345494270324707,1
FakeVideo-RealAudio/African/women/id02824/00130_id01661_SdP_Monh-_4.npz,-2.664210557937622,-2.664210557937622,5.3472981452941895,1
FakeVideo-RealAudio/African/women/id02824/00130_id01661_wavtolip.npz,-2.9242711067199707,-2.9242711067199707,5.138896465301514,1
FakeVideo-RealAudio/African/women/id02824/00130_id02617_wavtolip.npz,-2.505671977996826,-2.505671977996826,5.3371052742004395,1
FakeVideo-RealAudio/African/women/id02824/00130_id02948_wavtolip.npz,-1.5670013427734375,-1.5670013427734375,5.014194011688232,1
FakeVideo-RealAudio/African/women/id02824/00130_id03656_draVIyyqLtk.npz,-2.739724636077881,-2.739724636077881,5.358654499053955,1
FakeVideo-RealAudio/African/women/id02824/00130_id03747_wQOOhZvnrq4.npz,-2.2992749214172363,-2.2992749214172363,5.358892917633057,1
FakeVideo-RealAudio/African/women/id02824/00130_id03747_wQOOhZvnrq4_faceswap.npz,-2.749990463256836,-2.749990463256836,5.372221946716309,1
FakeVideo-RealAudio/African/women/id02824/00130_id04245_wavtolip.npz,-0.6105577945709229,-0.6105577945709229,5.311270713806152,1
FakeVideo-RealAudio/African/women/id02824/00130_id04540_wavtolip.npz,-2.223345994949341,-2.223345994949341,5.27384090423584,1
FakeVideo-RealAudio/African/women/id02824/00130_id04705_ziJ9JsYr4R0.npz,-2.3107528686523438,-2.3107528686523438,5.353134632110596,1
FakeVideo-RealAudio/African/women/id02824/00130_id04736_wavtolip.npz,-2.737772226333618,-2.737772226333618,5.319881439208984,1
FakeVideo-RealAudio/African/women/id02824/00130_id05231_wfbM5puT6eQ.npz,-2.113771915435791,-2.113771915435791,5.364534854888916,1
FakeVideo-RealAudio/African/women/id02824/00130_id05251_wavtolip.npz,-1.9044299125671387,-1.9044299125671387,5.064953804016113,1
FakeVideo-RealAudio/African/women/id02824/00130_id05252_CMxIX3absYM.npz,-2.5919904708862305,-2.5919904708862305,5.3545918464660645,1
RealVideo-FakeAudio/African/men/id01835/00130_fake.npz,3.7576050758361816,3.7576050758361816,5.855308532714844,1
RealVideo-FakeAudio/African/men/id02040/00476_fake.npz,2.9906516075134277,2.9906516075134277,5.187914848327637,1
RealVideo-FakeAudio/African/men/id01392/00167_fake.npz,4.212569236755371,4.212569236755371,5.876763343811035,1
RealVideo-FakeAudio/African/men/id01717/00005_fake.npz,3.600221633911133,3.600221633911133,5.248932838439941,1
RealVideo-FakeAudio/African/men/id01779/00010_fake.npz,3.2686944007873535,3.2686944007873535,5.540558815002441,1
RealVideo-FakeAudio/African/men/id01179/00160_fake.npz,3.3656818866729736,3.3656818866729736,5.330355167388916,1
RealVideo-FakeAudio/African/men/id01528/00017_fake.npz,3.8764777183532715,3.8764777183532715,5.5369977951049805,1
RealVideo-FakeAudio/African/men/id00076/00109_fake.npz,3.63521146774292,3.63521146774292,6.022934913635254,1
RealVideo-FakeAudio/African/men/id02268/00036_fake.npz,3.569585084915161,3.569585084915161,5.758692741394043,1
RealVideo-FakeAudio/African/men/id01170/00021_fake.npz,3.8098506927490234,3.8098506927490234,5.781279563903809,1
RealVideo-FakeAudio/African/men/id01637/00002_fake.npz,3.2781529426574707,3.2781529426574707,5.466582775115967,1
RealVideo-FakeAudio/African/men/id02051/00015_fake.npz,3.000035285949707,3.000035285949707,5.141756057739258,1
RealVideo-FakeAudio/African/men/id00366/00118_fake.npz,3.6450705528259277,3.6450705528259277,5.965594291687012,1
RealVideo-FakeAudio/African/women/id00359/00053_fake.npz,3.366338014602661,3.366338014602661,5.0679121017456055,1
RealVideo-FakeAudio/African/women/id01907/00148_fake.npz,3.3355519771575928,3.3355519771575928,5.289658546447754,1
RealVideo-FakeAudio/African/women/id01661/00059_fake.npz,3.5509698390960693,3.5509698390960693,5.250376224517822,1
RealVideo-FakeAudio/African/women/id03747/00273_fake.npz,4.604766845703125,4.604766845703125,6.352575302124023,1
RealVideo-FakeAudio/African/women/id03713/00249_fake.npz,3.5362799167633057,3.5362799167633057,5.212095260620117,1
RealVideo-FakeAudio/African/women/id02721/00424_fake.npz,3.9923276901245117,3.9923276901245117,5.348618984222412,1
RealVideo-FakeAudio/African/women/id04547/00052_fake.npz,3.370863914489746,3.370863914489746,5.40036678314209,1
RealVideo-FakeAudio/African/women/id00220/00027_fake.npz,3.145258665084839,3.145258665084839,5.16818904876709,1
RealVideo-FakeAudio/African/women/id04820/00015_fake.npz,3.9550795555114746,3.9550795555114746,5.2627644538879395,1
RealVideo-FakeAudio/African/women/id04736/00083_fake.npz,3.9219279289245605,3.9219279289245605,5.580946445465088,1
RealVideo-FakeAudio/African/women/id04376/00181_fake.npz,3.6967668533325195,3.6967668533325195,5.302314758300781,1
RealVideo-FakeAudio/African/women/id04374/00032_fake.npz,3.953054904937744,3.953054904937744,5.62587833404541,1
RealVideo-FakeAudio/African/women/id02824/00130_fake.npz,3.9802603721618652,3.9802603721618652,5.389435291290283,1
RealVideo-RealAudio/African/men/id01835/00130.npz,-2.264561653137207,-2.264561653137207,5.758909225463867,0
RealVideo-RealAudio/African/men/id02040/00476.npz,-1.4213459491729736,-1.4213459491729736,5.121040344238281,0
RealVideo-RealAudio/African/men/id01392/00167.npz,-2.2262911796569824,-2.2262911796569824,5.773244857788086,0
RealVideo-RealAudio/African/men/id01717/00005.npz,-2.853482246398926,-2.853482246398926,5.174210548400879,0
RealVideo-RealAudio/African/men/id01779/00010.npz,-1.327489972114563,-1.327489972114563,5.500982284545898,0
RealVideo-RealAudio/African/men/id01179/00160.npz,-1.547816276550293,-1.547816276550293,5.287112236022949,0
RealVideo-RealAudio/African/men/id01528/00017.npz,-2.447862148284912,-2.447862148284912,5.503200531005859,0
RealVideo-RealAudio/African/men/id00076/00109.npz,-2.061546802520752,-2.061546802520752,5.98198127746582,0
RealVideo-RealAudio/African/men/id02268/00036.npz,-2.3644542694091797,-2.3644542694091797,5.659673690795898,0
RealVideo-RealAudio/African/men/id01170/00021.npz,-2.386117458343506,-2.386117458343506,5.674070358276367,0
RealVideo-RealAudio/African/men/id01637/00002.npz,-2.3146331310272217,-2.3146331310272217,5.47166109085083,0
RealVideo-RealAudio/African/men/id02051/00015.npz,-2.9241089820861816,-2.9241089820861816,5.0977935791015625,0
RealVideo-RealAudio/African/men/id00366/00118.npz,-2.1763596534729004,-2.1763596534729004,5.831624984741211,0
RealVideo-RealAudio/African/women/id00359/00053.npz,-2.979119300842285,-2.979119300842285,5.095147132873535,0
RealVideo-RealAudio/African/women/id01907/00148.npz,-2.7533762454986572,-2.7533762454986572,5.279933929443359,0
RealVideo-RealAudio/African/women/id01661/00059.npz,-2.930655002593994,-2.930655002593994,5.210543632507324,0
RealVideo-RealAudio/African/women/id03747/00273.npz,-1.787992000579834,-1.787992000579834,6.221611499786377,0
RealVideo-RealAudio/African/women/id03713/00249.npz,-2.9020004272460938,-2.9020004272460938,5.143086910247803,0
RealVideo-RealAudio/African/women/id02721/00424.npz,-2.4822425842285156,-2.4822425842285156,5.341245174407959,0
RealVideo-RealAudio/African/women/id04547/00052.npz,-2.7420196533203125,-2.7420196533203125,5.30151891708374,0
RealVideo-RealAudio/African/women/id00220/00027.npz,-2.912541627883911,-2.912541627883911,5.141443729400635,0
RealVideo-RealAudio/African/women/id04820/00015.npz,-2.8056836128234863,-2.8056836128234863,5.217764854431152,0
RealVideo-RealAudio/African/women/id04736/00083.npz,-2.4567108154296875,-2.4567108154296875,5.559924125671387,0
RealVideo-RealAudio/African/women/id04376/00181.npz,-2.667975902557373,-2.667975902557373,5.278450012207031,0
RealVideo-RealAudio/African/women/id04374/00032.npz,-2.4987144470214844,-2.4987144470214844,5.581708908081055,0
RealVideo-RealAudio/African/women/id02824/00130.npz,-2.749556064605713,-2.749556064605713,5.373305320739746,0
