path,score_full,score_causal,score_spurious,label
FakeVideo-FakeAudio/Asian (South)/men/id06354/00021_id00032_AQMDc6SKNXs_id07463_wavtolip.npz,1.8175169229507446,1.8175169229507446,4.570821285247803,1
FakeVideo-FakeAudio/Asian (South)/men/id06354/00021_id00033_wavtolip.npz,2.257650852203369,2.257650852203369,4.5692877769470215,1
FakeVideo-FakeAudio/Asian (South)/men/id06354/00021_id00103_qpTVaP4y5DQ_id03945_wavtolip.npz,1.9516425132751465,1.9516425132751465,4.537008762359619,1
FakeVideo-FakeAudio/Asian (South)/men/id06354/00021_id00350_75IFJNFAMIM_id04562_wavtolip.npz,2.267272472381592,2.267272472381592,4.564455986022949,1
FakeVideo-FakeAudio/Asian (South)/men/id06354/00021_id00685_wavtolip.npz,1.8675352334976196,1.8675352334976196,4.503610134124756,1
FakeVideo-FakeAudio/Asian (South)/men/id06354/00021_id00732_wavtolip.npz,1.7790071964263916,1.7790071964263916,4.5357489585876465,1
FakeVideo-FakeAudio/Asian (South)/men/id06354/00021_id00773_2j3lUETJ57I_id00459_wavtolip.npz,1.1076542139053345,1.1076542139053345,4.522198677062988,1
FakeVideo-FakeAudio/Asian (South)/men/id06354/00021_id00816_wavtolip.npz,2.1672189235687256,2.1672189235687256,4.508086681365967,1
FakeVideo-FakeAudio/Asian (South)/men/id06354/00021_id04599_Q60DPi5Nhmk_id03599_wavtolip.npz,1.1681177616119385,1.1681177616119385,4.5279316902160645,1
FakeVideo-FakeAudio/Asian (South)/men/id06354/00021_id06355_wavtolip.npz,0.9595944881439209,0.9595944881439209,4.540470123291016,1
FakeVideo-FakeAudio/Asian (South)/men/id06354/00021_id07058_JXJTxhrICl0_id07165_wavtolip.npz,2.353925943374634,2.353925943374634,4.591798305511475,1
FakeVideo-FakeAudio/Asian (South)/men/id06354/00021_id07108_qwfQPcvjGRY_id07233_wavtolip.npz,1.125830888748169,1.125830888748169,4.533461093902588,1
FakeVideo-FakeAudio/Asian (South)/men/id06354/00021_id07108_wavtolip.npz,1.8365200757980347,1.8365200757980347,4.493223667144775,1
FakeVideo-FakeAudio/Asian (South)/men/id06354/00021_id07179_wavtolip.npz,-1.6149802207946777,-1.6149802207946777,4.495177268981934,1
FakeVideo-FakeAudio/Asian (South)/men/id06354/00021_id07194_NDJaiff98Fo_faceswap_id03945_wavtolip.npz,2.1583008766174316,2.1583008766174316,4.562249660491943,1
FakeVideo-FakeAudio/Asian (South)/men/id06354/00021_id07194_NDJaiff98Fo_faceswap_id04537_wavtolip.npz,2.248973846435547,2.248973846435547,4.532288551330566,1
FakeVideo-FakeAudio/Asian (South)/men/id06354/00021_id07194_NDJaiff98Fo_faceswap_id04601_wavtolip.npz,1.2502715587615967,1.2502715587615967,4.167612552642822,1
FakeVideo-FakeAudio/Asian (South)/men/id06354/00021_id07194_NDJaiff98Fo_faceswap_id07200_wavtolip.npz,2.3766746520996094,2.3766746520996094,4.523269176483154,1
FakeVideo-FakeAudio/Asian (South)/men/id06354/00021_id07194_NDJaiff98Fo_faceswap_id07768_wavtolip.npz,-0.7042561769485474,-0.7042561769485474,4.54213809967041,1
FakeVideo-FakeAudio/Asian (South)/men/id06354/00021_id07194_NDJaiff98Fo_id00857_wavtolip.npz,0.9190876483917236,0.9190876483917236,4.4588470458984375,1
FakeVideo-FakeAudio/Asian (South)/men/id06354/00021_id07210_wavtolip.npz,-0.9626696109771729,-0.9626696109771729,4.539972305297852,1
FakeVideo-FakeAudio/Asian (South)/men/id06354/00021_id08314_wavtolip.npz,2.083731174468994,2.083731174468994,4.5265116691589355,1
FakeVideo-FakeAudio/Asian (South)/men/id08314/00028_id00078_9CoVxzTOAhk_faceswap_id00459_wavtolip.npz,2.1984620094299316,2.1984620094299316,5.315114498138428,1
FakeVideo-FakeAudio/Asian (South)/men/id08314/00028_id00078_9CoVxzTOAhk_faceswap_id00685_wavtolip.npz,0.1966569423675537,0.1966569423675537,4.954739570617676,1
FakeVideo-FakeAudio/Asian (South)/men/id08314/00028_id00078_9CoVxzTOAhk_faceswap_id00745_wavtolip.npz,1.4954543113708496,1.4954543113708496,4.621023654937744,1
FakeVideo-FakeAudio/Asian (South)/men/id08314/00028_id00078_9CoVxzTOAhk_faceswap_id00857_wavtolip.npz,1.360650658607483,1.360650658607483,4.464456081390381,1
FakeVideo-FakeAudio/Asian (South)/men/id08314/00028_id00078_9CoVxzTOAhk_faceswap_id04599_wavtolip.npz,1.9106242656707764,1.9106242656707764,4.472653865814209,1
FakeVideo-FakeAudio/Asian (South)/men/id08314/00028_id00078_9CoVxzTOAhk_id03180_wavtolip.npz,1.2444480657577515,1.2444480657577515,4.779313087463379,1
FakeVideo-FakeAudio/Asian (South)/men/id08314/00028_id00078_wavtolip.npz,-1.447721004486084,-1.447721004486084,4.743495464324951,1
FakeVideo-FakeAudio/Asian (South)/men/id08314/00028_id00103_qpTVaP4y5DQ_id07233_wavtolip.npz,2.068091630935669,2.068091630935669,4.620291709899902,1
FakeVideo-FakeAudio/Asian (South)/men/id08314/00028_id00459_wavtolip.npz,2.2817940711975098,2.2817940711975098,5.2911601066589355,1
FakeVideo-FakeAudio/Asian (South)/men/id08314/00028_id00732_amGRpH0AJCs_id04928_wavtolip.npz,2.231973171234131,2.231973171234131,4.718141078948975,1
FakeVideo-FakeAudio/Asian (South)/men/id08314/00028_id00745_wavtolip.npz,2.507772922515869,2.507772922515869,4.582188129425049,1
FakeVideo-FakeAudio/Asian (South)/men/id08314/00028_id00773_2j3lUETJ57I_id00082_wavtolip.npz,2.69404673576355,2.69404673576355,5.005970001220703,1
FakeVideo-FakeAudio/Asian (South)/men/id08314/00028_id00816_wavtolip.npz,2.6018407344818115,2.6018407344818115,4.673008441925049,1
FakeVideo-FakeAudio/Asian (South)/men/id08314/00028_id03344_wavtolip.npz,2.731672525405884,2.731672525405884,4.842657566070557,1
FakeVideo-FakeAudio/Asian (South)/men/id08314/00028_id04599_wavtolip.npz,1.0976810455322266,1.0976810455322266,4.482574939727783,1
FakeVideo-FakeAudio/Asian (South)/men/id08314/00028_id04601_wavtolip.npz,1.3164386749267578,1.3164386749267578,4.127542018890381,1
FakeVideo-FakeAudio/Asian (South)/men/id08314/00028_id06753_wavtolip.npz,-1.18794584274292,-1.18794584274292,5.2584404945373535,1
FakeVideo-FakeAudio/Asian (South)/men/id08314/00028_id07163_wavtolip.npz,1.8352396488189697,1.8352396488189697,4.018061637878418,1
FakeVideo-FakeAudio/Asian (South)/men/id08314/00028_id07194_NDJaiff98Fo_id07210_wavtolip.npz,2.3635053634643555,2.3635053634643555,4.613012790679932,1
FakeVideo-FakeAudio/Asian (South)/men/id08314/00028_id07195_wXqfHGtaBn4_id06355_wavtolip.npz,1.9341187477111816,1.9341187477111816,4.572536945343018,1
FakeVideo-FakeAudio/Asian (South)/men/id08314/00028_id08457_wavtolip.npz,0.5192923545837402,0.5192923545837402,4.772308349609375,1
FakeVideo-FakeAudio/Asian (South)/men/id07233/00010_id00032_wavtolip.npz,2.3662986755371094,2.3662986755371094,4.643841743469238,1
FakeVideo-FakeAudio/Asian (South)/men/id07233/00010_id00078_wavtolip.npz,-1.4518548250198364,-1.4518548250198364,4.678779602050781,1
FakeVideo-FakeAudio/Asian (South)/men/id07233/00010_id00082_wavtolip.npz,1.3325579166412354,1.3325579166412354,4.612845420837402,1
FakeVideo-FakeAudio/Asian (South)/men/id07233/00010_id00685_wavtolip.npz,2.146597146987915,2.146597146987915,4.622785568237305,1
FakeVideo-FakeAudio/Asian (South)/men/id07233/00010_id00732_wavtolip.npz,1.850829839706421,1.850829839706421,4.663618564605713,1
FakeVideo-FakeAudio/Asian (South)/men/id07233/00010_id00769_BqHVSZdoVpM_id07165_wavtolip.npz,2.3983654975891113,2.3983654975891113,4.636226177215576,1
FakeVideo-FakeAudio/Asian (South)/men/id07233/00010_id00773_wavtolip.npz,2.2863073348999023,2.2863073348999023,4.28359317779541,1
FakeVideo-FakeAudio/Asian (South)/men/id07233/00010_id00816_wavtolip.npz,1.3695542812347412,1.3695542812347412,4.679627418518066,1
FakeVideo-FakeAudio/Asian (South)/men/id07233/00010_id03945_8gN6kSKpLRg_id07768_wavtolip.npz,-1.6022684574127197,-1.6022684574127197,4.562572956085205,1
FakeVideo-FakeAudio/Asian (South)/men/id07233/00010_id04537_G1e1UFopjfI_id04928_wavtolip.npz,1.9076817035675049,1.9076817035675049,4.696747779846191,1
FakeVideo-FakeAudio/Asian (South)/men/id07233/00010_id04554_8rSKsBhAaDo_id04599_wavtolip.npz,0.5777101516723633,0.5777101516723633,4.496120929718018,1
FakeVideo-FakeAudio/Asian (South)/men/id07233/00010_id04562_qio_Gs7wjvY_id07463_wavtolip.npz,1.6739922761917114,1.6739922761917114,4.664113521575928,1
FakeVideo-FakeAudio/Asian (South)/men/id07233/00010_id07161_wavtolip.npz,1.991699457168579,1.991699457168579,4.640651226043701,1
FakeVideo-FakeAudio/Asian (South)/men/id07233/00010_id07165_oJ_iy16IBTM_id07161_wavtolip.npz,2.1933846473693848,2.1933846473693848,4.6310834884643555,1
FakeVideo-FakeAudio/Asian (South)/men/id07233/00010_id07195_wavtolip.npz,0.4799093008041382,0.4799093008041382,4.658563137054443,1
FakeVideo-FakeAudio/Asian (South)/men/id07233/00010_id07200_quCElxMhW6g_faceswap_id00103_wavtolip.npz,2.172304630279541,2.172304630279541,4.367299556732178,1
FakeVideo-FakeAudio/Asian (South)/men/id07233/00010_id07200_quCElxMhW6g_faceswap_id00773_wavtolip.npz,2.22064471244812,2.22064471244812,4.277736186981201,1
FakeVideo-FakeAudio/Asian (South)/men/id07233/00010_id07200_quCElxMhW6g_faceswap_id06753_wavtolip.npz,-1.5520288944244385,-1.5520288944244385,4.6065287590026855,1
FakeVideo-FakeAudio/Asian (South)/men/id07233/00010_id07200_quCElxMhW6g_faceswap_id07195_wavtolip.npz,2.384201765060425,2.384201765060425,4.6238298416137695,1
FakeVideo-FakeAudio/Asian (South)/men/id07233/00010_id07200_quCElxMhW6g_faceswap_id07463_wavtolip.npz,1.8410489559173584,1.8410489559173584,4.676585674285889,1
FakeVideo-FakeAudio/Asian (South)/men/id07233/00010_id07200_quCElxMhW6g_id04562_wavtolip.npz,2.3609042167663574,2.3609042167663574,4.72780704498291,1
FakeVideo-FakeAudio/Asian (South)/men/id07179/00206_id00078_wavtolip.npz,-1.2689831256866455,-1.2689831256866455,4.758193016052246,1
FakeVideo-FakeAudio/Asian (South)/men/id07179/00206_id00082_wavtolip.npz,1.9286599159240723,1.9286599159240723,4.993814468383789,1
FakeVideo-FakeAudio/Asian (South)/men/id07179/00206_id00459_ubskcDDe7kM_id00103_wavtolip.npz,1.8449128866195679,1.8449128866195679,4.3392157554626465,1
FakeVideo-FakeAudio/Asian (South)/men/id07179/00206_id00685_wavtolip.npz,2.0612497329711914,2.0612497329711914,4.960652828216553,1
FakeVideo-FakeAudio/Asian (South)/men/id07179/00206_id00857_wavtolip.npz,1.1323515176773071,1.1323515176773071,4.510647773742676,1
FakeVideo-FakeAudio/Asian (South)/men/id07179/00206_id03344_wavtolip.npz,2.008042573928833,2.008042573928833,4.85089635848999,1
FakeVideo-FakeAudio/Asian (South)/men/id07179/00206_id03599_wavtolip.npz,2.9614737033843994,2.9614737033843994,5.024601936340332,1
FakeVideo-FakeAudio/Asian (South)/men/id07179/00206_id04526_dHGXa49tzWI_id00860_wavtolip.npz,1.680694341659546,1.680694341659546,4.624889373779297,1
FakeVideo-FakeAudio/Asian (South)/men/id07179/00206_id06334_EMORdZRY1r0_id04537_wavtolip.npz,2.7013626098632812,2.7013626098632812,4.8123698234558105,1
FakeVideo-FakeAudio/Asian (South)/men/id07179/00206_id06753_wavtolip.npz,-1.2958436012268066,-1.2958436012268066,4.996149063110352,1
FakeVideo-FakeAudio/Asian (South)/men/id07179/00206_id07163_aO7f_YmkQnc_id00816_wavtolip.npz,2.2236857414245605,2.2236857414245605,4.665177822113037,1
FakeVideo-FakeAudio/Asian (South)/men/id07179/00206_id07165_oJ_iy16IBTM_faceswap_id00032_wavtolip.npz,-1.6232367753982544,-1.6232367753982544,4.867911338806152,1
FakeVideo-FakeAudio/Asian (South)/men/id07179/00206_id07165_oJ_iy16IBTM_faceswap_id00082_wavtolip.npz,2.762270212173462,2.762270212173462,4.986476421356201,1
FakeVideo-FakeAudio/Asian (South)/men/id07179/00206_id07165_oJ_iy16IBTM_faceswap_id03180_wavtolip.npz,2.332294225692749,2.332294225692749,4.736570835113525,1
FakeVideo-FakeAudio/Asian (South)/men/id07179/00206_id07165_oJ_iy16IBTM_faceswap_id04928_wavtolip.npz,2.313676357269287,2.313676357269287,4.722771167755127,1
FakeVideo-FakeAudio/Asian (South)/men/id07179/00206_id07165_oJ_iy16IBTM_faceswap_id07233_wavtolip.npz,1.458237648010254,1.458237648010254,4.565060138702393,1
FakeVideo-FakeAudio/Asian (South)/men/id07179/00206_id07165_oJ_iy16IBTM_id07058_wavtolip.npz,2.1378731727600098,2.1378731727600098,4.49433708190918,1
FakeVideo-FakeAudio/Asian (South)/men/id07179/00206_id07195_wavtolip.npz,1.954943299293518,1.954943299293518,4.674350261688232,1
FakeVideo-FakeAudio/Asian (South)/men/id07179/00206_id07210_wavtolip.npz,2.262172222137451,2.262172222137451,4.597798824310303,1
FakeVideo-FakeAudio/Asian (South)/men/id07179/00206_id07768_mD6x-0ihLOI_id08313_wavtolip.npz,2.665649652481079,2.665649652481079,4.975820064544678,1
FakeVideo-FakeAudio/Asian (South)/men/id07179/00206_id08314_66ufcsq8IWA_id00078_wavtolip.npz,-1.3222256898880005,-1.3222256898880005,4.785924434661865,1
FakeVideo-FakeAudio/Asian (South)/men/id07179/00206_id08314_wavtolip.npz,2.639334201812744,2.639334201812744,4.968268871307373,1
FakeVideo-FakeAudio/Asian (South)/men/id00860/00154_id00033_gduDuRWhnlQ_id00860_wavtolip.npz,2.487154960632324,2.487154960632324,4.70128870010376,1
FakeVideo-FakeAudio/Asian (South)/men/id00860/00154_id00033_wavtolip.npz,2.373246431350708,2.373246431350708,4.588748931884766,1
FakeVideo-FakeAudio/Asian (South)/men/id00860/00154_id00082_wavtolip.npz,1.479358434677124,1.479358434677124,4.601806163787842,1
FakeVideo-FakeAudio/Asian (South)/men/id00860/00154_id00414_d3N2NrpGSp0_id06334_wavtolip.npz,2.5271778106689453,2.5271778106689453,4.648221015930176,1
FakeVideo-FakeAudio/Asian (South)/men/id00860/00154_id00459_ubskcDDe7kM_id00078_wavtolip.npz,-1.6080201864242554,-1.6080201864242554,4.670679569244385,1
FakeVideo-FakeAudio/Asian (South)/men/id00860/00154_id00459_wavtolip.npz,-0.5970690250396729,-0.5970690250396729,4.629081726074219,1
FakeVideo-FakeAudio/Asian (South)/men/id00860/00154_id00773_wavtolip.npz,2.1497130393981934,2.1497130393981934,4.255550384521484,1
FakeVideo-FakeAudio/Asian (South)/men/id00860/00154_id03180_6wNTK7NkOd8_id00459_wavtolip.npz,1.9265289306640625,1.9265289306640625,4.696765422821045,1
FakeVideo-FakeAudio/Asian (South)/men/id00860/00154_id04537_G1e1UFopjfI_faceswap_id00860_wavtolip.npz,1.9895200729370117,1.9895200729370117,4.656466007232666,1
FakeVideo-FakeAudio/Asian (South)/men/id00860/00154_id04537_G1e1UFopjfI_faceswap_id04554_wavtolip.npz,2.2011547088623047,2.2011547088623047,4.694514274597168,1
FakeVideo-FakeAudio/Asian (South)/men/id00860/00154_id04537_G1e1UFopjfI_faceswap_id04928_wavtolip.npz,2.1529734134674072,2.1529734134674072,4.734117031097412,1
FakeVideo-FakeAudio/Asian (South)/men/id00860/00154_id04537_G1e1UFopjfI_faceswap_id07108_wavtolip.npz,2.5113139152526855,2.5113139152526855,4.640567302703857,1
FakeVideo-FakeAudio/Asian (South)/men/id00860/00154_id04537_G1e1UFopjfI_faceswap_id07233_wavtolip.npz,2.1667871475219727,2.1667871475219727,4.608148574829102,1
FakeVideo-FakeAudio/Asian (South)/men/id00860/00154_id04554_wavtolip.npz,1.5480151176452637,1.5480151176452637,4.704684257507324,1
FakeVideo-FakeAudio/Asian (South)/men/id00860/00154_id06753_wavtolip.npz,-1.4860150814056396,-1.4860150814056396,4.599600791931152,1
FakeVideo-FakeAudio/Asian (South)/men/id00860/00154_id07165_oJ_iy16IBTM_id00773_wavtolip.npz,2.223391056060791,2.223391056060791,4.275725841522217,1
FakeVideo-FakeAudio/Asian (South)/men/id00860/00154_id07165_wavtolip.npz,1.3373777866363525,1.3373777866363525,4.632949352264404,1
FakeVideo-FakeAudio/Asian (South)/men/id00860/00154_id07195_wXqfHGtaBn4_id07768_wavtolip.npz,-0.8707706332206726,-0.8707706332206726,4.537178039550781,1
FakeVideo-FakeAudio/Asian (South)/men/id00860/00154_id07200_quCElxMhW6g_id04562_wavtolip.npz,2.378730535507202,2.378730535507202,4.7464447021484375,1
FakeVideo-FakeAudio/Asian (South)/men/id00860/00154_id07210_wavtolip.npz,-0.03417706489562988,-0.03417706489562988,4.592127323150635,1
FakeVideo-FakeAudio/Asian (South)/men/id00860/00154_id08457_wavtolip.npz,1.8342317342758179,1.8342317342758179,4.639384746551514,1
FakeVideo-FakeAudio/Asian (South)/men/id07768/00143_id00033_gduDuRWhnlQ_id00816_wavtolip.npz,2.125181198120117,2.125181198120117,4.7335615158081055,1
FakeVideo-FakeAudio/Asian (South)/men/id07768/00143_id00033_wavtolip.npz,2.5297203063964844,2.5297203063964844,4.580075740814209,1
FakeVideo-FakeAudio/Asian (South)/men/id07768/00143_id00078_wavtolip.npz,-1.3481159210205078,-1.3481159210205078,4.786559581756592,1
FakeVideo-FakeAudio/Asian (South)/men/id07768/00143_id00103_qpTVaP4y5DQ_id07768_wavtolip.npz,-0.3116949796676636,-0.3116949796676636,4.602747917175293,1
FakeVideo-FakeAudio/Asian (South)/men/id07768/00143_id00459_wavtolip.npz,0.9710018634796143,0.9710018634796143,4.873519420623779,1
FakeVideo-FakeAudio/Asian (South)/men/id07768/00143_id00685_wavtolip.npz,2.7042922973632812,2.7042922973632812,4.814894676208496,1
FakeVideo-FakeAudio/Asian (South)/men/id07768/00143_id00732_amGRpH0AJCs_faceswap_id00459_wavtolip.npz,0.9400347471237183,0.9400347471237183,4.882401943206787,1
FakeVideo-FakeAudio/Asian (South)/men/id07768/00143_id00732_amGRpH0AJCs_faceswap_id00769_wavtolip.npz,2.1346092224121094,2.1346092224121094,4.4906439781188965,1
FakeVideo-FakeAudio/Asian (South)/men/id07768/00143_id00732_amGRpH0AJCs_faceswap_id04562_wavtolip.npz,2.7083840370178223,2.7083840370178223,4.947224140167236,1
FakeVideo-FakeAudio/Asian (South)/men/id07768/00143_id00732_amGRpH0AJCs_faceswap_id07210_wavtolip.npz,0.8213212490081787,0.8213212490081787,4.606288433074951,1
FakeVideo-FakeAudio/Asian (South)/men/id07768/00143_id00732_amGRpH0AJCs_faceswap_id08314_wavtolip.npz,2.5076427459716797,2.5076427459716797,4.867602348327637,1
FakeVideo-FakeAudio/Asian (South)/men/id07768/00143_id00857_yJ7bbvwL4kU_id07179_wavtolip.npz,2.3384897708892822,2.3384897708892822,4.672530174255371,1
FakeVideo-FakeAudio/Asian (South)/men/id07768/00143_id03344_vyNnOo6lU0o_id06753_wavtolip.npz,-0.9966777563095093,-0.9966777563095093,4.820949554443359,1
FakeVideo-FakeAudio/Asian (South)/men/id07768/00143_id04560_wavtolip.npz,1.8782544136047363,1.8782544136047363,4.574338436126709,1
FakeVideo-FakeAudio/Asian (South)/men/id07768/00143_id04562_wavtolip.npz,2.759657382965088,2.759657382965088,4.918287754058838,1
FakeVideo-FakeAudio/Asian (South)/men/id07768/00143_id06354_PmWLmcJNUhM_id04526_wavtolip.npz,2.3877384662628174,2.3877384662628174,4.804993152618408,1
FakeVideo-FakeAudio/Asian (South)/men/id07768/00143_id07058_wavtolip.npz,2.362022876739502,2.362022876739502,4.547260284423828,1
FakeVideo-FakeAudio/Asian (South)/men/id07768/00143_id07108_wavtolip.npz,2.3467416763305664,2.3467416763305664,4.608618259429932,1
FakeVideo-FakeAudio/Asian (South)/men/id07768/00143_id07161_wavtolip.npz,2.3403372764587402,2.3403372764587402,4.629534721374512,1
FakeVideo-FakeAudio/Asian (South)/men/id07768/00143_id07163_aO7f_YmkQnc_id04537_wavtolip.npz,2.517653465270996,2.517653465270996,4.814324378967285,1
FakeVideo-FakeAudio/Asian (South)/men/id07768/00143_id08313_wavtolip.npz,2.4842751026153564,2.4842751026153564,4.8190813064575195,1
FakeVideo-FakeAudio/Asian (South)/men/id00078/00114_id00103_qpTVaP4y5DQ_faceswap_id03945_wavtolip.npz,2.0233230590820312,2.0233230590820312,4.82309627532959,1
FakeVideo-FakeAudio/Asian (South)/men/id00078/00114_id00103_qpTVaP4y5DQ_faceswap_id04560_wavtolip.npz,1.895965576171875,1.895965576171875,4.617790222167969,1
FakeVideo-FakeAudio/Asian (South)/men/id00078/00114_id00103_qpTVaP4y5DQ_faceswap_id07194_wavtolip.npz,1.530468463897705,1.530468463897705,4.571871757507324,1
FakeVideo-FakeAudio/Asian (South)/men/id00078/00114_id00103_qpTVaP4y5DQ_faceswap_id07768_wavtolip.npz,-1.1463825702667236,-1.1463825702667236,4.537372589111328,1
FakeVideo-FakeAudio/Asian (South)/men/id00078/00114_id00103_qpTVaP4y5DQ_id00816_wavtolip.npz,1.9005439281463623,1.9005439281463623,4.697373390197754,1
FakeVideo-FakeAudio/Asian (South)/men/id00078/00114_id00350_75IFJNFAMIM_id00033_wavtolip.npz,2.12716007232666,2.12716007232666,4.569779396057129,1
FakeVideo-FakeAudio/Asian (South)/men/id00078/00114_id00685_wavtolip.npz,0.07845580577850342,0.07845580577850342,4.745804309844971,1
FakeVideo-FakeAudio/Asian (South)/men/id00078/00114_id00732_wavtolip.npz,0.5154653787612915,0.5154653787612915,4.786108016967773,1
FakeVideo-FakeAudio/Asian (South)/men/id00078/00114_id00857_wavtolip.npz,0.45846831798553467,0.45846831798553467,4.478565216064453,1
FakeVideo-FakeAudio/Asian (South)/men/id00078/00114_id00857_yJ7bbvwL4kU_id00816_wavtolip.npz,2.5547168254852295,2.5547168254852295,4.6983323097229,1
FakeVideo-FakeAudio/Asian (South)/men/id00078/00114_id03180_wavtolip.npz,0.7744659185409546,0.7744659185409546,4.721756458282471,1
FakeVideo-FakeAudio/Asian (South)/men/id00078/00114_id03344_vyNnOo6lU0o_id00773_wavtolip.npz,1.7359619140625,1.7359619140625,4.305895805358887,1
FakeVideo-FakeAudio/Asian (South)/men/id00078/00114_id03599_wavtolip.npz,1.8079367876052856,1.8079367876052856,4.794732093811035,1
FakeVideo-FakeAudio/Asian (South)/men/id00078/00114_id03599_y27BDmRUqMQ_id07161_wavtolip.npz,2.243968963623047,2.243968963623047,4.625463962554932,1
FakeVideo-FakeAudio/Asian (South)/men/id00078/00114_id04537_wavtolip.npz,1.4415199756622314,1.4415199756622314,4.753288269042969,1
FakeVideo-FakeAudio/Asian (South)/men/id00078/00114_id04560_wavtolip.npz,1.457356333732605,1.457356333732605,4.607348442077637,1
FakeVideo-FakeAudio/Asian (South)/men/id00078/00114_id06354_PmWLmcJNUhM_id06334_wavtolip.npz,1.165271520614624,1.165271520614624,4.666408061981201,1
FakeVideo-FakeAudio/Asian (South)/men/id00078/00114_id07058_JXJTxhrICl0_id07058_wavtolip.npz,2.113600015640259,2.113600015640259,4.558093070983887,1
FakeVideo-FakeAudio/Asian (South)/men/id00078/00114_id07058_wavtolip.npz,1.273114800453186,1.273114800453186,4.490289688110352,1
FakeVideo-FakeAudio/Asian (South)/men/id00078/00114_id07163_wavtolip.npz,1.5925769805908203,1.5925769805908203,4.0640130043029785,1
FakeVideo-FakeAudio/Asian (South)/men/id00078/00114_id07210_0160kET2rUM_id04562_wavtolip.npz,2.7725989818573,2.7725989818573,4.893213748931885,1
FakeVideo-FakeAudio/Asian (South)/men/id00078/00114_id08313_wavtolip.npz,1.7760652303695679,1.7760652303695679,4.776417255401611,1
FakeVideo-FakeAudio/Asian (South)/men/id03599/00072_id00032_wavtolip.npz,-1.4069150686264038,-1.4069150686264038,4.913409233093262,1
FakeVideo-FakeAudio/Asian (South)/men/id03599/00072_id00033_wavtolip.npz,2.36757755279541,2.36757755279541,4.579099178314209,1
FakeVideo-FakeAudio/Asian (South)/men/id03599/00072_id00103_qpTVaP4y5DQ_id00032_wavtolip.npz,-1.3186635971069336,-1.3186635971069336,4.966938018798828,1
FakeVideo-FakeAudio/Asian (South)/men/id03599/00072_id00350_75IFJNFAMIM_id07195_wavtolip.npz,0.897120475769043,0.897120475769043,4.686962127685547,1
FakeVideo-FakeAudio/Asian (South)/men/id03599/00072_id00773_2j3lUETJ57I_id07233_wavtolip.npz,2.1962170600891113,2.1962170600891113,4.568994045257568,1
FakeVideo-FakeAudio/Asian (South)/men/id03599/00072_id00857_wavtolip.npz,0.6137850284576416,0.6137850284576416,4.479893207550049,1
FakeVideo-FakeAudio/Asian (South)/men/id03599/00072_id00857_yJ7bbvwL4kU_id00860_wavtolip.npz,2.037795066833496,2.037795066833496,4.632028579711914,1
FakeVideo-FakeAudio/Asian (South)/men/id03599/00072_id03344_wavtolip.npz,2.358858346939087,2.358858346939087,4.880751609802246,1
FakeVideo-FakeAudio/Asian (South)/men/id03599/00072_id04526_wavtolip.npz,1.8057512044906616,1.8057512044906616,4.797557353973389,1
FakeVideo-FakeAudio/Asian (South)/men/id03599/00072_id04554_wavtolip.npz,2.7045278549194336,2.7045278549194336,4.999745845794678,1
FakeVideo-FakeAudio/Asian (South)/men/id03599/00072_id04562_qio_Gs7wjvY_id04537_wavtolip.npz,2.1547393798828125,2.1547393798828125,4.786763668060303,1
FakeVideo-FakeAudio/Asian (South)/men/id03599/00072_id06334_wavtolip.npz,2.462956428527832,2.462956428527832,4.658749103546143,1
FakeVideo-FakeAudio/Asian (South)/men/id03599/00072_id06753_BRg5r4jHC3I_id07210_wavtolip.npz,2.654649257659912,2.654649257659912,4.627472877502441,1
FakeVideo-FakeAudio/Asian (South)/men/id03599/00072_id07108_wavtolip.npz,1.433787226676941,1.433787226676941,4.634870529174805,1
FakeVideo-FakeAudio/Asian (South)/men/id03599/00072_id07210_wavtolip.npz,1.7286877632141113,1.7286877632141113,4.592602252960205,1
FakeVideo-FakeAudio/Asian (South)/men/id03599/00072_id08313_t6WZ9KCaXBM_faceswap_id04601_wavtolip.npz,1.614021897315979,1.614021897315979,4.125931262969971,1
FakeVideo-FakeAudio/Asian (South)/men/id03599/00072_id08313_t6WZ9KCaXBM_faceswap_id07163_wavtolip.npz,1.839447259902954,1.839447259902954,4.060297012329102,1
FakeVideo-FakeAudio/Asian (South)/men/id03599/00072_id08313_t6WZ9KCaXBM_faceswap_id07165_wavtolip.npz,2.7450075149536133,2.7450075149536133,5.0476274490356445,1
FakeVideo-FakeAudio/Asian (South)/men/id03599/00072_id08313_t6WZ9KCaXBM_faceswap_id07210_wavtolip.npz,2.506258964538574,2.506258964538574,4.613965034484863,1
FakeVideo-FakeAudio/Asian (South)/men/id03599/00072_id08313_t6WZ9KCaXBM_id06355_wavtolip.npz,0.6243462562561035,0.6243462562561035,4.518264293670654,1
FakeVideo-FakeAudio/Asian (South)/men/id03599/00072_id08457_vFyjAJwQulM_id07194_wavtolip.npz,2.5044679641723633,2.5044679641723633,4.589386463165283,1
FakeVideo-FakeAudio/Asian (South)/men/id00745/00165_id00032_wavtolip.npz,1.1328489780426025,1.1328489780426025,4.609007835388184,1
FakeVideo-FakeAudio/Asian (South)/men/id00745/00165_id00033_gduDuRWhnlQ_faceswap_id00032_wavtolip.npz,0.0436476469039917,0.0436476469039917,4.609821319580078,1
FakeVideo-FakeAudio/Asian (South)/men/id00745/00165_id00033_gduDuRWhnlQ_faceswap_id03599_wavtolip.npz,1.9394530057907104,1.9394530057907104,4.640501022338867,1
FakeVideo-FakeAudio/Asian (South)/men/id00745/00165_id00033_gduDuRWhnlQ_faceswap_id04554_wavtolip.npz,1.6573704481124878,1.6573704481124878,4.638822555541992,1
FakeVideo-FakeAudio/Asian (South)/men/id00745/00165_id00033_gduDuRWhnlQ_faceswap_id04562_wavtolip.npz,1.990979552268982,1.990979552268982,4.584661483764648,1
FakeVideo-FakeAudio/Asian (South)/men/id00745/00165_id00033_gduDuRWhnlQ_faceswap_id07182_wavtolip.npz,1.9828799962997437,1.9828799962997437,4.6295881271362305,1
FakeVideo-FakeAudio/Asian (South)/men/id00745/00165_id00033_gduDuRWhnlQ_id04554_wavtolip.npz,2.0115110874176025,2.0115110874176025,4.613537311553955,1
FakeVideo-FakeAudio/Asian (South)/men/id00745/00165_id00082_wavtolip.npz,1.950059413909912,1.950059413909912,4.520450115203857,1
FakeVideo-FakeAudio/Asian (South)/men/id00745/00165_id00103_wavtolip.npz,2.1614959239959717,2.1614959239959717,4.325382232666016,1
FakeVideo-FakeAudio/Asian (South)/men/id00745/00165_id00857_yJ7bbvwL4kU_id07179_wavtolip.npz,-1.596932053565979,-1.596932053565979,4.474278926849365,1
FakeVideo-FakeAudio/Asian (South)/men/id00745/00165_id03945_wavtolip.npz,1.968550682067871,1.968550682067871,4.5863237380981445,1
FakeVideo-FakeAudio/Asian (South)/men/id00745/00165_id04537_wavtolip.npz,2.00089693069458,2.00089693069458,4.572647571563721,1
FakeVideo-FakeAudio/Asian (South)/men/id00745/00165_id04561_tU_UYY5hSvc_id04599_wavtolip.npz,1.8528611660003662,1.8528611660003662,4.477597236633301,1
FakeVideo-FakeAudio/Asian (South)/men/id00745/00165_id04599_wavtolip.npz,2.008957862854004,2.008957862854004,4.436975955963135,1
FakeVideo-FakeAudio/Asian (South)/men/id00745/00165_id04928_wavtolip.npz,2.0919291973114014,2.0919291973114014,4.5964226722717285,1
FakeVideo-FakeAudio/Asian (South)/men/id00745/00165_id06354_PmWLmcJNUhM_id00033_wavtolip.npz,1.329511046409607,1.329511046409607,4.550540447235107,1
FakeVideo-FakeAudio/Asian (South)/men/id00745/00165_id07108_qwfQPcvjGRY_id00769_wavtolip.npz,1.6337785720825195,1.6337785720825195,4.5501813888549805,1
FakeVideo-FakeAudio/Asian (South)/men/id00745/00165_id07161_OYWKr82Zu38_id04537_wavtolip.npz,2.2297964096069336,2.2297964096069336,4.506736755371094,1
FakeVideo-FakeAudio/Asian (South)/men/id00745/00165_id07165_wavtolip.npz,2.329533100128174,2.329533100128174,4.568142890930176,1
FakeVideo-FakeAudio/Asian (South)/men/id00745/00165_id07195_wXqfHGtaBn4_id00732_wavtolip.npz,1.4875744581222534,1.4875744581222534,4.591800212860107,1
FakeVideo-FakeAudio/Asian (South)/men/id00745/00165_id07210_wavtolip.npz,-0.19931840896606445,-0.19931840896606445,4.650927543640137,1
FakeVideo-FakeAudio/Asian (South)/men/id00745/00165_id08314_wavtolip.npz,1.8647911548614502,1.8647911548614502,4.577548503875732,1
FakeVideo-FakeAudio/Asian (South)/men/id07161/00159_id00082_wavtolip.npz,1.4290757179260254,1.4290757179260254,4.586106777191162,1
FakeVideo-FakeAudio/Asian (South)/men/id07161/00159_id00103_wavtolip.npz,1.8695648908615112,1.8695648908615112,4.310859680175781,1
FakeVideo-FakeAudio/Asian (South)/men/id07161/00159_id00414_d3N2NrpGSp0_id04554_wavtolip.npz,1.9086973667144775,1.9086973667144775,4.651427745819092,1
FakeVideo-FakeAudio/Asian (South)/men/id07161/00159_id00459_wavtolip.npz,-0.2088097333908081,-0.2088097333908081,4.566162109375,1
FakeVideo-FakeAudio/Asian (South)/men/id07161/00159_id00745_eODND1ul7vE_id03945_wavtolip.npz,1.9891831874847412,1.9891831874847412,4.575192451477051,1
FakeVideo-FakeAudio/Asian (South)/men/id07161/00159_id00816_wavtolip.npz,1.7477816343307495,1.7477816343307495,4.630112648010254,1
FakeVideo-FakeAudio/Asian (South)/men/id07161/00159_id03344_vyNnOo6lU0o_id00103_wavtolip.npz,1.8860151767730713,1.8860151767730713,4.297623157501221,1
FakeVideo-FakeAudio/Asian (South)/men/id07161/00159_id04601_x4Apx8z6nOg_id04601_wavtolip.npz,1.5279988050460815,1.5279988050460815,4.143939971923828,1
FakeVideo-FakeAudio/Asian (South)/men/id07161/00159_id04928_wavtolip.npz,2.0296072959899902,2.0296072959899902,4.64499568939209,1
FakeVideo-FakeAudio/Asian (South)/men/id07161/00159_id06354_PmWLmcJNUhM_id00685_wavtolip.npz,0.3401024341583252,0.3401024341583252,4.585073947906494,1
FakeVideo-FakeAudio/Asian (South)/men/id07161/00159_id06355_wavtolip.npz,1.3605940341949463,1.3605940341949463,4.560387134552002,1
FakeVideo-FakeAudio/Asian (South)/men/id07161/00159_id07108_qwfQPcvjGRY_id07195_wavtolip.npz,-1.1736559867858887,-1.1736559867858887,4.545611381530762,1
FakeVideo-FakeAudio/Asian (South)/men/id07161/00159_id07165_wavtolip.npz,1.5531784296035767,1.5531784296035767,4.554527282714844,1
FakeVideo-FakeAudio/Asian (South)/men/id07161/00159_id07194_NDJaiff98Fo_id07161_wavtolip.npz,2.4882054328918457,2.4882054328918457,4.660404682159424,1
FakeVideo-FakeAudio/Asian (South)/men/id07161/00159_id07195_wXqfHGtaBn4_faceswap_id00103_wavtolip.npz,2.0156314373016357,2.0156314373016357,4.292719841003418,1
FakeVideo-FakeAudio/Asian (South)/men/id07161/00159_id07195_wXqfHGtaBn4_faceswap_id00732_wavtolip.npz,2.186488389968872,2.186488389968872,4.569425582885742,1
FakeVideo-FakeAudio/Asian (South)/men/id07161/00159_id07195_wXqfHGtaBn4_faceswap_id06355_wavtolip.npz,1.3726277351379395,1.3726277351379395,4.532561302185059,1
FakeVideo-FakeAudio/Asian (South)/men/id07161/00159_id07195_wXqfHGtaBn4_faceswap_id07179_wavtolip.npz,-1.7324706315994263,-1.7324706315994263,4.56016731262207,1
FakeVideo-FakeAudio/Asian (South)/men/id07161/00159_id07195_wXqfHGtaBn4_faceswap_id07200_wavtolip.npz,2.031245708465576,2.031245708465576,4.630749225616455,1
FakeVideo-FakeAudio/Asian (South)/men/id07161/00159_id07195_wXqfHGtaBn4_id04526_wavtolip.npz,2.086197853088379,2.086197853088379,4.537423610687256,1
FakeVideo-FakeAudio/Asian (South)/men/id07161/00159_id07195_wavtolip.npz,-1.3840638399124146,-1.3840638399124146,4.48743200302124,1
FakeVideo-FakeAudio/Asian (South)/men/id07161/00159_id08314_wavtolip.npz,1.8255161046981812,1.8255161046981812,4.610165596008301,1
FakeVideo-FakeAudio/Asian (South)/men/id04561/00248_id00033_gduDuRWhnlQ_id00032_wavtolip.npz,2.472565174102783,2.472565174102783,4.624950408935547,1
FakeVideo-FakeAudio/Asian (South)/men/id04561/00248_id00078_wavtolip.npz,-1.522567629814148,-1.522567629814148,4.6003875732421875,1
FakeVideo-FakeAudio/Asian (South)/men/id04561/00248_id00103_qpTVaP4y5DQ_id04928_wavtolip.npz,2.241596221923828,2.241596221923828,4.696951866149902,1
FakeVideo-FakeAudio/Asian (South)/men/id04561/00248_id00769_BqHVSZdoVpM_id00773_wavtolip.npz,2.247654438018799,2.247654438018799,4.307624340057373,1
FakeVideo-FakeAudio/Asian (South)/men/id04561/00248_id00773_2j3lUETJ57I_id08313_wavtolip.npz,2.304154396057129,2.304154396057129,4.589170455932617,1
FakeVideo-FakeAudio/Asian (South)/men/id04561/00248_id00857_yJ7bbvwL4kU_id07768_wavtolip.npz,-1.337672233581543,-1.337672233581543,4.529273986816406,1
FakeVideo-FakeAudio/Asian (South)/men/id04561/00248_id03344_vyNnOo6lU0o_id00816_wavtolip.npz,2.5576210021972656,2.5576210021972656,4.574233531951904,1
FakeVideo-FakeAudio/Asian (South)/men/id04561/00248_id03945_wavtolip.npz,2.30673885345459,2.30673885345459,4.6789631843566895,1
FakeVideo-FakeAudio/Asian (South)/men/id04561/00248_id04562_wavtolip.npz,2.5106406211853027,2.5106406211853027,4.674489498138428,1
FakeVideo-FakeAudio/Asian (South)/men/id04561/00248_id04599_wavtolip.npz,2.282932996749878,2.282932996749878,4.44675350189209,1
FakeVideo-FakeAudio/Asian (South)/men/id04561/00248_id04601_wavtolip.npz,1.7409635782241821,1.7409635782241821,4.159355163574219,1
FakeVideo-FakeAudio/Asian (South)/men/id04561/00248_id06753_wavtolip.npz,-1.5724787712097168,-1.5724787712097168,4.606959819793701,1
FakeVideo-FakeAudio/Asian (South)/men/id04561/00248_id07163_wavtolip.npz,1.8981212377548218,1.8981212377548218,4.085695743560791,1
FakeVideo-FakeAudio/Asian (South)/men/id04561/00248_id07233_wavtolip.npz,2.339165687561035,2.339165687561035,4.530552864074707,1
FakeVideo-FakeAudio/Asian (South)/men/id04561/00248_id07768_wavtolip.npz,-1.1059532165527344,-1.1059532165527344,4.541187763214111,1
FakeVideo-FakeAudio/Asian (South)/men/id07463/00028_id00032_wavtolip.npz,-0.9006897211074829,-0.9006897211074829,4.888840198516846,1
FakeVideo-FakeAudio/Asian (South)/men/id07463/00028_id00033_wavtolip.npz,1.4630169868469238,1.4630169868469238,4.556973457336426,1
FakeVideo-FakeAudio/Asian (South)/men/id07463/00028_id00414_wavtolip.npz,2.0123491287231445,2.0123491287231445,4.819862365722656,1
FakeVideo-FakeAudio/Asian (South)/men/id07463/00028_id00745_wavtolip.npz,2.06254243850708,2.06254243850708,4.612460136413574,1
FakeVideo-FakeAudio/Asian (South)/men/id07463/00028_id00769_wavtolip.npz,1.238443374633789,1.238443374633789,4.5235276222229,1
FakeVideo-FakeAudio/Asian (South)/men/id07463/00028_id00773_2j3lUETJ57I_id00033_wavtolip.npz,1.848160743713379,1.848160743713379,4.548349857330322,1
FakeVideo-FakeAudio/Asian (South)/men/id07463/00028_id03180_6wNTK7NkOd8_id04560_wavtolip.npz,2.428835153579712,2.428835153579712,4.61002254486084,1
FakeVideo-FakeAudio/Asian (South)/men/id07463/00028_id03599_y27BDmRUqMQ_id03599_wavtolip.npz,2.707796573638916,2.707796573638916,4.9294819831848145,1
FakeVideo-FakeAudio/Asian (South)/men/id07463/00028_id04562_qio_Gs7wjvY_faceswap_id00773_wavtolip.npz,1.662595510482788,1.662595510482788,4.324417591094971,1
FakeVideo-FakeAudio/Asian (South)/men/id07463/00028_id04562_qio_Gs7wjvY_faceswap_id00860_wavtolip.npz,2.2968764305114746,2.2968764305114746,4.600515365600586,1
FakeVideo-FakeAudio/Asian (South)/men/id07463/00028_id04562_qio_Gs7wjvY_faceswap_id07058_wavtolip.npz,2.3947465419769287,2.3947465419769287,4.611279010772705,1
FakeVideo-FakeAudio/Asian (South)/men/id07463/00028_id04562_qio_Gs7wjvY_faceswap_id07233_wavtolip.npz,1.7045978307724,1.7045978307724,4.599831581115723,1
FakeVideo-FakeAudio/Asian (South)/men/id07463/00028_id04562_qio_Gs7wjvY_faceswap_id08313_wavtolip.npz,2.5255038738250732,2.5255038738250732,4.957439422607422,1
FakeVideo-FakeAudio/Asian (South)/men/id07463/00028_id04562_qio_Gs7wjvY_id04554_wavtolip.npz,2.559664487838745,2.559664487838745,4.929256916046143,1
FakeVideo-FakeAudio/Asian (South)/men/id07463/00028_id04599_wavtolip.npz,1.4408375024795532,1.4408375024795532,4.483566761016846,1
FakeVideo-FakeAudio/Asian (South)/men/id07463/00028_id06753_wavtolip.npz,-1.6286464929580688,-1.6286464929580688,4.933943748474121,1
FakeVideo-FakeAudio/Asian (South)/men/id07463/00028_id07182_717IRon_OIQ_id07179_wavtolip.npz,0.8830552101135254,0.8830552101135254,4.7677001953125,1
FakeVideo-FakeAudio/Asian (South)/men/id07463/00028_id07182_wavtolip.npz,1.0230300426483154,1.0230300426483154,4.610263824462891,1
FakeVideo-FakeAudio/Asian (South)/men/id07463/00028_id07194_NDJaiff98Fo_id00732_wavtolip.npz,0.4130352735519409,0.4130352735519409,4.876830101013184,1
FakeVideo-FakeAudio/Asian (South)/men/id07463/00028_id07768_wavtolip.npz,1.3856427669525146,1.3856427669525146,4.548234939575195,1
FakeVideo-FakeAudio/Asian (South)/men/id07182/00040_id00032_AQMDc6SKNXs_id04526_wavtolip.npz,1.1605634689331055,1.1605634689331055,4.655766487121582,1
FakeVideo-FakeAudio/Asian (South)/men/id07182/00040_id00103_qpTVaP4y5DQ_id00773_wavtolip.npz,1.7495019435882568,1.7495019435882568,4.313167095184326,1
FakeVideo-FakeAudio/Asian (South)/men/id07182/00040_id00732_amGRpH0AJCs_id00032_wavtolip.npz,0.8050968647003174,0.8050968647003174,4.730367660522461,1
FakeVideo-FakeAudio/Asian (South)/men/id07182/00040_id00769_wavtolip.npz,1.57932448387146,1.57932448387146,4.511345863342285,1
FakeVideo-FakeAudio/Asian (South)/men/id07182/00040_id03180_wavtolip.npz,1.206257700920105,1.206257700920105,4.726600170135498,1
FakeVideo-FakeAudio/Asian (South)/men/id07182/00040_id03344_wavtolip.npz,-1.1573833227157593,-1.1573833227157593,4.671950340270996,1
FakeVideo-FakeAudio/Asian (South)/men/id07182/00040_id04537_wavtolip.npz,1.9505417346954346,1.9505417346954346,4.711719036102295,1
FakeVideo-FakeAudio/Asian (South)/men/id07182/00040_id04562_qio_Gs7wjvY_faceswap_id00078_wavtolip.npz,-1.6943317651748657,-1.6943317651748657,4.704204559326172,1
FakeVideo-FakeAudio/Asian (South)/men/id07182/00040_id04562_qio_Gs7wjvY_faceswap_id00860_wavtolip.npz,1.9146424531936646,1.9146424531936646,4.642056941986084,1
FakeVideo-FakeAudio/Asian (South)/men/id07182/00040_id04562_qio_Gs7wjvY_faceswap_id03945_wavtolip.npz,1.3773581981658936,1.3773581981658936,4.673681259155273,1
FakeVideo-FakeAudio/Asian (South)/men/id07182/00040_id04562_qio_Gs7wjvY_faceswap_id07463_wavtolip.npz,2.060342311859131,2.060342311859131,4.728679656982422,1
FakeVideo-FakeAudio/Asian (South)/men/id07182/00040_id04562_qio_Gs7wjvY_faceswap_id08457_wavtolip.npz,-0.816754937171936,-0.816754937171936,4.6471943855285645,1
FakeVideo-FakeAudio/Asian (South)/men/id07182/00040_id04562_qio_Gs7wjvY_id00773_wavtolip.npz,2.1912074089050293,2.1912074089050293,4.295987129211426,1
FakeVideo-FakeAudio/Asian (South)/men/id07182/00040_id04599_wavtolip.npz,1.7389750480651855,1.7389750480651855,4.50234317779541,1
FakeVideo-FakeAudio/Asian (South)/men/id07182/00040_id06753_wavtolip.npz,-1.4780123233795166,-1.4780123233795166,4.661696434020996,1
FakeVideo-FakeAudio/Asian (South)/men/id07182/00040_id07058_wavtolip.npz,2.1512725353240967,2.1512725353240967,4.547447681427002,1
FakeVideo-FakeAudio/Asian (South)/men/id07182/00040_id07163_wavtolip.npz,1.3524410724639893,1.3524410724639893,4.07095193862915,1
FakeVideo-FakeAudio/Asian (South)/men/id07182/00040_id07194_NDJaiff98Fo_id07161_wavtolip.npz,2.4627442359924316,2.4627442359924316,4.636345863342285,1
FakeVideo-FakeAudio/Asian (South)/men/id07182/00040_id07463_AAYjDglMf2Q_id07768_wavtolip.npz,-1.3992571830749512,-1.3992571830749512,4.560657501220703,1
FakeVideo-FakeAudio/Asian (South)/men/id07182/00040_id08314_wavtolip.npz,2.285153388977051,2.285153388977051,4.715334892272949,1
FakeVideo-FakeAudio/Asian (South)/men/id07182/00040_id08457_vFyjAJwQulM_id07210_wavtolip.npz,-0.3421374559402466,-0.3421374559402466,4.620212078094482,1
FakeVideo-FakeAudio/Asian (South)/men/id00459/00382_id00032_wavtolip.npz,-1.4598873853683472,-1.4598873853683472,4.956314563751221,1
FakeVideo-FakeAudio/Asian (South)/men/id00459/00382_id00414_wavtolip.npz,2.2322561740875244,2.2322561740875244,4.878300189971924,1
FakeVideo-FakeAudio/Asian (South)/men/id00459/00382_id00769_BqHVSZdoVpM_faceswap_id03344_wavtolip.npz,2.558663845062256,2.558663845062256,4.832573413848877,1
FakeVideo-FakeAudio/Asian (South)/men/id00459/00382_id00769_BqHVSZdoVpM_faceswap_id04554_wavtolip.npz,3.2873106002807617,3.2873106002807617,5.609558582305908,1
FakeVideo-FakeAudio/Asian (South)/men/id00459/00382_id00769_BqHVSZdoVpM_faceswap_id04560_wavtolip.npz,2.162661075592041,2.162661075592041,4.59749174118042,1
FakeVideo-FakeAudio/Asian (South)/men/id00459/00382_id00769_BqHVSZdoVpM_faceswap_id07195_wavtolip.npz,2.1976802349090576,2.1976802349090576,4.6513237953186035,1
FakeVideo-FakeAudio/Asian (South)/men/id00459/00382_id00769_BqHVSZdoVpM_faceswap_id08457_wavtolip.npz,1.0416736602783203,1.0416736602783203,4.817706108093262,1
FakeVideo-FakeAudio/Asian (South)/men/id00459/00382_id00769_BqHVSZdoVpM_id00082_wavtolip.npz,2.6725544929504395,2.6725544929504395,4.9965009689331055,1
FakeVideo-FakeAudio/Asian (South)/men/id00459/00382_id00816_wavtolip.npz,1.757047176361084,1.757047176361084,4.719832420349121,1
FakeVideo-FakeAudio/Asian (South)/men/id00459/00382_id00857_wavtolip.npz,1.133121371269226,1.133121371269226,4.447648525238037,1
FakeVideo-FakeAudio/Asian (South)/men/id00459/00382_id03344_vyNnOo6lU0o_id07161_wavtolip.npz,1.8172551393508911,1.8172551393508911,4.649162292480469,1
FakeVideo-FakeAudio/Asian (South)/men/id00459/00382_id04562_wavtolip.npz,2.8018550872802734,2.8018550872802734,5.41498327255249,1
FakeVideo-FakeAudio/Asian (South)/men/id00459/00382_id06354_PmWLmcJNUhM_id03945_wavtolip.npz,2.346996784210205,2.346996784210205,4.859235763549805,1
FakeVideo-FakeAudio/Asian (South)/men/id00459/00382_id06355_wavtolip.npz,1.7556811571121216,1.7556811571121216,4.522920608520508,1
FakeVideo-FakeAudio/Asian (South)/men/id00459/00382_id07108_qwfQPcvjGRY_id00082_wavtolip.npz,2.6572585105895996,2.6572585105895996,5.012904167175293,1
FakeVideo-FakeAudio/Asian (South)/men/id00459/00382_id07161_wavtolip.npz,1.7462646961212158,1.7462646961212158,4.600168228149414,1
FakeVideo-FakeAudio/Asian (South)/men/id00459/00382_id07165_oJ_iy16IBTM_id00459_wavtolip.npz,1.2893167734146118,1.2893167734146118,5.539616584777832,1
FakeVideo-FakeAudio/Asian (South)/men/id00459/00382_id07194_NDJaiff98Fo_id04560_wavtolip.npz,1.747086524963379,1.747086524963379,4.596336364746094,1
FakeVideo-FakeAudio/Asian (South)/men/id00459/00382_id07195_wavtolip.npz,2.2659671306610107,2.2659671306610107,4.7016496658325195,1
FakeVideo-FakeAudio/Asian (South)/men/id00459/00382_id07200_quCElxMhW6g_id00685_wavtolip.npz,1.058895468711853,1.058895468711853,4.924408912658691,1
FakeVideo-FakeAudio/Asian (South)/men/id00459/00382_id07210_wavtolip.npz,1.933396577835083,1.933396577835083,4.613476276397705,1
FakeVideo-FakeAudio/Asian (South)/men/id04928/00027_id00032_AQMDc6SKNXs_id00816_wavtolip.npz,2.6074938774108887,2.6074938774108887,4.682312488555908,1
FakeVideo-FakeAudio/Asian (South)/men/id04928/00027_id00033_gduDuRWhnlQ_id00857_wavtolip.npz,1.0184096097946167,1.0184096097946167,4.468851089477539,1
FakeVideo-FakeAudio/Asian (South)/men/id04928/00027_id00350_75IFJNFAMIM_id07768_wavtolip.npz,1.1118170022964478,1.1118170022964478,4.563628196716309,1
FakeVideo-FakeAudio/Asian (South)/men/id04928/00027_id00414_wavtolip.npz,2.813905954360962,2.813905954360962,4.849359512329102,1
FakeVideo-FakeAudio/Asian (South)/men/id04928/00027_id00685_wavtolip.npz,2.834519863128662,2.834519863128662,4.928849220275879,1
FakeVideo-FakeAudio/Asian (South)/men/id04928/00027_id00732_amGRpH0AJCs_id04601_wavtolip.npz,2.0231785774230957,2.0231785774230957,4.185473442077637,1
FakeVideo-FakeAudio/Asian (South)/men/id04928/00027_id00769_wavtolip.npz,2.0758285522460938,2.0758285522460938,4.569131374359131,1
FakeVideo-FakeAudio/Asian (South)/men/id04928/00027_id00816_wavtolip.npz,2.6864750385284424,2.6864750385284424,4.741079807281494,1
FakeVideo-FakeAudio/Asian (South)/men/id04928/00027_id03344_vyNnOo6lU0o_id04928_wavtolip.npz,2.4514858722686768,2.4514858722686768,4.746514320373535,1
FakeVideo-FakeAudio/Asian (South)/men/id04928/00027_id03945_wavtolip.npz,2.8645997047424316,2.8645997047424316,4.841187953948975,1
FakeVideo-FakeAudio/Asian (South)/men/id04928/00027_id04537_wavtolip.npz,2.5116024017333984,2.5116024017333984,4.826449871063232,1
FakeVideo-FakeAudio/Asian (South)/men/id04928/00027_id04560_RlpdjaEmxXQ_faceswap_id04560_wavtolip.npz,2.3706655502319336,2.3706655502319336,4.602943420410156,1
FakeVideo-FakeAudio/Asian (South)/men/id04928/00027_id04560_RlpdjaEmxXQ_faceswap_id04599_wavtolip.npz,2.1180574893951416,2.1180574893951416,4.510257720947266,1
FakeVideo-FakeAudio/Asian (South)/men/id04928/00027_id04560_RlpdjaEmxXQ_faceswap_id04928_wavtolip.npz,2.1857616901397705,2.1857616901397705,4.754387855529785,1
FakeVideo-FakeAudio/Asian (South)/men/id04928/00027_id04560_RlpdjaEmxXQ_faceswap_id08313_wavtolip.npz,2.572406530380249,2.572406530380249,4.953097343444824,1
FakeVideo-FakeAudio/Asian (South)/men/id04928/00027_id04560_RlpdjaEmxXQ_id07194_wavtolip.npz,2.390402317047119,2.390402317047119,4.596179962158203,1
FakeVideo-FakeAudio/Asian (South)/men/id04928/00027_id04560_wavtolip.npz,2.4813385009765625,2.4813385009765625,4.620062828063965,1
FakeVideo-FakeAudio/Asian (South)/men/id04928/00027_id06355_wavtolip.npz,2.294422149658203,2.294422149658203,4.584348201751709,1
FakeVideo-FakeAudio/Asian (South)/men/id04928/00027_id07210_wavtolip.npz,1.3631699085235596,1.3631699085235596,4.593573093414307,1
FakeVideo-FakeAudio/Asian (South)/men/id04928/00027_id07768_wavtolip.npz,1.9405131340026855,1.9405131340026855,4.583240509033203,1
FakeVideo-FakeAudio/Asian (South)/men/id04928/00027_id08457_vFyjAJwQulM_id07182_wavtolip.npz,1.8045358657836914,1.8045358657836914,4.628929138183594,1
FakeVideo-FakeAudio/Asian (South)/men/id00032/00028_0_id00860_wavtolip.npz,2.203831672668457,2.203831672668457,4.584737777709961,1
FakeVideo-FakeAudio/Asian (South)/men/id00032/00028_0_id04601_wavtolip.npz,1.3858976364135742,1.3858976364135742,4.12623405456543,1
FakeVideo-FakeAudio/Asian (South)/men/id00032/00028_0_id06355_wavtolip.npz,1.9606143236160278,1.9606143236160278,4.539803981781006,1
FakeVideo-FakeAudio/Asian (South)/men/id00032/00028_0_id07108_wavtolip.npz,1.6958023309707642,1.6958023309707642,4.601336479187012,1
FakeVideo-FakeAudio/Asian (South)/men/id00032/00028_0_id07463_wavtolip.npz,2.677109718322754,2.677109718322754,4.753539085388184,1
FakeVideo-FakeAudio/Asian (South)/men/id00032/00028_1_id04601_wavtolip.npz,2.077826499938965,2.077826499938965,4.1394944190979,1
FakeVideo-FakeAudio/Asian (South)/men/id00032/00028_1_id06354_wavtolip.npz,-0.045433759689331055,-0.045433759689331055,4.511257171630859,1
FakeVideo-FakeAudio/Asian (South)/men/id00032/00028_1_id07108_wavtolip.npz,0.7779937982559204,0.7779937982559204,4.645671367645264,1
FakeVideo-FakeAudio/Asian (South)/men/id00032/00028_1_id07463_wavtolip.npz,2.1584248542785645,2.1584248542785645,4.583250999450684,1
FakeVideo-FakeAudio/Asian (South)/men/id00032/00028_2_id03599_wavtolip.npz,1.9437386989593506,1.9437386989593506,4.726579189300537,1
FakeVideo-FakeAudio/Asian (South)/men/id00032/00028_2_id04537_wavtolip.npz,2.4337069988250732,2.4337069988250732,4.742555141448975,1
FakeVideo-FakeAudio/Asian (South)/men/id00032/00028_2_id04554_wavtolip.npz,2.4917781352996826,2.4917781352996826,4.736032485961914,1
FakeVideo-FakeAudio/Asian (South)/men/id00032/00028_2_id07179_wavtolip.npz,1.5952608585357666,1.5952608585357666,4.732177257537842,1
FakeVideo-FakeAudio/Asian (South)/men/id00032/00028_3_id00769_wavtolip.npz,1.926986575126648,1.926986575126648,4.515713214874268,1
FakeVideo-FakeAudio/Asian (South)/men/id00032/00028_3_id00860_wavtolip.npz,2.376671075820923,2.376671075820923,4.599703788757324,1
FakeVideo-FakeAudio/Asian (South)/men/id00032/00028_3_id03180_wavtolip.npz,2.032717704772949,2.032717704772949,4.728828430175781,1
FakeVideo-FakeAudio/Asian (South)/men/id00032/00028_3_id03344_wavtolip.npz,2.4649460315704346,2.4649460315704346,4.8526201248168945,1
FakeVideo-FakeAudio/Asian (South)/men/id00032/00028_3_id07768_wavtolip.npz,1.9052660465240479,1.9052660465240479,4.57027006149292,1
FakeVideo-FakeAudio/Asian (South)/men/id00032/00028_id00033_gduDuRWhnlQ_id00082_wavtolip.npz,0.8526464700698853,0.8526464700698853,4.904167175292969,1
FakeVideo-FakeAudio/Asian (South)/men/id00032/00028_id00033_wavtolip.npz,2.2177653312683105,2.2177653312683105,4.604794979095459,1
FakeVideo-FakeAudio/Asian (South)/men/id00032/00028_id00745_eODND1ul7vE_id07179_wavtolip.npz,1.0644100904464722,1.0644100904464722,4.704282760620117,1
FakeVideo-FakeAudio/Asian (South)/men/id00032/00028_id00769_BqHVSZdoVpM_id00732_wavtolip.npz,0.3260442018508911,0.3260442018508911,4.92894983291626,1
FakeVideo-FakeAudio/Asian (South)/men/id00032/00028_id00816_wavtolip.npz,0.39484095573425293,0.39484095573425293,4.68818473815918,1
FakeVideo-FakeAudio/Asian (South)/men/id00032/00028_id00860_wavtolip.npz,2.1716341972351074,2.1716341972351074,4.637751579284668,1
FakeVideo-FakeAudio/Asian (South)/men/id00032/00028_id03344_vyNnOo6lU0o_id00459_wavtolip.npz,2.0620059967041016,2.0620059967041016,4.877567291259766,1
FakeVideo-FakeAudio/Asian (South)/men/id00032/00028_id04560_RlpdjaEmxXQ_id00032_wavtolip.npz,2.2804150581359863,2.2804150581359863,4.899778842926025,1
FakeVideo-FakeAudio/Asian (South)/men/id00032/00028_id04562_wavtolip.npz,1.31692636013031,1.31692636013031,4.975893020629883,1
FakeVideo-FakeAudio/Asian (South)/men/id00032/00028_id04599_Q60DPi5Nhmk_id03945_wavtolip.npz,2.0298404693603516,2.0298404693603516,4.839051246643066,1
FakeVideo-FakeAudio/Asian (South)/men/id00032/00028_id04928_wavtolip.npz,2.1307830810546875,2.1307830810546875,4.750329494476318,1
FakeVideo-FakeAudio/Asian (South)/men/id00032/00028_id06354_PmWLmcJNUhM_id07058_wavtolip.npz,2.056544303894043,2.056544303894043,4.553128242492676,1
FakeVideo-FakeAudio/Asian (South)/men/id00032/00028_id07058_wavtolip.npz,2.078598976135254,2.078598976135254,4.564517974853516,1
FakeVideo-FakeAudio/Asian (South)/men/id00032/00028_id07194_NDJaiff98Fo_id00745_wavtolip.npz,1.670664668083191,1.670664668083191,4.582372665405273,1
FakeVideo-FakeAudio/Asian (South)/men/id00032/00028_id07194_wavtolip.npz,2.562657594680786,2.562657594680786,4.605422496795654,1
FakeVideo-FakeAudio/Asian (South)/men/id00032/00028_id07200_wavtolip.npz,2.4463658332824707,2.4463658332824707,4.992564678192139,1
FakeVideo-FakeAudio/Asian (South)/men/id00032/00028_id07768_wavtolip.npz,1.2761887311935425,1.2761887311935425,4.621683597564697,1
FakeVideo-FakeAudio/Asian (South)/women/id04070/00072_id01026_wavtolip.npz,2.2490475177764893,2.2490475177764893,4.4118242263793945,1
FakeVideo-FakeAudio/Asian (South)/women/id04070/00072_id02310_wavtolip.npz,2.8567497730255127,2.8567497730255127,4.78377103805542,1
FakeVideo-FakeAudio/Asian (South)/women/id04070/00072_id02310_zA-8Pw0SvZg_id04583_wavtolip.npz,2.091930866241455,2.091930866241455,4.599878311157227,1
FakeVideo-FakeAudio/Asian (South)/women/id04070/00072_id03559_wavtolip.npz,2.79581880569458,2.79581880569458,4.770834922790527,1
FakeVideo-FakeAudio/Asian (South)/women/id04070/00072_id03897_wavtolip.npz,2.5433473587036133,2.5433473587036133,4.4513750076293945,1
FakeVideo-FakeAudio/Asian (South)/women/id04070/00072_id04070_wavtolip.npz,2.886178493499756,2.886178493499756,4.8162760734558105,1
FakeVideo-FakeAudio/Asian (South)/women/id04070/00072_id04927_wavtolip.npz,2.527411460876465,2.527411460876465,4.379942417144775,1
FakeVideo-FakeAudio/Asian (South)/women/id04070/00072_id05920_LuLTJu54joo_id03985_wavtolip.npz,2.306377410888672,2.306377410888672,4.355479717254639,1
FakeVideo-FakeAudio/Asian (South)/women/id04070/00072_id05931_wavtolip.npz,2.2913317680358887,2.2913317680358887,4.250297546386719,1
FakeVideo-FakeAudio/Asian (South)/women/id04070/00072_id06254_8VSfI86Fua4_id03897_wavtolip.npz,2.407029867172241,2.407029867172241,4.457314968109131,1
FakeVideo-FakeAudio/Asian (South)/women/id04070/00072_id06343__Tf30YR4M3w_id00739_wavtolip.npz,2.7377939224243164,2.7377939224243164,4.759220600128174,1
FakeVideo-FakeAudio/Asian (South)/women/id04070/00072_id06428_A9nvRKd1afA_id06254_wavtolip.npz,2.1108803749084473,2.1108803749084473,4.527650833129883,1
FakeVideo-FakeAudio/Asian (South)/women/id04070/00072_id06752_PYYIloTJiH0_id07049_wavtolip.npz,2.8029394149780273,2.8029394149780273,4.576590061187744,1
FakeVideo-FakeAudio/Asian (South)/women/id04070/00072_id07008_wavtolip.npz,2.776906967163086,2.776906967163086,4.781354904174805,1
FakeVideo-FakeAudio/Asian (South)/women/id04070/00072_id07051_wavtolip.npz,-0.9772010445594788,-0.9772010445594788,4.79041862487793,1
FakeVideo-FakeAudio/Asian (South)/women/id04070/00072_id07078_sLVbTD3Dtgw_faceswap_id00488_wavtolip.npz,-1.3355906009674072,-1.3355906009674072,4.829761505126953,1
FakeVideo-FakeAudio/Asian (South)/women/id04070/00072_id07078_sLVbTD3Dtgw_faceswap_id03815_wavtolip.npz,2.7476682662963867,2.7476682662963867,4.685978889465332,1
FakeVideo-FakeAudio/Asian (South)/women/id04070/00072_id07078_sLVbTD3Dtgw_faceswap_id06428_wavtolip.npz,2.795313596725464,2.795313596725464,4.692409038543701,1
FakeVideo-FakeAudio/Asian (South)/women/id04070/00072_id07078_sLVbTD3Dtgw_faceswap_id07377_wavtolip.npz,2.7496418952941895,2.7496418952941895,4.75000524520874,1
FakeVideo-FakeAudio/Asian (South)/women/id04070/00072_id07078_sLVbTD3Dtgw_id06343_wavtolip.npz,2.1588568687438965,2.1588568687438965,4.264739990234375,1
FakeVideo-FakeAudio/Asian (South)/women/id04070/00072_id07236_wavtolip.npz,2.2031712532043457,2.2031712532043457,4.465567588806152,1
FakeVideo-FakeAudio/Asian (South)/women/id03985/00005_id00080_wavtolip.npz,2.0085201263427734,2.0085201263427734,4.491074562072754,1
FakeVideo-FakeAudio/Asian (South)/women/id03985/00005_id00149_s2evR-nUhVY_id06438_wavtolip.npz,2.1998114585876465,2.1998114585876465,4.466818332672119,1
FakeVideo-FakeAudio/Asian (South)/women/id03985/00005_id01026_rM4ZERt7oM0_id04490_wavtolip.npz,2.105210304260254,2.105210304260254,4.555606365203857,1
FakeVideo-FakeAudio/Asian (South)/women/id03985/00005_id02619_wavtolip.npz,2.1237711906433105,2.1237711906433105,4.508636474609375,1
FakeVideo-FakeAudio/Asian (South)/women/id03985/00005_id04070_wavtolip.npz,2.241393566131592,2.241393566131592,4.4905853271484375,1
FakeVideo-FakeAudio/Asian (South)/women/id03985/00005_id04490_wavtolip.npz,2.0493006706237793,2.0493006706237793,4.5360188484191895,1
FakeVideo-FakeAudio/Asian (South)/women/id03985/00005_id04529_S92uo-UShxE_id03815_wavtolip.npz,2.2660651206970215,2.2660651206970215,4.487462997436523,1
FakeVideo-FakeAudio/Asian (South)/women/id03985/00005_id04530_W5-PTTL9HzU_id06438_wavtolip.npz,2.543532609939575,2.543532609939575,4.435473918914795,1
FakeVideo-FakeAudio/Asian (South)/women/id03985/00005_id04564_wavtolip.npz,-1.561262845993042,-1.561262845993042,4.418542861938477,1
FakeVideo-FakeAudio/Asian (South)/women/id03985/00005_id04583_wavtolip.npz,1.7234569787979126,1.7234569787979126,4.543690204620361,1
FakeVideo-FakeAudio/Asian (South)/women/id03985/00005_id04927_wavtolip.npz,2.131091594696045,2.131091594696045,4.367444038391113,1
FakeVideo-FakeAudio/Asian (South)/women/id03985/00005_id05845_wavtolip.npz,2.532737970352173,2.532737970352173,4.4451904296875,1
FakeVideo-FakeAudio/Asian (South)/women/id03985/00005_id06428_A9nvRKd1afA_id04582_wavtolip.npz,-1.3744480609893799,-1.3744480609893799,4.510653495788574,1
FakeVideo-FakeAudio/Asian (South)/women/id03985/00005_id06438_wavtolip.npz,2.1789655685424805,2.1789655685424805,4.4234724044799805,1
FakeVideo-FakeAudio/Asian (South)/women/id03985/00005_id07051_d1c0Pl2aP_4_id05845_wavtolip.npz,1.968487024307251,1.968487024307251,4.4905290603637695,1
FakeVideo-FakeAudio/Asian (South)/women/id03985/00005_id07051_wavtolip.npz,-0.8572399616241455,-0.8572399616241455,4.476476192474365,1
FakeVideo-FakeAudio/Asian (South)/women/id03985/00005_id07377_FGNavKcGANA_id00235_wavtolip.npz,2.359518051147461,2.359518051147461,4.359961032867432,1
FakeVideo-FakeAudio/Asian (South)/women/id03985/00005_id07686_lwSGz24c1Bs_faceswap_id00149_wavtolip.npz,-0.8790714740753174,-0.8790714740753174,4.522080421447754,1
FakeVideo-FakeAudio/Asian (South)/women/id03985/00005_id07686_lwSGz24c1Bs_faceswap_id01026_wavtolip.npz,1.700855016708374,1.700855016708374,4.448541164398193,1
FakeVideo-FakeAudio/Asian (South)/women/id03985/00005_id07686_lwSGz24c1Bs_faceswap_id07049_wavtolip.npz,2.017045497894287,2.017045497894287,4.516722679138184,1
FakeVideo-FakeAudio/Asian (South)/women/id03985/00005_id07686_lwSGz24c1Bs_faceswap_id07689_wavtolip.npz,2.354887008666992,2.354887008666992,4.547009468078613,1
FakeVideo-FakeAudio/Asian (South)/women/id03985/00005_id07686_lwSGz24c1Bs_id04070_wavtolip.npz,2.3496313095092773,2.3496313095092773,4.577104091644287,1
FakeVideo-FakeAudio/Asian (South)/women/id00747/00053_id00235_F7aHtfdzytQ_id04070_wavtolip.npz,2.5831899642944336,2.5831899642944336,4.882997989654541,1
FakeVideo-FakeAudio/Asian (South)/women/id00747/00053_id00488_wavtolip.npz,2.5321297645568848,2.5321297645568848,4.944433689117432,1
FakeVideo-FakeAudio/Asian (South)/women/id00747/00053_id00739_wavtolip.npz,2.505094051361084,2.505094051361084,4.786680698394775,1
FakeVideo-FakeAudio/Asian (South)/women/id00747/00053_id02089_wavtolip.npz,-0.08172094821929932,-0.08172094821929932,4.971109867095947,1
FakeVideo-FakeAudio/Asian (South)/women/id00747/00053_id02310_zA-8Pw0SvZg_faceswap_id02619_wavtolip.npz,2.4153244495391846,2.4153244495391846,4.52216100692749,1
FakeVideo-FakeAudio/Asian (South)/women/id00747/00053_id02310_zA-8Pw0SvZg_faceswap_id06268_wavtolip.npz,2.388810157775879,2.388810157775879,4.923374176025391,1
FakeVideo-FakeAudio/Asian (South)/women/id00747/00053_id02310_zA-8Pw0SvZg_faceswap_id06437_wavtolip.npz,2.5271592140197754,2.5271592140197754,4.746982097625732,1
FakeVideo-FakeAudio/Asian (South)/women/id00747/00053_id02310_zA-8Pw0SvZg_faceswap_id06752_wavtolip.npz,2.628009796142578,2.628009796142578,4.968784332275391,1
FakeVideo-FakeAudio/Asian (South)/women/id00747/00053_id02310_zA-8Pw0SvZg_id06343_wavtolip.npz,1.8834539651870728,1.8834539651870728,4.331612586975098,1
FakeVideo-FakeAudio/Asian (South)/women/id00747/00053_id02619_6AKIR2gTCNU_id03559_wavtolip.npz,2.583387851715088,2.583387851715088,5.038308620452881,1
FakeVideo-FakeAudio/Asian (South)/women/id00747/00053_id04564_xUz03LwKRtQ_id07051_wavtolip.npz,2.3275463581085205,2.3275463581085205,5.016150951385498,1
FakeVideo-FakeAudio/Asian (South)/women/id00747/00053_id04582_Pm9dX-TxNx0_id04490_wavtolip.npz,2.193854808807373,2.193854808807373,4.544686317443848,1
FakeVideo-FakeAudio/Asian (South)/women/id00747/00053_id04582_wavtolip.npz,-0.9776564836502075,-0.9776564836502075,5.057889938354492,1
FakeVideo-FakeAudio/Asian (South)/women/id00747/00053_id04583_wavtolip.npz,1.4894793033599854,1.4894793033599854,4.614099502563477,1
FakeVideo-FakeAudio/Asian (South)/women/id00747/00053_id04927_8MD618FRyfA_id04582_wavtolip.npz,-1.168450117111206,-1.168450117111206,5.006155014038086,1
FakeVideo-FakeAudio/Asian (South)/women/id00747/00053_id05845_wavtolip.npz,0.3056603670120239,0.3056603670120239,4.707885265350342,1
FakeVideo-FakeAudio/Asian (South)/women/id00747/00053_id06268_h9p-Na_iA1s_id07051_wavtolip.npz,2.2665395736694336,2.2665395736694336,5.0506792068481445,1
FakeVideo-FakeAudio/Asian (South)/women/id00747/00053_id06343_wavtolip.npz,1.7567377090454102,1.7567377090454102,4.335857391357422,1
FakeVideo-FakeAudio/Asian (South)/women/id00747/00053_id06752_wavtolip.npz,0.5709390640258789,0.5709390640258789,4.917168617248535,1
FakeVideo-FakeAudio/Asian (South)/women/id00747/00053_id07049_wavtolip.npz,1.4782805442810059,1.4782805442810059,4.579118251800537,1
FakeVideo-FakeAudio/Asian (South)/women/id00747/00053_id07236_Fe0sdHw3sc4_id06343_wavtolip.npz,2.144202947616577,2.144202947616577,4.344045162200928,1
FakeVideo-FakeAudio/Asian (South)/women/id00747/00053_id07686_wavtolip.npz,2.2718021869659424,2.2718021869659424,4.758618354797363,1
FakeVideo-FakeAudio/Asian (South)/women/id07689/00028_1_id00235_wavtolip.npz,2.30826997756958,2.30826997756958,4.399713516235352,1
FakeVideo-FakeAudio/Asian (South)/women/id07689/00028_1_id03897_wavtolip.npz,2.2771568298339844,2.2771568298339844,4.444817066192627,1
FakeVideo-FakeAudio/Asian (South)/women/id07689/00028_1_id04582_wavtolip.npz,3.138573169708252,3.138573169708252,5.224850654602051,1
FakeVideo-FakeAudio/Asian (South)/women/id07689/00028_1_id05435_wavtolip.npz,1.8157954216003418,1.8157954216003418,4.447322845458984,1
FakeVideo-FakeAudio/Asian (South)/women/id07689/00028_1_id07136_wavtolip.npz,1.4886651039123535,1.4886651039123535,4.749803066253662,1
FakeVideo-FakeAudio/Asian (South)/women/id07689/00028_2_id00043_wavtolip.npz,-0.4606914520263672,-0.4606914520263672,4.55488395690918,1
FakeVideo-FakeAudio/Asian (South)/women/id07689/00028_2_id03559_wavtolip.npz,2.0240566730499268,2.0240566730499268,4.511080265045166,1
FakeVideo-FakeAudio/Asian (South)/women/id07689/00028_2_id05435_wavtolip.npz,1.8094991445541382,1.8094991445541382,4.46061897277832,1
FakeVideo-FakeAudio/Asian (South)/women/id07689/00028_2_id06439_wavtolip.npz,-0.2956101894378662,-0.2956101894378662,4.4628705978393555,1
FakeVideo-FakeAudio/Asian (South)/women/id07689/00028_2_id07686_wavtolip.npz,2.2041726112365723,2.2041726112365723,4.527505397796631,1
FakeVideo-FakeAudio/Asian (South)/women/id07689/00028_3_id00235_wavtolip.npz,1.979787826538086,1.979787826538086,4.412762641906738,1
FakeVideo-FakeAudio/Asian (South)/women/id07689/00028_3_id04564_wavtolip.npz,2.472431182861328,2.472431182861328,4.633871078491211,1
FakeVideo-FakeAudio/Asian (South)/women/id07689/00028_3_id06438_wavtolip.npz,1.2877861261367798,1.2877861261367798,4.510204792022705,1
FakeVideo-FakeAudio/Asian (South)/women/id07689/00028_3_id07686_wavtolip.npz,2.430577516555786,2.430577516555786,4.673798561096191,1
FakeVideo-FakeAudio/Asian (South)/women/id07689/00028_3_id07689_wavtolip.npz,-0.06829488277435303,-0.06829488277435303,4.525321960449219,1
FakeVideo-FakeAudio/Asian (South)/women/id07689/00028_id00747_wavtolip.npz,2.1014716625213623,2.1014716625213623,4.9284162521362305,1
FakeVideo-FakeAudio/Asian (South)/women/id07689/00028_id02310_wavtolip.npz,2.0731685161590576,2.0731685161590576,4.846299171447754,1
FakeVideo-FakeAudio/Asian (South)/women/id07689/00028_id03985_01aVtyjfVFM_faceswap_id04529_wavtolip.npz,2.4229421615600586,2.4229421615600586,4.710273265838623,1
FakeVideo-FakeAudio/Asian (South)/women/id07689/00028_id03985_01aVtyjfVFM_faceswap_id06254_wavtolip.npz,2.1750831604003906,2.1750831604003906,4.479719638824463,1
FakeVideo-FakeAudio/Asian (South)/women/id07689/00028_id03985_01aVtyjfVFM_faceswap_id06343_wavtolip.npz,1.8923733234405518,1.8923733234405518,4.258960723876953,1
FakeVideo-FakeAudio/Asian (South)/women/id07689/00028_id03985_01aVtyjfVFM_faceswap_id06437_wavtolip.npz,0.1168365478515625,0.1168365478515625,4.700435161590576,1
FakeVideo-FakeAudio/Asian (South)/women/id07689/00028_id03985_01aVtyjfVFM_faceswap_id07236_wavtolip.npz,2.183748722076416,2.183748722076416,4.415835380554199,1
FakeVideo-FakeAudio/Asian (South)/women/id07689/00028_id03985_01aVtyjfVFM_id06438_wavtolip.npz,2.3909435272216797,2.3909435272216797,4.424671173095703,1
FakeVideo-FakeAudio/Asian (South)/women/id07689/00028_id04070_wavtolip.npz,2.403096914291382,2.403096914291382,4.8500237464904785,1
FakeVideo-FakeAudio/Asian (South)/women/id07689/00028_id04530_wavtolip.npz,1.3252094984054565,1.3252094984054565,4.28750467300415,1
FakeVideo-FakeAudio/Asian (South)/women/id07689/00028_id05434_6p7kCmdOjDQ_id06428_wavtolip.npz,2.6083614826202393,2.6083614826202393,4.734446048736572,1
FakeVideo-FakeAudio/Asian (South)/women/id07689/00028_id05435_OvX-Jv_whcU_id05435_wavtolip.npz,2.0242996215820312,2.0242996215820312,4.482093811035156,1
FakeVideo-FakeAudio/Asian (South)/women/id07689/00028_id05845_XfMHm6CEwPw_id06232_wavtolip.npz,2.119694232940674,2.119694232940674,4.361088275909424,1
FakeVideo-FakeAudio/Asian (South)/women/id07689/00028_id05920_LuLTJu54joo_id07051_wavtolip.npz,-1.1175637245178223,-1.1175637245178223,4.909390926361084,1
FakeVideo-FakeAudio/Asian (South)/women/id07689/00028_id06254_wavtolip.npz,2.344700574874878,2.344700574874878,4.476494312286377,1
FakeVideo-FakeAudio/Asian (South)/women/id07689/00028_id06343_wavtolip.npz,1.924084186553955,1.924084186553955,4.2500457763671875,1
FakeVideo-FakeAudio/Asian (South)/women/id07689/00028_id06438_vf3xBVgYqYA_id06232_wavtolip.npz,2.33482027053833,2.33482027053833,4.390601634979248,1
FakeVideo-FakeAudio/Asian (South)/women/id07689/00028_id07008_wavtolip.npz,1.7504875659942627,1.7504875659942627,4.808326244354248,1
FakeVideo-FakeAudio/Asian (South)/women/id07689/00028_id07136_4e43eS5p3_M_id04582_wavtolip.npz,-1.3021787405014038,-1.3021787405014038,4.9231390953063965,1
FakeVideo-FakeAudio/Asian (South)/women/id07689/00028_id07377_wavtolip.npz,2.0775859355926514,2.0775859355926514,4.915439605712891,1
FakeVideo-FakeAudio/Asian (South)/women/id07689/00028_id07686_wavtolip.npz,2.3803977966308594,2.3803977966308594,4.692762851715088,1
FakeVideo-FakeAudio/Asian (South)/women/id05920/00161_id00461_wavtolip.npz,1.6475255489349365,1.6475255489349365,4.757376194000244,1
FakeVideo-FakeAudio/Asian (South)/women/id05920/00161_id00488_wavtolip.npz,-1.268890142440796,-1.268890142440796,4.78708553314209,1
FakeVideo-FakeAudio/Asian (South)/women/id05920/00161_id02089_wavtolip.npz,1.599799394607544,1.599799394607544,4.6514387130737305,1
FakeVideo-FakeAudio/Asian (South)/women/id05920/00161_id03559_wavtolip.npz,2.3381404876708984,2.3381404876708984,4.708822250366211,1
FakeVideo-FakeAudio/Asian (South)/women/id05920/00161_id04927_8MD618FRyfA_id04070_wavtolip.npz,2.4646568298339844,2.4646568298339844,4.754971981048584,1
FakeVideo-FakeAudio/Asian (South)/women/id05920/00161_id05478_wavtolip.npz,0.4962576627731323,0.4962576627731323,4.654566764831543,1
FakeVideo-FakeAudio/Asian (South)/women/id05920/00161_id05845_XfMHm6CEwPw_faceswap_id00043_wavtolip.npz,0.14666688442230225,0.14666688442230225,4.799565315246582,1
FakeVideo-FakeAudio/Asian (South)/women/id05920/00161_id05845_XfMHm6CEwPw_faceswap_id00747_wavtolip.npz,1.135054349899292,1.135054349899292,4.780452728271484,1
FakeVideo-FakeAudio/Asian (South)/women/id05920/00161_id05845_XfMHm6CEwPw_faceswap_id05845_wavtolip.npz,2.052269697189331,2.052269697189331,4.716702938079834,1
FakeVideo-FakeAudio/Asian (South)/women/id05920/00161_id05845_XfMHm6CEwPw_faceswap_id06439_wavtolip.npz,1.810312271118164,1.810312271118164,4.609469413757324,1
FakeVideo-FakeAudio/Asian (South)/women/id05920/00161_id05845_XfMHm6CEwPw_faceswap_id06752_wavtolip.npz,-0.380703330039978,-0.380703330039978,4.771629333496094,1
FakeVideo-FakeAudio/Asian (South)/women/id05920/00161_id05845_XfMHm6CEwPw_id04070_wavtolip.npz,2.4386744499206543,2.4386744499206543,4.772480010986328,1
FakeVideo-FakeAudio/Asian (South)/women/id05920/00161_id05931_bFqu86NV3hk_id07051_wavtolip.npz,-1.1871311664581299,-1.1871311664581299,4.697673320770264,1
FakeVideo-FakeAudio/Asian (South)/women/id05920/00161_id06428_A9nvRKd1afA_id00739_wavtolip.npz,2.251258373260498,2.251258373260498,4.76482629776001,1
FakeVideo-FakeAudio/Asian (South)/women/id05920/00161_id06437_wavtolip.npz,1.4288185834884644,1.4288185834884644,4.721368312835693,1
FakeVideo-FakeAudio/Asian (South)/women/id05920/00161_id06438_wavtolip.npz,0.42214345932006836,0.42214345932006836,4.472967147827148,1
FakeVideo-FakeAudio/Asian (South)/women/id05920/00161_id07008_wavtolip.npz,2.131636619567871,2.131636619567871,4.717279434204102,1
FakeVideo-FakeAudio/Asian (South)/women/id05920/00161_id07049_BiljgZcyWI4_id07689_wavtolip.npz,1.1126517057418823,1.1126517057418823,4.4767608642578125,1
FakeVideo-FakeAudio/Asian (South)/women/id05920/00161_id07049_wavtolip.npz,2.3534250259399414,2.3534250259399414,4.580807685852051,1
FakeVideo-FakeAudio/Asian (South)/women/id05920/00161_id07078_sLVbTD3Dtgw_id06232_wavtolip.npz,1.094541072845459,1.094541072845459,4.403036117553711,1
FakeVideo-FakeAudio/Asian (South)/women/id05920/00161_id07377_FGNavKcGANA_id06343_wavtolip.npz,2.31931471824646,2.31931471824646,4.266749382019043,1
FakeVideo-FakeAudio/Asian (South)/women/id05920/00161_id07689_2ie0g83JkgA_id00747_wavtolip.npz,1.1762044429779053,1.1762044429779053,4.740869045257568,1
FakeVideo-FakeAudio/Asian (South)/women/id06254/00043_id00417_GhIZam3v09g_id06437_wavtolip.npz,2.3367550373077393,2.3367550373077393,4.712419033050537,1
FakeVideo-FakeAudio/Asian (South)/women/id06254/00043_id00488_wavtolip.npz,-1.5108616352081299,-1.5108616352081299,4.743783473968506,1
FakeVideo-FakeAudio/Asian (South)/women/id06254/00043_id00747_wavtolip.npz,2.132099151611328,2.132099151611328,4.741696357727051,1
FakeVideo-FakeAudio/Asian (South)/women/id06254/00043_id02310_wavtolip.npz,1.8886997699737549,1.8886997699737549,4.822011947631836,1
FakeVideo-FakeAudio/Asian (South)/women/id06254/00043_id03559_wavtolip.npz,2.5660431385040283,2.5660431385040283,4.737565994262695,1
FakeVideo-FakeAudio/Asian (South)/women/id06254/00043_id04529_wavtolip.npz,2.3986616134643555,2.3986616134643555,4.698175430297852,1
FakeVideo-FakeAudio/Asian (South)/women/id06254/00043_id04530_wavtolip.npz,0.7196699380874634,0.7196699380874634,4.243185997009277,1
FakeVideo-FakeAudio/Asian (South)/women/id06254/00043_id04564_xUz03LwKRtQ_id00739_wavtolip.npz,2.49373197555542,2.49373197555542,4.739236354827881,1
FakeVideo-FakeAudio/Asian (South)/women/id06254/00043_id04582_Pm9dX-TxNx0_id05920_wavtolip.npz,2.7885549068450928,2.7885549068450928,4.681751251220703,1
FakeVideo-FakeAudio/Asian (South)/women/id06254/00043_id04927_wavtolip.npz,2.2032315731048584,2.2032315731048584,4.425988674163818,1
FakeVideo-FakeAudio/Asian (South)/women/id06254/00043_id05845_XfMHm6CEwPw_id06232_wavtolip.npz,2.385941743850708,2.385941743850708,4.3420281410217285,1
FakeVideo-FakeAudio/Asian (South)/women/id06254/00043_id05931_bFqu86NV3hk_faceswap_id00043_wavtolip.npz,-0.005536317825317383,-0.005536317825317383,4.839472770690918,1
FakeVideo-FakeAudio/Asian (South)/women/id06254/00043_id05931_bFqu86NV3hk_faceswap_id04530_wavtolip.npz,1.9232395887374878,1.9232395887374878,4.261492729187012,1
FakeVideo-FakeAudio/Asian (South)/women/id06254/00043_id05931_bFqu86NV3hk_faceswap_id05435_wavtolip.npz,1.600093126296997,1.600093126296997,4.4797258377075195,1
FakeVideo-FakeAudio/Asian (South)/women/id06254/00043_id05931_bFqu86NV3hk_faceswap_id05920_wavtolip.npz,2.7910118103027344,2.7910118103027344,4.727064609527588,1
FakeVideo-FakeAudio/Asian (South)/women/id06254/00043_id05931_bFqu86NV3hk_faceswap_id06428_wavtolip.npz,2.398737668991089,2.398737668991089,4.757701396942139,1
FakeVideo-FakeAudio/Asian (South)/women/id06254/00043_id05931_bFqu86NV3hk_id00417_wavtolip.npz,0.046587228775024414,0.046587228775024414,4.481556415557861,1
FakeVideo-FakeAudio/Asian (South)/women/id06254/00043_id06343_wavtolip.npz,2.2614612579345703,2.2614612579345703,4.28306245803833,1
FakeVideo-FakeAudio/Asian (South)/women/id06254/00043_id06428_wavtolip.npz,2.538163661956787,2.538163661956787,4.736876487731934,1
FakeVideo-FakeAudio/Asian (South)/women/id06254/00043_id06439_wavtolip.npz,2.3367576599121094,2.3367576599121094,4.630481719970703,1
FakeVideo-FakeAudio/Asian (South)/women/id06254/00043_id07136_4e43eS5p3_M_id06254_wavtolip.npz,2.5390355587005615,2.5390355587005615,4.512232780456543,1
FakeVideo-FakeAudio/Asian (South)/women/id06254/00043_id07236_Fe0sdHw3sc4_id00235_wavtolip.npz,2.336620807647705,2.336620807647705,4.417869567871094,1
FakeVideo-FakeAudio/Asian (South)/women/id00417/00069_id00235_F7aHtfdzytQ_id06752_wavtolip.npz,1.2746963500976562,1.2746963500976562,4.645266056060791,1
FakeVideo-FakeAudio/Asian (South)/women/id00417/00069_id00461_wavtolip.npz,1.6802290678024292,1.6802290678024292,4.5902299880981445,1
FakeVideo-FakeAudio/Asian (South)/women/id00417/00069_id00488_wavtolip.npz,-0.14976811408996582,-0.14976811408996582,4.634703636169434,1
FakeVideo-FakeAudio/Asian (South)/women/id00417/00069_id00739_CT-6UmfLiU0_faceswap_id04490_wavtolip.npz,1.986032247543335,1.986032247543335,4.512672424316406,1
FakeVideo-FakeAudio/Asian (South)/women/id00417/00069_id00739_CT-6UmfLiU0_faceswap_id04564_wavtolip.npz,-0.7608972787857056,-0.7608972787857056,4.564373016357422,1
FakeVideo-FakeAudio/Asian (South)/women/id00417/00069_id00739_CT-6UmfLiU0_faceswap_id05435_wavtolip.npz,1.6718194484710693,1.6718194484710693,4.471182823181152,1
FakeVideo-FakeAudio/Asian (South)/women/id00417/00069_id00739_CT-6UmfLiU0_id06439_wavtolip.npz,2.2323129177093506,2.2323129177093506,4.688050746917725,1
FakeVideo-FakeAudio/Asian (South)/women/id00417/00069_id00747_wavtolip.npz,0.8338868618011475,0.8338868618011475,4.611208915710449,1
FakeVideo-FakeAudio/Asian (South)/women/id00417/00069_id01026_wavtolip.npz,1.4905064105987549,1.4905064105987549,4.336386203765869,1
FakeVideo-FakeAudio/Asian (South)/women/id00417/00069_id03559_pgetxl1qbzM_id04529_wavtolip.npz,0.008464336395263672,0.008464336395263672,4.608351230621338,1
FakeVideo-FakeAudio/Asian (South)/women/id00417/00069_id04529_wavtolip.npz,0.5054861307144165,0.5054861307144165,4.634154796600342,1
FakeVideo-FakeAudio/Asian (South)/women/id00417/00069_id04530_W5-PTTL9HzU_id07049_wavtolip.npz,1.5196106433868408,1.5196106433868408,4.550947666168213,1
FakeVideo-FakeAudio/Asian (South)/women/id00417/00069_id04582_wavtolip.npz,0.21943223476409912,0.21943223476409912,4.638085842132568,1
FakeVideo-FakeAudio/Asian (South)/women/id00417/00069_id04583_M10zZFjuAb0_id06343_wavtolip.npz,0.644687294960022,0.644687294960022,4.242754936218262,1
FakeVideo-FakeAudio/Asian (South)/women/id00417/00069_id05434_6p7kCmdOjDQ_id07008_wavtolip.npz,1.673013687133789,1.673013687133789,4.600414752960205,1
FakeVideo-FakeAudio/Asian (South)/women/id00417/00069_id05478_VJkjRzPt-Jw_id02619_wavtolip.npz,0.46706902980804443,0.46706902980804443,4.454513072967529,1
FakeVideo-FakeAudio/Asian (South)/women/id00417/00069_id05845_XfMHm6CEwPw_id01026_wavtolip.npz,0.8522719144821167,0.8522719144821167,4.367493152618408,1
FakeVideo-FakeAudio/Asian (South)/women/id00417/00069_id06254_wavtolip.npz,1.8624095916748047,1.8624095916748047,4.482207298278809,1
FakeVideo-FakeAudio/Asian (South)/women/id00417/00069_id06438_wavtolip.npz,1.7724676132202148,1.7724676132202148,4.4790730476379395,1
FakeVideo-FakeAudio/Asian (South)/women/id00417/00069_id07051_wavtolip.npz,0.03460085391998291,0.03460085391998291,4.604569911956787,1
FakeVideo-FakeAudio/Asian (South)/women/id05478/00135_id00080_wavtolip.npz,1.5531575679779053,1.5531575679779053,4.931969165802002,1
FakeVideo-FakeAudio/Asian (South)/women/id05478/00135_id00149_wavtolip.npz,-0.9574958086013794,-0.9574958086013794,4.931856155395508,1
FakeVideo-FakeAudio/Asian (South)/women/id05478/00135_id00488_F3YxmZ9CYFw_id03559_wavtolip.npz,2.4772300720214844,2.4772300720214844,4.974403381347656,1
FakeVideo-FakeAudio/Asian (South)/women/id05478/00135_id02089_wavtolip.npz,0.003982186317443848,0.003982186317443848,4.9216694831848145,1
FakeVideo-FakeAudio/Asian (South)/women/id05478/00135_id03559_pgetxl1qbzM_id06268_wavtolip.npz,2.568338632583618,2.568338632583618,4.901305198669434,1
FakeVideo-FakeAudio/Asian (South)/women/id05478/00135_id03559_wavtolip.npz,2.4335098266601562,2.4335098266601562,4.936784267425537,1
FakeVideo-FakeAudio/Asian (South)/women/id05478/00135_id04070_wavtolip.npz,1.2459592819213867,1.2459592819213867,4.85607385635376,1
FakeVideo-FakeAudio/Asian (South)/women/id05478/00135_id04583_M10zZFjuAb0_id06752_wavtolip.npz,2.278599262237549,2.278599262237549,4.923421382904053,1
FakeVideo-FakeAudio/Asian (South)/women/id05478/00135_id04927_8MD618FRyfA_id07236_wavtolip.npz,2.393509864807129,2.393509864807129,4.454655647277832,1
FakeVideo-FakeAudio/Asian (South)/women/id05478/00135_id05435_OvX-Jv_whcU_id03897_wavtolip.npz,0.756211519241333,0.756211519241333,4.465437412261963,1
FakeVideo-FakeAudio/Asian (South)/women/id05478/00135_id05845_XfMHm6CEwPw_faceswap_id02310_wavtolip.npz,1.9983553886413574,1.9983553886413574,4.850105285644531,1
FakeVideo-FakeAudio/Asian (South)/women/id05478/00135_id05845_XfMHm6CEwPw_faceswap_id05845_wavtolip.npz,2.441956043243408,2.441956043243408,4.690912246704102,1
FakeVideo-FakeAudio/Asian (South)/women/id05478/00135_id05845_XfMHm6CEwPw_faceswap_id06752_wavtolip.npz,2.538356304168701,2.538356304168701,4.8928070068359375,1
FakeVideo-FakeAudio/Asian (South)/women/id05478/00135_id05845_XfMHm6CEwPw_faceswap_id07051_wavtolip.npz,-1.3191362619400024,-1.3191362619400024,4.923186779022217,1
FakeVideo-FakeAudio/Asian (South)/women/id05478/00135_id05845_XfMHm6CEwPw_faceswap_id07686_wavtolip.npz,2.139033555984497,2.139033555984497,4.713493347167969,1
FakeVideo-FakeAudio/Asian (South)/women/id05478/00135_id05845_XfMHm6CEwPw_id04529_wavtolip.npz,2.419189691543579,2.419189691543579,4.780533313751221,1
FakeVideo-FakeAudio/Asian (South)/women/id05478/00135_id06268_wavtolip.npz,2.721367835998535,2.721367835998535,4.881038188934326,1
FakeVideo-FakeAudio/Asian (South)/women/id05478/00135_id06437_wavtolip.npz,1.3969684839248657,1.3969684839248657,4.680427551269531,1
FakeVideo-FakeAudio/Asian (South)/women/id05478/00135_id06438_vf3xBVgYqYA_id04564_wavtolip.npz,-1.1834325790405273,-1.1834325790405273,4.631934642791748,1
FakeVideo-FakeAudio/Asian (South)/women/id05478/00135_id07377_wavtolip.npz,1.8859347105026245,1.8859347105026245,4.908547401428223,1
FakeVideo-FakeAudio/Asian (South)/women/id06445/00150_id00043_DxY87QyzDN8_id03897_wavtolip.npz,2.146406650543213,2.146406650543213,4.488762378692627,1
FakeVideo-FakeAudio/Asian (South)/women/id06445/00150_id00080_wavtolip.npz,1.8468714952468872,1.8468714952468872,4.91377067565918,1
FakeVideo-FakeAudio/Asian (South)/women/id06445/00150_id00235_wavtolip.npz,2.0976150035858154,2.0976150035858154,4.388411521911621,1
FakeVideo-FakeAudio/Asian (South)/women/id06445/00150_id00417_wavtolip.npz,1.015596628189087,1.015596628189087,4.482546806335449,1
FakeVideo-FakeAudio/Asian (South)/women/id06445/00150_id00461_Ort9NW3SJU4_id07236_wavtolip.npz,2.203481674194336,2.203481674194336,4.4412522315979,1
FakeVideo-FakeAudio/Asian (South)/women/id06445/00150_id00461_wavtolip.npz,1.4818018674850464,1.4818018674850464,4.756630897521973,1
FakeVideo-FakeAudio/Asian (South)/women/id06445/00150_id03897_wavtolip.npz,1.0863971710205078,1.0863971710205078,4.489479064941406,1
FakeVideo-FakeAudio/Asian (South)/women/id06445/00150_id04530_wavtolip.npz,0.7618594169616699,0.7618594169616699,4.263970851898193,1
FakeVideo-FakeAudio/Asian (South)/women/id06445/00150_id04582_Pm9dX-TxNx0_faceswap_id00417_wavtolip.npz,1.0799176692962646,1.0799176692962646,4.472952365875244,1
FakeVideo-FakeAudio/Asian (South)/women/id06445/00150_id04582_Pm9dX-TxNx0_faceswap_id00488_wavtolip.npz,0.5429425239562988,0.5429425239562988,4.907905578613281,1
FakeVideo-FakeAudio/Asian (South)/women/id06445/00150_id04582_Pm9dX-TxNx0_faceswap_id06438_wavtolip.npz,2.0476717948913574,2.0476717948913574,4.4701995849609375,1
FakeVideo-FakeAudio/Asian (South)/women/id06445/00150_id04582_Pm9dX-TxNx0_faceswap_id07051_wavtolip.npz,2.592803478240967,2.592803478240967,4.999630451202393,1
FakeVideo-FakeAudio/Asian (South)/women/id06445/00150_id04582_Pm9dX-TxNx0_faceswap_id07377_wavtolip.npz,1.733375072479248,1.733375072479248,4.9222092628479,1
FakeVideo-FakeAudio/Asian (South)/women/id06445/00150_id04582_Pm9dX-TxNx0_id00080_wavtolip.npz,2.31296443939209,2.31296443939209,4.907553672790527,1
FakeVideo-FakeAudio/Asian (South)/women/id06445/00150_id05434_6p7kCmdOjDQ_id01026_wavtolip.npz,2.2129900455474854,2.2129900455474854,4.382535934448242,1
FakeVideo-FakeAudio/Asian (South)/women/id06445/00150_id05435_wavtolip.npz,2.0905861854553223,2.0905861854553223,4.436180591583252,1
FakeVideo-FakeAudio/Asian (South)/women/id06445/00150_id06343__Tf30YR4M3w_id07686_wavtolip.npz,1.9325177669525146,1.9325177669525146,4.702107906341553,1
FakeVideo-FakeAudio/Asian (South)/women/id06445/00150_id06343_wavtolip.npz,0.8367195129394531,0.8367195129394531,4.324663162231445,1
FakeVideo-FakeAudio/Asian (South)/women/id06445/00150_id07008_wavtolip.npz,1.4964804649353027,1.4964804649353027,4.774704933166504,1
FakeVideo-FakeAudio/Asian (South)/women/id06445/00150_id07078_sLVbTD3Dtgw_id07051_wavtolip.npz,2.6963164806365967,2.6963164806365967,5.053853988647461,1
FakeVideo-FakeAudio/Asian (South)/women/id06445/00150_id07136_4e43eS5p3_M_id07686_wavtolip.npz,2.706047534942627,2.706047534942627,4.681311130523682,1
FakeVideo-FakeAudio/Asian (South)/women/id06445/00150_id07377_FGNavKcGANA_id01026_wavtolip.npz,1.725975751876831,1.725975751876831,4.396076679229736,1
FakeVideo-FakeAudio/Asian (South)/women/id04582/00180_id00043_DxY87QyzDN8_id06439_wavtolip.npz,1.8408913612365723,1.8408913612365723,4.634909152984619,1
FakeVideo-FakeAudio/Asian (South)/women/id04582/00180_id00235_F7aHtfdzytQ_id06439_wavtolip.npz,2.283747673034668,2.283747673034668,4.672091960906982,1
FakeVideo-FakeAudio/Asian (South)/women/id04582/00180_id00417_GhIZam3v09g_id06439_wavtolip.npz,1.8334460258483887,1.8334460258483887,4.610789775848389,1
FakeVideo-FakeAudio/Asian (South)/women/id04582/00180_id00417_wavtolip.npz,1.0783541202545166,1.0783541202545166,4.45919942855835,1
FakeVideo-FakeAudio/Asian (South)/women/id04582/00180_id00739_wavtolip.npz,1.7055039405822754,1.7055039405822754,4.742532253265381,1
FakeVideo-FakeAudio/Asian (South)/women/id04582/00180_id01026_wavtolip.npz,2.082540273666382,2.082540273666382,4.3088531494140625,1
FakeVideo-FakeAudio/Asian (South)/women/id04582/00180_id02089_ZC5FjKDazrM_id06428_wavtolip.npz,1.3748271465301514,1.3748271465301514,4.751924514770508,1
FakeVideo-FakeAudio/Asian (South)/women/id04582/00180_id03559_wavtolip.npz,2.7193918228149414,2.7193918228149414,5.137971878051758,1
FakeVideo-FakeAudio/Asian (South)/women/id04582/00180_id04583_wavtolip.npz,1.0425407886505127,1.0425407886505127,4.553094863891602,1
FakeVideo-FakeAudio/Asian (South)/women/id04582/00180_id05931_wavtolip.npz,1.2294374704360962,1.2294374704360962,4.221158504486084,1
FakeVideo-FakeAudio/Asian (South)/women/id04582/00180_id06254_8VSfI86Fua4_id04564_wavtolip.npz,1.5480847358703613,1.5480847358703613,4.617582321166992,1
FakeVideo-FakeAudio/Asian (South)/women/id04582/00180_id06268_wavtolip.npz,2.3016815185546875,2.3016815185546875,4.894071578979492,1
FakeVideo-FakeAudio/Asian (South)/women/id04582/00180_id06428_wavtolip.npz,1.5418167114257812,1.5418167114257812,4.768805503845215,1
FakeVideo-FakeAudio/Asian (South)/women/id04582/00180_id06445_NWtdqOxEbDY_faceswap_id00461_wavtolip.npz,0.8002974987030029,0.8002974987030029,4.732835292816162,1
FakeVideo-FakeAudio/Asian (South)/women/id04582/00180_id06445_NWtdqOxEbDY_faceswap_id02310_wavtolip.npz,2.289945602416992,2.289945602416992,4.791275978088379,1
FakeVideo-FakeAudio/Asian (South)/women/id04582/00180_id06445_NWtdqOxEbDY_faceswap_id02619_wavtolip.npz,0.6792763471603394,0.6792763471603394,4.5235066413879395,1
FakeVideo-FakeAudio/Asian (South)/women/id04582/00180_id06445_NWtdqOxEbDY_faceswap_id05478_wavtolip.npz,2.4156157970428467,2.4156157970428467,4.827705383300781,1
FakeVideo-FakeAudio/Asian (South)/women/id04582/00180_id06445_NWtdqOxEbDY_faceswap_id07689_wavtolip.npz,0.11714911460876465,0.11714911460876465,4.491228103637695,1
FakeVideo-FakeAudio/Asian (South)/women/id04582/00180_id06445_NWtdqOxEbDY_id04530_wavtolip.npz,0.42702174186706543,0.42702174186706543,4.246910095214844,1
FakeVideo-FakeAudio/Asian (South)/women/id04582/00180_id07136_4e43eS5p3_M_id03815_wavtolip.npz,2.3365750312805176,2.3365750312805176,4.634796142578125,1
FakeVideo-FakeAudio/Asian (South)/women/id04582/00180_id07236_Fe0sdHw3sc4_id00235_wavtolip.npz,0.8029134273529053,0.8029134273529053,4.4129791259765625,1
FakeVideo-FakeAudio/Asian (South)/women/id04582/00180_id07689_wavtolip.npz,0.08423840999603271,0.08423840999603271,4.494759559631348,1
FakeVideo-FakeAudio/Asian (South)/women/id02089/00092_id00739_wavtolip.npz,1.0932393074035645,1.0932393074035645,4.742391586303711,1
FakeVideo-FakeAudio/Asian (South)/women/id02089/00092_id01026_wavtolip.npz,1.9248948097229004,1.9248948097229004,4.3822922706604,1
FakeVideo-FakeAudio/Asian (South)/women/id02089/00092_id02310_wavtolip.npz,2.372392177581787,2.372392177581787,4.8408002853393555,1
FakeVideo-FakeAudio/Asian (South)/women/id02089/00092_id03559_pgetxl1qbzM_id00747_wavtolip.npz,0.5571551322937012,0.5571551322937012,4.955597877502441,1
FakeVideo-FakeAudio/Asian (South)/women/id02089/00092_id03897_wavtolip.npz,2.125741958618164,2.125741958618164,4.465704917907715,1
FakeVideo-FakeAudio/Asian (South)/women/id02089/00092_id04529_S92uo-UShxE_faceswap_id00235_wavtolip.npz,2.3146142959594727,2.3146142959594727,4.427114963531494,1
FakeVideo-FakeAudio/Asian (South)/women/id02089/00092_id04529_S92uo-UShxE_faceswap_id00417_wavtolip.npz,-0.05752837657928467,-0.05752837657928467,4.464593887329102,1
FakeVideo-FakeAudio/Asian (South)/women/id02089/00092_id04529_S92uo-UShxE_faceswap_id00739_wavtolip.npz,2.377150297164917,2.377150297164917,4.782500267028809,1
FakeVideo-FakeAudio/Asian (South)/women/id02089/00092_id04529_S92uo-UShxE_faceswap_id04529_wavtolip.npz,1.7760720252990723,1.7760720252990723,4.701107025146484,1
FakeVideo-FakeAudio/Asian (South)/women/id02089/00092_id04529_S92uo-UShxE_faceswap_id07049_wavtolip.npz,2.3276798725128174,2.3276798725128174,4.619938373565674,1
FakeVideo-FakeAudio/Asian (South)/women/id02089/00092_id04529_S92uo-UShxE_id07686_wavtolip.npz,1.5392694473266602,1.5392694473266602,4.7657294273376465,1
FakeVideo-FakeAudio/Asian (South)/women/id02089/00092_id04529_wavtolip.npz,0.37661969661712646,0.37661969661712646,4.719428539276123,1
FakeVideo-FakeAudio/Asian (South)/women/id02089/00092_id04564_xUz03LwKRtQ_id00461_wavtolip.npz,2.6729724407196045,2.6729724407196045,4.750981330871582,1
FakeVideo-FakeAudio/Asian (South)/women/id02089/00092_id04582_Pm9dX-TxNx0_id00080_wavtolip.npz,2.458983898162842,2.458983898162842,4.9483160972595215,1
FakeVideo-FakeAudio/Asian (South)/women/id02089/00092_id04927_8MD618FRyfA_id04529_wavtolip.npz,1.247218132019043,1.247218132019043,4.695016860961914,1
FakeVideo-FakeAudio/Asian (South)/women/id02089/00092_id04927_wavtolip.npz,1.6606757640838623,1.6606757640838623,4.385349273681641,1
FakeVideo-FakeAudio/Asian (South)/women/id02089/00092_id05434_6p7kCmdOjDQ_id01026_wavtolip.npz,2.0903539657592773,2.0903539657592773,4.3882527351379395,1
FakeVideo-FakeAudio/Asian (South)/women/id02089/00092_id06254_8VSfI86Fua4_id03985_wavtolip.npz,2.0205936431884766,2.0205936431884766,4.3624749183654785,1
FakeVideo-FakeAudio/Asian (South)/women/id02089/00092_id06428_wavtolip.npz,2.1627073287963867,2.1627073287963867,4.746393203735352,1
FakeVideo-FakeAudio/Asian (South)/women/id02089/00092_id06445_NWtdqOxEbDY_id07236_wavtolip.npz,2.14359188079834,2.14359188079834,4.4748854637146,1
FakeVideo-FakeAudio/Asian (South)/women/id02089/00092_id07051_wavtolip.npz,0.844823956489563,0.844823956489563,5.026355743408203,1
FakeVideo-FakeAudio/Asian (South)/women/id02089/00092_id07686_wavtolip.npz,0.4796561002731323,0.4796561002731323,4.746546745300293,1
FakeVideo-FakeAudio/Asian (South)/women/id00149/00284_id00461_Ort9NW3SJU4_id04927_wavtolip.npz,2.143967390060425,2.143967390060425,4.377023696899414,1
FakeVideo-FakeAudio/Asian (South)/women/id00149/00284_id00747_wavtolip.npz,1.2580431699752808,1.2580431699752808,4.9715986251831055,1
FakeVideo-FakeAudio/Asian (South)/women/id00149/00284_id01026_wavtolip.npz,1.6914103031158447,1.6914103031158447,4.409082889556885,1
FakeVideo-FakeAudio/Asian (South)/women/id00149/00284_id02310_zA-8Pw0SvZg_id07686_wavtolip.npz,2.2495009899139404,2.2495009899139404,4.701206207275391,1
FakeVideo-FakeAudio/Asian (South)/women/id00149/00284_id03559_pgetxl1qbzM_id06752_wavtolip.npz,1.798391580581665,1.798391580581665,4.882762908935547,1
FakeVideo-FakeAudio/Asian (South)/women/id00149/00284_id04490_wavtolip.npz,1.5357412099838257,1.5357412099838257,4.501030921936035,1
FakeVideo-FakeAudio/Asian (South)/women/id00149/00284_id04530_W5-PTTL9HzU_id04582_wavtolip.npz,-1.3071435689926147,-1.3071435689926147,5.045733451843262,1
FakeVideo-FakeAudio/Asian (South)/women/id00149/00284_id04583_M10zZFjuAb0_id06343_wavtolip.npz,1.734703540802002,1.734703540802002,4.332080841064453,1
FakeVideo-FakeAudio/Asian (South)/women/id00149/00284_id04583_wavtolip.npz,-0.4125133752822876,-0.4125133752822876,4.5572099685668945,1
FakeVideo-FakeAudio/Asian (South)/women/id00149/00284_id05435_wavtolip.npz,0.9628510475158691,0.9628510475158691,4.454026222229004,1
FakeVideo-FakeAudio/Asian (South)/women/id00149/00284_id05478_wavtolip.npz,2.1621627807617188,2.1621627807617188,4.843070030212402,1
FakeVideo-FakeAudio/Asian (South)/women/id00149/00284_id06232_wavtolip.npz,0.6539294719696045,0.6539294719696045,4.368767261505127,1
FakeVideo-FakeAudio/Asian (South)/women/id00149/00284_id06254_wavtolip.npz,0.527218222618103,0.527218222618103,4.465747833251953,1
FakeVideo-FakeAudio/Asian (South)/women/id00149/00284_id06439_wavtolip.npz,1.6805766820907593,1.6805766820907593,4.618589878082275,1
FakeVideo-FakeAudio/Asian (South)/women/id00149/00284_id07051_wavtolip.npz,2.2210841178894043,2.2210841178894043,5.03950834274292,1
FakeVideo-FakeAudio/Asian (South)/women/id00149/00284_id07136_4e43eS5p3_M_faceswap_id02310_wavtolip.npz,2.3755733966827393,2.3755733966827393,4.814912796020508,1
FakeVideo-FakeAudio/Asian (South)/women/id00149/00284_id07136_4e43eS5p3_M_faceswap_id05920_wavtolip.npz,2.288869857788086,2.288869857788086,4.691370010375977,1
FakeVideo-FakeAudio/Asian (South)/women/id00149/00284_id07136_4e43eS5p3_M_faceswap_id06428_wavtolip.npz,2.058246374130249,2.058246374130249,4.743233680725098,1
FakeVideo-FakeAudio/Asian (South)/women/id00149/00284_id07136_4e43eS5p3_M_id00747_wavtolip.npz,0.7127077579498291,0.7127077579498291,4.96506929397583,1
FakeVideo-FakeAudio/Asian (South)/women/id00149/00284_id07377_FGNavKcGANA_id00417_wavtolip.npz,0.38723909854888916,0.38723909854888916,4.468046188354492,1
FakeVideo-FakeAudio/Asian (South)/women/id00149/00284_id07689_2ie0g83JkgA_id04530_wavtolip.npz,1.029133677482605,1.029133677482605,4.233567714691162,1
FakeVideo-FakeAudio/Asian (South)/women/id06439/00118_id00417_GhIZam3v09g_faceswap_id00235_wavtolip.npz,1.5628318786621094,1.5628318786621094,4.424878120422363,1
FakeVideo-FakeAudio/Asian (South)/women/id06439/00118_id00417_GhIZam3v09g_faceswap_id03815_wavtolip.npz,2.7030398845672607,2.7030398845672607,4.709151268005371,1
FakeVideo-FakeAudio/Asian (South)/women/id06439/00118_id00417_GhIZam3v09g_faceswap_id04564_wavtolip.npz,2.245152235031128,2.245152235031128,4.626452922821045,1
FakeVideo-FakeAudio/Asian (South)/women/id06439/00118_id00417_GhIZam3v09g_faceswap_id05931_wavtolip.npz,2.0331356525421143,2.0331356525421143,4.24790620803833,1
FakeVideo-FakeAudio/Asian (South)/women/id06439/00118_id00417_GhIZam3v09g_faceswap_id07049_wavtolip.npz,2.105362892150879,2.105362892150879,4.5602617263793945,1
FakeVideo-FakeAudio/Asian (South)/women/id06439/00118_id00417_GhIZam3v09g_id00488_wavtolip.npz,2.8101935386657715,2.8101935386657715,4.932482719421387,1
FakeVideo-FakeAudio/Asian (South)/women/id06439/00118_id01026_wavtolip.npz,2.209869384765625,2.209869384765625,4.387583255767822,1
FakeVideo-FakeAudio/Asian (South)/women/id06439/00118_id03897_wavtolip.npz,2.4437291622161865,2.4437291622161865,4.504007339477539,1
FakeVideo-FakeAudio/Asian (South)/women/id06439/00118_id04070_wavtolip.npz,2.745370626449585,2.745370626449585,4.855725288391113,1
FakeVideo-FakeAudio/Asian (South)/women/id06439/00118_id04529_wavtolip.npz,2.0457603931427,2.0457603931427,4.726767539978027,1
FakeVideo-FakeAudio/Asian (South)/women/id06439/00118_id04583_wavtolip.npz,2.2562029361724854,2.2562029361724854,4.6251983642578125,1
FakeVideo-FakeAudio/Asian (South)/women/id06439/00118_id04927_wavtolip.npz,1.9350199699401855,1.9350199699401855,4.412298202514648,1
FakeVideo-FakeAudio/Asian (South)/women/id06439/00118_id05478_VJkjRzPt-Jw_id00461_wavtolip.npz,2.286510944366455,2.286510944366455,4.778697967529297,1
FakeVideo-FakeAudio/Asian (South)/women/id06439/00118_id05478_wavtolip.npz,2.0623862743377686,2.0623862743377686,4.802742958068848,1
FakeVideo-FakeAudio/Asian (South)/women/id06439/00118_id06254_wavtolip.npz,1.913203477859497,1.913203477859497,4.521611213684082,1
FakeVideo-FakeAudio/Asian (South)/women/id06439/00118_id06428_A9nvRKd1afA_id05845_wavtolip.npz,2.191678047180176,2.191678047180176,4.705440998077393,1
FakeVideo-FakeAudio/Asian (South)/women/id06439/00118_id06438_wavtolip.npz,1.8937737941741943,1.8937737941741943,4.478085041046143,1
FakeVideo-FakeAudio/Asian (South)/women/id06439/00118_id06445_NWtdqOxEbDY_id00417_wavtolip.npz,0.1641993522644043,0.1641993522644043,4.487276077270508,1
FakeVideo-FakeAudio/Asian (South)/women/id06439/00118_id07049_wavtolip.npz,2.2237091064453125,2.2237091064453125,4.572316646575928,1
FakeVideo-FakeAudio/Asian (South)/women/id06439/00118_id07136_4e43eS5p3_M_id04070_wavtolip.npz,2.609116554260254,2.609116554260254,4.8353590965271,1
FakeVideo-FakeAudio/Asian (South)/women/id06439/00118_id07377_FGNavKcGANA_id03985_wavtolip.npz,2.251980781555176,2.251980781555176,4.346451759338379,1
FakeVideo-FakeAudio/Asian (South)/women/id06439/00118_id07689_2ie0g83JkgA_id00739_wavtolip.npz,1.8540349006652832,1.8540349006652832,4.760673999786377,1
FakeVideo-FakeAudio/Asian (South)/women/id05931/00013_id00488_wavtolip.npz,1.832005500793457,1.832005500793457,4.601366996765137,1
FakeVideo-FakeAudio/Asian (South)/women/id05931/00013_id00747_wavtolip.npz,1.8112399578094482,1.8112399578094482,4.647231578826904,1
FakeVideo-FakeAudio/Asian (South)/women/id05931/00013_id01026_rM4ZERt7oM0_faceswap_id04070_wavtolip.npz,2.663180351257324,2.663180351257324,4.660366058349609,1
FakeVideo-FakeAudio/Asian (South)/women/id05931/00013_id01026_rM4ZERt7oM0_faceswap_id05931_wavtolip.npz,2.2240147590637207,2.2240147590637207,4.221168518066406,1
FakeVideo-FakeAudio/Asian (South)/women/id05931/00013_id01026_rM4ZERt7oM0_faceswap_id06232_wavtolip.npz,2.5128941535949707,2.5128941535949707,4.339129447937012,1
FakeVideo-FakeAudio/Asian (South)/women/id05931/00013_id01026_rM4ZERt7oM0_faceswap_id07008_wavtolip.npz,2.7062907218933105,2.7062907218933105,4.557522773742676,1
FakeVideo-FakeAudio/Asian (South)/women/id05931/00013_id01026_rM4ZERt7oM0_id07049_wavtolip.npz,2.6044490337371826,2.6044490337371826,4.551761150360107,1
FakeVideo-FakeAudio/Asian (South)/women/id05931/00013_id02089_wavtolip.npz,2.128495693206787,2.128495693206787,4.616356372833252,1
FakeVideo-FakeAudio/Asian (South)/women/id05931/00013_id02619_wavtolip.npz,2.6321234703063965,2.6321234703063965,4.505237102508545,1
FakeVideo-FakeAudio/Asian (South)/women/id05931/00013_id03559_pgetxl1qbzM_id03559_wavtolip.npz,2.564199924468994,2.564199924468994,4.58612060546875,1
FakeVideo-FakeAudio/Asian (South)/women/id05931/00013_id03815_wavtolip.npz,2.714017868041992,2.714017868041992,4.641520023345947,1
FakeVideo-FakeAudio/Asian (South)/women/id05931/00013_id03985_wavtolip.npz,1.9518005847930908,1.9518005847930908,4.324195384979248,1
FakeVideo-FakeAudio/Asian (South)/women/id05931/00013_id04927_8MD618FRyfA_id05434_wavtolip.npz,1.6744282245635986,1.6744282245635986,3.8838236331939697,1
FakeVideo-FakeAudio/Asian (South)/women/id05931/00013_id05435_OvX-Jv_whcU_id05435_wavtolip.npz,2.280097723007202,2.280097723007202,4.457137107849121,1
FakeVideo-FakeAudio/Asian (South)/women/id05931/00013_id05478_wavtolip.npz,2.257277011871338,2.257277011871338,4.586610317230225,1
FakeVideo-FakeAudio/Asian (South)/women/id05931/00013_id05845_XfMHm6CEwPw_id00488_wavtolip.npz,1.7805938720703125,1.7805938720703125,4.588986873626709,1
FakeVideo-FakeAudio/Asian (South)/women/id05931/00013_id06438_wavtolip.npz,2.578519821166992,2.578519821166992,4.523200511932373,1
FakeVideo-FakeAudio/Asian (South)/women/id05931/00013_id07049_BiljgZcyWI4_id06752_wavtolip.npz,1.2646231651306152,1.2646231651306152,4.652906894683838,1
FakeVideo-FakeAudio/Asian (South)/women/id05931/00013_id07049_wavtolip.npz,1.9214152097702026,1.9214152097702026,4.508330345153809,1
FakeVideo-FakeAudio/Asian (South)/women/id05931/00013_id07136_4e43eS5p3_M_id06232_wavtolip.npz,2.4890341758728027,2.4890341758728027,4.328461647033691,1
FakeVideo-FakeAudio/Asian (South)/women/id05931/00013_id07236_wavtolip.npz,2.4794204235076904,2.4794204235076904,4.454056262969971,1
FakeVideo-FakeAudio/Asian (South)/women/id07051/00083_id00461_Ort9NW3SJU4_id07689_wavtolip.npz,0.039028167724609375,0.039028167724609375,4.539656639099121,1
FakeVideo-FakeAudio/Asian (South)/women/id07051/00083_id00461_wavtolip.npz,1.683030366897583,1.683030366897583,4.722261905670166,1
FakeVideo-FakeAudio/Asian (South)/women/id07051/00083_id02089_wavtolip.npz,2.5572094917297363,2.5572094917297363,5.114447593688965,1
FakeVideo-FakeAudio/Asian (South)/women/id07051/00083_id03559_pgetxl1qbzM_id05931_wavtolip.npz,2.2564857006073,2.2564857006073,4.182185173034668,1
FakeVideo-FakeAudio/Asian (South)/women/id07051/00083_id03815_wavtolip.npz,2.687612533569336,2.687612533569336,4.703411102294922,1
FakeVideo-FakeAudio/Asian (South)/women/id07051/00083_id04529_wavtolip.npz,2.075678586959839,2.075678586959839,4.67394495010376,1
FakeVideo-FakeAudio/Asian (South)/women/id07051/00083_id04530_W5-PTTL9HzU_id04582_wavtolip.npz,-1.094165325164795,-1.094165325164795,5.183249473571777,1
FakeVideo-FakeAudio/Asian (South)/women/id07051/00083_id04530_wavtolip.npz,0.10768389701843262,0.10768389701843262,4.254547119140625,1
FakeVideo-FakeAudio/Asian (South)/women/id07051/00083_id04564_xUz03LwKRtQ_id00043_wavtolip.npz,0.1709740161895752,0.1709740161895752,4.743902683258057,1
FakeVideo-FakeAudio/Asian (South)/women/id07051/00083_id04583_M10zZFjuAb0_id00080_wavtolip.npz,2.640716552734375,2.640716552734375,4.927303791046143,1
FakeVideo-FakeAudio/Asian (South)/women/id07051/00083_id05435_OvX-Jv_whcU_id00488_wavtolip.npz,-0.4814232587814331,-0.4814232587814331,4.902465343475342,1
FakeVideo-FakeAudio/Asian (South)/women/id07051/00083_id06254_wavtolip.npz,2.3226771354675293,2.3226771354675293,4.4499101638793945,1
FakeVideo-FakeAudio/Asian (South)/women/id07051/00083_id06428_A9nvRKd1afA_faceswap_id00488_wavtolip.npz,-0.25573086738586426,-0.25573086738586426,4.8472371101379395,1
FakeVideo-FakeAudio/Asian (South)/women/id07051/00083_id06428_A9nvRKd1afA_faceswap_id03559_wavtolip.npz,2.842985153198242,2.842985153198242,5.1321892738342285,1
FakeVideo-FakeAudio/Asian (South)/women/id07051/00083_id06428_A9nvRKd1afA_faceswap_id04070_wavtolip.npz,2.639838695526123,2.639838695526123,4.867483139038086,1
FakeVideo-FakeAudio/Asian (South)/women/id07051/00083_id06428_A9nvRKd1afA_faceswap_id05434_wavtolip.npz,1.8767664432525635,1.8767664432525635,3.7580084800720215,1
FakeVideo-FakeAudio/Asian (South)/women/id07051/00083_id06428_A9nvRKd1afA_faceswap_id06428_wavtolip.npz,2.6526312828063965,2.6526312828063965,4.716903209686279,1
FakeVideo-FakeAudio/Asian (South)/women/id07051/00083_id06428_A9nvRKd1afA_id00417_wavtolip.npz,1.5219124555587769,1.5219124555587769,4.4410858154296875,1
FakeVideo-FakeAudio/Asian (South)/women/id07051/00083_id06428_wavtolip.npz,2.3826141357421875,2.3826141357421875,4.736087799072266,1
FakeVideo-FakeAudio/Asian (South)/women/id07051/00083_id07008_wavtolip.npz,2.2637174129486084,2.2637174129486084,4.752311706542969,1
FakeVideo-FakeAudio/Asian (South)/women/id07051/00083_id07136_4e43eS5p3_M_id00488_wavtolip.npz,-0.47031545639038086,-0.47031545639038086,4.890071392059326,1
FakeVideo-FakeAudio/Asian (South)/women/id07051/00083_id07236_wavtolip.npz,2.2360198497772217,2.2360198497772217,4.412770748138428,1
FakeVideo-FakeAudio/African/men/id01835/00130_id00173_UHoMXLSjlDo_id01610_wavtolip.npz,2.282075881958008,2.282075881958008,4.7164626121521,1
FakeVideo-FakeAudio/African/men/id01835/00130_id00173_wavtolip.npz,2.2751309871673584,2.2751309871673584,4.938905239105225,1
FakeVideo-FakeAudio/African/men/id01835/00130_id00366_RSOgEoek8WM_id01691_wavtolip.npz,2.769925594329834,2.769925594329834,5.242306232452393,1
FakeVideo-FakeAudio/African/men/id01835/00130_id00701_lW6uzLIOwd0_id00391_wavtolip.npz,-1.204474925994873,-1.204474925994873,5.186047077178955,1
FakeVideo-FakeAudio/African/men/id01835/00130_id00761_QtTNFhCCgzw_faceswap_id00391_wavtolip.npz,-1.3080981969833374,-1.3080981969833374,5.183867931365967,1
FakeVideo-FakeAudio/African/men/id01835/00130_id00761_QtTNFhCCgzw_faceswap_id00518_wavtolip.npz,-0.3075234889984131,-0.3075234889984131,4.584567070007324,1
FakeVideo-FakeAudio/African/men/id01835/00130_id00761_QtTNFhCCgzw_faceswap_id01170_wavtolip.npz,2.658109188079834,2.658109188079834,4.90459680557251,1
FakeVideo-FakeAudio/African/men/id01835/00130_id00761_QtTNFhCCgzw_faceswap_id02051_wavtolip.npz,2.2554099559783936,2.2554099559783936,4.541162490844727,1
FakeVideo-FakeAudio/African/men/id01835/00130_id00761_QtTNFhCCgzw_faceswap_id02494_wavtolip.npz,1.5214815139770508,1.5214815139770508,3.8495092391967773,1
FakeVideo-FakeAudio/African/men/id01835/00130_id00761_QtTNFhCCgzw_id02296_wavtolip.npz,-1.2078455686569214,-1.2078455686569214,4.759344100952148,1
FakeVideo-FakeAudio/African/men/id01835/00130_id00761_wavtolip.npz,2.29738712310791,2.29738712310791,4.8025031089782715,1
FakeVideo-FakeAudio/African/men/id01835/00130_id00781_wavtolip.npz,1.4621593952178955,1.4621593952178955,4.127652168273926,1
FakeVideo-FakeAudio/African/men/id01835/00130_id00830_rfl3Teg9uew_id01392_wavtolip.npz,2.0915284156799316,2.0915284156799316,4.827869415283203,1
FakeVideo-FakeAudio/African/men/id01835/00130_id00944_DiW5D62667U_id01392_wavtolip.npz,2.5599491596221924,2.5599491596221924,4.900188446044922,1
FakeVideo-FakeAudio/African/men/id01835/00130_id01036_AohKaMtIHxA_id02342_wavtolip.npz,2.0872607231140137,2.0872607231140137,4.697327136993408,1
FakeVideo-FakeAudio/African/men/id01835/00130_id01036_wavtolip.npz,3.149690628051758,3.149690628051758,5.275697708129883,1
FakeVideo-FakeAudio/African/men/id01835/00130_id01076_wavtolip.npz,2.052006244659424,2.052006244659424,4.280313491821289,1
FakeVideo-FakeAudio/African/men/id01835/00130_id01236_wavtolip.npz,1.952148675918579,1.952148675918579,4.268782615661621,1
FakeVideo-FakeAudio/African/men/id01835/00130_id01528_wavtolip.npz,2.594912052154541,2.594912052154541,5.024744987487793,1
FakeVideo-FakeAudio/African/men/id01835/00130_id02268_irA9myDvW-I_id01179_wavtolip.npz,1.9193705320358276,1.9193705320358276,4.658310413360596,1
FakeVideo-FakeAudio/African/men/id01835/00130_id02296_wavtolip.npz,-1.57912278175354,-1.57912278175354,4.737028121948242,1
FakeVideo-FakeAudio/African/men/id01835/00130_id04727_wavtolip.npz,2.0166778564453125,2.0166778564453125,4.482343673706055,1
FakeVideo-FakeAudio/African/men/id02040/00476_id00391_TjJgUZaenWI_id00944_wavtolip.npz,2.4717049598693848,2.4717049598693848,4.5107197761535645,1
FakeVideo-FakeAudio/African/men/id02040/00476_id00476_wavtolip.npz,2.564291000366211,2.564291000366211,4.663052558898926,1
FakeVideo-FakeAudio/African/men/id02040/00476_id00761_wavtolip.npz,2.588496208190918,2.588496208190918,4.578537464141846,1
FakeVideo-FakeAudio/African/men/id02040/00476_id00944_wavtolip.npz,2.557069778442383,2.557069778442383,4.554677486419678,1
FakeVideo-FakeAudio/African/men/id02040/00476_id01392_fF-g0KFJ7lg_id01036_wavtolip.npz,2.5078463554382324,2.5078463554382324,4.59981107711792,1
FakeVideo-FakeAudio/African/men/id02040/00476_id01392_wavtolip.npz,2.6130528450012207,2.6130528450012207,4.5482025146484375,1
FakeVideo-FakeAudio/African/men/id02040/00476_id01452_wavtolip.npz,2.394515037536621,2.394515037536621,4.462070465087891,1
FakeVideo-FakeAudio/African/men/id02040/00476_id01528_wavtolip.npz,2.356574058532715,2.356574058532715,4.547641277313232,1
FakeVideo-FakeAudio/African/men/id02040/00476_id01530_8kiAt_4gQGI_id02005_wavtolip.npz,2.0614173412323,2.0614173412323,4.521960735321045,1
FakeVideo-FakeAudio/African/men/id02040/00476_id01530_wavtolip.npz,-0.45284271240234375,-0.45284271240234375,4.511132717132568,1
FakeVideo-FakeAudio/African/men/id02040/00476_id01691_IVtS5z8Jrrk_id01717_wavtolip.npz,2.3871335983276367,2.3871335983276367,4.3620781898498535,1
FakeVideo-FakeAudio/African/men/id02040/00476_id01717_wavtolip.npz,2.53776478767395,2.53776478767395,4.373641014099121,1
FakeVideo-FakeAudio/African/men/id02040/00476_id01995_wavtolip.npz,-1.4014062881469727,-1.4014062881469727,4.6132354736328125,1
FakeVideo-FakeAudio/African/men/id02040/00476_id02051_wavtolip.npz,2.434882879257202,2.434882879257202,4.532272815704346,1
FakeVideo-FakeAudio/African/men/id01392/00167_2_id00166_wavtolip.npz,2.5452399253845215,2.5452399253845215,4.752163887023926,1
FakeVideo-FakeAudio/African/men/id01392/00167_2_id00475_wavtolip.npz,2.1664206981658936,2.1664206981658936,4.707493782043457,1
FakeVideo-FakeAudio/African/men/id01392/00167_2_id00478_wavtolip.npz,1.8840954303741455,1.8840954303741455,4.668060779571533,1
FakeVideo-FakeAudio/African/men/id01392/00167_2_id01207_wavtolip.npz,1.4985706806182861,1.4985706806182861,4.551305770874023,1
FakeVideo-FakeAudio/African/men/id01392/00167_2_id01521_wavtolip.npz,1.6238412857055664,1.6238412857055664,4.180211544036865,1
FakeVideo-FakeAudio/African/men/id01392/00167_3_id00830_wavtolip.npz,2.5043253898620605,2.5043253898620605,4.777133464813232,1
FakeVideo-FakeAudio/African/men/id01392/00167_3_id01392_wavtolip.npz,2.7524099349975586,2.7524099349975586,4.791196823120117,1
FakeVideo-FakeAudio/African/men/id01392/00167_3_id01610_wavtolip.npz,2.546370267868042,2.546370267868042,4.664613723754883,1
FakeVideo-FakeAudio/African/men/id01392/00167_3_id01933_wavtolip.npz,2.5154435634613037,2.5154435634613037,4.715930938720703,1
FakeVideo-FakeAudio/African/men/id01392/00167_3_id02040_wavtolip.npz,0.5496010780334473,0.5496010780334473,3.73819637298584,1
FakeVideo-FakeAudio/African/men/id01392/00167_id00366_wavtolip.npz,2.9850146770477295,2.9850146770477295,5.02809476852417,1
FakeVideo-FakeAudio/African/men/id01392/00167_id00391_TjJgUZaenWI_id01598_wavtolip.npz,2.3461151123046875,2.3461151123046875,4.588099956512451,1
FakeVideo-FakeAudio/African/men/id01392/00167_id00475_wavtolip.npz,3.228145122528076,3.228145122528076,5.216967582702637,1
FakeVideo-FakeAudio/African/men/id01392/00167_id00701_wavtolip.npz,2.8363723754882812,2.8363723754882812,5.129541397094727,1
FakeVideo-FakeAudio/African/men/id01392/00167_id00761_wavtolip.npz,2.66900634765625,2.66900634765625,4.834331035614014,1
FakeVideo-FakeAudio/African/men/id01392/00167_id01179_RnqLJMrWELw_id02268_wavtolip.npz,2.464414358139038,2.464414358139038,4.856533050537109,1
FakeVideo-FakeAudio/African/men/id01392/00167_id01207_mt129WTRSII_id01691_wavtolip.npz,3.111063003540039,3.111063003540039,5.1934123039245605,1
FakeVideo-FakeAudio/African/men/id01392/00167_id01207_wavtolip.npz,1.2735159397125244,1.2735159397125244,4.603908538818359,1
FakeVideo-FakeAudio/African/men/id01392/00167_id01521_wavtolip.npz,2.2564339637756348,2.2564339637756348,4.229973793029785,1
FakeVideo-FakeAudio/African/men/id01392/00167_id01597_52WEZxe4_GE_id01920_wavtolip.npz,2.7450003623962402,2.7450003623962402,4.862405776977539,1
FakeVideo-FakeAudio/African/men/id01392/00167_id01610_wavtolip.npz,2.390671491622925,2.390671491622925,4.7219557762146,1
FakeVideo-FakeAudio/African/men/id01392/00167_id01920_w9C_knCPD94_id02040_wavtolip.npz,-0.013205528259277344,-0.013205528259277344,3.7563095092773438,1
FakeVideo-FakeAudio/African/men/id01392/00167_id01972_wavtolip.npz,2.2830238342285156,2.2830238342285156,4.328219413757324,1
FakeVideo-FakeAudio/African/men/id01392/00167_id02005_wavtolip.npz,2.5664925575256348,2.5664925575256348,4.721365928649902,1
FakeVideo-FakeAudio/African/men/id01392/00167_id02494_wavtolip.npz,1.783765196800232,1.783765196800232,3.8523340225219727,1
FakeVideo-FakeAudio/African/men/id01717/00005_id00166_wavtolip.npz,2.3505587577819824,2.3505587577819824,4.558037757873535,1
FakeVideo-FakeAudio/African/men/id01717/00005_id00366_RSOgEoek8WM_id02268_wavtolip.npz,2.489020824432373,2.489020824432373,4.575626850128174,1
FakeVideo-FakeAudio/African/men/id01717/00005_id00366_wavtolip.npz,2.5293965339660645,2.5293965339660645,4.604121208190918,1
FakeVideo-FakeAudio/African/men/id01717/00005_id00518_wavtolip.npz,2.492176055908203,2.492176055908203,4.605727195739746,1
FakeVideo-FakeAudio/African/men/id01717/00005_id00701_lW6uzLIOwd0_id01207_wavtolip.npz,2.267300605773926,2.267300605773926,4.561706066131592,1
FakeVideo-FakeAudio/African/men/id01717/00005_id00761_wavtolip.npz,2.558511257171631,2.558511257171631,4.627015590667725,1
FakeVideo-FakeAudio/African/men/id01717/00005_id00781_wavtolip.npz,1.751561164855957,1.751561164855957,4.123673439025879,1
FakeVideo-FakeAudio/African/men/id01717/00005_id00987_wavtolip.npz,1.5914440155029297,1.5914440155029297,4.615699768066406,1
FakeVideo-FakeAudio/African/men/id01717/00005_id01171_wavtolip.npz,2.513394832611084,2.513394832611084,4.515775680541992,1
FakeVideo-FakeAudio/African/men/id01717/00005_id01392_wavtolip.npz,2.1439883708953857,2.1439883708953857,4.5806779861450195,1
FakeVideo-FakeAudio/African/men/id01717/00005_id01452_4MqeoSxSy3w_id01856_wavtolip.npz,2.1594486236572266,2.1594486236572266,4.442873954772949,1
FakeVideo-FakeAudio/African/men/id01717/00005_id01544_wavtolip.npz,2.342874050140381,2.342874050140381,4.478726387023926,1
FakeVideo-FakeAudio/African/men/id01717/00005_id01920_w9C_knCPD94_id01598_wavtolip.npz,2.1430370807647705,2.1430370807647705,4.6237640380859375,1
FakeVideo-FakeAudio/African/men/id01717/00005_id02005_7_Egh9mW5y4_faceswap_id01170_wavtolip.npz,2.5197091102600098,2.5197091102600098,4.631669998168945,1
FakeVideo-FakeAudio/African/men/id01717/00005_id02005_7_Egh9mW5y4_faceswap_id01392_wavtolip.npz,2.51515531539917,2.51515531539917,4.627613544464111,1
FakeVideo-FakeAudio/African/men/id01717/00005_id02005_7_Egh9mW5y4_faceswap_id01691_wavtolip.npz,2.445889472961426,2.445889472961426,4.636387348175049,1
FakeVideo-FakeAudio/African/men/id01717/00005_id02005_7_Egh9mW5y4_faceswap_id01779_wavtolip.npz,2.4749457836151123,2.4749457836151123,4.568955898284912,1
FakeVideo-FakeAudio/African/men/id01717/00005_id02005_7_Egh9mW5y4_faceswap_id04727_wavtolip.npz,2.1403446197509766,2.1403446197509766,4.496187210083008,1
FakeVideo-FakeAudio/African/men/id01717/00005_id02005_7_Egh9mW5y4_id01076_wavtolip.npz,2.214015483856201,2.214015483856201,4.244377613067627,1
FakeVideo-FakeAudio/African/men/id01717/00005_id02316_yrrNcmZ-xmI_id01544_wavtolip.npz,2.2109150886535645,2.2109150886535645,4.539891242980957,1
FakeVideo-FakeAudio/African/men/id01717/00005_id04727_wavtolip.npz,1.908519983291626,1.908519983291626,4.459134578704834,1
FakeVideo-FakeAudio/African/men/id01779/00010_id00475_wavtolip.npz,2.300079345703125,2.300079345703125,4.909242630004883,1
FakeVideo-FakeAudio/African/men/id01779/00010_id00518_wavtolip.npz,-0.19999849796295166,-0.19999849796295166,4.562842845916748,1
FakeVideo-FakeAudio/African/men/id01779/00010_id00701_lW6uzLIOwd0_id00366_wavtolip.npz,2.580873966217041,2.580873966217041,4.927361488342285,1
FakeVideo-FakeAudio/African/men/id01779/00010_id00781_wavtolip.npz,1.5884485244750977,1.5884485244750977,4.135736465454102,1
FakeVideo-FakeAudio/African/men/id01779/00010_id01036_AohKaMtIHxA_id01637_wavtolip.npz,2.4742162227630615,2.4742162227630615,4.782854080200195,1
FakeVideo-FakeAudio/African/men/id01779/00010_id01036_wavtolip.npz,2.7860312461853027,2.7860312461853027,4.912009239196777,1
FakeVideo-FakeAudio/African/men/id01779/00010_id01076_wavtolip.npz,2.0790178775787354,2.0790178775787354,4.293122291564941,1
FakeVideo-FakeAudio/African/men/id01779/00010_id01171_XSINMRoTb0E_id01076_wavtolip.npz,2.1853928565979004,2.1853928565979004,4.292435646057129,1
FakeVideo-FakeAudio/African/men/id01779/00010_id01528_wavtolip.npz,2.629605770111084,2.629605770111084,4.831818580627441,1
FakeVideo-FakeAudio/African/men/id01779/00010_id01530_wavtolip.npz,2.444303512573242,2.444303512573242,4.542764186859131,1
FakeVideo-FakeAudio/African/men/id01779/00010_id01544_wavtolip.npz,2.3252639770507812,2.3252639770507812,4.54904842376709,1
FakeVideo-FakeAudio/African/men/id01779/00010_id01637_5VjcPZm8knM_id01972_wavtolip.npz,2.426492214202881,2.426492214202881,4.362369060516357,1
FakeVideo-FakeAudio/African/men/id01779/00010_id01691_IVtS5z8Jrrk_faceswap_id00173_wavtolip.npz,2.296682834625244,2.296682834625244,4.894412994384766,1
FakeVideo-FakeAudio/African/men/id01779/00010_id01691_IVtS5z8Jrrk_faceswap_id00478_wavtolip.npz,1.9096699953079224,1.9096699953079224,4.926636695861816,1
FakeVideo-FakeAudio/African/men/id01779/00010_id01691_IVtS5z8Jrrk_faceswap_id00701_wavtolip.npz,1.620819091796875,1.620819091796875,4.876062870025635,1
FakeVideo-FakeAudio/African/men/id01779/00010_id01691_IVtS5z8Jrrk_faceswap_id01170_wavtolip.npz,2.7472445964813232,2.7472445964813232,4.919461250305176,1
FakeVideo-FakeAudio/African/men/id01779/00010_id01691_IVtS5z8Jrrk_faceswap_id01779_wavtolip.npz,2.5212717056274414,2.5212717056274414,4.792048931121826,1
FakeVideo-FakeAudio/African/men/id01779/00010_id01691_IVtS5z8Jrrk_id00391_wavtolip.npz,-1.3224818706512451,-1.3224818706512451,4.871673107147217,1
FakeVideo-FakeAudio/African/men/id01779/00010_id01779_wavtolip.npz,2.662369728088379,2.662369728088379,4.812051773071289,1
FakeVideo-FakeAudio/African/men/id01779/00010_id01856_6Q2f3b1QNRM_id00830_wavtolip.npz,2.0834474563598633,2.0834474563598633,4.795584678649902,1
FakeVideo-FakeAudio/African/men/id01779/00010_id02268_irA9myDvW-I_id01452_wavtolip.npz,1.8901097774505615,1.8901097774505615,4.443457126617432,1
FakeVideo-FakeAudio/African/men/id01779/00010_id02268_wavtolip.npz,2.531186103820801,2.531186103820801,4.837180137634277,1
FakeVideo-FakeAudio/African/men/id01779/00010_id02494_lObg47hQleE_id01076_wavtolip.npz,2.2034969329833984,2.2034969329833984,4.284929275512695,1
FakeVideo-FakeAudio/African/men/id01179/00160_id00166_PQV2ZbJBLNk_id01544_wavtolip.npz,2.5074691772460938,2.5074691772460938,4.524052143096924,1
FakeVideo-FakeAudio/African/men/id01179/00160_id00173_wavtolip.npz,-0.8514933586120605,-0.8514933586120605,4.735973358154297,1
FakeVideo-FakeAudio/African/men/id01179/00160_id00391_TjJgUZaenWI_id01171_wavtolip.npz,2.3432624340057373,2.3432624340057373,4.579423904418945,1
FakeVideo-FakeAudio/African/men/id01179/00160_id00476_UgdYVJ6xPYg_id01856_wavtolip.npz,0.8390145301818848,0.8390145301818848,4.501031875610352,1
FakeVideo-FakeAudio/African/men/id01179/00160_id00518_wavtolip.npz,-0.31846117973327637,-0.31846117973327637,4.5811967849731445,1
FakeVideo-FakeAudio/African/men/id01179/00160_id01170_7eoTTk4xyNo_id01856_wavtolip.npz,1.0650070905685425,1.0650070905685425,4.488424777984619,1
FakeVideo-FakeAudio/African/men/id01179/00160_id01171_wavtolip.npz,2.2988827228546143,2.2988827228546143,4.57531213760376,1
FakeVideo-FakeAudio/African/men/id01179/00160_id01207_mt129WTRSII_id01171_wavtolip.npz,2.455237627029419,2.455237627029419,4.5723795890808105,1
FakeVideo-FakeAudio/African/men/id01179/00160_id01207_wavtolip.npz,1.53514564037323,1.53514564037323,4.600368499755859,1
FakeVideo-FakeAudio/African/men/id01179/00160_id01392_wavtolip.npz,2.6093077659606934,2.6093077659606934,4.727510452270508,1
FakeVideo-FakeAudio/African/men/id01179/00160_id01544_wavtolip.npz,2.3723196983337402,2.3723196983337402,4.576411247253418,1
FakeVideo-FakeAudio/African/men/id01179/00160_id01598_wavtolip.npz,2.4201500415802,2.4201500415802,4.567824363708496,1
FakeVideo-FakeAudio/African/men/id01179/00160_id01637_5VjcPZm8knM_id01995_wavtolip.npz,-1.5142613649368286,-1.5142613649368286,4.668162822723389,1
FakeVideo-FakeAudio/African/men/id01179/00160_id01691_wavtolip.npz,2.7378196716308594,2.7378196716308594,4.7500834465026855,1
FakeVideo-FakeAudio/African/men/id01179/00160_id01717_wavtolip.npz,2.211142063140869,2.211142063140869,4.4118499755859375,1
FakeVideo-FakeAudio/African/men/id01179/00160_id02005_7_Egh9mW5y4_faceswap_id01528_wavtolip.npz,1.984506607055664,1.984506607055664,4.747491836547852,1
FakeVideo-FakeAudio/African/men/id01179/00160_id02005_7_Egh9mW5y4_faceswap_id01779_wavtolip.npz,2.455936908721924,2.455936908721924,4.690671920776367,1
FakeVideo-FakeAudio/African/men/id01179/00160_id02005_7_Egh9mW5y4_faceswap_id01835_wavtolip.npz,0.6909918785095215,0.6909918785095215,4.725625991821289,1
FakeVideo-FakeAudio/African/men/id01179/00160_id02005_7_Egh9mW5y4_faceswap_id01972_wavtolip.npz,2.2745132446289062,2.2745132446289062,4.337457656860352,1
FakeVideo-FakeAudio/African/men/id01179/00160_id02005_7_Egh9mW5y4_faceswap_id02316_wavtolip.npz,2.183290958404541,2.183290958404541,4.498041152954102,1
FakeVideo-FakeAudio/African/men/id01179/00160_id02005_7_Egh9mW5y4_id00366_wavtolip.npz,2.461674690246582,2.461674690246582,4.665216445922852,1
FakeVideo-FakeAudio/African/men/id01179/00160_id02342_RJPBPhJB8TA_id01779_wavtolip.npz,2.5657074451446533,2.5657074451446533,4.692869663238525,1
FakeVideo-FakeAudio/African/men/id01179/00160_id02342_wavtolip.npz,-0.19525694847106934,-0.19525694847106934,4.641842365264893,1
FakeVideo-FakeAudio/African/men/id01528/00017_id00173_wavtolip.npz,3.0081799030303955,3.0081799030303955,4.897745609283447,1
FakeVideo-FakeAudio/African/men/id01528/00017_id00518_qm7oQcDg4oI_id00781_wavtolip.npz,1.4910064935684204,1.4910064935684204,4.1603217124938965,1
FakeVideo-FakeAudio/African/men/id01528/00017_id00944_DiW5D62667U_id02296_wavtolip.npz,-1.4408247470855713,-1.4408247470855713,4.697673797607422,1
FakeVideo-FakeAudio/African/men/id01528/00017_id00944_wavtolip.npz,2.8540008068084717,2.8540008068084717,4.816163539886475,1
FakeVideo-FakeAudio/African/men/id01528/00017_id00987_wavtolip.npz,0.06676626205444336,0.06676626205444336,5.011961936950684,1
FakeVideo-FakeAudio/African/men/id01528/00017_id01076_wavtolip.npz,2.2240169048309326,2.2240169048309326,4.254821300506592,1
FakeVideo-FakeAudio/African/men/id01528/00017_id01171_wavtolip.npz,2.4971344470977783,2.4971344470977783,4.545397758483887,1
FakeVideo-FakeAudio/African/men/id01528/00017_id01207_mt129WTRSII_id01207_wavtolip.npz,1.2479267120361328,1.2479267120361328,4.6035027503967285,1
FakeVideo-FakeAudio/African/men/id01528/00017_id01236_7WdumGR5-JM_id02342_wavtolip.npz,2.6103901863098145,2.6103901863098145,4.6789326667785645,1
FakeVideo-FakeAudio/African/men/id01528/00017_id01236_wavtolip.npz,2.2646243572235107,2.2646243572235107,4.2583208084106445,1
FakeVideo-FakeAudio/African/men/id01528/00017_id01452_4MqeoSxSy3w_faceswap_id00701_wavtolip.npz,2.6689348220825195,2.6689348220825195,4.936678409576416,1
FakeVideo-FakeAudio/African/men/id01528/00017_id01452_4MqeoSxSy3w_faceswap_id01076_wavtolip.npz,2.270873546600342,2.270873546600342,4.271953105926514,1
FakeVideo-FakeAudio/African/men/id01528/00017_id01452_4MqeoSxSy3w_faceswap_id01610_wavtolip.npz,1.5963342189788818,1.5963342189788818,4.708667278289795,1
FakeVideo-FakeAudio/African/men/id01528/00017_id01452_4MqeoSxSy3w_faceswap_id02005_wavtolip.npz,2.237173080444336,2.237173080444336,4.704275608062744,1
FakeVideo-FakeAudio/African/men/id01528/00017_id01452_4MqeoSxSy3w_faceswap_id02494_wavtolip.npz,1.5690929889678955,1.5690929889678955,3.8564224243164062,1
FakeVideo-FakeAudio/African/men/id01528/00017_id01452_4MqeoSxSy3w_id04727_wavtolip.npz,1.7268662452697754,1.7268662452697754,4.464811325073242,1
FakeVideo-FakeAudio/African/men/id01528/00017_id01597_52WEZxe4_GE_id00476_wavtolip.npz,2.766195774078369,2.766195774078369,5.05912971496582,1
FakeVideo-FakeAudio/African/men/id01528/00017_id01598_wavtolip.npz,2.6133453845977783,2.6133453845977783,4.581916809082031,1
FakeVideo-FakeAudio/African/men/id01528/00017_id01933_I5XXxgK7QpE_id00391_wavtolip.npz,-1.3584634065628052,-1.3584634065628052,5.022403717041016,1
FakeVideo-FakeAudio/African/men/id01528/00017_id01972_hBYoeQTm8ZQ_id01610_wavtolip.npz,2.3762197494506836,2.3762197494506836,4.713286876678467,1
FakeVideo-FakeAudio/African/men/id01528/00017_id02005_wavtolip.npz,2.654233932495117,2.654233932495117,4.704405307769775,1
FakeVideo-FakeAudio/African/men/id01528/00017_id02040_wavtolip.npz,0.8545659780502319,0.8545659780502319,3.7768208980560303,1
FakeVideo-FakeAudio/African/men/id01528/00017_id02296_wavtolip.npz,-1.0152320861816406,-1.0152320861816406,4.680541515350342,1
FakeVideo-FakeAudio/African/men/id00076/00109_10_id00476_wavtolip.npz,2.390695571899414,2.390695571899414,4.611695289611816,1
FakeVideo-FakeAudio/African/men/id00076/00109_10_id01076_wavtolip.npz,2.287210464477539,2.287210464477539,4.22675085067749,1
FakeVideo-FakeAudio/African/men/id00076/00109_10_id01179_wavtolip.npz,-1.50516939163208,-1.50516939163208,4.532235622406006,1
FakeVideo-FakeAudio/African/men/id00076/00109_10_id02005_wavtolip.npz,1.833730697631836,1.833730697631836,4.543715000152588,1
FakeVideo-FakeAudio/African/men/id00076/00109_10_id02342_wavtolip.npz,-0.40517711639404297,-0.40517711639404297,4.576457977294922,1
FakeVideo-FakeAudio/African/men/id00076/00109_12_id00518_wavtolip.npz,1.6903436183929443,1.6903436183929443,4.508682727813721,1
FakeVideo-FakeAudio/African/men/id00076/00109_12_id00761_wavtolip.npz,2.1558942794799805,2.1558942794799805,4.560299396514893,1
FakeVideo-FakeAudio/African/men/id00076/00109_12_id00987_wavtolip.npz,1.23500394821167,1.23500394821167,4.518238544464111,1
FakeVideo-FakeAudio/African/men/id00076/00109_12_id01856_wavtolip.npz,1.6224578619003296,1.6224578619003296,4.477787017822266,1
FakeVideo-FakeAudio/African/men/id00076/00109_12_id02296_wavtolip.npz,-1.6006828546524048,-1.6006828546524048,4.547849655151367,1
FakeVideo-FakeAudio/African/men/id00076/00109_2_id00166_wavtolip.npz,2.373936414718628,2.373936414718628,4.510387420654297,1
FakeVideo-FakeAudio/African/men/id00076/00109_2_id00701_wavtolip.npz,0.9009249210357666,0.9009249210357666,4.471773147583008,1
FakeVideo-FakeAudio/African/men/id00076/00109_2_id01236_wavtolip.npz,2.158618450164795,2.158618450164795,4.2621049880981445,1
FakeVideo-FakeAudio/African/men/id00076/00109_2_id01521_wavtolip.npz,1.695806622505188,1.695806622505188,4.1714558601379395,1
FakeVideo-FakeAudio/African/men/id00076/00109_2_id01598_wavtolip.npz,2.5178675651550293,2.5178675651550293,4.543808460235596,1
FakeVideo-FakeAudio/African/men/id00076/00109_4_id01392_wavtolip.npz,2.697402238845825,2.697402238845825,4.8358259201049805,1
FakeVideo-FakeAudio/African/men/id00076/00109_4_id01528_wavtolip.npz,2.5593905448913574,2.5593905448913574,4.801360130310059,1
FakeVideo-FakeAudio/African/men/id00076/00109_4_id01691_wavtolip.npz,2.9394235610961914,2.9394235610961914,4.858654499053955,1
FakeVideo-FakeAudio/African/men/id00076/00109_4_id01995_wavtolip.npz,2.801417112350464,2.801417112350464,4.823846817016602,1
FakeVideo-FakeAudio/African/men/id00076/00109_4_id02296_wavtolip.npz,-1.678748607635498,-1.678748607635498,4.637762546539307,1
FakeVideo-FakeAudio/African/men/id00076/00109_7_id00166_wavtolip.npz,2.4279537200927734,2.4279537200927734,4.730170249938965,1
FakeVideo-FakeAudio/African/men/id00076/00109_7_id00478_wavtolip.npz,2.7419075965881348,2.7419075965881348,4.83585786819458,1
FakeVideo-FakeAudio/African/men/id00076/00109_7_id01452_wavtolip.npz,2.1111528873443604,2.1111528873443604,4.386824607849121,1
FakeVideo-FakeAudio/African/men/id00076/00109_7_id01717_wavtolip.npz,2.115323543548584,2.115323543548584,4.37239408493042,1
FakeVideo-FakeAudio/African/men/id00076/00109_7_id01995_wavtolip.npz,2.608175277709961,2.608175277709961,4.819799423217773,1
FakeVideo-FakeAudio/African/men/id00076/00109_8_id00166_wavtolip.npz,2.6056764125823975,2.6056764125823975,4.697012901306152,1
FakeVideo-FakeAudio/African/men/id00076/00109_8_id00701_wavtolip.npz,1.2864704132080078,1.2864704132080078,4.679973125457764,1
FakeVideo-FakeAudio/African/men/id00076/00109_8_id00761_wavtolip.npz,2.3838162422180176,2.3838162422180176,4.709166049957275,1
FakeVideo-FakeAudio/African/men/id00076/00109_8_id01170_wavtolip.npz,2.440145969390869,2.440145969390869,4.692607879638672,1
FakeVideo-FakeAudio/African/men/id00076/00109_8_id02005_wavtolip.npz,1.339028239250183,1.339028239250183,4.6408562660217285,1
FakeVideo-FakeAudio/African/men/id00076/00109_9_id00076_wavtolip.npz,1.7800240516662598,1.7800240516662598,4.459393501281738,1
FakeVideo-FakeAudio/African/men/id00076/00109_9_id01036_wavtolip.npz,2.2618484497070312,2.2618484497070312,4.532976150512695,1
FakeVideo-FakeAudio/African/men/id00076/00109_9_id01452_wavtolip.npz,1.4674659967422485,1.4674659967422485,4.458050727844238,1
FakeVideo-FakeAudio/African/men/id00076/00109_9_id01528_wavtolip.npz,1.1842608451843262,1.1842608451843262,4.491666316986084,1
FakeVideo-FakeAudio/African/men/id00076/00109_9_id02005_wavtolip.npz,2.0255086421966553,2.0255086421966553,4.52792501449585,1
FakeVideo-FakeAudio/African/men/id00076/00109_id00173_UHoMXLSjlDo_id00475_wavtolip.npz,0.2672147750854492,0.2672147750854492,5.235081672668457,1
FakeVideo-FakeAudio/African/men/id00076/00109_id00366_RSOgEoek8WM_id01995_wavtolip.npz,2.4833157062530518,2.4833157062530518,4.880008220672607,1
FakeVideo-FakeAudio/African/men/id00076/00109_id00391_wavtolip.npz,-1.5623602867126465,-1.5623602867126465,5.367513179779053,1
FakeVideo-FakeAudio/African/men/id00076/00109_id00475_wavtolip.npz,-0.14867949485778809,-0.14867949485778809,5.252912521362305,1
FakeVideo-FakeAudio/African/men/id00076/00109_id00476_wavtolip.npz,1.725339412689209,1.725339412689209,5.1570634841918945,1
FakeVideo-FakeAudio/African/men/id00076/00109_id00701_wavtolip.npz,1.7508634328842163,1.7508634328842163,5.112043857574463,1
FakeVideo-FakeAudio/African/men/id00076/00109_id00830_rfl3Teg9uew_id01544_wavtolip.npz,1.853318452835083,1.853318452835083,4.5629472732543945,1
FakeVideo-FakeAudio/African/men/id00076/00109_id01036_AohKaMtIHxA_id00476_wavtolip.npz,2.834779739379883,2.834779739379883,5.159687519073486,1
FakeVideo-FakeAudio/African/men/id00076/00109_id01207_mt129WTRSII_id02316_wavtolip.npz,1.3260831832885742,1.3260831832885742,4.457959175109863,1
FakeVideo-FakeAudio/African/men/id00076/00109_id01207_wavtolip.npz,-0.1674666404724121,-0.1674666404724121,4.553517818450928,1
FakeVideo-FakeAudio/African/men/id00076/00109_id01544_uBo9585VW2A_id01779_wavtolip.npz,2.4036896228790283,2.4036896228790283,4.807103157043457,1
FakeVideo-FakeAudio/African/men/id00076/00109_id01637_wavtolip.npz,1.910038948059082,1.910038948059082,4.792442321777344,1
FakeVideo-FakeAudio/African/men/id00076/00109_id01691_wavtolip.npz,2.830819606781006,2.830819606781006,5.25317907333374,1
FakeVideo-FakeAudio/African/men/id00076/00109_id01920_wavtolip.npz,2.1309080123901367,2.1309080123901367,4.908539295196533,1
FakeVideo-FakeAudio/African/men/id00076/00109_id01995_YUR9wTypwIo_id01691_wavtolip.npz,3.0305373668670654,3.0305373668670654,5.228906631469727,1
FakeVideo-FakeAudio/African/men/id00076/00109_id02005_7_Egh9mW5y4_id01972_wavtolip.npz,1.9032526016235352,1.9032526016235352,4.404891014099121,1
FakeVideo-FakeAudio/African/men/id00076/00109_id02005_wavtolip.npz,2.1918725967407227,2.1918725967407227,4.721700668334961,1
FakeVideo-FakeAudio/African/men/id00076/00109_id02316_wavtolip.npz,1.279757022857666,1.279757022857666,4.44643497467041,1
FakeVideo-FakeAudio/African/men/id00076/00109_id02342_RJPBPhJB8TA_id00166_wavtolip.npz,1.4443680047988892,1.4443680047988892,4.756739139556885,1
FakeVideo-FakeAudio/African/men/id00076/00109_id04727_AAnyugIAXao_id00391_wavtolip.npz,-1.342096209526062,-1.342096209526062,5.362121105194092,1
FakeVideo-FakeAudio/African/men/id02268/00036_id00076_wavtolip.npz,-0.3173220157623291,-0.3173220157623291,5.079888820648193,1
FakeVideo-FakeAudio/African/men/id02268/00036_id00166_wavtolip.npz,2.511136770248413,2.511136770248413,4.791876316070557,1
FakeVideo-FakeAudio/African/men/id02268/00036_id00173_wavtolip.npz,2.598349094390869,2.598349094390869,4.900689125061035,1
FakeVideo-FakeAudio/African/men/id02268/00036_id00781_wavtolip.npz,1.6697946786880493,1.6697946786880493,4.088871479034424,1
FakeVideo-FakeAudio/African/men/id02268/00036_id01236_7WdumGR5-JM_id01597_wavtolip.npz,2.39679217338562,2.39679217338562,4.853764533996582,1
FakeVideo-FakeAudio/African/men/id02268/00036_id01521_jthjSmLdLOg_id01597_wavtolip.npz,2.182793378829956,2.182793378829956,4.834120750427246,1
FakeVideo-FakeAudio/African/men/id02268/00036_id01530_wavtolip.npz,2.415520191192627,2.415520191192627,4.567391872406006,1
FakeVideo-FakeAudio/African/men/id02268/00036_id01691_IVtS5z8Jrrk_id00944_wavtolip.npz,2.6100497245788574,2.6100497245788574,4.889265060424805,1
FakeVideo-FakeAudio/African/men/id02268/00036_id01717_wavtolip.npz,2.1339452266693115,2.1339452266693115,4.376597881317139,1
FakeVideo-FakeAudio/African/men/id02268/00036_id01835_UZbWA0QfXXA_id01856_wavtolip.npz,1.6511366367340088,1.6511366367340088,4.476110935211182,1
FakeVideo-FakeAudio/African/men/id02268/00036_id01856_6Q2f3b1QNRM_id01207_wavtolip.npz,1.780609369277954,1.780609369277954,4.614193916320801,1
FakeVideo-FakeAudio/African/men/id02268/00036_id01920_wavtolip.npz,2.81437349319458,2.81437349319458,4.9095611572265625,1
FakeVideo-FakeAudio/African/men/id02268/00036_id02040_wavtolip.npz,0.5416786670684814,0.5416786670684814,3.807361602783203,1
FakeVideo-FakeAudio/African/men/id02268/00036_id02268_wavtolip.npz,2.3738033771514893,2.3738033771514893,4.821427345275879,1
FakeVideo-FakeAudio/African/men/id02268/00036_id02296_IAgOrCuY8vU_id01598_wavtolip.npz,2.282069683074951,2.282069683074951,4.623306751251221,1
FakeVideo-FakeAudio/African/men/id02268/00036_id02316_wavtolip.npz,1.729081630706787,1.729081630706787,4.455045700073242,1
FakeVideo-FakeAudio/African/men/id02268/00036_id02494_lObg47hQleE_id00391_wavtolip.npz,-1.4477508068084717,-1.4477508068084717,5.1409382820129395,1
FakeVideo-FakeAudio/African/men/id01170/00021_id00166_wavtolip.npz,2.3516933917999268,2.3516933917999268,4.704891204833984,1
FakeVideo-FakeAudio/African/men/id01170/00021_id00391_TjJgUZaenWI_id01598_wavtolip.npz,2.483262062072754,2.483262062072754,4.637779235839844,1
FakeVideo-FakeAudio/African/men/id01170/00021_id00761_wavtolip.npz,2.8425331115722656,2.8425331115722656,4.76539945602417,1
FakeVideo-FakeAudio/African/men/id01170/00021_id00830_rfl3Teg9uew_id01170_wavtolip.npz,2.808570384979248,2.808570384979248,4.922676086425781,1
FakeVideo-FakeAudio/African/men/id01170/00021_id01076_wavtolip.npz,2.1682159900665283,2.1682159900665283,4.310459613800049,1
FakeVideo-FakeAudio/African/men/id01170/00021_id01170_wavtolip.npz,2.9018678665161133,2.9018678665161133,4.883772373199463,1
FakeVideo-FakeAudio/African/men/id01170/00021_id01171_XSINMRoTb0E_id02342_wavtolip.npz,2.4323689937591553,2.4323689937591553,4.689920902252197,1
FakeVideo-FakeAudio/African/men/id01170/00021_id01392_fF-g0KFJ7lg_id00478_wavtolip.npz,2.9385054111480713,2.9385054111480713,5.0454230308532715,1
FakeVideo-FakeAudio/African/men/id01170/00021_id01392_wavtolip.npz,2.6947832107543945,2.6947832107543945,4.858670234680176,1
FakeVideo-FakeAudio/African/men/id01170/00021_id01452_wavtolip.npz,0.7000116109848022,0.7000116109848022,4.3688740730285645,1
FakeVideo-FakeAudio/African/men/id01170/00021_id01544_wavtolip.npz,2.2337727546691895,2.2337727546691895,4.527786731719971,1
FakeVideo-FakeAudio/African/men/id01170/00021_id01597_52WEZxe4_GE_id01076_wavtolip.npz,2.197500467300415,2.197500467300415,4.3239922523498535,1
FakeVideo-FakeAudio/African/men/id01170/00021_id01610_l8zb_iaDJJA_id01856_wavtolip.npz,2.014864921569824,2.014864921569824,4.425925254821777,1
FakeVideo-FakeAudio/African/men/id01170/00021_id01691_wavtolip.npz,3.0263776779174805,3.0263776779174805,5.07106351852417,1
FakeVideo-FakeAudio/African/men/id01170/00021_id01779_wavtolip.npz,2.438753604888916,2.438753604888916,4.806056976318359,1
FakeVideo-FakeAudio/African/men/id01170/00021_id01920_wavtolip.npz,2.7451529502868652,2.7451529502868652,4.853702545166016,1
FakeVideo-FakeAudio/African/men/id01170/00021_id01933_I5XXxgK7QpE_faceswap_id00478_wavtolip.npz,1.482443928718567,1.482443928718567,4.986536026000977,1
FakeVideo-FakeAudio/African/men/id01170/00021_id01933_I5XXxgK7QpE_faceswap_id01597_wavtolip.npz,2.4855751991271973,2.4855751991271973,4.8540520668029785,1
FakeVideo-FakeAudio/African/men/id01170/00021_id01933_I5XXxgK7QpE_faceswap_id01637_wavtolip.npz,2.486361265182495,2.486361265182495,4.814560413360596,1
FakeVideo-FakeAudio/African/men/id01170/00021_id01933_I5XXxgK7QpE_faceswap_id01856_wavtolip.npz,2.1353507041931152,2.1353507041931152,4.457825660705566,1
FakeVideo-FakeAudio/African/men/id01170/00021_id01933_I5XXxgK7QpE_id00781_wavtolip.npz,1.2348990440368652,1.2348990440368652,4.115996360778809,1
FakeVideo-FakeAudio/African/men/id01170/00021_id04727_AAnyugIAXao_id01392_wavtolip.npz,2.5013415813446045,2.5013415813446045,4.88829231262207,1
FakeVideo-FakeAudio/African/men/id01637/00002_1_id01598_wavtolip.npz,2.6047070026397705,2.6047070026397705,4.549062252044678,1
FakeVideo-FakeAudio/African/men/id01637/00002_1_id01610_wavtolip.npz,2.1773910522460938,2.1773910522460938,4.485220909118652,1
FakeVideo-FakeAudio/African/men/id01637/00002_1_id01920_wavtolip.npz,2.5486998558044434,2.5486998558044434,4.525692462921143,1
FakeVideo-FakeAudio/African/men/id01637/00002_1_id02296_wavtolip.npz,-1.5527024269104004,-1.5527024269104004,4.4778733253479,1
FakeVideo-FakeAudio/African/men/id01637/00002_1_id02342_wavtolip.npz,-0.5155748128890991,-0.5155748128890991,4.488069534301758,1
FakeVideo-FakeAudio/African/men/id01637/00002_2_id00701_wavtolip.npz,2.722130537033081,2.722130537033081,4.722929000854492,1
FakeVideo-FakeAudio/African/men/id01637/00002_2_id00761_wavtolip.npz,2.6365256309509277,2.6365256309509277,4.766892910003662,1
FakeVideo-FakeAudio/African/men/id01637/00002_2_id00944_wavtolip.npz,1.2871360778808594,1.2871360778808594,4.715854644775391,1
FakeVideo-FakeAudio/African/men/id01637/00002_2_id01392_wavtolip.npz,2.2511661052703857,2.2511661052703857,4.7564215660095215,1
FakeVideo-FakeAudio/African/men/id01637/00002_2_id01452_wavtolip.npz,1.9154435396194458,1.9154435396194458,4.425976276397705,1
FakeVideo-FakeAudio/African/men/id01637/00002_id00076_wavtolip.npz,0.39635300636291504,0.39635300636291504,4.865755081176758,1
FakeVideo-FakeAudio/African/men/id01637/00002_id00166_PQV2ZbJBLNk_id04727_wavtolip.npz,2.4112648963928223,2.4112648963928223,4.51856803894043,1
FakeVideo-FakeAudio/African/men/id01637/00002_id00366_RSOgEoek8WM_id02268_wavtolip.npz,2.4652304649353027,2.4652304649353027,4.825403213500977,1
FakeVideo-FakeAudio/African/men/id01637/00002_id00391_wavtolip.npz,-1.407081961631775,-1.407081961631775,4.829025745391846,1
FakeVideo-FakeAudio/African/men/id01637/00002_id00761_wavtolip.npz,2.803288698196411,2.803288698196411,4.799386501312256,1
FakeVideo-FakeAudio/African/men/id01637/00002_id00944_DiW5D62667U_id01856_wavtolip.npz,2.0154385566711426,2.0154385566711426,4.540940284729004,1
FakeVideo-FakeAudio/African/men/id01637/00002_id01170_7eoTTk4xyNo_id01452_wavtolip.npz,2.4445862770080566,2.4445862770080566,4.4270830154418945,1
FakeVideo-FakeAudio/African/men/id01637/00002_id01170_wavtolip.npz,2.698969841003418,2.698969841003418,4.828249931335449,1
FakeVideo-FakeAudio/African/men/id01637/00002_id01171_wavtolip.npz,2.270026206970215,2.270026206970215,4.565151214599609,1
FakeVideo-FakeAudio/African/men/id01637/00002_id01236_wavtolip.npz,2.00404691696167,2.00404691696167,4.260463714599609,1
FakeVideo-FakeAudio/African/men/id01637/00002_id01392_wavtolip.npz,2.7667040824890137,2.7667040824890137,4.827940940856934,1
FakeVideo-FakeAudio/African/men/id01637/00002_id01610_l8zb_iaDJJA_id01236_wavtolip.npz,2.227355718612671,2.227355718612671,4.213889122009277,1
FakeVideo-FakeAudio/African/men/id01637/00002_id01691_wavtolip.npz,2.520662546157837,2.520662546157837,4.861537933349609,1
FakeVideo-FakeAudio/African/men/id01637/00002_id01920_w9C_knCPD94_id00076_wavtolip.npz,0.05539536476135254,0.05539536476135254,4.866264820098877,1
FakeVideo-FakeAudio/African/men/id01637/00002_id02005_7_Egh9mW5y4_id01392_wavtolip.npz,2.3861563205718994,2.3861563205718994,4.832117557525635,1
FakeVideo-FakeAudio/African/men/id01637/00002_id02051_wavtolip.npz,2.2237157821655273,2.2237157821655273,4.5053391456604,1
FakeVideo-FakeAudio/African/men/id01637/00002_id02316_wavtolip.npz,2.0410709381103516,2.0410709381103516,4.475574970245361,1
FakeVideo-FakeAudio/African/men/id01637/00002_id02494_lObg47hQleE_id01530_wavtolip.npz,2.4834485054016113,2.4834485054016113,4.562317371368408,1
FakeVideo-FakeAudio/African/men/id02051/00015_id00076_wavtolip.npz,-1.134220004081726,-1.134220004081726,4.58742094039917,1
FakeVideo-FakeAudio/African/men/id02051/00015_id00166_wavtolip.npz,1.8892202377319336,1.8892202377319336,4.552946090698242,1
FakeVideo-FakeAudio/African/men/id02051/00015_id00173_UHoMXLSjlDo_id01691_wavtolip.npz,2.508307456970215,2.508307456970215,4.595627784729004,1
FakeVideo-FakeAudio/African/men/id02051/00015_id00173_wavtolip.npz,-0.9202450513839722,-0.9202450513839722,4.540640830993652,1
FakeVideo-FakeAudio/African/men/id02051/00015_id00701_lW6uzLIOwd0_id01779_wavtolip.npz,2.4614315032958984,2.4614315032958984,4.540054798126221,1
FakeVideo-FakeAudio/African/men/id02051/00015_id00987_wavtolip.npz,0.10310113430023193,0.10310113430023193,4.5843610763549805,1
FakeVideo-FakeAudio/African/men/id02051/00015_id01236_wavtolip.npz,1.6891570091247559,1.6891570091247559,4.24830436706543,1
FakeVideo-FakeAudio/African/men/id02051/00015_id01521_jthjSmLdLOg_id00761_wavtolip.npz,2.37603759765625,2.37603759765625,4.576439380645752,1
FakeVideo-FakeAudio/African/men/id02051/00015_id01530_wavtolip.npz,-1.4128893613815308,-1.4128893613815308,4.5257768630981445,1
FakeVideo-FakeAudio/African/men/id02051/00015_id01610_l8zb_iaDJJA_id01717_wavtolip.npz,2.155639171600342,2.155639171600342,4.403070449829102,1
FakeVideo-FakeAudio/African/men/id02051/00015_id01691_wavtolip.npz,2.1232950687408447,2.1232950687408447,4.5827226638793945,1
FakeVideo-FakeAudio/African/men/id02051/00015_id01835_UZbWA0QfXXA_id00944_wavtolip.npz,1.864307165145874,1.864307165145874,4.566648483276367,1
FakeVideo-FakeAudio/African/men/id02051/00015_id01835_wavtolip.npz,1.7590205669403076,1.7590205669403076,4.595757961273193,1
FakeVideo-FakeAudio/African/men/id02051/00015_id01995_YUR9wTypwIo_id00476_wavtolip.npz,2.1537652015686035,2.1537652015686035,4.617919921875,1
FakeVideo-FakeAudio/African/men/id02051/00015_id02040_wl6EVkamZFQ_id00781_wavtolip.npz,1.714058518409729,1.714058518409729,4.088076591491699,1
FakeVideo-FakeAudio/African/men/id02051/00015_id02316_wavtolip.npz,1.7717458009719849,1.7717458009719849,4.449093818664551,1
FakeVideo-FakeAudio/African/men/id02051/00015_id02342_wavtolip.npz,-0.8369343280792236,-0.8369343280792236,4.506656169891357,1
FakeVideo-FakeAudio/African/men/id00366/00118_id00076_Isiq7cA-DNE_faceswap_id01170_wavtolip.npz,2.6926825046539307,2.6926825046539307,4.928378105163574,1
FakeVideo-FakeAudio/African/men/id00366/00118_id00076_Isiq7cA-DNE_faceswap_id01779_wavtolip.npz,2.521120309829712,2.521120309829712,4.878739833831787,1
FakeVideo-FakeAudio/African/men/id00366/00118_id00076_Isiq7cA-DNE_faceswap_id02316_wavtolip.npz,2.1414108276367188,2.1414108276367188,4.457813262939453,1
FakeVideo-FakeAudio/African/men/id00366/00118_id00076_Isiq7cA-DNE_faceswap_id02342_wavtolip.npz,2.4583935737609863,2.4583935737609863,4.717898845672607,1
FakeVideo-FakeAudio/African/men/id00366/00118_id00076_Isiq7cA-DNE_faceswap_id02494_wavtolip.npz,1.4881038665771484,1.4881038665771484,3.799903392791748,1
FakeVideo-FakeAudio/African/men/id00366/00118_id00076_Isiq7cA-DNE_id00944_wavtolip.npz,2.5929102897644043,2.5929102897644043,4.805408000946045,1
FakeVideo-FakeAudio/African/men/id00366/00118_id00476_UgdYVJ6xPYg_id00076_wavtolip.npz,2.8501319885253906,2.8501319885253906,5.267955780029297,1
FakeVideo-FakeAudio/African/men/id00366/00118_id00781_fvsSae9yc0A_id01597_wavtolip.npz,2.364509105682373,2.364509105682373,4.855714321136475,1
FakeVideo-FakeAudio/African/men/id00366/00118_id00781_wavtolip.npz,1.9784305095672607,1.9784305095672607,4.1145734786987305,1
FakeVideo-FakeAudio/African/men/id00366/00118_id01170_wavtolip.npz,2.5904436111450195,2.5904436111450195,4.934183597564697,1
FakeVideo-FakeAudio/African/men/id00366/00118_id01207_mt129WTRSII_id02316_wavtolip.npz,2.3092360496520996,2.3092360496520996,4.474698543548584,1
FakeVideo-FakeAudio/African/men/id00366/00118_id01236_wavtolip.npz,2.2666893005371094,2.2666893005371094,4.283862590789795,1
FakeVideo-FakeAudio/African/men/id00366/00118_id01528_wavtolip.npz,2.265305519104004,2.265305519104004,5.008386135101318,1
FakeVideo-FakeAudio/African/men/id00366/00118_id01544_uBo9585VW2A_id02342_wavtolip.npz,2.530327796936035,2.530327796936035,4.669280529022217,1
FakeVideo-FakeAudio/African/men/id00366/00118_id01598_wavtolip.npz,2.475038528442383,2.475038528442383,4.591363906860352,1
FakeVideo-FakeAudio/African/men/id00366/00118_id01637_5VjcPZm8knM_id01835_wavtolip.npz,2.237612724304199,2.237612724304199,5.140398025512695,1
FakeVideo-FakeAudio/African/men/id00366/00118_id01691_IVtS5z8Jrrk_id01597_wavtolip.npz,2.6767892837524414,2.6767892837524414,4.827212333679199,1
FakeVideo-FakeAudio/African/men/id00366/00118_id01717_JDW6p8yU13A_id01856_wavtolip.npz,2.0415091514587402,2.0415091514587402,4.448023319244385,1
FakeVideo-FakeAudio/African/men/id00366/00118_id01717_wavtolip.npz,2.144179105758667,2.144179105758667,4.3765411376953125,1
FakeVideo-FakeAudio/African/men/id00366/00118_id01835_wavtolip.npz,1.8269522190093994,1.8269522190093994,5.140734672546387,1
FakeVideo-FakeAudio/African/men/id00366/00118_id01856_wavtolip.npz,1.6113073825836182,1.6113073825836182,4.475525856018066,1
FakeVideo-FakeAudio/African/men/id00366/00118_id01920_w9C_knCPD94_id01170_wavtolip.npz,2.614409923553467,2.614409923553467,4.968869209289551,1
FakeVideo-FakeAudio/African/men/id00366/00118_id02005_7_Egh9mW5y4_id01544_wavtolip.npz,2.2878997325897217,2.2878997325897217,4.568160057067871,1
FakeVideo-FakeAudio/African/men/id00366/00118_id02005_wavtolip.npz,2.4861483573913574,2.4861483573913574,4.726922035217285,1
FakeVideo-FakeAudio/African/men/id00366/00118_id02268_wavtolip.npz,2.4900617599487305,2.4900617599487305,4.812749862670898,1
FakeVideo-FakeAudio/African/women/id00359/00053_id00460_wavtolip.npz,-1.000342845916748,-1.000342845916748,4.460817337036133,1
FakeVideo-FakeAudio/African/women/id00359/00053_id01178_wavtolip.npz,-1.1030943393707275,-1.1030943393707275,4.470686912536621,1
FakeVideo-FakeAudio/African/women/id00359/00053_id01838_q_lUk55OrL0_faceswap_id00568_wavtolip.npz,2.281822681427002,2.281822681427002,4.439465522766113,1
FakeVideo-FakeAudio/African/women/id00359/00053_id01838_q_lUk55OrL0_faceswap_id03658_wavtolip.npz,2.2376279830932617,2.2376279830932617,4.5032958984375,1
FakeVideo-FakeAudio/African/women/id00359/00053_id01838_q_lUk55OrL0_faceswap_id04736_wavtolip.npz,2.249560832977295,2.249560832977295,4.487009525299072,1
FakeVideo-FakeAudio/African/women/id00359/00053_id01838_q_lUk55OrL0_faceswap_id05106_wavtolip.npz,2.3748414516448975,2.3748414516448975,4.528093338012695,1
FakeVideo-FakeAudio/African/women/id00359/00053_id01838_q_lUk55OrL0_faceswap_id05252_wavtolip.npz,2.3817942142486572,2.3817942142486572,4.517233371734619,1
FakeVideo-FakeAudio/African/women/id00359/00053_id01838_wavtolip.npz,2.0701186656951904,2.0701186656951904,4.493445873260498,1
FakeVideo-FakeAudio/African/women/id00359/00053_id02071_cHuDh9F87vA_id02948_wavtolip.npz,2.4700465202331543,2.4700465202331543,4.522944450378418,1
FakeVideo-FakeAudio/African/women/id00359/00053_id02508_wavtolip.npz,1.608389139175415,1.608389139175415,4.438623905181885,1
FakeVideo-FakeAudio/African/women/id00359/00053_id02586_dEYzYDsbAeo_id01907_wavtolip.npz,2.3067281246185303,2.3067281246185303,4.4406938552856445,1
FakeVideo-FakeAudio/African/women/id00359/00053_id02721_wavtolip.npz,2.3530399799346924,2.3530399799346924,4.476241111755371,1
FakeVideo-FakeAudio/African/women/id00359/00053_id02838_kaCQlSGlLe8_id04689_wavtolip.npz,0.6137497425079346,0.6137497425079346,4.475927829742432,1
FakeVideo-FakeAudio/African/women/id00359/00053_id02948_wavtolip.npz,1.8411304950714111,1.8411304950714111,4.504972457885742,1
FakeVideo-FakeAudio/African/women/id00359/00053_id04376_wavtolip.npz,2.354966640472412,2.354966640472412,4.475852966308594,1
FakeVideo-FakeAudio/African/women/id00359/00053_id04437_wavtolip.npz,2.194230318069458,2.194230318069458,4.481627464294434,1
FakeVideo-FakeAudio/African/women/id00359/00053_id04547_3Qy2g2M47Aw_id03747_wavtolip.npz,0.23877358436584473,0.23877358436584473,4.496435165405273,1
FakeVideo-FakeAudio/African/women/id00359/00053_id04736_wavtolip.npz,2.347919225692749,2.347919225692749,4.452561378479004,1
FakeVideo-FakeAudio/African/women/id00359/00053_id04820_64ybrA1atlM_id00577_wavtolip.npz,0.4724140167236328,0.4724140167236328,4.478081226348877,1
FakeVideo-FakeAudio/African/women/id00359/00053_id05106_ZnnDdjlABM4_id03569_wavtolip.npz,2.485059976577759,2.485059976577759,4.388978958129883,1
FakeVideo-FakeAudio/African/women/id00359/00053_id05980_bbg4HtuM_jo_id00829_wavtolip.npz,2.3608555793762207,2.3608555793762207,4.439715385437012,1
FakeVideo-FakeAudio/African/women/id00359/00053_id05980_wavtolip.npz,2.128812313079834,2.128812313079834,4.5051751136779785,1
FakeVideo-FakeAudio/African/women/id01907/00148_id00220_WlHLlTQKj8g_id00359_wavtolip.npz,2.127580165863037,2.127580165863037,4.20267391204834,1
FakeVideo-FakeAudio/African/women/id01907/00148_id00371_t20i0HtPwW0_id00832_wavtolip.npz,2.57452392578125,2.57452392578125,4.529735565185547,1
FakeVideo-FakeAudio/African/women/id01907/00148_id00829_aMEvVaUBq2Y_id00592_wavtolip.npz,2.6820614337921143,2.6820614337921143,4.712703704833984,1
FakeVideo-FakeAudio/African/women/id01907/00148_id00832_Jr4-dXRChME_id00577_wavtolip.npz,2.6655538082122803,2.6655538082122803,4.660731315612793,1
FakeVideo-FakeAudio/African/women/id01907/00148_id01532_XnlWp_s_f7Q_id02301_wavtolip.npz,2.1324000358581543,2.1324000358581543,4.3800458908081055,1
FakeVideo-FakeAudio/African/women/id01907/00148_id01838_wavtolip.npz,2.063547372817993,2.063547372817993,4.679758548736572,1
FakeVideo-FakeAudio/African/women/id01907/00148_id02586_wavtolip.npz,2.2153823375701904,2.2153823375701904,4.460577011108398,1
FakeVideo-FakeAudio/African/women/id01907/00148_id03569_wavtolip.npz,1.856449842453003,1.856449842453003,4.373696327209473,1
FakeVideo-FakeAudio/African/women/id01907/00148_id03747_wavtolip.npz,-0.755428671836853,-0.755428671836853,4.687623023986816,1
FakeVideo-FakeAudio/African/women/id01907/00148_id04055_wavtolip.npz,1.7191011905670166,1.7191011905670166,4.3190460205078125,1
FakeVideo-FakeAudio/African/women/id01907/00148_id04705_wavtolip.npz,1.4243193864822388,1.4243193864822388,4.695089817047119,1
FakeVideo-FakeAudio/African/women/id01907/00148_id04705_ziJ9JsYr4R0_id01838_wavtolip.npz,2.23193097114563,2.23193097114563,4.706247806549072,1
FakeVideo-FakeAudio/African/women/id01907/00148_id04736_wavtolip.npz,-1.242349624633789,-1.242349624633789,4.697221755981445,1
FakeVideo-FakeAudio/African/women/id01907/00148_id04820_wavtolip.npz,2.287698984146118,2.287698984146118,4.62698221206665,1
FakeVideo-FakeAudio/African/women/id01907/00148_id04939_wavtolip.npz,2.5423953533172607,2.5423953533172607,4.410024642944336,1
FakeVideo-FakeAudio/African/women/id01907/00148_id05235_ASy8lP3SRtw_faceswap_id00371_wavtolip.npz,1.9242522716522217,1.9242522716522217,4.723235607147217,1
FakeVideo-FakeAudio/African/women/id01907/00148_id05235_ASy8lP3SRtw_faceswap_id03656_wavtolip.npz,1.1924781799316406,1.1924781799316406,4.684813022613525,1
FakeVideo-FakeAudio/African/women/id01907/00148_id05235_ASy8lP3SRtw_faceswap_id04437_wavtolip.npz,1.7047754526138306,1.7047754526138306,4.594716548919678,1
FakeVideo-FakeAudio/African/women/id01907/00148_id05235_ASy8lP3SRtw_faceswap_id05251_wavtolip.npz,1.992997646331787,1.992997646331787,4.364908695220947,1
FakeVideo-FakeAudio/African/women/id01907/00148_id05235_ASy8lP3SRtw_faceswap_id05252_wavtolip.npz,2.461811065673828,2.461811065673828,4.610678195953369,1
FakeVideo-FakeAudio/African/women/id01907/00148_id05235_ASy8lP3SRtw_id02838_wavtolip.npz,-1.5034421682357788,-1.5034421682357788,4.6996636390686035,1
FakeVideo-FakeAudio/African/women/id01907/00148_id05252_CMxIX3absYM_id00832_wavtolip.npz,2.3640007972717285,2.3640007972717285,4.520982265472412,1
FakeVideo-FakeAudio/African/women/id01661/00059_id00371_t20i0HtPwW0_id05980_wavtolip.npz,2.6008658409118652,2.6008658409118652,4.595707416534424,1
FakeVideo-FakeAudio/African/women/id01661/00059_id00371_wavtolip.npz,2.2768735885620117,2.2768735885620117,4.5133185386657715,1
FakeVideo-FakeAudio/African/women/id01661/00059_id00577_wavtolip.npz,2.5953404903411865,2.5953404903411865,4.5281805992126465,1
FakeVideo-FakeAudio/African/women/id01661/00059_id00592_wavtolip.npz,-0.8745453357696533,-0.8745453357696533,4.557234287261963,1
FakeVideo-FakeAudio/African/women/id01661/00059_id00832_wavtolip.npz,2.3488311767578125,2.3488311767578125,4.416966438293457,1
FakeVideo-FakeAudio/African/women/id01661/00059_id01178_wavtolip.npz,-1.4959704875946045,-1.4959704875946045,4.456818580627441,1
FakeVideo-FakeAudio/African/women/id01661/00059_id01661_wavtolip.npz,2.417299270629883,2.417299270629883,4.479922771453857,1
FakeVideo-FakeAudio/African/women/id01661/00059_id01783_WBUM0bHzWNA_id04376_wavtolip.npz,2.582707166671753,2.582707166671753,4.538130760192871,1
FakeVideo-FakeAudio/African/women/id01661/00059_id01838_wavtolip.npz,2.535219669342041,2.535219669342041,4.543556213378906,1
FakeVideo-FakeAudio/African/women/id01661/00059_id01907_LBcRkuRq0uY_id02808_wavtolip.npz,-1.3529067039489746,-1.3529067039489746,4.5174713134765625,1
FakeVideo-FakeAudio/African/women/id01661/00059_id02071_wavtolip.npz,1.1929969787597656,1.1929969787597656,3.5073752403259277,1
FakeVideo-FakeAudio/African/women/id01661/00059_id02508_wavtolip.npz,2.22001051902771,2.22001051902771,4.503162384033203,1
FakeVideo-FakeAudio/African/women/id01661/00059_id02586_wavtolip.npz,2.4103448390960693,2.4103448390960693,4.409839630126953,1
FakeVideo-FakeAudio/African/women/id01661/00059_id03656_wavtolip.npz,1.7264422178268433,1.7264422178268433,4.499532222747803,1
FakeVideo-FakeAudio/African/women/id01661/00059_id03713_wavtolip.npz,2.331777811050415,2.331777811050415,4.299213886260986,1
FakeVideo-FakeAudio/African/women/id01661/00059_id04055_0qrzF4HLXHY_id04055_wavtolip.npz,1.7811493873596191,1.7811493873596191,4.2964324951171875,1
FakeVideo-FakeAudio/African/women/id01661/00059_id04055_wavtolip.npz,1.9273263216018677,1.9273263216018677,4.3069939613342285,1
FakeVideo-FakeAudio/African/women/id01661/00059_id04939_i4v2cXo9HIQ_id02071_wavtolip.npz,1.3495920896530151,1.3495920896530151,3.5097146034240723,1
FakeVideo-FakeAudio/African/women/id01661/00059_id05252_CMxIX3absYM_id00592_wavtolip.npz,-0.9828507304191589,-0.9828507304191589,4.5610246658325195,1
FakeVideo-FakeAudio/African/women/id03747/00273_id00220_WlHLlTQKj8g_id05251_wavtolip.npz,2.196502208709717,2.196502208709717,4.32304573059082,1
FakeVideo-FakeAudio/African/women/id03747/00273_id00220_wavtolip.npz,2.220799207687378,2.220799207687378,4.268165588378906,1
FakeVideo-FakeAudio/African/women/id03747/00273_id00359_RZMQan-7me4_id00592_wavtolip.npz,1.3784089088439941,1.3784089088439941,4.774554252624512,1
FakeVideo-FakeAudio/African/women/id03747/00273_id00577_wavtolip.npz,2.453442096710205,2.453442096710205,4.729005813598633,1
FakeVideo-FakeAudio/African/women/id03747/00273_id00707_wavtolip.npz,2.0352180004119873,2.0352180004119873,4.304943561553955,1
FakeVideo-FakeAudio/African/women/id03747/00273_id01907_wavtolip.npz,-1.4805643558502197,-1.4805643558502197,4.69000244140625,1
FakeVideo-FakeAudio/African/women/id03747/00273_id02071_cHuDh9F87vA_id02071_wavtolip.npz,-0.15390872955322266,-0.15390872955322266,3.500589609146118,1
FakeVideo-FakeAudio/African/women/id03747/00273_id02617_wavtolip.npz,2.4584882259368896,2.4584882259368896,4.712522983551025,1
FakeVideo-FakeAudio/African/women/id03747/00273_id02808_wavtolip.npz,2.9499526023864746,2.9499526023864746,5.151261329650879,1
FakeVideo-FakeAudio/African/women/id03747/00273_id02824_glBy_mYcXZw_faceswap_id01661_wavtolip.npz,2.4407732486724854,2.4407732486724854,4.449605941772461,1
FakeVideo-FakeAudio/African/women/id03747/00273_id02824_glBy_mYcXZw_faceswap_id04055_wavtolip.npz,1.986664056777954,1.986664056777954,4.253377914428711,1
FakeVideo-FakeAudio/African/women/id03747/00273_id02824_glBy_mYcXZw_faceswap_id04374_wavtolip.npz,1.1359301805496216,1.1359301805496216,3.224442720413208,1
FakeVideo-FakeAudio/African/women/id03747/00273_id02824_glBy_mYcXZw_faceswap_id04547_wavtolip.npz,1.7974051237106323,1.7974051237106323,4.157999038696289,1
FakeVideo-FakeAudio/African/women/id03747/00273_id02824_glBy_mYcXZw_faceswap_id05235_wavtolip.npz,2.617806911468506,2.617806911468506,4.630026340484619,1
FakeVideo-FakeAudio/African/women/id03747/00273_id02824_glBy_mYcXZw_id00592_wavtolip.npz,1.2432606220245361,1.2432606220245361,4.74205207824707,1
FakeVideo-FakeAudio/African/women/id03747/00273_id02838_wavtolip.npz,2.643529176712036,2.643529176712036,5.038822650909424,1
FakeVideo-FakeAudio/African/women/id03747/00273_id03569_wavtolip.npz,2.0577659606933594,2.0577659606933594,4.4361724853515625,1
FakeVideo-FakeAudio/African/women/id03747/00273_id04374_SWltOOZmlWM_id05252_wavtolip.npz,2.47963285446167,2.47963285446167,4.609823703765869,1
FakeVideo-FakeAudio/African/women/id03747/00273_id04689_0YqK1ksKjLg_id00359_wavtolip.npz,1.6814481019973755,1.6814481019973755,4.268458843231201,1
FakeVideo-FakeAudio/African/women/id03747/00273_id05231_wavtolip.npz,2.227933883666992,2.227933883666992,4.543483257293701,1
FakeVideo-FakeAudio/African/women/id03747/00273_id05231_wfbM5puT6eQ_id02948_wavtolip.npz,0.2702435255050659,0.2702435255050659,4.481903076171875,1
FakeVideo-FakeAudio/African/women/id03747/00273_id05235_ASy8lP3SRtw_id05251_wavtolip.npz,2.0409533977508545,2.0409533977508545,4.350890636444092,1
FakeVideo-FakeAudio/African/women/id03747/00273_id05235_wavtolip.npz,2.632662773132324,2.632662773132324,4.634658336639404,1
FakeVideo-FakeAudio/African/women/id03713/00249_id00371_t20i0HtPwW0_id04689_wavtolip.npz,2.386354446411133,2.386354446411133,4.570793151855469,1
FakeVideo-FakeAudio/African/women/id03713/00249_id00371_wavtolip.npz,0.6513727903366089,0.6513727903366089,4.582461357116699,1
FakeVideo-FakeAudio/African/women/id03713/00249_id00577_wavtolip.npz,1.597834825515747,1.597834825515747,4.56234073638916,1
FakeVideo-FakeAudio/African/women/id03713/00249_id01532_XnlWp_s_f7Q_id05106_wavtolip.npz,1.6541134119033813,1.6541134119033813,4.565434455871582,1
FakeVideo-FakeAudio/African/women/id03713/00249_id01661_wavtolip.npz,2.0767784118652344,2.0767784118652344,4.4857330322265625,1
FakeVideo-FakeAudio/African/women/id03713/00249_id01783_wavtolip.npz,-0.35205256938934326,-0.35205256938934326,4.517395496368408,1
FakeVideo-FakeAudio/African/women/id03713/00249_id02508_wavtolip.npz,0.10021030902862549,0.10021030902862549,4.555074214935303,1
FakeVideo-FakeAudio/African/women/id03713/00249_id02586_wavtolip.npz,2.3218131065368652,2.3218131065368652,4.4342803955078125,1
FakeVideo-FakeAudio/African/women/id03713/00249_id02617_4EZjRXC4fLk_faceswap_id00220_wavtolip.npz,2.3300845623016357,2.3300845623016357,4.273385524749756,1
FakeVideo-FakeAudio/African/women/id03713/00249_id02617_4EZjRXC4fLk_faceswap_id00832_wavtolip.npz,2.020998477935791,2.020998477935791,4.508053779602051,1
FakeVideo-FakeAudio/African/women/id03713/00249_id02617_4EZjRXC4fLk_faceswap_id01178_wavtolip.npz,-0.5640676021575928,-0.5640676021575928,4.543462753295898,1
FakeVideo-FakeAudio/African/women/id03713/00249_id02617_4EZjRXC4fLk_faceswap_id01532_wavtolip.npz,2.1627166271209717,2.1627166271209717,4.519697189331055,1
FakeVideo-FakeAudio/African/women/id03713/00249_id02617_4EZjRXC4fLk_faceswap_id04245_wavtolip.npz,2.3932383060455322,2.3932383060455322,4.575044631958008,1
FakeVideo-FakeAudio/African/women/id03713/00249_id02721_wavtolip.npz,2.178331136703491,2.178331136703491,4.551959991455078,1
FakeVideo-FakeAudio/African/women/id03713/00249_id02824_glBy_mYcXZw_id04437_wavtolip.npz,2.3187718391418457,2.3187718391418457,4.5566935539245605,1
FakeVideo-FakeAudio/African/women/id03713/00249_id03103_wiCYm3THQPw_id04820_wavtolip.npz,1.095168113708496,1.095168113708496,4.546627521514893,1
FakeVideo-FakeAudio/African/women/id03713/00249_id03658_8Wtu9VXKqjY_id05235_wavtolip.npz,2.3503835201263428,2.3503835201263428,4.577579021453857,1
FakeVideo-FakeAudio/African/women/id03713/00249_id04736__D2k4fMhEfQ_id00829_wavtolip.npz,2.4751508235931396,2.4751508235931396,4.5558247566223145,1
FakeVideo-FakeAudio/African/women/id03713/00249_id04736_wavtolip.npz,-1.5827034711837769,-1.5827034711837769,4.555968284606934,1
FakeVideo-FakeAudio/African/women/id02721/00424_id00359_wavtolip.npz,1.2705215215682983,1.2705215215682983,4.186020374298096,1
FakeVideo-FakeAudio/African/women/id02721/00424_id00371_t20i0HtPwW0_id04939_wavtolip.npz,1.7548730373382568,1.7548730373382568,4.402419090270996,1
FakeVideo-FakeAudio/African/women/id02721/00424_id00568_gakhcJXnJZ8_id04939_wavtolip.npz,1.5212681293487549,1.5212681293487549,4.400035858154297,1
FakeVideo-FakeAudio/African/women/id02721/00424_id00707_wavtolip.npz,1.8451870679855347,1.8451870679855347,4.3167805671691895,1
FakeVideo-FakeAudio/African/women/id02721/00424_id01178_wavtolip.npz,2.0111656188964844,2.0111656188964844,4.634652137756348,1
FakeVideo-FakeAudio/African/women/id02721/00424_id01661_wavtolip.npz,2.1248552799224854,2.1248552799224854,4.534211158752441,1
FakeVideo-FakeAudio/African/women/id02721/00424_id01783_wavtolip.npz,-0.16480517387390137,-0.16480517387390137,4.743947982788086,1
FakeVideo-FakeAudio/African/women/id02721/00424_id02071_wavtolip.npz,0.7734194993972778,0.7734194993972778,3.532331705093384,1
FakeVideo-FakeAudio/African/women/id02721/00424_id02586_dEYzYDsbAeo_id04939_wavtolip.npz,1.649771809577942,1.649771809577942,4.408506393432617,1
FakeVideo-FakeAudio/African/women/id02721/00424_id02617_wavtolip.npz,2.7351837158203125,2.7351837158203125,4.80169677734375,1
FakeVideo-FakeAudio/African/women/id02721/00424_id02721_wavtolip.npz,0.20634210109710693,0.20634210109710693,4.747919082641602,1
FakeVideo-FakeAudio/African/women/id02721/00424_id02808_nZtvxh6Eesc_id00371_wavtolip.npz,2.0728659629821777,2.0728659629821777,4.707353115081787,1
FakeVideo-FakeAudio/African/women/id02721/00424_id02824_wavtolip.npz,1.3952568769454956,1.3952568769454956,4.610863208770752,1
FakeVideo-FakeAudio/African/women/id02721/00424_id02948__ZEDGNWjuFE_id05235_wavtolip.npz,2.3370087146759033,2.3370087146759033,4.70101261138916,1
FakeVideo-FakeAudio/African/women/id02721/00424_id03658_8Wtu9VXKqjY_faceswap_id00371_wavtolip.npz,1.9246106147766113,1.9246106147766113,4.687248229980469,1
FakeVideo-FakeAudio/African/women/id02721/00424_id03658_8Wtu9VXKqjY_faceswap_id02824_wavtolip.npz,2.700167179107666,2.700167179107666,4.601363182067871,1
FakeVideo-FakeAudio/African/women/id02721/00424_id03658_8Wtu9VXKqjY_faceswap_id02838_wavtolip.npz,-1.500680923461914,-1.500680923461914,4.736591339111328,1
FakeVideo-FakeAudio/African/women/id02721/00424_id03658_8Wtu9VXKqjY_faceswap_id02948_wavtolip.npz,1.2990655899047852,1.2990655899047852,4.486168384552002,1
FakeVideo-FakeAudio/African/women/id02721/00424_id03658_8Wtu9VXKqjY_faceswap_id04820_wavtolip.npz,2.095752477645874,2.095752477645874,4.632597923278809,1
FakeVideo-FakeAudio/African/women/id02721/00424_id03658_8Wtu9VXKqjY_id02808_wavtolip.npz,-1.0374352931976318,-1.0374352931976318,4.783183574676514,1
FakeVideo-FakeAudio/African/women/id02721/00424_id03658_wavtolip.npz,2.7559499740600586,2.7559499740600586,4.79018497467041,1
FakeVideo-FakeAudio/African/women/id02721/00424_id04705_ziJ9JsYr4R0_id05980_wavtolip.npz,2.632615566253662,2.632615566253662,4.8417205810546875,1
FakeVideo-FakeAudio/African/women/id02721/00424_id05231_wfbM5puT6eQ_id00568_wavtolip.npz,2.18155574798584,2.18155574798584,4.775497913360596,1
FakeVideo-FakeAudio/African/women/id04547/00052_2_id00832_wavtolip.npz,2.433617353439331,2.433617353439331,4.505479335784912,1
FakeVideo-FakeAudio/African/women/id04547/00052_2_id02617_wavtolip.npz,2.644315719604492,2.644315719604492,4.731817722320557,1
FakeVideo-FakeAudio/African/women/id04547/00052_2_id02808_wavtolip.npz,-1.4781359434127808,-1.4781359434127808,5.036883354187012,1
FakeVideo-FakeAudio/African/women/id04547/00052_2_id02824_wavtolip.npz,1.3829665184020996,1.3829665184020996,4.613384246826172,1
FakeVideo-FakeAudio/African/women/id04547/00052_2_id05251_wavtolip.npz,0.587548017501831,0.587548017501831,4.34115743637085,1
FakeVideo-FakeAudio/African/women/id04547/00052_id00568_wavtolip.npz,2.1791088581085205,2.1791088581085205,4.724496841430664,1
FakeVideo-FakeAudio/African/women/id04547/00052_id00829_aMEvVaUBq2Y_id04540_wavtolip.npz,2.1435420513153076,2.1435420513153076,4.133725643157959,1
FakeVideo-FakeAudio/African/women/id04547/00052_id00832_wavtolip.npz,2.3455986976623535,2.3455986976623535,4.529210567474365,1
FakeVideo-FakeAudio/African/women/id04547/00052_id01532_wavtolip.npz,2.8802170753479004,2.8802170753479004,4.733895778656006,1
FakeVideo-FakeAudio/African/women/id04547/00052_id01783_wavtolip.npz,0.012891173362731934,0.012891173362731934,4.703275203704834,1
FakeVideo-FakeAudio/African/women/id04547/00052_id02586_dEYzYDsbAeo_id02586_wavtolip.npz,1.7726644277572632,1.7726644277572632,4.459562301635742,1
FakeVideo-FakeAudio/African/women/id04547/00052_id02721_wavtolip.npz,2.4696624279022217,2.4696624279022217,4.748093605041504,1
FakeVideo-FakeAudio/African/women/id04547/00052_id03103_wiCYm3THQPw_id00460_wavtolip.npz,-1.148726463317871,-1.148726463317871,4.795319080352783,1
FakeVideo-FakeAudio/African/women/id04547/00052_id03656_draVIyyqLtk_id02808_wavtolip.npz,-1.4030795097351074,-1.4030795097351074,4.783474445343018,1
FakeVideo-FakeAudio/African/women/id04547/00052_id03713_wavtolip.npz,2.2488722801208496,2.2488722801208496,4.353353977203369,1
FakeVideo-FakeAudio/African/women/id04547/00052_id04374_SWltOOZmlWM_id04939_wavtolip.npz,2.3649282455444336,2.3649282455444336,4.390978813171387,1
FakeVideo-FakeAudio/African/women/id04547/00052_id04540_9KNIjew03AQ_id01661_wavtolip.npz,2.422250747680664,2.422250747680664,4.533913612365723,1
FakeVideo-FakeAudio/African/women/id04547/00052_id04540_wavtolip.npz,2.0394821166992188,2.0394821166992188,4.128004550933838,1
FakeVideo-FakeAudio/African/women/id04547/00052_id04689_wavtolip.npz,2.7740588188171387,2.7740588188171387,4.723654270172119,1
FakeVideo-FakeAudio/African/women/id00220/00027_id00220_wavtolip.npz,2.002715587615967,2.002715587615967,4.315673351287842,1
FakeVideo-FakeAudio/African/women/id00220/00027_id00707_wavtolip.npz,1.4397625923156738,1.4397625923156738,4.3410844802856445,1
FakeVideo-FakeAudio/African/women/id00220/00027_id01178_6XpgYMiKxhc_id05235_wavtolip.npz,2.4558591842651367,2.4558591842651367,4.558104038238525,1
FakeVideo-FakeAudio/African/women/id00220/00027_id01907_LBcRkuRq0uY_id04705_wavtolip.npz,0.06059443950653076,0.06059443950653076,4.4847187995910645,1
FakeVideo-FakeAudio/African/women/id00220/00027_id02586_wavtolip.npz,2.5084309577941895,2.5084309577941895,4.441429615020752,1
FakeVideo-FakeAudio/African/women/id00220/00027_id02617_wavtolip.npz,2.4458136558532715,2.4458136558532715,4.503923416137695,1
FakeVideo-FakeAudio/African/women/id00220/00027_id02824_glBy_mYcXZw_id04437_wavtolip.npz,1.9772865772247314,1.9772865772247314,4.563503265380859,1
FakeVideo-FakeAudio/African/women/id00220/00027_id02838_wavtolip.npz,-0.7581222057342529,-0.7581222057342529,4.509098529815674,1
FakeVideo-FakeAudio/African/women/id00220/00027_id02948_wavtolip.npz,0.3460911512374878,0.3460911512374878,4.546154022216797,1
FakeVideo-FakeAudio/African/women/id00220/00027_id03569_YO0EpPm9p-8_id04376_wavtolip.npz,2.137376546859741,2.137376546859741,4.593369007110596,1
FakeVideo-FakeAudio/African/women/id00220/00027_id03569_wavtolip.npz,1.9038112163543701,1.9038112163543701,4.394831657409668,1
FakeVideo-FakeAudio/African/women/id00220/00027_id03658_wavtolip.npz,2.3290672302246094,2.3290672302246094,4.585177898406982,1
FakeVideo-FakeAudio/African/women/id00220/00027_id04376_wavtolip.npz,1.932094693183899,1.932094693183899,4.528975486755371,1
FakeVideo-FakeAudio/African/women/id00220/00027_id04939_i4v2cXo9HIQ_id00707_wavtolip.npz,1.3847159147262573,1.3847159147262573,4.321655750274658,1
FakeVideo-FakeAudio/African/women/id00220/00027_id05251_wavtolip.npz,1.7316386699676514,1.7316386699676514,4.383620262145996,1
FakeVideo-FakeAudio/African/women/id00220/00027_id05252_wavtolip.npz,1.6925878524780273,1.6925878524780273,4.589578151702881,1
FakeVideo-FakeAudio/African/women/id04820/00015_id00220_wavtolip.npz,2.3548126220703125,2.3548126220703125,4.286150932312012,1
FakeVideo-FakeAudio/African/women/id04820/00015_id00359_wavtolip.npz,1.9697504043579102,1.9697504043579102,4.22279167175293,1
FakeVideo-FakeAudio/African/women/id04820/00015_id01178_wavtolip.npz,2.291867256164551,2.291867256164551,4.6309428215026855,1
FakeVideo-FakeAudio/African/women/id04820/00015_id01783_wavtolip.npz,1.678635835647583,1.678635835647583,4.6348748207092285,1
FakeVideo-FakeAudio/African/women/id04820/00015_id02617_wavtolip.npz,2.346609115600586,2.346609115600586,4.678031921386719,1
FakeVideo-FakeAudio/African/women/id04820/00015_id02824_wavtolip.npz,1.4894604682922363,1.4894604682922363,4.583014011383057,1
FakeVideo-FakeAudio/African/women/id04820/00015_id02948__ZEDGNWjuFE_faceswap_id00568_wavtolip.npz,1.6306008100509644,1.6306008100509644,4.581144332885742,1
FakeVideo-FakeAudio/African/women/id04820/00015_id02948__ZEDGNWjuFE_faceswap_id01783_wavtolip.npz,1.925891637802124,1.925891637802124,4.626384735107422,1
FakeVideo-FakeAudio/African/women/id04820/00015_id02948__ZEDGNWjuFE_faceswap_id02721_wavtolip.npz,1.9234718084335327,1.9234718084335327,4.645773410797119,1
FakeVideo-FakeAudio/African/women/id04820/00015_id02948__ZEDGNWjuFE_faceswap_id04376_wavtolip.npz,2.153843879699707,2.153843879699707,4.615714073181152,1
FakeVideo-FakeAudio/African/women/id04820/00015_id02948__ZEDGNWjuFE_faceswap_id04689_wavtolip.npz,2.2130703926086426,2.2130703926086426,4.605551719665527,1
FakeVideo-FakeAudio/African/women/id04820/00015_id02948__ZEDGNWjuFE_id04939_wavtolip.npz,1.8747169971466064,1.8747169971466064,4.403275966644287,1
FakeVideo-FakeAudio/African/women/id04820/00015_id03747_wavtolip.npz,-0.3995370864868164,-0.3995370864868164,4.624758720397949,1
FakeVideo-FakeAudio/African/women/id04820/00015_id04055_wavtolip.npz,1.5375938415527344,1.5375938415527344,4.303897380828857,1
FakeVideo-FakeAudio/African/women/id04820/00015_id05106_wavtolip.npz,2.0626983642578125,2.0626983642578125,4.528014183044434,1
FakeVideo-FakeAudio/African/women/id04736/00083_id00359_wavtolip.npz,2.0842370986938477,2.0842370986938477,4.215435981750488,1
FakeVideo-FakeAudio/African/women/id04736/00083_id01661_wavtolip.npz,2.415370464324951,2.415370464324951,4.486035346984863,1
FakeVideo-FakeAudio/African/women/id04736/00083_id02071_wavtolip.npz,1.2414422035217285,1.2414422035217285,3.50797176361084,1
FakeVideo-FakeAudio/African/women/id04736/00083_id02508_wavtolip.npz,-1.3997530937194824,-1.3997530937194824,4.8596510887146,1
FakeVideo-FakeAudio/African/women/id04736/00083_id04055_wavtolip.npz,1.8867615461349487,1.8867615461349487,4.328563213348389,1
FakeVideo-FakeAudio/African/women/id04736/00083_id04689_wavtolip.npz,2.388275623321533,2.388275623321533,4.787289619445801,1
FakeVideo-FakeAudio/African/women/id04736/00083_id05235_ASy8lP3SRtw_faceswap_id00592_wavtolip.npz,1.3981629610061646,1.3981629610061646,4.675477504730225,1
FakeVideo-FakeAudio/African/women/id04736/00083_id05235_ASy8lP3SRtw_faceswap_id01907_wavtolip.npz,-1.2199339866638184,-1.2199339866638184,4.644687652587891,1
FakeVideo-FakeAudio/African/women/id04736/00083_id05235_ASy8lP3SRtw_faceswap_id02721_wavtolip.npz,2.5326457023620605,2.5326457023620605,4.795872211456299,1
FakeVideo-FakeAudio/African/women/id04736/00083_id05235_ASy8lP3SRtw_faceswap_id04245_wavtolip.npz,2.51515793800354,2.51515793800354,4.867596626281738,1
FakeVideo-FakeAudio/African/women/id04736/00083_id05235_ASy8lP3SRtw_id05231_wavtolip.npz,1.2356669902801514,1.2356669902801514,4.503751754760742,1
FakeVideo-FakeAudio/African/women/id04736/00083_id05251_wavtolip.npz,2.233323574066162,2.233323574066162,4.349511623382568,1
FakeVideo-FakeAudio/African/women/id04736/00083_id05252_wavtolip.npz,2.525036334991455,2.525036334991455,4.571291446685791,1
FakeVideo-FakeAudio/African/women/id04376/00181_id00220_WlHLlTQKj8g_id04547_wavtolip.npz,1.565130352973938,1.565130352973938,4.166170597076416,1
FakeVideo-FakeAudio/African/women/id04376/00181_id00220_wavtolip.npz,2.3729395866394043,2.3729395866394043,4.258822441101074,1
FakeVideo-FakeAudio/African/women/id04376/00181_id00829_aMEvVaUBq2Y_id02948_wavtolip.npz,0.3942302465438843,0.3942302465438843,4.492635250091553,1
FakeVideo-FakeAudio/African/women/id04376/00181_id00829_wavtolip.npz,1.4457459449768066,1.4457459449768066,4.678236484527588,1
FakeVideo-FakeAudio/African/women/id04376/00181_id01661_wavtolip.npz,1.942391276359558,1.942391276359558,4.498197078704834,1
FakeVideo-FakeAudio/African/women/id04376/00181_id01783_wavtolip.npz,1.4876527786254883,1.4876527786254883,4.657829761505127,1
FakeVideo-FakeAudio/African/women/id04376/00181_id02301_wavtolip.npz,2.0713930130004883,2.0713930130004883,4.378579139709473,1
FakeVideo-FakeAudio/African/women/id04376/00181_id02508_wavtolip.npz,-1.107358694076538,-1.107358694076538,4.652120590209961,1
FakeVideo-FakeAudio/African/women/id04376/00181_id02586_dEYzYDsbAeo_id05106_wavtolip.npz,1.7448527812957764,1.7448527812957764,4.515384197235107,1
FakeVideo-FakeAudio/African/women/id04376/00181_id02838_kaCQlSGlLe8_id05231_wavtolip.npz,1.5973626375198364,1.5973626375198364,4.527320861816406,1
FakeVideo-FakeAudio/African/women/id04376/00181_id03656_wavtolip.npz,-1.4957282543182373,-1.4957282543182373,4.71941614151001,1
FakeVideo-FakeAudio/African/women/id04376/00181_id03658_8Wtu9VXKqjY_id02586_wavtolip.npz,1.5713858604431152,1.5713858604431152,4.439457893371582,1
FakeVideo-FakeAudio/African/women/id04376/00181_id04055_wavtolip.npz,0.8435966968536377,0.8435966968536377,4.331538200378418,1
FakeVideo-FakeAudio/African/women/id04376/00181_id04374_SWltOOZmlWM_id01838_wavtolip.npz,2.7366576194763184,2.7366576194763184,4.707538604736328,1
FakeVideo-FakeAudio/African/women/id04376/00181_id04437_2csrqaF55pk_faceswap_id00371_wavtolip.npz,2.5488176345825195,2.5488176345825195,4.669686317443848,1
FakeVideo-FakeAudio/African/women/id04376/00181_id04437_2csrqaF55pk_faceswap_id00460_wavtolip.npz,-1.5066306591033936,-1.5066306591033936,4.734652042388916,1
FakeVideo-FakeAudio/African/women/id04376/00181_id04437_2csrqaF55pk_faceswap_id00577_wavtolip.npz,2.354750633239746,2.354750633239746,4.659487247467041,1
FakeVideo-FakeAudio/African/women/id04376/00181_id04437_2csrqaF55pk_faceswap_id01838_wavtolip.npz,2.4787449836730957,2.4787449836730957,4.68289041519165,1
FakeVideo-FakeAudio/African/women/id04376/00181_id04437_2csrqaF55pk_faceswap_id02721_wavtolip.npz,1.0341205596923828,1.0341205596923828,4.710977554321289,1
FakeVideo-FakeAudio/African/women/id04376/00181_id05106_wavtolip.npz,1.6999914646148682,1.6999914646148682,4.531828880310059,1
FakeVideo-FakeAudio/African/women/id04374/00032_id00359_wavtolip.npz,2.14561128616333,2.14561128616333,4.2157158851623535,1
FakeVideo-FakeAudio/African/women/id04374/00032_id00592_wavtolip.npz,1.5368902683258057,1.5368902683258057,4.721494674682617,1
FakeVideo-FakeAudio/African/women/id04374/00032_id00707_feeHCIlo6jg_id04055_wavtolip.npz,2.4783499240875244,2.4783499240875244,4.364954471588135,1
FakeVideo-FakeAudio/African/women/id04374/00032_id00832_wavtolip.npz,2.4901328086853027,2.4901328086853027,4.481896877288818,1
FakeVideo-FakeAudio/African/women/id04374/00032_id02617_wavtolip.npz,2.700441837310791,2.700441837310791,4.730025291442871,1
FakeVideo-FakeAudio/African/women/id04374/00032_id02721_wavtolip.npz,2.799243688583374,2.799243688583374,4.725013732910156,1
FakeVideo-FakeAudio/African/women/id04374/00032_id02824_wavtolip.npz,2.790456771850586,2.790456771850586,4.602136135101318,1
FakeVideo-FakeAudio/African/women/id04374/00032_id02838_kaCQlSGlLe8_id01783_wavtolip.npz,2.8183813095092773,2.8183813095092773,4.81511116027832,1
FakeVideo-FakeAudio/African/women/id04374/00032_id03656_draVIyyqLtk_id04437_wavtolip.npz,1.9775580167770386,1.9775580167770386,4.606865882873535,1
FakeVideo-FakeAudio/African/women/id04374/00032_id04547_3Qy2g2M47Aw_id02301_wavtolip.npz,2.3309414386749268,2.3309414386749268,4.385602951049805,1
FakeVideo-FakeAudio/African/women/id04374/00032_id04689_0YqK1ksKjLg_faceswap_id00371_wavtolip.npz,1.4923951625823975,1.4923951625823975,4.679553508758545,1
FakeVideo-FakeAudio/African/women/id04374/00032_id04689_0YqK1ksKjLg_faceswap_id01532_wavtolip.npz,2.5031304359436035,2.5031304359436035,4.697049617767334,1
FakeVideo-FakeAudio/African/women/id04374/00032_id04689_0YqK1ksKjLg_faceswap_id04689_wavtolip.npz,2.8251123428344727,2.8251123428344727,4.796657562255859,1
FakeVideo-FakeAudio/African/women/id04374/00032_id04689_0YqK1ksKjLg_faceswap_id05231_wavtolip.npz,2.124971389770508,2.124971389770508,4.479866027832031,1
FakeVideo-FakeAudio/African/women/id04374/00032_id04820_wavtolip.npz,2.324528217315674,2.324528217315674,4.5945963859558105,1
FakeVideo-FakeAudio/African/women/id04374/00032_id04939_wavtolip.npz,2.410961866378784,2.410961866378784,4.392222881317139,1
FakeVideo-FakeAudio/African/women/id04374/00032_id05106_wavtolip.npz,1.8987168073654175,1.8987168073654175,4.488741874694824,1
FakeVideo-FakeAudio/African/women/id04374/00032_id05231_wfbM5puT6eQ_id03569_wavtolip.npz,2.301924467086792,2.301924467086792,4.375404357910156,1
FakeVideo-FakeAudio/African/women/id02824/00130_id00359_wavtolip.npz,1.8200504779815674,1.8200504779815674,4.224313259124756,1
FakeVideo-FakeAudio/African/women/id02824/00130_id00568_wavtolip.npz,2.0216317176818848,2.0216317176818848,4.713956356048584,1
FakeVideo-FakeAudio/African/women/id02824/00130_id00829_wavtolip.npz,2.1232333183288574,2.1232333183288574,4.7017741203308105,1
FakeVideo-FakeAudio/African/women/id02824/00130_id00832_Jr4-dXRChME_id04939_wavtolip.npz,1.7371776103973389,1.7371776103973389,4.400655269622803,1
FakeVideo-FakeAudio/African/women/id02824/00130_id00832_wavtolip.npz,1.8483715057373047,1.8483715057373047,4.4822163581848145,1
FakeVideo-FakeAudio/African/women/id02824/00130_id01532_wavtolip.npz,2.2067787647247314,2.2067787647247314,4.690334320068359,1
FakeVideo-FakeAudio/African/women/id02824/00130_id01661_SdP_Monh-_4_id00568_wavtolip.npz,1.9047291278839111,1.9047291278839111,4.766458988189697,1
FakeVideo-FakeAudio/African/women/id02824/00130_id02301_wavtolip.npz,1.3612260818481445,1.3612260818481445,4.396690368652344,1
FakeVideo-FakeAudio/African/women/id02824/00130_id02824_wavtolip.npz,1.9495726823806763,1.9495726823806763,4.635804176330566,1
FakeVideo-FakeAudio/African/women/id02824/00130_id03656_draVIyyqLtk_id04437_wavtolip.npz,1.8932257890701294,1.8932257890701294,4.603226184844971,1
FakeVideo-FakeAudio/African/women/id02824/00130_id03747_wQOOhZvnrq4_faceswap_id01783_wavtolip.npz,1.565685510635376,1.565685510635376,4.702674865722656,1
FakeVideo-FakeAudio/African/women/id02824/00130_id03747_wQOOhZvnrq4_faceswap_id02617_wavtolip.npz,1.5602705478668213,1.5602705478668213,4.735174179077148,1
FakeVideo-FakeAudio/African/women/id02824/00130_id03747_wQOOhZvnrq4_faceswap_id04245_wavtolip.npz,2.302031993865967,2.302031993865967,4.724170207977295,1
FakeVideo-FakeAudio/African/women/id02824/00130_id03747_wQOOhZvnrq4_faceswap_id05106_wavtolip.npz,0.2615184783935547,0.2615184783935547,4.522608757019043,1
FakeVideo-FakeAudio/African/women/id02824/00130_id03747_wQOOhZvnrq4_faceswap_id05231_wavtolip.npz,1.7268577814102173,1.7268577814102173,4.540124416351318,1
FakeVideo-FakeAudio/African/women/id02824/00130_id03747_wQOOhZvnrq4_id03713_wavtolip.npz,1.9440209865570068,1.9440209865570068,4.41215181350708,1
FakeVideo-FakeAudio/African/women/id02824/00130_id04437_wavtolip.npz,0.877371072769165,0.877371072769165,4.563098907470703,1
FakeVideo-FakeAudio/African/women/id02824/00130_id04705_ziJ9JsYr4R0_id02948_wavtolip.npz,0.9957318305969238,0.9957318305969238,4.508121013641357,1
FakeVideo-FakeAudio/African/women/id02824/00130_id05106_wavtolip.npz,0.8642110824584961,0.8642110824584961,4.522274971008301,1
FakeVideo-FakeAudio/African/women/id02824/00130_id05231_wfbM5puT6eQ_id02721_wavtolip.npz,1.84666109085083,1.84666109085083,4.730175971984863,1
FakeVideo-FakeAudio/African/women/id02824/00130_id05252_CMxIX3absYM_id02721_wavtolip.npz,2.0721259117126465,2.0721259117126465,4.750921249389648,1
FakeVideo-FakeAudio/African/women/id02824/00130_id05252_wavtolip.npz,1.9508812427520752,1.9508812427520752,4.616060733795166,1
FakeVideo-FakeAudio/Caucasian (American)/men/id04216/00470_id00018_sap-FjURHlc_id00777_wavtolip.npz,2.2644824981689453,2.2644824981689453,4.784621238708496,1
FakeVideo-FakeAudio/Caucasian (American)/men/id04216/00470_id00029_TGpCGl036qk_faceswap_id00029_wavtolip.npz,0.9115722179412842,0.9115722179412842,4.824854850769043,1
FakeVideo-FakeAudio/Caucasian (American)/men/id04216/00470_id00029_TGpCGl036qk_faceswap_id00087_wavtolip.npz,2.564816474914551,2.564816474914551,4.806277751922607,1
FakeVideo-FakeAudio/Caucasian (American)/men/id04216/00470_id00029_TGpCGl036qk_faceswap_id01042_wavtolip.npz,2.3454222679138184,2.3454222679138184,4.406189441680908,1
FakeVideo-FakeAudio/Caucasian (American)/men/id04216/00470_id00029_TGpCGl036qk_faceswap_id01163_wavtolip.npz,2.5117764472961426,2.5117764472961426,4.7379841804504395,1
FakeVideo-FakeAudio/Caucasian (American)/men/id04216/00470_id00029_TGpCGl036qk_faceswap_id01175_wavtolip.npz,2.0655264854431152,2.0655264854431152,4.468480110168457,1
FakeVideo-FakeAudio/Caucasian (American)/men/id04216/00470_id00029_TGpCGl036qk_id01192_wavtolip.npz,2.389148712158203,2.389148712158203,4.784589767456055,1
FakeVideo-FakeAudio/Caucasian (American)/men/id04216/00470_id00052_wavtolip.npz,-1.0918464660644531,-1.0918464660644531,4.75909948348999,1
FakeVideo-FakeAudio/Caucasian (American)/men/id04216/00470_id00062_bctnrIvZHTs_id00184_wavtolip.npz,2.7965166568756104,2.7965166568756104,4.796541213989258,1
FakeVideo-FakeAudio/Caucasian (American)/men/id04216/00470_id00062_wavtolip.npz,2.322455883026123,2.322455883026123,4.817834377288818,1
FakeVideo-FakeAudio/Caucasian (American)/men/id04216/00470_id00169__V1xAwwG29U_id03678_wavtolip.npz,1.6862106323242188,1.6862106323242188,4.62856912612915,1
FakeVideo-FakeAudio/Caucasian (American)/men/id04216/00470_id00179_Ux9OYyipQi8_id04073_wavtolip.npz,2.6146903038024902,2.6146903038024902,4.758011341094971,1
FakeVideo-FakeAudio/Caucasian (American)/men/id04216/00470_id00529_wavtolip.npz,1.97503662109375,1.97503662109375,4.752998352050781,1
FakeVideo-FakeAudio/Caucasian (American)/men/id04216/00470_id00708_wavtolip.npz,2.139833688735962,2.139833688735962,4.460334300994873,1
FakeVideo-FakeAudio/Caucasian (American)/men/id04216/00470_id00775_wavtolip.npz,1.9510931968688965,1.9510931968688965,4.2878336906433105,1
FakeVideo-FakeAudio/Caucasian (American)/men/id04216/00470_id00945_wavtolip.npz,2.0129141807556152,2.0129141807556152,4.697805404663086,1
FakeVideo-FakeAudio/Caucasian (American)/men/id04216/00470_id01044_yL58R6zBNf4_id01192_wavtolip.npz,2.1452627182006836,2.1452627182006836,4.823017120361328,1
FakeVideo-FakeAudio/Caucasian (American)/men/id04216/00470_id01048_wavtolip.npz,1.1871269941329956,1.1871269941329956,4.2907609939575195,1
FakeVideo-FakeAudio/Caucasian (American)/men/id04216/00470_id01105_qxMlGJlyfA8_id01172_wavtolip.npz,0.6285738945007324,0.6285738945007324,4.547342777252197,1
FakeVideo-FakeAudio/Caucasian (American)/men/id04216/00470_id01163_QSMeUEH3lJM_id00169_wavtolip.npz,2.045973300933838,2.045973300933838,4.674374103546143,1
FakeVideo-FakeAudio/Caucasian (American)/men/id04216/00470_id01175_wavtolip.npz,1.483621597290039,1.483621597290039,4.498458385467529,1
FakeVideo-FakeAudio/Caucasian (American)/men/id04216/00470_id01239_gJvquKo7kbA_id04073_wavtolip.npz,2.5297584533691406,2.5297584533691406,4.780765056610107,1
FakeVideo-FakeAudio/Caucasian (American)/men/id04216/00470_id03668_wavtolip.npz,2.301656723022461,2.301656723022461,4.807788372039795,1
FakeVideo-FakeAudio/Caucasian (American)/men/id04216/00470_id03678_wavtolip.npz,2.119124174118042,2.119124174118042,4.613741874694824,1
FakeVideo-FakeAudio/Caucasian (American)/men/id04216/00470_id04073_KT7B07WFWyM_id01175_wavtolip.npz,1.800249695777893,1.800249695777893,4.462100982666016,1
FakeVideo-FakeAudio/Caucasian (American)/men/id03525/00048_0_id00060_wavtolip.npz,1.7823235988616943,1.7823235988616943,4.4888916015625,1
FakeVideo-FakeAudio/Caucasian (American)/men/id03525/00048_0_id00945_wavtolip.npz,2.1077094078063965,2.1077094078063965,4.646755218505859,1
FakeVideo-FakeAudio/Caucasian (American)/men/id03525/00048_0_id01168_wavtolip.npz,1.765375018119812,1.765375018119812,4.5153985023498535,1
FakeVideo-FakeAudio/Caucasian (American)/men/id03525/00048_0_id01182_wavtolip.npz,2.5975098609924316,2.5975098609924316,4.929549217224121,1
FakeVideo-FakeAudio/Caucasian (American)/men/id03525/00048_0_id01201_wavtolip.npz,2.5545687675476074,2.5545687675476074,4.9464874267578125,1
FakeVideo-FakeAudio/Caucasian (American)/men/id03525/00048_1_id00179_wavtolip.npz,1.3825534582138062,1.3825534582138062,4.431667804718018,1
FakeVideo-FakeAudio/Caucasian (American)/men/id03525/00048_1_id00696_wavtolip.npz,2.5247139930725098,2.5247139930725098,4.670949935913086,1
FakeVideo-FakeAudio/Caucasian (American)/men/id03525/00048_1_id01048_wavtolip.npz,2.1011831760406494,2.1011831760406494,4.23867130279541,1
FakeVideo-FakeAudio/Caucasian (American)/men/id03525/00048_1_id03757_wavtolip.npz,2.167367935180664,2.167367935180664,4.544316291809082,1
FakeVideo-FakeAudio/Caucasian (American)/men/id03525/00048_1_id04216_wavtolip.npz,2.3443710803985596,2.3443710803985596,4.595008373260498,1
FakeVideo-FakeAudio/Caucasian (American)/men/id03525/00048_2_id00020_wavtolip.npz,-1.3613054752349854,-1.3613054752349854,4.4907331466674805,1
FakeVideo-FakeAudio/Caucasian (American)/men/id03525/00048_2_id00777_wavtolip.npz,2.365112066268921,2.365112066268921,4.541691303253174,1
FakeVideo-FakeAudio/Caucasian (American)/men/id03525/00048_2_id01105_wavtolip.npz,2.4211878776550293,2.4211878776550293,4.54384708404541,1
FakeVideo-FakeAudio/Caucasian (American)/men/id03525/00048_2_id01192_wavtolip.npz,2.1447720527648926,2.1447720527648926,4.496377944946289,1
FakeVideo-FakeAudio/Caucasian (American)/men/id03525/00048_2_id04219_wavtolip.npz,-1.2103819847106934,-1.2103819847106934,4.536980628967285,1
FakeVideo-FakeAudio/Caucasian (American)/men/id03525/00048_id00060_gZ4RkcQ0SXE_id01182_wavtolip.npz,2.6117782592773438,2.6117782592773438,4.948897361755371,1
FakeVideo-FakeAudio/Caucasian (American)/men/id03525/00048_id00062_bctnrIvZHTs_id01210_wavtolip.npz,2.1194908618927,2.1194908618927,4.279855728149414,1
FakeVideo-FakeAudio/Caucasian (American)/men/id03525/00048_id00087_0ZbOp9FgZf8_id00062_wavtolip.npz,2.6796865463256836,2.6796865463256836,4.968064308166504,1
FakeVideo-FakeAudio/Caucasian (American)/men/id03525/00048_id00087_wavtolip.npz,2.311309814453125,2.311309814453125,4.826459884643555,1
FakeVideo-FakeAudio/Caucasian (American)/men/id03525/00048_id00169_wavtolip.npz,1.722043752670288,1.722043752670288,4.682218074798584,1
FakeVideo-FakeAudio/Caucasian (American)/men/id03525/00048_id00529_xtx2GeQN-DQ_id01172_wavtolip.npz,1.5167921781539917,1.5167921781539917,4.524988651275635,1
FakeVideo-FakeAudio/Caucasian (American)/men/id03525/00048_id00777_wavtolip.npz,2.7150259017944336,2.7150259017944336,4.924205780029297,1
FakeVideo-FakeAudio/Caucasian (American)/men/id03525/00048_id00945_V-rSeF8o5pc_id00264_wavtolip.npz,2.2845287322998047,2.2845287322998047,4.65401029586792,1
FakeVideo-FakeAudio/Caucasian (American)/men/id03525/00048_id00971_wavtolip.npz,-1.3962509632110596,-1.3962509632110596,4.938295841217041,1
FakeVideo-FakeAudio/Caucasian (American)/men/id03525/00048_id01035_wavtolip.npz,2.1690826416015625,2.1690826416015625,4.6006269454956055,1
FakeVideo-FakeAudio/Caucasian (American)/men/id03525/00048_id01044_wavtolip.npz,-1.067234992980957,-1.067234992980957,4.948524475097656,1
FakeVideo-FakeAudio/Caucasian (American)/men/id03525/00048_id01044_yL58R6zBNf4_id00087_wavtolip.npz,2.424771785736084,2.424771785736084,4.875620365142822,1
FakeVideo-FakeAudio/Caucasian (American)/men/id03525/00048_id01124_wavtolip.npz,2.73433518409729,2.73433518409729,4.9302778244018555,1
FakeVideo-FakeAudio/Caucasian (American)/men/id03525/00048_id01163_QSMeUEH3lJM_id04219_wavtolip.npz,2.1592259407043457,2.1592259407043457,4.561105251312256,1
FakeVideo-FakeAudio/Caucasian (American)/men/id03525/00048_id01201_wavtolip.npz,2.693326950073242,2.693326950073242,4.958493232727051,1
FakeVideo-FakeAudio/Caucasian (American)/men/id03525/00048_id01210_sMdOO7NqsGY_id00529_wavtolip.npz,2.2476978302001953,2.2476978302001953,4.6645188331604,1
FakeVideo-FakeAudio/Caucasian (American)/men/id03525/00048_id03757_L-M-XbdFLQM_id01168_wavtolip.npz,2.153749942779541,2.153749942779541,4.494070053100586,1
FakeVideo-FakeAudio/Caucasian (American)/men/id03525/00048_id03757_wavtolip.npz,1.9394537210464478,1.9394537210464478,4.564701080322266,1
FakeVideo-FakeAudio/Caucasian (American)/men/id03525/00048_id04219_wavtolip.npz,2.0977532863616943,2.0977532863616943,4.598832607269287,1
FakeVideo-FakeAudio/Caucasian (American)/men/id03525/00048_id04221_5XfsCrxGvj4_faceswap_id00029_wavtolip.npz,0.022429227828979492,0.022429227828979492,5.002868175506592,1
FakeVideo-FakeAudio/Caucasian (American)/men/id03525/00048_id04221_5XfsCrxGvj4_faceswap_id00087_wavtolip.npz,2.348270893096924,2.348270893096924,4.866161346435547,1
FakeVideo-FakeAudio/Caucasian (American)/men/id03525/00048_id04221_5XfsCrxGvj4_faceswap_id00943_wavtolip.npz,2.5650997161865234,2.5650997161865234,4.952892303466797,1
FakeVideo-FakeAudio/Caucasian (American)/men/id03525/00048_id04221_5XfsCrxGvj4_faceswap_id01172_wavtolip.npz,1.7457833290100098,1.7457833290100098,4.517441272735596,1
FakeVideo-FakeAudio/Caucasian (American)/men/id03525/00048_id04221_5XfsCrxGvj4_faceswap_id03757_wavtolip.npz,1.4698578119277954,1.4698578119277954,4.597519874572754,1
FakeVideo-FakeAudio/Caucasian (American)/men/id03525/00048_id04221_5XfsCrxGvj4_id00708_wavtolip.npz,2.264105796813965,2.264105796813965,4.446159362792969,1
FakeVideo-FakeAudio/Caucasian (American)/men/id03757/00149_0_id00018_wavtolip.npz,0.4653434753417969,0.4653434753417969,4.646812438964844,1
FakeVideo-FakeAudio/Caucasian (American)/men/id03757/00149_0_id00169_wavtolip.npz,1.7867261171340942,1.7867261171340942,4.700622081756592,1
FakeVideo-FakeAudio/Caucasian (American)/men/id03757/00149_0_id01048_wavtolip.npz,1.7314629554748535,1.7314629554748535,4.289438724517822,1
FakeVideo-FakeAudio/Caucasian (American)/men/id03757/00149_0_id01124_wavtolip.npz,2.4014077186584473,2.4014077186584473,5.097586631774902,1
FakeVideo-FakeAudio/Caucasian (American)/men/id03757/00149_0_id04219_wavtolip.npz,2.046529769897461,2.046529769897461,4.557491302490234,1
FakeVideo-FakeAudio/Caucasian (American)/men/id03757/00149_1_id00052_wavtolip.npz,-1.0715038776397705,-1.0715038776397705,4.6785688400268555,1
FakeVideo-FakeAudio/Caucasian (American)/men/id03757/00149_1_id00062_wavtolip.npz,2.3867201805114746,2.3867201805114746,4.735574722290039,1
FakeVideo-FakeAudio/Caucasian (American)/men/id03757/00149_1_id00264_wavtolip.npz,2.255342483520508,2.255342483520508,4.6533732414245605,1
FakeVideo-FakeAudio/Caucasian (American)/men/id03757/00149_1_id00777_wavtolip.npz,2.2812092304229736,2.2812092304229736,4.76224946975708,1
FakeVideo-FakeAudio/Caucasian (American)/men/id03757/00149_1_id01035_wavtolip.npz,2.232433319091797,2.232433319091797,4.625068187713623,1
FakeVideo-FakeAudio/Caucasian (American)/men/id03757/00149_3_id00087_wavtolip.npz,2.227250576019287,2.227250576019287,4.860744953155518,1
FakeVideo-FakeAudio/Caucasian (American)/men/id03757/00149_3_id00775_wavtolip.npz,1.730549693107605,1.730549693107605,4.291380882263184,1
FakeVideo-FakeAudio/Caucasian (American)/men/id03757/00149_3_id01048_wavtolip.npz,1.8777225017547607,1.8777225017547607,4.220054626464844,1
FakeVideo-FakeAudio/Caucasian (American)/men/id03757/00149_3_id01172_wavtolip.npz,1.4379228353500366,1.4379228353500366,4.543971061706543,1
FakeVideo-FakeAudio/Caucasian (American)/men/id03757/00149_3_id04219_wavtolip.npz,2.353750228881836,2.353750228881836,4.534856796264648,1
FakeVideo-FakeAudio/Caucasian (American)/men/id03757/00149_id00018_sap-FjURHlc_id00777_wavtolip.npz,2.1800737380981445,2.1800737380981445,4.525811195373535,1
FakeVideo-FakeAudio/Caucasian (American)/men/id03757/00149_id00020_VXYAbbQWyQM_id00169_wavtolip.npz,2.248296022415161,2.248296022415161,4.530016899108887,1
FakeVideo-FakeAudio/Caucasian (American)/men/id03757/00149_id00052_wavtolip.npz,-0.9760636687278748,-0.9760636687278748,4.501351833343506,1
FakeVideo-FakeAudio/Caucasian (American)/men/id03757/00149_id00088_wavtolip.npz,1.4717575311660767,1.4717575311660767,4.558095932006836,1
FakeVideo-FakeAudio/Caucasian (American)/men/id03757/00149_id00169__V1xAwwG29U_id00021_wavtolip.npz,2.3388168811798096,2.3388168811798096,4.586304187774658,1
FakeVideo-FakeAudio/Caucasian (American)/men/id03757/00149_id00184_wavtolip.npz,2.292448043823242,2.292448043823242,4.531464099884033,1
FakeVideo-FakeAudio/Caucasian (American)/men/id03757/00149_id00345_wavtolip.npz,1.8700840473175049,1.8700840473175049,4.367197036743164,1
FakeVideo-FakeAudio/Caucasian (American)/men/id03757/00149_id00708_wavtolip.npz,-1.3642853498458862,-1.3642853498458862,4.481868267059326,1
FakeVideo-FakeAudio/Caucasian (American)/men/id03757/00149_id00775_yeCUxHgUHxc_id04216_wavtolip.npz,2.105717420578003,2.105717420578003,4.581599712371826,1
FakeVideo-FakeAudio/Caucasian (American)/men/id03757/00149_id00945_wavtolip.npz,1.5169978141784668,1.5169978141784668,4.541952610015869,1
FakeVideo-FakeAudio/Caucasian (American)/men/id03757/00149_id00971_edWrVVn-rC4_id01211_wavtolip.npz,2.234232187271118,2.234232187271118,4.61739444732666,1
FakeVideo-FakeAudio/Caucasian (American)/men/id03757/00149_id01105_wavtolip.npz,2.404615879058838,2.404615879058838,4.539207935333252,1
FakeVideo-FakeAudio/Caucasian (American)/men/id03757/00149_id01124_wavtolip.npz,1.9849873781204224,1.9849873781204224,4.508696556091309,1
FakeVideo-FakeAudio/Caucasian (American)/men/id03757/00149_id01168_Uz7M0nTbgWM_faceswap_id00062_wavtolip.npz,2.3168210983276367,2.3168210983276367,4.559360980987549,1
FakeVideo-FakeAudio/Caucasian (American)/men/id03757/00149_id01168_Uz7M0nTbgWM_faceswap_id00945_wavtolip.npz,2.0690629482269287,2.0690629482269287,4.493429660797119,1
FakeVideo-FakeAudio/Caucasian (American)/men/id03757/00149_id01168_Uz7M0nTbgWM_faceswap_id01044_wavtolip.npz,-1.059539794921875,-1.059539794921875,4.509482383728027,1
FakeVideo-FakeAudio/Caucasian (American)/men/id03757/00149_id01168_Uz7M0nTbgWM_faceswap_id01192_wavtolip.npz,2.1633193492889404,2.1633193492889404,4.526552677154541,1
FakeVideo-FakeAudio/Caucasian (American)/men/id03757/00149_id01168_Uz7M0nTbgWM_faceswap_id03757_wavtolip.npz,2.1566731929779053,2.1566731929779053,4.556168556213379,1
FakeVideo-FakeAudio/Caucasian (American)/men/id03757/00149_id01168_Uz7M0nTbgWM_id04221_wavtolip.npz,-1.7307116985321045,-1.7307116985321045,4.590806007385254,1
FakeVideo-FakeAudio/Caucasian (American)/men/id03757/00149_id01172_8f8sdrQatpw_id01105_wavtolip.npz,2.6622228622436523,2.6622228622436523,4.564346790313721,1
FakeVideo-FakeAudio/Caucasian (American)/men/id03757/00149_id01201_Q8XWfmNiWYA_id03525_wavtolip.npz,2.212416887283325,2.212416887283325,4.591872215270996,1
FakeVideo-FakeAudio/Caucasian (American)/men/id03757/00149_id03757_wavtolip.npz,1.843109130859375,1.843109130859375,4.576021671295166,1
FakeVideo-FakeAudio/Caucasian (American)/men/id03757/00149_id04034_8ZeJXbjFa_o_id01042_wavtolip.npz,2.2008252143859863,2.2008252143859863,4.400023460388184,1
FakeVideo-FakeAudio/Caucasian (American)/men/id03757/00149_id04216_wavtolip.npz,2.1712570190429688,2.1712570190429688,4.5406060218811035,1
FakeVideo-FakeAudio/Caucasian (American)/men/id00169/00021_id00018_sap-FjURHlc_id00088_wavtolip.npz,2.176980495452881,2.176980495452881,4.555578708648682,1
FakeVideo-FakeAudio/Caucasian (American)/men/id00169/00021_id00020_wavtolip.npz,-1.71358060836792,-1.71358060836792,4.664246082305908,1
FakeVideo-FakeAudio/Caucasian (American)/men/id00169/00021_id00049_wavtolip.npz,0.1558905839920044,0.1558905839920044,4.688535690307617,1
FakeVideo-FakeAudio/Caucasian (American)/men/id00169/00021_id00052_wavtolip.npz,-1.0167582035064697,-1.0167582035064697,4.688777923583984,1
FakeVideo-FakeAudio/Caucasian (American)/men/id00169/00021_id00179_Ux9OYyipQi8_faceswap_id00169_wavtolip.npz,2.5729544162750244,2.5729544162750244,4.68527364730835,1
FakeVideo-FakeAudio/Caucasian (American)/men/id00169/00021_id00179_Ux9OYyipQi8_faceswap_id00529_wavtolip.npz,2.3428151607513428,2.3428151607513428,4.717154502868652,1
FakeVideo-FakeAudio/Caucasian (American)/men/id00169/00021_id00179_Ux9OYyipQi8_faceswap_id00943_wavtolip.npz,2.587100028991699,2.587100028991699,4.667588233947754,1
FakeVideo-FakeAudio/Caucasian (American)/men/id00169/00021_id00179_Ux9OYyipQi8_faceswap_id03668_wavtolip.npz,2.4110312461853027,2.4110312461853027,4.690242767333984,1
FakeVideo-FakeAudio/Caucasian (American)/men/id00169/00021_id00179_Ux9OYyipQi8_faceswap_id03757_wavtolip.npz,2.3184328079223633,2.3184328079223633,4.5545830726623535,1
FakeVideo-FakeAudio/Caucasian (American)/men/id00169/00021_id00179_Ux9OYyipQi8_id03678_wavtolip.npz,1.9933751821517944,1.9933751821517944,4.62331485748291,1
FakeVideo-FakeAudio/Caucasian (American)/men/id00169/00021_id00243_wavtolip.npz,-1.6188966035842896,-1.6188966035842896,4.724376678466797,1
FakeVideo-FakeAudio/Caucasian (American)/men/id00169/00021_id00529_wavtolip.npz,2.1394338607788086,2.1394338607788086,4.729766368865967,1
FakeVideo-FakeAudio/Caucasian (American)/men/id00169/00021_id00696_7PrURACjhqU_id00021_wavtolip.npz,1.4947477579116821,1.4947477579116821,4.611297130584717,1
FakeVideo-FakeAudio/Caucasian (American)/men/id00169/00021_id00943_wavtolip.npz,2.350471258163452,2.350471258163452,4.684731483459473,1
FakeVideo-FakeAudio/Caucasian (American)/men/id00169/00021_id00945_wavtolip.npz,2.275428056716919,2.275428056716919,4.683451175689697,1
FakeVideo-FakeAudio/Caucasian (American)/men/id00169/00021_id01042_wavtolip.npz,2.0193328857421875,2.0193328857421875,4.424787521362305,1
FakeVideo-FakeAudio/Caucasian (American)/men/id00169/00021_id01048_keflA4viWt8_id00529_wavtolip.npz,2.427607536315918,2.427607536315918,4.7584357261657715,1
FakeVideo-FakeAudio/Caucasian (American)/men/id00169/00021_id01096_wavtolip.npz,2.1160402297973633,2.1160402297973633,4.71516227722168,1
FakeVideo-FakeAudio/Caucasian (American)/men/id00169/00021_id01163_QSMeUEH3lJM_id00243_wavtolip.npz,-1.4343620538711548,-1.4343620538711548,4.667891979217529,1
FakeVideo-FakeAudio/Caucasian (American)/men/id00169/00021_id01182_wavtolip.npz,2.6513233184814453,2.6513233184814453,4.677786827087402,1
FakeVideo-FakeAudio/Caucasian (American)/men/id00169/00021_id01192_kAht8HG7-1s_id04073_wavtolip.npz,2.378389835357666,2.378389835357666,4.723693370819092,1
FakeVideo-FakeAudio/Caucasian (American)/men/id00169/00021_id01201_Q8XWfmNiWYA_id04219_wavtolip.npz,1.543914794921875,1.543914794921875,4.581074237823486,1
FakeVideo-FakeAudio/Caucasian (American)/men/id00169/00021_id03668_mjurT3_7DpE_id00088_wavtolip.npz,2.1855688095092773,2.1855688095092773,4.528927803039551,1
FakeVideo-FakeAudio/Caucasian (American)/men/id00169/00021_id03678_dsfCxodI9i8_id03678_wavtolip.npz,1.8817447423934937,1.8817447423934937,4.640934944152832,1
FakeVideo-FakeAudio/Caucasian (American)/men/id00169/00021_id04216_uDwxIsHkBIM_id03668_wavtolip.npz,2.250972270965576,2.250972270965576,4.692101955413818,1
FakeVideo-FakeAudio/Caucasian (American)/men/id00184/00241_id00018_sap-FjURHlc_id00945_wavtolip.npz,2.19008731842041,2.19008731842041,4.6157026290893555,1
FakeVideo-FakeAudio/Caucasian (American)/men/id00184/00241_id00020_wavtolip.npz,-1.6992462873458862,-1.6992462873458862,4.82065486907959,1
FakeVideo-FakeAudio/Caucasian (American)/men/id00184/00241_id00021_wavtolip.npz,0.5123775005340576,0.5123775005340576,4.587772369384766,1
FakeVideo-FakeAudio/Caucasian (American)/men/id00184/00241_id00060_wavtolip.npz,2.000535011291504,2.000535011291504,4.593660354614258,1
FakeVideo-FakeAudio/Caucasian (American)/men/id00184/00241_id00062_bctnrIvZHTs_id01168_wavtolip.npz,2.41909122467041,2.41909122467041,4.486408233642578,1
FakeVideo-FakeAudio/Caucasian (American)/men/id00184/00241_id00087_0ZbOp9FgZf8_faceswap_id00088_wavtolip.npz,2.316108226776123,2.316108226776123,4.5217108726501465,1
FakeVideo-FakeAudio/Caucasian (American)/men/id00184/00241_id00087_0ZbOp9FgZf8_faceswap_id00184_wavtolip.npz,2.3390188217163086,2.3390188217163086,4.872894287109375,1
FakeVideo-FakeAudio/Caucasian (American)/men/id00184/00241_id00087_0ZbOp9FgZf8_faceswap_id00264_wavtolip.npz,2.368666410446167,2.368666410446167,4.644628524780273,1
FakeVideo-FakeAudio/Caucasian (American)/men/id00184/00241_id00087_0ZbOp9FgZf8_faceswap_id00777_wavtolip.npz,2.4818966388702393,2.4818966388702393,4.83144998550415,1
FakeVideo-FakeAudio/Caucasian (American)/men/id00184/00241_id00087_0ZbOp9FgZf8_faceswap_id01035_wavtolip.npz,2.2266128063201904,2.2266128063201904,4.63710355758667,1
FakeVideo-FakeAudio/Caucasian (American)/men/id00184/00241_id00087_0ZbOp9FgZf8_id00020_wavtolip.npz,-1.4313806295394897,-1.4313806295394897,4.855118274688721,1
FakeVideo-FakeAudio/Caucasian (American)/men/id00184/00241_id00184_wavtolip.npz,1.198359727859497,1.198359727859497,4.8585944175720215,1
FakeVideo-FakeAudio/Caucasian (American)/men/id00184/00241_id00243_wavtolip.npz,0.45742273330688477,0.45742273330688477,4.823983669281006,1
FakeVideo-FakeAudio/Caucasian (American)/men/id00184/00241_id00708_wavtolip.npz,1.945101022720337,1.945101022720337,4.446859836578369,1
FakeVideo-FakeAudio/Caucasian (American)/men/id00184/00241_id01042_afqWPqWwJIY_id01201_wavtolip.npz,2.865861654281616,2.865861654281616,4.855711936950684,1
FakeVideo-FakeAudio/Caucasian (American)/men/id00184/00241_id01048_keflA4viWt8_id00169_wavtolip.npz,1.9929373264312744,1.9929373264312744,4.6820807456970215,1
FakeVideo-FakeAudio/Caucasian (American)/men/id00184/00241_id01105_wavtolip.npz,2.2383720874786377,2.2383720874786377,4.7651238441467285,1
FakeVideo-FakeAudio/Caucasian (American)/men/id00184/00241_id01201_Q8XWfmNiWYA_id01044_wavtolip.npz,-1.176827311515808,-1.176827311515808,4.823887348175049,1
FakeVideo-FakeAudio/Caucasian (American)/men/id00184/00241_id01201_wavtolip.npz,1.8102563619613647,1.8102563619613647,4.840880870819092,1
FakeVideo-FakeAudio/Caucasian (American)/men/id00184/00241_id01239_wavtolip.npz,2.5654492378234863,2.5654492378234863,4.8671088218688965,1
FakeVideo-FakeAudio/Caucasian (American)/men/id00184/00241_id03757_L-M-XbdFLQM_id00264_wavtolip.npz,2.162151575088501,2.162151575088501,4.685744762420654,1
FakeVideo-FakeAudio/Caucasian (American)/men/id00184/00241_id04034_wavtolip.npz,-0.9266214370727539,-0.9266214370727539,4.847433090209961,1
FakeVideo-FakeAudio/Caucasian (American)/men/id00184/00241_id04216_uDwxIsHkBIM_id00264_wavtolip.npz,0.8850862979888916,0.8850862979888916,4.644924640655518,1
FakeVideo-FakeAudio/Caucasian (American)/men/id00184/00241_id04219_9llHvP-jYDg_id01172_wavtolip.npz,2.205794095993042,2.205794095993042,4.4954705238342285,1
FakeVideo-FakeAudio/Caucasian (American)/men/id00184/00241_id04221_5XfsCrxGvj4_id01168_wavtolip.npz,2.386988878250122,2.386988878250122,4.4750471115112305,1
FakeVideo-FakeAudio/Caucasian (American)/men/id00021/00010_id00018_sap-FjURHlc_id01182_wavtolip.npz,2.4568698406219482,2.4568698406219482,4.725242614746094,1
FakeVideo-FakeAudio/Caucasian (American)/men/id00021/00010_id00021_wavtolip.npz,1.8006880283355713,1.8006880283355713,4.579771041870117,1
FakeVideo-FakeAudio/Caucasian (American)/men/id00021/00010_id00052_NK_leX996Yk_id00708_wavtolip.npz,2.1529479026794434,2.1529479026794434,4.512150764465332,1
FakeVideo-FakeAudio/Caucasian (American)/men/id00021/00010_id00062_wavtolip.npz,2.1864986419677734,2.1864986419677734,4.652615547180176,1
FakeVideo-FakeAudio/Caucasian (American)/men/id00021/00010_id00088_6WIDWxr8vuU_faceswap_id00062_wavtolip.npz,2.490757703781128,2.490757703781128,4.637458324432373,1
FakeVideo-FakeAudio/Caucasian (American)/men/id00021/00010_id00088_6WIDWxr8vuU_faceswap_id00088_wavtolip.npz,2.6171364784240723,2.6171364784240723,4.564237594604492,1
FakeVideo-FakeAudio/Caucasian (American)/men/id00021/00010_id00088_6WIDWxr8vuU_faceswap_id00775_wavtolip.npz,1.9809939861297607,1.9809939861297607,4.2468743324279785,1
FakeVideo-FakeAudio/Caucasian (American)/men/id00021/00010_id00088_6WIDWxr8vuU_faceswap_id01182_wavtolip.npz,2.1239185333251953,2.1239185333251953,4.646132469177246,1
FakeVideo-FakeAudio/Caucasian (American)/men/id00021/00010_id00088_6WIDWxr8vuU_faceswap_id04216_wavtolip.npz,2.440696954727173,2.440696954727173,4.578535079956055,1
FakeVideo-FakeAudio/Caucasian (American)/men/id00021/00010_id00088_6WIDWxr8vuU_id00529_wavtolip.npz,2.5306789875030518,2.5306789875030518,4.733277320861816,1
FakeVideo-FakeAudio/Caucasian (American)/men/id00021/00010_id00179_Ux9OYyipQi8_id01044_wavtolip.npz,-1.2359192371368408,-1.2359192371368408,4.643270015716553,1
FakeVideo-FakeAudio/Caucasian (American)/men/id00021/00010_id00696_wavtolip.npz,1.7564058303833008,1.7564058303833008,4.711043834686279,1
FakeVideo-FakeAudio/Caucasian (American)/men/id00021/00010_id00775_wavtolip.npz,1.8478394746780396,1.8478394746780396,4.248687744140625,1
FakeVideo-FakeAudio/Caucasian (American)/men/id00021/00010_id00943_LxSv2rnBGA8_id01175_wavtolip.npz,2.227515697479248,2.227515697479248,4.527390956878662,1
FakeVideo-FakeAudio/Caucasian (American)/men/id00021/00010_id01035_6EWG3Ywu3jg_id04221_wavtolip.npz,-1.6132619380950928,-1.6132619380950928,4.669699668884277,1
FakeVideo-FakeAudio/Caucasian (American)/men/id00021/00010_id01035_wavtolip.npz,2.440951347351074,2.440951347351074,4.58340311050415,1
FakeVideo-FakeAudio/Caucasian (American)/men/id00021/00010_id01048_wavtolip.npz,1.9798461198806763,1.9798461198806763,4.253057479858398,1
FakeVideo-FakeAudio/Caucasian (American)/men/id00021/00010_id01105_wavtolip.npz,1.5320777893066406,1.5320777893066406,4.6780595779418945,1
FakeVideo-FakeAudio/Caucasian (American)/men/id00021/00010_id01124_wavtolip.npz,2.2019762992858887,2.2019762992858887,4.651045799255371,1
FakeVideo-FakeAudio/Caucasian (American)/men/id00021/00010_id01175_Q_36xlWL6_o_id04073_wavtolip.npz,2.643125534057617,2.643125534057617,4.622954368591309,1
FakeVideo-FakeAudio/Caucasian (American)/men/id00021/00010_id01182_wavtolip.npz,1.7936413288116455,1.7936413288116455,4.695344924926758,1
FakeVideo-FakeAudio/Caucasian (American)/men/id00021/00010_id01192_kAht8HG7-1s_id04221_wavtolip.npz,-1.5855112075805664,-1.5855112075805664,4.695186138153076,1
FakeVideo-FakeAudio/Caucasian (American)/men/id00021/00010_id04073_KT7B07WFWyM_id00529_wavtolip.npz,2.465514898300171,2.465514898300171,4.758330821990967,1
FakeVideo-FakeAudio/Caucasian (American)/men/id00021/00010_id04216_uDwxIsHkBIM_id00775_wavtolip.npz,1.7951929569244385,1.7951929569244385,4.236142635345459,1
FakeVideo-FakeAudio/Caucasian (American)/men/id00021/00010_id04219_wavtolip.npz,1.4855895042419434,1.4855895042419434,4.600965976715088,1
FakeVideo-FakeAudio/Caucasian (American)/men/id01163/00195_id00018_sap-FjURHlc_faceswap_id00087_wavtolip.npz,-1.0825676918029785,-1.0825676918029785,4.651210784912109,1
FakeVideo-FakeAudio/Caucasian (American)/men/id01163/00195_id00018_sap-FjURHlc_faceswap_id01096_wavtolip.npz,2.4310483932495117,2.4310483932495117,4.690123558044434,1
FakeVideo-FakeAudio/Caucasian (American)/men/id01163/00195_id00018_sap-FjURHlc_faceswap_id03678_wavtolip.npz,2.3947012424468994,2.3947012424468994,4.605209827423096,1
FakeVideo-FakeAudio/Caucasian (American)/men/id01163/00195_id00018_sap-FjURHlc_faceswap_id04073_wavtolip.npz,2.3796486854553223,2.3796486854553223,4.654387950897217,1
FakeVideo-FakeAudio/Caucasian (American)/men/id01163/00195_id00018_sap-FjURHlc_faceswap_id04219_wavtolip.npz,2.3158185482025146,2.3158185482025146,4.584307670593262,1
FakeVideo-FakeAudio/Caucasian (American)/men/id01163/00195_id00018_sap-FjURHlc_id00179_wavtolip.npz,0.3815882205963135,0.3815882205963135,4.4477362632751465,1
FakeVideo-FakeAudio/Caucasian (American)/men/id01163/00195_id00021_wavtolip.npz,1.5232206583023071,1.5232206583023071,4.585384845733643,1
FakeVideo-FakeAudio/Caucasian (American)/men/id01163/00195_id00060_gZ4RkcQ0SXE_id01211_wavtolip.npz,2.5876822471618652,2.5876822471618652,4.650020599365234,1
FakeVideo-FakeAudio/Caucasian (American)/men/id01163/00195_id00062_bctnrIvZHTs_id00943_wavtolip.npz,2.157426357269287,2.157426357269287,4.613818168640137,1
FakeVideo-FakeAudio/Caucasian (American)/men/id01163/00195_id00062_wavtolip.npz,2.401965618133545,2.401965618133545,4.666717529296875,1
FakeVideo-FakeAudio/Caucasian (American)/men/id01163/00195_id00088_6WIDWxr8vuU_id01211_wavtolip.npz,2.60404896736145,2.60404896736145,4.6928863525390625,1
FakeVideo-FakeAudio/Caucasian (American)/men/id01163/00195_id00179_Ux9OYyipQi8_id01042_wavtolip.npz,2.3265175819396973,2.3265175819396973,4.336794376373291,1
FakeVideo-FakeAudio/Caucasian (American)/men/id01163/00195_id00529_xtx2GeQN-DQ_id00169_wavtolip.npz,2.6464226245880127,2.6464226245880127,4.630259037017822,1
FakeVideo-FakeAudio/Caucasian (American)/men/id01163/00195_id00696_wavtolip.npz,2.5154776573181152,2.5154776573181152,4.629093647003174,1
FakeVideo-FakeAudio/Caucasian (American)/men/id01163/00195_id00775_wavtolip.npz,1.9750200510025024,1.9750200510025024,4.241449356079102,1
FakeVideo-FakeAudio/Caucasian (American)/men/id01163/00195_id00945_wavtolip.npz,2.424391269683838,2.424391269683838,4.608685493469238,1
FakeVideo-FakeAudio/Caucasian (American)/men/id01163/00195_id01105_wavtolip.npz,2.4995598793029785,2.4995598793029785,4.67405891418457,1
FakeVideo-FakeAudio/Caucasian (American)/men/id01163/00195_id01124_Lnf2oGSM00s_id00243_wavtolip.npz,-1.5917601585388184,-1.5917601585388184,4.687479019165039,1
FakeVideo-FakeAudio/Caucasian (American)/men/id01163/00195_id01172_wavtolip.npz,1.835463285446167,1.835463285446167,4.50949764251709,1
FakeVideo-FakeAudio/Caucasian (American)/men/id01163/00195_id01192_kAht8HG7-1s_id04073_wavtolip.npz,2.601409912109375,2.601409912109375,4.657532215118408,1
FakeVideo-FakeAudio/Caucasian (American)/men/id01163/00195_id04073_wavtolip.npz,2.4702296257019043,2.4702296257019043,4.659911155700684,1
FakeVideo-FakeAudio/Caucasian (American)/men/id01163/00195_id04216_uDwxIsHkBIM_id00529_wavtolip.npz,2.183110237121582,2.183110237121582,4.767448902130127,1
FakeVideo-FakeAudio/Caucasian (American)/men/id01163/00195_id04219_wavtolip.npz,2.5187501907348633,2.5187501907348633,4.57948112487793,1
FakeVideo-FakeAudio/Caucasian (American)/men/id01163/00195_id04221_wavtolip.npz,-1.5417026281356812,-1.5417026281356812,4.733499050140381,1
FakeVideo-FakeAudio/Caucasian (American)/men/id00088/00005_id00018_sap-FjURHlc_id00529_wavtolip.npz,2.3691186904907227,2.3691186904907227,4.704219341278076,1
FakeVideo-FakeAudio/Caucasian (American)/men/id00088/00005_id00020_wavtolip.npz,-1.6829421520233154,-1.6829421520233154,4.663896560668945,1
FakeVideo-FakeAudio/Caucasian (American)/men/id00088/00005_id00021_6uNNej-JZ-c_faceswap_id00020_wavtolip.npz,-1.7266098260879517,-1.7266098260879517,4.647265911102295,1
FakeVideo-FakeAudio/Caucasian (American)/men/id00088/00005_id00021_6uNNej-JZ-c_faceswap_id00029_wavtolip.npz,1.1687686443328857,1.1687686443328857,4.6833109855651855,1
FakeVideo-FakeAudio/Caucasian (American)/men/id00088/00005_id00021_6uNNej-JZ-c_faceswap_id00060_wavtolip.npz,2.2592337131500244,2.2592337131500244,4.558713436126709,1
FakeVideo-FakeAudio/Caucasian (American)/men/id00088/00005_id00021_6uNNej-JZ-c_faceswap_id00179_wavtolip.npz,1.452829122543335,1.452829122543335,4.439942359924316,1
FakeVideo-FakeAudio/Caucasian (American)/men/id00088/00005_id00021_6uNNej-JZ-c_faceswap_id04219_wavtolip.npz,2.326601028442383,2.326601028442383,4.5768866539001465,1
FakeVideo-FakeAudio/Caucasian (American)/men/id00088/00005_id00021_6uNNej-JZ-c_id00345_wavtolip.npz,2.280380964279175,2.280380964279175,4.415495872497559,1
FakeVideo-FakeAudio/Caucasian (American)/men/id00088/00005_id00029_wavtolip.npz,0.6181900501251221,0.6181900501251221,4.692802906036377,1
FakeVideo-FakeAudio/Caucasian (American)/men/id00088/00005_id00049_S_EHTUF-mQY_id00049_wavtolip.npz,-1.6508554220199585,-1.6508554220199585,4.620863914489746,1
FakeVideo-FakeAudio/Caucasian (American)/men/id00088/00005_id00052_wavtolip.npz,-1.3115882873535156,-1.3115882873535156,4.674935817718506,1
FakeVideo-FakeAudio/Caucasian (American)/men/id00088/00005_id00060_gZ4RkcQ0SXE_id00029_wavtolip.npz,0.813978910446167,0.813978910446167,4.655259132385254,1
FakeVideo-FakeAudio/Caucasian (American)/men/id00088/00005_id00060_wavtolip.npz,2.167264938354492,2.167264938354492,4.539881706237793,1
FakeVideo-FakeAudio/Caucasian (American)/men/id00088/00005_id00062_wavtolip.npz,2.41337251663208,2.41337251663208,4.654678821563721,1
FakeVideo-FakeAudio/Caucasian (American)/men/id00088/00005_id00243_oWwEIXM3oZQ_id00049_wavtolip.npz,-1.5053367614746094,-1.5053367614746094,4.638171672821045,1
FakeVideo-FakeAudio/Caucasian (American)/men/id00088/00005_id00264_wavtolip.npz,2.40405011177063,2.40405011177063,4.61770486831665,1
FakeVideo-FakeAudio/Caucasian (American)/men/id00088/00005_id00345_wavtolip.npz,2.423248767852783,2.423248767852783,4.423981189727783,1
FakeVideo-FakeAudio/Caucasian (American)/men/id00088/00005_id01042_wavtolip.npz,2.1806845664978027,2.1806845664978027,4.375837802886963,1
FakeVideo-FakeAudio/Caucasian (American)/men/id00088/00005_id01096_wavtolip.npz,2.2706284523010254,2.2706284523010254,4.700973033905029,1
FakeVideo-FakeAudio/Caucasian (American)/men/id00088/00005_id01124_Lnf2oGSM00s_id00169_wavtolip.npz,2.310178279876709,2.310178279876709,4.680284023284912,1
FakeVideo-FakeAudio/Caucasian (American)/men/id00088/00005_id01124_wavtolip.npz,2.4885354042053223,2.4885354042053223,4.678309440612793,1
FakeVideo-FakeAudio/Caucasian (American)/men/id00088/00005_id01163_QSMeUEH3lJM_id00087_wavtolip.npz,-0.652519941329956,-0.652519941329956,4.6839680671691895,1
FakeVideo-FakeAudio/Caucasian (American)/men/id00088/00005_id01182_zca-PHR_U40_id00018_wavtolip.npz,0.656160831451416,0.656160831451416,4.5824079513549805,1
FakeVideo-FakeAudio/Caucasian (American)/men/id00088/00005_id01201_Q8XWfmNiWYA_id01239_wavtolip.npz,-0.7256906032562256,-0.7256906032562256,4.668506622314453,1
FakeVideo-FakeAudio/Caucasian (American)/men/id00264/00257_0_id00018_wavtolip.npz,1.0908372402191162,1.0908372402191162,4.5834856033325195,1
FakeVideo-FakeAudio/Caucasian (American)/men/id00264/00257_0_id00943_wavtolip.npz,1.8876484632492065,1.8876484632492065,4.591064453125,1
FakeVideo-FakeAudio/Caucasian (American)/men/id00264/00257_0_id01096_wavtolip.npz,2.046351909637451,2.046351909637451,4.66070032119751,1
FakeVideo-FakeAudio/Caucasian (American)/men/id00264/00257_0_id01182_wavtolip.npz,2.4131011962890625,2.4131011962890625,4.631626129150391,1
FakeVideo-FakeAudio/Caucasian (American)/men/id00264/00257_0_id03678_wavtolip.npz,1.869483232498169,1.869483232498169,4.5884199142456055,1
FakeVideo-FakeAudio/Caucasian (American)/men/id00264/00257_1_id00169_wavtolip.npz,2.347460985183716,2.347460985183716,4.525094509124756,1
FakeVideo-FakeAudio/Caucasian (American)/men/id00264/00257_1_id00243_wavtolip.npz,-1.5866150856018066,-1.5866150856018066,4.497433662414551,1
FakeVideo-FakeAudio/Caucasian (American)/men/id00264/00257_1_id00943_wavtolip.npz,2.5372016429901123,2.5372016429901123,4.501006126403809,1
FakeVideo-FakeAudio/Caucasian (American)/men/id00264/00257_1_id01048_wavtolip.npz,1.5886181592941284,1.5886181592941284,4.247159957885742,1
FakeVideo-FakeAudio/Caucasian (American)/men/id00264/00257_1_id01163_wavtolip.npz,2.5079784393310547,2.5079784393310547,4.515608787536621,1
FakeVideo-FakeAudio/Caucasian (American)/men/id00264/00257_2_id00021_wavtolip.npz,1.0762360095977783,1.0762360095977783,4.568698883056641,1
FakeVideo-FakeAudio/Caucasian (American)/men/id00264/00257_2_id01124_wavtolip.npz,3.0007853507995605,3.0007853507995605,5.362242221832275,1
FakeVideo-FakeAudio/Caucasian (American)/men/id00264/00257_2_id01172_wavtolip.npz,1.7471554279327393,1.7471554279327393,4.454174518585205,1
FakeVideo-FakeAudio/Caucasian (American)/men/id00264/00257_2_id01210_wavtolip.npz,2.3547544479370117,2.3547544479370117,4.341423511505127,1
FakeVideo-FakeAudio/Caucasian (American)/men/id00264/00257_2_id04221_wavtolip.npz,-0.6387629508972168,-0.6387629508972168,4.961788654327393,1
FakeVideo-FakeAudio/Caucasian (American)/men/id00264/00257_3_id00021_wavtolip.npz,1.4586117267608643,1.4586117267608643,4.558667182922363,1
FakeVideo-FakeAudio/Caucasian (American)/men/id00264/00257_3_id00060_wavtolip.npz,2.295201301574707,2.295201301574707,4.554714679718018,1
FakeVideo-FakeAudio/Caucasian (American)/men/id00264/00257_3_id00062_wavtolip.npz,3.069154739379883,3.069154739379883,5.112733364105225,1
FakeVideo-FakeAudio/Caucasian (American)/men/id00264/00257_3_id00777_wavtolip.npz,2.8654720783233643,2.8654720783233643,5.169699668884277,1
FakeVideo-FakeAudio/Caucasian (American)/men/id00264/00257_3_id03678_wavtolip.npz,2.402778148651123,2.402778148651123,4.590300559997559,1
FakeVideo-FakeAudio/Caucasian (American)/men/id00264/00257_id00018_sap-FjURHlc_id00169_wavtolip.npz,2.498716354370117,2.498716354370117,4.667721271514893,1
FakeVideo-FakeAudio/Caucasian (American)/men/id00264/00257_id00018_wavtolip.npz,2.0890979766845703,2.0890979766845703,4.618684768676758,1
FakeVideo-FakeAudio/Caucasian (American)/men/id00264/00257_id00021_wavtolip.npz,1.1951675415039062,1.1951675415039062,4.5821990966796875,1
FakeVideo-FakeAudio/Caucasian (American)/men/id00264/00257_id00049_S_EHTUF-mQY_id00179_wavtolip.npz,1.2715009450912476,1.2715009450912476,4.435707092285156,1
FakeVideo-FakeAudio/Caucasian (American)/men/id00264/00257_id00052_NK_leX996Yk_id01210_wavtolip.npz,1.943051815032959,1.943051815032959,4.286844253540039,1
FakeVideo-FakeAudio/Caucasian (American)/men/id00264/00257_id00052_wavtolip.npz,-1.1535056829452515,-1.1535056829452515,4.635610580444336,1
FakeVideo-FakeAudio/Caucasian (American)/men/id00264/00257_id00169_wavtolip.npz,2.5317769050598145,2.5317769050598145,4.639348030090332,1
FakeVideo-FakeAudio/Caucasian (American)/men/id00264/00257_id00184_wavtolip.npz,1.8960102796554565,1.8960102796554565,4.687610626220703,1
FakeVideo-FakeAudio/Caucasian (American)/men/id00264/00257_id00243_wavtolip.npz,-1.6255578994750977,-1.6255578994750977,4.653756141662598,1
FakeVideo-FakeAudio/Caucasian (American)/men/id00264/00257_id00345_wavtolip.npz,2.2722511291503906,2.2722511291503906,4.436516761779785,1
FakeVideo-FakeAudio/Caucasian (American)/men/id00264/00257_id00529_xtx2GeQN-DQ_id01124_wavtolip.npz,2.556692361831665,2.556692361831665,4.613873481750488,1
FakeVideo-FakeAudio/Caucasian (American)/men/id00264/00257_id00696_7PrURACjhqU_id01210_wavtolip.npz,2.000882148742676,2.000882148742676,4.303898811340332,1
FakeVideo-FakeAudio/Caucasian (American)/men/id00264/00257_id00945_V-rSeF8o5pc_id01210_wavtolip.npz,2.384896755218506,2.384896755218506,4.33212423324585,1
FakeVideo-FakeAudio/Caucasian (American)/men/id00264/00257_id00945_wavtolip.npz,2.163287401199341,2.163287401199341,4.657536506652832,1
FakeVideo-FakeAudio/Caucasian (American)/men/id00264/00257_id00971_wavtolip.npz,-1.4580363035202026,-1.4580363035202026,4.603417873382568,1
FakeVideo-FakeAudio/Caucasian (American)/men/id00264/00257_id01182_zca-PHR_U40_id04034_wavtolip.npz,-1.1850032806396484,-1.1850032806396484,4.681997776031494,1
FakeVideo-FakeAudio/Caucasian (American)/men/id00264/00257_id01201_Q8XWfmNiWYA_id00020_wavtolip.npz,-1.3790639638900757,-1.3790639638900757,4.648390293121338,1
FakeVideo-FakeAudio/Caucasian (American)/men/id00264/00257_id03678_wavtolip.npz,2.2022414207458496,2.2022414207458496,4.607222557067871,1
FakeVideo-FakeAudio/Caucasian (American)/men/id00264/00257_id03757_L-M-XbdFLQM_id00943_wavtolip.npz,1.7419785261154175,1.7419785261154175,4.6158037185668945,1
FakeVideo-FakeAudio/Caucasian (American)/men/id00264/00257_id04073_KT7B07WFWyM_id00062_wavtolip.npz,2.7096824645996094,2.7096824645996094,4.659614562988281,1
FakeVideo-FakeAudio/Caucasian (American)/men/id00529/00409_id00018_sap-FjURHlc_id01124_wavtolip.npz,1.8975028991699219,1.8975028991699219,4.743583679199219,1
FakeVideo-FakeAudio/Caucasian (American)/men/id00529/00409_id00020_wavtolip.npz,-1.4745408296585083,-1.4745408296585083,4.743143081665039,1
FakeVideo-FakeAudio/Caucasian (American)/men/id00529/00409_id00029_wavtolip.npz,0.05000746250152588,0.05000746250152588,4.824720859527588,1
FakeVideo-FakeAudio/Caucasian (American)/men/id00529/00409_id00049_S_EHTUF-mQY_id00943_wavtolip.npz,2.282438039779663,2.282438039779663,4.706040382385254,1
FakeVideo-FakeAudio/Caucasian (American)/men/id00529/00409_id00060_gZ4RkcQ0SXE_id01105_wavtolip.npz,2.4608397483825684,2.4608397483825684,4.785780906677246,1
FakeVideo-FakeAudio/Caucasian (American)/men/id00529/00409_id00060_wavtolip.npz,2.252887487411499,2.252887487411499,4.559621810913086,1
FakeVideo-FakeAudio/Caucasian (American)/men/id00529/00409_id00169_wavtolip.npz,2.283522844314575,2.283522844314575,4.649625301361084,1
FakeVideo-FakeAudio/Caucasian (American)/men/id00529/00409_id00184_wavtolip.npz,2.4266529083251953,2.4266529083251953,4.83156681060791,1
FakeVideo-FakeAudio/Caucasian (American)/men/id00529/00409_id00243_oWwEIXM3oZQ_id01239_wavtolip.npz,0.6787285804748535,0.6787285804748535,4.7930731773376465,1
FakeVideo-FakeAudio/Caucasian (American)/men/id00529/00409_id00243_wavtolip.npz,-0.42377638816833496,-0.42377638816833496,4.814830780029297,1
FakeVideo-FakeAudio/Caucasian (American)/men/id00529/00409_id00777_wavtolip.npz,1.859310269355774,1.859310269355774,4.83678674697876,1
FakeVideo-FakeAudio/Caucasian (American)/men/id00529/00409_id01105_wavtolip.npz,2.3638129234313965,2.3638129234313965,4.809891223907471,1
FakeVideo-FakeAudio/Caucasian (American)/men/id00529/00409_id01163_QSMeUEH3lJM_id00777_wavtolip.npz,2.1142585277557373,2.1142585277557373,4.801372528076172,1
FakeVideo-FakeAudio/Caucasian (American)/men/id00529/00409_id01168_Uz7M0nTbgWM_id00088_wavtolip.npz,2.229111909866333,2.229111909866333,4.560801029205322,1
FakeVideo-FakeAudio/Caucasian (American)/men/id00529/00409_id01172_8f8sdrQatpw_id01042_wavtolip.npz,2.1149306297302246,2.1149306297302246,4.4217305183410645,1
FakeVideo-FakeAudio/Caucasian (American)/men/id00529/00409_id01182_wavtolip.npz,2.1497015953063965,2.1497015953063965,4.797235012054443,1
FakeVideo-FakeAudio/Caucasian (American)/men/id00529/00409_id01239_wavtolip.npz,-1.0184617042541504,-1.0184617042541504,4.783073902130127,1
FakeVideo-FakeAudio/Caucasian (American)/men/id00529/00409_id03668_mjurT3_7DpE_id01172_wavtolip.npz,-0.04268622398376465,-0.04268622398376465,4.553327560424805,1
FakeVideo-FakeAudio/Caucasian (American)/men/id00529/00409_id03678_dsfCxodI9i8_faceswap_id00021_wavtolip.npz,1.728787899017334,1.728787899017334,4.582847595214844,1
FakeVideo-FakeAudio/Caucasian (American)/men/id00529/00409_id03678_dsfCxodI9i8_faceswap_id00243_wavtolip.npz,-0.16089189052581787,-0.16089189052581787,4.844841003417969,1
FakeVideo-FakeAudio/Caucasian (American)/men/id00529/00409_id03678_dsfCxodI9i8_faceswap_id01042_wavtolip.npz,1.9139736890792847,1.9139736890792847,4.461998462677002,1
FakeVideo-FakeAudio/Caucasian (American)/men/id00529/00409_id03678_dsfCxodI9i8_faceswap_id01201_wavtolip.npz,2.578173875808716,2.578173875808716,4.793957710266113,1
FakeVideo-FakeAudio/Caucasian (American)/men/id00529/00409_id03678_dsfCxodI9i8_faceswap_id04034_wavtolip.npz,-0.6973401308059692,-0.6973401308059692,4.7886152267456055,1
FakeVideo-FakeAudio/Caucasian (American)/men/id00529/00409_id03678_dsfCxodI9i8_id00708_wavtolip.npz,2.2415449619293213,2.2415449619293213,4.511748313903809,1
FakeVideo-FakeAudio/Caucasian (American)/men/id00529/00409_id04034_8ZeJXbjFa_o_id01175_wavtolip.npz,2.2168867588043213,2.2168867588043213,4.463282585144043,1
FakeVideo-FakeAudio/Caucasian (American)/men/id00943/00304_id00021_6uNNej-JZ-c_faceswap_id00018_wavtolip.npz,1.6057226657867432,1.6057226657867432,4.646106719970703,1
FakeVideo-FakeAudio/Caucasian (American)/men/id00943/00304_id00021_6uNNej-JZ-c_faceswap_id00029_wavtolip.npz,1.954370379447937,1.954370379447937,5.183889865875244,1
FakeVideo-FakeAudio/Caucasian (American)/men/id00943/00304_id00021_6uNNej-JZ-c_faceswap_id00087_wavtolip.npz,2.7167115211486816,2.7167115211486816,4.820594787597656,1
FakeVideo-FakeAudio/Caucasian (American)/men/id00943/00304_id00021_6uNNej-JZ-c_faceswap_id00179_wavtolip.npz,1.3297415971755981,1.3297415971755981,4.439057350158691,1
FakeVideo-FakeAudio/Caucasian (American)/men/id00943/00304_id00021_6uNNej-JZ-c_faceswap_id00184_wavtolip.npz,2.8354039192199707,2.8354039192199707,4.830883979797363,1
FakeVideo-FakeAudio/Caucasian (American)/men/id00943/00304_id00021_6uNNej-JZ-c_id04073_wavtolip.npz,3.1273560523986816,3.1273560523986816,5.094219207763672,1
FakeVideo-FakeAudio/Caucasian (American)/men/id00943/00304_id00049_S_EHTUF-mQY_id04221_wavtolip.npz,-0.5649951696395874,-0.5649951696395874,4.947250843048096,1
FakeVideo-FakeAudio/Caucasian (American)/men/id00943/00304_id00052_NK_leX996Yk_id01172_wavtolip.npz,1.5674552917480469,1.5674552917480469,4.5341973304748535,1
FakeVideo-FakeAudio/Caucasian (American)/men/id00943/00304_id00060_gZ4RkcQ0SXE_id04221_wavtolip.npz,-0.17264997959136963,-0.17264997959136963,4.9790544509887695,1
FakeVideo-FakeAudio/Caucasian (American)/men/id00943/00304_id00088_wavtolip.npz,2.3279123306274414,2.3279123306274414,4.573892593383789,1
FakeVideo-FakeAudio/Caucasian (American)/men/id00943/00304_id00179_Ux9OYyipQi8_id00179_wavtolip.npz,0.8336625099182129,0.8336625099182129,4.437885761260986,1
FakeVideo-FakeAudio/Caucasian (American)/men/id00943/00304_id00179_wavtolip.npz,1.7056140899658203,1.7056140899658203,4.404191017150879,1
FakeVideo-FakeAudio/Caucasian (American)/men/id00943/00304_id00184_wavtolip.npz,2.747739315032959,2.747739315032959,4.832259178161621,1
FakeVideo-FakeAudio/Caucasian (American)/men/id00943/00304_id00529_wavtolip.npz,2.383690118789673,2.383690118789673,4.740600109100342,1
FakeVideo-FakeAudio/Caucasian (American)/men/id00943/00304_id00529_xtx2GeQN-DQ_id00169_wavtolip.npz,2.404590606689453,2.404590606689453,4.646922588348389,1
FakeVideo-FakeAudio/Caucasian (American)/men/id00943/00304_id00777_wavtolip.npz,2.8409430980682373,2.8409430980682373,5.188920974731445,1
FakeVideo-FakeAudio/Caucasian (American)/men/id00943/00304_id00945_V-rSeF8o5pc_id04216_wavtolip.npz,2.312051296234131,2.312051296234131,4.537096977233887,1
FakeVideo-FakeAudio/Caucasian (American)/men/id00943/00304_id01044_yL58R6zBNf4_id00169_wavtolip.npz,2.3696186542510986,2.3696186542510986,4.667266368865967,1
FakeVideo-FakeAudio/Caucasian (American)/men/id00943/00304_id01192_wavtolip.npz,2.805202007293701,2.805202007293701,4.932773113250732,1
FakeVideo-FakeAudio/Caucasian (American)/men/id00943/00304_id01210_wavtolip.npz,2.075251579284668,2.075251579284668,4.347589015960693,1
FakeVideo-FakeAudio/Caucasian (American)/men/id00943/00304_id01211_wavtolip.npz,2.7328615188598633,2.7328615188598633,4.828662395477295,1
FakeVideo-FakeAudio/Caucasian (American)/men/id00943/00304_id03525_wavtolip.npz,2.759768009185791,2.759768009185791,4.91071081161499,1
FakeVideo-FakeAudio/Caucasian (American)/men/id00943/00304_id03757_wavtolip.npz,2.3312184810638428,2.3312184810638428,4.610673427581787,1
FakeVideo-FakeAudio/Caucasian (American)/men/id01096/00037_id00020_wavtolip.npz,2.608057975769043,2.608057975769043,5.325098991394043,1
FakeVideo-FakeAudio/Caucasian (American)/men/id01096/00037_id00029_TGpCGl036qk_id00696_wavtolip.npz,2.550504207611084,2.550504207611084,4.6788330078125,1
FakeVideo-FakeAudio/Caucasian (American)/men/id01096/00037_id00029_wavtolip.npz,2.1030070781707764,2.1030070781707764,5.195479869842529,1
FakeVideo-FakeAudio/Caucasian (American)/men/id01096/00037_id00052_wavtolip.npz,1.66652512550354,1.66652512550354,5.111856937408447,1
FakeVideo-FakeAudio/Caucasian (American)/men/id01096/00037_id00087_0ZbOp9FgZf8_id03757_wavtolip.npz,2.044374942779541,2.044374942779541,4.603778839111328,1
FakeVideo-FakeAudio/Caucasian (American)/men/id01096/00037_id00179_Ux9OYyipQi8_id01105_wavtolip.npz,2.282263994216919,2.282263994216919,4.784268379211426,1
FakeVideo-FakeAudio/Caucasian (American)/men/id01096/00037_id00696_wavtolip.npz,2.4353902339935303,2.4353902339935303,4.653338432312012,1
FakeVideo-FakeAudio/Caucasian (American)/men/id01096/00037_id00708_Dzmb0FH1xBc_id00179_wavtolip.npz,1.3058267831802368,1.3058267831802368,4.438318729400635,1
FakeVideo-FakeAudio/Caucasian (American)/men/id01096/00037_id00775_yeCUxHgUHxc_faceswap_id00018_wavtolip.npz,0.6766903400421143,0.6766903400421143,4.613652229309082,1
FakeVideo-FakeAudio/Caucasian (American)/men/id01096/00037_id00775_yeCUxHgUHxc_faceswap_id00696_wavtolip.npz,2.208944797515869,2.208944797515869,4.650643825531006,1
FakeVideo-FakeAudio/Caucasian (American)/men/id01096/00037_id00775_yeCUxHgUHxc_faceswap_id00943_wavtolip.npz,2.837052345275879,2.837052345275879,4.974296569824219,1
FakeVideo-FakeAudio/Caucasian (American)/men/id01096/00037_id00775_yeCUxHgUHxc_faceswap_id01124_wavtolip.npz,3.0990610122680664,3.0990610122680664,5.3227152824401855,1
FakeVideo-FakeAudio/Caucasian (American)/men/id01096/00037_id00775_yeCUxHgUHxc_faceswap_id03757_wavtolip.npz,2.0163586139678955,2.0163586139678955,4.578123569488525,1
FakeVideo-FakeAudio/Caucasian (American)/men/id01096/00037_id00775_yeCUxHgUHxc_id01211_wavtolip.npz,2.6244235038757324,2.6244235038757324,4.857379913330078,1
FakeVideo-FakeAudio/Caucasian (American)/men/id01096/00037_id00777_wavtolip.npz,2.796358108520508,2.796358108520508,5.278417587280273,1
FakeVideo-FakeAudio/Caucasian (American)/men/id01096/00037_id00943_LxSv2rnBGA8_id01042_wavtolip.npz,2.327216625213623,2.327216625213623,4.355742454528809,1
FakeVideo-FakeAudio/Caucasian (American)/men/id01096/00037_id00943_wavtolip.npz,2.6081221103668213,2.6081221103668213,4.968269348144531,1
FakeVideo-FakeAudio/Caucasian (American)/men/id01096/00037_id00971_wavtolip.npz,2.639251232147217,2.639251232147217,5.149545192718506,1
FakeVideo-FakeAudio/Caucasian (American)/men/id01096/00037_id01042_afqWPqWwJIY_id03525_wavtolip.npz,2.57535719871521,2.57535719871521,4.901355266571045,1
FakeVideo-FakeAudio/Caucasian (American)/men/id01096/00037_id01048_keflA4viWt8_id01182_wavtolip.npz,2.696148633956909,2.696148633956909,4.9662766456604,1
FakeVideo-FakeAudio/Caucasian (American)/men/id01096/00037_id01210_wavtolip.npz,2.2751541137695312,2.2751541137695312,4.350139617919922,1
FakeVideo-FakeAudio/Caucasian (American)/men/id01096/00037_id01239_gJvquKo7kbA_id01182_wavtolip.npz,2.614884376525879,2.614884376525879,4.931256294250488,1
FakeVideo-FakeAudio/Caucasian (American)/men/id01096/00037_id03678_wavtolip.npz,2.2478408813476562,2.2478408813476562,4.567535877227783,1
FakeVideo-FakeAudio/Caucasian (American)/men/id01096/00037_id03757_wavtolip.npz,1.9317817687988281,1.9317817687988281,4.582740306854248,1
FakeVideo-FakeAudio/Caucasian (American)/men/id01096/00037_id04221_5XfsCrxGvj4_id00018_wavtolip.npz,1.0128345489501953,1.0128345489501953,4.625399112701416,1
FakeVideo-FakeAudio/Caucasian (American)/men/id00345/00243_id00060_wavtolip.npz,1.5027209520339966,1.5027209520339966,4.488092422485352,1
FakeVideo-FakeAudio/Caucasian (American)/men/id00345/00243_id00062_wavtolip.npz,2.475125312805176,2.475125312805176,4.45461893081665,1
FakeVideo-FakeAudio/Caucasian (American)/men/id00345/00243_id00087_wavtolip.npz,0.642080545425415,0.642080545425415,4.482163429260254,1
FakeVideo-FakeAudio/Caucasian (American)/men/id00345/00243_id00088_6WIDWxr8vuU_id03668_wavtolip.npz,2.410478115081787,2.410478115081787,4.445047855377197,1
FakeVideo-FakeAudio/Caucasian (American)/men/id00345/00243_id00179_Ux9OYyipQi8_faceswap_id00945_wavtolip.npz,2.496034860610962,2.496034860610962,4.484833717346191,1
FakeVideo-FakeAudio/Caucasian (American)/men/id00345/00243_id00179_Ux9OYyipQi8_faceswap_id01168_wavtolip.npz,2.289707660675049,2.289707660675049,4.535697937011719,1
FakeVideo-FakeAudio/Caucasian (American)/men/id00345/00243_id00179_Ux9OYyipQi8_faceswap_id01175_wavtolip.npz,2.4472482204437256,2.4472482204437256,4.505964279174805,1
FakeVideo-FakeAudio/Caucasian (American)/men/id00345/00243_id00179_Ux9OYyipQi8_faceswap_id01201_wavtolip.npz,2.443856954574585,2.443856954574585,4.536293029785156,1
FakeVideo-FakeAudio/Caucasian (American)/men/id00345/00243_id00179_Ux9OYyipQi8_faceswap_id04073_wavtolip.npz,2.470582962036133,2.470582962036133,4.475348472595215,1
FakeVideo-FakeAudio/Caucasian (American)/men/id00345/00243_id00179_Ux9OYyipQi8_id01201_wavtolip.npz,2.2789390087127686,2.2789390087127686,4.463413715362549,1
FakeVideo-FakeAudio/Caucasian (American)/men/id00345/00243_id00184_wavtolip.npz,2.4207420349121094,2.4207420349121094,4.529491424560547,1
FakeVideo-FakeAudio/Caucasian (American)/men/id00345/00243_id00696_7PrURACjhqU_id01239_wavtolip.npz,2.2086551189422607,2.2086551189422607,4.414742469787598,1
FakeVideo-FakeAudio/Caucasian (American)/men/id00345/00243_id00696_wavtolip.npz,2.3689990043640137,2.3689990043640137,4.505429744720459,1
FakeVideo-FakeAudio/Caucasian (American)/men/id00345/00243_id00777_wavtolip.npz,2.140625238418579,2.140625238418579,4.519009590148926,1
FakeVideo-FakeAudio/Caucasian (American)/men/id00345/00243_id01105_wavtolip.npz,2.259631395339966,2.259631395339966,4.478182792663574,1
FakeVideo-FakeAudio/Caucasian (American)/men/id00345/00243_id01124_Lnf2oGSM00s_id01035_wavtolip.npz,2.595205068588257,2.595205068588257,4.513596057891846,1
FakeVideo-FakeAudio/Caucasian (American)/men/id00345/00243_id01182_zca-PHR_U40_id00052_wavtolip.npz,-1.0063416957855225,-1.0063416957855225,4.474547863006592,1
FakeVideo-FakeAudio/Caucasian (American)/men/id00345/00243_id01201_wavtolip.npz,2.269857883453369,2.269857883453369,4.504701614379883,1
FakeVideo-FakeAudio/Caucasian (American)/men/id00345/00243_id01210_sMdOO7NqsGY_id00049_wavtolip.npz,0.9190695285797119,0.9190695285797119,4.447200775146484,1
FakeVideo-FakeAudio/Caucasian (American)/men/id00345/00243_id01211_ALJX69-RDG8_id00049_wavtolip.npz,0.35808420181274414,0.35808420181274414,4.390275001525879,1
FakeVideo-FakeAudio/Caucasian (American)/men/id00345/00243_id01239_gJvquKo7kbA_id01096_wavtolip.npz,2.477158546447754,2.477158546447754,4.510330677032471,1
FakeVideo-FakeAudio/Caucasian (American)/men/id00345/00243_id03525_wavtolip.npz,2.497257709503174,2.497257709503174,4.481896877288818,1
FakeVideo-FakeAudio/Caucasian (American)/men/id00345/00243_id04073_KT7B07WFWyM_id00052_wavtolip.npz,-1.0950134992599487,-1.0950134992599487,4.506504535675049,1
FakeVideo-FakeAudio/Caucasian (American)/men/id00345/00243_id04216_wavtolip.npz,2.1252570152282715,2.1252570152282715,4.572944641113281,1
FakeVideo-FakeAudio/Caucasian (American)/men/id01192/00217_id00029_wavtolip.npz,0.4876514673233032,0.4876514673233032,4.95365047454834,1
FakeVideo-FakeAudio/Caucasian (American)/men/id01192/00217_id00052_wavtolip.npz,-1.1828901767730713,-1.1828901767730713,4.923671722412109,1
FakeVideo-FakeAudio/Caucasian (American)/men/id01192/00217_id00062_bctnrIvZHTs_id04216_wavtolip.npz,2.2638087272644043,2.2638087272644043,4.561838150024414,1
FakeVideo-FakeAudio/Caucasian (American)/men/id01192/00217_id00087_wavtolip.npz,2.5712592601776123,2.5712592601776123,4.862339973449707,1
FakeVideo-FakeAudio/Caucasian (American)/men/id01192/00217_id00088_wavtolip.npz,0.623384952545166,0.623384952545166,4.52773904800415,1
FakeVideo-FakeAudio/Caucasian (American)/men/id01192/00217_id00169__V1xAwwG29U_id00345_wavtolip.npz,1.9106584787368774,1.9106584787368774,4.4124627113342285,1
FakeVideo-FakeAudio/Caucasian (American)/men/id01192/00217_id00169_wavtolip.npz,2.2466824054718018,2.2466824054718018,4.710218906402588,1
FakeVideo-FakeAudio/Caucasian (American)/men/id01192/00217_id00775_wavtolip.npz,1.0731444358825684,1.0731444358825684,4.280539512634277,1
FakeVideo-FakeAudio/Caucasian (American)/men/id01192/00217_id00775_yeCUxHgUHxc_id01201_wavtolip.npz,0.850479245185852,0.850479245185852,4.901916980743408,1
FakeVideo-FakeAudio/Caucasian (American)/men/id01192/00217_id00943_wavtolip.npz,2.1580495834350586,2.1580495834350586,4.828410625457764,1
FakeVideo-FakeAudio/Caucasian (American)/men/id01192/00217_id01035_wavtolip.npz,2.3632495403289795,2.3632495403289795,4.570186614990234,1
FakeVideo-FakeAudio/Caucasian (American)/men/id01192/00217_id01042_afqWPqWwJIY_id00529_wavtolip.npz,1.875708818435669,1.875708818435669,4.7376227378845215,1
FakeVideo-FakeAudio/Caucasian (American)/men/id01192/00217_id01044_yL58R6zBNf4_id03757_wavtolip.npz,2.0172135829925537,2.0172135829925537,4.577442169189453,1
FakeVideo-FakeAudio/Caucasian (American)/men/id01192/00217_id01096_wavtolip.npz,2.526297092437744,2.526297092437744,4.9124603271484375,1
FakeVideo-FakeAudio/Caucasian (American)/men/id01192/00217_id01105_qxMlGJlyfA8_faceswap_id00021_wavtolip.npz,0.7215287685394287,0.7215287685394287,4.571606636047363,1
FakeVideo-FakeAudio/Caucasian (American)/men/id01192/00217_id01105_qxMlGJlyfA8_faceswap_id00029_wavtolip.npz,0.17187047004699707,0.17187047004699707,4.979027271270752,1
FakeVideo-FakeAudio/Caucasian (American)/men/id01192/00217_id01105_qxMlGJlyfA8_faceswap_id00087_wavtolip.npz,2.6909759044647217,2.6909759044647217,4.844646453857422,1
FakeVideo-FakeAudio/Caucasian (American)/men/id01192/00217_id01105_qxMlGJlyfA8_faceswap_id00529_wavtolip.npz,2.0103323459625244,2.0103323459625244,4.752449035644531,1
FakeVideo-FakeAudio/Caucasian (American)/men/id01192/00217_id01105_qxMlGJlyfA8_faceswap_id00943_wavtolip.npz,2.3557255268096924,2.3557255268096924,4.82420015335083,1
FakeVideo-FakeAudio/Caucasian (American)/men/id01192/00217_id01105_qxMlGJlyfA8_id01192_wavtolip.npz,2.6553189754486084,2.6553189754486084,4.891759395599365,1
FakeVideo-FakeAudio/Caucasian (American)/men/id01192/00217_id01163_QSMeUEH3lJM_id04219_wavtolip.npz,0.6771516799926758,0.6771516799926758,4.561570167541504,1
FakeVideo-FakeAudio/Caucasian (American)/men/id01192/00217_id01239_gJvquKo7kbA_id03668_wavtolip.npz,2.4123568534851074,2.4123568534851074,4.921844959259033,1
FakeVideo-FakeAudio/Caucasian (American)/men/id01192/00217_id04073_KT7B07WFWyM_id01168_wavtolip.npz,1.904000997543335,1.904000997543335,4.514019966125488,1
FakeVideo-FakeAudio/Caucasian (American)/men/id01192/00217_id04219_wavtolip.npz,2.4980859756469727,2.4980859756469727,4.6315131187438965,1
FakeVideo-FakeAudio/Caucasian (American)/men/id01192/00217_id04221_5XfsCrxGvj4_id01239_wavtolip.npz,0.10620307922363281,0.10620307922363281,4.92268705368042,1
FakeVideo-FakeAudio/Caucasian (American)/men/id03678/00078_id00018_sap-FjURHlc_id03668_wavtolip.npz,1.3674731254577637,1.3674731254577637,4.740383625030518,1
FakeVideo-FakeAudio/Caucasian (American)/men/id03678/00078_id00049_S_EHTUF-mQY_id00345_wavtolip.npz,1.7606545686721802,1.7606545686721802,4.440922737121582,1
FakeVideo-FakeAudio/Caucasian (American)/men/id03678/00078_id00049_wavtolip.npz,-1.5403409004211426,-1.5403409004211426,4.637266159057617,1
FakeVideo-FakeAudio/Caucasian (American)/men/id03678/00078_id00060_wavtolip.npz,2.451338291168213,2.451338291168213,4.551513671875,1
FakeVideo-FakeAudio/Caucasian (American)/men/id03678/00078_id00169__V1xAwwG29U_id00243_wavtolip.npz,-1.561725378036499,-1.561725378036499,4.665174961090088,1
FakeVideo-FakeAudio/Caucasian (American)/men/id03678/00078_id00243_oWwEIXM3oZQ_id00087_wavtolip.npz,-1.3554052114486694,-1.3554052114486694,4.721803188323975,1
FakeVideo-FakeAudio/Caucasian (American)/men/id03678/00078_id00264_wavtolip.npz,2.4335851669311523,2.4335851669311523,4.649641036987305,1
FakeVideo-FakeAudio/Caucasian (American)/men/id03678/00078_id00345_wavtolip.npz,2.2772436141967773,2.2772436141967773,4.444599628448486,1
FakeVideo-FakeAudio/Caucasian (American)/men/id03678/00078_id00529_wavtolip.npz,2.2273457050323486,2.2273457050323486,4.71602201461792,1
FakeVideo-FakeAudio/Caucasian (American)/men/id03678/00078_id00529_xtx2GeQN-DQ_id00264_wavtolip.npz,2.450207471847534,2.450207471847534,4.707226276397705,1
FakeVideo-FakeAudio/Caucasian (American)/men/id03678/00078_id00696_7PrURACjhqU_id01239_wavtolip.npz,0.45593762397766113,0.45593762397766113,4.6397528648376465,1
FakeVideo-FakeAudio/Caucasian (American)/men/id03678/00078_id00777_wavtolip.npz,2.430107831954956,2.430107831954956,4.664864540100098,1
FakeVideo-FakeAudio/Caucasian (American)/men/id03678/00078_id00971_wavtolip.npz,-1.24657142162323,-1.24657142162323,4.643673896789551,1
FakeVideo-FakeAudio/Caucasian (American)/men/id03678/00078_id01124_Lnf2oGSM00s_id00777_wavtolip.npz,2.303241729736328,2.303241729736328,4.664923667907715,1
FakeVideo-FakeAudio/Caucasian (American)/men/id03678/00078_id01163_QSMeUEH3lJM_id00062_wavtolip.npz,2.5353243350982666,2.5353243350982666,4.693366527557373,1
FakeVideo-FakeAudio/Caucasian (American)/men/id03678/00078_id01172_8f8sdrQatpw_id03525_wavtolip.npz,2.564023017883301,2.564023017883301,4.726622581481934,1
FakeVideo-FakeAudio/Caucasian (American)/men/id03678/00078_id01182_wavtolip.npz,2.6654975414276123,2.6654975414276123,4.650839328765869,1
FakeVideo-FakeAudio/Caucasian (American)/men/id03678/00078_id01192_wavtolip.npz,2.6085071563720703,2.6085071563720703,4.681900978088379,1
FakeVideo-FakeAudio/Caucasian (American)/men/id03678/00078_id03668_mjurT3_7DpE_faceswap_id00021_wavtolip.npz,1.741617202758789,1.741617202758789,4.595698833465576,1
FakeVideo-FakeAudio/Caucasian (American)/men/id03678/00078_id03668_mjurT3_7DpE_faceswap_id00184_wavtolip.npz,2.574371814727783,2.574371814727783,4.687931537628174,1
FakeVideo-FakeAudio/Caucasian (American)/men/id03678/00078_id03668_mjurT3_7DpE_faceswap_id01172_wavtolip.npz,1.7244629859924316,1.7244629859924316,4.516045570373535,1
FakeVideo-FakeAudio/Caucasian (American)/men/id03678/00078_id03668_mjurT3_7DpE_faceswap_id01192_wavtolip.npz,2.538013458251953,2.538013458251953,4.714581489562988,1
FakeVideo-FakeAudio/Caucasian (American)/men/id03678/00078_id03668_mjurT3_7DpE_faceswap_id01239_wavtolip.npz,0.6451598405838013,0.6451598405838013,4.664409637451172,1
FakeVideo-FakeAudio/Caucasian (American)/men/id03678/00078_id03668_mjurT3_7DpE_id00088_wavtolip.npz,2.0591325759887695,2.0591325759887695,4.531337738037109,1
FakeVideo-FakeAudio/Caucasian (American)/men/id03678/00078_id04034_wavtolip.npz,-0.7911708354949951,-0.7911708354949951,4.685483932495117,1
FakeVideo-FakeAudio/Caucasian (American)/men/id00018/00181_id00029_wavtolip.npz,0.8885257244110107,0.8885257244110107,4.694083213806152,1
FakeVideo-FakeAudio/Caucasian (American)/men/id00018/00181_id00052_wavtolip.npz,-0.8276435732841492,-0.8276435732841492,4.6640520095825195,1
FakeVideo-FakeAudio/Caucasian (American)/men/id00018/00181_id00088_6WIDWxr8vuU_id01096_wavtolip.npz,2.660320281982422,2.660320281982422,4.7486090660095215,1
FakeVideo-FakeAudio/Caucasian (American)/men/id00018/00181_id00169__V1xAwwG29U_id01210_wavtolip.npz,1.9148305654525757,1.9148305654525757,4.296530246734619,1
FakeVideo-FakeAudio/Caucasian (American)/men/id00018/00181_id00243_oWwEIXM3oZQ_id00945_wavtolip.npz,2.3214471340179443,2.3214471340179443,4.652451992034912,1
FakeVideo-FakeAudio/Caucasian (American)/men/id00018/00181_id00264_wavtolip.npz,1.878460168838501,1.878460168838501,4.642468452453613,1
FakeVideo-FakeAudio/Caucasian (American)/men/id00018/00181_id00529_wavtolip.npz,2.439164638519287,2.439164638519287,4.706833839416504,1
FakeVideo-FakeAudio/Caucasian (American)/men/id00018/00181_id00696_7PrURACjhqU_id00021_wavtolip.npz,0.8544721603393555,0.8544721603393555,4.611876964569092,1
FakeVideo-FakeAudio/Caucasian (American)/men/id00018/00181_id00696_wavtolip.npz,2.3649110794067383,2.3649110794067383,4.685412883758545,1
FakeVideo-FakeAudio/Caucasian (American)/men/id00018/00181_id01048_wavtolip.npz,1.9337661266326904,1.9337661266326904,4.222576141357422,1
FakeVideo-FakeAudio/Caucasian (American)/men/id00018/00181_id01124_Lnf2oGSM00s_id00243_wavtolip.npz,-1.4818857908248901,-1.4818857908248901,4.652750492095947,1
FakeVideo-FakeAudio/Caucasian (American)/men/id00018/00181_id01163_QSMeUEH3lJM_id00696_wavtolip.npz,2.49320125579834,2.49320125579834,4.649586200714111,1
FakeVideo-FakeAudio/Caucasian (American)/men/id00018/00181_id01175_wavtolip.npz,2.066664695739746,2.066664695739746,4.511124134063721,1
FakeVideo-FakeAudio/Caucasian (American)/men/id00018/00181_id01201_Q8XWfmNiWYA_faceswap_id00243_wavtolip.npz,-1.5924307107925415,-1.5924307107925415,4.6574273109436035,1
FakeVideo-FakeAudio/Caucasian (American)/men/id00018/00181_id01201_Q8XWfmNiWYA_faceswap_id00777_wavtolip.npz,2.283332586288452,2.283332586288452,4.6987199783325195,1
FakeVideo-FakeAudio/Caucasian (American)/men/id00018/00181_id01201_Q8XWfmNiWYA_faceswap_id00945_wavtolip.npz,2.297213077545166,2.297213077545166,4.679860591888428,1
FakeVideo-FakeAudio/Caucasian (American)/men/id00018/00181_id01201_Q8XWfmNiWYA_faceswap_id01239_wavtolip.npz,0.8885964155197144,0.8885964155197144,4.658921718597412,1
FakeVideo-FakeAudio/Caucasian (American)/men/id00018/00181_id01201_Q8XWfmNiWYA_faceswap_id03678_wavtolip.npz,2.2376222610473633,2.2376222610473633,4.635354518890381,1
FakeVideo-FakeAudio/Caucasian (American)/men/id00018/00181_id01201_Q8XWfmNiWYA_id00777_wavtolip.npz,2.225459098815918,2.225459098815918,4.726795196533203,1
FakeVideo-FakeAudio/Caucasian (American)/men/id00018/00181_id03678_dsfCxodI9i8_id00021_wavtolip.npz,1.2236783504486084,1.2236783504486084,4.584630489349365,1
FakeVideo-FakeAudio/Caucasian (American)/men/id00018/00181_id03757_L-M-XbdFLQM_id00088_wavtolip.npz,0.788178563117981,0.788178563117981,4.5688042640686035,1
FakeVideo-FakeAudio/Caucasian (American)/men/id00018/00181_id03757_wavtolip.npz,1.739943027496338,1.739943027496338,4.59019136428833,1
FakeVideo-FakeAudio/Caucasian (American)/men/id00018/00181_id04216_wavtolip.npz,2.266432285308838,2.266432285308838,4.576815128326416,1
FakeVideo-FakeAudio/Caucasian (American)/men/id00018/00181_id04219_9llHvP-jYDg_id01048_wavtolip.npz,2.0638937950134277,2.0638937950134277,4.2618231773376465,1
FakeVideo-FakeAudio/Caucasian (American)/men/id00049/00118_id00018_sap-FjURHlc_id00345_wavtolip.npz,1.833851933479309,1.833851933479309,4.428441524505615,1
FakeVideo-FakeAudio/Caucasian (American)/men/id00049/00118_id00020_VXYAbbQWyQM_id01042_wavtolip.npz,1.782373070716858,1.782373070716858,4.451589107513428,1
FakeVideo-FakeAudio/Caucasian (American)/men/id00049/00118_id00052_wavtolip.npz,-1.4154454469680786,-1.4154454469680786,4.958488464355469,1
FakeVideo-FakeAudio/Caucasian (American)/men/id00049/00118_id00087_wavtolip.npz,2.1338937282562256,2.1338937282562256,4.928966522216797,1
FakeVideo-FakeAudio/Caucasian (American)/men/id00049/00118_id00169__V1xAwwG29U_id01048_wavtolip.npz,1.855279564857483,1.855279564857483,4.230647087097168,1
FakeVideo-FakeAudio/Caucasian (American)/men/id00049/00118_id00243_wavtolip.npz,0.07681727409362793,0.07681727409362793,4.7825117111206055,1
FakeVideo-FakeAudio/Caucasian (American)/men/id00049/00118_id00345_wavtolip.npz,1.2183794975280762,1.2183794975280762,4.403766632080078,1
FakeVideo-FakeAudio/Caucasian (American)/men/id00049/00118_id00529_xtx2GeQN-DQ_id04221_wavtolip.npz,2.3839759826660156,2.3839759826660156,5.010975360870361,1
FakeVideo-FakeAudio/Caucasian (American)/men/id00049/00118_id00696_7PrURACjhqU_id03757_wavtolip.npz,1.9149432182312012,1.9149432182312012,4.605619430541992,1
FakeVideo-FakeAudio/Caucasian (American)/men/id00049/00118_id00775_yeCUxHgUHxc_faceswap_id00062_wavtolip.npz,2.794989824295044,2.794989824295044,4.901508808135986,1
FakeVideo-FakeAudio/Caucasian (American)/men/id00049/00118_id00775_yeCUxHgUHxc_faceswap_id00696_wavtolip.npz,2.4950594902038574,2.4950594902038574,4.637980937957764,1
FakeVideo-FakeAudio/Caucasian (American)/men/id00049/00118_id00775_yeCUxHgUHxc_faceswap_id01163_wavtolip.npz,2.417447566986084,2.417447566986084,4.708226680755615,1
FakeVideo-FakeAudio/Caucasian (American)/men/id00049/00118_id00775_yeCUxHgUHxc_faceswap_id03678_wavtolip.npz,1.905935525894165,1.905935525894165,4.576623916625977,1
FakeVideo-FakeAudio/Caucasian (American)/men/id00049/00118_id00775_yeCUxHgUHxc_faceswap_id04216_wavtolip.npz,2.2863802909851074,2.2863802909851074,4.488331317901611,1
FakeVideo-FakeAudio/Caucasian (American)/men/id00049/00118_id00775_yeCUxHgUHxc_id00169_wavtolip.npz,2.064358711242676,2.064358711242676,4.66947078704834,1
FakeVideo-FakeAudio/Caucasian (American)/men/id00049/00118_id00943_LxSv2rnBGA8_id01124_wavtolip.npz,2.884917736053467,2.884917736053467,4.937145709991455,1
FakeVideo-FakeAudio/Caucasian (American)/men/id00049/00118_id00943_wavtolip.npz,2.3272361755371094,2.3272361755371094,5.055847644805908,1
FakeVideo-FakeAudio/Caucasian (American)/men/id00049/00118_id01035_wavtolip.npz,2.2215890884399414,2.2215890884399414,4.633819103240967,1
FakeVideo-FakeAudio/Caucasian (American)/men/id00049/00118_id01048_wavtolip.npz,1.5536657571792603,1.5536657571792603,4.260278224945068,1
FakeVideo-FakeAudio/Caucasian (American)/men/id00049/00118_id01096_wavtolip.npz,1.6289681196212769,1.6289681196212769,5.024869918823242,1
FakeVideo-FakeAudio/Caucasian (American)/men/id00049/00118_id01211_wavtolip.npz,2.294673442840576,2.294673442840576,4.84683895111084,1
FakeVideo-FakeAudio/Caucasian (American)/men/id00049/00118_id03525_wavtolip.npz,2.3856513500213623,2.3856513500213623,4.884798049926758,1
FakeVideo-FakeAudio/Caucasian (American)/men/id00049/00118_id03668_mjurT3_7DpE_id01048_wavtolip.npz,1.78228759765625,1.78228759765625,4.235189914703369,1
FakeVideo-FakeAudio/Caucasian (American)/men/id00049/00118_id03678_dsfCxodI9i8_id01096_wavtolip.npz,2.3764290809631348,2.3764290809631348,5.012765884399414,1
FakeVideo-FakeAudio/Caucasian (American)/men/id00049/00118_id04219_9llHvP-jYDg_id00945_wavtolip.npz,2.6217775344848633,2.6217775344848633,4.651025772094727,1
FakeVideo-FakeAudio/Caucasian (American)/men/id00087/00002_id00060_wavtolip.npz,2.2948949337005615,2.2948949337005615,4.513762950897217,1
FakeVideo-FakeAudio/Caucasian (American)/men/id00087/00002_id00062_wavtolip.npz,2.4855546951293945,2.4855546951293945,4.96268892288208,1
FakeVideo-FakeAudio/Caucasian (American)/men/id00087/00002_id00184_WaTN0ry04Qs_id04073_wavtolip.npz,2.614875316619873,2.614875316619873,4.975114345550537,1
FakeVideo-FakeAudio/Caucasian (American)/men/id00087/00002_id00529_wavtolip.npz,2.303393602371216,2.303393602371216,4.673516273498535,1
FakeVideo-FakeAudio/Caucasian (American)/men/id00087/00002_id00708_Dzmb0FH1xBc_id00943_wavtolip.npz,2.440420150756836,2.440420150756836,5.001169204711914,1
FakeVideo-FakeAudio/Caucasian (American)/men/id00087/00002_id00775_yeCUxHgUHxc_faceswap_id00018_wavtolip.npz,1.120426893234253,1.120426893234253,4.620340824127197,1
FakeVideo-FakeAudio/Caucasian (American)/men/id00087/00002_id00775_yeCUxHgUHxc_faceswap_id00264_wavtolip.npz,2.299067497253418,2.299067497253418,4.614730358123779,1
FakeVideo-FakeAudio/Caucasian (American)/men/id00087/00002_id00775_yeCUxHgUHxc_faceswap_id01124_wavtolip.npz,2.3686861991882324,2.3686861991882324,4.976716995239258,1
FakeVideo-FakeAudio/Caucasian (American)/men/id00087/00002_id00775_yeCUxHgUHxc_faceswap_id03757_wavtolip.npz,2.0824079513549805,2.0824079513549805,4.579370021820068,1
FakeVideo-FakeAudio/Caucasian (American)/men/id00087/00002_id00775_yeCUxHgUHxc_faceswap_id04034_wavtolip.npz,-1.113262414932251,-1.113262414932251,4.996435642242432,1
FakeVideo-FakeAudio/Caucasian (American)/men/id00087/00002_id00775_yeCUxHgUHxc_id01239_wavtolip.npz,1.5520646572113037,1.5520646572113037,4.9473066329956055,1
FakeVideo-FakeAudio/Caucasian (American)/men/id00087/00002_id00943_LxSv2rnBGA8_id00021_wavtolip.npz,1.2233259677886963,1.2233259677886963,4.603546142578125,1
FakeVideo-FakeAudio/Caucasian (American)/men/id00087/00002_id00945_V-rSeF8o5pc_id04219_wavtolip.npz,2.4789090156555176,2.4789090156555176,4.508357524871826,1
FakeVideo-FakeAudio/Caucasian (American)/men/id00087/00002_id01035_wavtolip.npz,2.313236713409424,2.313236713409424,4.577535152435303,1
FakeVideo-FakeAudio/Caucasian (American)/men/id00087/00002_id01042_afqWPqWwJIY_id00943_wavtolip.npz,2.339557409286499,2.339557409286499,5.020422458648682,1
FakeVideo-FakeAudio/Caucasian (American)/men/id00087/00002_id01044_yL58R6zBNf4_id03668_wavtolip.npz,2.4340603351593018,2.4340603351593018,5.023529052734375,1
FakeVideo-FakeAudio/Caucasian (American)/men/id00087/00002_id01096_GHuYIC1WDks_id04216_wavtolip.npz,1.7128437757492065,1.7128437757492065,4.525922775268555,1
FakeVideo-FakeAudio/Caucasian (American)/men/id00087/00002_id01105_wavtolip.npz,2.3855996131896973,2.3855996131896973,4.75314474105835,1
FakeVideo-FakeAudio/Caucasian (American)/men/id00087/00002_id01172_wavtolip.npz,1.9444725513458252,1.9444725513458252,4.548312187194824,1
FakeVideo-FakeAudio/Caucasian (American)/men/id00087/00002_id01210_wavtolip.npz,2.185708999633789,2.185708999633789,4.2950968742370605,1
FakeVideo-FakeAudio/Caucasian (American)/men/id00087/00002_id03525_5qVmWkkCk3k_id00088_wavtolip.npz,2.375135898590088,2.375135898590088,4.574763774871826,1
FakeVideo-FakeAudio/Caucasian (American)/men/id00087/00002_id03757_L-M-XbdFLQM_id03678_wavtolip.npz,2.359856605529785,2.359856605529785,4.584271430969238,1
FakeVideo-FakeAudio/Caucasian (American)/men/id00087/00002_id03757_wavtolip.npz,1.8666882514953613,1.8666882514953613,4.5721564292907715,1
FakeVideo-FakeAudio/Caucasian (American)/men/id00087/00002_id04073_wavtolip.npz,2.5586447715759277,2.5586447715759277,4.95466423034668,1
FakeVideo-FakeAudio/Caucasian (American)/men/id00087/00002_id04221_wavtolip.npz,2.3876118659973145,2.3876118659973145,4.946418762207031,1
FakeVideo-FakeAudio/Caucasian (American)/women/id01216/00025_id00025_PjSeVtbvSjA_id00848_wavtolip.npz,2.1967597007751465,2.1967597007751465,5.165258407592773,1
FakeVideo-FakeAudio/Caucasian (American)/women/id01216/00025_id00097_PchMB8-P1lw_id01216_wavtolip.npz,3.105612277984619,3.105612277984619,5.389312744140625,1
FakeVideo-FakeAudio/Caucasian (American)/women/id01216/00025_id00180_wavtolip.npz,2.2472352981567383,2.2472352981567383,4.58384370803833,1
FakeVideo-FakeAudio/Caucasian (American)/women/id01216/00025_id00272_VLY1boTtbRM_id00180_wavtolip.npz,1.3154940605163574,1.3154940605163574,4.627485275268555,1
FakeVideo-FakeAudio/Caucasian (American)/women/id01216/00025_id00381_wavtolip.npz,2.667757511138916,2.667757511138916,4.7814202308654785,1
FakeVideo-FakeAudio/Caucasian (American)/women/id01216/00025_id00458_wavtolip.npz,2.7729830741882324,2.7729830741882324,4.923524856567383,1
FakeVideo-FakeAudio/Caucasian (American)/women/id01216/00025_id00462_EMnGfAq9gg4_id00618_wavtolip.npz,1.0793185234069824,1.0793185234069824,4.460978984832764,1
FakeVideo-FakeAudio/Caucasian (American)/women/id01216/00025_id00618_wavtolip.npz,1.8218623399734497,1.8218623399734497,4.441899299621582,1
FakeVideo-FakeAudio/Caucasian (American)/women/id01216/00025_id00835_wavtolip.npz,2.316014289855957,2.316014289855957,4.475643157958984,1
FakeVideo-FakeAudio/Caucasian (American)/women/id01216/00025_id01075_MtJUiHspdT0_id00616_wavtolip.npz,2.4783902168273926,2.4783902168273926,5.244731426239014,1
FakeVideo-FakeAudio/Caucasian (American)/women/id01216/00025_id01075_wavtolip.npz,2.988656520843506,2.988656520843506,5.296419143676758,1
FakeVideo-FakeAudio/Caucasian (American)/women/id01216/00025_id01091_wavtolip.npz,1.8807165622711182,1.8807165622711182,4.6652021408081055,1
FakeVideo-FakeAudio/Caucasian (American)/women/id01216/00025_id01217_7lVC4xEK_6E_id00428_wavtolip.npz,1.458476185798645,1.458476185798645,4.914339065551758,1
FakeVideo-FakeAudio/Caucasian (American)/women/id01216/00025_id01223_TO3ym8Gwp7k_id01227_wavtolip.npz,0.45074689388275146,0.45074689388275146,4.602856636047363,1
FakeVideo-FakeAudio/Caucasian (American)/women/id01216/00025_id01225_WuzuZoM84Ws_id00555_wavtolip.npz,2.6238913536071777,2.6238913536071777,4.886085510253906,1
FakeVideo-FakeAudio/Caucasian (American)/women/id01216/00025_id01225_wavtolip.npz,-0.2752716541290283,-0.2752716541290283,4.85545539855957,1
FakeVideo-FakeAudio/Caucasian (American)/women/id01216/00025_id01231_XXpYdOHUF-g_id03781_wavtolip.npz,2.203752279281616,2.203752279281616,4.475833892822266,1
FakeVideo-FakeAudio/Caucasian (American)/women/id01216/00025_id03696_wavtolip.npz,2.6373815536499023,2.6373815536499023,4.655094146728516,1
FakeVideo-FakeAudio/Caucasian (American)/women/id01216/00025_id03707_pwNcRPQ5qdo_faceswap_id00291_wavtolip.npz,0.7117387056350708,0.7117387056350708,4.608304977416992,1
FakeVideo-FakeAudio/Caucasian (American)/women/id01216/00025_id03707_pwNcRPQ5qdo_faceswap_id00618_wavtolip.npz,2.0508487224578857,2.0508487224578857,4.420149326324463,1
FakeVideo-FakeAudio/Caucasian (American)/women/id01216/00025_id03707_pwNcRPQ5qdo_faceswap_id01005_wavtolip.npz,1.7690346240997314,1.7690346240997314,4.945240497589111,1
FakeVideo-FakeAudio/Caucasian (American)/women/id01216/00025_id03707_pwNcRPQ5qdo_faceswap_id01225_wavtolip.npz,-0.2242116928100586,-0.2242116928100586,4.834655284881592,1
FakeVideo-FakeAudio/Caucasian (American)/women/id01216/00025_id03707_pwNcRPQ5qdo_faceswap_id01245_wavtolip.npz,2.4782676696777344,2.4782676696777344,5.209159851074219,1
FakeVideo-FakeAudio/Caucasian (American)/women/id03781/00113_id00025_PjSeVtbvSjA_id00100_wavtolip.npz,2.1677985191345215,2.1677985191345215,4.742779731750488,1
FakeVideo-FakeAudio/Caucasian (American)/women/id03781/00113_id00025_wavtolip.npz,1.5742008686065674,1.5742008686065674,4.755798816680908,1
FakeVideo-FakeAudio/Caucasian (American)/women/id03781/00113_id00100_wavtolip.npz,2.216219663619995,2.216219663619995,4.728309631347656,1
FakeVideo-FakeAudio/Caucasian (American)/women/id03781/00113_id00180_wavtolip.npz,2.138326644897461,2.138326644897461,4.596506118774414,1
FakeVideo-FakeAudio/Caucasian (American)/women/id03781/00113_id00381_wavtolip.npz,1.8830511569976807,1.8830511569976807,4.709991931915283,1
FakeVideo-FakeAudio/Caucasian (American)/women/id03781/00113_id00428_Kr7n-68JWww_id02464_wavtolip.npz,1.5050036907196045,1.5050036907196045,3.9916632175445557,1
FakeVideo-FakeAudio/Caucasian (American)/women/id03781/00113_id00431_wavtolip.npz,2.114164352416992,2.114164352416992,4.492072105407715,1
FakeVideo-FakeAudio/Caucasian (American)/women/id03781/00113_id00458_wavtolip.npz,2.4361724853515625,2.4361724853515625,4.744391918182373,1
FakeVideo-FakeAudio/Caucasian (American)/women/id03781/00113_id00462_EMnGfAq9gg4_id00398_wavtolip.npz,2.2997045516967773,2.2997045516967773,4.7268757820129395,1
FakeVideo-FakeAudio/Caucasian (American)/women/id03781/00113_id00848_o1_9Cu3YMN0_id00383_wavtolip.npz,2.161618947982788,2.161618947982788,4.6412763595581055,1
FakeVideo-FakeAudio/Caucasian (American)/women/id03781/00113_id01004_867Wlj7Gw68_id01245_wavtolip.npz,1.9559986591339111,1.9559986591339111,4.730301380157471,1
FakeVideo-FakeAudio/Caucasian (American)/women/id03781/00113_id01075_wavtolip.npz,-0.29219794273376465,-0.29219794273376465,4.7591376304626465,1
FakeVideo-FakeAudio/Caucasian (American)/women/id03781/00113_id01217_wavtolip.npz,2.412813663482666,2.412813663482666,4.6958489418029785,1
FakeVideo-FakeAudio/Caucasian (American)/women/id03781/00113_id01227_wavtolip.npz,1.978251338005066,1.978251338005066,4.668514728546143,1
FakeVideo-FakeAudio/Caucasian (American)/women/id03781/00113_id01245_7pYBPczR_z0_id00618_wavtolip.npz,1.0050129890441895,1.0050129890441895,4.493208408355713,1
FakeVideo-FakeAudio/Caucasian (American)/women/id03781/00113_id02464_1hxJsZYV7mI_id00428_wavtolip.npz,1.510672926902771,1.510672926902771,4.759602069854736,1
FakeVideo-FakeAudio/Caucasian (American)/women/id03781/00113_id02466_VOgaA7O5yWY_id01245_wavtolip.npz,2.046917200088501,2.046917200088501,4.759373664855957,1
FakeVideo-FakeAudio/Caucasian (American)/women/id03781/00113_id02466_wavtolip.npz,2.5373153686523438,2.5373153686523438,4.751170635223389,1
FakeVideo-FakeAudio/Caucasian (American)/women/id03781/00113_id03605_JGZt9DAhBRs_id00025_wavtolip.npz,1.4794061183929443,1.4794061183929443,4.777097702026367,1
FakeVideo-FakeAudio/Caucasian (American)/women/id00398/00016_id00025_PjSeVtbvSjA_id01225_wavtolip.npz,1.351508378982544,1.351508378982544,4.82969331741333,1
FakeVideo-FakeAudio/Caucasian (American)/women/id00398/00016_id00100_sZ0Ex4WUEgM_id00180_wavtolip.npz,2.1384902000427246,2.1384902000427246,4.608705997467041,1
FakeVideo-FakeAudio/Caucasian (American)/women/id00398/00016_id00100_wavtolip.npz,2.819505453109741,2.819505453109741,4.864660739898682,1
FakeVideo-FakeAudio/Caucasian (American)/women/id00398/00016_id00385_oqf8cNi7lOI_id03707_wavtolip.npz,2.4184789657592773,2.4184789657592773,4.888061046600342,1
FakeVideo-FakeAudio/Caucasian (American)/women/id00398/00016_id00428_wavtolip.npz,2.9023139476776123,2.9023139476776123,4.853733062744141,1
FakeVideo-FakeAudio/Caucasian (American)/women/id00398/00016_id00431_wavtolip.npz,2.3544135093688965,2.3544135093688965,4.499572277069092,1
FakeVideo-FakeAudio/Caucasian (American)/women/id00398/00016_id00575_iPfJcAJQ84Y_id01004_wavtolip.npz,2.275118112564087,2.275118112564087,4.221127986907959,1
FakeVideo-FakeAudio/Caucasian (American)/women/id00398/00016_id00616_wavtolip.npz,2.7682125568389893,2.7682125568389893,4.796749591827393,1
FakeVideo-FakeAudio/Caucasian (American)/women/id00398/00016_id00618__TwV2SmUIlY_faceswap_id00190_wavtolip.npz,2.2775185108184814,2.2775185108184814,4.477805137634277,1
FakeVideo-FakeAudio/Caucasian (American)/women/id00398/00016_id00618__TwV2SmUIlY_faceswap_id00272_wavtolip.npz,2.3166260719299316,2.3166260719299316,4.877427577972412,1
FakeVideo-FakeAudio/Caucasian (American)/women/id00398/00016_id00618__TwV2SmUIlY_faceswap_id00383_wavtolip.npz,2.031064748764038,2.031064748764038,4.642523288726807,1
FakeVideo-FakeAudio/Caucasian (American)/women/id00398/00016_id00618__TwV2SmUIlY_faceswap_id01217_wavtolip.npz,2.619774341583252,2.619774341583252,4.819850444793701,1
FakeVideo-FakeAudio/Caucasian (American)/women/id00398/00016_id00618__TwV2SmUIlY_faceswap_id02464_wavtolip.npz,1.1274473667144775,1.1274473667144775,3.923060178756714,1
FakeVideo-FakeAudio/Caucasian (American)/women/id00398/00016_id00835_zWTp4szbb5k_id00231_wavtolip.npz,2.9323089122772217,2.9323089122772217,4.806374549865723,1
FakeVideo-FakeAudio/Caucasian (American)/women/id00398/00016_id01004_wavtolip.npz,2.063821792602539,2.063821792602539,4.268911838531494,1
FakeVideo-FakeAudio/Caucasian (American)/women/id00398/00016_id01091_wavtolip.npz,1.7251429557800293,1.7251429557800293,4.647160053253174,1
FakeVideo-FakeAudio/Caucasian (American)/women/id00398/00016_id01216_wavtolip.npz,-1.059159755706787,-1.059159755706787,4.827337741851807,1
FakeVideo-FakeAudio/Caucasian (American)/women/id00398/00016_id01223_wavtolip.npz,2.2034504413604736,2.2034504413604736,4.783207893371582,1
FakeVideo-FakeAudio/Caucasian (American)/women/id00398/00016_id01225_WuzuZoM84Ws_id00842_wavtolip.npz,1.8391963243484497,1.8391963243484497,4.500364780426025,1
FakeVideo-FakeAudio/Caucasian (American)/women/id00398/00016_id01227_wavtolip.npz,2.291564464569092,2.291564464569092,4.703805923461914,1
FakeVideo-FakeAudio/Caucasian (American)/women/id00398/00016_id01231_XXpYdOHUF-g_id01217_wavtolip.npz,2.230684995651245,2.230684995651245,4.847296714782715,1
FakeVideo-FakeAudio/Caucasian (American)/women/id00398/00016_id01238_VPdv2sexRy0_id00145_wavtolip.npz,2.782712459564209,2.782712459564209,4.8198652267456055,1
FakeVideo-FakeAudio/Caucasian (American)/women/id00398/00016_id03707_wavtolip.npz,2.519040107727051,2.519040107727051,4.896717548370361,1
FakeVideo-FakeAudio/Caucasian (American)/women/id00616/00305_id00098_Rs_fnQ0tnqQ_id01004_wavtolip.npz,2.207472324371338,2.207472324371338,4.238888740539551,1
FakeVideo-FakeAudio/Caucasian (American)/women/id00616/00305_id00180_wavtolip.npz,2.432349920272827,2.432349920272827,4.586200714111328,1
FakeVideo-FakeAudio/Caucasian (American)/women/id00616/00305_id00231_wavtolip.npz,0.4640328884124756,0.4640328884124756,4.999200820922852,1
FakeVideo-FakeAudio/Caucasian (American)/women/id00616/00305_id00261_gYQ5Scz5FnA_id00190_wavtolip.npz,2.3698363304138184,2.3698363304138184,4.532163619995117,1
FakeVideo-FakeAudio/Caucasian (American)/women/id00616/00305_id00272_wavtolip.npz,2.935441017150879,2.935441017150879,5.040590286254883,1
FakeVideo-FakeAudio/Caucasian (American)/women/id00616/00305_id00291_L_SLT-j82Ms_id00428_wavtolip.npz,1.040398120880127,1.040398120880127,4.8978800773620605,1
FakeVideo-FakeAudio/Caucasian (American)/women/id00616/00305_id00431_DyRvPN6rEfU_id00261_wavtolip.npz,1.5712082386016846,1.5712082386016846,4.727537155151367,1
FakeVideo-FakeAudio/Caucasian (American)/women/id00616/00305_id00752_wavtolip.npz,2.7713422775268555,2.7713422775268555,5.220142364501953,1
FakeVideo-FakeAudio/Caucasian (American)/women/id00616/00305_id00842_wavtolip.npz,2.4609007835388184,2.4609007835388184,4.465668678283691,1
FakeVideo-FakeAudio/Caucasian (American)/women/id00616/00305_id01004_wavtolip.npz,2.2802934646606445,2.2802934646606445,4.231950759887695,1
FakeVideo-FakeAudio/Caucasian (American)/women/id00616/00305_id01225_WuzuZoM84Ws_id00616_wavtolip.npz,2.796400547027588,2.796400547027588,5.27285099029541,1
FakeVideo-FakeAudio/Caucasian (American)/women/id00616/00305_id01227_eNr-P3gIrgo_id03781_wavtolip.npz,2.324817657470703,2.324817657470703,4.470010280609131,1
FakeVideo-FakeAudio/Caucasian (American)/women/id00616/00305_id01231_wavtolip.npz,1.716221570968628,1.716221570968628,5.0960493087768555,1
FakeVideo-FakeAudio/Caucasian (American)/women/id00616/00305_id01245_7pYBPczR_z0_id01004_wavtolip.npz,2.1868197917938232,2.1868197917938232,4.255847930908203,1
FakeVideo-FakeAudio/Caucasian (American)/women/id00616/00305_id02464_wavtolip.npz,1.2350196838378906,1.2350196838378906,3.9039273262023926,1
FakeVideo-FakeAudio/Caucasian (American)/women/id00616/00305_id02466_wavtolip.npz,2.87604022026062,2.87604022026062,5.111513137817383,1
FakeVideo-FakeAudio/Caucasian (American)/women/id00616/00305_id03605_JGZt9DAhBRs_id00190_wavtolip.npz,2.351776123046875,2.351776123046875,4.51863431930542,1
FakeVideo-FakeAudio/Caucasian (American)/women/id00616/00305_id03696_Kz45DNXKLXI_id00458_wavtolip.npz,2.7536745071411133,2.7536745071411133,4.952199459075928,1
FakeVideo-FakeAudio/Caucasian (American)/women/id00145/00043_id00025_PjSeVtbvSjA_id01075_wavtolip.npz,-0.6379377841949463,-0.6379377841949463,4.954199314117432,1
FakeVideo-FakeAudio/Caucasian (American)/women/id00145/00043_id00025_wavtolip.npz,-1.276982069015503,-1.276982069015503,4.93242073059082,1
FakeVideo-FakeAudio/Caucasian (American)/women/id00145/00043_id00097_wavtolip.npz,-1.096160888671875,-1.096160888671875,4.510695934295654,1
FakeVideo-FakeAudio/Caucasian (American)/women/id00145/00043_id00180_lkeAa8Od_tg_id00458_wavtolip.npz,2.31921124458313,2.31921124458313,4.929551601409912,1
FakeVideo-FakeAudio/Caucasian (American)/women/id00145/00043_id00261_wavtolip.npz,2.4844260215759277,2.4844260215759277,4.739561557769775,1
FakeVideo-FakeAudio/Caucasian (American)/women/id00145/00043_id00428_Kr7n-68JWww_id00835_wavtolip.npz,2.2012858390808105,2.2012858390808105,4.530977725982666,1
FakeVideo-FakeAudio/Caucasian (American)/women/id00145/00043_id00458_K4t1pQZL7ck_id00431_wavtolip.npz,2.430105686187744,2.430105686187744,4.535573482513428,1
FakeVideo-FakeAudio/Caucasian (American)/women/id00145/00043_id00458_wavtolip.npz,2.9355320930480957,2.9355320930480957,4.945219993591309,1
FakeVideo-FakeAudio/Caucasian (American)/women/id00145/00043_id00618__TwV2SmUIlY_id00616_wavtolip.npz,2.8834738731384277,2.8834738731384277,4.953525543212891,1
FakeVideo-FakeAudio/Caucasian (American)/women/id00145/00043_id00618_wavtolip.npz,2.325820207595825,2.325820207595825,4.460611820220947,1
FakeVideo-FakeAudio/Caucasian (American)/women/id00145/00043_id00680_wavtolip.npz,2.6864027976989746,2.6864027976989746,4.712158679962158,1
FakeVideo-FakeAudio/Caucasian (American)/women/id00145/00043_id01004_867Wlj7Gw68_faceswap_id00097_wavtolip.npz,-1.079980731010437,-1.079980731010437,4.50957727432251,1
FakeVideo-FakeAudio/Caucasian (American)/women/id00145/00043_id01004_867Wlj7Gw68_faceswap_id00291_wavtolip.npz,1.6829349994659424,1.6829349994659424,4.645119667053223,1
FakeVideo-FakeAudio/Caucasian (American)/women/id00145/00043_id01004_867Wlj7Gw68_faceswap_id00458_wavtolip.npz,2.7333059310913086,2.7333059310913086,4.958390235900879,1
FakeVideo-FakeAudio/Caucasian (American)/women/id00145/00043_id01004_867Wlj7Gw68_faceswap_id00616_wavtolip.npz,2.4050450325012207,2.4050450325012207,4.999509334564209,1
FakeVideo-FakeAudio/Caucasian (American)/women/id00145/00043_id01004_867Wlj7Gw68_faceswap_id03707_wavtolip.npz,2.7381863594055176,2.7381863594055176,4.8859100341796875,1
FakeVideo-FakeAudio/Caucasian (American)/women/id00145/00043_id01004_867Wlj7Gw68_id00428_wavtolip.npz,2.722773313522339,2.722773313522339,4.910048007965088,1
FakeVideo-FakeAudio/Caucasian (American)/women/id00145/00043_id01005_wavtolip.npz,2.794341802597046,2.794341802597046,5.0165839195251465,1
FakeVideo-FakeAudio/Caucasian (American)/women/id00145/00043_id01223_TO3ym8Gwp7k_id00835_wavtolip.npz,2.3000054359436035,2.3000054359436035,4.50340461730957,1
FakeVideo-FakeAudio/Caucasian (American)/women/id00145/00043_id01231_wavtolip.npz,-1.331930160522461,-1.331930160522461,4.940999507904053,1
FakeVideo-FakeAudio/Caucasian (American)/women/id00145/00043_id01248_2y-HnTO8WrQ_id00555_wavtolip.npz,2.5203967094421387,2.5203967094421387,4.907361030578613,1
FakeVideo-FakeAudio/Caucasian (American)/women/id00145/00043_id02464_wavtolip.npz,1.9009318351745605,1.9009318351745605,3.9391138553619385,1
FakeVideo-FakeAudio/Caucasian (American)/women/id00145/00043_id03605_JGZt9DAhBRs_id00383_wavtolip.npz,2.366546630859375,2.366546630859375,4.664618492126465,1
FakeVideo-FakeAudio/Caucasian (American)/women/id00145/00043_id03781_wavtolip.npz,2.4156723022460938,2.4156723022460938,4.475148677825928,1
FakeVideo-FakeAudio/Caucasian (American)/women/id00261/00048_id00100_sZ0Ex4WUEgM_id01231_wavtolip.npz,-1.3543730974197388,-1.3543730974197388,4.800345420837402,1
FakeVideo-FakeAudio/Caucasian (American)/women/id00261/00048_id00190_oZUSqqG9wu4_id01075_wavtolip.npz,0.13172948360443115,0.13172948360443115,4.858543872833252,1
FakeVideo-FakeAudio/Caucasian (American)/women/id00261/00048_id00231_wavtolip.npz,2.3172805309295654,2.3172805309295654,4.766597747802734,1
FakeVideo-FakeAudio/Caucasian (American)/women/id00261/00048_id00272_wavtolip.npz,1.7639955282211304,1.7639955282211304,4.805545330047607,1
FakeVideo-FakeAudio/Caucasian (American)/women/id00261/00048_id00383_wavtolip.npz,2.6449365615844727,2.6449365615844727,4.572272777557373,1
FakeVideo-FakeAudio/Caucasian (American)/women/id00261/00048_id00385_oqf8cNi7lOI_id00848_wavtolip.npz,2.63734769821167,2.63734769821167,4.8014302253723145,1
FakeVideo-FakeAudio/Caucasian (American)/women/id00261/00048_id00398_wavtolip.npz,2.5156424045562744,2.5156424045562744,4.679943561553955,1
FakeVideo-FakeAudio/Caucasian (American)/women/id00261/00048_id00428_Kr7n-68JWww_id03605_wavtolip.npz,2.7107574939727783,2.7107574939727783,4.653597831726074,1
FakeVideo-FakeAudio/Caucasian (American)/women/id00261/00048_id00462_wavtolip.npz,2.151123523712158,2.151123523712158,4.379415512084961,1
FakeVideo-FakeAudio/Caucasian (American)/women/id00261/00048_id00618__TwV2SmUIlY_id00261_wavtolip.npz,2.6861305236816406,2.6861305236816406,4.763381004333496,1
FakeVideo-FakeAudio/Caucasian (American)/women/id00261/00048_id01005_wavtolip.npz,2.5254476070404053,2.5254476070404053,4.847218990325928,1
FakeVideo-FakeAudio/Caucasian (American)/women/id00261/00048_id01075_MtJUiHspdT0_id03605_wavtolip.npz,2.7536981105804443,2.7536981105804443,4.65077543258667,1
FakeVideo-FakeAudio/Caucasian (American)/women/id00261/00048_id01227_eNr-P3gIrgo_id01005_wavtolip.npz,2.111112117767334,2.111112117767334,4.796131610870361,1
FakeVideo-FakeAudio/Caucasian (American)/women/id00261/00048_id01231_XXpYdOHUF-g_id00272_wavtolip.npz,1.7083725929260254,1.7083725929260254,4.833063125610352,1
FakeVideo-FakeAudio/Caucasian (American)/women/id00261/00048_id01245_wavtolip.npz,2.4872021675109863,2.4872021675109863,4.865627765655518,1
FakeVideo-FakeAudio/Caucasian (American)/women/id00261/00048_id02466_wavtolip.npz,2.7832536697387695,2.7832536697387695,4.820157527923584,1
FakeVideo-FakeAudio/Caucasian (American)/women/id00261/00048_id03556_wavtolip.npz,2.4982106685638428,2.4982106685638428,4.791632652282715,1
FakeVideo-FakeAudio/Caucasian (American)/women/id00261/00048_id03605_JGZt9DAhBRs_faceswap_id00428_wavtolip.npz,2.940939426422119,2.940939426422119,4.8263959884643555,1
FakeVideo-FakeAudio/Caucasian (American)/women/id00261/00048_id03605_JGZt9DAhBRs_faceswap_id00462_wavtolip.npz,1.9741796255111694,1.9741796255111694,4.403077125549316,1
FakeVideo-FakeAudio/Caucasian (American)/women/id00261/00048_id03605_JGZt9DAhBRs_faceswap_id01216_wavtolip.npz,-1.2590628862380981,-1.2590628862380981,4.80841064453125,1
FakeVideo-FakeAudio/Caucasian (American)/women/id00261/00048_id03605_JGZt9DAhBRs_faceswap_id03707_wavtolip.npz,2.547434091567993,2.547434091567993,4.872400283813477,1
FakeVideo-FakeAudio/Caucasian (American)/women/id00261/00048_id03605_JGZt9DAhBRs_id01217_wavtolip.npz,2.826507806777954,2.826507806777954,4.832347393035889,1
FakeVideo-FakeAudio/Caucasian (American)/women/id00261/00048_id03696_Kz45DNXKLXI_id00431_wavtolip.npz,2.61647629737854,2.61647629737854,4.431685447692871,1
FakeVideo-FakeAudio/Caucasian (American)/women/id00752/00340_id00097_PchMB8-P1lw_id01245_wavtolip.npz,2.786058187484741,2.786058187484741,5.18764066696167,1
FakeVideo-FakeAudio/Caucasian (American)/women/id00752/00340_id00097_wavtolip.npz,0.23441743850708008,0.23441743850708008,4.505680084228516,1
FakeVideo-FakeAudio/Caucasian (American)/women/id00752/00340_id00098_Rs_fnQ0tnqQ_id02464_wavtolip.npz,2.0945470333099365,2.0945470333099365,3.8972179889678955,1
FakeVideo-FakeAudio/Caucasian (American)/women/id00752/00340_id00100_sZ0Ex4WUEgM_id00145_wavtolip.npz,2.972958564758301,2.972958564758301,4.965590953826904,1
FakeVideo-FakeAudio/Caucasian (American)/women/id00752/00340_id00272_VLY1boTtbRM_id03556_wavtolip.npz,2.79671311378479,2.79671311378479,4.8218560218811035,1
FakeVideo-FakeAudio/Caucasian (American)/women/id00752/00340_id00381_wavtolip.npz,2.5533995628356934,2.5533995628356934,4.8861470222473145,1
FakeVideo-FakeAudio/Caucasian (American)/women/id00752/00340_id00398_wavtolip.npz,2.6726467609405518,2.6726467609405518,4.681135654449463,1
FakeVideo-FakeAudio/Caucasian (American)/women/id00752/00340_id00428_Kr7n-68JWww_id00842_wavtolip.npz,2.2442471981048584,2.2442471981048584,4.434603214263916,1
FakeVideo-FakeAudio/Caucasian (American)/women/id00752/00340_id00428_wavtolip.npz,0.9183826446533203,0.9183826446533203,4.904036521911621,1
FakeVideo-FakeAudio/Caucasian (American)/women/id00752/00340_id00555_4DWmIb1tFZQ_id00458_wavtolip.npz,2.5103535652160645,2.5103535652160645,4.954574108123779,1
FakeVideo-FakeAudio/Caucasian (American)/women/id00752/00340_id00618_wavtolip.npz,2.4015495777130127,2.4015495777130127,4.490608215332031,1
FakeVideo-FakeAudio/Caucasian (American)/women/id00752/00340_id00680_wavtolip.npz,2.285313129425049,2.285313129425049,4.739241123199463,1
FakeVideo-FakeAudio/Caucasian (American)/women/id00752/00340_id00848_wavtolip.npz,2.7239017486572266,2.7239017486572266,5.143100738525391,1
FakeVideo-FakeAudio/Caucasian (American)/women/id00752/00340_id01217_wavtolip.npz,3.012502431869507,3.012502431869507,4.955819129943848,1
FakeVideo-FakeAudio/Caucasian (American)/women/id00752/00340_id01223_wavtolip.npz,0.5136538743972778,0.5136538743972778,4.940622329711914,1
FakeVideo-FakeAudio/Caucasian (American)/women/id00752/00340_id01227_eNr-P3gIrgo_faceswap_id00180_wavtolip.npz,2.35231876373291,2.35231876373291,4.635133266448975,1
FakeVideo-FakeAudio/Caucasian (American)/women/id00752/00340_id01227_eNr-P3gIrgo_faceswap_id00841_wavtolip.npz,2.019526958465576,2.019526958465576,4.5544891357421875,1
FakeVideo-FakeAudio/Caucasian (American)/women/id00752/00340_id01227_eNr-P3gIrgo_faceswap_id01231_wavtolip.npz,2.9603137969970703,2.9603137969970703,5.094600200653076,1
FakeVideo-FakeAudio/Caucasian (American)/women/id00752/00340_id01227_eNr-P3gIrgo_faceswap_id03605_wavtolip.npz,2.507169008255005,2.507169008255005,4.6181769371032715,1
FakeVideo-FakeAudio/Caucasian (American)/women/id00752/00340_id01227_eNr-P3gIrgo_id01231_wavtolip.npz,2.792126178741455,2.792126178741455,5.092761039733887,1
FakeVideo-FakeAudio/Caucasian (American)/women/id00752/00340_id01238_wavtolip.npz,2.4925432205200195,2.4925432205200195,4.536936283111572,1
FakeVideo-FakeAudio/Caucasian (American)/women/id00752/00340_id02464_1hxJsZYV7mI_id03696_wavtolip.npz,2.640840530395508,2.640840530395508,4.671512126922607,1
FakeVideo-FakeAudio/Caucasian (American)/women/id00752/00340_id03707_pwNcRPQ5qdo_id00848_wavtolip.npz,2.052825927734375,2.052825927734375,5.163394451141357,1
FakeVideo-FakeAudio/Caucasian (American)/women/id00752/00340_id03781_jbHfYGVNqTg_id00398_wavtolip.npz,2.4007043838500977,2.4007043838500977,4.6411519050598145,1
FakeVideo-FakeAudio/Caucasian (American)/women/id00098/00004_id00180_lkeAa8Od_tg_id01231_wavtolip.npz,-0.3458068370819092,-0.3458068370819092,4.536527633666992,1
FakeVideo-FakeAudio/Caucasian (American)/women/id00098/00004_id00291_wavtolip.npz,-1.1511811017990112,-1.1511811017990112,4.525859355926514,1
FakeVideo-FakeAudio/Caucasian (American)/women/id00098/00004_id00428_Kr7n-68JWww_id00842_wavtolip.npz,2.0323052406311035,2.0323052406311035,4.5066328048706055,1
FakeVideo-FakeAudio/Caucasian (American)/women/id00098/00004_id00428_wavtolip.npz,1.9702856540679932,1.9702856540679932,4.519625663757324,1
FakeVideo-FakeAudio/Caucasian (American)/women/id00098/00004_id00458_K4t1pQZL7ck_id00100_wavtolip.npz,2.3279829025268555,2.3279829025268555,4.580841064453125,1
FakeVideo-FakeAudio/Caucasian (American)/women/id00098/00004_id00555_4DWmIb1tFZQ_id00097_wavtolip.npz,2.1361448764801025,2.1361448764801025,4.483213901519775,1
FakeVideo-FakeAudio/Caucasian (American)/women/id00098/00004_id00616_xT51pPmksJw_faceswap_id00025_wavtolip.npz,-1.1485741138458252,-1.1485741138458252,4.54898738861084,1
FakeVideo-FakeAudio/Caucasian (American)/women/id00098/00004_id00616_xT51pPmksJw_faceswap_id00097_wavtolip.npz,2.2498912811279297,2.2498912811279297,4.520738124847412,1
FakeVideo-FakeAudio/Caucasian (American)/women/id00098/00004_id00616_xT51pPmksJw_faceswap_id00098_wavtolip.npz,2.2482688426971436,2.2482688426971436,4.4948835372924805,1
FakeVideo-FakeAudio/Caucasian (American)/women/id00098/00004_id00616_xT51pPmksJw_faceswap_id01223_wavtolip.npz,-0.6046268939971924,-0.6046268939971924,4.525430202484131,1
FakeVideo-FakeAudio/Caucasian (American)/women/id00098/00004_id00616_xT51pPmksJw_faceswap_id02466_wavtolip.npz,2.306375026702881,2.306375026702881,4.560735702514648,1
FakeVideo-FakeAudio/Caucasian (American)/women/id00098/00004_id00618_wavtolip.npz,1.932039737701416,1.932039737701416,4.473513126373291,1
FakeVideo-FakeAudio/Caucasian (American)/women/id00098/00004_id01004_867Wlj7Gw68_id00458_wavtolip.npz,2.1325526237487793,2.1325526237487793,4.542367935180664,1
FakeVideo-FakeAudio/Caucasian (American)/women/id00098/00004_id01091_oM2XdIGMM2c_id03556_wavtolip.npz,2.7142672538757324,2.7142672538757324,4.576724529266357,1
FakeVideo-FakeAudio/Caucasian (American)/women/id00098/00004_id01216_wavtolip.npz,-1.2589600086212158,-1.2589600086212158,4.530757904052734,1
FakeVideo-FakeAudio/Caucasian (American)/women/id00098/00004_id01225_WuzuZoM84Ws_id00616_wavtolip.npz,2.5181543827056885,2.5181543827056885,4.551316738128662,1
FakeVideo-FakeAudio/Caucasian (American)/women/id00098/00004_id01231_wavtolip.npz,-1.0111560821533203,-1.0111560821533203,4.49131441116333,1
FakeVideo-FakeAudio/Caucasian (American)/women/id00098/00004_id01245_7pYBPczR_z0_id01245_wavtolip.npz,1.9775336980819702,1.9775336980819702,4.5977959632873535,1
FakeVideo-FakeAudio/Caucasian (American)/women/id00098/00004_id01245_wavtolip.npz,2.571159839630127,2.571159839630127,4.5525102615356445,1
FakeVideo-FakeAudio/Caucasian (American)/women/id00098/00004_id02464_wavtolip.npz,1.789007544517517,1.789007544517517,3.8913116455078125,1
FakeVideo-FakeAudio/Caucasian (American)/women/id01217/00005_id00097_PchMB8-P1lw_id00190_wavtolip.npz,2.3706393241882324,2.3706393241882324,4.516127109527588,1
FakeVideo-FakeAudio/Caucasian (American)/women/id01217/00005_id00190_wavtolip.npz,2.4250288009643555,2.4250288009643555,4.511183261871338,1
FakeVideo-FakeAudio/Caucasian (American)/women/id01217/00005_id00383_n6i0VWqGcKI_id00835_wavtolip.npz,2.1964478492736816,2.1964478492736816,4.5267157554626465,1
FakeVideo-FakeAudio/Caucasian (American)/women/id01217/00005_id00462_EMnGfAq9gg4_id03556_wavtolip.npz,1.45023512840271,1.45023512840271,4.8507866859436035,1
FakeVideo-FakeAudio/Caucasian (American)/women/id01217/00005_id00616_wavtolip.npz,2.6526153087615967,2.6526153087615967,5.025052070617676,1
FakeVideo-FakeAudio/Caucasian (American)/women/id01217/00005_id00835_zWTp4szbb5k_id03696_wavtolip.npz,2.494442939758301,2.494442939758301,4.661672115325928,1
FakeVideo-FakeAudio/Caucasian (American)/women/id01217/00005_id01075_wavtolip.npz,-0.7101664543151855,-0.7101664543151855,5.0711212158203125,1
FakeVideo-FakeAudio/Caucasian (American)/women/id01217/00005_id01091_oM2XdIGMM2c_id00842_wavtolip.npz,2.2771730422973633,2.2771730422973633,4.471134185791016,1
FakeVideo-FakeAudio/Caucasian (American)/women/id01217/00005_id01216_IRxEWpT_lZs_id01225_wavtolip.npz,-0.23278594017028809,-0.23278594017028809,4.8973283767700195,1
FakeVideo-FakeAudio/Caucasian (American)/women/id01217/00005_id01223_TO3ym8Gwp7k_id00100_wavtolip.npz,2.2993855476379395,2.2993855476379395,4.911236763000488,1
FakeVideo-FakeAudio/Caucasian (American)/women/id01217/00005_id01225_WuzuZoM84Ws_id03696_wavtolip.npz,2.494741439819336,2.494741439819336,4.633223533630371,1
FakeVideo-FakeAudio/Caucasian (American)/women/id01217/00005_id01227_wavtolip.npz,2.5213375091552734,2.5213375091552734,4.696638107299805,1
FakeVideo-FakeAudio/Caucasian (American)/women/id01217/00005_id01248_2y-HnTO8WrQ_faceswap_id00145_wavtolip.npz,2.801661968231201,2.801661968231201,4.873376846313477,1
FakeVideo-FakeAudio/Caucasian (American)/women/id01217/00005_id01248_2y-HnTO8WrQ_faceswap_id00261_wavtolip.npz,2.5107040405273438,2.5107040405273438,4.735995292663574,1
FakeVideo-FakeAudio/Caucasian (American)/women/id01217/00005_id01248_2y-HnTO8WrQ_faceswap_id00383_wavtolip.npz,2.4108774662017822,2.4108774662017822,4.618788719177246,1
FakeVideo-FakeAudio/Caucasian (American)/women/id01217/00005_id01248_2y-HnTO8WrQ_faceswap_id00385_wavtolip.npz,2.8179965019226074,2.8179965019226074,5.04392147064209,1
FakeVideo-FakeAudio/Caucasian (American)/women/id01217/00005_id01248_2y-HnTO8WrQ_faceswap_id00431_wavtolip.npz,2.363030195236206,2.363030195236206,4.459568500518799,1
FakeVideo-FakeAudio/Caucasian (American)/women/id01217/00005_id01248_2y-HnTO8WrQ_id00752_wavtolip.npz,2.67402720451355,2.67402720451355,5.028040885925293,1
FakeVideo-FakeAudio/Caucasian (American)/women/id01217/00005_id01248_wavtolip.npz,2.3063905239105225,2.3063905239105225,4.579950332641602,1
FakeVideo-FakeAudio/Caucasian (American)/women/id01217/00005_id02466_VOgaA7O5yWY_id03556_wavtolip.npz,2.1456573009490967,2.1456573009490967,4.808940410614014,1
FakeVideo-FakeAudio/Caucasian (American)/women/id01217/00005_id03556_wavtolip.npz,1.305538296699524,1.305538296699524,4.807382583618164,1
FakeVideo-FakeAudio/Caucasian (American)/women/id01217/00005_id03707_wavtolip.npz,2.438849925994873,2.438849925994873,4.861280918121338,1
FakeVideo-FakeAudio/Caucasian (American)/women/id01091/00236_id00025_PjSeVtbvSjA_id00428_wavtolip.npz,1.9311457872390747,1.9311457872390747,4.763079643249512,1
FakeVideo-FakeAudio/Caucasian (American)/women/id01091/00236_id00097_wavtolip.npz,-1.2092362642288208,-1.2092362642288208,4.500544548034668,1
FakeVideo-FakeAudio/Caucasian (American)/women/id01091/00236_id00180_lkeAa8Od_tg_id01005_wavtolip.npz,-0.1477295160293579,-0.1477295160293579,4.709301471710205,1
FakeVideo-FakeAudio/Caucasian (American)/women/id01091/00236_id00231_Pi8vVHrPQMU_id00100_wavtolip.npz,2.157032012939453,2.157032012939453,4.71770715713501,1
FakeVideo-FakeAudio/Caucasian (American)/women/id01091/00236_id00261_wavtolip.npz,0.4340022802352905,0.4340022802352905,4.735579490661621,1
FakeVideo-FakeAudio/Caucasian (American)/women/id01091/00236_id00428_Kr7n-68JWww_id03707_wavtolip.npz,-1.6394131183624268,-1.6394131183624268,4.688897609710693,1
FakeVideo-FakeAudio/Caucasian (American)/women/id01091/00236_id00555_4DWmIb1tFZQ_id01005_wavtolip.npz,-0.6817223429679871,-0.6817223429679871,4.765142440795898,1
FakeVideo-FakeAudio/Caucasian (American)/women/id01091/00236_id00618_wavtolip.npz,2.185823678970337,2.185823678970337,4.479419231414795,1
FakeVideo-FakeAudio/Caucasian (American)/women/id01091/00236_id00752_wavtolip.npz,2.5396485328674316,2.5396485328674316,4.692096710205078,1
FakeVideo-FakeAudio/Caucasian (American)/women/id01091/00236_id00835_zWTp4szbb5k_id00618_wavtolip.npz,2.25262713432312,2.25262713432312,4.507406234741211,1
FakeVideo-FakeAudio/Caucasian (American)/women/id01091/00236_id00842__jwlpdZvqus_id00848_wavtolip.npz,0.7807691097259521,0.7807691097259521,4.7328667640686035,1
FakeVideo-FakeAudio/Caucasian (American)/women/id01091/00236_id01004_867Wlj7Gw68_id03696_wavtolip.npz,2.386013984680176,2.386013984680176,4.632101535797119,1
FakeVideo-FakeAudio/Caucasian (American)/women/id01091/00236_id01217_7lVC4xEK_6E_id01005_wavtolip.npz,0.8855018615722656,0.8855018615722656,4.784174919128418,1
FakeVideo-FakeAudio/Caucasian (American)/women/id01091/00236_id01238_wavtolip.npz,2.232667922973633,2.232667922973633,4.47850227355957,1
FakeVideo-FakeAudio/Caucasian (American)/women/id01091/00236_id01245_wavtolip.npz,2.43862247467041,2.43862247467041,4.763800621032715,1
FakeVideo-FakeAudio/Caucasian (American)/women/id01091/00236_id02466_wavtolip.npz,2.516033172607422,2.516033172607422,4.740647315979004,1
FakeVideo-FakeAudio/Caucasian (American)/women/id01091/00236_id03556_wavtolip.npz,2.756470203399658,2.756470203399658,4.760645866394043,1
FakeVideo-FakeAudio/Caucasian (American)/women/id01091/00236_id03696_Kz45DNXKLXI_faceswap_id00575_wavtolip.npz,2.1714956760406494,2.1714956760406494,4.463494777679443,1
FakeVideo-FakeAudio/Caucasian (American)/women/id01091/00236_id03696_Kz45DNXKLXI_faceswap_id01217_wavtolip.npz,2.2894930839538574,2.2894930839538574,4.724880695343018,1
FakeVideo-FakeAudio/Caucasian (American)/women/id01091/00236_id03696_Kz45DNXKLXI_faceswap_id01231_wavtolip.npz,-1.382377028465271,-1.382377028465271,4.68318510055542,1
FakeVideo-FakeAudio/Caucasian (American)/women/id01091/00236_id03696_Kz45DNXKLXI_faceswap_id01248_wavtolip.npz,2.114248514175415,2.114248514175415,4.5821380615234375,1
FakeVideo-FakeAudio/Caucasian (American)/women/id01091/00236_id03696_Kz45DNXKLXI_faceswap_id03781_wavtolip.npz,2.1283798217773438,2.1283798217773438,4.486453533172607,1
FakeVideo-FakeAudio/Caucasian (American)/women/id01091/00236_id03696_Kz45DNXKLXI_id00381_wavtolip.npz,2.569814682006836,2.569814682006836,4.674868106842041,1
FakeVideo-FakeAudio/Caucasian (American)/women/id01091/00236_id03781_wavtolip.npz,2.3121819496154785,2.3121819496154785,4.441947937011719,1
FakeVideo-FakeAudio/Caucasian (American)/women/id03605/00048_0_id00100_wavtolip.npz,2.3635475635528564,2.3635475635528564,4.763986110687256,1
FakeVideo-FakeAudio/Caucasian (American)/women/id03605/00048_0_id01227_wavtolip.npz,2.3430726528167725,2.3430726528167725,4.628586769104004,1
FakeVideo-FakeAudio/Caucasian (American)/women/id03605/00048_0_id01238_wavtolip.npz,2.25447678565979,2.25447678565979,4.494996547698975,1
FakeVideo-FakeAudio/Caucasian (American)/women/id03605/00048_0_id01245_wavtolip.npz,2.087851047515869,2.087851047515869,4.858326435089111,1
FakeVideo-FakeAudio/Caucasian (American)/women/id03605/00048_0_id03556_wavtolip.npz,1.1264954805374146,1.1264954805374146,4.765826225280762,1
FakeVideo-FakeAudio/Caucasian (American)/women/id03605/00048_1_id00145_wavtolip.npz,2.5284018516540527,2.5284018516540527,4.927760124206543,1
FakeVideo-FakeAudio/Caucasian (American)/women/id03605/00048_1_id00180_wavtolip.npz,2.3071341514587402,2.3071341514587402,4.62539529800415,1
FakeVideo-FakeAudio/Caucasian (American)/women/id03605/00048_1_id00385_wavtolip.npz,3.012815475463867,3.012815475463867,5.073168754577637,1
FakeVideo-FakeAudio/Caucasian (American)/women/id03605/00048_1_id01248_wavtolip.npz,1.858147144317627,1.858147144317627,4.574734687805176,1
FakeVideo-FakeAudio/Caucasian (American)/women/id03605/00048_1_id03696_wavtolip.npz,2.156635284423828,2.156635284423828,4.641798496246338,1
FakeVideo-FakeAudio/Caucasian (American)/women/id03605/00048_2_id00100_wavtolip.npz,1.363624930381775,1.363624930381775,4.857059001922607,1
FakeVideo-FakeAudio/Caucasian (American)/women/id03605/00048_2_id00835_wavtolip.npz,2.3870277404785156,2.3870277404785156,4.46987247467041,1
FakeVideo-FakeAudio/Caucasian (American)/women/id03605/00048_2_id01075_wavtolip.npz,-1.0307990312576294,-1.0307990312576294,5.293801784515381,1
FakeVideo-FakeAudio/Caucasian (American)/women/id03605/00048_2_id01227_wavtolip.npz,2.1906862258911133,2.1906862258911133,4.666581153869629,1
FakeVideo-FakeAudio/Caucasian (American)/women/id03605/00048_2_id01245_wavtolip.npz,2.4223380088806152,2.4223380088806152,5.193891525268555,1
FakeVideo-FakeAudio/Caucasian (American)/women/id03605/00048_3_id00190_wavtolip.npz,1.785375714302063,1.785375714302063,4.514463424682617,1
FakeVideo-FakeAudio/Caucasian (American)/women/id03605/00048_3_id00381_wavtolip.npz,2.565859317779541,2.565859317779541,4.794170379638672,1
FakeVideo-FakeAudio/Caucasian (American)/women/id03605/00048_3_id00575_wavtolip.npz,2.0163841247558594,2.0163841247558594,4.459125518798828,1
FakeVideo-FakeAudio/Caucasian (American)/women/id03605/00048_3_id00618_wavtolip.npz,1.9177579879760742,1.9177579879760742,4.469112873077393,1
FakeVideo-FakeAudio/Caucasian (American)/women/id03605/00048_3_id01227_wavtolip.npz,0.9478901028633118,0.9478901028633118,4.648094177246094,1
FakeVideo-FakeAudio/Caucasian (American)/women/id03605/00048_id00025_wavtolip.npz,-1.2134435176849365,-1.2134435176849365,4.838258266448975,1
FakeVideo-FakeAudio/Caucasian (American)/women/id03605/00048_id00100_sZ0Ex4WUEgM_id00398_wavtolip.npz,2.2255306243896484,2.2255306243896484,4.752989292144775,1
FakeVideo-FakeAudio/Caucasian (American)/women/id03605/00048_id00145_JveyoCdoCuI_id00231_wavtolip.npz,1.7978966236114502,1.7978966236114502,4.742522716522217,1
FakeVideo-FakeAudio/Caucasian (American)/women/id03605/00048_id00231_Pi8vVHrPQMU_id01216_wavtolip.npz,-0.9295163154602051,-0.9295163154602051,4.758735179901123,1
FakeVideo-FakeAudio/Caucasian (American)/women/id03605/00048_id00272_wavtolip.npz,2.4759254455566406,2.4759254455566406,4.771369457244873,1
FakeVideo-FakeAudio/Caucasian (American)/women/id03605/00048_id00428_Kr7n-68JWww_id01227_wavtolip.npz,0.8771936893463135,0.8771936893463135,4.660258769989014,1
FakeVideo-FakeAudio/Caucasian (American)/women/id03605/00048_id00431_wavtolip.npz,2.433504581451416,2.433504581451416,4.467977046966553,1
FakeVideo-FakeAudio/Caucasian (American)/women/id03605/00048_id00462_wavtolip.npz,1.7387325763702393,1.7387325763702393,4.382951259613037,1
FakeVideo-FakeAudio/Caucasian (American)/women/id03605/00048_id00842_wavtolip.npz,2.0569748878479004,2.0569748878479004,4.4772047996521,1
FakeVideo-FakeAudio/Caucasian (American)/women/id03605/00048_id00848_wavtolip.npz,1.6352858543395996,1.6352858543395996,4.746006965637207,1
FakeVideo-FakeAudio/Caucasian (American)/women/id03605/00048_id01004_867Wlj7Gw68_id00841_wavtolip.npz,0.0991135835647583,0.0991135835647583,4.606884479522705,1
FakeVideo-FakeAudio/Caucasian (American)/women/id03605/00048_id01238_VPdv2sexRy0_id00398_wavtolip.npz,2.0187699794769287,2.0187699794769287,4.718764305114746,1
FakeVideo-FakeAudio/Caucasian (American)/women/id03605/00048_id01248_2y-HnTO8WrQ_id01217_wavtolip.npz,1.7438342571258545,1.7438342571258545,4.728324890136719,1
FakeVideo-FakeAudio/Caucasian (American)/women/id03605/00048_id02464_wavtolip.npz,1.1718478202819824,1.1718478202819824,3.914334297180176,1
FakeVideo-FakeAudio/Caucasian (American)/women/id03605/00048_id03707_wavtolip.npz,-1.4741601943969727,-1.4741601943969727,4.755166053771973,1
FakeVideo-FakeAudio/Caucasian (American)/women/id03605/00048_id03781_jbHfYGVNqTg_id00835_wavtolip.npz,2.26775860786438,2.26775860786438,4.481738567352295,1
FakeVideo-FakeAudio/Caucasian (American)/women/id03556/00043_id00097_wavtolip.npz,-1.1137832403182983,-1.1137832403182983,4.494556903839111,1
FakeVideo-FakeAudio/Caucasian (American)/women/id03556/00043_id00145_wavtolip.npz,2.7771387100219727,2.7771387100219727,4.971909999847412,1
FakeVideo-FakeAudio/Caucasian (American)/women/id03556/00043_id00272_VLY1boTtbRM_id00180_wavtolip.npz,2.462402582168579,2.462402582168579,4.656406879425049,1
FakeVideo-FakeAudio/Caucasian (American)/women/id03556/00043_id00291_L_SLT-j82Ms_id01225_wavtolip.npz,-0.29839348793029785,-0.29839348793029785,4.844266414642334,1
FakeVideo-FakeAudio/Caucasian (American)/women/id03556/00043_id00431_wavtolip.npz,2.2302098274230957,2.2302098274230957,4.497081279754639,1
FakeVideo-FakeAudio/Caucasian (American)/women/id03556/00043_id00616_wavtolip.npz,3.1100897789001465,3.1100897789001465,5.220635890960693,1
FakeVideo-FakeAudio/Caucasian (American)/women/id03556/00043_id00618_wavtolip.npz,1.9264438152313232,1.9264438152313232,4.494213104248047,1
FakeVideo-FakeAudio/Caucasian (American)/women/id03556/00043_id01004_867Wlj7Gw68_id00458_wavtolip.npz,2.8105885982513428,2.8105885982513428,4.945067405700684,1
FakeVideo-FakeAudio/Caucasian (American)/women/id03556/00043_id01005_lJZrqhcRFSA_id03707_wavtolip.npz,2.753854751586914,2.753854751586914,4.87373161315918,1
FakeVideo-FakeAudio/Caucasian (American)/women/id03556/00043_id01091_oM2XdIGMM2c_id01216_wavtolip.npz,2.4218013286590576,2.4218013286590576,5.448794364929199,1
FakeVideo-FakeAudio/Caucasian (American)/women/id03556/00043_id01217_wavtolip.npz,2.6023473739624023,2.6023473739624023,4.9501633644104,1
FakeVideo-FakeAudio/Caucasian (American)/women/id03556/00043_id01225_WuzuZoM84Ws_id00381_wavtolip.npz,2.5722813606262207,2.5722813606262207,4.784332275390625,1
FakeVideo-FakeAudio/Caucasian (American)/women/id03556/00043_id01227_wavtolip.npz,2.3959739208221436,2.3959739208221436,4.664546012878418,1
FakeVideo-FakeAudio/Caucasian (American)/women/id03556/00043_id01231_wavtolip.npz,2.6245880126953125,2.6245880126953125,5.092948913574219,1
FakeVideo-FakeAudio/Caucasian (American)/women/id03556/00043_id02464_1hxJsZYV7mI_faceswap_id00428_wavtolip.npz,1.7030115127563477,1.7030115127563477,4.883999824523926,1
FakeVideo-FakeAudio/Caucasian (American)/women/id03556/00043_id02464_1hxJsZYV7mI_faceswap_id00462_wavtolip.npz,2.062206268310547,2.062206268310547,4.265618801116943,1
FakeVideo-FakeAudio/Caucasian (American)/women/id03556/00043_id02464_1hxJsZYV7mI_faceswap_id00835_wavtolip.npz,2.4146509170532227,2.4146509170532227,4.4580078125,1
FakeVideo-FakeAudio/Caucasian (American)/women/id03556/00043_id02464_1hxJsZYV7mI_faceswap_id00842_wavtolip.npz,2.1154003143310547,2.1154003143310547,4.510357856750488,1
FakeVideo-FakeAudio/Caucasian (American)/women/id03556/00043_id02464_1hxJsZYV7mI_faceswap_id01005_wavtolip.npz,2.66491961479187,2.66491961479187,4.976871967315674,1
FakeVideo-FakeAudio/Caucasian (American)/women/id03556/00043_id02464_1hxJsZYV7mI_id00616_wavtolip.npz,2.896876096725464,2.896876096725464,5.226033687591553,1
FakeVideo-FakeAudio/Caucasian (American)/women/id03556/00043_id02466_VOgaA7O5yWY_id00431_wavtolip.npz,2.305467128753662,2.305467128753662,4.482858657836914,1
FakeVideo-FakeAudio/Caucasian (American)/women/id03556/00043_id03781_jbHfYGVNqTg_id00097_wavtolip.npz,-1.1014864444732666,-1.1014864444732666,4.479164123535156,1
FakeVideo-FakeAudio/Caucasian (American)/women/id03556/00043_id03781_wavtolip.npz,1.9735437631607056,1.9735437631607056,4.515811443328857,1
FakeVideo-FakeAudio/Caucasian (American)/women/id01004/00028_id00025_PjSeVtbvSjA_id00100_wavtolip.npz,2.0135555267333984,2.0135555267333984,4.614155292510986,1
FakeVideo-FakeAudio/Caucasian (American)/women/id01004/00028_id00145_JveyoCdoCuI_id03605_wavtolip.npz,2.519850254058838,2.519850254058838,4.606740951538086,1
FakeVideo-FakeAudio/Caucasian (American)/women/id01004/00028_id00190_wavtolip.npz,2.284792900085449,2.284792900085449,4.47374963760376,1
FakeVideo-FakeAudio/Caucasian (American)/women/id01004/00028_id00231_Pi8vVHrPQMU_id03556_wavtolip.npz,1.382387638092041,1.382387638092041,4.565984725952148,1
FakeVideo-FakeAudio/Caucasian (American)/women/id01004/00028_id00428_Kr7n-68JWww_faceswap_id00428_wavtolip.npz,2.2800469398498535,2.2800469398498535,4.622010231018066,1
FakeVideo-FakeAudio/Caucasian (American)/women/id01004/00028_id00428_Kr7n-68JWww_faceswap_id00462_wavtolip.npz,2.1033663749694824,2.1033663749694824,4.303646564483643,1
FakeVideo-FakeAudio/Caucasian (American)/women/id01004/00028_id00428_Kr7n-68JWww_faceswap_id01248_wavtolip.npz,2.349836826324463,2.349836826324463,4.548408508300781,1
FakeVideo-FakeAudio/Caucasian (American)/women/id01004/00028_id00428_Kr7n-68JWww_faceswap_id02464_wavtolip.npz,1.3165169954299927,1.3165169954299927,3.9048967361450195,1
FakeVideo-FakeAudio/Caucasian (American)/women/id01004/00028_id00428_Kr7n-68JWww_id00261_wavtolip.npz,1.6952905654907227,1.6952905654907227,4.551812171936035,1
FakeVideo-FakeAudio/Caucasian (American)/women/id01004/00028_id00458_wavtolip.npz,2.1455841064453125,2.1455841064453125,4.536216735839844,1
FakeVideo-FakeAudio/Caucasian (American)/women/id01004/00028_id00462_EMnGfAq9gg4_id00100_wavtolip.npz,0.25407183170318604,0.25407183170318604,4.5392866134643555,1
FakeVideo-FakeAudio/Caucasian (American)/women/id01004/00028_id00680_wavtolip.npz,-1.3952878713607788,-1.3952878713607788,4.554220199584961,1
FakeVideo-FakeAudio/Caucasian (American)/women/id01004/00028_id00835_wavtolip.npz,2.528226375579834,2.528226375579834,4.463177680969238,1
FakeVideo-FakeAudio/Caucasian (American)/women/id01004/00028_id00841_wavtolip.npz,2.333801031112671,2.333801031112671,4.552581310272217,1
FakeVideo-FakeAudio/Caucasian (American)/women/id01004/00028_id00848_wavtolip.npz,1.5161395072937012,1.5161395072937012,4.532866954803467,1
FakeVideo-FakeAudio/Caucasian (American)/women/id01004/00028_id01005_lJZrqhcRFSA_id03781_wavtolip.npz,1.4527782201766968,1.4527782201766968,4.463073253631592,1
FakeVideo-FakeAudio/Caucasian (American)/women/id01004/00028_id01091_oM2XdIGMM2c_id00555_wavtolip.npz,0.6196532249450684,0.6196532249450684,4.55105447769165,1
FakeVideo-FakeAudio/Caucasian (American)/women/id01004/00028_id01231_wavtolip.npz,-1.4821494817733765,-1.4821494817733765,4.5531229972839355,1
FakeVideo-FakeAudio/Caucasian (American)/women/id01004/00028_id01248_2y-HnTO8WrQ_id00555_wavtolip.npz,2.0317935943603516,2.0317935943603516,4.5665998458862305,1
FakeVideo-FakeAudio/Caucasian (American)/women/id01004/00028_id03556_wavtolip.npz,2.614917516708374,2.614917516708374,4.537388801574707,1
FakeVideo-FakeAudio/Caucasian (American)/women/id01004/00028_id03781_jbHfYGVNqTg_id03707_wavtolip.npz,-1.3948743343353271,-1.3948743343353271,4.556059837341309,1
FakeVideo-FakeAudio/Caucasian (American)/women/id00841/00078_0_id00462_wavtolip.npz,1.71773362159729,1.71773362159729,4.379232406616211,1
FakeVideo-FakeAudio/Caucasian (American)/women/id00841/00078_0_id00616_wavtolip.npz,2.502708911895752,2.502708911895752,4.739728927612305,1
FakeVideo-FakeAudio/Caucasian (American)/women/id00841/00078_0_id01005_wavtolip.npz,0.5203902721405029,0.5203902721405029,4.762758255004883,1
FakeVideo-FakeAudio/Caucasian (American)/women/id00841/00078_0_id01245_wavtolip.npz,2.0419301986694336,2.0419301986694336,4.817821502685547,1
FakeVideo-FakeAudio/Caucasian (American)/women/id00841/00078_0_id03781_wavtolip.npz,2.2312493324279785,2.2312493324279785,4.491250514984131,1
FakeVideo-FakeAudio/Caucasian (American)/women/id00841/00078_1_id00098_wavtolip.npz,2.2393343448638916,2.2393343448638916,4.540233612060547,1
FakeVideo-FakeAudio/Caucasian (American)/women/id00841/00078_1_id00418_wavtolip.npz,2.3061437606811523,2.3061437606811523,4.55942964553833,1
FakeVideo-FakeAudio/Caucasian (American)/women/id00841/00078_1_id00462_wavtolip.npz,1.868131399154663,1.868131399154663,4.3837504386901855,1
FakeVideo-FakeAudio/Caucasian (American)/women/id00841/00078_1_id01217_wavtolip.npz,1.4076035022735596,1.4076035022735596,4.946046352386475,1
FakeVideo-FakeAudio/Caucasian (American)/women/id00841/00078_1_id01245_wavtolip.npz,2.5375289916992188,2.5375289916992188,5.2354416847229,1
FakeVideo-FakeAudio/Caucasian (American)/women/id00841/00078_2_id00025_wavtolip.npz,-0.11568558216094971,-0.11568558216094971,5.228545188903809,1
FakeVideo-FakeAudio/Caucasian (American)/women/id00841/00078_2_id00428_wavtolip.npz,0.939882755279541,0.939882755279541,4.882846832275391,1
FakeVideo-FakeAudio/Caucasian (American)/women/id00841/00078_2_id00842_wavtolip.npz,2.387930154800415,2.387930154800415,4.465872287750244,1
FakeVideo-FakeAudio/Caucasian (American)/women/id00841/00078_2_id01217_wavtolip.npz,2.569051742553711,2.569051742553711,4.9569501876831055,1
FakeVideo-FakeAudio/Caucasian (American)/women/id00841/00078_2_id03605_wavtolip.npz,2.1858816146850586,2.1858816146850586,4.588377475738525,1
FakeVideo-FakeAudio/Caucasian (American)/women/id00841/00078_id00097_wavtolip.npz,-1.1657359600067139,-1.1657359600067139,4.478857517242432,1
FakeVideo-FakeAudio/Caucasian (American)/women/id00841/00078_id00100_sZ0Ex4WUEgM_id01248_wavtolip.npz,1.703596830368042,1.703596830368042,4.59306526184082,1
FakeVideo-FakeAudio/Caucasian (American)/women/id00841/00078_id00145_JveyoCdoCuI_id01216_wavtolip.npz,-1.145366907119751,-1.145366907119751,4.908482074737549,1
FakeVideo-FakeAudio/Caucasian (American)/women/id00841/00078_id00145_wavtolip.npz,2.5349674224853516,2.5349674224853516,4.937053680419922,1
FakeVideo-FakeAudio/Caucasian (American)/women/id00841/00078_id00180_lkeAa8Od_tg_id00431_wavtolip.npz,2.1691055297851562,2.1691055297851562,4.461355686187744,1
FakeVideo-FakeAudio/Caucasian (American)/women/id00841/00078_id00272_wavtolip.npz,1.7920498847961426,1.7920498847961426,4.958585739135742,1
FakeVideo-FakeAudio/Caucasian (American)/women/id00841/00078_id00428_Kr7n-68JWww_id03781_wavtolip.npz,1.6224665641784668,1.6224665641784668,4.494930267333984,1
FakeVideo-FakeAudio/Caucasian (American)/women/id00841/00078_id00618_wavtolip.npz,1.8855358362197876,1.8855358362197876,4.477656841278076,1
FakeVideo-FakeAudio/Caucasian (American)/women/id00841/00078_id00680_wavtolip.npz,2.121255397796631,2.121255397796631,4.700199127197266,1
FakeVideo-FakeAudio/Caucasian (American)/women/id00841/00078_id01005_lJZrqhcRFSA_id03781_wavtolip.npz,1.9445209503173828,1.9445209503173828,4.519797325134277,1
FakeVideo-FakeAudio/Caucasian (American)/women/id00841/00078_id01075_MtJUiHspdT0_faceswap_id00180_wavtolip.npz,2.123905658721924,2.123905658721924,4.630790710449219,1
FakeVideo-FakeAudio/Caucasian (American)/women/id00841/00078_id01075_MtJUiHspdT0_faceswap_id00261_wavtolip.npz,2.4604549407958984,2.4604549407958984,4.700293064117432,1
FakeVideo-FakeAudio/Caucasian (American)/women/id00841/00078_id01075_MtJUiHspdT0_faceswap_id00462_wavtolip.npz,2.190885066986084,2.190885066986084,4.374554634094238,1
FakeVideo-FakeAudio/Caucasian (American)/women/id00841/00078_id01075_MtJUiHspdT0_faceswap_id00848_wavtolip.npz,1.9344748258590698,1.9344748258590698,4.856510162353516,1
FakeVideo-FakeAudio/Caucasian (American)/women/id00841/00078_id01075_MtJUiHspdT0_id01216_wavtolip.npz,-1.2217602729797363,-1.2217602729797363,4.91487455368042,1
FakeVideo-FakeAudio/Caucasian (American)/women/id00841/00078_id01216_wavtolip.npz,-0.7631475925445557,-0.7631475925445557,4.911502361297607,1
FakeVideo-FakeAudio/Caucasian (American)/women/id00841/00078_id01227_eNr-P3gIrgo_id01005_wavtolip.npz,0.7178623676300049,0.7178623676300049,4.970072269439697,1
FakeVideo-FakeAudio/Caucasian (American)/women/id00841/00078_id01238_VPdv2sexRy0_id00025_wavtolip.npz,-1.161428689956665,-1.161428689956665,4.905977249145508,1
FakeVideo-FakeAudio/Caucasian (American)/women/id00841/00078_id01238_wavtolip.npz,2.1772518157958984,2.1772518157958984,4.515810012817383,1
FakeVideo-FakeAudio/Caucasian (American)/women/id00841/00078_id01245_7pYBPczR_z0_id01225_wavtolip.npz,-0.40158116817474365,-0.40158116817474365,4.880519866943359,1
FakeVideo-FakeAudio/Caucasian (American)/women/id00841/00078_id01248_wavtolip.npz,2.125211000442505,2.125211000442505,4.531882286071777,1
FakeVideo-FakeAudio/Caucasian (American)/women/id00841/00078_id03556_wavtolip.npz,1.576937198638916,1.576937198638916,4.807924270629883,1
FakeVideo-FakeAudio/Caucasian (American)/women/id00841/00078_id03696_wavtolip.npz,2.4639649391174316,2.4639649391174316,4.662360191345215,1
FakeVideo-FakeAudio/Caucasian (American)/women/id00841/00078_id03707_pwNcRPQ5qdo_id01216_wavtolip.npz,-1.1232073307037354,-1.1232073307037354,4.919011116027832,1
FakeVideo-FakeAudio/Caucasian (American)/women/id03707/00055_id00025_PjSeVtbvSjA_id00145_wavtolip.npz,1.1896098852157593,1.1896098852157593,4.880263805389404,1
FakeVideo-FakeAudio/Caucasian (American)/women/id03707/00055_id00025_wavtolip.npz,-0.22716057300567627,-0.22716057300567627,4.932787895202637,1
FakeVideo-FakeAudio/Caucasian (American)/women/id03707/00055_id00100_wavtolip.npz,2.5264830589294434,2.5264830589294434,4.888001441955566,1
FakeVideo-FakeAudio/Caucasian (American)/women/id03707/00055_id00145_JveyoCdoCuI_id01004_wavtolip.npz,2.2296414375305176,2.2296414375305176,4.21893835067749,1
FakeVideo-FakeAudio/Caucasian (American)/women/id03707/00055_id00145_wavtolip.npz,2.11007022857666,2.11007022857666,4.9004411697387695,1
FakeVideo-FakeAudio/Caucasian (American)/women/id03707/00055_id00190_oZUSqqG9wu4_id01091_wavtolip.npz,1.036574125289917,1.036574125289917,4.67617654800415,1
FakeVideo-FakeAudio/Caucasian (American)/women/id03707/00055_id00272_VLY1boTtbRM_id01091_wavtolip.npz,1.5114105939865112,1.5114105939865112,4.6145100593566895,1
FakeVideo-FakeAudio/Caucasian (American)/women/id03707/00055_id00272_wavtolip.npz,2.3922817707061768,2.3922817707061768,4.940340042114258,1
FakeVideo-FakeAudio/Caucasian (American)/women/id03707/00055_id00291_wavtolip.npz,0.3082958459854126,0.3082958459854126,4.587197303771973,1
FakeVideo-FakeAudio/Caucasian (American)/women/id03707/00055_id00458_wavtolip.npz,0.5239384174346924,0.5239384174346924,4.906897068023682,1
FakeVideo-FakeAudio/Caucasian (American)/women/id03707/00055_id00835_zWTp4szbb5k_id01216_wavtolip.npz,-0.8635765910148621,-0.8635765910148621,4.952686786651611,1
FakeVideo-FakeAudio/Caucasian (American)/women/id03707/00055_id01091_wavtolip.npz,0.9011962413787842,0.9011962413787842,4.6466779708862305,1
FakeVideo-FakeAudio/Caucasian (American)/women/id03707/00055_id01216_IRxEWpT_lZs_id03605_wavtolip.npz,1.521181344985962,1.521181344985962,4.663751602172852,1
FakeVideo-FakeAudio/Caucasian (American)/women/id03707/00055_id01227_eNr-P3gIrgo_id00752_wavtolip.npz,2.3672685623168945,2.3672685623168945,4.921893119812012,1
FakeVideo-FakeAudio/Caucasian (American)/women/id03707/00055_id01231_wavtolip.npz,-0.7522224187850952,-0.7522224187850952,4.871887683868408,1
FakeVideo-FakeAudio/Caucasian (American)/women/id03707/00055_id01238_wavtolip.npz,2.112762689590454,2.112762689590454,4.48095178604126,1
FakeVideo-FakeAudio/Caucasian (American)/women/id03707/00055_id01248_2y-HnTO8WrQ_id03605_wavtolip.npz,1.7314484119415283,1.7314484119415283,4.641017913818359,1
FakeVideo-FakeAudio/Caucasian (American)/women/id03707/00055_id02466_VOgaA7O5yWY_faceswap_id00097_wavtolip.npz,-0.5298869609832764,-0.5298869609832764,4.497905254364014,1
FakeVideo-FakeAudio/Caucasian (American)/women/id03707/00055_id02466_VOgaA7O5yWY_faceswap_id00231_wavtolip.npz,2.545741558074951,2.545741558074951,4.907942295074463,1
FakeVideo-FakeAudio/Caucasian (American)/women/id03707/00055_id02466_VOgaA7O5yWY_faceswap_id00458_wavtolip.npz,1.6531708240509033,1.6531708240509033,4.923177719116211,1
FakeVideo-FakeAudio/Caucasian (American)/women/id03707/00055_id02466_VOgaA7O5yWY_faceswap_id02464_wavtolip.npz,1.8077510595321655,1.8077510595321655,3.8719117641448975,1
FakeVideo-FakeAudio/Caucasian (American)/women/id03707/00055_id02466_VOgaA7O5yWY_faceswap_id03696_wavtolip.npz,2.4018619060516357,2.4018619060516357,4.672083377838135,1
FakeVideo-FakeAudio/Caucasian (American)/women/id03707/00055_id02466_VOgaA7O5yWY_id00383_wavtolip.npz,2.3524866104125977,2.3524866104125977,4.643526077270508,1
FakeVideo-FakeAudio/Caucasian (American)/women/id00383/00171_id00100_sZ0Ex4WUEgM_id00398_wavtolip.npz,2.270394802093506,2.270394802093506,4.692461967468262,1
FakeVideo-FakeAudio/Caucasian (American)/women/id00383/00171_id00100_wavtolip.npz,2.6893041133880615,2.6893041133880615,4.869762420654297,1
FakeVideo-FakeAudio/Caucasian (American)/women/id00383/00171_id00180_wavtolip.npz,2.345376491546631,2.345376491546631,4.6297197341918945,1
FakeVideo-FakeAudio/Caucasian (American)/women/id00383/00171_id00190_wavtolip.npz,2.268557548522949,2.268557548522949,4.5309739112854,1
FakeVideo-FakeAudio/Caucasian (American)/women/id00383/00171_id00231_Pi8vVHrPQMU_id00555_wavtolip.npz,2.886176586151123,2.886176586151123,4.88706111907959,1
FakeVideo-FakeAudio/Caucasian (American)/women/id00383/00171_id00261_wavtolip.npz,2.5728609561920166,2.5728609561920166,4.699360370635986,1
FakeVideo-FakeAudio/Caucasian (American)/women/id00383/00171_id00272_VLY1boTtbRM_id00261_wavtolip.npz,2.5870299339294434,2.5870299339294434,4.705045700073242,1
FakeVideo-FakeAudio/Caucasian (American)/women/id00383/00171_id00291_wavtolip.npz,1.6914952993392944,1.6914952993392944,4.600274085998535,1
FakeVideo-FakeAudio/Caucasian (American)/women/id00383/00171_id00462_wavtolip.npz,2.2282443046569824,2.2282443046569824,4.335341453552246,1
FakeVideo-FakeAudio/Caucasian (American)/women/id00383/00171_id00575_iPfJcAJQ84Y_id00180_wavtolip.npz,2.5477347373962402,2.5477347373962402,4.63334846496582,1
FakeVideo-FakeAudio/Caucasian (American)/women/id00383/00171_id00841_wavtolip.npz,0.2551913261413574,0.2551913261413574,4.589664459228516,1
FakeVideo-FakeAudio/Caucasian (American)/women/id00383/00171_id00848_wavtolip.npz,1.910799503326416,1.910799503326416,4.9171576499938965,1
FakeVideo-FakeAudio/Caucasian (American)/women/id00383/00171_id01004_867Wlj7Gw68_id00100_wavtolip.npz,2.8219337463378906,2.8219337463378906,4.9236531257629395,1
FakeVideo-FakeAudio/Caucasian (American)/women/id00383/00171_id01005_lJZrqhcRFSA_id00383_wavtolip.npz,2.366122245788574,2.366122245788574,4.613918304443359,1
FakeVideo-FakeAudio/Caucasian (American)/women/id00383/00171_id01091_wavtolip.npz,1.8862947225570679,1.8862947225570679,4.652501106262207,1
FakeVideo-FakeAudio/Caucasian (American)/women/id00383/00171_id01217_7lVC4xEK_6E_faceswap_id00383_wavtolip.npz,2.1583685874938965,2.1583685874938965,4.587854385375977,1
FakeVideo-FakeAudio/Caucasian (American)/women/id00383/00171_id01217_7lVC4xEK_6E_faceswap_id00842_wavtolip.npz,2.4474287033081055,2.4474287033081055,4.418596267700195,1
FakeVideo-FakeAudio/Caucasian (American)/women/id00383/00171_id01217_7lVC4xEK_6E_faceswap_id01075_wavtolip.npz,-0.7755085229873657,-0.7755085229873657,4.959725379943848,1
FakeVideo-FakeAudio/Caucasian (American)/women/id00383/00171_id01217_7lVC4xEK_6E_faceswap_id01227_wavtolip.npz,2.511971950531006,2.511971950531006,4.623462677001953,1
FakeVideo-FakeAudio/Caucasian (American)/women/id00383/00171_id01217_7lVC4xEK_6E_faceswap_id03556_wavtolip.npz,2.3522396087646484,2.3522396087646484,4.815868854522705,1
FakeVideo-FakeAudio/Caucasian (American)/women/id00383/00171_id01217_7lVC4xEK_6E_id01216_wavtolip.npz,0.3794867992401123,0.3794867992401123,4.943661689758301,1
FakeVideo-FakeAudio/Caucasian (American)/women/id00383/00171_id01225_wavtolip.npz,-0.33561813831329346,-0.33561813831329346,4.859527587890625,1
FakeVideo-FakeAudio/Caucasian (American)/women/id00383/00171_id01248_2y-HnTO8WrQ_id00383_wavtolip.npz,2.3807196617126465,2.3807196617126465,4.610711574554443,1
FakeVideo-FakeAudio/Caucasian (American)/women/id00383/00171_id02466_VOgaA7O5yWY_id01223_wavtolip.npz,-0.29314374923706055,-0.29314374923706055,4.9298272132873535,1
FakeVideo-FakeAudio/Caucasian (American)/women/id00097/00162_id00025_PjSeVtbvSjA_id03556_wavtolip.npz,1.2495709657669067,1.2495709657669067,4.577637672424316,1
FakeVideo-FakeAudio/Caucasian (American)/women/id00097/00162_id00097_wavtolip.npz,2.3522732257843018,2.3522732257843018,4.513271331787109,1
FakeVideo-FakeAudio/Caucasian (American)/women/id00097/00162_id00100_sZ0Ex4WUEgM_id01231_wavtolip.npz,-1.2274564504623413,-1.2274564504623413,4.587480068206787,1
FakeVideo-FakeAudio/Caucasian (American)/women/id00097/00162_id00180_lkeAa8Od_tg_id00231_wavtolip.npz,2.3271360397338867,2.3271360397338867,4.5477495193481445,1
FakeVideo-FakeAudio/Caucasian (American)/women/id00097/00162_id00261_wavtolip.npz,-0.498371958732605,-0.498371958732605,4.523499965667725,1
FakeVideo-FakeAudio/Caucasian (American)/women/id00097/00162_id00272_VLY1boTtbRM_id00190_wavtolip.npz,2.290945529937744,2.290945529937744,4.539139270782471,1
FakeVideo-FakeAudio/Caucasian (American)/women/id00097/00162_id00291_wavtolip.npz,-0.3495330810546875,-0.3495330810546875,4.563750743865967,1
FakeVideo-FakeAudio/Caucasian (American)/women/id00097/00162_id00428_wavtolip.npz,0.041838884353637695,0.041838884353637695,4.575754642486572,1
FakeVideo-FakeAudio/Caucasian (American)/women/id00097/00162_id00680_wavtolip.npz,-1.272396445274353,-1.272396445274353,4.595876693725586,1
FakeVideo-FakeAudio/Caucasian (American)/women/id00097/00162_id00842_wavtolip.npz,2.5597293376922607,2.5597293376922607,4.478135585784912,1
FakeVideo-FakeAudio/Caucasian (American)/women/id00097/00162_id01217_7lVC4xEK_6E_id01005_wavtolip.npz,-0.19063186645507812,-0.19063186645507812,4.551933288574219,1
FakeVideo-FakeAudio/Caucasian (American)/women/id00097/00162_id01225_WuzuZoM84Ws_id00097_wavtolip.npz,2.3515803813934326,2.3515803813934326,4.5083184242248535,1
FakeVideo-FakeAudio/Caucasian (American)/women/id00097/00162_id01231_XXpYdOHUF-g_id00097_wavtolip.npz,2.330732822418213,2.330732822418213,4.516654014587402,1
FakeVideo-FakeAudio/Caucasian (American)/women/id00097/00162_id01238_VPdv2sexRy0_id00462_wavtolip.npz,2.184418201446533,2.184418201446533,4.415961742401123,1
FakeVideo-FakeAudio/Caucasian (American)/women/id00097/00162_id01248_wavtolip.npz,2.610386848449707,2.610386848449707,4.58006477355957,1
FakeVideo-FakeAudio/Caucasian (American)/women/id00097/00162_id03605_JGZt9DAhBRs_id03781_wavtolip.npz,2.380126476287842,2.380126476287842,4.525173187255859,1
FakeVideo-FakeAudio/Caucasian (American)/women/id00097/00162_id03707_wavtolip.npz,-1.1681458950042725,-1.1681458950042725,4.541980743408203,1
FakeVideo-FakeAudio/Caucasian (American)/women/id00842/00043_id00025_wavtolip.npz,-1.0523347854614258,-1.0523347854614258,4.930178165435791,1
FakeVideo-FakeAudio/Caucasian (American)/women/id00842/00043_id00145_wavtolip.npz,2.5192079544067383,2.5192079544067383,4.916434288024902,1
FakeVideo-FakeAudio/Caucasian (American)/women/id00842/00043_id00180_wavtolip.npz,0.9015803337097168,0.9015803337097168,4.587612628936768,1
FakeVideo-FakeAudio/Caucasian (American)/women/id00842/00043_id00231_wavtolip.npz,2.6635501384735107,2.6635501384735107,4.886292934417725,1
FakeVideo-FakeAudio/Caucasian (American)/women/id00842/00043_id00383_wavtolip.npz,1.8445106744766235,1.8445106744766235,4.633129596710205,1
FakeVideo-FakeAudio/Caucasian (American)/women/id00842/00043_id00385_oqf8cNi7lOI_id00381_wavtolip.npz,2.3557064533233643,2.3557064533233643,4.851806163787842,1
FakeVideo-FakeAudio/Caucasian (American)/women/id00842/00043_id00398_wavtolip.npz,1.232433557510376,1.232433557510376,4.67303466796875,1
FakeVideo-FakeAudio/Caucasian (American)/women/id00842/00043_id00418_KSTOz7H0OuQ_id03707_wavtolip.npz,2.5832839012145996,2.5832839012145996,4.817755699157715,1
FakeVideo-FakeAudio/Caucasian (American)/women/id00842/00043_id00428_Kr7n-68JWww_id01004_wavtolip.npz,2.1268057823181152,2.1268057823181152,4.192330837249756,1
FakeVideo-FakeAudio/Caucasian (American)/women/id00842/00043_id00431_DyRvPN6rEfU_id01004_wavtolip.npz,2.1875922679901123,2.1875922679901123,4.229602336883545,1
FakeVideo-FakeAudio/Caucasian (American)/women/id00842/00043_id00680_wavtolip.npz,2.422060966491699,2.422060966491699,4.776129245758057,1
FakeVideo-FakeAudio/Caucasian (American)/women/id00842/00043_id01005_lJZrqhcRFSA_id01091_wavtolip.npz,1.9281096458435059,1.9281096458435059,4.636077880859375,1
FakeVideo-FakeAudio/Caucasian (American)/women/id00842/00043_id01075_MtJUiHspdT0_id01005_wavtolip.npz,2.734769582748413,2.734769582748413,4.950227737426758,1
FakeVideo-FakeAudio/Caucasian (American)/women/id00842/00043_id01075_wavtolip.npz,1.4515366554260254,1.4515366554260254,4.927979946136475,1
FakeVideo-FakeAudio/Caucasian (American)/women/id00842/00043_id01091_oM2XdIGMM2c_id01238_wavtolip.npz,2.516477108001709,2.516477108001709,4.471979141235352,1
FakeVideo-FakeAudio/Caucasian (American)/women/id00842/00043_id01223_TO3ym8Gwp7k_id01216_wavtolip.npz,-1.0112636089324951,-1.0112636089324951,4.876683712005615,1
FakeVideo-FakeAudio/Caucasian (American)/women/id00842/00043_id02464_1hxJsZYV7mI_id01248_wavtolip.npz,1.972279667854309,1.972279667854309,4.589398384094238,1
FakeVideo-FakeAudio/Caucasian (American)/women/id00842/00043_id02466_wavtolip.npz,2.5039193630218506,2.5039193630218506,4.929845809936523,1
FakeVideo-FakeAudio/Caucasian (American)/women/id00842/00043_id03781_wavtolip.npz,2.2870092391967773,2.2870092391967773,4.540341854095459,1
FakeVideo-FakeAudio/Caucasian (American)/women/id02466/00136_id00190_wavtolip.npz,2.3668453693389893,2.3668453693389893,4.508561611175537,1
FakeVideo-FakeAudio/Caucasian (American)/women/id02466/00136_id00231_Pi8vVHrPQMU_id01227_wavtolip.npz,1.7037670612335205,1.7037670612335205,4.659493923187256,1
FakeVideo-FakeAudio/Caucasian (American)/women/id02466/00136_id00272_wavtolip.npz,2.8957107067108154,2.8957107067108154,5.026190757751465,1
FakeVideo-FakeAudio/Caucasian (American)/women/id02466/00136_id00383_n6i0VWqGcKI_id00752_wavtolip.npz,3.255570888519287,3.255570888519287,5.404842853546143,1
FakeVideo-FakeAudio/Caucasian (American)/women/id02466/00136_id00458_wavtolip.npz,2.524010181427002,2.524010181427002,4.968489646911621,1
FakeVideo-FakeAudio/Caucasian (American)/women/id02466/00136_id00462_EMnGfAq9gg4_id00190_wavtolip.npz,2.188230276107788,2.188230276107788,4.524380683898926,1
FakeVideo-FakeAudio/Caucasian (American)/women/id02466/00136_id00618__TwV2SmUIlY_id01005_wavtolip.npz,2.821784734725952,2.821784734725952,4.957836627960205,1
FakeVideo-FakeAudio/Caucasian (American)/women/id02466/00136_id00680_wavtolip.npz,2.550931453704834,2.550931453704834,4.732596397399902,1
FakeVideo-FakeAudio/Caucasian (American)/women/id02466/00136_id00752_wavtolip.npz,3.0625669956207275,3.0625669956207275,5.450949668884277,1
FakeVideo-FakeAudio/Caucasian (American)/women/id02466/00136_id00835_wavtolip.npz,1.9471981525421143,1.9471981525421143,4.488849639892578,1
FakeVideo-FakeAudio/Caucasian (American)/women/id02466/00136_id00848_o1_9Cu3YMN0_id00291_wavtolip.npz,1.4441512823104858,1.4441512823104858,4.5968427658081055,1
FakeVideo-FakeAudio/Caucasian (American)/women/id02466/00136_id01004_867Wlj7Gw68_id00841_wavtolip.npz,-0.44729673862457275,-0.44729673862457275,4.606456279754639,1
FakeVideo-FakeAudio/Caucasian (American)/women/id02466/00136_id01005_lJZrqhcRFSA_id00428_wavtolip.npz,1.9761067628860474,1.9761067628860474,4.949050426483154,1
FakeVideo-FakeAudio/Caucasian (American)/women/id02466/00136_id01227_wavtolip.npz,2.4636690616607666,2.4636690616607666,4.621191501617432,1
FakeVideo-FakeAudio/Caucasian (American)/women/id02466/00136_id01231_wavtolip.npz,2.9160776138305664,2.9160776138305664,5.089451313018799,1
FakeVideo-FakeAudio/Caucasian (American)/women/id02466/00136_id01248_2y-HnTO8WrQ_id00383_wavtolip.npz,2.3755435943603516,2.3755435943603516,4.61885929107666,1
FakeVideo-FakeAudio/Caucasian (American)/women/id02466/00136_id01248_wavtolip.npz,2.6305298805236816,2.6305298805236816,4.587021350860596,1
FakeVideo-FakeAudio/Caucasian (American)/women/id02466/00136_id03707_pwNcRPQ5qdo_faceswap_id00616_wavtolip.npz,2.872304916381836,2.872304916381836,5.249434471130371,1
FakeVideo-FakeAudio/Caucasian (American)/women/id02466/00136_id03707_pwNcRPQ5qdo_faceswap_id00835_wavtolip.npz,2.3132457733154297,2.3132457733154297,4.481438636779785,1
FakeVideo-FakeAudio/Caucasian (American)/women/id02466/00136_id03707_pwNcRPQ5qdo_faceswap_id03605_wavtolip.npz,2.4368128776550293,2.4368128776550293,4.665014743804932,1
FakeVideo-FakeAudio/Caucasian (American)/women/id02466/00136_id03707_pwNcRPQ5qdo_faceswap_id03781_wavtolip.npz,2.150585651397705,2.150585651397705,4.473357677459717,1
FakeVideo-FakeAudio/Caucasian (American)/women/id02466/00136_id03781_jbHfYGVNqTg_id03707_wavtolip.npz,2.055511474609375,2.055511474609375,4.865514278411865,1
FakeVideo-FakeAudio/Caucasian (American)/women/id00462/00143_id00100_sZ0Ex4WUEgM_id01238_wavtolip.npz,1.7770030498504639,1.7770030498504639,4.503833293914795,1
FakeVideo-FakeAudio/Caucasian (American)/women/id00462/00143_id00272_wavtolip.npz,1.787585973739624,1.787585973739624,4.670441627502441,1
FakeVideo-FakeAudio/Caucasian (American)/women/id00462/00143_id00381_79zqA0CZh8s_id01227_wavtolip.npz,1.5870325565338135,1.5870325565338135,4.574036598205566,1
FakeVideo-FakeAudio/Caucasian (American)/women/id00462/00143_id00398_wavtolip.npz,1.3294464349746704,1.3294464349746704,4.529955863952637,1
FakeVideo-FakeAudio/Caucasian (American)/women/id00462/00143_id00835_wavtolip.npz,2.254728317260742,2.254728317260742,4.450687885284424,1
FakeVideo-FakeAudio/Caucasian (American)/women/id00462/00143_id00835_zWTp4szbb5k_faceswap_id00385_wavtolip.npz,2.586423397064209,2.586423397064209,4.652140140533447,1
FakeVideo-FakeAudio/Caucasian (American)/women/id00462/00143_id00835_zWTp4szbb5k_faceswap_id00431_wavtolip.npz,2.5098214149475098,2.5098214149475098,4.4898152351379395,1
FakeVideo-FakeAudio/Caucasian (American)/women/id00462/00143_id00835_zWTp4szbb5k_faceswap_id00848_wavtolip.npz,2.2921085357666016,2.2921085357666016,4.573006629943848,1
FakeVideo-FakeAudio/Caucasian (American)/women/id00462/00143_id00835_zWTp4szbb5k_faceswap_id01091_wavtolip.npz,2.2663636207580566,2.2663636207580566,4.689002990722656,1
FakeVideo-FakeAudio/Caucasian (American)/women/id00462/00143_id00835_zWTp4szbb5k_faceswap_id01223_wavtolip.npz,2.5023553371429443,2.5023553371429443,4.576792240142822,1
FakeVideo-FakeAudio/Caucasian (American)/women/id00462/00143_id00835_zWTp4szbb5k_id00383_wavtolip.npz,2.383328914642334,2.383328914642334,4.560098171234131,1
FakeVideo-FakeAudio/Caucasian (American)/women/id00462/00143_id00848_wavtolip.npz,1.8374156951904297,1.8374156951904297,4.614170074462891,1
FakeVideo-FakeAudio/Caucasian (American)/women/id00462/00143_id01004_867Wlj7Gw68_id00431_wavtolip.npz,2.221813678741455,2.221813678741455,4.4820756912231445,1
FakeVideo-FakeAudio/Caucasian (American)/women/id00462/00143_id01075_wavtolip.npz,-1.0473686456680298,-1.0473686456680298,4.6485514640808105,1
FakeVideo-FakeAudio/Caucasian (American)/women/id00462/00143_id01217_7lVC4xEK_6E_id00555_wavtolip.npz,1.5273720026016235,1.5273720026016235,4.596210479736328,1
FakeVideo-FakeAudio/Caucasian (American)/women/id00462/00143_id01223_TO3ym8Gwp7k_id01091_wavtolip.npz,1.7683725357055664,1.7683725357055664,4.673964023590088,1
FakeVideo-FakeAudio/Caucasian (American)/women/id00462/00143_id01227_eNr-P3gIrgo_id00616_wavtolip.npz,2.1586661338806152,2.1586661338806152,4.606485843658447,1
FakeVideo-FakeAudio/Caucasian (American)/women/id00462/00143_id01231_XXpYdOHUF-g_id00261_wavtolip.npz,-0.8387584686279297,-0.8387584686279297,4.566974639892578,1
FakeVideo-FakeAudio/Caucasian (American)/women/id00462/00143_id01238_VPdv2sexRy0_id00381_wavtolip.npz,2.341111660003662,2.341111660003662,4.584440231323242,1
FakeVideo-FakeAudio/Caucasian (American)/women/id00462/00143_id01245_wavtolip.npz,1.7688387632369995,1.7688387632369995,4.664952278137207,1
FakeVideo-FakeAudio/Caucasian (American)/women/id00462/00143_id02466_VOgaA7O5yWY_id00555_wavtolip.npz,1.2371007204055786,1.2371007204055786,4.579712867736816,1
FakeVideo-FakeAudio/Caucasian (American)/women/id00462/00143_id02466_wavtolip.npz,2.451356887817383,2.451356887817383,4.641852378845215,1
FakeVideo-FakeAudio/Caucasian (American)/women/id00462/00143_id03605_wavtolip.npz,2.345412492752075,2.345412492752075,4.629209995269775,1
FakeVideo-FakeAudio/Caucasian (American)/women/id00462/00143_id03707_wavtolip.npz,2.189821243286133,2.189821243286133,4.6490583419799805,1
FakeVideo-FakeAudio/Caucasian (American)/women/id01248/00005_id00025_wavtolip.npz,-0.9819278717041016,-0.9819278717041016,4.58089017868042,1
FakeVideo-FakeAudio/Caucasian (American)/women/id01248/00005_id00180_lkeAa8Od_tg_id00097_wavtolip.npz,-1.233915090560913,-1.233915090560913,4.508758068084717,1
FakeVideo-FakeAudio/Caucasian (American)/women/id01248/00005_id00231_wavtolip.npz,2.6817994117736816,2.6817994117736816,4.557797431945801,1
FakeVideo-FakeAudio/Caucasian (American)/women/id01248/00005_id00261_wavtolip.npz,0.9307135343551636,0.9307135343551636,4.5791425704956055,1
FakeVideo-FakeAudio/Caucasian (American)/women/id01248/00005_id00381_79zqA0CZh8s_id00458_wavtolip.npz,2.5928313732147217,2.5928313732147217,4.603344917297363,1
FakeVideo-FakeAudio/Caucasian (American)/women/id01248/00005_id00428_wavtolip.npz,1.8220289945602417,1.8220289945602417,4.630331039428711,1
FakeVideo-FakeAudio/Caucasian (American)/women/id01248/00005_id00458_wavtolip.npz,2.542879581451416,2.542879581451416,4.608918190002441,1
FakeVideo-FakeAudio/Caucasian (American)/women/id01248/00005_id00835_zWTp4szbb5k_id00145_wavtolip.npz,2.2487101554870605,2.2487101554870605,4.543887138366699,1
FakeVideo-FakeAudio/Caucasian (American)/women/id01248/00005_id00842_wavtolip.npz,1.45718252658844,1.45718252658844,4.493841171264648,1
FakeVideo-FakeAudio/Caucasian (American)/women/id01248/00005_id01004_867Wlj7Gw68_id01217_wavtolip.npz,2.593752861022949,2.593752861022949,4.558566570281982,1
FakeVideo-FakeAudio/Caucasian (American)/women/id01248/00005_id01075_MtJUiHspdT0_id01227_wavtolip.npz,2.5362958908081055,2.5362958908081055,4.607537269592285,1
FakeVideo-FakeAudio/Caucasian (American)/women/id01248/00005_id01091_wavtolip.npz,0.6131426095962524,0.6131426095962524,4.652010917663574,1
FakeVideo-FakeAudio/Caucasian (American)/women/id01248/00005_id01217_7lVC4xEK_6E_id00841_wavtolip.npz,1.9127023220062256,1.9127023220062256,4.560075759887695,1
FakeVideo-FakeAudio/Caucasian (American)/women/id01248/00005_id01223_TO3ym8Gwp7k_id01231_wavtolip.npz,-1.5150561332702637,-1.5150561332702637,4.579818248748779,1
FakeVideo-FakeAudio/Caucasian (American)/women/id01248/00005_id01225_wavtolip.npz,2.6430764198303223,2.6430764198303223,4.611320495605469,1
FakeVideo-FakeAudio/Caucasian (American)/women/id01248/00005_id02466_VOgaA7O5yWY_id00291_wavtolip.npz,1.5108991861343384,1.5108991861343384,4.651466369628906,1
FakeVideo-FakeAudio/Caucasian (American)/women/id01248/00005_id03605_wavtolip.npz,2.6806745529174805,2.6806745529174805,4.640161991119385,1
FakeVideo-FakeAudio/Caucasian (American)/women/id01248/00005_id03707_pwNcRPQ5qdo_id00680_wavtolip.npz,-1.66703200340271,-1.66703200340271,4.582956314086914,1
FakeVideo-FakeAudio/Asian (East)/men/id06878/00001_id00597_wavtolip.npz,1.9954609870910645,1.9954609870910645,4.725639343261719,1
FakeVideo-FakeAudio/Asian (East)/men/id06878/00001_id00740_wavtolip.npz,2.5936191082000732,2.5936191082000732,4.710638046264648,1
FakeVideo-FakeAudio/Asian (East)/men/id06878/00001_id01683_wavtolip.npz,2.6540908813476562,2.6540908813476562,4.655959606170654,1
FakeVideo-FakeAudio/Asian (East)/men/id06878/00001_id02365_wavtolip.npz,2.1696462631225586,2.1696462631225586,4.721266746520996,1
FakeVideo-FakeAudio/Asian (East)/men/id06878/00001_id02493_wavtolip.npz,2.1442677974700928,2.1442677974700928,4.675403118133545,1
FakeVideo-FakeAudio/Asian (East)/men/id06878/00001_id03889_wavtolip.npz,2.1524667739868164,2.1524667739868164,4.638733386993408,1
FakeVideo-FakeAudio/Asian (East)/men/id06878/00001_id04691_wavtolip.npz,2.575723171234131,2.575723171234131,4.623503684997559,1
FakeVideo-FakeAudio/Asian (East)/men/id06878/00001_id04774_wavtolip.npz,2.2089643478393555,2.2089643478393555,4.272834300994873,1
FakeVideo-FakeAudio/Asian (East)/men/id06878/00001_id04789_wavtolip.npz,2.053561210632324,2.053561210632324,4.530933856964111,1
FakeVideo-FakeAudio/Asian (East)/men/id06878/00001_id05383_wavtolip.npz,2.129611015319824,2.129611015319824,4.344541549682617,1
FakeVideo-FakeAudio/Asian (East)/men/id06878/00001_id06467_wavtolip.npz,2.2478318214416504,2.2478318214416504,4.7304301261901855,1
FakeVideo-FakeAudio/Asian (East)/men/id06878/00001_id06776_wavtolip.npz,2.3297367095947266,2.3297367095947266,4.750930309295654,1
FakeVideo-FakeAudio/Asian (East)/men/id06878/00001_id06878_wavtolip.npz,2.5114376544952393,2.5114376544952393,4.503570556640625,1
FakeVideo-FakeAudio/Asian (East)/men/id09143/00056_id00560_wavtolip.npz,1.8315961360931396,1.8315961360931396,3.941148519515991,1
FakeVideo-FakeAudio/Asian (East)/men/id09143/00056_id01204_biYGqpYBp7o_faceswap_id03889_wavtolip.npz,-1.2262451648712158,-1.2262451648712158,4.470109462738037,1
FakeVideo-FakeAudio/Asian (East)/men/id09143/00056_id01204_biYGqpYBp7o_faceswap_id04691_wavtolip.npz,2.2893903255462646,2.2893903255462646,4.505579948425293,1
FakeVideo-FakeAudio/Asian (East)/men/id09143/00056_id01204_biYGqpYBp7o_faceswap_id04774_wavtolip.npz,2.1813526153564453,2.1813526153564453,4.1591081619262695,1
FakeVideo-FakeAudio/Asian (East)/men/id09143/00056_id01204_biYGqpYBp7o_faceswap_id06467_wavtolip.npz,1.7101263999938965,1.7101263999938965,4.474593162536621,1
FakeVideo-FakeAudio/Asian (East)/men/id09143/00056_id01589_ZCwF6XVRiAU_id04687_wavtolip.npz,2.371983051300049,2.371983051300049,4.484192848205566,1
FakeVideo-FakeAudio/Asian (East)/men/id09143/00056_id02553_QTahH2rc8go_id04111_wavtolip.npz,2.479367733001709,2.479367733001709,4.508752822875977,1
FakeVideo-FakeAudio/Asian (East)/men/id09143/00056_id03168_wavtolip.npz,1.5343780517578125,1.5343780517578125,4.133053302764893,1
FakeVideo-FakeAudio/Asian (East)/men/id09143/00056_id04111_wavtolip.npz,2.2625393867492676,2.2625393867492676,4.5684027671813965,1
FakeVideo-FakeAudio/Asian (East)/men/id09143/00056_id04774_wavtolip.npz,2.259371519088745,2.259371519088745,4.215689659118652,1
FakeVideo-FakeAudio/Asian (East)/men/id09143/00056_id06470_XoAiqCrOlyk_id08299_wavtolip.npz,1.9494611024856567,1.9494611024856567,4.376290321350098,1
FakeVideo-FakeAudio/Asian (East)/men/id09143/00056_id06591_wavtolip.npz,2.4374468326568604,2.4374468326568604,4.454164505004883,1
FakeVideo-FakeAudio/Asian (East)/men/id09143/00056_id06878_wavtolip.npz,2.3554015159606934,2.3554015159606934,4.490989685058594,1
FakeVideo-FakeAudio/Asian (East)/men/id09143/00056_id07102_4gKPlwvjpsI_id04691_wavtolip.npz,2.3367650508880615,2.3367650508880615,4.471217155456543,1
FakeVideo-FakeAudio/Asian (East)/men/id09143/00056_id07338_wavtolip.npz,2.0442771911621094,2.0442771911621094,4.313538551330566,1
FakeVideo-FakeAudio/Asian (East)/men/id09143/00056_id08652_wavtolip.npz,2.3941097259521484,2.3941097259521484,4.395194053649902,1
FakeVideo-FakeAudio/Asian (East)/men/id09143/00056_id09053_wavtolip.npz,2.280930519104004,2.280930519104004,4.536881446838379,1
FakeVideo-FakeAudio/Asian (East)/men/id08652/00006_id00056_wavtolip.npz,2.373349905014038,2.373349905014038,4.514826774597168,1
FakeVideo-FakeAudio/Asian (East)/men/id08652/00006_id00560_wavtolip.npz,1.5714937448501587,1.5714937448501587,4.013062000274658,1
FakeVideo-FakeAudio/Asian (East)/men/id08652/00006_id00597_wavtolip.npz,1.9588202238082886,1.9588202238082886,4.467023849487305,1
FakeVideo-FakeAudio/Asian (East)/men/id08652/00006_id00863_wavtolip.npz,2.0937061309814453,2.0937061309814453,4.312577247619629,1
FakeVideo-FakeAudio/Asian (East)/men/id08652/00006_id01589_wavtolip.npz,2.2359304428100586,2.2359304428100586,4.625282287597656,1
FakeVideo-FakeAudio/Asian (East)/men/id08652/00006_id02365_wavtolip.npz,1.391663670539856,1.391663670539856,4.490006446838379,1
FakeVideo-FakeAudio/Asian (East)/men/id08652/00006_id02561_wavtolip.npz,1.6275804042816162,1.6275804042816162,4.546823501586914,1
FakeVideo-FakeAudio/Asian (East)/men/id08652/00006_id03028_wavtolip.npz,1.849344253540039,1.849344253540039,4.53967809677124,1
FakeVideo-FakeAudio/Asian (East)/men/id08652/00006_id04774_wavtolip.npz,1.750409722328186,1.750409722328186,4.238368988037109,1
FakeVideo-FakeAudio/Asian (East)/men/id08652/00006_id06878_wavtolip.npz,2.2623934745788574,2.2623934745788574,4.485787868499756,1
FakeVideo-FakeAudio/Asian (East)/men/id08652/00006_id08299_wavtolip.npz,2.172351360321045,2.172351360321045,4.45589542388916,1
FakeVideo-FakeAudio/Asian (East)/men/id08652/00006_id08652_wavtolip.npz,2.3268587589263916,2.3268587589263916,4.399908065795898,1
FakeVideo-FakeAudio/Asian (East)/men/id06807/00015_id00126_wavtolip.npz,2.859123468399048,2.859123468399048,5.0777587890625,1
FakeVideo-FakeAudio/Asian (East)/men/id06807/00015_id01589_wavtolip.npz,2.1838316917419434,2.1838316917419434,4.880420684814453,1
FakeVideo-FakeAudio/Asian (East)/men/id06807/00015_id01683_wavtolip.npz,2.5473344326019287,2.5473344326019287,4.646928787231445,1
FakeVideo-FakeAudio/Asian (East)/men/id06807/00015_id02553_wavtolip.npz,1.123925805091858,1.123925805091858,4.602010726928711,1
FakeVideo-FakeAudio/Asian (East)/men/id06807/00015_id04111_wavtolip.npz,2.54660701751709,2.54660701751709,4.809950351715088,1
FakeVideo-FakeAudio/Asian (East)/men/id06807/00015_id04222_wavtolip.npz,2.661527633666992,2.661527633666992,5.086483478546143,1
FakeVideo-FakeAudio/Asian (East)/men/id06807/00015_id05268_wavtolip.npz,2.2740848064422607,2.2740848064422607,4.2427802085876465,1
FakeVideo-FakeAudio/Asian (East)/men/id06807/00015_id06467_wavtolip.npz,2.4110660552978516,2.4110660552978516,4.721392631530762,1
FakeVideo-FakeAudio/Asian (East)/men/id06807/00015_id06776_wavtolip.npz,-1.8660811185836792,-1.8660811185836792,4.8916754722595215,1
FakeVideo-FakeAudio/Asian (East)/men/id06807/00015_id07338_wavtolip.npz,2.1884713172912598,2.1884713172912598,4.313970565795898,1
FakeVideo-FakeAudio/Asian (East)/men/id06807/00015_id08652_wavtolip.npz,2.2781031131744385,2.2781031131744385,4.434869766235352,1
FakeVideo-FakeAudio/Asian (East)/men/id06807/00015_id09053_wavtolip.npz,2.2193546295166016,2.2193546295166016,4.5294294357299805,1
FakeVideo-FakeAudio/Asian (East)/men/id04687/00066_id01589_ZCwF6XVRiAU_id00597_wavtolip.npz,2.530498504638672,2.530498504638672,4.64811372756958,1
FakeVideo-FakeAudio/Asian (East)/men/id04687/00066_id02332_hlo8q3-L9vI_id09053_wavtolip.npz,2.1155948638916016,2.1155948638916016,4.538037300109863,1
FakeVideo-FakeAudio/Asian (East)/men/id04687/00066_id02332_wavtolip.npz,2.440067768096924,2.440067768096924,4.53950309753418,1
FakeVideo-FakeAudio/Asian (East)/men/id04687/00066_id02493_zYAm6W46Mcg_faceswap_id00056_wavtolip.npz,2.397827625274658,2.397827625274658,4.586423873901367,1
FakeVideo-FakeAudio/Asian (East)/men/id04687/00066_id02493_zYAm6W46Mcg_faceswap_id04691_wavtolip.npz,2.5161643028259277,2.5161643028259277,4.5748186111450195,1
FakeVideo-FakeAudio/Asian (East)/men/id04687/00066_id02493_zYAm6W46Mcg_faceswap_id04726_wavtolip.npz,2.4969780445098877,2.4969780445098877,4.688065528869629,1
FakeVideo-FakeAudio/Asian (East)/men/id04687/00066_id02493_zYAm6W46Mcg_faceswap_id05332_wavtolip.npz,1.690183401107788,1.690183401107788,4.297908782958984,1
FakeVideo-FakeAudio/Asian (East)/men/id04687/00066_id02493_zYAm6W46Mcg_id04774_wavtolip.npz,2.310513496398926,2.310513496398926,4.25204610824585,1
FakeVideo-FakeAudio/Asian (East)/men/id04687/00066_id02553_QTahH2rc8go_id01212_wavtolip.npz,2.2053468227386475,2.2053468227386475,4.636663913726807,1
FakeVideo-FakeAudio/Asian (East)/men/id04687/00066_id03028_wavtolip.npz,2.6579484939575195,2.6579484939575195,4.7198967933654785,1
FakeVideo-FakeAudio/Asian (East)/men/id04687/00066_id03168_wavtolip.npz,1.3343960046768188,1.3343960046768188,4.135071277618408,1
FakeVideo-FakeAudio/Asian (East)/men/id04687/00066_id03889_C54Tw6xrc4U_id04111_wavtolip.npz,2.642213821411133,2.642213821411133,4.707359313964844,1
FakeVideo-FakeAudio/Asian (East)/men/id04687/00066_id03889_wavtolip.npz,2.4262561798095703,2.4262561798095703,4.654735088348389,1
FakeVideo-FakeAudio/Asian (East)/men/id04687/00066_id03965_wavtolip.npz,2.13059139251709,2.13059139251709,4.709211349487305,1
FakeVideo-FakeAudio/Asian (East)/men/id04687/00066_id04222_EAw7MSynKF8_id03168_wavtolip.npz,1.5345107316970825,1.5345107316970825,4.117702484130859,1
FakeVideo-FakeAudio/Asian (East)/men/id04687/00066_id04789_wavtolip.npz,1.9750950336456299,1.9750950336456299,4.55795955657959,1
FakeVideo-FakeAudio/Asian (East)/men/id04687/00066_id04884_eq_wk7h1Gzo_id02332_wavtolip.npz,2.34995698928833,2.34995698928833,4.616485118865967,1
FakeVideo-FakeAudio/Asian (East)/men/id04687/00066_id06152_wavtolip.npz,0.9307053089141846,0.9307053089141846,4.838313102722168,1
FakeVideo-FakeAudio/Asian (East)/men/id04687/00066_id06878_wavtolip.npz,2.347567081451416,2.347567081451416,4.449169635772705,1
FakeVideo-FakeAudio/Asian (East)/men/id04687/00066_id08299_wavtolip.npz,1.753762125968933,1.753762125968933,4.42886209487915,1
FakeVideo-FakeAudio/Asian (East)/men/id07338/00003_id00056_wavtolip.npz,2.0173556804656982,2.0173556804656982,4.55273962020874,1
FakeVideo-FakeAudio/Asian (East)/men/id07338/00003_id00126_wavtolip.npz,2.076209783554077,2.076209783554077,4.487415790557861,1
FakeVideo-FakeAudio/Asian (East)/men/id07338/00003_id00560_wavtolip.npz,1.5797505378723145,1.5797505378723145,3.9988365173339844,1
FakeVideo-FakeAudio/Asian (East)/men/id07338/00003_id01204_wavtolip.npz,2.086458206176758,2.086458206176758,4.536330699920654,1
FakeVideo-FakeAudio/Asian (East)/men/id07338/00003_id02553_wavtolip.npz,1.8758807182312012,1.8758807182312012,4.419398784637451,1
FakeVideo-FakeAudio/Asian (East)/men/id07338/00003_id03168_wavtolip.npz,1.8448724746704102,1.8448724746704102,4.169207572937012,1
FakeVideo-FakeAudio/Asian (East)/men/id07338/00003_id04111_wavtolip.npz,2.341248035430908,2.341248035430908,4.533892631530762,1
FakeVideo-FakeAudio/Asian (East)/men/id07338/00003_id04222_wavtolip.npz,1.9481465816497803,1.9481465816497803,4.492392539978027,1
FakeVideo-FakeAudio/Asian (East)/men/id07338/00003_id04687_wavtolip.npz,2.2198832035064697,2.2198832035064697,4.486452102661133,1
FakeVideo-FakeAudio/Asian (East)/men/id07338/00003_id04789_wavtolip.npz,2.1780502796173096,2.1780502796173096,4.543698787689209,1
FakeVideo-FakeAudio/Asian (East)/men/id07338/00003_id06269_wavtolip.npz,2.2106995582580566,2.2106995582580566,4.395991325378418,1
FakeVideo-FakeAudio/Asian (East)/men/id07338/00003_id06467_wavtolip.npz,-1.3364858627319336,-1.3364858627319336,4.484378337860107,1
FakeVideo-FakeAudio/Asian (East)/men/id07338/00003_id06591_wavtolip.npz,2.2478957176208496,2.2478957176208496,4.46134090423584,1
FakeVideo-FakeAudio/Asian (East)/men/id07338/00003_id06878_wavtolip.npz,2.2694592475891113,2.2694592475891113,4.451690673828125,1
FakeVideo-FakeAudio/Asian (East)/men/id01204/00092_id00056_GUh0mNVw0U8_id05383_wavtolip.npz,1.6939380168914795,1.6939380168914795,4.341066837310791,1
FakeVideo-FakeAudio/Asian (East)/men/id01204/00092_id00560_wavtolip.npz,1.6076661348342896,1.6076661348342896,3.9993584156036377,1
FakeVideo-FakeAudio/Asian (East)/men/id01204/00092_id00597_wavtolip.npz,2.7031502723693848,2.7031502723693848,4.851649284362793,1
FakeVideo-FakeAudio/Asian (East)/men/id01204/00092_id01589_ZCwF6XVRiAU_id02553_wavtolip.npz,1.1850945949554443,1.1850945949554443,4.596014022827148,1
FakeVideo-FakeAudio/Asian (East)/men/id01204/00092_id02365_KTHM_LvjcgY_id00056_wavtolip.npz,2.4139795303344727,2.4139795303344727,4.608033657073975,1
FakeVideo-FakeAudio/Asian (East)/men/id01204/00092_id02493_zYAm6W46Mcg_id05332_wavtolip.npz,1.9868149757385254,1.9868149757385254,4.337548732757568,1
FakeVideo-FakeAudio/Asian (East)/men/id01204/00092_id02553_wavtolip.npz,2.0313174724578857,2.0313174724578857,4.614911079406738,1
FakeVideo-FakeAudio/Asian (East)/men/id01204/00092_id03889_C54Tw6xrc4U_id09143_wavtolip.npz,1.5437490940093994,1.5437490940093994,4.270176410675049,1
FakeVideo-FakeAudio/Asian (East)/men/id01204/00092_id04789_wavtolip.npz,2.295666217803955,2.295666217803955,4.543313503265381,1
FakeVideo-FakeAudio/Asian (East)/men/id01204/00092_id05268_wavtolip.npz,1.9370354413986206,1.9370354413986206,4.304324150085449,1
FakeVideo-FakeAudio/Asian (East)/men/id01204/00092_id06269_Jm9bEizIGBE_id00863_wavtolip.npz,2.090359926223755,2.090359926223755,4.3308515548706055,1
FakeVideo-FakeAudio/Asian (East)/men/id01204/00092_id06776_wavtolip.npz,-2.0973925590515137,-2.0973925590515137,4.858229637145996,1
FakeVideo-FakeAudio/Asian (East)/men/id01204/00092_id09053_6baCAGutGFg_id04789_wavtolip.npz,2.026620864868164,2.026620864868164,4.5453972816467285,1
FakeVideo-FakeAudio/Asian (East)/men/id01204/00092_id09053_wavtolip.npz,2.115664482116699,2.115664482116699,4.523348808288574,1
FakeVideo-FakeAudio/Asian (East)/men/id01204/00092_id09143_rnD7HryoyLY_faceswap_id00863_wavtolip.npz,2.2988333702087402,2.2988333702087402,4.3216938972473145,1
FakeVideo-FakeAudio/Asian (East)/men/id01204/00092_id09143_rnD7HryoyLY_faceswap_id01212_wavtolip.npz,-0.6184273958206177,-0.6184273958206177,4.783834457397461,1
FakeVideo-FakeAudio/Asian (East)/men/id01204/00092_id09143_rnD7HryoyLY_faceswap_id05743_wavtolip.npz,1.3894102573394775,1.3894102573394775,5.0905537605285645,1
FakeVideo-FakeAudio/Asian (East)/men/id01204/00092_id09143_rnD7HryoyLY_faceswap_id06470_wavtolip.npz,2.445359230041504,2.445359230041504,4.481115818023682,1
FakeVideo-FakeAudio/Asian (East)/men/id01204/00092_id09143_rnD7HryoyLY_id08613_wavtolip.npz,2.2747955322265625,2.2747955322265625,4.756226539611816,1
FakeVideo-FakeAudio/Asian (East)/men/id01204/00092_id09143_wavtolip.npz,2.0549633502960205,2.0549633502960205,4.263265609741211,1
FakeVideo-FakeAudio/Asian (East)/men/id03889/00052_id00597_wavtolip.npz,2.620847702026367,2.620847702026367,4.761580944061279,1
FakeVideo-FakeAudio/Asian (East)/men/id03889/00052_id00740_wavtolip.npz,2.3511862754821777,2.3511862754821777,4.667331218719482,1
FakeVideo-FakeAudio/Asian (East)/men/id03889/00052_id01204_wavtolip.npz,1.3212168216705322,1.3212168216705322,4.78004789352417,1
FakeVideo-FakeAudio/Asian (East)/men/id03889/00052_id01589_ZCwF6XVRiAU_faceswap_id01683_wavtolip.npz,2.51729154586792,2.51729154586792,4.662802219390869,1
FakeVideo-FakeAudio/Asian (East)/men/id03889/00052_id01589_ZCwF6XVRiAU_faceswap_id03965_wavtolip.npz,2.3359928131103516,2.3359928131103516,4.770547866821289,1
FakeVideo-FakeAudio/Asian (East)/men/id03889/00052_id01589_ZCwF6XVRiAU_faceswap_id04691_wavtolip.npz,2.4958763122558594,2.4958763122558594,4.569800853729248,1
FakeVideo-FakeAudio/Asian (East)/men/id03889/00052_id01589_ZCwF6XVRiAU_faceswap_id05332_wavtolip.npz,2.057288885116577,2.057288885116577,4.325974941253662,1
FakeVideo-FakeAudio/Asian (East)/men/id03889/00052_id01589_ZCwF6XVRiAU_id07102_wavtolip.npz,2.0104644298553467,2.0104644298553467,4.802097797393799,1
FakeVideo-FakeAudio/Asian (East)/men/id03889/00052_id02332_hlo8q3-L9vI_id06878_wavtolip.npz,2.241854667663574,2.241854667663574,4.536789894104004,1
FakeVideo-FakeAudio/Asian (East)/men/id03889/00052_id02365_KTHM_LvjcgY_id03168_wavtolip.npz,2.16595458984375,2.16595458984375,4.09325647354126,1
FakeVideo-FakeAudio/Asian (East)/men/id03889/00052_id02365_wavtolip.npz,2.485170841217041,2.485170841217041,4.7450056076049805,1
FakeVideo-FakeAudio/Asian (East)/men/id03889/00052_id02493_zYAm6W46Mcg_id00560_wavtolip.npz,1.901602029800415,1.901602029800415,3.993565082550049,1
FakeVideo-FakeAudio/Asian (East)/men/id03889/00052_id04687_cSxCV6zdmwo_id02365_wavtolip.npz,2.7796711921691895,2.7796711921691895,4.797459602355957,1
FakeVideo-FakeAudio/Asian (East)/men/id03889/00052_id04687_wavtolip.npz,2.2127633094787598,2.2127633094787598,4.488985061645508,1
FakeVideo-FakeAudio/Asian (East)/men/id03889/00052_id04774_k3yOcTA95dg_id04111_wavtolip.npz,2.0317368507385254,2.0317368507385254,4.736536502838135,1
FakeVideo-FakeAudio/Asian (East)/men/id03889/00052_id06467_wavtolip.npz,2.417191505432129,2.417191505432129,4.675070285797119,1
FakeVideo-FakeAudio/Asian (East)/men/id03889/00052_id06776_wavtolip.npz,2.2260870933532715,2.2260870933532715,4.771059989929199,1
FakeVideo-FakeAudio/Asian (East)/men/id03889/00052_id07338_wavtolip.npz,1.9917149543762207,1.9917149543762207,4.344175815582275,1
FakeVideo-FakeAudio/Asian (East)/men/id03889/00052_id08613_wavtolip.npz,2.5181937217712402,2.5181937217712402,4.744002342224121,1
FakeVideo-FakeAudio/Asian (East)/men/id08299/00110_0_id01204_wavtolip.npz,0.04776275157928467,0.04776275157928467,5.13784646987915,1
FakeVideo-FakeAudio/Asian (East)/men/id08299/00110_0_id02493_wavtolip.npz,2.5039048194885254,2.5039048194885254,4.6626996994018555,1
FakeVideo-FakeAudio/Asian (East)/men/id08299/00110_0_id03168_wavtolip.npz,1.7142634391784668,1.7142634391784668,4.1778388023376465,1
FakeVideo-FakeAudio/Asian (East)/men/id08299/00110_0_id03889_wavtolip.npz,1.4535757303237915,1.4535757303237915,4.712858200073242,1
FakeVideo-FakeAudio/Asian (East)/men/id08299/00110_0_id04687_wavtolip.npz,1.8407856225967407,1.8407856225967407,4.517550468444824,1
FakeVideo-FakeAudio/Asian (East)/men/id08299/00110_1_id01212_wavtolip.npz,1.4371342658996582,1.4371342658996582,4.597521781921387,1
FakeVideo-FakeAudio/Asian (East)/men/id08299/00110_1_id03028_wavtolip.npz,1.9310251474380493,1.9310251474380493,4.689853191375732,1
FakeVideo-FakeAudio/Asian (East)/men/id08299/00110_1_id04111_wavtolip.npz,2.451791286468506,2.451791286468506,4.667598724365234,1
FakeVideo-FakeAudio/Asian (East)/men/id08299/00110_1_id04774_wavtolip.npz,2.173398971557617,2.173398971557617,4.252758979797363,1
FakeVideo-FakeAudio/Asian (East)/men/id08299/00110_1_id06269_wavtolip.npz,2.177415370941162,2.177415370941162,4.3989338874816895,1
FakeVideo-FakeAudio/Asian (East)/men/id08299/00110_2_id00126_wavtolip.npz,2.976116895675659,2.976116895675659,5.0378642082214355,1
FakeVideo-FakeAudio/Asian (East)/men/id08299/00110_2_id01589_wavtolip.npz,0.7654175758361816,0.7654175758361816,4.784560680389404,1
FakeVideo-FakeAudio/Asian (East)/men/id08299/00110_2_id01683_wavtolip.npz,2.542604923248291,2.542604923248291,4.584101676940918,1
FakeVideo-FakeAudio/Asian (East)/men/id08299/00110_2_id03889_wavtolip.npz,1.8898223638534546,1.8898223638534546,4.587521553039551,1
FakeVideo-FakeAudio/Asian (East)/men/id08299/00110_2_id04726_wavtolip.npz,2.0310473442077637,2.0310473442077637,5.075695991516113,1
FakeVideo-FakeAudio/Asian (East)/men/id08299/00110_3_id01212_wavtolip.npz,1.9966256618499756,1.9966256618499756,4.353292465209961,1
FakeVideo-FakeAudio/Asian (East)/men/id08299/00110_3_id03965_wavtolip.npz,2.15382719039917,2.15382719039917,4.516654968261719,1
FakeVideo-FakeAudio/Asian (East)/men/id08299/00110_3_id06467_wavtolip.npz,2.0921568870544434,2.0921568870544434,4.4720540046691895,1
FakeVideo-FakeAudio/Asian (East)/men/id08299/00110_3_id06591_wavtolip.npz,2.3304407596588135,2.3304407596588135,4.450908660888672,1
FakeVideo-FakeAudio/Asian (East)/men/id08299/00110_3_id06878_wavtolip.npz,2.382859230041504,2.382859230041504,4.4659576416015625,1
FakeVideo-FakeAudio/Asian (East)/men/id08299/00110_id00056_wavtolip.npz,1.8630025386810303,1.8630025386810303,4.6045684814453125,1
FakeVideo-FakeAudio/Asian (East)/men/id08299/00110_id00126_wavtolip.npz,2.3503499031066895,2.3503499031066895,4.482870578765869,1
FakeVideo-FakeAudio/Asian (East)/men/id08299/00110_id00597_wavtolip.npz,2.450000762939453,2.450000762939453,4.52083683013916,1
FakeVideo-FakeAudio/Asian (East)/men/id08299/00110_id00863_wavtolip.npz,2.1139137744903564,2.1139137744903564,4.338727951049805,1
FakeVideo-FakeAudio/Asian (East)/men/id08299/00110_id02332_wavtolip.npz,-0.9246171116828918,-0.9246171116828918,4.5540056228637695,1
FakeVideo-FakeAudio/Asian (East)/men/id08299/00110_id02365_wavtolip.npz,1.2513537406921387,1.2513537406921387,4.57066535949707,1
FakeVideo-FakeAudio/Asian (East)/men/id08299/00110_id03889_wavtolip.npz,0.9407914876937866,0.9407914876937866,4.552680015563965,1
FakeVideo-FakeAudio/Asian (East)/men/id08299/00110_id06470_wavtolip.npz,2.2707231044769287,2.2707231044769287,4.50445556640625,1
FakeVideo-FakeAudio/Asian (East)/men/id08299/00110_id07102_wavtolip.npz,0.35582804679870605,0.35582804679870605,4.524153232574463,1
FakeVideo-FakeAudio/Asian (East)/men/id08299/00110_id07338_wavtolip.npz,2.1630396842956543,2.1630396842956543,4.323235034942627,1
FakeVideo-FakeAudio/Asian (East)/women/id08819/00052_id00430_wavtolip.npz,2.3132753372192383,2.3132753372192383,4.4516448974609375,1
FakeVideo-FakeAudio/Asian (East)/women/id08819/00052_id00566_wavtolip.npz,1.8747683763504028,1.8747683763504028,4.352025985717773,1
FakeVideo-FakeAudio/Asian (East)/women/id08819/00052_id00579_yc8eTBM4N3c_id06065_wavtolip.npz,2.426532030105591,2.426532030105591,4.661581516265869,1
FakeVideo-FakeAudio/Asian (East)/women/id08819/00052_id02807_eFC0STvhou4_id00137_wavtolip.npz,1.936225414276123,1.936225414276123,4.515975475311279,1
FakeVideo-FakeAudio/Asian (East)/women/id08819/00052_id03211_wavtolip.npz,2.135310649871826,2.135310649871826,4.046962261199951,1
FakeVideo-FakeAudio/Asian (East)/women/id08819/00052_id05576_g3SKd3BsV9I_id06066_wavtolip.npz,-0.4884979724884033,-0.4884979724884033,4.891373634338379,1
FakeVideo-FakeAudio/Asian (East)/women/id08819/00052_id06054_wavtolip.npz,1.9325275421142578,1.9325275421142578,4.730066299438477,1
FakeVideo-FakeAudio/Asian (East)/women/id08819/00052_id06060___Bf93SjJP0_id05631_wavtolip.npz,1.84422767162323,1.84422767162323,4.451080799102783,1
FakeVideo-FakeAudio/Asian (East)/women/id08819/00052_id06066_9e5vgpwmruA_id03211_wavtolip.npz,2.0471620559692383,2.0471620559692383,4.058757781982422,1
FakeVideo-FakeAudio/Asian (East)/women/id08819/00052_id06462_wavtolip.npz,2.0435500144958496,2.0435500144958496,4.476617813110352,1
FakeVideo-FakeAudio/Asian (East)/women/id08819/00052_id07739_TmuvLVNBm8o_id07799_wavtolip.npz,1.6577141284942627,1.6577141284942627,5.566028594970703,1
FakeVideo-FakeAudio/Asian (East)/women/id08819/00052_id09116_wavtolip.npz,2.5714707374572754,2.5714707374572754,4.624636173248291,1
FakeVideo-FakeAudio/Asian (East)/women/id00566/00032_id00137_wavtolip.npz,1.9342595338821411,1.9342595338821411,4.545799732208252,1
FakeVideo-FakeAudio/Asian (East)/women/id00566/00032_id00579_wavtolip.npz,1.7272981405258179,1.7272981405258179,4.4442243576049805,1
FakeVideo-FakeAudio/Asian (East)/women/id00566/00032_id00935_wavtolip.npz,0.8434774875640869,0.8434774875640869,4.518896579742432,1
FakeVideo-FakeAudio/Asian (East)/women/id00566/00032_id02587_KzwJPH5_8j0_faceswap_id04057_wavtolip.npz,0.6557173728942871,0.6557173728942871,4.561695575714111,1
FakeVideo-FakeAudio/Asian (East)/women/id00566/00032_id02587_KzwJPH5_8j0_faceswap_id05576_wavtolip.npz,1.6065921783447266,1.6065921783447266,4.5550055503845215,1
FakeVideo-FakeAudio/Asian (East)/women/id00566/00032_id02587_KzwJPH5_8j0_faceswap_id05631_wavtolip.npz,2.3933629989624023,2.3933629989624023,4.373611927032471,1
FakeVideo-FakeAudio/Asian (East)/women/id00566/00032_id02587_KzwJPH5_8j0_faceswap_id06462_wavtolip.npz,2.461336135864258,2.461336135864258,4.459273815155029,1
FakeVideo-FakeAudio/Asian (East)/women/id00566/00032_id02587_KzwJPH5_8j0_id07739_wavtolip.npz,2.2240285873413086,2.2240285873413086,4.582788467407227,1
FakeVideo-FakeAudio/Asian (East)/women/id00566/00032_id04414_wavtolip.npz,1.4288541078567505,1.4288541078567505,4.514244556427002,1
FakeVideo-FakeAudio/Asian (East)/women/id00566/00032_id05576_wavtolip.npz,1.5275667905807495,1.5275667905807495,4.537390232086182,1
FakeVideo-FakeAudio/Asian (East)/women/id00566/00032_id06054_wavtolip.npz,-1.417617678642273,-1.417617678642273,4.476834774017334,1
FakeVideo-FakeAudio/Asian (East)/women/id00566/00032_id06061_TckvmWR97vo_id00430_wavtolip.npz,2.0926053524017334,2.0926053524017334,4.504766941070557,1
FakeVideo-FakeAudio/Asian (East)/women/id00566/00032_id06061_wavtolip.npz,1.800492763519287,1.800492763519287,4.464194297790527,1
FakeVideo-FakeAudio/Asian (East)/women/id00566/00032_id06427_dBBAKe2EA_o_id03211_wavtolip.npz,1.982400894165039,1.982400894165039,4.044903755187988,1
FakeVideo-FakeAudio/Asian (East)/women/id00566/00032_id08397_wavtolip.npz,2.247408390045166,2.247408390045166,4.510658264160156,1
FakeVideo-FakeAudio/Asian (East)/women/id00566/00032_id09174_Qspzu6tyArc_id06066_wavtolip.npz,-1.110107660293579,-1.110107660293579,4.585806846618652,1
FakeVideo-FakeAudio/Asian (East)/women/id05631/00073_id00137_L22Rc38U5BA_id06462_wavtolip.npz,2.5493040084838867,2.5493040084838867,4.440452575683594,1
FakeVideo-FakeAudio/Asian (East)/women/id05631/00073_id00137_wavtolip.npz,0.8799965381622314,0.8799965381622314,4.534303665161133,1
FakeVideo-FakeAudio/Asian (East)/women/id05631/00073_id00579_wavtolip.npz,0.7553887367248535,0.7553887367248535,4.395226955413818,1
FakeVideo-FakeAudio/Asian (East)/women/id05631/00073_id01281_wavtolip.npz,2.351353883743286,2.351353883743286,4.729413986206055,1
FakeVideo-FakeAudio/Asian (East)/women/id05631/00073_id02587_KzwJPH5_8j0_id04414_wavtolip.npz,2.3858234882354736,2.3858234882354736,4.53770637512207,1
FakeVideo-FakeAudio/Asian (East)/women/id05631/00073_id04701_wavtolip.npz,0.8124053478240967,0.8124053478240967,4.625925064086914,1
FakeVideo-FakeAudio/Asian (East)/women/id05631/00073_id06065_Rni34oVUpTA_faceswap_id00430_wavtolip.npz,2.400847911834717,2.400847911834717,4.446655750274658,1
FakeVideo-FakeAudio/Asian (East)/women/id05631/00073_id06065_Rni34oVUpTA_faceswap_id00566_wavtolip.npz,2.0883238315582275,2.0883238315582275,4.381145477294922,1
FakeVideo-FakeAudio/Asian (East)/women/id05631/00073_id06065_Rni34oVUpTA_faceswap_id04414_wavtolip.npz,2.3352737426757812,2.3352737426757812,4.541330337524414,1
FakeVideo-FakeAudio/Asian (East)/women/id05631/00073_id06065_Rni34oVUpTA_faceswap_id05576_wavtolip.npz,2.7207040786743164,2.7207040786743164,4.931247234344482,1
FakeVideo-FakeAudio/Asian (East)/women/id05631/00073_id06065_Rni34oVUpTA_faceswap_id08819_wavtolip.npz,-1.3813679218292236,-1.3813679218292236,4.869816780090332,1
FakeVideo-FakeAudio/Asian (East)/women/id05631/00073_id06065_Rni34oVUpTA_id00763_wavtolip.npz,2.130535125732422,2.130535125732422,4.885049343109131,1
FakeVideo-FakeAudio/Asian (East)/women/id05631/00073_id08139_wavtolip.npz,1.734694480895996,1.734694480895996,3.9247193336486816,1
FakeVideo-FakeAudio/Asian (East)/women/id05631/00073_id08397_wavtolip.npz,2.3673460483551025,2.3673460483551025,4.665713787078857,1
FakeVideo-FakeAudio/Asian (East)/women/id05631/00073_id09116_wavtolip.npz,2.4001240730285645,2.4001240730285645,4.629042148590088,1
FakeVideo-FakeAudio/Asian (East)/women/id05631/00073_id09174_wavtolip.npz,1.7270511388778687,1.7270511388778687,3.8209214210510254,1
FakeVideo-FakeAudio/Asian (East)/women/id05631/00073_id09181_wavtolip.npz,1.2080188989639282,1.2080188989639282,4.885295867919922,1
FakeVideo-FakeAudio/Asian (East)/women/id06054/00010_id00137_wavtolip.npz,2.149747848510742,2.149747848510742,4.534065246582031,1
FakeVideo-FakeAudio/Asian (East)/women/id06054/00010_id00579_yc8eTBM4N3c_faceswap_id00579_wavtolip.npz,1.7786376476287842,1.7786376476287842,4.398333549499512,1
FakeVideo-FakeAudio/Asian (East)/women/id06054/00010_id00579_yc8eTBM4N3c_faceswap_id06065_wavtolip.npz,2.1253414154052734,2.1253414154052734,4.676197052001953,1
FakeVideo-FakeAudio/Asian (East)/women/id06054/00010_id00579_yc8eTBM4N3c_faceswap_id06388_wavtolip.npz,2.2325258255004883,2.2325258255004883,4.655291557312012,1
FakeVideo-FakeAudio/Asian (East)/women/id06054/00010_id00579_yc8eTBM4N3c_faceswap_id07739_wavtolip.npz,2.5578346252441406,2.5578346252441406,4.811553955078125,1
FakeVideo-FakeAudio/Asian (East)/women/id06054/00010_id00579_yc8eTBM4N3c_id02587_wavtolip.npz,1.291301965713501,1.291301965713501,3.90657639503479,1
FakeVideo-FakeAudio/Asian (East)/women/id06054/00010_id02587_KzwJPH5_8j0_id00430_wavtolip.npz,2.3054299354553223,2.3054299354553223,4.498142242431641,1
FakeVideo-FakeAudio/Asian (East)/women/id06054/00010_id02587_wavtolip.npz,1.282749891281128,1.282749891281128,3.9072158336639404,1
FakeVideo-FakeAudio/Asian (East)/women/id06054/00010_id04057_SmHwNbR-498_id08397_wavtolip.npz,2.321767568588257,2.321767568588257,4.670656681060791,1
FakeVideo-FakeAudio/Asian (East)/women/id06054/00010_id04144__FJg9YswRzQ_id01281_wavtolip.npz,2.5276029109954834,2.5276029109954834,4.750668048858643,1
FakeVideo-FakeAudio/Asian (East)/women/id06054/00010_id05844_wavtolip.npz,1.8656837940216064,1.8656837940216064,4.236165523529053,1
FakeVideo-FakeAudio/Asian (East)/women/id06054/00010_id06060_wavtolip.npz,2.479933738708496,2.479933738708496,4.607267379760742,1
FakeVideo-FakeAudio/Asian (East)/women/id06054/00010_id06065_wavtolip.npz,2.129746437072754,2.129746437072754,4.67085599899292,1
FakeVideo-FakeAudio/Asian (East)/women/id06054/00010_id06066_wavtolip.npz,-0.9750688672065735,-0.9750688672065735,4.797382831573486,1
FakeVideo-FakeAudio/Asian (East)/women/id06054/00010_id06462_wavtolip.npz,2.3005599975585938,2.3005599975585938,4.494270324707031,1
FakeVideo-FakeAudio/Asian (East)/women/id06054/00010_id08402_nedfiSXfmQ0_id00430_wavtolip.npz,2.3738903999328613,2.3738903999328613,4.489552974700928,1
FakeVideo-FakeAudio/Asian (East)/women/id06054/00010_id08819_uDQ-DFVg5Sk_id06225_wavtolip.npz,1.816281795501709,1.816281795501709,4.742045879364014,1
FakeVideo-FakeAudio/Asian (East)/women/id06054/00010_id09116_wavtolip.npz,1.1750602722167969,1.1750602722167969,4.643814563751221,1
FakeVideo-FakeAudio/Asian (East)/women/id06054/00010_id09171_wavtolip.npz,2.124049663543701,2.124049663543701,4.807885646820068,1
FakeVideo-FakeAudio/Asian (East)/women/id04701/00017_id01281_wavtolip.npz,2.5038535594940186,2.5038535594940186,4.67097282409668,1
FakeVideo-FakeAudio/Asian (East)/women/id04701/00017_id03940_axeR0CLu96U_id09175_wavtolip.npz,2.3304548263549805,2.3304548263549805,4.510970115661621,1
FakeVideo-FakeAudio/Asian (East)/women/id04701/00017_id04144__FJg9YswRzQ_id00579_wavtolip.npz,1.160847783088684,1.160847783088684,4.3997039794921875,1
FakeVideo-FakeAudio/Asian (East)/women/id04701/00017_id04144_wavtolip.npz,2.5409157276153564,2.5409157276153564,4.7287373542785645,1
FakeVideo-FakeAudio/Asian (East)/women/id04701/00017_id05844_wavtolip.npz,2.013197660446167,2.013197660446167,4.2771220207214355,1
FakeVideo-FakeAudio/Asian (East)/women/id04701/00017_id06054_wavtolip.npz,2.4142391681671143,2.4142391681671143,4.7927775382995605,1
FakeVideo-FakeAudio/Asian (East)/women/id04701/00017_id06065_wavtolip.npz,2.5365617275238037,2.5365617275238037,4.588557720184326,1
FakeVideo-FakeAudio/Asian (East)/women/id04701/00017_id06158_wavtolip.npz,2.6757073402404785,2.6757073402404785,4.797307014465332,1
FakeVideo-FakeAudio/Asian (East)/women/id04701/00017_id06462_Nn79kE76MA4_faceswap_id00566_wavtolip.npz,2.103203296661377,2.103203296661377,4.3642897605896,1
FakeVideo-FakeAudio/Asian (East)/women/id04701/00017_id06462_Nn79kE76MA4_faceswap_id00763_wavtolip.npz,1.053084135055542,1.053084135055542,4.750491619110107,1
FakeVideo-FakeAudio/Asian (East)/women/id04701/00017_id06462_Nn79kE76MA4_faceswap_id02587_wavtolip.npz,1.782746434211731,1.782746434211731,3.9145045280456543,1
FakeVideo-FakeAudio/Asian (East)/women/id04701/00017_id06462_Nn79kE76MA4_faceswap_id02807_wavtolip.npz,2.439091682434082,2.439091682434082,4.515758037567139,1
FakeVideo-FakeAudio/Asian (East)/women/id04701/00017_id06462_Nn79kE76MA4_faceswap_id06443_wavtolip.npz,-1.5249561071395874,-1.5249561071395874,4.830483913421631,1
FakeVideo-FakeAudio/Asian (East)/women/id04701/00017_id06462_Nn79kE76MA4_id06054_wavtolip.npz,2.5612244606018066,2.5612244606018066,4.797934055328369,1
FakeVideo-FakeAudio/Asian (East)/women/id04701/00017_id07739_TmuvLVNBm8o_id08819_wavtolip.npz,-1.6562975645065308,-1.6562975645065308,4.774884223937988,1
FakeVideo-FakeAudio/Asian (East)/women/id04701/00017_id07799_gO6nidmxrJU_id07799_wavtolip.npz,2.5076076984405518,2.5076076984405518,4.83904504776001,1
FakeVideo-FakeAudio/Asian (East)/women/id04701/00017_id08819_wavtolip.npz,-1.4925059080123901,-1.4925059080123901,4.773763656616211,1
FakeVideo-FakeAudio/Asian (East)/women/id04701/00017_id09174_Qspzu6tyArc_id06060_wavtolip.npz,2.6035382747650146,2.6035382747650146,4.6437273025512695,1
FakeVideo-FakeAudio/Asian (East)/women/id04701/00017_id09175_YWe7UOnEyHU_id00579_wavtolip.npz,1.4815471172332764,1.4815471172332764,4.452611923217773,1
FakeVideo-FakeAudio/Asian (East)/women/id09174/00015_id00137_L22Rc38U5BA_id06061_wavtolip.npz,2.6185758113861084,2.6185758113861084,4.466858386993408,1
FakeVideo-FakeAudio/Asian (East)/women/id09174/00015_id00137_wavtolip.npz,2.371764659881592,2.371764659881592,4.52073860168457,1
FakeVideo-FakeAudio/Asian (East)/women/id09174/00015_id00363_wavtolip.npz,2.324646472930908,2.324646472930908,4.455265998840332,1
FakeVideo-FakeAudio/Asian (East)/women/id09174/00015_id02587_KzwJPH5_8j0_faceswap_id03211_wavtolip.npz,1.9744728803634644,1.9744728803634644,4.032029151916504,1
FakeVideo-FakeAudio/Asian (East)/women/id09174/00015_id02587_KzwJPH5_8j0_faceswap_id06054_wavtolip.npz,-1.0054163932800293,-1.0054163932800293,4.463955879211426,1
FakeVideo-FakeAudio/Asian (East)/women/id09174/00015_id02587_KzwJPH5_8j0_faceswap_id06060_wavtolip.npz,2.3377928733825684,2.3377928733825684,4.563568115234375,1
FakeVideo-FakeAudio/Asian (East)/women/id09174/00015_id02587_KzwJPH5_8j0_faceswap_id09181_wavtolip.npz,2.2015013694763184,2.2015013694763184,4.541860580444336,1
FakeVideo-FakeAudio/Asian (East)/women/id09174/00015_id04701_7mnc8w6jRlM_id07739_wavtolip.npz,2.2108983993530273,2.2108983993530273,4.541529178619385,1
FakeVideo-FakeAudio/Asian (East)/women/id09174/00015_id05631_wavtolip.npz,2.3447506427764893,2.3447506427764893,4.384378910064697,1
FakeVideo-FakeAudio/Asian (East)/women/id09174/00015_id05844_bkmHULxZv40_id06054_wavtolip.npz,-1.1481961011886597,-1.1481961011886597,4.49273681640625,1
FakeVideo-FakeAudio/Asian (East)/women/id09174/00015_id05844_wavtolip.npz,2.0721628665924072,2.0721628665924072,4.192135334014893,1
FakeVideo-FakeAudio/Asian (East)/women/id09174/00015_id06060_wavtolip.npz,2.356680154800415,2.356680154800415,4.548360824584961,1
FakeVideo-FakeAudio/Asian (East)/women/id09174/00015_id08819_wavtolip.npz,-1.4545941352844238,-1.4545941352844238,4.45290470123291,1
FakeVideo-FakeAudio/Asian (East)/women/id09174/00015_id09116_wavtolip.npz,2.5111732482910156,2.5111732482910156,4.525590419769287,1
FakeVideo-FakeAudio/Asian (East)/women/id09174/00015_id09171_wavtolip.npz,2.4434263706207275,2.4434263706207275,4.577021598815918,1
FakeVideo-FakeAudio/Asian (East)/women/id09125/00098_id00430_wavtolip.npz,2.2628374099731445,2.2628374099731445,4.507631301879883,1
FakeVideo-FakeAudio/Asian (East)/women/id09125/00098_id00579_yc8eTBM4N3c_id05631_wavtolip.npz,2.111003875732422,2.111003875732422,4.408113479614258,1
FakeVideo-FakeAudio/Asian (East)/women/id09125/00098_id01281_wavtolip.npz,2.5323901176452637,2.5323901176452637,4.705512046813965,1
FakeVideo-FakeAudio/Asian (East)/women/id09125/00098_id02587_wavtolip.npz,1.5750914812088013,1.5750914812088013,3.9409892559051514,1
FakeVideo-FakeAudio/Asian (East)/women/id09125/00098_id03211_HK4oe6Hi91E_id05631_wavtolip.npz,2.102602481842041,2.102602481842041,4.426016807556152,1
FakeVideo-FakeAudio/Asian (East)/women/id09125/00098_id03379_wavtolip.npz,2.5504326820373535,2.5504326820373535,4.542887210845947,1
FakeVideo-FakeAudio/Asian (East)/women/id09125/00098_id04057_wavtolip.npz,2.1111903190612793,2.1111903190612793,4.792116165161133,1
FakeVideo-FakeAudio/Asian (East)/women/id09125/00098_id04144_wavtolip.npz,2.4876818656921387,2.4876818656921387,4.736381530761719,1
FakeVideo-FakeAudio/Asian (East)/women/id09125/00098_id06158_wavtolip.npz,2.3903157711029053,2.3903157711029053,4.8180131912231445,1
FakeVideo-FakeAudio/Asian (East)/women/id09125/00098_id06225_wavtolip.npz,2.681190013885498,2.681190013885498,4.94248628616333,1
FakeVideo-FakeAudio/Asian (East)/women/id09125/00098_id06462_Nn79kE76MA4_id04057_wavtolip.npz,2.344191551208496,2.344191551208496,4.801382541656494,1
FakeVideo-FakeAudio/Asian (East)/women/id09125/00098_id07739_TmuvLVNBm8o_id05844_wavtolip.npz,1.94429349899292,1.94429349899292,4.270575523376465,1
FakeVideo-FakeAudio/Asian (East)/women/id09125/00098_id07799_wavtolip.npz,2.970508098602295,2.970508098602295,5.0142998695373535,1
FakeVideo-FakeAudio/Asian (East)/women/id09125/00098_id09174_wavtolip.npz,1.8258631229400635,1.8258631229400635,3.8169097900390625,1
FakeVideo-FakeAudio/Asian (East)/women/id09125/00098_id09181_ypUYBHscgD8_id06225_wavtolip.npz,2.4193074703216553,2.4193074703216553,4.977241516113281,1
FakeVideo-FakeAudio/Asian (East)/women/id05620/00005_id00137_wavtolip.npz,2.334462881088257,2.334462881088257,4.471915245056152,1
FakeVideo-FakeAudio/Asian (East)/women/id05620/00005_id00566_V3Hg_HMhuwQ_id00430_wavtolip.npz,1.8704925775527954,1.8704925775527954,4.445329189300537,1
FakeVideo-FakeAudio/Asian (East)/women/id05620/00005_id00579_wavtolip.npz,1.5457663536071777,1.5457663536071777,4.432143688201904,1
FakeVideo-FakeAudio/Asian (East)/women/id05620/00005_id02807_eFC0STvhou4_id04144_wavtolip.npz,1.8445712327957153,1.8445712327957153,4.698634147644043,1
FakeVideo-FakeAudio/Asian (East)/women/id05620/00005_id04144_wavtolip.npz,2.3926708698272705,2.3926708698272705,4.738597869873047,1
FakeVideo-FakeAudio/Asian (East)/women/id05620/00005_id05620_wavtolip.npz,2.811431407928467,2.811431407928467,4.785553932189941,1
FakeVideo-FakeAudio/Asian (East)/women/id05620/00005_id05631_wavtolip.npz,2.290375232696533,2.290375232696533,4.398899078369141,1
FakeVideo-FakeAudio/Asian (East)/women/id05620/00005_id06061_TckvmWR97vo_faceswap_id03379_wavtolip.npz,2.1620171070098877,2.1620171070098877,4.5609540939331055,1
FakeVideo-FakeAudio/Asian (East)/women/id05620/00005_id06061_TckvmWR97vo_faceswap_id04414_wavtolip.npz,2.303520917892456,2.303520917892456,4.584264755249023,1
FakeVideo-FakeAudio/Asian (East)/women/id05620/00005_id06061_TckvmWR97vo_faceswap_id04701_wavtolip.npz,2.513805627822876,2.513805627822876,4.650310039520264,1
FakeVideo-FakeAudio/Asian (East)/women/id05620/00005_id06061_TckvmWR97vo_faceswap_id05631_wavtolip.npz,2.3404417037963867,2.3404417037963867,4.442470073699951,1
FakeVideo-FakeAudio/Asian (East)/women/id05620/00005_id06061_TckvmWR97vo_faceswap_id09181_wavtolip.npz,2.8281681537628174,2.8281681537628174,4.848581314086914,1
FakeVideo-FakeAudio/Asian (East)/women/id05620/00005_id06061_TckvmWR97vo_id00566_wavtolip.npz,2.314657211303711,2.314657211303711,4.317637920379639,1
FakeVideo-FakeAudio/Asian (East)/women/id05620/00005_id06066_9e5vgpwmruA_id07039_wavtolip.npz,2.7543184757232666,2.7543184757232666,4.775771141052246,1
FakeVideo-FakeAudio/Asian (East)/women/id05620/00005_id06066_wavtolip.npz,-1.214201807975769,-1.214201807975769,4.800997734069824,1
FakeVideo-FakeAudio/Asian (East)/women/id05620/00005_id07799_wavtolip.npz,3.0754408836364746,3.0754408836364746,4.8158464431762695,1
FakeVideo-FakeAudio/Asian (East)/women/id05620/00005_id09181_wavtolip.npz,2.7924180030822754,2.7924180030822754,4.810641765594482,1
FakeVideo-FakeAudio/Asian (East)/women/id05576/00368_id00363_XNRwEZtddRk_id00763_wavtolip.npz,-0.03922593593597412,-0.03922593593597412,4.95143985748291,1
FakeVideo-FakeAudio/Asian (East)/women/id05576/00368_id00566_wavtolip.npz,2.1769397258758545,2.1769397258758545,4.330066204071045,1
FakeVideo-FakeAudio/Asian (East)/women/id05576/00368_id02807_eFC0STvhou4_id00763_wavtolip.npz,0.18108034133911133,0.18108034133911133,4.949359893798828,1
FakeVideo-FakeAudio/Asian (East)/women/id05576/00368_id03211_wavtolip.npz,2.054262399673462,2.054262399673462,4.064696788787842,1
FakeVideo-FakeAudio/Asian (East)/women/id05576/00368_id04144_wavtolip.npz,2.5705137252807617,2.5705137252807617,4.717846393585205,1
FakeVideo-FakeAudio/Asian (East)/women/id05576/00368_id04701_wavtolip.npz,2.5437798500061035,2.5437798500061035,4.576053619384766,1
FakeVideo-FakeAudio/Asian (East)/women/id05576/00368_id05631_wavtolip.npz,2.487727165222168,2.487727165222168,4.395325660705566,1
FakeVideo-FakeAudio/Asian (East)/women/id05576/00368_id06061_wavtolip.npz,2.9345364570617676,2.9345364570617676,4.989269733428955,1
FakeVideo-FakeAudio/Asian (East)/women/id05576/00368_id06066_9e5vgpwmruA_id00935_wavtolip.npz,0.6795769929885864,0.6795769929885864,4.549723148345947,1
FakeVideo-FakeAudio/Asian (East)/women/id05576/00368_id06066_wavtolip.npz,-0.5829814672470093,-0.5829814672470093,4.890466690063477,1
FakeVideo-FakeAudio/Asian (East)/women/id05576/00368_id06158_C6FpHdewEzA_id00430_wavtolip.npz,2.3509302139282227,2.3509302139282227,4.479881763458252,1
FakeVideo-FakeAudio/Asian (East)/women/id05576/00368_id08139_wavtolip.npz,1.7818491458892822,1.7818491458892822,3.926804542541504,1
FakeVideo-FakeAudio/Asian (East)/women/id05576/00368_id08397_zvY3EjwSL1Q_id06054_wavtolip.npz,2.639796733856201,2.639796733856201,4.701147556304932,1
FakeVideo-FakeAudio/Asian (East)/women/id05576/00368_id08819_uDQ-DFVg5Sk_id09116_wavtolip.npz,2.5116703510284424,2.5116703510284424,4.622485160827637,1
FakeVideo-FakeAudio/Asian (East)/women/id05576/00368_id09116_wavtolip.npz,2.6672604084014893,2.6672604084014893,4.6302170753479,1
FakeVideo-FakeAudio/Asian (East)/women/id05576/00368_id09175_YWe7UOnEyHU_id00763_wavtolip.npz,0.28785979747772217,0.28785979747772217,5.031800270080566,1
FakeVideo-FakeAudio/Asian (East)/women/id06388/00005_id00579_wavtolip.npz,1.8231438398361206,1.8231438398361206,4.406558990478516,1
FakeVideo-FakeAudio/Asian (East)/women/id06388/00005_id01281_ojEe5zGWESc_faceswap_id03211_wavtolip.npz,1.8440382480621338,1.8440382480621338,4.008965969085693,1
FakeVideo-FakeAudio/Asian (East)/women/id06388/00005_id01281_ojEe5zGWESc_faceswap_id04414_wavtolip.npz,2.456378936767578,2.456378936767578,4.553497314453125,1
FakeVideo-FakeAudio/Asian (East)/women/id06388/00005_id01281_ojEe5zGWESc_faceswap_id05620_wavtolip.npz,2.805171251296997,2.805171251296997,4.734016418457031,1
FakeVideo-FakeAudio/Asian (East)/women/id06388/00005_id01281_ojEe5zGWESc_faceswap_id08139_wavtolip.npz,1.7659885883331299,1.7659885883331299,3.939122200012207,1
FakeVideo-FakeAudio/Asian (East)/women/id06388/00005_id04057_wavtolip.npz,2.63486385345459,2.63486385345459,4.760416030883789,1
FakeVideo-FakeAudio/Asian (East)/women/id06388/00005_id04701_wavtolip.npz,2.136033535003662,2.136033535003662,4.638108730316162,1
FakeVideo-FakeAudio/Asian (East)/women/id06388/00005_id06054_wavtolip.npz,1.8027026653289795,1.8027026653289795,4.742002010345459,1
FakeVideo-FakeAudio/Asian (East)/women/id06388/00005_id06065_wavtolip.npz,2.5722193717956543,2.5722193717956543,4.612334251403809,1
FakeVideo-FakeAudio/Asian (East)/women/id06388/00005_id06462_wavtolip.npz,2.2862350940704346,2.2862350940704346,4.499360084533691,1
FakeVideo-FakeAudio/Asian (East)/women/id06388/00005_id08397_wavtolip.npz,2.561302661895752,2.561302661895752,4.638597011566162,1
FakeVideo-FakeAudio/Asian (East)/women/id06388/00005_id08402_nedfiSXfmQ0_id03379_wavtolip.npz,2.153301239013672,2.153301239013672,4.544976711273193,1
FakeVideo-FakeAudio/Asian (East)/women/id06388/00005_id09116_wavtolip.npz,2.4359359741210938,2.4359359741210938,4.642815589904785,1
FakeVideo-FakeAudio/Asian (East)/women/id06388/00005_id09171_B-JRLp6chC0_id00579_wavtolip.npz,1.5871975421905518,1.5871975421905518,4.37988805770874,1
FakeVideo-FakeAudio/Asian (East)/women/id06388/00005_id09175_YWe7UOnEyHU_id00363_wavtolip.npz,2.1758623123168945,2.1758623123168945,4.471913814544678,1
FakeVideo-FakeAudio/Asian (East)/women/id06388/00005_id09181_ypUYBHscgD8_id06225_wavtolip.npz,2.248340129852295,2.248340129852295,4.760023593902588,1
FakeVideo-FakeAudio/Asian (East)/women/id00582/00006_id00137_wavtolip.npz,1.120337963104248,1.120337963104248,4.54729700088501,1
FakeVideo-FakeAudio/Asian (East)/women/id00582/00006_id00566_wavtolip.npz,1.9088839292526245,1.9088839292526245,4.33363676071167,1
FakeVideo-FakeAudio/Asian (East)/women/id00582/00006_id01281_wavtolip.npz,2.4811925888061523,2.4811925888061523,4.712891101837158,1
FakeVideo-FakeAudio/Asian (East)/women/id00582/00006_id02807_eFC0STvhou4_id00137_wavtolip.npz,2.4167118072509766,2.4167118072509766,4.562702178955078,1
FakeVideo-FakeAudio/Asian (East)/women/id00582/00006_id03211_HK4oe6Hi91E_id06054_wavtolip.npz,2.483473300933838,2.483473300933838,4.738739967346191,1
FakeVideo-FakeAudio/Asian (East)/women/id00582/00006_id03379_A32nCObAHiI_faceswap_id00137_wavtolip.npz,2.248856544494629,2.248856544494629,4.534514427185059,1
FakeVideo-FakeAudio/Asian (East)/women/id00582/00006_id03379_A32nCObAHiI_faceswap_id00935_wavtolip.npz,2.3892710208892822,2.3892710208892822,4.5534257888793945,1
FakeVideo-FakeAudio/Asian (East)/women/id00582/00006_id03379_A32nCObAHiI_faceswap_id05620_wavtolip.npz,1.7268849611282349,1.7268849611282349,4.747840881347656,1
FakeVideo-FakeAudio/Asian (East)/women/id00582/00006_id03379_A32nCObAHiI_faceswap_id06158_wavtolip.npz,2.6102352142333984,2.6102352142333984,4.798007488250732,1
FakeVideo-FakeAudio/Asian (East)/women/id00582/00006_id03379_A32nCObAHiI_id07799_wavtolip.npz,3.2865021228790283,3.2865021228790283,5.406073093414307,1
FakeVideo-FakeAudio/Asian (East)/women/id00582/00006_id03379_wavtolip.npz,2.4108476638793945,2.4108476638793945,4.54843807220459,1
FakeVideo-FakeAudio/Asian (East)/women/id00582/00006_id04144__FJg9YswRzQ_id05576_wavtolip.npz,1.0736452341079712,1.0736452341079712,5.045485496520996,1
FakeVideo-FakeAudio/Asian (East)/women/id00582/00006_id04701_wavtolip.npz,2.20110821723938,2.20110821723938,4.640100002288818,1
FakeVideo-FakeAudio/Asian (East)/women/id00582/00006_id06065_wavtolip.npz,2.017120838165283,2.017120838165283,4.668172836303711,1
FakeVideo-FakeAudio/Asian (East)/women/id00582/00006_id06388_AtidJ-WlONc_id08139_wavtolip.npz,1.6362065076828003,1.6362065076828003,3.9362010955810547,1
FakeVideo-FakeAudio/Asian (East)/women/id00582/00006_id09171_wavtolip.npz,2.745594024658203,2.745594024658203,4.989999294281006,1
FakeVideo-FakeAudio/Asian (East)/women/id00582/00006_id09174_Qspzu6tyArc_id02587_wavtolip.npz,1.3275532722473145,1.3275532722473145,3.9439384937286377,1
FakeVideo-FakeAudio/Asian (East)/women/id00582/00006_id09174_wavtolip.npz,1.6647915840148926,1.6647915840148926,3.869419813156128,1
FakeVideo-FakeAudio/Asian (East)/women/id00363/00014_id00763_lI1GEn3Ima0_id05631_wavtolip.npz,2.15179443359375,2.15179443359375,4.423074722290039,1
FakeVideo-FakeAudio/Asian (East)/women/id00363/00014_id03379_A32nCObAHiI_id09175_wavtolip.npz,2.3373866081237793,2.3373866081237793,4.532962799072266,1
FakeVideo-FakeAudio/Asian (East)/women/id00363/00014_id04144__FJg9YswRzQ_id00763_wavtolip.npz,0.743045449256897,0.743045449256897,4.509769439697266,1
FakeVideo-FakeAudio/Asian (East)/women/id00363/00014_id04701_wavtolip.npz,2.512024402618408,2.512024402618408,4.475321292877197,1
FakeVideo-FakeAudio/Asian (East)/women/id00363/00014_id05576_wavtolip.npz,2.560364246368408,2.560364246368408,4.4957122802734375,1
FakeVideo-FakeAudio/Asian (East)/women/id00363/00014_id05844_wavtolip.npz,2.082036018371582,2.082036018371582,4.197166919708252,1
FakeVideo-FakeAudio/Asian (East)/women/id00363/00014_id06054_wavtolip.npz,-1.4139728546142578,-1.4139728546142578,4.466383934020996,1
FakeVideo-FakeAudio/Asian (East)/women/id00363/00014_id06066_9e5vgpwmruA_id00566_wavtolip.npz,1.804972767829895,1.804972767829895,4.352859973907471,1
FakeVideo-FakeAudio/Asian (East)/women/id00363/00014_id06443_wavtolip.npz,-1.5668754577636719,-1.5668754577636719,4.469474792480469,1
FakeVideo-FakeAudio/Asian (East)/women/id00363/00014_id08139_wavtolip.npz,1.7923915386199951,1.7923915386199951,3.9551682472229004,1
FakeVideo-FakeAudio/Asian (East)/women/id00363/00014_id08819_wavtolip.npz,-1.4889488220214844,-1.4889488220214844,4.46083402633667,1
FakeVideo-FakeAudio/Asian (East)/women/id00363/00014_id09175_YWe7UOnEyHU_id07739_wavtolip.npz,2.387856960296631,2.387856960296631,4.532094478607178,1
FakeVideo-FakeAudio/Asian (East)/women/id00363/00014_id09175_wavtolip.npz,2.5640103816986084,2.5640103816986084,4.456486225128174,1
FakeVideo-FakeAudio/Asian (East)/women/id06158/00015_id00763_wavtolip.npz,1.475574016571045,1.475574016571045,4.748706817626953,1
FakeVideo-FakeAudio/Asian (East)/women/id06158/00015_id03940_axeR0CLu96U_faceswap_id02587_wavtolip.npz,1.863244891166687,1.863244891166687,3.887688159942627,1
FakeVideo-FakeAudio/Asian (East)/women/id06158/00015_id03940_axeR0CLu96U_faceswap_id04414_wavtolip.npz,2.4475646018981934,2.4475646018981934,4.52650785446167,1
FakeVideo-FakeAudio/Asian (East)/women/id06158/00015_id03940_axeR0CLu96U_faceswap_id05620_wavtolip.npz,2.37772798538208,2.37772798538208,4.784638404846191,1
FakeVideo-FakeAudio/Asian (East)/women/id06158/00015_id03940_axeR0CLu96U_faceswap_id06065_wavtolip.npz,2.508411407470703,2.508411407470703,4.643747329711914,1
FakeVideo-FakeAudio/Asian (East)/women/id06158/00015_id03940_axeR0CLu96U_faceswap_id06443_wavtolip.npz,-1.101203203201294,-1.101203203201294,4.741744041442871,1
FakeVideo-FakeAudio/Asian (East)/women/id06158/00015_id03940_axeR0CLu96U_id06061_wavtolip.npz,2.3409910202026367,2.3409910202026367,4.7052788734436035,1
FakeVideo-FakeAudio/Asian (East)/women/id06158/00015_id04057_wavtolip.npz,2.4091005325317383,2.4091005325317383,4.762348651885986,1
FakeVideo-FakeAudio/Asian (East)/women/id06158/00015_id04701_7mnc8w6jRlM_id07799_wavtolip.npz,2.121206760406494,2.121206760406494,4.7433857917785645,1
FakeVideo-FakeAudio/Asian (East)/women/id06158/00015_id04701_wavtolip.npz,2.4388232231140137,2.4388232231140137,4.655472755432129,1
FakeVideo-FakeAudio/Asian (East)/women/id06158/00015_id06054_wavtolip.npz,-1.560032844543457,-1.560032844543457,4.71396017074585,1
FakeVideo-FakeAudio/Asian (East)/women/id06158/00015_id06060_wavtolip.npz,2.1186952590942383,2.1186952590942383,4.63417387008667,1
FakeVideo-FakeAudio/Asian (East)/women/id06158/00015_id06462_wavtolip.npz,2.3712868690490723,2.3712868690490723,4.501611709594727,1
FakeVideo-FakeAudio/Asian (East)/women/id06158/00015_id08397_zvY3EjwSL1Q_id01281_wavtolip.npz,2.1450772285461426,2.1450772285461426,4.7332682609558105,1
FakeVideo-FakeAudio/Asian (East)/women/id03211/00032_id00363_wavtolip.npz,2.085568428039551,2.085568428039551,4.47028923034668,1
FakeVideo-FakeAudio/Asian (East)/women/id03211/00032_id00582_9gvF6IohoUI_faceswap_id04414_wavtolip.npz,2.2773542404174805,2.2773542404174805,4.562332630157471,1
FakeVideo-FakeAudio/Asian (East)/women/id03211/00032_id00582_9gvF6IohoUI_faceswap_id05620_wavtolip.npz,2.536362409591675,2.536362409591675,4.780138969421387,1
FakeVideo-FakeAudio/Asian (East)/women/id03211/00032_id00582_9gvF6IohoUI_faceswap_id05631_wavtolip.npz,2.4420523643493652,2.4420523643493652,4.465479850769043,1
FakeVideo-FakeAudio/Asian (East)/women/id03211/00032_id00582_9gvF6IohoUI_faceswap_id06225_wavtolip.npz,1.8711967468261719,1.8711967468261719,4.905396461486816,1
FakeVideo-FakeAudio/Asian (East)/women/id03211/00032_id00582_9gvF6IohoUI_faceswap_id06388_wavtolip.npz,2.3869035243988037,2.3869035243988037,4.660704612731934,1
FakeVideo-FakeAudio/Asian (East)/women/id03211/00032_id00582_9gvF6IohoUI_id04414_wavtolip.npz,2.1424291133880615,2.1424291133880615,4.563004970550537,1
FakeVideo-FakeAudio/Asian (East)/women/id03211/00032_id00935_wavtolip.npz,1.0953454971313477,1.0953454971313477,4.536391258239746,1
FakeVideo-FakeAudio/Asian (East)/women/id03211/00032_id02587_KzwJPH5_8j0_id06054_wavtolip.npz,2.359511613845825,2.359511613845825,4.759403705596924,1
FakeVideo-FakeAudio/Asian (East)/women/id03211/00032_id02587_wavtolip.npz,1.2851927280426025,1.2851927280426025,3.8890609741210938,1
FakeVideo-FakeAudio/Asian (East)/women/id03211/00032_id03940_axeR0CLu96U_id06462_wavtolip.npz,2.4824204444885254,2.4824204444885254,4.464615821838379,1
FakeVideo-FakeAudio/Asian (East)/women/id03211/00032_id04066_DkqznbB2WxQ_id05576_wavtolip.npz,2.400330066680908,2.400330066680908,4.930201053619385,1
FakeVideo-FakeAudio/Asian (East)/women/id03211/00032_id04414_0sJN-9GIO-M_id05620_wavtolip.npz,2.7421164512634277,2.7421164512634277,4.756896018981934,1
FakeVideo-FakeAudio/Asian (East)/women/id03211/00032_id04414_wavtolip.npz,2.5489299297332764,2.5489299297332764,4.5275797843933105,1
FakeVideo-FakeAudio/Asian (East)/women/id03211/00032_id05631_wavtolip.npz,2.375537395477295,2.375537395477295,4.459168910980225,1
FakeVideo-FakeAudio/Asian (East)/women/id03211/00032_id06158_C6FpHdewEzA_id05844_wavtolip.npz,2.011190176010132,2.011190176010132,4.23991060256958,1
FakeVideo-FakeAudio/Asian (East)/women/id03211/00032_id06427_dBBAKe2EA_o_id05631_wavtolip.npz,2.3163673877716064,2.3163673877716064,4.433813571929932,1
FakeVideo-FakeAudio/Asian (East)/women/id03211/00032_id09181_wavtolip.npz,2.816641330718994,2.816641330718994,4.956712245941162,1
FakeVideo-FakeAudio/Caucasian (European)/men/id01052/00076_id00171_PWU6n0qrv4c_id00266_wavtolip.npz,2.5039448738098145,2.5039448738098145,5.134274482727051,1
FakeVideo-FakeAudio/Caucasian (European)/men/id01052/00076_id00185_wavtolip.npz,1.6212763786315918,1.6212763786315918,4.769952774047852,1
FakeVideo-FakeAudio/Caucasian (European)/men/id01052/00076_id00225_wavtolip.npz,2.8152015209198,2.8152015209198,5.222383975982666,1
FakeVideo-FakeAudio/Caucasian (European)/men/id01052/00076_id00241_DlI4wqSFwbI_id00990_wavtolip.npz,2.6380691528320312,2.6380691528320312,4.6836652755737305,1
FakeVideo-FakeAudio/Caucasian (European)/men/id01052/00076_id00266_wavtolip.npz,2.5399932861328125,2.5399932861328125,5.148720741271973,1
FakeVideo-FakeAudio/Caucasian (European)/men/id01052/00076_id00282_wavtolip.npz,0.6253377199172974,0.6253377199172974,4.858058452606201,1
FakeVideo-FakeAudio/Caucasian (European)/men/id01052/00076_id00305_LdcY3ILdQrE_id00265_wavtolip.npz,2.3452155590057373,2.3452155590057373,4.27081298828125,1
FakeVideo-FakeAudio/Caucasian (European)/men/id01052/00076_id00306_CDX55F3nWNc_id00981_wavtolip.npz,-0.10211539268493652,-0.10211539268493652,4.791527271270752,1
FakeVideo-FakeAudio/Caucasian (European)/men/id01052/00076_id00415_wavtolip.npz,2.140043020248413,2.140043020248413,4.731549263000488,1
FakeVideo-FakeAudio/Caucasian (European)/men/id01052/00076_id00498_wavtolip.npz,1.97054123878479,1.97054123878479,4.075527667999268,1
FakeVideo-FakeAudio/Caucasian (European)/men/id01052/00076_id00548_DXbYU3qhN7U_id00520_wavtolip.npz,1.7128671407699585,1.7128671407699585,3.9307963848114014,1
FakeVideo-FakeAudio/Caucasian (European)/men/id01052/00076_id00548_wavtolip.npz,-0.24234062433242798,-0.24234062433242798,4.854903221130371,1
FakeVideo-FakeAudio/Caucasian (European)/men/id01052/00076_id00559_wavtolip.npz,2.286402940750122,2.286402940750122,4.807130336761475,1
FakeVideo-FakeAudio/Caucasian (European)/men/id01052/00076_id00709_Rh23ELMGsIQ_faceswap_id00063_wavtolip.npz,2.316469192504883,2.316469192504883,4.442018985748291,1
FakeVideo-FakeAudio/Caucasian (European)/men/id01052/00076_id00709_Rh23ELMGsIQ_faceswap_id00225_wavtolip.npz,2.970731258392334,2.970731258392334,5.218056678771973,1
FakeVideo-FakeAudio/Caucasian (European)/men/id01052/00076_id00709_Rh23ELMGsIQ_faceswap_id00265_wavtolip.npz,2.288893699645996,2.288893699645996,4.285295009613037,1
FakeVideo-FakeAudio/Caucasian (European)/men/id01052/00076_id00709_Rh23ELMGsIQ_faceswap_id01052_wavtolip.npz,2.9483039379119873,2.9483039379119873,5.036289691925049,1
FakeVideo-FakeAudio/Caucasian (European)/men/id01052/00076_id00709_Rh23ELMGsIQ_faceswap_id01156_wavtolip.npz,-0.4454813003540039,-0.4454813003540039,5.11423921585083,1
FakeVideo-FakeAudio/Caucasian (European)/men/id01052/00076_id00709_Rh23ELMGsIQ_id00241_wavtolip.npz,2.4340991973876953,2.4340991973876953,4.697838306427002,1
FakeVideo-FakeAudio/Caucasian (European)/men/id01052/00076_id00963_wavtolip.npz,2.7138144969940186,2.7138144969940186,5.164432525634766,1
FakeVideo-FakeAudio/Caucasian (European)/men/id01052/00076_id00990_G-qzOIgxEoE_id00186_wavtolip.npz,1.7208951711654663,1.7208951711654663,4.933659553527832,1
FakeVideo-FakeAudio/Caucasian (European)/men/id01052/00076_id01051_jPxk6s6FM6Y_id00183_wavtolip.npz,2.5030338764190674,2.5030338764190674,4.734500885009766,1
FakeVideo-FakeAudio/Caucasian (European)/men/id01052/00076_id01098_BwmSumx6P1U_id00368_wavtolip.npz,2.594517469406128,2.594517469406128,5.019503116607666,1
FakeVideo-FakeAudio/Caucasian (European)/men/id01052/00076_id01102_aGFUkdgmo3A_id00292_wavtolip.npz,0.5481981039047241,0.5481981039047241,4.481583595275879,1
FakeVideo-FakeAudio/Caucasian (European)/men/id01052/00076_id01123_wavtolip.npz,1.6564583778381348,1.6564583778381348,5.007761478424072,1
FakeVideo-FakeAudio/Caucasian (European)/men/id00709/00206_1_id00187_wavtolip.npz,2.8244309425354004,2.8244309425354004,4.94639253616333,1
FakeVideo-FakeAudio/Caucasian (European)/men/id00709/00206_1_id00548_wavtolip.npz,1.7870221138000488,1.7870221138000488,4.870649337768555,1
FakeVideo-FakeAudio/Caucasian (European)/men/id00709/00206_1_id00709_wavtolip.npz,2.9699442386627197,2.9699442386627197,5.078910827636719,1
FakeVideo-FakeAudio/Caucasian (European)/men/id00709/00206_1_id00963_wavtolip.npz,3.102720022201538,3.102720022201538,5.330705642700195,1
FakeVideo-FakeAudio/Caucasian (European)/men/id00709/00206_1_id01102_wavtolip.npz,2.308492660522461,2.308492660522461,4.579753875732422,1
FakeVideo-FakeAudio/Caucasian (European)/men/id00709/00206_id00063_cVZBXC2rjPM_id01098_wavtolip.npz,1.6280982494354248,1.6280982494354248,4.393774032592773,1
FakeVideo-FakeAudio/Caucasian (European)/men/id00709/00206_id00225_MHSgwpfHAXw_id00063_wavtolip.npz,2.3119418621063232,2.3119418621063232,4.430411338806152,1
FakeVideo-FakeAudio/Caucasian (European)/men/id00709/00206_id00241_wavtolip.npz,2.3613781929016113,2.3613781929016113,4.744684219360352,1
FakeVideo-FakeAudio/Caucasian (European)/men/id00709/00206_id00358_vsVwGKy79kM_id01098_wavtolip.npz,2.228823184967041,2.228823184967041,4.377005577087402,1
FakeVideo-FakeAudio/Caucasian (European)/men/id00709/00206_id00358_wavtolip.npz,3.064483165740967,3.064483165740967,5.226836204528809,1
FakeVideo-FakeAudio/Caucasian (European)/men/id00709/00206_id00415_wavtolip.npz,2.4321208000183105,2.4321208000183105,4.627338409423828,1
FakeVideo-FakeAudio/Caucasian (European)/men/id00709/00206_id00535_BhvTIJ-YG5s_id00055_wavtolip.npz,2.2830183506011963,2.2830183506011963,4.579972267150879,1
FakeVideo-FakeAudio/Caucasian (European)/men/id00709/00206_id00548_DXbYU3qhN7U_id01102_wavtolip.npz,2.410822868347168,2.410822868347168,4.5633721351623535,1
FakeVideo-FakeAudio/Caucasian (European)/men/id00709/00206_id00559_wavtolip.npz,2.6286487579345703,2.6286487579345703,4.773444175720215,1
FakeVideo-FakeAudio/Caucasian (European)/men/id00709/00206_id00919_XDUn0Pskyrk_id01157_wavtolip.npz,2.342832088470459,2.342832088470459,4.575944900512695,1
FakeVideo-FakeAudio/Caucasian (European)/men/id00709/00206_id00919_wavtolip.npz,2.071162700653076,2.071162700653076,4.2128400802612305,1
FakeVideo-FakeAudio/Caucasian (European)/men/id00709/00206_id00999_SjnM4XFBz0M_id00520_wavtolip.npz,1.9262311458587646,1.9262311458587646,3.906989097595215,1
FakeVideo-FakeAudio/Caucasian (European)/men/id00709/00206_id01052_Kf4nlIEHfaU_id00185_wavtolip.npz,0.9984256029129028,0.9984256029129028,4.732268333435059,1
FakeVideo-FakeAudio/Caucasian (European)/men/id00709/00206_id01052_wavtolip.npz,2.534763813018799,2.534763813018799,5.067376136779785,1
FakeVideo-FakeAudio/Caucasian (European)/men/id00709/00206_id01102_wavtolip.npz,2.549562454223633,2.549562454223633,4.572263717651367,1
FakeVideo-FakeAudio/Caucasian (European)/men/id00709/00206_id01123_wavtolip.npz,2.2204532623291016,2.2204532623291016,4.966004848480225,1
FakeVideo-FakeAudio/Caucasian (European)/men/id00709/00206_id01126_wavtolip.npz,3.000703811645508,3.000703811645508,5.26741886138916,1
FakeVideo-FakeAudio/Caucasian (European)/men/id00709/00206_id01154_wavtolip.npz,2.4588398933410645,2.4588398933410645,4.560295581817627,1
FakeVideo-FakeAudio/Caucasian (European)/men/id00709/00206_id02567_4Ao5jgpSXdw_id00919_wavtolip.npz,1.8799872398376465,1.8799872398376465,4.2628374099731445,1
FakeVideo-FakeAudio/Caucasian (European)/men/id00709/00206_id03205_gXytNIcANKw_id00241_wavtolip.npz,0.44539737701416016,0.44539737701416016,4.659661769866943,1
FakeVideo-FakeAudio/Caucasian (European)/men/id00306/00015_id00063_wavtolip.npz,1.8854970932006836,1.8854970932006836,4.4617719650268555,1
FakeVideo-FakeAudio/Caucasian (European)/men/id00306/00015_id00241_DlI4wqSFwbI_id01154_wavtolip.npz,1.8616368770599365,1.8616368770599365,4.647736549377441,1
FakeVideo-FakeAudio/Caucasian (European)/men/id00306/00015_id00241_wavtolip.npz,0.6135212182998657,0.6135212182998657,4.665145397186279,1
FakeVideo-FakeAudio/Caucasian (European)/men/id00306/00015_id00292_qELK8N_DykA_id00554_wavtolip.npz,1.8164546489715576,1.8164546489715576,3.962695360183716,1
FakeVideo-FakeAudio/Caucasian (European)/men/id00306/00015_id00292_wavtolip.npz,1.1017733812332153,1.1017733812332153,4.511699199676514,1
FakeVideo-FakeAudio/Caucasian (European)/men/id00306/00015_id00415_saYfEadFy_s_id00559_wavtolip.npz,2.507833957672119,2.507833957672119,4.810336112976074,1
FakeVideo-FakeAudio/Caucasian (European)/men/id00306/00015_id00594_wavtolip.npz,2.7074618339538574,2.7074618339538574,5.203397274017334,1
FakeVideo-FakeAudio/Caucasian (European)/men/id00306/00015_id00909_wavtolip.npz,0.7981166839599609,0.7981166839599609,4.692055702209473,1
FakeVideo-FakeAudio/Caucasian (European)/men/id00306/00015_id01051_wavtolip.npz,2.476616382598877,2.476616382598877,4.808577060699463,1
FakeVideo-FakeAudio/Caucasian (European)/men/id00306/00015_id01052_Kf4nlIEHfaU_id01154_wavtolip.npz,1.8935043811798096,1.8935043811798096,4.608696937561035,1
FakeVideo-FakeAudio/Caucasian (European)/men/id00306/00015_id01052_wavtolip.npz,2.1137423515319824,2.1137423515319824,5.043012619018555,1
FakeVideo-FakeAudio/Caucasian (European)/men/id00306/00015_id01058_2DKbOjf3Wyo_faceswap_id00253_wavtolip.npz,2.0064854621887207,2.0064854621887207,4.282976150512695,1
FakeVideo-FakeAudio/Caucasian (European)/men/id00306/00015_id01058_2DKbOjf3Wyo_faceswap_id00535_wavtolip.npz,1.7618141174316406,1.7618141174316406,4.449386119842529,1
FakeVideo-FakeAudio/Caucasian (European)/men/id00306/00015_id01058_2DKbOjf3Wyo_faceswap_id00559_wavtolip.npz,1.009616494178772,1.009616494178772,4.743384838104248,1
FakeVideo-FakeAudio/Caucasian (European)/men/id00306/00015_id01058_2DKbOjf3Wyo_faceswap_id00919_wavtolip.npz,2.059131145477295,2.059131145477295,4.2192792892456055,1
FakeVideo-FakeAudio/Caucasian (European)/men/id00306/00015_id01058_2DKbOjf3Wyo_faceswap_id01157_wavtolip.npz,1.9569944143295288,1.9569944143295288,4.588554859161377,1
FakeVideo-FakeAudio/Caucasian (European)/men/id00306/00015_id01058_2DKbOjf3Wyo_id00171_wavtolip.npz,1.3624829053878784,1.3624829053878784,5.203181743621826,1
FakeVideo-FakeAudio/Caucasian (European)/men/id00306/00015_id01098_wavtolip.npz,1.9761494398117065,1.9761494398117065,4.427706241607666,1
FakeVideo-FakeAudio/Caucasian (European)/men/id00306/00015_id01123_wavtolip.npz,1.7717368602752686,1.7717368602752686,4.948092460632324,1
FakeVideo-FakeAudio/Caucasian (European)/men/id00306/00015_id01126_wavtolip.npz,2.6189165115356445,2.6189165115356445,5.202402114868164,1
FakeVideo-FakeAudio/Caucasian (European)/men/id00306/00015_id01154_tvmOcaG4A4w_id01051_wavtolip.npz,1.7089314460754395,1.7089314460754395,4.82064151763916,1
FakeVideo-FakeAudio/Caucasian (European)/men/id00306/00015_id01156_RT99eogJo4k_id01156_wavtolip.npz,-0.9737064242362976,-0.9737064242362976,5.170103073120117,1
FakeVideo-FakeAudio/Caucasian (European)/men/id00292/00072_id00055_XzCF6sJ8Axc_id00306_wavtolip.npz,-0.3361785411834717,-0.3361785411834717,4.624375820159912,1
FakeVideo-FakeAudio/Caucasian (European)/men/id00292/00072_id00187_wavtolip.npz,1.9236290454864502,1.9236290454864502,4.596648693084717,1
FakeVideo-FakeAudio/Caucasian (European)/men/id00292/00072_id00192_By3wxX0dyDw_faceswap_id00225_wavtolip.npz,2.3854587078094482,2.3854587078094482,4.597625732421875,1
FakeVideo-FakeAudio/Caucasian (European)/men/id00292/00072_id00192_By3wxX0dyDw_faceswap_id00709_wavtolip.npz,2.0123941898345947,2.0123941898345947,4.614376544952393,1
FakeVideo-FakeAudio/Caucasian (European)/men/id00292/00072_id00192_By3wxX0dyDw_faceswap_id00919_wavtolip.npz,1.8930960893630981,1.8930960893630981,4.225944519042969,1
FakeVideo-FakeAudio/Caucasian (European)/men/id00292/00072_id00192_By3wxX0dyDw_faceswap_id01052_wavtolip.npz,2.7169647216796875,2.7169647216796875,4.566126823425293,1
FakeVideo-FakeAudio/Caucasian (European)/men/id00292/00072_id00192_By3wxX0dyDw_faceswap_id01102_wavtolip.npz,2.5004663467407227,2.5004663467407227,4.5857038497924805,1
FakeVideo-FakeAudio/Caucasian (European)/men/id00292/00072_id00192_By3wxX0dyDw_id00520_wavtolip.npz,1.7524876594543457,1.7524876594543457,3.9242665767669678,1
FakeVideo-FakeAudio/Caucasian (European)/men/id00292/00072_id00265_wavtolip.npz,2.0483884811401367,2.0483884811401367,4.289035320281982,1
FakeVideo-FakeAudio/Caucasian (European)/men/id00292/00072_id00266_wavtolip.npz,1.480177879333496,1.480177879333496,4.621289253234863,1
FakeVideo-FakeAudio/Caucasian (European)/men/id00292/00072_id00282_iTsqWj6GEbo_id00055_wavtolip.npz,2.6011853218078613,2.6011853218078613,4.564664840698242,1
FakeVideo-FakeAudio/Caucasian (European)/men/id00292/00072_id00282_wavtolip.npz,2.319462776184082,2.319462776184082,4.676292896270752,1
FakeVideo-FakeAudio/Caucasian (European)/men/id00292/00072_id00306_CDX55F3nWNc_id00305_wavtolip.npz,2.51431941986084,2.51431941986084,4.671757698059082,1
FakeVideo-FakeAudio/Caucasian (European)/men/id00292/00072_id00368_KohcGDsg29U_id00415_wavtolip.npz,2.253629207611084,2.253629207611084,4.665302276611328,1
FakeVideo-FakeAudio/Caucasian (European)/men/id00292/00072_id00559_wavtolip.npz,2.2342529296875,2.2342529296875,4.666109085083008,1
FakeVideo-FakeAudio/Caucasian (European)/men/id00292/00072_id00963_1s6PjtI643E_id00694_wavtolip.npz,1.886092185974121,1.886092185974121,4.188086032867432,1
FakeVideo-FakeAudio/Caucasian (European)/men/id00292/00072_id00981_OmNALjENDkI_id01098_wavtolip.npz,2.3280506134033203,2.3280506134033203,4.401761531829834,1
FakeVideo-FakeAudio/Caucasian (European)/men/id00292/00072_id01098_wavtolip.npz,2.289642095565796,2.289642095565796,4.3899664878845215,1
FakeVideo-FakeAudio/Caucasian (European)/men/id00292/00072_id01099_ZpgbIKxzkrg_id00548_wavtolip.npz,-1.2142728567123413,-1.2142728567123413,4.651691436767578,1
FakeVideo-FakeAudio/Caucasian (European)/men/id00292/00072_id01102_wavtolip.npz,2.4084489345550537,2.4084489345550537,4.605119705200195,1
FakeVideo-FakeAudio/Caucasian (European)/men/id00292/00072_id01126_wavtolip.npz,2.4478344917297363,2.4478344917297363,4.682060241699219,1
FakeVideo-FakeAudio/Caucasian (European)/men/id00292/00072_id01154_wavtolip.npz,2.125277042388916,2.125277042388916,4.580357551574707,1
FakeVideo-FakeAudio/Caucasian (European)/men/id00292/00072_id01156_RT99eogJo4k_id02567_wavtolip.npz,2.399509906768799,2.399509906768799,4.5868449211120605,1
FakeVideo-FakeAudio/Caucasian (European)/men/id00292/00072_id01157_yDgqfOWVKko_id01156_wavtolip.npz,-0.843847393989563,-0.843847393989563,4.572665691375732,1
FakeVideo-FakeAudio/Caucasian (European)/men/id00292/00072_id02567_wavtolip.npz,2.334455966949463,2.334455966949463,4.615957260131836,1
FakeVideo-FakeAudio/Caucasian (European)/men/id00919/00063_id00055_wavtolip.npz,1.789903163909912,1.789903163909912,4.548257827758789,1
FakeVideo-FakeAudio/Caucasian (European)/men/id00919/00063_id00063_cVZBXC2rjPM_id00990_wavtolip.npz,1.000441551208496,1.000441551208496,4.4606404304504395,1
FakeVideo-FakeAudio/Caucasian (European)/men/id00919/00063_id00171_wavtolip.npz,-1.516872525215149,-1.516872525215149,4.549215793609619,1
FakeVideo-FakeAudio/Caucasian (European)/men/id00919/00063_id00265_wavtolip.npz,2.212381362915039,2.212381362915039,4.253039360046387,1
FakeVideo-FakeAudio/Caucasian (European)/men/id00919/00063_id00306_wavtolip.npz,-1.5705270767211914,-1.5705270767211914,4.5612688064575195,1
FakeVideo-FakeAudio/Caucasian (European)/men/id00919/00063_id00358_vsVwGKy79kM_id00594_wavtolip.npz,-1.333588719367981,-1.333588719367981,4.549903869628906,1
FakeVideo-FakeAudio/Caucasian (European)/men/id00919/00063_id00368_wavtolip.npz,1.291590690612793,1.291590690612793,4.528095722198486,1
FakeVideo-FakeAudio/Caucasian (European)/men/id00919/00063_id00535_BhvTIJ-YG5s_id02567_wavtolip.npz,0.8403840065002441,0.8403840065002441,4.5025177001953125,1
FakeVideo-FakeAudio/Caucasian (European)/men/id00919/00063_id00535_wavtolip.npz,1.6083773374557495,1.6083773374557495,4.436636447906494,1
FakeVideo-FakeAudio/Caucasian (European)/men/id00919/00063_id00559_Y7ovoKuvL78_id01051_wavtolip.npz,2.335838556289673,2.335838556289673,4.574787616729736,1
FakeVideo-FakeAudio/Caucasian (European)/men/id00919/00063_id00709_Rh23ELMGsIQ_id00266_wavtolip.npz,2.3980660438537598,2.3980660438537598,4.506405353546143,1
FakeVideo-FakeAudio/Caucasian (European)/men/id00919/00063_id00909_wavtolip.npz,1.4165894985198975,1.4165894985198975,4.526512622833252,1
FakeVideo-FakeAudio/Caucasian (European)/men/id00919/00063_id00919_wavtolip.npz,1.8796279430389404,1.8796279430389404,4.215488433837891,1
FakeVideo-FakeAudio/Caucasian (European)/men/id00919/00063_id01099_ZpgbIKxzkrg_id00946_wavtolip.npz,2.3325459957122803,2.3325459957122803,4.445334434509277,1
FakeVideo-FakeAudio/Caucasian (European)/men/id00919/00063_id01156_RT99eogJo4k_id00306_wavtolip.npz,-1.402857780456543,-1.402857780456543,4.573780059814453,1
FakeVideo-FakeAudio/Caucasian (European)/men/id00919/00063_id01156_wavtolip.npz,-0.23301362991333008,-0.23301362991333008,4.452707290649414,1
FakeVideo-FakeAudio/Caucasian (European)/men/id00919/00063_id01157_yDgqfOWVKko_id00694_wavtolip.npz,1.9676862955093384,1.9676862955093384,4.224872589111328,1
FakeVideo-FakeAudio/Caucasian (European)/men/id00919/00063_id02567_4Ao5jgpSXdw_id00519_wavtolip.npz,2.196286201477051,2.196286201477051,4.3708367347717285,1
FakeVideo-FakeAudio/Caucasian (European)/men/id00919/00063_id03205_gXytNIcANKw_id01051_wavtolip.npz,1.9564622640609741,1.9564622640609741,4.560781955718994,1
FakeVideo-FakeAudio/Caucasian (European)/men/id00919/00063_id03205_wavtolip.npz,1.5982134342193604,1.5982134342193604,4.104076385498047,1
FakeVideo-FakeAudio/Caucasian (European)/men/id01099/00206_id00055_XzCF6sJ8Axc_id00548_wavtolip.npz,-0.7582755088806152,-0.7582755088806152,4.883162021636963,1
FakeVideo-FakeAudio/Caucasian (European)/men/id01099/00206_id00063_cVZBXC2rjPM_id00186_wavtolip.npz,2.392378807067871,2.392378807067871,4.956390857696533,1
FakeVideo-FakeAudio/Caucasian (European)/men/id01099/00206_id00171_wavtolip.npz,-1.6012845039367676,-1.6012845039367676,4.902156829833984,1
FakeVideo-FakeAudio/Caucasian (European)/men/id01099/00206_id00183_wavtolip.npz,2.481991767883301,2.481991767883301,4.846710205078125,1
FakeVideo-FakeAudio/Caucasian (European)/men/id01099/00206_id00225_wavtolip.npz,2.8867032527923584,2.8867032527923584,4.976571559906006,1
FakeVideo-FakeAudio/Caucasian (European)/men/id01099/00206_id00253_cyTfcQDjvU0_id00055_wavtolip.npz,2.4347076416015625,2.4347076416015625,4.5966410636901855,1
FakeVideo-FakeAudio/Caucasian (European)/men/id01099/00206_id00253_wavtolip.npz,1.9826200008392334,1.9826200008392334,4.362070083618164,1
FakeVideo-FakeAudio/Caucasian (European)/men/id01099/00206_id00292_qELK8N_DykA_id00185_wavtolip.npz,1.6930218935012817,1.6930218935012817,4.754878520965576,1
FakeVideo-FakeAudio/Caucasian (European)/men/id01099/00206_id00358_wavtolip.npz,2.7467598915100098,2.7467598915100098,4.972322463989258,1
FakeVideo-FakeAudio/Caucasian (European)/men/id01099/00206_id00519_wavtolip.npz,2.333739757537842,2.333739757537842,4.4213995933532715,1
FakeVideo-FakeAudio/Caucasian (European)/men/id01099/00206_id00535_BhvTIJ-YG5s_id00548_wavtolip.npz,-0.7232424020767212,-0.7232424020767212,4.892512321472168,1
FakeVideo-FakeAudio/Caucasian (European)/men/id01099/00206_id00554_crjq1dFN1Ko_id01123_wavtolip.npz,-0.7061655521392822,-0.7061655521392822,4.84392786026001,1
FakeVideo-FakeAudio/Caucasian (European)/men/id01099/00206_id00559_Y7ovoKuvL78_id00498_wavtolip.npz,1.6546486616134644,1.6546486616134644,4.084339141845703,1
FakeVideo-FakeAudio/Caucasian (European)/men/id01099/00206_id00694_wavtolip.npz,1.9347028732299805,1.9347028732299805,4.181371212005615,1
FakeVideo-FakeAudio/Caucasian (European)/men/id01099/00206_id00709_wavtolip.npz,3.0134830474853516,3.0134830474853516,4.898387908935547,1
FakeVideo-FakeAudio/Caucasian (European)/men/id01099/00206_id00919_XDUn0Pskyrk_faceswap_id00055_wavtolip.npz,2.42274808883667,2.42274808883667,4.57383918762207,1
FakeVideo-FakeAudio/Caucasian (European)/men/id01099/00206_id00919_XDUn0Pskyrk_faceswap_id00694_wavtolip.npz,2.0218708515167236,2.0218708515167236,4.20810604095459,1
FakeVideo-FakeAudio/Caucasian (European)/men/id01099/00206_id00919_XDUn0Pskyrk_faceswap_id01058_wavtolip.npz,0.6241772174835205,0.6241772174835205,4.913924694061279,1
FakeVideo-FakeAudio/Caucasian (European)/men/id01099/00206_id00919_XDUn0Pskyrk_faceswap_id01156_wavtolip.npz,1.0540401935577393,1.0540401935577393,4.825891017913818,1
FakeVideo-FakeAudio/Caucasian (European)/men/id01099/00206_id00919_XDUn0Pskyrk_faceswap_id03205_wavtolip.npz,1.342812180519104,1.342812180519104,4.076449871063232,1
FakeVideo-FakeAudio/Caucasian (European)/men/id01099/00206_id00919_XDUn0Pskyrk_id00241_wavtolip.npz,2.262247085571289,2.262247085571289,4.742817401885986,1
FakeVideo-FakeAudio/Caucasian (European)/men/id01099/00206_id00946_wavtolip.npz,1.7345201969146729,1.7345201969146729,4.482280254364014,1
FakeVideo-FakeAudio/Caucasian (European)/men/id01099/00206_id01058_wavtolip.npz,-0.4120903015136719,-0.4120903015136719,4.9321699142456055,1
FakeVideo-FakeAudio/Caucasian (European)/men/id01099/00206_id01157_yDgqfOWVKko_id00999_wavtolip.npz,2.207397699356079,2.207397699356079,4.594749927520752,1
FakeVideo-FakeAudio/Caucasian (European)/men/id00358/00217_id00063_cVZBXC2rjPM_faceswap_id00055_wavtolip.npz,1.9054003953933716,1.9054003953933716,4.57987117767334,1
FakeVideo-FakeAudio/Caucasian (European)/men/id00358/00217_id00063_cVZBXC2rjPM_faceswap_id00063_wavtolip.npz,2.2531256675720215,2.2531256675720215,4.461037635803223,1
FakeVideo-FakeAudio/Caucasian (European)/men/id00358/00217_id00063_cVZBXC2rjPM_faceswap_id00187_wavtolip.npz,2.7494497299194336,2.7494497299194336,4.974754333496094,1
FakeVideo-FakeAudio/Caucasian (European)/men/id00358/00217_id00063_cVZBXC2rjPM_faceswap_id00253_wavtolip.npz,1.8715509176254272,1.8715509176254272,4.2327399253845215,1
FakeVideo-FakeAudio/Caucasian (European)/men/id00358/00217_id00063_cVZBXC2rjPM_faceswap_id01099_wavtolip.npz,2.5340933799743652,2.5340933799743652,4.782144546508789,1
FakeVideo-FakeAudio/Caucasian (European)/men/id00358/00217_id00063_cVZBXC2rjPM_id00192_wavtolip.npz,2.0028200149536133,2.0028200149536133,4.959425449371338,1
FakeVideo-FakeAudio/Caucasian (European)/men/id00358/00217_id00183_wavtolip.npz,1.7522896528244019,1.7522896528244019,4.795999050140381,1
FakeVideo-FakeAudio/Caucasian (European)/men/id00358/00217_id00186_KTjDxHTlzg0_id00266_wavtolip.npz,2.3726513385772705,2.3726513385772705,5.132126808166504,1
FakeVideo-FakeAudio/Caucasian (European)/men/id00358/00217_id00225_MHSgwpfHAXw_id00999_wavtolip.npz,2.258535623550415,2.258535623550415,4.605225086212158,1
FakeVideo-FakeAudio/Caucasian (European)/men/id00358/00217_id00225_wavtolip.npz,2.8495283126831055,2.8495283126831055,5.4559736251831055,1
FakeVideo-FakeAudio/Caucasian (European)/men/id00358/00217_id00265_wavtolip.npz,2.283931255340576,2.283931255340576,4.279752254486084,1
FakeVideo-FakeAudio/Caucasian (European)/men/id00358/00217_id00292_wavtolip.npz,1.7084312438964844,1.7084312438964844,4.493443489074707,1
FakeVideo-FakeAudio/Caucasian (European)/men/id00358/00217_id00415_wavtolip.npz,2.26546049118042,2.26546049118042,4.683619022369385,1
FakeVideo-FakeAudio/Caucasian (European)/men/id00358/00217_id00535_BhvTIJ-YG5s_id01156_wavtolip.npz,2.3021411895751953,2.3021411895751953,5.247368812561035,1
FakeVideo-FakeAudio/Caucasian (European)/men/id00358/00217_id00694_wavtolip.npz,1.9746460914611816,1.9746460914611816,4.183013439178467,1
FakeVideo-FakeAudio/Caucasian (European)/men/id00358/00217_id00709_Rh23ELMGsIQ_id01154_wavtolip.npz,1.8015592098236084,1.8015592098236084,4.6092915534973145,1
FakeVideo-FakeAudio/Caucasian (European)/men/id00358/00217_id00946_wavtolip.npz,2.111175537109375,2.111175537109375,4.509683609008789,1
FakeVideo-FakeAudio/Caucasian (European)/men/id00358/00217_id00981_OmNALjENDkI_id00709_wavtolip.npz,2.900294780731201,2.900294780731201,5.057519912719727,1
FakeVideo-FakeAudio/Caucasian (European)/men/id00358/00217_id00990_wavtolip.npz,2.2267584800720215,2.2267584800720215,4.713993549346924,1
FakeVideo-FakeAudio/Caucasian (European)/men/id00358/00217_id01051_jPxk6s6FM6Y_id00694_wavtolip.npz,2.0756325721740723,2.0756325721740723,4.198152542114258,1
FakeVideo-FakeAudio/Caucasian (European)/men/id00358/00217_id01098_wavtolip.npz,2.0037639141082764,2.0037639141082764,4.380575656890869,1
FakeVideo-FakeAudio/Caucasian (European)/men/id00358/00217_id01102_aGFUkdgmo3A_id01154_wavtolip.npz,2.4346094131469727,2.4346094131469727,4.62143087387085,1
FakeVideo-FakeAudio/Caucasian (European)/men/id00358/00217_id01154_wavtolip.npz,2.148984432220459,2.148984432220459,4.596092224121094,1
FakeVideo-FakeAudio/Caucasian (European)/men/id00358/00217_id01157_yDgqfOWVKko_id03205_wavtolip.npz,1.3018457889556885,1.3018457889556885,4.086607456207275,1
FakeVideo-FakeAudio/Caucasian (European)/men/id00282/00268_id00063_cVZBXC2rjPM_id00554_wavtolip.npz,1.806402564048767,1.806402564048767,3.8884503841400146,1
FakeVideo-FakeAudio/Caucasian (European)/men/id00282/00268_id00171_PWU6n0qrv4c_id01052_wavtolip.npz,2.701437473297119,2.701437473297119,4.986842632293701,1
FakeVideo-FakeAudio/Caucasian (European)/men/id00282/00268_id00171_wavtolip.npz,-1.259831428527832,-1.259831428527832,5.070918083190918,1
FakeVideo-FakeAudio/Caucasian (European)/men/id00282/00268_id00185_wavtolip.npz,0.8037959337234497,0.8037959337234497,4.766866683959961,1
FakeVideo-FakeAudio/Caucasian (European)/men/id00282/00268_id00192_wavtolip.npz,2.5935235023498535,2.5935235023498535,5.036077976226807,1
FakeVideo-FakeAudio/Caucasian (European)/men/id00282/00268_id00241_wavtolip.npz,2.723621368408203,2.723621368408203,4.724983215332031,1
FakeVideo-FakeAudio/Caucasian (European)/men/id00282/00268_id00265_wavtolip.npz,2.3520288467407227,2.3520288467407227,4.2716288566589355,1
FakeVideo-FakeAudio/Caucasian (European)/men/id00282/00268_id00282_wavtolip.npz,2.167078733444214,2.167078733444214,4.918021202087402,1
FakeVideo-FakeAudio/Caucasian (European)/men/id00282/00268_id00292_qELK8N_DykA_id00183_wavtolip.npz,2.333909034729004,2.333909034729004,4.818082809448242,1
FakeVideo-FakeAudio/Caucasian (European)/men/id00282/00268_id00305_LdcY3ILdQrE_faceswap_id00306_wavtolip.npz,0.5181064605712891,0.5181064605712891,4.997553825378418,1
FakeVideo-FakeAudio/Caucasian (European)/men/id00282/00268_id00305_LdcY3ILdQrE_faceswap_id00368_wavtolip.npz,2.7913451194763184,2.7913451194763184,5.0418500900268555,1
FakeVideo-FakeAudio/Caucasian (European)/men/id00282/00268_id00305_LdcY3ILdQrE_faceswap_id00709_wavtolip.npz,2.762643337249756,2.762643337249756,5.019986629486084,1
FakeVideo-FakeAudio/Caucasian (European)/men/id00282/00268_id00305_LdcY3ILdQrE_faceswap_id01052_wavtolip.npz,2.8701229095458984,2.8701229095458984,4.945416450500488,1
FakeVideo-FakeAudio/Caucasian (European)/men/id00282/00268_id00305_LdcY3ILdQrE_faceswap_id01156_wavtolip.npz,0.2870182991027832,0.2870182991027832,4.961441993713379,1
FakeVideo-FakeAudio/Caucasian (European)/men/id00282/00268_id00305_LdcY3ILdQrE_id00554_wavtolip.npz,1.9151617288589478,1.9151617288589478,3.908555507659912,1
FakeVideo-FakeAudio/Caucasian (European)/men/id00282/00268_id00368_KohcGDsg29U_id00963_wavtolip.npz,2.629958152770996,2.629958152770996,4.965933322906494,1
FakeVideo-FakeAudio/Caucasian (European)/men/id00282/00268_id00415_wavtolip.npz,1.918550968170166,1.918550968170166,4.704664707183838,1
FakeVideo-FakeAudio/Caucasian (European)/men/id00282/00268_id00498_N_BjyJsx80g_id00594_wavtolip.npz,-1.0897393226623535,-1.0897393226623535,4.916820049285889,1
FakeVideo-FakeAudio/Caucasian (European)/men/id00282/00268_id00909_nEQbKqo1XCs_id02567_wavtolip.npz,2.3845996856689453,2.3845996856689453,4.650684833526611,1
FakeVideo-FakeAudio/Caucasian (European)/men/id00282/00268_id01051_wavtolip.npz,2.464066982269287,2.464066982269287,4.86973762512207,1
FakeVideo-FakeAudio/Caucasian (European)/men/id00282/00268_id01058_2DKbOjf3Wyo_id03205_wavtolip.npz,1.3490532636642456,1.3490532636642456,4.092082977294922,1
FakeVideo-FakeAudio/Caucasian (European)/men/id00282/00268_id01098_wavtolip.npz,2.3374104499816895,2.3374104499816895,4.412562847137451,1
FakeVideo-FakeAudio/Caucasian (European)/men/id00282/00268_id01123_Xid_-DpIHX4_id00498_wavtolip.npz,2.092603921890259,2.092603921890259,4.036548614501953,1
FakeVideo-FakeAudio/Caucasian (European)/men/id00282/00268_id01126_wavtolip.npz,2.5982375144958496,2.5982375144958496,5.022823333740234,1
FakeVideo-FakeAudio/Caucasian (European)/men/id00282/00268_id03205_gXytNIcANKw_id01154_wavtolip.npz,1.8075613975524902,1.8075613975524902,4.668028354644775,1
FakeVideo-FakeAudio/Caucasian (European)/men/id01051/00322_2_id00063_wavtolip.npz,2.156381368637085,2.156381368637085,4.441684246063232,1
FakeVideo-FakeAudio/Caucasian (European)/men/id01051/00322_2_id00186_wavtolip.npz,2.8534278869628906,2.8534278869628906,4.902365684509277,1
FakeVideo-FakeAudio/Caucasian (European)/men/id01051/00322_2_id00305_wavtolip.npz,2.8644168376922607,2.8644168376922607,5.099900245666504,1
FakeVideo-FakeAudio/Caucasian (European)/men/id01051/00322_2_id00990_wavtolip.npz,2.828409194946289,2.828409194946289,4.660418510437012,1
FakeVideo-FakeAudio/Caucasian (European)/men/id01051/00322_2_id01099_wavtolip.npz,2.6169023513793945,2.6169023513793945,4.761230945587158,1
FakeVideo-FakeAudio/Caucasian (European)/men/id01051/00322_id00186_KTjDxHTlzg0_id00709_wavtolip.npz,2.9621427059173584,2.9621427059173584,5.089193820953369,1
FakeVideo-FakeAudio/Caucasian (European)/men/id01051/00322_id00187_dwaPMrJANMQ_id00415_wavtolip.npz,2.3400120735168457,2.3400120735168457,4.738597869873047,1
FakeVideo-FakeAudio/Caucasian (European)/men/id01051/00322_id00187_wavtolip.npz,2.932237148284912,2.932237148284912,4.959990501403809,1
FakeVideo-FakeAudio/Caucasian (European)/men/id01051/00322_id00192_wavtolip.npz,3.040278911590576,3.040278911590576,4.955307483673096,1
FakeVideo-FakeAudio/Caucasian (European)/men/id01051/00322_id00265_wavtolip.npz,2.2386679649353027,2.2386679649353027,4.251003742218018,1
FakeVideo-FakeAudio/Caucasian (European)/men/id01051/00322_id00305_wavtolip.npz,-0.9648393392562866,-0.9648393392562866,5.555708885192871,1
FakeVideo-FakeAudio/Caucasian (European)/men/id01051/00322_id00306_wavtolip.npz,2.3971447944641113,2.3971447944641113,5.06523323059082,1
FakeVideo-FakeAudio/Caucasian (European)/men/id01051/00322_id00358_vsVwGKy79kM_id01051_wavtolip.npz,2.180100440979004,2.180100440979004,4.806717395782471,1
FakeVideo-FakeAudio/Caucasian (European)/men/id01051/00322_id00358_wavtolip.npz,3.138148784637451,3.138148784637451,5.597714424133301,1
FakeVideo-FakeAudio/Caucasian (European)/men/id01051/00322_id00535_BhvTIJ-YG5s_id00171_wavtolip.npz,2.6401596069335938,2.6401596069335938,5.200092792510986,1
FakeVideo-FakeAudio/Caucasian (European)/men/id01051/00322_id00548_wavtolip.npz,2.748760223388672,2.748760223388672,4.8669610023498535,1
FakeVideo-FakeAudio/Caucasian (European)/men/id01051/00322_id00709_Rh23ELMGsIQ_id00520_wavtolip.npz,1.8259118795394897,1.8259118795394897,3.9055652618408203,1
FakeVideo-FakeAudio/Caucasian (European)/men/id01051/00322_id01052_Kf4nlIEHfaU_id03205_wavtolip.npz,1.1694834232330322,1.1694834232330322,4.09454870223999,1
FakeVideo-FakeAudio/Caucasian (European)/men/id01051/00322_id01058_wavtolip.npz,3.0835208892822266,3.0835208892822266,5.210631370544434,1
FakeVideo-FakeAudio/Caucasian (European)/men/id01051/00322_id01098_BwmSumx6P1U_id02567_wavtolip.npz,1.6252779960632324,1.6252779960632324,4.607422828674316,1
FakeVideo-FakeAudio/Caucasian (European)/men/id01051/00322_id01102_aGFUkdgmo3A_faceswap_id00709_wavtolip.npz,2.971526861190796,2.971526861190796,5.046401023864746,1
FakeVideo-FakeAudio/Caucasian (European)/men/id01051/00322_id01102_aGFUkdgmo3A_faceswap_id00919_wavtolip.npz,2.0859367847442627,2.0859367847442627,4.211147785186768,1
FakeVideo-FakeAudio/Caucasian (European)/men/id01051/00322_id01102_aGFUkdgmo3A_faceswap_id00946_wavtolip.npz,2.1483588218688965,2.1483588218688965,4.441953182220459,1
FakeVideo-FakeAudio/Caucasian (European)/men/id01051/00322_id01102_aGFUkdgmo3A_faceswap_id01102_wavtolip.npz,2.1827213764190674,2.1827213764190674,4.584053993225098,1
FakeVideo-FakeAudio/Caucasian (European)/men/id01051/00322_id01102_aGFUkdgmo3A_faceswap_id01156_wavtolip.npz,2.6326262950897217,2.6326262950897217,5.22916841506958,1
FakeVideo-FakeAudio/Caucasian (European)/men/id01051/00322_id01102_aGFUkdgmo3A_id00548_wavtolip.npz,2.737354040145874,2.737354040145874,4.88087272644043,1
FakeVideo-FakeAudio/Caucasian (European)/men/id01051/00322_id01156_RT99eogJo4k_id03205_wavtolip.npz,1.664426565170288,1.664426565170288,4.102949142456055,1
FakeVideo-FakeAudio/Caucasian (European)/men/id01051/00322_id01156_wavtolip.npz,2.7866690158843994,2.7866690158843994,5.251667022705078,1
FakeVideo-FakeAudio/Caucasian (European)/men/id01051/00322_id02567_4Ao5jgpSXdw_id00519_wavtolip.npz,2.3155345916748047,2.3155345916748047,4.3805389404296875,1
FakeVideo-FakeAudio/Caucasian (European)/men/id01051/00322_id02567_wavtolip.npz,2.460184097290039,2.460184097290039,4.607151985168457,1
FakeVideo-FakeAudio/Caucasian (European)/men/id00415/00017_id00183_z2DhZllPWUQ_id00909_wavtolip.npz,1.4426672458648682,1.4426672458648682,4.6950812339782715,1
FakeVideo-FakeAudio/Caucasian (European)/men/id00415/00017_id00192_By3wxX0dyDw_faceswap_id00368_wavtolip.npz,2.9718375205993652,2.9718375205993652,4.959283828735352,1
FakeVideo-FakeAudio/Caucasian (European)/men/id00415/00017_id00192_By3wxX0dyDw_faceswap_id00520_wavtolip.npz,1.6528912782669067,1.6528912782669067,3.9219865798950195,1
FakeVideo-FakeAudio/Caucasian (European)/men/id00415/00017_id00192_By3wxX0dyDw_faceswap_id00548_wavtolip.npz,2.4401707649230957,2.4401707649230957,4.857537746429443,1
FakeVideo-FakeAudio/Caucasian (European)/men/id00415/00017_id00192_By3wxX0dyDw_faceswap_id00909_wavtolip.npz,1.801232099533081,1.801232099533081,4.643494606018066,1
FakeVideo-FakeAudio/Caucasian (European)/men/id00415/00017_id00192_By3wxX0dyDw_faceswap_id01154_wavtolip.npz,1.770423173904419,1.770423173904419,4.607701301574707,1
FakeVideo-FakeAudio/Caucasian (European)/men/id00415/00017_id00192_By3wxX0dyDw_id00963_wavtolip.npz,2.9727389812469482,2.9727389812469482,4.9047627449035645,1
FakeVideo-FakeAudio/Caucasian (European)/men/id00415/00017_id00241_DlI4wqSFwbI_id00186_wavtolip.npz,2.696523666381836,2.696523666381836,4.874059200286865,1
FakeVideo-FakeAudio/Caucasian (European)/men/id00415/00017_id00241_wavtolip.npz,2.593108654022217,2.593108654022217,4.640804290771484,1
FakeVideo-FakeAudio/Caucasian (European)/men/id00415/00017_id00292_qELK8N_DykA_id00055_wavtolip.npz,2.064363718032837,2.064363718032837,4.5547637939453125,1
FakeVideo-FakeAudio/Caucasian (European)/men/id00415/00017_id00305_wavtolip.npz,2.812944173812866,2.812944173812866,5.051498889923096,1
FakeVideo-FakeAudio/Caucasian (European)/men/id00415/00017_id00306_CDX55F3nWNc_id00415_wavtolip.npz,2.5268425941467285,2.5268425941467285,4.658802032470703,1
FakeVideo-FakeAudio/Caucasian (European)/men/id00415/00017_id00520_wavtolip.npz,1.698486566543579,1.698486566543579,3.931851387023926,1
FakeVideo-FakeAudio/Caucasian (European)/men/id00415/00017_id00559_Y7ovoKuvL78_id00055_wavtolip.npz,2.545602798461914,2.545602798461914,4.571130275726318,1
FakeVideo-FakeAudio/Caucasian (European)/men/id00415/00017_id00594_wavtolip.npz,0.3870474100112915,0.3870474100112915,4.945882320404053,1
FakeVideo-FakeAudio/Caucasian (European)/men/id00415/00017_id00963_1s6PjtI643E_id00282_wavtolip.npz,2.631577253341675,2.631577253341675,4.848934650421143,1
FakeVideo-FakeAudio/Caucasian (European)/men/id00415/00017_id00963_wavtolip.npz,2.8887195587158203,2.8887195587158203,4.927441596984863,1
FakeVideo-FakeAudio/Caucasian (European)/men/id00415/00017_id00999_SjnM4XFBz0M_id00306_wavtolip.npz,0.8269798755645752,0.8269798755645752,4.908982276916504,1
FakeVideo-FakeAudio/Caucasian (European)/men/id00415/00017_id01058_2DKbOjf3Wyo_id00919_wavtolip.npz,1.949385166168213,1.949385166168213,4.239469051361084,1
FakeVideo-FakeAudio/Caucasian (European)/men/id00415/00017_id01058_wavtolip.npz,2.768444776535034,2.768444776535034,5.013394355773926,1
FakeVideo-FakeAudio/Caucasian (European)/men/id00415/00017_id01099_wavtolip.npz,2.8003828525543213,2.8003828525543213,4.7697434425354,1
FakeVideo-FakeAudio/Caucasian (European)/men/id00415/00017_id01123_wavtolip.npz,1.771336555480957,1.771336555480957,4.93247127532959,1
FakeVideo-FakeAudio/Caucasian (European)/men/id00415/00017_id01126_wavtolip.npz,2.868623971939087,2.868623971939087,4.963460922241211,1
FakeVideo-FakeAudio/Caucasian (European)/men/id00415/00017_id01156_wavtolip.npz,-1.0056874752044678,-1.0056874752044678,4.86342716217041,1
FakeVideo-FakeAudio/Caucasian (European)/men/id00187/00360_id00055_wavtolip.npz,2.3454630374908447,2.3454630374908447,4.581584930419922,1
FakeVideo-FakeAudio/Caucasian (European)/men/id00187/00360_id00171_wavtolip.npz,2.673084020614624,2.673084020614624,5.191925525665283,1
FakeVideo-FakeAudio/Caucasian (European)/men/id00187/00360_id00183_wavtolip.npz,2.1967086791992188,2.1967086791992188,4.759322166442871,1
FakeVideo-FakeAudio/Caucasian (European)/men/id00187/00360_id00185_1lsGWpwnl1M_id00999_wavtolip.npz,2.1911606788635254,2.1911606788635254,4.541269302368164,1
FakeVideo-FakeAudio/Caucasian (European)/men/id00187/00360_id00186_KTjDxHTlzg0_id03205_wavtolip.npz,1.5434420108795166,1.5434420108795166,4.046394348144531,1
FakeVideo-FakeAudio/Caucasian (European)/men/id00187/00360_id00225_MHSgwpfHAXw_id00415_wavtolip.npz,2.5030083656311035,2.5030083656311035,4.685521125793457,1
FakeVideo-FakeAudio/Caucasian (European)/men/id00187/00360_id00225_wavtolip.npz,2.4174795150756836,2.4174795150756836,5.285348415374756,1
FakeVideo-FakeAudio/Caucasian (European)/men/id00187/00360_id00241_DlI4wqSFwbI_id01098_wavtolip.npz,1.8692171573638916,1.8692171573638916,4.413263320922852,1
FakeVideo-FakeAudio/Caucasian (European)/men/id00187/00360_id00265_dZq57FoxXR4_id01051_wavtolip.npz,2.3495888710021973,2.3495888710021973,4.830408096313477,1
FakeVideo-FakeAudio/Caucasian (European)/men/id00187/00360_id00282_wavtolip.npz,2.2893762588500977,2.2893762588500977,4.881773948669434,1
FakeVideo-FakeAudio/Caucasian (European)/men/id00187/00360_id00909_wavtolip.npz,0.09087955951690674,0.09087955951690674,4.687209129333496,1
FakeVideo-FakeAudio/Caucasian (European)/men/id00187/00360_id00990_wavtolip.npz,2.319385051727295,2.319385051727295,4.708993911743164,1
FakeVideo-FakeAudio/Caucasian (European)/men/id00187/00360_id00999_SjnM4XFBz0M_id00186_wavtolip.npz,2.0280308723449707,2.0280308723449707,4.91687536239624,1
FakeVideo-FakeAudio/Caucasian (European)/men/id00187/00360_id01051_jPxk6s6FM6Y_faceswap_id00186_wavtolip.npz,1.8335936069488525,1.8335936069488525,4.895055770874023,1
FakeVideo-FakeAudio/Caucasian (European)/men/id00187/00360_id01051_jPxk6s6FM6Y_faceswap_id00225_wavtolip.npz,2.879837989807129,2.879837989807129,5.286321640014648,1
FakeVideo-FakeAudio/Caucasian (European)/men/id00187/00360_id01051_jPxk6s6FM6Y_faceswap_id00535_wavtolip.npz,1.7631707191467285,1.7631707191467285,4.39959716796875,1
FakeVideo-FakeAudio/Caucasian (European)/men/id00187/00360_id01051_jPxk6s6FM6Y_faceswap_id00554_wavtolip.npz,1.6396424770355225,1.6396424770355225,3.9699158668518066,1
FakeVideo-FakeAudio/Caucasian (European)/men/id00187/00360_id01051_jPxk6s6FM6Y_faceswap_id01157_wavtolip.npz,2.3988265991210938,2.3988265991210938,4.57807731628418,1
FakeVideo-FakeAudio/Caucasian (European)/men/id00187/00360_id01051_jPxk6s6FM6Y_id00946_wavtolip.npz,2.1909406185150146,2.1909406185150146,4.4870381355285645,1
FakeVideo-FakeAudio/Caucasian (European)/men/id00187/00360_id01052_Kf4nlIEHfaU_id00963_wavtolip.npz,2.9649806022644043,2.9649806022644043,5.227680206298828,1
FakeVideo-FakeAudio/Caucasian (European)/men/id00187/00360_id01102_aGFUkdgmo3A_id00594_wavtolip.npz,2.2350685596466064,2.2350685596466064,5.16879940032959,1
FakeVideo-FakeAudio/Caucasian (European)/men/id00187/00360_id01154_wavtolip.npz,2.14046311378479,2.14046311378479,4.570452690124512,1
FakeVideo-FakeAudio/Caucasian (European)/men/id00187/00360_id01156_wavtolip.npz,-0.455782413482666,-0.455782413482666,5.207186222076416,1
FakeVideo-FakeAudio/Caucasian (European)/men/id00187/00360_id01157_wavtolip.npz,2.3401670455932617,2.3401670455932617,4.563935279846191,1
FakeVideo-FakeAudio/Caucasian (European)/men/id00187/00360_id02567_4Ao5jgpSXdw_id00946_wavtolip.npz,2.060910701751709,2.060910701751709,4.435867786407471,1
FakeVideo-FakeAudio/Caucasian (European)/men/id00055/00120_id00063_cVZBXC2rjPM_id01058_wavtolip.npz,0.12670767307281494,0.12670767307281494,4.778172492980957,1
FakeVideo-FakeAudio/Caucasian (European)/men/id00055/00120_id00171_wavtolip.npz,2.016667127609253,2.016667127609253,4.658486843109131,1
FakeVideo-FakeAudio/Caucasian (European)/men/id00055/00120_id00183_z2DhZllPWUQ_faceswap_id00183_wavtolip.npz,2.3015503883361816,2.3015503883361816,4.790586948394775,1
FakeVideo-FakeAudio/Caucasian (European)/men/id00055/00120_id00183_z2DhZllPWUQ_faceswap_id00709_wavtolip.npz,2.5170798301696777,2.5170798301696777,4.661670684814453,1
FakeVideo-FakeAudio/Caucasian (European)/men/id00055/00120_id00183_z2DhZllPWUQ_faceswap_id00909_wavtolip.npz,2.624180793762207,2.624180793762207,4.685352802276611,1
FakeVideo-FakeAudio/Caucasian (European)/men/id00055/00120_id00183_z2DhZllPWUQ_faceswap_id01051_wavtolip.npz,2.2874763011932373,2.2874763011932373,4.692119598388672,1
FakeVideo-FakeAudio/Caucasian (European)/men/id00055/00120_id00183_z2DhZllPWUQ_faceswap_id01157_wavtolip.npz,2.5381174087524414,2.5381174087524414,4.583156108856201,1
FakeVideo-FakeAudio/Caucasian (European)/men/id00055/00120_id00183_z2DhZllPWUQ_id01052_wavtolip.npz,2.7697386741638184,2.7697386741638184,4.668980121612549,1
FakeVideo-FakeAudio/Caucasian (European)/men/id00055/00120_id00192_wavtolip.npz,1.7531623840332031,1.7531623840332031,4.702320575714111,1
FakeVideo-FakeAudio/Caucasian (European)/men/id00055/00120_id00241_wavtolip.npz,1.8513822555541992,1.8513822555541992,4.717930316925049,1
FakeVideo-FakeAudio/Caucasian (European)/men/id00055/00120_id00253_wavtolip.npz,1.628157138824463,1.628157138824463,4.281099319458008,1
FakeVideo-FakeAudio/Caucasian (European)/men/id00055/00120_id00282_iTsqWj6GEbo_id00225_wavtolip.npz,2.071484088897705,2.071484088897705,4.712010860443115,1
FakeVideo-FakeAudio/Caucasian (European)/men/id00055/00120_id00292_qELK8N_DykA_id00981_wavtolip.npz,2.6420249938964844,2.6420249938964844,4.7317728996276855,1
FakeVideo-FakeAudio/Caucasian (European)/men/id00055/00120_id00415_saYfEadFy_s_id01052_wavtolip.npz,2.062906503677368,2.062906503677368,4.652918338775635,1
FakeVideo-FakeAudio/Caucasian (European)/men/id00055/00120_id00415_wavtolip.npz,2.309772491455078,2.309772491455078,4.665975093841553,1
FakeVideo-FakeAudio/Caucasian (European)/men/id00055/00120_id00535_BhvTIJ-YG5s_id01099_wavtolip.npz,2.557443857192993,2.557443857192993,4.691378593444824,1
FakeVideo-FakeAudio/Caucasian (European)/men/id00055/00120_id00559_Y7ovoKuvL78_id01051_wavtolip.npz,2.303183078765869,2.303183078765869,4.747385025024414,1
FakeVideo-FakeAudio/Caucasian (European)/men/id00055/00120_id00909_wavtolip.npz,2.1932661533355713,2.1932661533355713,4.672267436981201,1
FakeVideo-FakeAudio/Caucasian (European)/men/id00055/00120_id00981_OmNALjENDkI_id01052_wavtolip.npz,2.727818012237549,2.727818012237549,4.690977096557617,1
FakeVideo-FakeAudio/Caucasian (European)/men/id00055/00120_id00981_wavtolip.npz,2.5835089683532715,2.5835089683532715,4.707826137542725,1
FakeVideo-FakeAudio/Caucasian (European)/men/id00055/00120_id01058_wavtolip.npz,-0.8291653394699097,-0.8291653394699097,4.695910930633545,1
FakeVideo-FakeAudio/Caucasian (European)/men/id00055/00120_id01099_ZpgbIKxzkrg_id01156_wavtolip.npz,-0.5691893100738525,-0.5691893100738525,4.608033657073975,1
FakeVideo-FakeAudio/Caucasian (European)/men/id00055/00120_id01123_wavtolip.npz,-1.3424909114837646,-1.3424909114837646,4.64326286315918,1
FakeVideo-FakeAudio/Caucasian (European)/men/id00055/00120_id01154_wavtolip.npz,1.9622774124145508,1.9622774124145508,4.623624324798584,1
FakeVideo-FakeAudio/Caucasian (European)/men/id00498/00014_4_id00187_wavtolip.npz,2.8073387145996094,2.8073387145996094,4.950443744659424,1
FakeVideo-FakeAudio/Caucasian (European)/men/id00498/00014_4_id00594_wavtolip.npz,-1.1112511157989502,-1.1112511157989502,5.055016040802002,1
FakeVideo-FakeAudio/Caucasian (European)/men/id00498/00014_4_id01154_wavtolip.npz,1.9937368631362915,1.9937368631362915,4.591245174407959,1
FakeVideo-FakeAudio/Caucasian (European)/men/id00498/00014_4_id02567_wavtolip.npz,2.34771990776062,2.34771990776062,4.600318431854248,1
FakeVideo-FakeAudio/Caucasian (European)/men/id00498/00014_4_id03205_wavtolip.npz,1.5614327192306519,1.5614327192306519,4.117482662200928,1
FakeVideo-FakeAudio/Caucasian (European)/men/id00498/00014_id00055_XzCF6sJ8Axc_id00548_wavtolip.npz,-1.6597779989242554,-1.6597779989242554,4.470893383026123,1
FakeVideo-FakeAudio/Caucasian (European)/men/id00498/00014_id00055_wavtolip.npz,2.550962209701538,2.550962209701538,4.478079319000244,1
FakeVideo-FakeAudio/Caucasian (European)/men/id00498/00014_id00063_cVZBXC2rjPM_id00963_wavtolip.npz,2.1194326877593994,2.1194326877593994,4.456882476806641,1
FakeVideo-FakeAudio/Caucasian (European)/men/id00498/00014_id00171_wavtolip.npz,-1.2376577854156494,-1.2376577854156494,4.450167655944824,1
FakeVideo-FakeAudio/Caucasian (European)/men/id00498/00014_id00185_wavtolip.npz,2.385316848754883,2.385316848754883,4.452692985534668,1
FakeVideo-FakeAudio/Caucasian (European)/men/id00498/00014_id00192_By3wxX0dyDw_faceswap_id00520_wavtolip.npz,1.8697631359100342,1.8697631359100342,3.8923730850219727,1
FakeVideo-FakeAudio/Caucasian (European)/men/id00498/00014_id00192_By3wxX0dyDw_faceswap_id00594_wavtolip.npz,-1.2016994953155518,-1.2016994953155518,4.438586711883545,1
FakeVideo-FakeAudio/Caucasian (European)/men/id00498/00014_id00192_By3wxX0dyDw_faceswap_id00919_wavtolip.npz,2.0909156799316406,2.0909156799316406,4.198894023895264,1
FakeVideo-FakeAudio/Caucasian (European)/men/id00498/00014_id00192_By3wxX0dyDw_faceswap_id00981_wavtolip.npz,2.523029327392578,2.523029327392578,4.459786415100098,1
FakeVideo-FakeAudio/Caucasian (European)/men/id00498/00014_id00192_By3wxX0dyDw_faceswap_id01099_wavtolip.npz,2.3112258911132812,2.3112258911132812,4.411655426025391,1
FakeVideo-FakeAudio/Caucasian (European)/men/id00498/00014_id00192_By3wxX0dyDw_id01099_wavtolip.npz,2.3070759773254395,2.3070759773254395,4.426820278167725,1
FakeVideo-FakeAudio/Caucasian (European)/men/id00498/00014_id00192_wavtolip.npz,2.513359546661377,2.513359546661377,4.431060314178467,1
FakeVideo-FakeAudio/Caucasian (European)/men/id00498/00014_id00225_wavtolip.npz,2.4048924446105957,2.4048924446105957,4.491700649261475,1
FakeVideo-FakeAudio/Caucasian (European)/men/id00498/00014_id00241_DlI4wqSFwbI_id00498_wavtolip.npz,1.9615317583084106,1.9615317583084106,4.071224689483643,1
FakeVideo-FakeAudio/Caucasian (European)/men/id00498/00014_id00253_cyTfcQDjvU0_id00909_wavtolip.npz,2.277804136276245,2.277804136276245,4.544684410095215,1
FakeVideo-FakeAudio/Caucasian (European)/men/id00498/00014_id00282_iTsqWj6GEbo_id00594_wavtolip.npz,-1.1698329448699951,-1.1698329448699951,4.454702377319336,1
FakeVideo-FakeAudio/Caucasian (European)/men/id00498/00014_id00292_qELK8N_DykA_id00358_wavtolip.npz,2.129652976989746,2.129652976989746,4.529442310333252,1
FakeVideo-FakeAudio/Caucasian (European)/men/id00498/00014_id00305_wavtolip.npz,2.201686143875122,2.201686143875122,4.4586286544799805,1
FakeVideo-FakeAudio/Caucasian (European)/men/id00498/00014_id00368_KohcGDsg29U_id00183_wavtolip.npz,2.1659164428710938,2.1659164428710938,4.524289608001709,1
FakeVideo-FakeAudio/Caucasian (European)/men/id00498/00014_id00498_wavtolip.npz,2.1315407752990723,2.1315407752990723,4.048083305358887,1
FakeVideo-FakeAudio/Caucasian (European)/men/id00498/00014_id00520_wavtolip.npz,1.8732160329818726,1.8732160329818726,3.885951042175293,1
FakeVideo-FakeAudio/Caucasian (European)/men/id00498/00014_id00559_Y7ovoKuvL78_id00192_wavtolip.npz,2.2688660621643066,2.2688660621643066,4.4820733070373535,1
FakeVideo-FakeAudio/Caucasian (European)/men/id00498/00014_id01099_wavtolip.npz,2.507946014404297,2.507946014404297,4.404167175292969,1
FakeVideo-FakeAudio/Caucasian (European)/men/id00498/00014_id01123_Xid_-DpIHX4_id00946_wavtolip.npz,2.098747491836548,2.098747491836548,4.425049781799316,1
FakeVideo-FakeAudio/Caucasian (European)/men/id00498/00014_id03205_wavtolip.npz,1.7930312156677246,1.7930312156677246,4.162106513977051,1
FakeVideo-FakeAudio/Caucasian (European)/men/id00063/00021_id00055_XzCF6sJ8Axc_id00990_wavtolip.npz,2.4952991008758545,2.4952991008758545,4.742693901062012,1
FakeVideo-FakeAudio/Caucasian (European)/men/id00063/00021_id00183_wavtolip.npz,2.3247692584991455,2.3247692584991455,4.731108665466309,1
FakeVideo-FakeAudio/Caucasian (European)/men/id00063/00021_id00241_DlI4wqSFwbI_id01154_wavtolip.npz,2.065319061279297,2.065319061279297,4.626587390899658,1
FakeVideo-FakeAudio/Caucasian (European)/men/id00063/00021_id00282_iTsqWj6GEbo_id00694_wavtolip.npz,2.0002315044403076,2.0002315044403076,4.179617881774902,1
FakeVideo-FakeAudio/Caucasian (European)/men/id00063/00021_id00282_wavtolip.npz,1.5163342952728271,1.5163342952728271,4.6603827476501465,1
FakeVideo-FakeAudio/Caucasian (European)/men/id00063/00021_id00358_vsVwGKy79kM_faceswap_id00171_wavtolip.npz,1.8906080722808838,1.8906080722808838,4.696244239807129,1
FakeVideo-FakeAudio/Caucasian (European)/men/id00063/00021_id00358_vsVwGKy79kM_faceswap_id00186_wavtolip.npz,2.3166818618774414,2.3166818618774414,4.684779644012451,1
FakeVideo-FakeAudio/Caucasian (European)/men/id00063/00021_id00358_vsVwGKy79kM_faceswap_id00241_wavtolip.npz,1.9535514116287231,1.9535514116287231,4.710100173950195,1
FakeVideo-FakeAudio/Caucasian (European)/men/id00063/00021_id00358_vsVwGKy79kM_faceswap_id00306_wavtolip.npz,0.4717583656311035,0.4717583656311035,4.738681793212891,1
FakeVideo-FakeAudio/Caucasian (European)/men/id00063/00021_id00358_vsVwGKy79kM_faceswap_id01156_wavtolip.npz,-0.8788389563560486,-0.8788389563560486,4.611641883850098,1
FakeVideo-FakeAudio/Caucasian (European)/men/id00063/00021_id00358_vsVwGKy79kM_id01156_wavtolip.npz,-0.8054461479187012,-0.8054461479187012,4.608293533325195,1
FakeVideo-FakeAudio/Caucasian (European)/men/id00063/00021_id00368_wavtolip.npz,2.2308573722839355,2.2308573722839355,4.646396636962891,1
FakeVideo-FakeAudio/Caucasian (European)/men/id00063/00021_id00498_wavtolip.npz,1.8143728971481323,1.8143728971481323,4.0728960037231445,1
FakeVideo-FakeAudio/Caucasian (European)/men/id00063/00021_id00520_wavtolip.npz,1.6887825727462769,1.6887825727462769,3.8986387252807617,1
FakeVideo-FakeAudio/Caucasian (European)/men/id00063/00021_id00535_BhvTIJ-YG5s_id00368_wavtolip.npz,2.196134567260742,2.196134567260742,4.696390151977539,1
FakeVideo-FakeAudio/Caucasian (European)/men/id00063/00021_id00559_wavtolip.npz,2.6523122787475586,2.6523122787475586,4.6218414306640625,1
FakeVideo-FakeAudio/Caucasian (European)/men/id00063/00021_id00919_XDUn0Pskyrk_id00554_wavtolip.npz,1.764578938484192,1.764578938484192,3.9628396034240723,1
FakeVideo-FakeAudio/Caucasian (European)/men/id00063/00021_id00946_wavtolip.npz,2.0770606994628906,2.0770606994628906,4.431575775146484,1
FakeVideo-FakeAudio/Caucasian (European)/men/id00063/00021_id00990_wavtolip.npz,2.4143505096435547,2.4143505096435547,4.709763526916504,1
FakeVideo-FakeAudio/Caucasian (European)/men/id00063/00021_id01156_RT99eogJo4k_id00559_wavtolip.npz,2.3039631843566895,2.3039631843566895,4.68325138092041,1
FakeVideo-FakeAudio/Caucasian (European)/men/id00063/00021_id01157_wavtolip.npz,2.2812609672546387,2.2812609672546387,4.580317974090576,1
FakeVideo-FakeAudio/Caucasian (European)/men/id00063/00021_id01157_yDgqfOWVKko_id00520_wavtolip.npz,1.631879448890686,1.631879448890686,3.9042913913726807,1
FakeVideo-FakeAudio/Caucasian (European)/men/id00063/00021_id02567_4Ao5jgpSXdw_id00225_wavtolip.npz,2.045621871948242,2.045621871948242,4.691032409667969,1
FakeVideo-FakeAudio/Caucasian (European)/men/id00063/00021_id02567_wavtolip.npz,2.0309863090515137,2.0309863090515137,4.580319881439209,1
FakeVideo-FakeAudio/Caucasian (European)/men/id00063/00021_id03205_gXytNIcANKw_id01099_wavtolip.npz,2.4748339653015137,2.4748339653015137,4.72666597366333,1
FakeVideo-FakeAudio/Caucasian (European)/men/id00946/00126_id00063_wavtolip.npz,2.283759593963623,2.283759593963623,4.455540657043457,1
FakeVideo-FakeAudio/Caucasian (European)/men/id00946/00126_id00171_PWU6n0qrv4c_id01154_wavtolip.npz,2.0078392028808594,2.0078392028808594,4.457594394683838,1
FakeVideo-FakeAudio/Caucasian (European)/men/id00946/00126_id00187_wavtolip.npz,2.257401943206787,2.257401943206787,4.5038743019104,1
FakeVideo-FakeAudio/Caucasian (European)/men/id00946/00126_id00225_wavtolip.npz,2.3518877029418945,2.3518877029418945,4.492716312408447,1
FakeVideo-FakeAudio/Caucasian (European)/men/id00946/00126_id00358_vsVwGKy79kM_id00266_wavtolip.npz,0.8814710378646851,0.8814710378646851,4.531392574310303,1
FakeVideo-FakeAudio/Caucasian (European)/men/id00946/00126_id00415_wavtolip.npz,1.5711199045181274,1.5711199045181274,4.484401702880859,1
FakeVideo-FakeAudio/Caucasian (European)/men/id00946/00126_id00520_dOAxKi1t6GI_id03205_wavtolip.npz,1.618491291999817,1.618491291999817,4.077345371246338,1
FakeVideo-FakeAudio/Caucasian (European)/men/id00946/00126_id00520_wavtolip.npz,2.0290369987487793,2.0290369987487793,3.9002442359924316,1
FakeVideo-FakeAudio/Caucasian (European)/men/id00946/00126_id00535_wavtolip.npz,2.0395283699035645,2.0395283699035645,4.414270401000977,1
FakeVideo-FakeAudio/Caucasian (European)/men/id00946/00126_id00594_2WHHoksbeVw_id00963_wavtolip.npz,2.4479761123657227,2.4479761123657227,4.5196356773376465,1
FakeVideo-FakeAudio/Caucasian (European)/men/id00946/00126_id00594_wavtolip.npz,-1.0496429204940796,-1.0496429204940796,4.542141437530518,1
FakeVideo-FakeAudio/Caucasian (European)/men/id00946/00126_id00709_Rh23ELMGsIQ_id01058_wavtolip.npz,2.103120803833008,2.103120803833008,4.635707378387451,1
FakeVideo-FakeAudio/Caucasian (European)/men/id00946/00126_id00919_XDUn0Pskyrk_id00265_wavtolip.npz,2.3925487995147705,2.3925487995147705,4.2598490715026855,1
FakeVideo-FakeAudio/Caucasian (European)/men/id00946/00126_id00963_wavtolip.npz,2.2108027935028076,2.2108027935028076,4.5410051345825195,1
FakeVideo-FakeAudio/Caucasian (European)/men/id00946/00126_id00990_G-qzOIgxEoE_faceswap_id00171_wavtolip.npz,-1.2927767038345337,-1.2927767038345337,4.521842956542969,1
FakeVideo-FakeAudio/Caucasian (European)/men/id00946/00126_id00990_G-qzOIgxEoE_faceswap_id00253_wavtolip.npz,2.135758638381958,2.135758638381958,4.280107498168945,1
FakeVideo-FakeAudio/Caucasian (European)/men/id00946/00126_id00990_G-qzOIgxEoE_faceswap_id00292_wavtolip.npz,2.250092029571533,2.250092029571533,4.524035453796387,1
FakeVideo-FakeAudio/Caucasian (European)/men/id00946/00126_id00990_G-qzOIgxEoE_faceswap_id00519_wavtolip.npz,2.2345147132873535,2.2345147132873535,4.39792537689209,1
FakeVideo-FakeAudio/Caucasian (European)/men/id00946/00126_id00990_G-qzOIgxEoE_faceswap_id00594_wavtolip.npz,-1.0730140209197998,-1.0730140209197998,4.501218795776367,1
FakeVideo-FakeAudio/Caucasian (European)/men/id00946/00126_id00990_G-qzOIgxEoE_id00266_wavtolip.npz,2.2882766723632812,2.2882766723632812,4.50588321685791,1
FakeVideo-FakeAudio/Caucasian (European)/men/id00946/00126_id00999_SjnM4XFBz0M_id01157_wavtolip.npz,1.9288005828857422,1.9288005828857422,4.538062572479248,1
FakeVideo-FakeAudio/Caucasian (European)/men/id00946/00126_id01098_BwmSumx6P1U_id00694_wavtolip.npz,1.9990785121917725,1.9990785121917725,4.2269086837768555,1
FakeVideo-FakeAudio/Caucasian (European)/men/id00946/00126_id01098_wavtolip.npz,2.4141573905944824,2.4141573905944824,4.448425769805908,1
FakeVideo-FakeAudio/Caucasian (European)/men/id00946/00126_id01099_ZpgbIKxzkrg_id00192_wavtolip.npz,2.5672192573547363,2.5672192573547363,4.5004496574401855,1
FakeVideo-FakeAudio/Caucasian (European)/men/id00946/00126_id01123_wavtolip.npz,-1.012831449508667,-1.012831449508667,4.464239120483398,1
FakeVideo-FakeAudio/Caucasian (European)/women/id01001/00086_id00042_wavtolip.npz,2.4049947261810303,2.4049947261810303,4.5981364250183105,1
FakeVideo-FakeAudio/Caucasian (European)/women/id01001/00086_id00188_e-vm5FB3idA_id00379_wavtolip.npz,1.418959379196167,1.418959379196167,4.54695987701416,1
FakeVideo-FakeAudio/Caucasian (European)/women/id01001/00086_id00232_wavtolip.npz,2.652617931365967,2.652617931365967,4.789252758026123,1
FakeVideo-FakeAudio/Caucasian (European)/women/id01001/00086_id00262_3p7sRWAAh1Q_id03844_wavtolip.npz,1.9605847597122192,1.9605847597122192,4.430498123168945,1
FakeVideo-FakeAudio/Caucasian (European)/women/id01001/00086_id00287_wavtolip.npz,2.1723732948303223,2.1723732948303223,4.494226932525635,1
FakeVideo-FakeAudio/Caucasian (European)/women/id01001/00086_id00332__zNddcZV1EU_id03649_wavtolip.npz,1.9121898412704468,1.9121898412704468,4.380649089813232,1
FakeVideo-FakeAudio/Caucasian (European)/women/id01001/00086_id00374_w1qI7y9AGTc_id03651_wavtolip.npz,1.9141963720321655,1.9141963720321655,4.059779644012451,1
FakeVideo-FakeAudio/Caucasian (European)/women/id01001/00086_id00496_wavtolip.npz,2.566039562225342,2.566039562225342,4.812513828277588,1
FakeVideo-FakeAudio/Caucasian (European)/women/id01001/00086_id00569_gSynmpwioV4_id00806_wavtolip.npz,0.7962727546691895,0.7962727546691895,4.748930931091309,1
FakeVideo-FakeAudio/Caucasian (European)/women/id01001/00086_id00633_UXrTMta1EDM_faceswap_id00330_wavtolip.npz,-1.449144959449768,-1.449144959449768,4.763197898864746,1
FakeVideo-FakeAudio/Caucasian (European)/women/id01001/00086_id00633_UXrTMta1EDM_faceswap_id00395_wavtolip.npz,1.974914312362671,1.974914312362671,4.357882976531982,1
FakeVideo-FakeAudio/Caucasian (European)/women/id01001/00086_id00633_UXrTMta1EDM_faceswap_id00495_wavtolip.npz,2.3236067295074463,2.3236067295074463,4.333466053009033,1
FakeVideo-FakeAudio/Caucasian (European)/women/id01001/00086_id00633_UXrTMta1EDM_faceswap_id00897_wavtolip.npz,2.421452045440674,2.421452045440674,4.73824405670166,1
FakeVideo-FakeAudio/Caucasian (European)/women/id01001/00086_id00633_UXrTMta1EDM_faceswap_id03651_wavtolip.npz,1.8523293733596802,1.8523293733596802,4.038207530975342,1
FakeVideo-FakeAudio/Caucasian (European)/women/id01001/00086_id00633_UXrTMta1EDM_id00325_wavtolip.npz,0.22385013103485107,0.22385013103485107,4.726518154144287,1
FakeVideo-FakeAudio/Caucasian (European)/women/id01001/00086_id00735_ivJSkq5hGOQ_id00271_wavtolip.npz,1.8550834655761719,1.8550834655761719,4.566545486450195,1
FakeVideo-FakeAudio/Caucasian (European)/women/id01001/00086_id00735_wavtolip.npz,2.309788703918457,2.309788703918457,4.476741790771484,1
FakeVideo-FakeAudio/Caucasian (European)/women/id01001/00086_id00823_wavtolip.npz,0.6418764591217041,0.6418764591217041,4.3303704261779785,1
FakeVideo-FakeAudio/Caucasian (European)/women/id01001/00086_id00826_wavtolip.npz,2.4147720336914062,2.4147720336914062,4.571328163146973,1
FakeVideo-FakeAudio/Caucasian (European)/women/id01001/00086_id03371_wavtolip.npz,2.381178379058838,2.381178379058838,4.77938985824585,1
FakeVideo-FakeAudio/Caucasian (European)/women/id01001/00086_id03651_wavtolip.npz,1.7025322914123535,1.7025322914123535,4.014391899108887,1
FakeVideo-FakeAudio/Caucasian (European)/women/id01001/00086_id03816_XXD0yTNei50_id00287_wavtolip.npz,2.1786651611328125,2.1786651611328125,4.500375270843506,1
FakeVideo-FakeAudio/Caucasian (European)/women/id00071/00014_id00188_e-vm5FB3idA_id03651_wavtolip.npz,1.7787065505981445,1.7787065505981445,4.049925804138184,1
FakeVideo-FakeAudio/Caucasian (European)/women/id00071/00014_id00232_kL0cCveU1zg_id00806_wavtolip.npz,0.14884328842163086,0.14884328842163086,4.558546543121338,1
FakeVideo-FakeAudio/Caucasian (European)/women/id00071/00014_id00262_3p7sRWAAh1Q_id00270_wavtolip.npz,-0.6433166265487671,-0.6433166265487671,4.4960198402404785,1
FakeVideo-FakeAudio/Caucasian (European)/women/id00071/00014_id00262_wavtolip.npz,-0.9936606884002686,-0.9936606884002686,4.58923864364624,1
FakeVideo-FakeAudio/Caucasian (European)/women/id00071/00014_id00270_hoEQ70-sDME_id00591_wavtolip.npz,2.258850336074829,2.258850336074829,4.236870765686035,1
FakeVideo-FakeAudio/Caucasian (European)/women/id00071/00014_id00271_wavtolip.npz,2.197221279144287,2.197221279144287,4.576068878173828,1
FakeVideo-FakeAudio/Caucasian (European)/women/id00071/00014_id00328_wavtolip.npz,1.64535391330719,1.64535391330719,4.6497602462768555,1
FakeVideo-FakeAudio/Caucasian (European)/women/id00071/00014_id00379_fgkgYHCuk4g_id03620_wavtolip.npz,0.9651178121566772,0.9651178121566772,4.559996604919434,1
FakeVideo-FakeAudio/Caucasian (European)/women/id00071/00014_id00403_wavtolip.npz,2.2512693405151367,2.2512693405151367,4.5560173988342285,1
FakeVideo-FakeAudio/Caucasian (European)/women/id00071/00014_id00581_7AxvP19LGKg_id00232_wavtolip.npz,1.8490151166915894,1.8490151166915894,4.562760353088379,1
FakeVideo-FakeAudio/Caucasian (European)/women/id00071/00014_id00735_ivJSkq5hGOQ_id03589_wavtolip.npz,2.518385648727417,2.518385648727417,4.623283386230469,1
FakeVideo-FakeAudio/Caucasian (European)/women/id00071/00014_id00897_0ayFw8JhoyI_id00496_wavtolip.npz,2.5108470916748047,2.5108470916748047,4.626084327697754,1
FakeVideo-FakeAudio/Caucasian (European)/women/id00071/00014_id03371_truKMXt8Dak_faceswap_id00271_wavtolip.npz,1.6271427869796753,1.6271427869796753,4.520802021026611,1
FakeVideo-FakeAudio/Caucasian (European)/women/id00071/00014_id03371_truKMXt8Dak_faceswap_id00806_wavtolip.npz,2.2713871002197266,2.2713871002197266,4.573288917541504,1
FakeVideo-FakeAudio/Caucasian (European)/women/id00071/00014_id03371_truKMXt8Dak_faceswap_id01018_wavtolip.npz,-1.0929396152496338,-1.0929396152496338,4.596629619598389,1
FakeVideo-FakeAudio/Caucasian (European)/women/id00071/00014_id03371_truKMXt8Dak_faceswap_id03716_wavtolip.npz,-1.0800530910491943,-1.0800530910491943,4.64204216003418,1
FakeVideo-FakeAudio/Caucasian (European)/women/id00071/00014_id03371_truKMXt8Dak_id00071_wavtolip.npz,2.110992670059204,2.110992670059204,4.526416778564453,1
FakeVideo-FakeAudio/Caucasian (European)/women/id00071/00014_id03371_wavtolip.npz,1.3953936100006104,1.3953936100006104,4.6233744621276855,1
FakeVideo-FakeAudio/Caucasian (European)/women/id00071/00014_id03651_wavtolip.npz,1.97768235206604,1.97768235206604,4.088808536529541,1
FakeVideo-FakeAudio/Caucasian (European)/women/id00071/00014_id03716_wavtolip.npz,-0.8880290985107422,-0.8880290985107422,4.673079490661621,1
FakeVideo-FakeAudio/Caucasian (European)/women/id00071/00014_id03816_XXD0yTNei50_id00271_wavtolip.npz,0.4404042959213257,0.4404042959213257,4.500884056091309,1
FakeVideo-FakeAudio/Caucasian (European)/women/id00634/00078_id00042_wavtolip.npz,2.216001272201538,2.216001272201538,4.544703483581543,1
FakeVideo-FakeAudio/Caucasian (European)/women/id00634/00078_id00270_wavtolip.npz,-1.4789493083953857,-1.4789493083953857,4.461805820465088,1
FakeVideo-FakeAudio/Caucasian (European)/women/id00634/00078_id00287_wavtolip.npz,-0.01940751075744629,-0.01940751075744629,4.490267753601074,1
FakeVideo-FakeAudio/Caucasian (European)/women/id00634/00078_id00330_wavtolip.npz,1.9915670156478882,1.9915670156478882,4.880855560302734,1
FakeVideo-FakeAudio/Caucasian (European)/women/id00634/00078_id00395_wM5kGJfTtEM_id00379_wavtolip.npz,2.1933376789093018,2.1933376789093018,4.579910755157471,1
FakeVideo-FakeAudio/Caucasian (European)/women/id00634/00078_id00403_wavtolip.npz,2.7422285079956055,2.7422285079956055,4.834240913391113,1
FakeVideo-FakeAudio/Caucasian (European)/women/id00634/00078_id00484_u7YTz8eFZv0_id00330_wavtolip.npz,1.4572679996490479,1.4572679996490479,4.7838287353515625,1
FakeVideo-FakeAudio/Caucasian (European)/women/id00634/00078_id00484_wavtolip.npz,2.0793700218200684,2.0793700218200684,4.6634016036987305,1
FakeVideo-FakeAudio/Caucasian (European)/women/id00634/00078_id00495_E46aiMUC4A0_id00328_wavtolip.npz,1.9399681091308594,1.9399681091308594,4.724985122680664,1
FakeVideo-FakeAudio/Caucasian (European)/women/id00634/00078_id00496_wavtolip.npz,2.8411331176757812,2.8411331176757812,5.131831169128418,1
FakeVideo-FakeAudio/Caucasian (European)/women/id00634/00078_id00569_wavtolip.npz,1.544663906097412,1.544663906097412,4.348308086395264,1
FakeVideo-FakeAudio/Caucasian (European)/women/id00634/00078_id00581_7AxvP19LGKg_id00434_wavtolip.npz,2.2877416610717773,2.2877416610717773,5.11269474029541,1
FakeVideo-FakeAudio/Caucasian (European)/women/id00634/00078_id00589_uOzKwYEVR6s_id00330_wavtolip.npz,1.4623039960861206,1.4623039960861206,4.796031951904297,1
FakeVideo-FakeAudio/Caucasian (European)/women/id00634/00078_id00591_1Jo8xElXQMs_id00071_wavtolip.npz,1.3241162300109863,1.3241162300109863,4.513763427734375,1
FakeVideo-FakeAudio/Caucasian (European)/women/id00634/00078_id00813_wavtolip.npz,2.9103264808654785,2.9103264808654785,5.044569969177246,1
FakeVideo-FakeAudio/Caucasian (European)/women/id00634/00078_id00826_MYagwzy91Yk_id00806_wavtolip.npz,2.780940532684326,2.780940532684326,5.035376071929932,1
FakeVideo-FakeAudio/Caucasian (European)/women/id00634/00078_id03589_9NxOQlwpMys_id00569_wavtolip.npz,1.4399709701538086,1.4399709701538086,4.376768112182617,1
FakeVideo-FakeAudio/Caucasian (European)/women/id00634/00078_id03649_389qfFqUddI_faceswap_id00188_wavtolip.npz,2.012613296508789,2.012613296508789,4.28317403793335,1
FakeVideo-FakeAudio/Caucasian (European)/women/id00634/00078_id03649_389qfFqUddI_faceswap_id00569_wavtolip.npz,1.522971749305725,1.522971749305725,4.348166465759277,1
FakeVideo-FakeAudio/Caucasian (European)/women/id00634/00078_id03649_389qfFqUddI_faceswap_id00581_wavtolip.npz,2.465827703475952,2.465827703475952,5.129015922546387,1
FakeVideo-FakeAudio/Caucasian (European)/women/id00634/00078_id03649_389qfFqUddI_faceswap_id01002_wavtolip.npz,1.047454595565796,1.047454595565796,4.639876842498779,1
FakeVideo-FakeAudio/Caucasian (European)/women/id00634/00078_id03649_389qfFqUddI_faceswap_id03941_wavtolip.npz,1.833832025527954,1.833832025527954,4.574513912200928,1
FakeVideo-FakeAudio/Caucasian (European)/women/id00634/00078_id03649_389qfFqUddI_id00232_wavtolip.npz,1.9948352575302124,1.9948352575302124,4.740109920501709,1
FakeVideo-FakeAudio/Caucasian (European)/women/id03589/00002_id00068_A7uFnQw--bY_id00287_wavtolip.npz,1.5800504684448242,1.5800504684448242,4.530264854431152,1
FakeVideo-FakeAudio/Caucasian (European)/women/id03589/00002_id00188_wavtolip.npz,1.627309799194336,1.627309799194336,4.357217311859131,1
FakeVideo-FakeAudio/Caucasian (European)/women/id03589/00002_id00262_3p7sRWAAh1Q_id03651_wavtolip.npz,1.588690161705017,1.588690161705017,4.051427364349365,1
FakeVideo-FakeAudio/Caucasian (European)/women/id03589/00002_id00262_wavtolip.npz,-1.5364065170288086,-1.5364065170288086,5.039931774139404,1
FakeVideo-FakeAudio/Caucasian (European)/women/id03589/00002_id00270_wavtolip.npz,-1.3661351203918457,-1.3661351203918457,4.5309648513793945,1
FakeVideo-FakeAudio/Caucasian (European)/women/id03589/00002_id00287_2NpfYjyMsPM_id00071_wavtolip.npz,0.1799774169921875,0.1799774169921875,4.544495582580566,1
FakeVideo-FakeAudio/Caucasian (European)/women/id03589/00002_id00373_wavtolip.npz,2.745853900909424,2.745853900909424,5.026886940002441,1
FakeVideo-FakeAudio/Caucasian (European)/women/id03589/00002_id00395_wM5kGJfTtEM_id00271_wavtolip.npz,1.6165915727615356,1.6165915727615356,4.569796085357666,1
FakeVideo-FakeAudio/Caucasian (European)/women/id03589/00002_id00495_E46aiMUC4A0_faceswap_id00271_wavtolip.npz,2.514047622680664,2.514047622680664,4.500540733337402,1
FakeVideo-FakeAudio/Caucasian (European)/women/id03589/00002_id00495_E46aiMUC4A0_faceswap_id00328_wavtolip.npz,2.6099352836608887,2.6099352836608887,4.716907978057861,1
FakeVideo-FakeAudio/Caucasian (European)/women/id03589/00002_id00495_E46aiMUC4A0_faceswap_id00434_wavtolip.npz,2.7575573921203613,2.7575573921203613,5.046187400817871,1
FakeVideo-FakeAudio/Caucasian (European)/women/id03589/00002_id00495_E46aiMUC4A0_faceswap_id01002_wavtolip.npz,2.298129081726074,2.298129081726074,4.675955772399902,1
FakeVideo-FakeAudio/Caucasian (European)/women/id03589/00002_id00495_E46aiMUC4A0_id00581_wavtolip.npz,-1.1623480319976807,-1.1623480319976807,4.982125759124756,1
FakeVideo-FakeAudio/Caucasian (European)/women/id03589/00002_id00495_wavtolip.npz,2.0697507858276367,2.0697507858276367,4.33540153503418,1
FakeVideo-FakeAudio/Caucasian (European)/women/id03589/00002_id00496_SImaDcXQnh8_id00271_wavtolip.npz,1.765365719795227,1.765365719795227,4.550107955932617,1
FakeVideo-FakeAudio/Caucasian (European)/women/id03589/00002_id00634_z5t9oJizDQg_id00374_wavtolip.npz,2.416851043701172,2.416851043701172,4.916275501251221,1
FakeVideo-FakeAudio/Caucasian (European)/women/id03589/00002_id00806_wavtolip.npz,0.7565828561782837,0.7565828561782837,5.021215438842773,1
FakeVideo-FakeAudio/Caucasian (European)/women/id03589/00002_id01002_wavtolip.npz,1.8897342681884766,1.8897342681884766,4.659755229949951,1
FakeVideo-FakeAudio/Caucasian (European)/women/id03589/00002_id03371_wavtolip.npz,2.491074562072754,2.491074562072754,5.059019565582275,1
FakeVideo-FakeAudio/Caucasian (European)/women/id03589/00002_id03649_389qfFqUddI_id00633_wavtolip.npz,2.581752300262451,2.581752300262451,5.015286445617676,1
FakeVideo-FakeAudio/Caucasian (European)/women/id03589/00002_id03858_uKVqPfRf-ac_id01002_wavtolip.npz,1.753361463546753,1.753361463546753,4.716196060180664,1
FakeVideo-FakeAudio/Caucasian (European)/women/id03620/00081_id00262_wavtolip.npz,3.3806991577148438,3.3806991577148438,5.55035400390625,1
FakeVideo-FakeAudio/Caucasian (European)/women/id03620/00081_id00270_wavtolip.npz,-0.875105619430542,-0.875105619430542,4.47812557220459,1
FakeVideo-FakeAudio/Caucasian (European)/women/id03620/00081_id00287_2NpfYjyMsPM_id00270_wavtolip.npz,-1.2816181182861328,-1.2816181182861328,4.496862411499023,1
FakeVideo-FakeAudio/Caucasian (European)/women/id03620/00081_id00325_4vJtbNe0L98_id00897_wavtolip.npz,3.381361484527588,3.381361484527588,5.458587169647217,1
FakeVideo-FakeAudio/Caucasian (European)/women/id03620/00081_id00328_wavtolip.npz,2.446096897125244,2.446096897125244,4.677791595458984,1
FakeVideo-FakeAudio/Caucasian (European)/women/id03620/00081_id00332_wavtolip.npz,2.5364091396331787,2.5364091396331787,4.800088882446289,1
FakeVideo-FakeAudio/Caucasian (European)/women/id03620/00081_id00365_XV-imLNJvfk_id00071_wavtolip.npz,1.796041488647461,1.796041488647461,4.458222389221191,1
FakeVideo-FakeAudio/Caucasian (European)/women/id03620/00081_id00373_5NXv3Dxkd6E_id00484_wavtolip.npz,2.6956353187561035,2.6956353187561035,4.667268753051758,1
FakeVideo-FakeAudio/Caucasian (European)/women/id03620/00081_id00374_w1qI7y9AGTc_id00232_wavtolip.npz,2.6216115951538086,2.6216115951538086,4.76445198059082,1
FakeVideo-FakeAudio/Caucasian (European)/women/id03620/00081_id00496_SImaDcXQnh8_faceswap_id00234_wavtolip.npz,2.9758963584899902,2.9758963584899902,5.082403659820557,1
FakeVideo-FakeAudio/Caucasian (European)/women/id03620/00081_id00496_SImaDcXQnh8_faceswap_id00332_wavtolip.npz,2.5052223205566406,2.5052223205566406,4.751951217651367,1
FakeVideo-FakeAudio/Caucasian (European)/women/id03620/00081_id00496_SImaDcXQnh8_faceswap_id03589_wavtolip.npz,2.83567476272583,2.83567476272583,5.011104583740234,1
FakeVideo-FakeAudio/Caucasian (European)/women/id03620/00081_id00496_SImaDcXQnh8_faceswap_id03649_wavtolip.npz,2.2564830780029297,2.2564830780029297,4.31414794921875,1
FakeVideo-FakeAudio/Caucasian (European)/women/id03620/00081_id00496_SImaDcXQnh8_id00332_wavtolip.npz,2.1955530643463135,2.1955530643463135,4.730797290802002,1
FakeVideo-FakeAudio/Caucasian (European)/women/id03620/00081_id00634_wavtolip.npz,2.8064470291137695,2.8064470291137695,4.8436279296875,1
FakeVideo-FakeAudio/Caucasian (European)/women/id03620/00081_id00823_wavtolip.npz,0.7844500541687012,0.7844500541687012,4.270294666290283,1
FakeVideo-FakeAudio/Caucasian (European)/women/id03620/00081_id01018_VNPt_GB5QiE_id00484_wavtolip.npz,2.4737319946289062,2.4737319946289062,4.669276714324951,1
FakeVideo-FakeAudio/Caucasian (European)/women/id03620/00081_id01018_wavtolip.npz,3.068742275238037,3.068742275238037,5.14078426361084,1
FakeVideo-FakeAudio/Caucasian (European)/women/id03620/00081_id03589_wavtolip.npz,2.4234490394592285,2.4234490394592285,5.022943019866943,1
FakeVideo-FakeAudio/Caucasian (European)/women/id03620/00081_id03651_wavtolip.npz,2.107388973236084,2.107388973236084,4.002241611480713,1
FakeVideo-FakeAudio/Caucasian (European)/women/id03620/00081_id03716_wavtolip.npz,0.926281213760376,0.926281213760376,5.250649452209473,1
FakeVideo-FakeAudio/Caucasian (European)/women/id03620/00081_id03844_AEAEN1Lns2c_id00373_wavtolip.npz,2.042933702468872,2.042933702468872,5.199903964996338,1
FakeVideo-FakeAudio/Caucasian (European)/women/id00569/00239_0_id00330_wavtolip.npz,0.03874409198760986,0.03874409198760986,4.595582485198975,1
FakeVideo-FakeAudio/Caucasian (European)/women/id00569/00239_0_id00491_wavtolip.npz,1.8120957612991333,1.8120957612991333,4.561122894287109,1
FakeVideo-FakeAudio/Caucasian (European)/women/id00569/00239_0_id03589_wavtolip.npz,1.6416504383087158,1.6416504383087158,4.6159234046936035,1
FakeVideo-FakeAudio/Caucasian (European)/women/id00569/00239_0_id03816_wavtolip.npz,2.7390003204345703,2.7390003204345703,4.632655620574951,1
FakeVideo-FakeAudio/Caucasian (European)/women/id00569/00239_0_id03941_wavtolip.npz,2.567667007446289,2.567667007446289,4.614987373352051,1
FakeVideo-FakeAudio/Caucasian (European)/women/id00569/00239_1_id00262_wavtolip.npz,-0.41040921211242676,-0.41040921211242676,4.966605186462402,1
FakeVideo-FakeAudio/Caucasian (European)/women/id00569/00239_1_id00735_wavtolip.npz,1.7998636960983276,1.7998636960983276,4.472978115081787,1
FakeVideo-FakeAudio/Caucasian (European)/women/id00569/00239_1_id01002_wavtolip.npz,2.404326915740967,2.404326915740967,4.5996317863464355,1
FakeVideo-FakeAudio/Caucasian (European)/women/id00569/00239_1_id03649_wavtolip.npz,2.1698975563049316,2.1698975563049316,4.360362529754639,1
FakeVideo-FakeAudio/Caucasian (European)/women/id00569/00239_1_id03716_wavtolip.npz,-1.5310802459716797,-1.5310802459716797,4.987461090087891,1
FakeVideo-FakeAudio/Caucasian (European)/women/id00569/00239_2_id00287_wavtolip.npz,2.150969982147217,2.150969982147217,4.468399524688721,1
FakeVideo-FakeAudio/Caucasian (European)/women/id00569/00239_2_id00332_wavtolip.npz,1.8192856311798096,1.8192856311798096,4.810818195343018,1
FakeVideo-FakeAudio/Caucasian (European)/women/id00569/00239_2_id00633_wavtolip.npz,2.8318605422973633,2.8318605422973633,4.972309112548828,1
FakeVideo-FakeAudio/Caucasian (European)/women/id00569/00239_2_id00735_wavtolip.npz,2.503392219543457,2.503392219543457,4.398035526275635,1
FakeVideo-FakeAudio/Caucasian (European)/women/id00569/00239_2_id03371_wavtolip.npz,2.7105374336242676,2.7105374336242676,5.168256759643555,1
FakeVideo-FakeAudio/Caucasian (European)/women/id00569/00239_id00188_e-vm5FB3idA_id00373_wavtolip.npz,2.2967753410339355,2.2967753410339355,4.716429233551025,1
FakeVideo-FakeAudio/Caucasian (European)/women/id00569/00239_id00232_wavtolip.npz,0.29769158363342285,0.29769158363342285,4.618470668792725,1
FakeVideo-FakeAudio/Caucasian (European)/women/id00569/00239_id00271_wavtolip.npz,0.5946099758148193,0.5946099758148193,4.520871162414551,1
FakeVideo-FakeAudio/Caucasian (European)/women/id00569/00239_id00287_wavtolip.npz,2.120999574661255,2.120999574661255,4.494989395141602,1
FakeVideo-FakeAudio/Caucasian (European)/women/id00569/00239_id00332_wavtolip.npz,1.10146164894104,1.10146164894104,4.630134582519531,1
FakeVideo-FakeAudio/Caucasian (European)/women/id00569/00239_id00373_5NXv3Dxkd6E_id03651_wavtolip.npz,1.8490817546844482,1.8490817546844482,4.066377639770508,1
FakeVideo-FakeAudio/Caucasian (European)/women/id00569/00239_id00434_wavtolip.npz,1.5424283742904663,1.5424283742904663,4.653347015380859,1
FakeVideo-FakeAudio/Caucasian (European)/women/id00569/00239_id00484_u7YTz8eFZv0_id03716_wavtolip.npz,-1.4790689945220947,-1.4790689945220947,4.701825141906738,1
FakeVideo-FakeAudio/Caucasian (European)/women/id00569/00239_id00491_ShjiTWoOtM4_id00232_wavtolip.npz,2.3586347103118896,2.3586347103118896,4.623164176940918,1
FakeVideo-FakeAudio/Caucasian (European)/women/id00569/00239_id00633_UXrTMta1EDM_id00735_wavtolip.npz,2.518617630004883,2.518617630004883,4.47355318069458,1
FakeVideo-FakeAudio/Caucasian (European)/women/id00569/00239_id00633_wavtolip.npz,2.2890625,2.2890625,4.619050025939941,1
FakeVideo-FakeAudio/Caucasian (European)/women/id00569/00239_id00897_0ayFw8JhoyI_id03649_wavtolip.npz,1.7226293087005615,1.7226293087005615,4.3349504470825195,1
FakeVideo-FakeAudio/Caucasian (European)/women/id00569/00239_id00897_wavtolip.npz,0.6289113759994507,0.6289113759994507,4.626275062561035,1
FakeVideo-FakeAudio/Caucasian (European)/women/id00569/00239_id01002_eQTviHjyISo_id00496_wavtolip.npz,2.6058197021484375,2.6058197021484375,4.70158576965332,1
FakeVideo-FakeAudio/Caucasian (European)/women/id00569/00239_id01002_wavtolip.npz,0.7732486724853516,0.7732486724853516,4.631429672241211,1
FakeVideo-FakeAudio/Caucasian (European)/women/id00569/00239_id01018_VNPt_GB5QiE_id03589_wavtolip.npz,2.0254807472229004,2.0254807472229004,4.632077693939209,1
FakeVideo-FakeAudio/Caucasian (European)/women/id00569/00239_id01018_wavtolip.npz,-1.4996817111968994,-1.4996817111968994,4.63753080368042,1
FakeVideo-FakeAudio/Caucasian (European)/women/id00569/00239_id03371_truKMXt8Dak_id00271_wavtolip.npz,0.33987748622894287,0.33987748622894287,4.520583152770996,1
FakeVideo-FakeAudio/Caucasian (European)/women/id00365/00078_0_id00271_wavtolip.npz,2.2818002700805664,2.2818002700805664,4.5117034912109375,1
FakeVideo-FakeAudio/Caucasian (European)/women/id00365/00078_0_id00569_wavtolip.npz,1.8607361316680908,1.8607361316680908,4.343864440917969,1
FakeVideo-FakeAudio/Caucasian (European)/women/id00365/00078_0_id00634_wavtolip.npz,2.711228847503662,2.711228847503662,4.832202911376953,1
FakeVideo-FakeAudio/Caucasian (European)/women/id00365/00078_0_id03816_wavtolip.npz,2.670771837234497,2.670771837234497,4.668964385986328,1
FakeVideo-FakeAudio/Caucasian (European)/women/id00365/00078_id00068_A7uFnQw--bY_id01002_wavtolip.npz,1.7304298877716064,1.7304298877716064,4.584388732910156,1
FakeVideo-FakeAudio/Caucasian (European)/women/id00365/00078_id00232_kL0cCveU1zg_id00071_wavtolip.npz,1.9668229818344116,1.9668229818344116,4.519664287567139,1
FakeVideo-FakeAudio/Caucasian (European)/women/id00365/00078_id00234_wavtolip.npz,2.5743696689605713,2.5743696689605713,4.734531402587891,1
FakeVideo-FakeAudio/Caucasian (European)/women/id00365/00078_id00270_wavtolip.npz,-1.5835719108581543,-1.5835719108581543,4.512388706207275,1
FakeVideo-FakeAudio/Caucasian (European)/women/id00365/00078_id00287_2NpfYjyMsPM_id00581_wavtolip.npz,-1.1802198886871338,-1.1802198886871338,4.638982772827148,1
FakeVideo-FakeAudio/Caucasian (European)/women/id00365/00078_id00287_wavtolip.npz,1.0676689147949219,1.0676689147949219,4.451005458831787,1
FakeVideo-FakeAudio/Caucasian (European)/women/id00365/00078_id00330_wavtolip.npz,-1.178008794784546,-1.178008794784546,4.618742942810059,1
FakeVideo-FakeAudio/Caucasian (European)/women/id00365/00078_id00330_zCFFgGSIZ_s_faceswap_id00042_wavtolip.npz,2.6499929428100586,2.6499929428100586,4.53616189956665,1
FakeVideo-FakeAudio/Caucasian (European)/women/id00365/00078_id00330_zCFFgGSIZ_s_faceswap_id00379_wavtolip.npz,2.411792755126953,2.411792755126953,4.5685038566589355,1
FakeVideo-FakeAudio/Caucasian (European)/women/id00365/00078_id00330_zCFFgGSIZ_s_faceswap_id00569_wavtolip.npz,1.7443578243255615,1.7443578243255615,4.3802313804626465,1
FakeVideo-FakeAudio/Caucasian (European)/women/id00365/00078_id00330_zCFFgGSIZ_s_faceswap_id03716_wavtolip.npz,-1.228034496307373,-1.228034496307373,4.7749176025390625,1
FakeVideo-FakeAudio/Caucasian (European)/women/id00365/00078_id00332_wavtolip.npz,-0.5076963901519775,-0.5076963901519775,4.637904644012451,1
FakeVideo-FakeAudio/Caucasian (European)/women/id00365/00078_id00395_wavtolip.npz,2.063223123550415,2.063223123550415,4.3345255851745605,1
FakeVideo-FakeAudio/Caucasian (European)/women/id00365/00078_id00495_E46aiMUC4A0_id03716_wavtolip.npz,-1.2336457967758179,-1.2336457967758179,4.746588230133057,1
FakeVideo-FakeAudio/Caucasian (European)/women/id00365/00078_id00495_wavtolip.npz,2.226839542388916,2.226839542388916,4.314165115356445,1
FakeVideo-FakeAudio/Caucasian (European)/women/id00365/00078_id00813_dKs9CWJIkSI_id00735_wavtolip.npz,0.9152133464813232,0.9152133464813232,4.488386154174805,1
FakeVideo-FakeAudio/Caucasian (European)/women/id00365/00078_id00897_wavtolip.npz,2.654088020324707,2.654088020324707,4.663435459136963,1
FakeVideo-FakeAudio/Caucasian (European)/women/id00365/00078_id03371_wavtolip.npz,2.398113250732422,2.398113250732422,4.700653076171875,1
FakeVideo-FakeAudio/Caucasian (European)/women/id00365/00078_id03858_uKVqPfRf-ac_id00569_wavtolip.npz,2.0848002433776855,2.0848002433776855,4.324680805206299,1
FakeVideo-FakeAudio/Caucasian (European)/women/id01002/00043_id00188_e-vm5FB3idA_id00232_wavtolip.npz,2.7433362007141113,2.7433362007141113,4.6551008224487305,1
FakeVideo-FakeAudio/Caucasian (European)/women/id01002/00043_id00234_wavtolip.npz,1.2905696630477905,1.2905696630477905,4.62448787689209,1
FakeVideo-FakeAudio/Caucasian (European)/women/id01002/00043_id00287_2NpfYjyMsPM_id03649_wavtolip.npz,2.2581801414489746,2.2581801414489746,4.407686710357666,1
FakeVideo-FakeAudio/Caucasian (European)/women/id01002/00043_id00325_4vJtbNe0L98_id00330_wavtolip.npz,1.6764894723892212,1.6764894723892212,4.615710258483887,1
FakeVideo-FakeAudio/Caucasian (European)/women/id01002/00043_id00434_wavtolip.npz,2.220651149749756,2.220651149749756,4.601707935333252,1
FakeVideo-FakeAudio/Caucasian (European)/women/id01002/00043_id00491_ShjiTWoOtM4_id00581_wavtolip.npz,-1.2822747230529785,-1.2822747230529785,4.623931407928467,1
FakeVideo-FakeAudio/Caucasian (European)/women/id01002/00043_id00569_wavtolip.npz,2.4118716716766357,2.4118716716766357,4.340635299682617,1
FakeVideo-FakeAudio/Caucasian (European)/women/id01002/00043_id00581_7AxvP19LGKg_id00271_wavtolip.npz,2.171217679977417,2.171217679977417,4.578026294708252,1
FakeVideo-FakeAudio/Caucasian (European)/women/id01002/00043_id00633_UXrTMta1EDM_faceswap_id00042_wavtolip.npz,2.0349738597869873,2.0349738597869873,4.612020492553711,1
FakeVideo-FakeAudio/Caucasian (European)/women/id01002/00043_id00633_UXrTMta1EDM_faceswap_id00365_wavtolip.npz,2.6207282543182373,2.6207282543182373,4.715914726257324,1
FakeVideo-FakeAudio/Caucasian (European)/women/id01002/00043_id00633_UXrTMta1EDM_faceswap_id00897_wavtolip.npz,2.6415512561798096,2.6415512561798096,4.605885982513428,1
FakeVideo-FakeAudio/Caucasian (European)/women/id01002/00043_id00633_UXrTMta1EDM_faceswap_id03620_wavtolip.npz,1.910172700881958,1.910172700881958,4.613802909851074,1
FakeVideo-FakeAudio/Caucasian (European)/women/id01002/00043_id00633_UXrTMta1EDM_id00484_wavtolip.npz,2.3452231884002686,2.3452231884002686,4.676053524017334,1
FakeVideo-FakeAudio/Caucasian (European)/women/id01002/00043_id00813_wavtolip.npz,0.33618831634521484,0.33618831634521484,4.600261688232422,1
FakeVideo-FakeAudio/Caucasian (European)/women/id01002/00043_id00826_wavtolip.npz,2.508136510848999,2.508136510848999,4.560504913330078,1
FakeVideo-FakeAudio/Caucasian (European)/women/id01002/00043_id00897_wavtolip.npz,2.8070590496063232,2.8070590496063232,4.600055694580078,1
FakeVideo-FakeAudio/Caucasian (European)/women/id01002/00043_id01001_dHJc8dh9X8c_id03844_wavtolip.npz,2.4688968658447266,2.4688968658447266,4.456307411193848,1
FakeVideo-FakeAudio/Caucasian (European)/women/id01002/00043_id01018_wavtolip.npz,-0.44812262058258057,-0.44812262058258057,4.611565589904785,1
FakeVideo-FakeAudio/Caucasian (European)/women/id01002/00043_id03371_truKMXt8Dak_id00373_wavtolip.npz,2.6020193099975586,2.6020193099975586,4.6446533203125,1
FakeVideo-FakeAudio/Caucasian (European)/women/id01002/00043_id03858_wavtolip.npz,2.4381093978881836,2.4381093978881836,4.608482360839844,1
FakeVideo-FakeAudio/Caucasian (European)/women/id01002/00043_id03941_wavtolip.npz,2.2822189331054688,2.2822189331054688,4.595035076141357,1
FakeVideo-FakeAudio/Caucasian (European)/women/id00373/00028_id00188_e-vm5FB3idA_id00634_wavtolip.npz,1.8577380180358887,1.8577380180358887,4.851030349731445,1
FakeVideo-FakeAudio/Caucasian (European)/women/id00373/00028_id00188_wavtolip.npz,1.9959214925765991,1.9959214925765991,4.389388084411621,1
FakeVideo-FakeAudio/Caucasian (European)/women/id00373/00028_id00232_wavtolip.npz,2.643024444580078,2.643024444580078,4.738847255706787,1
FakeVideo-FakeAudio/Caucasian (European)/women/id00373/00028_id00234_wavtolip.npz,2.9570999145507812,2.9570999145507812,5.099513053894043,1
FakeVideo-FakeAudio/Caucasian (European)/women/id00373/00028_id00270_wavtolip.npz,0.050859808921813965,0.050859808921813965,4.517119407653809,1
FakeVideo-FakeAudio/Caucasian (European)/women/id00373/00028_id00328_ytKnCbJSEcU_id03716_wavtolip.npz,0.7984176874160767,0.7984176874160767,5.309988021850586,1
FakeVideo-FakeAudio/Caucasian (European)/women/id00373/00028_id00330_zCFFgGSIZ_s_id03651_wavtolip.npz,1.9987666606903076,1.9987666606903076,4.004487037658691,1
FakeVideo-FakeAudio/Caucasian (European)/women/id00373/00028_id00374_w1qI7y9AGTc_id00826_wavtolip.npz,2.0686185359954834,2.0686185359954834,4.553506374359131,1
FakeVideo-FakeAudio/Caucasian (European)/women/id00373/00028_id00484_u7YTz8eFZv0_id00823_wavtolip.npz,0.9570250511169434,0.9570250511169434,4.327361106872559,1
FakeVideo-FakeAudio/Caucasian (European)/women/id00373/00028_id00495_E46aiMUC4A0_id03651_wavtolip.npz,2.0369253158569336,2.0369253158569336,4.023089408874512,1
FakeVideo-FakeAudio/Caucasian (European)/women/id00373/00028_id00569_gSynmpwioV4_id00262_wavtolip.npz,0.8698798418045044,0.8698798418045044,5.458877086639404,1
FakeVideo-FakeAudio/Caucasian (European)/women/id00373/00028_id00569_wavtolip.npz,2.080327272415161,2.080327272415161,4.316213607788086,1
FakeVideo-FakeAudio/Caucasian (European)/women/id00373/00028_id00589_uOzKwYEVR6s_id00330_wavtolip.npz,2.6028940677642822,2.6028940677642822,4.856508255004883,1
FakeVideo-FakeAudio/Caucasian (European)/women/id00373/00028_id00591_wavtolip.npz,2.021850109100342,2.021850109100342,4.248230934143066,1
FakeVideo-FakeAudio/Caucasian (European)/women/id00373/00028_id00823_KgExwCvgrUk_id00434_wavtolip.npz,2.774364471435547,2.774364471435547,5.216808319091797,1
FakeVideo-FakeAudio/Caucasian (European)/women/id00373/00028_id00897_0ayFw8JhoyI_id00271_wavtolip.npz,1.3504021167755127,1.3504021167755127,4.546886920928955,1
FakeVideo-FakeAudio/Caucasian (European)/women/id00373/00028_id01018_wavtolip.npz,3.0281686782836914,3.0281686782836914,5.141063213348389,1
FakeVideo-FakeAudio/Caucasian (European)/women/id00373/00028_id03371_wavtolip.npz,2.773989200592041,2.773989200592041,5.194372177124023,1
FakeVideo-FakeAudio/Caucasian (European)/women/id00373/00028_id03844_wavtolip.npz,2.218688488006592,2.218688488006592,4.394327163696289,1
FakeVideo-FakeAudio/Caucasian (European)/women/id03649/00001_id00068_A7uFnQw--bY_id00270_wavtolip.npz,-1.3807146549224854,-1.3807146549224854,4.518459320068359,1
FakeVideo-FakeAudio/Caucasian (European)/women/id03649/00001_id00188_e-vm5FB3idA_id01002_wavtolip.npz,2.513768434524536,2.513768434524536,4.6596527099609375,1
FakeVideo-FakeAudio/Caucasian (European)/women/id03649/00001_id00234_wavtolip.npz,2.7723679542541504,2.7723679542541504,4.695864200592041,1
FakeVideo-FakeAudio/Caucasian (European)/women/id03649/00001_id00271_wavtolip.npz,1.643580436706543,1.643580436706543,4.5715556144714355,1
FakeVideo-FakeAudio/Caucasian (European)/women/id03649/00001_id00325_4vJtbNe0L98_id03941_wavtolip.npz,2.47564697265625,2.47564697265625,4.673956871032715,1
FakeVideo-FakeAudio/Caucasian (European)/women/id03649/00001_id00325_wavtolip.npz,2.3468563556671143,2.3468563556671143,4.646669864654541,1
FakeVideo-FakeAudio/Caucasian (European)/women/id03649/00001_id00374_wavtolip.npz,2.480346202850342,2.480346202850342,4.7375168800354,1
FakeVideo-FakeAudio/Caucasian (European)/women/id03649/00001_id00434_wavtolip.npz,0.49053359031677246,0.49053359031677246,4.667478561401367,1
FakeVideo-FakeAudio/Caucasian (European)/women/id03649/00001_id00484_wavtolip.npz,2.640413284301758,2.640413284301758,4.654491901397705,1
FakeVideo-FakeAudio/Caucasian (European)/women/id03649/00001_id00569_gSynmpwioV4_id00434_wavtolip.npz,2.4047646522521973,2.4047646522521973,4.719481468200684,1
FakeVideo-FakeAudio/Caucasian (European)/women/id03649/00001_id00589_uOzKwYEVR6s_id00373_wavtolip.npz,2.4555013179779053,2.4555013179779053,4.717637062072754,1
FakeVideo-FakeAudio/Caucasian (European)/women/id03649/00001_id00591_1Jo8xElXQMs_id00287_wavtolip.npz,2.443941593170166,2.443941593170166,4.526625633239746,1
FakeVideo-FakeAudio/Caucasian (European)/women/id03649/00001_id00633_UXrTMta1EDM_id00287_wavtolip.npz,2.0991365909576416,2.0991365909576416,4.570660591125488,1
FakeVideo-FakeAudio/Caucasian (European)/women/id03649/00001_id00633_wavtolip.npz,2.3729794025421143,2.3729794025421143,4.669748783111572,1
FakeVideo-FakeAudio/Caucasian (European)/women/id03649/00001_id00634_z5t9oJizDQg_faceswap_id00325_wavtolip.npz,2.719905376434326,2.719905376434326,4.6873931884765625,1
FakeVideo-FakeAudio/Caucasian (European)/women/id03649/00001_id00634_z5t9oJizDQg_faceswap_id00495_wavtolip.npz,2.4537792205810547,2.4537792205810547,4.292715072631836,1
FakeVideo-FakeAudio/Caucasian (European)/women/id03649/00001_id00634_z5t9oJizDQg_faceswap_id03844_wavtolip.npz,2.3361799716949463,2.3361799716949463,4.429330825805664,1
FakeVideo-FakeAudio/Caucasian (European)/women/id03649/00001_id00634_z5t9oJizDQg_id03941_wavtolip.npz,1.3068643808364868,1.3068643808364868,4.591686248779297,1
FakeVideo-FakeAudio/Caucasian (European)/women/id03649/00001_id00813_wavtolip.npz,2.4829962253570557,2.4829962253570557,4.671154975891113,1
FakeVideo-FakeAudio/Caucasian (European)/women/id03649/00001_id00826_MYagwzy91Yk_id00634_wavtolip.npz,2.7388741970062256,2.7388741970062256,4.63154935836792,1
FakeVideo-FakeAudio/Caucasian (European)/women/id03649/00001_id03589_9NxOQlwpMys_id00434_wavtolip.npz,2.0977065563201904,2.0977065563201904,4.703382968902588,1
FakeVideo-FakeAudio/Caucasian (European)/women/id03649/00001_id03620_wavtolip.npz,2.517719268798828,2.517719268798828,4.707059383392334,1
FakeVideo-FakeAudio/Caucasian (European)/women/id03649/00001_id03649_wavtolip.npz,2.46785306930542,2.46785306930542,4.363341331481934,1
FakeVideo-FakeAudio/Caucasian (European)/women/id00379/00043_id00232_wavtolip.npz,2.4624593257904053,2.4624593257904053,4.745261192321777,1
FakeVideo-FakeAudio/Caucasian (European)/women/id00379/00043_id00262_3p7sRWAAh1Q_id00188_wavtolip.npz,1.665846347808838,1.665846347808838,4.376920223236084,1
FakeVideo-FakeAudio/Caucasian (European)/women/id00379/00043_id00270_hoEQ70-sDME_id03371_wavtolip.npz,2.3758139610290527,2.3758139610290527,4.783848762512207,1
FakeVideo-FakeAudio/Caucasian (European)/women/id00379/00043_id00287_2NpfYjyMsPM_id00735_wavtolip.npz,2.192060708999634,2.192060708999634,4.492537498474121,1
FakeVideo-FakeAudio/Caucasian (European)/women/id00379/00043_id00379_wavtolip.npz,1.8333556652069092,1.8333556652069092,4.6084723472595215,1
FakeVideo-FakeAudio/Caucasian (European)/women/id00379/00043_id00403_wavtolip.npz,2.6099748611450195,2.6099748611450195,4.71543550491333,1
FakeVideo-FakeAudio/Caucasian (European)/women/id00379/00043_id00496_SImaDcXQnh8_id00395_wavtolip.npz,2.038580894470215,2.038580894470215,4.43402624130249,1
FakeVideo-FakeAudio/Caucasian (European)/women/id00379/00043_id00581_wavtolip.npz,-1.539607286453247,-1.539607286453247,4.753886699676514,1
FakeVideo-FakeAudio/Caucasian (European)/women/id00379/00043_id00633_UXrTMta1EDM_faceswap_id00071_wavtolip.npz,1.2219750881195068,1.2219750881195068,4.51663064956665,1
FakeVideo-FakeAudio/Caucasian (European)/women/id00379/00043_id00633_UXrTMta1EDM_faceswap_id00270_wavtolip.npz,-1.4662539958953857,-1.4662539958953857,4.5416693687438965,1
FakeVideo-FakeAudio/Caucasian (European)/women/id00379/00043_id00633_UXrTMta1EDM_faceswap_id00332_wavtolip.npz,2.240884304046631,2.240884304046631,4.780722141265869,1
FakeVideo-FakeAudio/Caucasian (European)/women/id00379/00043_id00633_UXrTMta1EDM_faceswap_id00395_wavtolip.npz,1.9062732458114624,1.9062732458114624,4.340719223022461,1
FakeVideo-FakeAudio/Caucasian (European)/women/id00379/00043_id00633_UXrTMta1EDM_faceswap_id01018_wavtolip.npz,-1.5217217206954956,-1.5217217206954956,4.790557861328125,1
FakeVideo-FakeAudio/Caucasian (European)/women/id00379/00043_id00633_UXrTMta1EDM_id00325_wavtolip.npz,2.8197951316833496,2.8197951316833496,4.752538681030273,1
FakeVideo-FakeAudio/Caucasian (European)/women/id00379/00043_id00735_wavtolip.npz,1.953457236289978,1.953457236289978,4.509554862976074,1
FakeVideo-FakeAudio/Caucasian (European)/women/id00379/00043_id00806_0sk9s9lFIAk_id00581_wavtolip.npz,-1.5758802890777588,-1.5758802890777588,4.7600226402282715,1
FakeVideo-FakeAudio/Caucasian (European)/women/id00379/00043_id00806_wavtolip.npz,1.9237124919891357,1.9237124919891357,4.7379279136657715,1
FakeVideo-FakeAudio/Caucasian (European)/women/id00379/00043_id00823_wavtolip.npz,1.1256593465805054,1.1256593465805054,4.262238502502441,1
FakeVideo-FakeAudio/Caucasian (European)/women/id00379/00043_id00897_0ayFw8JhoyI_id00271_wavtolip.npz,1.459788203239441,1.459788203239441,4.575525760650635,1
FakeVideo-FakeAudio/Caucasian (European)/women/id00379/00043_id03620_wavtolip.npz,2.642613172531128,2.642613172531128,4.721337795257568,1
FakeVideo-FakeAudio/Caucasian (European)/women/id00379/00043_id03649_wavtolip.npz,2.076540946960449,2.076540946960449,4.3308234214782715,1
FakeVideo-FakeAudio/Caucasian (European)/women/id00379/00043_id03716_s-lxbGafZQA_id03620_wavtolip.npz,2.626079559326172,2.626079559326172,4.750117778778076,1
FakeVideo-FakeAudio/Caucasian (European)/women/id00379/00043_id03858_wavtolip.npz,2.703495979309082,2.703495979309082,4.764072895050049,1
FakeVideo-FakeAudio/Caucasian (European)/women/id00332/00293_id00042_wavtolip.npz,2.544877052307129,2.544877052307129,4.601389408111572,1
FakeVideo-FakeAudio/Caucasian (European)/women/id00332/00293_id00071_wavtolip.npz,2.3550243377685547,2.3550243377685547,4.540587902069092,1
FakeVideo-FakeAudio/Caucasian (European)/women/id00332/00293_id00270_hoEQ70-sDME_id00042_wavtolip.npz,2.5774765014648438,2.5774765014648438,4.565495491027832,1
FakeVideo-FakeAudio/Caucasian (European)/women/id00332/00293_id00330_zCFFgGSIZ_s_id03844_wavtolip.npz,1.7698997259140015,1.7698997259140015,4.455167293548584,1
FakeVideo-FakeAudio/Caucasian (European)/women/id00332/00293_id00379_wavtolip.npz,2.322406768798828,2.322406768798828,4.5660905838012695,1
FakeVideo-FakeAudio/Caucasian (European)/women/id00332/00293_id00395_wavtolip.npz,2.1097984313964844,2.1097984313964844,4.376397132873535,1
FakeVideo-FakeAudio/Caucasian (European)/women/id00332/00293_id00403_wavtolip.npz,2.72648286819458,2.72648286819458,4.817779541015625,1
FakeVideo-FakeAudio/Caucasian (European)/women/id00332/00293_id00434_HPXkk-HGXVI_id00735_wavtolip.npz,2.1428074836730957,2.1428074836730957,4.524670600891113,1
FakeVideo-FakeAudio/Caucasian (European)/women/id00332/00293_id00496_wavtolip.npz,2.6135473251342773,2.6135473251342773,5.030428886413574,1
FakeVideo-FakeAudio/Caucasian (European)/women/id00332/00293_id00569_wavtolip.npz,2.01534366607666,2.01534366607666,4.324167728424072,1
FakeVideo-FakeAudio/Caucasian (European)/women/id00332/00293_id00591_1Jo8xElXQMs_id00325_wavtolip.npz,2.3400490283966064,2.3400490283966064,4.9927978515625,1
FakeVideo-FakeAudio/Caucasian (European)/women/id00332/00293_id00633_UXrTMta1EDM_id00826_wavtolip.npz,2.3696088790893555,2.3696088790893555,4.603014945983887,1
FakeVideo-FakeAudio/Caucasian (European)/women/id00332/00293_id00806_wavtolip.npz,2.6506385803222656,2.6506385803222656,4.9437255859375,1
FakeVideo-FakeAudio/Caucasian (European)/women/id00332/00293_id00897_0ayFw8JhoyI_id00373_wavtolip.npz,2.7598488330841064,2.7598488330841064,4.993422508239746,1
FakeVideo-FakeAudio/Caucasian (European)/women/id00332/00293_id03371_wavtolip.npz,2.4119467735290527,2.4119467735290527,4.933919906616211,1
FakeVideo-FakeAudio/Caucasian (European)/women/id00332/00293_id03844_wavtolip.npz,2.2844691276550293,2.2844691276550293,4.394187927246094,1
FakeVideo-FakeAudio/Caucasian (European)/women/id00332/00293_id03858_uKVqPfRf-ac_id00569_wavtolip.npz,1.8584671020507812,1.8584671020507812,4.3373517990112305,1
FakeVideo-FakeAudio/Caucasian (European)/women/id00325/00015_id00042_4yuJSkaZwn0_faceswap_id00188_wavtolip.npz,1.8258501291275024,1.8258501291275024,4.370863914489746,1
FakeVideo-FakeAudio/Caucasian (European)/women/id00325/00015_id00042_4yuJSkaZwn0_faceswap_id00232_wavtolip.npz,2.3499486446380615,2.3499486446380615,4.758006572723389,1
FakeVideo-FakeAudio/Caucasian (European)/women/id00325/00015_id00042_4yuJSkaZwn0_faceswap_id00484_wavtolip.npz,1.6919009685516357,1.6919009685516357,4.6646270751953125,1
FakeVideo-FakeAudio/Caucasian (European)/women/id00325/00015_id00042_4yuJSkaZwn0_faceswap_id00591_wavtolip.npz,1.8438549041748047,1.8438549041748047,4.191286563873291,1
FakeVideo-FakeAudio/Caucasian (European)/women/id00325/00015_id00042_4yuJSkaZwn0_id00826_wavtolip.npz,1.9964655637741089,1.9964655637741089,4.577643871307373,1
FakeVideo-FakeAudio/Caucasian (European)/women/id00325/00015_id00188_wavtolip.npz,1.966640591621399,1.966640591621399,4.382902145385742,1
FakeVideo-FakeAudio/Caucasian (European)/women/id00325/00015_id00271_wavtolip.npz,2.155085325241089,2.155085325241089,4.523040771484375,1
FakeVideo-FakeAudio/Caucasian (European)/women/id00325/00015_id00287_2NpfYjyMsPM_id03371_wavtolip.npz,0.7772341966629028,0.7772341966629028,5.004161834716797,1
FakeVideo-FakeAudio/Caucasian (European)/women/id00325/00015_id00330_wavtolip.npz,0.6956781148910522,0.6956781148910522,4.861677169799805,1
FakeVideo-FakeAudio/Caucasian (European)/women/id00325/00015_id00365_XV-imLNJvfk_id00332_wavtolip.npz,1.6096065044403076,1.6096065044403076,4.8077168464660645,1
FakeVideo-FakeAudio/Caucasian (European)/women/id00325/00015_id00569_wavtolip.npz,1.6837120056152344,1.6837120056152344,4.322764873504639,1
FakeVideo-FakeAudio/Caucasian (European)/women/id00325/00015_id00806_wavtolip.npz,2.7090020179748535,2.7090020179748535,5.013815402984619,1
FakeVideo-FakeAudio/Caucasian (European)/women/id00325/00015_id00813_wavtolip.npz,2.762779712677002,2.762779712677002,4.983642101287842,1
FakeVideo-FakeAudio/Caucasian (European)/women/id00325/00015_id00823_wavtolip.npz,0.5715266466140747,0.5715266466140747,4.289534568786621,1
FakeVideo-FakeAudio/Caucasian (European)/women/id00325/00015_id00897_0ayFw8JhoyI_id00484_wavtolip.npz,2.8111162185668945,2.8111162185668945,4.675141334533691,1
FakeVideo-FakeAudio/Caucasian (European)/women/id00325/00015_id01002_eQTviHjyISo_id00325_wavtolip.npz,2.879371166229248,2.879371166229248,4.973300457000732,1
FakeVideo-FakeAudio/Caucasian (European)/women/id00325/00015_id03589_wavtolip.npz,2.527641773223877,2.527641773223877,5.055323600769043,1
FakeVideo-FakeAudio/Caucasian (European)/women/id00325/00015_id03620_YkXM5A8w07E_id03844_wavtolip.npz,1.4764645099639893,1.4764645099639893,4.4172773361206055,1
FakeVideo-FakeAudio/Caucasian (European)/women/id00325/00015_id03649_389qfFqUddI_id00330_wavtolip.npz,0.20371508598327637,0.20371508598327637,4.829456806182861,1
FakeVideo-FakeAudio/Caucasian (European)/women/id00325/00015_id03651_EjcoRkL6loI_id00806_wavtolip.npz,0.3965204954147339,0.3965204954147339,5.023509502410889,1
FakeVideo-FakeAudio/Caucasian (European)/women/id00325/00015_id03844_wavtolip.npz,2.313814163208008,2.313814163208008,4.449084281921387,1
FakeVideo-FakeAudio/Caucasian (European)/women/id03716/00040_id00262_wavtolip.npz,2.142159938812256,2.142159938812256,5.335832118988037,1
FakeVideo-FakeAudio/Caucasian (European)/women/id03716/00040_id00270_wavtolip.npz,0.2810509204864502,0.2810509204864502,4.4857635498046875,1
FakeVideo-FakeAudio/Caucasian (European)/women/id03716/00040_id00330_wavtolip.npz,1.210474967956543,1.210474967956543,4.858133316040039,1
FakeVideo-FakeAudio/Caucasian (European)/women/id03716/00040_id00365_XV-imLNJvfk_id03716_wavtolip.npz,-1.5577147006988525,-1.5577147006988525,5.210633754730225,1
FakeVideo-FakeAudio/Caucasian (European)/women/id03716/00040_id00379_fgkgYHCuk4g_id00823_wavtolip.npz,1.548754096031189,1.548754096031189,4.311182975769043,1
FakeVideo-FakeAudio/Caucasian (European)/women/id03716/00040_id00395_wM5kGJfTtEM_id00232_wavtolip.npz,1.7017631530761719,1.7017631530761719,4.746731758117676,1
FakeVideo-FakeAudio/Caucasian (European)/women/id03716/00040_id00434_wavtolip.npz,2.9864656925201416,2.9864656925201416,5.118584156036377,1
FakeVideo-FakeAudio/Caucasian (European)/women/id03716/00040_id00495_wavtolip.npz,2.332014560699463,2.332014560699463,4.3365678787231445,1
FakeVideo-FakeAudio/Caucasian (European)/women/id03716/00040_id00591_1Jo8xElXQMs_id00823_wavtolip.npz,1.134154200553894,1.134154200553894,4.316067695617676,1
FakeVideo-FakeAudio/Caucasian (European)/women/id03716/00040_id00633_UXrTMta1EDM_id00826_wavtolip.npz,1.3321588039398193,1.3321588039398193,4.602231025695801,1
FakeVideo-FakeAudio/Caucasian (European)/women/id03716/00040_id00897_0ayFw8JhoyI_id00232_wavtolip.npz,1.8222055435180664,1.8222055435180664,4.727989673614502,1
FakeVideo-FakeAudio/Caucasian (European)/women/id03716/00040_id00897_wavtolip.npz,2.9342703819274902,2.9342703819274902,5.339056015014648,1
FakeVideo-FakeAudio/Caucasian (European)/women/id03716/00040_id03651_EjcoRkL6loI_faceswap_id00234_wavtolip.npz,2.9388082027435303,2.9388082027435303,5.091288089752197,1
FakeVideo-FakeAudio/Caucasian (European)/women/id03716/00040_id03651_EjcoRkL6loI_faceswap_id00403_wavtolip.npz,2.706413507461548,2.706413507461548,4.813133716583252,1
FakeVideo-FakeAudio/Caucasian (European)/women/id03716/00040_id03651_EjcoRkL6loI_faceswap_id00735_wavtolip.npz,2.230876922607422,2.230876922607422,4.405691146850586,1
FakeVideo-FakeAudio/Caucasian (European)/women/id03716/00040_id03651_EjcoRkL6loI_faceswap_id01002_wavtolip.npz,2.4127044677734375,2.4127044677734375,4.644392013549805,1
FakeVideo-FakeAudio/Caucasian (European)/women/id03716/00040_id03651_EjcoRkL6loI_faceswap_id03844_wavtolip.npz,2.2691903114318848,2.2691903114318848,4.40671968460083,1
FakeVideo-FakeAudio/Caucasian (European)/women/id03716/00040_id03651_EjcoRkL6loI_id00328_wavtolip.npz,2.7516393661499023,2.7516393661499023,4.673240661621094,1
FakeVideo-FakeAudio/Caucasian (European)/women/id03716/00040_id03716_wavtolip.npz,-1.3564034700393677,-1.3564034700393677,5.219717979431152,1
FakeVideo-FakeAudio/Caucasian (European)/women/id03716/00040_id03816_XXD0yTNei50_id00581_wavtolip.npz,2.9478588104248047,2.9478588104248047,5.145975112915039,1
FakeVideo-FakeAudio/Caucasian (European)/women/id03716/00040_id03844_wavtolip.npz,2.286644458770752,2.286644458770752,4.458522319793701,1
FakeVideo-FakeAudio/Caucasian (European)/women/id00262/00028_id00071_JU1cVINUTZA_id00484_wavtolip.npz,2.7218384742736816,2.7218384742736816,4.633410930633545,1
FakeVideo-FakeAudio/Caucasian (European)/women/id00262/00028_id00071_wavtolip.npz,2.499437093734741,2.499437093734741,4.51469087600708,1
FakeVideo-FakeAudio/Caucasian (European)/women/id00262/00028_id00270_hoEQ70-sDME_id03651_wavtolip.npz,1.8726328611373901,1.8726328611373901,4.066005706787109,1
FakeVideo-FakeAudio/Caucasian (European)/women/id00262/00028_id00287_2NpfYjyMsPM_faceswap_id00379_wavtolip.npz,2.7187232971191406,2.7187232971191406,4.584624290466309,1
FakeVideo-FakeAudio/Caucasian (European)/women/id00262/00028_id00287_2NpfYjyMsPM_faceswap_id01002_wavtolip.npz,2.59796142578125,2.59796142578125,4.6049652099609375,1
FakeVideo-FakeAudio/Caucasian (European)/women/id00262/00028_id00287_2NpfYjyMsPM_faceswap_id03620_wavtolip.npz,3.2436604499816895,3.2436604499816895,5.413562774658203,1
FakeVideo-FakeAudio/Caucasian (European)/women/id00262/00028_id00287_2NpfYjyMsPM_faceswap_id03858_wavtolip.npz,2.50984525680542,2.50984525680542,4.741763591766357,1
FakeVideo-FakeAudio/Caucasian (European)/women/id00262/00028_id00287_2NpfYjyMsPM_faceswap_id03941_wavtolip.npz,2.5855464935302734,2.5855464935302734,4.604549884796143,1
FakeVideo-FakeAudio/Caucasian (European)/women/id00262/00028_id00328_wavtolip.npz,2.4439477920532227,2.4439477920532227,4.6559672355651855,1
FakeVideo-FakeAudio/Caucasian (European)/women/id00262/00028_id00379_wavtolip.npz,0.25350522994995117,0.25350522994995117,4.539276599884033,1
FakeVideo-FakeAudio/Caucasian (European)/women/id00262/00028_id00395_wM5kGJfTtEM_id03371_wavtolip.npz,2.532644271850586,2.532644271850586,5.200606822967529,1
FakeVideo-FakeAudio/Caucasian (European)/women/id00262/00028_id00395_wavtolip.npz,2.0499582290649414,2.0499582290649414,4.368937969207764,1
FakeVideo-FakeAudio/Caucasian (European)/women/id00262/00028_id00495_E46aiMUC4A0_id00591_wavtolip.npz,2.3798704147338867,2.3798704147338867,4.218033790588379,1
FakeVideo-FakeAudio/Caucasian (European)/women/id00262/00028_id00496_SImaDcXQnh8_id00271_wavtolip.npz,0.29063212871551514,0.29063212871551514,4.522981643676758,1
FakeVideo-FakeAudio/Caucasian (European)/women/id00262/00028_id00496_wavtolip.npz,2.909123420715332,2.909123420715332,5.3640642166137695,1
FakeVideo-FakeAudio/Caucasian (European)/women/id00262/00028_id00633_UXrTMta1EDM_id00806_wavtolip.npz,-0.15499556064605713,-0.15499556064605713,5.352450847625732,1
FakeVideo-FakeAudio/Caucasian (European)/women/id00262/00028_id00813_dKs9CWJIkSI_id00434_wavtolip.npz,2.5289063453674316,2.5289063453674316,5.128086090087891,1
FakeVideo-FakeAudio/Caucasian (European)/women/id00262/00028_id00813_wavtolip.npz,2.485347032546997,2.485347032546997,5.145418167114258,1
FakeVideo-FakeAudio/Caucasian (European)/women/id00262/00028_id01002_wavtolip.npz,2.473052978515625,2.473052978515625,4.641268253326416,1
FakeVideo-FakeAudio/Caucasian (European)/women/id00262/00028_id03651_wavtolip.npz,1.6415224075317383,1.6415224075317383,4.0723443031311035,1
FakeVideo-FakeAudio/Caucasian (European)/women/id00262/00028_id03816_XXD0yTNei50_id03716_wavtolip.npz,0.4590568542480469,0.4590568542480469,5.24622917175293,1
FakeVideo-FakeAudio/Caucasian (European)/women/id00262/00028_id03941_SsYtP8Ze88Q_id00325_wavtolip.npz,2.78698992729187,2.78698992729187,4.9451446533203125,1
FakeVideo-FakeAudio/Caucasian (European)/women/id00262/00028_id03941_wavtolip.npz,1.1225638389587402,1.1225638389587402,4.6144633293151855,1
FakeVideo-FakeAudio/Caucasian (European)/women/id00328/00092_id00188_e-vm5FB3idA_id00271_wavtolip.npz,2.4010322093963623,2.4010322093963623,4.551189422607422,1
FakeVideo-FakeAudio/Caucasian (European)/women/id00328/00092_id00232_kL0cCveU1zg_id03716_wavtolip.npz,-1.4113839864730835,-1.4113839864730835,4.759418487548828,1
FakeVideo-FakeAudio/Caucasian (European)/women/id00328/00092_id00271_wavtolip.npz,2.30905818939209,2.30905818939209,4.616295337677002,1
FakeVideo-FakeAudio/Caucasian (European)/women/id00328/00092_id00287_wavtolip.npz,2.207209587097168,2.207209587097168,4.493448734283447,1
FakeVideo-FakeAudio/Caucasian (European)/women/id00328/00092_id00373_5NXv3Dxkd6E_id03844_wavtolip.npz,2.1621670722961426,2.1621670722961426,4.44284725189209,1
FakeVideo-FakeAudio/Caucasian (European)/women/id00328/00092_id00374_wavtolip.npz,2.6378726959228516,2.6378726959228516,4.750807762145996,1
FakeVideo-FakeAudio/Caucasian (European)/women/id00328/00092_id00403_n4LSCxzFr6o_id00806_wavtolip.npz,2.4620513916015625,2.4620513916015625,4.745124340057373,1
FakeVideo-FakeAudio/Caucasian (European)/women/id00328/00092_id00484_u7YTz8eFZv0_faceswap_id00287_wavtolip.npz,2.1234540939331055,2.1234540939331055,4.494947910308838,1
FakeVideo-FakeAudio/Caucasian (European)/women/id00328/00092_id00484_u7YTz8eFZv0_faceswap_id00484_wavtolip.npz,2.243645429611206,2.243645429611206,4.647684097290039,1
FakeVideo-FakeAudio/Caucasian (European)/women/id00328/00092_id00484_u7YTz8eFZv0_faceswap_id01002_wavtolip.npz,2.5044713020324707,2.5044713020324707,4.639266014099121,1
FakeVideo-FakeAudio/Caucasian (European)/women/id00328/00092_id00484_u7YTz8eFZv0_faceswap_id03589_wavtolip.npz,2.2947745323181152,2.2947745323181152,4.757500171661377,1
FakeVideo-FakeAudio/Caucasian (European)/women/id00328/00092_id00484_u7YTz8eFZv0_id00496_wavtolip.npz,2.619368076324463,2.619368076324463,4.78397274017334,1
FakeVideo-FakeAudio/Caucasian (European)/women/id00328/00092_id00495_E46aiMUC4A0_id03844_wavtolip.npz,2.1029860973358154,2.1029860973358154,4.449524402618408,1
FakeVideo-FakeAudio/Caucasian (European)/women/id00328/00092_id00569_wavtolip.npz,1.410358190536499,1.410358190536499,4.367688179016113,1
FakeVideo-FakeAudio/Caucasian (European)/women/id00328/00092_id00633_wavtolip.npz,2.5083930492401123,2.5083930492401123,4.8116374015808105,1
FakeVideo-FakeAudio/Caucasian (European)/women/id00328/00092_id00634_wavtolip.npz,1.7457603216171265,1.7457603216171265,4.723570823669434,1
FakeVideo-FakeAudio/Caucasian (European)/women/id00328/00092_id00806_wavtolip.npz,2.197672128677368,2.197672128677368,4.7685675621032715,1
FakeVideo-FakeAudio/Caucasian (European)/women/id00328/00092_id01002_wavtolip.npz,2.298417806625366,2.298417806625366,4.664529800415039,1
FakeVideo-FakeAudio/Caucasian (European)/women/id00328/00092_id03371_truKMXt8Dak_id00328_wavtolip.npz,2.475707530975342,2.475707530975342,4.743966102600098,1
FakeVideo-FakeAudio/Caucasian (European)/women/id00328/00092_id03620_YkXM5A8w07E_id03858_wavtolip.npz,2.601963520050049,2.601963520050049,4.720406532287598,1
FakeVideo-FakeAudio/Caucasian (European)/women/id00328/00092_id03858_uKVqPfRf-ac_id00634_wavtolip.npz,2.7171146869659424,2.7171146869659424,4.706432819366455,1
FakeVideo-FakeAudio/Caucasian (European)/women/id00589/00130_id00270_wavtolip.npz,-1.271772861480713,-1.271772861480713,4.527340412139893,1
FakeVideo-FakeAudio/Caucasian (European)/women/id00589/00130_id00271_je6JSLqEEcw_id00735_wavtolip.npz,2.190253257751465,2.190253257751465,4.445825099945068,1
FakeVideo-FakeAudio/Caucasian (European)/women/id00589/00130_id00287_wavtolip.npz,2.367262363433838,2.367262363433838,4.472075939178467,1
FakeVideo-FakeAudio/Caucasian (European)/women/id00589/00130_id00373_5NXv3Dxkd6E_id03371_wavtolip.npz,1.9394084215164185,1.9394084215164185,4.944911479949951,1
FakeVideo-FakeAudio/Caucasian (European)/women/id00589/00130_id00374_wavtolip.npz,2.924213171005249,2.924213171005249,4.890696048736572,1
FakeVideo-FakeAudio/Caucasian (European)/women/id00589/00130_id00495_E46aiMUC4A0_id00325_wavtolip.npz,2.553959369659424,2.553959369659424,4.9251298904418945,1
FakeVideo-FakeAudio/Caucasian (European)/women/id00589/00130_id00581_wavtolip.npz,-1.2544583082199097,-1.2544583082199097,4.890781879425049,1
FakeVideo-FakeAudio/Caucasian (European)/women/id00589/00130_id00591_1Jo8xElXQMs_id03620_wavtolip.npz,0.509937047958374,0.509937047958374,4.945900917053223,1
FakeVideo-FakeAudio/Caucasian (European)/women/id00589/00130_id00591_wavtolip.npz,2.162553071975708,2.162553071975708,4.261959075927734,1
FakeVideo-FakeAudio/Caucasian (European)/women/id00589/00130_id00634_z5t9oJizDQg_faceswap_id00071_wavtolip.npz,2.4192440509796143,2.4192440509796143,4.525146484375,1
FakeVideo-FakeAudio/Caucasian (European)/women/id00589/00130_id00634_z5t9oJizDQg_faceswap_id00325_wavtolip.npz,2.8778443336486816,2.8778443336486816,4.912193775177002,1
FakeVideo-FakeAudio/Caucasian (European)/women/id00589/00130_id00634_z5t9oJizDQg_faceswap_id00395_wavtolip.npz,2.1901068687438965,2.1901068687438965,4.361145496368408,1
FakeVideo-FakeAudio/Caucasian (European)/women/id00589/00130_id00634_z5t9oJizDQg_faceswap_id00591_wavtolip.npz,2.1037330627441406,2.1037330627441406,4.242430686950684,1
FakeVideo-FakeAudio/Caucasian (European)/women/id00589/00130_id00634_z5t9oJizDQg_faceswap_id00823_wavtolip.npz,1.6156399250030518,1.6156399250030518,4.306890964508057,1
FakeVideo-FakeAudio/Caucasian (European)/women/id00589/00130_id00634_z5t9oJizDQg_id00897_wavtolip.npz,2.764784812927246,2.764784812927246,4.953325271606445,1
FakeVideo-FakeAudio/Caucasian (European)/women/id00589/00130_id00813_wavtolip.npz,2.7972068786621094,2.7972068786621094,4.9003214836120605,1
FakeVideo-FakeAudio/Caucasian (European)/women/id00589/00130_id00826_wavtolip.npz,2.458524703979492,2.458524703979492,4.571498870849609,1
FakeVideo-FakeAudio/Caucasian (European)/women/id00589/00130_id00897_0ayFw8JhoyI_id00379_wavtolip.npz,1.4622844457626343,1.4622844457626343,4.532639026641846,1
FakeVideo-FakeAudio/Caucasian (European)/women/id00589/00130_id00897_wavtolip.npz,1.772517204284668,1.772517204284668,4.91477108001709,1
FakeVideo-FakeAudio/Caucasian (European)/women/id00589/00130_id03589_9NxOQlwpMys_id00897_wavtolip.npz,2.2814903259277344,2.2814903259277344,4.917115688323975,1
FakeVideo-FakeAudio/Caucasian (European)/women/id00589/00130_id03620_YkXM5A8w07E_id03858_wavtolip.npz,2.7411718368530273,2.7411718368530273,4.759433746337891,1
FakeVideo-FakeAudio/Caucasian (European)/women/id00589/00130_id03649_389qfFqUddI_id00495_wavtolip.npz,2.0267326831817627,2.0267326831817627,4.349754810333252,1
FakeVideo-FakeAudio/Caucasian (European)/women/id00589/00130_id03651_wavtolip.npz,1.9069372415542603,1.9069372415542603,4.07071590423584,1
FakeVideo-FakeAudio/Caucasian (European)/women/id00589/00130_id03858_uKVqPfRf-ac_id00634_wavtolip.npz,2.854301929473877,2.854301929473877,4.829500198364258,1
FakeVideo-RealAudio/Asian (South)/men/id06354/00021_id00032_AQMDc6SKNXs.npz,-3.0888288021087646,-3.0888288021087646,4.640108585357666,1
FakeVideo-RealAudio/Asian (South)/men/id06354/00021_id00103_qpTVaP4y5DQ.npz,-0.9776394367218018,-0.9776394367218018,4.58821964263916,1
FakeVideo-RealAudio/Asian (South)/men/id06354/00021_id00103_wavtolip.npz,-1.5774253606796265,-1.5774253606796265,4.517612457275391,1
FakeVideo-RealAudio/Asian (South)/men/id06354/00021_id00350_75IFJNFAMIM.npz,-2.7075376510620117,-2.7075376510620117,4.573972702026367,1
FakeVideo-RealAudio/Asian (South)/men/id06354/00021_id00350_wavtolip.npz,-1.5579506158828735,-1.5579506158828735,4.517014980316162,1
FakeVideo-RealAudio/Asian (South)/men/id06354/00021_id00685_wavtolip.npz,-3.064046859741211,-3.064046859741211,4.563387870788574,1
FakeVideo-RealAudio/Asian (South)/men/id06354/00021_id00773_2j3lUETJ57I.npz,-3.435525417327881,-3.435525417327881,4.597123146057129,1
FakeVideo-RealAudio/Asian (South)/men/id06354/00021_id00860_wavtolip.npz,-3.2784340381622314,-3.2784340381622314,4.572781562805176,1
FakeVideo-RealAudio/Asian (South)/men/id06354/00021_id03599_wavtolip.npz,-3.0936498641967773,-3.0936498641967773,4.508701324462891,1
FakeVideo-RealAudio/Asian (South)/men/id06354/00021_id03945_wavtolip.npz,-2.4218039512634277,-2.4218039512634277,4.536749839782715,1
FakeVideo-RealAudio/Asian (South)/men/id06354/00021_id04599_Q60DPi5Nhmk.npz,-2.128852128982544,-2.128852128982544,4.521960258483887,1
FakeVideo-RealAudio/Asian (South)/men/id06354/00021_id04928_wavtolip.npz,-2.4861536026000977,-2.4861536026000977,4.553585052490234,1
FakeVideo-RealAudio/Asian (South)/men/id06354/00021_id06334_wavtolip.npz,-2.621061325073242,-2.621061325073242,4.549012184143066,1
FakeVideo-RealAudio/Asian (South)/men/id06354/00021_id07058_JXJTxhrICl0.npz,-2.864100456237793,-2.864100456237793,4.611238479614258,1
FakeVideo-RealAudio/Asian (South)/men/id06354/00021_id07108_qwfQPcvjGRY.npz,-1.622969388961792,-1.622969388961792,4.535251140594482,1
FakeVideo-RealAudio/Asian (South)/men/id06354/00021_id07194_NDJaiff98Fo.npz,-1.6803843975067139,-1.6803843975067139,4.523887634277344,1
FakeVideo-RealAudio/Asian (South)/men/id06354/00021_id07194_NDJaiff98Fo_faceswap.npz,-1.7495536804199219,-1.7495536804199219,4.517825603485107,1
FakeVideo-RealAudio/Asian (South)/men/id06354/00021_id07200_wavtolip.npz,-2.881213426589966,-2.881213426589966,4.552280902862549,1
FakeVideo-RealAudio/Asian (South)/men/id06354/00021_id07233_wavtolip.npz,-1.936754822731018,-1.936754822731018,4.492462158203125,1
FakeVideo-RealAudio/Asian (South)/men/id08314/00028_id00033_wavtolip.npz,-0.8909067511558533,-0.8909067511558533,4.669661998748779,1
FakeVideo-RealAudio/Asian (South)/men/id08314/00028_id00078_9CoVxzTOAhk.npz,-2.39603328704834,-2.39603328704834,5.324860572814941,1
FakeVideo-RealAudio/Asian (South)/men/id08314/00028_id00078_9CoVxzTOAhk_faceswap.npz,-1.934586524963379,-1.934586524963379,5.281449317932129,1
FakeVideo-RealAudio/Asian (South)/men/id08314/00028_id00078_wavtolip.npz,-3.046529769897461,-3.046529769897461,4.85110330581665,1
FakeVideo-RealAudio/Asian (South)/men/id08314/00028_id00082_wavtolip.npz,-3.190380096435547,-3.190380096435547,5.291614055633545,1
FakeVideo-RealAudio/Asian (South)/men/id08314/00028_id00103_qpTVaP4y5DQ.npz,-3.5955185890197754,-3.5955185890197754,5.370428562164307,1
FakeVideo-RealAudio/Asian (South)/men/id08314/00028_id00732_amGRpH0AJCs.npz,-1.3079752922058105,-1.3079752922058105,5.290442943572998,1
FakeVideo-RealAudio/Asian (South)/men/id08314/00028_id00745_wavtolip.npz,-1.0949292182922363,-1.0949292182922363,4.5821380615234375,1
FakeVideo-RealAudio/Asian (South)/men/id08314/00028_id00769_BqHVSZdoVpM.npz,-2.5333852767944336,-2.5333852767944336,5.389176368713379,1
FakeVideo-RealAudio/Asian (South)/men/id08314/00028_id00773_2j3lUETJ57I.npz,-0.8824722766876221,-0.8824722766876221,5.360403537750244,1
FakeVideo-RealAudio/Asian (South)/men/id08314/00028_id00857_wavtolip.npz,-2.665696144104004,-2.665696144104004,4.476418495178223,1
FakeVideo-RealAudio/Asian (South)/men/id08314/00028_id00860_wavtolip.npz,-2.3674674034118652,-2.3674674034118652,4.6500749588012695,1
FakeVideo-RealAudio/Asian (South)/men/id08314/00028_id04537_wavtolip.npz,-2.1537609100341797,-2.1537609100341797,4.720028400421143,1
FakeVideo-RealAudio/Asian (South)/men/id08314/00028_id06354_PmWLmcJNUhM.npz,-1.4858229160308838,-1.4858229160308838,5.341755390167236,1
FakeVideo-RealAudio/Asian (South)/men/id08314/00028_id07058_wavtolip.npz,-1.563246488571167,-1.563246488571167,4.510313510894775,1
FakeVideo-RealAudio/Asian (South)/men/id08314/00028_id07161_wavtolip.npz,-1.7812678813934326,-1.7812678813934326,4.558627128601074,1
FakeVideo-RealAudio/Asian (South)/men/id08314/00028_id07194_NDJaiff98Fo.npz,-1.9816334247589111,-1.9816334247589111,5.340214252471924,1
FakeVideo-RealAudio/Asian (South)/men/id08314/00028_id07195_wXqfHGtaBn4.npz,-1.498786449432373,-1.498786449432373,5.318835258483887,1
FakeVideo-RealAudio/Asian (South)/men/id08314/00028_id07768_wavtolip.npz,-2.1419548988342285,-2.1419548988342285,4.8020548820495605,1
FakeVideo-RealAudio/Asian (South)/men/id08314/00083_0.npz,-1.4935791492462158,-1.4935791492462158,5.280979156494141,1
FakeVideo-RealAudio/Asian (South)/men/id07233/00010_id00032_wavtolip.npz,-2.100914478302002,-2.100914478302002,4.682268142700195,1
FakeVideo-RealAudio/Asian (South)/men/id07233/00010_id00078_wavtolip.npz,-2.535189628601074,-2.535189628601074,4.736808776855469,1
FakeVideo-RealAudio/Asian (South)/men/id07233/00010_id00082_wavtolip.npz,-3.774829626083374,-3.774829626083374,4.700199127197266,1
FakeVideo-RealAudio/Asian (South)/men/id07233/00010_id00459_wavtolip.npz,-1.658268690109253,-1.658268690109253,4.672916889190674,1
FakeVideo-RealAudio/Asian (South)/men/id07233/00010_id00769_BqHVSZdoVpM.npz,-2.428647518157959,-2.428647518157959,4.6706647872924805,1
FakeVideo-RealAudio/Asian (South)/men/id07233/00010_id00857_wavtolip.npz,-2.162078380584717,-2.162078380584717,4.452645301818848,1
FakeVideo-RealAudio/Asian (South)/men/id07233/00010_id03180_wavtolip.npz,-2.1798675060272217,-2.1798675060272217,4.623368263244629,1
FakeVideo-RealAudio/Asian (South)/men/id07233/00010_id03945_8gN6kSKpLRg.npz,-2.9218719005584717,-2.9218719005584717,4.667002201080322,1
FakeVideo-RealAudio/Asian (South)/men/id07233/00010_id04537_G1e1UFopjfI.npz,-2.527825355529785,-2.527825355529785,4.644324779510498,1
FakeVideo-RealAudio/Asian (South)/men/id07233/00010_id04537_wavtolip.npz,-2.176938533782959,-2.176938533782959,4.608529567718506,1
FakeVideo-RealAudio/Asian (South)/men/id07233/00010_id04554_8rSKsBhAaDo.npz,-2.221701145172119,-2.221701145172119,4.645449638366699,1
FakeVideo-RealAudio/Asian (South)/men/id07233/00010_id04562_qio_Gs7wjvY.npz,-2.5660321712493896,-2.5660321712493896,4.645018577575684,1
FakeVideo-RealAudio/Asian (South)/men/id07233/00010_id06334_wavtolip.npz,-2.0404162406921387,-2.0404162406921387,4.659931659698486,1
FakeVideo-RealAudio/Asian (South)/men/id07233/00010_id07163_wavtolip.npz,-1.8267536163330078,-1.8267536163330078,4.5070390701293945,1
FakeVideo-RealAudio/Asian (South)/men/id07233/00010_id07165_oJ_iy16IBTM.npz,-2.894942283630371,-2.894942283630371,4.650301933288574,1
FakeVideo-RealAudio/Asian (South)/men/id07233/00010_id07195_wXqfHGtaBn4.npz,-2.8981995582580566,-2.8981995582580566,4.601970195770264,1
FakeVideo-RealAudio/Asian (South)/men/id07233/00010_id07200_quCElxMhW6g.npz,-2.4794068336486816,-2.4794068336486816,4.648733615875244,1
FakeVideo-RealAudio/Asian (South)/men/id07233/00010_id07200_quCElxMhW6g_faceswap.npz,-2.899482488632202,-2.899482488632202,4.681538105010986,1
FakeVideo-RealAudio/Asian (South)/men/id07233/00010_id08457_wavtolip.npz,-3.1991028785705566,-3.1991028785705566,4.658470153808594,1
FakeVideo-RealAudio/Asian (South)/men/id07233/00180_0.npz,-2.6885297298431396,-2.6885297298431396,4.700984477996826,1
FakeVideo-RealAudio/Asian (South)/men/id07179/00206_id00032_wavtolip.npz,-1.6307470798492432,-1.6307470798492432,4.879791259765625,1
FakeVideo-RealAudio/Asian (South)/men/id07179/00206_id00459_ubskcDDe7kM.npz,0.7647744417190552,0.7647744417190552,5.001935958862305,1
FakeVideo-RealAudio/Asian (South)/men/id07179/00206_id00860_wavtolip.npz,-2.4224202632904053,-2.4224202632904053,4.647134780883789,1
FakeVideo-RealAudio/Asian (South)/men/id07179/00206_id03945_wavtolip.npz,-1.5065553188323975,-1.5065553188323975,5.054922103881836,1
FakeVideo-RealAudio/Asian (South)/men/id07179/00206_id04526_dHGXa49tzWI.npz,0.3973480463027954,0.3973480463027954,4.993274211883545,1
FakeVideo-RealAudio/Asian (South)/men/id07179/00206_id04537_wavtolip.npz,-2.2481682300567627,-2.2481682300567627,4.6987714767456055,1
FakeVideo-RealAudio/Asian (South)/men/id07179/00206_id04560_wavtolip.npz,-1.868693470954895,-1.868693470954895,4.640913963317871,1
FakeVideo-RealAudio/Asian (South)/men/id07179/00206_id06334_EMORdZRY1r0.npz,-0.14365923404693604,-0.14365923404693604,5.004730701446533,1
FakeVideo-RealAudio/Asian (South)/men/id07179/00206_id06354_PmWLmcJNUhM.npz,0.16498160362243652,0.16498160362243652,4.9950456619262695,1
FakeVideo-RealAudio/Asian (South)/men/id07179/00206_id07163_aO7f_YmkQnc.npz,-0.7185413837432861,-0.7185413837432861,5.020599365234375,1
FakeVideo-RealAudio/Asian (South)/men/id07179/00206_id07165_oJ_iy16IBTM.npz,0.4630131721496582,0.4630131721496582,5.017886161804199,1
FakeVideo-RealAudio/Asian (South)/men/id07179/00206_id07165_oJ_iy16IBTM_faceswap.npz,-1.224233627319336,-1.224233627319336,4.973657608032227,1
FakeVideo-RealAudio/Asian (South)/men/id07179/00206_id07165_wavtolip.npz,-1.546900749206543,-1.546900749206543,4.978663921356201,1
FakeVideo-RealAudio/Asian (South)/men/id07179/00206_id07182_wavtolip.npz,-1.7349567413330078,-1.7349567413330078,4.661337375640869,1
FakeVideo-RealAudio/Asian (South)/men/id07179/00206_id07200_wavtolip.npz,-1.9957166910171509,-1.9957166910171509,4.943175792694092,1
FakeVideo-RealAudio/Asian (South)/men/id07179/00206_id07233_wavtolip.npz,-1.8036177158355713,-1.8036177158355713,4.629110336303711,1
FakeVideo-RealAudio/Asian (South)/men/id07179/00206_id07768_mD6x-0ihLOI.npz,0.28010475635528564,0.28010475635528564,4.981821060180664,1
FakeVideo-RealAudio/Asian (South)/men/id07179/00206_id07768_wavtolip.npz,-1.547499418258667,-1.547499418258667,4.852256774902344,1
FakeVideo-RealAudio/Asian (South)/men/id07179/00206_id08314_66ufcsq8IWA.npz,0.5221030712127686,0.5221030712127686,4.9783196449279785,1
FakeVideo-RealAudio/Asian (South)/men/id00860/00154_id00033_gduDuRWhnlQ.npz,-3.420602798461914,-3.420602798461914,4.719093322753906,1
FakeVideo-RealAudio/Asian (South)/men/id00860/00154_id00350_wavtolip.npz,-1.5273338556289673,-1.5273338556289673,4.503725051879883,1
FakeVideo-RealAudio/Asian (South)/men/id00860/00154_id00414_d3N2NrpGSp0.npz,-1.8615176677703857,-1.8615176677703857,4.638969898223877,1
FakeVideo-RealAudio/Asian (South)/men/id00860/00154_id00459_ubskcDDe7kM.npz,-2.192866325378418,-2.192866325378418,4.710217475891113,1
FakeVideo-RealAudio/Asian (South)/men/id00860/00154_id00685_wavtolip.npz,-1.8313615322113037,-1.8313615322113037,4.664204120635986,1
FakeVideo-RealAudio/Asian (South)/men/id00860/00154_id00769_wavtolip.npz,-3.2670443058013916,-3.2670443058013916,4.500298500061035,1
FakeVideo-RealAudio/Asian (South)/men/id00860/00154_id03180_6wNTK7NkOd8.npz,-3.2577834129333496,-3.2577834129333496,4.729807376861572,1
FakeVideo-RealAudio/Asian (South)/men/id00860/00154_id03180_wavtolip.npz,-1.9970062971115112,-1.9970062971115112,4.608295440673828,1
FakeVideo-RealAudio/Asian (South)/men/id00860/00154_id03945_wavtolip.npz,-1.9526464939117432,-1.9526464939117432,4.691043376922607,1
FakeVideo-RealAudio/Asian (South)/men/id00860/00154_id04537_G1e1UFopjfI.npz,-2.3082711696624756,-2.3082711696624756,4.693549633026123,1
FakeVideo-RealAudio/Asian (South)/men/id00860/00154_id04537_G1e1UFopjfI_faceswap.npz,-3.4655401706695557,-3.4655401706695557,4.632516860961914,1
FakeVideo-RealAudio/Asian (South)/men/id00860/00154_id04554_wavtolip.npz,-2.245985269546509,-2.245985269546509,4.6747236251831055,1
FakeVideo-RealAudio/Asian (South)/men/id00860/00154_id04561_wavtolip.npz,-3.2816948890686035,-3.2816948890686035,4.701141357421875,1
FakeVideo-RealAudio/Asian (South)/men/id00860/00154_id04928_wavtolip.npz,-1.6206269264221191,-1.6206269264221191,4.695684909820557,1
FakeVideo-RealAudio/Asian (South)/men/id00860/00154_id07165_oJ_iy16IBTM.npz,-1.1051321029663086,-1.1051321029663086,4.633345603942871,1
FakeVideo-RealAudio/Asian (South)/men/id00860/00154_id07165_wavtolip.npz,-3.2270009517669678,-3.2270009517669678,4.6158552169799805,1
FakeVideo-RealAudio/Asian (South)/men/id00860/00154_id07195_wXqfHGtaBn4.npz,-3.730645179748535,-3.730645179748535,4.738217830657959,1
FakeVideo-RealAudio/Asian (South)/men/id00860/00154_id07200_quCElxMhW6g.npz,-1.7435297966003418,-1.7435297966003418,4.660699367523193,1
FakeVideo-RealAudio/Asian (South)/men/id00860/00154_id07233_wavtolip.npz,-2.4697864055633545,-2.4697864055633545,4.691359043121338,1
FakeVideo-RealAudio/Asian (South)/men/id07768/00143_id00033_gduDuRWhnlQ.npz,-2.0264205932617188,-2.0264205932617188,4.909393787384033,1
FakeVideo-RealAudio/Asian (South)/men/id07768/00143_id00103_qpTVaP4y5DQ.npz,-2.019932746887207,-2.019932746887207,4.903245449066162,1
FakeVideo-RealAudio/Asian (South)/men/id07768/00143_id00685_wavtolip.npz,-2.3508710861206055,-2.3508710861206055,4.882723808288574,1
FakeVideo-RealAudio/Asian (South)/men/id07768/00143_id00732_amGRpH0AJCs.npz,-1.388293981552124,-1.388293981552124,4.912436485290527,1
FakeVideo-RealAudio/Asian (South)/men/id07768/00143_id00732_amGRpH0AJCs_faceswap.npz,-1.6151604652404785,-1.6151604652404785,4.884414196014404,1
FakeVideo-RealAudio/Asian (South)/men/id07768/00143_id00732_wavtolip.npz,-3.173656940460205,-3.173656940460205,4.880842208862305,1
FakeVideo-RealAudio/Asian (South)/men/id07768/00143_id00745_wavtolip.npz,-1.0209507942199707,-1.0209507942199707,4.582952499389648,1
FakeVideo-RealAudio/Asian (South)/men/id07768/00143_id00857_yJ7bbvwL4kU.npz,-1.8009364604949951,-1.8009364604949951,4.913054466247559,1
FakeVideo-RealAudio/Asian (South)/men/id07768/00143_id03344_vyNnOo6lU0o.npz,-1.8414640426635742,-1.8414640426635742,4.926963806152344,1
FakeVideo-RealAudio/Asian (South)/men/id07768/00143_id03344_wavtolip.npz,-2.8335683345794678,-2.8335683345794678,4.824618816375732,1
FakeVideo-RealAudio/Asian (South)/men/id07768/00143_id03599_wavtolip.npz,-2.588256359100342,-2.588256359100342,4.832490921020508,1
FakeVideo-RealAudio/Asian (South)/men/id07768/00143_id04537_G1e1UFopjfI.npz,-1.520512580871582,-1.520512580871582,4.900389194488525,1
FakeVideo-RealAudio/Asian (South)/men/id07768/00143_id04599_wavtolip.npz,-1.2263221740722656,-1.2263221740722656,4.782219409942627,1
FakeVideo-RealAudio/Asian (South)/men/id07768/00143_id06354_PmWLmcJNUhM.npz,-0.4381678104400635,-0.4381678104400635,4.8826751708984375,1
FakeVideo-RealAudio/Asian (South)/men/id07768/00143_id06355_wavtolip.npz,-2.1187047958374023,-2.1187047958374023,4.8507561683654785,1
FakeVideo-RealAudio/Asian (South)/men/id07768/00143_id07163_aO7f_YmkQnc.npz,-1.1485607624053955,-1.1485607624053955,4.951470375061035,1
FakeVideo-RealAudio/Asian (South)/men/id07768/00143_id07179_wavtolip.npz,-1.9644817113876343,-1.9644817113876343,4.851216793060303,1
FakeVideo-RealAudio/Asian (South)/men/id07768/00143_id07182_wavtolip.npz,-2.0637526512145996,-2.0637526512145996,4.724652290344238,1
FakeVideo-RealAudio/Asian (South)/men/id07768/00143_id07195_wavtolip.npz,-1.5832772254943848,-1.5832772254943848,4.657341480255127,1
FakeVideo-RealAudio/Asian (South)/men/id00078/00114_id00032_wavtolip.npz,-1.4797306060791016,-1.4797306060791016,4.763802528381348,1
FakeVideo-RealAudio/Asian (South)/men/id00078/00114_id00103_qpTVaP4y5DQ.npz,-2.575282096862793,-2.575282096862793,4.723349571228027,1
FakeVideo-RealAudio/Asian (South)/men/id00078/00114_id00103_qpTVaP4y5DQ_faceswap.npz,-2.055013418197632,-2.055013418197632,4.717485427856445,1
FakeVideo-RealAudio/Asian (South)/men/id00078/00114_id00350_75IFJNFAMIM.npz,-2.391425371170044,-2.391425371170044,4.721841812133789,1
FakeVideo-RealAudio/Asian (South)/men/id00078/00114_id00857_wavtolip.npz,-2.7280640602111816,-2.7280640602111816,4.506399631500244,1
FakeVideo-RealAudio/Asian (South)/men/id00078/00114_id00857_yJ7bbvwL4kU.npz,-2.300117254257202,-2.300117254257202,4.739213466644287,1
FakeVideo-RealAudio/Asian (South)/men/id00078/00114_id03344_vyNnOo6lU0o.npz,-2.6075854301452637,-2.6075854301452637,4.724394798278809,1
FakeVideo-RealAudio/Asian (South)/men/id00078/00114_id03599_y27BDmRUqMQ.npz,-2.7626662254333496,-2.7626662254333496,4.715354919433594,1
FakeVideo-RealAudio/Asian (South)/men/id00078/00114_id04560_wavtolip.npz,-1.3896889686584473,-1.3896889686584473,4.69529390335083,1
FakeVideo-RealAudio/Asian (South)/men/id00078/00114_id04561_wavtolip.npz,-1.6742568016052246,-1.6742568016052246,4.609373092651367,1
FakeVideo-RealAudio/Asian (South)/men/id00078/00114_id06354_PmWLmcJNUhM.npz,-2.4586949348449707,-2.4586949348449707,4.7364397048950195,1
FakeVideo-RealAudio/Asian (South)/men/id00078/00114_id07058_JXJTxhrICl0.npz,-3.2108030319213867,-3.2108030319213867,4.716635227203369,1
FakeVideo-RealAudio/Asian (South)/men/id00078/00114_id07108_wavtolip.npz,-1.8850202560424805,-1.8850202560424805,4.687697887420654,1
FakeVideo-RealAudio/Asian (South)/men/id00078/00114_id07165_wavtolip.npz,-2.732027769088745,-2.732027769088745,4.726831436157227,1
FakeVideo-RealAudio/Asian (South)/men/id00078/00114_id07179_wavtolip.npz,-1.8221783638000488,-1.8221783638000488,4.782127857208252,1
FakeVideo-RealAudio/Asian (South)/men/id00078/00114_id07200_wavtolip.npz,-1.6588679552078247,-1.6588679552078247,4.739835739135742,1
FakeVideo-RealAudio/Asian (South)/men/id00078/00114_id07210_0160kET2rUM.npz,-2.791243314743042,-2.791243314743042,4.707605838775635,1
FakeVideo-RealAudio/Asian (South)/men/id00078/00114_id07233_wavtolip.npz,-1.9711644649505615,-1.9711644649505615,4.68359899520874,1
FakeVideo-RealAudio/Asian (South)/men/id00078/00114_id08457_wavtolip.npz,-2.4487218856811523,-2.4487218856811523,4.758626461029053,1
FakeVideo-RealAudio/Asian (South)/men/id03599/00072_id00032_wavtolip.npz,-1.6995198726654053,-1.6995198726654053,4.8878912925720215,1
FakeVideo-RealAudio/Asian (South)/men/id03599/00072_id00078_wavtolip.npz,-3.164196014404297,-3.164196014404297,4.814198017120361,1
FakeVideo-RealAudio/Asian (South)/men/id03599/00072_id00103_qpTVaP4y5DQ.npz,-1.5148561000823975,-1.5148561000823975,4.986571788787842,1
FakeVideo-RealAudio/Asian (South)/men/id03599/00072_id00350_75IFJNFAMIM.npz,-1.459580421447754,-1.459580421447754,4.976529598236084,1
FakeVideo-RealAudio/Asian (South)/men/id03599/00072_id00414_wavtolip.npz,-2.8004214763641357,-2.8004214763641357,4.887012481689453,1
FakeVideo-RealAudio/Asian (South)/men/id03599/00072_id00769_wavtolip.npz,-2.307201385498047,-2.307201385498047,4.514648914337158,1
FakeVideo-RealAudio/Asian (South)/men/id03599/00072_id00773_2j3lUETJ57I.npz,-1.4033281803131104,-1.4033281803131104,4.972536563873291,1
FakeVideo-RealAudio/Asian (South)/men/id03599/00072_id00857_yJ7bbvwL4kU.npz,-1.8091940879821777,-1.8091940879821777,4.936609745025635,1
FakeVideo-RealAudio/Asian (South)/men/id03599/00072_id03344_wavtolip.npz,-1.9130010604858398,-1.9130010604858398,4.829748630523682,1
FakeVideo-RealAudio/Asian (South)/men/id03599/00072_id03599_wavtolip.npz,-2.662389039993286,-2.662389039993286,4.92266845703125,1
FakeVideo-RealAudio/Asian (South)/men/id03599/00072_id04560_wavtolip.npz,-1.621657371520996,-1.621657371520996,4.646795749664307,1
FakeVideo-RealAudio/Asian (South)/men/id03599/00072_id04562_qio_Gs7wjvY.npz,-2.4141952991485596,-2.4141952991485596,4.945091724395752,1
FakeVideo-RealAudio/Asian (South)/men/id03599/00072_id06753_BRg5r4jHC3I.npz,-2.6526598930358887,-2.6526598930358887,4.944273948669434,1
FakeVideo-RealAudio/Asian (South)/men/id03599/00072_id06753_wavtolip.npz,-2.8283495903015137,-2.8283495903015137,5.012444496154785,1
FakeVideo-RealAudio/Asian (South)/men/id03599/00072_id07194_wavtolip.npz,-1.278816819190979,-1.278816819190979,4.640506744384766,1
FakeVideo-RealAudio/Asian (South)/men/id03599/00072_id07233_wavtolip.npz,-1.9610486030578613,-1.9610486030578613,4.641135215759277,1
FakeVideo-RealAudio/Asian (South)/men/id03599/00072_id08313_t6WZ9KCaXBM.npz,-2.0362846851348877,-2.0362846851348877,4.9391961097717285,1
FakeVideo-RealAudio/Asian (South)/men/id03599/00072_id08313_t6WZ9KCaXBM_faceswap.npz,-1.7916269302368164,-1.7916269302368164,4.961352825164795,1
FakeVideo-RealAudio/Asian (South)/men/id03599/00072_id08457_vFyjAJwQulM.npz,-1.8410143852233887,-1.8410143852233887,4.956486701965332,1
FakeVideo-RealAudio/Asian (South)/men/id00745/00165_id00033_gduDuRWhnlQ.npz,-0.35977351665496826,-0.35977351665496826,4.594082355499268,1
FakeVideo-RealAudio/Asian (South)/men/id00745/00165_id00033_gduDuRWhnlQ_faceswap.npz,-1.0885515213012695,-1.0885515213012695,4.587377071380615,1
FakeVideo-RealAudio/Asian (South)/men/id00745/00165_id00033_wavtolip.npz,-1.6845731735229492,-1.6845731735229492,4.591516494750977,1
FakeVideo-RealAudio/Asian (South)/men/id00745/00165_id00082_wavtolip.npz,-2.9566683769226074,-2.9566683769226074,4.654904365539551,1
FakeVideo-RealAudio/Asian (South)/men/id00745/00165_id00103_wavtolip.npz,-1.6706836223602295,-1.6706836223602295,4.5372185707092285,1
FakeVideo-RealAudio/Asian (South)/men/id00745/00165_id00857_yJ7bbvwL4kU.npz,-0.8508095741271973,-0.8508095741271973,4.5979413986206055,1
FakeVideo-RealAudio/Asian (South)/men/id00745/00165_id03344_wavtolip.npz,-2.2375388145446777,-2.2375388145446777,4.553241729736328,1
FakeVideo-RealAudio/Asian (South)/men/id00745/00165_id04537_wavtolip.npz,-1.1689622402191162,-1.1689622402191162,4.540611267089844,1
FakeVideo-RealAudio/Asian (South)/men/id00745/00165_id04560_wavtolip.npz,-2.7045342922210693,-2.7045342922210693,4.580374240875244,1
FakeVideo-RealAudio/Asian (South)/men/id00745/00165_id04561_tU_UYY5hSvc.npz,-0.7629783153533936,-0.7629783153533936,4.585579872131348,1
FakeVideo-RealAudio/Asian (South)/men/id00745/00165_id06354_PmWLmcJNUhM.npz,-0.44169533252716064,-0.44169533252716064,4.614985466003418,1
FakeVideo-RealAudio/Asian (South)/men/id00745/00165_id06354_wavtolip.npz,-2.2589683532714844,-2.2589683532714844,4.460901260375977,1
FakeVideo-RealAudio/Asian (South)/men/id00745/00165_id07108_qwfQPcvjGRY.npz,-0.7196764945983887,-0.7196764945983887,4.679483890533447,1
FakeVideo-RealAudio/Asian (South)/men/id00745/00165_id07161_OYWKr82Zu38.npz,-0.7883562445640564,-0.7883562445640564,4.62705659866333,1
FakeVideo-RealAudio/Asian (South)/men/id00745/00165_id07195_wXqfHGtaBn4.npz,-0.8073281049728394,-0.8073281049728394,4.613158702850342,1
FakeVideo-RealAudio/Asian (South)/men/id00745/00165_id07200_wavtolip.npz,-2.693892478942871,-2.693892478942871,4.5634002685546875,1
FakeVideo-RealAudio/Asian (South)/men/id00745/00165_id07210_0160kET2rUM.npz,-0.9878007769584656,-0.9878007769584656,4.575839042663574,1
FakeVideo-RealAudio/Asian (South)/men/id00745/00165_id07233_wavtolip.npz,-2.3262791633605957,-2.3262791633605957,4.613658905029297,1
FakeVideo-RealAudio/Asian (South)/men/id00745/00165_id08457_wavtolip.npz,-3.4794249534606934,-3.4794249534606934,4.521307468414307,1
FakeVideo-RealAudio/Asian (South)/men/id07161/00159_id00414_d3N2NrpGSp0.npz,-1.1656103134155273,-1.1656103134155273,4.586354732513428,1
FakeVideo-RealAudio/Asian (South)/men/id07161/00159_id00745_eODND1ul7vE.npz,-2.51411771774292,-2.51411771774292,4.677504539489746,1
FakeVideo-RealAudio/Asian (South)/men/id07161/00159_id00816_wavtolip.npz,-2.3968968391418457,-2.3968968391418457,4.5815510749816895,1
FakeVideo-RealAudio/Asian (South)/men/id07161/00159_id00857_wavtolip.npz,-2.8524270057678223,-2.8524270057678223,4.523324966430664,1
FakeVideo-RealAudio/Asian (South)/men/id07161/00159_id03344_vyNnOo6lU0o.npz,-1.3608925342559814,-1.3608925342559814,4.682158470153809,1
FakeVideo-RealAudio/Asian (South)/men/id07161/00159_id04537_wavtolip.npz,-2.2603049278259277,-2.2603049278259277,4.582180023193359,1
FakeVideo-RealAudio/Asian (South)/men/id07161/00159_id04560_wavtolip.npz,-2.6162493228912354,-2.6162493228912354,4.550164222717285,1
FakeVideo-RealAudio/Asian (South)/men/id07161/00159_id04561_wavtolip.npz,-3.285698890686035,-3.285698890686035,4.564922332763672,1
FakeVideo-RealAudio/Asian (South)/men/id07161/00159_id04601_x4Apx8z6nOg.npz,-1.0379137992858887,-1.0379137992858887,4.664408206939697,1
FakeVideo-RealAudio/Asian (South)/men/id07161/00159_id04928_wavtolip.npz,-1.9372806549072266,-1.9372806549072266,4.696129322052002,1
FakeVideo-RealAudio/Asian (South)/men/id07161/00159_id06354_PmWLmcJNUhM.npz,-1.0721025466918945,-1.0721025466918945,4.618717670440674,1
FakeVideo-RealAudio/Asian (South)/men/id07161/00159_id07108_qwfQPcvjGRY.npz,-1.1134214401245117,-1.1134214401245117,4.654487609863281,1
FakeVideo-RealAudio/Asian (South)/men/id07161/00159_id07194_NDJaiff98Fo.npz,-1.4605772495269775,-1.4605772495269775,4.672203063964844,1
FakeVideo-RealAudio/Asian (South)/men/id07161/00159_id07194_wavtolip.npz,-1.0741331577301025,-1.0741331577301025,4.574069976806641,1
FakeVideo-RealAudio/Asian (South)/men/id07161/00159_id07195_wXqfHGtaBn4.npz,-2.745265245437622,-2.745265245437622,4.709588050842285,1
FakeVideo-RealAudio/Asian (South)/men/id07161/00159_id07195_wXqfHGtaBn4_faceswap.npz,-2.0086755752563477,-2.0086755752563477,4.653432369232178,1
FakeVideo-RealAudio/Asian (South)/men/id07161/00159_id07200_wavtolip.npz,-2.2060346603393555,-2.2060346603393555,4.562314033508301,1
FakeVideo-RealAudio/Asian (South)/men/id07161/00159_id07210_wavtolip.npz,-2.6817526817321777,-2.6817526817321777,4.594205856323242,1
FakeVideo-RealAudio/Asian (South)/men/id07161/00159_id08313_wavtolip.npz,-2.9713761806488037,-2.9713761806488037,4.591474533081055,1
FakeVideo-RealAudio/Asian (South)/men/id04561/00150_0.npz,-1.2511329650878906,-1.2511329650878906,5.275698661804199,1
FakeVideo-RealAudio/Asian (South)/men/id04561/00248_id00033_gduDuRWhnlQ.npz,-1.9076340198516846,-1.9076340198516846,4.674217700958252,1
FakeVideo-RealAudio/Asian (South)/men/id04561/00248_id00103_qpTVaP4y5DQ.npz,-2.0508193969726562,-2.0508193969726562,4.643130302429199,1
FakeVideo-RealAudio/Asian (South)/men/id04561/00248_id00745_eODND1ul7vE.npz,-1.8853375911712646,-1.8853375911712646,4.688726425170898,1
FakeVideo-RealAudio/Asian (South)/men/id04561/00248_id00769_BqHVSZdoVpM.npz,-2.117060661315918,-2.117060661315918,4.635334491729736,1
FakeVideo-RealAudio/Asian (South)/men/id04561/00248_id00773_2j3lUETJ57I.npz,-1.9756333827972412,-1.9756333827972412,4.658831596374512,1
FakeVideo-RealAudio/Asian (South)/men/id04561/00248_id00773_wavtolip.npz,-1.9521293640136719,-1.9521293640136719,4.565075874328613,1
FakeVideo-RealAudio/Asian (South)/men/id04561/00248_id00816_wavtolip.npz,-1.4616469144821167,-1.4616469144821167,4.568221569061279,1
FakeVideo-RealAudio/Asian (South)/men/id04561/00248_id00857_yJ7bbvwL4kU.npz,-2.144537925720215,-2.144537925720215,4.61664342880249,1
FakeVideo-RealAudio/Asian (South)/men/id04561/00248_id03344_vyNnOo6lU0o.npz,-1.7902708053588867,-1.7902708053588867,4.635983467102051,1
FakeVideo-RealAudio/Asian (South)/men/id04561/00248_id04560_wavtolip.npz,-3.206542730331421,-3.206542730331421,4.6054840087890625,1
FakeVideo-RealAudio/Asian (South)/men/id04561/00248_id04561_wavtolip.npz,-2.7835824489593506,-2.7835824489593506,4.6448540687561035,1
FakeVideo-RealAudio/Asian (South)/men/id04561/00248_id04601_wavtolip.npz,-2.8147735595703125,-2.8147735595703125,4.593459129333496,1
FakeVideo-RealAudio/Asian (South)/men/id04561/00248_id06334_wavtolip.npz,-2.7313930988311768,-2.7313930988311768,4.604180335998535,1
FakeVideo-RealAudio/Asian (South)/men/id04561/00248_id06355_wavtolip.npz,-2.865635871887207,-2.865635871887207,4.573209285736084,1
FakeVideo-RealAudio/Asian (South)/men/id04561/00248_id07108_qwfQPcvjGRY.npz,-1.4089281558990479,-1.4089281558990479,4.669058799743652,1
FakeVideo-RealAudio/Asian (South)/men/id04561/00248_id07108_wavtolip.npz,-3.3764467239379883,-3.3764467239379883,4.555900573730469,1
FakeVideo-RealAudio/Asian (South)/men/id04561/00248_id07179_wavtolip.npz,-1.8864635229110718,-1.8864635229110718,4.562664985656738,1
FakeVideo-RealAudio/Asian (South)/men/id04561/00248_id07463_wavtolip.npz,-3.407804012298584,-3.407804012298584,4.575955867767334,1
FakeVideo-RealAudio/Asian (South)/men/id07463/00028_id00032_wavtolip.npz,-1.3371050357818604,-1.3371050357818604,4.924963474273682,1
FakeVideo-RealAudio/Asian (South)/men/id07463/00028_id00033_gduDuRWhnlQ.npz,-3.171811103820801,-3.171811103820801,4.929617404937744,1
FakeVideo-RealAudio/Asian (South)/men/id07463/00028_id00350_75IFJNFAMIM.npz,-3.66813063621521,-3.66813063621521,4.913570404052734,1
FakeVideo-RealAudio/Asian (South)/men/id07463/00028_id00459_wavtolip.npz,-1.1719841957092285,-1.1719841957092285,4.915390968322754,1
FakeVideo-RealAudio/Asian (South)/men/id07463/00028_id00773_2j3lUETJ57I.npz,-4.027476787567139,-4.027476787567139,4.896104335784912,1
FakeVideo-RealAudio/Asian (South)/men/id07463/00028_id03180_6wNTK7NkOd8.npz,-3.328927993774414,-3.328927993774414,4.8854193687438965,1
FakeVideo-RealAudio/Asian (South)/men/id07463/00028_id03599_y27BDmRUqMQ.npz,-3.6259605884552,-3.6259605884552,4.90421199798584,1
FakeVideo-RealAudio/Asian (South)/men/id07463/00028_id04560_wavtolip.npz,-2.705413579940796,-2.705413579940796,4.699725151062012,1
FakeVideo-RealAudio/Asian (South)/men/id07463/00028_id04562_qio_Gs7wjvY.npz,-3.3011515140533447,-3.3011515140533447,4.906837463378906,1
FakeVideo-RealAudio/Asian (South)/men/id07463/00028_id04562_qio_Gs7wjvY_faceswap.npz,-3.1133499145507812,-3.1133499145507812,4.920741558074951,1
FakeVideo-RealAudio/Asian (South)/men/id07463/00028_id04601_wavtolip.npz,-1.3865694999694824,-1.3865694999694824,4.507106304168701,1
FakeVideo-RealAudio/Asian (South)/men/id07463/00028_id06334_wavtolip.npz,-3.1541285514831543,-3.1541285514831543,4.920385360717773,1
FakeVideo-RealAudio/Asian (South)/men/id07463/00028_id06354_wavtolip.npz,-2.0694379806518555,-2.0694379806518555,4.479896545410156,1
FakeVideo-RealAudio/Asian (South)/men/id07463/00028_id07058_wavtolip.npz,-1.9861881732940674,-1.9861881732940674,4.550351619720459,1
FakeVideo-RealAudio/Asian (South)/men/id07463/00028_id07182_717IRon_OIQ.npz,-3.063927173614502,-3.063927173614502,4.86057710647583,1
FakeVideo-RealAudio/Asian (South)/men/id07463/00028_id07194_NDJaiff98Fo.npz,-3.395250082015991,-3.395250082015991,4.890885353088379,1
FakeVideo-RealAudio/Asian (South)/men/id07463/00028_id07195_wavtolip.npz,-1.604904055595398,-1.604904055595398,4.632078170776367,1
FakeVideo-RealAudio/Asian (South)/men/id07463/00028_id07200_wavtolip.npz,-2.519091844558716,-2.519091844558716,4.968562126159668,1
FakeVideo-RealAudio/Asian (South)/men/id07463/00028_id07210_wavtolip.npz,-1.1675243377685547,-1.1675243377685547,4.8079447746276855,1
FakeVideo-RealAudio/Asian (South)/men/id07182/00040_id00032_AQMDc6SKNXs.npz,-3.246565341949463,-3.246565341949463,4.744906902313232,1
FakeVideo-RealAudio/Asian (South)/men/id07182/00040_id00033_wavtolip.npz,-1.1855803728103638,-1.1855803728103638,4.6341681480407715,1
FakeVideo-RealAudio/Asian (South)/men/id07182/00040_id00103_qpTVaP4y5DQ.npz,-2.1469192504882812,-2.1469192504882812,4.749338626861572,1
FakeVideo-RealAudio/Asian (South)/men/id07182/00040_id00350_75IFJNFAMIM.npz,-2.0520732402801514,-2.0520732402801514,4.692610740661621,1
FakeVideo-RealAudio/Asian (South)/men/id07182/00040_id00732_amGRpH0AJCs.npz,-2.2681612968444824,-2.2681612968444824,4.70593786239624,1
FakeVideo-RealAudio/Asian (South)/men/id07182/00040_id00816_wavtolip.npz,-1.4385409355163574,-1.4385409355163574,4.7215471267700195,1
FakeVideo-RealAudio/Asian (South)/men/id07182/00040_id04526_wavtolip.npz,-2.551591396331787,-2.551591396331787,4.657718658447266,1
FakeVideo-RealAudio/Asian (South)/men/id07182/00040_id04554_wavtolip.npz,-1.7348614931106567,-1.7348614931106567,4.688807487487793,1
FakeVideo-RealAudio/Asian (South)/men/id07182/00040_id04562_qio_Gs7wjvY.npz,-1.9182839393615723,-1.9182839393615723,4.675690174102783,1
FakeVideo-RealAudio/Asian (South)/men/id07182/00040_id04562_qio_Gs7wjvY_faceswap.npz,-2.6484243869781494,-2.6484243869781494,4.590536117553711,1
FakeVideo-RealAudio/Asian (South)/men/id07182/00040_id04599_wavtolip.npz,-0.8194574117660522,-0.8194574117660522,4.700606346130371,1
FakeVideo-RealAudio/Asian (South)/men/id07182/00040_id06334_wavtolip.npz,-3.3072876930236816,-3.3072876930236816,4.713151931762695,1
FakeVideo-RealAudio/Asian (South)/men/id07182/00040_id06354_wavtolip.npz,-1.2074038982391357,-1.2074038982391357,4.421958923339844,1
FakeVideo-RealAudio/Asian (South)/men/id07182/00040_id06753_wavtolip.npz,-2.5620276927948,-2.5620276927948,4.688502788543701,1
FakeVideo-RealAudio/Asian (South)/men/id07182/00040_id07108_wavtolip.npz,-2.780825138092041,-2.780825138092041,4.62412166595459,1
FakeVideo-RealAudio/Asian (South)/men/id07182/00040_id07161_wavtolip.npz,-2.3096256256103516,-2.3096256256103516,4.607814311981201,1
FakeVideo-RealAudio/Asian (South)/men/id07182/00040_id07194_NDJaiff98Fo.npz,-1.4661955833435059,-1.4661955833435059,4.658525466918945,1
FakeVideo-RealAudio/Asian (South)/men/id07182/00040_id07463_AAYjDglMf2Q.npz,-3.782532215118408,-3.782532215118408,4.761116027832031,1
FakeVideo-RealAudio/Asian (South)/men/id07182/00040_id08457_vFyjAJwQulM.npz,-3.6769282817840576,-3.6769282817840576,4.750616550445557,1
FakeVideo-RealAudio/Asian (South)/men/id00459/00382_0.npz,-2.3431339263916016,-2.3431339263916016,4.636552333831787,1
FakeVideo-RealAudio/Asian (South)/men/id00459/00382_id00032_wavtolip.npz,-2.5162241458892822,-2.5162241458892822,4.911992073059082,1
FakeVideo-RealAudio/Asian (South)/men/id00459/00382_id00033_wavtolip.npz,-1.0160572528839111,-1.0160572528839111,4.625763416290283,1
FakeVideo-RealAudio/Asian (South)/men/id00459/00382_id00732_wavtolip.npz,-1.032902479171753,-1.032902479171753,4.913041114807129,1
FakeVideo-RealAudio/Asian (South)/men/id00459/00382_id00769_BqHVSZdoVpM.npz,-1.0830714702606201,-1.0830714702606201,5.521714687347412,1
FakeVideo-RealAudio/Asian (South)/men/id00459/00382_id00769_BqHVSZdoVpM_faceswap.npz,-1.7227212190628052,-1.7227212190628052,5.469460487365723,1
FakeVideo-RealAudio/Asian (South)/men/id00459/00382_id00769_wavtolip.npz,-1.8117833137512207,-1.8117833137512207,4.530887603759766,1
FakeVideo-RealAudio/Asian (South)/men/id00459/00382_id00860_wavtolip.npz,-2.102001667022705,-2.102001667022705,4.667115211486816,1
FakeVideo-RealAudio/Asian (South)/men/id00459/00382_id03344_vyNnOo6lU0o.npz,-0.8310036659240723,-0.8310036659240723,5.512099742889404,1
FakeVideo-RealAudio/Asian (South)/men/id00459/00382_id03344_wavtolip.npz,-2.255762815475464,-2.255762815475464,4.865262031555176,1
FakeVideo-RealAudio/Asian (South)/men/id00459/00382_id04560_wavtolip.npz,-2.0914855003356934,-2.0914855003356934,4.733201026916504,1
FakeVideo-RealAudio/Asian (South)/men/id00459/00382_id04561_wavtolip.npz,-2.27713942527771,-2.27713942527771,4.669315338134766,1
FakeVideo-RealAudio/Asian (South)/men/id00459/00382_id06354_PmWLmcJNUhM.npz,-0.9867424964904785,-0.9867424964904785,5.501622200012207,1
FakeVideo-RealAudio/Asian (South)/men/id00459/00382_id07108_qwfQPcvjGRY.npz,-0.44887518882751465,-0.44887518882751465,5.536057472229004,1
FakeVideo-RealAudio/Asian (South)/men/id00459/00382_id07165_oJ_iy16IBTM.npz,-1.0739777088165283,-1.0739777088165283,5.546435356140137,1
FakeVideo-RealAudio/Asian (South)/men/id00459/00382_id07194_NDJaiff98Fo.npz,-1.0694830417633057,-1.0694830417633057,5.484386444091797,1
FakeVideo-RealAudio/Asian (South)/men/id00459/00382_id07195_wavtolip.npz,-1.3888776302337646,-1.3888776302337646,4.649448871612549,1
FakeVideo-RealAudio/Asian (South)/men/id00459/00382_id07200_quCElxMhW6g.npz,-1.4232289791107178,-1.4232289791107178,5.495944023132324,1
FakeVideo-RealAudio/Asian (South)/men/id00459/00382_id07463_wavtolip.npz,-2.2536895275115967,-2.2536895275115967,4.9523162841796875,1
FakeVideo-RealAudio/Asian (South)/men/id04928/00027_id00032_AQMDc6SKNXs.npz,-1.7026278972625732,-1.7026278972625732,4.952392578125,1
FakeVideo-RealAudio/Asian (South)/men/id04928/00027_id00033_gduDuRWhnlQ.npz,-1.7967147827148438,-1.7967147827148438,4.989473342895508,1
FakeVideo-RealAudio/Asian (South)/men/id04928/00027_id00078_wavtolip.npz,-3.1131553649902344,-3.1131553649902344,4.768940448760986,1
FakeVideo-RealAudio/Asian (South)/men/id04928/00027_id00103_wavtolip.npz,-1.5553648471832275,-1.5553648471832275,4.562257766723633,1
FakeVideo-RealAudio/Asian (South)/men/id04928/00027_id00350_75IFJNFAMIM.npz,-2.721863269805908,-2.721863269805908,4.961522579193115,1
FakeVideo-RealAudio/Asian (South)/men/id04928/00027_id00350_wavtolip.npz,-1.2206937074661255,-1.2206937074661255,4.45512580871582,1
FakeVideo-RealAudio/Asian (South)/men/id04928/00027_id00414_wavtolip.npz,-1.9674408435821533,-1.9674408435821533,4.937564373016357,1
FakeVideo-RealAudio/Asian (South)/men/id04928/00027_id00732_amGRpH0AJCs.npz,-2.164299964904785,-2.164299964904785,4.948306083679199,1
FakeVideo-RealAudio/Asian (South)/men/id04928/00027_id00769_wavtolip.npz,-2.545724391937256,-2.545724391937256,4.532662868499756,1
FakeVideo-RealAudio/Asian (South)/men/id04928/00027_id03344_vyNnOo6lU0o.npz,-2.907667636871338,-2.907667636871338,4.938453674316406,1
FakeVideo-RealAudio/Asian (South)/men/id04928/00027_id04560_RlpdjaEmxXQ.npz,-2.6172091960906982,-2.6172091960906982,4.938776969909668,1
FakeVideo-RealAudio/Asian (South)/men/id04928/00027_id04560_RlpdjaEmxXQ_faceswap.npz,-2.7143962383270264,-2.7143962383270264,4.939174652099609,1
FakeVideo-RealAudio/Asian (South)/men/id04928/00027_id04561_wavtolip.npz,-1.6841259002685547,-1.6841259002685547,4.599661827087402,1
FakeVideo-RealAudio/Asian (South)/men/id04928/00027_id04599_wavtolip.npz,-0.3218187093734741,-0.3218187093734741,4.818108558654785,1
FakeVideo-RealAudio/Asian (South)/men/id04928/00027_id07194_wavtolip.npz,-1.362341046333313,-1.362341046333313,4.684278964996338,1
FakeVideo-RealAudio/Asian (South)/men/id04928/00027_id07200_wavtolip.npz,-2.3323118686676025,-2.3323118686676025,4.940474510192871,1
FakeVideo-RealAudio/Asian (South)/men/id04928/00027_id07233_wavtolip.npz,-1.7598254680633545,-1.7598254680633545,4.62082576751709,1
FakeVideo-RealAudio/Asian (South)/men/id04928/00027_id08457_vFyjAJwQulM.npz,-2.92958927154541,-2.92958927154541,4.918539047241211,1
FakeVideo-RealAudio/Asian (South)/men/id00032/00028_0.npz,-1.5275604724884033,-1.5275604724884033,5.154065132141113,1
FakeVideo-RealAudio/Asian (South)/men/id00032/00028_00.npz,-3.124948740005493,-3.124948740005493,4.944724082946777,1
FakeVideo-RealAudio/Asian (South)/men/id00032/00028_1.npz,-1.5823335647583008,-1.5823335647583008,4.675377368927002,1
FakeVideo-RealAudio/Asian (South)/men/id00032/00028_2.npz,-3.007561683654785,-3.007561683654785,4.678258895874023,1
FakeVideo-RealAudio/Asian (South)/men/id00032/00028_3.npz,-2.005342960357666,-2.005342960357666,4.837704181671143,1
FakeVideo-RealAudio/Asian (South)/men/id00032/00028_id00033_gduDuRWhnlQ.npz,-2.2243118286132812,-2.2243118286132812,4.932271480560303,1
FakeVideo-RealAudio/Asian (South)/men/id00032/00028_id00732_wavtolip.npz,-2.3852052688598633,-2.3852052688598633,4.8656511306762695,1
FakeVideo-RealAudio/Asian (South)/men/id00032/00028_id00745_eODND1ul7vE.npz,-1.9516983032226562,-1.9516983032226562,4.896501064300537,1
FakeVideo-RealAudio/Asian (South)/men/id00032/00028_id00769_BqHVSZdoVpM.npz,-2.2718052864074707,-2.2718052864074707,4.913617134094238,1
FakeVideo-RealAudio/Asian (South)/men/id00032/00028_id00860_wavtolip.npz,-2.6036581993103027,-2.6036581993103027,4.691661834716797,1
FakeVideo-RealAudio/Asian (South)/men/id00032/00028_id03344_vyNnOo6lU0o.npz,-1.6584343910217285,-1.6584343910217285,4.92033052444458,1
FakeVideo-RealAudio/Asian (South)/men/id00032/00028_id03344_wavtolip.npz,-2.339597702026367,-2.339597702026367,4.831984519958496,1
FakeVideo-RealAudio/Asian (South)/men/id00032/00028_id03945_wavtolip.npz,-3.6904995441436768,-3.6904995441436768,4.959595203399658,1
FakeVideo-RealAudio/Asian (South)/men/id00032/00028_id04554_wavtolip.npz,-1.4698508977890015,-1.4698508977890015,4.896523952484131,1
FakeVideo-RealAudio/Asian (South)/men/id00032/00028_id04560_RlpdjaEmxXQ.npz,-2.059330940246582,-2.059330940246582,4.9121904373168945,1
FakeVideo-RealAudio/Asian (South)/men/id00032/00028_id04599_Q60DPi5Nhmk.npz,-0.9918098449707031,-0.9918098449707031,4.938535690307617,1
FakeVideo-RealAudio/Asian (South)/men/id00032/00028_id06354_PmWLmcJNUhM.npz,-1.6114528179168701,-1.6114528179168701,4.931882858276367,1
FakeVideo-RealAudio/Asian (South)/men/id00032/00028_id06753_wavtolip.npz,-3.173295497894287,-3.173295497894287,4.8470458984375,1
FakeVideo-RealAudio/Asian (South)/men/id00032/00028_id07058_wavtolip.npz,-3.4426920413970947,-3.4426920413970947,4.4923810958862305,1
FakeVideo-RealAudio/Asian (South)/men/id00032/00028_id07161_wavtolip.npz,-2.1612119674682617,-2.1612119674682617,4.600494384765625,1
FakeVideo-RealAudio/Asian (South)/men/id00032/00028_id07163_wavtolip.npz,-2.0062003135681152,-2.0062003135681152,4.5235514640808105,1
FakeVideo-RealAudio/Asian (South)/men/id00032/00028_id07194_NDJaiff98Fo.npz,-1.063011646270752,-1.063011646270752,4.9573493003845215,1
FakeVideo-RealAudio/Asian (South)/men/id00032/00028_id07200_wavtolip.npz,-2.253265857696533,-2.253265857696533,4.883238792419434,1
FakeVideo-RealAudio/Asian (South)/women/id04070/00072_id00043_wavtolip.npz,-2.275611162185669,-2.275611162185669,4.729191780090332,1
FakeVideo-RealAudio/Asian (South)/women/id04070/00072_id00739_wavtolip.npz,-3.2728047370910645,-3.2728047370910645,4.803653717041016,1
FakeVideo-RealAudio/Asian (South)/women/id04070/00072_id02089_wavtolip.npz,-2.3972206115722656,-2.3972206115722656,4.759568691253662,1
FakeVideo-RealAudio/Asian (South)/women/id04070/00072_id02310_zA-8Pw0SvZg.npz,-1.208414077758789,-1.208414077758789,4.829227447509766,1
FakeVideo-RealAudio/Asian (South)/women/id04070/00072_id02619_wavtolip.npz,-2.8130314350128174,-2.8130314350128174,4.448643684387207,1
FakeVideo-RealAudio/Asian (South)/women/id04070/00072_id04490_wavtolip.npz,-2.7801835536956787,-2.7801835536956787,4.43489933013916,1
FakeVideo-RealAudio/Asian (South)/women/id04070/00072_id04530_wavtolip.npz,-2.793736696243286,-2.793736696243286,4.731159687042236,1
FakeVideo-RealAudio/Asian (South)/women/id04070/00072_id04583_wavtolip.npz,-0.8272428512573242,-0.8272428512573242,4.628750324249268,1
FakeVideo-RealAudio/Asian (South)/women/id04070/00072_id04927_wavtolip.npz,-2.390848159790039,-2.390848159790039,4.608397483825684,1
FakeVideo-RealAudio/Asian (South)/women/id04070/00072_id05435_wavtolip.npz,-1.3670966625213623,-1.3670966625213623,4.557248115539551,1
FakeVideo-RealAudio/Asian (South)/women/id04070/00072_id05920_LuLTJu54joo.npz,-1.1939148902893066,-1.1939148902893066,4.894412040710449,1
FakeVideo-RealAudio/Asian (South)/women/id04070/00072_id06254_8VSfI86Fua4.npz,-1.175771713256836,-1.175771713256836,4.8625335693359375,1
FakeVideo-RealAudio/Asian (South)/women/id04070/00072_id06254_wavtolip.npz,-2.8698010444641113,-2.8698010444641113,4.689341068267822,1
FakeVideo-RealAudio/Asian (South)/women/id04070/00072_id06343__Tf30YR4M3w.npz,-0.8787010908126831,-0.8787010908126831,4.862514495849609,1
FakeVideo-RealAudio/Asian (South)/women/id04070/00072_id06428_A9nvRKd1afA.npz,-1.0816738605499268,-1.0816738605499268,4.854469299316406,1
FakeVideo-RealAudio/Asian (South)/women/id04070/00072_id06752_PYYIloTJiH0.npz,-1.1397020816802979,-1.1397020816802979,4.8448967933654785,1
FakeVideo-RealAudio/Asian (South)/women/id04070/00072_id07078_sLVbTD3Dtgw.npz,-1.0655450820922852,-1.0655450820922852,4.850060939788818,1
FakeVideo-RealAudio/Asian (South)/women/id04070/00072_id07078_sLVbTD3Dtgw_faceswap.npz,-0.671642541885376,-0.671642541885376,4.842928886413574,1
FakeVideo-RealAudio/Asian (South)/women/id03985/00005_id00149_s2evR-nUhVY.npz,-1.397475242614746,-1.397475242614746,4.483946323394775,1
FakeVideo-RealAudio/Asian (South)/women/id03985/00005_id00149_wavtolip.npz,-2.2312281131744385,-2.2312281131744385,4.512718677520752,1
FakeVideo-RealAudio/Asian (South)/women/id03985/00005_id01026_rM4ZERt7oM0.npz,-1.1147537231445312,-1.1147537231445312,4.496775150299072,1
FakeVideo-RealAudio/Asian (South)/women/id03985/00005_id01026_wavtolip.npz,-1.8541853427886963,-1.8541853427886963,4.498249053955078,1
FakeVideo-RealAudio/Asian (South)/women/id03985/00005_id02619_wavtolip.npz,-2.303500175476074,-2.303500175476074,4.50920295715332,1
FakeVideo-RealAudio/Asian (South)/women/id03985/00005_id04529_S92uo-UShxE.npz,-1.6138052940368652,-1.6138052940368652,4.480899333953857,1
FakeVideo-RealAudio/Asian (South)/women/id03985/00005_id04530_W5-PTTL9HzU.npz,-1.5443880558013916,-1.5443880558013916,4.4853620529174805,1
FakeVideo-RealAudio/Asian (South)/women/id03985/00005_id04564_wavtolip.npz,-1.8775484561920166,-1.8775484561920166,4.469202041625977,1
FakeVideo-RealAudio/Asian (South)/women/id03985/00005_id06268_wavtolip.npz,-2.5409703254699707,-2.5409703254699707,4.4561028480529785,1
FakeVideo-RealAudio/Asian (South)/women/id03985/00005_id06428_A9nvRKd1afA.npz,-1.4141299724578857,-1.4141299724578857,4.494268894195557,1
FakeVideo-RealAudio/Asian (South)/women/id03985/00005_id06438_wavtolip.npz,-2.629809856414795,-2.629809856414795,4.472377300262451,1
FakeVideo-RealAudio/Asian (South)/women/id03985/00005_id06445_wavtolip.npz,-3.1612186431884766,-3.1612186431884766,4.531012535095215,1
FakeVideo-RealAudio/Asian (South)/women/id03985/00005_id07051_d1c0Pl2aP_4.npz,-1.3788495063781738,-1.3788495063781738,4.506391525268555,1
FakeVideo-RealAudio/Asian (South)/women/id03985/00005_id07051_wavtolip.npz,-2.504793643951416,-2.504793643951416,4.496196269989014,1
FakeVideo-RealAudio/Asian (South)/women/id03985/00005_id07377_FGNavKcGANA.npz,-1.4618988037109375,-1.4618988037109375,4.525713920593262,1
FakeVideo-RealAudio/Asian (South)/women/id03985/00005_id07686_lwSGz24c1Bs.npz,-1.3030915260314941,-1.3030915260314941,4.5368523597717285,1
FakeVideo-RealAudio/Asian (South)/women/id03985/00005_id07686_lwSGz24c1Bs_faceswap.npz,-1.4446167945861816,-1.4446167945861816,4.462884426116943,1
FakeVideo-RealAudio/Asian (South)/women/id03985/00005_id07686_wavtolip.npz,-1.9952105283737183,-1.9952105283737183,4.449845314025879,1
FakeVideo-RealAudio/Asian (South)/women/id03985/00005_id07689_wavtolip.npz,-2.12345552444458,-2.12345552444458,4.483078479766846,1
FakeVideo-RealAudio/Asian (South)/women/id00747/00053_0.npz,-1.2302066087722778,-1.2302066087722778,4.568713188171387,1
FakeVideo-RealAudio/Asian (South)/women/id00747/00053_id00235_F7aHtfdzytQ.npz,-1.8315463066101074,-1.8315463066101074,5.020223617553711,1
FakeVideo-RealAudio/Asian (South)/women/id00747/00053_id00739_wavtolip.npz,-1.182657241821289,-1.182657241821289,5.030686855316162,1
FakeVideo-RealAudio/Asian (South)/women/id00747/00053_id00747_wavtolip.npz,-1.169297695159912,-1.169297695159912,4.997784614562988,1
FakeVideo-RealAudio/Asian (South)/women/id00747/00053_id02089_wavtolip.npz,-1.5755128860473633,-1.5755128860473633,5.035754680633545,1
FakeVideo-RealAudio/Asian (South)/women/id00747/00053_id02310_zA-8Pw0SvZg.npz,-1.9342336654663086,-1.9342336654663086,5.084214210510254,1
FakeVideo-RealAudio/Asian (South)/women/id00747/00053_id02310_zA-8Pw0SvZg_faceswap.npz,-1.4439740180969238,-1.4439740180969238,5.013490200042725,1
FakeVideo-RealAudio/Asian (South)/women/id00747/00053_id02619_6AKIR2gTCNU.npz,-2.86484432220459,-2.86484432220459,5.0203142166137695,1
FakeVideo-RealAudio/Asian (South)/women/id00747/00053_id03815_wavtolip.npz,-2.972747802734375,-2.972747802734375,4.740747928619385,1
FakeVideo-RealAudio/Asian (South)/women/id00747/00053_id04490_wavtolip.npz,-2.0845391750335693,-2.0845391750335693,4.549033164978027,1
FakeVideo-RealAudio/Asian (South)/women/id00747/00053_id04564_xUz03LwKRtQ.npz,-2.812757968902588,-2.812757968902588,5.064520359039307,1
FakeVideo-RealAudio/Asian (South)/women/id00747/00053_id04582_Pm9dX-TxNx0.npz,-2.00801944732666,-2.00801944732666,5.024584770202637,1
FakeVideo-RealAudio/Asian (South)/women/id00747/00053_id04583_wavtolip.npz,-0.4309425354003906,-0.4309425354003906,4.69748067855835,1
FakeVideo-RealAudio/Asian (South)/women/id00747/00053_id04927_8MD618FRyfA.npz,-2.7221384048461914,-2.7221384048461914,5.0270514488220215,1
FakeVideo-RealAudio/Asian (South)/women/id00747/00053_id05920_wavtolip.npz,-2.0703063011169434,-2.0703063011169434,4.793363571166992,1
FakeVideo-RealAudio/Asian (South)/women/id00747/00053_id06254_wavtolip.npz,-1.5980286598205566,-1.5980286598205566,4.717311382293701,1
FakeVideo-RealAudio/Asian (South)/women/id00747/00053_id06268_h9p-Na_iA1s.npz,-3.324662446975708,-3.324662446975708,5.033823013305664,1
FakeVideo-RealAudio/Asian (South)/women/id00747/00053_id06343_wavtolip.npz,-2.1323060989379883,-2.1323060989379883,4.550352096557617,1
FakeVideo-RealAudio/Asian (South)/women/id00747/00053_id06428_wavtolip.npz,-1.8226652145385742,-1.8226652145385742,4.845123767852783,1
FakeVideo-RealAudio/Asian (South)/women/id00747/00053_id07236_Fe0sdHw3sc4.npz,-2.122936725616455,-2.122936725616455,5.022485256195068,1
FakeVideo-RealAudio/Asian (South)/women/id07689/00028_1.npz,-2.0282962322235107,-2.0282962322235107,5.586831569671631,1
FakeVideo-RealAudio/Asian (South)/women/id07689/00028_2.npz,-1.6908478736877441,-1.6908478736877441,4.496099472045898,1
FakeVideo-RealAudio/Asian (South)/women/id07689/00028_3.npz,-2.7187411785125732,-2.7187411785125732,5.432948589324951,1
FakeVideo-RealAudio/Asian (South)/women/id07689/00028_id00080_wavtolip.npz,-0.9862066507339478,-0.9862066507339478,4.900605201721191,1
FakeVideo-RealAudio/Asian (South)/women/id07689/00028_id00488_wavtolip.npz,-2.59995436668396,-2.59995436668396,4.90396785736084,1
FakeVideo-RealAudio/Asian (South)/women/id07689/00028_id01026_wavtolip.npz,-2.5054385662078857,-2.5054385662078857,4.694098949432373,1
FakeVideo-RealAudio/Asian (South)/women/id07689/00028_id03985_01aVtyjfVFM.npz,-2.155787467956543,-2.155787467956543,4.939032554626465,1
FakeVideo-RealAudio/Asian (South)/women/id07689/00028_id03985_01aVtyjfVFM_faceswap.npz,-1.0788133144378662,-1.0788133144378662,4.8725128173828125,1
FakeVideo-RealAudio/Asian (South)/women/id07689/00028_id03985_wavtolip.npz,-2.7342982292175293,-2.7342982292175293,4.57484245300293,1
FakeVideo-RealAudio/Asian (South)/women/id07689/00028_id04070_wavtolip.npz,-1.0759007930755615,-1.0759007930755615,4.868942737579346,1
FakeVideo-RealAudio/Asian (South)/women/id07689/00028_id04583_M10zZFjuAb0.npz,-1.4624183177947998,-1.4624183177947998,4.905185699462891,1
FakeVideo-RealAudio/Asian (South)/women/id07689/00028_id05434_6p7kCmdOjDQ.npz,-3.116602659225464,-3.116602659225464,4.9459638595581055,1
FakeVideo-RealAudio/Asian (South)/women/id07689/00028_id05434_wavtolip.npz,-2.2209484577178955,-2.2209484577178955,4.681673526763916,1
FakeVideo-RealAudio/Asian (South)/women/id07689/00028_id05435_OvX-Jv_whcU.npz,-1.5810720920562744,-1.5810720920562744,4.928383827209473,1
FakeVideo-RealAudio/Asian (South)/women/id07689/00028_id05845_XfMHm6CEwPw.npz,-1.6246922016143799,-1.6246922016143799,4.960031509399414,1
FakeVideo-RealAudio/Asian (South)/women/id07689/00028_id05920_LuLTJu54joo.npz,-3.1042909622192383,-3.1042909622192383,4.910024166107178,1
FakeVideo-RealAudio/Asian (South)/women/id07689/00028_id06254_wavtolip.npz,-2.0522189140319824,-2.0522189140319824,4.740959167480469,1
FakeVideo-RealAudio/Asian (South)/women/id07689/00028_id06428_wavtolip.npz,-0.8760702610015869,-0.8760702610015869,4.776252269744873,1
FakeVideo-RealAudio/Asian (South)/women/id07689/00028_id06438_vf3xBVgYqYA.npz,-1.0617127418518066,-1.0617127418518066,4.935483932495117,1
FakeVideo-RealAudio/Asian (South)/women/id07689/00028_id06438_wavtolip.npz,-1.2702183723449707,-1.2702183723449707,4.575440883636475,1
FakeVideo-RealAudio/Asian (South)/women/id07689/00028_id06752_wavtolip.npz,-1.9281554222106934,-1.9281554222106934,4.928393840789795,1
FakeVideo-RealAudio/Asian (South)/women/id07689/00028_id07136_4e43eS5p3_M.npz,-1.7537131309509277,-1.7537131309509277,4.90855073928833,1
FakeVideo-RealAudio/Asian (South)/women/id05920/00161_id00235_wavtolip.npz,-1.9752709865570068,-1.9752709865570068,4.79557991027832,1
FakeVideo-RealAudio/Asian (South)/women/id05920/00161_id00488_wavtolip.npz,-1.0728073120117188,-1.0728073120117188,4.693536758422852,1
FakeVideo-RealAudio/Asian (South)/women/id05920/00161_id04070_wavtolip.npz,-1.2028565406799316,-1.2028565406799316,4.750853538513184,1
FakeVideo-RealAudio/Asian (South)/women/id05920/00161_id04927_8MD618FRyfA.npz,-2.746122360229492,-2.746122360229492,4.753749847412109,1
FakeVideo-RealAudio/Asian (South)/women/id05920/00161_id05434_wavtolip.npz,-1.7293736934661865,-1.7293736934661865,4.581661701202393,1
FakeVideo-RealAudio/Asian (South)/women/id05920/00161_id05845_XfMHm6CEwPw.npz,-3.0966410636901855,-3.0966410636901855,4.842278957366943,1
FakeVideo-RealAudio/Asian (South)/women/id05920/00161_id05845_XfMHm6CEwPw_faceswap.npz,-2.6642513275146484,-2.6642513275146484,4.838022232055664,1
FakeVideo-RealAudio/Asian (South)/women/id05920/00161_id05845_wavtolip.npz,-1.7850980758666992,-1.7850980758666992,4.698402404785156,1
FakeVideo-RealAudio/Asian (South)/women/id05920/00161_id05931_bFqu86NV3hk.npz,-3.501389980316162,-3.501389980316162,4.827488899230957,1
FakeVideo-RealAudio/Asian (South)/women/id05920/00161_id05931_wavtolip.npz,-2.2921226024627686,-2.2921226024627686,4.673400402069092,1
FakeVideo-RealAudio/Asian (South)/women/id05920/00161_id06428_A9nvRKd1afA.npz,-3.344322919845581,-3.344322919845581,4.7839741706848145,1
FakeVideo-RealAudio/Asian (South)/women/id05920/00161_id06437_wavtolip.npz,-1.2495911121368408,-1.2495911121368408,4.68766975402832,1
FakeVideo-RealAudio/Asian (South)/women/id05920/00161_id07008_wavtolip.npz,-1.1326408386230469,-1.1326408386230469,4.711978435516357,1
FakeVideo-RealAudio/Asian (South)/women/id05920/00161_id07049_BiljgZcyWI4.npz,-3.5560741424560547,-3.5560741424560547,4.7781195640563965,1
FakeVideo-RealAudio/Asian (South)/women/id05920/00161_id07051_wavtolip.npz,-1.1639394760131836,-1.1639394760131836,4.720301628112793,1
FakeVideo-RealAudio/Asian (South)/women/id05920/00161_id07078_sLVbTD3Dtgw.npz,-3.4327406883239746,-3.4327406883239746,4.831507682800293,1
FakeVideo-RealAudio/Asian (South)/women/id05920/00161_id07377_FGNavKcGANA.npz,-2.279508590698242,-2.279508590698242,4.797021389007568,1
FakeVideo-RealAudio/Asian (South)/women/id05920/00161_id07377_wavtolip.npz,-1.6704704761505127,-1.6704704761505127,4.7120442390441895,1
FakeVideo-RealAudio/Asian (South)/women/id05920/00161_id07689_2ie0g83JkgA.npz,-3.326934337615967,-3.326934337615967,4.784202575683594,1
FakeVideo-RealAudio/Asian (South)/women/id06254/00043_0.npz,-2.2735512256622314,-2.2735512256622314,4.952881336212158,1
FakeVideo-RealAudio/Asian (South)/women/id06254/00043_id00417_GhIZam3v09g.npz,-2.947844982147217,-2.947844982147217,4.687094688415527,1
FakeVideo-RealAudio/Asian (South)/women/id06254/00043_id00417_wavtolip.npz,-2.6624755859375,-2.6624755859375,4.642726421356201,1
FakeVideo-RealAudio/Asian (South)/women/id06254/00043_id02619_wavtolip.npz,-1.928670883178711,-1.928670883178711,4.51205587387085,1
FakeVideo-RealAudio/Asian (South)/women/id06254/00043_id03559_wavtolip.npz,-2.8034558296203613,-2.8034558296203613,4.745603084564209,1
FakeVideo-RealAudio/Asian (South)/women/id06254/00043_id04564_wavtolip.npz,-2.147653102874756,-2.147653102874756,4.759930610656738,1
FakeVideo-RealAudio/Asian (South)/women/id06254/00043_id04564_xUz03LwKRtQ.npz,-3.298171043395996,-3.298171043395996,4.6763386726379395,1
FakeVideo-RealAudio/Asian (South)/women/id06254/00043_id04582_Pm9dX-TxNx0.npz,-2.4917900562286377,-2.4917900562286377,4.679721832275391,1
FakeVideo-RealAudio/Asian (South)/women/id06254/00043_id05845_XfMHm6CEwPw.npz,-3.0543134212493896,-3.0543134212493896,4.686817646026611,1
FakeVideo-RealAudio/Asian (South)/women/id06254/00043_id05931_bFqu86NV3hk.npz,-3.2753093242645264,-3.2753093242645264,4.72487211227417,1
FakeVideo-RealAudio/Asian (South)/women/id06254/00043_id05931_bFqu86NV3hk_faceswap.npz,-2.4404993057250977,-2.4404993057250977,4.771380424499512,1
FakeVideo-RealAudio/Asian (South)/women/id06254/00043_id06343_wavtolip.npz,-2.3708889484405518,-2.3708889484405518,4.602819442749023,1
FakeVideo-RealAudio/Asian (South)/women/id06254/00043_id06437_wavtolip.npz,-1.3181407451629639,-1.3181407451629639,4.7166948318481445,1
FakeVideo-RealAudio/Asian (South)/women/id06254/00043_id06445_wavtolip.npz,-2.5860695838928223,-2.5860695838928223,4.804884910583496,1
FakeVideo-RealAudio/Asian (South)/women/id06254/00043_id07008_wavtolip.npz,-1.8709135055541992,-1.8709135055541992,4.789210319519043,1
FakeVideo-RealAudio/Asian (South)/women/id06254/00043_id07049_wavtolip.npz,-3.515564441680908,-3.515564441680908,4.798342704772949,1
FakeVideo-RealAudio/Asian (South)/women/id06254/00043_id07051_d1c0Pl2aP_4.npz,-2.7574281692504883,-2.7574281692504883,4.683807373046875,1
FakeVideo-RealAudio/Asian (South)/women/id06254/00043_id07051_wavtolip.npz,-1.6093101501464844,-1.6093101501464844,4.764245986938477,1
FakeVideo-RealAudio/Asian (South)/women/id06254/00043_id07136_4e43eS5p3_M.npz,-2.919994831085205,-2.919994831085205,4.6964287757873535,1
FakeVideo-RealAudio/Asian (South)/women/id06254/00043_id07236_Fe0sdHw3sc4.npz,-2.7962734699249268,-2.7962734699249268,4.706887722015381,1
FakeVideo-RealAudio/Asian (South)/women/id00417/00069_id00235_F7aHtfdzytQ.npz,-1.383171558380127,-1.383171558380127,4.600700378417969,1
FakeVideo-RealAudio/Asian (South)/women/id00417/00069_id00461_wavtolip.npz,-1.5533792972564697,-1.5533792972564697,4.582489967346191,1
FakeVideo-RealAudio/Asian (South)/women/id00417/00069_id00739_CT-6UmfLiU0.npz,-1.4690320491790771,-1.4690320491790771,4.596423149108887,1
FakeVideo-RealAudio/Asian (South)/women/id00417/00069_id00739_CT-6UmfLiU0_faceswap.npz,-2.412017345428467,-2.412017345428467,4.568345069885254,1
FakeVideo-RealAudio/Asian (South)/women/id00417/00069_id00747_wavtolip.npz,-1.0470943450927734,-1.0470943450927734,4.582704544067383,1
FakeVideo-RealAudio/Asian (South)/women/id00417/00069_id03559_pgetxl1qbzM.npz,-0.7255203723907471,-0.7255203723907471,4.686527252197266,1
FakeVideo-RealAudio/Asian (South)/women/id00417/00069_id03559_wavtolip.npz,-1.0611250400543213,-1.0611250400543213,4.5716633796691895,1
FakeVideo-RealAudio/Asian (South)/women/id00417/00069_id03897_wavtolip.npz,-0.8276162147521973,-0.8276162147521973,4.627327919006348,1
FakeVideo-RealAudio/Asian (South)/women/id00417/00069_id04530_W5-PTTL9HzU.npz,-1.3372361660003662,-1.3372361660003662,4.644755840301514,1
FakeVideo-RealAudio/Asian (South)/women/id00417/00069_id04583_M10zZFjuAb0.npz,-1.2643001079559326,-1.2643001079559326,4.609980583190918,1
FakeVideo-RealAudio/Asian (South)/women/id00417/00069_id05434_6p7kCmdOjDQ.npz,-1.2078967094421387,-1.2078967094421387,4.625927448272705,1
FakeVideo-RealAudio/Asian (South)/women/id00417/00069_id05478_VJkjRzPt-Jw.npz,-1.4394371509552002,-1.4394371509552002,4.625472545623779,1
FakeVideo-RealAudio/Asian (South)/women/id00417/00069_id05478_wavtolip.npz,-0.684312105178833,-0.684312105178833,4.547978401184082,1
FakeVideo-RealAudio/Asian (South)/women/id00417/00069_id05845_XfMHm6CEwPw.npz,-1.113670825958252,-1.113670825958252,4.633400917053223,1
FakeVideo-RealAudio/Asian (South)/women/id00417/00069_id06232_wavtolip.npz,-0.5900516510009766,-0.5900516510009766,4.575401306152344,1
FakeVideo-RealAudio/Asian (South)/women/id00417/00069_id06268_wavtolip.npz,-1.0485622882843018,-1.0485622882843018,4.537786960601807,1
FakeVideo-RealAudio/Asian (South)/women/id00417/00069_id06445_wavtolip.npz,-0.45358729362487793,-0.45358729362487793,4.598371982574463,1
FakeVideo-RealAudio/Asian (South)/women/id00417/00069_id06752_wavtolip.npz,-0.6742022037506104,-0.6742022037506104,4.5964765548706055,1
FakeVideo-RealAudio/Asian (South)/women/id00417/00069_id07689_wavtolip.npz,-0.515878438949585,-0.515878438949585,4.586822509765625,1
FakeVideo-RealAudio/Asian (South)/women/id05478/00135_0.npz,-3.0474853515625,-3.0474853515625,5.009288787841797,1
FakeVideo-RealAudio/Asian (South)/women/id05478/00135_id00043_wavtolip.npz,-2.322340965270996,-2.322340965270996,4.762600421905518,1
FakeVideo-RealAudio/Asian (South)/women/id05478/00135_id00235_F7aHtfdzytQ.npz,-2.0533804893493652,-2.0533804893493652,4.906678676605225,1
FakeVideo-RealAudio/Asian (South)/women/id05478/00135_id00461_wavtolip.npz,-2.292609930038452,-2.292609930038452,4.936980724334717,1
FakeVideo-RealAudio/Asian (South)/women/id05478/00135_id00488_F3YxmZ9CYFw.npz,-1.4517645835876465,-1.4517645835876465,4.91491174697876,1
FakeVideo-RealAudio/Asian (South)/women/id05478/00135_id02619_wavtolip.npz,-2.0555248260498047,-2.0555248260498047,4.509677410125732,1
FakeVideo-RealAudio/Asian (South)/women/id05478/00135_id03559_pgetxl1qbzM.npz,-1.771803617477417,-1.771803617477417,4.909193515777588,1
FakeVideo-RealAudio/Asian (South)/women/id05478/00135_id04583_M10zZFjuAb0.npz,-1.617565631866455,-1.617565631866455,4.891041278839111,1
FakeVideo-RealAudio/Asian (South)/women/id05478/00135_id04927_8MD618FRyfA.npz,-1.7445335388183594,-1.7445335388183594,4.892653465270996,1
FakeVideo-RealAudio/Asian (South)/women/id05478/00135_id05435_OvX-Jv_whcU.npz,-1.659196376800537,-1.659196376800537,4.932364463806152,1
FakeVideo-RealAudio/Asian (South)/women/id05478/00135_id05845_XfMHm6CEwPw.npz,-1.8165292739868164,-1.8165292739868164,4.924618244171143,1
FakeVideo-RealAudio/Asian (South)/women/id05478/00135_id05845_XfMHm6CEwPw_faceswap.npz,-2.010061264038086,-2.010061264038086,4.942444801330566,1
FakeVideo-RealAudio/Asian (South)/women/id05478/00135_id05920_wavtolip.npz,-1.6140594482421875,-1.6140594482421875,4.725355625152588,1
FakeVideo-RealAudio/Asian (South)/women/id05478/00135_id06232_wavtolip.npz,-3.092257499694824,-3.092257499694824,4.8135528564453125,1
FakeVideo-RealAudio/Asian (South)/women/id05478/00135_id06268_wavtolip.npz,-1.6994154453277588,-1.6994154453277588,4.86771821975708,1
FakeVideo-RealAudio/Asian (South)/women/id05478/00135_id06438_vf3xBVgYqYA.npz,-1.7667958736419678,-1.7667958736419678,4.923140525817871,1
FakeVideo-RealAudio/Asian (South)/women/id05478/00135_id06439_wavtolip.npz,-2.6820831298828125,-2.6820831298828125,4.9310302734375,1
FakeVideo-RealAudio/Asian (South)/women/id05478/00135_id06752_wavtolip.npz,-2.0325231552124023,-2.0325231552124023,4.9777750968933105,1
FakeVideo-RealAudio/Asian (South)/women/id05478/00135_id07051_wavtolip.npz,-1.7321128845214844,-1.7321128845214844,4.946121692657471,1
FakeVideo-RealAudio/Asian (South)/women/id05478/00135_id07377_wavtolip.npz,-2.4145960807800293,-2.4145960807800293,4.913506031036377,1
FakeVideo-RealAudio/Asian (South)/women/id06445/00150_0.npz,-2.794207811355591,-2.794207811355591,4.947303771972656,1
FakeVideo-RealAudio/Asian (South)/women/id06445/00150_id00043_DxY87QyzDN8.npz,-3.562070369720459,-3.562070369720459,5.685788631439209,1
FakeVideo-RealAudio/Asian (South)/women/id06445/00150_id00080_wavtolip.npz,-1.5328822135925293,-1.5328822135925293,4.911348819732666,1
FakeVideo-RealAudio/Asian (South)/women/id06445/00150_id00461_Ort9NW3SJU4.npz,-3.762793779373169,-3.762793779373169,5.691877841949463,1
FakeVideo-RealAudio/Asian (South)/women/id06445/00150_id02089_wavtolip.npz,-2.1183085441589355,-2.1183085441589355,5.372147083282471,1
FakeVideo-RealAudio/Asian (South)/women/id06445/00150_id02310_wavtolip.npz,-2.6069822311401367,-2.6069822311401367,5.308071136474609,1
FakeVideo-RealAudio/Asian (South)/women/id06445/00150_id03815_wavtolip.npz,-1.6038730144500732,-1.6038730144500732,4.7090911865234375,1
FakeVideo-RealAudio/Asian (South)/women/id06445/00150_id04070_wavtolip.npz,-0.5101653337478638,-0.5101653337478638,4.865691661834717,1
FakeVideo-RealAudio/Asian (South)/women/id06445/00150_id04530_wavtolip.npz,-2.1643636226654053,-2.1643636226654053,4.72556734085083,1
FakeVideo-RealAudio/Asian (South)/women/id06445/00150_id04582_Pm9dX-TxNx0.npz,-3.3951711654663086,-3.3951711654663086,5.690269947052002,1
FakeVideo-RealAudio/Asian (South)/women/id06445/00150_id04582_Pm9dX-TxNx0_faceswap.npz,-2.943511962890625,-2.943511962890625,5.698777675628662,1
FakeVideo-RealAudio/Asian (South)/women/id06445/00150_id05434_6p7kCmdOjDQ.npz,-3.566136121749878,-3.566136121749878,5.689637184143066,1
FakeVideo-RealAudio/Asian (South)/women/id06445/00150_id05845_wavtolip.npz,-1.125338077545166,-1.125338077545166,4.849193096160889,1
FakeVideo-RealAudio/Asian (South)/women/id06445/00150_id06343__Tf30YR4M3w.npz,-3.437981367111206,-3.437981367111206,5.701208114624023,1
FakeVideo-RealAudio/Asian (South)/women/id06445/00150_id06428_wavtolip.npz,-1.2220842838287354,-1.2220842838287354,4.792276859283447,1
FakeVideo-RealAudio/Asian (South)/women/id06445/00150_id06445_wavtolip.npz,-3.233396530151367,-3.233396530151367,5.708474159240723,1
FakeVideo-RealAudio/Asian (South)/women/id06445/00150_id07078_sLVbTD3Dtgw.npz,-2.6958518028259277,-2.6958518028259277,5.69954252243042,1
FakeVideo-RealAudio/Asian (South)/women/id06445/00150_id07136_4e43eS5p3_M.npz,-3.4864118099212646,-3.4864118099212646,5.696343421936035,1
FakeVideo-RealAudio/Asian (South)/women/id06445/00150_id07236_wavtolip.npz,-2.5468220710754395,-2.5468220710754395,4.768083095550537,1
FakeVideo-RealAudio/Asian (South)/women/id06445/00150_id07377_FGNavKcGANA.npz,-3.420558452606201,-3.420558452606201,5.684433460235596,1
FakeVideo-RealAudio/Asian (South)/women/id04582/00180_0.npz,-1.6417685747146606,-1.6417685747146606,4.6398797035217285,1
FakeVideo-RealAudio/Asian (South)/women/id04582/00180_id00043_DxY87QyzDN8.npz,-2.457052707672119,-2.457052707672119,5.3331499099731445,1
FakeVideo-RealAudio/Asian (South)/women/id04582/00180_id00149_wavtolip.npz,-1.8566844463348389,-1.8566844463348389,5.037674427032471,1
FakeVideo-RealAudio/Asian (South)/women/id04582/00180_id00235_F7aHtfdzytQ.npz,-2.1107499599456787,-2.1107499599456787,5.3564348220825195,1
FakeVideo-RealAudio/Asian (South)/women/id04582/00180_id00417_GhIZam3v09g.npz,-2.5718045234680176,-2.5718045234680176,5.32616662979126,1
FakeVideo-RealAudio/Asian (South)/women/id04582/00180_id00461_wavtolip.npz,-1.8723196983337402,-1.8723196983337402,4.975308895111084,1
FakeVideo-RealAudio/Asian (South)/women/id04582/00180_id00747_wavtolip.npz,-3.4059977531433105,-3.4059977531433105,4.96430778503418,1
FakeVideo-RealAudio/Asian (South)/women/id04582/00180_id02089_ZC5FjKDazrM.npz,-2.3762693405151367,-2.3762693405151367,5.346493721008301,1
FakeVideo-RealAudio/Asian (South)/women/id04582/00180_id04529_wavtolip.npz,-1.9580328464508057,-1.9580328464508057,4.707118511199951,1
FakeVideo-RealAudio/Asian (South)/women/id04582/00180_id04564_wavtolip.npz,-1.935281753540039,-1.935281753540039,5.0193986892700195,1
FakeVideo-RealAudio/Asian (South)/women/id04582/00180_id04927_wavtolip.npz,-1.6807541847229004,-1.6807541847229004,4.643261909484863,1
FakeVideo-RealAudio/Asian (South)/women/id04582/00180_id06254_8VSfI86Fua4.npz,-2.5997891426086426,-2.5997891426086426,5.315685272216797,1
FakeVideo-RealAudio/Asian (South)/women/id04582/00180_id06268_wavtolip.npz,-2.069000482559204,-2.069000482559204,4.8604888916015625,1
FakeVideo-RealAudio/Asian (South)/women/id04582/00180_id06439_wavtolip.npz,-1.8948204517364502,-1.8948204517364502,5.021634578704834,1
FakeVideo-RealAudio/Asian (South)/women/id04582/00180_id06445_NWtdqOxEbDY.npz,-2.335110664367676,-2.335110664367676,5.328001499176025,1
FakeVideo-RealAudio/Asian (South)/women/id04582/00180_id06445_NWtdqOxEbDY_faceswap.npz,-1.7649611234664917,-1.7649611234664917,5.3177008628845215,1
FakeVideo-RealAudio/Asian (South)/women/id04582/00180_id07051_wavtolip.npz,-1.4781546592712402,-1.4781546592712402,5.166774749755859,1
FakeVideo-RealAudio/Asian (South)/women/id04582/00180_id07136_4e43eS5p3_M.npz,-1.9075782299041748,-1.9075782299041748,5.343441009521484,1
FakeVideo-RealAudio/Asian (South)/women/id04582/00180_id07236_Fe0sdHw3sc4.npz,-2.1771433353424072,-2.1771433353424072,5.334846496582031,1
FakeVideo-RealAudio/Asian (South)/women/id04582/00180_id07689_wavtolip.npz,-0.8928515911102295,-0.8928515911102295,4.90185546875,1
FakeVideo-RealAudio/Asian (South)/women/id02089/00092_0.npz,-2.5149426460266113,-2.5149426460266113,5.086889266967773,1
FakeVideo-RealAudio/Asian (South)/women/id02089/00092_id02310_wavtolip.npz,-1.1867072582244873,-1.1867072582244873,5.318174362182617,1
FakeVideo-RealAudio/Asian (South)/women/id02089/00092_id03559_pgetxl1qbzM.npz,-2.549703598022461,-2.549703598022461,5.337252616882324,1
FakeVideo-RealAudio/Asian (South)/women/id02089/00092_id03985_wavtolip.npz,-1.1752917766571045,-1.1752917766571045,4.489990711212158,1
FakeVideo-RealAudio/Asian (South)/women/id02089/00092_id04529_S92uo-UShxE.npz,-2.655651569366455,-2.655651569366455,5.30705451965332,1
FakeVideo-RealAudio/Asian (South)/women/id02089/00092_id04529_S92uo-UShxE_faceswap.npz,-2.8914926052093506,-2.8914926052093506,5.382867336273193,1
FakeVideo-RealAudio/Asian (South)/women/id02089/00092_id04564_xUz03LwKRtQ.npz,-2.637162446975708,-2.637162446975708,5.296185493469238,1
FakeVideo-RealAudio/Asian (South)/women/id02089/00092_id04582_Pm9dX-TxNx0.npz,-2.45093035697937,-2.45093035697937,5.3267903327941895,1
FakeVideo-RealAudio/Asian (South)/women/id02089/00092_id04582_wavtolip.npz,-1.3424278497695923,-1.3424278497695923,5.388369560241699,1
FakeVideo-RealAudio/Asian (South)/women/id02089/00092_id04927_8MD618FRyfA.npz,-2.6155502796173096,-2.6155502796173096,5.301957607269287,1
FakeVideo-RealAudio/Asian (South)/women/id02089/00092_id05434_6p7kCmdOjDQ.npz,-2.0916590690612793,-2.0916590690612793,5.344666004180908,1
FakeVideo-RealAudio/Asian (South)/women/id02089/00092_id05478_wavtolip.npz,-1.9936854839324951,-1.9936854839324951,4.97555685043335,1
FakeVideo-RealAudio/Asian (South)/women/id02089/00092_id05845_wavtolip.npz,-1.3295865058898926,-1.3295865058898926,4.863213539123535,1
FakeVideo-RealAudio/Asian (South)/women/id02089/00092_id06254_8VSfI86Fua4.npz,-2.429530143737793,-2.429530143737793,5.297053813934326,1
FakeVideo-RealAudio/Asian (South)/women/id02089/00092_id06254_wavtolip.npz,-1.191744327545166,-1.191744327545166,4.705348968505859,1
FakeVideo-RealAudio/Asian (South)/women/id02089/00092_id06343_wavtolip.npz,-1.7329916954040527,-1.7329916954040527,4.517621994018555,1
FakeVideo-RealAudio/Asian (South)/women/id02089/00092_id06445_NWtdqOxEbDY.npz,-2.7846436500549316,-2.7846436500549316,5.305262565612793,1
FakeVideo-RealAudio/Asian (South)/women/id02089/00092_id06752_wavtolip.npz,-1.1545753479003906,-1.1545753479003906,5.410443305969238,1
FakeVideo-RealAudio/Asian (South)/women/id02089/00092_id07377_wavtolip.npz,-1.3169026374816895,-1.3169026374816895,4.966638565063477,1
FakeVideo-RealAudio/Asian (South)/women/id02089/00092_id07686_wavtolip.npz,-1.7190604209899902,-1.7190604209899902,4.8825860023498535,1
FakeVideo-RealAudio/Asian (South)/women/id00149/00284_0.npz,-1.5528287887573242,-1.5528287887573242,4.782327175140381,1
FakeVideo-RealAudio/Asian (South)/women/id00149/00284_id00149_wavtolip.npz,-2.833801031112671,-2.833801031112671,5.001028537750244,1
FakeVideo-RealAudio/Asian (South)/women/id00149/00284_id00417_wavtolip.npz,-2.8094232082366943,-2.8094232082366943,4.585909843444824,1
FakeVideo-RealAudio/Asian (South)/women/id00149/00284_id00461_Ort9NW3SJU4.npz,-3.308846950531006,-3.308846950531006,4.986109733581543,1
FakeVideo-RealAudio/Asian (South)/women/id00149/00284_id00747_wavtolip.npz,-3.2373335361480713,-3.2373335361480713,4.964390277862549,1
FakeVideo-RealAudio/Asian (South)/women/id00149/00284_id02310_zA-8Pw0SvZg.npz,-3.196183204650879,-3.196183204650879,4.983985900878906,1
FakeVideo-RealAudio/Asian (South)/women/id00149/00284_id02619_wavtolip.npz,-1.5743188858032227,-1.5743188858032227,4.452895641326904,1
FakeVideo-RealAudio/Asian (South)/women/id00149/00284_id03559_pgetxl1qbzM.npz,-3.0040061473846436,-3.0040061473846436,4.9862823486328125,1
FakeVideo-RealAudio/Asian (South)/women/id00149/00284_id04530_W5-PTTL9HzU.npz,-2.8041982650756836,-2.8041982650756836,4.992912292480469,1
FakeVideo-RealAudio/Asian (South)/women/id00149/00284_id04582_wavtolip.npz,-2.3064727783203125,-2.3064727783203125,5.032165050506592,1
FakeVideo-RealAudio/Asian (South)/women/id00149/00284_id04583_M10zZFjuAb0.npz,-2.6338038444519043,-2.6338038444519043,5.0060014724731445,1
FakeVideo-RealAudio/Asian (South)/women/id00149/00284_id04583_wavtolip.npz,-0.5498051643371582,-0.5498051643371582,4.681971549987793,1
FakeVideo-RealAudio/Asian (South)/women/id00149/00284_id05920_wavtolip.npz,-0.9029543399810791,-0.9029543399810791,4.753952980041504,1
FakeVideo-RealAudio/Asian (South)/women/id00149/00284_id06232_wavtolip.npz,-1.7551605701446533,-1.7551605701446533,4.784873008728027,1
FakeVideo-RealAudio/Asian (South)/women/id00149/00284_id06343_wavtolip.npz,-1.9741692543029785,-1.9741692543029785,4.582549571990967,1
FakeVideo-RealAudio/Asian (South)/women/id00149/00284_id07136_4e43eS5p3_M.npz,-3.1303176879882812,-3.1303176879882812,4.978369235992432,1
FakeVideo-RealAudio/Asian (South)/women/id00149/00284_id07136_4e43eS5p3_M_faceswap.npz,-3.4272804260253906,-3.4272804260253906,5.00404167175293,1
FakeVideo-RealAudio/Asian (South)/women/id00149/00284_id07377_FGNavKcGANA.npz,-3.2350854873657227,-3.2350854873657227,4.9799652099609375,1
FakeVideo-RealAudio/Asian (South)/women/id00149/00284_id07686_wavtolip.npz,-1.33159601688385,-1.33159601688385,4.829962253570557,1
FakeVideo-RealAudio/Asian (South)/women/id00149/00284_id07689_2ie0g83JkgA.npz,-3.3190531730651855,-3.3190531730651855,4.974973678588867,1
FakeVideo-RealAudio/Asian (South)/women/id06439/00118_id00043_wavtolip.npz,-1.0944433212280273,-1.0944433212280273,4.755475044250488,1
FakeVideo-RealAudio/Asian (South)/women/id06439/00118_id00417_GhIZam3v09g.npz,-1.3585842847824097,-1.3585842847824097,4.979523181915283,1
FakeVideo-RealAudio/Asian (South)/women/id06439/00118_id00417_GhIZam3v09g_faceswap.npz,-0.9726874828338623,-0.9726874828338623,5.024672508239746,1
FakeVideo-RealAudio/Asian (South)/women/id06439/00118_id00739_wavtolip.npz,-1.1883509159088135,-1.1883509159088135,5.034692764282227,1
FakeVideo-RealAudio/Asian (South)/women/id06439/00118_id02310_wavtolip.npz,-1.6051304340362549,-1.6051304340362549,5.035259246826172,1
FakeVideo-RealAudio/Asian (South)/women/id06439/00118_id02619_wavtolip.npz,-0.8579463958740234,-0.8579463958740234,4.525468349456787,1
FakeVideo-RealAudio/Asian (South)/women/id06439/00118_id04529_wavtolip.npz,-1.973238468170166,-1.973238468170166,4.68782377243042,1
FakeVideo-RealAudio/Asian (South)/women/id06439/00118_id04583_M10zZFjuAb0.npz,-1.1850146055221558,-1.1850146055221558,5.004073619842529,1
FakeVideo-RealAudio/Asian (South)/women/id06439/00118_id05435_wavtolip.npz,-1.266452431678772,-1.266452431678772,4.604152679443359,1
FakeVideo-RealAudio/Asian (South)/women/id06439/00118_id05478_VJkjRzPt-Jw.npz,-1.8357253074645996,-1.8357253074645996,4.9835052490234375,1
FakeVideo-RealAudio/Asian (South)/women/id06439/00118_id06232_wavtolip.npz,-1.6925115585327148,-1.6925115585327148,4.74128532409668,1
FakeVideo-RealAudio/Asian (South)/women/id06439/00118_id06428_A9nvRKd1afA.npz,-1.24385666847229,-1.24385666847229,5.023894309997559,1
FakeVideo-RealAudio/Asian (South)/women/id06439/00118_id06428_wavtolip.npz,-1.1368234157562256,-1.1368234157562256,4.7915263175964355,1
FakeVideo-RealAudio/Asian (South)/women/id06439/00118_id06437_wavtolip.npz,-1.135124683380127,-1.135124683380127,5.031785011291504,1
FakeVideo-RealAudio/Asian (South)/women/id06439/00118_id06445_NWtdqOxEbDY.npz,-1.70694100856781,-1.70694100856781,4.9964470863342285,1
FakeVideo-RealAudio/Asian (South)/women/id06439/00118_id06752_wavtolip.npz,-1.1577599048614502,-1.1577599048614502,5.0738396644592285,1
FakeVideo-RealAudio/Asian (South)/women/id06439/00118_id07136_4e43eS5p3_M.npz,-1.5284010171890259,-1.5284010171890259,4.966826915740967,1
FakeVideo-RealAudio/Asian (South)/women/id06439/00118_id07377_FGNavKcGANA.npz,-1.4759076833724976,-1.4759076833724976,4.974545001983643,1
FakeVideo-RealAudio/Asian (South)/women/id06439/00118_id07689_2ie0g83JkgA.npz,-1.7583156824111938,-1.7583156824111938,4.989405632019043,1
FakeVideo-RealAudio/Asian (South)/women/id05931/00013_0.npz,-2.0505306720733643,-2.0505306720733643,4.515825271606445,1
FakeVideo-RealAudio/Asian (South)/women/id05931/00013_id00149_wavtolip.npz,-2.7587666511535645,-2.7587666511535645,4.594662189483643,1
FakeVideo-RealAudio/Asian (South)/women/id05931/00013_id00235_wavtolip.npz,-2.538069248199463,-2.538069248199463,4.644657611846924,1
FakeVideo-RealAudio/Asian (South)/women/id05931/00013_id00739_CT-6UmfLiU0.npz,-2.5292816162109375,-2.5292816162109375,4.617208957672119,1
FakeVideo-RealAudio/Asian (South)/women/id05931/00013_id01026_rM4ZERt7oM0.npz,-3.6530301570892334,-3.6530301570892334,4.6282734870910645,1
FakeVideo-RealAudio/Asian (South)/women/id05931/00013_id01026_rM4ZERt7oM0_faceswap.npz,-2.6784160137176514,-2.6784160137176514,4.596260070800781,1
FakeVideo-RealAudio/Asian (South)/women/id05931/00013_id02089_wavtolip.npz,-2.3398053646087646,-2.3398053646087646,4.573037147521973,1
FakeVideo-RealAudio/Asian (South)/women/id05931/00013_id03559_pgetxl1qbzM.npz,-2.8512306213378906,-2.8512306213378906,4.620232105255127,1
FakeVideo-RealAudio/Asian (South)/women/id05931/00013_id03559_wavtolip.npz,-2.6147046089172363,-2.6147046089172363,4.661995887756348,1
FakeVideo-RealAudio/Asian (South)/women/id05931/00013_id04070_wavtolip.npz,-1.0076502561569214,-1.0076502561569214,4.633984088897705,1
FakeVideo-RealAudio/Asian (South)/women/id05931/00013_id04583_wavtolip.npz,-0.6896127462387085,-0.6896127462387085,4.630016326904297,1
FakeVideo-RealAudio/Asian (South)/women/id05931/00013_id04927_8MD618FRyfA.npz,-3.0323095321655273,-3.0323095321655273,4.621088981628418,1
FakeVideo-RealAudio/Asian (South)/women/id05931/00013_id05435_OvX-Jv_whcU.npz,-2.33445143699646,-2.33445143699646,4.629663944244385,1
FakeVideo-RealAudio/Asian (South)/women/id05931/00013_id05435_wavtolip.npz,-1.276330828666687,-1.276330828666687,4.608005046844482,1
FakeVideo-RealAudio/Asian (South)/women/id05931/00013_id05845_XfMHm6CEwPw.npz,-2.2706241607666016,-2.2706241607666016,4.6383280754089355,1
FakeVideo-RealAudio/Asian (South)/women/id05931/00013_id06268_wavtolip.npz,-3.1160097122192383,-3.1160097122192383,4.601102828979492,1
FakeVideo-RealAudio/Asian (South)/women/id05931/00013_id07049_BiljgZcyWI4.npz,-2.9894418716430664,-2.9894418716430664,4.691195487976074,1
FakeVideo-RealAudio/Asian (South)/women/id05931/00013_id07136_4e43eS5p3_M.npz,-2.409080743789673,-2.409080743789673,4.574314117431641,1
FakeVideo-RealAudio/Asian (South)/women/id05931/00013_id07236_wavtolip.npz,-2.6870899200439453,-2.6870899200439453,4.6611247062683105,1
FakeVideo-RealAudio/Asian (South)/women/id05931/00013_id07689_wavtolip.npz,-1.8546435832977295,-1.8546435832977295,4.607847213745117,1
FakeVideo-RealAudio/Asian (South)/women/id07051/00083_id00461_Ort9NW3SJU4.npz,-0.7587504386901855,-0.7587504386901855,5.14150857925415,1
FakeVideo-RealAudio/Asian (South)/women/id07051/00083_id00461_wavtolip.npz,-0.1513688564300537,-0.1513688564300537,4.906774997711182,1
FakeVideo-RealAudio/Asian (South)/women/id07051/00083_id00739_wavtolip.npz,-1.7016267776489258,-1.7016267776489258,4.991415023803711,1
FakeVideo-RealAudio/Asian (South)/women/id07051/00083_id01026_wavtolip.npz,-2.1532156467437744,-2.1532156467437744,4.616700172424316,1
FakeVideo-RealAudio/Asian (South)/women/id07051/00083_id02310_wavtolip.npz,-1.5363521575927734,-1.5363521575927734,5.107424736022949,1
FakeVideo-RealAudio/Asian (South)/women/id07051/00083_id03559_pgetxl1qbzM.npz,-1.2391042709350586,-1.2391042709350586,5.176673889160156,1
FakeVideo-RealAudio/Asian (South)/women/id07051/00083_id03559_wavtolip.npz,-2.3926477432250977,-2.3926477432250977,5.144676208496094,1
FakeVideo-RealAudio/Asian (South)/women/id07051/00083_id04530_W5-PTTL9HzU.npz,-1.265897274017334,-1.265897274017334,5.172490119934082,1
FakeVideo-RealAudio/Asian (South)/women/id07051/00083_id04564_xUz03LwKRtQ.npz,-1.4921927452087402,-1.4921927452087402,5.128209590911865,1
FakeVideo-RealAudio/Asian (South)/women/id07051/00083_id04582_wavtolip.npz,-1.6009294986724854,-1.6009294986724854,5.1279683113098145,1
FakeVideo-RealAudio/Asian (South)/women/id07051/00083_id04583_M10zZFjuAb0.npz,-0.7765564918518066,-0.7765564918518066,5.157566070556641,1
FakeVideo-RealAudio/Asian (South)/women/id07051/00083_id05434_wavtolip.npz,-1.0277025699615479,-1.0277025699615479,4.562264442443848,1
FakeVideo-RealAudio/Asian (South)/women/id07051/00083_id05435_OvX-Jv_whcU.npz,-1.1556551456451416,-1.1556551456451416,5.174291610717773,1
FakeVideo-RealAudio/Asian (South)/women/id07051/00083_id05478_wavtolip.npz,-1.252392292022705,-1.252392292022705,4.905455589294434,1
FakeVideo-RealAudio/Asian (South)/women/id07051/00083_id06428_A9nvRKd1afA.npz,-2.3402099609375,-2.3402099609375,5.10876989364624,1
FakeVideo-RealAudio/Asian (South)/women/id07051/00083_id06428_A9nvRKd1afA_faceswap.npz,-1.6498970985412598,-1.6498970985412598,5.144871234893799,1
FakeVideo-RealAudio/Asian (South)/women/id07051/00083_id06438_wavtolip.npz,-2.221666097640991,-2.221666097640991,4.577784538269043,1
FakeVideo-RealAudio/Asian (South)/women/id07051/00083_id07136_4e43eS5p3_M.npz,-1.0264463424682617,-1.0264463424682617,5.142247676849365,1
FakeVideo-RealAudio/Asian (South)/women/id07051/00083_id07377_wavtolip.npz,-1.629206657409668,-1.629206657409668,4.934099197387695,1
FakeVideo-RealAudio/African/men/id01835/00130_id00173_UHoMXLSjlDo.npz,-2.7672841548919678,-2.7672841548919678,5.159775733947754,1
FakeVideo-RealAudio/African/men/id01835/00130_id00366_RSOgEoek8WM.npz,-2.52594256401062,-2.52594256401062,5.150542259216309,1
FakeVideo-RealAudio/African/men/id01835/00130_id00366_wavtolip.npz,-1.7732124328613281,-1.7732124328613281,5.202037811279297,1
FakeVideo-RealAudio/African/men/id01835/00130_id00475_wavtolip.npz,-1.4892828464508057,-1.4892828464508057,5.214962482452393,1
FakeVideo-RealAudio/African/men/id01835/00130_id00476_wavtolip.npz,-2.703481912612915,-2.703481912612915,5.168015956878662,1
FakeVideo-RealAudio/African/men/id01835/00130_id00518_wavtolip.npz,-2.5660080909729004,-2.5660080909729004,4.657273769378662,1
FakeVideo-RealAudio/African/men/id01835/00130_id00701_lW6uzLIOwd0.npz,-2.8106374740600586,-2.8106374740600586,5.155768871307373,1
FakeVideo-RealAudio/African/men/id01835/00130_id00761_QtTNFhCCgzw.npz,-2.5937843322753906,-2.5937843322753906,5.158299446105957,1
FakeVideo-RealAudio/African/men/id01835/00130_id00761_QtTNFhCCgzw_faceswap.npz,-2.490908145904541,-2.490908145904541,5.15347957611084,1
FakeVideo-RealAudio/African/men/id01835/00130_id00830_rfl3Teg9uew.npz,-2.6473135948181152,-2.6473135948181152,5.147612571716309,1
FakeVideo-RealAudio/African/men/id01835/00130_id00944_DiW5D62667U.npz,-2.725411891937256,-2.725411891937256,5.163774013519287,1
FakeVideo-RealAudio/African/men/id01835/00130_id01036_AohKaMtIHxA.npz,-2.4919497966766357,-2.4919497966766357,5.1752519607543945,1
FakeVideo-RealAudio/African/men/id01835/00130_id01076_wavtolip.npz,-1.9372825622558594,-1.9372825622558594,4.645965576171875,1
FakeVideo-RealAudio/African/men/id01835/00130_id01171_wavtolip.npz,-2.7915778160095215,-2.7915778160095215,4.66579008102417,1
FakeVideo-RealAudio/African/men/id01835/00130_id01528_wavtolip.npz,-2.1440558433532715,-2.1440558433532715,4.972692012786865,1
FakeVideo-RealAudio/African/men/id01835/00130_id01920_wavtolip.npz,-2.6599068641662598,-2.6599068641662598,5.006746768951416,1
FakeVideo-RealAudio/African/men/id01835/00130_id02005_wavtolip.npz,-2.8364193439483643,-2.8364193439483643,4.705556869506836,1
FakeVideo-RealAudio/African/men/id01835/00130_id02268_irA9myDvW-I.npz,-2.7991719245910645,-2.7991719245910645,5.166029930114746,1
FakeVideo-RealAudio/African/men/id01835/00130_id02342_wavtolip.npz,-2.901702880859375,-2.901702880859375,4.9693522453308105,1
FakeVideo-RealAudio/African/men/id02040/00476_id00391_TjJgUZaenWI.npz,-2.686652660369873,-2.686652660369873,4.494337558746338,1
FakeVideo-RealAudio/African/men/id02040/00476_id00391_wavtolip.npz,-2.4809982776641846,-2.4809982776641846,4.604509353637695,1
FakeVideo-RealAudio/African/men/id02040/00476_id00478_wavtolip.npz,-2.282808303833008,-2.282808303833008,4.526276111602783,1
FakeVideo-RealAudio/African/men/id02040/00476_id01179_wavtolip.npz,-2.322981119155884,-2.322981119155884,4.585406303405762,1
FakeVideo-RealAudio/African/men/id02040/00476_id01392_fF-g0KFJ7lg.npz,-2.938218593597412,-2.938218593597412,4.54314661026001,1
FakeVideo-RealAudio/African/men/id02040/00476_id01530_8kiAt_4gQGI.npz,-2.428910732269287,-2.428910732269287,4.524806976318359,1
FakeVideo-RealAudio/African/men/id02040/00476_id01530_wavtolip.npz,-2.480449676513672,-2.480449676513672,4.571847438812256,1
FakeVideo-RealAudio/African/men/id02040/00476_id01598_wavtolip.npz,-1.8482732772827148,-1.8482732772827148,4.584714889526367,1
FakeVideo-RealAudio/African/men/id02040/00476_id01637_wavtolip.npz,-2.4604971408843994,-2.4604971408843994,4.58132266998291,1
FakeVideo-RealAudio/African/men/id02040/00476_id01691_IVtS5z8Jrrk.npz,-3.1770081520080566,-3.1770081520080566,4.538809299468994,1
FakeVideo-RealAudio/African/men/id02040/00476_id01691_wavtolip.npz,-2.430861711502075,-2.430861711502075,4.5439043045043945,1
FakeVideo-RealAudio/African/men/id02040/00476_id01933_wavtolip.npz,-2.196681499481201,-2.196681499481201,4.6166911125183105,1
FakeVideo-RealAudio/African/men/id02040/00476_id02040_wavtolip.npz,-3.000924587249756,-3.000924587249756,4.579859733581543,1
FakeVideo-RealAudio/African/men/id02040/00476_id02296_wavtolip.npz,-1.8298925161361694,-1.8298925161361694,4.569735050201416,1
FakeVideo-RealAudio/African/men/id01392/00167_1.npz,-2.95286226272583,-2.95286226272583,4.560384750366211,1
FakeVideo-RealAudio/African/men/id01392/00167_2.npz,-2.2542290687561035,-2.2542290687561035,4.720911026000977,1
FakeVideo-RealAudio/African/men/id01392/00167_3.npz,-3.2382192611694336,-3.2382192611694336,4.861204624176025,1
FakeVideo-RealAudio/African/men/id01392/00167_id00391_TjJgUZaenWI.npz,-0.6129412651062012,-0.6129412651062012,5.261529445648193,1
FakeVideo-RealAudio/African/men/id01392/00167_id00478_wavtolip.npz,-1.5698580741882324,-1.5698580741882324,5.188158988952637,1
FakeVideo-RealAudio/African/men/id01392/00167_id00701_lW6uzLIOwd0.npz,-1.2878894805908203,-1.2878894805908203,5.2442216873168945,1
FakeVideo-RealAudio/African/men/id01392/00167_id00987_wavtolip.npz,-2.193873643875122,-2.193873643875122,5.176752090454102,1
FakeVideo-RealAudio/African/men/id01392/00167_id01170_7eoTTk4xyNo.npz,-1.4919283390045166,-1.4919283390045166,5.236787796020508,1
FakeVideo-RealAudio/African/men/id01392/00167_id01171_wavtolip.npz,-3.316678524017334,-3.316678524017334,4.673216819763184,1
FakeVideo-RealAudio/African/men/id01392/00167_id01179_RnqLJMrWELw.npz,-1.2389142513275146,-1.2389142513275146,5.24699592590332,1
FakeVideo-RealAudio/African/men/id01392/00167_id01207_mt129WTRSII.npz,-1.4156575202941895,-1.4156575202941895,5.231176376342773,1
FakeVideo-RealAudio/African/men/id01392/00167_id01236_wavtolip.npz,-2.075321912765503,-2.075321912765503,4.46812105178833,1
FakeVideo-RealAudio/African/men/id01392/00167_id01392_wavtolip.npz,-3.2068166732788086,-3.2068166732788086,5.223379611968994,1
FakeVideo-RealAudio/African/men/id01392/00167_id01530_wavtolip.npz,-1.8205416202545166,-1.8205416202545166,4.571596145629883,1
FakeVideo-RealAudio/African/men/id01392/00167_id01597_52WEZxe4_GE.npz,-1.2857985496520996,-1.2857985496520996,5.255067348480225,1
FakeVideo-RealAudio/African/men/id01392/00167_id01598_wavtolip.npz,-1.9779026508331299,-1.9779026508331299,4.744086742401123,1
FakeVideo-RealAudio/African/men/id01392/00167_id01691_wavtolip.npz,-2.92447566986084,-2.92447566986084,5.178544044494629,1
FakeVideo-RealAudio/African/men/id01392/00167_id01920_w9C_knCPD94.npz,-1.36134934425354,-1.36134934425354,5.23984956741333,1
FakeVideo-RealAudio/African/men/id01392/00167_id01933_wavtolip.npz,-1.6632661819458008,-1.6632661819458008,4.7298688888549805,1
FakeVideo-RealAudio/African/men/id01392/00167_id02268_wavtolip.npz,-2.6426010131835938,-2.6426010131835938,5.068869113922119,1
FakeVideo-RealAudio/African/men/id01392/00167_id02494_lObg47hQleE.npz,-1.0824499130249023,-1.0824499130249023,5.259574890136719,1
FakeVideo-RealAudio/African/men/id01717/00005_0.npz,-3.0405116081237793,-3.0405116081237793,4.639689922332764,1
FakeVideo-RealAudio/African/men/id01717/00005_id00366_RSOgEoek8WM.npz,-2.8301901817321777,-2.8301901817321777,4.600414276123047,1
FakeVideo-RealAudio/African/men/id01717/00005_id00518_wavtolip.npz,-2.719221591949463,-2.719221591949463,4.528707981109619,1
FakeVideo-RealAudio/African/men/id01717/00005_id00701_lW6uzLIOwd0.npz,-2.3096494674682617,-2.3096494674682617,4.606672286987305,1
FakeVideo-RealAudio/African/men/id01717/00005_id00701_wavtolip.npz,-1.6669132709503174,-1.6669132709503174,4.5766496658325195,1
FakeVideo-RealAudio/African/men/id01717/00005_id00987_wavtolip.npz,-2.488149642944336,-2.488149642944336,4.567811965942383,1
FakeVideo-RealAudio/African/men/id01717/00005_id01036_wavtolip.npz,-2.2906813621520996,-2.2906813621520996,4.550146579742432,1
FakeVideo-RealAudio/African/men/id01717/00005_id01076_9bqxgm5fT58.npz,-2.4474287033081055,-2.4474287033081055,4.582989692687988,1
FakeVideo-RealAudio/African/men/id01717/00005_id01076_wavtolip.npz,-2.3247900009155273,-2.3247900009155273,4.563859939575195,1
FakeVideo-RealAudio/African/men/id01717/00005_id01171_wavtolip.npz,-2.644174575805664,-2.644174575805664,4.6114091873168945,1
FakeVideo-RealAudio/African/men/id01717/00005_id01452_4MqeoSxSy3w.npz,-2.2111215591430664,-2.2111215591430664,4.632962703704834,1
FakeVideo-RealAudio/African/men/id01717/00005_id01528_wavtolip.npz,-1.5155514478683472,-1.5155514478683472,4.587667942047119,1
FakeVideo-RealAudio/African/men/id01717/00005_id01637_wavtolip.npz,-3.1240105628967285,-3.1240105628967285,4.58380126953125,1
FakeVideo-RealAudio/African/men/id01717/00005_id01920_w9C_knCPD94.npz,-1.4528942108154297,-1.4528942108154297,4.660691738128662,1
FakeVideo-RealAudio/African/men/id01717/00005_id02005_7_Egh9mW5y4.npz,-2.34991455078125,-2.34991455078125,4.619601249694824,1
FakeVideo-RealAudio/African/men/id01717/00005_id02005_7_Egh9mW5y4_faceswap.npz,-2.1643168926239014,-2.1643168926239014,4.6335368156433105,1
FakeVideo-RealAudio/African/men/id01717/00005_id02051_wavtolip.npz,-1.7989991903305054,-1.7989991903305054,4.566102504730225,1
FakeVideo-RealAudio/African/men/id01717/00005_id02316_yrrNcmZ-xmI.npz,-2.3871474266052246,-2.3871474266052246,4.614320755004883,1
FakeVideo-RealAudio/African/men/id01717/00005_id02342_wavtolip.npz,-2.9123992919921875,-2.9123992919921875,4.599451541900635,1
FakeVideo-RealAudio/African/men/id01779/00010_0.npz,-1.2077970504760742,-1.2077970504760742,5.190732002258301,1
FakeVideo-RealAudio/African/men/id01779/00010_id00173_wavtolip.npz,-3.09979510307312,-3.09979510307312,4.832662105560303,1
FakeVideo-RealAudio/African/men/id01779/00010_id00366_wavtolip.npz,-2.9821672439575195,-2.9821672439575195,4.898077487945557,1
FakeVideo-RealAudio/African/men/id01779/00010_id00701_lW6uzLIOwd0.npz,-1.7842763662338257,-1.7842763662338257,4.882071495056152,1
FakeVideo-RealAudio/African/men/id01779/00010_id00701_wavtolip.npz,-1.5960044860839844,-1.5960044860839844,4.919499397277832,1
FakeVideo-RealAudio/African/men/id01779/00010_id00987_wavtolip.npz,-3.131516456604004,-3.131516456604004,4.8311076164245605,1
FakeVideo-RealAudio/African/men/id01779/00010_id01036_AohKaMtIHxA.npz,-1.8754899501800537,-1.8754899501800537,4.885666370391846,1
FakeVideo-RealAudio/African/men/id01779/00010_id01036_wavtolip.npz,-1.748305320739746,-1.748305320739746,4.8925700187683105,1
FakeVideo-RealAudio/African/men/id01779/00010_id01171_XSINMRoTb0E.npz,-2.1051111221313477,-2.1051111221313477,4.867771148681641,1
FakeVideo-RealAudio/African/men/id01779/00010_id01171_wavtolip.npz,-3.282392978668213,-3.282392978668213,4.560468673706055,1
FakeVideo-RealAudio/African/men/id01779/00010_id01179_wavtolip.npz,-1.6016807556152344,-1.6016807556152344,4.6825337409973145,1
FakeVideo-RealAudio/African/men/id01779/00010_id01392_wavtolip.npz,-2.8087918758392334,-2.8087918758392334,4.892923355102539,1
FakeVideo-RealAudio/African/men/id01779/00010_id01637_5VjcPZm8knM.npz,-1.8649855852127075,-1.8649855852127075,4.876908302307129,1
FakeVideo-RealAudio/African/men/id01779/00010_id01691_IVtS5z8Jrrk.npz,-2.069389581680298,-2.069389581680298,4.888892650604248,1
FakeVideo-RealAudio/African/men/id01779/00010_id01691_IVtS5z8Jrrk_faceswap.npz,-2.120241403579712,-2.120241403579712,4.840607166290283,1
FakeVideo-RealAudio/African/men/id01779/00010_id01856_6Q2f3b1QNRM.npz,-2.0080692768096924,-2.0080692768096924,4.888126850128174,1
FakeVideo-RealAudio/African/men/id01779/00010_id01933_wavtolip.npz,-3.0961966514587402,-3.0961966514587402,4.695361614227295,1
FakeVideo-RealAudio/African/men/id01779/00010_id02268_irA9myDvW-I.npz,-1.9952000379562378,-1.9952000379562378,4.9106011390686035,1
FakeVideo-RealAudio/African/men/id01779/00010_id02494_lObg47hQleE.npz,-2.0170717239379883,-2.0170717239379883,4.888913154602051,1
FakeVideo-RealAudio/African/men/id01779/00010_id04727_wavtolip.npz,-2.064744234085083,-2.064744234085083,4.482254505157471,1
FakeVideo-RealAudio/African/men/id01179/00160_id00076_wavtolip.npz,-3.3559064865112305,-3.3559064865112305,4.6826252937316895,1
FakeVideo-RealAudio/African/men/id01179/00160_id00166_PQV2ZbJBLNk.npz,-1.4100677967071533,-1.4100677967071533,4.734527587890625,1
FakeVideo-RealAudio/African/men/id01179/00160_id00166_wavtolip.npz,-2.448122501373291,-2.448122501373291,4.742218017578125,1
FakeVideo-RealAudio/African/men/id01179/00160_id00366_wavtolip.npz,-2.205930471420288,-2.205930471420288,4.6953816413879395,1
FakeVideo-RealAudio/African/men/id01179/00160_id00391_TjJgUZaenWI.npz,-1.4628607034683228,-1.4628607034683228,4.700366497039795,1
FakeVideo-RealAudio/African/men/id01179/00160_id00391_wavtolip.npz,-3.3741466999053955,-3.3741466999053955,4.756719589233398,1
FakeVideo-RealAudio/African/men/id01179/00160_id00476_UgdYVJ6xPYg.npz,-1.2143794298171997,-1.2143794298171997,4.6999125480651855,1
FakeVideo-RealAudio/African/men/id01179/00160_id00987_wavtolip.npz,-2.315966844558716,-2.315966844558716,4.7075724601745605,1
FakeVideo-RealAudio/African/men/id01179/00160_id01170_7eoTTk4xyNo.npz,-1.264945387840271,-1.264945387840271,4.7274932861328125,1
FakeVideo-RealAudio/African/men/id01179/00160_id01179_wavtolip.npz,-1.657125473022461,-1.657125473022461,4.654204368591309,1
FakeVideo-RealAudio/African/men/id01179/00160_id01207_mt129WTRSII.npz,-1.5247557163238525,-1.5247557163238525,4.697399616241455,1
FakeVideo-RealAudio/African/men/id01179/00160_id01236_wavtolip.npz,-2.940478563308716,-2.940478563308716,4.489246368408203,1
FakeVideo-RealAudio/African/men/id01179/00160_id01544_wavtolip.npz,-3.852269172668457,-3.852269172668457,4.505253314971924,1
FakeVideo-RealAudio/African/men/id01179/00160_id01637_5VjcPZm8knM.npz,-1.494592308998108,-1.494592308998108,4.722702980041504,1
FakeVideo-RealAudio/African/men/id01179/00160_id01920_wavtolip.npz,-3.323456287384033,-3.323456287384033,4.718851089477539,1
FakeVideo-RealAudio/African/men/id01179/00160_id02005_7_Egh9mW5y4.npz,-1.1654421091079712,-1.1654421091079712,4.704954624176025,1
FakeVideo-RealAudio/African/men/id01179/00160_id02005_7_Egh9mW5y4_faceswap.npz,-1.7297985553741455,-1.7297985553741455,4.75083589553833,1
FakeVideo-RealAudio/African/men/id01179/00160_id02040_wavtolip.npz,-3.131476402282715,-3.131476402282715,4.522069931030273,1
FakeVideo-RealAudio/African/men/id01179/00160_id02342_RJPBPhJB8TA.npz,-1.214242935180664,-1.214242935180664,4.721877574920654,1
FakeVideo-RealAudio/African/men/id01528/00017_id00166_wavtolip.npz,-2.614370822906494,-2.614370822906494,4.9637298583984375,1
FakeVideo-RealAudio/African/men/id01528/00017_id00478_wavtolip.npz,-1.773706078529358,-1.773706078529358,4.9848456382751465,1
FakeVideo-RealAudio/African/men/id01528/00017_id00518_qm7oQcDg4oI.npz,-1.5197700262069702,-1.5197700262069702,5.0200605392456055,1
FakeVideo-RealAudio/African/men/id01528/00017_id00518_wavtolip.npz,-2.534158229827881,-2.534158229827881,4.627463340759277,1
FakeVideo-RealAudio/African/men/id01528/00017_id00944_DiW5D62667U.npz,-2.0193612575531006,-2.0193612575531006,4.983937740325928,1
FakeVideo-RealAudio/African/men/id01528/00017_id01076_wavtolip.npz,-2.2545130252838135,-2.2545130252838135,4.618110656738281,1
FakeVideo-RealAudio/African/men/id01528/00017_id01207_mt129WTRSII.npz,-2.172147750854492,-2.172147750854492,4.9741597175598145,1
FakeVideo-RealAudio/African/men/id01528/00017_id01236_7WdumGR5-JM.npz,-1.9081640243530273,-1.9081640243530273,5.018269062042236,1
FakeVideo-RealAudio/African/men/id01528/00017_id01392_wavtolip.npz,-1.8226172924041748,-1.8226172924041748,4.9899115562438965,1
FakeVideo-RealAudio/African/men/id01528/00017_id01452_4MqeoSxSy3w.npz,-2.0516321659088135,-2.0516321659088135,4.969236373901367,1
FakeVideo-RealAudio/African/men/id01528/00017_id01452_4MqeoSxSy3w_faceswap.npz,-2.037935256958008,-2.037935256958008,5.000771999359131,1
FakeVideo-RealAudio/African/men/id01528/00017_id01528_wavtolip.npz,-2.3648123741149902,-2.3648123741149902,5.032976150512695,1
FakeVideo-RealAudio/African/men/id01528/00017_id01597_52WEZxe4_GE.npz,-2.042726755142212,-2.042726755142212,5.009408950805664,1
FakeVideo-RealAudio/African/men/id01528/00017_id01779_wavtolip.npz,-1.2769849300384521,-1.2769849300384521,4.847561836242676,1
FakeVideo-RealAudio/African/men/id01528/00017_id01835_wavtolip.npz,-1.575398564338684,-1.575398564338684,4.985344409942627,1
FakeVideo-RealAudio/African/men/id01528/00017_id01920_wavtolip.npz,-2.737635612487793,-2.737635612487793,4.958632946014404,1
FakeVideo-RealAudio/African/men/id01528/00017_id01933_I5XXxgK7QpE.npz,-1.1658596992492676,-1.1658596992492676,5.017045021057129,1
FakeVideo-RealAudio/African/men/id01528/00017_id01972_hBYoeQTm8ZQ.npz,-2.214256525039673,-2.214256525039673,4.941832542419434,1
FakeVideo-RealAudio/African/men/id01528/00017_id02268_wavtolip.npz,-2.3757083415985107,-2.3757083415985107,4.945096969604492,1
FakeVideo-RealAudio/African/men/id00076/00109_1.npz,-2.5117974281311035,-2.5117974281311035,5.217933177947998,1
FakeVideo-RealAudio/African/men/id00076/00109_10.npz,-1.7431539297103882,-1.7431539297103882,4.564937114715576,1
FakeVideo-RealAudio/African/men/id00076/00109_11.npz,-2.232532262802124,-2.232532262802124,5.463197231292725,1
FakeVideo-RealAudio/African/men/id00076/00109_12.npz,-2.96653413772583,-2.96653413772583,4.496216297149658,1
FakeVideo-RealAudio/African/men/id00076/00109_2.npz,-2.614795684814453,-2.614795684814453,4.4849772453308105,1
FakeVideo-RealAudio/African/men/id00076/00109_3.npz,-3.0789222717285156,-3.0789222717285156,4.723697185516357,1
FakeVideo-RealAudio/African/men/id00076/00109_4.npz,-3.5896050930023193,-3.5896050930023193,4.8185715675354,1
FakeVideo-RealAudio/African/men/id00076/00109_6.npz,-2.1206753253936768,-2.1206753253936768,4.696386814117432,1
FakeVideo-RealAudio/African/men/id00076/00109_7.npz,-3.7309751510620117,-3.7309751510620117,4.821538925170898,1
FakeVideo-RealAudio/African/men/id00076/00109_8.npz,-2.212522268295288,-2.212522268295288,4.669860363006592,1
FakeVideo-RealAudio/African/men/id00076/00109_9.npz,-3.6547248363494873,-3.6547248363494873,4.521970748901367,1
FakeVideo-RealAudio/African/men/id00076/00109_id00166_wavtolip.npz,-3.543760299682617,-3.543760299682617,4.9829912185668945,1
FakeVideo-RealAudio/African/men/id00076/00109_id00173_UHoMXLSjlDo.npz,-2.932514190673828,-2.932514190673828,5.335705280303955,1
FakeVideo-RealAudio/African/men/id00076/00109_id00366_RSOgEoek8WM.npz,-2.782851219177246,-2.782851219177246,5.3768086433410645,1
FakeVideo-RealAudio/African/men/id00076/00109_id00475_wavtolip.npz,-1.5986896753311157,-1.5986896753311157,5.2416205406188965,1
FakeVideo-RealAudio/African/men/id00076/00109_id00761_wavtolip.npz,-3.1772148609161377,-3.1772148609161377,5.125298976898193,1
FakeVideo-RealAudio/African/men/id00076/00109_id00830_rfl3Teg9uew.npz,-2.5172319412231445,-2.5172319412231445,5.348821640014648,1
FakeVideo-RealAudio/African/men/id00076/00109_id01036_AohKaMtIHxA.npz,-2.7276785373687744,-2.7276785373687744,5.330960750579834,1
FakeVideo-RealAudio/African/men/id00076/00109_id01076_wavtolip.npz,-3.452324390411377,-3.452324390411377,4.618417263031006,1
FakeVideo-RealAudio/African/men/id00076/00109_id01207_mt129WTRSII.npz,-3.314251184463501,-3.314251184463501,5.3425421714782715,1
FakeVideo-RealAudio/African/men/id00076/00109_id01544_uBo9585VW2A.npz,-2.8838469982147217,-2.8838469982147217,5.380576133728027,1
FakeVideo-RealAudio/African/men/id00076/00109_id01544_wavtolip.npz,-3.863785743713379,-3.863785743713379,4.502458572387695,1
FakeVideo-RealAudio/African/men/id00076/00109_id01597_wavtolip.npz,-3.0969252586364746,-3.0969252586364746,4.831779479980469,1
FakeVideo-RealAudio/African/men/id00076/00109_id01717_wavtolip.npz,-1.6118834018707275,-1.6118834018707275,4.6356120109558105,1
FakeVideo-RealAudio/African/men/id00076/00109_id01972_wavtolip.npz,-2.717618465423584,-2.717618465423584,4.49507474899292,1
FakeVideo-RealAudio/African/men/id00076/00109_id01995_YUR9wTypwIo.npz,-3.056396007537842,-3.056396007537842,5.359445095062256,1
FakeVideo-RealAudio/African/men/id00076/00109_id02005_7_Egh9mW5y4.npz,-3.1309943199157715,-3.1309943199157715,5.367084980010986,1
FakeVideo-RealAudio/African/men/id00076/00109_id02296_wavtolip.npz,-2.1728291511535645,-2.1728291511535645,4.730818748474121,1
FakeVideo-RealAudio/African/men/id00076/00109_id02342_RJPBPhJB8TA.npz,-2.9174346923828125,-2.9174346923828125,5.369024753570557,1
FakeVideo-RealAudio/African/men/id00076/00109_id02342_wavtolip.npz,-3.478086471557617,-3.478086471557617,4.941747665405273,1
FakeVideo-RealAudio/African/men/id00076/00109_id04727_AAnyugIAXao.npz,-3.2469682693481445,-3.2469682693481445,5.373096466064453,1
FakeVideo-RealAudio/African/men/id02268/00036_id00475_wavtolip.npz,-1.271398901939392,-1.271398901939392,5.086038589477539,1
FakeVideo-RealAudio/African/men/id02268/00036_id00478_wavtolip.npz,-1.920837640762329,-1.920837640762329,5.11386775970459,1
FakeVideo-RealAudio/African/men/id02268/00036_id00830_wavtolip.npz,-2.281917095184326,-2.281917095184326,5.051559925079346,1
FakeVideo-RealAudio/African/men/id02268/00036_id01036_wavtolip.npz,-1.299316167831421,-1.299316167831421,5.078053951263428,1
FakeVideo-RealAudio/African/men/id02268/00036_id01236_7WdumGR5-JM.npz,-3.5472614765167236,-3.5472614765167236,5.030989170074463,1
FakeVideo-RealAudio/African/men/id02268/00036_id01452_wavtolip.npz,-1.744140386581421,-1.744140386581421,4.765748977661133,1
FakeVideo-RealAudio/African/men/id02268/00036_id01521_jthjSmLdLOg.npz,-3.427027702331543,-3.427027702331543,5.028894424438477,1
FakeVideo-RealAudio/African/men/id02268/00036_id01521_wavtolip.npz,-2.334242820739746,-2.334242820739746,4.52722692489624,1
FakeVideo-RealAudio/African/men/id02268/00036_id01528_wavtolip.npz,-2.4176602363586426,-2.4176602363586426,5.002222537994385,1
FakeVideo-RealAudio/African/men/id02268/00036_id01610_wavtolip.npz,-2.697455883026123,-2.697455883026123,4.920544147491455,1
FakeVideo-RealAudio/African/men/id02268/00036_id01691_IVtS5z8Jrrk.npz,-3.6519274711608887,-3.6519274711608887,5.022976398468018,1
FakeVideo-RealAudio/African/men/id02268/00036_id01717_wavtolip.npz,-2.3369271755218506,-2.3369271755218506,4.608745098114014,1
FakeVideo-RealAudio/African/men/id02268/00036_id01779_wavtolip.npz,-1.9357399940490723,-1.9357399940490723,4.849939823150635,1
FakeVideo-RealAudio/African/men/id02268/00036_id01835_UZbWA0QfXXA.npz,-3.39115571975708,-3.39115571975708,5.044285297393799,1
FakeVideo-RealAudio/African/men/id02268/00036_id01856_6Q2f3b1QNRM.npz,-3.4152603149414062,-3.4152603149414062,5.0319037437438965,1
FakeVideo-RealAudio/African/men/id02268/00036_id02296_IAgOrCuY8vU.npz,-3.544398784637451,-3.544398784637451,5.027040481567383,1
FakeVideo-RealAudio/African/men/id02268/00036_id02494_lObg47hQleE.npz,-3.516488552093506,-3.516488552093506,5.028759002685547,1
FakeVideo-RealAudio/African/men/id01170/00021_id00173_wavtolip.npz,-2.757988691329956,-2.757988691329956,4.810800552368164,1
FakeVideo-RealAudio/African/men/id01170/00021_id00391_TjJgUZaenWI.npz,-2.498181104660034,-2.498181104660034,4.999918460845947,1
FakeVideo-RealAudio/African/men/id01170/00021_id00476_wavtolip.npz,-3.130768299102783,-3.130768299102783,5.032873630523682,1
FakeVideo-RealAudio/African/men/id01170/00021_id00830_rfl3Teg9uew.npz,-2.560844898223877,-2.560844898223877,5.0030670166015625,1
FakeVideo-RealAudio/African/men/id01170/00021_id00944_wavtolip.npz,-2.8102357387542725,-2.8102357387542725,4.89155387878418,1
FakeVideo-RealAudio/African/men/id01170/00021_id00987_wavtolip.npz,-3.7634098529815674,-3.7634098529815674,5.0085768699646,1
FakeVideo-RealAudio/African/men/id01170/00021_id01171_XSINMRoTb0E.npz,-3.1421868801116943,-3.1421868801116943,5.014900207519531,1
FakeVideo-RealAudio/African/men/id01170/00021_id01392_fF-g0KFJ7lg.npz,-2.69844388961792,-2.69844388961792,5.027834415435791,1
FakeVideo-RealAudio/African/men/id01170/00021_id01521_wavtolip.npz,-3.1657752990722656,-3.1657752990722656,4.505289077758789,1
FakeVideo-RealAudio/African/men/id01170/00021_id01597_52WEZxe4_GE.npz,-2.6342692375183105,-2.6342692375183105,5.034140110015869,1
FakeVideo-RealAudio/African/men/id01170/00021_id01610_l8zb_iaDJJA.npz,-3.116868019104004,-3.116868019104004,5.024926662445068,1
FakeVideo-RealAudio/African/men/id01170/00021_id01610_wavtolip.npz,-2.90484619140625,-2.90484619140625,4.90896463394165,1
FakeVideo-RealAudio/African/men/id01170/00021_id01835_wavtolip.npz,-2.8782949447631836,-2.8782949447631836,5.025039196014404,1
FakeVideo-RealAudio/African/men/id01170/00021_id01933_I5XXxgK7QpE.npz,-2.9577646255493164,-2.9577646255493164,4.988646984100342,1
FakeVideo-RealAudio/African/men/id01170/00021_id01933_I5XXxgK7QpE_faceswap.npz,-3.976010799407959,-3.976010799407959,5.01458740234375,1
FakeVideo-RealAudio/African/men/id01170/00021_id02051_wavtolip.npz,-2.029554843902588,-2.029554843902588,4.532341003417969,1
FakeVideo-RealAudio/African/men/id01170/00021_id02296_wavtolip.npz,-2.826578378677368,-2.826578378677368,4.731681823730469,1
FakeVideo-RealAudio/African/men/id01170/00021_id02316_wavtolip.npz,-2.7007052898406982,-2.7007052898406982,4.811886310577393,1
FakeVideo-RealAudio/African/men/id01170/00021_id04727_AAnyugIAXao.npz,-2.684549331665039,-2.684549331665039,5.009018421173096,1
FakeVideo-RealAudio/African/men/id01637/00002_0.npz,-1.6380815505981445,-1.6380815505981445,5.270978927612305,1
FakeVideo-RealAudio/African/men/id01637/00002_00.npz,-1.3114190101623535,-1.3114190101623535,5.208652019500732,1
FakeVideo-RealAudio/African/men/id01637/00002_1.npz,-2.681734085083008,-2.681734085083008,4.4993367195129395,1
FakeVideo-RealAudio/African/men/id01637/00002_2.npz,-3.6197023391723633,-3.6197023391723633,4.7619309425354,1
FakeVideo-RealAudio/African/men/id01637/00002_3.npz,-3.836954116821289,-3.836954116821289,4.862159252166748,1
FakeVideo-RealAudio/African/men/id01637/00002_id00166_PQV2ZbJBLNk.npz,-2.79736328125,-2.79736328125,4.807737350463867,1
FakeVideo-RealAudio/African/men/id01637/00002_id00166_wavtolip.npz,-2.577474355697632,-2.577474355697632,4.851616382598877,1
FakeVideo-RealAudio/African/men/id01637/00002_id00366_RSOgEoek8WM.npz,-2.2366182804107666,-2.2366182804107666,4.848878860473633,1
FakeVideo-RealAudio/African/men/id01637/00002_id00944_DiW5D62667U.npz,-2.1922836303710938,-2.1922836303710938,4.858225345611572,1
FakeVideo-RealAudio/African/men/id01637/00002_id01036_wavtolip.npz,-2.510509729385376,-2.510509729385376,4.861837863922119,1
FakeVideo-RealAudio/African/men/id01637/00002_id01170_7eoTTk4xyNo.npz,-2.2195982933044434,-2.2195982933044434,4.857059955596924,1
FakeVideo-RealAudio/African/men/id01637/00002_id01544_wavtolip.npz,-3.0811927318573,-3.0811927318573,4.501677513122559,1
FakeVideo-RealAudio/African/men/id01637/00002_id01597_wavtolip.npz,-1.900933027267456,-1.900933027267456,4.830953598022461,1
FakeVideo-RealAudio/African/men/id01637/00002_id01598_wavtolip.npz,-2.3132681846618652,-2.3132681846618652,4.7029643058776855,1
FakeVideo-RealAudio/African/men/id01637/00002_id01610_l8zb_iaDJJA.npz,-3.29044508934021,-3.29044508934021,4.862282752990723,1
FakeVideo-RealAudio/African/men/id01637/00002_id01691_wavtolip.npz,-2.5023751258850098,-2.5023751258850098,4.8517913818359375,1
FakeVideo-RealAudio/African/men/id01637/00002_id01835_wavtolip.npz,-2.6543490886688232,-2.6543490886688232,4.822844982147217,1
FakeVideo-RealAudio/African/men/id01637/00002_id01920_w9C_knCPD94.npz,-1.4451079368591309,-1.4451079368591309,4.870555877685547,1
FakeVideo-RealAudio/African/men/id01637/00002_id01933_wavtolip.npz,-2.2867534160614014,-2.2867534160614014,4.698965072631836,1
FakeVideo-RealAudio/African/men/id01637/00002_id02005_7_Egh9mW5y4.npz,-2.1497464179992676,-2.1497464179992676,4.871340751647949,1
FakeVideo-RealAudio/African/men/id01637/00002_id02316_wavtolip.npz,-0.6850616931915283,-0.6850616931915283,4.786811351776123,1
FakeVideo-RealAudio/African/men/id01637/00002_id02494_lObg47hQleE.npz,-2.532573938369751,-2.532573938369751,4.893617153167725,1
FakeVideo-RealAudio/African/men/id01637/00002_id02494_wavtolip.npz,-2.1249992847442627,-2.1249992847442627,4.5915679931640625,1
FakeVideo-RealAudio/African/men/id02051/00015_id00173_UHoMXLSjlDo.npz,-2.268251419067383,-2.268251419067383,4.52385139465332,1
FakeVideo-RealAudio/African/men/id02051/00015_id00476_wavtolip.npz,-2.404489040374756,-2.404489040374756,4.534054279327393,1
FakeVideo-RealAudio/African/men/id02051/00015_id00701_lW6uzLIOwd0.npz,-1.5376276969909668,-1.5376276969909668,4.505132675170898,1
FakeVideo-RealAudio/African/men/id02051/00015_id00761_wavtolip.npz,-1.8425629138946533,-1.8425629138946533,4.566944599151611,1
FakeVideo-RealAudio/African/men/id02051/00015_id01170_wavtolip.npz,-2.775214672088623,-2.775214672088623,4.572841644287109,1
FakeVideo-RealAudio/African/men/id02051/00015_id01236_wavtolip.npz,-2.255877733230591,-2.255877733230591,4.460400581359863,1
FakeVideo-RealAudio/African/men/id02051/00015_id01392_wavtolip.npz,-2.3072829246520996,-2.3072829246520996,4.630866050720215,1
FakeVideo-RealAudio/African/men/id02051/00015_id01521_jthjSmLdLOg.npz,-1.4540330171585083,-1.4540330171585083,4.538126468658447,1
FakeVideo-RealAudio/African/men/id02051/00015_id01530_wavtolip.npz,-2.2702744007110596,-2.2702744007110596,4.53552770614624,1
FakeVideo-RealAudio/African/men/id02051/00015_id01598_wavtolip.npz,-1.9914791584014893,-1.9914791584014893,4.546446800231934,1
FakeVideo-RealAudio/African/men/id02051/00015_id01610_l8zb_iaDJJA.npz,-1.8889400959014893,-1.8889400959014893,4.526232719421387,1
FakeVideo-RealAudio/African/men/id02051/00015_id01835_UZbWA0QfXXA.npz,-1.9855157136917114,-1.9855157136917114,4.536257266998291,1
FakeVideo-RealAudio/African/men/id02051/00015_id01920_w9C_knCPD94.npz,-1.8627533912658691,-1.8627533912658691,4.51672887802124,1
FakeVideo-RealAudio/African/men/id02051/00015_id01972_wavtolip.npz,-2.7229926586151123,-2.7229926586151123,4.54150390625,1
FakeVideo-RealAudio/African/men/id02051/00015_id01995_YUR9wTypwIo.npz,-1.7181825637817383,-1.7181825637817383,4.515740871429443,1
FakeVideo-RealAudio/African/men/id02051/00015_id02005_wavtolip.npz,-2.583735466003418,-2.583735466003418,4.559985160827637,1
FakeVideo-RealAudio/African/men/id02051/00015_id02040_wl6EVkamZFQ.npz,-2.2593741416931152,-2.2593741416931152,4.526198863983154,1
FakeVideo-RealAudio/African/men/id02051/00015_id02268_wavtolip.npz,-2.549888849258423,-2.549888849258423,4.551395893096924,1
FakeVideo-RealAudio/African/men/id00366/00118_id00076_Isiq7cA-DNE.npz,-2.1305294036865234,-2.1305294036865234,5.260313034057617,1
FakeVideo-RealAudio/African/men/id00366/00118_id00076_Isiq7cA-DNE_faceswap.npz,-3.3968915939331055,-3.3968915939331055,5.2526750564575195,1
FakeVideo-RealAudio/African/men/id00366/00118_id00076_wavtolip.npz,-1.4226512908935547,-1.4226512908935547,5.236974239349365,1
FakeVideo-RealAudio/African/men/id00366/00118_id00166_wavtolip.npz,-2.1945316791534424,-2.1945316791534424,4.973095417022705,1
FakeVideo-RealAudio/African/men/id00366/00118_id00173_wavtolip.npz,-2.9335827827453613,-2.9335827827453613,4.833594799041748,1
FakeVideo-RealAudio/African/men/id00366/00118_id00391_wavtolip.npz,-2.93328595161438,-2.93328595161438,5.297745704650879,1
FakeVideo-RealAudio/African/men/id00366/00118_id00475_wavtolip.npz,-1.1084072589874268,-1.1084072589874268,5.283902645111084,1
FakeVideo-RealAudio/African/men/id00366/00118_id00476_UgdYVJ6xPYg.npz,-2.660984754562378,-2.660984754562378,5.253591060638428,1
FakeVideo-RealAudio/African/men/id00366/00118_id00781_fvsSae9yc0A.npz,-2.142289876937866,-2.142289876937866,5.298480987548828,1
FakeVideo-RealAudio/African/men/id00366/00118_id00987_wavtolip.npz,-2.294044017791748,-2.294044017791748,5.2940192222595215,1
FakeVideo-RealAudio/African/men/id00366/00118_id01076_wavtolip.npz,-3.048616647720337,-3.048616647720337,4.667878150939941,1
FakeVideo-RealAudio/African/men/id00366/00118_id01170_wavtolip.npz,-2.7636101245880127,-2.7636101245880127,5.056384086608887,1
FakeVideo-RealAudio/African/men/id00366/00118_id01171_wavtolip.npz,-3.419015884399414,-3.419015884399414,4.708303928375244,1
FakeVideo-RealAudio/African/men/id00366/00118_id01207_mt129WTRSII.npz,-2.6096863746643066,-2.6096863746643066,5.261050701141357,1
FakeVideo-RealAudio/African/men/id00366/00118_id01207_wavtolip.npz,-1.9712789058685303,-1.9712789058685303,4.644297122955322,1
FakeVideo-RealAudio/African/men/id00366/00118_id01452_wavtolip.npz,-2.597477436065674,-2.597477436065674,4.73550271987915,1
FakeVideo-RealAudio/African/men/id00366/00118_id01544_uBo9585VW2A.npz,-3.0415148735046387,-3.0415148735046387,5.258313179016113,1
FakeVideo-RealAudio/African/men/id00366/00118_id01610_wavtolip.npz,-2.023344039916992,-2.023344039916992,4.933284759521484,1
FakeVideo-RealAudio/African/men/id00366/00118_id01637_5VjcPZm8knM.npz,-2.519726276397705,-2.519726276397705,5.265084743499756,1
FakeVideo-RealAudio/African/men/id00366/00118_id01637_wavtolip.npz,-3.2275946140289307,-3.2275946140289307,4.900327205657959,1
FakeVideo-RealAudio/African/men/id00366/00118_id01691_IVtS5z8Jrrk.npz,-3.049185276031494,-3.049185276031494,5.255682468414307,1
FakeVideo-RealAudio/African/men/id00366/00118_id01691_wavtolip.npz,-2.7567458152770996,-2.7567458152770996,5.2601165771484375,1
FakeVideo-RealAudio/African/men/id00366/00118_id01717_JDW6p8yU13A.npz,-2.778409481048584,-2.778409481048584,5.277647018432617,1
FakeVideo-RealAudio/African/men/id00366/00118_id01779_wavtolip.npz,-2.0153191089630127,-2.0153191089630127,4.8467020988464355,1
FakeVideo-RealAudio/African/men/id00366/00118_id01920_w9C_knCPD94.npz,-2.1180644035339355,-2.1180644035339355,5.256233215332031,1
FakeVideo-RealAudio/African/men/id00366/00118_id01933_wavtolip.npz,-2.884777784347534,-2.884777784347534,4.713512897491455,1
FakeVideo-RealAudio/African/men/id00366/00118_id01972_wavtolip.npz,-1.3364958763122559,-1.3364958763122559,4.51142692565918,1
FakeVideo-RealAudio/African/men/id00366/00118_id02005_7_Egh9mW5y4.npz,-2.6160101890563965,-2.6160101890563965,5.265530109405518,1
FakeVideo-RealAudio/African/men/id00366/00118_id02040_wavtolip.npz,-2.3794174194335938,-2.3794174194335938,4.579964637756348,1
FakeVideo-RealAudio/African/men/id00366/00118_id02494_wavtolip.npz,-2.743813991546631,-2.743813991546631,4.636159896850586,1
FakeVideo-RealAudio/African/men/id00366/00118_id04727_wavtolip.npz,-2.0136380195617676,-2.0136380195617676,4.553269386291504,1
FakeVideo-RealAudio/African/women/id00359/00053_id00460_wavtolip.npz,-1.4423408508300781,-1.4423408508300781,4.485268592834473,1
FakeVideo-RealAudio/African/women/id00359/00053_id00568_wavtolip.npz,-2.0587410926818848,-2.0587410926818848,4.4437713623046875,1
FakeVideo-RealAudio/African/women/id00359/00053_id01532_wavtolip.npz,-1.7985649108886719,-1.7985649108886719,4.418015003204346,1
FakeVideo-RealAudio/African/women/id00359/00053_id01838_q_lUk55OrL0.npz,-2.9099130630493164,-2.9099130630493164,4.444840431213379,1
FakeVideo-RealAudio/African/women/id00359/00053_id01838_q_lUk55OrL0_faceswap.npz,-3.1547579765319824,-3.1547579765319824,4.49431848526001,1
FakeVideo-RealAudio/African/women/id00359/00053_id02071_cHuDh9F87vA.npz,-3.006929397583008,-3.006929397583008,4.4724650382995605,1
FakeVideo-RealAudio/African/women/id00359/00053_id02508_wavtolip.npz,-1.7305583953857422,-1.7305583953857422,4.474959850311279,1
FakeVideo-RealAudio/African/women/id00359/00053_id02586_dEYzYDsbAeo.npz,-3.189173698425293,-3.189173698425293,4.49084997177124,1
FakeVideo-RealAudio/African/women/id00359/00053_id02838_kaCQlSGlLe8.npz,-3.4895105361938477,-3.4895105361938477,4.463942050933838,1
FakeVideo-RealAudio/African/women/id00359/00053_id02838_wavtolip.npz,-2.1920459270477295,-2.1920459270477295,4.488840579986572,1
FakeVideo-RealAudio/African/women/id00359/00053_id03103_wavtolip.npz,-1.788550853729248,-1.788550853729248,4.452587127685547,1
FakeVideo-RealAudio/African/women/id00359/00053_id04374_wavtolip.npz,-0.930042028427124,-0.930042028427124,4.459310531616211,1
FakeVideo-RealAudio/African/women/id00359/00053_id04376_wavtolip.npz,-2.172297716140747,-2.172297716140747,4.47132682800293,1
FakeVideo-RealAudio/African/women/id00359/00053_id04540_wavtolip.npz,-1.1779520511627197,-1.1779520511627197,4.434164524078369,1
FakeVideo-RealAudio/African/women/id00359/00053_id04547_3Qy2g2M47Aw.npz,-2.5990638732910156,-2.5990638732910156,4.481950283050537,1
FakeVideo-RealAudio/African/women/id00359/00053_id04547_wavtolip.npz,-1.7189662456512451,-1.7189662456512451,4.522856712341309,1
FakeVideo-RealAudio/African/women/id00359/00053_id04820_64ybrA1atlM.npz,-2.834684371948242,-2.834684371948242,4.449851989746094,1
FakeVideo-RealAudio/African/women/id00359/00053_id05106_ZnnDdjlABM4.npz,-3.0236783027648926,-3.0236783027648926,4.457171440124512,1
FakeVideo-RealAudio/African/women/id00359/00053_id05980_bbg4HtuM_jo.npz,-3.229825019836426,-3.229825019836426,4.457319736480713,1
FakeVideo-RealAudio/African/women/id01907/00148_0.npz,-4.041043281555176,-4.041043281555176,4.736025333404541,1
FakeVideo-RealAudio/African/women/id01907/00148_id00220_WlHLlTQKj8g.npz,-2.1362173557281494,-2.1362173557281494,4.587124824523926,1
FakeVideo-RealAudio/African/women/id01907/00148_id00371_t20i0HtPwW0.npz,-1.8963837623596191,-1.8963837623596191,4.628181457519531,1
FakeVideo-RealAudio/African/women/id01907/00148_id00829_aMEvVaUBq2Y.npz,-2.7632815837860107,-2.7632815837860107,4.583901882171631,1
FakeVideo-RealAudio/African/women/id01907/00148_id00829_wavtolip.npz,-1.9940797090530396,-1.9940797090530396,4.718856334686279,1
FakeVideo-RealAudio/African/women/id01907/00148_id00832_Jr4-dXRChME.npz,-2.189748525619507,-2.189748525619507,4.605734825134277,1
FakeVideo-RealAudio/African/women/id01907/00148_id01178_wavtolip.npz,-2.9370431900024414,-2.9370431900024414,4.667928695678711,1
FakeVideo-RealAudio/African/women/id01907/00148_id01532_XnlWp_s_f7Q.npz,-2.2121987342834473,-2.2121987342834473,4.656397342681885,1
FakeVideo-RealAudio/African/women/id01907/00148_id01532_wavtolip.npz,-3.1705265045166016,-3.1705265045166016,4.677491188049316,1
FakeVideo-RealAudio/African/women/id01907/00148_id02948_wavtolip.npz,-1.1698529720306396,-1.1698529720306396,4.538051605224609,1
FakeVideo-RealAudio/African/women/id01907/00148_id03658_wavtolip.npz,-2.584735631942749,-2.584735631942749,4.67975378036499,1
FakeVideo-RealAudio/African/women/id01907/00148_id04376_wavtolip.npz,-2.1860153675079346,-2.1860153675079346,4.725586891174316,1
FakeVideo-RealAudio/African/women/id01907/00148_id04689_wavtolip.npz,-2.9604601860046387,-2.9604601860046387,4.6926069259643555,1
FakeVideo-RealAudio/African/women/id01907/00148_id04705_ziJ9JsYr4R0.npz,-2.3478379249572754,-2.3478379249572754,4.631529331207275,1
FakeVideo-RealAudio/African/women/id01907/00148_id04820_wavtolip.npz,-2.161048173904419,-2.161048173904419,4.640261173248291,1
FakeVideo-RealAudio/African/women/id01907/00148_id05231_wavtolip.npz,-2.3241190910339355,-2.3241190910339355,4.69465446472168,1
FakeVideo-RealAudio/African/women/id01907/00148_id05235_ASy8lP3SRtw.npz,-2.0354669094085693,-2.0354669094085693,4.6144866943359375,1
FakeVideo-RealAudio/African/women/id01907/00148_id05235_ASy8lP3SRtw_faceswap.npz,-2.5439939498901367,-2.5439939498901367,4.632637023925781,1
FakeVideo-RealAudio/African/women/id01907/00148_id05252_CMxIX3absYM.npz,-1.7034037113189697,-1.7034037113189697,4.639346599578857,1
FakeVideo-RealAudio/African/women/id01907/00148_id05252_wavtolip.npz,-2.8323941230773926,-2.8323941230773926,4.716513156890869,1
FakeVideo-RealAudio/African/women/id01661/00059.npz,-1.7780297994613647,-1.7780297994613647,4.411486625671387,1
FakeVideo-RealAudio/African/women/id01661/00059_id00371_t20i0HtPwW0.npz,-1.4037563800811768,-1.4037563800811768,4.484911918640137,1
FakeVideo-RealAudio/African/women/id01661/00059_id00460_wavtolip.npz,-1.8152954578399658,-1.8152954578399658,4.523857116699219,1
FakeVideo-RealAudio/African/women/id01661/00059_id00568_wavtolip.npz,-1.9357293844223022,-1.9357293844223022,4.479541301727295,1
FakeVideo-RealAudio/African/women/id01661/00059_id01661_wavtolip.npz,-1.223304271697998,-1.223304271697998,4.466601848602295,1
FakeVideo-RealAudio/African/women/id01661/00059_id01783_WBUM0bHzWNA.npz,-1.3604049682617188,-1.3604049682617188,4.526591777801514,1
FakeVideo-RealAudio/African/women/id01661/00059_id01838_wavtolip.npz,-2.436077117919922,-2.436077117919922,4.474194049835205,1
FakeVideo-RealAudio/African/women/id01661/00059_id01907_LBcRkuRq0uY.npz,-0.958384096622467,-0.958384096622467,4.516230583190918,1
FakeVideo-RealAudio/African/women/id01661/00059_id02071_cHuDh9F87vA.npz,-1.2887077331542969,-1.2887077331542969,4.5191731452941895,1
FakeVideo-RealAudio/African/women/id01661/00059_id02721_wavtolip.npz,-2.1447081565856934,-2.1447081565856934,4.46021842956543,1
FakeVideo-RealAudio/African/women/id01661/00059_id02824_wavtolip.npz,-1.475644588470459,-1.475644588470459,4.518670558929443,1
FakeVideo-RealAudio/African/women/id01661/00059_id04055_0qrzF4HLXHY.npz,-0.9774385690689087,-0.9774385690689087,4.484906196594238,1
FakeVideo-RealAudio/African/women/id01661/00059_id04055_wavtolip.npz,-1.6966097354888916,-1.6966097354888916,4.518311500549316,1
FakeVideo-RealAudio/African/women/id01661/00059_id04689_wavtolip.npz,-2.0909459590911865,-2.0909459590911865,4.487149238586426,1
FakeVideo-RealAudio/African/women/id01661/00059_id04705_wavtolip.npz,-1.8834713697433472,-1.8834713697433472,4.475285530090332,1
FakeVideo-RealAudio/African/women/id01661/00059_id04820_wavtolip.npz,-2.953981399536133,-2.953981399536133,4.442491054534912,1
FakeVideo-RealAudio/African/women/id01661/00059_id04939_i4v2cXo9HIQ.npz,-1.4798870086669922,-1.4798870086669922,4.495567321777344,1
FakeVideo-RealAudio/African/women/id01661/00059_id05252_CMxIX3absYM.npz,-1.4780534505844116,-1.4780534505844116,4.493687152862549,1
FakeVideo-RealAudio/African/women/id03747/00273_0.npz,-1.638883352279663,-1.638883352279663,4.716277599334717,1
FakeVideo-RealAudio/African/women/id03747/00273_id00220_WlHLlTQKj8g.npz,-2.1994404792785645,-2.1994404792785645,5.6000895500183105,1
FakeVideo-RealAudio/African/women/id03747/00273_id00359_RZMQan-7me4.npz,-3.0075974464416504,-3.0075974464416504,5.580246925354004,1
FakeVideo-RealAudio/African/women/id03747/00273_id01661_wavtolip.npz,-1.0503449440002441,-1.0503449440002441,4.509622573852539,1
FakeVideo-RealAudio/African/women/id03747/00273_id01838_wavtolip.npz,-1.925288200378418,-1.925288200378418,5.21392297744751,1
FakeVideo-RealAudio/African/women/id03747/00273_id01907_wavtolip.npz,-1.6771743297576904,-1.6771743297576904,4.695885181427002,1
FakeVideo-RealAudio/African/women/id03747/00273_id02071_cHuDh9F87vA.npz,-3.369600296020508,-3.369600296020508,5.565066337585449,1
FakeVideo-RealAudio/African/women/id03747/00273_id02301_wavtolip.npz,-2.167938709259033,-2.167938709259033,4.498952388763428,1
FakeVideo-RealAudio/African/women/id03747/00273_id02617_wavtolip.npz,-1.0663245916366577,-1.0663245916366577,5.26471471786499,1
FakeVideo-RealAudio/African/women/id03747/00273_id02824_glBy_mYcXZw.npz,-2.1394026279449463,-2.1394026279449463,5.575699806213379,1
FakeVideo-RealAudio/African/women/id03747/00273_id02824_glBy_mYcXZw_faceswap.npz,-3.0351741313934326,-3.0351741313934326,5.573721885681152,1
FakeVideo-RealAudio/African/women/id03747/00273_id04055_wavtolip.npz,-2.353930950164795,-2.353930950164795,4.498379230499268,1
FakeVideo-RealAudio/African/women/id03747/00273_id04374_SWltOOZmlWM.npz,-2.486347198486328,-2.486347198486328,5.572517395019531,1
FakeVideo-RealAudio/African/women/id03747/00273_id04540_wavtolip.npz,-1.6398448944091797,-1.6398448944091797,4.7747602462768555,1
FakeVideo-RealAudio/African/women/id03747/00273_id04689_0YqK1ksKjLg.npz,-3.4331493377685547,-3.4331493377685547,5.566189289093018,1
FakeVideo-RealAudio/African/women/id03747/00273_id04736_wavtolip.npz,-2.1025924682617188,-2.1025924682617188,4.986311435699463,1
FakeVideo-RealAudio/African/women/id03747/00273_id04939_wavtolip.npz,-1.8040274381637573,-1.8040274381637573,4.792806625366211,1
FakeVideo-RealAudio/African/women/id03747/00273_id05231_wfbM5puT6eQ.npz,-2.7325572967529297,-2.7325572967529297,5.615362167358398,1
FakeVideo-RealAudio/African/women/id03747/00273_id05235_ASy8lP3SRtw.npz,-3.1851282119750977,-3.1851282119750977,5.579097747802734,1
FakeVideo-RealAudio/African/women/id03747/00273_id05251_wavtolip.npz,-1.7616041898727417,-1.7616041898727417,4.453489780426025,1
FakeVideo-RealAudio/African/women/id03713/00249_id00359_wavtolip.npz,-2.25465989112854,-2.25465989112854,4.4676384925842285,1
FakeVideo-RealAudio/African/women/id03713/00249_id00371_t20i0HtPwW0.npz,-2.3478128910064697,-2.3478128910064697,4.555239677429199,1
FakeVideo-RealAudio/African/women/id03713/00249_id00460_9sVM1Crx1FA.npz,-2.4724178314208984,-2.4724178314208984,4.571239471435547,1
FakeVideo-RealAudio/African/women/id03713/00249_id00568_wavtolip.npz,-1.0393788814544678,-1.0393788814544678,4.578561782836914,1
FakeVideo-RealAudio/African/women/id03713/00249_id01532_XnlWp_s_f7Q.npz,-2.2598536014556885,-2.2598536014556885,4.558821678161621,1
FakeVideo-RealAudio/African/women/id03713/00249_id01907_wavtolip.npz,-1.9317348003387451,-1.9317348003387451,4.553959846496582,1
FakeVideo-RealAudio/African/women/id03713/00249_id02301_wavtolip.npz,-2.7260639667510986,-2.7260639667510986,4.515375137329102,1
FakeVideo-RealAudio/African/women/id03713/00249_id02617_4EZjRXC4fLk_faceswap.npz,-2.4572348594665527,-2.4572348594665527,4.522594928741455,1
FakeVideo-RealAudio/African/women/id03713/00249_id02721_wavtolip.npz,-1.377124309539795,-1.377124309539795,4.5767011642456055,1
FakeVideo-RealAudio/African/women/id03713/00249_id02824_glBy_mYcXZw.npz,-3.2123618125915527,-3.2123618125915527,4.55602502822876,1
FakeVideo-RealAudio/African/women/id03713/00249_id02948_wavtolip.npz,-2.258330821990967,-2.258330821990967,4.570533275604248,1
FakeVideo-RealAudio/African/women/id03713/00249_id03103_wiCYm3THQPw.npz,-2.3643641471862793,-2.3643641471862793,4.57441520690918,1
FakeVideo-RealAudio/African/women/id03713/00249_id03658_8Wtu9VXKqjY.npz,-2.2855794429779053,-2.2855794429779053,4.559004306793213,1
FakeVideo-RealAudio/African/women/id03713/00249_id03713_wavtolip.npz,-2.483793258666992,-2.483793258666992,4.606256484985352,1
FakeVideo-RealAudio/African/women/id03713/00249_id04547_wavtolip.npz,-1.6420462131500244,-1.6420462131500244,4.593242645263672,1
FakeVideo-RealAudio/African/women/id03713/00249_id04689_wavtolip.npz,-1.83223295211792,-1.83223295211792,4.562893390655518,1
FakeVideo-RealAudio/African/women/id03713/00249_id04736__D2k4fMhEfQ.npz,-2.310925006866455,-2.310925006866455,4.550928115844727,1
FakeVideo-RealAudio/African/women/id03713/00249_id05231_wavtolip.npz,-1.7484915256500244,-1.7484915256500244,4.548181533813477,1
FakeVideo-RealAudio/African/women/id02721/00424_0.npz,-0.08505725860595703,-0.08505725860595703,4.953360080718994,1
FakeVideo-RealAudio/African/women/id02721/00424_id00371_t20i0HtPwW0.npz,-2.371147632598877,-2.371147632598877,4.741061687469482,1
FakeVideo-RealAudio/African/women/id02721/00424_id00568_gakhcJXnJZ8.npz,-1.8315367698669434,-1.8315367698669434,4.799135208129883,1
FakeVideo-RealAudio/African/women/id02721/00424_id00577_wavtolip.npz,-0.7527101039886475,-0.7527101039886475,4.741029739379883,1
FakeVideo-RealAudio/African/women/id02721/00424_id01838_wavtolip.npz,-1.5465445518493652,-1.5465445518493652,4.761581897735596,1
FakeVideo-RealAudio/African/women/id02721/00424_id02586_dEYzYDsbAeo.npz,-1.371387243270874,-1.371387243270874,4.826113700866699,1
FakeVideo-RealAudio/African/women/id02721/00424_id02586_wavtolip.npz,-1.9800238609313965,-1.9800238609313965,4.526460647583008,1
FakeVideo-RealAudio/African/women/id02721/00424_id02617_wavtolip.npz,-0.2286982536315918,-0.2286982536315918,4.76273775100708,1
FakeVideo-RealAudio/African/women/id02721/00424_id02808_nZtvxh6Eesc.npz,-1.5279793739318848,-1.5279793739318848,4.782618999481201,1
FakeVideo-RealAudio/African/women/id02721/00424_id02808_wavtolip.npz,-1.1798372268676758,-1.1798372268676758,4.791610240936279,1
FakeVideo-RealAudio/African/women/id02721/00424_id02824_wavtolip.npz,-1.4335737228393555,-1.4335737228393555,4.7456464767456055,1
FakeVideo-RealAudio/African/women/id02721/00424_id02838_wavtolip.npz,-1.7495887279510498,-1.7495887279510498,4.79736852645874,1
FakeVideo-RealAudio/African/women/id02721/00424_id02948__ZEDGNWjuFE.npz,-1.356522560119629,-1.356522560119629,4.796184062957764,1
FakeVideo-RealAudio/African/women/id02721/00424_id03569_wavtolip.npz,-1.4080770015716553,-1.4080770015716553,4.52794885635376,1
FakeVideo-RealAudio/African/women/id02721/00424_id03658_8Wtu9VXKqjY.npz,-1.5566415786743164,-1.5566415786743164,4.7785491943359375,1
FakeVideo-RealAudio/African/women/id02721/00424_id03658_8Wtu9VXKqjY_faceswap.npz,-2.1362051963806152,-2.1362051963806152,4.751863956451416,1
FakeVideo-RealAudio/African/women/id02721/00424_id04245_wavtolip.npz,-2.5587286949157715,-2.5587286949157715,4.773573875427246,1
FakeVideo-RealAudio/African/women/id02721/00424_id04376_wavtolip.npz,-1.4228336811065674,-1.4228336811065674,4.766894817352295,1
FakeVideo-RealAudio/African/women/id02721/00424_id04705_ziJ9JsYr4R0.npz,-1.978715181350708,-1.978715181350708,4.787680149078369,1
FakeVideo-RealAudio/African/women/id02721/00424_id05231_wfbM5puT6eQ.npz,-1.8686940670013428,-1.8686940670013428,4.764291763305664,1
FakeVideo-RealAudio/African/women/id04547/00052_id00577_wavtolip.npz,-2.837350606918335,-2.837350606918335,4.751981258392334,1
FakeVideo-RealAudio/African/women/id04547/00052_id00829_aMEvVaUBq2Y.npz,-2.5361907482147217,-2.5361907482147217,4.708981037139893,1
FakeVideo-RealAudio/African/women/id04547/00052_id02071_wavtolip.npz,-3.041262626647949,-3.041262626647949,4.460057735443115,1
FakeVideo-RealAudio/African/women/id04547/00052_id02508_wavtolip.npz,-2.5937492847442627,-2.5937492847442627,4.732906341552734,1
FakeVideo-RealAudio/African/women/id04547/00052_id02586_dEYzYDsbAeo.npz,-2.9391708374023438,-2.9391708374023438,4.700260162353516,1
FakeVideo-RealAudio/African/women/id04547/00052_id02721_wavtolip.npz,-1.6376078128814697,-1.6376078128814697,4.7547101974487305,1
FakeVideo-RealAudio/African/women/id04547/00052_id02824_wavtolip.npz,-2.6266355514526367,-2.6266355514526367,4.777033805847168,1
FakeVideo-RealAudio/African/women/id04547/00052_id03103_wiCYm3THQPw.npz,-3.471652030944824,-3.471652030944824,4.735737323760986,1
FakeVideo-RealAudio/African/women/id04547/00052_id03656_draVIyyqLtk.npz,-2.7447097301483154,-2.7447097301483154,4.685981273651123,1
FakeVideo-RealAudio/African/women/id04547/00052_id04374_SWltOOZmlWM.npz,-3.1657373905181885,-3.1657373905181885,4.642971038818359,1
FakeVideo-RealAudio/African/women/id04547/00052_id04376_wavtolip.npz,-2.0309667587280273,-2.0309667587280273,4.751577377319336,1
FakeVideo-RealAudio/African/women/id04547/00052_id04540_9KNIjew03AQ.npz,-2.828528881072998,-2.828528881072998,4.689589023590088,1
FakeVideo-RealAudio/African/women/id04547/00052_id04540_wavtolip.npz,-1.3420501947402954,-1.3420501947402954,4.775094985961914,1
FakeVideo-RealAudio/African/women/id04547/00052_id04820_wavtolip.npz,-2.0813441276550293,-2.0813441276550293,4.706571578979492,1
FakeVideo-RealAudio/African/women/id04547/00052_id04939_i4v2cXo9HIQ.npz,-2.743900775909424,-2.743900775909424,4.681210041046143,1
FakeVideo-RealAudio/African/women/id04547/00052_id05106_wavtolip.npz,-2.703688383102417,-2.703688383102417,4.562719345092773,1
FakeVideo-RealAudio/African/women/id04547/00052_id05251_wavtolip.npz,-2.0819520950317383,-2.0819520950317383,4.477456092834473,1
FakeVideo-RealAudio/African/women/id00220/00027.npz,-1.604901909828186,-1.604901909828186,4.423613548278809,1
FakeVideo-RealAudio/African/women/id00220/00027_id00371_t20i0HtPwW0.npz,-1.6335605382919312,-1.6335605382919312,4.52473258972168,1
FakeVideo-RealAudio/African/women/id00220/00027_id00568_wavtolip.npz,-1.4089024066925049,-1.4089024066925049,4.497889518737793,1
FakeVideo-RealAudio/African/women/id00220/00027_id00707_wavtolip.npz,-1.6168302297592163,-1.6168302297592163,4.503582954406738,1
FakeVideo-RealAudio/African/women/id00220/00027_id01178_6XpgYMiKxhc.npz,-1.5260802507400513,-1.5260802507400513,4.478474140167236,1
FakeVideo-RealAudio/African/women/id00220/00027_id01907_LBcRkuRq0uY.npz,-1.5896273851394653,-1.5896273851394653,4.489545822143555,1
FakeVideo-RealAudio/African/women/id00220/00027_id02071_wavtolip.npz,-2.0444729328155518,-2.0444729328155518,4.478427410125732,1
FakeVideo-RealAudio/African/women/id00220/00027_id02721_wavtolip.npz,-1.6555004119873047,-1.6555004119873047,4.498511791229248,1
FakeVideo-RealAudio/African/women/id00220/00027_id02824_glBy_mYcXZw.npz,-1.5608052015304565,-1.5608052015304565,4.487711429595947,1
FakeVideo-RealAudio/African/women/id00220/00027_id02838_wavtolip.npz,-1.6050350666046143,-1.6050350666046143,4.561101913452148,1
FakeVideo-RealAudio/African/women/id00220/00027_id03103_wavtolip.npz,-1.7297954559326172,-1.7297954559326172,4.530926704406738,1
FakeVideo-RealAudio/African/women/id00220/00027_id03569_YO0EpPm9p-8.npz,-1.264722228050232,-1.264722228050232,4.551002502441406,1
FakeVideo-RealAudio/African/women/id00220/00027_id03656_wavtolip.npz,-1.3155646324157715,-1.3155646324157715,4.503817081451416,1
FakeVideo-RealAudio/African/women/id00220/00027_id04705_wavtolip.npz,-1.5818116664886475,-1.5818116664886475,4.518353462219238,1
FakeVideo-RealAudio/African/women/id00220/00027_id04820_wavtolip.npz,-1.358318567276001,-1.358318567276001,4.515724182128906,1
FakeVideo-RealAudio/African/women/id00220/00027_id04939_i4v2cXo9HIQ.npz,-1.585679292678833,-1.585679292678833,4.555133819580078,1
FakeVideo-RealAudio/African/women/id00220/00027_id05251_wavtolip.npz,-1.100078821182251,-1.100078821182251,4.523834228515625,1
FakeVideo-RealAudio/African/women/id04820/00015_id00832_wavtolip.npz,-2.028676748275757,-2.028676748275757,4.632943153381348,1
FakeVideo-RealAudio/African/women/id04820/00015_id01783_wavtolip.npz,-1.3804352283477783,-1.3804352283477783,4.621134281158447,1
FakeVideo-RealAudio/African/women/id04820/00015_id02071_wavtolip.npz,-2.061990737915039,-2.061990737915039,4.467872142791748,1
FakeVideo-RealAudio/African/women/id04820/00015_id02721_wavtolip.npz,-1.245279312133789,-1.245279312133789,4.58853816986084,1
FakeVideo-RealAudio/African/women/id04820/00015_id02948__ZEDGNWjuFE.npz,-2.5657472610473633,-2.5657472610473633,4.490777492523193,1
FakeVideo-RealAudio/African/women/id04820/00015_id02948__ZEDGNWjuFE_faceswap.npz,-1.997687578201294,-1.997687578201294,4.563802719116211,1
FakeVideo-RealAudio/African/women/id04820/00015_id03103_wavtolip.npz,-2.117323160171509,-2.117323160171509,4.617817401885986,1
FakeVideo-RealAudio/African/women/id04820/00015_id03656_wavtolip.npz,-0.8595536947250366,-0.8595536947250366,4.573058605194092,1
FakeVideo-RealAudio/African/women/id04820/00015_id04374_wavtolip.npz,-1.3787486553192139,-1.3787486553192139,4.606734275817871,1
FakeVideo-RealAudio/African/women/id04820/00015_id04705_wavtolip.npz,-2.215864658355713,-2.215864658355713,4.624933242797852,1
FakeVideo-RealAudio/African/women/id04820/00015_id05251_wavtolip.npz,-1.9375956058502197,-1.9375956058502197,4.428861618041992,1
FakeVideo-RealAudio/African/women/id04820/00015_id05980_wavtolip.npz,-0.8900129795074463,-0.8900129795074463,4.657993793487549,1
FakeVideo-RealAudio/African/women/id04736/00083_0.npz,-3.001555919647217,-3.001555919647217,4.421051025390625,1
FakeVideo-RealAudio/African/women/id04736/00083_id00359_wavtolip.npz,-2.4525179862976074,-2.4525179862976074,4.44810676574707,1
FakeVideo-RealAudio/African/women/id04736/00083_id00568_wavtolip.npz,-1.6647377014160156,-1.6647377014160156,4.94658899307251,1
FakeVideo-RealAudio/African/women/id04736/00083_id00829_wavtolip.npz,-2.6063365936279297,-2.6063365936279297,4.935011863708496,1
FakeVideo-RealAudio/African/women/id04736/00083_id01178_wavtolip.npz,-1.9823591709136963,-1.9823591709136963,4.77533483505249,1
FakeVideo-RealAudio/African/women/id04736/00083_id02071_wavtolip.npz,-1.9566738605499268,-1.9566738605499268,4.4900126457214355,1
FakeVideo-RealAudio/African/women/id04736/00083_id02824_wavtolip.npz,-3.670750379562378,-3.670750379562378,4.691448211669922,1
FakeVideo-RealAudio/African/women/id04736/00083_id03569_wavtolip.npz,-2.069772720336914,-2.069772720336914,4.5019426345825195,1
FakeVideo-RealAudio/African/women/id04736/00083_id03713_wavtolip.npz,-2.695591926574707,-2.695591926574707,4.544580459594727,1
FakeVideo-RealAudio/African/women/id04736/00083_id04055_wavtolip.npz,-2.412405252456665,-2.412405252456665,4.519702434539795,1
FakeVideo-RealAudio/African/women/id04736/00083_id04547_wavtolip.npz,-2.076353073120117,-2.076353073120117,4.7499680519104,1
FakeVideo-RealAudio/African/women/id04736/00083_id05235_ASy8lP3SRtw.npz,-2.237386465072632,-2.237386465072632,4.923886775970459,1
FakeVideo-RealAudio/African/women/id04736/00083_id05235_ASy8lP3SRtw_faceswap.npz,-2.4614572525024414,-2.4614572525024414,4.8629631996154785,1
FakeVideo-RealAudio/African/women/id04376/00181_id00220_WlHLlTQKj8g.npz,-1.440879464149475,-1.440879464149475,4.690526962280273,1
FakeVideo-RealAudio/African/women/id04376/00181_id00460_wavtolip.npz,-2.5186495780944824,-2.5186495780944824,4.742311000823975,1
FakeVideo-RealAudio/African/women/id04376/00181_id00829_aMEvVaUBq2Y.npz,-2.0269343852996826,-2.0269343852996826,4.71971321105957,1
FakeVideo-RealAudio/African/women/id04376/00181_id01178_wavtolip.npz,-3.4034690856933594,-3.4034690856933594,4.629679203033447,1
FakeVideo-RealAudio/African/women/id04376/00181_id02071_wavtolip.npz,-3.186162233352661,-3.186162233352661,4.512912273406982,1
FakeVideo-RealAudio/African/women/id04376/00181_id02586_dEYzYDsbAeo.npz,-1.9504432678222656,-1.9504432678222656,4.694097518920898,1
FakeVideo-RealAudio/African/women/id04376/00181_id02838_kaCQlSGlLe8.npz,-2.066100597381592,-2.066100597381592,4.7426934242248535,1
FakeVideo-RealAudio/African/women/id04376/00181_id03569_wavtolip.npz,-3.0105977058410645,-3.0105977058410645,4.407630443572998,1
FakeVideo-RealAudio/African/women/id04376/00181_id03658_8Wtu9VXKqjY.npz,-2.0914509296417236,-2.0914509296417236,4.674493789672852,1
FakeVideo-RealAudio/African/women/id04376/00181_id04245_wavtolip.npz,-2.3883984088897705,-2.3883984088897705,4.6617865562438965,1
FakeVideo-RealAudio/African/women/id04376/00181_id04374_SWltOOZmlWM.npz,-1.872610330581665,-1.872610330581665,4.677328586578369,1
FakeVideo-RealAudio/African/women/id04376/00181_id04437_2csrqaF55pk_faceswap.npz,-1.964194416999817,-1.964194416999817,4.736153602600098,1
FakeVideo-RealAudio/African/women/id04376/00181_id04547_wavtolip.npz,-3.3658530712127686,-3.3658530712127686,4.77122688293457,1
FakeVideo-RealAudio/African/women/id04376/00181_id04689_wavtolip.npz,-1.8242428302764893,-1.8242428302764893,4.665887832641602,1
FakeVideo-RealAudio/African/women/id04376/00181_id04705_wavtolip.npz,-2.155752420425415,-2.155752420425415,4.674323558807373,1
FakeVideo-RealAudio/African/women/id04376/00181_id04820_wavtolip.npz,-1.5276663303375244,-1.5276663303375244,4.6107306480407715,1
FakeVideo-RealAudio/African/women/id04376/00181_id05231_wavtolip.npz,-1.6043548583984375,-1.6043548583984375,4.644606590270996,1
FakeVideo-RealAudio/African/women/id04374/00032_id00460_wavtolip.npz,-3.428375720977783,-3.428375720977783,4.7504777908325195,1
FakeVideo-RealAudio/African/women/id04374/00032_id00568_wavtolip.npz,-2.4301939010620117,-2.4301939010620117,4.8958740234375,1
FakeVideo-RealAudio/African/women/id04374/00032_id00577_wavtolip.npz,-1.929673433303833,-1.929673433303833,4.637749195098877,1
FakeVideo-RealAudio/African/women/id04374/00032_id00707_feeHCIlo6jg.npz,-2.8707785606384277,-2.8707785606384277,4.942774772644043,1
FakeVideo-RealAudio/African/women/id04374/00032_id02586_dEYzYDsbAeo.npz,-2.7906010150909424,-2.7906010150909424,4.984865665435791,1
FakeVideo-RealAudio/African/women/id04374/00032_id02586_wavtolip.npz,-2.6117258071899414,-2.6117258071899414,4.440860271453857,1
FakeVideo-RealAudio/African/women/id04374/00032_id02721_wavtolip.npz,-2.797290802001953,-2.797290802001953,4.682135581970215,1
FakeVideo-RealAudio/African/women/id04374/00032_id02808_wavtolip.npz,-2.541527509689331,-2.541527509689331,4.934272766113281,1
FakeVideo-RealAudio/African/women/id04374/00032_id02838_kaCQlSGlLe8.npz,-2.6403048038482666,-2.6403048038482666,4.960714817047119,1
FakeVideo-RealAudio/African/women/id04374/00032_id03656_draVIyyqLtk.npz,-3.370655059814453,-3.370655059814453,4.965136528015137,1
FakeVideo-RealAudio/African/women/id04374/00032_id03658_wavtolip.npz,-3.0412442684173584,-3.0412442684173584,4.934849739074707,1
FakeVideo-RealAudio/African/women/id04374/00032_id04374_wavtolip.npz,-2.827674388885498,-2.827674388885498,4.88868522644043,1
FakeVideo-RealAudio/African/women/id04374/00032_id04547_3Qy2g2M47Aw.npz,-2.8388638496398926,-2.8388638496398926,4.974827289581299,1
FakeVideo-RealAudio/African/women/id04374/00032_id04689_0YqK1ksKjLg_faceswap.npz,-3.3586483001708984,-3.3586483001708984,4.9431471824646,1
FakeVideo-RealAudio/African/women/id04374/00032_id05231_wfbM5puT6eQ.npz,-3.1453943252563477,-3.1453943252563477,4.9442548751831055,1
FakeVideo-RealAudio/African/women/id04374/00032_id05235_wavtolip.npz,-2.4194765090942383,-2.4194765090942383,4.729493141174316,1
FakeVideo-RealAudio/African/women/id04374/00032_id05251_wavtolip.npz,-2.3222954273223877,-2.3222954273223877,4.43613338470459,1
FakeVideo-RealAudio/African/women/id02824/00130_id00568_wavtolip.npz,-1.6967782974243164,-1.6967782974243164,4.727036952972412,1
FakeVideo-RealAudio/African/women/id02824/00130_id00592_wavtolip.npz,-2.650310516357422,-2.650310516357422,4.758178234100342,1
FakeVideo-RealAudio/African/women/id02824/00130_id00707_wavtolip.npz,-1.4205985069274902,-1.4205985069274902,4.524797439575195,1
FakeVideo-RealAudio/African/women/id02824/00130_id00832_Jr4-dXRChME.npz,-2.948176860809326,-2.948176860809326,4.715243339538574,1
FakeVideo-RealAudio/African/women/id02824/00130_id01661_SdP_Monh-_4.npz,-2.422461986541748,-2.422461986541748,4.73422384262085,1
FakeVideo-RealAudio/African/women/id02824/00130_id01661_wavtolip.npz,-0.9088737368583679,-0.9088737368583679,4.51464319229126,1
FakeVideo-RealAudio/African/women/id02824/00130_id02617_wavtolip.npz,-1.7290701866149902,-1.7290701866149902,4.744970321655273,1
FakeVideo-RealAudio/African/women/id02824/00130_id02948_wavtolip.npz,-2.4198007583618164,-2.4198007583618164,4.582027912139893,1
FakeVideo-RealAudio/African/women/id02824/00130_id03656_draVIyyqLtk.npz,-3.4718525409698486,-3.4718525409698486,4.695489883422852,1
FakeVideo-RealAudio/African/women/id02824/00130_id03747_wQOOhZvnrq4.npz,-2.564622402191162,-2.564622402191162,4.722299098968506,1
FakeVideo-RealAudio/African/women/id02824/00130_id03747_wQOOhZvnrq4_faceswap.npz,-3.2647619247436523,-3.2647619247436523,4.687119483947754,1
FakeVideo-RealAudio/African/women/id02824/00130_id04245_wavtolip.npz,-2.8348207473754883,-2.8348207473754883,4.752679347991943,1
FakeVideo-RealAudio/African/women/id02824/00130_id04540_wavtolip.npz,-1.784022569656372,-1.784022569656372,4.691249370574951,1
FakeVideo-RealAudio/African/women/id02824/00130_id04705_ziJ9JsYr4R0.npz,-2.2328548431396484,-2.2328548431396484,4.738033771514893,1
FakeVideo-RealAudio/African/women/id02824/00130_id04736_wavtolip.npz,-2.7270870208740234,-2.7270870208740234,4.684113502502441,1
FakeVideo-RealAudio/African/women/id02824/00130_id05231_wfbM5puT6eQ.npz,-3.1373796463012695,-3.1373796463012695,4.725801467895508,1
FakeVideo-RealAudio/African/women/id02824/00130_id05251_wavtolip.npz,-2.114316701889038,-2.114316701889038,4.472433567047119,1
FakeVideo-RealAudio/African/women/id02824/00130_id05252_CMxIX3absYM.npz,-3.236551523208618,-3.236551523208618,4.698879241943359,1
FakeVideo-RealAudio/Caucasian (American)/men/id04216/00470_0.npz,-2.65881609916687,-2.65881609916687,4.661710739135742,1
FakeVideo-RealAudio/Caucasian (American)/men/id04216/00470_id00018_sap-FjURHlc.npz,-2.728044271469116,-2.728044271469116,4.790200233459473,1
FakeVideo-RealAudio/Caucasian (American)/men/id04216/00470_id00018_wavtolip.npz,-2.517749547958374,-2.517749547958374,4.744655609130859,1
FakeVideo-RealAudio/Caucasian (American)/men/id04216/00470_id00029_TGpCGl036qk.npz,-3.0327394008636475,-3.0327394008636475,4.796290874481201,1
FakeVideo-RealAudio/Caucasian (American)/men/id04216/00470_id00029_TGpCGl036qk_faceswap.npz,-3.2143731117248535,-3.2143731117248535,4.813366413116455,1
FakeVideo-RealAudio/Caucasian (American)/men/id04216/00470_id00060_wavtolip.npz,-2.9886703491210938,-2.9886703491210938,4.82155704498291,1
FakeVideo-RealAudio/Caucasian (American)/men/id04216/00470_id00062_bctnrIvZHTs.npz,-2.3322391510009766,-2.3322391510009766,4.820398330688477,1
FakeVideo-RealAudio/Caucasian (American)/men/id04216/00470_id00169__V1xAwwG29U.npz,-3.6896586418151855,-3.6896586418151855,4.782911777496338,1
FakeVideo-RealAudio/Caucasian (American)/men/id04216/00470_id00179_Ux9OYyipQi8.npz,-3.650808334350586,-3.650808334350586,4.800629138946533,1
FakeVideo-RealAudio/Caucasian (American)/men/id04216/00470_id00179_wavtolip.npz,-2.176417350769043,-2.176417350769043,4.672152042388916,1
FakeVideo-RealAudio/Caucasian (American)/men/id04216/00470_id00243_wavtolip.npz,-2.8037686347961426,-2.8037686347961426,4.790093898773193,1
FakeVideo-RealAudio/Caucasian (American)/men/id04216/00470_id00529_wavtolip.npz,-2.950350761413574,-2.950350761413574,4.814699172973633,1
FakeVideo-RealAudio/Caucasian (American)/men/id04216/00470_id00945_wavtolip.npz,-2.5168533325195312,-2.5168533325195312,4.686520099639893,1
FakeVideo-RealAudio/Caucasian (American)/men/id04216/00470_id00971_wavtolip.npz,-2.939652919769287,-2.939652919769287,4.733397960662842,1
FakeVideo-RealAudio/Caucasian (American)/men/id04216/00470_id01044_yL58R6zBNf4.npz,-3.501527786254883,-3.501527786254883,4.83065938949585,1
FakeVideo-RealAudio/Caucasian (American)/men/id04216/00470_id01096_wavtolip.npz,-3.0404176712036133,-3.0404176712036133,4.8354291915893555,1
FakeVideo-RealAudio/Caucasian (American)/men/id04216/00470_id01105_qxMlGJlyfA8.npz,-2.6182098388671875,-2.6182098388671875,4.801021575927734,1
FakeVideo-RealAudio/Caucasian (American)/men/id04216/00470_id01163_QSMeUEH3lJM.npz,-3.8417699337005615,-3.8417699337005615,4.843338489532471,1
FakeVideo-RealAudio/Caucasian (American)/men/id04216/00470_id01210_wavtolip.npz,-3.4327712059020996,-3.4327712059020996,4.554357051849365,1
FakeVideo-RealAudio/Caucasian (American)/men/id04216/00470_id01239_gJvquKo7kbA.npz,-3.867798328399658,-3.867798328399658,4.828117370605469,1
FakeVideo-RealAudio/Caucasian (American)/men/id04216/00470_id03757_wavtolip.npz,-2.981088161468506,-2.981088161468506,4.528021335601807,1
FakeVideo-RealAudio/Caucasian (American)/men/id04216/00470_id04073_KT7B07WFWyM.npz,-4.080521106719971,-4.080521106719971,4.820716857910156,1
FakeVideo-RealAudio/Caucasian (American)/men/id03525/00048_0.npz,-2.098193883895874,-2.098193883895874,5.099527359008789,1
FakeVideo-RealAudio/Caucasian (American)/men/id03525/00048_1.npz,-2.639525890350342,-2.639525890350342,4.824624538421631,1
FakeVideo-RealAudio/Caucasian (American)/men/id03525/00048_2.npz,-3.4915220737457275,-3.4915220737457275,4.513293743133545,1
FakeVideo-RealAudio/Caucasian (American)/men/id03525/00048_id00060_gZ4RkcQ0SXE.npz,-1.1524308919906616,-1.1524308919906616,5.037751197814941,1
FakeVideo-RealAudio/Caucasian (American)/men/id03525/00048_id00062_bctnrIvZHTs.npz,-1.599860429763794,-1.599860429763794,5.060084819793701,1
FakeVideo-RealAudio/Caucasian (American)/men/id03525/00048_id00087_0ZbOp9FgZf8.npz,-1.468456506729126,-1.468456506729126,5.05113410949707,1
FakeVideo-RealAudio/Caucasian (American)/men/id03525/00048_id00264_wavtolip.npz,-2.4424173831939697,-2.4424173831939697,4.640320301055908,1
FakeVideo-RealAudio/Caucasian (American)/men/id03525/00048_id00529_xtx2GeQN-DQ.npz,-1.4758001565933228,-1.4758001565933228,4.913857936859131,1
FakeVideo-RealAudio/Caucasian (American)/men/id03525/00048_id00708_wavtolip.npz,-2.465303421020508,-2.465303421020508,4.535085201263428,1
FakeVideo-RealAudio/Caucasian (American)/men/id03525/00048_id00945_V-rSeF8o5pc.npz,-1.6663721799850464,-1.6663721799850464,4.959026336669922,1
FakeVideo-RealAudio/Caucasian (American)/men/id03525/00048_id01044_wavtolip.npz,-3.0024895668029785,-3.0024895668029785,4.967446804046631,1
FakeVideo-RealAudio/Caucasian (American)/men/id03525/00048_id01044_yL58R6zBNf4.npz,-1.685241937637329,-1.685241937637329,5.095706462860107,1
FakeVideo-RealAudio/Caucasian (American)/men/id03525/00048_id01096_wavtolip.npz,-3.076857566833496,-3.076857566833496,5.027316093444824,1
FakeVideo-RealAudio/Caucasian (American)/men/id03525/00048_id01163_QSMeUEH3lJM.npz,-1.6127336025238037,-1.6127336025238037,4.9948225021362305,1
FakeVideo-RealAudio/Caucasian (American)/men/id03525/00048_id01163_wavtolip.npz,-2.741452932357788,-2.741452932357788,4.6976494789123535,1
FakeVideo-RealAudio/Caucasian (American)/men/id03525/00048_id01182_wavtolip.npz,-2.2400553226470947,-2.2400553226470947,4.990967750549316,1
FakeVideo-RealAudio/Caucasian (American)/men/id03525/00048_id01210_sMdOO7NqsGY.npz,-1.6704325675964355,-1.6704325675964355,4.985152244567871,1
FakeVideo-RealAudio/Caucasian (American)/men/id03525/00048_id01211_wavtolip.npz,-1.9384360313415527,-1.9384360313415527,4.839950084686279,1
FakeVideo-RealAudio/Caucasian (American)/men/id03525/00048_id01239_wavtolip.npz,-3.4729669094085693,-3.4729669094085693,4.898073673248291,1
FakeVideo-RealAudio/Caucasian (American)/men/id03525/00048_id03668_wavtolip.npz,-2.736952781677246,-2.736952781677246,4.892456531524658,1
FakeVideo-RealAudio/Caucasian (American)/men/id03525/00048_id03757_L-M-XbdFLQM.npz,-1.2516496181488037,-1.2516496181488037,5.036197185516357,1
FakeVideo-RealAudio/Caucasian (American)/men/id03525/00048_id04219_wavtolip.npz,-3.142364978790283,-3.142364978790283,4.5313401222229,1
FakeVideo-RealAudio/Caucasian (American)/men/id03525/00048_id04221_5XfsCrxGvj4.npz,-1.5037322044372559,-1.5037322044372559,5.00514030456543,1
FakeVideo-RealAudio/Caucasian (American)/men/id03525/00048_id04221_5XfsCrxGvj4_faceswap.npz,-1.6492457389831543,-1.6492457389831543,4.913731575012207,1
FakeVideo-RealAudio/Caucasian (American)/men/id03757/00149_0.npz,-1.8206422328948975,-1.8206422328948975,5.141017436981201,1
FakeVideo-RealAudio/Caucasian (American)/men/id03757/00149_1.npz,-2.399847984313965,-2.399847984313965,4.80306339263916,1
FakeVideo-RealAudio/Caucasian (American)/men/id03757/00149_3.npz,-1.4437671899795532,-1.4437671899795532,4.940718173980713,1
FakeVideo-RealAudio/Caucasian (American)/men/id03757/00149_id00018_sap-FjURHlc.npz,-4.0928521156311035,-4.0928521156311035,4.545179843902588,1
FakeVideo-RealAudio/Caucasian (American)/men/id03757/00149_id00020_VXYAbbQWyQM.npz,-4.039062976837158,-4.039062976837158,4.456282138824463,1
FakeVideo-RealAudio/Caucasian (American)/men/id03757/00149_id00049_wavtolip.npz,-2.3268542289733887,-2.3268542289733887,4.5575480461120605,1
FakeVideo-RealAudio/Caucasian (American)/men/id03757/00149_id00087_0ZbOp9FgZf8.npz,-3.5593340396881104,-3.5593340396881104,4.497966289520264,1
FakeVideo-RealAudio/Caucasian (American)/men/id03757/00149_id00169__V1xAwwG29U.npz,-4.077537536621094,-4.077537536621094,4.507514476776123,1
FakeVideo-RealAudio/Caucasian (American)/men/id03757/00149_id00243_wavtolip.npz,-2.1509547233581543,-2.1509547233581543,4.553249359130859,1
FakeVideo-RealAudio/Caucasian (American)/men/id03757/00149_id00696_wavtolip.npz,-1.5883193016052246,-1.5883193016052246,4.540225982666016,1
FakeVideo-RealAudio/Caucasian (American)/men/id03757/00149_id00775_yeCUxHgUHxc.npz,-4.204768180847168,-4.204768180847168,4.53082799911499,1
FakeVideo-RealAudio/Caucasian (American)/men/id03757/00149_id00943_wavtolip.npz,-2.587003231048584,-2.587003231048584,4.557391166687012,1
FakeVideo-RealAudio/Caucasian (American)/men/id03757/00149_id00945_wavtolip.npz,-2.4997198581695557,-2.4997198581695557,4.546639442443848,1
FakeVideo-RealAudio/Caucasian (American)/men/id03757/00149_id00971_edWrVVn-rC4.npz,-3.912111282348633,-3.912111282348633,4.464498996734619,1
FakeVideo-RealAudio/Caucasian (American)/men/id03757/00149_id01042_wavtolip.npz,-2.567884922027588,-2.567884922027588,4.517517566680908,1
FakeVideo-RealAudio/Caucasian (American)/men/id03757/00149_id01124_wavtolip.npz,-2.4652891159057617,-2.4652891159057617,4.599429130554199,1
FakeVideo-RealAudio/Caucasian (American)/men/id03757/00149_id01168_Uz7M0nTbgWM.npz,-4.255726337432861,-4.255726337432861,4.456944942474365,1
FakeVideo-RealAudio/Caucasian (American)/men/id03757/00149_id01168_Uz7M0nTbgWM_faceswap.npz,-3.4663000106811523,-3.4663000106811523,4.5161614418029785,1
FakeVideo-RealAudio/Caucasian (American)/men/id03757/00149_id01168_wavtolip.npz,-2.883866310119629,-2.883866310119629,4.555024147033691,1
FakeVideo-RealAudio/Caucasian (American)/men/id03757/00149_id01172_8f8sdrQatpw.npz,-3.4899754524230957,-3.4899754524230957,4.4775495529174805,1
FakeVideo-RealAudio/Caucasian (American)/men/id03757/00149_id01201_Q8XWfmNiWYA.npz,-3.941944122314453,-3.941944122314453,4.486405372619629,1
FakeVideo-RealAudio/Caucasian (American)/men/id03757/00149_id01239_wavtolip.npz,-3.2045083045959473,-3.2045083045959473,4.548322677612305,1
FakeVideo-RealAudio/Caucasian (American)/men/id03757/00149_id04034_8ZeJXbjFa_o.npz,-3.706372022628784,-3.706372022628784,4.487574577331543,1
FakeVideo-RealAudio/Caucasian (American)/men/id03757/00149_id04216_wavtolip.npz,-2.642098903656006,-2.642098903656006,4.544081211090088,1
FakeVideo-RealAudio/Caucasian (American)/men/id00169/00021_0.npz,-2.6943745613098145,-2.6943745613098145,4.669496536254883,1
FakeVideo-RealAudio/Caucasian (American)/men/id00169/00021_id00018_sap-FjURHlc.npz,-2.781741142272949,-2.781741142272949,4.781461238861084,1
FakeVideo-RealAudio/Caucasian (American)/men/id00169/00021_id00029_wavtolip.npz,-2.7097582817077637,-2.7097582817077637,4.7137346267700195,1
FakeVideo-RealAudio/Caucasian (American)/men/id00169/00021_id00088_wavtolip.npz,-2.316019058227539,-2.316019058227539,4.683435916900635,1
FakeVideo-RealAudio/Caucasian (American)/men/id00169/00021_id00179_Ux9OYyipQi8.npz,-2.658848285675049,-2.658848285675049,4.786569595336914,1
FakeVideo-RealAudio/Caucasian (American)/men/id00169/00021_id00179_Ux9OYyipQi8_faceswap.npz,-2.4434261322021484,-2.4434261322021484,4.703001022338867,1
FakeVideo-RealAudio/Caucasian (American)/men/id00169/00021_id00184_wavtolip.npz,-3.0341029167175293,-3.0341029167175293,4.755753040313721,1
FakeVideo-RealAudio/Caucasian (American)/men/id00169/00021_id00696_7PrURACjhqU.npz,-3.0392000675201416,-3.0392000675201416,4.758990287780762,1
FakeVideo-RealAudio/Caucasian (American)/men/id00169/00021_id00696_wavtolip.npz,-1.6486856937408447,-1.6486856937408447,4.711697101593018,1
FakeVideo-RealAudio/Caucasian (American)/men/id00169/00021_id00775_wavtolip.npz,-2.222808361053467,-2.222808361053467,4.5276408195495605,1
FakeVideo-RealAudio/Caucasian (American)/men/id00169/00021_id01035_wavtolip.npz,-3.071650981903076,-3.071650981903076,4.706481456756592,1
FakeVideo-RealAudio/Caucasian (American)/men/id00169/00021_id01048_keflA4viWt8.npz,-2.133547067642212,-2.133547067642212,4.7645463943481445,1
FakeVideo-RealAudio/Caucasian (American)/men/id00169/00021_id01163_QSMeUEH3lJM.npz,-2.4393415451049805,-2.4393415451049805,4.757800102233887,1
FakeVideo-RealAudio/Caucasian (American)/men/id00169/00021_id01163_wavtolip.npz,-2.75640869140625,-2.75640869140625,4.651118278503418,1
FakeVideo-RealAudio/Caucasian (American)/men/id00169/00021_id01175_wavtolip.npz,-1.889421820640564,-1.889421820640564,4.622201442718506,1
FakeVideo-RealAudio/Caucasian (American)/men/id00169/00021_id01182_wavtolip.npz,-2.427734375,-2.427734375,4.694275379180908,1
FakeVideo-RealAudio/Caucasian (American)/men/id00169/00021_id01192_kAht8HG7-1s.npz,-2.5016117095947266,-2.5016117095947266,4.772441864013672,1
FakeVideo-RealAudio/Caucasian (American)/men/id00169/00021_id01201_Q8XWfmNiWYA.npz,-3.143629550933838,-3.143629550933838,4.801328182220459,1
FakeVideo-RealAudio/Caucasian (American)/men/id00169/00021_id03525_wavtolip.npz,-1.8034368753433228,-1.8034368753433228,4.72783088684082,1
FakeVideo-RealAudio/Caucasian (American)/men/id00169/00021_id03668_mjurT3_7DpE.npz,-2.548438549041748,-2.548438549041748,4.729766845703125,1
FakeVideo-RealAudio/Caucasian (American)/men/id00169/00021_id03678_dsfCxodI9i8.npz,-3.703965425491333,-3.703965425491333,4.77161979675293,1
FakeVideo-RealAudio/Caucasian (American)/men/id00169/00021_id04216_uDwxIsHkBIM.npz,-2.2626006603240967,-2.2626006603240967,4.784637451171875,1
FakeVideo-RealAudio/Caucasian (American)/men/id00184/00241_id00018_sap-FjURHlc.npz,-2.239793062210083,-2.239793062210083,4.83404541015625,1
FakeVideo-RealAudio/Caucasian (American)/men/id00184/00241_id00018_wavtolip.npz,-2.6295526027679443,-2.6295526027679443,4.728629112243652,1
FakeVideo-RealAudio/Caucasian (American)/men/id00184/00241_id00062_bctnrIvZHTs.npz,-3.391566753387451,-3.391566753387451,4.8382649421691895,1
FakeVideo-RealAudio/Caucasian (American)/men/id00184/00241_id00062_wavtolip.npz,-2.4840331077575684,-2.4840331077575684,4.850728988647461,1
FakeVideo-RealAudio/Caucasian (American)/men/id00184/00241_id00087_0ZbOp9FgZf8.npz,-2.2304368019104004,-2.2304368019104004,4.884575366973877,1
FakeVideo-RealAudio/Caucasian (American)/men/id00184/00241_id00087_0ZbOp9FgZf8_faceswap.npz,-2.9424219131469727,-2.9424219131469727,4.819931507110596,1
FakeVideo-RealAudio/Caucasian (American)/men/id00184/00241_id00184_wavtolip.npz,-2.7777442932128906,-2.7777442932128906,4.809056758880615,1
FakeVideo-RealAudio/Caucasian (American)/men/id00184/00241_id00264_wavtolip.npz,-3.0970821380615234,-3.0970821380615234,4.635735511779785,1
FakeVideo-RealAudio/Caucasian (American)/men/id00184/00241_id00529_wavtolip.npz,-2.7200183868408203,-2.7200183868408203,4.776686668395996,1
FakeVideo-RealAudio/Caucasian (American)/men/id00184/00241_id01042_afqWPqWwJIY.npz,-2.2157680988311768,-2.2157680988311768,4.876471042633057,1
FakeVideo-RealAudio/Caucasian (American)/men/id00184/00241_id01044_wavtolip.npz,-2.809957504272461,-2.809957504272461,4.8576836585998535,1
FakeVideo-RealAudio/Caucasian (American)/men/id00184/00241_id01048_keflA4viWt8.npz,-3.0500872135162354,-3.0500872135162354,4.827775001525879,1
FakeVideo-RealAudio/Caucasian (American)/men/id00184/00241_id01163_wavtolip.npz,-2.8971195220947266,-2.8971195220947266,4.694930076599121,1
FakeVideo-RealAudio/Caucasian (American)/men/id00184/00241_id01201_Q8XWfmNiWYA.npz,-3.6795129776000977,-3.6795129776000977,4.842914581298828,1
FakeVideo-RealAudio/Caucasian (American)/men/id00184/00241_id03668_wavtolip.npz,-3.5147480964660645,-3.5147480964660645,4.804790019989014,1
FakeVideo-RealAudio/Caucasian (American)/men/id00184/00241_id03757_L-M-XbdFLQM.npz,-3.350632905960083,-3.350632905960083,4.820993900299072,1
FakeVideo-RealAudio/Caucasian (American)/men/id00184/00241_id03757_wavtolip.npz,-2.9468579292297363,-2.9468579292297363,4.54714822769165,1
FakeVideo-RealAudio/Caucasian (American)/men/id00184/00241_id04034_wavtolip.npz,-2.575209140777588,-2.575209140777588,4.792012691497803,1
FakeVideo-RealAudio/Caucasian (American)/men/id00184/00241_id04216_uDwxIsHkBIM.npz,-3.5099005699157715,-3.5099005699157715,4.848395824432373,1
FakeVideo-RealAudio/Caucasian (American)/men/id00184/00241_id04219_9llHvP-jYDg.npz,-2.2126047611236572,-2.2126047611236572,4.833115100860596,1
FakeVideo-RealAudio/Caucasian (American)/men/id00184/00241_id04221_5XfsCrxGvj4.npz,-2.1983838081359863,-2.1983838081359863,4.843105316162109,1
FakeVideo-RealAudio/Caucasian (American)/men/id00021/00010_id00018_sap-FjURHlc.npz,-3.0940847396850586,-3.0940847396850586,4.738363742828369,1
FakeVideo-RealAudio/Caucasian (American)/men/id00021/00010_id00029_wavtolip.npz,-2.463121175765991,-2.463121175765991,4.709549427032471,1
FakeVideo-RealAudio/Caucasian (American)/men/id00021/00010_id00049_wavtolip.npz,-2.976317882537842,-2.976317882537842,4.6447649002075195,1
FakeVideo-RealAudio/Caucasian (American)/men/id00021/00010_id00052_NK_leX996Yk.npz,-3.1175451278686523,-3.1175451278686523,4.76289701461792,1
FakeVideo-RealAudio/Caucasian (American)/men/id00021/00010_id00088_6WIDWxr8vuU.npz,-3.065631866455078,-3.065631866455078,4.734809398651123,1
FakeVideo-RealAudio/Caucasian (American)/men/id00021/00010_id00088_6WIDWxr8vuU_faceswap.npz,-2.6878838539123535,-2.6878838539123535,4.658554553985596,1
FakeVideo-RealAudio/Caucasian (American)/men/id00021/00010_id00088_wavtolip.npz,-2.9267914295196533,-2.9267914295196533,4.6392903327941895,1
FakeVideo-RealAudio/Caucasian (American)/men/id00021/00010_id00169_wavtolip.npz,-3.6558165550231934,-3.6558165550231934,4.661191463470459,1
FakeVideo-RealAudio/Caucasian (American)/men/id00021/00010_id00179_Ux9OYyipQi8.npz,-3.005131721496582,-3.005131721496582,4.738044738769531,1
FakeVideo-RealAudio/Caucasian (American)/men/id00021/00010_id00179_wavtolip.npz,-2.0004520416259766,-2.0004520416259766,4.697776794433594,1
FakeVideo-RealAudio/Caucasian (American)/men/id00021/00010_id00775_wavtolip.npz,-2.7794740200042725,-2.7794740200042725,4.561624050140381,1
FakeVideo-RealAudio/Caucasian (American)/men/id00021/00010_id00943_LxSv2rnBGA8.npz,-3.001824378967285,-3.001824378967285,4.769680500030518,1
FakeVideo-RealAudio/Caucasian (American)/men/id00021/00010_id00943_wavtolip.npz,-2.9189438819885254,-2.9189438819885254,4.653872489929199,1
FakeVideo-RealAudio/Caucasian (American)/men/id00021/00010_id01035_6EWG3Ywu3jg.npz,-3.683492422103882,-3.683492422103882,4.741825580596924,1
FakeVideo-RealAudio/Caucasian (American)/men/id00021/00010_id01124_wavtolip.npz,-2.8176703453063965,-2.8176703453063965,4.670260429382324,1
FakeVideo-RealAudio/Caucasian (American)/men/id00021/00010_id01175_Q_36xlWL6_o.npz,-2.9296469688415527,-2.9296469688415527,4.732113361358643,1
FakeVideo-RealAudio/Caucasian (American)/men/id00021/00010_id01192_kAht8HG7-1s.npz,-3.775273323059082,-3.775273323059082,4.756180763244629,1
FakeVideo-RealAudio/Caucasian (American)/men/id00021/00010_id01210_wavtolip.npz,-2.4364352226257324,-2.4364352226257324,4.552238941192627,1
FakeVideo-RealAudio/Caucasian (American)/men/id00021/00010_id03525_wavtolip.npz,-1.6782759428024292,-1.6782759428024292,4.656898021697998,1
FakeVideo-RealAudio/Caucasian (American)/men/id00021/00010_id04073_KT7B07WFWyM.npz,-3.3735475540161133,-3.3735475540161133,4.690921306610107,1
FakeVideo-RealAudio/Caucasian (American)/men/id00021/00010_id04216_uDwxIsHkBIM.npz,-2.9013619422912598,-2.9013619422912598,4.7551727294921875,1
FakeVideo-RealAudio/Caucasian (American)/men/id01163/00195_0.npz,-0.4546622037887573,-0.4546622037887573,5.156850814819336,1
FakeVideo-RealAudio/Caucasian (American)/men/id01163/00195_id00018_sap-FjURHlc.npz,-2.4180877208709717,-2.4180877208709717,4.784132480621338,1
FakeVideo-RealAudio/Caucasian (American)/men/id01163/00195_id00018_sap-FjURHlc_faceswap.npz,-2.917438507080078,-2.917438507080078,4.648789405822754,1
FakeVideo-RealAudio/Caucasian (American)/men/id01163/00195_id00060_gZ4RkcQ0SXE.npz,-2.7364673614501953,-2.7364673614501953,4.775144100189209,1
FakeVideo-RealAudio/Caucasian (American)/men/id01163/00195_id00062_bctnrIvZHTs.npz,-2.541275978088379,-2.541275978088379,4.75284481048584,1
FakeVideo-RealAudio/Caucasian (American)/men/id01163/00195_id00062_wavtolip.npz,-2.3325281143188477,-2.3325281143188477,4.680711269378662,1
FakeVideo-RealAudio/Caucasian (American)/men/id01163/00195_id00088_6WIDWxr8vuU.npz,-1.9331583976745605,-1.9331583976745605,4.707744121551514,1
FakeVideo-RealAudio/Caucasian (American)/men/id01163/00195_id00169__V1xAwwG29U.npz,-2.7827391624450684,-2.7827391624450684,4.760965347290039,1
FakeVideo-RealAudio/Caucasian (American)/men/id01163/00195_id00179_Ux9OYyipQi8.npz,-3.1852235794067383,-3.1852235794067383,4.706872940063477,1
FakeVideo-RealAudio/Caucasian (American)/men/id01163/00195_id00529_wavtolip.npz,-2.4622840881347656,-2.4622840881347656,4.690163612365723,1
FakeVideo-RealAudio/Caucasian (American)/men/id01163/00195_id00529_xtx2GeQN-DQ.npz,-2.116061210632324,-2.116061210632324,4.755179405212402,1
FakeVideo-RealAudio/Caucasian (American)/men/id01163/00195_id00708_wavtolip.npz,-2.7008004188537598,-2.7008004188537598,4.5575079917907715,1
FakeVideo-RealAudio/Caucasian (American)/men/id01163/00195_id01035_wavtolip.npz,-2.5635085105895996,-2.5635085105895996,4.708115100860596,1
FakeVideo-RealAudio/Caucasian (American)/men/id01163/00195_id01096_wavtolip.npz,-2.9294114112854004,-2.9294114112854004,4.673707008361816,1
FakeVideo-RealAudio/Caucasian (American)/men/id01163/00195_id01124_Lnf2oGSM00s.npz,-2.9086928367614746,-2.9086928367614746,4.772765159606934,1
FakeVideo-RealAudio/Caucasian (American)/men/id01163/00195_id01192_kAht8HG7-1s.npz,-2.1758480072021484,-2.1758480072021484,4.728673458099365,1
FakeVideo-RealAudio/Caucasian (American)/men/id01163/00195_id01239_wavtolip.npz,-2.4156670570373535,-2.4156670570373535,4.6792826652526855,1
FakeVideo-RealAudio/Caucasian (American)/men/id01163/00195_id03525_wavtolip.npz,-1.7505748271942139,-1.7505748271942139,4.661930561065674,1
FakeVideo-RealAudio/Caucasian (American)/men/id01163/00195_id03668_wavtolip.npz,-2.89693021774292,-2.89693021774292,4.672408103942871,1
FakeVideo-RealAudio/Caucasian (American)/men/id01163/00195_id03757_wavtolip.npz,-2.820488929748535,-2.820488929748535,4.5165019035339355,1
FakeVideo-RealAudio/Caucasian (American)/men/id01163/00195_id04073_wavtolip.npz,-2.6702985763549805,-2.6702985763549805,4.621784687042236,1
FakeVideo-RealAudio/Caucasian (American)/men/id01163/00195_id04216_uDwxIsHkBIM.npz,-3.115577220916748,-3.115577220916748,4.769039154052734,1
FakeVideo-RealAudio/Caucasian (American)/men/id00088/00005_id00018_sap-FjURHlc.npz,-2.411480188369751,-2.411480188369751,4.757777214050293,1
FakeVideo-RealAudio/Caucasian (American)/men/id00088/00005_id00021_6uNNej-JZ-c.npz,-3.2186737060546875,-3.2186737060546875,4.833690643310547,1
FakeVideo-RealAudio/Caucasian (American)/men/id00088/00005_id00021_6uNNej-JZ-c_faceswap.npz,-2.5005526542663574,-2.5005526542663574,4.711184978485107,1
FakeVideo-RealAudio/Caucasian (American)/men/id00088/00005_id00049_S_EHTUF-mQY.npz,-2.5019407272338867,-2.5019407272338867,4.7569403648376465,1
FakeVideo-RealAudio/Caucasian (American)/men/id00088/00005_id00052_NK_leX996Yk.npz,-1.4406328201293945,-1.4406328201293945,4.767115592956543,1
FakeVideo-RealAudio/Caucasian (American)/men/id00088/00005_id00060_gZ4RkcQ0SXE.npz,-2.450946807861328,-2.450946807861328,4.761002063751221,1
FakeVideo-RealAudio/Caucasian (American)/men/id00088/00005_id00087_wavtolip.npz,-2.9905929565429688,-2.9905929565429688,4.705972671508789,1
FakeVideo-RealAudio/Caucasian (American)/men/id00088/00005_id00243_oWwEIXM3oZQ.npz,-2.410348415374756,-2.410348415374756,4.718645095825195,1
FakeVideo-RealAudio/Caucasian (American)/men/id00088/00005_id00945_wavtolip.npz,-3.2597930431365967,-3.2597930431365967,4.6430768966674805,1
FakeVideo-RealAudio/Caucasian (American)/men/id00088/00005_id01035_wavtolip.npz,-3.410452365875244,-3.410452365875244,4.743638515472412,1
FakeVideo-RealAudio/Caucasian (American)/men/id00088/00005_id01124_Lnf2oGSM00s.npz,-2.39406156539917,-2.39406156539917,4.763951301574707,1
FakeVideo-RealAudio/Caucasian (American)/men/id00088/00005_id01163_QSMeUEH3lJM.npz,-2.5647270679473877,-2.5647270679473877,4.794959545135498,1
FakeVideo-RealAudio/Caucasian (American)/men/id00088/00005_id01168_wavtolip.npz,-2.9605906009674072,-2.9605906009674072,4.652448654174805,1
FakeVideo-RealAudio/Caucasian (American)/men/id00088/00005_id01182_wavtolip.npz,-2.4833755493164062,-2.4833755493164062,4.65160608291626,1
FakeVideo-RealAudio/Caucasian (American)/men/id00088/00005_id01182_zca-PHR_U40.npz,-1.919797420501709,-1.919797420501709,4.793659687042236,1
FakeVideo-RealAudio/Caucasian (American)/men/id00088/00005_id01201_Q8XWfmNiWYA.npz,-2.8392791748046875,-2.8392791748046875,4.7738823890686035,1
FakeVideo-RealAudio/Caucasian (American)/men/id00088/00005_id01211_wavtolip.npz,-2.6530513763427734,-2.6530513763427734,4.716022491455078,1
FakeVideo-RealAudio/Caucasian (American)/men/id00088/00005_id03525_wavtolip.npz,-1.6759048700332642,-1.6759048700332642,4.67181396484375,1
FakeVideo-RealAudio/Caucasian (American)/men/id00088/00005_id04073_wavtolip.npz,-3.3712897300720215,-3.3712897300720215,4.680507659912109,1
FakeVideo-RealAudio/Caucasian (American)/men/id00088/00005_id04219_wavtolip.npz,-2.5159945487976074,-2.5159945487976074,4.565945625305176,1
FakeVideo-RealAudio/Caucasian (American)/men/id00088/00005_id04221_wavtolip.npz,-2.9455981254577637,-2.9455981254577637,4.678471565246582,1
FakeVideo-RealAudio/Caucasian (American)/men/id00264/00257_0.npz,-3.144615650177002,-3.144615650177002,4.632076263427734,1
FakeVideo-RealAudio/Caucasian (American)/men/id00264/00257_1.npz,-2.59232497215271,-2.59232497215271,4.4721503257751465,1
FakeVideo-RealAudio/Caucasian (American)/men/id00264/00257_2.npz,-2.626020908355713,-2.626020908355713,5.62947416305542,1
FakeVideo-RealAudio/Caucasian (American)/men/id00264/00257_3.npz,-0.009155869483947754,-0.009155869483947754,5.134191513061523,1
FakeVideo-RealAudio/Caucasian (American)/men/id00264/00257_id00018_sap-FjURHlc.npz,-2.3494620323181152,-2.3494620323181152,4.7208757400512695,1
FakeVideo-RealAudio/Caucasian (American)/men/id00264/00257_id00018_wavtolip.npz,-3.3044188022613525,-3.3044188022613525,4.642911911010742,1
FakeVideo-RealAudio/Caucasian (American)/men/id00264/00257_id00021_wavtolip.npz,-2.8814492225646973,-2.8814492225646973,4.687442779541016,1
FakeVideo-RealAudio/Caucasian (American)/men/id00264/00257_id00049_S_EHTUF-mQY.npz,-2.434541702270508,-2.434541702270508,4.713862419128418,1
FakeVideo-RealAudio/Caucasian (American)/men/id00264/00257_id00052_NK_leX996Yk.npz,-2.4884724617004395,-2.4884724617004395,4.755087375640869,1
FakeVideo-RealAudio/Caucasian (American)/men/id00264/00257_id00052_wavtolip.npz,-1.428213119506836,-1.428213119506836,4.673047065734863,1
FakeVideo-RealAudio/Caucasian (American)/men/id00264/00257_id00169_wavtolip.npz,-2.494277000427246,-2.494277000427246,4.6831793785095215,1
FakeVideo-RealAudio/Caucasian (American)/men/id00264/00257_id00184_wavtolip.npz,-2.937500476837158,-2.937500476837158,4.6190948486328125,1
FakeVideo-RealAudio/Caucasian (American)/men/id00264/00257_id00529_xtx2GeQN-DQ.npz,-2.7760043144226074,-2.7760043144226074,4.686639785766602,1
FakeVideo-RealAudio/Caucasian (American)/men/id00264/00257_id00696_7PrURACjhqU.npz,-2.5060362815856934,-2.5060362815856934,4.696940898895264,1
FakeVideo-RealAudio/Caucasian (American)/men/id00264/00257_id00696_wavtolip.npz,-1.6140433549880981,-1.6140433549880981,4.6086201667785645,1
FakeVideo-RealAudio/Caucasian (American)/men/id00264/00257_id00945_V-rSeF8o5pc.npz,-2.460625171661377,-2.460625171661377,4.67768669128418,1
FakeVideo-RealAudio/Caucasian (American)/men/id00264/00257_id01044_wavtolip.npz,-2.6784584522247314,-2.6784584522247314,4.6476664543151855,1
FakeVideo-RealAudio/Caucasian (American)/men/id00264/00257_id01124_wavtolip.npz,-2.77500319480896,-2.77500319480896,4.653430938720703,1
FakeVideo-RealAudio/Caucasian (American)/men/id00264/00257_id01163_wavtolip.npz,-2.096745491027832,-2.096745491027832,4.590118885040283,1
FakeVideo-RealAudio/Caucasian (American)/men/id00264/00257_id01182_zca-PHR_U40.npz,-2.540104389190674,-2.540104389190674,4.711475372314453,1
FakeVideo-RealAudio/Caucasian (American)/men/id00264/00257_id01201_Q8XWfmNiWYA.npz,-2.3899266719818115,-2.3899266719818115,4.709443092346191,1
FakeVideo-RealAudio/Caucasian (American)/men/id00264/00257_id03525_wavtolip.npz,-1.9424923658370972,-1.9424923658370972,4.604532241821289,1
FakeVideo-RealAudio/Caucasian (American)/men/id00264/00257_id03757_L-M-XbdFLQM.npz,-2.487555503845215,-2.487555503845215,4.726983547210693,1
FakeVideo-RealAudio/Caucasian (American)/men/id00264/00257_id04073_KT7B07WFWyM.npz,-2.269566059112549,-2.269566059112549,4.740983963012695,1
FakeVideo-RealAudio/Caucasian (American)/men/id00529/00409_id00018_sap-FjURHlc.npz,-2.3040246963500977,-2.3040246963500977,4.7556538581848145,1
FakeVideo-RealAudio/Caucasian (American)/men/id00529/00409_id00049_S_EHTUF-mQY.npz,-2.494676351547241,-2.494676351547241,4.749989032745361,1
FakeVideo-RealAudio/Caucasian (American)/men/id00529/00409_id00060_gZ4RkcQ0SXE.npz,-1.8262746334075928,-1.8262746334075928,4.792348861694336,1
FakeVideo-RealAudio/Caucasian (American)/men/id00529/00409_id00062_wavtolip.npz,-1.6513781547546387,-1.6513781547546387,4.807767868041992,1
FakeVideo-RealAudio/Caucasian (American)/men/id00529/00409_id00243_oWwEIXM3oZQ.npz,-1.9518601894378662,-1.9518601894378662,4.750381946563721,1
FakeVideo-RealAudio/Caucasian (American)/men/id00529/00409_id00264_wavtolip.npz,-1.9397315979003906,-1.9397315979003906,4.646748065948486,1
FakeVideo-RealAudio/Caucasian (American)/men/id00529/00409_id00775_wavtolip.npz,-2.2296900749206543,-2.2296900749206543,4.590121269226074,1
FakeVideo-RealAudio/Caucasian (American)/men/id00529/00409_id01035_wavtolip.npz,-2.308239221572876,-2.308239221572876,4.795572757720947,1
FakeVideo-RealAudio/Caucasian (American)/men/id00529/00409_id01042_wavtolip.npz,-2.44797945022583,-2.44797945022583,4.6501874923706055,1
FakeVideo-RealAudio/Caucasian (American)/men/id00529/00409_id01124_wavtolip.npz,-1.9427027702331543,-1.9427027702331543,4.821717262268066,1
FakeVideo-RealAudio/Caucasian (American)/men/id00529/00409_id01163_QSMeUEH3lJM.npz,-2.354524612426758,-2.354524612426758,4.7595648765563965,1
FakeVideo-RealAudio/Caucasian (American)/men/id00529/00409_id01168_Uz7M0nTbgWM.npz,-2.4754467010498047,-2.4754467010498047,4.762571334838867,1
FakeVideo-RealAudio/Caucasian (American)/men/id00529/00409_id01172_8f8sdrQatpw.npz,-2.678410053253174,-2.678410053253174,4.793729305267334,1
FakeVideo-RealAudio/Caucasian (American)/men/id00529/00409_id01175_wavtolip.npz,-2.1020705699920654,-2.1020705699920654,4.661977291107178,1
FakeVideo-RealAudio/Caucasian (American)/men/id00529/00409_id01211_wavtolip.npz,-2.0086679458618164,-2.0086679458618164,4.83365535736084,1
FakeVideo-RealAudio/Caucasian (American)/men/id00529/00409_id03668_mjurT3_7DpE.npz,-2.1976451873779297,-2.1976451873779297,4.775026798248291,1
FakeVideo-RealAudio/Caucasian (American)/men/id00529/00409_id03678_dsfCxodI9i8.npz,-2.7973411083221436,-2.7973411083221436,4.743613243103027,1
FakeVideo-RealAudio/Caucasian (American)/men/id00529/00409_id03678_dsfCxodI9i8_faceswap.npz,-2.522519588470459,-2.522519588470459,4.723946571350098,1
FakeVideo-RealAudio/Caucasian (American)/men/id00529/00409_id04034_8ZeJXbjFa_o.npz,-2.8684372901916504,-2.8684372901916504,4.7261505126953125,1
FakeVideo-RealAudio/Caucasian (American)/men/id00529/00409_id04073_wavtolip.npz,-2.8200206756591797,-2.8200206756591797,4.735153675079346,1
FakeVideo-RealAudio/Caucasian (American)/men/id00529/00409_id04219_wavtolip.npz,-2.1273584365844727,-2.1273584365844727,4.573713302612305,1
FakeVideo-RealAudio/Caucasian (American)/men/id00943/00304_0.npz,-3.0340304374694824,-3.0340304374694824,5.058581829071045,1
FakeVideo-RealAudio/Caucasian (American)/men/id00943/00304_id00021_6uNNej-JZ-c.npz,-1.6096782684326172,-1.6096782684326172,5.219159126281738,1
FakeVideo-RealAudio/Caucasian (American)/men/id00943/00304_id00021_6uNNej-JZ-c_faceswap.npz,-2.3889920711517334,-2.3889920711517334,5.106650352478027,1
FakeVideo-RealAudio/Caucasian (American)/men/id00943/00304_id00049_S_EHTUF-mQY.npz,-1.9089608192443848,-1.9089608192443848,5.226261138916016,1
FakeVideo-RealAudio/Caucasian (American)/men/id00943/00304_id00052_NK_leX996Yk.npz,-2.5385873317718506,-2.5385873317718506,5.189953804016113,1
FakeVideo-RealAudio/Caucasian (American)/men/id00943/00304_id00060_gZ4RkcQ0SXE.npz,-2.0514333248138428,-2.0514333248138428,5.186856269836426,1
FakeVideo-RealAudio/Caucasian (American)/men/id00943/00304_id00060_wavtolip.npz,-2.1746959686279297,-2.1746959686279297,4.885593414306641,1
FakeVideo-RealAudio/Caucasian (American)/men/id00943/00304_id00179_Ux9OYyipQi8.npz,-3.0829362869262695,-3.0829362869262695,5.204761505126953,1
FakeVideo-RealAudio/Caucasian (American)/men/id00943/00304_id00345_wavtolip.npz,-2.3564536571502686,-2.3564536571502686,4.529957294464111,1
FakeVideo-RealAudio/Caucasian (American)/men/id00943/00304_id00529_wavtolip.npz,-2.918894052505493,-2.918894052505493,4.7697954177856445,1
FakeVideo-RealAudio/Caucasian (American)/men/id00943/00304_id00529_xtx2GeQN-DQ.npz,-1.9522273540496826,-1.9522273540496826,5.170923233032227,1
FakeVideo-RealAudio/Caucasian (American)/men/id00943/00304_id00708_wavtolip.npz,-2.9874637126922607,-2.9874637126922607,4.643980979919434,1
FakeVideo-RealAudio/Caucasian (American)/men/id00943/00304_id00775_yeCUxHgUHxc.npz,-2.180779218673706,-2.180779218673706,5.185410499572754,1
FakeVideo-RealAudio/Caucasian (American)/men/id00943/00304_id00945_V-rSeF8o5pc.npz,-1.7633857727050781,-1.7633857727050781,5.153874397277832,1
FakeVideo-RealAudio/Caucasian (American)/men/id00943/00304_id00945_wavtolip.npz,-3.234309434890747,-3.234309434890747,4.674890041351318,1
FakeVideo-RealAudio/Caucasian (American)/men/id00943/00304_id01042_wavtolip.npz,-3.4479823112487793,-3.4479823112487793,4.606507301330566,1
FakeVideo-RealAudio/Caucasian (American)/men/id00943/00304_id01044_yL58R6zBNf4.npz,-2.6506457328796387,-2.6506457328796387,5.182233810424805,1
FakeVideo-RealAudio/Caucasian (American)/men/id00943/00304_id01096_GHuYIC1WDks.npz,-2.508073329925537,-2.508073329925537,5.234058856964111,1
FakeVideo-RealAudio/Caucasian (American)/men/id00943/00304_id01172_wavtolip.npz,-0.05722010135650635,-0.05722010135650635,4.499424457550049,1
FakeVideo-RealAudio/Caucasian (American)/men/id00943/00304_id01201_wavtolip.npz,-1.9515763521194458,-1.9515763521194458,5.206826210021973,1
FakeVideo-RealAudio/Caucasian (American)/men/id00943/00304_id03757_wavtolip.npz,-3.2652347087860107,-3.2652347087860107,4.604414463043213,1
FakeVideo-RealAudio/Caucasian (American)/men/id00943/00304_id04216_wavtolip.npz,-3.0759458541870117,-3.0759458541870117,4.7840375900268555,1
FakeVideo-RealAudio/Caucasian (American)/men/id01096/00037_0.npz,-2.028334140777588,-2.028334140777588,5.172521591186523,1
FakeVideo-RealAudio/Caucasian (American)/men/id01096/00037_id00029_TGpCGl036qk.npz,-2.2245402336120605,-2.2245402336120605,5.6278862953186035,1
FakeVideo-RealAudio/Caucasian (American)/men/id01096/00037_id00060_wavtolip.npz,-2.797776222229004,-2.797776222229004,4.901242256164551,1
FakeVideo-RealAudio/Caucasian (American)/men/id01096/00037_id00087_0ZbOp9FgZf8.npz,-1.4078433513641357,-1.4078433513641357,5.649560928344727,1
FakeVideo-RealAudio/Caucasian (American)/men/id01096/00037_id00179_Ux9OYyipQi8.npz,-2.1176681518554688,-2.1176681518554688,5.594598770141602,1
FakeVideo-RealAudio/Caucasian (American)/men/id01096/00037_id00243_wavtolip.npz,-2.5691981315612793,-2.5691981315612793,4.736451148986816,1
FakeVideo-RealAudio/Caucasian (American)/men/id01096/00037_id00708_Dzmb0FH1xBc.npz,-1.8538856506347656,-1.8538856506347656,5.653241157531738,1
FakeVideo-RealAudio/Caucasian (American)/men/id01096/00037_id00775_yeCUxHgUHxc.npz,-2.7085962295532227,-2.7085962295532227,5.581099033355713,1
FakeVideo-RealAudio/Caucasian (American)/men/id01096/00037_id00775_yeCUxHgUHxc_faceswap.npz,-2.7162108421325684,-2.7162108421325684,5.588425159454346,1
FakeVideo-RealAudio/Caucasian (American)/men/id01096/00037_id00777_wavtolip.npz,-1.6436192989349365,-1.6436192989349365,5.45794677734375,1
FakeVideo-RealAudio/Caucasian (American)/men/id01096/00037_id00943_LxSv2rnBGA8.npz,-2.5897107124328613,-2.5897107124328613,5.629859924316406,1
FakeVideo-RealAudio/Caucasian (American)/men/id01096/00037_id00943_wavtolip.npz,-3.410092830657959,-3.410092830657959,5.091995716094971,1
FakeVideo-RealAudio/Caucasian (American)/men/id01096/00037_id01035_wavtolip.npz,-2.513144016265869,-2.513144016265869,4.700575828552246,1
FakeVideo-RealAudio/Caucasian (American)/men/id01096/00037_id01042_afqWPqWwJIY.npz,-2.2752907276153564,-2.2752907276153564,5.637359619140625,1
FakeVideo-RealAudio/Caucasian (American)/men/id01096/00037_id01048_keflA4viWt8.npz,-2.7752134799957275,-2.7752134799957275,5.587310314178467,1
FakeVideo-RealAudio/Caucasian (American)/men/id01096/00037_id01048_wavtolip.npz,-1.8734197616577148,-1.8734197616577148,4.637126445770264,1
FakeVideo-RealAudio/Caucasian (American)/men/id01096/00037_id01124_wavtolip.npz,-2.392533779144287,-2.392533779144287,5.634681224822998,1
FakeVideo-RealAudio/Caucasian (American)/men/id01096/00037_id01163_wavtolip.npz,-1.7441649436950684,-1.7441649436950684,4.678901195526123,1
FakeVideo-RealAudio/Caucasian (American)/men/id01096/00037_id01239_gJvquKo7kbA.npz,-2.2662980556488037,-2.2662980556488037,5.633666515350342,1
FakeVideo-RealAudio/Caucasian (American)/men/id01096/00037_id03668_wavtolip.npz,-2.267820358276367,-2.267820358276367,5.434906959533691,1
FakeVideo-RealAudio/Caucasian (American)/men/id01096/00037_id04216_wavtolip.npz,-1.4429240226745605,-1.4429240226745605,4.829355239868164,1
FakeVideo-RealAudio/Caucasian (American)/men/id01096/00037_id04221_5XfsCrxGvj4.npz,-2.514237403869629,-2.514237403869629,5.628233432769775,1
FakeVideo-RealAudio/Caucasian (American)/men/id00345/00243_0.npz,-2.0353634357452393,-2.0353634357452393,4.727315902709961,1
FakeVideo-RealAudio/Caucasian (American)/men/id00345/00243_id00021_wavtolip.npz,-1.8178610801696777,-1.8178610801696777,4.496782302856445,1
FakeVideo-RealAudio/Caucasian (American)/men/id00345/00243_id00049_wavtolip.npz,-1.5130435228347778,-1.5130435228347778,4.476564884185791,1
FakeVideo-RealAudio/Caucasian (American)/men/id00345/00243_id00060_wavtolip.npz,-2.1051149368286133,-2.1051149368286133,4.493829727172852,1
FakeVideo-RealAudio/Caucasian (American)/men/id00345/00243_id00062_wavtolip.npz,-1.8104352951049805,-1.8104352951049805,4.510286331176758,1
FakeVideo-RealAudio/Caucasian (American)/men/id00345/00243_id00088_6WIDWxr8vuU.npz,-1.1199455261230469,-1.1199455261230469,4.513988018035889,1
FakeVideo-RealAudio/Caucasian (American)/men/id00345/00243_id00169__V1xAwwG29U.npz,-2.433342456817627,-2.433342456817627,4.490137577056885,1
FakeVideo-RealAudio/Caucasian (American)/men/id00345/00243_id00169_wavtolip.npz,-2.5751895904541016,-2.5751895904541016,4.437619209289551,1
FakeVideo-RealAudio/Caucasian (American)/men/id00345/00243_id00179_Ux9OYyipQi8.npz,-1.9255605936050415,-1.9255605936050415,4.467320919036865,1
FakeVideo-RealAudio/Caucasian (American)/men/id00345/00243_id00179_Ux9OYyipQi8_faceswap.npz,-2.0344698429107666,-2.0344698429107666,4.555596351623535,1
FakeVideo-RealAudio/Caucasian (American)/men/id00345/00243_id00179_wavtolip.npz,-1.8831171989440918,-1.8831171989440918,4.508499622344971,1
FakeVideo-RealAudio/Caucasian (American)/men/id00345/00243_id00696_7PrURACjhqU.npz,-2.140172004699707,-2.140172004699707,4.458278656005859,1
FakeVideo-RealAudio/Caucasian (American)/men/id00345/00243_id00945_wavtolip.npz,-2.7930006980895996,-2.7930006980895996,4.4407196044921875,1
FakeVideo-RealAudio/Caucasian (American)/men/id00345/00243_id01124_Lnf2oGSM00s.npz,-1.4861516952514648,-1.4861516952514648,4.514492988586426,1
FakeVideo-RealAudio/Caucasian (American)/men/id00345/00243_id01182_wavtolip.npz,-2.07710862159729,-2.07710862159729,4.494755744934082,1
FakeVideo-RealAudio/Caucasian (American)/men/id00345/00243_id01182_zca-PHR_U40.npz,-2.177210807800293,-2.177210807800293,4.502505302429199,1
FakeVideo-RealAudio/Caucasian (American)/men/id00345/00243_id01210_sMdOO7NqsGY.npz,-1.6963142156600952,-1.6963142156600952,4.545856475830078,1
FakeVideo-RealAudio/Caucasian (American)/men/id00345/00243_id01211_ALJX69-RDG8.npz,-1.7970517873764038,-1.7970517873764038,4.513365268707275,1
FakeVideo-RealAudio/Caucasian (American)/men/id00345/00243_id01239_gJvquKo7kbA.npz,-1.424855351448059,-1.424855351448059,4.461607456207275,1
FakeVideo-RealAudio/Caucasian (American)/men/id00345/00243_id03668_wavtolip.npz,-3.200105667114258,-3.200105667114258,4.4094085693359375,1
FakeVideo-RealAudio/Caucasian (American)/men/id00345/00243_id04073_KT7B07WFWyM.npz,-1.8331187963485718,-1.8331187963485718,4.483259677886963,1
FakeVideo-RealAudio/Caucasian (American)/men/id00345/00243_id04221_wavtolip.npz,-2.6904048919677734,-2.6904048919677734,4.498022556304932,1
FakeVideo-RealAudio/Caucasian (American)/men/id01192/00217_id00062_bctnrIvZHTs.npz,-1.6584572792053223,-1.6584572792053223,4.941619873046875,1
FakeVideo-RealAudio/Caucasian (American)/men/id01192/00217_id00169__V1xAwwG29U.npz,-1.6917226314544678,-1.6917226314544678,4.948272705078125,1
FakeVideo-RealAudio/Caucasian (American)/men/id01192/00217_id00184_wavtolip.npz,-2.2519826889038086,-2.2519826889038086,4.8245954513549805,1
FakeVideo-RealAudio/Caucasian (American)/men/id01192/00217_id00243_wavtolip.npz,-2.910146713256836,-2.910146713256836,4.769107818603516,1
FakeVideo-RealAudio/Caucasian (American)/men/id01192/00217_id00529_wavtolip.npz,-2.4940335750579834,-2.4940335750579834,4.753476619720459,1
FakeVideo-RealAudio/Caucasian (American)/men/id01192/00217_id00708_wavtolip.npz,-2.2065677642822266,-2.2065677642822266,4.613872528076172,1
FakeVideo-RealAudio/Caucasian (American)/men/id01192/00217_id00775_yeCUxHgUHxc.npz,-1.4648510217666626,-1.4648510217666626,4.958860874176025,1
FakeVideo-RealAudio/Caucasian (American)/men/id01192/00217_id00943_wavtolip.npz,-3.242489814758301,-3.242489814758301,4.874862194061279,1
FakeVideo-RealAudio/Caucasian (American)/men/id01192/00217_id00945_wavtolip.npz,-3.294644594192505,-3.294644594192505,4.646461486816406,1
FakeVideo-RealAudio/Caucasian (American)/men/id01192/00217_id01042_afqWPqWwJIY.npz,-1.494415283203125,-1.494415283203125,4.924209117889404,1
FakeVideo-RealAudio/Caucasian (American)/men/id01192/00217_id01044_wavtolip.npz,-1.9493699073791504,-1.9493699073791504,4.869157791137695,1
FakeVideo-RealAudio/Caucasian (American)/men/id01192/00217_id01044_yL58R6zBNf4.npz,-1.653448462486267,-1.653448462486267,4.962229251861572,1
FakeVideo-RealAudio/Caucasian (American)/men/id01192/00217_id01105_qxMlGJlyfA8.npz,-1.5456544160842896,-1.5456544160842896,4.93587589263916,1
FakeVideo-RealAudio/Caucasian (American)/men/id01192/00217_id01105_qxMlGJlyfA8_faceswap.npz,-1.6071265935897827,-1.6071265935897827,4.960633277893066,1
FakeVideo-RealAudio/Caucasian (American)/men/id01192/00217_id01163_QSMeUEH3lJM.npz,-1.677710771560669,-1.677710771560669,4.93095588684082,1
FakeVideo-RealAudio/Caucasian (American)/men/id01192/00217_id01201_wavtolip.npz,-2.789569854736328,-2.789569854736328,4.8715901374816895,1
FakeVideo-RealAudio/Caucasian (American)/men/id01192/00217_id01239_gJvquKo7kbA.npz,-1.6681486368179321,-1.6681486368179321,4.947286605834961,1
FakeVideo-RealAudio/Caucasian (American)/men/id01192/00217_id04034_wavtolip.npz,-2.9183578491210938,-2.9183578491210938,4.840013027191162,1
FakeVideo-RealAudio/Caucasian (American)/men/id01192/00217_id04073_KT7B07WFWyM.npz,-1.684822678565979,-1.684822678565979,4.9531145095825195,1
FakeVideo-RealAudio/Caucasian (American)/men/id01192/00217_id04073_wavtolip.npz,-2.819530725479126,-2.819530725479126,4.92361307144165,1
FakeVideo-RealAudio/Caucasian (American)/men/id01192/00217_id04221_5XfsCrxGvj4.npz,-1.5122449398040771,-1.5122449398040771,4.960549831390381,1
FakeVideo-RealAudio/Caucasian (American)/men/id03678/00078_0.npz,-3.7345962524414062,-3.7345962524414062,5.023413181304932,1
FakeVideo-RealAudio/Caucasian (American)/men/id03678/00078_id00018_sap-FjURHlc.npz,-2.658883571624756,-2.658883571624756,4.61152458190918,1
FakeVideo-RealAudio/Caucasian (American)/men/id03678/00078_id00021_wavtolip.npz,-2.303812026977539,-2.303812026977539,4.664369106292725,1
FakeVideo-RealAudio/Caucasian (American)/men/id03678/00078_id00049_S_EHTUF-mQY.npz,-2.3986408710479736,-2.3986408710479736,4.625389575958252,1
FakeVideo-RealAudio/Caucasian (American)/men/id03678/00078_id00169__V1xAwwG29U.npz,-2.615367889404297,-2.615367889404297,4.601691722869873,1
FakeVideo-RealAudio/Caucasian (American)/men/id03678/00078_id00243_oWwEIXM3oZQ.npz,-2.041379928588867,-2.041379928588867,4.618205547332764,1
FakeVideo-RealAudio/Caucasian (American)/men/id03678/00078_id00345_wavtolip.npz,-2.328779697418213,-2.328779697418213,4.478367805480957,1
FakeVideo-RealAudio/Caucasian (American)/men/id03678/00078_id00529_xtx2GeQN-DQ.npz,-2.877485752105713,-2.877485752105713,4.602168083190918,1
FakeVideo-RealAudio/Caucasian (American)/men/id03678/00078_id00696_7PrURACjhqU.npz,-2.64363431930542,-2.64363431930542,4.617569446563721,1
FakeVideo-RealAudio/Caucasian (American)/men/id03678/00078_id00775_wavtolip.npz,-2.9511687755584717,-2.9511687755584717,4.596718788146973,1
FakeVideo-RealAudio/Caucasian (American)/men/id03678/00078_id01048_wavtolip.npz,-2.215456008911133,-2.215456008911133,4.630928039550781,1
FakeVideo-RealAudio/Caucasian (American)/men/id03678/00078_id01124_Lnf2oGSM00s.npz,-2.0601463317871094,-2.0601463317871094,4.625033855438232,1
FakeVideo-RealAudio/Caucasian (American)/men/id03678/00078_id01124_wavtolip.npz,-2.260328769683838,-2.260328769683838,4.6532793045043945,1
FakeVideo-RealAudio/Caucasian (American)/men/id03678/00078_id01163_QSMeUEH3lJM.npz,-2.1017212867736816,-2.1017212867736816,4.639580249786377,1
FakeVideo-RealAudio/Caucasian (American)/men/id03678/00078_id01172_8f8sdrQatpw.npz,-2.781475305557251,-2.781475305557251,4.604488372802734,1
FakeVideo-RealAudio/Caucasian (American)/men/id03678/00078_id01182_wavtolip.npz,-2.2983810901641846,-2.2983810901641846,4.672936916351318,1
FakeVideo-RealAudio/Caucasian (American)/men/id03678/00078_id01192_wavtolip.npz,-1.7428267002105713,-1.7428267002105713,4.70292854309082,1
FakeVideo-RealAudio/Caucasian (American)/men/id03678/00078_id01201_wavtolip.npz,-2.692798614501953,-2.692798614501953,4.668291091918945,1
FakeVideo-RealAudio/Caucasian (American)/men/id03678/00078_id03668_mjurT3_7DpE.npz,-2.6105971336364746,-2.6105971336364746,4.614565372467041,1
FakeVideo-RealAudio/Caucasian (American)/men/id03678/00078_id03668_mjurT3_7DpE_faceswap.npz,-2.484926700592041,-2.484926700592041,4.63999605178833,1
FakeVideo-RealAudio/Caucasian (American)/men/id03678/00078_id03757_wavtolip.npz,-2.770629405975342,-2.770629405975342,4.579611778259277,1
FakeVideo-RealAudio/Caucasian (American)/men/id03678/00078_id04219_wavtolip.npz,-2.6219749450683594,-2.6219749450683594,4.583200454711914,1
FakeVideo-RealAudio/Caucasian (American)/men/id00018/00181_0.npz,-2.2583560943603516,-2.2583560943603516,4.773839473724365,1
FakeVideo-RealAudio/Caucasian (American)/men/id00018/00181_id00060_wavtolip.npz,-2.496440887451172,-2.496440887451172,4.671976566314697,1
FakeVideo-RealAudio/Caucasian (American)/men/id00018/00181_id00088_6WIDWxr8vuU.npz,-2.584029197692871,-2.584029197692871,4.639271259307861,1
FakeVideo-RealAudio/Caucasian (American)/men/id00018/00181_id00169__V1xAwwG29U.npz,-3.2477169036865234,-3.2477169036865234,4.599684715270996,1
FakeVideo-RealAudio/Caucasian (American)/men/id00018/00181_id00243_oWwEIXM3oZQ.npz,-2.520552158355713,-2.520552158355713,4.63122034072876,1
FakeVideo-RealAudio/Caucasian (American)/men/id00018/00181_id00264_wavtolip.npz,-2.1398279666900635,-2.1398279666900635,4.67911958694458,1
FakeVideo-RealAudio/Caucasian (American)/men/id00018/00181_id00696_7PrURACjhqU.npz,-2.9099223613739014,-2.9099223613739014,4.621284008026123,1
FakeVideo-RealAudio/Caucasian (American)/men/id00018/00181_id01035_wavtolip.npz,-1.85209321975708,-1.85209321975708,4.666356086730957,1
FakeVideo-RealAudio/Caucasian (American)/men/id00018/00181_id01048_wavtolip.npz,-2.2030701637268066,-2.2030701637268066,4.622227668762207,1
FakeVideo-RealAudio/Caucasian (American)/men/id00018/00181_id01124_Lnf2oGSM00s.npz,-2.7853736877441406,-2.7853736877441406,4.623709678649902,1
FakeVideo-RealAudio/Caucasian (American)/men/id00018/00181_id01163_QSMeUEH3lJM.npz,-1.9892463684082031,-1.9892463684082031,4.672257900238037,1
FakeVideo-RealAudio/Caucasian (American)/men/id00018/00181_id01163_wavtolip.npz,-2.1211957931518555,-2.1211957931518555,4.68332052230835,1
FakeVideo-RealAudio/Caucasian (American)/men/id00018/00181_id01182_wavtolip.npz,-2.0756418704986572,-2.0756418704986572,4.713277816772461,1
FakeVideo-RealAudio/Caucasian (American)/men/id00018/00181_id01192_wavtolip.npz,-1.5625447034835815,-1.5625447034835815,4.695743560791016,1
FakeVideo-RealAudio/Caucasian (American)/men/id00018/00181_id01201_Q8XWfmNiWYA.npz,-2.1213295459747314,-2.1213295459747314,4.710165023803711,1
FakeVideo-RealAudio/Caucasian (American)/men/id00018/00181_id01201_Q8XWfmNiWYA_faceswap.npz,-2.823547124862671,-2.823547124862671,4.663083076477051,1
FakeVideo-RealAudio/Caucasian (American)/men/id00018/00181_id01210_wavtolip.npz,-3.3695311546325684,-3.3695311546325684,4.541623115539551,1
FakeVideo-RealAudio/Caucasian (American)/men/id00018/00181_id03525_wavtolip.npz,-1.1898562908172607,-1.1898562908172607,4.729006290435791,1
FakeVideo-RealAudio/Caucasian (American)/men/id00018/00181_id03678_dsfCxodI9i8.npz,-3.3589470386505127,-3.3589470386505127,4.626976013183594,1
FakeVideo-RealAudio/Caucasian (American)/men/id00018/00181_id03757_L-M-XbdFLQM.npz,-2.3012776374816895,-2.3012776374816895,4.656985282897949,1
FakeVideo-RealAudio/Caucasian (American)/men/id00018/00181_id04219_9llHvP-jYDg.npz,-2.801647663116455,-2.801647663116455,4.636516094207764,1
FakeVideo-RealAudio/Caucasian (American)/men/id00018/00181_id04219_wavtolip.npz,-2.580528736114502,-2.580528736114502,4.537110328674316,1
FakeVideo-RealAudio/Caucasian (American)/men/id00049/00118_id00018_sap-FjURHlc.npz,-2.0856099128723145,-2.0856099128723145,5.078072547912598,1
FakeVideo-RealAudio/Caucasian (American)/men/id00049/00118_id00020_VXYAbbQWyQM.npz,-2.029910087585449,-2.029910087585449,4.990249156951904,1
FakeVideo-RealAudio/Caucasian (American)/men/id00049/00118_id00169__V1xAwwG29U.npz,-3.1572399139404297,-3.1572399139404297,5.0104899406433105,1
FakeVideo-RealAudio/Caucasian (American)/men/id00049/00118_id00169_wavtolip.npz,-3.4802472591400146,-3.4802472591400146,4.7000322341918945,1
FakeVideo-RealAudio/Caucasian (American)/men/id00049/00118_id00179_wavtolip.npz,-3.6412925720214844,-3.6412925720214844,4.70505428314209,1
FakeVideo-RealAudio/Caucasian (American)/men/id00049/00118_id00345_wavtolip.npz,-2.6468169689178467,-2.6468169689178467,4.586644172668457,1
FakeVideo-RealAudio/Caucasian (American)/men/id00049/00118_id00529_xtx2GeQN-DQ.npz,-1.949179768562317,-1.949179768562317,5.000200271606445,1
FakeVideo-RealAudio/Caucasian (American)/men/id00049/00118_id00696_7PrURACjhqU.npz,-1.782670497894287,-1.782670497894287,5.031939506530762,1
FakeVideo-RealAudio/Caucasian (American)/men/id00049/00118_id00775_yeCUxHgUHxc.npz,-2.7125043869018555,-2.7125043869018555,5.017530918121338,1
FakeVideo-RealAudio/Caucasian (American)/men/id00049/00118_id00775_yeCUxHgUHxc_faceswap.npz,-2.714715003967285,-2.714715003967285,4.912787437438965,1
FakeVideo-RealAudio/Caucasian (American)/men/id00049/00118_id00943_LxSv2rnBGA8.npz,-2.206104278564453,-2.206104278564453,4.992053508758545,1
FakeVideo-RealAudio/Caucasian (American)/men/id00049/00118_id01163_wavtolip.npz,-2.0948376655578613,-2.0948376655578613,4.739861011505127,1
FakeVideo-RealAudio/Caucasian (American)/men/id00049/00118_id01182_wavtolip.npz,-1.8273611068725586,-1.8273611068725586,4.95341682434082,1
FakeVideo-RealAudio/Caucasian (American)/men/id00049/00118_id01192_wavtolip.npz,-1.7605409622192383,-1.7605409622192383,4.934361934661865,1
FakeVideo-RealAudio/Caucasian (American)/men/id00049/00118_id01201_wavtolip.npz,-2.844705104827881,-2.844705104827881,4.9563822746276855,1
FakeVideo-RealAudio/Caucasian (American)/men/id00049/00118_id03668_mjurT3_7DpE.npz,-2.2545557022094727,-2.2545557022094727,4.976899147033691,1
FakeVideo-RealAudio/Caucasian (American)/men/id00049/00118_id03668_wavtolip.npz,-3.0872855186462402,-3.0872855186462402,4.981780529022217,1
FakeVideo-RealAudio/Caucasian (American)/men/id00049/00118_id03678_dsfCxodI9i8.npz,-2.0335192680358887,-2.0335192680358887,5.02194881439209,1
FakeVideo-RealAudio/Caucasian (American)/men/id00049/00118_id03678_wavtolip.npz,-2.4195261001586914,-2.4195261001586914,4.6973981857299805,1
FakeVideo-RealAudio/Caucasian (American)/men/id00049/00118_id04216_wavtolip.npz,-2.1749496459960938,-2.1749496459960938,4.76458215713501,1
FakeVideo-RealAudio/Caucasian (American)/men/id00049/00118_id04219_9llHvP-jYDg.npz,-1.829852819442749,-1.829852819442749,5.010869979858398,1
FakeVideo-RealAudio/Caucasian (American)/men/id00087/00002_id00029_wavtolip.npz,-1.7600932121276855,-1.7600932121276855,4.958799362182617,1
FakeVideo-RealAudio/Caucasian (American)/men/id00087/00002_id00060_wavtolip.npz,-3.215548515319824,-3.215548515319824,4.915467262268066,1
FakeVideo-RealAudio/Caucasian (American)/men/id00087/00002_id00184_WaTN0ry04Qs.npz,-1.8789420127868652,-1.8789420127868652,4.988632678985596,1
FakeVideo-RealAudio/Caucasian (American)/men/id00087/00002_id00345_wavtolip.npz,-1.5193578004837036,-1.5193578004837036,4.516765117645264,1
FakeVideo-RealAudio/Caucasian (American)/men/id00087/00002_id00696_wavtolip.npz,-1.6102488040924072,-1.6102488040924072,4.675252437591553,1
FakeVideo-RealAudio/Caucasian (American)/men/id00087/00002_id00708_Dzmb0FH1xBc.npz,-2.3873512744903564,-2.3873512744903564,5.018956661224365,1
FakeVideo-RealAudio/Caucasian (American)/men/id00087/00002_id00775_yeCUxHgUHxc.npz,-2.9228296279907227,-2.9228296279907227,5.102267265319824,1
FakeVideo-RealAudio/Caucasian (American)/men/id00087/00002_id00775_yeCUxHgUHxc_faceswap.npz,-3.25164532661438,-3.25164532661438,5.075311183929443,1
FakeVideo-RealAudio/Caucasian (American)/men/id00087/00002_id00777_wavtolip.npz,-2.212984561920166,-2.212984561920166,4.959697723388672,1
FakeVideo-RealAudio/Caucasian (American)/men/id00087/00002_id00943_LxSv2rnBGA8.npz,-3.6198508739471436,-3.6198508739471436,4.97755241394043,1
FakeVideo-RealAudio/Caucasian (American)/men/id00087/00002_id00945_V-rSeF8o5pc.npz,-1.7540359497070312,-1.7540359497070312,4.9984354972839355,1
FakeVideo-RealAudio/Caucasian (American)/men/id00087/00002_id01042_afqWPqWwJIY.npz,-3.0352838039398193,-3.0352838039398193,5.081817150115967,1
FakeVideo-RealAudio/Caucasian (American)/men/id00087/00002_id01044_wavtolip.npz,-2.3122479915618896,-2.3122479915618896,4.975602626800537,1
FakeVideo-RealAudio/Caucasian (American)/men/id00087/00002_id01044_yL58R6zBNf4.npz,-2.9720120429992676,-2.9720120429992676,5.072546005249023,1
FakeVideo-RealAudio/Caucasian (American)/men/id00087/00002_id01096_GHuYIC1WDks.npz,-3.6458184719085693,-3.6458184719085693,5.044387340545654,1
FakeVideo-RealAudio/Caucasian (American)/men/id00087/00002_id01168_wavtolip.npz,-3.339287281036377,-3.339287281036377,4.708334445953369,1
FakeVideo-RealAudio/Caucasian (American)/men/id00087/00002_id01172_wavtolip.npz,0.31023621559143066,0.31023621559143066,4.428158760070801,1
FakeVideo-RealAudio/Caucasian (American)/men/id00087/00002_id03525_5qVmWkkCk3k.npz,-3.031459093093872,-3.031459093093872,5.0458149909973145,1
FakeVideo-RealAudio/Caucasian (American)/men/id00087/00002_id03668_wavtolip.npz,-3.453497886657715,-3.453497886657715,4.932182788848877,1
FakeVideo-RealAudio/Caucasian (American)/men/id00087/00002_id03757_L-M-XbdFLQM.npz,-2.3708317279815674,-2.3708317279815674,4.965986251831055,1
FakeVideo-RealAudio/Caucasian (American)/men/id00087/00002_id04216_wavtolip.npz,-3.1559228897094727,-3.1559228897094727,4.784414291381836,1
FakeVideo-RealAudio/Caucasian (American)/women/id01216/00025_0.npz,-3.387962579727173,-3.387962579727173,5.000598907470703,1
FakeVideo-RealAudio/Caucasian (American)/women/id01216/00025_id00025_PjSeVtbvSjA.npz,-0.8319056034088135,-0.8319056034088135,5.559264659881592,1
FakeVideo-RealAudio/Caucasian (American)/women/id01216/00025_id00097_PchMB8-P1lw.npz,-0.9199703931808472,-0.9199703931808472,5.573993682861328,1
FakeVideo-RealAudio/Caucasian (American)/women/id01216/00025_id00261_wavtolip.npz,-1.776977300643921,-1.776977300643921,4.8290510177612305,1
FakeVideo-RealAudio/Caucasian (American)/women/id01216/00025_id00272_VLY1boTtbRM.npz,-1.0070148706436157,-1.0070148706436157,5.5500006675720215,1
FakeVideo-RealAudio/Caucasian (American)/women/id01216/00025_id00383_wavtolip.npz,-1.4648919105529785,-1.4648919105529785,4.933998107910156,1
FakeVideo-RealAudio/Caucasian (American)/women/id01216/00025_id00458_wavtolip.npz,-1.3820042610168457,-1.3820042610168457,4.913328170776367,1
FakeVideo-RealAudio/Caucasian (American)/women/id01216/00025_id00462_EMnGfAq9gg4.npz,-1.0329978466033936,-1.0329978466033936,5.546875,1
FakeVideo-RealAudio/Caucasian (American)/women/id01216/00025_id00575_wavtolip.npz,-2.6518335342407227,-2.6518335342407227,4.803440570831299,1
FakeVideo-RealAudio/Caucasian (American)/women/id01216/00025_id00618_wavtolip.npz,-2.1188137531280518,-2.1188137531280518,4.7809624671936035,1
FakeVideo-RealAudio/Caucasian (American)/women/id01216/00025_id00841_wavtolip.npz,-1.8986780643463135,-1.8986780643463135,4.901147842407227,1
FakeVideo-RealAudio/Caucasian (American)/women/id01216/00025_id01004_wavtolip.npz,-1.9096364974975586,-1.9096364974975586,4.54569673538208,1
FakeVideo-RealAudio/Caucasian (American)/women/id01216/00025_id01075_MtJUiHspdT0.npz,-0.9681230187416077,-0.9681230187416077,5.558560371398926,1
FakeVideo-RealAudio/Caucasian (American)/women/id01216/00025_id01091_wavtolip.npz,-1.7715370655059814,-1.7715370655059814,4.668118476867676,1
FakeVideo-RealAudio/Caucasian (American)/women/id01216/00025_id01217_7lVC4xEK_6E.npz,-0.8374420404434204,-0.8374420404434204,5.5470685958862305,1
FakeVideo-RealAudio/Caucasian (American)/women/id01216/00025_id01223_TO3ym8Gwp7k.npz,-1.0026330947875977,-1.0026330947875977,5.5495076179504395,1
FakeVideo-RealAudio/Caucasian (American)/women/id01216/00025_id01225_WuzuZoM84Ws.npz,-0.7710056304931641,-0.7710056304931641,5.561207294464111,1
FakeVideo-RealAudio/Caucasian (American)/women/id01216/00025_id01227_wavtolip.npz,-1.5869966745376587,-1.5869966745376587,4.681879043579102,1
FakeVideo-RealAudio/Caucasian (American)/women/id01216/00025_id01231_XXpYdOHUF-g.npz,-0.9894660115242004,-0.9894660115242004,5.543371200561523,1
FakeVideo-RealAudio/Caucasian (American)/women/id01216/00025_id03556_wavtolip.npz,-3.576606273651123,-3.576606273651123,5.591592788696289,1
FakeVideo-RealAudio/Caucasian (American)/women/id01216/00025_id03707_pwNcRPQ5qdo.npz,-1.0280911922454834,-1.0280911922454834,5.562570095062256,1
FakeVideo-RealAudio/Caucasian (American)/women/id01216/00025_id03707_pwNcRPQ5qdo_faceswap.npz,-0.9952988624572754,-0.9952988624572754,5.534997940063477,1
FakeVideo-RealAudio/Caucasian (American)/women/id03781/00021_0.npz,-3.6569089889526367,-3.6569089889526367,4.570700645446777,1
FakeVideo-RealAudio/Caucasian (American)/women/id03781/00113_id00025_PjSeVtbvSjA.npz,-3.092841863632202,-3.092841863632202,4.650571346282959,1
FakeVideo-RealAudio/Caucasian (American)/women/id03781/00113_id00428_Kr7n-68JWww.npz,-3.1922569274902344,-3.1922569274902344,4.635344982147217,1
FakeVideo-RealAudio/Caucasian (American)/women/id03781/00113_id00428_wavtolip.npz,-2.7918477058410645,-2.7918477058410645,4.720888614654541,1
FakeVideo-RealAudio/Caucasian (American)/women/id03781/00113_id00458_wavtolip.npz,-0.6032322645187378,-0.6032322645187378,4.705008029937744,1
FakeVideo-RealAudio/Caucasian (American)/women/id03781/00113_id00462_EMnGfAq9gg4.npz,-3.544344902038574,-3.544344902038574,4.626990795135498,1
FakeVideo-RealAudio/Caucasian (American)/women/id03781/00113_id00555_wavtolip.npz,-2.9425766468048096,-2.9425766468048096,4.755678176879883,1
FakeVideo-RealAudio/Caucasian (American)/women/id03781/00113_id00618__TwV2SmUIlY.npz,-3.7128798961639404,-3.7128798961639404,4.65190315246582,1
FakeVideo-RealAudio/Caucasian (American)/women/id03781/00113_id00680_wavtolip.npz,-2.3311638832092285,-2.3311638832092285,4.738274574279785,1
FakeVideo-RealAudio/Caucasian (American)/women/id03781/00113_id00841_wavtolip.npz,-1.5396459102630615,-1.5396459102630615,4.694881439208984,1
FakeVideo-RealAudio/Caucasian (American)/women/id03781/00113_id00848_o1_9Cu3YMN0.npz,-3.5186877250671387,-3.5186877250671387,4.645130157470703,1
FakeVideo-RealAudio/Caucasian (American)/women/id03781/00113_id00848_wavtolip.npz,-2.2375636100769043,-2.2375636100769043,4.742485046386719,1
FakeVideo-RealAudio/Caucasian (American)/women/id03781/00113_id01004_867Wlj7Gw68.npz,-3.6989893913269043,-3.6989893913269043,4.6363630294799805,1
FakeVideo-RealAudio/Caucasian (American)/women/id03781/00113_id01005_wavtolip.npz,-1.9724071025848389,-1.9724071025848389,4.7436418533325195,1
FakeVideo-RealAudio/Caucasian (American)/women/id03781/00113_id01091_wavtolip.npz,-1.7792985439300537,-1.7792985439300537,4.789210796356201,1
FakeVideo-RealAudio/Caucasian (American)/women/id03781/00113_id01225_wavtolip.npz,-2.4317142963409424,-2.4317142963409424,4.733095169067383,1
FakeVideo-RealAudio/Caucasian (American)/women/id03781/00113_id01227_wavtolip.npz,-1.4293217658996582,-1.4293217658996582,4.698646545410156,1
FakeVideo-RealAudio/Caucasian (American)/women/id03781/00113_id01245_7pYBPczR_z0.npz,-3.163114309310913,-3.163114309310913,4.6520586013793945,1
FakeVideo-RealAudio/Caucasian (American)/women/id03781/00113_id02464_1hxJsZYV7mI.npz,-3.701368808746338,-3.701368808746338,4.640370845794678,1
FakeVideo-RealAudio/Caucasian (American)/women/id03781/00113_id02466_VOgaA7O5yWY.npz,-3.9546496868133545,-3.9546496868133545,4.701371192932129,1
FakeVideo-RealAudio/Caucasian (American)/women/id03781/00113_id03605_JGZt9DAhBRs.npz,-3.27085542678833,-3.27085542678833,4.667507648468018,1
FakeVideo-RealAudio/Caucasian (American)/women/id03781/00195_0.npz,-2.452662706375122,-2.452662706375122,4.931656360626221,1
FakeVideo-RealAudio/Caucasian (American)/women/id03781/00336_0.npz,-3.3591341972351074,-3.3591341972351074,5.2667131423950195,1
FakeVideo-RealAudio/Caucasian (American)/women/id00398/00016_0.npz,-2.800429344177246,-2.800429344177246,4.975301265716553,1
FakeVideo-RealAudio/Caucasian (American)/women/id00398/00016_id00025_PjSeVtbvSjA.npz,-2.8234963417053223,-2.8234963417053223,4.817054748535156,1
FakeVideo-RealAudio/Caucasian (American)/women/id00398/00016_id00098_wavtolip.npz,-1.812085509300232,-1.812085509300232,4.532035827636719,1
FakeVideo-RealAudio/Caucasian (American)/women/id00398/00016_id00100_sZ0Ex4WUEgM.npz,-3.038442611694336,-3.038442611694336,4.808281898498535,1
FakeVideo-RealAudio/Caucasian (American)/women/id00398/00016_id00231_wavtolip.npz,-2.3314566612243652,-2.3314566612243652,4.845572471618652,1
FakeVideo-RealAudio/Caucasian (American)/women/id00398/00016_id00272_VLY1boTtbRM.npz,-3.025448799133301,-3.025448799133301,4.7764177322387695,1
FakeVideo-RealAudio/Caucasian (American)/women/id00398/00016_id00381_wavtolip.npz,-1.6602314710617065,-1.6602314710617065,4.817540645599365,1
FakeVideo-RealAudio/Caucasian (American)/women/id00398/00016_id00385_oqf8cNi7lOI.npz,-2.8903164863586426,-2.8903164863586426,4.77658224105835,1
FakeVideo-RealAudio/Caucasian (American)/women/id00398/00016_id00575_iPfJcAJQ84Y.npz,-2.2357020378112793,-2.2357020378112793,4.816247940063477,1
FakeVideo-RealAudio/Caucasian (American)/women/id00398/00016_id00575_wavtolip.npz,-2.1780173778533936,-2.1780173778533936,4.77993631362915,1
FakeVideo-RealAudio/Caucasian (American)/women/id00398/00016_id00618__TwV2SmUIlY.npz,-3.310638189315796,-3.310638189315796,4.775791645050049,1
FakeVideo-RealAudio/Caucasian (American)/women/id00398/00016_id00618__TwV2SmUIlY_faceswap.npz,-3.9878153800964355,-3.9878153800964355,4.714725971221924,1
FakeVideo-RealAudio/Caucasian (American)/women/id00398/00016_id00835_zWTp4szbb5k.npz,-3.122462511062622,-3.122462511062622,4.783096790313721,1
FakeVideo-RealAudio/Caucasian (American)/women/id00398/00016_id00841_wavtolip.npz,-1.656895637512207,-1.656895637512207,4.778811454772949,1
FakeVideo-RealAudio/Caucasian (American)/women/id00398/00016_id00842_wavtolip.npz,-2.038968801498413,-2.038968801498413,4.784654140472412,1
FakeVideo-RealAudio/Caucasian (American)/women/id00398/00016_id01004_wavtolip.npz,-1.664139747619629,-1.664139747619629,4.553406238555908,1
FakeVideo-RealAudio/Caucasian (American)/women/id00398/00016_id01225_WuzuZoM84Ws.npz,-3.327455520629883,-3.327455520629883,4.7780046463012695,1
FakeVideo-RealAudio/Caucasian (American)/women/id00398/00016_id01225_wavtolip.npz,-1.9601631164550781,-1.9601631164550781,4.808386325836182,1
FakeVideo-RealAudio/Caucasian (American)/women/id00398/00016_id01231_XXpYdOHUF-g.npz,-2.89517879486084,-2.89517879486084,4.765744686126709,1
FakeVideo-RealAudio/Caucasian (American)/women/id00398/00016_id01238_VPdv2sexRy0.npz,-3.14682674407959,-3.14682674407959,4.752460479736328,1
FakeVideo-RealAudio/Caucasian (American)/women/id00398/00016_id03696_wavtolip.npz,-2.39284086227417,-2.39284086227417,4.613967418670654,1
FakeVideo-RealAudio/Caucasian (American)/women/id00398/00016_id03781_wavtolip.npz,-2.159649133682251,-2.159649133682251,4.759993553161621,1
FakeVideo-RealAudio/Caucasian (American)/women/id00616/00305_0.npz,-2.9202804565429688,-2.9202804565429688,4.677156448364258,1
FakeVideo-RealAudio/Caucasian (American)/women/id00616/00305_id00098_Rs_fnQ0tnqQ.npz,-2.416433811187744,-2.416433811187744,5.234625339508057,1
FakeVideo-RealAudio/Caucasian (American)/women/id00616/00305_id00098_wavtolip.npz,-2.162870407104492,-2.162870407104492,4.575371265411377,1
FakeVideo-RealAudio/Caucasian (American)/women/id00616/00305_id00100_wavtolip.npz,-0.9878814220428467,-0.9878814220428467,5.272696495056152,1
FakeVideo-RealAudio/Caucasian (American)/women/id00616/00305_id00261_gYQ5Scz5FnA.npz,-2.3745222091674805,-2.3745222091674805,5.220304489135742,1
FakeVideo-RealAudio/Caucasian (American)/women/id00616/00305_id00291_L_SLT-j82Ms.npz,-2.3089206218719482,-2.3089206218719482,5.226923942565918,1
FakeVideo-RealAudio/Caucasian (American)/women/id00616/00305_id00291_wavtolip.npz,-2.0230534076690674,-2.0230534076690674,4.560220241546631,1
FakeVideo-RealAudio/Caucasian (American)/women/id00616/00305_id00381_79zqA0CZh8s.npz,-2.394195079803467,-2.394195079803467,5.248551845550537,1
FakeVideo-RealAudio/Caucasian (American)/women/id00616/00305_id00381_wavtolip.npz,-2.106712579727173,-2.106712579727173,4.854269504547119,1
FakeVideo-RealAudio/Caucasian (American)/women/id00616/00305_id00431_DyRvPN6rEfU.npz,-2.184373617172241,-2.184373617172241,5.2438645362854,1
FakeVideo-RealAudio/Caucasian (American)/women/id00616/00305_id00680_wavtolip.npz,-2.209409713745117,-2.209409713745117,4.704815864562988,1
FakeVideo-RealAudio/Caucasian (American)/women/id00616/00305_id00835_wavtolip.npz,-1.4722120761871338,-1.4722120761871338,4.5880560874938965,1
FakeVideo-RealAudio/Caucasian (American)/women/id00616/00305_id00841_wavtolip.npz,-1.6347235441207886,-1.6347235441207886,4.877748966217041,1
FakeVideo-RealAudio/Caucasian (American)/women/id00616/00305_id00842_wavtolip.npz,-2.4627327919006348,-2.4627327919006348,4.869909286499023,1
FakeVideo-RealAudio/Caucasian (American)/women/id00616/00305_id01225_WuzuZoM84Ws.npz,-2.2336246967315674,-2.2336246967315674,5.219887733459473,1
FakeVideo-RealAudio/Caucasian (American)/women/id00616/00305_id01225_wavtolip.npz,-1.6186237335205078,-1.6186237335205078,4.883585453033447,1
FakeVideo-RealAudio/Caucasian (American)/women/id00616/00305_id01227_eNr-P3gIrgo.npz,-2.214301586151123,-2.214301586151123,5.2406816482543945,1
FakeVideo-RealAudio/Caucasian (American)/women/id00616/00305_id01245_7pYBPczR_z0.npz,-1.937342643737793,-1.937342643737793,5.257571697235107,1
FakeVideo-RealAudio/Caucasian (American)/women/id00616/00305_id02464_wavtolip.npz,-1.1692898273468018,-1.1692898273468018,4.471345901489258,1
FakeVideo-RealAudio/Caucasian (American)/women/id00616/00305_id03605_JGZt9DAhBRs.npz,-2.40078067779541,-2.40078067779541,5.2414937019348145,1
FakeVideo-RealAudio/Caucasian (American)/women/id00616/00305_id03696_Kz45DNXKLXI.npz,-1.673844337463379,-1.673844337463379,5.226609230041504,1
FakeVideo-RealAudio/Caucasian (American)/women/id00145/00043_id00025_PjSeVtbvSjA.npz,-2.3796792030334473,-2.3796792030334473,4.936781406402588,1
FakeVideo-RealAudio/Caucasian (American)/women/id00145/00043_id00098_wavtolip.npz,-2.3844246864318848,-2.3844246864318848,4.570542812347412,1
FakeVideo-RealAudio/Caucasian (American)/women/id00145/00043_id00180_lkeAa8Od_tg.npz,-2.4625673294067383,-2.4625673294067383,4.9150710105896,1
FakeVideo-RealAudio/Caucasian (American)/women/id00145/00043_id00383_wavtolip.npz,-1.6031415462493896,-1.6031415462493896,4.9562883377075195,1
FakeVideo-RealAudio/Caucasian (American)/women/id00145/00043_id00428_Kr7n-68JWww.npz,-2.649348735809326,-2.649348735809326,4.94965934753418,1
FakeVideo-RealAudio/Caucasian (American)/women/id00145/00043_id00458_K4t1pQZL7ck.npz,-2.8319435119628906,-2.8319435119628906,4.926563739776611,1
FakeVideo-RealAudio/Caucasian (American)/women/id00145/00043_id00458_wavtolip.npz,-1.2230504751205444,-1.2230504751205444,4.922295570373535,1
FakeVideo-RealAudio/Caucasian (American)/women/id00145/00043_id00462_wavtolip.npz,-2.1933958530426025,-2.1933958530426025,4.571236610412598,1
FakeVideo-RealAudio/Caucasian (American)/women/id00145/00043_id00555_wavtolip.npz,-2.720306873321533,-2.720306873321533,4.941044330596924,1
FakeVideo-RealAudio/Caucasian (American)/women/id00145/00043_id00618__TwV2SmUIlY.npz,-2.6086947917938232,-2.6086947917938232,4.93640661239624,1
FakeVideo-RealAudio/Caucasian (American)/women/id00145/00043_id01004_867Wlj7Gw68.npz,-2.791151285171509,-2.791151285171509,4.923793315887451,1
FakeVideo-RealAudio/Caucasian (American)/women/id00145/00043_id01004_867Wlj7Gw68_faceswap.npz,-3.029543399810791,-3.029543399810791,4.870481491088867,1
FakeVideo-RealAudio/Caucasian (American)/women/id00145/00043_id01005_wavtolip.npz,-2.9789466857910156,-2.9789466857910156,4.95124626159668,1
FakeVideo-RealAudio/Caucasian (American)/women/id00145/00043_id01075_wavtolip.npz,-1.7620856761932373,-1.7620856761932373,4.980901718139648,1
FakeVideo-RealAudio/Caucasian (American)/women/id00145/00043_id01223_TO3ym8Gwp7k.npz,-2.302459716796875,-2.302459716796875,4.940412521362305,1
FakeVideo-RealAudio/Caucasian (American)/women/id00145/00043_id01248_2y-HnTO8WrQ.npz,-2.4308035373687744,-2.4308035373687744,4.928199291229248,1
FakeVideo-RealAudio/Caucasian (American)/women/id00145/00043_id03605_JGZt9DAhBRs.npz,-2.5605201721191406,-2.5605201721191406,4.917592525482178,1
FakeVideo-RealAudio/Caucasian (American)/women/id00145/00043_id03605_wavtolip.npz,-3.1763226985931396,-3.1763226985931396,4.803112983703613,1
FakeVideo-RealAudio/Caucasian (American)/women/id00145/00043_id03696_wavtolip.npz,-2.725621223449707,-2.725621223449707,4.578174591064453,1
FakeVideo-RealAudio/Caucasian (American)/women/id00145/00043_id03707_pwNcRPQ5qdo.npz,-2.536403179168701,-2.536403179168701,4.938124656677246,1
FakeVideo-RealAudio/Caucasian (American)/women/id00145/00043_id03781_wavtolip.npz,-2.346247434616089,-2.346247434616089,4.728109359741211,1
FakeVideo-RealAudio/Caucasian (American)/women/id00261/00048_id00100_sZ0Ex4WUEgM.npz,-3.085890769958496,-3.085890769958496,4.771135330200195,1
FakeVideo-RealAudio/Caucasian (American)/women/id00261/00048_id00180_wavtolip.npz,-2.4490976333618164,-2.4490976333618164,4.727873802185059,1
FakeVideo-RealAudio/Caucasian (American)/women/id00261/00048_id00190_oZUSqqG9wu4.npz,-2.7442216873168945,-2.7442216873168945,4.800348281860352,1
FakeVideo-RealAudio/Caucasian (American)/women/id00261/00048_id00231_wavtolip.npz,-2.446443796157837,-2.446443796157837,4.770888805389404,1
FakeVideo-RealAudio/Caucasian (American)/women/id00261/00048_id00261_wavtolip.npz,-2.931861639022827,-2.931861639022827,4.760308742523193,1
FakeVideo-RealAudio/Caucasian (American)/women/id00261/00048_id00385_oqf8cNi7lOI.npz,-3.0144670009613037,-3.0144670009613037,4.7743120193481445,1
FakeVideo-RealAudio/Caucasian (American)/women/id00261/00048_id00418_wavtolip.npz,-2.4729840755462646,-2.4729840755462646,4.715643405914307,1
FakeVideo-RealAudio/Caucasian (American)/women/id00261/00048_id00428_Kr7n-68JWww.npz,-2.8075432777404785,-2.8075432777404785,4.784945487976074,1
FakeVideo-RealAudio/Caucasian (American)/women/id00261/00048_id00431_wavtolip.npz,-2.186199188232422,-2.186199188232422,4.403143405914307,1
FakeVideo-RealAudio/Caucasian (American)/women/id00261/00048_id00618__TwV2SmUIlY.npz,-2.697674512863159,-2.697674512863159,4.771843910217285,1
FakeVideo-RealAudio/Caucasian (American)/women/id00261/00048_id00680_wavtolip.npz,-3.455352544784546,-3.455352544784546,4.7249627113342285,1
FakeVideo-RealAudio/Caucasian (American)/women/id00261/00048_id01075_MtJUiHspdT0.npz,-2.9548685550689697,-2.9548685550689697,4.786553382873535,1
FakeVideo-RealAudio/Caucasian (American)/women/id00261/00048_id01225_wavtolip.npz,-1.9678548574447632,-1.9678548574447632,4.798347473144531,1
FakeVideo-RealAudio/Caucasian (American)/women/id00261/00048_id01227_eNr-P3gIrgo.npz,-2.9939136505126953,-2.9939136505126953,4.761775016784668,1
FakeVideo-RealAudio/Caucasian (American)/women/id00261/00048_id01227_wavtolip.npz,-1.3423748016357422,-1.3423748016357422,4.686328411102295,1
FakeVideo-RealAudio/Caucasian (American)/women/id00261/00048_id01231_XXpYdOHUF-g.npz,-3.07617449760437,-3.07617449760437,4.769032955169678,1
FakeVideo-RealAudio/Caucasian (American)/women/id00261/00048_id01245_wavtolip.npz,-2.8823676109313965,-2.8823676109313965,4.825942039489746,1
FakeVideo-RealAudio/Caucasian (American)/women/id00261/00048_id03605_JGZt9DAhBRs.npz,-2.922976016998291,-2.922976016998291,4.7534403800964355,1
FakeVideo-RealAudio/Caucasian (American)/women/id00261/00048_id03605_JGZt9DAhBRs_faceswap.npz,-2.0813560485839844,-2.0813560485839844,4.7504706382751465,1
FakeVideo-RealAudio/Caucasian (American)/women/id00261/00048_id03605_wavtolip.npz,-1.6829605102539062,-1.6829605102539062,4.723412036895752,1
FakeVideo-RealAudio/Caucasian (American)/women/id00261/00048_id03696_Kz45DNXKLXI.npz,-2.0675439834594727,-2.0675439834594727,4.780303001403809,1
FakeVideo-RealAudio/Caucasian (American)/women/id00752/00340_0.npz,-2.4709925651550293,-2.4709925651550293,4.672635078430176,1
FakeVideo-RealAudio/Caucasian (American)/women/id00752/00340_id00097_PchMB8-P1lw.npz,-1.1355681419372559,-1.1355681419372559,5.490846157073975,1
FakeVideo-RealAudio/Caucasian (American)/women/id00752/00340_id00098_Rs_fnQ0tnqQ.npz,-1.6473329067230225,-1.6473329067230225,5.474853515625,1
FakeVideo-RealAudio/Caucasian (American)/women/id00752/00340_id00098_wavtolip.npz,-1.283250093460083,-1.283250093460083,4.5894012451171875,1
FakeVideo-RealAudio/Caucasian (American)/women/id00752/00340_id00100_sZ0Ex4WUEgM.npz,-1.6188936233520508,-1.6188936233520508,5.495764255523682,1
FakeVideo-RealAudio/Caucasian (American)/women/id00752/00340_id00190_wavtolip.npz,-1.09730863571167,-1.09730863571167,4.6719160079956055,1
FakeVideo-RealAudio/Caucasian (American)/women/id00752/00340_id00261_wavtolip.npz,-1.0200002193450928,-1.0200002193450928,4.812519073486328,1
FakeVideo-RealAudio/Caucasian (American)/women/id00752/00340_id00272_VLY1boTtbRM.npz,-1.6953167915344238,-1.6953167915344238,5.468353271484375,1
FakeVideo-RealAudio/Caucasian (American)/women/id00752/00340_id00428_Kr7n-68JWww.npz,-1.7086715698242188,-1.7086715698242188,5.474479675292969,1
FakeVideo-RealAudio/Caucasian (American)/women/id00752/00340_id00462_wavtolip.npz,-1.5494798421859741,-1.5494798421859741,4.59720516204834,1
FakeVideo-RealAudio/Caucasian (American)/women/id00752/00340_id00555_4DWmIb1tFZQ.npz,-1.835449457168579,-1.835449457168579,5.490580081939697,1
FakeVideo-RealAudio/Caucasian (American)/women/id00752/00340_id00575_wavtolip.npz,-1.3204431533813477,-1.3204431533813477,4.850853443145752,1
FakeVideo-RealAudio/Caucasian (American)/women/id00752/00340_id00752_wavtolip.npz,-2.183530807495117,-2.183530807495117,5.460145473480225,1
FakeVideo-RealAudio/Caucasian (American)/women/id00752/00340_id00842_wavtolip.npz,-1.6287133693695068,-1.6287133693695068,4.923961162567139,1
FakeVideo-RealAudio/Caucasian (American)/women/id00752/00340_id01075_wavtolip.npz,-2.2625601291656494,-2.2625601291656494,5.534293174743652,1
FakeVideo-RealAudio/Caucasian (American)/women/id00752/00340_id01227_eNr-P3gIrgo.npz,-1.7712576389312744,-1.7712576389312744,5.48189115524292,1
FakeVideo-RealAudio/Caucasian (American)/women/id00752/00340_id01227_eNr-P3gIrgo_faceswap.npz,-1.1684372425079346,-1.1684372425079346,5.508238792419434,1
FakeVideo-RealAudio/Caucasian (American)/women/id00752/00340_id01245_wavtolip.npz,-1.8845174312591553,-1.8845174312591553,5.1372761726379395,1
FakeVideo-RealAudio/Caucasian (American)/women/id00752/00340_id02464_1hxJsZYV7mI.npz,-1.6531689167022705,-1.6531689167022705,5.494152545928955,1
FakeVideo-RealAudio/Caucasian (American)/women/id00752/00340_id03696_wavtolip.npz,-1.477809190750122,-1.477809190750122,4.605649948120117,1
FakeVideo-RealAudio/Caucasian (American)/women/id00752/00340_id03707_pwNcRPQ5qdo.npz,-1.841284990310669,-1.841284990310669,5.487766265869141,1
FakeVideo-RealAudio/Caucasian (American)/women/id00752/00340_id03781_jbHfYGVNqTg.npz,-2.0906505584716797,-2.0906505584716797,5.476950168609619,1
FakeVideo-RealAudio/Caucasian (American)/women/id00098/00004_0.npz,-3.5826010704040527,-3.5826010704040527,4.688234806060791,1
FakeVideo-RealAudio/Caucasian (American)/women/id00098/00004_id00098_wavtolip.npz,-3.0085957050323486,-3.0085957050323486,4.495526313781738,1
FakeVideo-RealAudio/Caucasian (American)/women/id00098/00004_id00180_lkeAa8Od_tg.npz,-2.566575288772583,-2.566575288772583,4.57191276550293,1
FakeVideo-RealAudio/Caucasian (American)/women/id00098/00004_id00231_wavtolip.npz,-2.152707099914551,-2.152707099914551,4.5121002197265625,1
FakeVideo-RealAudio/Caucasian (American)/women/id00098/00004_id00398_wavtolip.npz,-2.53891658782959,-2.53891658782959,4.519504547119141,1
FakeVideo-RealAudio/Caucasian (American)/women/id00098/00004_id00428_Kr7n-68JWww.npz,-2.569629669189453,-2.569629669189453,4.590953826904297,1
FakeVideo-RealAudio/Caucasian (American)/women/id00098/00004_id00458_K4t1pQZL7ck.npz,-2.125957489013672,-2.125957489013672,4.59374475479126,1
FakeVideo-RealAudio/Caucasian (American)/women/id00098/00004_id00555_4DWmIb1tFZQ.npz,-2.5077853202819824,-2.5077853202819824,4.595637321472168,1
FakeVideo-RealAudio/Caucasian (American)/women/id00098/00004_id00616_wavtolip.npz,-1.9126732349395752,-1.9126732349395752,4.482817649841309,1
FakeVideo-RealAudio/Caucasian (American)/women/id00098/00004_id00616_xT51pPmksJw.npz,-3.357811689376831,-3.357811689376831,4.499372482299805,1
FakeVideo-RealAudio/Caucasian (American)/women/id00098/00004_id00616_xT51pPmksJw_faceswap.npz,-2.497032642364502,-2.497032642364502,4.5322184562683105,1
FakeVideo-RealAudio/Caucasian (American)/women/id00098/00004_id00618_wavtolip.npz,-2.2013368606567383,-2.2013368606567383,4.536535739898682,1
FakeVideo-RealAudio/Caucasian (American)/women/id00098/00004_id01004_867Wlj7Gw68.npz,-2.672089099884033,-2.672089099884033,4.551580429077148,1
FakeVideo-RealAudio/Caucasian (American)/women/id00098/00004_id01004_wavtolip.npz,-1.8195405006408691,-1.8195405006408691,4.560080528259277,1
FakeVideo-RealAudio/Caucasian (American)/women/id00098/00004_id01005_lJZrqhcRFSA.npz,-1.8788425922393799,-1.8788425922393799,4.601199626922607,1
FakeVideo-RealAudio/Caucasian (American)/women/id00098/00004_id01091_oM2XdIGMM2c.npz,-2.1554925441741943,-2.1554925441741943,4.5819244384765625,1
FakeVideo-RealAudio/Caucasian (American)/women/id00098/00004_id01225_WuzuZoM84Ws.npz,-2.350510358810425,-2.350510358810425,4.592411994934082,1
FakeVideo-RealAudio/Caucasian (American)/women/id00098/00004_id01227_wavtolip.npz,-1.265955924987793,-1.265955924987793,4.548346996307373,1
FakeVideo-RealAudio/Caucasian (American)/women/id00098/00004_id01245_7pYBPczR_z0.npz,-3.178013801574707,-3.178013801574707,4.571498870849609,1
FakeVideo-RealAudio/Caucasian (American)/women/id00098/00004_id01248_wavtolip.npz,-3.246375560760498,-3.246375560760498,4.545042991638184,1
FakeVideo-RealAudio/Caucasian (American)/women/id00098/00004_id02464_wavtolip.npz,-0.9476734399795532,-0.9476734399795532,4.449298858642578,1
FakeVideo-RealAudio/Caucasian (American)/women/id00098/00004_id02466_wavtolip.npz,-2.281662940979004,-2.281662940979004,4.562231540679932,1
FakeVideo-RealAudio/Caucasian (American)/women/id01217/00005_0.npz,-2.6459927558898926,-2.6459927558898926,4.64538049697876,1
FakeVideo-RealAudio/Caucasian (American)/women/id01217/00005_id00097_PchMB8-P1lw.npz,-3.343096971511841,-3.343096971511841,5.017998695373535,1
FakeVideo-RealAudio/Caucasian (American)/women/id01217/00005_id00145_wavtolip.npz,-2.775834560394287,-2.775834560394287,4.970569610595703,1
FakeVideo-RealAudio/Caucasian (American)/women/id01217/00005_id00231_wavtolip.npz,-2.985349655151367,-2.985349655151367,5.057501316070557,1
FakeVideo-RealAudio/Caucasian (American)/women/id01217/00005_id00272_wavtolip.npz,-2.4752371311187744,-2.4752371311187744,5.095827579498291,1
FakeVideo-RealAudio/Caucasian (American)/women/id01217/00005_id00383_n6i0VWqGcKI.npz,-3.28092622756958,-3.28092622756958,4.9982991218566895,1
FakeVideo-RealAudio/Caucasian (American)/women/id01217/00005_id00428_wavtolip.npz,-2.7808167934417725,-2.7808167934417725,5.0338358879089355,1
FakeVideo-RealAudio/Caucasian (American)/women/id01217/00005_id00431_wavtolip.npz,-2.7055606842041016,-2.7055606842041016,4.4508585929870605,1
FakeVideo-RealAudio/Caucasian (American)/women/id01217/00005_id00462_EMnGfAq9gg4.npz,-3.4592695236206055,-3.4592695236206055,5.013686656951904,1
FakeVideo-RealAudio/Caucasian (American)/women/id01217/00005_id00618_wavtolip.npz,-1.394763469696045,-1.394763469696045,4.82680082321167,1
FakeVideo-RealAudio/Caucasian (American)/women/id01217/00005_id00752_wavtolip.npz,-2.5137696266174316,-2.5137696266174316,5.047258377075195,1
FakeVideo-RealAudio/Caucasian (American)/women/id01217/00005_id00835_zWTp4szbb5k.npz,-2.8913626670837402,-2.8913626670837402,5.014084815979004,1
FakeVideo-RealAudio/Caucasian (American)/women/id01217/00005_id00842_wavtolip.npz,-1.930532693862915,-1.930532693862915,4.897469997406006,1
FakeVideo-RealAudio/Caucasian (American)/women/id01217/00005_id01091_oM2XdIGMM2c.npz,-3.799546003341675,-3.799546003341675,5.0069780349731445,1
FakeVideo-RealAudio/Caucasian (American)/women/id01217/00005_id01091_wavtolip.npz,-1.6430532932281494,-1.6430532932281494,4.700753211975098,1
FakeVideo-RealAudio/Caucasian (American)/women/id01217/00005_id01216_IRxEWpT_lZs.npz,-3.5527095794677734,-3.5527095794677734,4.982184410095215,1
FakeVideo-RealAudio/Caucasian (American)/women/id01217/00005_id01223_TO3ym8Gwp7k.npz,-3.328707218170166,-3.328707218170166,5.019830703735352,1
FakeVideo-RealAudio/Caucasian (American)/women/id01217/00005_id01225_WuzuZoM84Ws.npz,-3.5219733715057373,-3.5219733715057373,5.030189037322998,1
FakeVideo-RealAudio/Caucasian (American)/women/id01217/00005_id01248_2y-HnTO8WrQ.npz,-3.482515811920166,-3.482515811920166,4.9991631507873535,1
FakeVideo-RealAudio/Caucasian (American)/women/id01217/00005_id01248_2y-HnTO8WrQ_faceswap.npz,-2.644237756729126,-2.644237756729126,5.001918315887451,1
FakeVideo-RealAudio/Caucasian (American)/women/id01217/00005_id02466_VOgaA7O5yWY.npz,-2.6311326026916504,-2.6311326026916504,4.97961950302124,1
FakeVideo-RealAudio/Caucasian (American)/women/id01217/00005_id03707_wavtolip.npz,-2.543415069580078,-2.543415069580078,4.885946273803711,1
FakeVideo-RealAudio/Caucasian (American)/women/id01091/00236_0.npz,-1.6455299854278564,-1.6455299854278564,4.554726600646973,1
FakeVideo-RealAudio/Caucasian (American)/women/id01091/00236_id00025_PjSeVtbvSjA.npz,-1.7285860776901245,-1.7285860776901245,4.718184471130371,1
FakeVideo-RealAudio/Caucasian (American)/women/id01091/00236_id00180_lkeAa8Od_tg.npz,-1.250429630279541,-1.250429630279541,4.726374626159668,1
FakeVideo-RealAudio/Caucasian (American)/women/id01091/00236_id00231_Pi8vVHrPQMU.npz,-1.395571231842041,-1.395571231842041,4.705255508422852,1
FakeVideo-RealAudio/Caucasian (American)/women/id01091/00236_id00291_wavtolip.npz,-2.227670669555664,-2.227670669555664,4.597374439239502,1
FakeVideo-RealAudio/Caucasian (American)/women/id01091/00236_id00418_wavtolip.npz,-1.5713162422180176,-1.5713162422180176,4.717634201049805,1
FakeVideo-RealAudio/Caucasian (American)/women/id01091/00236_id00428_Kr7n-68JWww.npz,-1.8109118938446045,-1.8109118938446045,4.662062644958496,1
FakeVideo-RealAudio/Caucasian (American)/women/id01091/00236_id00428_wavtolip.npz,-2.4672584533691406,-2.4672584533691406,4.747725486755371,1
FakeVideo-RealAudio/Caucasian (American)/women/id01091/00236_id00431_wavtolip.npz,-2.1477015018463135,-2.1477015018463135,4.4196906089782715,1
FakeVideo-RealAudio/Caucasian (American)/women/id01091/00236_id00555_4DWmIb1tFZQ.npz,-1.6400080919265747,-1.6400080919265747,4.706304550170898,1
FakeVideo-RealAudio/Caucasian (American)/women/id01091/00236_id00835_zWTp4szbb5k.npz,-1.4676545858383179,-1.4676545858383179,4.70356559753418,1
FakeVideo-RealAudio/Caucasian (American)/women/id01091/00236_id00842__jwlpdZvqus.npz,-1.3004920482635498,-1.3004920482635498,4.735146999359131,1
FakeVideo-RealAudio/Caucasian (American)/women/id01091/00236_id00842_wavtolip.npz,-2.5424888134002686,-2.5424888134002686,4.713132858276367,1
FakeVideo-RealAudio/Caucasian (American)/women/id01091/00236_id00848_wavtolip.npz,-2.780972480773926,-2.780972480773926,4.72876501083374,1
FakeVideo-RealAudio/Caucasian (American)/women/id01091/00236_id01004_867Wlj7Gw68.npz,-1.8725004196166992,-1.8725004196166992,4.706005096435547,1
FakeVideo-RealAudio/Caucasian (American)/women/id01091/00236_id01004_wavtolip.npz,-2.590451717376709,-2.590451717376709,4.52407693862915,1
FakeVideo-RealAudio/Caucasian (American)/women/id01091/00236_id01217_7lVC4xEK_6E.npz,-1.5117191076278687,-1.5117191076278687,4.709329605102539,1
FakeVideo-RealAudio/Caucasian (American)/women/id01091/00236_id01217_wavtolip.npz,-2.7897729873657227,-2.7897729873657227,4.711494445800781,1
FakeVideo-RealAudio/Caucasian (American)/women/id01091/00236_id03696_Kz45DNXKLXI.npz,-1.501161813735962,-1.501161813735962,4.693944931030273,1
FakeVideo-RealAudio/Caucasian (American)/women/id01091/00236_id03696_Kz45DNXKLXI_faceswap.npz,-1.8138408660888672,-1.8138408660888672,4.658056735992432,1
FakeVideo-RealAudio/Caucasian (American)/women/id01091/00236_id03707_wavtolip.npz,-2.3593955039978027,-2.3593955039978027,4.715022087097168,1
FakeVideo-RealAudio/Caucasian (American)/women/id01091/00236_id03781_wavtolip.npz,-3.153991222381592,-3.153991222381592,4.726235389709473,1
FakeVideo-RealAudio/Caucasian (American)/women/id03605/00048_1.npz,-2.6990885734558105,-2.6990885734558105,5.512551784515381,1
FakeVideo-RealAudio/Caucasian (American)/women/id03605/00048_3.npz,-2.542778730392456,-2.542778730392456,4.914155960083008,1
FakeVideo-RealAudio/Caucasian (American)/women/id03605/00048_id00097_wavtolip.npz,-1.9526641368865967,-1.9526641368865967,4.56135892868042,1
FakeVideo-RealAudio/Caucasian (American)/women/id03605/00048_id00100_sZ0Ex4WUEgM.npz,-3.4131312370300293,-3.4131312370300293,4.670008659362793,1
FakeVideo-RealAudio/Caucasian (American)/women/id03605/00048_id00100_wavtolip.npz,-1.4967738389968872,-1.4967738389968872,4.722249984741211,1
FakeVideo-RealAudio/Caucasian (American)/women/id03605/00048_id00145_JveyoCdoCuI.npz,-2.8089778423309326,-2.8089778423309326,4.647256374359131,1
FakeVideo-RealAudio/Caucasian (American)/women/id03605/00048_id00180_lkeAa8Od_tg.npz,-3.545879602432251,-3.545879602432251,4.654363632202148,1
FakeVideo-RealAudio/Caucasian (American)/women/id03605/00048_id00231_Pi8vVHrPQMU.npz,-3.1685028076171875,-3.1685028076171875,4.659137725830078,1
FakeVideo-RealAudio/Caucasian (American)/women/id03605/00048_id00261_gYQ5Scz5FnA.npz,-3.39322566986084,-3.39322566986084,4.672924041748047,1
FakeVideo-RealAudio/Caucasian (American)/women/id03605/00048_id00385_wavtolip.npz,-1.7655482292175293,-1.7655482292175293,4.779278755187988,1
FakeVideo-RealAudio/Caucasian (American)/women/id03605/00048_id00428_Kr7n-68JWww.npz,-3.1703717708587646,-3.1703717708587646,4.641941547393799,1
FakeVideo-RealAudio/Caucasian (American)/women/id03605/00048_id00575_wavtolip.npz,-1.8458788394927979,-1.8458788394927979,4.756165981292725,1
FakeVideo-RealAudio/Caucasian (American)/women/id03605/00048_id00618_wavtolip.npz,-2.6945037841796875,-2.6945037841796875,4.748828887939453,1
FakeVideo-RealAudio/Caucasian (American)/women/id03605/00048_id01004_867Wlj7Gw68.npz,-2.5712966918945312,-2.5712966918945312,4.691401958465576,1
FakeVideo-RealAudio/Caucasian (American)/women/id03605/00048_id01004_wavtolip.npz,-2.1436634063720703,-2.1436634063720703,4.502500057220459,1
FakeVideo-RealAudio/Caucasian (American)/women/id03605/00048_id01231_wavtolip.npz,-1.1989777088165283,-1.1989777088165283,4.828340530395508,1
FakeVideo-RealAudio/Caucasian (American)/women/id03605/00048_id01238_VPdv2sexRy0.npz,-3.028632879257202,-3.028632879257202,4.684146881103516,1
FakeVideo-RealAudio/Caucasian (American)/women/id03605/00048_id01238_wavtolip.npz,1.4334176778793335,1.4334176778793335,4.591479301452637,1
FakeVideo-RealAudio/Caucasian (American)/women/id03605/00048_id01245_wavtolip.npz,-2.5833747386932373,-2.5833747386932373,4.734533309936523,1
FakeVideo-RealAudio/Caucasian (American)/women/id03605/00048_id01248_2y-HnTO8WrQ.npz,-3.6306493282318115,-3.6306493282318115,4.64284086227417,1
FakeVideo-RealAudio/Caucasian (American)/women/id03605/00048_id03556_wavtolip.npz,-2.36653995513916,-2.36653995513916,4.789788246154785,1
FakeVideo-RealAudio/Caucasian (American)/women/id03605/00048_id03781_jbHfYGVNqTg.npz,-3.274540424346924,-3.274540424346924,4.6679463386535645,1
FakeVideo-RealAudio/Caucasian (American)/women/id03556/00043_id00098_wavtolip.npz,-1.8088066577911377,-1.8088066577911377,4.576124668121338,1
FakeVideo-RealAudio/Caucasian (American)/women/id03556/00043_id00190_wavtolip.npz,-1.3510922193527222,-1.3510922193527222,4.6902899742126465,1
FakeVideo-RealAudio/Caucasian (American)/women/id03556/00043_id00272_VLY1boTtbRM.npz,-1.8201684951782227,-1.8201684951782227,5.570497512817383,1
FakeVideo-RealAudio/Caucasian (American)/women/id03556/00043_id00272_wavtolip.npz,-2.864901542663574,-2.864901542663574,5.219674587249756,1
FakeVideo-RealAudio/Caucasian (American)/women/id03556/00043_id00291_L_SLT-j82Ms.npz,-2.0796456336975098,-2.0796456336975098,5.575642108917236,1
FakeVideo-RealAudio/Caucasian (American)/women/id03556/00043_id00291_wavtolip.npz,-1.5749471187591553,-1.5749471187591553,4.617963790893555,1
FakeVideo-RealAudio/Caucasian (American)/women/id03556/00043_id00385_wavtolip.npz,-2.355275869369507,-2.355275869369507,5.225286960601807,1
FakeVideo-RealAudio/Caucasian (American)/women/id03556/00043_id00431_wavtolip.npz,-1.7814509868621826,-1.7814509868621826,4.50588846206665,1
FakeVideo-RealAudio/Caucasian (American)/women/id03556/00043_id00575_iPfJcAJQ84Y.npz,-1.9346177577972412,-1.9346177577972412,5.585318565368652,1
FakeVideo-RealAudio/Caucasian (American)/women/id03556/00043_id00575_wavtolip.npz,-2.618199110031128,-2.618199110031128,4.835330009460449,1
FakeVideo-RealAudio/Caucasian (American)/women/id03556/00043_id00842_wavtolip.npz,-1.5122437477111816,-1.5122437477111816,4.874035358428955,1
FakeVideo-RealAudio/Caucasian (American)/women/id03556/00043_id01004_867Wlj7Gw68.npz,-2.2326650619506836,-2.2326650619506836,5.562127113342285,1
FakeVideo-RealAudio/Caucasian (American)/women/id03556/00043_id01005_lJZrqhcRFSA.npz,-2.459353446960449,-2.459353446960449,5.583088397979736,1
FakeVideo-RealAudio/Caucasian (American)/women/id03556/00043_id01075_wavtolip.npz,-1.925922155380249,-1.925922155380249,5.563632488250732,1
FakeVideo-RealAudio/Caucasian (American)/women/id03556/00043_id01091_oM2XdIGMM2c.npz,-2.388448715209961,-2.388448715209961,5.588730335235596,1
FakeVideo-RealAudio/Caucasian (American)/women/id03556/00043_id01217_wavtolip.npz,-1.9407405853271484,-1.9407405853271484,5.010409832000732,1
FakeVideo-RealAudio/Caucasian (American)/women/id03556/00043_id01225_WuzuZoM84Ws.npz,-2.0983028411865234,-2.0983028411865234,5.576258659362793,1
FakeVideo-RealAudio/Caucasian (American)/women/id03556/00043_id02464_1hxJsZYV7mI.npz,-1.9326887130737305,-1.9326887130737305,5.570121765136719,1
FakeVideo-RealAudio/Caucasian (American)/women/id03556/00043_id02464_1hxJsZYV7mI_faceswap.npz,-1.9484038352966309,-1.9484038352966309,5.578227519989014,1
FakeVideo-RealAudio/Caucasian (American)/women/id03556/00043_id02466_VOgaA7O5yWY.npz,-2.0355148315429688,-2.0355148315429688,5.593196392059326,1
FakeVideo-RealAudio/Caucasian (American)/women/id03556/00043_id03781_jbHfYGVNqTg.npz,-1.4324679374694824,-1.4324679374694824,5.583798885345459,1
FakeVideo-RealAudio/Caucasian (American)/women/id01004/00028_id00025_PjSeVtbvSjA.npz,-3.2564055919647217,-3.2564055919647217,4.50734281539917,1
FakeVideo-RealAudio/Caucasian (American)/women/id01004/00028_id00098_wavtolip.npz,-2.6299171447753906,-2.6299171447753906,4.547355651855469,1
FakeVideo-RealAudio/Caucasian (American)/women/id01004/00028_id00145_JveyoCdoCuI.npz,-2.810792922973633,-2.810792922973633,4.451758861541748,1
FakeVideo-RealAudio/Caucasian (American)/women/id01004/00028_id00231_Pi8vVHrPQMU.npz,-2.4240550994873047,-2.4240550994873047,4.488994598388672,1
FakeVideo-RealAudio/Caucasian (American)/women/id01004/00028_id00383_wavtolip.npz,-2.392587184906006,-2.392587184906006,4.540588855743408,1
FakeVideo-RealAudio/Caucasian (American)/women/id01004/00028_id00385_wavtolip.npz,-1.6654653549194336,-1.6654653549194336,4.570621490478516,1
FakeVideo-RealAudio/Caucasian (American)/women/id01004/00028_id00418_wavtolip.npz,-3.038783550262451,-3.038783550262451,4.589773654937744,1
FakeVideo-RealAudio/Caucasian (American)/women/id01004/00028_id00428_Kr7n-68JWww.npz,-3.177708625793457,-3.177708625793457,4.462882995605469,1
FakeVideo-RealAudio/Caucasian (American)/women/id01004/00028_id00428_Kr7n-68JWww_faceswap.npz,-3.3803915977478027,-3.3803915977478027,4.46547794342041,1
FakeVideo-RealAudio/Caucasian (American)/women/id01004/00028_id00462_EMnGfAq9gg4.npz,-2.8031558990478516,-2.8031558990478516,4.49200439453125,1
FakeVideo-RealAudio/Caucasian (American)/women/id01004/00028_id00680_wavtolip.npz,-2.3158981800079346,-2.3158981800079346,4.5360541343688965,1
FakeVideo-RealAudio/Caucasian (American)/women/id01004/00028_id00842_wavtolip.npz,-1.5503978729248047,-1.5503978729248047,4.587625980377197,1
FakeVideo-RealAudio/Caucasian (American)/women/id01004/00028_id00848_wavtolip.npz,-2.1405019760131836,-2.1405019760131836,4.556133270263672,1
FakeVideo-RealAudio/Caucasian (American)/women/id01004/00028_id01005_lJZrqhcRFSA.npz,-2.665247917175293,-2.665247917175293,4.543353080749512,1
FakeVideo-RealAudio/Caucasian (American)/women/id01004/00028_id01091_oM2XdIGMM2c.npz,-2.5869321823120117,-2.5869321823120117,4.488021373748779,1
FakeVideo-RealAudio/Caucasian (American)/women/id01004/00028_id01248_2y-HnTO8WrQ.npz,-2.848154306411743,-2.848154306411743,4.505349159240723,1
FakeVideo-RealAudio/Caucasian (American)/women/id01004/00028_id01248_wavtolip.npz,-2.4011569023132324,-2.4011569023132324,4.596243858337402,1
FakeVideo-RealAudio/Caucasian (American)/women/id01004/00028_id02464_wavtolip.npz,-1.9702041149139404,-1.9702041149139404,4.517619609832764,1
FakeVideo-RealAudio/Caucasian (American)/women/id01004/00028_id02466_VOgaA7O5yWY.npz,-2.80232834815979,-2.80232834815979,4.470577716827393,1
FakeVideo-RealAudio/Caucasian (American)/women/id01004/00028_id03707_wavtolip.npz,-2.0074563026428223,-2.0074563026428223,4.573629856109619,1
FakeVideo-RealAudio/Caucasian (American)/women/id01004/00028_id03781_jbHfYGVNqTg.npz,-2.928929328918457,-2.928929328918457,4.513195037841797,1
FakeVideo-RealAudio/Caucasian (American)/women/id00841/00078_0.npz,-3.718691825866699,-3.718691825866699,4.690680027008057,1
FakeVideo-RealAudio/Caucasian (American)/women/id00841/00078_1.npz,-2.5834341049194336,-2.5834341049194336,5.4803314208984375,1
FakeVideo-RealAudio/Caucasian (American)/women/id00841/00078_2.npz,-1.8045871257781982,-1.8045871257781982,5.278045654296875,1
FakeVideo-RealAudio/Caucasian (American)/women/id00841/00078_id00100_sZ0Ex4WUEgM.npz,-2.1292543411254883,-2.1292543411254883,4.905200004577637,1
FakeVideo-RealAudio/Caucasian (American)/women/id00841/00078_id00100_wavtolip.npz,-1.9503819942474365,-1.9503819942474365,4.909161567687988,1
FakeVideo-RealAudio/Caucasian (American)/women/id00841/00078_id00145_JveyoCdoCuI.npz,-1.9747427701950073,-1.9747427701950073,4.85971212387085,1
FakeVideo-RealAudio/Caucasian (American)/women/id00841/00078_id00180_lkeAa8Od_tg.npz,-2.0572822093963623,-2.0572822093963623,4.8872528076171875,1
FakeVideo-RealAudio/Caucasian (American)/women/id00841/00078_id00291_wavtolip.npz,-1.8811278343200684,-1.8811278343200684,4.622783184051514,1
FakeVideo-RealAudio/Caucasian (American)/women/id00841/00078_id00398_wavtolip.npz,-1.9715914726257324,-1.9715914726257324,4.819218635559082,1
FakeVideo-RealAudio/Caucasian (American)/women/id00841/00078_id00428_Kr7n-68JWww.npz,-2.5225374698638916,-2.5225374698638916,4.860375881195068,1
FakeVideo-RealAudio/Caucasian (American)/women/id00841/00078_id00752_wavtolip.npz,-2.01444149017334,-2.01444149017334,4.9175028800964355,1
FakeVideo-RealAudio/Caucasian (American)/women/id00841/00078_id00835_wavtolip.npz,-1.931159257888794,-1.931159257888794,4.5910844802856445,1
FakeVideo-RealAudio/Caucasian (American)/women/id00841/00078_id01004_wavtolip.npz,-1.1770007610321045,-1.1770007610321045,4.535369396209717,1
FakeVideo-RealAudio/Caucasian (American)/women/id00841/00078_id01005_lJZrqhcRFSA.npz,-2.4179699420928955,-2.4179699420928955,4.888275623321533,1
FakeVideo-RealAudio/Caucasian (American)/women/id00841/00078_id01075_MtJUiHspdT0.npz,-2.532595157623291,-2.532595157623291,4.85762357711792,1
FakeVideo-RealAudio/Caucasian (American)/women/id00841/00078_id01075_MtJUiHspdT0_faceswap.npz,-2.167984962463379,-2.167984962463379,4.88906192779541,1
FakeVideo-RealAudio/Caucasian (American)/women/id00841/00078_id01075_wavtolip.npz,-2.0458505153656006,-2.0458505153656006,4.912724494934082,1
FakeVideo-RealAudio/Caucasian (American)/women/id00841/00078_id01227_eNr-P3gIrgo.npz,-2.3618977069854736,-2.3618977069854736,4.881819725036621,1
FakeVideo-RealAudio/Caucasian (American)/women/id00841/00078_id01231_wavtolip.npz,-1.2324844598770142,-1.2324844598770142,4.919789791107178,1
FakeVideo-RealAudio/Caucasian (American)/women/id00841/00078_id01238_VPdv2sexRy0.npz,-1.9032464027404785,-1.9032464027404785,4.903121471405029,1
FakeVideo-RealAudio/Caucasian (American)/women/id00841/00078_id01245_7pYBPczR_z0.npz,-2.1562721729278564,-2.1562721729278564,4.879114151000977,1
FakeVideo-RealAudio/Caucasian (American)/women/id00841/00078_id01248_wavtolip.npz,-2.94990873336792,-2.94990873336792,4.6376447677612305,1
FakeVideo-RealAudio/Caucasian (American)/women/id00841/00078_id02464_wavtolip.npz,-0.951678454875946,-0.951678454875946,4.522485733032227,1
FakeVideo-RealAudio/Caucasian (American)/women/id00841/00078_id03707_pwNcRPQ5qdo.npz,-2.3753578662872314,-2.3753578662872314,4.859908580780029,1
FakeVideo-RealAudio/Caucasian (American)/women/id03707/00055_id00025_PjSeVtbvSjA.npz,-2.2720425128936768,-2.2720425128936768,4.848801612854004,1
FakeVideo-RealAudio/Caucasian (American)/women/id03707/00055_id00097_wavtolip.npz,-2.0885531902313232,-2.0885531902313232,4.531950950622559,1
FakeVideo-RealAudio/Caucasian (American)/women/id03707/00055_id00145_JveyoCdoCuI.npz,-2.5844388008117676,-2.5844388008117676,4.875241756439209,1
FakeVideo-RealAudio/Caucasian (American)/women/id03707/00055_id00190_oZUSqqG9wu4.npz,-2.615487575531006,-2.615487575531006,4.847774982452393,1
FakeVideo-RealAudio/Caucasian (American)/women/id03707/00055_id00261_wavtolip.npz,-1.7580161094665527,-1.7580161094665527,4.802156448364258,1
FakeVideo-RealAudio/Caucasian (American)/women/id03707/00055_id00272_VLY1boTtbRM.npz,-2.8553059101104736,-2.8553059101104736,4.829890727996826,1
FakeVideo-RealAudio/Caucasian (American)/women/id03707/00055_id00291_wavtolip.npz,-1.0547947883605957,-1.0547947883605957,4.622971534729004,1
FakeVideo-RealAudio/Caucasian (American)/women/id03707/00055_id00398_wavtolip.npz,-1.152782917022705,-1.152782917022705,4.820346355438232,1
FakeVideo-RealAudio/Caucasian (American)/women/id03707/00055_id00575_wavtolip.npz,-2.266864061355591,-2.266864061355591,4.873326778411865,1
FakeVideo-RealAudio/Caucasian (American)/women/id03707/00055_id00835_wavtolip.npz,-2.6589713096618652,-2.6589713096618652,4.537261486053467,1
FakeVideo-RealAudio/Caucasian (American)/women/id03707/00055_id00835_zWTp4szbb5k.npz,-2.499305486679077,-2.499305486679077,4.866098403930664,1
FakeVideo-RealAudio/Caucasian (American)/women/id03707/00055_id00841_fpsEfICAgxk.npz,-2.906968593597412,-2.906968593597412,4.8399577140808105,1
FakeVideo-RealAudio/Caucasian (American)/women/id03707/00055_id01004_wavtolip.npz,-0.8583629131317139,-0.8583629131317139,4.555963039398193,1
FakeVideo-RealAudio/Caucasian (American)/women/id03707/00055_id01216_IRxEWpT_lZs.npz,-2.813441514968872,-2.813441514968872,4.8506855964660645,1
FakeVideo-RealAudio/Caucasian (American)/women/id03707/00055_id01225_wavtolip.npz,-1.5515022277832031,-1.5515022277832031,4.901838302612305,1
FakeVideo-RealAudio/Caucasian (American)/women/id03707/00055_id01227_eNr-P3gIrgo.npz,-3.11149525642395,-3.11149525642395,4.854805946350098,1
FakeVideo-RealAudio/Caucasian (American)/women/id03707/00055_id01238_wavtolip.npz,1.1467427015304565,1.1467427015304565,4.59379243850708,1
FakeVideo-RealAudio/Caucasian (American)/women/id03707/00055_id01248_2y-HnTO8WrQ.npz,-2.551767587661743,-2.551767587661743,4.846591472625732,1
FakeVideo-RealAudio/Caucasian (American)/women/id03707/00055_id02466_VOgaA7O5yWY.npz,-2.844923496246338,-2.844923496246338,4.865782737731934,1
FakeVideo-RealAudio/Caucasian (American)/women/id03707/00055_id02466_VOgaA7O5yWY_faceswap.npz,-3.606527328491211,-3.606527328491211,4.8449015617370605,1
FakeVideo-RealAudio/Caucasian (American)/women/id03707/00055_id03781_wavtolip.npz,-1.8880293369293213,-1.8880293369293213,4.74318265914917,1
FakeVideo-RealAudio/Caucasian (American)/women/id00383/00171_0.npz,-3.5182814598083496,-3.5182814598083496,4.993686676025391,1
FakeVideo-RealAudio/Caucasian (American)/women/id00383/00171_id00100_sZ0Ex4WUEgM.npz,-1.212667465209961,-1.212667465209961,4.955319404602051,1
FakeVideo-RealAudio/Caucasian (American)/women/id00383/00171_id00231_Pi8vVHrPQMU.npz,-1.2475770711898804,-1.2475770711898804,4.917524814605713,1
FakeVideo-RealAudio/Caucasian (American)/women/id00383/00171_id00261_wavtolip.npz,-2.2779059410095215,-2.2779059410095215,4.835357189178467,1
FakeVideo-RealAudio/Caucasian (American)/women/id00383/00171_id00272_VLY1boTtbRM.npz,-1.4360837936401367,-1.4360837936401367,4.928572654724121,1
FakeVideo-RealAudio/Caucasian (American)/women/id00383/00171_id00418_wavtolip.npz,-3.201047658920288,-3.201047658920288,4.7576823234558105,1
FakeVideo-RealAudio/Caucasian (American)/women/id00383/00171_id00555_wavtolip.npz,-3.5314602851867676,-3.5314602851867676,4.96096658706665,1
FakeVideo-RealAudio/Caucasian (American)/women/id00383/00171_id00575_iPfJcAJQ84Y.npz,-1.4604146480560303,-1.4604146480560303,4.933066368103027,1
FakeVideo-RealAudio/Caucasian (American)/women/id00383/00171_id00848_wavtolip.npz,-2.4142191410064697,-2.4142191410064697,4.928943634033203,1
FakeVideo-RealAudio/Caucasian (American)/women/id00383/00171_id01004_867Wlj7Gw68.npz,-1.3666057586669922,-1.3666057586669922,4.8897833824157715,1
FakeVideo-RealAudio/Caucasian (American)/women/id00383/00171_id01005_lJZrqhcRFSA.npz,-1.2825140953063965,-1.2825140953063965,4.898563385009766,1
FakeVideo-RealAudio/Caucasian (American)/women/id00383/00171_id01005_wavtolip.npz,-3.331082344055176,-3.331082344055176,4.9336256980896,1
FakeVideo-RealAudio/Caucasian (American)/women/id00383/00171_id01217_7lVC4xEK_6E.npz,-1.2520265579223633,-1.2520265579223633,4.932618618011475,1
FakeVideo-RealAudio/Caucasian (American)/women/id00383/00171_id01217_7lVC4xEK_6E_faceswap.npz,-1.2885832786560059,-1.2885832786560059,4.965056896209717,1
FakeVideo-RealAudio/Caucasian (American)/women/id00383/00171_id01217_wavtolip.npz,-2.758269786834717,-2.758269786834717,4.91404914855957,1
FakeVideo-RealAudio/Caucasian (American)/women/id00383/00171_id01223_wavtolip.npz,-2.4583897590637207,-2.4583897590637207,4.936356544494629,1
FakeVideo-RealAudio/Caucasian (American)/women/id00383/00171_id01225_wavtolip.npz,-2.784386396408081,-2.784386396408081,4.8833160400390625,1
FakeVideo-RealAudio/Caucasian (American)/women/id00383/00171_id01248_2y-HnTO8WrQ.npz,-1.2854254245758057,-1.2854254245758057,4.893642902374268,1
FakeVideo-RealAudio/Caucasian (American)/women/id00383/00171_id02464_1hxJsZYV7mI.npz,-1.2158501148223877,-1.2158501148223877,4.9361162185668945,1
FakeVideo-RealAudio/Caucasian (American)/women/id00383/00171_id02466_VOgaA7O5yWY.npz,-1.2057397365570068,-1.2057397365570068,4.94376277923584,1
FakeVideo-RealAudio/Caucasian (American)/women/id00383/00171_id03556_wavtolip.npz,-2.0409114360809326,-2.0409114360809326,4.983181476593018,1
FakeVideo-RealAudio/Caucasian (American)/women/id00383/00171_id03696_wavtolip.npz,-2.9509592056274414,-2.9509592056274414,4.612220764160156,1
FakeVideo-RealAudio/Caucasian (American)/women/id00097/00162_0.npz,-2.627178192138672,-2.627178192138672,4.979118347167969,1
FakeVideo-RealAudio/Caucasian (American)/women/id00097/00162_id00025_PjSeVtbvSjA.npz,-2.640063524246216,-2.640063524246216,4.552954196929932,1
FakeVideo-RealAudio/Caucasian (American)/women/id00097/00162_id00100_sZ0Ex4WUEgM.npz,-3.198615550994873,-3.198615550994873,4.544731140136719,1
FakeVideo-RealAudio/Caucasian (American)/women/id00097/00162_id00180_lkeAa8Od_tg.npz,-2.7756521701812744,-2.7756521701812744,4.54495096206665,1
FakeVideo-RealAudio/Caucasian (American)/women/id00097/00162_id00272_VLY1boTtbRM.npz,-2.9724855422973633,-2.9724855422973633,4.542612552642822,1
FakeVideo-RealAudio/Caucasian (American)/women/id00097/00162_id00575_wavtolip.npz,-1.9808733463287354,-1.9808733463287354,4.568487167358398,1
FakeVideo-RealAudio/Caucasian (American)/women/id00097/00162_id00752_wavtolip.npz,-2.0245068073272705,-2.0245068073272705,4.5647125244140625,1
FakeVideo-RealAudio/Caucasian (American)/women/id00097/00162_id00848_wavtolip.npz,-2.849827766418457,-2.849827766418457,4.603756904602051,1
FakeVideo-RealAudio/Caucasian (American)/women/id00097/00162_id01075_wavtolip.npz,-2.562973976135254,-2.562973976135254,4.600931167602539,1
FakeVideo-RealAudio/Caucasian (American)/women/id00097/00162_id01091_wavtolip.npz,-1.0130428075790405,-1.0130428075790405,4.524633884429932,1
FakeVideo-RealAudio/Caucasian (American)/women/id00097/00162_id01216_IRxEWpT_lZs.npz,-2.9087040424346924,-2.9087040424346924,4.539280891418457,1
FakeVideo-RealAudio/Caucasian (American)/women/id00097/00162_id01217_7lVC4xEK_6E.npz,-2.960402011871338,-2.960402011871338,4.5458292961120605,1
FakeVideo-RealAudio/Caucasian (American)/women/id00097/00162_id01217_wavtolip.npz,-1.6398134231567383,-1.6398134231567383,4.5783209800720215,1
FakeVideo-RealAudio/Caucasian (American)/women/id00097/00162_id01225_WuzuZoM84Ws.npz,-2.0339407920837402,-2.0339407920837402,4.5333099365234375,1
FakeVideo-RealAudio/Caucasian (American)/women/id00097/00162_id01225_wavtolip.npz,-2.4720230102539062,-2.4720230102539062,4.5848708152771,1
FakeVideo-RealAudio/Caucasian (American)/women/id00097/00162_id01231_XXpYdOHUF-g.npz,-3.1129238605499268,-3.1129238605499268,4.544814109802246,1
FakeVideo-RealAudio/Caucasian (American)/women/id00097/00162_id01231_wavtolip.npz,-1.4323992729187012,-1.4323992729187012,4.588644504547119,1
FakeVideo-RealAudio/Caucasian (American)/women/id00097/00162_id01238_VPdv2sexRy0.npz,-2.889653205871582,-2.889653205871582,4.551059246063232,1
FakeVideo-RealAudio/Caucasian (American)/women/id00097/00162_id03605_JGZt9DAhBRs.npz,-2.6960225105285645,-2.6960225105285645,4.54280948638916,1
FakeVideo-RealAudio/Caucasian (American)/women/id00097/00162_id03696_wavtolip.npz,-1.6778690814971924,-1.6778690814971924,4.578573703765869,1
FakeVideo-RealAudio/Caucasian (American)/women/id00097/00162_id03781_wavtolip.npz,-1.9209814071655273,-1.9209814071655273,4.606788158416748,1
FakeVideo-RealAudio/Caucasian (American)/women/id00842/00043_id00100_wavtolip.npz,-2.2485718727111816,-2.2485718727111816,4.875912189483643,1
FakeVideo-RealAudio/Caucasian (American)/women/id00842/00043_id00190_wavtolip.npz,-1.2970166206359863,-1.2970166206359863,4.691981792449951,1
FakeVideo-RealAudio/Caucasian (American)/women/id00842/00043_id00261_wavtolip.npz,-1.9983447790145874,-1.9983447790145874,4.815932750701904,1
FakeVideo-RealAudio/Caucasian (American)/women/id00842/00043_id00272_wavtolip.npz,-3.0892114639282227,-3.0892114639282227,4.976943016052246,1
FakeVideo-RealAudio/Caucasian (American)/women/id00842/00043_id00385_oqf8cNi7lOI.npz,-2.442138195037842,-2.442138195037842,4.909548282623291,1
FakeVideo-RealAudio/Caucasian (American)/women/id00842/00043_id00418_KSTOz7H0OuQ.npz,-2.7372798919677734,-2.7372798919677734,4.880432605743408,1
FakeVideo-RealAudio/Caucasian (American)/women/id00842/00043_id00428_Kr7n-68JWww.npz,-2.5478224754333496,-2.5478224754333496,4.890783309936523,1
FakeVideo-RealAudio/Caucasian (American)/women/id00842/00043_id00431_DyRvPN6rEfU.npz,-2.635486125946045,-2.635486125946045,4.86206579208374,1
FakeVideo-RealAudio/Caucasian (American)/women/id00842/00043_id00462_wavtolip.npz,-2.0757083892822266,-2.0757083892822266,4.607500076293945,1
FakeVideo-RealAudio/Caucasian (American)/women/id00842/00043_id00555_wavtolip.npz,-2.8980846405029297,-2.8980846405029297,4.877113342285156,1
FakeVideo-RealAudio/Caucasian (American)/women/id00842/00043_id00616_wavtolip.npz,-1.6762499809265137,-1.6762499809265137,4.891544818878174,1
FakeVideo-RealAudio/Caucasian (American)/women/id00842/00043_id00752_wavtolip.npz,-3.117137908935547,-3.117137908935547,4.862862586975098,1
FakeVideo-RealAudio/Caucasian (American)/women/id00842/00043_id00835_zWTp4szbb5k.npz,-2.488905906677246,-2.488905906677246,4.894226551055908,1
FakeVideo-RealAudio/Caucasian (American)/women/id00842/00043_id01005_lJZrqhcRFSA.npz,-2.4439425468444824,-2.4439425468444824,4.890949249267578,1
FakeVideo-RealAudio/Caucasian (American)/women/id00842/00043_id01075_MtJUiHspdT0.npz,-2.7766239643096924,-2.7766239643096924,4.8802900314331055,1
FakeVideo-RealAudio/Caucasian (American)/women/id00842/00043_id01091_oM2XdIGMM2c.npz,-2.6187992095947266,-2.6187992095947266,4.881999492645264,1
FakeVideo-RealAudio/Caucasian (American)/women/id00842/00043_id01216_wavtolip.npz,-0.5282981395721436,-0.5282981395721436,4.904165267944336,1
FakeVideo-RealAudio/Caucasian (American)/women/id00842/00043_id01223_TO3ym8Gwp7k.npz,-2.338505268096924,-2.338505268096924,4.896327018737793,1
FakeVideo-RealAudio/Caucasian (American)/women/id00842/00043_id02464_1hxJsZYV7mI.npz,-3.1793599128723145,-3.1793599128723145,4.878652095794678,1
FakeVideo-RealAudio/Caucasian (American)/women/id00842/00043_id03781_wavtolip.npz,-2.7610394954681396,-2.7610394954681396,4.756372451782227,1
FakeVideo-RealAudio/Caucasian (American)/women/id02466/00136_id00180_wavtolip.npz,-1.9259469509124756,-1.9259469509124756,4.66532039642334,1
FakeVideo-RealAudio/Caucasian (American)/women/id02466/00136_id00231_Pi8vVHrPQMU.npz,-1.841549038887024,-1.841549038887024,5.407444477081299,1
FakeVideo-RealAudio/Caucasian (American)/women/id02466/00136_id00231_wavtolip.npz,-1.4351413249969482,-1.4351413249969482,5.0971903800964355,1
FakeVideo-RealAudio/Caucasian (American)/women/id02466/00136_id00291_wavtolip.npz,-1.5355892181396484,-1.5355892181396484,4.608012676239014,1
FakeVideo-RealAudio/Caucasian (American)/women/id02466/00136_id00383_n6i0VWqGcKI.npz,-1.971482753753662,-1.971482753753662,5.3874945640563965,1
FakeVideo-RealAudio/Caucasian (American)/women/id02466/00136_id00383_wavtolip.npz,-1.52666175365448,-1.52666175365448,5.0017476081848145,1
FakeVideo-RealAudio/Caucasian (American)/women/id02466/00136_id00431_wavtolip.npz,-2.7021403312683105,-2.7021403312683105,4.47860050201416,1
FakeVideo-RealAudio/Caucasian (American)/women/id02466/00136_id00462_EMnGfAq9gg4.npz,-1.2852973937988281,-1.2852973937988281,5.394394874572754,1
FakeVideo-RealAudio/Caucasian (American)/women/id02466/00136_id00618__TwV2SmUIlY.npz,-2.050091505050659,-2.050091505050659,5.389794826507568,1
FakeVideo-RealAudio/Caucasian (American)/women/id02466/00136_id00841_wavtolip.npz,-1.0890265703201294,-1.0890265703201294,4.917722225189209,1
FakeVideo-RealAudio/Caucasian (American)/women/id02466/00136_id00848_o1_9Cu3YMN0.npz,-2.0571489334106445,-2.0571489334106445,5.3889875411987305,1
FakeVideo-RealAudio/Caucasian (American)/women/id02466/00136_id01004_867Wlj7Gw68.npz,-1.7916003465652466,-1.7916003465652466,5.426027774810791,1
FakeVideo-RealAudio/Caucasian (American)/women/id02466/00136_id01005_lJZrqhcRFSA.npz,-1.8527231216430664,-1.8527231216430664,5.391389846801758,1
FakeVideo-RealAudio/Caucasian (American)/women/id02466/00136_id01217_wavtolip.npz,-2.573963165283203,-2.573963165283203,5.039346694946289,1
FakeVideo-RealAudio/Caucasian (American)/women/id02466/00136_id01238_wavtolip.npz,1.4945869445800781,1.4945869445800781,4.5639328956604,1
FakeVideo-RealAudio/Caucasian (American)/women/id02466/00136_id01248_2y-HnTO8WrQ.npz,-2.4749598503112793,-2.4749598503112793,5.4008941650390625,1
FakeVideo-RealAudio/Caucasian (American)/women/id02466/00136_id02464_wavtolip.npz,-1.5063420534133911,-1.5063420534133911,4.465244770050049,1
FakeVideo-RealAudio/Caucasian (American)/women/id02466/00136_id02466_wavtolip.npz,-1.6716135740280151,-1.6716135740280151,5.458377361297607,1
FakeVideo-RealAudio/Caucasian (American)/women/id02466/00136_id03707_pwNcRPQ5qdo.npz,-2.0082502365112305,-2.0082502365112305,5.393814563751221,1
FakeVideo-RealAudio/Caucasian (American)/women/id02466/00136_id03707_pwNcRPQ5qdo_faceswap.npz,-2.6160120964050293,-2.6160120964050293,5.379319190979004,1
FakeVideo-RealAudio/Caucasian (American)/women/id02466/00136_id03781_jbHfYGVNqTg.npz,-1.9696677923202515,-1.9696677923202515,5.399213790893555,1
FakeVideo-RealAudio/Caucasian (American)/women/id00462/00143_0.npz,-2.6383843421936035,-2.6383843421936035,4.685310363769531,1
FakeVideo-RealAudio/Caucasian (American)/women/id00462/00143_id00025_wavtolip.npz,-2.041907548904419,-2.041907548904419,4.608963489532471,1
FakeVideo-RealAudio/Caucasian (American)/women/id00462/00143_id00097_wavtolip.npz,-1.7140061855316162,-1.7140061855316162,4.579660415649414,1
FakeVideo-RealAudio/Caucasian (American)/women/id00462/00143_id00100_sZ0Ex4WUEgM.npz,-2.800272226333618,-2.800272226333618,4.495849132537842,1
FakeVideo-RealAudio/Caucasian (American)/women/id00462/00143_id00180_wavtolip.npz,-1.4886302947998047,-1.4886302947998047,4.594385147094727,1
FakeVideo-RealAudio/Caucasian (American)/women/id00462/00143_id00190_wavtolip.npz,-1.642635703086853,-1.642635703086853,4.579432964324951,1
FakeVideo-RealAudio/Caucasian (American)/women/id00462/00143_id00381_79zqA0CZh8s.npz,-2.7872045040130615,-2.7872045040130615,4.509545803070068,1
FakeVideo-RealAudio/Caucasian (American)/women/id00462/00143_id00431_wavtolip.npz,-2.2515738010406494,-2.2515738010406494,4.414949417114258,1
FakeVideo-RealAudio/Caucasian (American)/women/id00462/00143_id00616_wavtolip.npz,-0.8582178354263306,-0.8582178354263306,4.567179203033447,1
FakeVideo-RealAudio/Caucasian (American)/women/id00462/00143_id00835_zWTp4szbb5k.npz,-2.6415700912475586,-2.6415700912475586,4.5139689445495605,1
FakeVideo-RealAudio/Caucasian (American)/women/id00462/00143_id00835_zWTp4szbb5k_faceswap.npz,-2.6247894763946533,-2.6247894763946533,4.464320182800293,1
FakeVideo-RealAudio/Caucasian (American)/women/id00462/00143_id00841_wavtolip.npz,-1.7206041812896729,-1.7206041812896729,4.591994762420654,1
FakeVideo-RealAudio/Caucasian (American)/women/id00462/00143_id01004_867Wlj7Gw68.npz,-3.035865545272827,-3.035865545272827,4.513785362243652,1
FakeVideo-RealAudio/Caucasian (American)/women/id00462/00143_id01217_7lVC4xEK_6E.npz,-2.9512763023376465,-2.9512763023376465,4.483516693115234,1
FakeVideo-RealAudio/Caucasian (American)/women/id00462/00143_id01217_wavtolip.npz,-3.1838512420654297,-3.1838512420654297,4.609953880310059,1
FakeVideo-RealAudio/Caucasian (American)/women/id00462/00143_id01223_TO3ym8Gwp7k.npz,-2.9099531173706055,-2.9099531173706055,4.525123119354248,1
FakeVideo-RealAudio/Caucasian (American)/women/id00462/00143_id01223_wavtolip.npz,-2.0410759449005127,-2.0410759449005127,4.651518821716309,1
FakeVideo-RealAudio/Caucasian (American)/women/id00462/00143_id01227_eNr-P3gIrgo.npz,-3.0105812549591064,-3.0105812549591064,4.477787494659424,1
FakeVideo-RealAudio/Caucasian (American)/women/id00462/00143_id01231_XXpYdOHUF-g.npz,-2.9578490257263184,-2.9578490257263184,4.4893951416015625,1
FakeVideo-RealAudio/Caucasian (American)/women/id00462/00143_id01238_VPdv2sexRy0.npz,-3.0329554080963135,-3.0329554080963135,4.487472057342529,1
FakeVideo-RealAudio/Caucasian (American)/women/id00462/00143_id01238_wavtolip.npz,1.260432243347168,1.260432243347168,4.536900997161865,1
FakeVideo-RealAudio/Caucasian (American)/women/id00462/00143_id02466_VOgaA7O5yWY.npz,-2.710136651992798,-2.710136651992798,4.505401134490967,1
FakeVideo-RealAudio/Caucasian (American)/women/id01248/00005_id00180_lkeAa8Od_tg.npz,-2.619553804397583,-2.619553804397583,4.563727855682373,1
FakeVideo-RealAudio/Caucasian (American)/women/id01248/00005_id00231_Pi8vVHrPQMU.npz,-3.396918773651123,-3.396918773651123,4.52678108215332,1
FakeVideo-RealAudio/Caucasian (American)/women/id01248/00005_id00231_wavtolip.npz,-1.7587339878082275,-1.7587339878082275,4.602880954742432,1
FakeVideo-RealAudio/Caucasian (American)/women/id01248/00005_id00381_79zqA0CZh8s.npz,-3.4478487968444824,-3.4478487968444824,4.50404691696167,1
FakeVideo-RealAudio/Caucasian (American)/women/id01248/00005_id00458_wavtolip.npz,-1.7959785461425781,-1.7959785461425781,4.617728233337402,1
FakeVideo-RealAudio/Caucasian (American)/women/id01248/00005_id00462_wavtolip.npz,-1.5608456134796143,-1.5608456134796143,4.629724025726318,1
FakeVideo-RealAudio/Caucasian (American)/women/id01248/00005_id00618_wavtolip.npz,-3.327428102493286,-3.327428102493286,4.608893394470215,1
FakeVideo-RealAudio/Caucasian (American)/women/id01248/00005_id00835_wavtolip.npz,-1.5994937419891357,-1.5994937419891357,4.48676872253418,1
FakeVideo-RealAudio/Caucasian (American)/women/id01248/00005_id00835_zWTp4szbb5k.npz,-2.4594101905822754,-2.4594101905822754,4.557304859161377,1
FakeVideo-RealAudio/Caucasian (American)/women/id01248/00005_id01004_867Wlj7Gw68.npz,-2.915184497833252,-2.915184497833252,4.564456939697266,1
FakeVideo-RealAudio/Caucasian (American)/women/id01248/00005_id01075_MtJUiHspdT0.npz,-3.0848019123077393,-3.0848019123077393,4.533020496368408,1
FakeVideo-RealAudio/Caucasian (American)/women/id01248/00005_id01075_wavtolip.npz,-0.75199294090271,-0.75199294090271,4.614538669586182,1
FakeVideo-RealAudio/Caucasian (American)/women/id01248/00005_id01091_wavtolip.npz,-2.1383466720581055,-2.1383466720581055,4.6040544509887695,1
FakeVideo-RealAudio/Caucasian (American)/women/id01248/00005_id01216_wavtolip.npz,-0.8604517579078674,-0.8604517579078674,4.5627851486206055,1
FakeVideo-RealAudio/Caucasian (American)/women/id01248/00005_id01217_7lVC4xEK_6E.npz,-3.0256032943725586,-3.0256032943725586,4.54670524597168,1
FakeVideo-RealAudio/Caucasian (American)/women/id01248/00005_id01223_TO3ym8Gwp7k.npz,-3.460585117340088,-3.460585117340088,4.534992218017578,1
FakeVideo-RealAudio/Caucasian (American)/women/id01248/00005_id01227_wavtolip.npz,-1.42681884765625,-1.42681884765625,4.609631061553955,1
FakeVideo-RealAudio/Caucasian (American)/women/id01248/00005_id02466_VOgaA7O5yWY.npz,-2.9700677394866943,-2.9700677394866943,4.535343170166016,1
FakeVideo-RealAudio/Caucasian (American)/women/id01248/00005_id03696_wavtolip.npz,-2.603074550628662,-2.603074550628662,4.537156581878662,1
FakeVideo-RealAudio/Caucasian (American)/women/id01248/00005_id03707_pwNcRPQ5qdo.npz,-3.3798491954803467,-3.3798491954803467,4.50246000289917,1
FakeVideo-RealAudio/Asian (East)/men/id06878/00001.npz,-2.0171656608581543,-2.0171656608581543,4.6119256019592285,1
FakeVideo-RealAudio/Asian (East)/men/id06878/00001_id00056_wavtolip.npz,-0.940993070602417,-0.940993070602417,4.775670528411865,1
FakeVideo-RealAudio/Asian (East)/men/id06878/00001_id02365_wavtolip.npz,-1.7160792350769043,-1.7160792350769043,4.754210948944092,1
FakeVideo-RealAudio/Asian (East)/men/id06878/00001_id02553_wavtolip.npz,-1.5198663473129272,-1.5198663473129272,4.721704959869385,1
FakeVideo-RealAudio/Asian (East)/men/id06878/00001_id03889_wavtolip.npz,-0.17754864692687988,-0.17754864692687988,4.742032527923584,1
FakeVideo-RealAudio/Asian (East)/men/id06878/00001_id04687_wavtolip.npz,-1.862761378288269,-1.862761378288269,4.740815162658691,1
FakeVideo-RealAudio/Asian (East)/men/id06878/00001_id04774_wavtolip.npz,-2.335942029953003,-2.335942029953003,4.616991996765137,1
FakeVideo-RealAudio/Asian (East)/men/id06878/00001_id04884_wavtolip.npz,-1.7784008979797363,-1.7784008979797363,4.681934356689453,1
FakeVideo-RealAudio/Asian (East)/men/id06878/00001_id05383_wavtolip.npz,-1.6088314056396484,-1.6088314056396484,4.649478435516357,1
FakeVideo-RealAudio/Asian (East)/men/id06878/00001_id08299_wavtolip.npz,-2.060770273208618,-2.060770273208618,4.566032886505127,1
FakeVideo-RealAudio/Asian (East)/men/id06878/00001_id08613_wavtolip.npz,-0.5409657955169678,-0.5409657955169678,4.6782121658325195,1
FakeVideo-RealAudio/Asian (East)/men/id09143/00056_id00863_wavtolip.npz,-2.4567532539367676,-2.4567532539367676,4.493834018707275,1
FakeVideo-RealAudio/Asian (East)/men/id09143/00056_id01204_biYGqpYBp7o.npz,-1.888645887374878,-1.888645887374878,4.53533935546875,1
FakeVideo-RealAudio/Asian (East)/men/id09143/00056_id01204_biYGqpYBp7o_faceswap.npz,-2.333068609237671,-2.333068609237671,4.524543285369873,1
FakeVideo-RealAudio/Asian (East)/men/id09143/00056_id01215_wavtolip.npz,-1.1232972145080566,-1.1232972145080566,4.50936222076416,1
FakeVideo-RealAudio/Asian (East)/men/id09143/00056_id01589_ZCwF6XVRiAU.npz,-1.8463525772094727,-1.8463525772094727,4.514813423156738,1
FakeVideo-RealAudio/Asian (East)/men/id09143/00056_id01589_wavtolip.npz,-3.0451319217681885,-3.0451319217681885,4.540023326873779,1
FakeVideo-RealAudio/Asian (East)/men/id09143/00056_id01683_wavtolip.npz,-2.5013489723205566,-2.5013489723205566,4.436160564422607,1
FakeVideo-RealAudio/Asian (East)/men/id09143/00056_id02553_QTahH2rc8go.npz,-2.102886915206909,-2.102886915206909,4.543153762817383,1
FakeVideo-RealAudio/Asian (East)/men/id09143/00056_id04789_wavtolip.npz,-2.366063356399536,-2.366063356399536,4.540801048278809,1
FakeVideo-RealAudio/Asian (East)/men/id09143/00056_id06470_XoAiqCrOlyk.npz,-1.870030403137207,-1.870030403137207,4.557372570037842,1
FakeVideo-RealAudio/Asian (East)/men/id09143/00056_id06470_wavtolip.npz,-0.3857090473175049,-0.3857090473175049,4.514988899230957,1
FakeVideo-RealAudio/Asian (East)/men/id09143/00056_id06594_wavtolip.npz,-2.090934991836548,-2.090934991836548,4.490713596343994,1
FakeVideo-RealAudio/Asian (East)/men/id09143/00056_id06807_wavtolip.npz,-2.2598674297332764,-2.2598674297332764,4.496523857116699,1
FakeVideo-RealAudio/Asian (East)/men/id09143/00056_id07102_4gKPlwvjpsI.npz,-3.1489222049713135,-3.1489222049713135,4.514337539672852,1
FakeVideo-RealAudio/Asian (East)/men/id09143/00056_id07102_wavtolip.npz,-3.019026517868042,-3.019026517868042,4.478977203369141,1
FakeVideo-RealAudio/Asian (East)/men/id09143/00056_id08652_wavtolip.npz,-2.448779582977295,-2.448779582977295,4.515146732330322,1
FakeVideo-RealAudio/Asian (East)/men/id09143/00056_id09053_6baCAGutGFg.npz,-2.0065383911132812,-2.0065383911132812,4.534687042236328,1
FakeVideo-RealAudio/Asian (East)/men/id08652/00006.npz,-4.020933628082275,-4.020933628082275,4.423646450042725,1
FakeVideo-RealAudio/Asian (East)/men/id08652/00006_id01215_wavtolip.npz,-1.3463598489761353,-1.3463598489761353,4.517491340637207,1
FakeVideo-RealAudio/Asian (East)/men/id08652/00006_id02365_wavtolip.npz,-2.515075206756592,-2.515075206756592,4.486867904663086,1
FakeVideo-RealAudio/Asian (East)/men/id08652/00006_id04222_wavtolip.npz,-3.608030319213867,-3.608030319213867,4.5867204666137695,1
FakeVideo-RealAudio/Asian (East)/men/id08652/00006_id04687_wavtolip.npz,-3.8857574462890625,-3.8857574462890625,4.484294891357422,1
FakeVideo-RealAudio/Asian (East)/men/id08652/00006_id05383_wavtolip.npz,-1.436202883720398,-1.436202883720398,4.481684684753418,1
FakeVideo-RealAudio/Asian (East)/men/id08652/00006_id06152_wavtolip.npz,-2.2492876052856445,-2.2492876052856445,4.479554176330566,1
FakeVideo-RealAudio/Asian (East)/men/id08652/00006_id06467_wavtolip.npz,-1.9280633926391602,-1.9280633926391602,4.532266139984131,1
FakeVideo-RealAudio/Asian (East)/men/id08652/00006_id08299_wavtolip.npz,-3.132225751876831,-3.132225751876831,4.517733097076416,1
FakeVideo-RealAudio/Asian (East)/men/id08652/00006_id08652_wavtolip.npz,-3.1183648109436035,-3.1183648109436035,4.473930835723877,1
FakeVideo-RealAudio/Asian (East)/men/id08652/00006_id09143_wavtolip.npz,-2.684871196746826,-2.684871196746826,4.444276809692383,1
FakeVideo-RealAudio/Asian (East)/men/id06807/00015.npz,-2.337597608566284,-2.337597608566284,4.97506046295166,1
FakeVideo-RealAudio/Asian (East)/men/id06807/00015_id00560_wavtolip.npz,-3.159491539001465,-3.159491539001465,4.4849371910095215,1
FakeVideo-RealAudio/Asian (East)/men/id06807/00015_id00863_wavtolip.npz,-2.9678781032562256,-2.9678781032562256,4.661278247833252,1
FakeVideo-RealAudio/Asian (East)/men/id06807/00015_id01683_wavtolip.npz,-2.51833438873291,-2.51833438873291,4.773331642150879,1
FakeVideo-RealAudio/Asian (East)/men/id06807/00015_id02561_wavtolip.npz,-2.2310433387756348,-2.2310433387756348,5.0565667152404785,1
FakeVideo-RealAudio/Asian (East)/men/id06807/00015_id04691_wavtolip.npz,-2.50034236907959,-2.50034236907959,5.160442352294922,1
FakeVideo-RealAudio/Asian (East)/men/id06807/00015_id04774_wavtolip.npz,-2.804426670074463,-2.804426670074463,4.664080619812012,1
FakeVideo-RealAudio/Asian (East)/men/id06807/00015_id06269_wavtolip.npz,-2.5133304595947266,-2.5133304595947266,4.638516426086426,1
FakeVideo-RealAudio/Asian (East)/men/id06807/00015_id06591_wavtolip.npz,-1.5604722499847412,-1.5604722499847412,4.536795616149902,1
FakeVideo-RealAudio/Asian (East)/men/id06807/00015_id06807_wavtolip.npz,-1.8332027196884155,-1.8332027196884155,4.979854106903076,1
FakeVideo-RealAudio/Asian (East)/men/id06807/00015_id08652_wavtolip.npz,-2.853121519088745,-2.853121519088745,4.542109966278076,1
FakeVideo-RealAudio/Asian (East)/men/id04687/00066_id00126_wavtolip.npz,-2.6302037239074707,-2.6302037239074707,4.700829982757568,1
FakeVideo-RealAudio/Asian (East)/men/id04687/00066_id00560_wavtolip.npz,-3.2790544033050537,-3.2790544033050537,4.48783540725708,1
FakeVideo-RealAudio/Asian (East)/men/id04687/00066_id00740_wavtolip.npz,-3.007351875305176,-3.007351875305176,4.645106792449951,1
FakeVideo-RealAudio/Asian (East)/men/id04687/00066_id01589_ZCwF6XVRiAU.npz,-1.871856689453125,-1.871856689453125,4.708867073059082,1
FakeVideo-RealAudio/Asian (East)/men/id04687/00066_id01589_wavtolip.npz,-3.3102941513061523,-3.3102941513061523,4.777166366577148,1
FakeVideo-RealAudio/Asian (East)/men/id04687/00066_id02332_hlo8q3-L9vI.npz,-1.748643159866333,-1.748643159866333,4.683284282684326,1
FakeVideo-RealAudio/Asian (East)/men/id04687/00066_id02493_zYAm6W46Mcg.npz,-1.9212496280670166,-1.9212496280670166,4.70473575592041,1
FakeVideo-RealAudio/Asian (East)/men/id04687/00066_id02493_zYAm6W46Mcg_faceswap.npz,-1.620361566543579,-1.620361566543579,4.707424163818359,1
FakeVideo-RealAudio/Asian (East)/men/id04687/00066_id02553_QTahH2rc8go.npz,-1.8690661191940308,-1.8690661191940308,4.710071563720703,1
FakeVideo-RealAudio/Asian (East)/men/id04687/00066_id02553_wavtolip.npz,-1.832627773284912,-1.832627773284912,4.680121421813965,1
FakeVideo-RealAudio/Asian (East)/men/id04687/00066_id03889_C54Tw6xrc4U.npz,-1.8992351293563843,-1.8992351293563843,4.717587471008301,1
FakeVideo-RealAudio/Asian (East)/men/id04687/00066_id03889_wavtolip.npz,-1.1913360357284546,-1.1913360357284546,4.710019588470459,1
FakeVideo-RealAudio/Asian (East)/men/id04687/00066_id04111_wavtolip.npz,-3.2591488361358643,-3.2591488361358643,4.7244343757629395,1
FakeVideo-RealAudio/Asian (East)/men/id04687/00066_id04222_EAw7MSynKF8.npz,-1.9376533031463623,-1.9376533031463623,4.731306552886963,1
FakeVideo-RealAudio/Asian (East)/men/id04687/00066_id04222_wavtolip.npz,-3.61257266998291,-3.61257266998291,4.712878227233887,1
FakeVideo-RealAudio/Asian (East)/men/id04687/00066_id04884_eq_wk7h1Gzo.npz,-1.8593761920928955,-1.8593761920928955,4.72043514251709,1
FakeVideo-RealAudio/Asian (East)/men/id04687/00066_id06269_wavtolip.npz,-2.4146435260772705,-2.4146435260772705,4.540180206298828,1
FakeVideo-RealAudio/Asian (East)/men/id04687/00066_id06470_XoAiqCrOlyk.npz,-1.9614064693450928,-1.9614064693450928,4.732626914978027,1
FakeVideo-RealAudio/Asian (East)/men/id04687/00066_id08299_wavtolip.npz,-3.3740921020507812,-3.3740921020507812,4.567047119140625,1
FakeVideo-RealAudio/Asian (East)/men/id07338/00003.npz,-4.233463764190674,-4.233463764190674,4.381373405456543,1
FakeVideo-RealAudio/Asian (East)/men/id07338/00003_id01683_wavtolip.npz,-3.6513454914093018,-3.6513454914093018,4.406559944152832,1
FakeVideo-RealAudio/Asian (East)/men/id07338/00003_id04111_wavtolip.npz,-2.0785064697265625,-2.0785064697265625,4.43080472946167,1
FakeVideo-RealAudio/Asian (East)/men/id07338/00003_id04687_wavtolip.npz,-2.881788730621338,-2.881788730621338,4.448277950286865,1
FakeVideo-RealAudio/Asian (East)/men/id07338/00003_id04691_wavtolip.npz,-2.157076835632324,-2.157076835632324,4.513064861297607,1
FakeVideo-RealAudio/Asian (East)/men/id07338/00003_id04774_wavtolip.npz,-2.960092782974243,-2.960092782974243,4.509087085723877,1
FakeVideo-RealAudio/Asian (East)/men/id07338/00003_id04884_wavtolip.npz,-2.4704349040985107,-2.4704349040985107,4.496997833251953,1
FakeVideo-RealAudio/Asian (East)/men/id07338/00003_id05332_wavtolip.npz,-2.6141555309295654,-2.6141555309295654,4.501312732696533,1
FakeVideo-RealAudio/Asian (East)/men/id07338/00003_id06470_wavtolip.npz,-0.43490350246429443,-0.43490350246429443,4.523356914520264,1
FakeVideo-RealAudio/Asian (East)/men/id07338/00003_id06776_wavtolip.npz,-3.623950719833374,-3.623950719833374,4.399318695068359,1
FakeVideo-RealAudio/Asian (East)/men/id07338/00003_id07102_wavtolip.npz,-2.483344316482544,-2.483344316482544,4.477458477020264,1
FakeVideo-RealAudio/Asian (East)/men/id01204/00092_id00056_GUh0mNVw0U8.npz,-3.167327880859375,-3.167327880859375,5.045130729675293,1
FakeVideo-RealAudio/Asian (East)/men/id01204/00092_id00560_wavtolip.npz,-2.796478033065796,-2.796478033065796,4.499239921569824,1
FakeVideo-RealAudio/Asian (East)/men/id01204/00092_id00597_wavtolip.npz,-2.0166077613830566,-2.0166077613830566,5.033031463623047,1
FakeVideo-RealAudio/Asian (East)/men/id01204/00092_id01589_ZCwF6XVRiAU.npz,-3.6478757858276367,-3.6478757858276367,5.048902988433838,1
FakeVideo-RealAudio/Asian (East)/men/id01204/00092_id02332_wavtolip.npz,-1.1022441387176514,-1.1022441387176514,4.812973976135254,1
FakeVideo-RealAudio/Asian (East)/men/id01204/00092_id02365_KTHM_LvjcgY.npz,-2.7734756469726562,-2.7734756469726562,5.0453972816467285,1
FakeVideo-RealAudio/Asian (East)/men/id01204/00092_id02493_zYAm6W46Mcg.npz,-4.082395553588867,-4.082395553588867,5.057367324829102,1
FakeVideo-RealAudio/Asian (East)/men/id01204/00092_id03028_wavtolip.npz,-2.5948567390441895,-2.5948567390441895,4.963754177093506,1
FakeVideo-RealAudio/Asian (East)/men/id01204/00092_id03889_C54Tw6xrc4U.npz,-3.3700687885284424,-3.3700687885284424,5.03051233291626,1
FakeVideo-RealAudio/Asian (East)/men/id01204/00092_id04111_wavtolip.npz,-2.6112453937530518,-2.6112453937530518,5.0635986328125,1
FakeVideo-RealAudio/Asian (East)/men/id01204/00092_id04687_wavtolip.npz,-1.0305144786834717,-1.0305144786834717,4.670437812805176,1
FakeVideo-RealAudio/Asian (East)/men/id01204/00092_id05332_wavtolip.npz,-2.6773853302001953,-2.6773853302001953,4.7114739418029785,1
FakeVideo-RealAudio/Asian (East)/men/id01204/00092_id06269_Jm9bEizIGBE.npz,-3.1131887435913086,-3.1131887435913086,5.027527332305908,1
FakeVideo-RealAudio/Asian (East)/men/id01204/00092_id06269_wavtolip.npz,-4.101710319519043,-4.101710319519043,4.657334804534912,1
FakeVideo-RealAudio/Asian (East)/men/id01204/00092_id06535_wavtolip.npz,-3.1805028915405273,-3.1805028915405273,4.941536903381348,1
FakeVideo-RealAudio/Asian (East)/men/id01204/00092_id06591_wavtolip.npz,-1.8640639781951904,-1.8640639781951904,4.570079803466797,1
FakeVideo-RealAudio/Asian (East)/men/id01204/00092_id09053_6baCAGutGFg.npz,-3.7462410926818848,-3.7462410926818848,5.049905776977539,1
FakeVideo-RealAudio/Asian (East)/men/id01204/00092_id09143_rnD7HryoyLY.npz,-3.921968460083008,-3.921968460083008,5.038578987121582,1
FakeVideo-RealAudio/Asian (East)/men/id01204/00092_id09143_rnD7HryoyLY_faceswap.npz,-3.5780608654022217,-3.5780608654022217,5.082594871520996,1
FakeVideo-RealAudio/Asian (East)/men/id03889/00052_id00560_wavtolip.npz,-2.4616293907165527,-2.4616293907165527,4.439363956451416,1
FakeVideo-RealAudio/Asian (East)/men/id03889/00052_id01212_wavtolip.npz,-3.042023181915283,-3.042023181915283,4.772636413574219,1
FakeVideo-RealAudio/Asian (East)/men/id03889/00052_id01215_wavtolip.npz,-1.419789433479309,-1.419789433479309,4.452773571014404,1
FakeVideo-RealAudio/Asian (East)/men/id03889/00052_id01589_ZCwF6XVRiAU.npz,-1.1631797552108765,-1.1631797552108765,4.803387641906738,1
FakeVideo-RealAudio/Asian (East)/men/id03889/00052_id01589_ZCwF6XVRiAU_faceswap.npz,-1.170792579650879,-1.170792579650879,4.825150489807129,1
FakeVideo-RealAudio/Asian (East)/men/id03889/00052_id02332_hlo8q3-L9vI.npz,-0.909163236618042,-0.909163236618042,4.824404239654541,1
FakeVideo-RealAudio/Asian (East)/men/id03889/00052_id02332_wavtolip.npz,-1.3293565511703491,-1.3293565511703491,4.783423900604248,1
FakeVideo-RealAudio/Asian (East)/men/id03889/00052_id02365_KTHM_LvjcgY.npz,-1.1955105066299438,-1.1955105066299438,4.829288482666016,1
FakeVideo-RealAudio/Asian (East)/men/id03889/00052_id02493_zYAm6W46Mcg.npz,-0.9817124605178833,-0.9817124605178833,4.8402509689331055,1
FakeVideo-RealAudio/Asian (East)/men/id03889/00052_id04111_wavtolip.npz,-3.3335886001586914,-3.3335886001586914,4.781470775604248,1
FakeVideo-RealAudio/Asian (East)/men/id03889/00052_id04687_cSxCV6zdmwo.npz,-1.0229216814041138,-1.0229216814041138,4.817641735076904,1
FakeVideo-RealAudio/Asian (East)/men/id03889/00052_id04774_k3yOcTA95dg.npz,-1.240867018699646,-1.240867018699646,4.832942962646484,1
FakeVideo-RealAudio/Asian (East)/men/id03889/00052_id05743_wavtolip.npz,-2.8884050846099854,-2.8884050846099854,4.781276702880859,1
FakeVideo-RealAudio/Asian (East)/men/id03889/00052_id06152_wavtolip.npz,-3.013094186782837,-3.013094186782837,4.739948749542236,1
FakeVideo-RealAudio/Asian (East)/men/id03889/00052_id06269_wavtolip.npz,-3.866384744644165,-3.866384744644165,4.597568035125732,1
FakeVideo-RealAudio/Asian (East)/men/id03889/00052_id06591_wavtolip.npz,-1.6150673627853394,-1.6150673627853394,4.537115573883057,1
FakeVideo-RealAudio/Asian (East)/men/id03889/00052_id06878_wavtolip.npz,-1.7974636554718018,-1.7974636554718018,4.753830909729004,1
FakeVideo-RealAudio/Asian (East)/men/id08299/00110_0.npz,-1.2645342350006104,-1.2645342350006104,5.194968223571777,1
FakeVideo-RealAudio/Asian (East)/men/id08299/00110_1.npz,-2.9205880165100098,-2.9205880165100098,4.528629779815674,1
FakeVideo-RealAudio/Asian (East)/men/id08299/00110_2.npz,-3.870082378387451,-3.870082378387451,4.9970574378967285,1
FakeVideo-RealAudio/Asian (East)/men/id08299/00110_3.npz,-1.6703431606292725,-1.6703431606292725,4.501463890075684,1
FakeVideo-RealAudio/Asian (East)/men/id08299/00110_id03028_wavtolip.npz,-1.7500007152557373,-1.7500007152557373,4.509045124053955,1
FakeVideo-RealAudio/Asian (East)/men/id08299/00110_id03965_wavtolip.npz,-1.0351959466934204,-1.0351959466934204,4.585617542266846,1
FakeVideo-RealAudio/Asian (East)/men/id08299/00110_id04726_wavtolip.npz,-1.9195964336395264,-1.9195964336395264,4.543035984039307,1
FakeVideo-RealAudio/Asian (East)/men/id08299/00110_id04789_wavtolip.npz,-3.3777432441711426,-3.3777432441711426,4.585661888122559,1
FakeVideo-RealAudio/Asian (East)/men/id08299/00110_id05268_wavtolip.npz,-1.4589319229125977,-1.4589319229125977,4.500384330749512,1
FakeVideo-RealAudio/Asian (East)/men/id08299/00110_id05332_wavtolip.npz,-1.6622438430786133,-1.6622438430786133,4.537747859954834,1
FakeVideo-RealAudio/Asian (East)/men/id08299/00110_id05479_wavtolip.npz,-2.6473419666290283,-2.6473419666290283,4.546815395355225,1
FakeVideo-RealAudio/Asian (East)/men/id08299/00110_id06467_wavtolip.npz,-1.6334917545318604,-1.6334917545318604,4.555379390716553,1
FakeVideo-RealAudio/Asian (East)/men/id08299/00110_id06807_wavtolip.npz,-2.5656890869140625,-2.5656890869140625,4.4992756843566895,1
FakeVideo-RealAudio/Asian (East)/men/id08299/00110_id08299_wavtolip.npz,-2.554147720336914,-2.554147720336914,4.584153175354004,1
FakeVideo-RealAudio/Asian (East)/women/id08819/00052_id00137_wavtolip.npz,-2.6033449172973633,-2.6033449172973633,4.587383270263672,1
FakeVideo-RealAudio/Asian (East)/women/id08819/00052_id00566_wavtolip.npz,-1.8928574323654175,-1.8928574323654175,4.54254150390625,1
FakeVideo-RealAudio/Asian (East)/women/id08819/00052_id00579_yc8eTBM4N3c.npz,-2.88037109375,-2.88037109375,5.399343490600586,1
FakeVideo-RealAudio/Asian (East)/women/id08819/00052_id00763_wavtolip.npz,-2.1881046295166016,-2.1881046295166016,5.227050304412842,1
FakeVideo-RealAudio/Asian (East)/women/id08819/00052_id01281_wavtolip.npz,-1.854365587234497,-1.854365587234497,5.0872015953063965,1
FakeVideo-RealAudio/Asian (East)/women/id08819/00052_id02807_eFC0STvhou4.npz,-2.883570671081543,-2.883570671081543,5.395409107208252,1
FakeVideo-RealAudio/Asian (East)/women/id08819/00052_id04701_7mnc8w6jRlM.npz,-2.437838554382324,-2.437838554382324,5.404613494873047,1
FakeVideo-RealAudio/Asian (East)/women/id08819/00052_id05576_g3SKd3BsV9I.npz,-2.138054847717285,-2.138054847717285,5.3895978927612305,1
FakeVideo-RealAudio/Asian (East)/women/id08819/00052_id06060___Bf93SjJP0.npz,-2.6017162799835205,-2.6017162799835205,5.406044960021973,1
FakeVideo-RealAudio/Asian (East)/women/id08819/00052_id06066_9e5vgpwmruA.npz,-2.5184478759765625,-2.5184478759765625,5.393065452575684,1
FakeVideo-RealAudio/Asian (East)/women/id08819/00052_id07039_wavtolip.npz,-3.322429895401001,-3.322429895401001,4.920131206512451,1
FakeVideo-RealAudio/Asian (East)/women/id08819/00052_id07739_TmuvLVNBm8o.npz,-2.5774571895599365,-2.5774571895599365,5.406387805938721,1
FakeVideo-RealAudio/Asian (East)/women/id08819/00052_id07799_wavtolip.npz,-1.838083267211914,-1.838083267211914,5.577409267425537,1
FakeVideo-RealAudio/Asian (East)/women/id08819/00052_id08402_wavtolip.npz,-3.238949775695801,-3.238949775695801,5.032444000244141,1
FakeVideo-RealAudio/Asian (East)/women/id08819/00052_id08819_wavtolip.npz,-2.434835433959961,-2.434835433959961,5.457789421081543,1
FakeVideo-RealAudio/Asian (East)/women/id08819/00052_id09171_wavtolip.npz,-3.0911059379577637,-3.0911059379577637,4.995533466339111,1
FakeVideo-RealAudio/Asian (East)/women/id08819/00052_id09175_wavtolip.npz,-2.802187919616699,-2.802187919616699,4.831048011779785,1
FakeVideo-RealAudio/Asian (East)/women/id00566/00032_id00137_L22Rc38U5BA.npz,-0.3274500370025635,-0.3274500370025635,4.55769681930542,1
FakeVideo-RealAudio/Asian (East)/women/id00566/00032_id00935_wavtolip.npz,-1.324073076248169,-1.324073076248169,4.501893520355225,1
FakeVideo-RealAudio/Asian (East)/women/id00566/00032_id02587_KzwJPH5_8j0.npz,-0.4294319152832031,-0.4294319152832031,4.5204973220825195,1
FakeVideo-RealAudio/Asian (East)/women/id00566/00032_id02587_KzwJPH5_8j0_faceswap.npz,-0.815108060836792,-0.815108060836792,4.535119533538818,1
FakeVideo-RealAudio/Asian (East)/women/id00566/00032_id02807_wavtolip.npz,-3.0635809898376465,-3.0635809898376465,4.490891456604004,1
FakeVideo-RealAudio/Asian (East)/women/id00566/00032_id03379_wavtolip.npz,-1.2286019325256348,-1.2286019325256348,4.484155178070068,1
FakeVideo-RealAudio/Asian (East)/women/id00566/00032_id04414_0sJN-9GIO-M.npz,-0.40305066108703613,-0.40305066108703613,4.5508131980896,1
FakeVideo-RealAudio/Asian (East)/women/id00566/00032_id04701_7mnc8w6jRlM.npz,-0.3627889156341553,-0.3627889156341553,4.60343074798584,1
FakeVideo-RealAudio/Asian (East)/women/id00566/00032_id05620_wavtolip.npz,-1.154486894607544,-1.154486894607544,4.511308670043945,1
FakeVideo-RealAudio/Asian (East)/women/id00566/00032_id05844_bkmHULxZv40.npz,-0.604362964630127,-0.604362964630127,4.531721115112305,1
FakeVideo-RealAudio/Asian (East)/women/id00566/00032_id06061_TckvmWR97vo.npz,-0.9358233213424683,-0.9358233213424683,4.53827428817749,1
FakeVideo-RealAudio/Asian (East)/women/id00566/00032_id06388_wavtolip.npz,-0.9893968105316162,-0.9893968105316162,4.471292018890381,1
FakeVideo-RealAudio/Asian (East)/women/id00566/00032_id06427_dBBAKe2EA_o.npz,-0.6831626892089844,-0.6831626892089844,4.542652130126953,1
FakeVideo-RealAudio/Asian (East)/women/id00566/00032_id06443_wavtolip.npz,-2.5588903427124023,-2.5588903427124023,4.526362419128418,1
FakeVideo-RealAudio/Asian (East)/women/id00566/00032_id08397_wavtolip.npz,-0.2946479320526123,-0.2946479320526123,4.5957231521606445,1
FakeVideo-RealAudio/Asian (East)/women/id00566/00032_id08402_wavtolip.npz,-1.4189319610595703,-1.4189319610595703,4.503760814666748,1
FakeVideo-RealAudio/Asian (East)/women/id00566/00032_id09125_wavtolip.npz,-2.1700754165649414,-2.1700754165649414,4.540267467498779,1
FakeVideo-RealAudio/Asian (East)/women/id00566/00032_id09174_Qspzu6tyArc.npz,-0.39387035369873047,-0.39387035369873047,4.578014850616455,1
FakeVideo-RealAudio/Asian (East)/women/id00566/00032_id09181_wavtolip.npz,-1.4703131914138794,-1.4703131914138794,4.509484767913818,1
FakeVideo-RealAudio/Asian (East)/women/id05631/00073_id00137_L22Rc38U5BA.npz,-2.963827610015869,-2.963827610015869,4.849219799041748,1
FakeVideo-RealAudio/Asian (East)/women/id05631/00073_id00430_wavtolip.npz,-2.8507909774780273,-2.8507909774780273,4.666003227233887,1
FakeVideo-RealAudio/Asian (East)/women/id05631/00073_id01281_ojEe5zGWESc.npz,-2.669269561767578,-2.669269561767578,4.857409954071045,1
FakeVideo-RealAudio/Asian (East)/women/id05631/00073_id02587_KzwJPH5_8j0.npz,-2.1634998321533203,-2.1634998321533203,4.915153980255127,1
FakeVideo-RealAudio/Asian (East)/women/id05631/00073_id03379_wavtolip.npz,-2.1970019340515137,-2.1970019340515137,4.5986833572387695,1
FakeVideo-RealAudio/Asian (East)/women/id05631/00073_id04057_SmHwNbR-498.npz,-1.8750914335250854,-1.8750914335250854,4.9102888107299805,1
FakeVideo-RealAudio/Asian (East)/women/id05631/00073_id04066_DkqznbB2WxQ.npz,-3.1888489723205566,-3.1888489723205566,4.886418342590332,1
FakeVideo-RealAudio/Asian (East)/women/id05631/00073_id04414_wavtolip.npz,-1.7842952013015747,-1.7842952013015747,4.681914806365967,1
FakeVideo-RealAudio/Asian (East)/women/id05631/00073_id04701_7mnc8w6jRlM.npz,-2.930626630783081,-2.930626630783081,4.8365888595581055,1
FakeVideo-RealAudio/Asian (East)/women/id05631/00073_id05620_wavtolip.npz,-1.5435397624969482,-1.5435397624969482,4.834592819213867,1
FakeVideo-RealAudio/Asian (East)/women/id05631/00073_id05844_bkmHULxZv40.npz,-3.0488481521606445,-3.0488481521606445,4.868731498718262,1
FakeVideo-RealAudio/Asian (East)/women/id05631/00073_id06065_Rni34oVUpTA.npz,-2.9998297691345215,-2.9998297691345215,4.839828968048096,1
FakeVideo-RealAudio/Asian (East)/women/id05631/00073_id06065_Rni34oVUpTA_faceswap.npz,-2.7864530086517334,-2.7864530086517334,4.946772575378418,1
FakeVideo-RealAudio/Asian (East)/women/id05631/00073_id06388_wavtolip.npz,-2.388683557510376,-2.388683557510376,4.818576335906982,1
FakeVideo-RealAudio/Asian (East)/women/id05631/00073_id06462_wavtolip.npz,-3.1244471073150635,-3.1244471073150635,4.7297539710998535,1
FakeVideo-RealAudio/Asian (East)/women/id05631/00073_id07383_wavtolip.npz,-3.9634997844696045,-3.9634997844696045,4.94438362121582,1
FakeVideo-RealAudio/Asian (East)/women/id05631/00073_id09171_wavtolip.npz,-3.5238568782806396,-3.5238568782806396,4.936580657958984,1
FakeVideo-RealAudio/Asian (East)/women/id05631/00073_id09175_wavtolip.npz,-2.16227126121521,-2.16227126121521,4.816473960876465,1
FakeVideo-RealAudio/Asian (East)/women/id05631/00073_id09181_wavtolip.npz,-1.8739752769470215,-1.8739752769470215,4.9455342292785645,1
FakeVideo-RealAudio/Asian (East)/women/id06054/00010_id00430_wavtolip.npz,-2.0555524826049805,-2.0555524826049805,4.6701130867004395,1
FakeVideo-RealAudio/Asian (East)/women/id06054/00010_id00579_yc8eTBM4N3c.npz,-1.3453295230865479,-1.3453295230865479,4.838074207305908,1
FakeVideo-RealAudio/Asian (East)/women/id06054/00010_id00579_yc8eTBM4N3c_faceswap.npz,-1.657312273979187,-1.657312273979187,4.773871421813965,1
FakeVideo-RealAudio/Asian (East)/women/id06054/00010_id00763_wavtolip.npz,-1.9045608043670654,-1.9045608043670654,4.795407772064209,1
FakeVideo-RealAudio/Asian (East)/women/id06054/00010_id01281_wavtolip.npz,-1.3799316883087158,-1.3799316883087158,4.819413661956787,1
FakeVideo-RealAudio/Asian (East)/women/id06054/00010_id02587_KzwJPH5_8j0.npz,-1.2204900979995728,-1.2204900979995728,4.8042192459106445,1
FakeVideo-RealAudio/Asian (East)/women/id06054/00010_id02807_eFC0STvhou4.npz,-1.348451852798462,-1.348451852798462,4.7952656745910645,1
FakeVideo-RealAudio/Asian (East)/women/id06054/00010_id03379_wavtolip.npz,-2.1380553245544434,-2.1380553245544434,4.586684226989746,1
FakeVideo-RealAudio/Asian (East)/women/id06054/00010_id04057_SmHwNbR-498.npz,-1.4525771141052246,-1.4525771141052246,4.802535057067871,1
FakeVideo-RealAudio/Asian (East)/women/id06054/00010_id04066_wavtolip.npz,-1.4346446990966797,-1.4346446990966797,4.797500133514404,1
FakeVideo-RealAudio/Asian (East)/women/id06054/00010_id04144__FJg9YswRzQ.npz,-0.9796229600906372,-0.9796229600906372,4.842897415161133,1
FakeVideo-RealAudio/Asian (East)/women/id06054/00010_id06054_wavtolip.npz,-1.5551241636276245,-1.5551241636276245,4.747072219848633,1
FakeVideo-RealAudio/Asian (East)/women/id06054/00010_id06462_Nn79kE76MA4.npz,-0.9233912229537964,-0.9233912229537964,4.818222999572754,1
FakeVideo-RealAudio/Asian (East)/women/id06054/00010_id06462_wavtolip.npz,-2.074770450592041,-2.074770450592041,4.686244487762451,1
FakeVideo-RealAudio/Asian (East)/women/id06054/00010_id07039_wavtolip.npz,-1.8271117210388184,-1.8271117210388184,4.791257381439209,1
FakeVideo-RealAudio/Asian (East)/women/id06054/00010_id07901_wavtolip.npz,-2.786768913269043,-2.786768913269043,4.522775173187256,1
FakeVideo-RealAudio/Asian (East)/women/id06054/00010_id08402_nedfiSXfmQ0.npz,-1.236771821975708,-1.236771821975708,4.79161262512207,1
FakeVideo-RealAudio/Asian (East)/women/id06054/00010_id08819_uDQ-DFVg5Sk.npz,-1.4560484886169434,-1.4560484886169434,4.824801445007324,1
FakeVideo-RealAudio/Asian (East)/women/id06054/00010_id09175_wavtolip.npz,-2.067113161087036,-2.067113161087036,4.795624732971191,1
FakeVideo-RealAudio/Asian (East)/women/id04701/00017_id00137_wavtolip.npz,-2.519472122192383,-2.519472122192383,4.658475875854492,1
FakeVideo-RealAudio/Asian (East)/women/id04701/00017_id00582_wavtolip.npz,-1.8199834823608398,-1.8199834823608398,4.780142307281494,1
FakeVideo-RealAudio/Asian (East)/women/id04701/00017_id01451_wavtolip.npz,-1.6243908405303955,-1.6243908405303955,4.787302017211914,1
FakeVideo-RealAudio/Asian (East)/women/id04701/00017_id03940_axeR0CLu96U.npz,-2.057567596435547,-2.057567596435547,4.750825881958008,1
FakeVideo-RealAudio/Asian (East)/women/id04701/00017_id04144__FJg9YswRzQ.npz,-1.5705485343933105,-1.5705485343933105,4.79367733001709,1
FakeVideo-RealAudio/Asian (East)/women/id04701/00017_id04144_wavtolip.npz,-1.7440321445465088,-1.7440321445465088,4.80735969543457,1
FakeVideo-RealAudio/Asian (East)/women/id04701/00017_id04414_0sJN-9GIO-M.npz,-2.1886534690856934,-2.1886534690856934,4.762366771697998,1
FakeVideo-RealAudio/Asian (East)/women/id04701/00017_id05631_wavtolip.npz,-2.252272367477417,-2.252272367477417,4.801809787750244,1
FakeVideo-RealAudio/Asian (East)/women/id04701/00017_id06054_wavtolip.npz,-1.5450172424316406,-1.5450172424316406,4.755238056182861,1
FakeVideo-RealAudio/Asian (East)/women/id04701/00017_id06061_wavtolip.npz,-2.3185291290283203,-2.3185291290283203,4.847480773925781,1
FakeVideo-RealAudio/Asian (East)/women/id04701/00017_id06066_wavtolip.npz,-1.3756195306777954,-1.3756195306777954,4.758772850036621,1
FakeVideo-RealAudio/Asian (East)/women/id04701/00017_id06225_wavtolip.npz,-2.640742540359497,-2.640742540359497,4.738739013671875,1
FakeVideo-RealAudio/Asian (East)/women/id04701/00017_id06462_Nn79kE76MA4.npz,-2.4473814964294434,-2.4473814964294434,4.753916263580322,1
FakeVideo-RealAudio/Asian (East)/women/id04701/00017_id06462_Nn79kE76MA4_faceswap.npz,-2.684278964996338,-2.684278964996338,4.773320198059082,1
FakeVideo-RealAudio/Asian (East)/women/id04701/00017_id07739_TmuvLVNBm8o.npz,-2.128664970397949,-2.128664970397949,4.75734281539917,1
FakeVideo-RealAudio/Asian (East)/women/id04701/00017_id07799_gO6nidmxrJU.npz,-2.199831485748291,-2.199831485748291,4.793081760406494,1
FakeVideo-RealAudio/Asian (East)/women/id04701/00017_id07799_wavtolip.npz,-1.4864985942840576,-1.4864985942840576,4.79868221282959,1
FakeVideo-RealAudio/Asian (East)/women/id04701/00017_id09174_Qspzu6tyArc.npz,-2.2541606426239014,-2.2541606426239014,4.780462265014648,1
FakeVideo-RealAudio/Asian (East)/women/id04701/00017_id09175_YWe7UOnEyHU.npz,-2.238271951675415,-2.238271951675415,4.777556419372559,1
FakeVideo-RealAudio/Asian (East)/women/id09174/00015_id00137_L22Rc38U5BA.npz,-1.3316869735717773,-1.3316869735717773,4.5377092361450195,1
FakeVideo-RealAudio/Asian (East)/women/id09174/00015_id00582_9gvF6IohoUI.npz,-1.599911093711853,-1.599911093711853,4.51212739944458,1
FakeVideo-RealAudio/Asian (East)/women/id09174/00015_id00763_wavtolip.npz,-1.868916392326355,-1.868916392326355,4.481867790222168,1
FakeVideo-RealAudio/Asian (East)/women/id09174/00015_id02587_KzwJPH5_8j0.npz,-1.3664069175720215,-1.3664069175720215,4.497854232788086,1
FakeVideo-RealAudio/Asian (East)/women/id09174/00015_id02587_KzwJPH5_8j0_faceswap.npz,-1.4026310443878174,-1.4026310443878174,4.545682907104492,1
FakeVideo-RealAudio/Asian (East)/women/id09174/00015_id03211_wavtolip.npz,-1.121511697769165,-1.121511697769165,4.508268356323242,1
FakeVideo-RealAudio/Asian (East)/women/id09174/00015_id04701_7mnc8w6jRlM.npz,-1.5097109079360962,-1.5097109079360962,4.527080535888672,1
FakeVideo-RealAudio/Asian (East)/women/id09174/00015_id04701_wavtolip.npz,-2.597123622894287,-2.597123622894287,4.517688274383545,1
FakeVideo-RealAudio/Asian (East)/women/id09174/00015_id05576_wavtolip.npz,-2.698112964630127,-2.698112964630127,4.482254981994629,1
FakeVideo-RealAudio/Asian (East)/women/id09174/00015_id05620_DmPPLeOZkHo.npz,-1.520256519317627,-1.520256519317627,4.535827159881592,1
FakeVideo-RealAudio/Asian (East)/women/id09174/00015_id05631_wavtolip.npz,-2.152573585510254,-2.152573585510254,4.491875648498535,1
FakeVideo-RealAudio/Asian (East)/women/id09174/00015_id05844_bkmHULxZv40.npz,-1.6320189237594604,-1.6320189237594604,4.5242486000061035,1
FakeVideo-RealAudio/Asian (East)/women/id09174/00015_id06065_wavtolip.npz,-3.424215793609619,-3.424215793609619,4.482730865478516,1
FakeVideo-RealAudio/Asian (East)/women/id09174/00015_id06462_Nn79kE76MA4.npz,-1.464558482170105,-1.464558482170105,4.514985084533691,1
FakeVideo-RealAudio/Asian (East)/women/id09174/00015_id06462_wavtolip.npz,-3.213794231414795,-3.213794231414795,4.5821943283081055,1
FakeVideo-RealAudio/Asian (East)/women/id09174/00015_id07039_wavtolip.npz,-1.6531031131744385,-1.6531031131744385,4.465413570404053,1
FakeVideo-RealAudio/Asian (East)/women/id09174/00015_id07799_gO6nidmxrJU.npz,-1.363206148147583,-1.363206148147583,4.522101879119873,1
FakeVideo-RealAudio/Asian (East)/women/id09174/00015_id09125_wavtolip.npz,-1.7493908405303955,-1.7493908405303955,4.545797824859619,1
FakeVideo-RealAudio/Asian (East)/women/id09174/00015_id09174_wavtolip.npz,-1.647107720375061,-1.647107720375061,4.492657661437988,1
FakeVideo-RealAudio/Asian (East)/women/id09125/00098_id00137_L22Rc38U5BA.npz,-1.9488736391067505,-1.9488736391067505,5.035896301269531,1
FakeVideo-RealAudio/Asian (East)/women/id09125/00098_id00137_wavtolip.npz,-3.510159969329834,-3.510159969329834,4.606103897094727,1
FakeVideo-RealAudio/Asian (East)/women/id09125/00098_id00579_yc8eTBM4N3c.npz,-0.43878495693206787,-0.43878495693206787,5.030063152313232,1
FakeVideo-RealAudio/Asian (East)/women/id09125/00098_id02807_wavtolip.npz,-2.732661008834839,-2.732661008834839,4.82342529296875,1
FakeVideo-RealAudio/Asian (East)/women/id09125/00098_id03211_HK4oe6Hi91E.npz,-0.5831962823867798,-0.5831962823867798,5.0416436195373535,1
FakeVideo-RealAudio/Asian (East)/women/id09125/00098_id06060_wavtolip.npz,-1.6965396404266357,-1.6965396404266357,4.562634468078613,1
FakeVideo-RealAudio/Asian (East)/women/id09125/00098_id06061_wavtolip.npz,-2.0073084831237793,-2.0073084831237793,4.9977006912231445,1
FakeVideo-RealAudio/Asian (East)/women/id09125/00098_id06066_wavtolip.npz,-1.5721476078033447,-1.5721476078033447,4.865786552429199,1
FakeVideo-RealAudio/Asian (East)/women/id09125/00098_id06225_AERbd8rJHDw.npz,-0.9914417266845703,-0.9914417266845703,4.999817848205566,1
FakeVideo-RealAudio/Asian (East)/women/id09125/00098_id06225_wavtolip.npz,-3.934520721435547,-3.934520721435547,4.952182769775391,1
FakeVideo-RealAudio/Asian (East)/women/id09125/00098_id06462_Nn79kE76MA4.npz,-0.6709024906158447,-0.6709024906158447,4.976022720336914,1
FakeVideo-RealAudio/Asian (East)/women/id09125/00098_id07739_TmuvLVNBm8o.npz,-1.236901044845581,-1.236901044845581,5.02723503112793,1
FakeVideo-RealAudio/Asian (East)/women/id09125/00098_id08397_wavtolip.npz,-0.30735671520233154,-0.30735671520233154,4.7592692375183105,1
FakeVideo-RealAudio/Asian (East)/women/id09125/00098_id09125_wavtolip.npz,-1.5624117851257324,-1.5624117851257324,5.01938533782959,1
FakeVideo-RealAudio/Asian (East)/women/id09125/00098_id09171_wavtolip.npz,-2.8458967208862305,-2.8458967208862305,4.978795051574707,1
FakeVideo-RealAudio/Asian (East)/women/id09125/00098_id09181_wavtolip.npz,-1.8692619800567627,-1.8692619800567627,5.010119438171387,1
FakeVideo-RealAudio/Asian (East)/women/id09125/00098_id09181_ypUYBHscgD8.npz,-1.5770703554153442,-1.5770703554153442,4.998879909515381,1
FakeVideo-RealAudio/Asian (East)/women/id05620/00005_id00137_L22Rc38U5BA.npz,-1.9269535541534424,-1.9269535541534424,4.818796157836914,1
FakeVideo-RealAudio/Asian (East)/women/id05620/00005_id00566_V3Hg_HMhuwQ.npz,-1.8366279602050781,-1.8366279602050781,4.804780960083008,1
FakeVideo-RealAudio/Asian (East)/women/id05620/00005_id00935_wavtolip.npz,-1.8001136779785156,-1.8001136779785156,4.735121726989746,1
FakeVideo-RealAudio/Asian (East)/women/id05620/00005_id02807_eFC0STvhou4.npz,-1.9175047874450684,-1.9175047874450684,4.882105827331543,1
FakeVideo-RealAudio/Asian (East)/women/id05620/00005_id02807_wavtolip.npz,-2.3212099075317383,-2.3212099075317383,4.8061747550964355,1
FakeVideo-RealAudio/Asian (East)/women/id05620/00005_id03211_wavtolip.npz,-1.5618630647659302,-1.5618630647659302,4.835783004760742,1
FakeVideo-RealAudio/Asian (East)/women/id05620/00005_id04701_7mnc8w6jRlM.npz,-1.9293856620788574,-1.9293856620788574,4.749690055847168,1
FakeVideo-RealAudio/Asian (East)/women/id05620/00005_id05844_wavtolip.npz,-2.185391426086426,-2.185391426086426,4.687323093414307,1
FakeVideo-RealAudio/Asian (East)/women/id05620/00005_id06060_wavtolip.npz,-1.6365605592727661,-1.6365605592727661,4.550671577453613,1
FakeVideo-RealAudio/Asian (East)/women/id05620/00005_id06061_TckvmWR97vo.npz,-2.274653673171997,-2.274653673171997,4.83017635345459,1
FakeVideo-RealAudio/Asian (East)/women/id05620/00005_id06061_TckvmWR97vo_faceswap.npz,-1.2931010723114014,-1.2931010723114014,4.872402667999268,1
FakeVideo-RealAudio/Asian (East)/women/id05620/00005_id06066_9e5vgpwmruA.npz,-1.8227596282958984,-1.8227596282958984,4.944831848144531,1
FakeVideo-RealAudio/Asian (East)/women/id05620/00005_id06388_wavtolip.npz,-2.3685903549194336,-2.3685903549194336,4.791943073272705,1
FakeVideo-RealAudio/Asian (East)/women/id05620/00005_id07383_G9gjJrz6L94.npz,-2.0818493366241455,-2.0818493366241455,4.872341632843018,1
FakeVideo-RealAudio/Asian (East)/women/id05620/00005_id07901_wavtolip.npz,-2.570707321166992,-2.570707321166992,4.53040885925293,1
FakeVideo-RealAudio/Asian (East)/women/id05620/00005_id08139_wavtolip.npz,-2.924321174621582,-2.924321174621582,4.761054039001465,1
FakeVideo-RealAudio/Asian (East)/women/id05620/00005_id09116_wavtolip.npz,-2.026627779006958,-2.026627779006958,4.630311489105225,1
FakeVideo-RealAudio/Asian (East)/women/id05620/00005_id09125_wavtolip.npz,-1.4398086071014404,-1.4398086071014404,4.8211669921875,1
FakeVideo-RealAudio/Asian (East)/women/id05576/00368_id00363_XNRwEZtddRk.npz,-2.3693675994873047,-2.3693675994873047,4.999266147613525,1
FakeVideo-RealAudio/Asian (East)/women/id05576/00368_id00582_9gvF6IohoUI.npz,-3.034465789794922,-3.034465789794922,5.013393402099609,1
FakeVideo-RealAudio/Asian (East)/women/id05576/00368_id01281_wavtolip.npz,-1.205029845237732,-1.205029845237732,5.088451862335205,1
FakeVideo-RealAudio/Asian (East)/women/id05576/00368_id02807_eFC0STvhou4.npz,-2.7253174781799316,-2.7253174781799316,4.9806671142578125,1
FakeVideo-RealAudio/Asian (East)/women/id05576/00368_id04057_wavtolip.npz,-1.582585334777832,-1.582585334777832,4.995345115661621,1
FakeVideo-RealAudio/Asian (East)/women/id05576/00368_id05620_wavtolip.npz,-2.2758262157440186,-2.2758262157440186,4.808649063110352,1
FakeVideo-RealAudio/Asian (East)/women/id05576/00368_id06066_9e5vgpwmruA.npz,-1.9436583518981934,-1.9436583518981934,5.032425403594971,1
FakeVideo-RealAudio/Asian (East)/women/id05576/00368_id06066_wavtolip.npz,-1.7901527881622314,-1.7901527881622314,4.893584728240967,1
FakeVideo-RealAudio/Asian (East)/women/id05576/00368_id06158_C6FpHdewEzA.npz,-2.7907609939575195,-2.7907609939575195,5.015743732452393,1
FakeVideo-RealAudio/Asian (East)/women/id05576/00368_id06158_wavtolip.npz,-2.504082202911377,-2.504082202911377,4.767248630523682,1
FakeVideo-RealAudio/Asian (East)/women/id05576/00368_id06427_wavtolip.npz,-1.9705018997192383,-1.9705018997192383,4.734252452850342,1
FakeVideo-RealAudio/Asian (East)/women/id05576/00368_id07739_wavtolip.npz,-1.2247068881988525,-1.2247068881988525,5.081707954406738,1
FakeVideo-RealAudio/Asian (East)/women/id05576/00368_id08397_zvY3EjwSL1Q.npz,-2.3383493423461914,-2.3383493423461914,5.031659126281738,1
FakeVideo-RealAudio/Asian (East)/women/id05576/00368_id08819_uDQ-DFVg5Sk.npz,-2.6320583820343018,-2.6320583820343018,5.0426249504089355,1
FakeVideo-RealAudio/Asian (East)/women/id05576/00368_id09116_wavtolip.npz,-2.3401284217834473,-2.3401284217834473,4.621095657348633,1
FakeVideo-RealAudio/Asian (East)/women/id05576/00368_id09174_wavtolip.npz,-1.6861933469772339,-1.6861933469772339,4.552387714385986,1
FakeVideo-RealAudio/Asian (East)/women/id05576/00368_id09175_YWe7UOnEyHU.npz,-3.223870038986206,-3.223870038986206,5.043355941772461,1
FakeVideo-RealAudio/Asian (East)/women/id05576/00368_id09181_wavtolip.npz,-1.8991217613220215,-1.8991217613220215,5.019714832305908,1
FakeVideo-RealAudio/Asian (East)/women/id06388/00005_id00137_wavtolip.npz,-2.9653162956237793,-2.9653162956237793,4.658507347106934,1
FakeVideo-RealAudio/Asian (East)/women/id06388/00005_id00763_wavtolip.npz,-3.2109169960021973,-3.2109169960021973,4.843146324157715,1
FakeVideo-RealAudio/Asian (East)/women/id06388/00005_id01281_ojEe5zGWESc.npz,-2.1120238304138184,-2.1120238304138184,4.7862067222595215,1
FakeVideo-RealAudio/Asian (East)/women/id06388/00005_id01281_ojEe5zGWESc_faceswap.npz,-2.4014313220977783,-2.4014313220977783,4.801928997039795,1
FakeVideo-RealAudio/Asian (East)/women/id06388/00005_id03211_HK4oe6Hi91E.npz,-1.6236211061477661,-1.6236211061477661,4.835875511169434,1
FakeVideo-RealAudio/Asian (East)/women/id06388/00005_id03211_wavtolip.npz,-2.3289361000061035,-2.3289361000061035,4.863638877868652,1
FakeVideo-RealAudio/Asian (East)/women/id06388/00005_id04057_wavtolip.npz,-1.9662004709243774,-1.9662004709243774,4.839422225952148,1
FakeVideo-RealAudio/Asian (East)/women/id06388/00005_id04701_wavtolip.npz,-2.7084147930145264,-2.7084147930145264,4.7986297607421875,1
FakeVideo-RealAudio/Asian (East)/women/id06388/00005_id05620_wavtolip.npz,-2.2054197788238525,-2.2054197788238525,4.865102291107178,1
FakeVideo-RealAudio/Asian (East)/women/id06388/00005_id06060_wavtolip.npz,-1.6239783763885498,-1.6239783763885498,4.581703186035156,1
FakeVideo-RealAudio/Asian (East)/women/id06388/00005_id06065_wavtolip.npz,-3.5739526748657227,-3.5739526748657227,4.804972171783447,1
FakeVideo-RealAudio/Asian (East)/women/id06388/00005_id06443_wavtolip.npz,-2.173210859298706,-2.173210859298706,4.7772345542907715,1
FakeVideo-RealAudio/Asian (East)/women/id06388/00005_id07383_G9gjJrz6L94.npz,-1.9930353164672852,-1.9930353164672852,4.8318376541137695,1
FakeVideo-RealAudio/Asian (East)/women/id06388/00005_id07799_wavtolip.npz,-2.030026435852051,-2.030026435852051,4.830253601074219,1
FakeVideo-RealAudio/Asian (East)/women/id06388/00005_id08402_nedfiSXfmQ0.npz,-1.6695330142974854,-1.6695330142974854,4.798864841461182,1
FakeVideo-RealAudio/Asian (East)/women/id06388/00005_id09171_B-JRLp6chC0.npz,-1.6956508159637451,-1.6956508159637451,4.8582940101623535,1
FakeVideo-RealAudio/Asian (East)/women/id06388/00005_id09175_YWe7UOnEyHU.npz,-2.085883617401123,-2.085883617401123,4.801783084869385,1
FakeVideo-RealAudio/Asian (East)/women/id06388/00005_id09181_ypUYBHscgD8.npz,-2.263636350631714,-2.263636350631714,4.804030895233154,1
FakeVideo-RealAudio/Asian (East)/women/id00582/00006_id00566_wavtolip.npz,-0.6227867603302002,-0.6227867603302002,4.495547771453857,1
FakeVideo-RealAudio/Asian (East)/women/id00582/00006_id00582_wavtolip.npz,-2.9241623878479004,-2.9241623878479004,5.28402853012085,1
FakeVideo-RealAudio/Asian (East)/women/id00582/00006_id02807_eFC0STvhou4.npz,-0.9343945980072021,-0.9343945980072021,5.383481025695801,1
FakeVideo-RealAudio/Asian (East)/women/id00582/00006_id03211_HK4oe6Hi91E.npz,-1.9914166927337646,-1.9914166927337646,5.341982841491699,1
FakeVideo-RealAudio/Asian (East)/women/id00582/00006_id03211_wavtolip.npz,-0.27108120918273926,-0.27108120918273926,4.918648719787598,1
FakeVideo-RealAudio/Asian (East)/women/id00582/00006_id03379_A32nCObAHiI.npz,-1.4154891967773438,-1.4154891967773438,5.337215423583984,1
FakeVideo-RealAudio/Asian (East)/women/id00582/00006_id03379_A32nCObAHiI_faceswap.npz,-3.626862049102783,-3.626862049102783,5.278743267059326,1
FakeVideo-RealAudio/Asian (East)/women/id00582/00006_id04144__FJg9YswRzQ.npz,-1.6578545570373535,-1.6578545570373535,5.338898181915283,1
FakeVideo-RealAudio/Asian (East)/women/id00582/00006_id06388_AtidJ-WlONc.npz,-1.8913252353668213,-1.8913252353668213,5.333843231201172,1
FakeVideo-RealAudio/Asian (East)/women/id00582/00006_id06462_wavtolip.npz,-1.984412431716919,-1.984412431716919,4.693644046783447,1
FakeVideo-RealAudio/Asian (East)/women/id00582/00006_id07739_wavtolip.npz,-1.7094066143035889,-1.7094066143035889,5.099076271057129,1
FakeVideo-RealAudio/Asian (East)/women/id00582/00006_id07901_wavtolip.npz,-1.3740413188934326,-1.3740413188934326,4.5122785568237305,1
FakeVideo-RealAudio/Asian (East)/women/id00582/00006_id08397_wavtolip.npz,-0.3211963176727295,-0.3211963176727295,4.77372407913208,1
FakeVideo-RealAudio/Asian (East)/women/id00582/00006_id08402_wavtolip.npz,-2.023311138153076,-2.023311138153076,5.033933639526367,1
FakeVideo-RealAudio/Asian (East)/women/id00582/00006_id08819_wavtolip.npz,-3.169300079345703,-3.169300079345703,5.3936262130737305,1
FakeVideo-RealAudio/Asian (East)/women/id00582/00006_id09171_wavtolip.npz,-2.8706717491149902,-2.8706717491149902,4.9693827629089355,1
FakeVideo-RealAudio/Asian (East)/women/id00582/00006_id09174_Qspzu6tyArc.npz,-1.8523871898651123,-1.8523871898651123,5.325786590576172,1
FakeVideo-RealAudio/Asian (East)/women/id00582/00006_id09181_ypUYBHscgD8.npz,-1.7688097953796387,-1.7688097953796387,5.355782508850098,1
FakeVideo-RealAudio/Asian (East)/women/id00363/00014_id00566_wavtolip.npz,-1.9816670417785645,-1.9816670417785645,4.523316860198975,1
FakeVideo-RealAudio/Asian (East)/women/id00363/00014_id00763_lI1GEn3Ima0.npz,-1.5310320854187012,-1.5310320854187012,4.549980163574219,1
FakeVideo-RealAudio/Asian (East)/women/id00363/00014_id00935_wavtolip.npz,-1.4655406475067139,-1.4655406475067139,4.457849502563477,1
FakeVideo-RealAudio/Asian (East)/women/id00363/00014_id03379_A32nCObAHiI.npz,-1.592044472694397,-1.592044472694397,4.519355297088623,1
FakeVideo-RealAudio/Asian (East)/women/id00363/00014_id03940_wavtolip.npz,-1.8853528499603271,-1.8853528499603271,4.492772102355957,1
FakeVideo-RealAudio/Asian (East)/women/id00363/00014_id04144__FJg9YswRzQ.npz,-1.6043205261230469,-1.6043205261230469,4.513474941253662,1
FakeVideo-RealAudio/Asian (East)/women/id00363/00014_id04701_7mnc8w6jRlM.npz,-1.4312098026275635,-1.4312098026275635,4.5052595138549805,1
FakeVideo-RealAudio/Asian (East)/women/id00363/00014_id04701_wavtolip.npz,-1.8877253532409668,-1.8877253532409668,4.521941184997559,1
FakeVideo-RealAudio/Asian (East)/women/id00363/00014_id05576_g3SKd3BsV9I.npz,-1.4730560779571533,-1.4730560779571533,4.509028434753418,1
FakeVideo-RealAudio/Asian (East)/women/id00363/00014_id05620_wavtolip.npz,-2.20332407951355,-2.20332407951355,4.469394683837891,1
FakeVideo-RealAudio/Asian (East)/women/id00363/00014_id05844_wavtolip.npz,-1.9280638694763184,-1.9280638694763184,4.4379963874816895,1
FakeVideo-RealAudio/Asian (East)/women/id00363/00014_id06060_wavtolip.npz,-1.3730781078338623,-1.3730781078338623,4.57236909866333,1
FakeVideo-RealAudio/Asian (East)/women/id00363/00014_id06066_9e5vgpwmruA.npz,-1.4561350345611572,-1.4561350345611572,4.511034965515137,1
FakeVideo-RealAudio/Asian (East)/women/id00363/00014_id06066_wavtolip.npz,-2.287489414215088,-2.287489414215088,4.423257827758789,1
FakeVideo-RealAudio/Asian (East)/women/id00363/00014_id06427_wavtolip.npz,-1.4976935386657715,-1.4976935386657715,4.456244945526123,1
FakeVideo-RealAudio/Asian (East)/women/id00363/00014_id08139_wavtolip.npz,-2.2397232055664062,-2.2397232055664062,4.465579509735107,1
FakeVideo-RealAudio/Asian (East)/women/id00363/00014_id09175_YWe7UOnEyHU.npz,-1.5696606636047363,-1.5696606636047363,4.556743621826172,1
FakeVideo-RealAudio/Asian (East)/women/id06158/00015_id00137_wavtolip.npz,-2.3562560081481934,-2.3562560081481934,4.650880336761475,1
FakeVideo-RealAudio/Asian (East)/women/id06158/00015_id01281_ojEe5zGWESc.npz,-1.1303410530090332,-1.1303410530090332,4.743143558502197,1
FakeVideo-RealAudio/Asian (East)/women/id06158/00015_id02807_eFC0STvhou4.npz,-2.031484603881836,-2.031484603881836,4.75862979888916,1
FakeVideo-RealAudio/Asian (East)/women/id06158/00015_id03940_axeR0CLu96U.npz,-1.9078140258789062,-1.9078140258789062,4.755174160003662,1
FakeVideo-RealAudio/Asian (East)/women/id06158/00015_id03940_axeR0CLu96U_faceswap.npz,-2.5523581504821777,-2.5523581504821777,4.791206359863281,1
FakeVideo-RealAudio/Asian (East)/women/id06158/00015_id03940_wavtolip.npz,-3.5073204040527344,-3.5073204040527344,4.769622325897217,1
FakeVideo-RealAudio/Asian (East)/women/id06158/00015_id04057_wavtolip.npz,-1.58450186252594,-1.58450186252594,4.78611421585083,1
FakeVideo-RealAudio/Asian (East)/women/id06158/00015_id04701_7mnc8w6jRlM.npz,-1.79420804977417,-1.79420804977417,4.749176502227783,1
FakeVideo-RealAudio/Asian (East)/women/id06158/00015_id05844_bkmHULxZv40.npz,-1.692662000656128,-1.692662000656128,4.727789878845215,1
FakeVideo-RealAudio/Asian (East)/women/id06158/00015_id06066_wavtolip.npz,-1.6837379932403564,-1.6837379932403564,4.7071533203125,1
FakeVideo-RealAudio/Asian (East)/women/id06158/00015_id06443_wavtolip.npz,-3.1980199813842773,-3.1980199813842773,4.729331970214844,1
FakeVideo-RealAudio/Asian (East)/women/id06158/00015_id06462_wavtolip.npz,-2.3287956714630127,-2.3287956714630127,4.755537509918213,1
FakeVideo-RealAudio/Asian (East)/women/id06158/00015_id07383_wavtolip.npz,-3.3339719772338867,-3.3339719772338867,4.745936393737793,1
FakeVideo-RealAudio/Asian (East)/women/id06158/00015_id08397_zvY3EjwSL1Q.npz,-1.8668920993804932,-1.8668920993804932,4.743321895599365,1
FakeVideo-RealAudio/Asian (East)/women/id06158/00015_id09116_wavtolip.npz,-3.1271300315856934,-3.1271300315856934,4.651190757751465,1
FakeVideo-RealAudio/Asian (East)/women/id06158/00015_id09125_wavtolip.npz,-0.5058068037033081,-0.5058068037033081,4.7715020179748535,1
FakeVideo-RealAudio/Asian (East)/women/id06158/00015_id09174_wavtolip.npz,-1.6513220071792603,-1.6513220071792603,4.520575523376465,1
FakeVideo-RealAudio/Asian (East)/women/id03211/00032_id00582_9gvF6IohoUI.npz,-0.76186203956604,-0.76186203956604,4.947134971618652,1
FakeVideo-RealAudio/Asian (East)/women/id03211/00032_id00582_9gvF6IohoUI_faceswap.npz,-0.9981980323791504,-0.9981980323791504,4.898809909820557,1
FakeVideo-RealAudio/Asian (East)/women/id03211/00032_id00935_wavtolip.npz,-1.0645837783813477,-1.0645837783813477,4.8644585609436035,1
FakeVideo-RealAudio/Asian (East)/women/id03211/00032_id02587_KzwJPH5_8j0.npz,-0.2650146484375,-0.2650146484375,4.948240280151367,1
FakeVideo-RealAudio/Asian (East)/women/id03211/00032_id02587_wavtolip.npz,-0.6935265064239502,-0.6935265064239502,4.734351634979248,1
FakeVideo-RealAudio/Asian (East)/women/id03211/00032_id03940_axeR0CLu96U.npz,-0.5271722078323364,-0.5271722078323364,4.935201168060303,1
FakeVideo-RealAudio/Asian (East)/women/id03211/00032_id04057_wavtolip.npz,-2.6650638580322266,-2.6650638580322266,4.952962398529053,1
FakeVideo-RealAudio/Asian (East)/women/id03211/00032_id04066_DkqznbB2WxQ.npz,-0.5719900131225586,-0.5719900131225586,4.903141498565674,1
FakeVideo-RealAudio/Asian (East)/women/id03211/00032_id04066_wavtolip.npz,-1.9843175411224365,-1.9843175411224365,4.953863143920898,1
FakeVideo-RealAudio/Asian (East)/women/id03211/00032_id04414_0sJN-9GIO-M.npz,-0.7708648443222046,-0.7708648443222046,4.949481010437012,1
FakeVideo-RealAudio/Asian (East)/women/id03211/00032_id04701_wavtolip.npz,-1.8115570545196533,-1.8115570545196533,4.809024333953857,1
FakeVideo-RealAudio/Asian (East)/women/id03211/00032_id06066_wavtolip.npz,-1.6324957609176636,-1.6324957609176636,4.872287273406982,1
FakeVideo-RealAudio/Asian (East)/women/id03211/00032_id06158_C6FpHdewEzA.npz,-0.6961772441864014,-0.6961772441864014,4.948034763336182,1
FakeVideo-RealAudio/Asian (East)/women/id03211/00032_id06225_AERbd8rJHDw.npz,-0.9769011735916138,-0.9769011735916138,4.962460517883301,1
FakeVideo-RealAudio/Asian (East)/women/id03211/00032_id06225_wavtolip.npz,-2.888247489929199,-2.888247489929199,4.893383502960205,1
FakeVideo-RealAudio/Asian (East)/women/id03211/00032_id06427_dBBAKe2EA_o.npz,-0.7738921642303467,-0.7738921642303467,4.9486870765686035,1
FakeVideo-RealAudio/Asian (East)/women/id03211/00032_id09116_wavtolip.npz,-2.2928342819213867,-2.2928342819213867,4.609560012817383,1
FakeVideo-RealAudio/Asian (East)/women/id03211/00032_id09125_wavtolip.npz,-1.7920103073120117,-1.7920103073120117,4.975258827209473,1
FakeVideo-RealAudio/Asian (East)/women/id03211/00032_id09171_wavtolip.npz,-1.4666481018066406,-1.4666481018066406,4.9542999267578125,1
FakeVideo-RealAudio/Caucasian (European)/men/id01052/00072_0.npz,-2.436483144760132,-2.436483144760132,5.045446395874023,1
FakeVideo-RealAudio/Caucasian (European)/men/id01052/00076_0.npz,-2.782238721847534,-2.782238721847534,4.887954235076904,1
FakeVideo-RealAudio/Caucasian (European)/men/id01052/00076_id00171_PWU6n0qrv4c.npz,-2.443725347518921,-2.443725347518921,5.165981292724609,1
FakeVideo-RealAudio/Caucasian (European)/men/id01052/00076_id00186_wavtolip.npz,-2.960498332977295,-2.960498332977295,5.150083541870117,1
FakeVideo-RealAudio/Caucasian (European)/men/id01052/00076_id00241_DlI4wqSFwbI.npz,-3.8595755100250244,-3.8595755100250244,5.1356377601623535,1
FakeVideo-RealAudio/Caucasian (European)/men/id01052/00076_id00266_wavtolip.npz,-1.9587643146514893,-1.9587643146514893,5.146873950958252,1
FakeVideo-RealAudio/Caucasian (European)/men/id01052/00076_id00305_LdcY3ILdQrE.npz,-2.2438323497772217,-2.2438323497772217,5.157142639160156,1
FakeVideo-RealAudio/Caucasian (European)/men/id01052/00076_id00305_wavtolip.npz,-3.348815441131592,-3.348815441131592,5.215240001678467,1
FakeVideo-RealAudio/Caucasian (European)/men/id01052/00076_id00306_CDX55F3nWNc.npz,-3.743940830230713,-3.743940830230713,5.142497539520264,1
FakeVideo-RealAudio/Caucasian (European)/men/id01052/00076_id00358_wavtolip.npz,-2.5343680381774902,-2.5343680381774902,5.2035956382751465,1
FakeVideo-RealAudio/Caucasian (European)/men/id01052/00076_id00519_wavtolip.npz,-3.104079246520996,-3.104079246520996,4.538914203643799,1
FakeVideo-RealAudio/Caucasian (European)/men/id01052/00076_id00548_DXbYU3qhN7U.npz,-3.5820038318634033,-3.5820038318634033,5.184101104736328,1
FakeVideo-RealAudio/Caucasian (European)/men/id01052/00076_id00594_wavtolip.npz,-1.6283643245697021,-1.6283643245697021,5.148536682128906,1
FakeVideo-RealAudio/Caucasian (European)/men/id01052/00076_id00709_Rh23ELMGsIQ.npz,-2.406466007232666,-2.406466007232666,5.168970108032227,1
FakeVideo-RealAudio/Caucasian (European)/men/id01052/00076_id00709_Rh23ELMGsIQ_faceswap.npz,-2.5800867080688477,-2.5800867080688477,5.0901713371276855,1
FakeVideo-RealAudio/Caucasian (European)/men/id01052/00076_id00709_wavtolip.npz,-2.9455618858337402,-2.9455618858337402,5.234448432922363,1
FakeVideo-RealAudio/Caucasian (European)/men/id01052/00076_id00981_wavtolip.npz,-2.3301949501037598,-2.3301949501037598,4.9056010246276855,1
FakeVideo-RealAudio/Caucasian (European)/men/id01052/00076_id00990_G-qzOIgxEoE.npz,-2.7702856063842773,-2.7702856063842773,5.15808629989624,1
FakeVideo-RealAudio/Caucasian (European)/men/id01052/00076_id00999_wavtolip.npz,-2.5074687004089355,-2.5074687004089355,5.129526138305664,1
FakeVideo-RealAudio/Caucasian (European)/men/id01052/00076_id01051_jPxk6s6FM6Y.npz,-3.992511510848999,-3.992511510848999,5.155265808105469,1
FakeVideo-RealAudio/Caucasian (European)/men/id01052/00076_id01098_BwmSumx6P1U.npz,-3.7389426231384277,-3.7389426231384277,5.126442909240723,1
FakeVideo-RealAudio/Caucasian (European)/men/id01052/00076_id01102_aGFUkdgmo3A.npz,-3.2589614391326904,-3.2589614391326904,5.148649215698242,1
FakeVideo-RealAudio/Caucasian (European)/men/id01052/00076_id02567_wavtolip.npz,-3.7032108306884766,-3.7032108306884766,4.739861011505127,1
FakeVideo-RealAudio/Caucasian (European)/men/id01052/00239_0.npz,-2.7982118129730225,-2.7982118129730225,4.597428798675537,1
FakeVideo-RealAudio/Caucasian (European)/men/id00709/00206_0.npz,-1.0076675415039062,-1.0076675415039062,5.077845573425293,1
FakeVideo-RealAudio/Caucasian (European)/men/id00709/00206_1.npz,-4.022248268127441,-4.022248268127441,5.544136047363281,1
FakeVideo-RealAudio/Caucasian (European)/men/id00709/00206_id00063_cVZBXC2rjPM.npz,-2.89750075340271,-2.89750075340271,5.273474216461182,1
FakeVideo-RealAudio/Caucasian (European)/men/id00709/00206_id00063_wavtolip.npz,-3.236036777496338,-3.236036777496338,4.6968183517456055,1
FakeVideo-RealAudio/Caucasian (European)/men/id00709/00206_id00225_MHSgwpfHAXw.npz,-3.110041618347168,-3.110041618347168,5.289444923400879,1
FakeVideo-RealAudio/Caucasian (European)/men/id00709/00206_id00292_wavtolip.npz,-3.1915628910064697,-3.1915628910064697,4.5760979652404785,1
FakeVideo-RealAudio/Caucasian (European)/men/id00709/00206_id00306_wavtolip.npz,-2.303867816925049,-2.303867816925049,5.146448135375977,1
FakeVideo-RealAudio/Caucasian (European)/men/id00709/00206_id00358_vsVwGKy79kM.npz,-3.3095178604125977,-3.3095178604125977,5.288196563720703,1
FakeVideo-RealAudio/Caucasian (European)/men/id00709/00206_id00519_wavtolip.npz,-3.0836124420166016,-3.0836124420166016,4.473634719848633,1
FakeVideo-RealAudio/Caucasian (European)/men/id00709/00206_id00535_BhvTIJ-YG5s.npz,-2.04850697517395,-2.04850697517395,5.291138172149658,1
FakeVideo-RealAudio/Caucasian (European)/men/id00709/00206_id00535_wavtolip.npz,-2.2648046016693115,-2.2648046016693115,4.554859161376953,1
FakeVideo-RealAudio/Caucasian (European)/men/id00709/00206_id00548_DXbYU3qhN7U.npz,-2.6786088943481445,-2.6786088943481445,5.257445335388184,1
FakeVideo-RealAudio/Caucasian (European)/men/id00709/00206_id00919_XDUn0Pskyrk.npz,-2.2639739513397217,-2.2639739513397217,5.2512526512146,1
FakeVideo-RealAudio/Caucasian (European)/men/id00709/00206_id00946_wavtolip.npz,-3.2915737628936768,-3.2915737628936768,4.54005765914917,1
FakeVideo-RealAudio/Caucasian (European)/men/id00709/00206_id00981_wavtolip.npz,-2.80475115776062,-2.80475115776062,4.934435844421387,1
FakeVideo-RealAudio/Caucasian (European)/men/id00709/00206_id00999_SjnM4XFBz0M.npz,-2.8713831901550293,-2.8713831901550293,5.298489093780518,1
FakeVideo-RealAudio/Caucasian (European)/men/id00709/00206_id01052_Kf4nlIEHfaU.npz,-3.339583396911621,-3.339583396911621,5.229036808013916,1
FakeVideo-RealAudio/Caucasian (European)/men/id00709/00206_id01052_wavtolip.npz,-3.1618194580078125,-3.1618194580078125,5.125154972076416,1
FakeVideo-RealAudio/Caucasian (European)/men/id00709/00206_id01058_wavtolip.npz,-2.999971866607666,-2.999971866607666,5.261871337890625,1
FakeVideo-RealAudio/Caucasian (European)/men/id00709/00206_id01126_wavtolip.npz,-2.4496073722839355,-2.4496073722839355,5.277581691741943,1
FakeVideo-RealAudio/Caucasian (European)/men/id00709/00206_id02567_4Ao5jgpSXdw.npz,-3.598846435546875,-3.598846435546875,5.3108062744140625,1
FakeVideo-RealAudio/Caucasian (European)/men/id00709/00206_id03205_gXytNIcANKw.npz,-2.5558247566223145,-2.5558247566223145,5.339321136474609,1
FakeVideo-RealAudio/Caucasian (European)/men/id00306/00015_id00055_wavtolip.npz,-2.8344125747680664,-2.8344125747680664,4.679827690124512,1
FakeVideo-RealAudio/Caucasian (European)/men/id00306/00015_id00186_wavtolip.npz,-3.5765373706817627,-3.5765373706817627,5.060596466064453,1
FakeVideo-RealAudio/Caucasian (European)/men/id00306/00015_id00241_DlI4wqSFwbI.npz,-2.7564568519592285,-2.7564568519592285,5.289684295654297,1
FakeVideo-RealAudio/Caucasian (European)/men/id00306/00015_id00282_wavtolip.npz,-1.8976610898971558,-1.8976610898971558,4.990368366241455,1
FakeVideo-RealAudio/Caucasian (European)/men/id00306/00015_id00292_qELK8N_DykA.npz,-3.4540700912475586,-3.4540700912475586,5.266479969024658,1
FakeVideo-RealAudio/Caucasian (European)/men/id00306/00015_id00415_saYfEadFy_s.npz,-2.55031156539917,-2.55031156539917,5.28358793258667,1
FakeVideo-RealAudio/Caucasian (European)/men/id00306/00015_id00535_wavtolip.npz,-2.481855869293213,-2.481855869293213,4.556011199951172,1
FakeVideo-RealAudio/Caucasian (European)/men/id00306/00015_id00554_wavtolip.npz,-2.9392378330230713,-2.9392378330230713,4.518131732940674,1
FakeVideo-RealAudio/Caucasian (European)/men/id00306/00015_id00990_wavtolip.npz,-1.5739696025848389,-1.5739696025848389,4.770229339599609,1
FakeVideo-RealAudio/Caucasian (European)/men/id00306/00015_id01052_Kf4nlIEHfaU.npz,-3.689812660217285,-3.689812660217285,5.208034038543701,1
FakeVideo-RealAudio/Caucasian (European)/men/id00306/00015_id01052_wavtolip.npz,-3.6064159870147705,-3.6064159870147705,5.1362433433532715,1
FakeVideo-RealAudio/Caucasian (European)/men/id00306/00015_id01058_2DKbOjf3Wyo.npz,-2.756396770477295,-2.756396770477295,5.242109775543213,1
FakeVideo-RealAudio/Caucasian (European)/men/id00306/00015_id01058_2DKbOjf3Wyo_faceswap.npz,-3.4750332832336426,-3.4750332832336426,5.169267654418945,1
FakeVideo-RealAudio/Caucasian (European)/men/id00306/00015_id01058_wavtolip.npz,-3.6043319702148438,-3.6043319702148438,5.229071140289307,1
FakeVideo-RealAudio/Caucasian (European)/men/id00306/00015_id01099_wavtolip.npz,-2.307762861251831,-2.307762861251831,4.908601760864258,1
FakeVideo-RealAudio/Caucasian (European)/men/id00306/00015_id01126_wavtolip.npz,-3.4841628074645996,-3.4841628074645996,5.214776039123535,1
FakeVideo-RealAudio/Caucasian (European)/men/id00306/00015_id01154_tvmOcaG4A4w.npz,-3.900611162185669,-3.900611162185669,5.240572452545166,1
FakeVideo-RealAudio/Caucasian (European)/men/id00306/00015_id01156_RT99eogJo4k.npz,-2.8047542572021484,-2.8047542572021484,5.225521564483643,1
FakeVideo-RealAudio/Caucasian (European)/men/id00292/00072_id00055_XzCF6sJ8Axc.npz,-2.4884469509124756,-2.4884469509124756,4.596360206604004,1
FakeVideo-RealAudio/Caucasian (European)/men/id00292/00072_id00185_wavtolip.npz,-1.647456407546997,-1.647456407546997,4.667490482330322,1
FakeVideo-RealAudio/Caucasian (European)/men/id00292/00072_id00186_wavtolip.npz,-2.2091827392578125,-2.2091827392578125,4.643857479095459,1
FakeVideo-RealAudio/Caucasian (European)/men/id00292/00072_id00192_By3wxX0dyDw.npz,-2.324629545211792,-2.324629545211792,4.595190048217773,1
FakeVideo-RealAudio/Caucasian (European)/men/id00292/00072_id00192_By3wxX0dyDw_faceswap.npz,-3.0654025077819824,-3.0654025077819824,4.554385185241699,1
FakeVideo-RealAudio/Caucasian (European)/men/id00292/00072_id00282_iTsqWj6GEbo.npz,-2.1185574531555176,-2.1185574531555176,4.596742153167725,1
FakeVideo-RealAudio/Caucasian (European)/men/id00292/00072_id00282_wavtolip.npz,-1.8699455261230469,-1.8699455261230469,4.646191596984863,1
FakeVideo-RealAudio/Caucasian (European)/men/id00292/00072_id00292_wavtolip.npz,-2.884615659713745,-2.884615659713745,4.613387584686279,1
FakeVideo-RealAudio/Caucasian (European)/men/id00292/00072_id00306_CDX55F3nWNc.npz,-3.625944137573242,-3.625944137573242,4.602407455444336,1
FakeVideo-RealAudio/Caucasian (European)/men/id00292/00072_id00368_KohcGDsg29U.npz,-2.9667234420776367,-2.9667234420776367,4.579448699951172,1
FakeVideo-RealAudio/Caucasian (European)/men/id00292/00072_id00520_wavtolip.npz,-1.5766401290893555,-1.5766401290893555,4.663023948669434,1
FakeVideo-RealAudio/Caucasian (European)/men/id00292/00072_id00963_1s6PjtI643E.npz,-2.465864658355713,-2.465864658355713,4.618856906890869,1
FakeVideo-RealAudio/Caucasian (European)/men/id00292/00072_id00981_OmNALjENDkI.npz,-2.30088210105896,-2.30088210105896,4.616267204284668,1
FakeVideo-RealAudio/Caucasian (European)/men/id00292/00072_id00981_wavtolip.npz,-2.2718677520751953,-2.2718677520751953,4.662268161773682,1
FakeVideo-RealAudio/Caucasian (European)/men/id00292/00072_id01098_wavtolip.npz,-0.8132343888282776,-0.8132343888282776,4.55984354019165,1
FakeVideo-RealAudio/Caucasian (European)/men/id00292/00072_id01099_ZpgbIKxzkrg.npz,-2.8556418418884277,-2.8556418418884277,4.603358268737793,1
FakeVideo-RealAudio/Caucasian (European)/men/id00292/00072_id01099_wavtolip.npz,-2.947908878326416,-2.947908878326416,4.636614799499512,1
FakeVideo-RealAudio/Caucasian (European)/men/id00292/00072_id01156_RT99eogJo4k.npz,-2.527017593383789,-2.527017593383789,4.581820487976074,1
FakeVideo-RealAudio/Caucasian (European)/men/id00292/00072_id01156_wavtolip.npz,-2.3720927238464355,-2.3720927238464355,4.608539581298828,1
FakeVideo-RealAudio/Caucasian (European)/men/id00292/00072_id01157_wavtolip.npz,-2.4082748889923096,-2.4082748889923096,4.643299102783203,1
FakeVideo-RealAudio/Caucasian (European)/men/id00292/00072_id01157_yDgqfOWVKko.npz,-2.858802318572998,-2.858802318572998,4.62336540222168,1
FakeVideo-RealAudio/Caucasian (European)/men/id00919/00063_id00063_cVZBXC2rjPM.npz,-1.4780100584030151,-1.4780100584030151,4.458617687225342,1
FakeVideo-RealAudio/Caucasian (European)/men/id00919/00063_id00063_wavtolip.npz,-3.451643466949463,-3.451643466949463,4.574281215667725,1
FakeVideo-RealAudio/Caucasian (European)/men/id00919/00063_id00183_wavtolip.npz,-2.972806930541992,-2.972806930541992,4.482283115386963,1
FakeVideo-RealAudio/Caucasian (European)/men/id00919/00063_id00187_wavtolip.npz,-1.8199501037597656,-1.8199501037597656,4.418281555175781,1
FakeVideo-RealAudio/Caucasian (European)/men/id00919/00063_id00358_vsVwGKy79kM.npz,-1.4753270149230957,-1.4753270149230957,4.483002662658691,1
FakeVideo-RealAudio/Caucasian (European)/men/id00919/00063_id00368_wavtolip.npz,-2.150827169418335,-2.150827169418335,4.539033889770508,1
FakeVideo-RealAudio/Caucasian (European)/men/id00919/00063_id00535_BhvTIJ-YG5s.npz,-1.4097263813018799,-1.4097263813018799,4.474928855895996,1
FakeVideo-RealAudio/Caucasian (European)/men/id00919/00063_id00554_wavtolip.npz,-2.6496145725250244,-2.6496145725250244,4.553547382354736,1
FakeVideo-RealAudio/Caucasian (European)/men/id00919/00063_id00559_Y7ovoKuvL78.npz,-1.3915221691131592,-1.3915221691131592,4.473727703094482,1
FakeVideo-RealAudio/Caucasian (European)/men/id00919/00063_id00559_wavtolip.npz,-2.645872116088867,-2.645872116088867,4.608731269836426,1
FakeVideo-RealAudio/Caucasian (European)/men/id00919/00063_id00709_Rh23ELMGsIQ.npz,-1.5299421548843384,-1.5299421548843384,4.469505310058594,1
FakeVideo-RealAudio/Caucasian (European)/men/id00919/00063_id00919_wavtolip.npz,-1.689092755317688,-1.689092755317688,4.488621234893799,1
FakeVideo-RealAudio/Caucasian (European)/men/id00919/00063_id01052_wavtolip.npz,-2.6830763816833496,-2.6830763816833496,4.4954400062561035,1
FakeVideo-RealAudio/Caucasian (European)/men/id00919/00063_id01098_wavtolip.npz,-0.9250820875167847,-0.9250820875167847,4.568933963775635,1
FakeVideo-RealAudio/Caucasian (European)/men/id00919/00063_id01099_ZpgbIKxzkrg.npz,-1.413149356842041,-1.413149356842041,4.452923774719238,1
FakeVideo-RealAudio/Caucasian (European)/men/id00919/00063_id01102_wavtolip.npz,-3.260481834411621,-3.260481834411621,4.4995951652526855,1
FakeVideo-RealAudio/Caucasian (European)/men/id00919/00063_id01156_RT99eogJo4k.npz,-1.3188763856887817,-1.3188763856887817,4.48890495300293,1
FakeVideo-RealAudio/Caucasian (European)/men/id00919/00063_id01157_yDgqfOWVKko.npz,-0.7790905237197876,-0.7790905237197876,4.506444931030273,1
FakeVideo-RealAudio/Caucasian (European)/men/id00919/00063_id02567_4Ao5jgpSXdw.npz,-1.4920105934143066,-1.4920105934143066,4.480502128601074,1
FakeVideo-RealAudio/Caucasian (European)/men/id00919/00063_id03205_gXytNIcANKw.npz,-1.3602938652038574,-1.3602938652038574,4.444457054138184,1
FakeVideo-RealAudio/Caucasian (European)/men/id01099/00206_id00055_XzCF6sJ8Axc.npz,-2.318922519683838,-2.318922519683838,4.899684429168701,1
FakeVideo-RealAudio/Caucasian (European)/men/id01099/00206_id00063_cVZBXC2rjPM.npz,-2.5267491340637207,-2.5267491340637207,4.923834800720215,1
FakeVideo-RealAudio/Caucasian (European)/men/id01099/00206_id00063_wavtolip.npz,-2.6515393257141113,-2.6515393257141113,4.698715686798096,1
FakeVideo-RealAudio/Caucasian (European)/men/id01099/00206_id00192_wavtolip.npz,-2.266927480697632,-2.266927480697632,4.8706583976745605,1
FakeVideo-RealAudio/Caucasian (European)/men/id01099/00206_id00225_wavtolip.npz,-2.9444024562835693,-2.9444024562835693,4.890379428863525,1
FakeVideo-RealAudio/Caucasian (European)/men/id01099/00206_id00253_cyTfcQDjvU0.npz,-2.480232000350952,-2.480232000350952,4.899420738220215,1
FakeVideo-RealAudio/Caucasian (European)/men/id01099/00206_id00292_qELK8N_DykA.npz,-2.248587131500244,-2.248587131500244,4.905398845672607,1
FakeVideo-RealAudio/Caucasian (European)/men/id01099/00206_id00305_wavtolip.npz,-2.4809794425964355,-2.4809794425964355,4.898481845855713,1
FakeVideo-RealAudio/Caucasian (European)/men/id01099/00206_id00368_wavtolip.npz,-3.0937955379486084,-3.0937955379486084,4.959739685058594,1
FakeVideo-RealAudio/Caucasian (European)/men/id01099/00206_id00535_BhvTIJ-YG5s.npz,-2.007777690887451,-2.007777690887451,4.920533180236816,1
FakeVideo-RealAudio/Caucasian (European)/men/id01099/00206_id00554_crjq1dFN1Ko.npz,-2.4210262298583984,-2.4210262298583984,4.916558265686035,1
FakeVideo-RealAudio/Caucasian (European)/men/id01099/00206_id00554_wavtolip.npz,-1.6006901264190674,-1.6006901264190674,4.516286373138428,1
FakeVideo-RealAudio/Caucasian (European)/men/id01099/00206_id00559_Y7ovoKuvL78.npz,-2.2972803115844727,-2.2972803115844727,4.881818771362305,1
FakeVideo-RealAudio/Caucasian (European)/men/id01099/00206_id00559_wavtolip.npz,-2.562434673309326,-2.562434673309326,4.916962146759033,1
FakeVideo-RealAudio/Caucasian (European)/men/id01099/00206_id00919_XDUn0Pskyrk.npz,-2.6092541217803955,-2.6092541217803955,4.886622428894043,1
FakeVideo-RealAudio/Caucasian (European)/men/id01099/00206_id00919_XDUn0Pskyrk_faceswap.npz,-2.881707191467285,-2.881707191467285,4.890076160430908,1
FakeVideo-RealAudio/Caucasian (European)/men/id01099/00206_id00990_wavtolip.npz,-1.1353628635406494,-1.1353628635406494,4.798601150512695,1
FakeVideo-RealAudio/Caucasian (European)/men/id01099/00206_id01098_wavtolip.npz,-0.8703415989875793,-0.8703415989875793,4.616999626159668,1
FakeVideo-RealAudio/Caucasian (European)/men/id01099/00206_id01157_wavtolip.npz,-2.215986728668213,-2.215986728668213,4.781467437744141,1
FakeVideo-RealAudio/Caucasian (European)/men/id01099/00206_id01157_yDgqfOWVKko.npz,-2.56868314743042,-2.56868314743042,4.881603717803955,1
FakeVideo-RealAudio/Caucasian (European)/men/id00358/00217_id00063_cVZBXC2rjPM.npz,-2.2108888626098633,-2.2108888626098633,5.778020858764648,1
FakeVideo-RealAudio/Caucasian (European)/men/id00358/00217_id00063_cVZBXC2rjPM_faceswap.npz,-2.970125198364258,-2.970125198364258,5.752692222595215,1
FakeVideo-RealAudio/Caucasian (European)/men/id00358/00217_id00063_wavtolip.npz,-2.684540271759033,-2.684540271759033,4.782018661499023,1
FakeVideo-RealAudio/Caucasian (European)/men/id00358/00217_id00183_wavtolip.npz,-3.371443271636963,-3.371443271636963,4.726184844970703,1
FakeVideo-RealAudio/Caucasian (European)/men/id00358/00217_id00185_wavtolip.npz,-1.4971270561218262,-1.4971270561218262,4.927288055419922,1
FakeVideo-RealAudio/Caucasian (European)/men/id00358/00217_id00186_KTjDxHTlzg0.npz,-2.892698287963867,-2.892698287963867,5.786760330200195,1
FakeVideo-RealAudio/Caucasian (European)/men/id00358/00217_id00225_MHSgwpfHAXw.npz,-2.5493452548980713,-2.5493452548980713,5.7936224937438965,1
FakeVideo-RealAudio/Caucasian (European)/men/id00358/00217_id00282_wavtolip.npz,-1.7060235738754272,-1.7060235738754272,4.974003791809082,1
FakeVideo-RealAudio/Caucasian (European)/men/id00358/00217_id00520_wavtolip.npz,-1.686307668685913,-1.686307668685913,5.1073760986328125,1
FakeVideo-RealAudio/Caucasian (European)/men/id00358/00217_id00535_BhvTIJ-YG5s.npz,-3.322977304458618,-3.322977304458618,5.758607864379883,1
FakeVideo-RealAudio/Caucasian (European)/men/id00358/00217_id00548_wavtolip.npz,-3.406043529510498,-3.406043529510498,4.9048285484313965,1
FakeVideo-RealAudio/Caucasian (European)/men/id00358/00217_id00709_Rh23ELMGsIQ.npz,-3.1374542713165283,-3.1374542713165283,5.7689971923828125,1
FakeVideo-RealAudio/Caucasian (European)/men/id00358/00217_id00709_wavtolip.npz,-2.814136505126953,-2.814136505126953,5.290820121765137,1
FakeVideo-RealAudio/Caucasian (European)/men/id00358/00217_id00981_OmNALjENDkI.npz,-2.790203094482422,-2.790203094482422,5.749575138092041,1
FakeVideo-RealAudio/Caucasian (European)/men/id00358/00217_id01051_jPxk6s6FM6Y.npz,-2.9980788230895996,-2.9980788230895996,5.7695722579956055,1
FakeVideo-RealAudio/Caucasian (European)/men/id00358/00217_id01098_wavtolip.npz,-0.9761620759963989,-0.9761620759963989,4.589484691619873,1
FakeVideo-RealAudio/Caucasian (European)/men/id00358/00217_id01102_aGFUkdgmo3A.npz,-2.820615768432617,-2.820615768432617,5.780984878540039,1
FakeVideo-RealAudio/Caucasian (European)/men/id00358/00217_id01102_wavtolip.npz,-2.742741107940674,-2.742741107940674,4.481588840484619,1
FakeVideo-RealAudio/Caucasian (European)/men/id00358/00217_id01154_wavtolip.npz,-3.4224929809570312,-3.4224929809570312,4.657171249389648,1
FakeVideo-RealAudio/Caucasian (European)/men/id00358/00217_id01157_yDgqfOWVKko.npz,-2.9128737449645996,-2.9128737449645996,5.789548873901367,1
FakeVideo-RealAudio/Caucasian (European)/men/id00282/00268_id00063_cVZBXC2rjPM.npz,-1.9235060214996338,-1.9235060214996338,5.120543479919434,1
FakeVideo-RealAudio/Caucasian (European)/men/id00282/00268_id00171_PWU6n0qrv4c.npz,-1.4941272735595703,-1.4941272735595703,5.121020793914795,1
FakeVideo-RealAudio/Caucasian (European)/men/id00282/00268_id00187_wavtolip.npz,-1.5757155418395996,-1.5757155418395996,4.989160060882568,1
FakeVideo-RealAudio/Caucasian (European)/men/id00282/00268_id00225_wavtolip.npz,-2.423905849456787,-2.423905849456787,4.990752220153809,1
FakeVideo-RealAudio/Caucasian (European)/men/id00282/00268_id00241_wavtolip.npz,-2.1200034618377686,-2.1200034618377686,5.06745719909668,1
FakeVideo-RealAudio/Caucasian (European)/men/id00282/00268_id00265_wavtolip.npz,-1.9415152072906494,-1.9415152072906494,4.614250183105469,1
FakeVideo-RealAudio/Caucasian (European)/men/id00282/00268_id00282_wavtolip.npz,-1.6174384355545044,-1.6174384355545044,5.017573356628418,1
FakeVideo-RealAudio/Caucasian (European)/men/id00282/00268_id00292_qELK8N_DykA.npz,-1.932834267616272,-1.932834267616272,5.138037204742432,1
FakeVideo-RealAudio/Caucasian (European)/men/id00282/00268_id00305_LdcY3ILdQrE.npz,-1.461403727531433,-1.461403727531433,5.130015850067139,1
FakeVideo-RealAudio/Caucasian (European)/men/id00282/00268_id00305_LdcY3ILdQrE_faceswap.npz,-0.8462550640106201,-0.8462550640106201,5.0207695960998535,1
FakeVideo-RealAudio/Caucasian (European)/men/id00282/00268_id00368_KohcGDsg29U.npz,-1.8697057962417603,-1.8697057962417603,5.097067832946777,1
FakeVideo-RealAudio/Caucasian (European)/men/id00282/00268_id00498_N_BjyJsx80g.npz,-1.7168242931365967,-1.7168242931365967,5.078662395477295,1
FakeVideo-RealAudio/Caucasian (European)/men/id00282/00268_id00519_wavtolip.npz,-1.5569312572479248,-1.5569312572479248,4.552676677703857,1
FakeVideo-RealAudio/Caucasian (European)/men/id00282/00268_id00594_wavtolip.npz,-1.605284333229065,-1.605284333229065,4.99275016784668,1
FakeVideo-RealAudio/Caucasian (European)/men/id00282/00268_id00909_nEQbKqo1XCs.npz,-1.884872555732727,-1.884872555732727,5.0893731117248535,1
FakeVideo-RealAudio/Caucasian (European)/men/id00282/00268_id00919_wavtolip.npz,-1.5048186779022217,-1.5048186779022217,4.553512096405029,1
FakeVideo-RealAudio/Caucasian (European)/men/id00282/00268_id01051_wavtolip.npz,-2.7911131381988525,-2.7911131381988525,5.098557949066162,1
FakeVideo-RealAudio/Caucasian (European)/men/id00282/00268_id01058_2DKbOjf3Wyo.npz,-1.974687933921814,-1.974687933921814,5.126230716705322,1
FakeVideo-RealAudio/Caucasian (European)/men/id00282/00268_id01099_wavtolip.npz,-2.20003080368042,-2.20003080368042,4.980231285095215,1
FakeVideo-RealAudio/Caucasian (European)/men/id00282/00268_id01123_Xid_-DpIHX4.npz,-1.7153300046920776,-1.7153300046920776,5.051819324493408,1
FakeVideo-RealAudio/Caucasian (European)/men/id00282/00268_id03205_gXytNIcANKw.npz,-2.1021196842193604,-2.1021196842193604,5.110221862792969,1
FakeVideo-RealAudio/Caucasian (European)/men/id01051/00027_0.npz,-1.4418432712554932,-1.4418432712554932,4.493995666503906,1
FakeVideo-RealAudio/Caucasian (European)/men/id01051/00322_0.npz,-1.4170441627502441,-1.4170441627502441,4.782279014587402,1
FakeVideo-RealAudio/Caucasian (European)/men/id01051/00322_2.npz,-3.651271343231201,-3.651271343231201,5.078849792480469,1
FakeVideo-RealAudio/Caucasian (European)/men/id01051/00322_id00185_wavtolip.npz,-1.594208002090454,-1.594208002090454,4.910014629364014,1
FakeVideo-RealAudio/Caucasian (European)/men/id01051/00322_id00186_KTjDxHTlzg0.npz,-3.147862434387207,-3.147862434387207,5.574641227722168,1
FakeVideo-RealAudio/Caucasian (European)/men/id01051/00322_id00187_dwaPMrJANMQ.npz,-1.9028863906860352,-1.9028863906860352,5.598966598510742,1
FakeVideo-RealAudio/Caucasian (European)/men/id01051/00322_id00358_vsVwGKy79kM.npz,-2.5515146255493164,-2.5515146255493164,5.622655868530273,1
FakeVideo-RealAudio/Caucasian (European)/men/id01051/00322_id00358_wavtolip.npz,-2.945962905883789,-2.945962905883789,5.532951354980469,1
FakeVideo-RealAudio/Caucasian (European)/men/id01051/00322_id00368_wavtolip.npz,-2.32161283493042,-2.32161283493042,5.104746341705322,1
FakeVideo-RealAudio/Caucasian (European)/men/id01051/00322_id00498_wavtolip.npz,-2.485661029815674,-2.485661029815674,4.4636335372924805,1
FakeVideo-RealAudio/Caucasian (European)/men/id01051/00322_id00535_BhvTIJ-YG5s.npz,-2.7038540840148926,-2.7038540840148926,5.588544845581055,1
FakeVideo-RealAudio/Caucasian (European)/men/id01051/00322_id00535_wavtolip.npz,-2.0574443340301514,-2.0574443340301514,4.555212497711182,1
FakeVideo-RealAudio/Caucasian (European)/men/id01051/00322_id00709_Rh23ELMGsIQ.npz,-2.7533607482910156,-2.7533607482910156,5.606681823730469,1
FakeVideo-RealAudio/Caucasian (European)/men/id01051/00322_id00919_wavtolip.npz,-1.5229789018630981,-1.5229789018630981,4.492278575897217,1
FakeVideo-RealAudio/Caucasian (European)/men/id01051/00322_id00946_wavtolip.npz,-2.1823253631591797,-2.1823253631591797,4.549941539764404,1
FakeVideo-RealAudio/Caucasian (European)/men/id01051/00322_id00963_wavtolip.npz,-1.2560875415802002,-1.2560875415802002,5.5050859451293945,1
FakeVideo-RealAudio/Caucasian (European)/men/id01051/00322_id01052_Kf4nlIEHfaU.npz,-3.0874481201171875,-3.0874481201171875,5.593504905700684,1
FakeVideo-RealAudio/Caucasian (European)/men/id01051/00322_id01098_BwmSumx6P1U.npz,-2.4392518997192383,-2.4392518997192383,5.601268291473389,1
FakeVideo-RealAudio/Caucasian (European)/men/id01051/00322_id01102_aGFUkdgmo3A.npz,-2.2497150897979736,-2.2497150897979736,5.6170244216918945,1
FakeVideo-RealAudio/Caucasian (European)/men/id01051/00322_id01102_wavtolip.npz,-2.6235811710357666,-2.6235811710357666,4.538215160369873,1
FakeVideo-RealAudio/Caucasian (European)/men/id01051/00322_id01154_wavtolip.npz,-3.1930015087127686,-3.1930015087127686,4.719722747802734,1
FakeVideo-RealAudio/Caucasian (European)/men/id01051/00322_id01156_RT99eogJo4k.npz,-2.968355655670166,-2.968355655670166,5.587118148803711,1
FakeVideo-RealAudio/Caucasian (European)/men/id01051/00322_id02567_4Ao5jgpSXdw.npz,-2.20772123336792,-2.20772123336792,5.558115005493164,1
FakeVideo-RealAudio/Caucasian (European)/men/id00415/00017_id00183_wavtolip.npz,-3.1955156326293945,-3.1955156326293945,4.709980010986328,1
FakeVideo-RealAudio/Caucasian (European)/men/id00415/00017_id00183_z2DhZllPWUQ.npz,-3.4699082374572754,-3.4699082374572754,4.863266468048096,1
FakeVideo-RealAudio/Caucasian (European)/men/id00415/00017_id00185_wavtolip.npz,-1.7750482559204102,-1.7750482559204102,4.8879923820495605,1
FakeVideo-RealAudio/Caucasian (European)/men/id00415/00017_id00192_By3wxX0dyDw.npz,-3.266984462738037,-3.266984462738037,4.870169162750244,1
FakeVideo-RealAudio/Caucasian (European)/men/id00415/00017_id00192_By3wxX0dyDw_faceswap.npz,-2.853105306625366,-2.853105306625366,4.83603048324585,1
FakeVideo-RealAudio/Caucasian (European)/men/id00415/00017_id00241_DlI4wqSFwbI.npz,-3.269221305847168,-3.269221305847168,4.8324103355407715,1
FakeVideo-RealAudio/Caucasian (European)/men/id00415/00017_id00265_wavtolip.npz,-1.3982465267181396,-1.3982465267181396,4.580639839172363,1
FakeVideo-RealAudio/Caucasian (European)/men/id00415/00017_id00292_qELK8N_DykA.npz,-3.5803027153015137,-3.5803027153015137,4.856201171875,1
FakeVideo-RealAudio/Caucasian (European)/men/id00415/00017_id00292_wavtolip.npz,-2.9233651161193848,-2.9233651161193848,4.629987716674805,1
FakeVideo-RealAudio/Caucasian (European)/men/id00415/00017_id00306_CDX55F3nWNc.npz,-3.600818634033203,-3.600818634033203,4.891096591949463,1
FakeVideo-RealAudio/Caucasian (European)/men/id00415/00017_id00306_wavtolip.npz,-3.8021459579467773,-3.8021459579467773,4.98867130279541,1
FakeVideo-RealAudio/Caucasian (European)/men/id00415/00017_id00358_wavtolip.npz,-4.168129920959473,-4.168129920959473,4.9704413414001465,1
FakeVideo-RealAudio/Caucasian (European)/men/id00415/00017_id00520_wavtolip.npz,-1.5661933422088623,-1.5661933422088623,4.967789649963379,1
FakeVideo-RealAudio/Caucasian (European)/men/id00415/00017_id00559_Y7ovoKuvL78.npz,-3.3728909492492676,-3.3728909492492676,4.848145961761475,1
FakeVideo-RealAudio/Caucasian (European)/men/id00415/00017_id00963_1s6PjtI643E.npz,-3.315453290939331,-3.315453290939331,4.853665828704834,1
FakeVideo-RealAudio/Caucasian (European)/men/id00415/00017_id00963_wavtolip.npz,-2.6595733165740967,-2.6595733165740967,4.907698631286621,1
FakeVideo-RealAudio/Caucasian (European)/men/id00415/00017_id00999_SjnM4XFBz0M.npz,-3.6745762825012207,-3.6745762825012207,4.8281474113464355,1
FakeVideo-RealAudio/Caucasian (European)/men/id00415/00017_id01058_2DKbOjf3Wyo.npz,-2.795635938644409,-2.795635938644409,4.886421203613281,1
FakeVideo-RealAudio/Caucasian (European)/men/id00415/00017_id01154_wavtolip.npz,-3.1060922145843506,-3.1060922145843506,4.64949893951416,1
FakeVideo-RealAudio/Caucasian (European)/men/id00415/00017_id01157_wavtolip.npz,-2.3547868728637695,-2.3547868728637695,4.7372026443481445,1
FakeVideo-RealAudio/Caucasian (European)/men/id00187/00360_0.npz,-1.6233763694763184,-1.6233763694763184,4.761509418487549,1
FakeVideo-RealAudio/Caucasian (European)/men/id00187/00360_id00185_1lsGWpwnl1M.npz,-1.3761932849884033,-1.3761932849884033,5.280183792114258,1
FakeVideo-RealAudio/Caucasian (European)/men/id00187/00360_id00186_KTjDxHTlzg0.npz,-1.5476032495498657,-1.5476032495498657,5.252917766571045,1
FakeVideo-RealAudio/Caucasian (European)/men/id00187/00360_id00225_MHSgwpfHAXw.npz,-1.56485915184021,-1.56485915184021,5.284243106842041,1
FakeVideo-RealAudio/Caucasian (European)/men/id00187/00360_id00241_DlI4wqSFwbI.npz,-1.5859133005142212,-1.5859133005142212,5.28288459777832,1
FakeVideo-RealAudio/Caucasian (European)/men/id00187/00360_id00265_dZq57FoxXR4.npz,-1.4073106050491333,-1.4073106050491333,5.300102233886719,1
FakeVideo-RealAudio/Caucasian (European)/men/id00187/00360_id00282_wavtolip.npz,-1.8915725946426392,-1.8915725946426392,4.940665245056152,1
FakeVideo-RealAudio/Caucasian (European)/men/id00187/00360_id00498_wavtolip.npz,-2.922423839569092,-2.922423839569092,4.482673645019531,1
FakeVideo-RealAudio/Caucasian (European)/men/id00187/00360_id00554_wavtolip.npz,-2.762704610824585,-2.762704610824585,4.547666549682617,1
FakeVideo-RealAudio/Caucasian (European)/men/id00187/00360_id00963_wavtolip.npz,-2.5363197326660156,-2.5363197326660156,5.250242233276367,1
FakeVideo-RealAudio/Caucasian (European)/men/id00187/00360_id00981_wavtolip.npz,-2.6975369453430176,-2.6975369453430176,4.896907329559326,1
FakeVideo-RealAudio/Caucasian (European)/men/id00187/00360_id00999_SjnM4XFBz0M.npz,-1.157266616821289,-1.157266616821289,5.270638942718506,1
FakeVideo-RealAudio/Caucasian (European)/men/id00187/00360_id01051_jPxk6s6FM6Y.npz,-1.4145143032073975,-1.4145143032073975,5.2778496742248535,1
FakeVideo-RealAudio/Caucasian (European)/men/id00187/00360_id01051_jPxk6s6FM6Y_faceswap.npz,-1.7250770330429077,-1.7250770330429077,5.185040473937988,1
FakeVideo-RealAudio/Caucasian (European)/men/id00187/00360_id01052_Kf4nlIEHfaU.npz,-1.4211851358413696,-1.4211851358413696,5.283552646636963,1
FakeVideo-RealAudio/Caucasian (European)/men/id00187/00360_id01102_aGFUkdgmo3A.npz,-1.582369327545166,-1.582369327545166,5.3329339027404785,1
FakeVideo-RealAudio/Caucasian (European)/men/id00187/00360_id01126_wavtolip.npz,-3.230372190475464,-3.230372190475464,5.282363414764404,1
FakeVideo-RealAudio/Caucasian (European)/men/id00187/00360_id01154_wavtolip.npz,-3.257673501968384,-3.257673501968384,4.63418436050415,1
FakeVideo-RealAudio/Caucasian (European)/men/id00187/00360_id01157_wavtolip.npz,-2.7874655723571777,-2.7874655723571777,4.755392074584961,1
FakeVideo-RealAudio/Caucasian (European)/men/id00187/00360_id02567_4Ao5jgpSXdw.npz,-1.5106438398361206,-1.5106438398361206,5.274505615234375,1
FakeVideo-RealAudio/Caucasian (European)/men/id00055/00120_id00063_cVZBXC2rjPM.npz,-2.4184341430664062,-2.4184341430664062,4.74281120300293,1
FakeVideo-RealAudio/Caucasian (European)/men/id00055/00120_id00183_z2DhZllPWUQ.npz,-2.2589755058288574,-2.2589755058288574,4.6724419593811035,1
FakeVideo-RealAudio/Caucasian (European)/men/id00055/00120_id00183_z2DhZllPWUQ_faceswap.npz,-3.2062764167785645,-3.2062764167785645,4.6965203285217285,1
FakeVideo-RealAudio/Caucasian (European)/men/id00055/00120_id00185_wavtolip.npz,-1.387770414352417,-1.387770414352417,4.651911735534668,1
FakeVideo-RealAudio/Caucasian (European)/men/id00055/00120_id00282_iTsqWj6GEbo.npz,-2.9675235748291016,-2.9675235748291016,4.742012023925781,1
FakeVideo-RealAudio/Caucasian (European)/men/id00055/00120_id00282_wavtolip.npz,-2.204205274581909,-2.204205274581909,4.673103332519531,1
FakeVideo-RealAudio/Caucasian (European)/men/id00055/00120_id00292_qELK8N_DykA.npz,-3.0212762355804443,-3.0212762355804443,4.679317474365234,1
FakeVideo-RealAudio/Caucasian (European)/men/id00055/00120_id00358_wavtolip.npz,-2.446361780166626,-2.446361780166626,4.720545291900635,1
FakeVideo-RealAudio/Caucasian (European)/men/id00055/00120_id00415_saYfEadFy_s.npz,-2.6182446479797363,-2.6182446479797363,4.658471584320068,1
FakeVideo-RealAudio/Caucasian (European)/men/id00055/00120_id00519_wavtolip.npz,-3.045253276824951,-3.045253276824951,4.426488399505615,1
FakeVideo-RealAudio/Caucasian (European)/men/id00055/00120_id00520_wavtolip.npz,-1.4600863456726074,-1.4600863456726074,4.693314075469971,1
FakeVideo-RealAudio/Caucasian (European)/men/id00055/00120_id00535_BhvTIJ-YG5s.npz,-3.1643295288085938,-3.1643295288085938,4.672972679138184,1
FakeVideo-RealAudio/Caucasian (European)/men/id00055/00120_id00559_Y7ovoKuvL78.npz,-3.235218048095703,-3.235218048095703,4.697544574737549,1
FakeVideo-RealAudio/Caucasian (European)/men/id00055/00120_id00946_wavtolip.npz,-2.931467056274414,-2.931467056274414,4.500517845153809,1
FakeVideo-RealAudio/Caucasian (European)/men/id00055/00120_id00963_wavtolip.npz,-2.72129225730896,-2.72129225730896,4.671571731567383,1
FakeVideo-RealAudio/Caucasian (European)/men/id00055/00120_id00981_OmNALjENDkI.npz,-3.0748016834259033,-3.0748016834259033,4.6867995262146,1
FakeVideo-RealAudio/Caucasian (European)/men/id00055/00120_id00981_wavtolip.npz,-2.6423232555389404,-2.6423232555389404,4.70645809173584,1
FakeVideo-RealAudio/Caucasian (European)/men/id00055/00120_id01051_wavtolip.npz,-2.850165843963623,-2.850165843963623,4.7245402336120605,1
FakeVideo-RealAudio/Caucasian (European)/men/id00055/00120_id01099_ZpgbIKxzkrg.npz,-2.5285773277282715,-2.5285773277282715,4.750306129455566,1
FakeVideo-RealAudio/Caucasian (European)/men/id00055/00120_id01156_wavtolip.npz,-2.849693775177002,-2.849693775177002,4.614548206329346,1
FakeVideo-RealAudio/Caucasian (European)/men/id00498/00014_4.npz,-1.4456079006195068,-1.4456079006195068,5.104844093322754,1
FakeVideo-RealAudio/Caucasian (European)/men/id00498/00014_id00055_XzCF6sJ8Axc.npz,-1.6477067470550537,-1.6477067470550537,4.523003101348877,1
FakeVideo-RealAudio/Caucasian (European)/men/id00498/00014_id00063_cVZBXC2rjPM.npz,-1.8381524085998535,-1.8381524085998535,4.586123943328857,1
FakeVideo-RealAudio/Caucasian (European)/men/id00498/00014_id00171_wavtolip.npz,-3.133862018585205,-3.133862018585205,4.46809720993042,1
FakeVideo-RealAudio/Caucasian (European)/men/id00498/00014_id00192_By3wxX0dyDw.npz,-1.4978817701339722,-1.4978817701339722,4.530158996582031,1
FakeVideo-RealAudio/Caucasian (European)/men/id00498/00014_id00192_By3wxX0dyDw_faceswap.npz,-3.0055413246154785,-3.0055413246154785,4.507961750030518,1
FakeVideo-RealAudio/Caucasian (European)/men/id00498/00014_id00241_DlI4wqSFwbI.npz,-3.510244369506836,-3.510244369506836,4.545774936676025,1
FakeVideo-RealAudio/Caucasian (European)/men/id00498/00014_id00241_wavtolip.npz,-2.0653867721557617,-2.0653867721557617,4.5284104347229,1
FakeVideo-RealAudio/Caucasian (European)/men/id00498/00014_id00253_cyTfcQDjvU0.npz,-2.088056802749634,-2.088056802749634,4.495094299316406,1
FakeVideo-RealAudio/Caucasian (European)/men/id00498/00014_id00282_iTsqWj6GEbo.npz,-2.6025772094726562,-2.6025772094726562,4.5292205810546875,1
FakeVideo-RealAudio/Caucasian (European)/men/id00498/00014_id00282_wavtolip.npz,-2.2166547775268555,-2.2166547775268555,4.447801113128662,1
FakeVideo-RealAudio/Caucasian (European)/men/id00498/00014_id00292_qELK8N_DykA.npz,-2.1565606594085693,-2.1565606594085693,4.497920036315918,1
FakeVideo-RealAudio/Caucasian (European)/men/id00498/00014_id00368_KohcGDsg29U.npz,-1.821727991104126,-1.821727991104126,4.509433269500732,1
FakeVideo-RealAudio/Caucasian (European)/men/id00498/00014_id00415_wavtolip.npz,-3.4717726707458496,-3.4717726707458496,4.462193965911865,1
FakeVideo-RealAudio/Caucasian (European)/men/id00498/00014_id00520_wavtolip.npz,-1.6792093515396118,-1.6792093515396118,4.501902103424072,1
FakeVideo-RealAudio/Caucasian (European)/men/id00498/00014_id00559_Y7ovoKuvL78.npz,-3.317617416381836,-3.317617416381836,4.586162090301514,1
FakeVideo-RealAudio/Caucasian (European)/men/id00498/00014_id00999_wavtolip.npz,-2.4986817836761475,-2.4986817836761475,4.430372714996338,1
FakeVideo-RealAudio/Caucasian (European)/men/id00498/00014_id01052_wavtolip.npz,-3.083909273147583,-3.083909273147583,4.470391273498535,1
FakeVideo-RealAudio/Caucasian (European)/men/id00498/00014_id01098_wavtolip.npz,-0.6827684640884399,-0.6827684640884399,4.514063835144043,1
FakeVideo-RealAudio/Caucasian (European)/men/id00498/00014_id01123_Xid_-DpIHX4.npz,-3.480377197265625,-3.480377197265625,4.50238037109375,1
FakeVideo-RealAudio/Caucasian (European)/men/id00498/00014_id01123_wavtolip.npz,-2.5621232986450195,-2.5621232986450195,4.507501125335693,1
FakeVideo-RealAudio/Caucasian (European)/men/id00498/00014_id03205_wavtolip.npz,-2.811232566833496,-2.811232566833496,4.5044355392456055,1
FakeVideo-RealAudio/Caucasian (European)/men/id00063/00021_id00055_XzCF6sJ8Axc.npz,-1.9128847122192383,-1.9128847122192383,4.714861869812012,1
FakeVideo-RealAudio/Caucasian (European)/men/id00063/00021_id00055_wavtolip.npz,-3.2233052253723145,-3.2233052253723145,4.698116779327393,1
FakeVideo-RealAudio/Caucasian (European)/men/id00063/00021_id00185_wavtolip.npz,-1.4623768329620361,-1.4623768329620361,4.672886848449707,1
FakeVideo-RealAudio/Caucasian (European)/men/id00063/00021_id00225_wavtolip.npz,-2.1585216522216797,-2.1585216522216797,4.682766914367676,1
FakeVideo-RealAudio/Caucasian (European)/men/id00063/00021_id00241_DlI4wqSFwbI.npz,-2.5981569290161133,-2.5981569290161133,4.798556804656982,1
FakeVideo-RealAudio/Caucasian (European)/men/id00063/00021_id00241_wavtolip.npz,-3.076936960220337,-3.076936960220337,4.65830135345459,1
FakeVideo-RealAudio/Caucasian (European)/men/id00063/00021_id00253_wavtolip.npz,-2.2069246768951416,-2.2069246768951416,4.451225280761719,1
FakeVideo-RealAudio/Caucasian (European)/men/id00063/00021_id00282_iTsqWj6GEbo.npz,-2.0847151279449463,-2.0847151279449463,4.755021095275879,1
FakeVideo-RealAudio/Caucasian (European)/men/id00063/00021_id00306_wavtolip.npz,-3.5245492458343506,-3.5245492458343506,4.6566853523254395,1
FakeVideo-RealAudio/Caucasian (European)/men/id00063/00021_id00358_vsVwGKy79kM.npz,-3.3822009563446045,-3.3822009563446045,4.745721817016602,1
FakeVideo-RealAudio/Caucasian (European)/men/id00063/00021_id00358_vsVwGKy79kM_faceswap.npz,-2.5981998443603516,-2.5981998443603516,4.665209770202637,1
FakeVideo-RealAudio/Caucasian (European)/men/id00063/00021_id00368_wavtolip.npz,-2.7380595207214355,-2.7380595207214355,4.636012077331543,1
FakeVideo-RealAudio/Caucasian (European)/men/id00063/00021_id00535_BhvTIJ-YG5s.npz,-2.668879508972168,-2.668879508972168,4.779759883880615,1
FakeVideo-RealAudio/Caucasian (European)/men/id00063/00021_id00919_XDUn0Pskyrk.npz,-2.470592975616455,-2.470592975616455,4.744952201843262,1
FakeVideo-RealAudio/Caucasian (European)/men/id00063/00021_id00999_wavtolip.npz,-2.193563222885132,-2.193563222885132,4.66740083694458,1
FakeVideo-RealAudio/Caucasian (European)/men/id00063/00021_id01052_wavtolip.npz,-3.0622706413269043,-3.0622706413269043,4.64998722076416,1
FakeVideo-RealAudio/Caucasian (European)/men/id00063/00021_id01123_wavtolip.npz,-2.6633107662200928,-2.6633107662200928,4.640411853790283,1
FakeVideo-RealAudio/Caucasian (European)/men/id00063/00021_id01156_RT99eogJo4k.npz,-2.8489768505096436,-2.8489768505096436,4.75334358215332,1
FakeVideo-RealAudio/Caucasian (European)/men/id00063/00021_id01157_yDgqfOWVKko.npz,-2.9199864864349365,-2.9199864864349365,4.735933303833008,1
FakeVideo-RealAudio/Caucasian (European)/men/id00063/00021_id02567_4Ao5jgpSXdw.npz,-2.8892345428466797,-2.8892345428466797,4.749483108520508,1
FakeVideo-RealAudio/Caucasian (European)/men/id00063/00021_id03205_gXytNIcANKw.npz,-2.6693687438964844,-2.6693687438964844,4.74662446975708,1
FakeVideo-RealAudio/Caucasian (European)/men/id00946/00126_0.npz,-1.7311886548995972,-1.7311886548995972,4.5702805519104,1
FakeVideo-RealAudio/Caucasian (European)/men/id00946/00126_id00171_PWU6n0qrv4c.npz,-2.1674106121063232,-2.1674106121063232,4.604143142700195,1
FakeVideo-RealAudio/Caucasian (European)/men/id00946/00126_id00183_wavtolip.npz,-2.1561105251312256,-2.1561105251312256,4.4887566566467285,1
FakeVideo-RealAudio/Caucasian (European)/men/id00946/00126_id00358_vsVwGKy79kM.npz,-2.1878201961517334,-2.1878201961517334,4.6756720542907715,1
FakeVideo-RealAudio/Caucasian (European)/men/id00946/00126_id00520_dOAxKi1t6GI.npz,-1.6964993476867676,-1.6964993476867676,4.614254951477051,1
FakeVideo-RealAudio/Caucasian (European)/men/id00946/00126_id00559_wavtolip.npz,-1.9859285354614258,-1.9859285354614258,4.608798503875732,1
FakeVideo-RealAudio/Caucasian (European)/men/id00946/00126_id00594_2WHHoksbeVw.npz,-1.802260398864746,-1.802260398864746,4.596187114715576,1
FakeVideo-RealAudio/Caucasian (European)/men/id00946/00126_id00594_wavtolip.npz,-1.3217562437057495,-1.3217562437057495,4.534905910491943,1
FakeVideo-RealAudio/Caucasian (European)/men/id00946/00126_id00709_Rh23ELMGsIQ.npz,-1.8884758949279785,-1.8884758949279785,4.638422966003418,1
FakeVideo-RealAudio/Caucasian (European)/men/id00946/00126_id00919_XDUn0Pskyrk.npz,-1.9064912796020508,-1.9064912796020508,4.639579772949219,1
FakeVideo-RealAudio/Caucasian (European)/men/id00946/00126_id00963_wavtolip.npz,-2.0011353492736816,-2.0011353492736816,4.470308303833008,1
FakeVideo-RealAudio/Caucasian (European)/men/id00946/00126_id00990_G-qzOIgxEoE.npz,-2.0394115447998047,-2.0394115447998047,4.6346235275268555,1
FakeVideo-RealAudio/Caucasian (European)/men/id00946/00126_id00990_G-qzOIgxEoE_faceswap.npz,-2.5717639923095703,-2.5717639923095703,4.605278968811035,1
FakeVideo-RealAudio/Caucasian (European)/men/id00946/00126_id00990_wavtolip.npz,-1.2395954132080078,-1.2395954132080078,4.56051778793335,1
FakeVideo-RealAudio/Caucasian (European)/men/id00946/00126_id00999_SjnM4XFBz0M.npz,-2.4225478172302246,-2.4225478172302246,4.61257791519165,1
FakeVideo-RealAudio/Caucasian (European)/men/id00946/00126_id01058_wavtolip.npz,-1.8575694561004639,-1.8575694561004639,4.542370796203613,1
FakeVideo-RealAudio/Caucasian (European)/men/id00946/00126_id01098_BwmSumx6P1U.npz,-1.806837558746338,-1.806837558746338,4.673299312591553,1
FakeVideo-RealAudio/Caucasian (European)/men/id00946/00126_id01099_ZpgbIKxzkrg.npz,-1.939849853515625,-1.939849853515625,4.651739120483398,1
FakeVideo-RealAudio/Caucasian (European)/men/id00946/00126_id01123_wavtolip.npz,-1.3769493103027344,-1.3769493103027344,4.518951416015625,1
FakeVideo-RealAudio/Caucasian (European)/men/id00946/00126_id01126_wavtolip.npz,-2.0104732513427734,-2.0104732513427734,4.516172409057617,1
FakeVideo-RealAudio/Caucasian (European)/men/id00946/00126_id01154_wavtolip.npz,-1.7826738357543945,-1.7826738357543945,4.504444122314453,1
FakeVideo-RealAudio/Caucasian (European)/men/id00946/00126_id03205_wavtolip.npz,-2.385784149169922,-2.385784149169922,4.526329040527344,1
FakeVideo-RealAudio/Caucasian (European)/women/id01001/00086_id00068_wavtolip.npz,-2.080950975418091,-2.080950975418091,4.753963470458984,1
FakeVideo-RealAudio/Caucasian (European)/women/id01001/00086_id00188_e-vm5FB3idA.npz,-3.251430034637451,-3.251430034637451,4.726482391357422,1
FakeVideo-RealAudio/Caucasian (European)/women/id01001/00086_id00234_wavtolip.npz,-2.3964786529541016,-2.3964786529541016,4.75363302230835,1
FakeVideo-RealAudio/Caucasian (European)/women/id01001/00086_id00262_3p7sRWAAh1Q.npz,-2.603671073913574,-2.603671073913574,4.74635124206543,1
FakeVideo-RealAudio/Caucasian (European)/women/id01001/00086_id00262_wavtolip.npz,-1.5479521751403809,-1.5479521751403809,4.766945838928223,1
FakeVideo-RealAudio/Caucasian (European)/women/id01001/00086_id00287_wavtolip.npz,-1.9929636716842651,-1.9929636716842651,4.560298919677734,1
FakeVideo-RealAudio/Caucasian (European)/women/id01001/00086_id00332__zNddcZV1EU.npz,-2.773108959197998,-2.773108959197998,4.746603012084961,1
FakeVideo-RealAudio/Caucasian (European)/women/id01001/00086_id00374_w1qI7y9AGTc.npz,-2.1933608055114746,-2.1933608055114746,4.7469964027404785,1
FakeVideo-RealAudio/Caucasian (European)/women/id01001/00086_id00403_wavtolip.npz,-2.812180995941162,-2.812180995941162,4.743453025817871,1
FakeVideo-RealAudio/Caucasian (European)/women/id01001/00086_id00434_wavtolip.npz,-1.4568803310394287,-1.4568803310394287,4.752040863037109,1
FakeVideo-RealAudio/Caucasian (European)/women/id01001/00086_id00569_gSynmpwioV4.npz,-2.5527260303497314,-2.5527260303497314,4.704238414764404,1
FakeVideo-RealAudio/Caucasian (European)/women/id01001/00086_id00569_wavtolip.npz,-2.725163221359253,-2.725163221359253,4.629744529724121,1
FakeVideo-RealAudio/Caucasian (European)/women/id01001/00086_id00633_UXrTMta1EDM.npz,-2.5292272567749023,-2.5292272567749023,4.73923921585083,1
FakeVideo-RealAudio/Caucasian (European)/women/id01001/00086_id00633_UXrTMta1EDM_faceswap.npz,-2.387023687362671,-2.387023687362671,4.705044746398926,1
FakeVideo-RealAudio/Caucasian (European)/women/id01001/00086_id00735_ivJSkq5hGOQ.npz,-3.670747756958008,-3.670747756958008,4.762005805969238,1
FakeVideo-RealAudio/Caucasian (European)/women/id01001/00086_id01002_eQTviHjyISo.npz,-2.623579502105713,-2.623579502105713,4.759176731109619,1
FakeVideo-RealAudio/Caucasian (European)/women/id01001/00086_id01018_wavtolip.npz,-3.5149881839752197,-3.5149881839752197,4.681021690368652,1
FakeVideo-RealAudio/Caucasian (European)/women/id01001/00086_id03649_wavtolip.npz,-2.1984431743621826,-2.1984431743621826,4.662919998168945,1
FakeVideo-RealAudio/Caucasian (European)/women/id01001/00086_id03816_XXD0yTNei50.npz,-2.2820043563842773,-2.2820043563842773,4.772121906280518,1
FakeVideo-RealAudio/Caucasian (European)/women/id01001/00086_id03858_wavtolip.npz,-2.4529170989990234,-2.4529170989990234,4.748693943023682,1
FakeVideo-RealAudio/Caucasian (European)/women/id00071/00014_id00188_e-vm5FB3idA.npz,-2.021911144256592,-2.021911144256592,4.569567680358887,1
FakeVideo-RealAudio/Caucasian (European)/women/id00071/00014_id00188_wavtolip.npz,-1.208343744277954,-1.208343744277954,4.623500347137451,1
FakeVideo-RealAudio/Caucasian (European)/women/id00071/00014_id00232_kL0cCveU1zg.npz,-2.8709523677825928,-2.8709523677825928,4.54091215133667,1
FakeVideo-RealAudio/Caucasian (European)/women/id00071/00014_id00262_3p7sRWAAh1Q.npz,-1.727691888809204,-1.727691888809204,4.618340492248535,1
FakeVideo-RealAudio/Caucasian (European)/women/id00071/00014_id00270_hoEQ70-sDME.npz,-1.6435683965682983,-1.6435683965682983,4.629225730895996,1
FakeVideo-RealAudio/Caucasian (European)/women/id00071/00014_id00330_wavtolip.npz,-1.8291890621185303,-1.8291890621185303,4.574464797973633,1
FakeVideo-RealAudio/Caucasian (European)/women/id00071/00014_id00379_fgkgYHCuk4g.npz,-2.0374927520751953,-2.0374927520751953,4.5970354080200195,1
FakeVideo-RealAudio/Caucasian (European)/women/id00071/00014_id00581_7AxvP19LGKg.npz,-2.4430055618286133,-2.4430055618286133,4.543037414550781,1
FakeVideo-RealAudio/Caucasian (European)/women/id00071/00014_id00589_wavtolip.npz,-1.445197582244873,-1.445197582244873,4.651881217956543,1
FakeVideo-RealAudio/Caucasian (European)/women/id00071/00014_id00633_wavtolip.npz,-1.2278809547424316,-1.2278809547424316,4.556499481201172,1
FakeVideo-RealAudio/Caucasian (European)/women/id00071/00014_id00735_ivJSkq5hGOQ.npz,-2.574406147003174,-2.574406147003174,4.540557384490967,1
FakeVideo-RealAudio/Caucasian (European)/women/id00071/00014_id00813_wavtolip.npz,-1.4044451713562012,-1.4044451713562012,4.572782039642334,1
FakeVideo-RealAudio/Caucasian (European)/women/id00071/00014_id00897_0ayFw8JhoyI.npz,-2.0173535346984863,-2.0173535346984863,4.604012966156006,1
FakeVideo-RealAudio/Caucasian (European)/women/id00071/00014_id01001_wavtolip.npz,-1.153876781463623,-1.153876781463623,4.601204872131348,1
FakeVideo-RealAudio/Caucasian (European)/women/id00071/00014_id01018_wavtolip.npz,-1.8154373168945312,-1.8154373168945312,4.5755133628845215,1
FakeVideo-RealAudio/Caucasian (European)/women/id00071/00014_id03371_truKMXt8Dak.npz,-2.099609375,-2.099609375,4.578120231628418,1
FakeVideo-RealAudio/Caucasian (European)/women/id00071/00014_id03371_truKMXt8Dak_faceswap.npz,-2.147047519683838,-2.147047519683838,4.55605411529541,1
FakeVideo-RealAudio/Caucasian (European)/women/id00071/00014_id03716_wavtolip.npz,-1.8280689716339111,-1.8280689716339111,4.609228610992432,1
FakeVideo-RealAudio/Caucasian (European)/women/id00071/00014_id03816_XXD0yTNei50.npz,-2.107161045074463,-2.107161045074463,4.5994157791137695,1
FakeVideo-RealAudio/Caucasian (European)/women/id00071/00014_id03816_wavtolip.npz,-0.8268303871154785,-0.8268303871154785,4.580030918121338,1
FakeVideo-RealAudio/Caucasian (European)/women/id00071/00014_id03844_wavtolip.npz,-1.5345566272735596,-1.5345566272735596,4.612048149108887,1
FakeVideo-RealAudio/Caucasian (European)/women/id00634/00078_0.npz,-1.8747165203094482,-1.8747165203094482,5.024959564208984,1
FakeVideo-RealAudio/Caucasian (European)/women/id00634/00078_id00234_wavtolip.npz,-2.1264798641204834,-2.1264798641204834,5.055296897888184,1
FakeVideo-RealAudio/Caucasian (European)/women/id00634/00078_id00287_wavtolip.npz,-2.7658910751342773,-2.7658910751342773,4.543275356292725,1
FakeVideo-RealAudio/Caucasian (European)/women/id00634/00078_id00325_wavtolip.npz,-2.385453701019287,-2.385453701019287,4.967288970947266,1
FakeVideo-RealAudio/Caucasian (European)/women/id00634/00078_id00373_wavtolip.npz,0.0352095365524292,0.0352095365524292,5.12653112411499,1
FakeVideo-RealAudio/Caucasian (European)/women/id00634/00078_id00395_wM5kGJfTtEM.npz,-2.568869113922119,-2.568869113922119,5.075292587280273,1
FakeVideo-RealAudio/Caucasian (European)/women/id00634/00078_id00484_u7YTz8eFZv0.npz,-3.1252622604370117,-3.1252622604370117,5.071701526641846,1
FakeVideo-RealAudio/Caucasian (European)/women/id00634/00078_id00491_wavtolip.npz,-1.532480001449585,-1.532480001449585,4.584580898284912,1
FakeVideo-RealAudio/Caucasian (European)/women/id00634/00078_id00495_E46aiMUC4A0.npz,-3.0540075302124023,-3.0540075302124023,5.077680587768555,1
FakeVideo-RealAudio/Caucasian (European)/women/id00634/00078_id00569_wavtolip.npz,-3.7101571559906006,-3.7101571559906006,4.658910274505615,1
FakeVideo-RealAudio/Caucasian (European)/women/id00634/00078_id00581_7AxvP19LGKg.npz,-3.1511735916137695,-3.1511735916137695,5.065114498138428,1
FakeVideo-RealAudio/Caucasian (European)/women/id00634/00078_id00589_uOzKwYEVR6s.npz,-2.810663938522339,-2.810663938522339,5.064803600311279,1
FakeVideo-RealAudio/Caucasian (European)/women/id00634/00078_id00591_1Jo8xElXQMs.npz,-3.2521462440490723,-3.2521462440490723,5.070129871368408,1
FakeVideo-RealAudio/Caucasian (European)/women/id00634/00078_id00633_wavtolip.npz,-2.0818159580230713,-2.0818159580230713,5.093706130981445,1
FakeVideo-RealAudio/Caucasian (European)/women/id00634/00078_id00823_KgExwCvgrUk.npz,-2.5927672386169434,-2.5927672386169434,5.0701212882995605,1
FakeVideo-RealAudio/Caucasian (European)/women/id00634/00078_id00826_MYagwzy91Yk.npz,-2.3141708374023438,-2.3141708374023438,5.0972771644592285,1
FakeVideo-RealAudio/Caucasian (European)/women/id00634/00078_id00897_wavtolip.npz,-2.0306553840637207,-2.0306553840637207,5.086080551147461,1
FakeVideo-RealAudio/Caucasian (European)/women/id00634/00078_id01001_wavtolip.npz,-1.738530158996582,-1.738530158996582,4.738380432128906,1
FakeVideo-RealAudio/Caucasian (European)/women/id00634/00078_id03589_9NxOQlwpMys.npz,-2.838301658630371,-2.838301658630371,5.0678815841674805,1
FakeVideo-RealAudio/Caucasian (European)/women/id00634/00078_id03649_389qfFqUddI.npz,-2.6600492000579834,-2.6600492000579834,5.080437660217285,1
FakeVideo-RealAudio/Caucasian (European)/women/id00634/00078_id03649_389qfFqUddI_faceswap.npz,-2.017723321914673,-2.017723321914673,5.095483779907227,1
FakeVideo-RealAudio/Caucasian (European)/women/id00634/00078_id03941_wavtolip.npz,-1.4571363925933838,-1.4571363925933838,4.568332672119141,1
FakeVideo-RealAudio/Caucasian (European)/women/id03589/00002_0.npz,-2.337883949279785,-2.337883949279785,4.882592678070068,1
FakeVideo-RealAudio/Caucasian (European)/women/id03589/00002_id00068_A7uFnQw--bY.npz,-1.6456975936889648,-1.6456975936889648,5.019434928894043,1
FakeVideo-RealAudio/Caucasian (European)/women/id03589/00002_id00071_wavtolip.npz,-2.832388162612915,-2.832388162612915,4.597525596618652,1
FakeVideo-RealAudio/Caucasian (European)/women/id03589/00002_id00234_wavtolip.npz,-1.4133327007293701,-1.4133327007293701,5.047101974487305,1
FakeVideo-RealAudio/Caucasian (European)/women/id03589/00002_id00262_3p7sRWAAh1Q.npz,-1.6285080909729004,-1.6285080909729004,5.0520758628845215,1
FakeVideo-RealAudio/Caucasian (European)/women/id03589/00002_id00270_wavtolip.npz,-2.650434970855713,-2.650434970855713,4.920745372772217,1
FakeVideo-RealAudio/Caucasian (European)/women/id03589/00002_id00287_2NpfYjyMsPM.npz,-2.399407386779785,-2.399407386779785,4.99031400680542,1
FakeVideo-RealAudio/Caucasian (European)/women/id03589/00002_id00332_wavtolip.npz,-1.5346087217330933,-1.5346087217330933,5.018152713775635,1
FakeVideo-RealAudio/Caucasian (European)/women/id03589/00002_id00374_wavtolip.npz,-3.1998229026794434,-3.1998229026794434,4.942477226257324,1
FakeVideo-RealAudio/Caucasian (European)/women/id03589/00002_id00395_wM5kGJfTtEM.npz,-1.0436441898345947,-1.0436441898345947,5.070441722869873,1
FakeVideo-RealAudio/Caucasian (European)/women/id03589/00002_id00495_E46aiMUC4A0.npz,-2.849754810333252,-2.849754810333252,5.031883716583252,1
FakeVideo-RealAudio/Caucasian (European)/women/id03589/00002_id00495_E46aiMUC4A0_faceswap.npz,-1.519723653793335,-1.519723653793335,5.016331672668457,1
FakeVideo-RealAudio/Caucasian (European)/women/id03589/00002_id00495_wavtolip.npz,-1.3712007999420166,-1.3712007999420166,4.588407516479492,1
FakeVideo-RealAudio/Caucasian (European)/women/id03589/00002_id00496_SImaDcXQnh8.npz,-2.182070016860962,-2.182070016860962,5.0082502365112305,1
FakeVideo-RealAudio/Caucasian (European)/women/id03589/00002_id00589_uOzKwYEVR6s.npz,-1.188366413116455,-1.188366413116455,5.05338716506958,1
FakeVideo-RealAudio/Caucasian (European)/women/id03589/00002_id00589_wavtolip.npz,-1.446351408958435,-1.446351408958435,4.986759662628174,1
FakeVideo-RealAudio/Caucasian (European)/women/id03589/00002_id00633_wavtolip.npz,-1.9039454460144043,-1.9039454460144043,5.008640289306641,1
FakeVideo-RealAudio/Caucasian (European)/women/id03589/00002_id00634_z5t9oJizDQg.npz,-1.7128419876098633,-1.7128419876098633,5.036006450653076,1
FakeVideo-RealAudio/Caucasian (European)/women/id03589/00002_id03649_389qfFqUddI.npz,-2.1728477478027344,-2.1728477478027344,5.0473527908325195,1
FakeVideo-RealAudio/Caucasian (European)/women/id03589/00002_id03844_wavtolip.npz,-3.1299595832824707,-3.1299595832824707,4.693475723266602,1
FakeVideo-RealAudio/Caucasian (European)/women/id03589/00002_id03858_uKVqPfRf-ac.npz,-2.0526068210601807,-2.0526068210601807,4.990651607513428,1
FakeVideo-RealAudio/Caucasian (European)/women/id03589/00002_id03858_wavtolip.npz,-3.264441967010498,-3.264441967010498,5.012598514556885,1
FakeVideo-RealAudio/Caucasian (European)/women/id03620/00081_id00068_wavtolip.npz,-1.287214756011963,-1.287214756011963,4.9571003913879395,1
FakeVideo-RealAudio/Caucasian (European)/women/id03620/00081_id00188_e-vm5FB3idA.npz,-1.1850550174713135,-1.1850550174713135,5.65419864654541,1
FakeVideo-RealAudio/Caucasian (European)/women/id03620/00081_id00270_wavtolip.npz,-1.9228062629699707,-1.9228062629699707,4.841432094573975,1
FakeVideo-RealAudio/Caucasian (European)/women/id03620/00081_id00287_2NpfYjyMsPM.npz,-1.4592750072479248,-1.4592750072479248,5.646594524383545,1
FakeVideo-RealAudio/Caucasian (European)/women/id03620/00081_id00325_4vJtbNe0L98.npz,-1.3572371006011963,-1.3572371006011963,5.678547382354736,1
FakeVideo-RealAudio/Caucasian (European)/women/id03620/00081_id00328_wavtolip.npz,-1.7848646640777588,-1.7848646640777588,4.727214813232422,1
FakeVideo-RealAudio/Caucasian (European)/women/id03620/00081_id00365_XV-imLNJvfk.npz,-1.3351914882659912,-1.3351914882659912,5.662261486053467,1
FakeVideo-RealAudio/Caucasian (European)/women/id03620/00081_id00373_5NXv3Dxkd6E.npz,-0.9156343340873718,-0.9156343340873718,5.66585636138916,1
FakeVideo-RealAudio/Caucasian (European)/women/id03620/00081_id00374_w1qI7y9AGTc.npz,-0.7475109100341797,-0.7475109100341797,5.679596424102783,1
FakeVideo-RealAudio/Caucasian (European)/women/id03620/00081_id00379_wavtolip.npz,-1.2899470329284668,-1.2899470329284668,4.749275207519531,1
FakeVideo-RealAudio/Caucasian (European)/women/id03620/00081_id00496_SImaDcXQnh8.npz,-1.2325639724731445,-1.2325639724731445,5.659066200256348,1
FakeVideo-RealAudio/Caucasian (European)/women/id03620/00081_id00496_SImaDcXQnh8_faceswap.npz,-1.0800704956054688,-1.0800704956054688,5.6587090492248535,1
FakeVideo-RealAudio/Caucasian (European)/women/id03620/00081_id00496_wavtolip.npz,-2.6300525665283203,-2.6300525665283203,5.3426642417907715,1
FakeVideo-RealAudio/Caucasian (European)/women/id03620/00081_id00581_wavtolip.npz,-1.5393540859222412,-1.5393540859222412,5.207136631011963,1
FakeVideo-RealAudio/Caucasian (European)/women/id03620/00081_id00589_wavtolip.npz,-1.0808206796646118,-1.0808206796646118,4.974361419677734,1
FakeVideo-RealAudio/Caucasian (European)/women/id03620/00081_id00633_wavtolip.npz,-1.2732369899749756,-1.2732369899749756,5.107658863067627,1
FakeVideo-RealAudio/Caucasian (European)/women/id03620/00081_id00806_wavtolip.npz,-1.982926607131958,-1.982926607131958,5.521001815795898,1
FakeVideo-RealAudio/Caucasian (European)/women/id03620/00081_id01018_VNPt_GB5QiE.npz,-1.017295241355896,-1.017295241355896,5.678452491760254,1
FakeVideo-RealAudio/Caucasian (European)/women/id03620/00081_id03651_EjcoRkL6loI.npz,-1.021749496459961,-1.021749496459961,5.656252384185791,1
FakeVideo-RealAudio/Caucasian (European)/women/id03620/00081_id03844_AEAEN1Lns2c.npz,-1.2057685852050781,-1.2057685852050781,5.686854839324951,1
FakeVideo-RealAudio/Caucasian (European)/women/id03620/00081_id03844_wavtolip.npz,-3.4552245140075684,-3.4552245140075684,4.6512274742126465,1
FakeVideo-RealAudio/Caucasian (European)/women/id00569/00239_0.npz,-2.7188494205474854,-2.7188494205474854,4.8695783615112305,1
FakeVideo-RealAudio/Caucasian (European)/women/id00569/00239_1.npz,-1.5132323503494263,-1.5132323503494263,4.905831336975098,1
FakeVideo-RealAudio/Caucasian (European)/women/id00569/00239_2.npz,-0.08437478542327881,-0.08437478542327881,5.357215404510498,1
FakeVideo-RealAudio/Caucasian (European)/women/id00569/00239_id00068_wavtolip.npz,-1.8643386363983154,-1.8643386363983154,4.600223541259766,1
FakeVideo-RealAudio/Caucasian (European)/women/id00569/00239_id00188_e-vm5FB3idA.npz,-2.415433645248413,-2.415433645248413,4.6522064208984375,1
FakeVideo-RealAudio/Caucasian (European)/women/id00569/00239_id00262_wavtolip.npz,-1.5638595819473267,-1.5638595819473267,4.656550407409668,1
FakeVideo-RealAudio/Caucasian (European)/women/id00569/00239_id00270_hoEQ70-sDME.npz,-1.950684905052185,-1.950684905052185,4.667184829711914,1
FakeVideo-RealAudio/Caucasian (European)/women/id00569/00239_id00328_wavtolip.npz,-2.6502254009246826,-2.6502254009246826,4.651214122772217,1
FakeVideo-RealAudio/Caucasian (European)/women/id00569/00239_id00330_wavtolip.npz,-2.090071201324463,-2.090071201324463,4.650996685028076,1
FakeVideo-RealAudio/Caucasian (European)/women/id00569/00239_id00373_5NXv3Dxkd6E.npz,-2.356228828430176,-2.356228828430176,4.652185440063477,1
FakeVideo-RealAudio/Caucasian (European)/women/id00569/00239_id00403_wavtolip.npz,-2.27333664894104,-2.27333664894104,4.588112831115723,1
FakeVideo-RealAudio/Caucasian (European)/women/id00569/00239_id00484_u7YTz8eFZv0.npz,-2.348846912384033,-2.348846912384033,4.662032127380371,1
FakeVideo-RealAudio/Caucasian (European)/women/id00569/00239_id00491_ShjiTWoOtM4.npz,-2.192371368408203,-2.192371368408203,4.632946968078613,1
FakeVideo-RealAudio/Caucasian (European)/women/id00569/00239_id00491_wavtolip.npz,-2.1335511207580566,-2.1335511207580566,4.602323055267334,1
FakeVideo-RealAudio/Caucasian (European)/women/id00569/00239_id00633_UXrTMta1EDM.npz,-2.294271469116211,-2.294271469116211,4.657281398773193,1
FakeVideo-RealAudio/Caucasian (European)/women/id00569/00239_id00735_wavtolip.npz,-2.1304569244384766,-2.1304569244384766,4.636457443237305,1
FakeVideo-RealAudio/Caucasian (European)/women/id00569/00239_id00826_wavtolip.npz,-1.8745687007904053,-1.8745687007904053,4.638740539550781,1
FakeVideo-RealAudio/Caucasian (European)/women/id00569/00239_id00897_0ayFw8JhoyI.npz,-2.001412868499756,-2.001412868499756,4.648892402648926,1
FakeVideo-RealAudio/Caucasian (European)/women/id00569/00239_id01001_wavtolip.npz,-2.1818253993988037,-2.1818253993988037,4.686708450317383,1
FakeVideo-RealAudio/Caucasian (European)/women/id00569/00239_id01002_eQTviHjyISo.npz,-1.6959192752838135,-1.6959192752838135,4.623952865600586,1
FakeVideo-RealAudio/Caucasian (European)/women/id00569/00239_id01002_wavtolip.npz,-1.6362885236740112,-1.6362885236740112,4.60914421081543,1
FakeVideo-RealAudio/Caucasian (European)/women/id00569/00239_id01018_VNPt_GB5QiE.npz,-2.3411054611206055,-2.3411054611206055,4.662517070770264,1
FakeVideo-RealAudio/Caucasian (European)/women/id00569/00239_id03371_truKMXt8Dak.npz,-2.1854825019836426,-2.1854825019836426,4.64639139175415,1
FakeVideo-RealAudio/Caucasian (European)/women/id00365/00078_0.npz,-1.8595714569091797,-1.8595714569091797,5.012029647827148,1
FakeVideo-RealAudio/Caucasian (European)/women/id00365/00078_id00068_A7uFnQw--bY.npz,-2.2010788917541504,-2.2010788917541504,4.7145586013793945,1
FakeVideo-RealAudio/Caucasian (European)/women/id00365/00078_id00232_kL0cCveU1zg.npz,-2.3170599937438965,-2.3170599937438965,4.722109794616699,1
FakeVideo-RealAudio/Caucasian (European)/women/id00365/00078_id00287_2NpfYjyMsPM.npz,-2.2705578804016113,-2.2705578804016113,4.694404602050781,1
FakeVideo-RealAudio/Caucasian (European)/women/id00365/00078_id00325_wavtolip.npz,-1.854032278060913,-1.854032278060913,4.667656898498535,1
FakeVideo-RealAudio/Caucasian (European)/women/id00365/00078_id00330_zCFFgGSIZ_s_faceswap.npz,-2.6249184608459473,-2.6249184608459473,4.640868186950684,1
FakeVideo-RealAudio/Caucasian (European)/women/id00365/00078_id00365_wavtolip.npz,-3.0691990852355957,-3.0691990852355957,4.696040153503418,1
FakeVideo-RealAudio/Caucasian (European)/women/id00365/00078_id00379_wavtolip.npz,-2.0394859313964844,-2.0394859313964844,4.763571739196777,1
FakeVideo-RealAudio/Caucasian (European)/women/id00365/00078_id00395_wavtolip.npz,-2.010528326034546,-2.010528326034546,4.657690525054932,1
FakeVideo-RealAudio/Caucasian (European)/women/id00365/00078_id00484_u7YTz8eFZv0.npz,-2.4570040702819824,-2.4570040702819824,4.726834774017334,1
FakeVideo-RealAudio/Caucasian (European)/women/id00365/00078_id00495_E46aiMUC4A0.npz,-1.4042630195617676,-1.4042630195617676,4.764579772949219,1
FakeVideo-RealAudio/Caucasian (European)/women/id00365/00078_id00634_wavtolip.npz,-1.8794100284576416,-1.8794100284576416,4.699557304382324,1
FakeVideo-RealAudio/Caucasian (European)/women/id00365/00078_id00735_wavtolip.npz,-1.4296863079071045,-1.4296863079071045,4.679033279418945,1
FakeVideo-RealAudio/Caucasian (European)/women/id00365/00078_id00813_dKs9CWJIkSI.npz,-1.750067949295044,-1.750067949295044,4.711750507354736,1
FakeVideo-RealAudio/Caucasian (European)/women/id00365/00078_id00813_wavtolip.npz,-2.4636614322662354,-2.4636614322662354,4.666518688201904,1
FakeVideo-RealAudio/Caucasian (European)/women/id00365/00078_id00823_wavtolip.npz,-1.850105881690979,-1.850105881690979,4.586780071258545,1
FakeVideo-RealAudio/Caucasian (European)/women/id00365/00078_id01002_wavtolip.npz,-1.4512301683425903,-1.4512301683425903,4.588566780090332,1
FakeVideo-RealAudio/Caucasian (European)/women/id00365/00078_id03858_uKVqPfRf-ac.npz,-1.7436041831970215,-1.7436041831970215,4.687656402587891,1
FakeVideo-RealAudio/Caucasian (European)/women/id00365/00078_id03941_wavtolip.npz,-1.2852776050567627,-1.2852776050567627,4.609616279602051,1
FakeVideo-RealAudio/Caucasian (European)/women/id01002/00043_0.npz,-1.7136943340301514,-1.7136943340301514,5.1988372802734375,1
FakeVideo-RealAudio/Caucasian (European)/women/id01002/00043_id00042_wavtolip.npz,-1.1108052730560303,-1.1108052730560303,4.594881057739258,1
FakeVideo-RealAudio/Caucasian (European)/women/id01002/00043_id00188_e-vm5FB3idA.npz,-1.597855806350708,-1.597855806350708,4.55525016784668,1
FakeVideo-RealAudio/Caucasian (European)/women/id01002/00043_id00232_wavtolip.npz,-2.8285369873046875,-2.8285369873046875,4.6204328536987305,1
FakeVideo-RealAudio/Caucasian (European)/women/id01002/00043_id00270_wavtolip.npz,-1.1555149555206299,-1.1555149555206299,4.615996837615967,1
FakeVideo-RealAudio/Caucasian (European)/women/id01002/00043_id00287_2NpfYjyMsPM.npz,-1.4984691143035889,-1.4984691143035889,4.560367107391357,1
FakeVideo-RealAudio/Caucasian (European)/women/id01002/00043_id00325_4vJtbNe0L98.npz,-1.635960340499878,-1.635960340499878,4.552787780761719,1
FakeVideo-RealAudio/Caucasian (European)/women/id01002/00043_id00365_wavtolip.npz,-2.6513543128967285,-2.6513543128967285,4.646917343139648,1
FakeVideo-RealAudio/Caucasian (European)/women/id01002/00043_id00379_wavtolip.npz,-1.5176997184753418,-1.5176997184753418,4.633585453033447,1
FakeVideo-RealAudio/Caucasian (European)/women/id01002/00043_id00395_wavtolip.npz,-1.2105233669281006,-1.2105233669281006,4.658872604370117,1
FakeVideo-RealAudio/Caucasian (European)/women/id01002/00043_id00491_ShjiTWoOtM4.npz,-1.6620343923568726,-1.6620343923568726,4.572200775146484,1
FakeVideo-RealAudio/Caucasian (European)/women/id01002/00043_id00569_gSynmpwioV4.npz,-1.60628080368042,-1.60628080368042,4.5319623947143555,1
FakeVideo-RealAudio/Caucasian (European)/women/id01002/00043_id00581_7AxvP19LGKg.npz,-1.5920963287353516,-1.5920963287353516,4.561947345733643,1
FakeVideo-RealAudio/Caucasian (European)/women/id01002/00043_id00633_UXrTMta1EDM.npz,-1.6075530052185059,-1.6075530052185059,4.53653621673584,1
FakeVideo-RealAudio/Caucasian (European)/women/id01002/00043_id00633_UXrTMta1EDM_faceswap.npz,-1.4288523197174072,-1.4288523197174072,4.602405548095703,1
FakeVideo-RealAudio/Caucasian (European)/women/id01002/00043_id00633_wavtolip.npz,-1.644113540649414,-1.644113540649414,4.561795234680176,1
FakeVideo-RealAudio/Caucasian (European)/women/id01002/00043_id00823_wavtolip.npz,-1.3484992980957031,-1.3484992980957031,4.645493984222412,1
FakeVideo-RealAudio/Caucasian (European)/women/id01002/00043_id01001_dHJc8dh9X8c.npz,-1.5717055797576904,-1.5717055797576904,4.594790935516357,1
FakeVideo-RealAudio/Caucasian (European)/women/id01002/00043_id03371_truKMXt8Dak.npz,-1.6093478202819824,-1.6093478202819824,4.536035537719727,1
FakeVideo-RealAudio/Caucasian (European)/women/id01002/00043_id03620_wavtolip.npz,-0.8139220476150513,-0.8139220476150513,4.570359230041504,1
FakeVideo-RealAudio/Caucasian (European)/women/id01002/00043_id03651_EjcoRkL6loI.npz,-1.5533885955810547,-1.5533885955810547,4.542690277099609,1
FakeVideo-RealAudio/Caucasian (European)/women/id01002/00043_id03941_wavtolip.npz,-1.0289217233657837,-1.0289217233657837,4.611146450042725,1
FakeVideo-RealAudio/Caucasian (European)/women/id00373/00028_0.npz,-1.9299330711364746,-1.9299330711364746,5.284546375274658,1
FakeVideo-RealAudio/Caucasian (European)/women/id00373/00028_id00188_e-vm5FB3idA.npz,0.16326642036437988,0.16326642036437988,5.3766679763793945,1
FakeVideo-RealAudio/Caucasian (European)/women/id00373/00028_id00232_wavtolip.npz,-3.0205836296081543,-3.0205836296081543,5.033853530883789,1
FakeVideo-RealAudio/Caucasian (European)/women/id00373/00028_id00328_ytKnCbJSEcU.npz,0.12486684322357178,0.12486684322357178,5.357651710510254,1
FakeVideo-RealAudio/Caucasian (European)/women/id00373/00028_id00330_zCFFgGSIZ_s.npz,0.15787625312805176,0.15787625312805176,5.375411510467529,1
FakeVideo-RealAudio/Caucasian (European)/women/id00373/00028_id00374_w1qI7y9AGTc.npz,0.2617380619049072,0.2617380619049072,5.408583164215088,1
FakeVideo-RealAudio/Caucasian (European)/women/id00373/00028_id00379_wavtolip.npz,-2.0292210578918457,-2.0292210578918457,4.730746269226074,1
FakeVideo-RealAudio/Caucasian (European)/women/id00373/00028_id00434_wavtolip.npz,-1.3608496189117432,-1.3608496189117432,5.318508625030518,1
FakeVideo-RealAudio/Caucasian (European)/women/id00373/00028_id00484_u7YTz8eFZv0.npz,0.15856444835662842,0.15856444835662842,5.381555557250977,1
FakeVideo-RealAudio/Caucasian (European)/women/id00373/00028_id00484_wavtolip.npz,-2.535031795501709,-2.535031795501709,4.753722190856934,1
FakeVideo-RealAudio/Caucasian (European)/women/id00373/00028_id00495_E46aiMUC4A0.npz,0.04734480381011963,0.04734480381011963,5.358468532562256,1
FakeVideo-RealAudio/Caucasian (European)/women/id00373/00028_id00495_wavtolip.npz,-2.4505391120910645,-2.4505391120910645,4.530971527099609,1
FakeVideo-RealAudio/Caucasian (European)/women/id00373/00028_id00569_gSynmpwioV4.npz,0.20495915412902832,0.20495915412902832,5.378938674926758,1
FakeVideo-RealAudio/Caucasian (European)/women/id00373/00028_id00589_uOzKwYEVR6s.npz,0.0847771167755127,0.0847771167755127,5.3613739013671875,1
FakeVideo-RealAudio/Caucasian (European)/women/id00373/00028_id00823_KgExwCvgrUk.npz,0.2501375675201416,0.2501375675201416,5.376840591430664,1
FakeVideo-RealAudio/Caucasian (European)/women/id00373/00028_id00823_wavtolip.npz,-2.0959270000457764,-2.0959270000457764,4.5900797843933105,1
FakeVideo-RealAudio/Caucasian (European)/women/id00373/00028_id00897_0ayFw8JhoyI.npz,0.0034363269805908203,0.0034363269805908203,5.398453235626221,1
FakeVideo-RealAudio/Caucasian (European)/women/id00373/00028_id01001_wavtolip.npz,-2.274463176727295,-2.274463176727295,4.762543678283691,1
FakeVideo-RealAudio/Caucasian (European)/women/id00373/00028_id03371_wavtolip.npz,-2.698937177658081,-2.698937177658081,5.13335657119751,1
FakeVideo-RealAudio/Caucasian (European)/women/id00373/00028_id03620_wavtolip.npz,-1.1240568161010742,-1.1240568161010742,5.398111343383789,1
FakeVideo-RealAudio/Caucasian (European)/women/id00373/00028_id03941_wavtolip.npz,-1.7303376197814941,-1.7303376197814941,4.585547924041748,1
FakeVideo-RealAudio/Caucasian (European)/women/id03649/00001_0.npz,-1.0090715885162354,-1.0090715885162354,5.571383476257324,1
FakeVideo-RealAudio/Caucasian (European)/women/id03649/00001_id00068_A7uFnQw--bY.npz,-2.270448684692383,-2.270448684692383,4.722748756408691,1
FakeVideo-RealAudio/Caucasian (European)/women/id03649/00001_id00188_e-vm5FB3idA.npz,-1.8275442123413086,-1.8275442123413086,4.689910411834717,1
FakeVideo-RealAudio/Caucasian (European)/women/id03649/00001_id00271_wavtolip.npz,-1.6752912998199463,-1.6752912998199463,4.530714511871338,1
FakeVideo-RealAudio/Caucasian (European)/women/id03649/00001_id00325_4vJtbNe0L98.npz,-1.8718714714050293,-1.8718714714050293,4.747033596038818,1
FakeVideo-RealAudio/Caucasian (European)/women/id03649/00001_id00325_wavtolip.npz,-1.4277681112289429,-1.4277681112289429,4.686753749847412,1
FakeVideo-RealAudio/Caucasian (European)/women/id03649/00001_id00330_wavtolip.npz,-1.2510297298431396,-1.2510297298431396,4.660833835601807,1
FakeVideo-RealAudio/Caucasian (European)/women/id03649/00001_id00373_wavtolip.npz,0.04783439636230469,0.04783439636230469,4.727939128875732,1
FakeVideo-RealAudio/Caucasian (European)/women/id03649/00001_id00374_wavtolip.npz,-2.227332353591919,-2.227332353591919,4.690097332000732,1
FakeVideo-RealAudio/Caucasian (European)/women/id03649/00001_id00403_wavtolip.npz,-2.4423296451568604,-2.4423296451568604,4.621417045593262,1
FakeVideo-RealAudio/Caucasian (European)/women/id03649/00001_id00491_wavtolip.npz,-1.0445151329040527,-1.0445151329040527,4.6576361656188965,1
FakeVideo-RealAudio/Caucasian (European)/women/id03649/00001_id00495_wavtolip.npz,-2.827744960784912,-2.827744960784912,4.58135986328125,1
FakeVideo-RealAudio/Caucasian (European)/women/id03649/00001_id00569_gSynmpwioV4.npz,-1.8778929710388184,-1.8778929710388184,4.684237480163574,1
FakeVideo-RealAudio/Caucasian (European)/women/id03649/00001_id00581_wavtolip.npz,-1.7941017150878906,-1.7941017150878906,4.679128170013428,1
FakeVideo-RealAudio/Caucasian (European)/women/id03649/00001_id00589_uOzKwYEVR6s.npz,-1.5648226737976074,-1.5648226737976074,4.755606651306152,1
FakeVideo-RealAudio/Caucasian (European)/women/id03649/00001_id00591_1Jo8xElXQMs.npz,-2.870126247406006,-2.870126247406006,4.72783088684082,1
FakeVideo-RealAudio/Caucasian (European)/women/id03649/00001_id00633_UXrTMta1EDM.npz,-3.5035290718078613,-3.5035290718078613,4.713497161865234,1
FakeVideo-RealAudio/Caucasian (European)/women/id03649/00001_id00634_z5t9oJizDQg.npz,-2.4429900646209717,-2.4429900646209717,4.7239251136779785,1
FakeVideo-RealAudio/Caucasian (European)/women/id03649/00001_id00634_z5t9oJizDQg_faceswap.npz,-1.6242296695709229,-1.6242296695709229,4.728642463684082,1
FakeVideo-RealAudio/Caucasian (European)/women/id03649/00001_id00823_wavtolip.npz,-1.3243162631988525,-1.3243162631988525,4.600505352020264,1
FakeVideo-RealAudio/Caucasian (European)/women/id03649/00001_id00826_MYagwzy91Yk.npz,-1.9951965808868408,-1.9951965808868408,4.728020191192627,1
FakeVideo-RealAudio/Caucasian (European)/women/id03649/00001_id03589_9NxOQlwpMys.npz,-1.941415548324585,-1.941415548324585,4.712791919708252,1
FakeVideo-RealAudio/Caucasian (European)/women/id00379/00043_id00071_wavtolip.npz,-1.909625768661499,-1.909625768661499,4.591816425323486,1
FakeVideo-RealAudio/Caucasian (European)/women/id00379/00043_id00188_e-vm5FB3idA.npz,-1.4131531715393066,-1.4131531715393066,4.778712749481201,1
FakeVideo-RealAudio/Caucasian (European)/women/id00379/00043_id00262_3p7sRWAAh1Q.npz,-0.9537355899810791,-0.9537355899810791,4.717254161834717,1
FakeVideo-RealAudio/Caucasian (European)/women/id00379/00043_id00270_hoEQ70-sDME.npz,-1.6996078491210938,-1.6996078491210938,4.701670169830322,1
FakeVideo-RealAudio/Caucasian (European)/women/id00379/00043_id00287_2NpfYjyMsPM.npz,-0.8503513336181641,-0.8503513336181641,4.7331037521362305,1
FakeVideo-RealAudio/Caucasian (European)/women/id00379/00043_id00328_wavtolip.npz,-2.490959644317627,-2.490959644317627,4.791847229003906,1
FakeVideo-RealAudio/Caucasian (European)/women/id00379/00043_id00330_wavtolip.npz,-1.5609204769134521,-1.5609204769134521,4.795330047607422,1
FakeVideo-RealAudio/Caucasian (European)/women/id00379/00043_id00491_wavtolip.npz,-1.6843852996826172,-1.6843852996826172,4.633760452270508,1
FakeVideo-RealAudio/Caucasian (European)/women/id00379/00043_id00496_SImaDcXQnh8.npz,-1.356032371520996,-1.356032371520996,4.7083539962768555,1
FakeVideo-RealAudio/Caucasian (European)/women/id00379/00043_id00569_wavtolip.npz,-2.8234291076660156,-2.8234291076660156,4.6955790519714355,1
FakeVideo-RealAudio/Caucasian (European)/women/id00379/00043_id00581_wavtolip.npz,-1.4728013277053833,-1.4728013277053833,4.759930610656738,1
FakeVideo-RealAudio/Caucasian (European)/women/id00379/00043_id00633_UXrTMta1EDM.npz,-1.4227635860443115,-1.4227635860443115,4.732847213745117,1
FakeVideo-RealAudio/Caucasian (European)/women/id00379/00043_id00633_UXrTMta1EDM_faceswap.npz,-1.6471617221832275,-1.6471617221832275,4.693970203399658,1
FakeVideo-RealAudio/Caucasian (European)/women/id00379/00043_id00806_0sk9s9lFIAk.npz,-1.883376121520996,-1.883376121520996,4.750546455383301,1
FakeVideo-RealAudio/Caucasian (European)/women/id00379/00043_id00823_wavtolip.npz,-1.779435634613037,-1.779435634613037,4.602249622344971,1
FakeVideo-RealAudio/Caucasian (European)/women/id00379/00043_id00897_0ayFw8JhoyI.npz,-0.7572917938232422,-0.7572917938232422,4.7656097412109375,1
FakeVideo-RealAudio/Caucasian (European)/women/id00379/00043_id00897_wavtolip.npz,-1.1088099479675293,-1.1088099479675293,4.724363803863525,1
FakeVideo-RealAudio/Caucasian (European)/women/id00379/00043_id03371_wavtolip.npz,-2.356729030609131,-2.356729030609131,4.7405266761779785,1
FakeVideo-RealAudio/Caucasian (European)/women/id00379/00043_id03651_wavtolip.npz,-1.207352638244629,-1.207352638244629,4.6139092445373535,1
FakeVideo-RealAudio/Caucasian (European)/women/id00379/00043_id03716_s-lxbGafZQA.npz,-1.432525396347046,-1.432525396347046,4.680606365203857,1
FakeVideo-RealAudio/Caucasian (European)/women/id00332/00293_0.npz,-1.718592882156372,-1.718592882156372,4.901802062988281,1
FakeVideo-RealAudio/Caucasian (European)/women/id00332/00293_id00188_wavtolip.npz,-2.1666901111602783,-2.1666901111602783,4.682011127471924,1
FakeVideo-RealAudio/Caucasian (European)/women/id00332/00293_id00234_M3g5KRLJB60.npz,-1.403568983078003,-1.403568983078003,4.930395603179932,1
FakeVideo-RealAudio/Caucasian (European)/women/id00332/00293_id00270_hoEQ70-sDME.npz,-1.431030035018921,-1.431030035018921,4.9255690574646,1
FakeVideo-RealAudio/Caucasian (European)/women/id00332/00293_id00270_wavtolip.npz,-2.1131210327148438,-2.1131210327148438,4.897516250610352,1
FakeVideo-RealAudio/Caucasian (European)/women/id00332/00293_id00287_wavtolip.npz,-2.255174160003662,-2.255174160003662,4.532807350158691,1
FakeVideo-RealAudio/Caucasian (European)/women/id00332/00293_id00330_zCFFgGSIZ_s.npz,-1.5925465822219849,-1.5925465822219849,4.922041893005371,1
FakeVideo-RealAudio/Caucasian (European)/women/id00332/00293_id00365_wavtolip.npz,-1.9201140403747559,-1.9201140403747559,4.7563652992248535,1
FakeVideo-RealAudio/Caucasian (European)/women/id00332/00293_id00434_HPXkk-HGXVI.npz,-1.3135697841644287,-1.3135697841644287,4.958414077758789,1
FakeVideo-RealAudio/Caucasian (European)/women/id00332/00293_id00496_wavtolip.npz,-3.055656671524048,-3.055656671524048,4.946958541870117,1
FakeVideo-RealAudio/Caucasian (European)/women/id00332/00293_id00581_wavtolip.npz,-1.8075144290924072,-1.8075144290924072,4.961549758911133,1
FakeVideo-RealAudio/Caucasian (European)/women/id00332/00293_id00591_1Jo8xElXQMs.npz,-1.3527779579162598,-1.3527779579162598,4.919869899749756,1
FakeVideo-RealAudio/Caucasian (European)/women/id00332/00293_id00591_wavtolip.npz,-2.6190404891967773,-2.6190404891967773,4.5676703453063965,1
FakeVideo-RealAudio/Caucasian (European)/women/id00332/00293_id00633_UXrTMta1EDM.npz,-1.439997673034668,-1.439997673034668,4.919775485992432,1
FakeVideo-RealAudio/Caucasian (European)/women/id00332/00293_id00826_wavtolip.npz,-2.5881567001342773,-2.5881567001342773,4.871027946472168,1
FakeVideo-RealAudio/Caucasian (European)/women/id00332/00293_id00897_0ayFw8JhoyI.npz,-1.5142631530761719,-1.5142631530761719,4.893338680267334,1
FakeVideo-RealAudio/Caucasian (European)/women/id00332/00293_id01018_wavtolip.npz,-2.6923155784606934,-2.6923155784606934,4.960766792297363,1
FakeVideo-RealAudio/Caucasian (European)/women/id00332/00293_id03371_wavtolip.npz,-3.3672256469726562,-3.3672256469726562,4.899490833282471,1
FakeVideo-RealAudio/Caucasian (European)/women/id00332/00293_id03858_uKVqPfRf-ac.npz,-1.5180302858352661,-1.5180302858352661,4.913660049438477,1
FakeVideo-RealAudio/Caucasian (European)/women/id00325/00015_id00042_4yuJSkaZwn0.npz,-1.662055492401123,-1.662055492401123,5.048991680145264,1
FakeVideo-RealAudio/Caucasian (European)/women/id00325/00015_id00042_4yuJSkaZwn0_faceswap.npz,-2.3672642707824707,-2.3672642707824707,4.973282337188721,1
FakeVideo-RealAudio/Caucasian (European)/women/id00325/00015_id00042_wavtolip.npz,-1.0558345317840576,-1.0558345317840576,4.806807994842529,1
FakeVideo-RealAudio/Caucasian (European)/women/id00325/00015_id00188_wavtolip.npz,-1.1440281867980957,-1.1440281867980957,4.638216018676758,1
FakeVideo-RealAudio/Caucasian (European)/women/id00325/00015_id00262_wavtolip.npz,-1.0879251956939697,-1.0879251956939697,5.04962158203125,1
FakeVideo-RealAudio/Caucasian (European)/women/id00325/00015_id00287_2NpfYjyMsPM.npz,-2.032461166381836,-2.032461166381836,5.061037540435791,1
FakeVideo-RealAudio/Caucasian (European)/women/id00325/00015_id00365_XV-imLNJvfk.npz,-1.6798415184020996,-1.6798415184020996,5.049347400665283,1
FakeVideo-RealAudio/Caucasian (European)/women/id00325/00015_id00569_wavtolip.npz,-2.3372445106506348,-2.3372445106506348,4.681514739990234,1
FakeVideo-RealAudio/Caucasian (European)/women/id00325/00015_id00581_wavtolip.npz,-1.8205291032791138,-1.8205291032791138,5.002935886383057,1
FakeVideo-RealAudio/Caucasian (European)/women/id00325/00015_id00589_wavtolip.npz,-1.2481300830841064,-1.2481300830841064,4.936925411224365,1
FakeVideo-RealAudio/Caucasian (European)/women/id00325/00015_id00591_1Jo8xElXQMs.npz,-1.8175625801086426,-1.8175625801086426,5.053617000579834,1
FakeVideo-RealAudio/Caucasian (European)/women/id00325/00015_id00591_wavtolip.npz,-2.3038182258605957,-2.3038182258605957,4.5568013191223145,1
FakeVideo-RealAudio/Caucasian (European)/women/id00325/00015_id00633_UXrTMta1EDM.npz,-1.9576823711395264,-1.9576823711395264,5.051161289215088,1
FakeVideo-RealAudio/Caucasian (European)/women/id00325/00015_id00897_0ayFw8JhoyI.npz,-2.073979139328003,-2.073979139328003,5.063801288604736,1
FakeVideo-RealAudio/Caucasian (European)/women/id00325/00015_id01002_eQTviHjyISo.npz,-1.4899749755859375,-1.4899749755859375,5.048069477081299,1
FakeVideo-RealAudio/Caucasian (European)/women/id00325/00015_id03371_wavtolip.npz,-1.761521816253662,-1.761521816253662,5.007864475250244,1
FakeVideo-RealAudio/Caucasian (European)/women/id00325/00015_id03620_YkXM5A8w07E.npz,-1.9556574821472168,-1.9556574821472168,5.041035175323486,1
FakeVideo-RealAudio/Caucasian (European)/women/id00325/00015_id03649_389qfFqUddI.npz,-1.8402605056762695,-1.8402605056762695,5.058248996734619,1
FakeVideo-RealAudio/Caucasian (European)/women/id00325/00015_id03649_wavtolip.npz,-1.3431103229522705,-1.3431103229522705,4.651510715484619,1
FakeVideo-RealAudio/Caucasian (European)/women/id00325/00015_id03651_EjcoRkL6loI.npz,-1.7627880573272705,-1.7627880573272705,5.038931846618652,1
FakeVideo-RealAudio/Caucasian (European)/women/id00325/00015_id03858_wavtolip.npz,-1.8862519264221191,-1.8862519264221191,5.036523342132568,1
FakeVideo-RealAudio/Caucasian (European)/women/id03716/00040_0.npz,-1.8836565017700195,-1.8836565017700195,4.988525390625,1
FakeVideo-RealAudio/Caucasian (European)/women/id03716/00040_id00068_wavtolip.npz,-1.0032200813293457,-1.0032200813293457,4.917017459869385,1
FakeVideo-RealAudio/Caucasian (European)/women/id03716/00040_id00234_wavtolip.npz,-2.992709159851074,-2.992709159851074,5.0456695556640625,1
FakeVideo-RealAudio/Caucasian (European)/women/id03716/00040_id00328_wavtolip.npz,-2.347886323928833,-2.347886323928833,4.699248313903809,1
FakeVideo-RealAudio/Caucasian (European)/women/id03716/00040_id00330_wavtolip.npz,-2.240079641342163,-2.240079641342163,4.963955402374268,1
FakeVideo-RealAudio/Caucasian (European)/women/id03716/00040_id00332__zNddcZV1EU.npz,-2.52178955078125,-2.52178955078125,5.280585765838623,1
FakeVideo-RealAudio/Caucasian (European)/women/id03716/00040_id00365_XV-imLNJvfk.npz,-2.5224132537841797,-2.5224132537841797,5.247735023498535,1
FakeVideo-RealAudio/Caucasian (European)/women/id03716/00040_id00365_wavtolip.npz,-1.8558287620544434,-1.8558287620544434,4.665293216705322,1
FakeVideo-RealAudio/Caucasian (European)/women/id03716/00040_id00373_wavtolip.npz,-0.08437132835388184,-0.08437132835388184,5.403782844543457,1
FakeVideo-RealAudio/Caucasian (European)/women/id03716/00040_id00379_fgkgYHCuk4g.npz,-2.297074317932129,-2.297074317932129,5.272254943847656,1
FakeVideo-RealAudio/Caucasian (European)/women/id03716/00040_id00395_wM5kGJfTtEM.npz,-2.5665674209594727,-2.5665674209594727,5.299164772033691,1
FakeVideo-RealAudio/Caucasian (European)/women/id03716/00040_id00591_1Jo8xElXQMs.npz,-2.3191027641296387,-2.3191027641296387,5.267758846282959,1
FakeVideo-RealAudio/Caucasian (European)/women/id03716/00040_id00633_UXrTMta1EDM.npz,-2.3381547927856445,-2.3381547927856445,5.302314758300781,1
FakeVideo-RealAudio/Caucasian (European)/women/id03716/00040_id00633_wavtolip.npz,-2.670119524002075,-2.670119524002075,5.064068794250488,1
FakeVideo-RealAudio/Caucasian (European)/women/id03716/00040_id00813_wavtolip.npz,-1.3658766746520996,-1.3658766746520996,5.308906078338623,1
FakeVideo-RealAudio/Caucasian (European)/women/id03716/00040_id00826_wavtolip.npz,-2.0284485816955566,-2.0284485816955566,4.852730751037598,1
FakeVideo-RealAudio/Caucasian (European)/women/id03716/00040_id00897_0ayFw8JhoyI.npz,-2.3225438594818115,-2.3225438594818115,5.300257205963135,1
FakeVideo-RealAudio/Caucasian (European)/women/id03716/00040_id03651_EjcoRkL6loI.npz,-2.20455265045166,-2.20455265045166,5.293398857116699,1
FakeVideo-RealAudio/Caucasian (European)/women/id03716/00040_id03651_EjcoRkL6loI_faceswap.npz,-2.206254243850708,-2.206254243850708,5.283890247344971,1
FakeVideo-RealAudio/Caucasian (European)/women/id03716/00040_id03716_wavtolip.npz,-2.2395248413085938,-2.2395248413085938,5.339519023895264,1
FakeVideo-RealAudio/Caucasian (European)/women/id03716/00040_id03816_XXD0yTNei50.npz,-2.1156957149505615,-2.1156957149505615,5.3001556396484375,1
FakeVideo-RealAudio/Caucasian (European)/women/id03716/00040_id03858_uKVqPfRf-ac.npz,-2.3847179412841797,-2.3847179412841797,5.2673444747924805,1
FakeVideo-RealAudio/Caucasian (European)/women/id00262/00028_0.npz,-1.4565566778182983,-1.4565566778182983,4.938568592071533,1
FakeVideo-RealAudio/Caucasian (European)/women/id00262/00028_id00068_wavtolip.npz,-1.5109529495239258,-1.5109529495239258,4.984857559204102,1
FakeVideo-RealAudio/Caucasian (European)/women/id00262/00028_id00071_JU1cVINUTZA.npz,-0.7247366905212402,-0.7247366905212402,5.610893249511719,1
FakeVideo-RealAudio/Caucasian (European)/women/id00262/00028_id00270_hoEQ70-sDME.npz,-0.6434135437011719,-0.6434135437011719,5.6104207038879395,1
FakeVideo-RealAudio/Caucasian (European)/women/id00262/00028_id00270_wavtolip.npz,-1.8813254833221436,-1.8813254833221436,4.836079120635986,1
FakeVideo-RealAudio/Caucasian (European)/women/id00262/00028_id00271_wavtolip.npz,-1.769083023071289,-1.769083023071289,4.492417335510254,1
FakeVideo-RealAudio/Caucasian (European)/women/id00262/00028_id00287_2NpfYjyMsPM.npz,-0.5608532428741455,-0.5608532428741455,5.607675552368164,1
FakeVideo-RealAudio/Caucasian (European)/women/id00262/00028_id00287_2NpfYjyMsPM_faceswap.npz,-1.2530996799468994,-1.2530996799468994,5.569049835205078,1
FakeVideo-RealAudio/Caucasian (European)/women/id00262/00028_id00365_wavtolip.npz,-2.971641778945923,-2.971641778945923,4.760363578796387,1
FakeVideo-RealAudio/Caucasian (European)/women/id00262/00028_id00373_wavtolip.npz,-0.13096320629119873,-0.13096320629119873,5.460318088531494,1
FakeVideo-RealAudio/Caucasian (European)/women/id00262/00028_id00395_wM5kGJfTtEM.npz,-0.4730825424194336,-0.4730825424194336,5.618768692016602,1
FakeVideo-RealAudio/Caucasian (European)/women/id00262/00028_id00495_E46aiMUC4A0.npz,-0.28816652297973633,-0.28816652297973633,5.612565517425537,1
FakeVideo-RealAudio/Caucasian (European)/women/id00262/00028_id00496_SImaDcXQnh8.npz,-0.5096831321716309,-0.5096831321716309,5.6230878829956055,1
FakeVideo-RealAudio/Caucasian (European)/women/id00262/00028_id00496_wavtolip.npz,-2.3938424587249756,-2.3938424587249756,5.360239028930664,1
FakeVideo-RealAudio/Caucasian (European)/women/id00262/00028_id00633_UXrTMta1EDM.npz,-0.6060726642608643,-0.6060726642608643,5.623539447784424,1
FakeVideo-RealAudio/Caucasian (European)/women/id00262/00028_id00633_wavtolip.npz,-1.9188039302825928,-1.9188039302825928,5.071563243865967,1
FakeVideo-RealAudio/Caucasian (European)/women/id00262/00028_id00634_wavtolip.npz,-2.156893491744995,-2.156893491744995,5.153984069824219,1
FakeVideo-RealAudio/Caucasian (European)/women/id00262/00028_id00813_dKs9CWJIkSI.npz,-0.5130891799926758,-0.5130891799926758,5.653907299041748,1
FakeVideo-RealAudio/Caucasian (European)/women/id00262/00028_id00826_wavtolip.npz,-2.660813808441162,-2.660813808441162,4.859273910522461,1
FakeVideo-RealAudio/Caucasian (European)/women/id00262/00028_id03816_XXD0yTNei50.npz,-0.6667277812957764,-0.6667277812957764,5.599409103393555,1
FakeVideo-RealAudio/Caucasian (European)/women/id00262/00028_id03816_wavtolip.npz,-0.8674664497375488,-0.8674664497375488,4.803521633148193,1
FakeVideo-RealAudio/Caucasian (European)/women/id00262/00028_id03941_SsYtP8Ze88Q.npz,-0.9977341890335083,-0.9977341890335083,5.595489978790283,1
FakeVideo-RealAudio/Caucasian (European)/women/id00328/00092_0.npz,-1.5981714725494385,-1.5981714725494385,5.051270961761475,1
FakeVideo-RealAudio/Caucasian (European)/women/id00328/00092_id00068_wavtolip.npz,-0.9742916822433472,-0.9742916822433472,4.772476673126221,1
FakeVideo-RealAudio/Caucasian (European)/women/id00328/00092_id00188_e-vm5FB3idA.npz,-1.849650502204895,-1.849650502204895,4.79869270324707,1
FakeVideo-RealAudio/Caucasian (European)/women/id00328/00092_id00188_wavtolip.npz,-1.0323562622070312,-1.0323562622070312,4.676014423370361,1
FakeVideo-RealAudio/Caucasian (European)/women/id00328/00092_id00232_kL0cCveU1zg.npz,-1.8819468021392822,-1.8819468021392822,4.799411296844482,1
FakeVideo-RealAudio/Caucasian (European)/women/id00328/00092_id00271_wavtolip.npz,-1.0739259719848633,-1.0739259719848633,4.562441349029541,1
FakeVideo-RealAudio/Caucasian (European)/women/id00328/00092_id00328_wavtolip.npz,-3.1498584747314453,-3.1498584747314453,4.743144512176514,1
FakeVideo-RealAudio/Caucasian (European)/women/id00328/00092_id00373_5NXv3Dxkd6E.npz,-1.5787042379379272,-1.5787042379379272,4.8165693283081055,1
FakeVideo-RealAudio/Caucasian (European)/women/id00328/00092_id00395_wavtolip.npz,-1.3719401359558105,-1.3719401359558105,4.631951332092285,1
FakeVideo-RealAudio/Caucasian (European)/women/id00328/00092_id00403_n4LSCxzFr6o.npz,-1.4943695068359375,-1.4943695068359375,4.78973388671875,1
FakeVideo-RealAudio/Caucasian (European)/women/id00328/00092_id00484_u7YTz8eFZv0.npz,-1.9468708038330078,-1.9468708038330078,4.781710624694824,1
FakeVideo-RealAudio/Caucasian (European)/women/id00328/00092_id00484_u7YTz8eFZv0_faceswap.npz,-1.4632899761199951,-1.4632899761199951,4.823536396026611,1
FakeVideo-RealAudio/Caucasian (European)/women/id00328/00092_id00491_wavtolip.npz,-1.167220115661621,-1.167220115661621,4.663527488708496,1
FakeVideo-RealAudio/Caucasian (European)/women/id00328/00092_id00495_E46aiMUC4A0.npz,-1.7786345481872559,-1.7786345481872559,4.8020429611206055,1
FakeVideo-RealAudio/Caucasian (European)/women/id00328/00092_id00569_wavtolip.npz,-2.139442205429077,-2.139442205429077,4.688792705535889,1
FakeVideo-RealAudio/Caucasian (European)/women/id00328/00092_id00735_wavtolip.npz,-1.6041066646575928,-1.6041066646575928,4.745192527770996,1
FakeVideo-RealAudio/Caucasian (European)/women/id00328/00092_id03371_truKMXt8Dak.npz,-1.8550992012023926,-1.8550992012023926,4.776257514953613,1
FakeVideo-RealAudio/Caucasian (European)/women/id00328/00092_id03620_YkXM5A8w07E.npz,-1.8374840021133423,-1.8374840021133423,4.796915054321289,1
FakeVideo-RealAudio/Caucasian (European)/women/id00328/00092_id03651_wavtolip.npz,-1.7723920345306396,-1.7723920345306396,4.568075180053711,1
FakeVideo-RealAudio/Caucasian (European)/women/id00328/00092_id03716_wavtolip.npz,-1.474607229232788,-1.474607229232788,4.767280101776123,1
FakeVideo-RealAudio/Caucasian (European)/women/id00328/00092_id03844_AEAEN1Lns2c.npz,-2.0141067504882812,-2.0141067504882812,4.7976226806640625,1
FakeVideo-RealAudio/Caucasian (European)/women/id00328/00092_id03858_uKVqPfRf-ac.npz,-2.023529529571533,-2.023529529571533,4.787293910980225,1
FakeVideo-RealAudio/Caucasian (European)/women/id00589/00130_0.npz,-1.867223858833313,-1.867223858833313,4.773231506347656,1
FakeVideo-RealAudio/Caucasian (European)/women/id00589/00130_id00042_wavtolip.npz,-0.9465364217758179,-0.9465364217758179,4.754393577575684,1
FakeVideo-RealAudio/Caucasian (European)/women/id00589/00130_id00188_wavtolip.npz,-1.37363600730896,-1.37363600730896,4.5949387550354,1
FakeVideo-RealAudio/Caucasian (European)/women/id00589/00130_id00232_wavtolip.npz,-2.768754720687866,-2.768754720687866,5.002771377563477,1
FakeVideo-RealAudio/Caucasian (European)/women/id00589/00130_id00262_wavtolip.npz,-1.5565333366394043,-1.5565333366394043,4.934388160705566,1
FakeVideo-RealAudio/Caucasian (European)/women/id00589/00130_id00270_wavtolip.npz,-2.7388081550598145,-2.7388081550598145,4.918465614318848,1
FakeVideo-RealAudio/Caucasian (European)/women/id00589/00130_id00271_je6JSLqEEcw.npz,-1.5209399461746216,-1.5209399461746216,4.915274620056152,1
FakeVideo-RealAudio/Caucasian (European)/women/id00589/00130_id00287_wavtolip.npz,-2.4242868423461914,-2.4242868423461914,4.547220230102539,1
FakeVideo-RealAudio/Caucasian (European)/women/id00589/00130_id00373_5NXv3Dxkd6E.npz,-1.522693395614624,-1.522693395614624,4.927596092224121,1
FakeVideo-RealAudio/Caucasian (European)/women/id00589/00130_id00495_E46aiMUC4A0.npz,-1.3635258674621582,-1.3635258674621582,4.970970630645752,1
FakeVideo-RealAudio/Caucasian (European)/women/id00589/00130_id00591_1Jo8xElXQMs.npz,-1.511112928390503,-1.511112928390503,4.909337043762207,1
FakeVideo-RealAudio/Caucasian (European)/women/id00589/00130_id00634_z5t9oJizDQg.npz,-1.621633768081665,-1.621633768081665,4.924397945404053,1
FakeVideo-RealAudio/Caucasian (European)/women/id00589/00130_id00634_z5t9oJizDQg_faceswap.npz,-1.7948296070098877,-1.7948296070098877,4.871521949768066,1
FakeVideo-RealAudio/Caucasian (European)/women/id00589/00130_id00735_wavtolip.npz,-1.8437533378601074,-1.8437533378601074,4.812567234039307,1
FakeVideo-RealAudio/Caucasian (European)/women/id00589/00130_id00813_wavtolip.npz,-1.2902965545654297,-1.2902965545654297,4.920806407928467,1
FakeVideo-RealAudio/Caucasian (European)/women/id00589/00130_id00897_0ayFw8JhoyI.npz,-1.46014404296875,-1.46014404296875,4.942056655883789,1
FakeVideo-RealAudio/Caucasian (European)/women/id00589/00130_id01002_wavtolip.npz,-1.629531979560852,-1.629531979560852,4.592042446136475,1
FakeVideo-RealAudio/Caucasian (European)/women/id00589/00130_id03589_9NxOQlwpMys.npz,-1.5627720355987549,-1.5627720355987549,4.893506050109863,1
FakeVideo-RealAudio/Caucasian (European)/women/id00589/00130_id03589_wavtolip.npz,-2.2767386436462402,-2.2767386436462402,4.912432670593262,1
FakeVideo-RealAudio/Caucasian (European)/women/id00589/00130_id03620_YkXM5A8w07E.npz,-1.4134615659713745,-1.4134615659713745,4.919058322906494,1
FakeVideo-RealAudio/Caucasian (European)/women/id00589/00130_id03649_389qfFqUddI.npz,-1.0899755954742432,-1.0899755954742432,4.935371398925781,1
FakeVideo-RealAudio/Caucasian (European)/women/id00589/00130_id03858_uKVqPfRf-ac.npz,-1.7229804992675781,-1.7229804992675781,4.89915657043457,1
RealVideo-FakeAudio/Asian (South)/men/id06354/00021_fake.npz,2.3156585693359375,2.3156585693359375,4.557814121246338,1
RealVideo-FakeAudio/Asian (South)/men/id08314/00028_fake.npz,3.1407880783081055,3.1407880783081055,5.294647693634033,1
RealVideo-FakeAudio/Asian (South)/men/id07233/00010_fake.npz,2.434084415435791,2.434084415435791,4.766456127166748,1
RealVideo-FakeAudio/Asian (South)/men/id07179/00206_fake.npz,2.830626964569092,2.830626964569092,5.095662593841553,1
RealVideo-FakeAudio/Asian (South)/men/id00860/00154_fake.npz,2.3501088619232178,2.3501088619232178,4.680902481079102,1
RealVideo-FakeAudio/Asian (South)/men/id07768/00143_fake.npz,2.5043156147003174,2.5043156147003174,5.032878875732422,1
RealVideo-FakeAudio/Asian (South)/men/id00078/00114_fake.npz,2.112053394317627,2.112053394317627,4.656998634338379,1
RealVideo-FakeAudio/Asian (South)/men/id03599/00072_fake.npz,2.7842018604278564,2.7842018604278564,5.150639057159424,1
RealVideo-FakeAudio/Asian (South)/men/id00745/00165_fake.npz,2.471116542816162,2.471116542816162,4.536632061004639,1
RealVideo-FakeAudio/Asian (South)/men/id07161/00159_fake.npz,2.3522706031799316,2.3522706031799316,4.582927227020264,1
RealVideo-FakeAudio/Asian (South)/men/id04561/00248_fake.npz,2.323988914489746,2.323988914489746,4.55349063873291,1
RealVideo-FakeAudio/Asian (South)/men/id07463/00028_fake.npz,2.60792875289917,2.60792875289917,5.070962429046631,1
RealVideo-FakeAudio/Asian (South)/men/id07182/00040_fake.npz,2.5031120777130127,2.5031120777130127,4.787177562713623,1
RealVideo-FakeAudio/Asian (South)/men/id00459/00382_fake.npz,3.143455743789673,3.143455743789673,5.4078168869018555,1
RealVideo-FakeAudio/Asian (South)/men/id04928/00027_fake.npz,2.6653056144714355,2.6653056144714355,5.138457775115967,1
RealVideo-FakeAudio/Asian (South)/men/id00032/00028_fake.npz,2.3564975261688232,2.3564975261688232,4.807541847229004,1
RealVideo-FakeAudio/Asian (South)/women/id04070/00072_fake.npz,2.694582462310791,2.694582462310791,4.758194446563721,1
RealVideo-FakeAudio/Asian (South)/women/id03985/00005_fake.npz,2.5330281257629395,2.5330281257629395,4.706660270690918,1
RealVideo-FakeAudio/Asian (South)/women/id00747/00053_fake.npz,2.946702480316162,2.946702480316162,4.951355457305908,1
RealVideo-FakeAudio/Asian (South)/women/id07689/00028_fake.npz,0.8953704833984375,0.8953704833984375,4.637845039367676,1
RealVideo-FakeAudio/Asian (South)/women/id05920/00161_fake.npz,2.1753718852996826,2.1753718852996826,4.769359111785889,1
RealVideo-FakeAudio/Asian (South)/women/id06254/00043_fake.npz,2.643101453781128,2.643101453781128,4.875113010406494,1
RealVideo-FakeAudio/Asian (South)/women/id00417/00069_fake.npz,2.4015324115753174,2.4015324115753174,4.7350969314575195,1
RealVideo-FakeAudio/Asian (South)/women/id05478/00135_fake.npz,2.734935760498047,2.734935760498047,4.973449230194092,1
RealVideo-FakeAudio/Asian (South)/women/id06445/00150_fake.npz,3.571226119995117,3.571226119995117,5.813165664672852,1
RealVideo-FakeAudio/Asian (South)/women/id04582/00180_fake.npz,3.1989033222198486,3.1989033222198486,5.454397678375244,1
RealVideo-FakeAudio/Asian (South)/women/id02089/00092_fake.npz,3.191695213317871,3.191695213317871,5.525751113891602,1
RealVideo-FakeAudio/Asian (South)/women/id00149/00284_fake.npz,2.8084049224853516,2.8084049224853516,4.932066917419434,1
RealVideo-FakeAudio/Asian (South)/women/id06439/00118_fake.npz,2.8851535320281982,2.8851535320281982,5.162312030792236,1
RealVideo-FakeAudio/Asian (South)/women/id05931/00013_fake.npz,2.5175137519836426,2.5175137519836426,4.896972179412842,1
RealVideo-FakeAudio/Asian (South)/women/id07051/00083_fake.npz,2.938842296600342,2.938842296600342,5.25859260559082,1
RealVideo-FakeAudio/African/men/id01835/00130_fake.npz,2.7787275314331055,2.7787275314331055,5.249793529510498,1
RealVideo-FakeAudio/African/men/id02040/00476_fake.npz,1.7259732484817505,1.7259732484817505,4.463870048522949,1
RealVideo-FakeAudio/African/men/id01392/00167_fake.npz,3.195476531982422,3.195476531982422,5.378101825714111,1
RealVideo-FakeAudio/African/men/id01717/00005_fake.npz,2.315715789794922,2.315715789794922,4.816107749938965,1
RealVideo-FakeAudio/African/men/id01779/00010_fake.npz,2.6627252101898193,2.6627252101898193,4.978489398956299,1
RealVideo-FakeAudio/African/men/id01179/00160_fake.npz,2.6443142890930176,2.6443142890930176,4.712331295013428,1
RealVideo-FakeAudio/African/men/id01528/00017_fake.npz,2.78556489944458,2.78556489944458,4.886995315551758,1
RealVideo-FakeAudio/African/men/id00076/00109_fake.npz,3.2183165550231934,3.2183165550231934,5.454211711883545,1
RealVideo-FakeAudio/African/men/id02268/00036_fake.npz,2.97532320022583,2.97532320022583,5.224722862243652,1
RealVideo-FakeAudio/African/men/id01170/00021_fake.npz,2.965517282485962,2.965517282485962,5.1712493896484375,1
RealVideo-FakeAudio/African/men/id01637/00002_fake.npz,2.6058225631713867,2.6058225631713867,4.912750720977783,1
RealVideo-FakeAudio/African/men/id02051/00015_fake.npz,2.1884446144104004,2.1884446144104004,4.652966499328613,1
RealVideo-FakeAudio/African/men/id00366/00118_fake.npz,3.046292781829834,3.046292781829834,5.419971466064453,1
RealVideo-FakeAudio/African/women/id00359/00053_fake.npz,2.376391649246216,2.376391649246216,4.68311882019043,1
RealVideo-FakeAudio/African/women/id01907/00148_fake.npz,2.3795437812805176,2.3795437812805176,4.591723442077637,1
RealVideo-FakeAudio/African/women/id01661/00059_fake.npz,2.3674607276916504,2.3674607276916504,4.572641372680664,1
RealVideo-FakeAudio/African/women/id03747/00273_fake.npz,3.4384021759033203,3.4384021759033203,5.768825054168701,1
RealVideo-FakeAudio/African/women/id03713/00249_fake.npz,2.3643946647644043,2.3643946647644043,4.7172136306762695,1
RealVideo-FakeAudio/African/women/id02721/00424_fake.npz,2.548859119415283,2.548859119415283,4.742597579956055,1
RealVideo-FakeAudio/African/women/id04547/00052_fake.npz,2.599184036254883,2.599184036254883,4.988504409790039,1
RealVideo-FakeAudio/African/women/id00220/00027_fake.npz,2.5287282466888428,2.5287282466888428,4.657296657562256,1
RealVideo-FakeAudio/African/women/id04820/00015_fake.npz,2.660202980041504,2.660202980041504,4.505367279052734,1
RealVideo-FakeAudio/African/women/id04736/00083_fake.npz,2.9463586807250977,2.9463586807250977,4.919071674346924,1
RealVideo-FakeAudio/African/women/id04376/00181_fake.npz,2.7587337493896484,2.7587337493896484,4.700185298919678,1
RealVideo-FakeAudio/African/women/id04374/00032_fake.npz,3.0132718086242676,3.0132718086242676,5.140645503997803,1
RealVideo-FakeAudio/African/women/id02824/00130_fake.npz,2.2538931369781494,2.2538931369781494,4.730668544769287,1
RealVideo-FakeAudio/Caucasian (American)/men/id04216/00470_fake.npz,2.562058210372925,2.562058210372925,4.946052074432373,1
RealVideo-FakeAudio/Caucasian (American)/men/id03525/00048_fake.npz,2.7133634090423584,2.7133634090423584,5.053354263305664,1
RealVideo-FakeAudio/Caucasian (American)/men/id03757/00149_fake.npz,2.4086198806762695,2.4086198806762695,4.503676891326904,1
RealVideo-FakeAudio/Caucasian (American)/men/id00169/00021_fake.npz,2.5903804302215576,2.5903804302215576,4.767547607421875,1
RealVideo-FakeAudio/Caucasian (American)/men/id00184/00241_fake.npz,2.743037462234497,2.743037462234497,4.83198881149292,1
RealVideo-FakeAudio/Caucasian (American)/men/id00021/00010_fake.npz,2.5120849609375,2.5120849609375,4.827236175537109,1
RealVideo-FakeAudio/Caucasian (American)/men/id01163/00195_fake.npz,2.6436221599578857,2.6436221599578857,4.579209804534912,1
RealVideo-FakeAudio/Caucasian (American)/men/id00088/00005_fake.npz,2.512820243835449,2.512820243835449,4.857524871826172,1
RealVideo-FakeAudio/Caucasian (American)/men/id00264/00257_fake.npz,2.590996265411377,2.590996265411377,4.715041160583496,1
RealVideo-FakeAudio/Caucasian (American)/men/id00529/00409_fake.npz,2.2739861011505127,2.2739861011505127,4.832481384277344,1
RealVideo-FakeAudio/Caucasian (American)/men/id00943/00304_fake.npz,3.0983800888061523,3.0983800888061523,5.2463555335998535,1
RealVideo-FakeAudio/Caucasian (American)/men/id01096/00037_fake.npz,3.587212085723877,3.587212085723877,5.848684310913086,1
RealVideo-FakeAudio/Caucasian (American)/men/id00345/00243_fake.npz,2.0432488918304443,2.0432488918304443,4.620738983154297,1
RealVideo-FakeAudio/Caucasian (American)/men/id01192/00217_fake.npz,2.860255241394043,2.860255241394043,4.916786193847656,1
RealVideo-FakeAudio/Caucasian (American)/men/id03678/00078_fake.npz,2.6315813064575195,2.6315813064575195,4.753596305847168,1
RealVideo-FakeAudio/Caucasian (American)/men/id00018/00181_fake.npz,2.5909643173217773,2.5909643173217773,4.666998386383057,1
RealVideo-FakeAudio/Caucasian (American)/men/id00049/00118_fake.npz,2.5174198150634766,2.5174198150634766,5.057872772216797,1
RealVideo-FakeAudio/Caucasian (American)/men/id00087/00002_fake.npz,2.886643409729004,2.886643409729004,5.126836776733398,1
RealVideo-FakeAudio/Caucasian (American)/women/id01216/00025_fake.npz,3.4910192489624023,3.4910192489624023,5.7530903816223145,1
RealVideo-FakeAudio/Caucasian (American)/women/id03781/00113_fake.npz,2.6643409729003906,2.6643409729003906,4.770511627197266,1
RealVideo-FakeAudio/Caucasian (American)/women/id00398/00016_fake.npz,2.7159271240234375,2.7159271240234375,4.877198696136475,1
RealVideo-FakeAudio/Caucasian (American)/women/id00616/00305_fake.npz,3.18249773979187,3.18249773979187,5.205970764160156,1
RealVideo-FakeAudio/Caucasian (American)/women/id00145/00043_fake.npz,2.861032485961914,2.861032485961914,4.7924699783325195,1
RealVideo-FakeAudio/Caucasian (American)/women/id00261/00048_fake.npz,2.8158164024353027,2.8158164024353027,4.885981559753418,1
RealVideo-FakeAudio/Caucasian (American)/women/id00752/00340_fake.npz,3.5255889892578125,3.5255889892578125,5.467919826507568,1
RealVideo-FakeAudio/Caucasian (American)/women/id00098/00004_fake.npz,2.416882038116455,2.416882038116455,4.613558292388916,1
RealVideo-FakeAudio/Caucasian (American)/women/id01217/00005_fake.npz,2.914680004119873,2.914680004119873,5.054134368896484,1
RealVideo-FakeAudio/Caucasian (American)/women/id01091/00236_fake.npz,2.7412109375,2.7412109375,4.78098201751709,1
RealVideo-FakeAudio/Caucasian (American)/women/id03605/00048_fake.npz,2.6860239505767822,2.6860239505767822,4.768054485321045,1
RealVideo-FakeAudio/Caucasian (American)/women/id03556/00043_fake.npz,3.6917877197265625,3.6917877197265625,5.923187732696533,1
RealVideo-FakeAudio/Caucasian (American)/women/id01004/00028_fake.npz,2.4475769996643066,2.4475769996643066,4.746917724609375,1
RealVideo-FakeAudio/Caucasian (American)/women/id00841/00078_fake.npz,2.8763270378112793,2.8763270378112793,5.079315185546875,1
RealVideo-FakeAudio/Caucasian (American)/women/id03707/00055_fake.npz,2.6449577808380127,2.6449577808380127,4.9202423095703125,1
RealVideo-FakeAudio/Caucasian (American)/women/id00383/00171_fake.npz,2.941525936126709,2.941525936126709,5.182661056518555,1
RealVideo-FakeAudio/Caucasian (American)/women/id00097/00162_fake.npz,2.459967613220215,2.459967613220215,4.513449192047119,1
RealVideo-FakeAudio/Caucasian (American)/women/id00842/00043_fake.npz,2.9134740829467773,2.9134740829467773,5.162897109985352,1
RealVideo-FakeAudio/Caucasian (American)/women/id02466/00136_fake.npz,3.4908294677734375,3.4908294677734375,5.599218845367432,1
RealVideo-FakeAudio/Caucasian (American)/women/id00462/00143_fake.npz,2.4030919075012207,2.4030919075012207,4.728278160095215,1
RealVideo-FakeAudio/Caucasian (American)/women/id01248/00005_fake.npz,2.5298709869384766,2.5298709869384766,4.593747615814209,1
RealVideo-FakeAudio/Asian (East)/men/id06878/00001_fake.npz,2.6536872386932373,2.6536872386932373,4.843008995056152,1
RealVideo-FakeAudio/Asian (East)/men/id09143/00056_fake.npz,2.291954517364502,2.291954517364502,4.686522006988525,1
RealVideo-FakeAudio/Asian (East)/men/id08652/00006_fake.npz,2.368954658508301,2.368954658508301,4.573666095733643,1
RealVideo-FakeAudio/Asian (East)/men/id06807/00015_fake.npz,2.9648091793060303,2.9648091793060303,5.234455585479736,1
RealVideo-FakeAudio/Asian (East)/men/id04687/00066_fake.npz,2.3649964332580566,2.3649964332580566,4.897802829742432,1
RealVideo-FakeAudio/Asian (East)/men/id07338/00003_fake.npz,2.240783452987671,2.240783452987671,4.618348598480225,1
RealVideo-FakeAudio/Asian (East)/men/id01204/00092_fake.npz,2.835341453552246,2.835341453552246,4.957810401916504,1
RealVideo-FakeAudio/Asian (East)/men/id03889/00052_fake.npz,2.7020668983459473,2.7020668983459473,4.937970161437988,1
RealVideo-FakeAudio/Asian (East)/men/id08299/00110_fake.npz,2.4452123641967773,2.4452123641967773,4.667232036590576,1
RealVideo-FakeAudio/Asian (East)/women/id08819/00052_fake.npz,3.540299892425537,3.540299892425537,5.575592517852783,1
RealVideo-FakeAudio/Asian (East)/women/id00566/00032_fake.npz,2.153028964996338,2.153028964996338,4.684871196746826,1
RealVideo-FakeAudio/Asian (East)/women/id05631/00073_fake.npz,2.8903932571411133,2.8903932571411133,5.112274169921875,1
RealVideo-FakeAudio/Asian (East)/women/id06054/00010_fake.npz,2.528414726257324,2.528414726257324,4.749394416809082,1
RealVideo-FakeAudio/Asian (East)/women/id04701/00017_fake.npz,2.7699427604675293,2.7699427604675293,4.910848140716553,1
RealVideo-FakeAudio/Asian (East)/women/id09174/00015_fake.npz,2.3867406845092773,2.3867406845092773,4.817746162414551,1
RealVideo-FakeAudio/Asian (East)/women/id09125/00098_fake.npz,2.8635034561157227,2.8635034561157227,4.968696594238281,1
RealVideo-FakeAudio/Asian (East)/women/id05620/00005_fake.npz,2.635291814804077,2.635291814804077,4.938704013824463,1
RealVideo-FakeAudio/Asian (East)/women/id05576/00368_fake.npz,2.839831829071045,2.839831829071045,4.998411655426025,1
RealVideo-FakeAudio/Asian (East)/women/id06388/00005_fake.npz,2.8211324214935303,2.8211324214935303,4.981729507446289,1
RealVideo-FakeAudio/Asian (East)/women/id00582/00006_fake.npz,3.378781318664551,3.378781318664551,5.359214782714844,1
RealVideo-FakeAudio/Asian (East)/women/id00363/00014_fake.npz,2.505911350250244,2.505911350250244,4.648733139038086,1
RealVideo-FakeAudio/Asian (East)/women/id06158/00015_fake.npz,2.7579779624938965,2.7579779624938965,4.761804580688477,1
RealVideo-FakeAudio/Asian (East)/women/id03211/00032_fake.npz,2.836012363433838,2.836012363433838,5.305131435394287,1
RealVideo-FakeAudio/Caucasian (European)/men/id01052/00076_fake.npz,3.038832664489746,3.038832664489746,5.1645355224609375,1
RealVideo-FakeAudio/Caucasian (European)/men/id00709/00206_fake.npz,2.986393451690674,2.986393451690674,5.341062545776367,1
RealVideo-FakeAudio/Caucasian (European)/men/id00306/00015_fake.npz,3.092642307281494,3.092642307281494,5.287329196929932,1
RealVideo-FakeAudio/Caucasian (European)/men/id00292/00072_fake.npz,2.4661471843719482,2.4661471843719482,4.769066333770752,1
RealVideo-FakeAudio/Caucasian (European)/men/id00919/00063_fake.npz,2.438462018966675,2.438462018966675,4.71848726272583,1
RealVideo-FakeAudio/Caucasian (European)/men/id01099/00206_fake.npz,2.7607879638671875,2.7607879638671875,4.879417896270752,1
RealVideo-FakeAudio/Caucasian (European)/men/id00358/00217_fake.npz,3.3259406089782715,3.3259406089782715,5.8581767082214355,1
RealVideo-FakeAudio/Caucasian (European)/men/id00282/00268_fake.npz,2.8778629302978516,2.8778629302978516,5.120934009552002,1
RealVideo-FakeAudio/Caucasian (European)/men/id01051/00322_fake.npz,3.540800094604492,3.540800094604492,5.748681545257568,1
RealVideo-FakeAudio/Caucasian (European)/men/id00415/00017_fake.npz,2.6938302516937256,2.6938302516937256,5.129096508026123,1
RealVideo-FakeAudio/Caucasian (European)/men/id00187/00360_fake.npz,3.124723434448242,3.124723434448242,5.391808986663818,1
RealVideo-FakeAudio/Caucasian (European)/men/id00055/00120_fake.npz,2.4034204483032227,2.4034204483032227,4.841387748718262,1
RealVideo-FakeAudio/Caucasian (European)/men/id00498/00014_fake.npz,2.2767257690429688,2.2767257690429688,4.778478145599365,1
RealVideo-FakeAudio/Caucasian (European)/men/id00063/00021_fake.npz,2.6029462814331055,2.6029462814331055,4.871819496154785,1
RealVideo-FakeAudio/Caucasian (European)/men/id00946/00126_fake.npz,2.4620561599731445,2.4620561599731445,4.615067005157471,1
RealVideo-FakeAudio/Caucasian (European)/women/id01001/00086_fake.npz,2.771658420562744,2.771658420562744,4.687790870666504,1
RealVideo-FakeAudio/Caucasian (European)/women/id00071/00014_fake.npz,2.5098142623901367,2.5098142623901367,4.619340419769287,1
RealVideo-FakeAudio/Caucasian (European)/women/id00634/00078_fake.npz,3.0280508995056152,3.0280508995056152,5.265551567077637,1
RealVideo-FakeAudio/Caucasian (European)/women/id03589/00002_fake.npz,2.8937535285949707,2.8937535285949707,4.9815192222595215,1
RealVideo-FakeAudio/Caucasian (European)/women/id03620/00081_fake.npz,3.521622657775879,3.521622657775879,5.778881072998047,1
RealVideo-FakeAudio/Caucasian (European)/women/id00569/00239_fake.npz,2.4390430450439453,2.4390430450439453,4.792381763458252,1
RealVideo-FakeAudio/Caucasian (European)/women/id00365/00078_fake.npz,2.671113967895508,2.671113967895508,4.713038444519043,1
RealVideo-FakeAudio/Caucasian (European)/women/id01002/00043_fake.npz,2.639946222305298,2.639946222305298,4.579390525817871,1
RealVideo-FakeAudio/Caucasian (European)/women/id00373/00028_fake.npz,3.3990793228149414,3.3990793228149414,5.593019485473633,1
RealVideo-FakeAudio/Caucasian (European)/women/id03649/00001_fake.npz,2.2135143280029297,2.2135143280029297,4.921625137329102,1
RealVideo-FakeAudio/Caucasian (European)/women/id00379/00043_fake.npz,2.8167784214019775,2.8167784214019775,4.840068340301514,1
RealVideo-FakeAudio/Caucasian (European)/women/id00332/00293_fake.npz,2.8977041244506836,2.8977041244506836,5.022313594818115,1
RealVideo-FakeAudio/Caucasian (European)/women/id00325/00015_fake.npz,2.9086132049560547,2.9086132049560547,5.024084568023682,1
RealVideo-FakeAudio/Caucasian (European)/women/id03716/00040_fake.npz,3.1642842292785645,3.1642842292785645,5.370315074920654,1
RealVideo-FakeAudio/Caucasian (European)/women/id00262/00028_fake.npz,3.547473192214966,3.547473192214966,5.627838611602783,1
RealVideo-FakeAudio/Caucasian (European)/women/id00328/00092_fake.npz,2.472198009490967,2.472198009490967,4.752507209777832,1
RealVideo-FakeAudio/Caucasian (European)/women/id00589/00130_fake.npz,3.0271246433258057,3.0271246433258057,5.011686325073242,1
RealVideo-RealAudio/Asian (South)/men/id06354/00021.npz,-3.5504283905029297,-3.5504283905029297,4.452835559844971,0
RealVideo-RealAudio/Asian (South)/men/id08314/00028.npz,-3.3805501461029053,-3.3805501461029053,5.182425498962402,0
RealVideo-RealAudio/Asian (South)/men/id07233/00010.npz,-3.0799031257629395,-3.0799031257629395,4.58163595199585,0
RealVideo-RealAudio/Asian (South)/men/id07179/00206.npz,-1.4387599229812622,-1.4387599229812622,4.867051601409912,0
RealVideo-RealAudio/Asian (South)/men/id00860/00154.npz,-3.9437851905822754,-3.9437851905822754,4.595957279205322,0
RealVideo-RealAudio/Asian (South)/men/id07768/00143.npz,-2.1795780658721924,-2.1795780658721924,4.800922393798828,0
RealVideo-RealAudio/Asian (South)/men/id00078/00114.npz,-4.166983127593994,-4.166983127593994,4.640052318572998,0
RealVideo-RealAudio/Asian (South)/men/id03599/00072.npz,-3.383861541748047,-3.383861541748047,4.858013153076172,0
RealVideo-RealAudio/Asian (South)/men/id00745/00165.npz,-1.1470766067504883,-1.1470766067504883,4.453636169433594,0
RealVideo-RealAudio/Asian (South)/men/id07161/00159.npz,-3.5719058513641357,-3.5719058513641357,4.466360092163086,0
RealVideo-RealAudio/Asian (South)/men/id04561/00248.npz,-2.135420799255371,-2.135420799255371,4.549513816833496,0
RealVideo-RealAudio/Asian (South)/men/id07463/00028.npz,-4.109582424163818,-4.109582424163818,4.878566265106201,0
RealVideo-RealAudio/Asian (South)/men/id07182/00040.npz,-2.850790023803711,-2.850790023803711,4.553753852844238,0
RealVideo-RealAudio/Asian (South)/men/id00459/00382.npz,-1.655476450920105,-1.655476450920105,5.372913837432861,0
RealVideo-RealAudio/Asian (South)/men/id04928/00027.npz,-3.5781688690185547,-3.5781688690185547,4.87957763671875,0
RealVideo-RealAudio/Asian (South)/men/id00032/00028.npz,-3.953871011734009,-3.953871011734009,4.807481288909912,0
RealVideo-RealAudio/Asian (South)/women/id04070/00072.npz,-1.286520004272461,-1.286520004272461,4.776351451873779,0
RealVideo-RealAudio/Asian (South)/women/id03985/00005.npz,-2.572671890258789,-2.572671890258789,4.478952884674072,0
RealVideo-RealAudio/Asian (South)/women/id00747/00053.npz,-3.200221061706543,-3.200221061706543,4.884331226348877,0
RealVideo-RealAudio/Asian (South)/women/id07689/00028.npz,-2.5078766345977783,-2.5078766345977783,4.851309776306152,0
RealVideo-RealAudio/Asian (South)/women/id05920/00161.npz,-3.9634475708007812,-3.9634475708007812,4.654474258422852,0
RealVideo-RealAudio/Asian (South)/women/id06254/00043.npz,-3.748167037963867,-3.748167037963867,4.624445915222168,0
RealVideo-RealAudio/Asian (South)/women/id00417/00069.npz,-3.39642596244812,-3.39642596244812,4.508930206298828,0
RealVideo-RealAudio/Asian (South)/women/id05478/00135.npz,-2.8351712226867676,-2.8351712226867676,4.808415412902832,0
RealVideo-RealAudio/Asian (South)/women/id06445/00150.npz,-3.7764523029327393,-3.7764523029327393,5.635181903839111,0
RealVideo-RealAudio/Asian (South)/women/id04582/00180.npz,-2.0485901832580566,-2.0485901832580566,5.292606353759766,0
RealVideo-RealAudio/Asian (South)/women/id02089/00092.npz,-3.063030481338501,-3.063030481338501,5.250551223754883,0
RealVideo-RealAudio/Asian (South)/women/id00149/00284.npz,-3.819248676300049,-3.819248676300049,4.926432132720947,0
RealVideo-RealAudio/Asian (South)/women/id06439/00118.npz,-1.8857989311218262,-1.8857989311218262,4.953919410705566,0
RealVideo-RealAudio/Asian (South)/women/id05931/00013.npz,-3.2749576568603516,-3.2749576568603516,4.609335422515869,0
RealVideo-RealAudio/Asian (South)/women/id07051/00083.npz,-3.559170722961426,-3.559170722961426,5.066068172454834,0
RealVideo-RealAudio/African/men/id01835/00130.npz,-2.690155267715454,-2.690155267715454,5.096181392669678,0
RealVideo-RealAudio/African/men/id02040/00476.npz,-3.1726503372192383,-3.1726503372192383,4.452881813049316,0
RealVideo-RealAudio/African/men/id01392/00167.npz,-3.6392664909362793,-3.6392664909362793,5.140735626220703,0
RealVideo-RealAudio/African/men/id01717/00005.npz,-3.5736379623413086,-3.5736379623413086,4.510525703430176,0
RealVideo-RealAudio/African/men/id01779/00010.npz,-2.1077334880828857,-2.1077334880828857,4.793703079223633,0
RealVideo-RealAudio/African/men/id01179/00160.npz,-1.6951372623443604,-1.6951372623443604,4.609480381011963,0
RealVideo-RealAudio/African/men/id01528/00017.npz,-2.771467447280884,-2.771467447280884,4.842074394226074,0
RealVideo-RealAudio/African/men/id00076/00109.npz,-3.2371153831481934,-3.2371153831481934,5.265332221984863,0
RealVideo-RealAudio/African/men/id02268/00036.npz,-4.089604377746582,-4.089604377746582,4.9666032791137695,0
RealVideo-RealAudio/African/men/id01170/00021.npz,-4.024448394775391,-4.024448394775391,4.975008487701416,0
RealVideo-RealAudio/African/men/id01637/00002.npz,-3.364718437194824,-3.364718437194824,4.7455010414123535,0
RealVideo-RealAudio/African/men/id02051/00015.npz,-2.851940393447876,-2.851940393447876,4.489853382110596,0
RealVideo-RealAudio/African/men/id00366/00118.npz,-3.4016966819763184,-3.4016966819763184,5.122788429260254,0
RealVideo-RealAudio/African/women/id00359/00053.npz,-3.660654067993164,-3.660654067993164,4.415313243865967,0
RealVideo-RealAudio/African/women/id01907/00148.npz,-3.129849672317505,-3.129849672317505,4.554224014282227,0
RealVideo-RealAudio/African/women/id01661/00059.npz,-1.7780297994613647,-1.7780297994613647,4.411486625671387,0
RealVideo-RealAudio/African/women/id03747/00273.npz,-3.6442627906799316,-3.6442627906799316,5.5255279541015625,0
RealVideo-RealAudio/African/women/id03713/00249.npz,-4.133211135864258,-4.133211135864258,4.455418109893799,0
RealVideo-RealAudio/African/women/id02721/00424.npz,-1.8961420059204102,-1.8961420059204102,4.714242458343506,0
RealVideo-RealAudio/African/women/id04547/00052.npz,-3.113600730895996,-3.113600730895996,4.619271278381348,0
RealVideo-RealAudio/African/women/id00220/00027.npz,-1.604901909828186,-1.604901909828186,4.423613548278809,0
RealVideo-RealAudio/African/women/id04820/00015.npz,-3.4104795455932617,-3.4104795455932617,4.474323272705078,0
RealVideo-RealAudio/African/women/id04736/00083.npz,-3.546908140182495,-3.546908140182495,4.837074279785156,0
RealVideo-RealAudio/African/women/id04376/00181.npz,-2.6903586387634277,-2.6903586387634277,4.619312763214111,0
RealVideo-RealAudio/African/women/id04374/00032.npz,-2.981039524078369,-2.981039524078369,4.866808891296387,0
RealVideo-RealAudio/African/women/id02824/00130.npz,-3.6324734687805176,-3.6324734687805176,4.632149696350098,0
RealVideo-RealAudio/Caucasian (American)/men/id04216/00470.npz,-3.451012134552002,-3.451012134552002,4.6906867027282715,0
RealVideo-RealAudio/Caucasian (American)/men/id03525/00048.npz,-1.7102715969085693,-1.7102715969085693,4.877851963043213,0
RealVideo-RealAudio/Caucasian (American)/men/id03757/00149.npz,-4.0456085205078125,-4.0456085205078125,4.4431562423706055,0
RealVideo-RealAudio/Caucasian (American)/men/id00169/00021.npz,-3.4924826622009277,-3.4924826622009277,4.636200904846191,0
RealVideo-RealAudio/Caucasian (American)/men/id00184/00241.npz,-2.7163314819335938,-2.7163314819335938,4.7277936935424805,0
RealVideo-RealAudio/Caucasian (American)/men/id00021/00010.npz,-4.061861038208008,-4.061861038208008,4.624728202819824,0
RealVideo-RealAudio/Caucasian (American)/men/id01163/00195.npz,-3.4878835678100586,-3.4878835678100586,4.540402889251709,0
RealVideo-RealAudio/Caucasian (American)/men/id00088/00005.npz,-4.138538837432861,-4.138538837432861,4.652724266052246,0
RealVideo-RealAudio/Caucasian (American)/men/id00264/00257.npz,-3.7738232612609863,-3.7738232612609863,4.602477073669434,0
RealVideo-RealAudio/Caucasian (American)/men/id00529/00409.npz,-3.788605213165283,-3.788605213165283,4.653764724731445,0
RealVideo-RealAudio/Caucasian (American)/men/id00943/00304.npz,-3.8918418884277344,-3.8918418884277344,5.015925884246826,0
RealVideo-RealAudio/Caucasian (American)/men/id01096/00037.npz,-4.4640421867370605,-4.4640421867370605,5.555663108825684,0
RealVideo-RealAudio/Caucasian (American)/men/id00345/00243.npz,-3.1539931297302246,-3.1539931297302246,4.450201034545898,0
RealVideo-RealAudio/Caucasian (American)/men/id01192/00217.npz,-1.7187139987945557,-1.7187139987945557,4.849073886871338,0
RealVideo-RealAudio/Caucasian (American)/men/id03678/00078.npz,-3.2254536151885986,-3.2254536151885986,4.524468898773193,0
RealVideo-RealAudio/Caucasian (American)/men/id00018/00181.npz,-4.094248294830322,-4.094248294830322,4.5128350257873535,0
RealVideo-RealAudio/Caucasian (American)/men/id00049/00118.npz,-3.797549247741699,-3.797549247741699,4.879383563995361,0
RealVideo-RealAudio/Caucasian (American)/men/id00087/00002.npz,-2.4204537868499756,-2.4204537868499756,4.975480556488037,0
RealVideo-RealAudio/Caucasian (American)/women/id01216/00025.npz,-0.9888566136360168,-0.9888566136360168,5.484859943389893,0
RealVideo-RealAudio/Caucasian (American)/women/id03781/00113.npz,-3.3901381492614746,-3.3901381492614746,4.608462333679199,0
RealVideo-RealAudio/Caucasian (American)/women/id00398/00016.npz,-4.1271820068359375,-4.1271820068359375,4.660265922546387,0
RealVideo-RealAudio/Caucasian (American)/women/id00616/00305.npz,-2.570862293243408,-2.570862293243408,5.10064697265625,0
RealVideo-RealAudio/Caucasian (American)/women/id00145/00043.npz,-3.3445656299591064,-3.3445656299591064,4.7817511558532715,0
RealVideo-RealAudio/Caucasian (American)/women/id00261/00048.npz,-3.0666823387145996,-3.0666823387145996,4.705583095550537,0
RealVideo-RealAudio/Caucasian (American)/women/id00752/00340.npz,-2.9639670848846436,-2.9639670848846436,5.410966396331787,0
RealVideo-RealAudio/Caucasian (American)/women/id00098/00004.npz,-3.571131944656372,-3.571131944656372,4.481533527374268,0
RealVideo-RealAudio/Caucasian (American)/women/id01217/00005.npz,-3.8162200450897217,-3.8162200450897217,4.91340970993042,0
RealVideo-RealAudio/Caucasian (American)/women/id01091/00236.npz,-2.7141032218933105,-2.7141032218933105,4.59801721572876,0
RealVideo-RealAudio/Caucasian (American)/women/id03605/00048.npz,-3.431849479675293,-3.431849479675293,4.61319637298584,0
RealVideo-RealAudio/Caucasian (American)/women/id03556/00043.npz,-3.1566214561462402,-3.1566214561462402,5.468617916107178,0
RealVideo-RealAudio/Caucasian (American)/women/id01004/00028.npz,-3.6376166343688965,-3.6376166343688965,4.464481353759766,0
RealVideo-RealAudio/Caucasian (American)/women/id00841/00078.npz,-2.783001184463501,-2.783001184463501,4.796907424926758,0
RealVideo-RealAudio/Caucasian (American)/women/id03707/00055.npz,-3.8099849224090576,-3.8099849224090576,4.795628547668457,0
RealVideo-RealAudio/Caucasian (American)/women/id00383/00171.npz,-1.7125630378723145,-1.7125630378723145,4.852162837982178,0
RealVideo-RealAudio/Caucasian (American)/women/id00097/00162.npz,-3.3878531455993652,-3.3878531455993652,4.475231170654297,0
RealVideo-RealAudio/Caucasian (American)/women/id00842/00043.npz,-2.4030890464782715,-2.4030890464782715,4.80488395690918,0
RealVideo-RealAudio/Caucasian (American)/women/id02466/00136.npz,-2.745068311691284,-2.745068311691284,5.291219711303711,0
RealVideo-RealAudio/Caucasian (American)/women/id00462/00143.npz,-3.032419204711914,-3.032419204711914,4.404880523681641,0
RealVideo-RealAudio/Caucasian (American)/women/id01248/00005.npz,-3.292698383331299,-3.292698383331299,4.475811958312988,0
RealVideo-RealAudio/Asian (East)/men/id06878/00001.npz,-2.0171656608581543,-2.0171656608581543,4.6119256019592285,0
RealVideo-RealAudio/Asian (East)/men/id09143/00056.npz,-4.120729923248291,-4.120729923248291,4.438997268676758,0
RealVideo-RealAudio/Asian (East)/men/id08652/00006.npz,-4.020933628082275,-4.020933628082275,4.423646450042725,0
RealVideo-RealAudio/Asian (East)/men/id06807/00015.npz,-2.337597608566284,-2.337597608566284,4.97506046295166,0
RealVideo-RealAudio/Asian (East)/men/id04687/00066.npz,-1.2827870845794678,-1.2827870845794678,4.65354061126709,0
RealVideo-RealAudio/Asian (East)/men/id07338/00003.npz,-4.233463764190674,-4.233463764190674,4.381373405456543,0
RealVideo-RealAudio/Asian (East)/men/id01204/00092.npz,-4.0881757736206055,-4.0881757736206055,4.943533897399902,0
RealVideo-RealAudio/Asian (East)/men/id03889/00052.npz,-1.2321724891662598,-1.2321724891662598,4.775209903717041,0
RealVideo-RealAudio/Asian (East)/men/id08299/00110.npz,-3.5624215602874756,-3.5624215602874756,4.503711223602295,0
RealVideo-RealAudio/Asian (East)/women/id08819/00052.npz,-3.2116665840148926,-3.2116665840148926,5.366927146911621,0
RealVideo-RealAudio/Asian (East)/women/id00566/00032.npz,-2.099217414855957,-2.099217414855957,4.482426643371582,0
RealVideo-RealAudio/Asian (East)/women/id05631/00073.npz,-3.035261869430542,-3.035261869430542,4.7729926109313965,0
RealVideo-RealAudio/Asian (East)/women/id06054/00010.npz,-1.6834611892700195,-1.6834611892700195,4.7483134269714355,0
RealVideo-RealAudio/Asian (East)/women/id04701/00017.npz,-3.894239902496338,-3.894239902496338,4.667949199676514,0
RealVideo-RealAudio/Asian (East)/women/id09174/00015.npz,-1.7839369773864746,-1.7839369773864746,4.441274642944336,0
RealVideo-RealAudio/Asian (East)/women/id09125/00098.npz,-1.467631220817566,-1.467631220817566,4.935024261474609,0
RealVideo-RealAudio/Asian (East)/women/id05620/00005.npz,-1.6720948219299316,-1.6720948219299316,4.799599647521973,0
RealVideo-RealAudio/Asian (East)/women/id05576/00368.npz,-2.9746031761169434,-2.9746031761169434,4.931418418884277,0
RealVideo-RealAudio/Asian (East)/women/id06388/00005.npz,-2.6114487648010254,-2.6114487648010254,4.788235664367676,0
RealVideo-RealAudio/Asian (East)/women/id00582/00006.npz,-3.593942403793335,-3.593942403793335,5.219483852386475,0
RealVideo-RealAudio/Asian (East)/women/id00363/00014.npz,-1.7180747985839844,-1.7180747985839844,4.516628742218018,0
RealVideo-RealAudio/Asian (East)/women/id06158/00015.npz,-3.6092936992645264,-3.6092936992645264,4.739587783813477,0
RealVideo-RealAudio/Asian (East)/women/id03211/00032.npz,-1.0365064144134521,-1.0365064144134521,4.887351036071777,0
RealVideo-RealAudio/Caucasian (European)/men/id01052/00076.npz,-3.4239373207092285,-3.4239373207092285,5.007757186889648,0
RealVideo-RealAudio/Caucasian (European)/men/id00709/00206.npz,-3.0942821502685547,-3.0942821502685547,5.173712253570557,0
RealVideo-RealAudio/Caucasian (European)/men/id00306/00015.npz,-4.012996673583984,-4.012996673583984,5.051331043243408,0
RealVideo-RealAudio/Caucasian (European)/men/id00292/00072.npz,-3.4293770790100098,-3.4293770790100098,4.5610880851745605,0
RealVideo-RealAudio/Caucasian (European)/men/id00919/00063.npz,-1.7163536548614502,-1.7163536548614502,4.381381511688232,0
RealVideo-RealAudio/Caucasian (European)/men/id01099/00206.npz,-2.8206844329833984,-2.8206844329833984,4.755884170532227,0
RealVideo-RealAudio/Caucasian (European)/men/id00358/00217.npz,-3.873473644256592,-3.873473644256592,5.693081378936768,0
RealVideo-RealAudio/Caucasian (European)/men/id00282/00268.npz,-1.3852179050445557,-1.3852179050445557,4.9293317794799805,0
RealVideo-RealAudio/Caucasian (European)/men/id01051/00322.npz,-3.292919635772705,-3.292919635772705,5.435022354125977,0
RealVideo-RealAudio/Caucasian (European)/men/id00415/00017.npz,-5.224412441253662,-5.224412441253662,4.80267333984375,0
RealVideo-RealAudio/Caucasian (European)/men/id00187/00360.npz,-1.7221605777740479,-1.7221605777740479,5.150956630706787,0
RealVideo-RealAudio/Caucasian (European)/men/id00055/00120.npz,-3.277395009994507,-3.277395009994507,4.622684955596924,0
RealVideo-RealAudio/Caucasian (European)/men/id00498/00014.npz,-4.18331241607666,-4.18331241607666,4.522794246673584,0
RealVideo-RealAudio/Caucasian (European)/men/id00063/00021.npz,-3.525251626968384,-3.525251626968384,4.6096391677856445,0
RealVideo-RealAudio/Caucasian (European)/men/id00946/00126.npz,-3.6185569763183594,-3.6185569763183594,4.378375053405762,0
RealVideo-RealAudio/Caucasian (European)/women/id01001/00086.npz,-3.2648327350616455,-3.2648327350616455,4.634596824645996,0
RealVideo-RealAudio/Caucasian (European)/women/id00071/00014.npz,-3.2972259521484375,-3.2972259521484375,4.486189842224121,0
RealVideo-RealAudio/Caucasian (European)/women/id00634/00078.npz,-3.9869699478149414,-3.9869699478149414,4.985575199127197,0
RealVideo-RealAudio/Caucasian (European)/women/id03589/00002.npz,-2.559950828552246,-2.559950828552246,4.925865173339844,0
RealVideo-RealAudio/Caucasian (European)/women/id03620/00081.npz,-1.1311959028244019,-1.1311959028244019,5.554839134216309,0
RealVideo-RealAudio/Caucasian (European)/women/id00569/00239.npz,-2.0571370124816895,-2.0571370124816895,4.6086859703063965,0
RealVideo-RealAudio/Caucasian (European)/women/id00365/00078.npz,-2.978086471557617,-2.978086471557617,4.630697727203369,0
RealVideo-RealAudio/Caucasian (European)/women/id01002/00043.npz,-1.6498327255249023,-1.6498327255249023,4.500311851501465,0
RealVideo-RealAudio/Caucasian (European)/women/id00373/00028.npz,-0.09237980842590332,-0.09237980842590332,5.3102192878723145,0
RealVideo-RealAudio/Caucasian (European)/women/id03649/00001.npz,-3.477992296218872,-3.477992296218872,4.616279125213623,0
RealVideo-RealAudio/Caucasian (European)/women/id00379/00043.npz,-2.51462721824646,-2.51462721824646,4.61353874206543,0
RealVideo-RealAudio/Caucasian (European)/women/id00332/00293.npz,-1.7413986921310425,-1.7413986921310425,4.829596519470215,0
RealVideo-RealAudio/Caucasian (European)/women/id00325/00015.npz,-3.702228307723999,-3.702228307723999,4.921961784362793,0
RealVideo-RealAudio/Caucasian (European)/women/id03716/00040.npz,-2.730802297592163,-2.730802297592163,5.215527534484863,0
RealVideo-RealAudio/Caucasian (European)/women/id00262/00028.npz,-1.6439836025238037,-1.6439836025238037,5.5157060623168945,0
RealVideo-RealAudio/Caucasian (European)/women/id00328/00092.npz,-2.3401992321014404,-2.3401992321014404,4.706084251403809,0
RealVideo-RealAudio/Caucasian (European)/women/id00589/00130.npz,-1.817992925643921,-1.817992925643921,4.8216423988342285,0
