path,score,label
FakeVideo-FakeAudio/African/men/id01835/00130_id00173_UHoMXLSjlDo_id01610_wavtolip.npz,4.663155555725098,1
FakeVideo-FakeAudio/African/men/id01835/00130_id00173_wavtolip.npz,5.579757213592529,1
FakeVideo-FakeAudio/African/men/id01835/00130_id00366_RSOgEoek8WM_id01691_wavtolip.npz,5.865973472595215,1
FakeVideo-FakeAudio/African/men/id01835/00130_id00701_lW6uzLIOwd0_id00391_wavtolip.npz,0.41977667808532715,1
FakeVideo-FakeAudio/African/men/id01835/00130_id00761_QtTNFhCCgzw_faceswap_id00391_wavtolip.npz,0.5455301403999329,1
FakeVideo-FakeAudio/African/men/id01835/00130_id00761_QtTNFhCCgzw_faceswap_id00518_wavtolip.npz,0.9836902022361755,1
FakeVideo-FakeAudio/African/men/id01835/00130_id00761_QtTNFhCCgzw_faceswap_id01170_wavtolip.npz,6.142150402069092,1
FakeVideo-FakeAudio/African/men/id01835/00130_id00761_QtTNFhCCgzw_faceswap_id02051_wavtolip.npz,5.265730857849121,1
FakeVideo-FakeAudio/African/men/id01835/00130_id00761_QtTNFhCCgzw_faceswap_id02494_wavtolip.npz,5.506952285766602,1
FakeVideo-FakeAudio/African/men/id01835/00130_id00761_QtTNFhCCgzw_id02296_wavtolip.npz,1.4225023984909058,1
FakeVideo-FakeAudio/African/men/id01835/00130_id00761_wavtolip.npz,5.7571187019348145,1
FakeVideo-FakeAudio/African/men/id01835/00130_id00781_wavtolip.npz,5.200009346008301,1
FakeVideo-FakeAudio/African/men/id01835/00130_id00830_rfl3Teg9uew_id01392_wavtolip.npz,6.001684188842773,1
FakeVideo-FakeAudio/African/men/id01835/00130_id00944_DiW5D62667U_id01392_wavtolip.npz,5.9503583908081055,1
FakeVideo-FakeAudio/African/men/id01835/00130_id01036_AohKaMtIHxA_id02342_wavtolip.npz,5.849135398864746,1
FakeVideo-FakeAudio/African/men/id01835/00130_id01036_wavtolip.npz,6.284373760223389,1
FakeVideo-FakeAudio/African/men/id01835/00130_id01076_wavtolip.npz,5.945205211639404,1
FakeVideo-FakeAudio/African/men/id01835/00130_id01236_wavtolip.npz,6.24905252456665,1
FakeVideo-FakeAudio/African/men/id01835/00130_id01528_wavtolip.npz,5.328754901885986,1
FakeVideo-FakeAudio/African/men/id01835/00130_id02268_irA9myDvW-I_id01179_wavtolip.npz,5.466185569763184,1
FakeVideo-FakeAudio/African/men/id01835/00130_id02296_wavtolip.npz,1.4871221780776978,1
FakeVideo-FakeAudio/African/men/id01835/00130_id04727_wavtolip.npz,5.81365442276001,1
FakeVideo-FakeAudio/African/men/id02040/00476_id00391_TjJgUZaenWI_id00944_wavtolip.npz,5.749969005584717,1
FakeVideo-FakeAudio/African/men/id02040/00476_id00476_wavtolip.npz,5.892572402954102,1
FakeVideo-FakeAudio/African/men/id02040/00476_id00761_wavtolip.npz,5.901026725769043,1
FakeVideo-FakeAudio/African/men/id02040/00476_id00944_wavtolip.npz,5.686382293701172,1
FakeVideo-FakeAudio/African/men/id02040/00476_id01392_fF-g0KFJ7lg_id01036_wavtolip.npz,5.9363555908203125,1
FakeVideo-FakeAudio/African/men/id02040/00476_id01392_wavtolip.npz,5.625039100646973,1
FakeVideo-FakeAudio/African/men/id02040/00476_id01452_wavtolip.npz,5.753161430358887,1
FakeVideo-FakeAudio/African/men/id02040/00476_id01528_wavtolip.npz,6.152128219604492,1
FakeVideo-FakeAudio/African/men/id02040/00476_id01530_8kiAt_4gQGI_id02005_wavtolip.npz,3.6872787475585938,1
FakeVideo-FakeAudio/African/men/id02040/00476_id01530_wavtolip.npz,1.8749842643737793,1
FakeVideo-FakeAudio/African/men/id02040/00476_id01691_IVtS5z8Jrrk_id01717_wavtolip.npz,5.7200493812561035,1
FakeVideo-FakeAudio/African/men/id02040/00476_id01717_wavtolip.npz,5.694522857666016,1
FakeVideo-FakeAudio/African/men/id02040/00476_id01995_wavtolip.npz,-0.6576533317565918,1
FakeVideo-FakeAudio/African/men/id02040/00476_id02051_wavtolip.npz,5.657855033874512,1
FakeVideo-FakeAudio/African/men/id01392/00167_2_id00166_wavtolip.npz,5.892094612121582,1
FakeVideo-FakeAudio/African/men/id01392/00167_2_id00475_wavtolip.npz,5.36038064956665,1
FakeVideo-FakeAudio/African/men/id01392/00167_2_id00478_wavtolip.npz,6.2792649269104,1
FakeVideo-FakeAudio/African/men/id01392/00167_2_id01207_wavtolip.npz,2.5662388801574707,1
FakeVideo-FakeAudio/African/men/id01392/00167_2_id01521_wavtolip.npz,5.145987510681152,1
FakeVideo-FakeAudio/African/men/id01392/00167_3_id00830_wavtolip.npz,5.876027584075928,1
FakeVideo-FakeAudio/African/men/id01392/00167_3_id01392_wavtolip.npz,5.8616766929626465,1
FakeVideo-FakeAudio/African/men/id01392/00167_3_id01610_wavtolip.npz,5.675714015960693,1
FakeVideo-FakeAudio/African/men/id01392/00167_3_id01933_wavtolip.npz,3.3860538005828857,1
FakeVideo-FakeAudio/African/men/id01392/00167_3_id02040_wavtolip.npz,2.068474054336548,1
FakeVideo-FakeAudio/African/men/id01392/00167_id00366_wavtolip.npz,5.593061923980713,1
FakeVideo-FakeAudio/African/men/id01392/00167_id00391_TjJgUZaenWI_id01598_wavtolip.npz,5.547404766082764,1
FakeVideo-FakeAudio/African/men/id01392/00167_id00475_wavtolip.npz,5.568187713623047,1
FakeVideo-FakeAudio/African/men/id01392/00167_id00701_wavtolip.npz,5.349255084991455,1
FakeVideo-FakeAudio/African/men/id01392/00167_id00761_wavtolip.npz,5.762051582336426,1
FakeVideo-FakeAudio/African/men/id01392/00167_id01179_RnqLJMrWELw_id02268_wavtolip.npz,5.77825927734375,1
FakeVideo-FakeAudio/African/men/id01392/00167_id01207_mt129WTRSII_id01691_wavtolip.npz,6.0523881912231445,1
FakeVideo-FakeAudio/African/men/id01392/00167_id01207_wavtolip.npz,2.4422991275787354,1
FakeVideo-FakeAudio/African/men/id01392/00167_id01521_wavtolip.npz,5.19021463394165,1
FakeVideo-FakeAudio/African/men/id01392/00167_id01597_52WEZxe4_GE_id01920_wavtolip.npz,5.5922980308532715,1
FakeVideo-FakeAudio/African/men/id01392/00167_id01610_wavtolip.npz,4.827361583709717,1
FakeVideo-FakeAudio/African/men/id01392/00167_id01920_w9C_knCPD94_id02040_wavtolip.npz,2.230980634689331,1
FakeVideo-FakeAudio/African/men/id01392/00167_id01972_wavtolip.npz,6.330569744110107,1
FakeVideo-FakeAudio/African/men/id01392/00167_id02005_wavtolip.npz,5.990551471710205,1
FakeVideo-FakeAudio/African/men/id01392/00167_id02494_wavtolip.npz,5.397793769836426,1
FakeVideo-FakeAudio/African/men/id01717/00005_id00166_wavtolip.npz,5.468669414520264,1
FakeVideo-FakeAudio/African/men/id01717/00005_id00366_RSOgEoek8WM_id02268_wavtolip.npz,5.9729413986206055,1
FakeVideo-FakeAudio/African/men/id01717/00005_id00366_wavtolip.npz,5.341989994049072,1
FakeVideo-FakeAudio/African/men/id01717/00005_id00518_wavtolip.npz,4.78475284576416,1
FakeVideo-FakeAudio/African/men/id01717/00005_id00701_lW6uzLIOwd0_id01207_wavtolip.npz,5.520384788513184,1
FakeVideo-FakeAudio/African/men/id01717/00005_id00761_wavtolip.npz,5.924725532531738,1
FakeVideo-FakeAudio/African/men/id01717/00005_id00781_wavtolip.npz,5.847314834594727,1
FakeVideo-FakeAudio/African/men/id01717/00005_id00987_wavtolip.npz,1.737938642501831,1
FakeVideo-FakeAudio/African/men/id01717/00005_id01171_wavtolip.npz,5.773597717285156,1
FakeVideo-FakeAudio/African/men/id01717/00005_id01392_wavtolip.npz,5.793071746826172,1
FakeVideo-FakeAudio/African/men/id01717/00005_id01452_4MqeoSxSy3w_id01856_wavtolip.npz,3.466686964035034,1
FakeVideo-FakeAudio/African/men/id01717/00005_id01544_wavtolip.npz,5.788493633270264,1
FakeVideo-FakeAudio/African/men/id01717/00005_id01920_w9C_knCPD94_id01598_wavtolip.npz,5.486563205718994,1
FakeVideo-FakeAudio/African/men/id01717/00005_id02005_7_Egh9mW5y4_faceswap_id01170_wavtolip.npz,6.134305000305176,1
FakeVideo-FakeAudio/African/men/id01717/00005_id02005_7_Egh9mW5y4_faceswap_id01392_wavtolip.npz,6.0285420417785645,1
FakeVideo-FakeAudio/African/men/id01717/00005_id02005_7_Egh9mW5y4_faceswap_id01691_wavtolip.npz,5.9717559814453125,1
FakeVideo-FakeAudio/African/men/id01717/00005_id02005_7_Egh9mW5y4_faceswap_id01779_wavtolip.npz,5.694537162780762,1
FakeVideo-FakeAudio/African/men/id01717/00005_id02005_7_Egh9mW5y4_faceswap_id04727_wavtolip.npz,5.752091884613037,1
FakeVideo-FakeAudio/African/men/id01717/00005_id02005_7_Egh9mW5y4_id01076_wavtolip.npz,5.845433712005615,1
FakeVideo-FakeAudio/African/men/id01717/00005_id02316_yrrNcmZ-xmI_id01544_wavtolip.npz,5.653055667877197,1
FakeVideo-FakeAudio/African/men/id01717/00005_id04727_wavtolip.npz,5.623429775238037,1
FakeVideo-FakeAudio/African/men/id01779/00010_id00475_wavtolip.npz,5.185800075531006,1
FakeVideo-FakeAudio/African/men/id01779/00010_id00518_wavtolip.npz,1.101220726966858,1
FakeVideo-FakeAudio/African/men/id01779/00010_id00701_lW6uzLIOwd0_id00366_wavtolip.npz,4.649023056030273,1
FakeVideo-FakeAudio/African/men/id01779/00010_id00781_wavtolip.npz,5.419358730316162,1
FakeVideo-FakeAudio/African/men/id01779/00010_id01036_AohKaMtIHxA_id01637_wavtolip.npz,5.390344142913818,1
FakeVideo-FakeAudio/African/men/id01779/00010_id01036_wavtolip.npz,6.325918674468994,1
FakeVideo-FakeAudio/African/men/id01779/00010_id01076_wavtolip.npz,5.873624324798584,1
FakeVideo-FakeAudio/African/men/id01779/00010_id01171_XSINMRoTb0E_id01076_wavtolip.npz,5.839304447174072,1
FakeVideo-FakeAudio/African/men/id01779/00010_id01528_wavtolip.npz,6.417183876037598,1
FakeVideo-FakeAudio/African/men/id01779/00010_id01530_wavtolip.npz,5.818014621734619,1
FakeVideo-FakeAudio/African/men/id01779/00010_id01544_wavtolip.npz,5.5337605476379395,1
FakeVideo-FakeAudio/African/men/id01779/00010_id01637_5VjcPZm8knM_id01972_wavtolip.npz,6.279575347900391,1
FakeVideo-FakeAudio/African/men/id01779/00010_id01691_IVtS5z8Jrrk_faceswap_id00173_wavtolip.npz,5.635168075561523,1
FakeVideo-FakeAudio/African/men/id01779/00010_id01691_IVtS5z8Jrrk_faceswap_id00478_wavtolip.npz,6.175014495849609,1
FakeVideo-FakeAudio/African/men/id01779/00010_id01691_IVtS5z8Jrrk_faceswap_id00701_wavtolip.npz,3.5238661766052246,1
FakeVideo-FakeAudio/African/men/id01779/00010_id01691_IVtS5z8Jrrk_faceswap_id01170_wavtolip.npz,5.882969379425049,1
FakeVideo-FakeAudio/African/men/id01779/00010_id01691_IVtS5z8Jrrk_faceswap_id01779_wavtolip.npz,5.765145301818848,1
FakeVideo-FakeAudio/African/men/id01779/00010_id01691_IVtS5z8Jrrk_id00391_wavtolip.npz,-0.8198026418685913,1
FakeVideo-FakeAudio/African/men/id01779/00010_id01779_wavtolip.npz,5.789519309997559,1
FakeVideo-FakeAudio/African/men/id01779/00010_id01856_6Q2f3b1QNRM_id00830_wavtolip.npz,5.677127361297607,1
FakeVideo-FakeAudio/African/men/id01779/00010_id02268_irA9myDvW-I_id01452_wavtolip.npz,5.751572608947754,1
FakeVideo-FakeAudio/African/men/id01779/00010_id02268_wavtolip.npz,5.595476150512695,1
FakeVideo-FakeAudio/African/men/id01779/00010_id02494_lObg47hQleE_id01076_wavtolip.npz,5.708590030670166,1
FakeVideo-FakeAudio/African/men/id01179/00160_id00166_PQV2ZbJBLNk_id01544_wavtolip.npz,5.539320468902588,1
FakeVideo-FakeAudio/African/men/id01179/00160_id00173_wavtolip.npz,1.2445933818817139,1
FakeVideo-FakeAudio/African/men/id01179/00160_id00391_TjJgUZaenWI_id01171_wavtolip.npz,5.856752395629883,1
FakeVideo-FakeAudio/African/men/id01179/00160_id00476_UgdYVJ6xPYg_id01856_wavtolip.npz,3.4313673973083496,1
FakeVideo-FakeAudio/African/men/id01179/00160_id00518_wavtolip.npz,1.1555520296096802,1
FakeVideo-FakeAudio/African/men/id01179/00160_id01170_7eoTTk4xyNo_id01856_wavtolip.npz,3.2965848445892334,1
FakeVideo-FakeAudio/African/men/id01179/00160_id01171_wavtolip.npz,5.859378814697266,1
FakeVideo-FakeAudio/African/men/id01179/00160_id01207_mt129WTRSII_id01171_wavtolip.npz,5.5624542236328125,1
FakeVideo-FakeAudio/African/men/id01179/00160_id01207_wavtolip.npz,2.3206934928894043,1
FakeVideo-FakeAudio/African/men/id01179/00160_id01392_wavtolip.npz,5.621875286102295,1
FakeVideo-FakeAudio/African/men/id01179/00160_id01544_wavtolip.npz,5.90402889251709,1
FakeVideo-FakeAudio/African/men/id01179/00160_id01598_wavtolip.npz,5.467095375061035,1
FakeVideo-FakeAudio/African/men/id01179/00160_id01637_5VjcPZm8knM_id01995_wavtolip.npz,0.24246454238891602,1
FakeVideo-FakeAudio/African/men/id01179/00160_id01691_wavtolip.npz,5.393845081329346,1
FakeVideo-FakeAudio/African/men/id01179/00160_id01717_wavtolip.npz,5.811558723449707,1
FakeVideo-FakeAudio/African/men/id01179/00160_id02005_7_Egh9mW5y4_faceswap_id01528_wavtolip.npz,6.042054176330566,1
FakeVideo-FakeAudio/African/men/id01179/00160_id02005_7_Egh9mW5y4_faceswap_id01779_wavtolip.npz,5.3314056396484375,1
FakeVideo-FakeAudio/African/men/id01179/00160_id02005_7_Egh9mW5y4_faceswap_id01835_wavtolip.npz,1.9448237419128418,1
FakeVideo-FakeAudio/African/men/id01179/00160_id02005_7_Egh9mW5y4_faceswap_id01972_wavtolip.npz,6.265975475311279,1
FakeVideo-FakeAudio/African/men/id01179/00160_id02005_7_Egh9mW5y4_faceswap_id02316_wavtolip.npz,5.60371732711792,1
FakeVideo-FakeAudio/African/men/id01179/00160_id02005_7_Egh9mW5y4_id00366_wavtolip.npz,4.710814952850342,1
FakeVideo-FakeAudio/African/men/id01179/00160_id02342_RJPBPhJB8TA_id01779_wavtolip.npz,5.551144123077393,1
FakeVideo-FakeAudio/African/men/id01179/00160_id02342_wavtolip.npz,1.0134515762329102,1
FakeVideo-FakeAudio/African/men/id01528/00017_id00173_wavtolip.npz,5.741693019866943,1
FakeVideo-FakeAudio/African/men/id01528/00017_id00518_qm7oQcDg4oI_id00781_wavtolip.npz,5.1727519035339355,1
FakeVideo-FakeAudio/African/men/id01528/00017_id00944_DiW5D62667U_id02296_wavtolip.npz,1.6124567985534668,1
FakeVideo-FakeAudio/African/men/id01528/00017_id00944_wavtolip.npz,5.479804039001465,1
FakeVideo-FakeAudio/African/men/id01528/00017_id00987_wavtolip.npz,1.6205551624298096,1
FakeVideo-FakeAudio/African/men/id01528/00017_id01076_wavtolip.npz,6.035536766052246,1
FakeVideo-FakeAudio/African/men/id01528/00017_id01171_wavtolip.npz,5.358190059661865,1
FakeVideo-FakeAudio/African/men/id01528/00017_id01207_mt129WTRSII_id01207_wavtolip.npz,2.5667712688446045,1
FakeVideo-FakeAudio/African/men/id01528/00017_id01236_7WdumGR5-JM_id02342_wavtolip.npz,5.9024882316589355,1
FakeVideo-FakeAudio/African/men/id01528/00017_id01236_wavtolip.npz,6.200056552886963,1
FakeVideo-FakeAudio/African/men/id01528/00017_id01452_4MqeoSxSy3w_faceswap_id00701_wavtolip.npz,5.401975631713867,1
FakeVideo-FakeAudio/African/men/id01528/00017_id01452_4MqeoSxSy3w_faceswap_id01076_wavtolip.npz,5.963859558105469,1
FakeVideo-FakeAudio/African/men/id01528/00017_id01452_4MqeoSxSy3w_faceswap_id01610_wavtolip.npz,4.767374515533447,1
FakeVideo-FakeAudio/African/men/id01528/00017_id01452_4MqeoSxSy3w_faceswap_id02005_wavtolip.npz,6.054487228393555,1
FakeVideo-FakeAudio/African/men/id01528/00017_id01452_4MqeoSxSy3w_faceswap_id02494_wavtolip.npz,5.565348148345947,1
FakeVideo-FakeAudio/African/men/id01528/00017_id01452_4MqeoSxSy3w_id04727_wavtolip.npz,5.69454288482666,1
FakeVideo-FakeAudio/African/men/id01528/00017_id01597_52WEZxe4_GE_id00476_wavtolip.npz,6.1028852462768555,1
FakeVideo-FakeAudio/African/men/id01528/00017_id01598_wavtolip.npz,5.527381420135498,1
FakeVideo-FakeAudio/African/men/id01528/00017_id01933_I5XXxgK7QpE_id00391_wavtolip.npz,-0.39100149273872375,1
FakeVideo-FakeAudio/African/men/id01528/00017_id01972_hBYoeQTm8ZQ_id01610_wavtolip.npz,4.728692531585693,1
FakeVideo-FakeAudio/African/men/id01528/00017_id02005_wavtolip.npz,6.019394874572754,1
FakeVideo-FakeAudio/African/men/id01528/00017_id02040_wavtolip.npz,2.0480668544769287,1
FakeVideo-FakeAudio/African/men/id01528/00017_id02296_wavtolip.npz,1.6291909217834473,1
FakeVideo-FakeAudio/African/men/id00076/00109_10_id00476_wavtolip.npz,5.878916263580322,1
FakeVideo-FakeAudio/African/men/id00076/00109_10_id01076_wavtolip.npz,6.132216930389404,1
FakeVideo-FakeAudio/African/men/id00076/00109_10_id01179_wavtolip.npz,-0.5261527895927429,1
FakeVideo-FakeAudio/African/men/id00076/00109_10_id02005_wavtolip.npz,3.8981215953826904,1
FakeVideo-FakeAudio/African/men/id00076/00109_10_id02342_wavtolip.npz,1.2500708103179932,1
FakeVideo-FakeAudio/African/men/id00076/00109_12_id00518_wavtolip.npz,3.400677442550659,1
FakeVideo-FakeAudio/African/men/id00076/00109_12_id00761_wavtolip.npz,5.94102144241333,1
FakeVideo-FakeAudio/African/men/id00076/00109_12_id00987_wavtolip.npz,1.7570326328277588,1
FakeVideo-FakeAudio/African/men/id00076/00109_12_id01856_wavtolip.npz,3.545315980911255,1
FakeVideo-FakeAudio/African/men/id00076/00109_12_id02296_wavtolip.npz,1.8097673654556274,1
FakeVideo-FakeAudio/African/men/id00076/00109_2_id00166_wavtolip.npz,5.774623870849609,1
FakeVideo-FakeAudio/African/men/id00076/00109_2_id00701_wavtolip.npz,3.2340521812438965,1
FakeVideo-FakeAudio/African/men/id00076/00109_2_id01236_wavtolip.npz,6.361489772796631,1
FakeVideo-FakeAudio/African/men/id00076/00109_2_id01521_wavtolip.npz,5.964504718780518,1
FakeVideo-FakeAudio/African/men/id00076/00109_2_id01598_wavtolip.npz,5.80509090423584,1
FakeVideo-FakeAudio/African/men/id00076/00109_4_id01392_wavtolip.npz,5.891976833343506,1
FakeVideo-FakeAudio/African/men/id00076/00109_4_id01528_wavtolip.npz,6.446677207946777,1
FakeVideo-FakeAudio/African/men/id00076/00109_4_id01691_wavtolip.npz,5.70431661605835,1
FakeVideo-FakeAudio/African/men/id00076/00109_4_id01995_wavtolip.npz,5.402979850769043,1
FakeVideo-FakeAudio/African/men/id00076/00109_4_id02296_wavtolip.npz,1.3329191207885742,1
FakeVideo-FakeAudio/African/men/id00076/00109_7_id00166_wavtolip.npz,5.890617370605469,1
FakeVideo-FakeAudio/African/men/id00076/00109_7_id00478_wavtolip.npz,6.2784247398376465,1
FakeVideo-FakeAudio/African/men/id00076/00109_7_id01452_wavtolip.npz,6.053692817687988,1
FakeVideo-FakeAudio/African/men/id00076/00109_7_id01717_wavtolip.npz,5.829084873199463,1
FakeVideo-FakeAudio/African/men/id00076/00109_7_id01995_wavtolip.npz,6.016538619995117,1
FakeVideo-FakeAudio/African/men/id00076/00109_8_id00166_wavtolip.npz,5.8421711921691895,1
FakeVideo-FakeAudio/African/men/id00076/00109_8_id00701_wavtolip.npz,3.1656301021575928,1
FakeVideo-FakeAudio/African/men/id00076/00109_8_id00761_wavtolip.npz,6.186163902282715,1
FakeVideo-FakeAudio/African/men/id00076/00109_8_id01170_wavtolip.npz,6.301677703857422,1
FakeVideo-FakeAudio/African/men/id00076/00109_8_id02005_wavtolip.npz,3.1510233879089355,1
FakeVideo-FakeAudio/African/men/id00076/00109_9_id00076_wavtolip.npz,5.363506317138672,1
FakeVideo-FakeAudio/African/men/id00076/00109_9_id01036_wavtolip.npz,6.241184711456299,1
FakeVideo-FakeAudio/African/men/id00076/00109_9_id01452_wavtolip.npz,6.030308246612549,1
FakeVideo-FakeAudio/African/men/id00076/00109_9_id01528_wavtolip.npz,6.481526851654053,1
FakeVideo-FakeAudio/African/men/id00076/00109_9_id02005_wavtolip.npz,6.010291576385498,1
FakeVideo-FakeAudio/African/men/id00076/00109_id00173_UHoMXLSjlDo_id00475_wavtolip.npz,1.3928347826004028,1
FakeVideo-FakeAudio/African/men/id00076/00109_id00366_RSOgEoek8WM_id01995_wavtolip.npz,5.234691619873047,1
FakeVideo-FakeAudio/African/men/id00076/00109_id00391_wavtolip.npz,0.9365937113761902,1
FakeVideo-FakeAudio/African/men/id00076/00109_id00475_wavtolip.npz,1.7007713317871094,1
FakeVideo-FakeAudio/African/men/id00076/00109_id00476_wavtolip.npz,6.30525016784668,1
FakeVideo-FakeAudio/African/men/id00076/00109_id00701_wavtolip.npz,4.831950664520264,1
FakeVideo-FakeAudio/African/men/id00076/00109_id00830_rfl3Teg9uew_id01544_wavtolip.npz,5.533689022064209,1
FakeVideo-FakeAudio/African/men/id00076/00109_id01036_AohKaMtIHxA_id00476_wavtolip.npz,6.133431434631348,1
FakeVideo-FakeAudio/African/men/id00076/00109_id01207_mt129WTRSII_id02316_wavtolip.npz,5.317509651184082,1
FakeVideo-FakeAudio/African/men/id00076/00109_id01207_wavtolip.npz,2.5239510536193848,1
FakeVideo-FakeAudio/African/men/id00076/00109_id01544_uBo9585VW2A_id01779_wavtolip.npz,4.175895690917969,1
FakeVideo-FakeAudio/African/men/id00076/00109_id01637_wavtolip.npz,5.809357643127441,1
FakeVideo-FakeAudio/African/men/id00076/00109_id01691_wavtolip.npz,6.007002353668213,1
FakeVideo-FakeAudio/African/men/id00076/00109_id01920_wavtolip.npz,5.788806438446045,1
FakeVideo-FakeAudio/African/men/id00076/00109_id01995_YUR9wTypwIo_id01691_wavtolip.npz,5.737772464752197,1
FakeVideo-FakeAudio/African/men/id00076/00109_id02005_7_Egh9mW5y4_id01972_wavtolip.npz,6.427892208099365,1
FakeVideo-FakeAudio/African/men/id00076/00109_id02005_wavtolip.npz,6.182682991027832,1
FakeVideo-FakeAudio/African/men/id00076/00109_id02316_wavtolip.npz,5.29276180267334,1
FakeVideo-FakeAudio/African/men/id00076/00109_id02342_RJPBPhJB8TA_id00166_wavtolip.npz,5.420888900756836,1
FakeVideo-FakeAudio/African/men/id00076/00109_id04727_AAnyugIAXao_id00391_wavtolip.npz,1.2955563068389893,1
FakeVideo-FakeAudio/African/men/id02268/00036_id00076_wavtolip.npz,2.342146396636963,1
FakeVideo-FakeAudio/African/men/id02268/00036_id00166_wavtolip.npz,5.103076934814453,1
FakeVideo-FakeAudio/African/men/id02268/00036_id00173_wavtolip.npz,5.652973175048828,1
FakeVideo-FakeAudio/African/men/id02268/00036_id00781_wavtolip.npz,5.349721908569336,1
FakeVideo-FakeAudio/African/men/id02268/00036_id01236_7WdumGR5-JM_id01597_wavtolip.npz,4.75399112701416,1
FakeVideo-FakeAudio/African/men/id02268/00036_id01521_jthjSmLdLOg_id01597_wavtolip.npz,4.7530741691589355,1
FakeVideo-FakeAudio/African/men/id02268/00036_id01530_wavtolip.npz,6.0583367347717285,1
FakeVideo-FakeAudio/African/men/id02268/00036_id01691_IVtS5z8Jrrk_id00944_wavtolip.npz,5.390063285827637,1
FakeVideo-FakeAudio/African/men/id02268/00036_id01717_wavtolip.npz,5.897844314575195,1
FakeVideo-FakeAudio/African/men/id02268/00036_id01835_UZbWA0QfXXA_id01856_wavtolip.npz,3.2591381072998047,1
FakeVideo-FakeAudio/African/men/id02268/00036_id01856_6Q2f3b1QNRM_id01207_wavtolip.npz,2.279752016067505,1
FakeVideo-FakeAudio/African/men/id02268/00036_id01920_wavtolip.npz,5.739294052124023,1
FakeVideo-FakeAudio/African/men/id02268/00036_id02040_wavtolip.npz,1.971442461013794,1
FakeVideo-FakeAudio/African/men/id02268/00036_id02268_wavtolip.npz,5.700662136077881,1
FakeVideo-FakeAudio/African/men/id02268/00036_id02296_IAgOrCuY8vU_id01598_wavtolip.npz,5.733148097991943,1
FakeVideo-FakeAudio/African/men/id02268/00036_id02316_wavtolip.npz,5.119636535644531,1
FakeVideo-FakeAudio/African/men/id02268/00036_id02494_lObg47hQleE_id00391_wavtolip.npz,0.011119840666651726,1
FakeVideo-FakeAudio/African/men/id01170/00021_id00166_wavtolip.npz,5.136396884918213,1
FakeVideo-FakeAudio/African/men/id01170/00021_id00391_TjJgUZaenWI_id01598_wavtolip.npz,5.7889933586120605,1
FakeVideo-FakeAudio/African/men/id01170/00021_id00761_wavtolip.npz,6.057984352111816,1
FakeVideo-FakeAudio/African/men/id01170/00021_id00830_rfl3Teg9uew_id01170_wavtolip.npz,5.8629069328308105,1
FakeVideo-FakeAudio/African/men/id01170/00021_id01076_wavtolip.npz,5.93355655670166,1
FakeVideo-FakeAudio/African/men/id01170/00021_id01170_wavtolip.npz,5.773111343383789,1
FakeVideo-FakeAudio/African/men/id01170/00021_id01171_XSINMRoTb0E_id02342_wavtolip.npz,5.779580116271973,1
FakeVideo-FakeAudio/African/men/id01170/00021_id01392_fF-g0KFJ7lg_id00478_wavtolip.npz,6.089579105377197,1
FakeVideo-FakeAudio/African/men/id01170/00021_id01392_wavtolip.npz,5.82788610458374,1
FakeVideo-FakeAudio/African/men/id01170/00021_id01452_wavtolip.npz,5.8813652992248535,1
FakeVideo-FakeAudio/African/men/id01170/00021_id01544_wavtolip.npz,5.729964733123779,1
FakeVideo-FakeAudio/African/men/id01170/00021_id01597_52WEZxe4_GE_id01076_wavtolip.npz,5.849161624908447,1
FakeVideo-FakeAudio/African/men/id01170/00021_id01610_l8zb_iaDJJA_id01856_wavtolip.npz,3.4113810062408447,1
FakeVideo-FakeAudio/African/men/id01170/00021_id01691_wavtolip.npz,6.087818622589111,1
FakeVideo-FakeAudio/African/men/id01170/00021_id01779_wavtolip.npz,4.281054496765137,1
FakeVideo-FakeAudio/African/men/id01170/00021_id01920_wavtolip.npz,5.676957130432129,1
FakeVideo-FakeAudio/African/men/id01170/00021_id01933_I5XXxgK7QpE_faceswap_id00478_wavtolip.npz,6.222040176391602,1
FakeVideo-FakeAudio/African/men/id01170/00021_id01933_I5XXxgK7QpE_faceswap_id01597_wavtolip.npz,4.654408931732178,1
FakeVideo-FakeAudio/African/men/id01170/00021_id01933_I5XXxgK7QpE_faceswap_id01637_wavtolip.npz,5.5276875495910645,1
FakeVideo-FakeAudio/African/men/id01170/00021_id01933_I5XXxgK7QpE_faceswap_id01856_wavtolip.npz,3.485400676727295,1
FakeVideo-FakeAudio/African/men/id01170/00021_id01933_I5XXxgK7QpE_id00781_wavtolip.npz,5.0723347663879395,1
FakeVideo-FakeAudio/African/men/id01170/00021_id04727_AAnyugIAXao_id01392_wavtolip.npz,5.70832633972168,1
FakeVideo-FakeAudio/African/men/id01637/00002_1_id01598_wavtolip.npz,5.778682231903076,1
FakeVideo-FakeAudio/African/men/id01637/00002_1_id01610_wavtolip.npz,5.218751907348633,1
FakeVideo-FakeAudio/African/men/id01637/00002_1_id01920_wavtolip.npz,4.813499927520752,1
FakeVideo-FakeAudio/African/men/id01637/00002_1_id02296_wavtolip.npz,1.8509478569030762,1
FakeVideo-FakeAudio/African/men/id01637/00002_1_id02342_wavtolip.npz,1.5699150562286377,1
FakeVideo-FakeAudio/African/men/id01637/00002_2_id00701_wavtolip.npz,5.588075637817383,1
FakeVideo-FakeAudio/African/men/id01637/00002_2_id00761_wavtolip.npz,6.368181228637695,1
FakeVideo-FakeAudio/African/men/id01637/00002_2_id00944_wavtolip.npz,5.449929714202881,1
FakeVideo-FakeAudio/African/men/id01637/00002_2_id01392_wavtolip.npz,6.02329158782959,1
FakeVideo-FakeAudio/African/men/id01637/00002_2_id01452_wavtolip.npz,6.034496784210205,1
FakeVideo-FakeAudio/African/men/id01637/00002_id00076_wavtolip.npz,3.3673477172851562,1
FakeVideo-FakeAudio/African/men/id01637/00002_id00166_PQV2ZbJBLNk_id04727_wavtolip.npz,5.648937702178955,1
FakeVideo-FakeAudio/African/men/id01637/00002_id00366_RSOgEoek8WM_id02268_wavtolip.npz,5.694140911102295,1
FakeVideo-FakeAudio/African/men/id01637/00002_id00391_wavtolip.npz,0.057801518589258194,1
FakeVideo-FakeAudio/African/men/id01637/00002_id00761_wavtolip.npz,6.083233833312988,1
FakeVideo-FakeAudio/African/men/id01637/00002_id00944_DiW5D62667U_id01856_wavtolip.npz,3.313045024871826,1
FakeVideo-FakeAudio/African/men/id01637/00002_id01170_7eoTTk4xyNo_id01452_wavtolip.npz,5.736062049865723,1
FakeVideo-FakeAudio/African/men/id01637/00002_id01170_wavtolip.npz,6.243305206298828,1
FakeVideo-FakeAudio/African/men/id01637/00002_id01171_wavtolip.npz,5.900951385498047,1
FakeVideo-FakeAudio/African/men/id01637/00002_id01236_wavtolip.npz,6.370428562164307,1
FakeVideo-FakeAudio/African/men/id01637/00002_id01392_wavtolip.npz,6.082205772399902,1
FakeVideo-FakeAudio/African/men/id01637/00002_id01610_l8zb_iaDJJA_id01236_wavtolip.npz,6.387327194213867,1
FakeVideo-FakeAudio/African/men/id01637/00002_id01691_wavtolip.npz,5.9368767738342285,1
FakeVideo-FakeAudio/African/men/id01637/00002_id01920_w9C_knCPD94_id00076_wavtolip.npz,2.9615657329559326,1
FakeVideo-FakeAudio/African/men/id01637/00002_id02005_7_Egh9mW5y4_id01392_wavtolip.npz,5.850460052490234,1
FakeVideo-FakeAudio/African/men/id01637/00002_id02051_wavtolip.npz,5.162193298339844,1
FakeVideo-FakeAudio/African/men/id01637/00002_id02316_wavtolip.npz,5.287276744842529,1
FakeVideo-FakeAudio/African/men/id01637/00002_id02494_lObg47hQleE_id01530_wavtolip.npz,5.927937984466553,1
FakeVideo-FakeAudio/African/men/id02051/00015_id00076_wavtolip.npz,2.269834280014038,1
FakeVideo-FakeAudio/African/men/id02051/00015_id00166_wavtolip.npz,5.545367240905762,1
FakeVideo-FakeAudio/African/men/id02051/00015_id00173_UHoMXLSjlDo_id01691_wavtolip.npz,5.7794694900512695,1
FakeVideo-FakeAudio/African/men/id02051/00015_id00173_wavtolip.npz,1.3267018795013428,1
FakeVideo-FakeAudio/African/men/id02051/00015_id00701_lW6uzLIOwd0_id01779_wavtolip.npz,5.318485736846924,1
FakeVideo-FakeAudio/African/men/id02051/00015_id00987_wavtolip.npz,1.6657851934432983,1
FakeVideo-FakeAudio/African/men/id02051/00015_id01236_wavtolip.npz,6.230164051055908,1
FakeVideo-FakeAudio/African/men/id02051/00015_id01521_jthjSmLdLOg_id00761_wavtolip.npz,5.93955135345459,1
FakeVideo-FakeAudio/African/men/id02051/00015_id01530_wavtolip.npz,1.937847375869751,1
FakeVideo-FakeAudio/African/men/id02051/00015_id01610_l8zb_iaDJJA_id01717_wavtolip.npz,6.048757076263428,1
FakeVideo-FakeAudio/African/men/id02051/00015_id01691_wavtolip.npz,5.808633804321289,1
FakeVideo-FakeAudio/African/men/id02051/00015_id01835_UZbWA0QfXXA_id00944_wavtolip.npz,5.672410488128662,1
FakeVideo-FakeAudio/African/men/id02051/00015_id01835_wavtolip.npz,5.498822212219238,1
FakeVideo-FakeAudio/African/men/id02051/00015_id01995_YUR9wTypwIo_id00476_wavtolip.npz,5.705578327178955,1
FakeVideo-FakeAudio/African/men/id02051/00015_id02040_wl6EVkamZFQ_id00781_wavtolip.npz,5.7888007164001465,1
FakeVideo-FakeAudio/African/men/id02051/00015_id02316_wavtolip.npz,6.055305004119873,1
FakeVideo-FakeAudio/African/men/id02051/00015_id02342_wavtolip.npz,1.1079587936401367,1
FakeVideo-FakeAudio/African/men/id00366/00118_id00076_Isiq7cA-DNE_faceswap_id01170_wavtolip.npz,6.107131004333496,1
FakeVideo-FakeAudio/African/men/id00366/00118_id00076_Isiq7cA-DNE_faceswap_id01779_wavtolip.npz,4.333320140838623,1
FakeVideo-FakeAudio/African/men/id00366/00118_id00076_Isiq7cA-DNE_faceswap_id02316_wavtolip.npz,5.253819465637207,1
FakeVideo-FakeAudio/African/men/id00366/00118_id00076_Isiq7cA-DNE_faceswap_id02342_wavtolip.npz,5.8662872314453125,1
FakeVideo-FakeAudio/African/men/id00366/00118_id00076_Isiq7cA-DNE_faceswap_id02494_wavtolip.npz,5.6178998947143555,1
FakeVideo-FakeAudio/African/men/id00366/00118_id00076_Isiq7cA-DNE_id00944_wavtolip.npz,5.423096656799316,1
FakeVideo-FakeAudio/African/men/id00366/00118_id00476_UgdYVJ6xPYg_id00076_wavtolip.npz,5.8004655838012695,1
FakeVideo-FakeAudio/African/men/id00366/00118_id00781_fvsSae9yc0A_id01597_wavtolip.npz,4.56033992767334,1
FakeVideo-FakeAudio/African/men/id00366/00118_id00781_wavtolip.npz,5.3346943855285645,1
FakeVideo-FakeAudio/African/men/id00366/00118_id01170_wavtolip.npz,5.971311092376709,1
FakeVideo-FakeAudio/African/men/id00366/00118_id01207_mt129WTRSII_id02316_wavtolip.npz,5.354046821594238,1
FakeVideo-FakeAudio/African/men/id00366/00118_id01236_wavtolip.npz,6.252206325531006,1
FakeVideo-FakeAudio/African/men/id00366/00118_id01528_wavtolip.npz,5.3839006423950195,1
FakeVideo-FakeAudio/African/men/id00366/00118_id01544_uBo9585VW2A_id02342_wavtolip.npz,5.708583354949951,1
FakeVideo-FakeAudio/African/men/id00366/00118_id01598_wavtolip.npz,5.708272933959961,1
FakeVideo-FakeAudio/African/men/id00366/00118_id01637_5VjcPZm8knM_id01835_wavtolip.npz,2.7847800254821777,1
FakeVideo-FakeAudio/African/men/id00366/00118_id01691_IVtS5z8Jrrk_id01597_wavtolip.npz,4.7690229415893555,1
FakeVideo-FakeAudio/African/men/id00366/00118_id01717_JDW6p8yU13A_id01856_wavtolip.npz,3.4418485164642334,1
FakeVideo-FakeAudio/African/men/id00366/00118_id01717_wavtolip.npz,5.968478679656982,1
FakeVideo-FakeAudio/African/men/id00366/00118_id01835_wavtolip.npz,2.9111487865448,1
FakeVideo-FakeAudio/African/men/id00366/00118_id01856_wavtolip.npz,3.3910329341888428,1
FakeVideo-FakeAudio/African/men/id00366/00118_id01920_w9C_knCPD94_id01170_wavtolip.npz,5.94870662689209,1
FakeVideo-FakeAudio/African/men/id00366/00118_id02005_7_Egh9mW5y4_id01544_wavtolip.npz,5.613121509552002,1
FakeVideo-FakeAudio/African/men/id00366/00118_id02005_wavtolip.npz,5.969860076904297,1
FakeVideo-FakeAudio/African/men/id00366/00118_id02268_wavtolip.npz,5.596949100494385,1
FakeVideo-FakeAudio/African/women/id00359/00053_id00460_wavtolip.npz,-1.127894639968872,1
FakeVideo-FakeAudio/African/women/id00359/00053_id01178_wavtolip.npz,0.3827003538608551,1
FakeVideo-FakeAudio/African/women/id00359/00053_id01838_q_lUk55OrL0_faceswap_id00568_wavtolip.npz,4.855196475982666,1
FakeVideo-FakeAudio/African/women/id00359/00053_id01838_q_lUk55OrL0_faceswap_id03658_wavtolip.npz,6.1882548332214355,1
FakeVideo-FakeAudio/African/women/id00359/00053_id01838_q_lUk55OrL0_faceswap_id04736_wavtolip.npz,4.859739780426025,1
FakeVideo-FakeAudio/African/women/id00359/00053_id01838_q_lUk55OrL0_faceswap_id05106_wavtolip.npz,5.815320014953613,1
FakeVideo-FakeAudio/African/women/id00359/00053_id01838_q_lUk55OrL0_faceswap_id05252_wavtolip.npz,6.460701942443848,1
FakeVideo-FakeAudio/African/women/id00359/00053_id01838_wavtolip.npz,6.065803527832031,1
FakeVideo-FakeAudio/African/women/id00359/00053_id02071_cHuDh9F87vA_id02948_wavtolip.npz,5.486960411071777,1
FakeVideo-FakeAudio/African/women/id00359/00053_id02508_wavtolip.npz,3.607196569442749,1
FakeVideo-FakeAudio/African/women/id00359/00053_id02586_dEYzYDsbAeo_id01907_wavtolip.npz,5.782007694244385,1
FakeVideo-FakeAudio/African/women/id00359/00053_id02721_wavtolip.npz,5.524247169494629,1
FakeVideo-FakeAudio/African/women/id00359/00053_id02838_kaCQlSGlLe8_id04689_wavtolip.npz,5.685680389404297,1
FakeVideo-FakeAudio/African/women/id00359/00053_id02948_wavtolip.npz,5.487748146057129,1
FakeVideo-FakeAudio/African/women/id00359/00053_id04376_wavtolip.npz,6.379226207733154,1
FakeVideo-FakeAudio/African/women/id00359/00053_id04437_wavtolip.npz,5.200489521026611,1
FakeVideo-FakeAudio/African/women/id00359/00053_id04547_3Qy2g2M47Aw_id03747_wavtolip.npz,1.2296534776687622,1
FakeVideo-FakeAudio/African/women/id00359/00053_id04736_wavtolip.npz,5.028896808624268,1
FakeVideo-FakeAudio/African/women/id00359/00053_id04820_64ybrA1atlM_id00577_wavtolip.npz,6.538605690002441,1
FakeVideo-FakeAudio/African/women/id00359/00053_id05106_ZnnDdjlABM4_id03569_wavtolip.npz,6.236506462097168,1
FakeVideo-FakeAudio/African/women/id00359/00053_id05980_bbg4HtuM_jo_id00829_wavtolip.npz,4.915285110473633,1
FakeVideo-FakeAudio/African/women/id00359/00053_id05980_wavtolip.npz,5.148001670837402,1
FakeVideo-FakeAudio/African/women/id01907/00148_id00220_WlHLlTQKj8g_id00359_wavtolip.npz,5.968648433685303,1
FakeVideo-FakeAudio/African/women/id01907/00148_id00371_t20i0HtPwW0_id00832_wavtolip.npz,5.477647304534912,1
FakeVideo-FakeAudio/African/women/id01907/00148_id00829_aMEvVaUBq2Y_id00592_wavtolip.npz,3.629692316055298,1
FakeVideo-FakeAudio/African/women/id01907/00148_id00832_Jr4-dXRChME_id00577_wavtolip.npz,6.113537788391113,1
FakeVideo-FakeAudio/African/women/id01907/00148_id01532_XnlWp_s_f7Q_id02301_wavtolip.npz,5.887282371520996,1
FakeVideo-FakeAudio/African/women/id01907/00148_id01838_wavtolip.npz,5.8084187507629395,1
FakeVideo-FakeAudio/African/women/id01907/00148_id02586_wavtolip.npz,6.085684776306152,1
FakeVideo-FakeAudio/African/women/id01907/00148_id03569_wavtolip.npz,6.170405864715576,1
FakeVideo-FakeAudio/African/women/id01907/00148_id03747_wavtolip.npz,0.3832690715789795,1
FakeVideo-FakeAudio/African/women/id01907/00148_id04055_wavtolip.npz,5.505274772644043,1
FakeVideo-FakeAudio/African/women/id01907/00148_id04705_wavtolip.npz,2.9673359394073486,1
FakeVideo-FakeAudio/African/women/id01907/00148_id04705_ziJ9JsYr4R0_id01838_wavtolip.npz,5.787906169891357,1
FakeVideo-FakeAudio/African/women/id01907/00148_id04736_wavtolip.npz,0.9256923794746399,1
FakeVideo-FakeAudio/African/women/id01907/00148_id04820_wavtolip.npz,4.983282566070557,1
FakeVideo-FakeAudio/African/women/id01907/00148_id04939_wavtolip.npz,5.769567489624023,1
FakeVideo-FakeAudio/African/women/id01907/00148_id05235_ASy8lP3SRtw_faceswap_id00371_wavtolip.npz,5.561979293823242,1
FakeVideo-FakeAudio/African/women/id01907/00148_id05235_ASy8lP3SRtw_faceswap_id03656_wavtolip.npz,4.220594882965088,1
FakeVideo-FakeAudio/African/women/id01907/00148_id05235_ASy8lP3SRtw_faceswap_id04437_wavtolip.npz,5.847529888153076,1
FakeVideo-FakeAudio/African/women/id01907/00148_id05235_ASy8lP3SRtw_faceswap_id05251_wavtolip.npz,6.087509632110596,1
FakeVideo-FakeAudio/African/women/id01907/00148_id05235_ASy8lP3SRtw_faceswap_id05252_wavtolip.npz,6.410099029541016,1
FakeVideo-FakeAudio/African/women/id01907/00148_id05235_ASy8lP3SRtw_id02838_wavtolip.npz,1.0972058773040771,1
FakeVideo-FakeAudio/African/women/id01907/00148_id05252_CMxIX3absYM_id00832_wavtolip.npz,5.791504383087158,1
FakeVideo-FakeAudio/African/women/id01661/00059_id00371_t20i0HtPwW0_id05980_wavtolip.npz,4.9596076011657715,1
FakeVideo-FakeAudio/African/women/id01661/00059_id00371_wavtolip.npz,5.1736674308776855,1
FakeVideo-FakeAudio/African/women/id01661/00059_id00577_wavtolip.npz,6.379415512084961,1
FakeVideo-FakeAudio/African/women/id01661/00059_id00592_wavtolip.npz,-0.14343184232711792,1
FakeVideo-FakeAudio/African/women/id01661/00059_id00832_wavtolip.npz,5.616142749786377,1
FakeVideo-FakeAudio/African/women/id01661/00059_id01178_wavtolip.npz,-1.7882517576217651,1
FakeVideo-FakeAudio/African/women/id01661/00059_id01661_wavtolip.npz,5.424899578094482,1
FakeVideo-FakeAudio/African/women/id01661/00059_id01783_WBUM0bHzWNA_id04376_wavtolip.npz,6.085052967071533,1
FakeVideo-FakeAudio/African/women/id01661/00059_id01838_wavtolip.npz,6.118529796600342,1
FakeVideo-FakeAudio/African/women/id01661/00059_id01907_LBcRkuRq0uY_id02808_wavtolip.npz,0.20926105976104736,1
FakeVideo-FakeAudio/African/women/id01661/00059_id02071_wavtolip.npz,4.622012615203857,1
FakeVideo-FakeAudio/African/women/id01661/00059_id02508_wavtolip.npz,4.470567226409912,1
FakeVideo-FakeAudio/African/women/id01661/00059_id02586_wavtolip.npz,5.718506336212158,1
FakeVideo-FakeAudio/African/women/id01661/00059_id03656_wavtolip.npz,3.2469308376312256,1
FakeVideo-FakeAudio/African/women/id01661/00059_id03713_wavtolip.npz,5.55690336227417,1
FakeVideo-FakeAudio/African/women/id01661/00059_id04055_0qrzF4HLXHY_id04055_wavtolip.npz,5.521580219268799,1
FakeVideo-FakeAudio/African/women/id01661/00059_id04055_wavtolip.npz,5.642879962921143,1
FakeVideo-FakeAudio/African/women/id01661/00059_id04939_i4v2cXo9HIQ_id02071_wavtolip.npz,4.589999675750732,1
FakeVideo-FakeAudio/African/women/id01661/00059_id05252_CMxIX3absYM_id00592_wavtolip.npz,0.8643519282341003,1
FakeVideo-FakeAudio/African/women/id03747/00273_id00220_WlHLlTQKj8g_id05251_wavtolip.npz,6.079065322875977,1
FakeVideo-FakeAudio/African/women/id03747/00273_id00220_wavtolip.npz,6.127832889556885,1
FakeVideo-FakeAudio/African/women/id03747/00273_id00359_RZMQan-7me4_id00592_wavtolip.npz,1.975487470626831,1
FakeVideo-FakeAudio/African/women/id03747/00273_id00577_wavtolip.npz,6.373705863952637,1
FakeVideo-FakeAudio/African/women/id03747/00273_id00707_wavtolip.npz,6.18809700012207,1
FakeVideo-FakeAudio/African/women/id03747/00273_id01907_wavtolip.npz,0.3673197627067566,1
FakeVideo-FakeAudio/African/women/id03747/00273_id02071_cHuDh9F87vA_id02071_wavtolip.npz,5.1239166259765625,1
FakeVideo-FakeAudio/African/women/id03747/00273_id02617_wavtolip.npz,5.781729698181152,1
FakeVideo-FakeAudio/African/women/id03747/00273_id02808_wavtolip.npz,6.1579155921936035,1
FakeVideo-FakeAudio/African/women/id03747/00273_id02824_glBy_mYcXZw_faceswap_id01661_wavtolip.npz,5.446475505828857,1
FakeVideo-FakeAudio/African/women/id03747/00273_id02824_glBy_mYcXZw_faceswap_id04055_wavtolip.npz,5.4467034339904785,1
FakeVideo-FakeAudio/African/women/id03747/00273_id02824_glBy_mYcXZw_faceswap_id04374_wavtolip.npz,5.968958854675293,1
FakeVideo-FakeAudio/African/women/id03747/00273_id02824_glBy_mYcXZw_faceswap_id04547_wavtolip.npz,6.186119079589844,1
FakeVideo-FakeAudio/African/women/id03747/00273_id02824_glBy_mYcXZw_faceswap_id05235_wavtolip.npz,5.640506744384766,1
FakeVideo-FakeAudio/African/women/id03747/00273_id02824_glBy_mYcXZw_id00592_wavtolip.npz,2.0034666061401367,1
FakeVideo-FakeAudio/African/women/id03747/00273_id02838_wavtolip.npz,5.683104038238525,1
FakeVideo-FakeAudio/African/women/id03747/00273_id03569_wavtolip.npz,6.1819071769714355,1
FakeVideo-FakeAudio/African/women/id03747/00273_id04374_SWltOOZmlWM_id05252_wavtolip.npz,6.097325801849365,1
FakeVideo-FakeAudio/African/women/id03747/00273_id04689_0YqK1ksKjLg_id00359_wavtolip.npz,5.904605388641357,1
FakeVideo-FakeAudio/African/women/id03747/00273_id05231_wavtolip.npz,5.916900157928467,1
FakeVideo-FakeAudio/African/women/id03747/00273_id05231_wfbM5puT6eQ_id02948_wavtolip.npz,3.0098836421966553,1
FakeVideo-FakeAudio/African/women/id03747/00273_id05235_ASy8lP3SRtw_id05251_wavtolip.npz,6.048988342285156,1
FakeVideo-FakeAudio/African/women/id03747/00273_id05235_wavtolip.npz,5.819661617279053,1
FakeVideo-FakeAudio/African/women/id03713/00249_id00371_t20i0HtPwW0_id04689_wavtolip.npz,5.2969889640808105,1
FakeVideo-FakeAudio/African/women/id03713/00249_id00371_wavtolip.npz,4.361281871795654,1
FakeVideo-FakeAudio/African/women/id03713/00249_id00577_wavtolip.npz,6.492206573486328,1
FakeVideo-FakeAudio/African/women/id03713/00249_id01532_XnlWp_s_f7Q_id05106_wavtolip.npz,3.0994653701782227,1
FakeVideo-FakeAudio/African/women/id03713/00249_id01661_wavtolip.npz,5.26993989944458,1
FakeVideo-FakeAudio/African/women/id03713/00249_id01783_wavtolip.npz,4.886038780212402,1
FakeVideo-FakeAudio/African/women/id03713/00249_id02508_wavtolip.npz,2.4605276584625244,1
FakeVideo-FakeAudio/African/women/id03713/00249_id02586_wavtolip.npz,5.987423896789551,1
FakeVideo-FakeAudio/African/women/id03713/00249_id02617_4EZjRXC4fLk_faceswap_id00220_wavtolip.npz,6.141092300415039,1
FakeVideo-FakeAudio/African/women/id03713/00249_id02617_4EZjRXC4fLk_faceswap_id00832_wavtolip.npz,5.6714701652526855,1
FakeVideo-FakeAudio/African/women/id03713/00249_id02617_4EZjRXC4fLk_faceswap_id01178_wavtolip.npz,-0.8314535617828369,1
FakeVideo-FakeAudio/African/women/id03713/00249_id02617_4EZjRXC4fLk_faceswap_id01532_wavtolip.npz,4.838413715362549,1
FakeVideo-FakeAudio/African/women/id03713/00249_id02617_4EZjRXC4fLk_faceswap_id04245_wavtolip.npz,5.794832229614258,1
FakeVideo-FakeAudio/African/women/id03713/00249_id02721_wavtolip.npz,5.279460430145264,1
FakeVideo-FakeAudio/African/women/id03713/00249_id02824_glBy_mYcXZw_id04437_wavtolip.npz,5.722659587860107,1
FakeVideo-FakeAudio/African/women/id03713/00249_id03103_wiCYm3THQPw_id04820_wavtolip.npz,5.675885200500488,1
FakeVideo-FakeAudio/African/women/id03713/00249_id03658_8Wtu9VXKqjY_id05235_wavtolip.npz,5.675113677978516,1
FakeVideo-FakeAudio/African/women/id03713/00249_id04736__D2k4fMhEfQ_id00829_wavtolip.npz,5.467042446136475,1
FakeVideo-FakeAudio/African/women/id03713/00249_id04736_wavtolip.npz,1.8791431188583374,1
FakeVideo-FakeAudio/African/women/id02721/00424_id00359_wavtolip.npz,5.877979278564453,1
FakeVideo-FakeAudio/African/women/id02721/00424_id00371_t20i0HtPwW0_id04939_wavtolip.npz,6.023867130279541,1
FakeVideo-FakeAudio/African/women/id02721/00424_id00568_gakhcJXnJZ8_id04939_wavtolip.npz,5.899769306182861,1
FakeVideo-FakeAudio/African/women/id02721/00424_id00707_wavtolip.npz,6.220577239990234,1
FakeVideo-FakeAudio/African/women/id02721/00424_id01178_wavtolip.npz,5.146073341369629,1
FakeVideo-FakeAudio/African/women/id02721/00424_id01661_wavtolip.npz,5.219278335571289,1
FakeVideo-FakeAudio/African/women/id02721/00424_id01783_wavtolip.npz,4.2765069007873535,1
FakeVideo-FakeAudio/African/women/id02721/00424_id02071_wavtolip.npz,4.9676337242126465,1
FakeVideo-FakeAudio/African/women/id02721/00424_id02586_dEYzYDsbAeo_id04939_wavtolip.npz,5.982926845550537,1
FakeVideo-FakeAudio/African/women/id02721/00424_id02617_wavtolip.npz,5.818789482116699,1
FakeVideo-FakeAudio/African/women/id02721/00424_id02721_wavtolip.npz,5.369362831115723,1
FakeVideo-FakeAudio/African/women/id02721/00424_id02808_nZtvxh6Eesc_id00371_wavtolip.npz,5.5916314125061035,1
FakeVideo-FakeAudio/African/women/id02721/00424_id02824_wavtolip.npz,5.886096954345703,1
FakeVideo-FakeAudio/African/women/id02721/00424_id02948__ZEDGNWjuFE_id05235_wavtolip.npz,5.860047817230225,1
FakeVideo-FakeAudio/African/women/id02721/00424_id03658_8Wtu9VXKqjY_faceswap_id00371_wavtolip.npz,5.734453201293945,1
FakeVideo-FakeAudio/African/women/id02721/00424_id03658_8Wtu9VXKqjY_faceswap_id02824_wavtolip.npz,5.8933939933776855,1
FakeVideo-FakeAudio/African/women/id02721/00424_id03658_8Wtu9VXKqjY_faceswap_id02838_wavtolip.npz,0.7246420383453369,1
FakeVideo-FakeAudio/African/women/id02721/00424_id03658_8Wtu9VXKqjY_faceswap_id02948_wavtolip.npz,3.0353474617004395,1
FakeVideo-FakeAudio/African/women/id02721/00424_id03658_8Wtu9VXKqjY_faceswap_id04820_wavtolip.npz,5.331198215484619,1
FakeVideo-FakeAudio/African/women/id02721/00424_id03658_8Wtu9VXKqjY_id02808_wavtolip.npz,-0.26888012886047363,1
FakeVideo-FakeAudio/African/women/id02721/00424_id03658_wavtolip.npz,5.989911079406738,1
FakeVideo-FakeAudio/African/women/id02721/00424_id04705_ziJ9JsYr4R0_id05980_wavtolip.npz,5.215278625488281,1
FakeVideo-FakeAudio/African/women/id02721/00424_id05231_wfbM5puT6eQ_id00568_wavtolip.npz,5.016899585723877,1
FakeVideo-FakeAudio/African/women/id04547/00052_2_id00832_wavtolip.npz,5.909320831298828,1
FakeVideo-FakeAudio/African/women/id04547/00052_2_id02617_wavtolip.npz,6.053408145904541,1
FakeVideo-FakeAudio/African/women/id04547/00052_2_id02808_wavtolip.npz,-0.7674747109413147,1
FakeVideo-FakeAudio/African/women/id04547/00052_2_id02824_wavtolip.npz,5.922726154327393,1
FakeVideo-FakeAudio/African/women/id04547/00052_2_id05251_wavtolip.npz,6.133804798126221,1
FakeVideo-FakeAudio/African/women/id04547/00052_id00568_wavtolip.npz,5.021811008453369,1
FakeVideo-FakeAudio/African/women/id04547/00052_id00829_aMEvVaUBq2Y_id04540_wavtolip.npz,6.176494121551514,1
FakeVideo-FakeAudio/African/women/id04547/00052_id00832_wavtolip.npz,5.958325386047363,1
FakeVideo-FakeAudio/African/women/id04547/00052_id01532_wavtolip.npz,5.708958148956299,1
FakeVideo-FakeAudio/African/women/id04547/00052_id01783_wavtolip.npz,4.185417652130127,1
FakeVideo-FakeAudio/African/women/id04547/00052_id02586_dEYzYDsbAeo_id02586_wavtolip.npz,5.759023666381836,1
FakeVideo-FakeAudio/African/women/id04547/00052_id02721_wavtolip.npz,4.99639892578125,1
FakeVideo-FakeAudio/African/women/id04547/00052_id03103_wiCYm3THQPw_id00460_wavtolip.npz,0.39615821838378906,1
FakeVideo-FakeAudio/African/women/id04547/00052_id03656_draVIyyqLtk_id02808_wavtolip.npz,0.260388046503067,1
FakeVideo-FakeAudio/African/women/id04547/00052_id03713_wavtolip.npz,5.846308708190918,1
FakeVideo-FakeAudio/African/women/id04547/00052_id04374_SWltOOZmlWM_id04939_wavtolip.npz,5.915894031524658,1
FakeVideo-FakeAudio/African/women/id04547/00052_id04540_9KNIjew03AQ_id01661_wavtolip.npz,5.163418292999268,1
FakeVideo-FakeAudio/African/women/id04547/00052_id04540_wavtolip.npz,6.037112236022949,1
FakeVideo-FakeAudio/African/women/id04547/00052_id04689_wavtolip.npz,5.630582809448242,1
FakeVideo-FakeAudio/African/women/id00220/00027_id00220_wavtolip.npz,6.485535144805908,1
FakeVideo-FakeAudio/African/women/id00220/00027_id00707_wavtolip.npz,6.281672954559326,1
FakeVideo-FakeAudio/African/women/id00220/00027_id01178_6XpgYMiKxhc_id05235_wavtolip.npz,5.6819682121276855,1
FakeVideo-FakeAudio/African/women/id00220/00027_id01907_LBcRkuRq0uY_id04705_wavtolip.npz,3.1268341541290283,1
FakeVideo-FakeAudio/African/women/id00220/00027_id02586_wavtolip.npz,6.103075981140137,1
FakeVideo-FakeAudio/African/women/id00220/00027_id02617_wavtolip.npz,5.924175262451172,1
FakeVideo-FakeAudio/African/women/id00220/00027_id02824_glBy_mYcXZw_id04437_wavtolip.npz,5.8232598304748535,1
FakeVideo-FakeAudio/African/women/id00220/00027_id02838_wavtolip.npz,1.5444601774215698,1
FakeVideo-FakeAudio/African/women/id00220/00027_id02948_wavtolip.npz,3.48045015335083,1
FakeVideo-FakeAudio/African/women/id00220/00027_id03569_YO0EpPm9p-8_id04376_wavtolip.npz,6.080392837524414,1
FakeVideo-FakeAudio/African/women/id00220/00027_id03569_wavtolip.npz,5.985353469848633,1
FakeVideo-FakeAudio/African/women/id00220/00027_id03658_wavtolip.npz,5.996583938598633,1
FakeVideo-FakeAudio/African/women/id00220/00027_id04376_wavtolip.npz,6.134505271911621,1
FakeVideo-FakeAudio/African/women/id00220/00027_id04939_i4v2cXo9HIQ_id00707_wavtolip.npz,6.269742012023926,1
FakeVideo-FakeAudio/African/women/id00220/00027_id05251_wavtolip.npz,6.3086838722229,1
FakeVideo-FakeAudio/African/women/id00220/00027_id05252_wavtolip.npz,6.146749019622803,1
FakeVideo-FakeAudio/African/women/id04820/00015_id00220_wavtolip.npz,6.283713340759277,1
FakeVideo-FakeAudio/African/women/id04820/00015_id00359_wavtolip.npz,5.92494010925293,1
FakeVideo-FakeAudio/African/women/id04820/00015_id01178_wavtolip.npz,5.246864318847656,1
FakeVideo-FakeAudio/African/women/id04820/00015_id01783_wavtolip.npz,4.460201740264893,1
FakeVideo-FakeAudio/African/women/id04820/00015_id02617_wavtolip.npz,6.0802001953125,1
FakeVideo-FakeAudio/African/women/id04820/00015_id02824_wavtolip.npz,5.939632415771484,1
FakeVideo-FakeAudio/African/women/id04820/00015_id02948__ZEDGNWjuFE_faceswap_id00568_wavtolip.npz,3.9549505710601807,1
FakeVideo-FakeAudio/African/women/id04820/00015_id02948__ZEDGNWjuFE_faceswap_id01783_wavtolip.npz,4.4589104652404785,1
FakeVideo-FakeAudio/African/women/id04820/00015_id02948__ZEDGNWjuFE_faceswap_id02721_wavtolip.npz,5.04732084274292,1
FakeVideo-FakeAudio/African/women/id04820/00015_id02948__ZEDGNWjuFE_faceswap_id04376_wavtolip.npz,6.1816911697387695,1
FakeVideo-FakeAudio/African/women/id04820/00015_id02948__ZEDGNWjuFE_faceswap_id04689_wavtolip.npz,5.644568920135498,1
FakeVideo-FakeAudio/African/women/id04820/00015_id02948__ZEDGNWjuFE_id04939_wavtolip.npz,5.985816955566406,1
FakeVideo-FakeAudio/African/women/id04820/00015_id03747_wavtolip.npz,0.08200019598007202,1
FakeVideo-FakeAudio/African/women/id04820/00015_id04055_wavtolip.npz,5.425027370452881,1
FakeVideo-FakeAudio/African/women/id04820/00015_id05106_wavtolip.npz,3.1801602840423584,1
FakeVideo-FakeAudio/African/women/id04736/00083_id00359_wavtolip.npz,6.021735191345215,1
FakeVideo-FakeAudio/African/women/id04736/00083_id01661_wavtolip.npz,5.289701461791992,1
FakeVideo-FakeAudio/African/women/id04736/00083_id02071_wavtolip.npz,4.987698554992676,1
FakeVideo-FakeAudio/African/women/id04736/00083_id02508_wavtolip.npz,2.3486437797546387,1
FakeVideo-FakeAudio/African/women/id04736/00083_id04055_wavtolip.npz,5.527612209320068,1
FakeVideo-FakeAudio/African/women/id04736/00083_id04689_wavtolip.npz,5.861349582672119,1
FakeVideo-FakeAudio/African/women/id04736/00083_id05235_ASy8lP3SRtw_faceswap_id00592_wavtolip.npz,2.25575852394104,1
FakeVideo-FakeAudio/African/women/id04736/00083_id05235_ASy8lP3SRtw_faceswap_id01907_wavtolip.npz,0.0015761703252792358,1
FakeVideo-FakeAudio/African/women/id04736/00083_id05235_ASy8lP3SRtw_faceswap_id02721_wavtolip.npz,5.262137413024902,1
FakeVideo-FakeAudio/African/women/id04736/00083_id05235_ASy8lP3SRtw_faceswap_id04245_wavtolip.npz,6.028563976287842,1
FakeVideo-FakeAudio/African/women/id04736/00083_id05235_ASy8lP3SRtw_id05231_wavtolip.npz,5.569002628326416,1
FakeVideo-FakeAudio/African/women/id04736/00083_id05251_wavtolip.npz,6.219449520111084,1
FakeVideo-FakeAudio/African/women/id04736/00083_id05252_wavtolip.npz,5.944407939910889,1
FakeVideo-FakeAudio/African/women/id04376/00181_id00220_WlHLlTQKj8g_id04547_wavtolip.npz,6.36894416809082,1
FakeVideo-FakeAudio/African/women/id04376/00181_id00220_wavtolip.npz,5.754357814788818,1
FakeVideo-FakeAudio/African/women/id04376/00181_id00829_aMEvVaUBq2Y_id02948_wavtolip.npz,3.0901577472686768,1
FakeVideo-FakeAudio/African/women/id04376/00181_id00829_wavtolip.npz,5.56833553314209,1
FakeVideo-FakeAudio/African/women/id04376/00181_id01661_wavtolip.npz,5.072712421417236,1
FakeVideo-FakeAudio/African/women/id04376/00181_id01783_wavtolip.npz,4.210544586181641,1
FakeVideo-FakeAudio/African/women/id04376/00181_id02301_wavtolip.npz,5.899867534637451,1
FakeVideo-FakeAudio/African/women/id04376/00181_id02508_wavtolip.npz,3.557502508163452,1
FakeVideo-FakeAudio/African/women/id04376/00181_id02586_dEYzYDsbAeo_id05106_wavtolip.npz,3.1550509929656982,1
FakeVideo-FakeAudio/African/women/id04376/00181_id02838_kaCQlSGlLe8_id05231_wavtolip.npz,5.99782133102417,1
FakeVideo-FakeAudio/African/women/id04376/00181_id03656_wavtolip.npz,2.507467031478882,1
FakeVideo-FakeAudio/African/women/id04376/00181_id03658_8Wtu9VXKqjY_id02586_wavtolip.npz,5.7848405838012695,1
FakeVideo-FakeAudio/African/women/id04376/00181_id04055_wavtolip.npz,5.454029083251953,1
FakeVideo-FakeAudio/African/women/id04376/00181_id04374_SWltOOZmlWM_id01838_wavtolip.npz,5.979834079742432,1
FakeVideo-FakeAudio/African/women/id04376/00181_id04437_2csrqaF55pk_faceswap_id00371_wavtolip.npz,5.649121284484863,1
FakeVideo-FakeAudio/African/women/id04376/00181_id04437_2csrqaF55pk_faceswap_id00460_wavtolip.npz,-2.4404048919677734,1
FakeVideo-FakeAudio/African/women/id04376/00181_id04437_2csrqaF55pk_faceswap_id00577_wavtolip.npz,6.5731682777404785,1
FakeVideo-FakeAudio/African/women/id04376/00181_id04437_2csrqaF55pk_faceswap_id01838_wavtolip.npz,6.027668476104736,1
FakeVideo-FakeAudio/African/women/id04376/00181_id04437_2csrqaF55pk_faceswap_id02721_wavtolip.npz,5.337669372558594,1
FakeVideo-FakeAudio/African/women/id04376/00181_id05106_wavtolip.npz,3.0719501972198486,1
FakeVideo-FakeAudio/African/women/id04374/00032_id00359_wavtolip.npz,5.898653984069824,1
FakeVideo-FakeAudio/African/women/id04374/00032_id00592_wavtolip.npz,2.01055645942688,1
FakeVideo-FakeAudio/African/women/id04374/00032_id00707_feeHCIlo6jg_id04055_wavtolip.npz,5.3630900382995605,1
FakeVideo-FakeAudio/African/women/id04374/00032_id00832_wavtolip.npz,5.586987018585205,1
FakeVideo-FakeAudio/African/women/id04374/00032_id02617_wavtolip.npz,6.156950950622559,1
FakeVideo-FakeAudio/African/women/id04374/00032_id02721_wavtolip.npz,5.2333221435546875,1
FakeVideo-FakeAudio/African/women/id04374/00032_id02824_wavtolip.npz,5.930846691131592,1
FakeVideo-FakeAudio/African/women/id04374/00032_id02838_kaCQlSGlLe8_id01783_wavtolip.npz,5.482311248779297,1
FakeVideo-FakeAudio/African/women/id04374/00032_id03656_draVIyyqLtk_id04437_wavtolip.npz,5.778992176055908,1
FakeVideo-FakeAudio/African/women/id04374/00032_id04547_3Qy2g2M47Aw_id02301_wavtolip.npz,5.886433124542236,1
FakeVideo-FakeAudio/African/women/id04374/00032_id04689_0YqK1ksKjLg_faceswap_id00371_wavtolip.npz,5.593033313751221,1
FakeVideo-FakeAudio/African/women/id04374/00032_id04689_0YqK1ksKjLg_faceswap_id01532_wavtolip.npz,5.914020538330078,1
FakeVideo-FakeAudio/African/women/id04374/00032_id04689_0YqK1ksKjLg_faceswap_id04689_wavtolip.npz,5.904030799865723,1
FakeVideo-FakeAudio/African/women/id04374/00032_id04689_0YqK1ksKjLg_faceswap_id05231_wavtolip.npz,5.69283390045166,1
FakeVideo-FakeAudio/African/women/id04374/00032_id04820_wavtolip.npz,4.944558143615723,1
FakeVideo-FakeAudio/African/women/id04374/00032_id04939_wavtolip.npz,5.739482402801514,1
FakeVideo-FakeAudio/African/women/id04374/00032_id05106_wavtolip.npz,3.1639809608459473,1
FakeVideo-FakeAudio/African/women/id04374/00032_id05231_wfbM5puT6eQ_id03569_wavtolip.npz,6.232569217681885,1
FakeVideo-FakeAudio/African/women/id02824/00130_id00359_wavtolip.npz,6.009744167327881,1
FakeVideo-FakeAudio/African/women/id02824/00130_id00568_wavtolip.npz,5.333117485046387,1
FakeVideo-FakeAudio/African/women/id02824/00130_id00829_wavtolip.npz,5.904501438140869,1
FakeVideo-FakeAudio/African/women/id02824/00130_id00832_Jr4-dXRChME_id04939_wavtolip.npz,5.7405171394348145,1
FakeVideo-FakeAudio/African/women/id02824/00130_id00832_wavtolip.npz,5.635082721710205,1
FakeVideo-FakeAudio/African/women/id02824/00130_id01532_wavtolip.npz,5.854333400726318,1
FakeVideo-FakeAudio/African/women/id02824/00130_id01661_SdP_Monh-_4_id00568_wavtolip.npz,5.182382106781006,1
FakeVideo-FakeAudio/African/women/id02824/00130_id02301_wavtolip.npz,5.778125286102295,1
FakeVideo-FakeAudio/African/women/id02824/00130_id02824_wavtolip.npz,5.872017860412598,1
FakeVideo-FakeAudio/African/women/id02824/00130_id03656_draVIyyqLtk_id04437_wavtolip.npz,5.878937244415283,1
FakeVideo-FakeAudio/African/women/id02824/00130_id03747_wQOOhZvnrq4_faceswap_id01783_wavtolip.npz,4.12047815322876,1
FakeVideo-FakeAudio/African/women/id02824/00130_id03747_wQOOhZvnrq4_faceswap_id02617_wavtolip.npz,6.1452317237854,1
FakeVideo-FakeAudio/African/women/id02824/00130_id03747_wQOOhZvnrq4_faceswap_id04245_wavtolip.npz,6.052724838256836,1
FakeVideo-FakeAudio/African/women/id02824/00130_id03747_wQOOhZvnrq4_faceswap_id05106_wavtolip.npz,3.197932481765747,1
FakeVideo-FakeAudio/African/women/id02824/00130_id03747_wQOOhZvnrq4_faceswap_id05231_wavtolip.npz,5.642966270446777,1
FakeVideo-FakeAudio/African/women/id02824/00130_id03747_wQOOhZvnrq4_id03713_wavtolip.npz,5.768433094024658,1
FakeVideo-FakeAudio/African/women/id02824/00130_id04437_wavtolip.npz,5.892378330230713,1
FakeVideo-FakeAudio/African/women/id02824/00130_id04705_ziJ9JsYr4R0_id02948_wavtolip.npz,3.343900442123413,1
FakeVideo-FakeAudio/African/women/id02824/00130_id05106_wavtolip.npz,3.151787757873535,1
FakeVideo-FakeAudio/African/women/id02824/00130_id05231_wfbM5puT6eQ_id02721_wavtolip.npz,5.014186859130859,1
FakeVideo-FakeAudio/African/women/id02824/00130_id05252_CMxIX3absYM_id02721_wavtolip.npz,5.061450481414795,1
FakeVideo-FakeAudio/African/women/id02824/00130_id05252_wavtolip.npz,6.27310848236084,1
FakeVideo-RealAudio/African/men/id01835/00130_id00173_UHoMXLSjlDo.npz,-3.325565814971924,1
FakeVideo-RealAudio/African/men/id01835/00130_id00366_RSOgEoek8WM.npz,-3.109260082244873,1
FakeVideo-RealAudio/African/men/id01835/00130_id00366_wavtolip.npz,-2.0597636699676514,1
FakeVideo-RealAudio/African/men/id01835/00130_id00475_wavtolip.npz,-2.8716888427734375,1
FakeVideo-RealAudio/African/men/id01835/00130_id00476_wavtolip.npz,-3.3099365234375,1
FakeVideo-RealAudio/African/men/id01835/00130_id00518_wavtolip.npz,-3.8494529724121094,1
FakeVideo-RealAudio/African/men/id01835/00130_id00701_lW6uzLIOwd0.npz,-3.335801601409912,1
FakeVideo-RealAudio/African/men/id01835/00130_id00761_QtTNFhCCgzw.npz,-3.3230652809143066,1
FakeVideo-RealAudio/African/men/id01835/00130_id00761_QtTNFhCCgzw_faceswap.npz,-3.2939717769622803,1
FakeVideo-RealAudio/African/men/id01835/00130_id00830_rfl3Teg9uew.npz,-3.3116261959075928,1
FakeVideo-RealAudio/African/men/id01835/00130_id00944_DiW5D62667U.npz,-3.153463840484619,1
FakeVideo-RealAudio/African/men/id01835/00130_id01036_AohKaMtIHxA.npz,-3.2738001346588135,1
FakeVideo-RealAudio/African/men/id01835/00130_id01076_wavtolip.npz,-3.9487924575805664,1
FakeVideo-RealAudio/African/men/id01835/00130_id01171_wavtolip.npz,-3.696476459503174,1
FakeVideo-RealAudio/African/men/id01835/00130_id01528_wavtolip.npz,-3.584758758544922,1
FakeVideo-RealAudio/African/men/id01835/00130_id01920_wavtolip.npz,-3.564629554748535,1
FakeVideo-RealAudio/African/men/id01835/00130_id02005_wavtolip.npz,-3.595151424407959,1
FakeVideo-RealAudio/African/men/id01835/00130_id02268_irA9myDvW-I.npz,-3.2880992889404297,1
FakeVideo-RealAudio/African/men/id01835/00130_id02342_wavtolip.npz,-3.5639095306396484,1
FakeVideo-RealAudio/African/men/id02040/00476_id00391_TjJgUZaenWI.npz,-3.915806293487549,1
FakeVideo-RealAudio/African/men/id02040/00476_id00391_wavtolip.npz,-3.8240156173706055,1
FakeVideo-RealAudio/African/men/id02040/00476_id00478_wavtolip.npz,-3.7412543296813965,1
FakeVideo-RealAudio/African/men/id02040/00476_id01179_wavtolip.npz,-3.423344373703003,1
FakeVideo-RealAudio/African/men/id02040/00476_id01392_fF-g0KFJ7lg.npz,-3.7216877937316895,1
FakeVideo-RealAudio/African/men/id02040/00476_id01530_8kiAt_4gQGI.npz,-3.716693162918091,1
FakeVideo-RealAudio/African/men/id02040/00476_id01530_wavtolip.npz,-3.2572388648986816,1
FakeVideo-RealAudio/African/men/id02040/00476_id01598_wavtolip.npz,-3.6098227500915527,1
FakeVideo-RealAudio/African/men/id02040/00476_id01637_wavtolip.npz,-3.994692802429199,1
FakeVideo-RealAudio/African/men/id02040/00476_id01691_IVtS5z8Jrrk.npz,-3.809842824935913,1
FakeVideo-RealAudio/African/men/id02040/00476_id01691_wavtolip.npz,-3.985474109649658,1
FakeVideo-RealAudio/African/men/id02040/00476_id01933_wavtolip.npz,-3.893089532852173,1
FakeVideo-RealAudio/African/men/id02040/00476_id02040_wavtolip.npz,-3.8229546546936035,1
FakeVideo-RealAudio/African/men/id02040/00476_id02296_wavtolip.npz,-1.1542903184890747,1
FakeVideo-RealAudio/African/men/id01392/00167_1.npz,-3.958540439605713,1
FakeVideo-RealAudio/African/men/id01392/00167_2.npz,-2.090864896774292,1
FakeVideo-RealAudio/African/men/id01392/00167_3.npz,-2.088697671890259,1
FakeVideo-RealAudio/African/men/id01392/00167_id00391_TjJgUZaenWI.npz,-2.63254451751709,1
FakeVideo-RealAudio/African/men/id01392/00167_id00478_wavtolip.npz,-2.9752211570739746,1
FakeVideo-RealAudio/African/men/id01392/00167_id00701_lW6uzLIOwd0.npz,-2.767770528793335,1
FakeVideo-RealAudio/African/men/id01392/00167_id00987_wavtolip.npz,-3.196965217590332,1
FakeVideo-RealAudio/African/men/id01392/00167_id01170_7eoTTk4xyNo.npz,-2.5018138885498047,1
FakeVideo-RealAudio/African/men/id01392/00167_id01171_wavtolip.npz,-3.797067165374756,1
FakeVideo-RealAudio/African/men/id01392/00167_id01179_RnqLJMrWELw.npz,-2.828953266143799,1
FakeVideo-RealAudio/African/men/id01392/00167_id01207_mt129WTRSII.npz,-2.828371047973633,1
FakeVideo-RealAudio/African/men/id01392/00167_id01236_wavtolip.npz,-3.591890811920166,1
FakeVideo-RealAudio/African/men/id01392/00167_id01392_wavtolip.npz,-3.315748691558838,1
FakeVideo-RealAudio/African/men/id01392/00167_id01530_wavtolip.npz,-3.4105496406555176,1
FakeVideo-RealAudio/African/men/id01392/00167_id01597_52WEZxe4_GE.npz,-2.778024673461914,1
FakeVideo-RealAudio/African/men/id01392/00167_id01598_wavtolip.npz,-2.169185161590576,1
FakeVideo-RealAudio/African/men/id01392/00167_id01691_wavtolip.npz,-3.296987295150757,1
FakeVideo-RealAudio/African/men/id01392/00167_id01920_w9C_knCPD94.npz,-2.7282626628875732,1
FakeVideo-RealAudio/African/men/id01392/00167_id01933_wavtolip.npz,-3.8359789848327637,1
FakeVideo-RealAudio/African/men/id01392/00167_id02268_wavtolip.npz,-3.4804015159606934,1
FakeVideo-RealAudio/African/men/id01392/00167_id02494_lObg47hQleE.npz,-2.726241111755371,1
FakeVideo-RealAudio/African/men/id01717/00005_0.npz,-1.2259851694107056,1
FakeVideo-RealAudio/African/men/id01717/00005_id00366_RSOgEoek8WM.npz,-3.3587770462036133,1
FakeVideo-RealAudio/African/men/id01717/00005_id00518_wavtolip.npz,-3.9401726722717285,1
FakeVideo-RealAudio/African/men/id01717/00005_id00701_lW6uzLIOwd0.npz,-3.3935534954071045,1
FakeVideo-RealAudio/African/men/id01717/00005_id00701_wavtolip.npz,-0.9146931171417236,1
FakeVideo-RealAudio/African/men/id01717/00005_id00987_wavtolip.npz,-3.925231456756592,1
FakeVideo-RealAudio/African/men/id01717/00005_id01036_wavtolip.npz,-2.841423511505127,1
FakeVideo-RealAudio/African/men/id01717/00005_id01076_9bqxgm5fT58.npz,-3.615105390548706,1
FakeVideo-RealAudio/African/men/id01717/00005_id01076_wavtolip.npz,-3.891469955444336,1
FakeVideo-RealAudio/African/men/id01717/00005_id01171_wavtolip.npz,-3.84967041015625,1
FakeVideo-RealAudio/African/men/id01717/00005_id01452_4MqeoSxSy3w.npz,-3.569485902786255,1
FakeVideo-RealAudio/African/men/id01717/00005_id01528_wavtolip.npz,-3.931198835372925,1
FakeVideo-RealAudio/African/men/id01717/00005_id01637_wavtolip.npz,-3.9512510299682617,1
FakeVideo-RealAudio/African/men/id01717/00005_id01920_w9C_knCPD94.npz,-1.1401352882385254,1
FakeVideo-RealAudio/African/men/id01717/00005_id02005_7_Egh9mW5y4.npz,-3.5853848457336426,1
FakeVideo-RealAudio/African/men/id01717/00005_id02005_7_Egh9mW5y4_faceswap.npz,-1.9963196516036987,1
FakeVideo-RealAudio/African/men/id01717/00005_id02051_wavtolip.npz,-3.988001823425293,1
FakeVideo-RealAudio/African/men/id01717/00005_id02316_yrrNcmZ-xmI.npz,-2.494744300842285,1
FakeVideo-RealAudio/African/men/id01717/00005_id02342_wavtolip.npz,-3.9374990463256836,1
FakeVideo-RealAudio/African/men/id01779/00010_0.npz,-0.8567700386047363,1
FakeVideo-RealAudio/African/men/id01779/00010_id00173_wavtolip.npz,-3.3278353214263916,1
FakeVideo-RealAudio/African/men/id01779/00010_id00366_wavtolip.npz,-2.7124059200286865,1
FakeVideo-RealAudio/African/men/id01779/00010_id00701_lW6uzLIOwd0.npz,-0.7495484352111816,1
FakeVideo-RealAudio/African/men/id01779/00010_id00701_wavtolip.npz,-3.4019579887390137,1
FakeVideo-RealAudio/African/men/id01779/00010_id00987_wavtolip.npz,-3.546060085296631,1
FakeVideo-RealAudio/African/men/id01779/00010_id01036_AohKaMtIHxA.npz,-0.598703920841217,1
FakeVideo-RealAudio/African/men/id01779/00010_id01036_wavtolip.npz,-3.598522186279297,1
FakeVideo-RealAudio/African/men/id01779/00010_id01171_XSINMRoTb0E.npz,-0.896445631980896,1
FakeVideo-RealAudio/African/men/id01779/00010_id01171_wavtolip.npz,-2.3114218711853027,1
FakeVideo-RealAudio/African/men/id01779/00010_id01179_wavtolip.npz,-3.7300093173980713,1
FakeVideo-RealAudio/African/men/id01779/00010_id01392_wavtolip.npz,-3.457266092300415,1
FakeVideo-RealAudio/African/men/id01779/00010_id01637_5VjcPZm8knM.npz,-0.3529587388038635,1
FakeVideo-RealAudio/African/men/id01779/00010_id01691_IVtS5z8Jrrk.npz,-0.8391788601875305,1
FakeVideo-RealAudio/African/men/id01779/00010_id01691_IVtS5z8Jrrk_faceswap.npz,-0.9559904336929321,1
FakeVideo-RealAudio/African/men/id01779/00010_id01856_6Q2f3b1QNRM.npz,-0.48270201683044434,1
FakeVideo-RealAudio/African/men/id01779/00010_id01933_wavtolip.npz,-3.724130153656006,1
FakeVideo-RealAudio/African/men/id01779/00010_id02268_irA9myDvW-I.npz,-0.6633623242378235,1
FakeVideo-RealAudio/African/men/id01779/00010_id02494_lObg47hQleE.npz,-0.7344077229499817,1
FakeVideo-RealAudio/African/men/id01779/00010_id04727_wavtolip.npz,-4.0294599533081055,1
FakeVideo-RealAudio/African/men/id01179/00160_id00076_wavtolip.npz,-3.8377034664154053,1
FakeVideo-RealAudio/African/men/id01179/00160_id00166_PQV2ZbJBLNk.npz,-3.55062198638916,1
FakeVideo-RealAudio/African/men/id01179/00160_id00166_wavtolip.npz,-2.5965139865875244,1
FakeVideo-RealAudio/African/men/id01179/00160_id00366_wavtolip.npz,-2.3591909408569336,1
FakeVideo-RealAudio/African/men/id01179/00160_id00391_TjJgUZaenWI.npz,-3.359405279159546,1
FakeVideo-RealAudio/African/men/id01179/00160_id00391_wavtolip.npz,-3.4290688037872314,1
FakeVideo-RealAudio/African/men/id01179/00160_id00476_UgdYVJ6xPYg.npz,-3.673434019088745,1
FakeVideo-RealAudio/African/men/id01179/00160_id00987_wavtolip.npz,-3.7410809993743896,1
FakeVideo-RealAudio/African/men/id01179/00160_id01170_7eoTTk4xyNo.npz,-3.685978412628174,1
FakeVideo-RealAudio/African/men/id01179/00160_id01179_wavtolip.npz,-3.201298236846924,1
FakeVideo-RealAudio/African/men/id01179/00160_id01207_mt129WTRSII.npz,-3.7057600021362305,1
FakeVideo-RealAudio/African/men/id01179/00160_id01236_wavtolip.npz,-3.404210090637207,1
FakeVideo-RealAudio/African/men/id01179/00160_id01544_wavtolip.npz,-3.8621063232421875,1
FakeVideo-RealAudio/African/men/id01179/00160_id01637_5VjcPZm8knM.npz,-2.3052141666412354,1
FakeVideo-RealAudio/African/men/id01179/00160_id01920_wavtolip.npz,-3.8732707500457764,1
FakeVideo-RealAudio/African/men/id01179/00160_id02005_7_Egh9mW5y4.npz,-3.6704068183898926,1
FakeVideo-RealAudio/African/men/id01179/00160_id02005_7_Egh9mW5y4_faceswap.npz,-3.771904706954956,1
FakeVideo-RealAudio/African/men/id01179/00160_id02040_wavtolip.npz,-3.7198853492736816,1
FakeVideo-RealAudio/African/men/id01179/00160_id02342_RJPBPhJB8TA.npz,-3.570098400115967,1
FakeVideo-RealAudio/African/men/id01528/00017_id00166_wavtolip.npz,-3.2998979091644287,1
FakeVideo-RealAudio/African/men/id01528/00017_id00478_wavtolip.npz,-2.803032159805298,1
FakeVideo-RealAudio/African/men/id01528/00017_id00518_qm7oQcDg4oI.npz,-3.5184857845306396,1
FakeVideo-RealAudio/African/men/id01528/00017_id00518_wavtolip.npz,-3.915891647338867,1
FakeVideo-RealAudio/African/men/id01528/00017_id00944_DiW5D62667U.npz,-3.498385190963745,1
FakeVideo-RealAudio/African/men/id01528/00017_id01076_wavtolip.npz,-3.912750244140625,1
FakeVideo-RealAudio/African/men/id01528/00017_id01207_mt129WTRSII.npz,-3.5635180473327637,1
FakeVideo-RealAudio/African/men/id01528/00017_id01236_7WdumGR5-JM.npz,-3.310779333114624,1
FakeVideo-RealAudio/African/men/id01528/00017_id01392_wavtolip.npz,-2.9043354988098145,1
FakeVideo-RealAudio/African/men/id01528/00017_id01452_4MqeoSxSy3w.npz,-3.5536680221557617,1
FakeVideo-RealAudio/African/men/id01528/00017_id01452_4MqeoSxSy3w_faceswap.npz,-3.55214786529541,1
FakeVideo-RealAudio/African/men/id01528/00017_id01528_wavtolip.npz,-3.4794259071350098,1
FakeVideo-RealAudio/African/men/id01528/00017_id01597_52WEZxe4_GE.npz,-3.5010921955108643,1
FakeVideo-RealAudio/African/men/id01528/00017_id01779_wavtolip.npz,-0.5924435257911682,1
FakeVideo-RealAudio/African/men/id01528/00017_id01835_wavtolip.npz,-3.5130412578582764,1
FakeVideo-RealAudio/African/men/id01528/00017_id01920_wavtolip.npz,-3.5812268257141113,1
FakeVideo-RealAudio/African/men/id01528/00017_id01933_I5XXxgK7QpE.npz,-3.506816864013672,1
FakeVideo-RealAudio/African/men/id01528/00017_id01972_hBYoeQTm8ZQ.npz,-3.5576517581939697,1
FakeVideo-RealAudio/African/men/id01528/00017_id02268_wavtolip.npz,-3.5830533504486084,1
FakeVideo-RealAudio/African/men/id00076/00109_1.npz,-2.5894715785980225,1
FakeVideo-RealAudio/African/men/id00076/00109_10.npz,-2.3131072521209717,1
FakeVideo-RealAudio/African/men/id00076/00109_11.npz,-2.603571891784668,1
FakeVideo-RealAudio/African/men/id00076/00109_12.npz,-2.8306217193603516,1
FakeVideo-RealAudio/African/men/id00076/00109_2.npz,-3.866990089416504,1
FakeVideo-RealAudio/African/men/id00076/00109_3.npz,-2.4375452995300293,1
FakeVideo-RealAudio/African/men/id00076/00109_4.npz,-2.5410115718841553,1
FakeVideo-RealAudio/African/men/id00076/00109_6.npz,-3.64703369140625,1
FakeVideo-RealAudio/African/men/id00076/00109_7.npz,-3.677957057952881,1
FakeVideo-RealAudio/African/men/id00076/00109_8.npz,-1.341573715209961,1
FakeVideo-RealAudio/African/men/id00076/00109_9.npz,-1.8053796291351318,1
FakeVideo-RealAudio/African/men/id00076/00109_id00166_wavtolip.npz,-3.31697678565979,1
FakeVideo-RealAudio/African/men/id00076/00109_id00173_UHoMXLSjlDo.npz,-3.0908706188201904,1
FakeVideo-RealAudio/African/men/id00076/00109_id00366_RSOgEoek8WM.npz,-2.774407386779785,1
FakeVideo-RealAudio/African/men/id00076/00109_id00475_wavtolip.npz,-2.638301134109497,1
FakeVideo-RealAudio/African/men/id00076/00109_id00761_wavtolip.npz,-1.1985750198364258,1
FakeVideo-RealAudio/African/men/id00076/00109_id00830_rfl3Teg9uew.npz,-2.959657907485962,1
FakeVideo-RealAudio/African/men/id00076/00109_id01036_AohKaMtIHxA.npz,-3.034539222717285,1
FakeVideo-RealAudio/African/men/id00076/00109_id01076_wavtolip.npz,-3.546842575073242,1
FakeVideo-RealAudio/African/men/id00076/00109_id01207_mt129WTRSII.npz,-3.1149675846099854,1
FakeVideo-RealAudio/African/men/id00076/00109_id01544_uBo9585VW2A.npz,-2.889817714691162,1
FakeVideo-RealAudio/African/men/id00076/00109_id01544_wavtolip.npz,-3.994222640991211,1
FakeVideo-RealAudio/African/men/id00076/00109_id01597_wavtolip.npz,-3.5029544830322266,1
FakeVideo-RealAudio/African/men/id00076/00109_id01717_wavtolip.npz,-2.3130130767822266,1
FakeVideo-RealAudio/African/men/id00076/00109_id01972_wavtolip.npz,-2.9018828868865967,1
FakeVideo-RealAudio/African/men/id00076/00109_id01995_YUR9wTypwIo.npz,-3.0874741077423096,1
FakeVideo-RealAudio/African/men/id00076/00109_id02005_7_Egh9mW5y4.npz,-2.9586126804351807,1
FakeVideo-RealAudio/African/men/id00076/00109_id02296_wavtolip.npz,-3.3107519149780273,1
FakeVideo-RealAudio/African/men/id00076/00109_id02342_RJPBPhJB8TA.npz,-3.093168020248413,1
FakeVideo-RealAudio/African/men/id00076/00109_id02342_wavtolip.npz,-3.528996467590332,1
FakeVideo-RealAudio/African/men/id00076/00109_id04727_AAnyugIAXao.npz,-3.073666572570801,1
FakeVideo-RealAudio/African/men/id02268/00036_id00475_wavtolip.npz,-3.273637294769287,1
FakeVideo-RealAudio/African/men/id02268/00036_id00478_wavtolip.npz,-3.4616963863372803,1
FakeVideo-RealAudio/African/men/id02268/00036_id00830_wavtolip.npz,-3.4801573753356934,1
FakeVideo-RealAudio/African/men/id02268/00036_id01036_wavtolip.npz,-3.4581499099731445,1
FakeVideo-RealAudio/African/men/id02268/00036_id01236_7WdumGR5-JM.npz,-3.460279941558838,1
FakeVideo-RealAudio/African/men/id02268/00036_id01452_wavtolip.npz,-3.3460538387298584,1
FakeVideo-RealAudio/African/men/id02268/00036_id01521_jthjSmLdLOg.npz,-3.455636978149414,1
FakeVideo-RealAudio/African/men/id02268/00036_id01521_wavtolip.npz,-4.001638412475586,1
FakeVideo-RealAudio/African/men/id02268/00036_id01528_wavtolip.npz,-3.5890707969665527,1
FakeVideo-RealAudio/African/men/id02268/00036_id01610_wavtolip.npz,-3.5897326469421387,1
FakeVideo-RealAudio/African/men/id02268/00036_id01691_IVtS5z8Jrrk.npz,-3.458621025085449,1
FakeVideo-RealAudio/African/men/id02268/00036_id01717_wavtolip.npz,-3.75954532623291,1
FakeVideo-RealAudio/African/men/id02268/00036_id01779_wavtolip.npz,-1.942712664604187,1
FakeVideo-RealAudio/African/men/id02268/00036_id01835_UZbWA0QfXXA.npz,-3.455247402191162,1
FakeVideo-RealAudio/African/men/id02268/00036_id01856_6Q2f3b1QNRM.npz,-3.4531517028808594,1
FakeVideo-RealAudio/African/men/id02268/00036_id02296_IAgOrCuY8vU.npz,-3.456284523010254,1
FakeVideo-RealAudio/African/men/id02268/00036_id02494_lObg47hQleE.npz,-3.44974946975708,1
FakeVideo-RealAudio/African/men/id01170/00021_id00173_wavtolip.npz,-3.5890395641326904,1
FakeVideo-RealAudio/African/men/id01170/00021_id00391_TjJgUZaenWI.npz,-3.368778705596924,1
FakeVideo-RealAudio/African/men/id01170/00021_id00476_wavtolip.npz,-2.0818722248077393,1
FakeVideo-RealAudio/African/men/id01170/00021_id00830_rfl3Teg9uew.npz,-3.436659812927246,1
FakeVideo-RealAudio/African/men/id01170/00021_id00944_wavtolip.npz,-3.531385660171509,1
FakeVideo-RealAudio/African/men/id01170/00021_id00987_wavtolip.npz,-3.4680752754211426,1
FakeVideo-RealAudio/African/men/id01170/00021_id01171_XSINMRoTb0E.npz,-3.4314770698547363,1
FakeVideo-RealAudio/African/men/id01170/00021_id01392_fF-g0KFJ7lg.npz,-3.4341416358947754,1
FakeVideo-RealAudio/African/men/id01170/00021_id01521_wavtolip.npz,-3.8961336612701416,1
FakeVideo-RealAudio/African/men/id01170/00021_id01597_52WEZxe4_GE.npz,-3.3923864364624023,1
FakeVideo-RealAudio/African/men/id01170/00021_id01610_l8zb_iaDJJA.npz,-3.4058167934417725,1
FakeVideo-RealAudio/African/men/id01170/00021_id01610_wavtolip.npz,-3.5312516689300537,1
FakeVideo-RealAudio/African/men/id01170/00021_id01835_wavtolip.npz,-3.4548192024230957,1
FakeVideo-RealAudio/African/men/id01170/00021_id01933_I5XXxgK7QpE.npz,-3.4403204917907715,1
FakeVideo-RealAudio/African/men/id01170/00021_id01933_I5XXxgK7QpE_faceswap.npz,-3.4521732330322266,1
FakeVideo-RealAudio/African/men/id01170/00021_id02051_wavtolip.npz,-3.692401170730591,1
FakeVideo-RealAudio/African/men/id01170/00021_id02296_wavtolip.npz,-3.1377665996551514,1
FakeVideo-RealAudio/African/men/id01170/00021_id02316_wavtolip.npz,-3.7319788932800293,1
FakeVideo-RealAudio/African/men/id01170/00021_id04727_AAnyugIAXao.npz,-3.4123942852020264,1
FakeVideo-RealAudio/African/men/id01637/00002_0.npz,-2.5720200538635254,1
FakeVideo-RealAudio/African/men/id01637/00002_00.npz,-1.7368043661117554,1
FakeVideo-RealAudio/African/men/id01637/00002_1.npz,-3.992053985595703,1
FakeVideo-RealAudio/African/men/id01637/00002_2.npz,-2.1645452976226807,1
FakeVideo-RealAudio/African/men/id01637/00002_3.npz,-3.364426612854004,1
FakeVideo-RealAudio/African/men/id01637/00002_id00166_PQV2ZbJBLNk.npz,-3.687248706817627,1
FakeVideo-RealAudio/African/men/id01637/00002_id00166_wavtolip.npz,-3.188645362854004,1
FakeVideo-RealAudio/African/men/id01637/00002_id00366_RSOgEoek8WM.npz,-3.6795129776000977,1
FakeVideo-RealAudio/African/men/id01637/00002_id00944_DiW5D62667U.npz,-3.6780009269714355,1
FakeVideo-RealAudio/African/men/id01637/00002_id01036_wavtolip.npz,-3.4572463035583496,1
FakeVideo-RealAudio/African/men/id01637/00002_id01170_7eoTTk4xyNo.npz,-3.682908058166504,1
FakeVideo-RealAudio/African/men/id01637/00002_id01544_wavtolip.npz,-4.020834922790527,1
FakeVideo-RealAudio/African/men/id01637/00002_id01597_wavtolip.npz,-3.605994701385498,1
FakeVideo-RealAudio/African/men/id01637/00002_id01598_wavtolip.npz,-3.532966375350952,1
FakeVideo-RealAudio/African/men/id01637/00002_id01610_l8zb_iaDJJA.npz,-3.6917567253112793,1
FakeVideo-RealAudio/African/men/id01637/00002_id01691_wavtolip.npz,-3.653205633163452,1
FakeVideo-RealAudio/African/men/id01637/00002_id01835_wavtolip.npz,-3.6823887825012207,1
FakeVideo-RealAudio/African/men/id01637/00002_id01920_w9C_knCPD94.npz,-3.6733646392822266,1
FakeVideo-RealAudio/African/men/id01637/00002_id01933_wavtolip.npz,-3.531691074371338,1
FakeVideo-RealAudio/African/men/id01637/00002_id02005_7_Egh9mW5y4.npz,-3.663947820663452,1
FakeVideo-RealAudio/African/men/id01637/00002_id02316_wavtolip.npz,-3.7971675395965576,1
FakeVideo-RealAudio/African/men/id01637/00002_id02494_lObg47hQleE.npz,-3.6534948348999023,1
FakeVideo-RealAudio/African/men/id01637/00002_id02494_wavtolip.npz,-0.0768728256225586,1
FakeVideo-RealAudio/African/men/id02051/00015_id00173_UHoMXLSjlDo.npz,-3.6228621006011963,1
FakeVideo-RealAudio/African/men/id02051/00015_id00476_wavtolip.npz,-4.000341415405273,1
FakeVideo-RealAudio/African/men/id02051/00015_id00701_lW6uzLIOwd0.npz,-3.354659080505371,1
FakeVideo-RealAudio/African/men/id02051/00015_id00761_wavtolip.npz,-3.279282569885254,1
FakeVideo-RealAudio/African/men/id02051/00015_id01170_wavtolip.npz,-3.233994722366333,1
FakeVideo-RealAudio/African/men/id02051/00015_id01236_wavtolip.npz,-3.529569625854492,1
FakeVideo-RealAudio/African/men/id02051/00015_id01392_wavtolip.npz,-3.898848056793213,1
FakeVideo-RealAudio/African/men/id02051/00015_id01521_jthjSmLdLOg.npz,-3.6721434593200684,1
FakeVideo-RealAudio/African/men/id02051/00015_id01530_wavtolip.npz,-3.7905185222625732,1
FakeVideo-RealAudio/African/men/id02051/00015_id01598_wavtolip.npz,-3.2584056854248047,1
FakeVideo-RealAudio/African/men/id02051/00015_id01610_l8zb_iaDJJA.npz,-3.647480010986328,1
FakeVideo-RealAudio/African/men/id02051/00015_id01835_UZbWA0QfXXA.npz,-3.588313579559326,1
FakeVideo-RealAudio/African/men/id02051/00015_id01920_w9C_knCPD94.npz,-3.554738759994507,1
FakeVideo-RealAudio/African/men/id02051/00015_id01972_wavtolip.npz,-2.532621145248413,1
FakeVideo-RealAudio/African/men/id02051/00015_id01995_YUR9wTypwIo.npz,-3.6218180656433105,1
FakeVideo-RealAudio/African/men/id02051/00015_id02005_wavtolip.npz,-3.4247682094573975,1
FakeVideo-RealAudio/African/men/id02051/00015_id02040_wl6EVkamZFQ.npz,-3.3038957118988037,1
FakeVideo-RealAudio/African/men/id02051/00015_id02268_wavtolip.npz,-4.0017290115356445,1
FakeVideo-RealAudio/African/men/id00366/00118_id00076_Isiq7cA-DNE.npz,-2.7932424545288086,1
FakeVideo-RealAudio/African/men/id00366/00118_id00076_Isiq7cA-DNE_faceswap.npz,-2.665910243988037,1
FakeVideo-RealAudio/African/men/id00366/00118_id00076_wavtolip.npz,-3.2735400199890137,1
FakeVideo-RealAudio/African/men/id00366/00118_id00166_wavtolip.npz,-3.324105978012085,1
FakeVideo-RealAudio/African/men/id00366/00118_id00173_wavtolip.npz,-2.686715841293335,1
FakeVideo-RealAudio/African/men/id00366/00118_id00391_wavtolip.npz,-3.173389434814453,1
FakeVideo-RealAudio/African/men/id00366/00118_id00475_wavtolip.npz,-2.7790699005126953,1
FakeVideo-RealAudio/African/men/id00366/00118_id00476_UgdYVJ6xPYg.npz,-2.48991322517395,1
FakeVideo-RealAudio/African/men/id00366/00118_id00781_fvsSae9yc0A.npz,-2.544599771499634,1
FakeVideo-RealAudio/African/men/id00366/00118_id00987_wavtolip.npz,-3.1900010108947754,1
FakeVideo-RealAudio/African/men/id00366/00118_id01076_wavtolip.npz,-3.6754534244537354,1
FakeVideo-RealAudio/African/men/id00366/00118_id01170_wavtolip.npz,-3.4484713077545166,1
FakeVideo-RealAudio/African/men/id00366/00118_id01171_wavtolip.npz,-3.9198551177978516,1
FakeVideo-RealAudio/African/men/id00366/00118_id01207_mt129WTRSII.npz,-2.2961931228637695,1
FakeVideo-RealAudio/African/men/id00366/00118_id01207_wavtolip.npz,-2.4668610095977783,1
FakeVideo-RealAudio/African/men/id00366/00118_id01452_wavtolip.npz,-3.716937303543091,1
FakeVideo-RealAudio/African/men/id00366/00118_id01544_uBo9585VW2A.npz,-2.417553424835205,1
FakeVideo-RealAudio/African/men/id00366/00118_id01610_wavtolip.npz,-3.5679047107696533,1
FakeVideo-RealAudio/African/men/id00366/00118_id01637_5VjcPZm8knM.npz,-2.818025827407837,1
FakeVideo-RealAudio/African/men/id00366/00118_id01637_wavtolip.npz,-3.6718673706054688,1
FakeVideo-RealAudio/African/men/id00366/00118_id01691_IVtS5z8Jrrk.npz,-2.8518359661102295,1
FakeVideo-RealAudio/African/men/id00366/00118_id01691_wavtolip.npz,-3.2590126991271973,1
FakeVideo-RealAudio/African/men/id00366/00118_id01717_JDW6p8yU13A.npz,-2.6651268005371094,1
FakeVideo-RealAudio/African/men/id00366/00118_id01779_wavtolip.npz,-1.7860901355743408,1
FakeVideo-RealAudio/African/men/id00366/00118_id01920_w9C_knCPD94.npz,-2.5375847816467285,1
FakeVideo-RealAudio/African/men/id00366/00118_id01933_wavtolip.npz,-3.8495724201202393,1
FakeVideo-RealAudio/African/men/id00366/00118_id01972_wavtolip.npz,-2.3892104625701904,1
FakeVideo-RealAudio/African/men/id00366/00118_id02005_7_Egh9mW5y4.npz,-1.8677563667297363,1
FakeVideo-RealAudio/African/men/id00366/00118_id02040_wavtolip.npz,-3.278244972229004,1
FakeVideo-RealAudio/African/men/id00366/00118_id02494_wavtolip.npz,-2.3092386722564697,1
FakeVideo-RealAudio/African/men/id00366/00118_id04727_wavtolip.npz,-2.069005250930786,1
FakeVideo-RealAudio/African/women/id00359/00053_id00460_wavtolip.npz,-3.6105239391326904,1
FakeVideo-RealAudio/African/women/id00359/00053_id00568_wavtolip.npz,-2.534626007080078,1
FakeVideo-RealAudio/African/women/id00359/00053_id01532_wavtolip.npz,-4.022591590881348,1
FakeVideo-RealAudio/African/women/id00359/00053_id01838_q_lUk55OrL0.npz,-3.9886624813079834,1
FakeVideo-RealAudio/African/women/id00359/00053_id01838_q_lUk55OrL0_faceswap.npz,-3.903215169906616,1
FakeVideo-RealAudio/African/women/id00359/00053_id02071_cHuDh9F87vA.npz,-3.6483216285705566,1
FakeVideo-RealAudio/African/women/id00359/00053_id02508_wavtolip.npz,-3.5227465629577637,1
FakeVideo-RealAudio/African/women/id00359/00053_id02586_dEYzYDsbAeo.npz,-3.8778345584869385,1
FakeVideo-RealAudio/African/women/id00359/00053_id02838_kaCQlSGlLe8.npz,-4.01182746887207,1
FakeVideo-RealAudio/African/women/id00359/00053_id02838_wavtolip.npz,-4.072390556335449,1
FakeVideo-RealAudio/African/women/id00359/00053_id03103_wavtolip.npz,-2.8940348625183105,1
FakeVideo-RealAudio/African/women/id00359/00053_id04374_wavtolip.npz,-0.4001341164112091,1
FakeVideo-RealAudio/African/women/id00359/00053_id04376_wavtolip.npz,-4.091920852661133,1
FakeVideo-RealAudio/African/women/id00359/00053_id04540_wavtolip.npz,-3.149282932281494,1
FakeVideo-RealAudio/African/women/id00359/00053_id04547_3Qy2g2M47Aw.npz,-3.974552631378174,1
FakeVideo-RealAudio/African/women/id00359/00053_id04547_wavtolip.npz,-4.07304048538208,1
FakeVideo-RealAudio/African/women/id00359/00053_id04820_64ybrA1atlM.npz,-3.8690314292907715,1
FakeVideo-RealAudio/African/women/id00359/00053_id05106_ZnnDdjlABM4.npz,-3.9503653049468994,1
FakeVideo-RealAudio/African/women/id00359/00053_id05980_bbg4HtuM_jo.npz,-3.9934630393981934,1
FakeVideo-RealAudio/African/women/id01907/00148_0.npz,-3.433741569519043,1
FakeVideo-RealAudio/African/women/id01907/00148_id00220_WlHLlTQKj8g.npz,-3.8438429832458496,1
FakeVideo-RealAudio/African/women/id01907/00148_id00371_t20i0HtPwW0.npz,-3.843282699584961,1
FakeVideo-RealAudio/African/women/id01907/00148_id00829_aMEvVaUBq2Y.npz,-3.836632251739502,1
FakeVideo-RealAudio/African/women/id01907/00148_id00829_wavtolip.npz,-3.2249975204467773,1
FakeVideo-RealAudio/African/women/id01907/00148_id00832_Jr4-dXRChME.npz,-3.8479957580566406,1
FakeVideo-RealAudio/African/women/id01907/00148_id01178_wavtolip.npz,-3.863459587097168,1
FakeVideo-RealAudio/African/women/id01907/00148_id01532_XnlWp_s_f7Q.npz,-3.8457555770874023,1
FakeVideo-RealAudio/African/women/id01907/00148_id01532_wavtolip.npz,-3.837918281555176,1
FakeVideo-RealAudio/African/women/id01907/00148_id02948_wavtolip.npz,-3.778226375579834,1
FakeVideo-RealAudio/African/women/id01907/00148_id03658_wavtolip.npz,-3.849078893661499,1
FakeVideo-RealAudio/African/women/id01907/00148_id04376_wavtolip.npz,-3.812528133392334,1
FakeVideo-RealAudio/African/women/id01907/00148_id04689_wavtolip.npz,-3.7954156398773193,1
FakeVideo-RealAudio/African/women/id01907/00148_id04705_ziJ9JsYr4R0.npz,-3.828193187713623,1
FakeVideo-RealAudio/African/women/id01907/00148_id04820_wavtolip.npz,-3.9115166664123535,1
FakeVideo-RealAudio/African/women/id01907/00148_id05231_wavtolip.npz,-3.0359606742858887,1
FakeVideo-RealAudio/African/women/id01907/00148_id05235_ASy8lP3SRtw.npz,-3.839521884918213,1
FakeVideo-RealAudio/African/women/id01907/00148_id05235_ASy8lP3SRtw_faceswap.npz,-3.843667507171631,1
FakeVideo-RealAudio/African/women/id01907/00148_id05252_CMxIX3absYM.npz,-3.8393807411193848,1
FakeVideo-RealAudio/African/women/id01907/00148_id05252_wavtolip.npz,-3.8674464225769043,1
FakeVideo-RealAudio/African/women/id01661/00059.npz,1.3857090473175049,1
FakeVideo-RealAudio/African/women/id01661/00059_id00371_t20i0HtPwW0.npz,1.7959479093551636,1
FakeVideo-RealAudio/African/women/id01661/00059_id00460_wavtolip.npz,-4.026618480682373,1
FakeVideo-RealAudio/African/women/id01661/00059_id00568_wavtolip.npz,-3.2091102600097656,1
FakeVideo-RealAudio/African/women/id01661/00059_id01661_wavtolip.npz,1.5871638059616089,1
FakeVideo-RealAudio/African/women/id01661/00059_id01783_WBUM0bHzWNA.npz,1.8705662488937378,1
FakeVideo-RealAudio/African/women/id01661/00059_id01838_wavtolip.npz,-2.6788313388824463,1
FakeVideo-RealAudio/African/women/id01661/00059_id01907_LBcRkuRq0uY.npz,1.853771686553955,1
FakeVideo-RealAudio/African/women/id01661/00059_id02071_cHuDh9F87vA.npz,1.7655936479568481,1
FakeVideo-RealAudio/African/women/id01661/00059_id02721_wavtolip.npz,-2.438046455383301,1
FakeVideo-RealAudio/African/women/id01661/00059_id02824_wavtolip.npz,-0.1655326932668686,1
FakeVideo-RealAudio/African/women/id01661/00059_id04055_0qrzF4HLXHY.npz,1.8418004512786865,1
FakeVideo-RealAudio/African/women/id01661/00059_id04055_wavtolip.npz,-3.85978364944458,1
FakeVideo-RealAudio/African/women/id01661/00059_id04689_wavtolip.npz,-4.021027088165283,1
FakeVideo-RealAudio/African/women/id01661/00059_id04705_wavtolip.npz,-3.7781543731689453,1
FakeVideo-RealAudio/African/women/id01661/00059_id04820_wavtolip.npz,-4.0213847160339355,1
FakeVideo-RealAudio/African/women/id01661/00059_id04939_i4v2cXo9HIQ.npz,2.0063953399658203,1
FakeVideo-RealAudio/African/women/id01661/00059_id05252_CMxIX3absYM.npz,1.6966309547424316,1
FakeVideo-RealAudio/African/women/id03747/00273_0.npz,-3.250175952911377,1
FakeVideo-RealAudio/African/women/id03747/00273_id00220_WlHLlTQKj8g.npz,-2.859771728515625,1
FakeVideo-RealAudio/African/women/id03747/00273_id00359_RZMQan-7me4.npz,-2.8489913940429688,1
FakeVideo-RealAudio/African/women/id03747/00273_id01661_wavtolip.npz,-2.5483694076538086,1
FakeVideo-RealAudio/African/women/id03747/00273_id01838_wavtolip.npz,-2.0926952362060547,1
FakeVideo-RealAudio/African/women/id03747/00273_id01907_wavtolip.npz,-3.8798322677612305,1
FakeVideo-RealAudio/African/women/id03747/00273_id02071_cHuDh9F87vA.npz,-2.8201851844787598,1
FakeVideo-RealAudio/African/women/id03747/00273_id02301_wavtolip.npz,-3.486354351043701,1
FakeVideo-RealAudio/African/women/id03747/00273_id02617_wavtolip.npz,-2.8559892177581787,1
FakeVideo-RealAudio/African/women/id03747/00273_id02824_glBy_mYcXZw.npz,-2.8468971252441406,1
FakeVideo-RealAudio/African/women/id03747/00273_id02824_glBy_mYcXZw_faceswap.npz,-2.828314781188965,1
FakeVideo-RealAudio/African/women/id03747/00273_id04055_wavtolip.npz,-3.983095169067383,1
FakeVideo-RealAudio/African/women/id03747/00273_id04374_SWltOOZmlWM.npz,-2.872532367706299,1
FakeVideo-RealAudio/African/women/id03747/00273_id04540_wavtolip.npz,-2.3069369792938232,1
FakeVideo-RealAudio/African/women/id03747/00273_id04689_0YqK1ksKjLg.npz,-2.792348861694336,1
FakeVideo-RealAudio/African/women/id03747/00273_id04736_wavtolip.npz,-3.543877601623535,1
FakeVideo-RealAudio/African/women/id03747/00273_id04939_wavtolip.npz,-3.745429277420044,1
FakeVideo-RealAudio/African/women/id03747/00273_id05231_wfbM5puT6eQ.npz,-2.8179562091827393,1
FakeVideo-RealAudio/African/women/id03747/00273_id05235_ASy8lP3SRtw.npz,-2.7843315601348877,1
FakeVideo-RealAudio/African/women/id03747/00273_id05251_wavtolip.npz,-3.9247403144836426,1
FakeVideo-RealAudio/African/women/id03713/00249_id00359_wavtolip.npz,-3.4171013832092285,1
FakeVideo-RealAudio/African/women/id03713/00249_id00371_t20i0HtPwW0.npz,-3.7164595127105713,1
FakeVideo-RealAudio/African/women/id03713/00249_id00460_9sVM1Crx1FA.npz,-3.840924024581909,1
FakeVideo-RealAudio/African/women/id03713/00249_id00568_wavtolip.npz,-3.8276519775390625,1
FakeVideo-RealAudio/African/women/id03713/00249_id01532_XnlWp_s_f7Q.npz,-3.8548004627227783,1
FakeVideo-RealAudio/African/women/id03713/00249_id01907_wavtolip.npz,-4.007515907287598,1
FakeVideo-RealAudio/African/women/id03713/00249_id02301_wavtolip.npz,-3.232677936553955,1
FakeVideo-RealAudio/African/women/id03713/00249_id02617_4EZjRXC4fLk_faceswap.npz,-3.924530029296875,1
FakeVideo-RealAudio/African/women/id03713/00249_id02721_wavtolip.npz,-1.876408338546753,1
FakeVideo-RealAudio/African/women/id03713/00249_id02824_glBy_mYcXZw.npz,-3.3527941703796387,1
FakeVideo-RealAudio/African/women/id03713/00249_id02948_wavtolip.npz,-3.8953704833984375,1
FakeVideo-RealAudio/African/women/id03713/00249_id03103_wiCYm3THQPw.npz,-3.7705395221710205,1
FakeVideo-RealAudio/African/women/id03713/00249_id03658_8Wtu9VXKqjY.npz,-3.848700761795044,1
FakeVideo-RealAudio/African/women/id03713/00249_id03713_wavtolip.npz,-3.989442825317383,1
FakeVideo-RealAudio/African/women/id03713/00249_id04547_wavtolip.npz,-4.010393142700195,1
FakeVideo-RealAudio/African/women/id03713/00249_id04689_wavtolip.npz,-3.9989986419677734,1
FakeVideo-RealAudio/African/women/id03713/00249_id04736__D2k4fMhEfQ.npz,-3.8534505367279053,1
FakeVideo-RealAudio/African/women/id03713/00249_id05231_wavtolip.npz,-3.252656936645508,1
FakeVideo-RealAudio/African/women/id02721/00424_0.npz,1.1378059387207031,1
FakeVideo-RealAudio/African/women/id02721/00424_id00371_t20i0HtPwW0.npz,-1.1379948854446411,1
FakeVideo-RealAudio/African/women/id02721/00424_id00568_gakhcJXnJZ8.npz,-1.152491569519043,1
FakeVideo-RealAudio/African/women/id02721/00424_id00577_wavtolip.npz,-3.747739315032959,1
FakeVideo-RealAudio/African/women/id02721/00424_id01838_wavtolip.npz,-2.5000922679901123,1
FakeVideo-RealAudio/African/women/id02721/00424_id02586_dEYzYDsbAeo.npz,-0.8122817277908325,1
FakeVideo-RealAudio/African/women/id02721/00424_id02586_wavtolip.npz,-4.014421463012695,1
FakeVideo-RealAudio/African/women/id02721/00424_id02617_wavtolip.npz,-3.534184455871582,1
FakeVideo-RealAudio/African/women/id02721/00424_id02808_nZtvxh6Eesc.npz,-1.2531580924987793,1
FakeVideo-RealAudio/African/women/id02721/00424_id02808_wavtolip.npz,-3.749767780303955,1
FakeVideo-RealAudio/African/women/id02721/00424_id02824_wavtolip.npz,-2.998199701309204,1
FakeVideo-RealAudio/African/women/id02721/00424_id02838_wavtolip.npz,-3.789480209350586,1
FakeVideo-RealAudio/African/women/id02721/00424_id02948__ZEDGNWjuFE.npz,-1.2302730083465576,1
FakeVideo-RealAudio/African/women/id02721/00424_id03569_wavtolip.npz,-4.0626654624938965,1
FakeVideo-RealAudio/African/women/id02721/00424_id03658_8Wtu9VXKqjY.npz,-0.9720003604888916,1
FakeVideo-RealAudio/African/women/id02721/00424_id03658_8Wtu9VXKqjY_faceswap.npz,-0.9323413372039795,1
FakeVideo-RealAudio/African/women/id02721/00424_id04245_wavtolip.npz,-2.9123473167419434,1
FakeVideo-RealAudio/African/women/id02721/00424_id04376_wavtolip.npz,-3.84725284576416,1
FakeVideo-RealAudio/African/women/id02721/00424_id04705_ziJ9JsYr4R0.npz,-1.0921505689620972,1
FakeVideo-RealAudio/African/women/id02721/00424_id05231_wfbM5puT6eQ.npz,-0.9151298999786377,1
FakeVideo-RealAudio/African/women/id04547/00052_id00577_wavtolip.npz,-3.7333943843841553,1
FakeVideo-RealAudio/African/women/id04547/00052_id00829_aMEvVaUBq2Y.npz,-3.768763542175293,1
FakeVideo-RealAudio/African/women/id04547/00052_id02071_wavtolip.npz,-3.8827219009399414,1
FakeVideo-RealAudio/African/women/id04547/00052_id02508_wavtolip.npz,-3.6842756271362305,1
FakeVideo-RealAudio/African/women/id04547/00052_id02586_dEYzYDsbAeo.npz,-3.8215994834899902,1
FakeVideo-RealAudio/African/women/id04547/00052_id02721_wavtolip.npz,-1.6327005624771118,1
FakeVideo-RealAudio/African/women/id04547/00052_id02824_wavtolip.npz,-3.3206028938293457,1
FakeVideo-RealAudio/African/women/id04547/00052_id03103_wiCYm3THQPw.npz,-3.8175857067108154,1
FakeVideo-RealAudio/African/women/id04547/00052_id03656_draVIyyqLtk.npz,-3.8181188106536865,1
FakeVideo-RealAudio/African/women/id04547/00052_id04374_SWltOOZmlWM.npz,-3.8273706436157227,1
FakeVideo-RealAudio/African/women/id04547/00052_id04376_wavtolip.npz,-3.786517381668091,1
FakeVideo-RealAudio/African/women/id04547/00052_id04540_9KNIjew03AQ.npz,-3.8319177627563477,1
FakeVideo-RealAudio/African/women/id04547/00052_id04540_wavtolip.npz,-2.4721474647521973,1
FakeVideo-RealAudio/African/women/id04547/00052_id04820_wavtolip.npz,-3.9145166873931885,1
FakeVideo-RealAudio/African/women/id04547/00052_id04939_i4v2cXo9HIQ.npz,-3.833026647567749,1
FakeVideo-RealAudio/African/women/id04547/00052_id05106_wavtolip.npz,-1.9846878051757812,1
FakeVideo-RealAudio/African/women/id04547/00052_id05251_wavtolip.npz,-3.9137072563171387,1
FakeVideo-RealAudio/African/women/id00220/00027.npz,-2.42706298828125,1
FakeVideo-RealAudio/African/women/id00220/00027_id00371_t20i0HtPwW0.npz,-2.6237146854400635,1
FakeVideo-RealAudio/African/women/id00220/00027_id00568_wavtolip.npz,-3.7709920406341553,1
FakeVideo-RealAudio/African/women/id00220/00027_id00707_wavtolip.npz,-3.065199375152588,1
FakeVideo-RealAudio/African/women/id00220/00027_id01178_6XpgYMiKxhc.npz,-2.4704413414001465,1
FakeVideo-RealAudio/African/women/id00220/00027_id01907_LBcRkuRq0uY.npz,-2.286606550216675,1
FakeVideo-RealAudio/African/women/id00220/00027_id02071_wavtolip.npz,-2.5565860271453857,1
FakeVideo-RealAudio/African/women/id00220/00027_id02721_wavtolip.npz,-1.230903148651123,1
FakeVideo-RealAudio/African/women/id00220/00027_id02824_glBy_mYcXZw.npz,-2.1750102043151855,1
FakeVideo-RealAudio/African/women/id00220/00027_id02838_wavtolip.npz,-4.00299072265625,1
FakeVideo-RealAudio/African/women/id00220/00027_id03103_wavtolip.npz,-2.385692834854126,1
FakeVideo-RealAudio/African/women/id00220/00027_id03569_YO0EpPm9p-8.npz,-2.5322742462158203,1
FakeVideo-RealAudio/African/women/id00220/00027_id03656_wavtolip.npz,-3.966885566711426,1
FakeVideo-RealAudio/African/women/id00220/00027_id04705_wavtolip.npz,-3.865668296813965,1
FakeVideo-RealAudio/African/women/id00220/00027_id04820_wavtolip.npz,-4.051186561584473,1
FakeVideo-RealAudio/African/women/id00220/00027_id04939_i4v2cXo9HIQ.npz,-2.4709115028381348,1
FakeVideo-RealAudio/African/women/id00220/00027_id05251_wavtolip.npz,-3.622223377227783,1
FakeVideo-RealAudio/African/women/id04820/00015_id00832_wavtolip.npz,-3.873547077178955,1
FakeVideo-RealAudio/African/women/id04820/00015_id01783_wavtolip.npz,-3.8978939056396484,1
FakeVideo-RealAudio/African/women/id04820/00015_id02071_wavtolip.npz,-4.038633346557617,1
FakeVideo-RealAudio/African/women/id04820/00015_id02721_wavtolip.npz,-1.9933013916015625,1
FakeVideo-RealAudio/African/women/id04820/00015_id02948__ZEDGNWjuFE.npz,-3.894974946975708,1
FakeVideo-RealAudio/African/women/id04820/00015_id02948__ZEDGNWjuFE_faceswap.npz,-3.8514769077301025,1
FakeVideo-RealAudio/African/women/id04820/00015_id03103_wavtolip.npz,-3.454817295074463,1
FakeVideo-RealAudio/African/women/id04820/00015_id03656_wavtolip.npz,-3.370307683944702,1
FakeVideo-RealAudio/African/women/id04820/00015_id04374_wavtolip.npz,-3.9237241744995117,1
FakeVideo-RealAudio/African/women/id04820/00015_id04705_wavtolip.npz,-3.6739048957824707,1
FakeVideo-RealAudio/African/women/id04820/00015_id05251_wavtolip.npz,-3.764800548553467,1
FakeVideo-RealAudio/African/women/id04820/00015_id05980_wavtolip.npz,-1.3505953550338745,1
FakeVideo-RealAudio/African/women/id04736/00083_0.npz,-4.020228862762451,1
FakeVideo-RealAudio/African/women/id04736/00083_id00359_wavtolip.npz,-3.2082624435424805,1
FakeVideo-RealAudio/African/women/id04736/00083_id00568_wavtolip.npz,-2.8382608890533447,1
FakeVideo-RealAudio/African/women/id04736/00083_id00829_wavtolip.npz,-3.5175416469573975,1
FakeVideo-RealAudio/African/women/id04736/00083_id01178_wavtolip.npz,-3.7904176712036133,1
FakeVideo-RealAudio/African/women/id04736/00083_id02071_wavtolip.npz,-3.9283711910247803,1
FakeVideo-RealAudio/African/women/id04736/00083_id02824_wavtolip.npz,-2.953392505645752,1
FakeVideo-RealAudio/African/women/id04736/00083_id03569_wavtolip.npz,-2.954922676086426,1
FakeVideo-RealAudio/African/women/id04736/00083_id03713_wavtolip.npz,-3.959341526031494,1
FakeVideo-RealAudio/African/women/id04736/00083_id04055_wavtolip.npz,-3.9901442527770996,1
FakeVideo-RealAudio/African/women/id04736/00083_id04547_wavtolip.npz,-3.8521389961242676,1
FakeVideo-RealAudio/African/women/id04736/00083_id05235_ASy8lP3SRtw.npz,-3.424661159515381,1
FakeVideo-RealAudio/African/women/id04736/00083_id05235_ASy8lP3SRtw_faceswap.npz,-3.482729434967041,1
FakeVideo-RealAudio/African/women/id04376/00181_id00220_WlHLlTQKj8g.npz,-3.7125790119171143,1
FakeVideo-RealAudio/African/women/id04376/00181_id00460_wavtolip.npz,-3.849891185760498,1
FakeVideo-RealAudio/African/women/id04376/00181_id00829_aMEvVaUBq2Y.npz,-3.8141868114471436,1
FakeVideo-RealAudio/African/women/id04376/00181_id01178_wavtolip.npz,-3.859534740447998,1
FakeVideo-RealAudio/African/women/id04376/00181_id02071_wavtolip.npz,-3.2718701362609863,1
FakeVideo-RealAudio/African/women/id04376/00181_id02586_dEYzYDsbAeo.npz,-3.723054885864258,1
FakeVideo-RealAudio/African/women/id04376/00181_id02838_kaCQlSGlLe8.npz,-3.759476661682129,1
FakeVideo-RealAudio/African/women/id04376/00181_id03569_wavtolip.npz,-4.02889347076416,1
FakeVideo-RealAudio/African/women/id04376/00181_id03658_8Wtu9VXKqjY.npz,-3.802072525024414,1
FakeVideo-RealAudio/African/women/id04376/00181_id04245_wavtolip.npz,-3.861405849456787,1
FakeVideo-RealAudio/African/women/id04376/00181_id04374_SWltOOZmlWM.npz,-3.8151485919952393,1
FakeVideo-RealAudio/African/women/id04376/00181_id04437_2csrqaF55pk_faceswap.npz,-3.8289923667907715,1
FakeVideo-RealAudio/African/women/id04376/00181_id04547_wavtolip.npz,-3.813037395477295,1
FakeVideo-RealAudio/African/women/id04376/00181_id04689_wavtolip.npz,-3.8604238033294678,1
FakeVideo-RealAudio/African/women/id04376/00181_id04705_wavtolip.npz,-3.8060050010681152,1
FakeVideo-RealAudio/African/women/id04376/00181_id04820_wavtolip.npz,-3.947990894317627,1
FakeVideo-RealAudio/African/women/id04376/00181_id05231_wavtolip.npz,-3.2863523960113525,1
FakeVideo-RealAudio/African/women/id04374/00032_id00460_wavtolip.npz,-3.731931686401367,1
FakeVideo-RealAudio/African/women/id04374/00032_id00568_wavtolip.npz,-2.575261354446411,1
FakeVideo-RealAudio/African/women/id04374/00032_id00577_wavtolip.npz,-3.825425624847412,1
FakeVideo-RealAudio/African/women/id04374/00032_id00707_feeHCIlo6jg.npz,-1.6779162883758545,1
FakeVideo-RealAudio/African/women/id04374/00032_id02586_dEYzYDsbAeo.npz,-0.6725852489471436,1
FakeVideo-RealAudio/African/women/id04374/00032_id02586_wavtolip.npz,-4.043710231781006,1
FakeVideo-RealAudio/African/women/id04374/00032_id02721_wavtolip.npz,-2.016606092453003,1
FakeVideo-RealAudio/African/women/id04374/00032_id02808_wavtolip.npz,-3.5803565979003906,1
FakeVideo-RealAudio/African/women/id04374/00032_id02838_kaCQlSGlLe8.npz,-3.107156276702881,1
FakeVideo-RealAudio/African/women/id04374/00032_id03656_draVIyyqLtk.npz,-2.767935276031494,1
FakeVideo-RealAudio/African/women/id04374/00032_id03658_wavtolip.npz,-3.596632957458496,1
FakeVideo-RealAudio/African/women/id04374/00032_id04374_wavtolip.npz,-3.568089723587036,1
FakeVideo-RealAudio/African/women/id04374/00032_id04547_3Qy2g2M47Aw.npz,-2.4860353469848633,1
FakeVideo-RealAudio/African/women/id04374/00032_id04689_0YqK1ksKjLg_faceswap.npz,-3.588650703430176,1
FakeVideo-RealAudio/African/women/id04374/00032_id05231_wfbM5puT6eQ.npz,-2.1636719703674316,1
FakeVideo-RealAudio/African/women/id04374/00032_id05235_wavtolip.npz,-3.7206015586853027,1
FakeVideo-RealAudio/African/women/id04374/00032_id05251_wavtolip.npz,-3.8215761184692383,1
FakeVideo-RealAudio/African/women/id02824/00130_id00568_wavtolip.npz,-3.055377960205078,1
FakeVideo-RealAudio/African/women/id02824/00130_id00592_wavtolip.npz,-3.8366880416870117,1
FakeVideo-RealAudio/African/women/id02824/00130_id00707_wavtolip.npz,-3.4243054389953613,1
FakeVideo-RealAudio/African/women/id02824/00130_id00832_Jr4-dXRChME.npz,-3.7258567810058594,1
FakeVideo-RealAudio/African/women/id02824/00130_id01661_SdP_Monh-_4.npz,-3.53692364692688,1
FakeVideo-RealAudio/African/women/id02824/00130_id01661_wavtolip.npz,0.899939775466919,1
FakeVideo-RealAudio/African/women/id02824/00130_id02617_wavtolip.npz,-3.1365394592285156,1
FakeVideo-RealAudio/African/women/id02824/00130_id02948_wavtolip.npz,-3.827517032623291,1
FakeVideo-RealAudio/African/women/id02824/00130_id03656_draVIyyqLtk.npz,-3.5887327194213867,1
FakeVideo-RealAudio/African/women/id02824/00130_id03747_wQOOhZvnrq4.npz,-3.632424831390381,1
FakeVideo-RealAudio/African/women/id02824/00130_id03747_wQOOhZvnrq4_faceswap.npz,-3.7295877933502197,1
FakeVideo-RealAudio/African/women/id02824/00130_id04245_wavtolip.npz,-3.8010599613189697,1
FakeVideo-RealAudio/African/women/id02824/00130_id04540_wavtolip.npz,-2.2677597999572754,1
FakeVideo-RealAudio/African/women/id02824/00130_id04705_ziJ9JsYr4R0.npz,-3.503551959991455,1
FakeVideo-RealAudio/African/women/id02824/00130_id04736_wavtolip.npz,-3.83188533782959,1
FakeVideo-RealAudio/African/women/id02824/00130_id05231_wfbM5puT6eQ.npz,-3.667712926864624,1
FakeVideo-RealAudio/African/women/id02824/00130_id05251_wavtolip.npz,-3.9322102069854736,1
FakeVideo-RealAudio/African/women/id02824/00130_id05252_CMxIX3absYM.npz,-3.60827374458313,1
RealVideo-FakeAudio/African/men/id01835/00130_fake.npz,5.7896599769592285,1
RealVideo-FakeAudio/African/men/id02040/00476_fake.npz,2.4083330631256104,1
RealVideo-FakeAudio/African/men/id01392/00167_fake.npz,5.918312072753906,1
RealVideo-FakeAudio/African/men/id01717/00005_fake.npz,5.829439163208008,1
RealVideo-FakeAudio/African/men/id01779/00010_fake.npz,5.434798240661621,1
RealVideo-FakeAudio/African/men/id01179/00160_fake.npz,5.741540431976318,1
RealVideo-FakeAudio/African/men/id01528/00017_fake.npz,5.873684883117676,1
RealVideo-FakeAudio/African/men/id00076/00109_fake.npz,5.690020561218262,1
RealVideo-FakeAudio/African/men/id02268/00036_fake.npz,6.077095031738281,1
RealVideo-FakeAudio/African/men/id01170/00021_fake.npz,6.237269401550293,1
RealVideo-FakeAudio/African/men/id01637/00002_fake.npz,5.99221134185791,1
RealVideo-FakeAudio/African/men/id02051/00015_fake.npz,3.9269859790802,1
RealVideo-FakeAudio/African/men/id00366/00118_fake.npz,5.717573642730713,1
RealVideo-FakeAudio/African/women/id00359/00053_fake.npz,5.645283222198486,1
RealVideo-FakeAudio/African/women/id01907/00148_fake.npz,3.9709794521331787,1
RealVideo-FakeAudio/African/women/id01661/00059_fake.npz,5.573523998260498,1
RealVideo-FakeAudio/African/women/id03747/00273_fake.npz,5.936771869659424,1
RealVideo-FakeAudio/African/women/id03713/00249_fake.npz,5.382125377655029,1
RealVideo-FakeAudio/African/women/id02721/00424_fake.npz,5.737678527832031,1
RealVideo-FakeAudio/African/women/id04547/00052_fake.npz,6.043308734893799,1
RealVideo-FakeAudio/African/women/id00220/00027_fake.npz,5.93458890914917,1
RealVideo-FakeAudio/African/women/id04820/00015_fake.npz,5.524138927459717,1
RealVideo-FakeAudio/African/women/id04736/00083_fake.npz,5.987679958343506,1
RealVideo-FakeAudio/African/women/id04376/00181_fake.npz,6.295705795288086,1
RealVideo-FakeAudio/African/women/id04374/00032_fake.npz,5.647519588470459,1
RealVideo-FakeAudio/African/women/id02824/00130_fake.npz,5.961405277252197,1
RealVideo-RealAudio/African/men/id01835/00130.npz,-3.327913761138916,0
RealVideo-RealAudio/African/men/id02040/00476.npz,-3.880855083465576,0
RealVideo-RealAudio/African/men/id01392/00167.npz,-3.012053966522217,0
RealVideo-RealAudio/African/men/id01717/00005.npz,-3.875332832336426,0
RealVideo-RealAudio/African/men/id01779/00010.npz,-1.1541681289672852,0
RealVideo-RealAudio/African/men/id01179/00160.npz,-2.76715350151062,0
RealVideo-RealAudio/African/men/id01528/00017.npz,-3.5550057888031006,0
RealVideo-RealAudio/African/men/id00076/00109.npz,-2.893651247024536,0
RealVideo-RealAudio/African/men/id02268/00036.npz,-3.4534006118774414,0
RealVideo-RealAudio/African/men/id01170/00021.npz,-3.444173812866211,0
RealVideo-RealAudio/African/men/id01637/00002.npz,-3.6954774856567383,0
RealVideo-RealAudio/African/men/id02051/00015.npz,-3.790740728378296,0
RealVideo-RealAudio/African/men/id00366/00118.npz,-2.9135756492614746,0
RealVideo-RealAudio/African/women/id00359/00053.npz,-4.067658424377441,0
RealVideo-RealAudio/African/women/id01907/00148.npz,-3.8572936058044434,0
RealVideo-RealAudio/African/women/id01661/00059.npz,1.3857090473175049,0
RealVideo-RealAudio/African/women/id03747/00273.npz,-2.7855403423309326,0
RealVideo-RealAudio/African/women/id03713/00249.npz,-3.9437096118927,0
RealVideo-RealAudio/African/women/id02721/00424.npz,-0.973712682723999,0
RealVideo-RealAudio/African/women/id04547/00052.npz,-3.82810640335083,0
RealVideo-RealAudio/African/women/id00220/00027.npz,-2.42706298828125,0
RealVideo-RealAudio/African/women/id04820/00015.npz,-3.8951756954193115,0
RealVideo-RealAudio/African/women/id04736/00083.npz,-3.540813446044922,0
RealVideo-RealAudio/African/women/id04376/00181.npz,-3.844926357269287,0
RealVideo-RealAudio/African/women/id04374/00032.npz,-3.5148653984069824,0
RealVideo-RealAudio/African/women/id02824/00130.npz,-3.613125801086426,0
