path,score_full,score_causal,score_spurious,label
FakeVideo-FakeAudio/African/men/id01835/00130_id00173_UHoMXLSjlDo_id01610_wavtolip.npz,5.213250160217285,5.213250160217285,4.782387733459473,1
FakeVideo-FakeAudio/African/men/id01835/00130_id00173_wavtolip.npz,5.748050212860107,5.748050212860107,4.964363098144531,1
FakeVideo-FakeAudio/African/men/id01835/00130_id00366_RSOgEoek8WM_id01691_wavtolip.npz,6.013057231903076,6.013057231903076,5.278791904449463,1
FakeVideo-FakeAudio/African/men/id01835/00130_id00701_lW6uzLIOwd0_id00391_wavtolip.npz,2.0400311946868896,2.0400311946868896,5.272828578948975,1
FakeVideo-FakeAudio/African/men/id01835/00130_id00761_QtTNFhCCgzw_faceswap_id00391_wavtolip.npz,4.046509265899658,4.046509265899658,5.252436637878418,1
FakeVideo-FakeAudio/African/men/id01835/00130_id00761_QtTNFhCCgzw_faceswap_id00518_wavtolip.npz,1.7195791006088257,1.7195791006088257,4.635153293609619,1
FakeVideo-FakeAudio/African/men/id01835/00130_id00761_QtTNFhCCgzw_faceswap_id01170_wavtolip.npz,5.883139133453369,5.883139133453369,4.978938102722168,1
FakeVideo-FakeAudio/African/men/id01835/00130_id00761_QtTNFhCCgzw_faceswap_id02051_wavtolip.npz,4.963172912597656,4.963172912597656,4.563718318939209,1
FakeVideo-FakeAudio/African/men/id01835/00130_id00761_QtTNFhCCgzw_faceswap_id02494_wavtolip.npz,5.480020046234131,5.480020046234131,3.791987419128418,1
FakeVideo-FakeAudio/African/men/id01835/00130_id00761_QtTNFhCCgzw_id02296_wavtolip.npz,3.3369290828704834,3.3369290828704834,4.821888446807861,1
FakeVideo-FakeAudio/African/men/id01835/00130_id00761_wavtolip.npz,5.767394542694092,5.767394542694092,4.827815055847168,1
FakeVideo-FakeAudio/African/men/id01835/00130_id00781_wavtolip.npz,5.231235980987549,5.231235980987549,4.090568542480469,1
FakeVideo-FakeAudio/African/men/id01835/00130_id00830_rfl3Teg9uew_id01392_wavtolip.npz,6.175644397735596,6.175644397735596,4.89448356628418,1
FakeVideo-FakeAudio/African/men/id01835/00130_id00944_DiW5D62667U_id01392_wavtolip.npz,5.956710338592529,5.956710338592529,4.867236137390137,1
FakeVideo-FakeAudio/African/men/id01835/00130_id01036_AohKaMtIHxA_id02342_wavtolip.npz,5.885960102081299,5.885960102081299,4.713007926940918,1
FakeVideo-FakeAudio/African/men/id01835/00130_id01036_wavtolip.npz,6.4784746170043945,6.4784746170043945,5.254210472106934,1
FakeVideo-FakeAudio/African/men/id01835/00130_id01076_wavtolip.npz,5.7865166664123535,5.7865166664123535,4.301890850067139,1
FakeVideo-FakeAudio/African/men/id01835/00130_id01236_wavtolip.npz,5.975460052490234,5.975460052490234,4.260598659515381,1
FakeVideo-FakeAudio/African/men/id01835/00130_id01528_wavtolip.npz,5.310475826263428,5.310475826263428,5.070101261138916,1
FakeVideo-FakeAudio/African/men/id01835/00130_id02268_irA9myDvW-I_id01179_wavtolip.npz,5.365029811859131,5.365029811859131,4.72059440612793,1
FakeVideo-FakeAudio/African/men/id01835/00130_id02296_wavtolip.npz,3.7066421508789062,3.7066421508789062,4.7988481521606445,1
FakeVideo-FakeAudio/African/men/id01835/00130_id04727_wavtolip.npz,5.598067760467529,5.598067760467529,4.542377948760986,1
FakeVideo-FakeAudio/African/men/id02040/00476_id00391_TjJgUZaenWI_id00944_wavtolip.npz,5.938233375549316,5.938233375549316,4.643482685089111,1
FakeVideo-FakeAudio/African/men/id02040/00476_id00476_wavtolip.npz,6.120646953582764,6.120646953582764,4.611323833465576,1
FakeVideo-FakeAudio/African/men/id02040/00476_id00761_wavtolip.npz,6.120045185089111,6.120045185089111,4.633556842803955,1
FakeVideo-FakeAudio/African/men/id02040/00476_id00944_wavtolip.npz,5.9037184715271,5.9037184715271,4.6217756271362305,1
FakeVideo-FakeAudio/African/men/id02040/00476_id01392_fF-g0KFJ7lg_id01036_wavtolip.npz,6.08115816116333,6.08115816116333,4.610513687133789,1
FakeVideo-FakeAudio/African/men/id02040/00476_id01392_wavtolip.npz,5.860432147979736,5.860432147979736,4.585634708404541,1
FakeVideo-FakeAudio/African/men/id02040/00476_id01452_wavtolip.npz,5.831234931945801,5.831234931945801,4.418828964233398,1
FakeVideo-FakeAudio/African/men/id02040/00476_id01528_wavtolip.npz,6.419673442840576,6.419673442840576,4.609248638153076,1
FakeVideo-FakeAudio/African/men/id02040/00476_id01530_8kiAt_4gQGI_id02005_wavtolip.npz,4.503815650939941,4.503815650939941,4.601759910583496,1
FakeVideo-FakeAudio/African/men/id02040/00476_id01530_wavtolip.npz,2.819485664367676,2.819485664367676,4.681865692138672,1
FakeVideo-FakeAudio/African/men/id02040/00476_id01691_IVtS5z8Jrrk_id01717_wavtolip.npz,5.697948455810547,5.697948455810547,4.336588382720947,1
FakeVideo-FakeAudio/African/men/id02040/00476_id01717_wavtolip.npz,5.663738250732422,5.663738250732422,4.359485149383545,1
FakeVideo-FakeAudio/African/men/id02040/00476_id01995_wavtolip.npz,0.7781053781509399,0.7781053781509399,4.6541032791137695,1
FakeVideo-FakeAudio/African/men/id02040/00476_id02051_wavtolip.npz,5.710044860839844,5.710044860839844,4.5609283447265625,1
FakeVideo-FakeAudio/African/men/id01392/00167_2_id00166_wavtolip.npz,5.590201377868652,5.590201377868652,4.764102458953857,1
FakeVideo-FakeAudio/African/men/id01392/00167_2_id00475_wavtolip.npz,5.305408000946045,5.305408000946045,4.773327827453613,1
FakeVideo-FakeAudio/African/men/id01392/00167_2_id00478_wavtolip.npz,6.151628017425537,6.151628017425537,4.8260393142700195,1
FakeVideo-FakeAudio/African/men/id01392/00167_2_id01207_wavtolip.npz,2.6469650268554688,2.6469650268554688,4.652328968048096,1
FakeVideo-FakeAudio/African/men/id01392/00167_2_id01521_wavtolip.npz,4.962377071380615,4.962377071380615,4.298083305358887,1
FakeVideo-FakeAudio/African/men/id01392/00167_3_id00830_wavtolip.npz,5.926194190979004,5.926194190979004,4.961540699005127,1
FakeVideo-FakeAudio/African/men/id01392/00167_3_id01392_wavtolip.npz,6.119241237640381,6.119241237640381,4.871539115905762,1
FakeVideo-FakeAudio/African/men/id01392/00167_3_id01610_wavtolip.npz,5.790737152099609,5.790737152099609,4.786590576171875,1
FakeVideo-FakeAudio/African/men/id01392/00167_3_id01933_wavtolip.npz,4.628600120544434,4.628600120544434,4.784127712249756,1
FakeVideo-FakeAudio/African/men/id01392/00167_3_id02040_wavtolip.npz,2.9043123722076416,2.9043123722076416,3.8074538707733154,1
FakeVideo-FakeAudio/African/men/id01392/00167_id00366_wavtolip.npz,5.826203346252441,5.826203346252441,5.050256729125977,1
FakeVideo-FakeAudio/African/men/id01392/00167_id00391_TjJgUZaenWI_id01598_wavtolip.npz,5.761292457580566,5.761292457580566,4.582216739654541,1
FakeVideo-FakeAudio/African/men/id01392/00167_id00475_wavtolip.npz,5.8439130783081055,5.8439130783081055,5.2784881591796875,1
FakeVideo-FakeAudio/African/men/id01392/00167_id00701_wavtolip.npz,5.7596893310546875,5.7596893310546875,5.206100940704346,1
FakeVideo-FakeAudio/African/men/id01392/00167_id00761_wavtolip.npz,5.721369743347168,5.721369743347168,4.828278541564941,1
FakeVideo-FakeAudio/African/men/id01392/00167_id01179_RnqLJMrWELw_id02268_wavtolip.npz,5.883164405822754,5.883164405822754,4.842311859130859,1
FakeVideo-FakeAudio/African/men/id01392/00167_id01207_mt129WTRSII_id01691_wavtolip.npz,6.123101234436035,6.123101234436035,5.291214466094971,1
FakeVideo-FakeAudio/African/men/id01392/00167_id01207_wavtolip.npz,2.6878013610839844,2.6878013610839844,4.649014949798584,1
FakeVideo-FakeAudio/African/men/id01392/00167_id01521_wavtolip.npz,4.992896556854248,4.992896556854248,4.25649881362915,1
FakeVideo-FakeAudio/African/men/id01392/00167_id01597_52WEZxe4_GE_id01920_wavtolip.npz,5.67282772064209,5.67282772064209,4.915221691131592,1
FakeVideo-FakeAudio/African/men/id01392/00167_id01610_wavtolip.npz,5.309035301208496,5.309035301208496,4.742949485778809,1
FakeVideo-FakeAudio/African/men/id01392/00167_id01920_w9C_knCPD94_id02040_wavtolip.npz,2.910757064819336,2.910757064819336,3.7902326583862305,1
FakeVideo-FakeAudio/African/men/id01392/00167_id01972_wavtolip.npz,6.2513532638549805,6.2513532638549805,4.354280948638916,1
FakeVideo-FakeAudio/African/men/id01392/00167_id02005_wavtolip.npz,6.229452610015869,6.229452610015869,4.771522521972656,1
FakeVideo-FakeAudio/African/men/id01392/00167_id02494_wavtolip.npz,5.509523391723633,5.509523391723633,3.8451952934265137,1
FakeVideo-FakeAudio/African/men/id01717/00005_id00166_wavtolip.npz,5.539921283721924,5.539921283721924,4.687675476074219,1
FakeVideo-FakeAudio/African/men/id01717/00005_id00366_RSOgEoek8WM_id02268_wavtolip.npz,5.988004207611084,5.988004207611084,4.714239120483398,1
FakeVideo-FakeAudio/African/men/id01717/00005_id00366_wavtolip.npz,5.55332088470459,5.55332088470459,4.654238700866699,1
FakeVideo-FakeAudio/African/men/id01717/00005_id00518_wavtolip.npz,5.187118053436279,5.187118053436279,4.633456707000732,1
FakeVideo-FakeAudio/African/men/id01717/00005_id00701_lW6uzLIOwd0_id01207_wavtolip.npz,5.7914557456970215,5.7914557456970215,4.664681434631348,1
FakeVideo-FakeAudio/African/men/id01717/00005_id00761_wavtolip.npz,6.031493663787842,6.031493663787842,4.709508895874023,1
FakeVideo-FakeAudio/African/men/id01717/00005_id00781_wavtolip.npz,5.826596260070801,5.826596260070801,4.043123722076416,1
FakeVideo-FakeAudio/African/men/id01717/00005_id00987_wavtolip.npz,4.78877067565918,4.78877067565918,4.69028377532959,1
FakeVideo-FakeAudio/African/men/id01717/00005_id01171_wavtolip.npz,6.0498199462890625,6.0498199462890625,4.570754528045654,1
FakeVideo-FakeAudio/African/men/id01717/00005_id01392_wavtolip.npz,6.021914005279541,6.021914005279541,4.647425174713135,1
FakeVideo-FakeAudio/African/men/id01717/00005_id01452_4MqeoSxSy3w_id01856_wavtolip.npz,4.31543493270874,4.31543493270874,4.573954105377197,1
FakeVideo-FakeAudio/African/men/id01717/00005_id01544_wavtolip.npz,5.753916263580322,5.753916263580322,4.523859024047852,1
FakeVideo-FakeAudio/African/men/id01717/00005_id01920_w9C_knCPD94_id01598_wavtolip.npz,5.946667671203613,5.946667671203613,4.586495876312256,1
FakeVideo-FakeAudio/African/men/id01717/00005_id02005_7_Egh9mW5y4_faceswap_id01170_wavtolip.npz,6.170775413513184,6.170775413513184,4.719768524169922,1
FakeVideo-FakeAudio/African/men/id01717/00005_id02005_7_Egh9mW5y4_faceswap_id01392_wavtolip.npz,5.945047855377197,5.945047855377197,4.650765419006348,1
FakeVideo-FakeAudio/African/men/id01717/00005_id02005_7_Egh9mW5y4_faceswap_id01691_wavtolip.npz,5.962981224060059,5.962981224060059,4.68819522857666,1
FakeVideo-FakeAudio/African/men/id01717/00005_id02005_7_Egh9mW5y4_faceswap_id01779_wavtolip.npz,5.799952507019043,5.799952507019043,4.696545124053955,1
FakeVideo-FakeAudio/African/men/id01717/00005_id02005_7_Egh9mW5y4_faceswap_id04727_wavtolip.npz,5.849977016448975,5.849977016448975,4.5378828048706055,1
FakeVideo-FakeAudio/African/men/id01717/00005_id02005_7_Egh9mW5y4_id01076_wavtolip.npz,5.781047821044922,5.781047821044922,4.261693954467773,1
FakeVideo-FakeAudio/African/men/id01717/00005_id02316_yrrNcmZ-xmI_id01544_wavtolip.npz,5.7374091148376465,5.7374091148376465,4.520902633666992,1
FakeVideo-FakeAudio/African/men/id01717/00005_id04727_wavtolip.npz,5.689857006072998,5.689857006072998,4.55224084854126,1
FakeVideo-FakeAudio/African/men/id01779/00010_id00475_wavtolip.npz,5.249328136444092,5.249328136444092,4.984793663024902,1
FakeVideo-FakeAudio/African/men/id01779/00010_id00518_wavtolip.npz,1.7066479921340942,1.7066479921340942,4.638526916503906,1
FakeVideo-FakeAudio/African/men/id01779/00010_id00701_lW6uzLIOwd0_id00366_wavtolip.npz,5.152948379516602,5.152948379516602,4.927225589752197,1
FakeVideo-FakeAudio/African/men/id01779/00010_id00781_wavtolip.npz,5.3340983390808105,5.3340983390808105,4.099462509155273,1
FakeVideo-FakeAudio/African/men/id01779/00010_id01036_AohKaMtIHxA_id01637_wavtolip.npz,5.527444839477539,5.527444839477539,4.8118743896484375,1
FakeVideo-FakeAudio/African/men/id01779/00010_id01036_wavtolip.npz,6.309435844421387,6.309435844421387,4.980578899383545,1
FakeVideo-FakeAudio/African/men/id01779/00010_id01076_wavtolip.npz,5.729605674743652,5.729605674743652,4.2865495681762695,1
FakeVideo-FakeAudio/African/men/id01779/00010_id01171_XSINMRoTb0E_id01076_wavtolip.npz,5.6678972244262695,5.6678972244262695,4.259675979614258,1
FakeVideo-FakeAudio/African/men/id01779/00010_id01528_wavtolip.npz,6.548577308654785,6.548577308654785,4.983799457550049,1
FakeVideo-FakeAudio/African/men/id01779/00010_id01530_wavtolip.npz,5.997090816497803,5.997090816497803,4.636885166168213,1
FakeVideo-FakeAudio/African/men/id01779/00010_id01544_wavtolip.npz,5.7004780769348145,5.7004780769348145,4.554416179656982,1
FakeVideo-FakeAudio/African/men/id01779/00010_id01637_5VjcPZm8knM_id01972_wavtolip.npz,6.399618625640869,6.399618625640869,4.359212398529053,1
FakeVideo-FakeAudio/African/men/id01779/00010_id01691_IVtS5z8Jrrk_faceswap_id00173_wavtolip.npz,5.832552909851074,5.832552909851074,4.964371204376221,1
FakeVideo-FakeAudio/African/men/id01779/00010_id01691_IVtS5z8Jrrk_faceswap_id00478_wavtolip.npz,5.962873458862305,5.962873458862305,4.980978488922119,1
FakeVideo-FakeAudio/African/men/id01779/00010_id01691_IVtS5z8Jrrk_faceswap_id00701_wavtolip.npz,4.407619953155518,4.407619953155518,4.9583740234375,1
FakeVideo-FakeAudio/African/men/id01779/00010_id01691_IVtS5z8Jrrk_faceswap_id01170_wavtolip.npz,5.893009662628174,5.893009662628174,4.991782188415527,1
FakeVideo-FakeAudio/African/men/id01779/00010_id01691_IVtS5z8Jrrk_faceswap_id01779_wavtolip.npz,5.988193511962891,5.988193511962891,4.852917194366455,1
FakeVideo-FakeAudio/African/men/id01779/00010_id01691_IVtS5z8Jrrk_id00391_wavtolip.npz,1.0963754653930664,1.0963754653930664,4.93882417678833,1
FakeVideo-FakeAudio/African/men/id01779/00010_id01779_wavtolip.npz,5.964562892913818,5.964562892913818,4.846969127655029,1
FakeVideo-FakeAudio/African/men/id01779/00010_id01856_6Q2f3b1QNRM_id00830_wavtolip.npz,5.852786540985107,5.852786540985107,4.963120937347412,1
FakeVideo-FakeAudio/African/men/id01779/00010_id02268_irA9myDvW-I_id01452_wavtolip.npz,5.763789653778076,5.763789653778076,4.3798112869262695,1
FakeVideo-FakeAudio/African/men/id01779/00010_id02268_wavtolip.npz,5.865657806396484,5.865657806396484,4.8724870681762695,1
FakeVideo-FakeAudio/African/men/id01779/00010_id02494_lObg47hQleE_id01076_wavtolip.npz,5.810903072357178,5.810903072357178,4.260644912719727,1
FakeVideo-FakeAudio/African/men/id01179/00160_id00166_PQV2ZbJBLNk_id01544_wavtolip.npz,5.667591094970703,5.667591094970703,4.572079181671143,1
FakeVideo-FakeAudio/African/men/id01179/00160_id00173_wavtolip.npz,1.2291871309280396,1.2291871309280396,4.774788856506348,1
FakeVideo-FakeAudio/African/men/id01179/00160_id00391_TjJgUZaenWI_id01171_wavtolip.npz,5.698248386383057,5.698248386383057,4.582906723022461,1
FakeVideo-FakeAudio/African/men/id01179/00160_id00476_UgdYVJ6xPYg_id01856_wavtolip.npz,3.9846644401550293,3.9846644401550293,4.589513778686523,1
FakeVideo-FakeAudio/African/men/id01179/00160_id00518_wavtolip.npz,3.3531365394592285,3.3531365394592285,4.636883735656738,1
FakeVideo-FakeAudio/African/men/id01179/00160_id01170_7eoTTk4xyNo_id01856_wavtolip.npz,3.993335723876953,3.993335723876953,4.60120964050293,1
FakeVideo-FakeAudio/African/men/id01179/00160_id01171_wavtolip.npz,5.704928398132324,5.704928398132324,4.597836494445801,1
FakeVideo-FakeAudio/African/men/id01179/00160_id01207_mt129WTRSII_id01171_wavtolip.npz,5.65173864364624,5.65173864364624,4.604014873504639,1
FakeVideo-FakeAudio/African/men/id01179/00160_id01207_wavtolip.npz,4.654994010925293,4.654994010925293,4.653120517730713,1
FakeVideo-FakeAudio/African/men/id01179/00160_id01392_wavtolip.npz,5.985345840454102,5.985345840454102,4.758588790893555,1
FakeVideo-FakeAudio/African/men/id01179/00160_id01544_wavtolip.npz,5.63350248336792,5.63350248336792,4.556647777557373,1
FakeVideo-FakeAudio/African/men/id01179/00160_id01598_wavtolip.npz,5.658273220062256,5.658273220062256,4.579737663269043,1
FakeVideo-FakeAudio/African/men/id01179/00160_id01637_5VjcPZm8knM_id01995_wavtolip.npz,0.9157006740570068,0.9157006740570068,4.7527666091918945,1
FakeVideo-FakeAudio/African/men/id01179/00160_id01691_wavtolip.npz,5.851508617401123,5.851508617401123,4.780716419219971,1
FakeVideo-FakeAudio/African/men/id01179/00160_id01717_wavtolip.npz,5.634274959564209,5.634274959564209,4.3633317947387695,1
FakeVideo-FakeAudio/African/men/id01179/00160_id02005_7_Egh9mW5y4_faceswap_id01528_wavtolip.npz,6.377468585968018,6.377468585968018,4.742654323577881,1
FakeVideo-FakeAudio/African/men/id01179/00160_id02005_7_Egh9mW5y4_faceswap_id01779_wavtolip.npz,5.81785249710083,5.81785249710083,4.755743026733398,1
FakeVideo-FakeAudio/African/men/id01179/00160_id02005_7_Egh9mW5y4_faceswap_id01835_wavtolip.npz,2.303323984146118,2.303323984146118,4.762792110443115,1
FakeVideo-FakeAudio/African/men/id01179/00160_id02005_7_Egh9mW5y4_faceswap_id01972_wavtolip.npz,6.164322376251221,6.164322376251221,4.352377414703369,1
FakeVideo-FakeAudio/African/men/id01179/00160_id02005_7_Egh9mW5y4_faceswap_id02316_wavtolip.npz,5.846919059753418,5.846919059753418,4.494616985321045,1
FakeVideo-FakeAudio/African/men/id01179/00160_id02005_7_Egh9mW5y4_id00366_wavtolip.npz,4.831798076629639,4.831798076629639,4.747120380401611,1
FakeVideo-FakeAudio/African/men/id01179/00160_id02342_RJPBPhJB8TA_id01779_wavtolip.npz,5.818254470825195,5.818254470825195,4.786813735961914,1
FakeVideo-FakeAudio/African/men/id01179/00160_id02342_wavtolip.npz,2.720740556716919,2.720740556716919,4.677674293518066,1
FakeVideo-FakeAudio/African/men/id01528/00017_id00173_wavtolip.npz,5.972424030303955,5.972424030303955,5.002584934234619,1
FakeVideo-FakeAudio/African/men/id01528/00017_id00518_qm7oQcDg4oI_id00781_wavtolip.npz,5.481400012969971,5.481400012969971,4.079123497009277,1
FakeVideo-FakeAudio/African/men/id01528/00017_id00944_DiW5D62667U_id02296_wavtolip.npz,3.4469308853149414,3.4469308853149414,4.831722736358643,1
FakeVideo-FakeAudio/African/men/id01528/00017_id00944_wavtolip.npz,5.163527965545654,5.163527965545654,4.943752288818359,1
FakeVideo-FakeAudio/African/men/id01528/00017_id00987_wavtolip.npz,2.35294246673584,2.35294246673584,5.06111478805542,1
FakeVideo-FakeAudio/African/men/id01528/00017_id01076_wavtolip.npz,6.025631427764893,6.025631427764893,4.25241756439209,1
FakeVideo-FakeAudio/African/men/id01528/00017_id01171_wavtolip.npz,5.783893585205078,5.783893585205078,4.588968276977539,1
FakeVideo-FakeAudio/African/men/id01528/00017_id01207_mt129WTRSII_id01207_wavtolip.npz,2.701725959777832,2.701725959777832,4.6834588050842285,1
FakeVideo-FakeAudio/African/men/id01528/00017_id01236_7WdumGR5-JM_id02342_wavtolip.npz,5.850497722625732,5.850497722625732,4.713905334472656,1
FakeVideo-FakeAudio/African/men/id01528/00017_id01236_wavtolip.npz,5.9648213386535645,5.9648213386535645,4.2708282470703125,1
FakeVideo-FakeAudio/African/men/id01528/00017_id01452_4MqeoSxSy3w_faceswap_id00701_wavtolip.npz,5.787294864654541,5.787294864654541,5.048367023468018,1
FakeVideo-FakeAudio/African/men/id01528/00017_id01452_4MqeoSxSy3w_faceswap_id01076_wavtolip.npz,5.9226555824279785,5.9226555824279785,4.26642370223999,1
FakeVideo-FakeAudio/African/men/id01528/00017_id01452_4MqeoSxSy3w_faceswap_id01610_wavtolip.npz,5.380335330963135,5.380335330963135,4.822109699249268,1
FakeVideo-FakeAudio/African/men/id01528/00017_id01452_4MqeoSxSy3w_faceswap_id02005_wavtolip.npz,6.084918975830078,6.084918975830078,4.8276262283325195,1
FakeVideo-FakeAudio/African/men/id01528/00017_id01452_4MqeoSxSy3w_faceswap_id02494_wavtolip.npz,5.507441520690918,5.507441520690918,3.7882933616638184,1
FakeVideo-FakeAudio/African/men/id01528/00017_id01452_4MqeoSxSy3w_id04727_wavtolip.npz,5.671168327331543,5.671168327331543,4.566710948944092,1
FakeVideo-FakeAudio/African/men/id01528/00017_id01597_52WEZxe4_GE_id00476_wavtolip.npz,6.306989669799805,6.306989669799805,5.0510735511779785,1
FakeVideo-FakeAudio/African/men/id01528/00017_id01598_wavtolip.npz,5.7036871910095215,5.7036871910095215,4.6081156730651855,1
FakeVideo-FakeAudio/African/men/id01528/00017_id01933_I5XXxgK7QpE_id00391_wavtolip.npz,3.749223232269287,3.749223232269287,5.036345481872559,1
FakeVideo-FakeAudio/African/men/id01528/00017_id01972_hBYoeQTm8ZQ_id01610_wavtolip.npz,5.267390251159668,5.267390251159668,4.779690265655518,1
FakeVideo-FakeAudio/African/men/id01528/00017_id02005_wavtolip.npz,6.1972198486328125,6.1972198486328125,4.80330753326416,1
FakeVideo-FakeAudio/African/men/id01528/00017_id02040_wavtolip.npz,2.9230964183807373,2.9230964183807373,3.802189588546753,1
FakeVideo-FakeAudio/African/men/id01528/00017_id02296_wavtolip.npz,4.5000505447387695,4.5000505447387695,4.844020843505859,1
FakeVideo-FakeAudio/African/men/id00076/00109_10_id00476_wavtolip.npz,6.206720352172852,6.206720352172852,4.658425331115723,1
FakeVideo-FakeAudio/African/men/id00076/00109_10_id01076_wavtolip.npz,6.021460056304932,6.021460056304932,4.313760757446289,1
FakeVideo-FakeAudio/African/men/id00076/00109_10_id01179_wavtolip.npz,6.246707916259766,6.246707916259766,4.647155284881592,1
FakeVideo-FakeAudio/African/men/id00076/00109_10_id02005_wavtolip.npz,4.503730773925781,4.503730773925781,4.63464879989624,1
FakeVideo-FakeAudio/African/men/id00076/00109_10_id02342_wavtolip.npz,2.0674171447753906,2.0674171447753906,4.634932518005371,1
FakeVideo-FakeAudio/African/men/id00076/00109_12_id00518_wavtolip.npz,3.7698967456817627,3.7698967456817627,4.588827610015869,1
FakeVideo-FakeAudio/African/men/id00076/00109_12_id00761_wavtolip.npz,6.0631208419799805,6.0631208419799805,4.612033843994141,1
FakeVideo-FakeAudio/African/men/id00076/00109_12_id00987_wavtolip.npz,2.4086196422576904,2.4086196422576904,4.588496208190918,1
FakeVideo-FakeAudio/African/men/id00076/00109_12_id01856_wavtolip.npz,4.022841453552246,4.022841453552246,4.588088512420654,1
FakeVideo-FakeAudio/African/men/id00076/00109_12_id02296_wavtolip.npz,2.2916409969329834,2.2916409969329834,4.593573570251465,1
FakeVideo-FakeAudio/African/men/id00076/00109_2_id00166_wavtolip.npz,5.512324333190918,5.512324333190918,4.568240165710449,1
FakeVideo-FakeAudio/African/men/id00076/00109_2_id00701_wavtolip.npz,3.1640071868896484,3.1640071868896484,4.581780910491943,1
FakeVideo-FakeAudio/African/men/id00076/00109_2_id01236_wavtolip.npz,6.117344379425049,6.117344379425049,4.26472282409668,1
FakeVideo-FakeAudio/African/men/id00076/00109_2_id01521_wavtolip.npz,5.612350940704346,5.612350940704346,4.256694793701172,1
FakeVideo-FakeAudio/African/men/id00076/00109_2_id01598_wavtolip.npz,5.850422382354736,5.850422382354736,4.5770745277404785,1
FakeVideo-FakeAudio/African/men/id00076/00109_4_id01392_wavtolip.npz,5.996377468109131,5.996377468109131,4.860600471496582,1
FakeVideo-FakeAudio/African/men/id00076/00109_4_id01528_wavtolip.npz,6.518620014190674,6.518620014190674,4.946378707885742,1
FakeVideo-FakeAudio/African/men/id00076/00109_4_id01691_wavtolip.npz,5.938186168670654,5.938186168670654,4.961625099182129,1
FakeVideo-FakeAudio/African/men/id00076/00109_4_id01995_wavtolip.npz,5.504284381866455,5.504284381866455,4.911022186279297,1
FakeVideo-FakeAudio/African/men/id00076/00109_4_id02296_wavtolip.npz,1.9536129236221313,1.9536129236221313,4.8110246658325195,1
FakeVideo-FakeAudio/African/men/id00076/00109_7_id00166_wavtolip.npz,5.696255683898926,5.696255683898926,4.81236457824707,1
FakeVideo-FakeAudio/African/men/id00076/00109_7_id00478_wavtolip.npz,6.04144811630249,6.04144811630249,4.921645164489746,1
FakeVideo-FakeAudio/African/men/id00076/00109_7_id01452_wavtolip.npz,5.659092426300049,5.659092426300049,4.38679313659668,1
FakeVideo-FakeAudio/African/men/id00076/00109_7_id01717_wavtolip.npz,5.613020896911621,5.613020896911621,4.355067253112793,1
FakeVideo-FakeAudio/African/men/id00076/00109_7_id01995_wavtolip.npz,5.373899459838867,5.373899459838867,4.914124011993408,1
FakeVideo-FakeAudio/African/men/id00076/00109_8_id00166_wavtolip.npz,5.665598392486572,5.665598392486572,4.753388404846191,1
FakeVideo-FakeAudio/African/men/id00076/00109_8_id00701_wavtolip.npz,4.072134017944336,4.072134017944336,4.788780212402344,1
FakeVideo-FakeAudio/African/men/id00076/00109_8_id00761_wavtolip.npz,6.20833158493042,6.20833158493042,4.790816783905029,1
FakeVideo-FakeAudio/African/men/id00076/00109_8_id01170_wavtolip.npz,6.327254295349121,6.327254295349121,4.787997722625732,1
FakeVideo-FakeAudio/African/men/id00076/00109_8_id02005_wavtolip.npz,3.6946377754211426,3.6946377754211426,4.753300666809082,1
FakeVideo-FakeAudio/African/men/id00076/00109_9_id00076_wavtolip.npz,5.083653926849365,5.083653926849365,4.531008720397949,1
FakeVideo-FakeAudio/African/men/id00076/00109_9_id01036_wavtolip.npz,6.082535743713379,6.082535743713379,4.507465362548828,1
FakeVideo-FakeAudio/African/men/id00076/00109_9_id01452_wavtolip.npz,5.969980239868164,5.969980239868164,4.3715739250183105,1
FakeVideo-FakeAudio/African/men/id00076/00109_9_id01528_wavtolip.npz,6.479610443115234,6.479610443115234,4.541320323944092,1
FakeVideo-FakeAudio/African/men/id00076/00109_9_id02005_wavtolip.npz,5.926319599151611,5.926319599151611,4.5484514236450195,1
FakeVideo-FakeAudio/African/men/id00076/00109_id00173_UHoMXLSjlDo_id00475_wavtolip.npz,2.280181407928467,2.280181407928467,5.305706977844238,1
FakeVideo-FakeAudio/African/men/id00076/00109_id00366_RSOgEoek8WM_id01995_wavtolip.npz,5.535285472869873,5.535285472869873,4.866048812866211,1
FakeVideo-FakeAudio/African/men/id00076/00109_id00391_wavtolip.npz,2.4142308235168457,2.4142308235168457,5.498591423034668,1
FakeVideo-FakeAudio/African/men/id00076/00109_id00475_wavtolip.npz,2.2747652530670166,2.2747652530670166,5.304303169250488,1
FakeVideo-FakeAudio/African/men/id00076/00109_id00476_wavtolip.npz,6.180756568908691,6.180756568908691,5.179180145263672,1
FakeVideo-FakeAudio/African/men/id00076/00109_id00701_wavtolip.npz,4.457555294036865,4.457555294036865,5.211819171905518,1
FakeVideo-FakeAudio/African/men/id00076/00109_id00830_rfl3Teg9uew_id01544_wavtolip.npz,5.636029243469238,5.636029243469238,4.561444282531738,1
FakeVideo-FakeAudio/African/men/id00076/00109_id01036_AohKaMtIHxA_id00476_wavtolip.npz,6.213111877441406,6.213111877441406,5.16986608505249,1
FakeVideo-FakeAudio/African/men/id00076/00109_id01207_mt129WTRSII_id02316_wavtolip.npz,4.91706657409668,4.91706657409668,4.48183536529541,1
FakeVideo-FakeAudio/African/men/id00076/00109_id01207_wavtolip.npz,2.657299041748047,2.657299041748047,4.652678489685059,1
FakeVideo-FakeAudio/African/men/id00076/00109_id01544_uBo9585VW2A_id01779_wavtolip.npz,4.352154731750488,4.352154731750488,4.813070297241211,1
FakeVideo-FakeAudio/African/men/id00076/00109_id01637_wavtolip.npz,5.5535430908203125,5.5535430908203125,4.825739860534668,1
FakeVideo-FakeAudio/African/men/id00076/00109_id01691_wavtolip.npz,5.954514503479004,5.954514503479004,5.30229377746582,1
FakeVideo-FakeAudio/African/men/id00076/00109_id01920_wavtolip.npz,5.6788554191589355,5.6788554191589355,4.949671745300293,1
FakeVideo-FakeAudio/African/men/id00076/00109_id01995_YUR9wTypwIo_id01691_wavtolip.npz,5.972203731536865,5.972203731536865,5.299833297729492,1
FakeVideo-FakeAudio/African/men/id00076/00109_id02005_7_Egh9mW5y4_id01972_wavtolip.npz,6.150180339813232,6.150180339813232,4.388893127441406,1
FakeVideo-FakeAudio/African/men/id00076/00109_id02005_wavtolip.npz,6.161757946014404,6.161757946014404,4.793896198272705,1
FakeVideo-FakeAudio/African/men/id00076/00109_id02316_wavtolip.npz,4.972570896148682,4.972570896148682,4.474441051483154,1
FakeVideo-FakeAudio/African/men/id00076/00109_id02342_RJPBPhJB8TA_id00166_wavtolip.npz,5.064751148223877,5.064751148223877,4.777643203735352,1
FakeVideo-FakeAudio/African/men/id00076/00109_id04727_AAnyugIAXao_id00391_wavtolip.npz,2.3541171550750732,2.3541171550750732,5.45086669921875,1
FakeVideo-FakeAudio/African/men/id02268/00036_id00076_wavtolip.npz,3.2562034130096436,3.2562034130096436,5.205734729766846,1
FakeVideo-FakeAudio/African/men/id02268/00036_id00166_wavtolip.npz,5.195741176605225,5.195741176605225,4.783662796020508,1
FakeVideo-FakeAudio/African/men/id02268/00036_id00173_wavtolip.npz,5.930786609649658,5.930786609649658,4.954391956329346,1
FakeVideo-FakeAudio/African/men/id02268/00036_id00781_wavtolip.npz,5.472721099853516,5.472721099853516,4.057303428649902,1
FakeVideo-FakeAudio/African/men/id02268/00036_id01236_7WdumGR5-JM_id01597_wavtolip.npz,4.924834251403809,4.924834251403809,4.872528553009033,1
FakeVideo-FakeAudio/African/men/id02268/00036_id01521_jthjSmLdLOg_id01597_wavtolip.npz,4.927900791168213,4.927900791168213,4.8719401359558105,1
FakeVideo-FakeAudio/African/men/id02268/00036_id01530_wavtolip.npz,6.129241943359375,6.129241943359375,4.624032974243164,1
FakeVideo-FakeAudio/African/men/id02268/00036_id01691_IVtS5z8Jrrk_id00944_wavtolip.npz,5.508791446685791,5.508791446685791,4.883120536804199,1
FakeVideo-FakeAudio/African/men/id02268/00036_id01717_wavtolip.npz,5.751325607299805,5.751325607299805,4.333632946014404,1
FakeVideo-FakeAudio/African/men/id02268/00036_id01835_UZbWA0QfXXA_id01856_wavtolip.npz,4.095372200012207,4.095372200012207,4.56730842590332,1
FakeVideo-FakeAudio/African/men/id02268/00036_id01856_6Q2f3b1QNRM_id01207_wavtolip.npz,2.7523088455200195,2.7523088455200195,4.593109130859375,1
FakeVideo-FakeAudio/African/men/id02268/00036_id01920_wavtolip.npz,5.6969194412231445,5.6969194412231445,4.924614429473877,1
FakeVideo-FakeAudio/African/men/id02268/00036_id02040_wavtolip.npz,4.887933731079102,4.887933731079102,3.8013336658477783,1
FakeVideo-FakeAudio/African/men/id02268/00036_id02268_wavtolip.npz,5.9507365226745605,5.9507365226745605,4.845376968383789,1
FakeVideo-FakeAudio/African/men/id02268/00036_id02296_IAgOrCuY8vU_id01598_wavtolip.npz,5.994495868682861,5.994495868682861,4.628299713134766,1
FakeVideo-FakeAudio/African/men/id02268/00036_id02316_wavtolip.npz,5.050613880157471,5.050613880157471,4.518660545349121,1
FakeVideo-FakeAudio/African/men/id02268/00036_id02494_lObg47hQleE_id00391_wavtolip.npz,2.084106922149658,2.084106922149658,5.127338886260986,1
FakeVideo-FakeAudio/African/men/id01170/00021_id00166_wavtolip.npz,5.123806953430176,5.123806953430176,4.800145626068115,1
FakeVideo-FakeAudio/African/men/id01170/00021_id00391_TjJgUZaenWI_id01598_wavtolip.npz,6.193439960479736,6.193439960479736,4.576791286468506,1
FakeVideo-FakeAudio/African/men/id01170/00021_id00761_wavtolip.npz,6.031466007232666,6.031466007232666,4.841415882110596,1
FakeVideo-FakeAudio/African/men/id01170/00021_id00830_rfl3Teg9uew_id01170_wavtolip.npz,5.766268253326416,5.766268253326416,4.976974010467529,1
FakeVideo-FakeAudio/African/men/id01170/00021_id01076_wavtolip.npz,5.796572208404541,5.796572208404541,4.288354873657227,1
FakeVideo-FakeAudio/African/men/id01170/00021_id01170_wavtolip.npz,5.947691440582275,5.947691440582275,5.009034156799316,1
FakeVideo-FakeAudio/African/men/id01170/00021_id01171_XSINMRoTb0E_id02342_wavtolip.npz,5.854617595672607,5.854617595672607,4.6704230308532715,1
FakeVideo-FakeAudio/African/men/id01170/00021_id01392_fF-g0KFJ7lg_id00478_wavtolip.npz,6.032134532928467,6.032134532928467,5.159459590911865,1
FakeVideo-FakeAudio/African/men/id01170/00021_id01392_wavtolip.npz,6.056593894958496,6.056593894958496,4.873691082000732,1
FakeVideo-FakeAudio/African/men/id01170/00021_id01452_wavtolip.npz,5.867393970489502,5.867393970489502,4.449814796447754,1
FakeVideo-FakeAudio/African/men/id01170/00021_id01544_wavtolip.npz,5.782684803009033,5.782684803009033,4.550615310668945,1
FakeVideo-FakeAudio/African/men/id01170/00021_id01597_52WEZxe4_GE_id01076_wavtolip.npz,5.768866062164307,5.768866062164307,4.272555351257324,1
FakeVideo-FakeAudio/African/men/id01170/00021_id01610_l8zb_iaDJJA_id01856_wavtolip.npz,4.019113540649414,4.019113540649414,4.537376403808594,1
FakeVideo-FakeAudio/African/men/id01170/00021_id01691_wavtolip.npz,6.195966720581055,6.195966720581055,5.161757946014404,1
FakeVideo-FakeAudio/African/men/id01170/00021_id01779_wavtolip.npz,4.928750038146973,4.928750038146973,4.86249303817749,1
FakeVideo-FakeAudio/African/men/id01170/00021_id01920_wavtolip.npz,5.677999973297119,5.677999973297119,4.957513332366943,1
FakeVideo-FakeAudio/African/men/id01170/00021_id01933_I5XXxgK7QpE_faceswap_id00478_wavtolip.npz,6.159031391143799,6.159031391143799,5.232163429260254,1
FakeVideo-FakeAudio/African/men/id01170/00021_id01933_I5XXxgK7QpE_faceswap_id01597_wavtolip.npz,4.8452606201171875,4.8452606201171875,4.87415075302124,1
FakeVideo-FakeAudio/African/men/id01170/00021_id01933_I5XXxgK7QpE_faceswap_id01637_wavtolip.npz,5.694852352142334,5.694852352142334,4.83244514465332,1
FakeVideo-FakeAudio/African/men/id01170/00021_id01933_I5XXxgK7QpE_faceswap_id01856_wavtolip.npz,4.034106731414795,4.034106731414795,4.575399875640869,1
FakeVideo-FakeAudio/African/men/id01170/00021_id01933_I5XXxgK7QpE_id00781_wavtolip.npz,5.331164836883545,5.331164836883545,4.09486198425293,1
FakeVideo-FakeAudio/African/men/id01170/00021_id04727_AAnyugIAXao_id01392_wavtolip.npz,6.0278215408325195,6.0278215408325195,4.859435081481934,1
FakeVideo-FakeAudio/African/men/id01637/00002_1_id01598_wavtolip.npz,5.823921203613281,5.823921203613281,4.592825412750244,1
FakeVideo-FakeAudio/African/men/id01637/00002_1_id01610_wavtolip.npz,5.666218280792236,5.666218280792236,4.570682525634766,1
FakeVideo-FakeAudio/African/men/id01637/00002_1_id01920_wavtolip.npz,4.958166599273682,4.958166599273682,4.5474443435668945,1
FakeVideo-FakeAudio/African/men/id01637/00002_1_id02296_wavtolip.npz,2.2804853916168213,2.2804853916168213,4.58355712890625,1
FakeVideo-FakeAudio/African/men/id01637/00002_1_id02342_wavtolip.npz,1.9477101564407349,1.9477101564407349,4.584573268890381,1
FakeVideo-FakeAudio/African/men/id01637/00002_2_id00701_wavtolip.npz,5.620521545410156,5.620521545410156,4.808101654052734,1
FakeVideo-FakeAudio/African/men/id01637/00002_2_id00761_wavtolip.npz,6.3163957595825195,6.3163957595825195,4.793582439422607,1
FakeVideo-FakeAudio/African/men/id01637/00002_2_id00944_wavtolip.npz,5.642731189727783,5.642731189727783,4.808825492858887,1
FakeVideo-FakeAudio/African/men/id01637/00002_2_id01392_wavtolip.npz,5.8784098625183105,5.8784098625183105,4.768835067749023,1
FakeVideo-FakeAudio/African/men/id01637/00002_2_id01452_wavtolip.npz,5.604471683502197,5.604471683502197,4.38792085647583,1
FakeVideo-FakeAudio/African/men/id01637/00002_id00076_wavtolip.npz,3.2705793380737305,3.2705793380737305,4.956813812255859,1
FakeVideo-FakeAudio/African/men/id01637/00002_id00166_PQV2ZbJBLNk_id04727_wavtolip.npz,6.064666748046875,6.064666748046875,4.5391035079956055,1
FakeVideo-FakeAudio/African/men/id01637/00002_id00366_RSOgEoek8WM_id02268_wavtolip.npz,5.805453300476074,5.805453300476074,4.875593662261963,1
FakeVideo-FakeAudio/African/men/id01637/00002_id00391_wavtolip.npz,1.3519166707992554,1.3519166707992554,4.92179012298584,1
FakeVideo-FakeAudio/African/men/id01637/00002_id00761_wavtolip.npz,6.1168599128723145,6.1168599128723145,4.856146335601807,1
FakeVideo-FakeAudio/African/men/id01637/00002_id00944_DiW5D62667U_id01856_wavtolip.npz,4.053054332733154,4.053054332733154,4.56498908996582,1
FakeVideo-FakeAudio/African/men/id01637/00002_id01170_7eoTTk4xyNo_id01452_wavtolip.npz,5.705484390258789,5.705484390258789,4.428366184234619,1
FakeVideo-FakeAudio/African/men/id01637/00002_id01170_wavtolip.npz,6.285861968994141,6.285861968994141,4.947698593139648,1
FakeVideo-FakeAudio/African/men/id01637/00002_id01171_wavtolip.npz,5.804928779602051,5.804928779602051,4.587143421173096,1
FakeVideo-FakeAudio/African/men/id01637/00002_id01236_wavtolip.npz,6.0374555587768555,6.0374555587768555,4.260167121887207,1
FakeVideo-FakeAudio/African/men/id01637/00002_id01392_wavtolip.npz,6.006838798522949,6.006838798522949,4.883727550506592,1
FakeVideo-FakeAudio/African/men/id01637/00002_id01610_l8zb_iaDJJA_id01236_wavtolip.npz,6.0688157081604,6.0688157081604,4.240708351135254,1
FakeVideo-FakeAudio/African/men/id01637/00002_id01691_wavtolip.npz,5.930782794952393,5.930782794952393,4.92957878112793,1
FakeVideo-FakeAudio/African/men/id01637/00002_id01920_w9C_knCPD94_id00076_wavtolip.npz,3.2446415424346924,3.2446415424346924,4.9828572273254395,1
FakeVideo-FakeAudio/African/men/id01637/00002_id02005_7_Egh9mW5y4_id01392_wavtolip.npz,6.044911861419678,6.044911861419678,4.8977789878845215,1
FakeVideo-FakeAudio/African/men/id01637/00002_id02051_wavtolip.npz,5.087594032287598,5.087594032287598,4.566123962402344,1
FakeVideo-FakeAudio/African/men/id01637/00002_id02316_wavtolip.npz,4.940816402435303,4.940816402435303,4.492571830749512,1
FakeVideo-FakeAudio/African/men/id01637/00002_id02494_lObg47hQleE_id01530_wavtolip.npz,6.023490905761719,6.023490905761719,4.69725227355957,1
FakeVideo-FakeAudio/African/men/id02051/00015_id00076_wavtolip.npz,2.8702521324157715,2.8702521324157715,4.665773868560791,1
FakeVideo-FakeAudio/African/men/id02051/00015_id00166_wavtolip.npz,5.5930938720703125,5.5930938720703125,4.622242450714111,1
FakeVideo-FakeAudio/African/men/id02051/00015_id00173_UHoMXLSjlDo_id01691_wavtolip.npz,5.992834568023682,5.992834568023682,4.649080753326416,1
FakeVideo-FakeAudio/African/men/id02051/00015_id00173_wavtolip.npz,1.364206314086914,1.364206314086914,4.63398551940918,1
FakeVideo-FakeAudio/African/men/id02051/00015_id00701_lW6uzLIOwd0_id01779_wavtolip.npz,5.686648845672607,5.686648845672607,4.648850917816162,1
FakeVideo-FakeAudio/African/men/id02051/00015_id00987_wavtolip.npz,2.3541946411132812,2.3541946411132812,4.632235050201416,1
FakeVideo-FakeAudio/African/men/id02051/00015_id01236_wavtolip.npz,6.049995422363281,6.049995422363281,4.237933158874512,1
FakeVideo-FakeAudio/African/men/id02051/00015_id01521_jthjSmLdLOg_id00761_wavtolip.npz,6.058274745941162,6.058274745941162,4.6548051834106445,1
FakeVideo-FakeAudio/African/men/id02051/00015_id01530_wavtolip.npz,2.812502384185791,2.812502384185791,4.646092891693115,1
FakeVideo-FakeAudio/African/men/id02051/00015_id01610_l8zb_iaDJJA_id01717_wavtolip.npz,5.6238932609558105,5.6238932609558105,4.332489967346191,1
FakeVideo-FakeAudio/African/men/id02051/00015_id01691_wavtolip.npz,6.117747783660889,6.117747783660889,4.63856315612793,1
FakeVideo-FakeAudio/African/men/id02051/00015_id01835_UZbWA0QfXXA_id00944_wavtolip.npz,6.03818941116333,6.03818941116333,4.668014049530029,1
FakeVideo-FakeAudio/African/men/id02051/00015_id01835_wavtolip.npz,5.224985599517822,5.224985599517822,4.624455451965332,1
FakeVideo-FakeAudio/African/men/id02051/00015_id01995_YUR9wTypwIo_id00476_wavtolip.npz,6.068877696990967,6.068877696990967,4.633737564086914,1
FakeVideo-FakeAudio/African/men/id02051/00015_id02040_wl6EVkamZFQ_id00781_wavtolip.npz,5.76372766494751,5.76372766494751,4.048730850219727,1
FakeVideo-FakeAudio/African/men/id02051/00015_id02316_wavtolip.npz,5.790643215179443,5.790643215179443,4.471718788146973,1
FakeVideo-FakeAudio/African/men/id02051/00015_id02342_wavtolip.npz,2.222377300262451,2.222377300262451,4.6094465255737305,1
FakeVideo-FakeAudio/African/men/id00366/00118_id00076_Isiq7cA-DNE_faceswap_id01170_wavtolip.npz,5.903255939483643,5.903255939483643,4.973240375518799,1
FakeVideo-FakeAudio/African/men/id00366/00118_id00076_Isiq7cA-DNE_faceswap_id01779_wavtolip.npz,4.379916191101074,4.379916191101074,4.873782634735107,1
FakeVideo-FakeAudio/African/men/id00366/00118_id00076_Isiq7cA-DNE_faceswap_id02316_wavtolip.npz,4.953554153442383,4.953554153442383,4.509037494659424,1
FakeVideo-FakeAudio/African/men/id00366/00118_id00076_Isiq7cA-DNE_faceswap_id02342_wavtolip.npz,5.843648910522461,5.843648910522461,4.704227447509766,1
FakeVideo-FakeAudio/African/men/id00366/00118_id00076_Isiq7cA-DNE_faceswap_id02494_wavtolip.npz,5.537426948547363,5.537426948547363,3.8200578689575195,1
FakeVideo-FakeAudio/African/men/id00366/00118_id00076_Isiq7cA-DNE_id00944_wavtolip.npz,5.499301433563232,5.499301433563232,4.893410682678223,1
FakeVideo-FakeAudio/African/men/id00366/00118_id00476_UgdYVJ6xPYg_id00076_wavtolip.npz,6.107046127319336,6.107046127319336,5.307657241821289,1
FakeVideo-FakeAudio/African/men/id00366/00118_id00781_fvsSae9yc0A_id01597_wavtolip.npz,4.828695297241211,4.828695297241211,4.879809856414795,1
FakeVideo-FakeAudio/African/men/id00366/00118_id00781_wavtolip.npz,5.405600070953369,5.405600070953369,4.051346778869629,1
FakeVideo-FakeAudio/African/men/id00366/00118_id01170_wavtolip.npz,5.869542598724365,5.869542598724365,5.010531902313232,1
FakeVideo-FakeAudio/African/men/id00366/00118_id01207_mt129WTRSII_id02316_wavtolip.npz,4.9298834800720215,4.9298834800720215,4.468019485473633,1
FakeVideo-FakeAudio/African/men/id00366/00118_id01236_wavtolip.npz,6.056645393371582,6.056645393371582,4.257475852966309,1
FakeVideo-FakeAudio/African/men/id00366/00118_id01528_wavtolip.npz,5.127306938171387,5.127306938171387,5.056461811065674,1
FakeVideo-FakeAudio/African/men/id00366/00118_id01544_uBo9585VW2A_id02342_wavtolip.npz,5.763754367828369,5.763754367828369,4.679609298706055,1
FakeVideo-FakeAudio/African/men/id00366/00118_id01598_wavtolip.npz,5.893774509429932,5.893774509429932,4.6346917152404785,1
FakeVideo-FakeAudio/African/men/id00366/00118_id01637_5VjcPZm8knM_id01835_wavtolip.npz,3.346263885498047,3.346263885498047,5.23078727722168,1
FakeVideo-FakeAudio/African/men/id00366/00118_id01691_IVtS5z8Jrrk_id01597_wavtolip.npz,4.941667556762695,4.941667556762695,4.878480434417725,1
FakeVideo-FakeAudio/African/men/id00366/00118_id01717_JDW6p8yU13A_id01856_wavtolip.npz,4.006639003753662,4.006639003753662,4.531717300415039,1
FakeVideo-FakeAudio/African/men/id00366/00118_id01717_wavtolip.npz,5.834240436553955,5.834240436553955,4.331610202789307,1
FakeVideo-FakeAudio/African/men/id00366/00118_id01835_wavtolip.npz,3.9408533573150635,3.9408533573150635,5.232208251953125,1
FakeVideo-FakeAudio/African/men/id00366/00118_id01856_wavtolip.npz,3.9642162322998047,3.9642162322998047,4.568009853363037,1
FakeVideo-FakeAudio/African/men/id00366/00118_id01920_w9C_knCPD94_id01170_wavtolip.npz,5.921065330505371,5.921065330505371,5.020885944366455,1
FakeVideo-FakeAudio/African/men/id00366/00118_id02005_7_Egh9mW5y4_id01544_wavtolip.npz,5.755652904510498,5.755652904510498,4.546496391296387,1
FakeVideo-FakeAudio/African/men/id00366/00118_id02005_wavtolip.npz,6.181274890899658,6.181274890899658,4.8057355880737305,1
FakeVideo-FakeAudio/African/men/id00366/00118_id02268_wavtolip.npz,5.819032192230225,5.819032192230225,4.881940841674805,1
FakeVideo-FakeAudio/African/women/id00359/00053_id00460_wavtolip.npz,-0.9683960676193237,-0.9683960676193237,4.570933818817139,1
FakeVideo-FakeAudio/African/women/id00359/00053_id01178_wavtolip.npz,3.634620189666748,3.634620189666748,4.5956830978393555,1
FakeVideo-FakeAudio/African/women/id00359/00053_id01838_q_lUk55OrL0_faceswap_id00568_wavtolip.npz,4.97891902923584,4.97891902923584,4.514063358306885,1
FakeVideo-FakeAudio/African/women/id00359/00053_id01838_q_lUk55OrL0_faceswap_id03658_wavtolip.npz,5.88761043548584,5.88761043548584,4.5586137771606445,1
FakeVideo-FakeAudio/African/women/id00359/00053_id01838_q_lUk55OrL0_faceswap_id04736_wavtolip.npz,4.62042236328125,4.62042236328125,4.478029727935791,1
FakeVideo-FakeAudio/African/women/id00359/00053_id01838_q_lUk55OrL0_faceswap_id05106_wavtolip.npz,6.1142778396606445,6.1142778396606445,4.549224853515625,1
FakeVideo-FakeAudio/African/women/id00359/00053_id01838_q_lUk55OrL0_faceswap_id05252_wavtolip.npz,6.452140808105469,6.452140808105469,4.541872501373291,1
FakeVideo-FakeAudio/African/women/id00359/00053_id01838_wavtolip.npz,6.055212497711182,6.055212497711182,4.505402565002441,1
FakeVideo-FakeAudio/African/women/id00359/00053_id02071_cHuDh9F87vA_id02948_wavtolip.npz,5.21701717376709,5.21701717376709,4.525823593139648,1
FakeVideo-FakeAudio/African/women/id00359/00053_id02508_wavtolip.npz,4.211428642272949,4.211428642272949,4.551311492919922,1
FakeVideo-FakeAudio/African/women/id00359/00053_id02586_dEYzYDsbAeo_id01907_wavtolip.npz,5.793106555938721,5.793106555938721,4.447718620300293,1
FakeVideo-FakeAudio/African/women/id00359/00053_id02721_wavtolip.npz,6.369937419891357,6.369937419891357,4.530853748321533,1
FakeVideo-FakeAudio/African/women/id00359/00053_id02838_kaCQlSGlLe8_id04689_wavtolip.npz,5.67114782333374,5.67114782333374,4.493619441986084,1
FakeVideo-FakeAudio/African/women/id00359/00053_id02948_wavtolip.npz,5.278832912445068,5.278832912445068,4.520134449005127,1
FakeVideo-FakeAudio/African/women/id00359/00053_id04376_wavtolip.npz,6.37160587310791,6.37160587310791,4.57550573348999,1
FakeVideo-FakeAudio/African/women/id00359/00053_id04437_wavtolip.npz,5.032739162445068,5.032739162445068,4.558135509490967,1
FakeVideo-FakeAudio/African/women/id00359/00053_id04547_3Qy2g2M47Aw_id03747_wavtolip.npz,2.074904203414917,2.074904203414917,4.558767795562744,1
FakeVideo-FakeAudio/African/women/id00359/00053_id04736_wavtolip.npz,4.609145164489746,4.609145164489746,4.519170761108398,1
FakeVideo-FakeAudio/African/women/id00359/00053_id04820_64ybrA1atlM_id00577_wavtolip.npz,6.6457133293151855,6.6457133293151855,4.521714687347412,1
FakeVideo-FakeAudio/African/women/id00359/00053_id05106_ZnnDdjlABM4_id03569_wavtolip.npz,5.843815326690674,5.843815326690674,4.411055564880371,1
FakeVideo-FakeAudio/African/women/id00359/00053_id05980_bbg4HtuM_jo_id00829_wavtolip.npz,5.269481182098389,5.269481182098389,4.520102500915527,1
FakeVideo-FakeAudio/African/women/id00359/00053_id05980_wavtolip.npz,5.4025068283081055,5.4025068283081055,4.539510250091553,1
FakeVideo-FakeAudio/African/women/id01907/00148_id00220_WlHLlTQKj8g_id00359_wavtolip.npz,5.749553680419922,5.749553680419922,4.200069904327393,1
FakeVideo-FakeAudio/African/women/id01907/00148_id00371_t20i0HtPwW0_id00832_wavtolip.npz,5.512558460235596,5.512558460235596,4.475867748260498,1
FakeVideo-FakeAudio/African/women/id01907/00148_id00829_aMEvVaUBq2Y_id00592_wavtolip.npz,4.611273765563965,4.611273765563965,4.791915416717529,1
FakeVideo-FakeAudio/African/women/id01907/00148_id00832_Jr4-dXRChME_id00577_wavtolip.npz,6.370387554168701,6.370387554168701,4.666947364807129,1
FakeVideo-FakeAudio/African/women/id01907/00148_id01532_XnlWp_s_f7Q_id02301_wavtolip.npz,5.6457648277282715,5.6457648277282715,4.442252159118652,1
FakeVideo-FakeAudio/African/women/id01907/00148_id01838_wavtolip.npz,6.031571865081787,6.031571865081787,4.7425856590271,1
FakeVideo-FakeAudio/African/women/id01907/00148_id02586_wavtolip.npz,5.7580647468566895,5.7580647468566895,4.45550012588501,1
FakeVideo-FakeAudio/African/women/id01907/00148_id03569_wavtolip.npz,5.8351616859436035,5.8351616859436035,4.373775959014893,1
FakeVideo-FakeAudio/African/women/id01907/00148_id03747_wavtolip.npz,2.0324409008026123,2.0324409008026123,4.754184246063232,1
FakeVideo-FakeAudio/African/women/id01907/00148_id04055_wavtolip.npz,5.3808274269104,5.3808274269104,4.297872066497803,1
FakeVideo-FakeAudio/African/women/id01907/00148_id04705_wavtolip.npz,3.2070019245147705,3.2070019245147705,4.723089218139648,1
FakeVideo-FakeAudio/African/women/id01907/00148_id04705_ziJ9JsYr4R0_id01838_wavtolip.npz,5.950965404510498,5.950965404510498,4.744268894195557,1
FakeVideo-FakeAudio/African/women/id01907/00148_id04736_wavtolip.npz,1.9651538133621216,1.9651538133621216,4.704932689666748,1
FakeVideo-FakeAudio/African/women/id01907/00148_id04820_wavtolip.npz,5.032019138336182,5.032019138336182,4.7175164222717285,1
FakeVideo-FakeAudio/African/women/id01907/00148_id04939_wavtolip.npz,5.4893670082092285,5.4893670082092285,4.415419101715088,1
FakeVideo-FakeAudio/African/women/id01907/00148_id05235_ASy8lP3SRtw_faceswap_id00371_wavtolip.npz,5.672081470489502,5.672081470489502,4.730159282684326,1
FakeVideo-FakeAudio/African/women/id01907/00148_id05235_ASy8lP3SRtw_faceswap_id03656_wavtolip.npz,4.127901077270508,4.127901077270508,4.7591962814331055,1
FakeVideo-FakeAudio/African/women/id01907/00148_id05235_ASy8lP3SRtw_faceswap_id04437_wavtolip.npz,5.881494522094727,5.881494522094727,4.600106716156006,1
FakeVideo-FakeAudio/African/women/id01907/00148_id05235_ASy8lP3SRtw_faceswap_id05251_wavtolip.npz,5.849719524383545,5.849719524383545,4.351848125457764,1
FakeVideo-FakeAudio/African/women/id01907/00148_id05235_ASy8lP3SRtw_faceswap_id05252_wavtolip.npz,6.318753242492676,6.318753242492676,4.5798211097717285,1
FakeVideo-FakeAudio/African/women/id01907/00148_id05235_ASy8lP3SRtw_id02838_wavtolip.npz,2.6189351081848145,2.6189351081848145,4.77895450592041,1
FakeVideo-FakeAudio/African/women/id01907/00148_id05252_CMxIX3absYM_id00832_wavtolip.npz,5.531911373138428,5.531911373138428,4.500371932983398,1
FakeVideo-FakeAudio/African/women/id01661/00059_id00371_t20i0HtPwW0_id05980_wavtolip.npz,5.437178134918213,5.437178134918213,4.558834075927734,1
FakeVideo-FakeAudio/African/women/id01661/00059_id00371_wavtolip.npz,5.290686130523682,5.290686130523682,4.587409496307373,1
FakeVideo-FakeAudio/African/women/id01661/00059_id00577_wavtolip.npz,6.598349094390869,6.598349094390869,4.555740833282471,1
FakeVideo-FakeAudio/African/women/id01661/00059_id00592_wavtolip.npz,1.2220062017440796,1.2220062017440796,4.6214799880981445,1
FakeVideo-FakeAudio/African/women/id01661/00059_id00832_wavtolip.npz,5.595897674560547,5.595897674560547,4.473989486694336,1
FakeVideo-FakeAudio/African/women/id01661/00059_id01178_wavtolip.npz,0.003191976808011532,0.003191976808011532,4.582063674926758,1
FakeVideo-FakeAudio/African/women/id01661/00059_id01661_wavtolip.npz,5.6836724281311035,5.6836724281311035,4.494779586791992,1
FakeVideo-FakeAudio/African/women/id01661/00059_id01783_WBUM0bHzWNA_id04376_wavtolip.npz,6.132290840148926,6.132290840148926,4.608664035797119,1
FakeVideo-FakeAudio/African/women/id01661/00059_id01838_wavtolip.npz,6.172358989715576,6.172358989715576,4.592543125152588,1
FakeVideo-FakeAudio/African/women/id01661/00059_id01907_LBcRkuRq0uY_id02808_wavtolip.npz,1.361178994178772,1.361178994178772,4.530715465545654,1
FakeVideo-FakeAudio/African/women/id01661/00059_id02071_wavtolip.npz,5.225334644317627,5.225334644317627,3.4535999298095703,1
FakeVideo-FakeAudio/African/women/id01661/00059_id02508_wavtolip.npz,4.534170150756836,4.534170150756836,4.5908942222595215,1
FakeVideo-FakeAudio/African/women/id01661/00059_id02586_wavtolip.npz,5.670172214508057,5.670172214508057,4.460514545440674,1
FakeVideo-FakeAudio/African/women/id01661/00059_id03656_wavtolip.npz,3.5617215633392334,3.5617215633392334,4.599398136138916,1
FakeVideo-FakeAudio/African/women/id01661/00059_id03713_wavtolip.npz,5.714029788970947,5.714029788970947,4.373223304748535,1
FakeVideo-FakeAudio/African/women/id01661/00059_id04055_0qrzF4HLXHY_id04055_wavtolip.npz,5.614062786102295,5.614062786102295,4.279092311859131,1
FakeVideo-FakeAudio/African/women/id01661/00059_id04055_wavtolip.npz,5.588561058044434,5.588561058044434,4.284908771514893,1
FakeVideo-FakeAudio/African/women/id01661/00059_id04939_i4v2cXo9HIQ_id02071_wavtolip.npz,4.8147172927856445,4.8147172927856445,3.4735307693481445,1
FakeVideo-FakeAudio/African/women/id01661/00059_id05252_CMxIX3absYM_id00592_wavtolip.npz,1.2235925197601318,1.2235925197601318,4.601006507873535,1
FakeVideo-FakeAudio/African/women/id03747/00273_id00220_WlHLlTQKj8g_id05251_wavtolip.npz,5.783802032470703,5.783802032470703,4.347931385040283,1
FakeVideo-FakeAudio/African/women/id03747/00273_id00220_wavtolip.npz,6.092868804931641,6.092868804931641,4.288280010223389,1
FakeVideo-FakeAudio/African/women/id03747/00273_id00359_RZMQan-7me4_id00592_wavtolip.npz,2.7363905906677246,2.7363905906677246,4.7663116455078125,1
FakeVideo-FakeAudio/African/women/id03747/00273_id00577_wavtolip.npz,6.3426408767700195,6.3426408767700195,4.69310188293457,1
FakeVideo-FakeAudio/African/women/id03747/00273_id00707_wavtolip.npz,5.98549222946167,5.98549222946167,4.310967922210693,1
FakeVideo-FakeAudio/African/women/id03747/00273_id01907_wavtolip.npz,1.9373304843902588,1.9373304843902588,4.735302925109863,1
FakeVideo-FakeAudio/African/women/id03747/00273_id02071_cHuDh9F87vA_id02071_wavtolip.npz,4.767200946807861,4.767200946807861,3.37595534324646,1
FakeVideo-FakeAudio/African/women/id03747/00273_id02617_wavtolip.npz,6.028525352478027,6.028525352478027,4.771671295166016,1
FakeVideo-FakeAudio/African/women/id03747/00273_id02808_wavtolip.npz,6.091304302215576,6.091304302215576,5.1645684242248535,1
FakeVideo-FakeAudio/African/women/id03747/00273_id02824_glBy_mYcXZw_faceswap_id01661_wavtolip.npz,5.588962554931641,5.588962554931641,4.516153812408447,1
FakeVideo-FakeAudio/African/women/id03747/00273_id02824_glBy_mYcXZw_faceswap_id04055_wavtolip.npz,5.307579517364502,5.307579517364502,4.267744064331055,1
FakeVideo-FakeAudio/African/women/id03747/00273_id02824_glBy_mYcXZw_faceswap_id04374_wavtolip.npz,5.420741081237793,5.420741081237793,3.152266263961792,1
FakeVideo-FakeAudio/African/women/id03747/00273_id02824_glBy_mYcXZw_faceswap_id04547_wavtolip.npz,5.9831223487854,5.9831223487854,4.154938220977783,1
FakeVideo-FakeAudio/African/women/id03747/00273_id02824_glBy_mYcXZw_faceswap_id05235_wavtolip.npz,5.553530216217041,5.553530216217041,4.705394744873047,1
FakeVideo-FakeAudio/African/women/id03747/00273_id02824_glBy_mYcXZw_id00592_wavtolip.npz,2.714107036590576,2.714107036590576,4.783531665802002,1
FakeVideo-FakeAudio/African/women/id03747/00273_id02838_wavtolip.npz,5.594634532928467,5.594634532928467,5.12274694442749,1
FakeVideo-FakeAudio/African/women/id03747/00273_id03569_wavtolip.npz,5.854527473449707,5.854527473449707,4.389079570770264,1
FakeVideo-FakeAudio/African/women/id03747/00273_id04374_SWltOOZmlWM_id05252_wavtolip.npz,6.071502685546875,6.071502685546875,4.6199188232421875,1
FakeVideo-FakeAudio/African/women/id03747/00273_id04689_0YqK1ksKjLg_id00359_wavtolip.npz,5.724567413330078,5.724567413330078,4.187720775604248,1
FakeVideo-FakeAudio/African/women/id03747/00273_id05231_wavtolip.npz,5.470581531524658,5.470581531524658,4.557763576507568,1
FakeVideo-FakeAudio/African/women/id03747/00273_id05231_wfbM5puT6eQ_id02948_wavtolip.npz,3.21323823928833,3.21323823928833,4.535194396972656,1
FakeVideo-FakeAudio/African/women/id03747/00273_id05235_ASy8lP3SRtw_id05251_wavtolip.npz,5.75477933883667,5.75477933883667,4.3366265296936035,1
FakeVideo-FakeAudio/African/women/id03747/00273_id05235_wavtolip.npz,5.587613105773926,5.587613105773926,4.719661235809326,1
FakeVideo-FakeAudio/African/women/id03713/00249_id00371_t20i0HtPwW0_id04689_wavtolip.npz,5.781611919403076,5.781611919403076,4.609258651733398,1
FakeVideo-FakeAudio/African/women/id03713/00249_id00371_wavtolip.npz,4.534178256988525,4.534178256988525,4.600494861602783,1
FakeVideo-FakeAudio/African/women/id03713/00249_id00577_wavtolip.npz,6.578676700592041,6.578676700592041,4.571608543395996,1
FakeVideo-FakeAudio/African/women/id03713/00249_id01532_XnlWp_s_f7Q_id05106_wavtolip.npz,4.704592227935791,4.704592227935791,4.580049991607666,1
FakeVideo-FakeAudio/African/women/id03713/00249_id01661_wavtolip.npz,5.643982887268066,5.643982887268066,4.491365432739258,1
FakeVideo-FakeAudio/African/women/id03713/00249_id01783_wavtolip.npz,4.88801908493042,4.88801908493042,4.602196216583252,1
FakeVideo-FakeAudio/African/women/id03713/00249_id02508_wavtolip.npz,3.210787534713745,3.210787534713745,4.600006103515625,1
FakeVideo-FakeAudio/African/women/id03713/00249_id02586_wavtolip.npz,5.8285722732543945,5.8285722732543945,4.460631370544434,1
FakeVideo-FakeAudio/African/women/id03713/00249_id02617_4EZjRXC4fLk_faceswap_id00220_wavtolip.npz,5.786960124969482,5.786960124969482,4.261651515960693,1
FakeVideo-FakeAudio/African/women/id03713/00249_id02617_4EZjRXC4fLk_faceswap_id00832_wavtolip.npz,5.51639986038208,5.51639986038208,4.452202320098877,1
FakeVideo-FakeAudio/African/women/id03713/00249_id02617_4EZjRXC4fLk_faceswap_id01178_wavtolip.npz,0.9499646425247192,0.9499646425247192,4.617577075958252,1
FakeVideo-FakeAudio/African/women/id03713/00249_id02617_4EZjRXC4fLk_faceswap_id01532_wavtolip.npz,5.2170491218566895,5.2170491218566895,4.643352508544922,1
FakeVideo-FakeAudio/African/women/id03713/00249_id02617_4EZjRXC4fLk_faceswap_id04245_wavtolip.npz,5.527102947235107,5.527102947235107,4.624426364898682,1
FakeVideo-FakeAudio/African/women/id03713/00249_id02721_wavtolip.npz,5.448331356048584,5.448331356048584,4.58079195022583,1
FakeVideo-FakeAudio/African/women/id03713/00249_id02824_glBy_mYcXZw_id04437_wavtolip.npz,5.737873077392578,5.737873077392578,4.613691329956055,1
FakeVideo-FakeAudio/African/women/id03713/00249_id03103_wiCYm3THQPw_id04820_wavtolip.npz,5.599770545959473,5.599770545959473,4.5835795402526855,1
FakeVideo-FakeAudio/African/women/id03713/00249_id03658_8Wtu9VXKqjY_id05235_wavtolip.npz,5.9050493240356445,5.9050493240356445,4.624549865722656,1
FakeVideo-FakeAudio/African/women/id03713/00249_id04736__D2k4fMhEfQ_id00829_wavtolip.npz,5.604495525360107,5.604495525360107,4.609597206115723,1
FakeVideo-FakeAudio/African/women/id03713/00249_id04736_wavtolip.npz,2.634004592895508,2.634004592895508,4.57362174987793,1
FakeVideo-FakeAudio/African/women/id02721/00424_id00359_wavtolip.npz,5.994502544403076,5.994502544403076,4.200168132781982,1
FakeVideo-FakeAudio/African/women/id02721/00424_id00371_t20i0HtPwW0_id04939_wavtolip.npz,5.734891891479492,5.734891891479492,4.400814533233643,1
FakeVideo-FakeAudio/African/women/id02721/00424_id00568_gakhcJXnJZ8_id04939_wavtolip.npz,5.738624095916748,5.738624095916748,4.405792713165283,1
FakeVideo-FakeAudio/African/women/id02721/00424_id00707_wavtolip.npz,6.0684309005737305,6.0684309005737305,4.346822738647461,1
FakeVideo-FakeAudio/African/women/id02721/00424_id01178_wavtolip.npz,5.966987609863281,5.966987609863281,4.613590240478516,1
FakeVideo-FakeAudio/African/women/id02721/00424_id01661_wavtolip.npz,5.560713291168213,5.560713291168213,4.488224506378174,1
FakeVideo-FakeAudio/African/women/id02721/00424_id01783_wavtolip.npz,4.996754169464111,4.996754169464111,4.846336364746094,1
FakeVideo-FakeAudio/African/women/id02721/00424_id02071_wavtolip.npz,5.07461404800415,5.07461404800415,3.4265365600585938,1
FakeVideo-FakeAudio/African/women/id02721/00424_id02586_dEYzYDsbAeo_id04939_wavtolip.npz,5.744343280792236,5.744343280792236,4.407972812652588,1
FakeVideo-FakeAudio/African/women/id02721/00424_id02617_wavtolip.npz,6.055542469024658,6.055542469024658,4.809837341308594,1
FakeVideo-FakeAudio/African/women/id02721/00424_id02721_wavtolip.npz,5.603264331817627,5.603264331817627,4.804769515991211,1
FakeVideo-FakeAudio/African/women/id02721/00424_id02808_nZtvxh6Eesc_id00371_wavtolip.npz,5.986304759979248,5.986304759979248,4.703470230102539,1
FakeVideo-FakeAudio/African/women/id02721/00424_id02824_wavtolip.npz,5.894131183624268,5.894131183624268,4.650087833404541,1
FakeVideo-FakeAudio/African/women/id02721/00424_id02948__ZEDGNWjuFE_id05235_wavtolip.npz,6.157937526702881,6.157937526702881,4.724679470062256,1
FakeVideo-FakeAudio/African/women/id02721/00424_id03658_8Wtu9VXKqjY_faceswap_id00371_wavtolip.npz,5.765080451965332,5.765080451965332,4.714996337890625,1
FakeVideo-FakeAudio/African/women/id02721/00424_id03658_8Wtu9VXKqjY_faceswap_id02824_wavtolip.npz,5.8542609214782715,5.8542609214782715,4.642790794372559,1
FakeVideo-FakeAudio/African/women/id02721/00424_id03658_8Wtu9VXKqjY_faceswap_id02838_wavtolip.npz,2.6864867210388184,2.6864867210388184,4.847978591918945,1
FakeVideo-FakeAudio/African/women/id02721/00424_id03658_8Wtu9VXKqjY_faceswap_id02948_wavtolip.npz,3.844017505645752,3.844017505645752,4.548640727996826,1
FakeVideo-FakeAudio/African/women/id02721/00424_id03658_8Wtu9VXKqjY_faceswap_id04820_wavtolip.npz,5.16495943069458,5.16495943069458,4.6882500648498535,1
FakeVideo-FakeAudio/African/women/id02721/00424_id03658_8Wtu9VXKqjY_id02808_wavtolip.npz,4.2589497566223145,4.2589497566223145,4.844117641448975,1
FakeVideo-FakeAudio/African/women/id02721/00424_id03658_wavtolip.npz,6.014371395111084,6.014371395111084,4.835880279541016,1
FakeVideo-FakeAudio/African/women/id02721/00424_id04705_ziJ9JsYr4R0_id05980_wavtolip.npz,5.508203029632568,5.508203029632568,4.8620758056640625,1
FakeVideo-FakeAudio/African/women/id02721/00424_id05231_wfbM5puT6eQ_id00568_wavtolip.npz,5.292546272277832,5.292546272277832,4.815199851989746,1
FakeVideo-FakeAudio/African/women/id04547/00052_2_id00832_wavtolip.npz,5.532088279724121,5.532088279724121,4.4681925773620605,1
FakeVideo-FakeAudio/African/women/id04547/00052_2_id02617_wavtolip.npz,6.162095546722412,6.162095546722412,4.7839035987854,1
FakeVideo-FakeAudio/African/women/id04547/00052_2_id02808_wavtolip.npz,0.6000758409500122,0.6000758409500122,5.0979905128479,1
FakeVideo-FakeAudio/African/women/id04547/00052_2_id02824_wavtolip.npz,5.866757392883301,5.866757392883301,4.671263217926025,1
FakeVideo-FakeAudio/African/women/id04547/00052_2_id05251_wavtolip.npz,5.858787536621094,5.858787536621094,4.342840194702148,1
FakeVideo-FakeAudio/African/women/id04547/00052_id00568_wavtolip.npz,5.292274475097656,5.292274475097656,4.784342288970947,1
FakeVideo-FakeAudio/African/women/id04547/00052_id00829_aMEvVaUBq2Y_id04540_wavtolip.npz,5.9482550621032715,5.9482550621032715,4.160274505615234,1
FakeVideo-FakeAudio/African/women/id04547/00052_id00832_wavtolip.npz,5.845852851867676,5.845852851867676,4.47332239151001,1
FakeVideo-FakeAudio/African/women/id04547/00052_id01532_wavtolip.npz,6.094079494476318,6.094079494476318,4.7482452392578125,1
FakeVideo-FakeAudio/African/women/id04547/00052_id01783_wavtolip.npz,4.1466569900512695,4.1466569900512695,4.791253566741943,1
FakeVideo-FakeAudio/African/women/id04547/00052_id02586_dEYzYDsbAeo_id02586_wavtolip.npz,5.960676193237305,5.960676193237305,4.429543495178223,1
FakeVideo-FakeAudio/African/women/id04547/00052_id02721_wavtolip.npz,5.646347522735596,5.646347522735596,4.764262676239014,1
FakeVideo-FakeAudio/African/women/id04547/00052_id03103_wiCYm3THQPw_id00460_wavtolip.npz,1.6866248846054077,1.6866248846054077,4.786618709564209,1
FakeVideo-FakeAudio/African/women/id04547/00052_id03656_draVIyyqLtk_id02808_wavtolip.npz,1.2419801950454712,1.2419801950454712,4.8181586265563965,1
FakeVideo-FakeAudio/African/women/id04547/00052_id03713_wavtolip.npz,5.383908748626709,5.383908748626709,4.372319221496582,1
FakeVideo-FakeAudio/African/women/id04547/00052_id04374_SWltOOZmlWM_id04939_wavtolip.npz,5.527101993560791,5.527101993560791,4.375657081604004,1
FakeVideo-FakeAudio/African/women/id04547/00052_id04540_9KNIjew03AQ_id01661_wavtolip.npz,5.5682196617126465,5.5682196617126465,4.500829696655273,1
FakeVideo-FakeAudio/African/women/id04547/00052_id04540_wavtolip.npz,5.88984489440918,5.88984489440918,4.171520233154297,1
FakeVideo-FakeAudio/African/women/id04547/00052_id04689_wavtolip.npz,5.7835469245910645,5.7835469245910645,4.726263046264648,1
FakeVideo-FakeAudio/African/women/id00220/00027_id00220_wavtolip.npz,6.267653465270996,6.267653465270996,4.313895225524902,1
FakeVideo-FakeAudio/African/women/id00220/00027_id00707_wavtolip.npz,5.7994208335876465,5.7994208335876465,4.309236526489258,1
FakeVideo-FakeAudio/African/women/id00220/00027_id01178_6XpgYMiKxhc_id05235_wavtolip.npz,5.89564323425293,5.89564323425293,4.593291759490967,1
FakeVideo-FakeAudio/African/women/id00220/00027_id01907_LBcRkuRq0uY_id04705_wavtolip.npz,3.125946044921875,3.125946044921875,4.5588202476501465,1
FakeVideo-FakeAudio/African/women/id00220/00027_id02586_wavtolip.npz,5.662817001342773,5.662817001342773,4.473167419433594,1
FakeVideo-FakeAudio/African/women/id00220/00027_id02617_wavtolip.npz,5.726377964019775,5.726377964019775,4.654663562774658,1
FakeVideo-FakeAudio/African/women/id00220/00027_id02824_glBy_mYcXZw_id04437_wavtolip.npz,5.760580062866211,5.760580062866211,4.608465194702148,1
FakeVideo-FakeAudio/African/women/id00220/00027_id02838_wavtolip.npz,2.7279984951019287,2.7279984951019287,4.615488529205322,1
FakeVideo-FakeAudio/African/women/id00220/00027_id02948_wavtolip.npz,3.168050765991211,3.168050765991211,4.599170207977295,1
FakeVideo-FakeAudio/African/women/id00220/00027_id03569_YO0EpPm9p-8_id04376_wavtolip.npz,6.221218109130859,6.221218109130859,4.641406059265137,1
FakeVideo-FakeAudio/African/women/id00220/00027_id03569_wavtolip.npz,5.8106560707092285,5.8106560707092285,4.4278340339660645,1
FakeVideo-FakeAudio/African/women/id00220/00027_id03658_wavtolip.npz,5.964728355407715,5.964728355407715,4.600285053253174,1
FakeVideo-FakeAudio/African/women/id00220/00027_id04376_wavtolip.npz,6.159623622894287,6.159623622894287,4.650418281555176,1
FakeVideo-FakeAudio/African/women/id00220/00027_id04939_i4v2cXo9HIQ_id00707_wavtolip.npz,5.808366298675537,5.808366298675537,4.30930233001709,1
FakeVideo-FakeAudio/African/women/id00220/00027_id05251_wavtolip.npz,5.77323579788208,5.77323579788208,4.337153434753418,1
FakeVideo-FakeAudio/African/women/id00220/00027_id05252_wavtolip.npz,6.174050331115723,6.174050331115723,4.612342357635498,1
FakeVideo-FakeAudio/African/women/id04820/00015_id00220_wavtolip.npz,5.847898006439209,5.847898006439209,4.323065757751465,1
FakeVideo-FakeAudio/African/women/id04820/00015_id00359_wavtolip.npz,5.682278156280518,5.682278156280518,4.16917085647583,1
FakeVideo-FakeAudio/African/women/id04820/00015_id01178_wavtolip.npz,5.344614028930664,5.344614028930664,4.641985893249512,1
FakeVideo-FakeAudio/African/women/id04820/00015_id01783_wavtolip.npz,4.492943286895752,4.492943286895752,4.724724769592285,1
FakeVideo-FakeAudio/African/women/id04820/00015_id02617_wavtolip.npz,5.9859700202941895,5.9859700202941895,4.704741477966309,1
FakeVideo-FakeAudio/African/women/id04820/00015_id02824_wavtolip.npz,5.7856268882751465,5.7856268882751465,4.692083358764648,1
FakeVideo-FakeAudio/African/women/id04820/00015_id02948__ZEDGNWjuFE_faceswap_id00568_wavtolip.npz,3.8795697689056396,3.8795697689056396,4.713767051696777,1
FakeVideo-FakeAudio/African/women/id04820/00015_id02948__ZEDGNWjuFE_faceswap_id01783_wavtolip.npz,4.473409652709961,4.473409652709961,4.720656394958496,1
FakeVideo-FakeAudio/African/women/id04820/00015_id02948__ZEDGNWjuFE_faceswap_id02721_wavtolip.npz,5.320056438446045,5.320056438446045,4.675658226013184,1
FakeVideo-FakeAudio/African/women/id04820/00015_id02948__ZEDGNWjuFE_faceswap_id04376_wavtolip.npz,6.243774890899658,6.243774890899658,4.728610515594482,1
FakeVideo-FakeAudio/African/women/id04820/00015_id02948__ZEDGNWjuFE_faceswap_id04689_wavtolip.npz,5.7378153800964355,5.7378153800964355,4.647418022155762,1
FakeVideo-FakeAudio/African/women/id04820/00015_id02948__ZEDGNWjuFE_id04939_wavtolip.npz,5.459187984466553,5.459187984466553,4.402205467224121,1
FakeVideo-FakeAudio/African/women/id04820/00015_id03747_wavtolip.npz,1.8181781768798828,1.8181781768798828,4.701003551483154,1
FakeVideo-FakeAudio/African/women/id04820/00015_id04055_wavtolip.npz,5.668346405029297,5.668346405029297,4.293992042541504,1
FakeVideo-FakeAudio/African/women/id04820/00015_id05106_wavtolip.npz,3.5490400791168213,3.5490400791168213,4.565169334411621,1
FakeVideo-FakeAudio/African/women/id04736/00083_id00359_wavtolip.npz,5.721043109893799,5.721043109893799,4.171931743621826,1
FakeVideo-FakeAudio/African/women/id04736/00083_id01661_wavtolip.npz,5.571244716644287,5.571244716644287,4.484951019287109,1
FakeVideo-FakeAudio/African/women/id04736/00083_id02071_wavtolip.npz,5.0522236824035645,5.0522236824035645,3.4283530712127686,1
FakeVideo-FakeAudio/African/women/id04736/00083_id02508_wavtolip.npz,3.2346577644348145,3.2346577644348145,4.899983882904053,1
FakeVideo-FakeAudio/African/women/id04736/00083_id04055_wavtolip.npz,5.424709796905518,5.424709796905518,4.2704901695251465,1
FakeVideo-FakeAudio/African/women/id04736/00083_id04689_wavtolip.npz,5.926103115081787,5.926103115081787,4.793943881988525,1
FakeVideo-FakeAudio/African/women/id04736/00083_id05235_ASy8lP3SRtw_faceswap_id00592_wavtolip.npz,4.3944091796875,4.3944091796875,4.758533477783203,1
FakeVideo-FakeAudio/African/women/id04736/00083_id05235_ASy8lP3SRtw_faceswap_id01907_wavtolip.npz,2.884148597717285,2.884148597717285,4.711060047149658,1
FakeVideo-FakeAudio/African/women/id04736/00083_id05235_ASy8lP3SRtw_faceswap_id02721_wavtolip.npz,5.956666469573975,5.956666469573975,4.8062357902526855,1
FakeVideo-FakeAudio/African/women/id04736/00083_id05235_ASy8lP3SRtw_faceswap_id04245_wavtolip.npz,5.5479512214660645,5.5479512214660645,4.914597034454346,1
FakeVideo-FakeAudio/African/women/id04736/00083_id05235_ASy8lP3SRtw_id05231_wavtolip.npz,5.892232418060303,5.892232418060303,4.556814193725586,1
FakeVideo-FakeAudio/African/women/id04736/00083_id05251_wavtolip.npz,5.780165672302246,5.780165672302246,4.371248722076416,1
FakeVideo-FakeAudio/African/women/id04736/00083_id05252_wavtolip.npz,6.02845573425293,6.02845573425293,4.595392227172852,1
FakeVideo-FakeAudio/African/women/id04376/00181_id00220_WlHLlTQKj8g_id04547_wavtolip.npz,6.09174108505249,6.09174108505249,4.117620944976807,1
FakeVideo-FakeAudio/African/women/id04376/00181_id00220_wavtolip.npz,5.754137992858887,5.754137992858887,4.306146144866943,1
FakeVideo-FakeAudio/African/women/id04376/00181_id00829_aMEvVaUBq2Y_id02948_wavtolip.npz,3.166558265686035,3.166558265686035,4.512205123901367,1
FakeVideo-FakeAudio/African/women/id04376/00181_id00829_wavtolip.npz,5.801197052001953,5.801197052001953,4.754579067230225,1
FakeVideo-FakeAudio/African/women/id04376/00181_id01661_wavtolip.npz,5.537784099578857,5.537784099578857,4.487484455108643,1
FakeVideo-FakeAudio/African/women/id04376/00181_id01783_wavtolip.npz,4.495819568634033,4.495819568634033,4.742702007293701,1
FakeVideo-FakeAudio/African/women/id04376/00181_id02301_wavtolip.npz,5.66339635848999,5.66339635848999,4.459501266479492,1
FakeVideo-FakeAudio/African/women/id04376/00181_id02508_wavtolip.npz,3.9254469871520996,3.9254469871520996,4.775665283203125,1
FakeVideo-FakeAudio/African/women/id04376/00181_id02586_dEYzYDsbAeo_id05106_wavtolip.npz,3.6281373500823975,3.6281373500823975,4.593889236450195,1
FakeVideo-FakeAudio/African/women/id04376/00181_id02838_kaCQlSGlLe8_id05231_wavtolip.npz,6.033177852630615,6.033177852630615,4.5322065353393555,1
FakeVideo-FakeAudio/African/women/id04376/00181_id03656_wavtolip.npz,3.0209157466888428,3.0209157466888428,4.739447116851807,1
FakeVideo-FakeAudio/African/women/id04376/00181_id03658_8Wtu9VXKqjY_id02586_wavtolip.npz,5.687589168548584,5.687589168548584,4.448435306549072,1
FakeVideo-FakeAudio/African/women/id04376/00181_id04055_wavtolip.npz,5.36275053024292,5.36275053024292,4.294317245483398,1
FakeVideo-FakeAudio/African/women/id04376/00181_id04374_SWltOOZmlWM_id01838_wavtolip.npz,5.941059589385986,5.941059589385986,4.730649471282959,1
FakeVideo-FakeAudio/African/women/id04376/00181_id04437_2csrqaF55pk_faceswap_id00371_wavtolip.npz,5.57157564163208,5.57157564163208,4.69463586807251,1
FakeVideo-FakeAudio/African/women/id04376/00181_id04437_2csrqaF55pk_faceswap_id00460_wavtolip.npz,-3.352276086807251,-3.352276086807251,4.7741546630859375,1
FakeVideo-FakeAudio/African/women/id04376/00181_id04437_2csrqaF55pk_faceswap_id00577_wavtolip.npz,6.450550556182861,6.450550556182861,4.675228118896484,1
FakeVideo-FakeAudio/African/women/id04376/00181_id04437_2csrqaF55pk_faceswap_id01838_wavtolip.npz,5.967705726623535,5.967705726623535,4.73876953125,1
FakeVideo-FakeAudio/African/women/id04376/00181_id04437_2csrqaF55pk_faceswap_id02721_wavtolip.npz,5.63326358795166,5.63326358795166,4.746899604797363,1
FakeVideo-FakeAudio/African/women/id04376/00181_id05106_wavtolip.npz,3.659552812576294,3.659552812576294,4.562493324279785,1
FakeVideo-FakeAudio/African/women/id04374/00032_id00359_wavtolip.npz,5.710699558258057,5.710699558258057,4.2248215675354,1
FakeVideo-FakeAudio/African/women/id04374/00032_id00592_wavtolip.npz,2.706099033355713,2.706099033355713,4.766636848449707,1
FakeVideo-FakeAudio/African/women/id04374/00032_id00707_feeHCIlo6jg_id04055_wavtolip.npz,5.275360584259033,5.275360584259033,4.317934036254883,1
FakeVideo-FakeAudio/African/women/id04374/00032_id00832_wavtolip.npz,5.495014667510986,5.495014667510986,4.446269512176514,1
FakeVideo-FakeAudio/African/women/id04374/00032_id02617_wavtolip.npz,6.124105930328369,6.124105930328369,4.763362407684326,1
FakeVideo-FakeAudio/African/women/id04374/00032_id02721_wavtolip.npz,5.663691997528076,5.663691997528076,4.775047779083252,1
FakeVideo-FakeAudio/African/women/id04374/00032_id02824_wavtolip.npz,5.734755992889404,5.734755992889404,4.660923004150391,1
FakeVideo-FakeAudio/African/women/id04374/00032_id02838_kaCQlSGlLe8_id01783_wavtolip.npz,5.62710428237915,5.62710428237915,4.867971897125244,1
FakeVideo-FakeAudio/African/women/id04374/00032_id03656_draVIyyqLtk_id04437_wavtolip.npz,5.594521522521973,5.594521522521973,4.600832462310791,1
FakeVideo-FakeAudio/African/women/id04374/00032_id04547_3Qy2g2M47Aw_id02301_wavtolip.npz,5.651700019836426,5.651700019836426,4.395103931427002,1
FakeVideo-FakeAudio/African/women/id04374/00032_id04689_0YqK1ksKjLg_faceswap_id00371_wavtolip.npz,5.765192985534668,5.765192985534668,4.744062900543213,1
FakeVideo-FakeAudio/African/women/id04374/00032_id04689_0YqK1ksKjLg_faceswap_id01532_wavtolip.npz,5.912447452545166,5.912447452545166,4.741264820098877,1
FakeVideo-FakeAudio/African/women/id04374/00032_id04689_0YqK1ksKjLg_faceswap_id04689_wavtolip.npz,5.773255825042725,5.773255825042725,4.8643364906311035,1
FakeVideo-FakeAudio/African/women/id04374/00032_id04689_0YqK1ksKjLg_faceswap_id05231_wavtolip.npz,5.36207914352417,5.36207914352417,4.54889440536499,1
FakeVideo-FakeAudio/African/women/id04374/00032_id04820_wavtolip.npz,5.069138050079346,5.069138050079346,4.688993453979492,1
FakeVideo-FakeAudio/African/women/id04374/00032_id04939_wavtolip.npz,5.623725414276123,5.623725414276123,4.406069755554199,1
FakeVideo-FakeAudio/African/women/id04374/00032_id05106_wavtolip.npz,3.6353800296783447,3.6353800296783447,4.541711330413818,1
FakeVideo-FakeAudio/African/women/id04374/00032_id05231_wfbM5puT6eQ_id03569_wavtolip.npz,5.810096263885498,5.810096263885498,4.407801628112793,1
FakeVideo-FakeAudio/African/women/id02824/00130_id00359_wavtolip.npz,5.794027328491211,5.794027328491211,4.213569164276123,1
FakeVideo-FakeAudio/African/women/id02824/00130_id00568_wavtolip.npz,5.276185512542725,5.276185512542725,4.774784564971924,1
FakeVideo-FakeAudio/African/women/id02824/00130_id00829_wavtolip.npz,5.877123832702637,5.877123832702637,4.786896705627441,1
FakeVideo-FakeAudio/African/women/id02824/00130_id00832_Jr4-dXRChME_id04939_wavtolip.npz,5.484415531158447,5.484415531158447,4.379705905914307,1
FakeVideo-FakeAudio/African/women/id02824/00130_id00832_wavtolip.npz,5.608578205108643,5.608578205108643,4.444028854370117,1
FakeVideo-FakeAudio/African/women/id02824/00130_id01532_wavtolip.npz,5.878000736236572,5.878000736236572,4.753836154937744,1
FakeVideo-FakeAudio/African/women/id02824/00130_id01661_SdP_Monh-_4_id00568_wavtolip.npz,5.209757328033447,5.209757328033447,4.793484687805176,1
FakeVideo-FakeAudio/African/women/id02824/00130_id02301_wavtolip.npz,5.766860485076904,5.766860485076904,4.412613868713379,1
FakeVideo-FakeAudio/African/women/id02824/00130_id02824_wavtolip.npz,5.8661956787109375,5.8661956787109375,4.692492485046387,1
FakeVideo-FakeAudio/African/women/id02824/00130_id03656_draVIyyqLtk_id04437_wavtolip.npz,5.780037879943848,5.780037879943848,4.6208882331848145,1
FakeVideo-FakeAudio/African/women/id02824/00130_id03747_wQOOhZvnrq4_faceswap_id01783_wavtolip.npz,4.180920600891113,4.180920600891113,4.815555572509766,1
FakeVideo-FakeAudio/African/women/id02824/00130_id03747_wQOOhZvnrq4_faceswap_id02617_wavtolip.npz,6.155067443847656,6.155067443847656,4.796705722808838,1
FakeVideo-FakeAudio/African/women/id02824/00130_id03747_wQOOhZvnrq4_faceswap_id04245_wavtolip.npz,5.954110622406006,5.954110622406006,4.777784824371338,1
FakeVideo-FakeAudio/African/women/id02824/00130_id03747_wQOOhZvnrq4_faceswap_id05106_wavtolip.npz,3.694633722305298,3.694633722305298,4.596410274505615,1
FakeVideo-FakeAudio/African/women/id02824/00130_id03747_wQOOhZvnrq4_faceswap_id05231_wavtolip.npz,5.502749443054199,5.502749443054199,4.547292232513428,1
FakeVideo-FakeAudio/African/women/id02824/00130_id03747_wQOOhZvnrq4_id03713_wavtolip.npz,5.5196852684021,5.5196852684021,4.364779472351074,1
FakeVideo-FakeAudio/African/women/id02824/00130_id04437_wavtolip.npz,5.7403883934021,5.7403883934021,4.595505237579346,1
FakeVideo-FakeAudio/African/women/id02824/00130_id04705_ziJ9JsYr4R0_id02948_wavtolip.npz,3.250446319580078,3.250446319580078,4.5444793701171875,1
FakeVideo-FakeAudio/African/women/id02824/00130_id05106_wavtolip.npz,3.6729276180267334,3.6729276180267334,4.5896711349487305,1
FakeVideo-FakeAudio/African/women/id02824/00130_id05231_wfbM5puT6eQ_id02721_wavtolip.npz,5.589310169219971,5.589310169219971,4.738079071044922,1
FakeVideo-FakeAudio/African/women/id02824/00130_id05252_CMxIX3absYM_id02721_wavtolip.npz,5.606220245361328,5.606220245361328,4.746729850769043,1
FakeVideo-FakeAudio/African/women/id02824/00130_id05252_wavtolip.npz,6.385177135467529,6.385177135467529,4.603058815002441,1
FakeVideo-RealAudio/African/men/id01835/00130_id00173_UHoMXLSjlDo.npz,-9.379692077636719,-9.379692077636719,5.318724632263184,1
FakeVideo-RealAudio/African/men/id01835/00130_id00366_RSOgEoek8WM.npz,-9.380765914916992,-9.380765914916992,5.304040908813477,1
FakeVideo-RealAudio/African/men/id01835/00130_id00366_wavtolip.npz,-9.147140502929688,-9.147140502929688,5.278228282928467,1
FakeVideo-RealAudio/African/men/id01835/00130_id00475_wavtolip.npz,-9.277422904968262,-9.277422904968262,5.267976760864258,1
FakeVideo-RealAudio/African/men/id01835/00130_id00476_wavtolip.npz,5.3045268058776855,5.3045268058776855,5.313135623931885,1
FakeVideo-RealAudio/African/men/id01835/00130_id00518_wavtolip.npz,-9.918977737426758,-9.918977737426758,4.749908924102783,1
FakeVideo-RealAudio/African/men/id01835/00130_id00701_lW6uzLIOwd0.npz,-9.386394500732422,-9.386394500732422,5.322542190551758,1
FakeVideo-RealAudio/African/men/id01835/00130_id00761_QtTNFhCCgzw.npz,-9.390497207641602,-9.390497207641602,5.32185173034668,1
FakeVideo-RealAudio/African/men/id01835/00130_id00761_QtTNFhCCgzw_faceswap.npz,-9.344398498535156,-9.344398498535156,5.3144731521606445,1
FakeVideo-RealAudio/African/men/id01835/00130_id00830_rfl3Teg9uew.npz,-9.380517959594727,-9.380517959594727,5.314922332763672,1
FakeVideo-RealAudio/African/men/id01835/00130_id00944_DiW5D62667U.npz,-9.381857872009277,-9.381857872009277,5.316064357757568,1
FakeVideo-RealAudio/African/men/id01835/00130_id01036_AohKaMtIHxA.npz,-9.356539726257324,-9.356539726257324,5.303742408752441,1
FakeVideo-RealAudio/African/men/id01835/00130_id01076_wavtolip.npz,3.956717014312744,3.956717014312744,4.736481666564941,1
FakeVideo-RealAudio/African/men/id01835/00130_id01171_wavtolip.npz,-9.949392318725586,-9.949392318725586,4.7028489112854,1
FakeVideo-RealAudio/African/men/id01835/00130_id01528_wavtolip.npz,-9.599929809570312,-9.599929809570312,5.042627334594727,1
FakeVideo-RealAudio/African/men/id01835/00130_id01920_wavtolip.npz,-9.603464126586914,-9.603464126586914,5.073848247528076,1
FakeVideo-RealAudio/African/men/id01835/00130_id02005_wavtolip.npz,-9.069252967834473,-9.069252967834473,4.77528190612793,1
FakeVideo-RealAudio/African/men/id01835/00130_id02268_irA9myDvW-I.npz,-9.36512565612793,-9.36512565612793,5.296253204345703,1
FakeVideo-RealAudio/African/men/id01835/00130_id02342_wavtolip.npz,3.7757670879364014,3.7757670879364014,5.009195327758789,1
FakeVideo-RealAudio/African/men/id02040/00476_id00391_TjJgUZaenWI.npz,-9.925358772277832,-9.925358772277832,4.644690036773682,1
FakeVideo-RealAudio/African/men/id02040/00476_id00391_wavtolip.npz,1.17906653881073,1.17906653881073,4.639219284057617,1
FakeVideo-RealAudio/African/men/id02040/00476_id00478_wavtolip.npz,-9.969895362854004,-9.969895362854004,4.632672309875488,1
FakeVideo-RealAudio/African/men/id02040/00476_id01179_wavtolip.npz,-9.967606544494629,-9.967606544494629,4.660455226898193,1
FakeVideo-RealAudio/African/men/id02040/00476_id01392_fF-g0KFJ7lg.npz,-9.904272079467773,-9.904272079467773,4.657105445861816,1
FakeVideo-RealAudio/African/men/id02040/00476_id01530_8kiAt_4gQGI.npz,-9.849712371826172,-9.849712371826172,4.6500749588012695,1
FakeVideo-RealAudio/African/men/id02040/00476_id01530_wavtolip.npz,-9.329370498657227,-9.329370498657227,4.6438493728637695,1
FakeVideo-RealAudio/African/men/id02040/00476_id01598_wavtolip.npz,2.303668975830078,2.303668975830078,4.616229057312012,1
FakeVideo-RealAudio/African/men/id02040/00476_id01637_wavtolip.npz,-9.998004913330078,-9.998004913330078,4.650883674621582,1
FakeVideo-RealAudio/African/men/id02040/00476_id01691_IVtS5z8Jrrk.npz,-9.926870346069336,-9.926870346069336,4.649359703063965,1
FakeVideo-RealAudio/African/men/id02040/00476_id01691_wavtolip.npz,-10.021947860717773,-10.021947860717773,4.621772289276123,1
FakeVideo-RealAudio/African/men/id02040/00476_id01933_wavtolip.npz,-9.915719985961914,-9.915719985961914,4.648100852966309,1
FakeVideo-RealAudio/African/men/id02040/00476_id02040_wavtolip.npz,-9.940614700317383,-9.940614700317383,4.644191741943359,1
FakeVideo-RealAudio/African/men/id02040/00476_id02296_wavtolip.npz,-6.630675315856934,-6.630675315856934,4.634764194488525,1
FakeVideo-RealAudio/African/men/id01392/00167_1.npz,-9.923649787902832,-9.923649787902832,4.64335823059082,1
FakeVideo-RealAudio/African/men/id01392/00167_2.npz,-1.5283567905426025,-1.5283567905426025,4.804964542388916,1
FakeVideo-RealAudio/African/men/id01392/00167_3.npz,-6.837826251983643,-6.837826251983643,4.956266403198242,1
FakeVideo-RealAudio/African/men/id01392/00167_id00391_TjJgUZaenWI.npz,-9.235204696655273,-9.235204696655273,5.368768692016602,1
FakeVideo-RealAudio/African/men/id01392/00167_id00478_wavtolip.npz,-9.31559944152832,-9.31559944152832,5.366859436035156,1
FakeVideo-RealAudio/African/men/id01392/00167_id00701_lW6uzLIOwd0.npz,2.321397066116333,2.321397066116333,5.34922981262207,1
FakeVideo-RealAudio/African/men/id01392/00167_id00987_wavtolip.npz,-9.369094848632812,-9.369094848632812,5.298981189727783,1
FakeVideo-RealAudio/African/men/id01392/00167_id01170_7eoTTk4xyNo.npz,-9.22706413269043,-9.22706413269043,5.361896514892578,1
FakeVideo-RealAudio/African/men/id01392/00167_id01171_wavtolip.npz,-9.840094566345215,-9.840094566345215,4.727161884307861,1
FakeVideo-RealAudio/African/men/id01392/00167_id01179_RnqLJMrWELw.npz,-2.530748128890991,-2.530748128890991,5.361233711242676,1
FakeVideo-RealAudio/African/men/id01392/00167_id01207_mt129WTRSII.npz,-9.255304336547852,-9.255304336547852,5.347142696380615,1
FakeVideo-RealAudio/African/men/id01392/00167_id01236_wavtolip.npz,-9.192926406860352,-9.192926406860352,4.54525089263916,1
FakeVideo-RealAudio/African/men/id01392/00167_id01392_wavtolip.npz,-9.314939498901367,-9.314939498901367,5.335384845733643,1
FakeVideo-RealAudio/African/men/id01392/00167_id01530_wavtolip.npz,-8.601720809936523,-8.601720809936523,4.685549259185791,1
FakeVideo-RealAudio/African/men/id01392/00167_id01597_52WEZxe4_GE.npz,3.9871182441711426,3.9871182441711426,5.360043048858643,1
FakeVideo-RealAudio/African/men/id01392/00167_id01598_wavtolip.npz,-9.785112380981445,-9.785112380981445,4.748855113983154,1
FakeVideo-RealAudio/African/men/id01392/00167_id01691_wavtolip.npz,-9.330440521240234,-9.330440521240234,5.321450233459473,1
FakeVideo-RealAudio/African/men/id01392/00167_id01920_w9C_knCPD94.npz,-9.252145767211914,-9.252145767211914,5.3517656326293945,1
FakeVideo-RealAudio/African/men/id01392/00167_id01933_wavtolip.npz,-9.771195411682129,-9.771195411682129,4.801938056945801,1
FakeVideo-RealAudio/African/men/id01392/00167_id02268_wavtolip.npz,-9.51789665222168,-9.51789665222168,5.174365043640137,1
FakeVideo-RealAudio/African/men/id01392/00167_id02494_lObg47hQleE.npz,-9.272368431091309,-9.272368431091309,5.3572611808776855,1
FakeVideo-RealAudio/African/men/id01717/00005_0.npz,-9.79385757446289,-9.79385757446289,4.737092971801758,1
FakeVideo-RealAudio/African/men/id01717/00005_id00366_RSOgEoek8WM.npz,-9.848244667053223,-9.848244667053223,4.676039695739746,1
FakeVideo-RealAudio/African/men/id01717/00005_id00518_wavtolip.npz,-9.931123733520508,-9.931123733520508,4.683845520019531,1
FakeVideo-RealAudio/African/men/id01717/00005_id00701_lW6uzLIOwd0.npz,-9.893781661987305,-9.893781661987305,4.715903282165527,1
FakeVideo-RealAudio/African/men/id01717/00005_id00701_wavtolip.npz,1.959128499031067,1.959128499031067,4.7033209800720215,1
FakeVideo-RealAudio/African/men/id01717/00005_id00987_wavtolip.npz,-9.44336986541748,-9.44336986541748,4.697084426879883,1
FakeVideo-RealAudio/African/men/id01717/00005_id01036_wavtolip.npz,3.76118540763855,3.76118540763855,4.6921610832214355,1
FakeVideo-RealAudio/African/men/id01717/00005_id01076_9bqxgm5fT58.npz,-9.876221656799316,-9.876221656799316,4.725738048553467,1
FakeVideo-RealAudio/African/men/id01717/00005_id01076_wavtolip.npz,-9.161471366882324,-9.161471366882324,4.7299723625183105,1
FakeVideo-RealAudio/African/men/id01717/00005_id01171_wavtolip.npz,-9.927841186523438,-9.927841186523438,4.720597267150879,1
FakeVideo-RealAudio/African/men/id01717/00005_id01452_4MqeoSxSy3w.npz,-9.834077835083008,-9.834077835083008,4.705295085906982,1
FakeVideo-RealAudio/African/men/id01717/00005_id01528_wavtolip.npz,-9.905643463134766,-9.905643463134766,4.704529285430908,1
FakeVideo-RealAudio/African/men/id01717/00005_id01637_wavtolip.npz,-9.96329402923584,-9.96329402923584,4.701111793518066,1
FakeVideo-RealAudio/African/men/id01717/00005_id01920_w9C_knCPD94.npz,-4.37545108795166,-4.37545108795166,4.727276802062988,1
FakeVideo-RealAudio/African/men/id01717/00005_id02005_7_Egh9mW5y4.npz,-9.85943603515625,-9.85943603515625,4.704500675201416,1
FakeVideo-RealAudio/African/men/id01717/00005_id02005_7_Egh9mW5y4_faceswap.npz,-9.126269340515137,-9.126269340515137,4.717596530914307,1
FakeVideo-RealAudio/African/men/id01717/00005_id02051_wavtolip.npz,-0.10718366503715515,-0.10718366503715515,4.681972026824951,1
FakeVideo-RealAudio/African/men/id01717/00005_id02316_yrrNcmZ-xmI.npz,-9.842606544494629,-9.842606544494629,4.698378562927246,1
FakeVideo-RealAudio/African/men/id01717/00005_id02342_wavtolip.npz,4.2770256996154785,4.2770256996154785,4.663652420043945,1
FakeVideo-RealAudio/African/men/id01779/00010_0.npz,-8.810192108154297,-8.810192108154297,5.396519660949707,1
FakeVideo-RealAudio/African/men/id01779/00010_id00173_wavtolip.npz,-8.470273971557617,-8.470273971557617,4.989882469177246,1
FakeVideo-RealAudio/African/men/id01779/00010_id00366_wavtolip.npz,-9.473468780517578,-9.473468780517578,4.9561920166015625,1
FakeVideo-RealAudio/African/men/id01779/00010_id00701_lW6uzLIOwd0.npz,-4.024181842803955,-4.024181842803955,4.978005409240723,1
FakeVideo-RealAudio/African/men/id01779/00010_id00701_wavtolip.npz,-8.521507263183594,-8.521507263183594,4.9665350914001465,1
FakeVideo-RealAudio/African/men/id01779/00010_id00987_wavtolip.npz,-9.725016593933105,-9.725016593933105,4.981205940246582,1
FakeVideo-RealAudio/African/men/id01779/00010_id01036_AohKaMtIHxA.npz,-3.8411355018615723,-3.8411355018615723,4.956043720245361,1
FakeVideo-RealAudio/African/men/id01779/00010_id01036_wavtolip.npz,-9.261787414550781,-9.261787414550781,5.02860689163208,1
FakeVideo-RealAudio/African/men/id01779/00010_id01171_XSINMRoTb0E.npz,-4.020279407501221,-4.020279407501221,4.981112957000732,1
FakeVideo-RealAudio/African/men/id01779/00010_id01171_wavtolip.npz,-9.928305625915527,-9.928305625915527,4.717711925506592,1
FakeVideo-RealAudio/African/men/id01779/00010_id01179_wavtolip.npz,-9.84874439239502,-9.84874439239502,4.785821914672852,1
FakeVideo-RealAudio/African/men/id01779/00010_id01392_wavtolip.npz,-9.674689292907715,-9.674689292907715,4.94127082824707,1
FakeVideo-RealAudio/African/men/id01779/00010_id01637_5VjcPZm8knM.npz,-3.227351188659668,-3.227351188659668,4.989095687866211,1
FakeVideo-RealAudio/African/men/id01779/00010_id01691_IVtS5z8Jrrk.npz,-4.239931583404541,-4.239931583404541,4.957102298736572,1
FakeVideo-RealAudio/African/men/id01779/00010_id01691_IVtS5z8Jrrk_faceswap.npz,-2.672987937927246,-2.672987937927246,4.976585388183594,1
FakeVideo-RealAudio/African/men/id01779/00010_id01856_6Q2f3b1QNRM.npz,-3.7495689392089844,-3.7495689392089844,4.993368625640869,1
FakeVideo-RealAudio/African/men/id01779/00010_id01933_wavtolip.npz,-9.797645568847656,-9.797645568847656,4.779818534851074,1
FakeVideo-RealAudio/African/men/id01779/00010_id02268_irA9myDvW-I.npz,-4.06340217590332,-4.06340217590332,4.960245132446289,1
FakeVideo-RealAudio/African/men/id01779/00010_id02494_lObg47hQleE.npz,-4.174432277679443,-4.174432277679443,4.957871913909912,1
FakeVideo-RealAudio/African/men/id01779/00010_id04727_wavtolip.npz,-9.963827133178711,-9.963827133178711,4.584726810455322,1
FakeVideo-RealAudio/African/men/id01179/00160_id00076_wavtolip.npz,-9.869804382324219,-9.869804382324219,4.771554946899414,1
FakeVideo-RealAudio/African/men/id01179/00160_id00166_PQV2ZbJBLNk.npz,3.3962972164154053,3.3962972164154053,4.792745113372803,1
FakeVideo-RealAudio/African/men/id01179/00160_id00166_wavtolip.npz,-9.846531867980957,-9.846531867980957,4.7801361083984375,1
FakeVideo-RealAudio/African/men/id01179/00160_id00366_wavtolip.npz,3.6122143268585205,3.6122143268585205,4.774533748626709,1
FakeVideo-RealAudio/African/men/id01179/00160_id00391_TjJgUZaenWI.npz,-9.659603118896484,-9.659603118896484,4.79717493057251,1
FakeVideo-RealAudio/African/men/id01179/00160_id00391_wavtolip.npz,-9.826751708984375,-9.826751708984375,4.7695465087890625,1
FakeVideo-RealAudio/African/men/id01179/00160_id00476_UgdYVJ6xPYg.npz,-2.0760812759399414,-2.0760812759399414,4.809897422790527,1
FakeVideo-RealAudio/African/men/id01179/00160_id00987_wavtolip.npz,-9.84829330444336,-9.84829330444336,4.792746543884277,1
FakeVideo-RealAudio/African/men/id01179/00160_id01170_7eoTTk4xyNo.npz,-2.1512157917022705,-2.1512157917022705,4.806081295013428,1
FakeVideo-RealAudio/African/men/id01179/00160_id01179_wavtolip.npz,-9.632587432861328,-9.632587432861328,4.7813720703125,1
FakeVideo-RealAudio/African/men/id01179/00160_id01207_mt129WTRSII.npz,-9.645966529846191,-9.645966529846191,4.798667907714844,1
FakeVideo-RealAudio/African/men/id01179/00160_id01236_wavtolip.npz,-8.382140159606934,-8.382140159606934,4.534693241119385,1
FakeVideo-RealAudio/African/men/id01179/00160_id01544_wavtolip.npz,-10.066177368164062,-10.066177368164062,4.5904645919799805,1
FakeVideo-RealAudio/African/men/id01179/00160_id01637_5VjcPZm8knM.npz,3.3102636337280273,3.3102636337280273,4.786911964416504,1
FakeVideo-RealAudio/African/men/id01179/00160_id01920_wavtolip.npz,1.3497049808502197,1.3497049808502197,4.7370100021362305,1
FakeVideo-RealAudio/African/men/id01179/00160_id02005_7_Egh9mW5y4.npz,3.288830041885376,3.288830041885376,4.806519508361816,1
FakeVideo-RealAudio/African/men/id01179/00160_id02005_7_Egh9mW5y4_faceswap.npz,-9.793634414672852,-9.793634414672852,4.753727912902832,1
FakeVideo-RealAudio/African/men/id01179/00160_id02040_wavtolip.npz,-9.965760231018066,-9.965760231018066,4.628112316131592,1
FakeVideo-RealAudio/African/men/id01179/00160_id02342_RJPBPhJB8TA.npz,3.5734457969665527,3.5734457969665527,4.815178394317627,1
FakeVideo-RealAudio/African/men/id01528/00017_id00166_wavtolip.npz,-5.324963569641113,-5.324963569641113,5.033243179321289,1
FakeVideo-RealAudio/African/men/id01528/00017_id00478_wavtolip.npz,4.643510818481445,4.643510818481445,5.049540042877197,1
FakeVideo-RealAudio/African/men/id01528/00017_id00518_qm7oQcDg4oI.npz,-9.551149368286133,-9.551149368286133,5.084517955780029,1
FakeVideo-RealAudio/African/men/id01528/00017_id00518_wavtolip.npz,-9.952052116394043,-9.952052116394043,4.737116813659668,1
FakeVideo-RealAudio/African/men/id01528/00017_id00944_DiW5D62667U.npz,-9.548136711120605,-9.548136711120605,5.075461387634277,1
FakeVideo-RealAudio/African/men/id01528/00017_id01076_wavtolip.npz,-9.92902660369873,-9.92902660369873,4.735361576080322,1
FakeVideo-RealAudio/African/men/id01528/00017_id01207_mt129WTRSII.npz,-9.566997528076172,-9.566997528076172,5.090332508087158,1
FakeVideo-RealAudio/African/men/id01528/00017_id01236_7WdumGR5-JM.npz,-9.55066967010498,-9.55066967010498,5.075109958648682,1
FakeVideo-RealAudio/African/men/id01528/00017_id01392_wavtolip.npz,-9.55827522277832,-9.55827522277832,5.045519828796387,1
FakeVideo-RealAudio/African/men/id01528/00017_id01452_4MqeoSxSy3w.npz,-9.528667449951172,-9.528667449951172,5.094358444213867,1
FakeVideo-RealAudio/African/men/id01528/00017_id01452_4MqeoSxSy3w_faceswap.npz,-9.56716251373291,-9.56716251373291,5.052634239196777,1
FakeVideo-RealAudio/African/men/id01528/00017_id01528_wavtolip.npz,-9.549521446228027,-9.549521446228027,5.0361328125,1
FakeVideo-RealAudio/African/men/id01528/00017_id01597_52WEZxe4_GE.npz,-9.545541763305664,-9.545541763305664,5.073188781738281,1
FakeVideo-RealAudio/African/men/id01528/00017_id01779_wavtolip.npz,-3.2966384887695312,-3.2966384887695312,4.97869873046875,1
FakeVideo-RealAudio/African/men/id01528/00017_id01835_wavtolip.npz,-1.4952349662780762,-1.4952349662780762,5.081542015075684,1
FakeVideo-RealAudio/African/men/id01528/00017_id01920_wavtolip.npz,-9.594706535339355,-9.594706535339355,5.053625106811523,1
FakeVideo-RealAudio/African/men/id01528/00017_id01933_I5XXxgK7QpE.npz,-9.530132293701172,-9.530132293701172,5.084578514099121,1
FakeVideo-RealAudio/African/men/id01528/00017_id01972_hBYoeQTm8ZQ.npz,-9.544086456298828,-9.544086456298828,5.069746017456055,1
FakeVideo-RealAudio/African/men/id01528/00017_id02268_wavtolip.npz,-9.609476089477539,-9.609476089477539,5.055789947509766,1
FakeVideo-RealAudio/African/men/id00076/00109_1.npz,-9.252496719360352,-9.252496719360352,5.346409797668457,1
FakeVideo-RealAudio/African/men/id00076/00109_10.npz,-8.296415328979492,-8.296415328979492,4.682291030883789,1
FakeVideo-RealAudio/African/men/id00076/00109_11.npz,-8.656159400939941,-8.656159400939941,5.708160877227783,1
FakeVideo-RealAudio/African/men/id00076/00109_12.npz,-9.803184509277344,-9.803184509277344,4.599452972412109,1
FakeVideo-RealAudio/African/men/id00076/00109_2.npz,-9.887185096740723,-9.887185096740723,4.639326572418213,1
FakeVideo-RealAudio/African/men/id00076/00109_3.npz,-9.379339218139648,-9.379339218139648,4.793623924255371,1
FakeVideo-RealAudio/African/men/id00076/00109_4.npz,-7.482083797454834,-7.482083797454834,4.974429130554199,1
FakeVideo-RealAudio/African/men/id00076/00109_6.npz,-9.755348205566406,-9.755348205566406,4.820425033569336,1
FakeVideo-RealAudio/African/men/id00076/00109_7.npz,-9.688257217407227,-9.688257217407227,4.966168403625488,1
FakeVideo-RealAudio/African/men/id00076/00109_8.npz,-3.174429178237915,-3.174429178237915,4.850386142730713,1
FakeVideo-RealAudio/African/men/id00076/00109_9.npz,-1.4385769367218018,-1.4385769367218018,4.602040767669678,1
FakeVideo-RealAudio/African/men/id00076/00109_id00166_wavtolip.npz,-9.602863311767578,-9.602863311767578,5.03806209564209,1
FakeVideo-RealAudio/African/men/id00076/00109_id00173_UHoMXLSjlDo.npz,-5.052209854125977,-5.052209854125977,5.5196428298950195,1
FakeVideo-RealAudio/African/men/id00076/00109_id00366_RSOgEoek8WM.npz,-9.135980606079102,-9.135980606079102,5.5213847160339355,1
FakeVideo-RealAudio/African/men/id00076/00109_id00475_wavtolip.npz,3.4577248096466064,3.4577248096466064,5.371516227722168,1
FakeVideo-RealAudio/African/men/id00076/00109_id00761_wavtolip.npz,-9.469253540039062,-9.469253540039062,5.266088008880615,1
FakeVideo-RealAudio/African/men/id00076/00109_id00830_rfl3Teg9uew.npz,-9.157075881958008,-9.157075881958008,5.514142990112305,1
FakeVideo-RealAudio/African/men/id00076/00109_id01036_AohKaMtIHxA.npz,-8.553118705749512,-8.553118705749512,5.536678314208984,1
FakeVideo-RealAudio/African/men/id00076/00109_id01076_wavtolip.npz,-9.920645713806152,-9.920645713806152,4.718925476074219,1
FakeVideo-RealAudio/African/men/id00076/00109_id01207_mt129WTRSII.npz,-9.184463500976562,-9.184463500976562,5.52703857421875,1
FakeVideo-RealAudio/African/men/id00076/00109_id01544_uBo9585VW2A.npz,-9.133968353271484,-9.133968353271484,5.514196872711182,1
FakeVideo-RealAudio/African/men/id00076/00109_id01544_wavtolip.npz,-10.049750328063965,-10.049750328063965,4.58612585067749,1
FakeVideo-RealAudio/African/men/id00076/00109_id01597_wavtolip.npz,-9.70921516418457,-9.70921516418457,4.941041469573975,1
FakeVideo-RealAudio/African/men/id00076/00109_id01717_wavtolip.npz,-9.964676856994629,-9.964676856994629,4.705946922302246,1
FakeVideo-RealAudio/African/men/id00076/00109_id01972_wavtolip.npz,-6.7986907958984375,-6.7986907958984375,4.682320594787598,1
FakeVideo-RealAudio/African/men/id00076/00109_id01995_YUR9wTypwIo.npz,-9.144880294799805,-9.144880294799805,5.547592639923096,1
FakeVideo-RealAudio/African/men/id00076/00109_id02005_7_Egh9mW5y4.npz,-7.496942520141602,-7.496942520141602,5.518306732177734,1
FakeVideo-RealAudio/African/men/id00076/00109_id02296_wavtolip.npz,-9.055238723754883,-9.055238723754883,4.8079729080200195,1
FakeVideo-RealAudio/African/men/id00076/00109_id02342_RJPBPhJB8TA.npz,-9.169639587402344,-9.169639587402344,5.528249740600586,1
FakeVideo-RealAudio/African/men/id00076/00109_id02342_wavtolip.npz,-9.578959465026855,-9.578959465026855,5.01188325881958,1
FakeVideo-RealAudio/African/men/id00076/00109_id04727_AAnyugIAXao.npz,-9.097987174987793,-9.097987174987793,5.536638259887695,1
FakeVideo-RealAudio/African/men/id02268/00036_id00475_wavtolip.npz,3.9436583518981934,3.9436583518981934,5.148582935333252,1
FakeVideo-RealAudio/African/men/id02268/00036_id00478_wavtolip.npz,-9.488859176635742,-9.488859176635742,5.198627948760986,1
FakeVideo-RealAudio/African/men/id02268/00036_id00830_wavtolip.npz,-9.503776550292969,-9.503776550292969,5.1850080490112305,1
FakeVideo-RealAudio/African/men/id02268/00036_id01036_wavtolip.npz,-9.341129302978516,-9.341129302978516,5.2085089683532715,1
FakeVideo-RealAudio/African/men/id02268/00036_id01236_7WdumGR5-JM.npz,-9.45982837677002,-9.45982837677002,5.20506477355957,1
FakeVideo-RealAudio/African/men/id02268/00036_id01452_wavtolip.npz,-8.34920597076416,-8.34920597076416,4.748446464538574,1
FakeVideo-RealAudio/African/men/id02268/00036_id01521_jthjSmLdLOg.npz,-9.468143463134766,-9.468143463134766,5.201869964599609,1
FakeVideo-RealAudio/African/men/id02268/00036_id01521_wavtolip.npz,-9.964336395263672,-9.964336395263672,4.615870475769043,1
FakeVideo-RealAudio/African/men/id02268/00036_id01528_wavtolip.npz,-7.08107328414917,-7.08107328414917,5.039309024810791,1
FakeVideo-RealAudio/African/men/id02268/00036_id01610_wavtolip.npz,-9.614015579223633,-9.614015579223633,5.035417556762695,1
FakeVideo-RealAudio/African/men/id02268/00036_id01691_IVtS5z8Jrrk.npz,-9.476701736450195,-9.476701736450195,5.197087287902832,1
FakeVideo-RealAudio/African/men/id02268/00036_id01717_wavtolip.npz,-9.928926467895508,-9.928926467895508,4.666380882263184,1
FakeVideo-RealAudio/African/men/id02268/00036_id01779_wavtolip.npz,-5.62973165512085,-5.62973165512085,4.942302703857422,1
FakeVideo-RealAudio/African/men/id02268/00036_id01835_UZbWA0QfXXA.npz,-9.464493751525879,-9.464493751525879,5.199617862701416,1
FakeVideo-RealAudio/African/men/id02268/00036_id01856_6Q2f3b1QNRM.npz,-9.471122741699219,-9.471122741699219,5.203030586242676,1
FakeVideo-RealAudio/African/men/id02268/00036_id02296_IAgOrCuY8vU.npz,-9.462953567504883,-9.462953567504883,5.196048259735107,1
FakeVideo-RealAudio/African/men/id02268/00036_id02494_lObg47hQleE.npz,-9.470815658569336,-9.470815658569336,5.21082878112793,1
FakeVideo-RealAudio/African/men/id01170/00021_id00173_wavtolip.npz,-8.770478248596191,-8.770478248596191,5.009760856628418,1
FakeVideo-RealAudio/African/men/id01170/00021_id00391_TjJgUZaenWI.npz,-9.428224563598633,-9.428224563598633,5.225041389465332,1
FakeVideo-RealAudio/African/men/id01170/00021_id00476_wavtolip.npz,-9.479080200195312,-9.479080200195312,5.179912567138672,1
FakeVideo-RealAudio/African/men/id01170/00021_id00830_rfl3Teg9uew.npz,-9.43448257446289,-9.43448257446289,5.232562065124512,1
FakeVideo-RealAudio/African/men/id01170/00021_id00944_wavtolip.npz,-7.088406562805176,-7.088406562805176,4.972341537475586,1
FakeVideo-RealAudio/African/men/id01170/00021_id00987_wavtolip.npz,-9.505382537841797,-9.505382537841797,5.200009346008301,1
FakeVideo-RealAudio/African/men/id01170/00021_id01171_XSINMRoTb0E.npz,-9.445205688476562,-9.445205688476562,5.24103307723999,1
FakeVideo-RealAudio/African/men/id01170/00021_id01392_fF-g0KFJ7lg.npz,-9.458677291870117,-9.458677291870117,5.230362892150879,1
FakeVideo-RealAudio/African/men/id01170/00021_id01521_wavtolip.npz,-10.020160675048828,-10.020160675048828,4.6162238121032715,1
FakeVideo-RealAudio/African/men/id01170/00021_id01597_52WEZxe4_GE.npz,-9.4403076171875,-9.4403076171875,5.240596771240234,1
FakeVideo-RealAudio/African/men/id01170/00021_id01610_l8zb_iaDJJA.npz,-9.429133415222168,-9.429133415222168,5.245859622955322,1
FakeVideo-RealAudio/African/men/id01170/00021_id01610_wavtolip.npz,-9.623693466186523,-9.623693466186523,5.058296203613281,1
FakeVideo-RealAudio/African/men/id01170/00021_id01835_wavtolip.npz,-9.482891082763672,-9.482891082763672,5.197052001953125,1
FakeVideo-RealAudio/African/men/id01170/00021_id01933_I5XXxgK7QpE.npz,-9.447576522827148,-9.447576522827148,5.239835739135742,1
FakeVideo-RealAudio/African/men/id01170/00021_id01933_I5XXxgK7QpE_faceswap.npz,-8.066391944885254,-8.066391944885254,5.242478847503662,1
FakeVideo-RealAudio/African/men/id01170/00021_id02051_wavtolip.npz,-9.828532218933105,-9.828532218933105,4.628564834594727,1
FakeVideo-RealAudio/African/men/id01170/00021_id02296_wavtolip.npz,-9.763874053955078,-9.763874053955078,4.80045223236084,1
FakeVideo-RealAudio/African/men/id01170/00021_id02316_wavtolip.npz,-9.774024963378906,-9.774024963378906,4.8560662269592285,1
FakeVideo-RealAudio/African/men/id01170/00021_id04727_AAnyugIAXao.npz,-9.422348022460938,-9.422348022460938,5.226799964904785,1
FakeVideo-RealAudio/African/men/id01637/00002_0.npz,-5.586246013641357,-5.586246013641357,5.344364166259766,1
FakeVideo-RealAudio/African/men/id01637/00002_00.npz,-8.86823844909668,-8.86823844909668,5.3824005126953125,1
FakeVideo-RealAudio/African/men/id01637/00002_1.npz,-9.957141876220703,-9.957141876220703,4.641340732574463,1
FakeVideo-RealAudio/African/men/id01637/00002_2.npz,-9.355016708374023,-9.355016708374023,4.804041385650635,1
FakeVideo-RealAudio/African/men/id01637/00002_3.npz,-7.621769905090332,-7.621769905090332,4.968191146850586,1
FakeVideo-RealAudio/African/men/id01637/00002_id00166_PQV2ZbJBLNk.npz,-9.699586868286133,-9.699586868286133,4.954587936401367,1
FakeVideo-RealAudio/African/men/id01637/00002_id00166_wavtolip.npz,-9.697110176086426,-9.697110176086426,4.962704181671143,1
FakeVideo-RealAudio/African/men/id01637/00002_id00366_RSOgEoek8WM.npz,-9.68102741241455,-9.68102741241455,4.977700710296631,1
FakeVideo-RealAudio/African/men/id01637/00002_id00944_DiW5D62667U.npz,-9.685544967651367,-9.685544967651367,5.00958251953125,1
FakeVideo-RealAudio/African/men/id01637/00002_id01036_wavtolip.npz,-8.403158187866211,-8.403158187866211,4.972044467926025,1
FakeVideo-RealAudio/African/men/id01637/00002_id01170_7eoTTk4xyNo.npz,2.6953542232513428,2.6953542232513428,5.020752429962158,1
FakeVideo-RealAudio/African/men/id01637/00002_id01544_wavtolip.npz,-9.996891021728516,-9.996891021728516,4.59485387802124,1
FakeVideo-RealAudio/African/men/id01637/00002_id01597_wavtolip.npz,-9.694700241088867,-9.694700241088867,4.908011436462402,1
FakeVideo-RealAudio/African/men/id01637/00002_id01598_wavtolip.npz,-9.81291675567627,-9.81291675567627,4.8076043128967285,1
FakeVideo-RealAudio/African/men/id01637/00002_id01610_l8zb_iaDJJA.npz,3.9038121700286865,3.9038121700286865,4.97824764251709,1
FakeVideo-RealAudio/African/men/id01637/00002_id01691_wavtolip.npz,-9.711166381835938,-9.711166381835938,4.9426350593566895,1
FakeVideo-RealAudio/African/men/id01637/00002_id01835_wavtolip.npz,-9.70671272277832,-9.70671272277832,4.933760166168213,1
FakeVideo-RealAudio/African/men/id01637/00002_id01920_w9C_knCPD94.npz,-6.361421585083008,-6.361421585083008,5.028012275695801,1
FakeVideo-RealAudio/African/men/id01637/00002_id01933_wavtolip.npz,-9.7640962600708,-9.7640962600708,4.773996353149414,1
FakeVideo-RealAudio/African/men/id01637/00002_id02005_7_Egh9mW5y4.npz,-1.2043588161468506,-1.2043588161468506,4.98304557800293,1
FakeVideo-RealAudio/African/men/id01637/00002_id02316_wavtolip.npz,-9.767065048217773,-9.767065048217773,4.90097188949585,1
FakeVideo-RealAudio/African/men/id01637/00002_id02494_lObg47hQleE.npz,3.5146946907043457,3.5146946907043457,5.008777141571045,1
FakeVideo-RealAudio/African/men/id01637/00002_id02494_wavtolip.npz,-6.46806001663208,-6.46806001663208,4.619737148284912,1
FakeVideo-RealAudio/African/men/id02051/00015_id00173_UHoMXLSjlDo.npz,3.8665406703948975,3.8665406703948975,4.673344135284424,1
FakeVideo-RealAudio/African/men/id02051/00015_id00476_wavtolip.npz,-9.289889335632324,-9.289889335632324,4.636070728302002,1
FakeVideo-RealAudio/African/men/id02051/00015_id00701_lW6uzLIOwd0.npz,-9.807621002197266,-9.807621002197266,4.660235404968262,1
FakeVideo-RealAudio/African/men/id02051/00015_id00761_wavtolip.npz,-10.062379837036133,-10.062379837036133,4.674610614776611,1
FakeVideo-RealAudio/African/men/id02051/00015_id01170_wavtolip.npz,-10.011659622192383,-10.011659622192383,4.65814733505249,1
FakeVideo-RealAudio/African/men/id02051/00015_id01236_wavtolip.npz,-8.759760856628418,-8.759760856628418,4.530405521392822,1
FakeVideo-RealAudio/African/men/id02051/00015_id01392_wavtolip.npz,-10.003156661987305,-10.003156661987305,4.591438293457031,1
FakeVideo-RealAudio/African/men/id02051/00015_id01521_jthjSmLdLOg.npz,3.4829037189483643,3.4829037189483643,4.651300430297852,1
FakeVideo-RealAudio/African/men/id02051/00015_id01530_wavtolip.npz,-9.371691703796387,-9.371691703796387,4.624650001525879,1
FakeVideo-RealAudio/African/men/id02051/00015_id01598_wavtolip.npz,-9.204184532165527,-9.204184532165527,4.583850860595703,1
FakeVideo-RealAudio/African/men/id02051/00015_id01610_l8zb_iaDJJA.npz,2.6533989906311035,2.6533989906311035,4.650204658508301,1
FakeVideo-RealAudio/African/men/id02051/00015_id01835_UZbWA0QfXXA.npz,-9.788145065307617,-9.788145065307617,4.628496170043945,1
FakeVideo-RealAudio/African/men/id02051/00015_id01920_w9C_knCPD94.npz,-9.803359031677246,-9.803359031677246,4.671620845794678,1
FakeVideo-RealAudio/African/men/id02051/00015_id01972_wavtolip.npz,0.41610395908355713,0.41610395908355713,4.665365695953369,1
FakeVideo-RealAudio/African/men/id02051/00015_id01995_YUR9wTypwIo.npz,3.6541545391082764,3.6541545391082764,4.675099849700928,1
FakeVideo-RealAudio/African/men/id02051/00015_id02005_wavtolip.npz,-9.755964279174805,-9.755964279174805,4.606718063354492,1
FakeVideo-RealAudio/African/men/id02051/00015_id02040_wl6EVkamZFQ.npz,-9.566841125488281,-9.566841125488281,4.6254801750183105,1
FakeVideo-RealAudio/African/men/id02051/00015_id02268_wavtolip.npz,-9.966081619262695,-9.966081619262695,4.613565444946289,1
FakeVideo-RealAudio/African/men/id00366/00118_id00076_Isiq7cA-DNE.npz,-9.185027122497559,-9.185027122497559,5.354339599609375,1
FakeVideo-RealAudio/African/men/id00366/00118_id00076_Isiq7cA-DNE_faceswap.npz,-9.23061466217041,-9.23061466217041,5.384341716766357,1
FakeVideo-RealAudio/African/men/id00366/00118_id00076_wavtolip.npz,3.9734795093536377,3.9734795093536377,5.437155246734619,1
FakeVideo-RealAudio/African/men/id00366/00118_id00166_wavtolip.npz,-9.62247085571289,-9.62247085571289,5.045843601226807,1
FakeVideo-RealAudio/African/men/id00366/00118_id00173_wavtolip.npz,-8.041852951049805,-8.041852951049805,5.005611896514893,1
FakeVideo-RealAudio/African/men/id00366/00118_id00391_wavtolip.npz,-9.279998779296875,-9.279998779296875,5.39572286605835,1
FakeVideo-RealAudio/African/men/id00366/00118_id00475_wavtolip.npz,3.3662426471710205,3.3662426471710205,5.392277717590332,1
FakeVideo-RealAudio/African/men/id00366/00118_id00476_UgdYVJ6xPYg.npz,3.9598186016082764,3.9598186016082764,5.349913120269775,1
FakeVideo-RealAudio/African/men/id00366/00118_id00781_fvsSae9yc0A.npz,-9.109527587890625,-9.109527587890625,5.366567611694336,1
FakeVideo-RealAudio/African/men/id00366/00118_id00987_wavtolip.npz,-9.298503875732422,-9.298503875732422,5.367105960845947,1
FakeVideo-RealAudio/African/men/id00366/00118_id01076_wavtolip.npz,-9.926336288452148,-9.926336288452148,4.737868309020996,1
FakeVideo-RealAudio/African/men/id00366/00118_id01170_wavtolip.npz,-9.49677562713623,-9.49677562713623,5.224735736846924,1
FakeVideo-RealAudio/African/men/id00366/00118_id01171_wavtolip.npz,-9.95840835571289,-9.95840835571289,4.734345436096191,1
FakeVideo-RealAudio/African/men/id00366/00118_id01207_mt129WTRSII.npz,3.1803505420684814,3.1803505420684814,5.383493423461914,1
FakeVideo-RealAudio/African/men/id00366/00118_id01207_wavtolip.npz,-9.89375114440918,-9.89375114440918,4.76131534576416,1
FakeVideo-RealAudio/African/men/id00366/00118_id01452_wavtolip.npz,-9.586658477783203,-9.586658477783203,4.796933174133301,1
FakeVideo-RealAudio/African/men/id00366/00118_id01544_uBo9585VW2A.npz,-9.171611785888672,-9.171611785888672,5.384965419769287,1
FakeVideo-RealAudio/African/men/id00366/00118_id01610_wavtolip.npz,-9.643131256103516,-9.643131256103516,5.049055099487305,1
FakeVideo-RealAudio/African/men/id00366/00118_id01637_5VjcPZm8knM.npz,-9.206440925598145,-9.206440925598145,5.368198394775391,1
FakeVideo-RealAudio/African/men/id00366/00118_id01637_wavtolip.npz,-9.704068183898926,-9.704068183898926,4.931900978088379,1
FakeVideo-RealAudio/African/men/id00366/00118_id01691_IVtS5z8Jrrk.npz,-9.214560508728027,-9.214560508728027,5.383275508880615,1
FakeVideo-RealAudio/African/men/id00366/00118_id01691_wavtolip.npz,3.2110400199890137,3.2110400199890137,5.405186653137207,1
FakeVideo-RealAudio/African/men/id00366/00118_id01717_JDW6p8yU13A.npz,-9.223752975463867,-9.223752975463867,5.3930745124816895,1
FakeVideo-RealAudio/African/men/id00366/00118_id01779_wavtolip.npz,-4.960504531860352,-4.960504531860352,4.944519996643066,1
FakeVideo-RealAudio/African/men/id00366/00118_id01920_w9C_knCPD94.npz,-9.146081924438477,-9.146081924438477,5.357010841369629,1
FakeVideo-RealAudio/African/men/id00366/00118_id01933_wavtolip.npz,-9.786806106567383,-9.786806106567383,4.813779354095459,1
FakeVideo-RealAudio/African/men/id00366/00118_id01972_wavtolip.npz,-6.529292106628418,-6.529292106628418,4.684987545013428,1
FakeVideo-RealAudio/African/men/id00366/00118_id02005_7_Egh9mW5y4.npz,-9.090481758117676,-9.090481758117676,5.365922927856445,1
FakeVideo-RealAudio/African/men/id00366/00118_id02040_wavtolip.npz,-9.939325332641602,-9.939325332641602,4.628659725189209,1
FakeVideo-RealAudio/African/men/id00366/00118_id02494_wavtolip.npz,-0.660470187664032,-0.660470187664032,4.617153644561768,1
FakeVideo-RealAudio/African/men/id00366/00118_id04727_wavtolip.npz,-9.944416046142578,-9.944416046142578,4.551189422607422,1
FakeVideo-RealAudio/African/women/id00359/00053_id00460_wavtolip.npz,-10.034856796264648,-10.034856796264648,4.5805439949035645,1
FakeVideo-RealAudio/African/women/id00359/00053_id00568_wavtolip.npz,0.9271195530891418,0.9271195530891418,4.51550817489624,1
FakeVideo-RealAudio/African/women/id00359/00053_id01532_wavtolip.npz,4.9552998542785645,4.9552998542785645,4.5597968101501465,1
FakeVideo-RealAudio/African/women/id00359/00053_id01838_q_lUk55OrL0.npz,-10.115182876586914,-10.115182876586914,4.513036251068115,1
FakeVideo-RealAudio/African/women/id00359/00053_id01838_q_lUk55OrL0_faceswap.npz,-9.987569808959961,-9.987569808959961,4.513439178466797,1
FakeVideo-RealAudio/African/women/id00359/00053_id02071_cHuDh9F87vA.npz,-10.080246925354004,-10.080246925354004,4.5245161056518555,1
FakeVideo-RealAudio/African/women/id00359/00053_id02508_wavtolip.npz,-6.568449974060059,-6.568449974060059,4.532651424407959,1
FakeVideo-RealAudio/African/women/id00359/00053_id02586_dEYzYDsbAeo.npz,-10.109502792358398,-10.109502792358398,4.501886367797852,1
FakeVideo-RealAudio/African/women/id00359/00053_id02838_kaCQlSGlLe8.npz,-10.096090316772461,-10.096090316772461,4.514267444610596,1
FakeVideo-RealAudio/African/women/id00359/00053_id02838_wavtolip.npz,3.8376123905181885,3.8376123905181885,4.533721923828125,1
FakeVideo-RealAudio/African/women/id00359/00053_id03103_wavtolip.npz,-10.080381393432617,-10.080381393432617,4.536247253417969,1
FakeVideo-RealAudio/African/women/id00359/00053_id04374_wavtolip.npz,-0.8995537757873535,-0.8995537757873535,4.5032958984375,1
FakeVideo-RealAudio/African/women/id00359/00053_id04376_wavtolip.npz,4.1146931648254395,4.1146931648254395,4.556221008300781,1
FakeVideo-RealAudio/African/women/id00359/00053_id04540_wavtolip.npz,-5.441099166870117,-5.441099166870117,4.59080696105957,1
FakeVideo-RealAudio/African/women/id00359/00053_id04547_3Qy2g2M47Aw.npz,-10.116641998291016,-10.116641998291016,4.493992328643799,1
FakeVideo-RealAudio/African/women/id00359/00053_id04547_wavtolip.npz,3.554929494857788,3.554929494857788,4.498523712158203,1
FakeVideo-RealAudio/African/women/id00359/00053_id04820_64ybrA1atlM.npz,-10.12556266784668,-10.12556266784668,4.499817848205566,1
FakeVideo-RealAudio/African/women/id00359/00053_id05106_ZnnDdjlABM4.npz,-10.099218368530273,-10.099218368530273,4.511935234069824,1
FakeVideo-RealAudio/African/women/id00359/00053_id05980_bbg4HtuM_jo.npz,-10.11810302734375,-10.11810302734375,4.514368057250977,1
FakeVideo-RealAudio/African/women/id01907/00148_0.npz,-9.706111907958984,-9.706111907958984,4.883935928344727,1
FakeVideo-RealAudio/African/women/id01907/00148_id00220_WlHLlTQKj8g.npz,-9.805935859680176,-9.805935859680176,4.74409818649292,1
FakeVideo-RealAudio/African/women/id01907/00148_id00371_t20i0HtPwW0.npz,-9.812996864318848,-9.812996864318848,4.744802474975586,1
FakeVideo-RealAudio/African/women/id01907/00148_id00829_aMEvVaUBq2Y.npz,-9.823469161987305,-9.823469161987305,4.740335464477539,1
FakeVideo-RealAudio/African/women/id01907/00148_id00829_wavtolip.npz,-8.192333221435547,-8.192333221435547,4.762537002563477,1
FakeVideo-RealAudio/African/women/id01907/00148_id00832_Jr4-dXRChME.npz,-9.798126220703125,-9.798126220703125,4.742251873016357,1
FakeVideo-RealAudio/African/women/id01907/00148_id01178_wavtolip.npz,-9.879889488220215,-9.879889488220215,4.793459415435791,1
FakeVideo-RealAudio/African/women/id01907/00148_id01532_XnlWp_s_f7Q.npz,-9.761292457580566,-9.761292457580566,4.752018928527832,1
FakeVideo-RealAudio/African/women/id01907/00148_id01532_wavtolip.npz,-9.846705436706543,-9.846705436706543,4.778501987457275,1
FakeVideo-RealAudio/African/women/id01907/00148_id02948_wavtolip.npz,-9.996420860290527,-9.996420860290527,4.539766311645508,1
FakeVideo-RealAudio/African/women/id01907/00148_id03658_wavtolip.npz,-9.859728813171387,-9.859728813171387,4.7445902824401855,1
FakeVideo-RealAudio/African/women/id01907/00148_id04376_wavtolip.npz,-9.872425079345703,-9.872425079345703,4.770315647125244,1
FakeVideo-RealAudio/African/women/id01907/00148_id04689_wavtolip.npz,-9.846174240112305,-9.846174240112305,4.751009941101074,1
FakeVideo-RealAudio/African/women/id01907/00148_id04705_ziJ9JsYr4R0.npz,0.05047774314880371,0.05047774314880371,4.745306015014648,1
FakeVideo-RealAudio/African/women/id01907/00148_id04820_wavtolip.npz,-9.903033256530762,-9.903033256530762,4.702822685241699,1
FakeVideo-RealAudio/African/women/id01907/00148_id05231_wavtolip.npz,-9.864808082580566,-9.864808082580566,4.770576477050781,1
FakeVideo-RealAudio/African/women/id01907/00148_id05235_ASy8lP3SRtw.npz,-9.7758150100708,-9.7758150100708,4.753510475158691,1
FakeVideo-RealAudio/African/women/id01907/00148_id05235_ASy8lP3SRtw_faceswap.npz,3.532531976699829,3.532531976699829,4.740941524505615,1
FakeVideo-RealAudio/African/women/id01907/00148_id05252_CMxIX3absYM.npz,-9.772065162658691,-9.772065162658691,4.763221740722656,1
FakeVideo-RealAudio/African/women/id01907/00148_id05252_wavtolip.npz,-9.874161720275879,-9.874161720275879,4.7792487144470215,1
FakeVideo-RealAudio/African/women/id01661/00059.npz,-5.976088523864746,-5.976088523864746,4.647812366485596,1
FakeVideo-RealAudio/African/women/id01661/00059_id00371_t20i0HtPwW0.npz,-5.129538059234619,-5.129538059234619,4.635418891906738,1
FakeVideo-RealAudio/African/women/id01661/00059_id00460_wavtolip.npz,-9.962971687316895,-9.962971687316895,4.616080284118652,1
FakeVideo-RealAudio/African/women/id01661/00059_id00568_wavtolip.npz,-6.112147808074951,-6.112147808074951,4.594416618347168,1
FakeVideo-RealAudio/African/women/id01661/00059_id01661_wavtolip.npz,-4.345706939697266,-4.345706939697266,4.633727073669434,1
FakeVideo-RealAudio/African/women/id01661/00059_id01783_WBUM0bHzWNA.npz,-5.472303867340088,-5.472303867340088,4.630126953125,1
FakeVideo-RealAudio/African/women/id01661/00059_id01838_wavtolip.npz,-9.789421081542969,-9.789421081542969,4.564521312713623,1
FakeVideo-RealAudio/African/women/id01661/00059_id01907_LBcRkuRq0uY.npz,-6.102168560028076,-6.102168560028076,4.623080730438232,1
FakeVideo-RealAudio/African/women/id01661/00059_id02071_cHuDh9F87vA.npz,-5.976500034332275,-5.976500034332275,4.63831901550293,1
FakeVideo-RealAudio/African/women/id01661/00059_id02721_wavtolip.npz,-9.745525360107422,-9.745525360107422,4.588277339935303,1
FakeVideo-RealAudio/African/women/id01661/00059_id02824_wavtolip.npz,-9.3372220993042,-9.3372220993042,4.623388767242432,1
FakeVideo-RealAudio/African/women/id01661/00059_id04055_0qrzF4HLXHY.npz,-5.647141456604004,-5.647141456604004,4.627642631530762,1
FakeVideo-RealAudio/African/women/id01661/00059_id04055_wavtolip.npz,-9.941092491149902,-9.941092491149902,4.6287970542907715,1
FakeVideo-RealAudio/African/women/id01661/00059_id04689_wavtolip.npz,-9.983382225036621,-9.983382225036621,4.5469183921813965,1
FakeVideo-RealAudio/African/women/id01661/00059_id04705_wavtolip.npz,-9.848398208618164,-9.848398208618164,4.57097053527832,1
FakeVideo-RealAudio/African/women/id01661/00059_id04820_wavtolip.npz,2.1942553520202637,2.1942553520202637,4.6170878410339355,1
FakeVideo-RealAudio/African/women/id01661/00059_id04939_i4v2cXo9HIQ.npz,-6.009611129760742,-6.009611129760742,4.625983715057373,1
FakeVideo-RealAudio/African/women/id01661/00059_id05252_CMxIX3absYM.npz,-5.7171807289123535,-5.7171807289123535,4.622647762298584,1
FakeVideo-RealAudio/African/women/id03747/00273_0.npz,-5.06141996383667,-5.06141996383667,4.7853522300720215,1
FakeVideo-RealAudio/African/women/id03747/00273_id00220_WlHLlTQKj8g.npz,-8.879138946533203,-8.879138946533203,5.759224891662598,1
FakeVideo-RealAudio/African/women/id03747/00273_id00359_RZMQan-7me4.npz,-8.877235412597656,-8.877235412597656,5.780921936035156,1
FakeVideo-RealAudio/African/women/id03747/00273_id01661_wavtolip.npz,-4.395483016967773,-4.395483016967773,4.595606327056885,1
FakeVideo-RealAudio/African/women/id03747/00273_id01838_wavtolip.npz,-9.397472381591797,-9.397472381591797,5.3156843185424805,1
FakeVideo-RealAudio/African/women/id03747/00273_id01907_wavtolip.npz,4.016462326049805,4.016462326049805,4.714263916015625,1
FakeVideo-RealAudio/African/women/id03747/00273_id02071_cHuDh9F87vA.npz,-8.874685287475586,-8.874685287475586,5.774313926696777,1
FakeVideo-RealAudio/African/women/id03747/00273_id02301_wavtolip.npz,-7.487908840179443,-7.487908840179443,4.596477031707764,1
FakeVideo-RealAudio/African/women/id03747/00273_id02617_wavtolip.npz,3.661849021911621,3.661849021911621,5.395794868469238,1
FakeVideo-RealAudio/African/women/id03747/00273_id02824_glBy_mYcXZw.npz,-8.899344444274902,-8.899344444274902,5.769343852996826,1
FakeVideo-RealAudio/African/women/id03747/00273_id02824_glBy_mYcXZw_faceswap.npz,-8.880414962768555,-8.880414962768555,5.780672550201416,1
FakeVideo-RealAudio/African/women/id03747/00273_id04055_wavtolip.npz,-9.91529655456543,-9.91529655456543,4.593860626220703,1
FakeVideo-RealAudio/African/women/id03747/00273_id04374_SWltOOZmlWM.npz,-8.89031982421875,-8.89031982421875,5.78187894821167,1
FakeVideo-RealAudio/African/women/id03747/00273_id04540_wavtolip.npz,-5.1302618980407715,-5.1302618980407715,4.856225490570068,1
FakeVideo-RealAudio/African/women/id03747/00273_id04689_0YqK1ksKjLg.npz,-8.889972686767578,-8.889972686767578,5.787248611450195,1
FakeVideo-RealAudio/African/women/id03747/00273_id04736_wavtolip.npz,-9.454553604125977,-9.454553604125977,5.037650108337402,1
FakeVideo-RealAudio/African/women/id03747/00273_id04939_wavtolip.npz,-9.757139205932617,-9.757139205932617,4.796711444854736,1
FakeVideo-RealAudio/African/women/id03747/00273_id05231_wfbM5puT6eQ.npz,-8.864418983459473,-8.864418983459473,5.752676010131836,1
FakeVideo-RealAudio/African/women/id03747/00273_id05235_ASy8lP3SRtw.npz,-8.86807632446289,-8.86807632446289,5.78281307220459,1
FakeVideo-RealAudio/African/women/id03747/00273_id05251_wavtolip.npz,3.932633638381958,3.932633638381958,4.524775981903076,1
FakeVideo-RealAudio/African/women/id03713/00249_id00359_wavtolip.npz,-10.133886337280273,-10.133886337280273,4.458682060241699,1
FakeVideo-RealAudio/African/women/id03713/00249_id00371_t20i0HtPwW0.npz,-9.9104642868042,-9.9104642868042,4.6413774490356445,1
FakeVideo-RealAudio/African/women/id03713/00249_id00460_9sVM1Crx1FA.npz,-9.922335624694824,-9.922335624694824,4.643850326538086,1
FakeVideo-RealAudio/African/women/id03713/00249_id00568_wavtolip.npz,3.9894206523895264,3.9894206523895264,4.600485324859619,1
FakeVideo-RealAudio/African/women/id03713/00249_id01532_XnlWp_s_f7Q.npz,-9.927314758300781,-9.927314758300781,4.639047145843506,1
FakeVideo-RealAudio/African/women/id03713/00249_id01907_wavtolip.npz,-9.975701332092285,-9.975701332092285,4.600026607513428,1
FakeVideo-RealAudio/African/women/id03713/00249_id02301_wavtolip.npz,-9.686881065368652,-9.686881065368652,4.55986213684082,1
FakeVideo-RealAudio/African/women/id03713/00249_id02617_4EZjRXC4fLk_faceswap.npz,-9.927350997924805,-9.927350997924805,4.650068283081055,1
FakeVideo-RealAudio/African/women/id03713/00249_id02721_wavtolip.npz,-9.769619941711426,-9.769619941711426,4.576573371887207,1
FakeVideo-RealAudio/African/women/id03713/00249_id02824_glBy_mYcXZw.npz,-9.883864402770996,-9.883864402770996,4.642228126525879,1
FakeVideo-RealAudio/African/women/id03713/00249_id02948_wavtolip.npz,-9.998079299926758,-9.998079299926758,4.543365955352783,1
FakeVideo-RealAudio/African/women/id03713/00249_id03103_wiCYm3THQPw.npz,-9.897392272949219,-9.897392272949219,4.6206865310668945,1
FakeVideo-RealAudio/African/women/id03713/00249_id03658_8Wtu9VXKqjY.npz,-9.943256378173828,-9.943256378173828,4.634533882141113,1
FakeVideo-RealAudio/African/women/id03713/00249_id03713_wavtolip.npz,-9.995271682739258,-9.995271682739258,4.61190938949585,1
FakeVideo-RealAudio/African/women/id03713/00249_id04547_wavtolip.npz,-6.388877868652344,-6.388877868652344,4.617031097412109,1
FakeVideo-RealAudio/African/women/id03713/00249_id04689_wavtolip.npz,-10.011774063110352,-10.011774063110352,4.61516809463501,1
FakeVideo-RealAudio/African/women/id03713/00249_id04736__D2k4fMhEfQ.npz,-9.95187759399414,-9.95187759399414,4.637011528015137,1
FakeVideo-RealAudio/African/women/id03713/00249_id05231_wavtolip.npz,-9.94525146484375,-9.94525146484375,4.58331823348999,1
FakeVideo-RealAudio/African/women/id02721/00424_0.npz,-1.7471562623977661,-1.7471562623977661,5.003689289093018,1
FakeVideo-RealAudio/African/women/id02721/00424_id00371_t20i0HtPwW0.npz,-9.799644470214844,-9.799644470214844,4.836724758148193,1
FakeVideo-RealAudio/African/women/id02721/00424_id00568_gakhcJXnJZ8.npz,-9.80017375946045,-9.80017375946045,4.828812599182129,1
FakeVideo-RealAudio/African/women/id02721/00424_id00577_wavtolip.npz,4.259899139404297,4.259899139404297,4.788639068603516,1
FakeVideo-RealAudio/African/women/id02721/00424_id01838_wavtolip.npz,4.424894332885742,4.424894332885742,4.810737609863281,1
FakeVideo-RealAudio/African/women/id02721/00424_id02586_dEYzYDsbAeo.npz,-5.7097954750061035,-5.7097954750061035,4.842912197113037,1
FakeVideo-RealAudio/African/women/id02721/00424_id02586_wavtolip.npz,-10.118413925170898,-10.118413925170898,4.580047607421875,1
FakeVideo-RealAudio/African/women/id02721/00424_id02617_wavtolip.npz,-9.3815279006958,-9.3815279006958,4.864675045013428,1
FakeVideo-RealAudio/African/women/id02721/00424_id02808_nZtvxh6Eesc.npz,-9.779659271240234,-9.779659271240234,4.8180131912231445,1
FakeVideo-RealAudio/African/women/id02721/00424_id02808_wavtolip.npz,-9.800718307495117,-9.800718307495117,4.8166961669921875,1
FakeVideo-RealAudio/African/women/id02721/00424_id02824_wavtolip.npz,3.896275281906128,3.896275281906128,4.837757110595703,1
FakeVideo-RealAudio/African/women/id02721/00424_id02838_wavtolip.npz,4.649235725402832,4.649235725402832,4.815434455871582,1
FakeVideo-RealAudio/African/women/id02721/00424_id02948__ZEDGNWjuFE.npz,-9.802556991577148,-9.802556991577148,4.832625865936279,1
FakeVideo-RealAudio/African/women/id02721/00424_id03569_wavtolip.npz,-1.5439037084579468,-1.5439037084579468,4.557136535644531,1
FakeVideo-RealAudio/African/women/id02721/00424_id03658_8Wtu9VXKqjY.npz,-9.802362442016602,-9.802362442016602,4.833332061767578,1
FakeVideo-RealAudio/African/women/id02721/00424_id03658_8Wtu9VXKqjY_faceswap.npz,-9.730649948120117,-9.730649948120117,4.842432022094727,1
FakeVideo-RealAudio/African/women/id02721/00424_id04245_wavtolip.npz,3.485931396484375,3.485931396484375,4.81308126449585,1
FakeVideo-RealAudio/African/women/id02721/00424_id04376_wavtolip.npz,-9.843292236328125,-9.843292236328125,4.781392574310303,1
FakeVideo-RealAudio/African/women/id02721/00424_id04705_ziJ9JsYr4R0.npz,-9.803361892700195,-9.803361892700195,4.822608947753906,1
FakeVideo-RealAudio/African/women/id02721/00424_id05231_wfbM5puT6eQ.npz,-5.6847615242004395,-5.6847615242004395,4.836902141571045,1
FakeVideo-RealAudio/African/women/id04547/00052_id00577_wavtolip.npz,-9.506335258483887,-9.506335258483887,4.768742561340332,1
FakeVideo-RealAudio/African/women/id04547/00052_id00829_aMEvVaUBq2Y.npz,-9.797348022460938,-9.797348022460938,4.7833991050720215,1
FakeVideo-RealAudio/African/women/id04547/00052_id02071_wavtolip.npz,-9.857010841369629,-9.857010841369629,4.490139484405518,1
FakeVideo-RealAudio/African/women/id04547/00052_id02508_wavtolip.npz,3.897935152053833,3.897935152053833,4.757658958435059,1
FakeVideo-RealAudio/African/women/id04547/00052_id02586_dEYzYDsbAeo.npz,-9.82177448272705,-9.82177448272705,4.801390171051025,1
FakeVideo-RealAudio/African/women/id04547/00052_id02721_wavtolip.npz,-4.8985395431518555,-4.8985395431518555,4.771756172180176,1
FakeVideo-RealAudio/African/women/id04547/00052_id02824_wavtolip.npz,2.952892303466797,2.952892303466797,4.835119724273682,1
FakeVideo-RealAudio/African/women/id04547/00052_id03103_wiCYm3THQPw.npz,-9.811088562011719,-9.811088562011719,4.796114921569824,1
FakeVideo-RealAudio/African/women/id04547/00052_id03656_draVIyyqLtk.npz,-9.817172050476074,-9.817172050476074,4.789979457855225,1
FakeVideo-RealAudio/African/women/id04547/00052_id04374_SWltOOZmlWM.npz,-9.82029914855957,-9.82029914855957,4.820894718170166,1
FakeVideo-RealAudio/African/women/id04547/00052_id04376_wavtolip.npz,5.03728723526001,5.03728723526001,4.808809757232666,1
FakeVideo-RealAudio/African/women/id04547/00052_id04540_9KNIjew03AQ.npz,-9.799006462097168,-9.799006462097168,4.81427001953125,1
FakeVideo-RealAudio/African/women/id04547/00052_id04540_wavtolip.npz,-5.247969627380371,-5.247969627380371,4.81620979309082,1
FakeVideo-RealAudio/African/women/id04547/00052_id04820_wavtolip.npz,-9.879951477050781,-9.879951477050781,4.682741641998291,1
FakeVideo-RealAudio/African/women/id04547/00052_id04939_i4v2cXo9HIQ.npz,-9.831985473632812,-9.831985473632812,4.7970476150512695,1
FakeVideo-RealAudio/African/women/id04547/00052_id05106_wavtolip.npz,-6.080484390258789,-6.080484390258789,4.567573070526123,1
FakeVideo-RealAudio/African/women/id04547/00052_id05251_wavtolip.npz,-9.128692626953125,-9.128692626953125,4.519792079925537,1
FakeVideo-RealAudio/African/women/id00220/00027.npz,-9.710284233093262,-9.710284233093262,4.607624530792236,1
FakeVideo-RealAudio/African/women/id00220/00027_id00371_t20i0HtPwW0.npz,-9.711082458496094,-9.711082458496094,4.585306644439697,1
FakeVideo-RealAudio/African/women/id00220/00027_id00568_wavtolip.npz,-4.493996620178223,-4.493996620178223,4.598522663116455,1
FakeVideo-RealAudio/African/women/id00220/00027_id00707_wavtolip.npz,-7.131019115447998,-7.131019115447998,4.623096466064453,1
FakeVideo-RealAudio/African/women/id00220/00027_id01178_6XpgYMiKxhc.npz,-8.351852416992188,-8.351852416992188,4.599156856536865,1
FakeVideo-RealAudio/African/women/id00220/00027_id01907_LBcRkuRq0uY.npz,-9.677040100097656,-9.677040100097656,4.5982208251953125,1
FakeVideo-RealAudio/African/women/id00220/00027_id02071_wavtolip.npz,-9.611970901489258,-9.611970901489258,4.532048225402832,1
FakeVideo-RealAudio/African/women/id00220/00027_id02721_wavtolip.npz,-9.299317359924316,-9.299317359924316,4.601585865020752,1
FakeVideo-RealAudio/African/women/id00220/00027_id02824_glBy_mYcXZw.npz,-9.638278007507324,-9.638278007507324,4.5999674797058105,1
FakeVideo-RealAudio/African/women/id00220/00027_id02838_wavtolip.npz,-1.8636735677719116,-1.8636735677719116,4.613072395324707,1
FakeVideo-RealAudio/African/women/id00220/00027_id03103_wavtolip.npz,-10.03648567199707,-10.03648567199707,4.624792098999023,1
FakeVideo-RealAudio/African/women/id00220/00027_id03569_YO0EpPm9p-8.npz,-0.5552784204483032,-0.5552784204483032,4.587908744812012,1
FakeVideo-RealAudio/African/women/id00220/00027_id03656_wavtolip.npz,0.5056813955307007,0.5056813955307007,4.619239330291748,1
FakeVideo-RealAudio/African/women/id00220/00027_id04705_wavtolip.npz,-9.884514808654785,-9.884514808654785,4.602977275848389,1
FakeVideo-RealAudio/African/women/id00220/00027_id04820_wavtolip.npz,-9.97970199584961,-9.97970199584961,4.5995306968688965,1
FakeVideo-RealAudio/African/women/id00220/00027_id04939_i4v2cXo9HIQ.npz,-9.76176929473877,-9.76176929473877,4.579163551330566,1
FakeVideo-RealAudio/African/women/id00220/00027_id05251_wavtolip.npz,-8.731627464294434,-8.731627464294434,4.550537109375,1
FakeVideo-RealAudio/African/women/id04820/00015_id00832_wavtolip.npz,2.901883125305176,2.901883125305176,4.7380475997924805,1
FakeVideo-RealAudio/African/women/id04820/00015_id01783_wavtolip.npz,-9.867961883544922,-9.867961883544922,4.745751857757568,1
FakeVideo-RealAudio/African/women/id04820/00015_id02071_wavtolip.npz,-5.6976470947265625,-5.6976470947265625,4.535410404205322,1
FakeVideo-RealAudio/African/women/id04820/00015_id02721_wavtolip.npz,-9.578035354614258,-9.578035354614258,4.710916042327881,1
FakeVideo-RealAudio/African/women/id04820/00015_id02948__ZEDGNWjuFE.npz,-9.843498229980469,-9.843498229980469,4.708609580993652,1
FakeVideo-RealAudio/African/women/id04820/00015_id02948__ZEDGNWjuFE_faceswap.npz,-9.8034086227417,-9.8034086227417,4.692203044891357,1
FakeVideo-RealAudio/African/women/id04820/00015_id03103_wavtolip.npz,-9.958342552185059,-9.958342552185059,4.681081771850586,1
FakeVideo-RealAudio/African/women/id04820/00015_id03656_wavtolip.npz,1.271642804145813,1.271642804145813,4.705788612365723,1
FakeVideo-RealAudio/African/women/id04820/00015_id04374_wavtolip.npz,-9.995433807373047,-9.995433807373047,4.697334289550781,1
FakeVideo-RealAudio/African/women/id04820/00015_id04705_wavtolip.npz,-2.460850238800049,-2.460850238800049,4.673919200897217,1
FakeVideo-RealAudio/African/women/id04820/00015_id05251_wavtolip.npz,-8.829665184020996,-8.829665184020996,4.5173540115356445,1
FakeVideo-RealAudio/African/women/id04820/00015_id05980_wavtolip.npz,3.7292468547821045,3.7292468547821045,4.731020450592041,1
FakeVideo-RealAudio/African/women/id04736/00083_0.npz,-9.993616104125977,-9.993616104125977,4.6052398681640625,1
FakeVideo-RealAudio/African/women/id04736/00083_id00359_wavtolip.npz,-10.089073181152344,-10.089073181152344,4.4578046798706055,1
FakeVideo-RealAudio/African/women/id04736/00083_id00568_wavtolip.npz,-4.00506591796875,-4.00506591796875,5.033486366271973,1
FakeVideo-RealAudio/African/women/id04736/00083_id00829_wavtolip.npz,-8.761369705200195,-8.761369705200195,5.049439907073975,1
FakeVideo-RealAudio/African/women/id04736/00083_id01178_wavtolip.npz,-9.798636436462402,-9.798636436462402,4.846778869628906,1
FakeVideo-RealAudio/African/women/id04736/00083_id02071_wavtolip.npz,-9.656401634216309,-9.656401634216309,4.518828392028809,1
FakeVideo-RealAudio/African/women/id04736/00083_id02824_wavtolip.npz,2.276207685470581,2.276207685470581,4.807104110717773,1
FakeVideo-RealAudio/African/women/id04736/00083_id03569_wavtolip.npz,-9.918891906738281,-9.918891906738281,4.533982276916504,1
FakeVideo-RealAudio/African/women/id04736/00083_id03713_wavtolip.npz,-9.963348388671875,-9.963348388671875,4.657325744628906,1
FakeVideo-RealAudio/African/women/id04736/00083_id04055_wavtolip.npz,-9.971436500549316,-9.971436500549316,4.563772201538086,1
FakeVideo-RealAudio/African/women/id04736/00083_id04547_wavtolip.npz,3.8148014545440674,3.8148014545440674,4.793684005737305,1
FakeVideo-RealAudio/African/women/id04736/00083_id05235_ASy8lP3SRtw.npz,-9.263710975646973,-9.263710975646973,5.056100845336914,1
FakeVideo-RealAudio/African/women/id04736/00083_id05235_ASy8lP3SRtw_faceswap.npz,-9.27328109741211,-9.27328109741211,5.072700500488281,1
FakeVideo-RealAudio/African/women/id04376/00181_id00220_WlHLlTQKj8g.npz,-9.800466537475586,-9.800466537475586,4.831730365753174,1
FakeVideo-RealAudio/African/women/id04376/00181_id00460_wavtolip.npz,-9.865997314453125,-9.865997314453125,4.790163516998291,1
FakeVideo-RealAudio/African/women/id04376/00181_id00829_aMEvVaUBq2Y.npz,-9.823421478271484,-9.823421478271484,4.842898368835449,1
FakeVideo-RealAudio/African/women/id04376/00181_id01178_wavtolip.npz,3.749136209487915,3.749136209487915,4.796557426452637,1
FakeVideo-RealAudio/African/women/id04376/00181_id02071_wavtolip.npz,-9.573793411254883,-9.573793411254883,4.529086589813232,1
FakeVideo-RealAudio/African/women/id04376/00181_id02586_dEYzYDsbAeo.npz,-9.794156074523926,-9.794156074523926,4.822939395904541,1
FakeVideo-RealAudio/African/women/id04376/00181_id02838_kaCQlSGlLe8.npz,-9.796491622924805,-9.796491622924805,4.8322672843933105,1
FakeVideo-RealAudio/African/women/id04376/00181_id03569_wavtolip.npz,-10.012741088867188,-10.012741088867188,4.556682586669922,1
FakeVideo-RealAudio/African/women/id04376/00181_id03658_8Wtu9VXKqjY.npz,-9.811375617980957,-9.811375617980957,4.82631778717041,1
FakeVideo-RealAudio/African/women/id04376/00181_id04245_wavtolip.npz,3.3772943019866943,3.3772943019866943,4.777970314025879,1
FakeVideo-RealAudio/African/women/id04376/00181_id04374_SWltOOZmlWM.npz,-9.805557250976562,-9.805557250976562,4.828012466430664,1
FakeVideo-RealAudio/African/women/id04376/00181_id04437_2csrqaF55pk_faceswap.npz,-9.83173942565918,-9.83173942565918,4.815311908721924,1
FakeVideo-RealAudio/African/women/id04376/00181_id04547_wavtolip.npz,-9.858990669250488,-9.858990669250488,4.750664710998535,1
FakeVideo-RealAudio/African/women/id04376/00181_id04689_wavtolip.npz,-0.6033980250358582,-0.6033980250358582,4.778690338134766,1
FakeVideo-RealAudio/African/women/id04376/00181_id04705_wavtolip.npz,-9.588071823120117,-9.588071823120117,4.753846168518066,1
FakeVideo-RealAudio/African/women/id04376/00181_id04820_wavtolip.npz,-9.905496597290039,-9.905496597290039,4.726887226104736,1
FakeVideo-RealAudio/African/women/id04376/00181_id05231_wavtolip.npz,-9.864736557006836,-9.864736557006836,4.789540767669678,1
FakeVideo-RealAudio/African/women/id04374/00032_id00460_wavtolip.npz,-9.311263084411621,-9.311263084411621,4.853109359741211,1
FakeVideo-RealAudio/African/women/id04374/00032_id00568_wavtolip.npz,-1.0872894525527954,-1.0872894525527954,4.994528770446777,1
FakeVideo-RealAudio/African/women/id04374/00032_id00577_wavtolip.npz,2.5377273559570312,2.5377273559570312,4.748545169830322,1
FakeVideo-RealAudio/African/women/id04374/00032_id00707_feeHCIlo6jg.npz,-9.625969886779785,-9.625969886779785,4.960107326507568,1
FakeVideo-RealAudio/African/women/id04374/00032_id02586_dEYzYDsbAeo.npz,-9.180022239685059,-9.180022239685059,4.9972734451293945,1
FakeVideo-RealAudio/African/women/id04374/00032_id02586_wavtolip.npz,-10.081147193908691,-10.081147193908691,4.579481601715088,1
FakeVideo-RealAudio/African/women/id04374/00032_id02721_wavtolip.npz,-9.798934936523438,-9.798934936523438,4.780106544494629,1
FakeVideo-RealAudio/African/women/id04374/00032_id02808_wavtolip.npz,-9.63542366027832,-9.63542366027832,5.0127272605896,1
FakeVideo-RealAudio/African/women/id04374/00032_id02838_kaCQlSGlLe8.npz,-9.653657913208008,-9.653657913208008,4.9948506355285645,1
FakeVideo-RealAudio/African/women/id04374/00032_id03656_draVIyyqLtk.npz,-9.654656410217285,-9.654656410217285,4.99633264541626,1
FakeVideo-RealAudio/African/women/id04374/00032_id03658_wavtolip.npz,-9.628883361816406,-9.628883361816406,4.985287666320801,1
FakeVideo-RealAudio/African/women/id04374/00032_id04374_wavtolip.npz,-9.682369232177734,-9.682369232177734,4.990293979644775,1
FakeVideo-RealAudio/African/women/id04374/00032_id04547_3Qy2g2M47Aw.npz,-9.652666091918945,-9.652666091918945,4.9941205978393555,1
FakeVideo-RealAudio/African/women/id04374/00032_id04689_0YqK1ksKjLg_faceswap.npz,-9.654376983642578,-9.654376983642578,5.056118488311768,1
FakeVideo-RealAudio/African/women/id04374/00032_id05231_wfbM5puT6eQ.npz,-9.641630172729492,-9.641630172729492,4.999691963195801,1
FakeVideo-RealAudio/African/women/id04374/00032_id05235_wavtolip.npz,-9.733108520507812,-9.733108520507812,4.887514591217041,1
FakeVideo-RealAudio/African/women/id04374/00032_id05251_wavtolip.npz,-8.822914123535156,-8.822914123535156,4.540775299072266,1
FakeVideo-RealAudio/African/women/id02824/00130_id00568_wavtolip.npz,-5.016055107116699,-5.016055107116699,4.783313274383545,1
FakeVideo-RealAudio/African/women/id02824/00130_id00592_wavtolip.npz,-9.812152862548828,-9.812152862548828,4.78016471862793,1
FakeVideo-RealAudio/African/women/id02824/00130_id00707_wavtolip.npz,-7.263438701629639,-7.263438701629639,4.6432013511657715,1
FakeVideo-RealAudio/African/women/id02824/00130_id00832_Jr4-dXRChME.npz,-9.65054702758789,-9.65054702758789,4.855471611022949,1
FakeVideo-RealAudio/African/women/id02824/00130_id01661_SdP_Monh-_4.npz,-9.645519256591797,-9.645519256591797,4.850110054016113,1
FakeVideo-RealAudio/African/women/id02824/00130_id01661_wavtolip.npz,-1.0134648084640503,-1.0134648084640503,4.604497909545898,1
FakeVideo-RealAudio/African/women/id02824/00130_id02617_wavtolip.npz,-9.302359580993652,-9.302359580993652,4.802945613861084,1
FakeVideo-RealAudio/African/women/id02824/00130_id02948_wavtolip.npz,-9.980371475219727,-9.980371475219727,4.536531448364258,1
FakeVideo-RealAudio/African/women/id02824/00130_id03656_draVIyyqLtk.npz,-9.617512702941895,-9.617512702941895,4.848613739013672,1
FakeVideo-RealAudio/African/women/id02824/00130_id03747_wQOOhZvnrq4.npz,-9.59941577911377,-9.59941577911377,4.845051288604736,1
FakeVideo-RealAudio/African/women/id02824/00130_id03747_wQOOhZvnrq4_faceswap.npz,-9.796866416931152,-9.796866416931152,4.8414130210876465,1
FakeVideo-RealAudio/African/women/id02824/00130_id04245_wavtolip.npz,-9.740493774414062,-9.740493774414062,4.815335750579834,1
FakeVideo-RealAudio/African/women/id02824/00130_id04540_wavtolip.npz,-5.385214328765869,-5.385214328765869,4.8591718673706055,1
FakeVideo-RealAudio/African/women/id02824/00130_id04705_ziJ9JsYr4R0.npz,-9.615345001220703,-9.615345001220703,4.846108436584473,1
FakeVideo-RealAudio/African/women/id02824/00130_id04736_wavtolip.npz,-9.740335464477539,-9.740335464477539,4.791363716125488,1
FakeVideo-RealAudio/African/women/id02824/00130_id05231_wfbM5puT6eQ.npz,-9.655145645141602,-9.655145645141602,4.865934371948242,1
FakeVideo-RealAudio/African/women/id02824/00130_id05251_wavtolip.npz,-9.182367324829102,-9.182367324829102,4.565420150756836,1
FakeVideo-RealAudio/African/women/id02824/00130_id05252_CMxIX3absYM.npz,-9.640254020690918,-9.640254020690918,4.857607841491699,1
RealVideo-FakeAudio/African/men/id01835/00130_fake.npz,5.633247375488281,5.633247375488281,5.347196102142334,1
RealVideo-FakeAudio/African/men/id02040/00476_fake.npz,3.528610944747925,3.528610944747925,4.658255577087402,1
RealVideo-FakeAudio/African/men/id01392/00167_fake.npz,6.041134834289551,6.041134834289551,5.298503875732422,1
RealVideo-FakeAudio/African/men/id01717/00005_fake.npz,6.010476589202881,6.010476589202881,4.7562575340271,1
RealVideo-FakeAudio/African/men/id01779/00010_fake.npz,5.8432841300964355,5.8432841300964355,5.004169940948486,1
RealVideo-FakeAudio/African/men/id01179/00160_fake.npz,5.959824562072754,5.959824562072754,4.809689044952393,1
RealVideo-FakeAudio/African/men/id01528/00017_fake.npz,6.018147945404053,6.018147945404053,5.061418533325195,1
RealVideo-FakeAudio/African/men/id00076/00109_fake.npz,5.673356056213379,5.673356056213379,5.562162399291992,1
RealVideo-FakeAudio/African/men/id02268/00036_fake.npz,6.208571910858154,6.208571910858154,5.2289862632751465,1
RealVideo-FakeAudio/African/men/id01170/00021_fake.npz,6.28260612487793,6.28260612487793,5.2469377517700195,1
RealVideo-FakeAudio/African/men/id01637/00002_fake.npz,5.8855743408203125,5.8855743408203125,4.983470916748047,1
RealVideo-FakeAudio/African/men/id02051/00015_fake.npz,3.9611659049987793,3.9611659049987793,4.696084976196289,1
RealVideo-FakeAudio/African/men/id00366/00118_fake.npz,5.953762054443359,5.953762054443359,5.396450996398926,1
RealVideo-FakeAudio/African/women/id00359/00053_fake.npz,5.482017993927002,5.482017993927002,4.631313323974609,1
RealVideo-FakeAudio/African/women/id01907/00148_fake.npz,4.2480082511901855,4.2480082511901855,4.722957611083984,1
RealVideo-FakeAudio/African/women/id01661/00059_fake.npz,5.702861309051514,5.702861309051514,4.673702239990234,1
RealVideo-FakeAudio/African/women/id03747/00273_fake.npz,6.12485408782959,6.12485408782959,5.7981343269348145,1
RealVideo-FakeAudio/African/women/id03713/00249_fake.npz,5.651923656463623,5.651923656463623,4.667753219604492,1
RealVideo-FakeAudio/African/women/id02721/00424_fake.npz,6.016469478607178,6.016469478607178,4.838066101074219,1
RealVideo-FakeAudio/African/women/id04547/00052_fake.npz,6.141138553619385,6.141138553619385,4.8822922706604,1
RealVideo-FakeAudio/African/women/id00220/00027_fake.npz,5.877144813537598,5.877144813537598,4.6681928634643555,1
RealVideo-FakeAudio/African/women/id04820/00015_fake.npz,5.409866809844971,5.409866809844971,4.682708740234375,1
RealVideo-FakeAudio/African/women/id04736/00083_fake.npz,5.728910446166992,5.728910446166992,5.064209938049316,1
RealVideo-FakeAudio/African/women/id04376/00181_fake.npz,5.994119644165039,5.994119644165039,4.837758541107178,1
RealVideo-FakeAudio/African/women/id04374/00032_fake.npz,5.688167095184326,5.688167095184326,5.1007232666015625,1
RealVideo-FakeAudio/African/women/id02824/00130_fake.npz,5.9164838790893555,5.9164838790893555,4.833552360534668,1
RealVideo-RealAudio/African/men/id01835/00130.npz,-9.387374877929688,-9.387374877929688,5.325595378875732,0
RealVideo-RealAudio/African/men/id02040/00476.npz,-9.897283554077148,-9.897283554077148,4.636643409729004,0
RealVideo-RealAudio/African/men/id01392/00167.npz,-9.345754623413086,-9.345754623413086,5.318227291107178,0
RealVideo-RealAudio/African/men/id01717/00005.npz,-9.930036544799805,-9.930036544799805,4.704034328460693,0
RealVideo-RealAudio/African/men/id01779/00010.npz,-4.719629764556885,-4.719629764556885,5.006836891174316,0
RealVideo-RealAudio/African/men/id01179/00160.npz,-9.645992279052734,-9.645992279052734,4.796906471252441,0
RealVideo-RealAudio/African/men/id01528/00017.npz,-9.590434074401855,-9.590434074401855,5.063171863555908,0
RealVideo-RealAudio/African/men/id00076/00109.npz,-9.174474716186523,-9.174474716186523,5.530420780181885,0
RealVideo-RealAudio/African/men/id02268/00036.npz,-9.484554290771484,-9.484554290771484,5.192264556884766,0
RealVideo-RealAudio/African/men/id01170/00021.npz,-9.474523544311523,-9.474523544311523,5.223412990570068,0
RealVideo-RealAudio/African/men/id01637/00002.npz,-9.711965560913086,-9.711965560913086,4.976296424865723,0
RealVideo-RealAudio/African/men/id02051/00015.npz,-9.885259628295898,-9.885259628295898,4.6675496101379395,0
RealVideo-RealAudio/African/men/id00366/00118.npz,-9.23108196258545,-9.23108196258545,5.385982513427734,0
RealVideo-RealAudio/African/women/id00359/00053.npz,-10.103782653808594,-10.103782653808594,4.521815776824951,0
RealVideo-RealAudio/African/women/id01907/00148.npz,-9.851147651672363,-9.851147651672363,4.726741313934326,0
RealVideo-RealAudio/African/women/id01661/00059.npz,-5.976088523864746,-5.976088523864746,4.647812366485596,0
RealVideo-RealAudio/African/women/id03747/00273.npz,-8.903892517089844,-8.903892517089844,5.799871921539307,0
RealVideo-RealAudio/African/women/id03713/00249.npz,-9.962446212768555,-9.962446212768555,4.659317493438721,0
RealVideo-RealAudio/African/women/id02721/00424.npz,-7.314673900604248,-7.314673900604248,4.839118003845215,0
RealVideo-RealAudio/African/women/id04547/00052.npz,-9.8101806640625,-9.8101806640625,4.814810752868652,0
RealVideo-RealAudio/African/women/id00220/00027.npz,-9.710284233093262,-9.710284233093262,4.607624530792236,0
RealVideo-RealAudio/African/women/id04820/00015.npz,-9.834823608398438,-9.834823608398438,4.70695161819458,0
RealVideo-RealAudio/African/women/id04736/00083.npz,-9.376321792602539,-9.376321792602539,5.0507636070251465,0
RealVideo-RealAudio/African/women/id04376/00181.npz,-9.84858512878418,-9.84858512878418,4.813543796539307,0
RealVideo-RealAudio/African/women/id04374/00032.npz,-9.682464599609375,-9.682464599609375,4.994926452636719,0
RealVideo-RealAudio/African/women/id02824/00130.npz,-9.817939758300781,-9.817939758300781,4.834505558013916,0
